timestamp,station_id,temp,humid,condition
2026-02-13 20:56:31.102085,London-ce41,-19,99,Normal
2026-02-13 20:56:32.102085,London-ce41,49,60,Normal
2026-02-13 20:56:33.102085,London-ce41,26,83,Normal
2026-02-13 20:56:34.102085,London-ce41,40,71,Normal
2026-02-13 20:56:35.102085,London-ce41,44,50,Normal
2026-02-13 20:56:36.102085,London-ce41,37,78,Normal
2026-02-13 20:56:37.102085,London-ce41,-2,38,Normal
2026-02-13 20:56:38.102085,London-ce41,42,7,Normal
2026-02-13 20:56:39.102085,London-ce41,38,39,Normal
2026-02-13 20:56:40.102085,London-ce41,-29,78,Normal
2026-02-13 20:56:41.102085,London-ce41,3,94,Normal
2026-02-13 20:56:42.102085,London-ce41,16,26,Normal
2026-02-13 20:56:43.102085,London-ce41,13,58,Normal
2026-02-13 20:56:44.102085,London-ce41,19,21,Normal
2026-02-13 20:56:45.102085,London-ce41,-3,3,Normal
2026-02-13 20:56:46.102085,London-ce41,31,99,Normal
2026-02-13 20:56:47.102085,London-ce41,44,39,Normal
2026-02-13 20:56:48.102085,London-ce41,16,22,Normal
2026-02-13 20:56:49.102085,London-ce41,44,100,Normal
2026-02-13 20:56:50.102085,London-ce41,-9,94,Normal
2026-02-13 20:56:51.102085,London-ce41,0,46,Normal
2026-02-13 20:56:52.102085,London-ce41,28,21,Normal
2026-02-13 20:56:53.102085,London-ce41,10,71,Normal
2026-02-13 20:56:54.102085,London-ce41,29,40,Normal
2026-02-13 20:56:55.102085,London-ce41,-22,68,Normal
2026-02-13 20:56:56.102085,London-ce41,-27,56,Normal
2026-02-13 20:56:57.102085,London-ce41,-28,87,Normal
2026-02-13 20:56:58.102085,London-ce41,29,91,Normal
2026-02-13 20:56:59.102085,London-ce41,19,98,Normal
2026-02-13 20:57:00.102085,London-ce41,4,0,Normal
2026-02-13 20:57:01.102085,London-ce41,14,29,Normal
2026-02-13 20:57:02.102085,London-ce41,29,60,Normal
2026-02-13 20:57:03.102085,London-ce41,-21,46,Normal
2026-02-13 20:57:04.102085,London-ce41,29,0,Normal
2026-02-13 20:57:05.102085,London-ce41,19,78,Normal
2026-02-13 20:57:06.102085,London-ce41,35,78,Normal
2026-02-13 20:57:07.102085,London-ce41,3,54,Normal
2026-02-13 20:57:08.102085,London-ce41,19,60,Normal
2026-02-13 20:57:09.102085,London-ce41,3,45,Normal
2026-02-13 20:57:10.102085,London-ce41,9,74,Normal
2026-02-13 20:57:11.102085,London-ce41,-12,66,Normal
2026-02-13 20:57:12.102085,London-ce41,-1,25,Normal
2026-02-13 20:57:13.102085,London-ce41,34,68,Normal
2026-02-13 20:57:14.102085,London-ce41,1,22,Normal
2026-02-13 20:57:15.102085,London-ce41,37,79,Normal
2026-02-13 20:57:16.102085,London-ce41,47,69,Normal
2026-02-13 20:57:17.102085,London-ce41,-9,39,Normal
2026-02-13 20:57:18.102085,London-ce41,10,31,Normal
2026-02-13 20:57:19.102085,London-ce41,-2,49,Normal
2026-02-13 20:57:20.102085,London-ce41,-24,79,Normal
2026-02-13 20:57:21.102085,London-ce41,2,25,Normal
2026-02-13 20:57:22.102085,London-ce41,4,18,Normal
2026-02-13 20:57:23.102085,London-ce41,-9,57,Normal
2026-02-13 20:57:24.102085,London-ce41,44,96,Normal
2026-02-13 20:57:25.102085,London-ce41,4,59,Normal
2026-02-13 20:57:26.102085,London-ce41,32,43,Normal
2026-02-13 20:57:27.102085,London-ce41,28,5,Normal
2026-02-13 20:57:28.102085,London-ce41,41,86,Normal
2026-02-13 20:57:29.102085,London-ce41,-29,97,Normal
2026-02-13 20:57:30.102085,London-ce41,-15,100,Normal
2026-02-13 20:57:31.102085,London-ce41,19,58,Normal
2026-02-13 20:57:32.102085,London-ce41,-10,2,Normal
2026-02-13 20:57:33.102085,London-ce41,-5,75,Normal
2026-02-13 20:57:34.102085,London-ce41,-11,90,Normal
2026-02-13 20:57:35.102085,London-ce41,31,78,Normal
2026-02-13 20:57:36.102085,London-ce41,-17,1,Normal
2026-02-13 20:57:37.102085,London-ce41,48,18,Normal
2026-02-13 20:57:38.102085,London-ce41,35,94,Normal
2026-02-13 20:57:39.102085,London-ce41,24,91,Normal
2026-02-13 20:57:40.102085,London-ce41,28,32,Normal
2026-02-13 20:57:41.102085,London-ce41,49,42,Normal
2026-02-13 20:57:42.102085,London-ce41,11,59,Normal
2026-02-13 20:57:43.102085,London-ce41,35,47,Normal
2026-02-13 20:57:44.102085,London-ce41,18,49,Normal
2026-02-13 20:57:45.102085,London-ce41,35,11,Normal
2026-02-13 20:57:46.102085,London-ce41,-21,62,Normal
2026-02-13 20:57:47.102085,London-ce41,38,97,Normal
2026-02-13 20:57:48.102085,London-ce41,2,76,Normal
2026-02-13 20:57:49.102085,London-ce41,20,13,Normal
2026-02-13 20:57:50.102085,London-ce41,6,13,Normal
2026-02-13 20:57:51.102085,London-ce41,-29,72,Normal
2026-02-13 20:57:52.102085,London-ce41,34,0,Normal
2026-02-13 20:57:53.102085,London-ce41,50,48,Normal
2026-02-13 20:57:54.102085,London-ce41,9,8,Normal
2026-02-13 20:57:55.102085,London-ce41,2,64,Normal
2026-02-13 20:57:56.102085,London-ce41,6,79,Normal
2026-02-13 20:57:57.102085,London-ce41,34,42,Normal
2026-02-13 20:57:58.102085,London-ce41,-10,97,Normal
2026-02-13 20:57:59.102085,London-ce41,-25,62,Normal
2026-02-13 20:58:00.102085,London-ce41,31,71,Normal
2026-02-13 20:58:01.102085,London-ce41,-19,33,Normal
2026-02-13 20:58:02.102085,London-ce41,-9,9,Normal
2026-02-13 20:58:03.102085,London-ce41,5,71,Normal
2026-02-13 20:58:04.102085,London-ce41,37,98,Normal
2026-02-13 20:58:05.102085,London-ce41,25,39,Normal
2026-02-13 20:58:06.102085,London-ce41,-21,44,Normal
2026-02-13 20:58:07.102085,London-ce41,45,49,Normal
2026-02-13 20:58:08.102085,London-ce41,23,30,Normal
2026-02-13 20:58:09.102085,London-ce41,32,16,Normal
2026-02-13 20:58:10.102085,London-ce41,46,41,Normal
2026-02-13 20:58:11.102085,London-ce41,41,64,Normal
2026-02-13 20:58:12.102085,London-ce41,-11,9,Normal
2026-02-13 20:58:13.102085,London-ce41,0,71,Normal
2026-02-13 20:58:14.102085,London-ce41,33,58,Normal
2026-02-13 20:58:15.102085,London-ce41,8,9,Normal
2026-02-13 20:58:16.102085,London-ce41,26,24,Normal
2026-02-13 20:58:17.102085,London-ce41,-8,22,Normal
2026-02-13 20:58:18.102085,London-ce41,-27,59,Normal
2026-02-13 20:58:19.102085,London-ce41,3,59,Normal
2026-02-13 20:58:20.102085,London-ce41,19,53,Normal
2026-02-13 20:58:21.102085,London-ce41,34,7,Normal
2026-02-13 20:58:22.102085,London-ce41,-26,27,Normal
2026-02-13 20:58:23.102085,London-ce41,11,5,Normal
2026-02-13 20:58:24.102085,London-ce41,2,98,Normal
2026-02-13 20:58:25.102085,London-ce41,-13,28,Normal
2026-02-13 20:58:26.102085,London-ce41,19,92,Normal
2026-02-13 20:58:27.102085,London-ce41,39,39,Normal
2026-02-13 20:58:28.102085,London-ce41,24,0,Normal
2026-02-13 20:58:29.102085,London-ce41,7,2,Normal
2026-02-13 20:58:30.102085,London-ce41,-12,50,Normal
2026-02-13 20:58:31.102085,London-ce41,-16,46,Normal
2026-02-13 20:58:32.102085,London-ce41,17,23,Normal
2026-02-13 20:58:33.102085,London-ce41,37,35,Normal
2026-02-13 20:58:34.102085,London-ce41,47,34,Normal
2026-02-13 20:58:35.102085,London-ce41,6,28,Normal
2026-02-13 20:58:36.102085,London-ce41,7,22,Normal
2026-02-13 20:58:37.102085,London-ce41,-15,98,Normal
2026-02-13 20:58:38.102085,London-ce41,39,69,Normal
2026-02-13 20:58:39.102085,London-ce41,-19,25,Normal
2026-02-13 20:58:40.102085,London-ce41,-18,14,Normal
2026-02-13 20:58:41.102085,London-ce41,49,60,Normal
2026-02-13 20:58:42.102085,London-ce41,-14,35,Normal
2026-02-13 20:58:43.102085,London-ce41,-4,65,Normal
2026-02-13 20:58:44.102085,London-ce41,1,83,Normal
2026-02-13 20:58:45.102085,London-ce41,26,42,Normal
2026-02-13 20:58:46.102085,London-ce41,-4,94,Normal
2026-02-13 20:58:47.102085,London-ce41,5,65,Normal
2026-02-13 20:58:48.102085,London-ce41,1,30,Normal
2026-02-13 20:58:49.102085,London-ce41,3,68,Normal
2026-02-13 20:58:50.102085,London-ce41,-22,72,Normal
2026-02-13 20:58:51.102085,London-ce41,-22,42,Normal
2026-02-13 20:58:52.102085,London-ce41,-18,85,Normal
2026-02-13 20:58:53.102085,London-ce41,48,97,Normal
2026-02-13 20:58:54.102085,London-ce41,11,77,Normal
2026-02-13 20:58:55.102085,London-ce41,12,69,Normal
2026-02-13 20:58:56.102085,London-ce41,-14,61,Normal
2026-02-13 20:58:57.102085,London-ce41,6,40,Normal
2026-02-13 20:58:58.102085,London-ce41,-7,78,Normal
2026-02-13 20:58:59.102085,London-ce41,4,36,Normal
2026-02-13 20:59:00.102085,London-ce41,-23,14,Normal
2026-02-13 20:59:01.102085,London-ce41,17,82,Normal
2026-02-13 20:59:02.102085,London-ce41,-25,80,Normal
2026-02-13 20:59:03.102085,London-ce41,-15,3,Normal
2026-02-13 20:59:04.102085,London-ce41,2,74,Normal
2026-02-13 20:59:05.102085,London-ce41,13,42,Normal
2026-02-13 20:59:06.102085,London-ce41,25,4,Normal
2026-02-13 20:59:07.102085,London-ce41,-19,28,Normal
2026-02-13 20:59:08.102085,London-ce41,42,57,Normal
2026-02-13 20:59:09.102085,London-ce41,-8,57,Normal
2026-02-13 20:59:10.102085,London-ce41,26,8,Normal
2026-02-13 20:59:11.102085,London-ce41,-7,32,Normal
2026-02-13 20:59:12.102085,London-ce41,3,58,Normal
2026-02-13 20:59:13.102085,London-ce41,47,2,Normal
2026-02-13 20:59:14.102085,London-ce41,9,16,Normal
2026-02-13 20:59:15.102085,London-ce41,-1,62,Normal
2026-02-13 20:59:16.102085,London-ce41,-20,3,Normal
2026-02-13 20:59:17.102085,London-ce41,31,50,Normal
2026-02-13 20:59:18.102085,London-ce41,-15,13,Normal
2026-02-13 20:59:19.102085,London-ce41,-18,21,Normal
2026-02-13 20:59:20.102085,London-ce41,37,73,Normal
2026-02-13 20:59:21.102085,London-ce41,12,6,Normal
2026-02-13 20:59:22.102085,London-ce41,5,27,Normal
2026-02-13 20:59:23.102085,London-ce41,17,37,Normal
2026-02-13 20:59:24.102085,London-ce41,-15,56,Normal
2026-02-13 20:59:25.102085,London-ce41,31,71,Normal
2026-02-13 20:59:26.102085,London-ce41,38,11,Normal
2026-02-13 20:59:27.102085,London-ce41,41,99,Normal
2026-02-13 20:59:28.102085,London-ce41,18,98,Normal
2026-02-13 20:59:29.102085,London-ce41,4,81,Normal
2026-02-13 20:59:30.102085,London-ce41,-14,98,Normal
2026-02-13 20:59:31.102085,London-ce41,29,62,Normal
2026-02-13 20:59:32.102085,London-ce41,24,36,Normal
2026-02-13 20:59:33.102085,London-ce41,-19,12,Normal
2026-02-13 20:59:34.102085,London-ce41,-4,9,Normal
2026-02-13 20:59:35.102085,London-ce41,-12,16,Normal
2026-02-13 20:59:36.102085,London-ce41,49,59,Normal
2026-02-13 20:59:37.102085,London-ce41,20,35,Normal
2026-02-13 20:59:38.102085,London-ce41,-21,63,Normal
2026-02-13 20:59:39.102085,London-ce41,-10,99,Normal
2026-02-13 20:59:40.102085,London-ce41,-24,0,Normal
2026-02-13 20:59:41.102085,London-ce41,15,45,Normal
2026-02-13 20:59:42.102085,London-ce41,41,55,Normal
2026-02-13 20:59:43.102085,London-ce41,5,11,Normal
2026-02-13 20:59:44.102085,London-ce41,-9,81,Normal
2026-02-13 20:59:45.102085,London-ce41,-27,81,Normal
2026-02-13 20:59:46.102085,London-ce41,29,4,Normal
2026-02-13 20:59:47.102085,London-ce41,28,34,Normal
2026-02-13 20:59:48.102085,London-ce41,-8,68,Normal
2026-02-13 20:59:49.102085,London-ce41,42,4,Normal
2026-02-13 20:59:50.102085,London-ce41,-11,81,Normal
2026-02-13 20:59:51.102085,London-ce41,8,93,Normal
2026-02-13 20:59:52.102085,London-ce41,33,14,Normal
2026-02-13 20:59:53.102085,London-ce41,45,71,Normal
2026-02-13 20:59:54.102085,London-ce41,-5,17,Normal
2026-02-13 20:59:55.102085,London-ce41,-11,95,Normal
2026-02-13 20:59:56.102085,London-ce41,-3,63,Normal
2026-02-13 20:59:57.102085,London-ce41,-23,31,Normal
2026-02-13 20:59:58.102085,London-ce41,-19,63,Normal
2026-02-13 20:59:59.102085,London-ce41,-21,39,Normal
2026-02-13 21:00:00.102085,London-ce41,18,75,Normal
2026-02-13 21:00:01.102085,London-ce41,-26,49,Normal
2026-02-13 21:00:02.102085,London-ce41,-22,59,Normal
2026-02-13 21:00:03.102085,London-ce41,19,76,Normal
2026-02-13 21:00:04.102085,London-ce41,8,43,Normal
2026-02-13 21:00:05.102085,London-ce41,15,80,Normal
2026-02-13 21:00:06.102085,London-ce41,23,26,Normal
2026-02-13 21:00:07.102085,London-ce41,31,92,Normal
2026-02-13 21:00:08.102085,London-ce41,12,22,Normal
2026-02-13 21:00:09.102085,London-ce41,-22,82,Normal
2026-02-13 21:00:10.102085,London-ce41,0,42,Normal
2026-02-13 21:00:11.102085,London-ce41,33,100,Normal
2026-02-13 21:00:12.102085,London-ce41,24,21,Normal
2026-02-13 21:00:13.102085,London-ce41,15,63,Normal
2026-02-13 21:00:14.102085,London-ce41,27,52,Normal
2026-02-13 21:00:15.102085,London-ce41,19,81,Normal
2026-02-13 21:00:16.102085,London-ce41,-4,23,Normal
2026-02-13 21:00:17.102085,London-ce41,37,87,Normal
2026-02-13 21:00:18.102085,London-ce41,25,98,Normal
2026-02-13 21:00:19.102085,London-ce41,27,31,Normal
2026-02-13 21:00:20.102085,London-ce41,-6,21,Normal
2026-02-13 21:00:21.102085,London-ce41,49,85,Normal
2026-02-13 21:00:22.102085,London-ce41,-22,9,Normal
2026-02-13 21:00:23.102085,London-ce41,-17,98,Normal
2026-02-13 21:00:24.102085,London-ce41,1,41,Normal
2026-02-13 21:00:25.102085,London-ce41,-7,62,Normal
2026-02-13 21:00:26.102085,London-ce41,0,17,Normal
2026-02-13 21:00:27.102085,London-ce41,0,48,Normal
2026-02-13 21:00:28.102085,London-ce41,39,13,Normal
2026-02-13 21:00:29.102085,London-ce41,-19,36,Normal
2026-02-13 21:00:30.102085,London-ce41,-12,72,Normal
2026-02-13 21:00:31.102085,London-ce41,29,49,Normal
2026-02-13 21:00:32.102085,London-ce41,0,61,Normal
2026-02-13 21:00:33.102085,London-ce41,43,53,Normal
2026-02-13 21:00:34.102085,London-ce41,2,53,Normal
2026-02-13 21:00:35.102085,London-ce41,17,88,Normal
2026-02-13 21:00:36.102085,London-ce41,26,17,Normal
2026-02-13 21:00:37.102085,London-ce41,0,13,Normal
2026-02-13 21:00:38.102085,London-ce41,37,16,Normal
2026-02-13 21:00:39.102085,London-ce41,31,83,Normal
2026-02-13 21:00:40.102085,London-ce41,-3,1,Normal
2026-02-13 21:00:41.102085,London-ce41,11,89,Normal
2026-02-13 21:00:42.102085,London-ce41,1,0,Normal
2026-02-13 21:00:43.102085,London-ce41,21,93,Normal
2026-02-13 21:00:44.102085,London-ce41,-10,25,Normal
2026-02-13 21:00:45.102085,London-ce41,-3,16,Normal
2026-02-13 21:00:46.102085,London-ce41,32,27,Normal
2026-02-13 21:00:47.102085,London-ce41,-7,97,Normal
2026-02-13 21:00:48.102085,London-ce41,-26,32,Normal
2026-02-13 21:00:49.102085,London-ce41,33,47,Normal
2026-02-13 21:00:50.102085,London-ce41,18,75,Normal
2026-02-13 21:00:51.102085,London-ce41,-30,89,Normal
2026-02-13 21:00:52.102085,London-ce41,-11,17,Normal
2026-02-13 21:00:53.102085,London-ce41,2,91,Normal
2026-02-13 21:00:54.102085,London-ce41,18,56,Normal
2026-02-13 21:00:55.102085,London-ce41,-3,74,Normal
2026-02-13 21:00:56.102085,London-ce41,20,91,Normal
2026-02-13 21:00:57.102085,London-ce41,-21,52,Normal
2026-02-13 21:00:58.102085,London-ce41,18,30,Normal
2026-02-13 21:00:59.102085,London-ce41,45,52,Normal
2026-02-13 21:01:00.102085,London-ce41,38,26,Normal
2026-02-13 21:01:01.102085,London-ce41,-18,47,Normal
2026-02-13 21:01:02.102085,London-ce41,25,86,Normal
2026-02-13 21:01:03.102085,London-ce41,28,18,Normal
2026-02-13 21:01:04.102085,London-ce41,41,53,Normal
2026-02-13 21:01:05.102085,London-ce41,-12,28,Normal
2026-02-13 21:01:06.102085,London-ce41,-30,35,Normal
2026-02-13 21:01:07.102085,London-ce41,31,85,Normal
2026-02-13 21:01:08.102085,London-ce41,13,62,Normal
2026-02-13 21:01:09.102085,London-ce41,26,40,Normal
2026-02-13 21:01:10.102085,London-ce41,49,94,Normal
2026-02-13 21:01:11.102085,London-ce41,-16,22,Normal
2026-02-13 21:01:12.102085,London-ce41,16,19,Normal
2026-02-13 21:01:13.102085,London-ce41,2,71,Normal
2026-02-13 21:01:14.102085,London-ce41,-8,39,Normal
2026-02-13 21:01:15.102085,London-ce41,-15,39,Normal
2026-02-13 21:01:16.102085,London-ce41,8,83,Normal
2026-02-13 21:01:17.102085,London-ce41,22,13,Normal
2026-02-13 21:01:18.102085,London-ce41,21,46,Normal
2026-02-13 21:01:19.102085,London-ce41,32,73,Normal
2026-02-13 21:01:20.102085,London-ce41,40,43,Normal
2026-02-13 21:01:21.102085,London-ce41,17,55,Normal
2026-02-13 21:01:22.102085,London-ce41,40,49,Normal
2026-02-13 21:01:23.102085,London-ce41,-10,53,Normal
2026-02-13 21:01:24.102085,London-ce41,-28,1,Normal
2026-02-13 21:01:25.102085,London-ce41,-18,62,Normal
2026-02-13 21:01:26.102085,London-ce41,15,38,Normal
2026-02-13 21:01:27.102085,London-ce41,42,18,Normal
2026-02-13 21:01:28.102085,London-ce41,22,62,Normal
2026-02-13 21:01:29.102085,London-ce41,30,25,Normal
2026-02-13 21:01:30.102085,London-ce41,-3,72,Normal
2026-02-13 21:01:31.102085,London-ce41,16,48,Normal
2026-02-13 21:01:32.102085,London-ce41,34,59,Normal
2026-02-13 21:01:33.102085,London-ce41,41,71,Normal
2026-02-13 21:01:34.102085,London-ce41,-9,50,Normal
2026-02-13 21:01:35.102085,London-ce41,-20,45,Normal
2026-02-13 21:01:36.102085,London-ce41,44,47,Normal
2026-02-13 21:01:37.102085,London-ce41,-23,13,Normal
2026-02-13 21:01:38.102085,London-ce41,16,32,Normal
2026-02-13 21:01:39.102085,London-ce41,25,34,Normal
2026-02-13 21:01:40.102085,London-ce41,-11,42,Normal
2026-02-13 21:01:41.102085,London-ce41,-7,57,Normal
2026-02-13 21:01:42.102085,London-ce41,31,79,Normal
2026-02-13 21:01:43.102085,London-ce41,24,72,Normal
2026-02-13 21:01:44.102085,London-ce41,40,73,Normal
2026-02-13 21:01:45.102085,London-ce41,-17,36,Normal
2026-02-13 21:01:46.102085,London-ce41,41,99,Normal
2026-02-13 21:01:47.102085,London-ce41,-17,82,Normal
2026-02-13 21:01:48.102085,London-ce41,13,60,Normal
2026-02-13 21:01:49.102085,London-ce41,36,10,Normal
2026-02-13 21:01:50.102085,London-ce41,21,76,Normal
2026-02-13 21:01:51.102085,London-ce41,38,49,Normal
2026-02-13 21:01:52.102085,London-ce41,-10,17,Normal
2026-02-13 21:01:53.102085,London-ce41,-15,91,Normal
2026-02-13 21:01:54.102085,London-ce41,-24,93,Normal
2026-02-13 21:01:55.102085,London-ce41,15,59,Normal
2026-02-13 21:01:56.102085,London-ce41,11,32,Normal
2026-02-13 21:01:57.102085,London-ce41,36,55,Normal
2026-02-13 21:01:58.102085,London-ce41,43,14,Normal
2026-02-13 21:01:59.102085,London-ce41,-17,22,Normal
2026-02-13 21:02:00.102085,London-ce41,16,75,Normal
2026-02-13 21:02:01.102085,London-ce41,28,11,Normal
2026-02-13 21:02:02.102085,London-ce41,-4,4,Normal
2026-02-13 21:02:03.102085,London-ce41,-7,48,Normal
2026-02-13 21:02:04.102085,London-ce41,-28,43,Normal
2026-02-13 21:02:05.102085,London-ce41,13,93,Normal
2026-02-13 21:02:06.102085,London-ce41,46,69,Normal
2026-02-13 21:02:07.102085,London-ce41,-29,26,Normal
2026-02-13 21:02:08.102085,London-ce41,48,21,Normal
2026-02-13 21:02:09.102085,London-ce41,-10,23,Normal
2026-02-13 21:02:10.102085,London-ce41,46,5,Normal
2026-02-13 21:02:11.102085,London-ce41,-20,57,Normal
2026-02-13 21:02:12.102085,London-ce41,4,75,Normal
2026-02-13 21:02:13.102085,London-ce41,42,79,Normal
2026-02-13 21:02:14.102085,London-ce41,-11,31,Normal
2026-02-13 21:02:15.102085,London-ce41,14,27,Normal
2026-02-13 21:02:16.102085,London-ce41,-25,70,Normal
2026-02-13 21:02:17.102085,London-ce41,1,4,Normal
2026-02-13 21:02:18.102085,London-ce41,2,91,Normal
2026-02-13 21:02:19.102085,London-ce41,7,6,Normal
2026-02-13 21:02:20.102085,London-ce41,8,91,Normal
2026-02-13 21:02:21.102085,London-ce41,48,20,Normal
2026-02-13 21:02:22.102085,London-ce41,-21,33,Normal
2026-02-13 21:02:23.102085,London-ce41,37,11,Normal
2026-02-13 21:02:24.102085,London-ce41,24,90,Normal
2026-02-13 21:02:25.102085,London-ce41,6,47,Normal
2026-02-13 21:02:26.102085,London-ce41,2,17,Normal
2026-02-13 21:02:27.102085,London-ce41,-26,17,Normal
2026-02-13 21:02:28.102085,London-ce41,-2,92,Normal
2026-02-13 21:02:29.102085,London-ce41,24,75,Normal
2026-02-13 21:02:30.102085,London-ce41,13,85,Normal
2026-02-13 21:02:31.102085,London-ce41,-19,74,Normal
2026-02-13 21:02:32.102085,London-ce41,-13,97,Normal
2026-02-13 21:02:33.102085,London-ce41,31,10,Normal
2026-02-13 21:02:34.102085,London-ce41,40,74,Normal
2026-02-13 21:02:35.102085,London-ce41,-11,97,Normal
2026-02-13 21:02:36.102085,London-ce41,-14,5,Normal
2026-02-13 21:02:37.102085,London-ce41,21,82,Normal
2026-02-13 21:02:38.102085,London-ce41,17,81,Normal
2026-02-13 21:02:39.102085,London-ce41,45,22,Normal
2026-02-13 21:02:40.102085,London-ce41,1,14,Normal
2026-02-13 21:02:41.102085,London-ce41,47,61,Normal
2026-02-13 21:02:42.102085,London-ce41,18,22,Normal
2026-02-13 21:02:43.102085,London-ce41,45,52,Normal
2026-02-13 21:02:44.102085,London-ce41,-3,21,Normal
2026-02-13 21:02:45.102085,London-ce41,9,72,Normal
2026-02-13 21:02:46.102085,London-ce41,1,6,Normal
2026-02-13 21:02:47.102085,London-ce41,2,73,Normal
2026-02-13 21:02:48.102085,London-ce41,32,46,Normal
2026-02-13 21:02:49.102085,London-ce41,1,82,Normal
2026-02-13 21:02:50.102085,London-ce41,46,59,Normal
2026-02-13 21:02:51.102085,London-ce41,-15,43,Normal
2026-02-13 21:02:52.102085,London-ce41,-11,89,Normal
2026-02-13 21:02:53.102085,London-ce41,-3,45,Normal
2026-02-13 21:02:54.102085,London-ce41,-8,12,Normal
2026-02-13 21:02:55.102085,London-ce41,-28,58,Normal
2026-02-13 21:02:56.102085,London-ce41,25,80,Normal
2026-02-13 21:02:57.102085,London-ce41,48,7,Normal
2026-02-13 21:02:58.102085,London-ce41,-25,23,Normal
2026-02-13 21:02:59.102085,London-ce41,33,73,Normal
2026-02-13 21:03:00.102085,London-ce41,37,65,Normal
2026-02-13 21:03:01.102085,London-ce41,-26,14,Normal
2026-02-13 21:03:02.102085,London-ce41,16,45,Normal
2026-02-13 21:03:03.102085,London-ce41,44,4,Normal
2026-02-13 21:03:04.102085,London-ce41,5,12,Normal
2026-02-13 21:03:05.102085,London-ce41,1,53,Normal
2026-02-13 21:03:06.102085,London-ce41,-18,9,Normal
2026-02-13 21:03:07.102085,London-ce41,40,87,Normal
2026-02-13 21:03:08.102085,London-ce41,22,15,Normal
2026-02-13 21:03:09.102085,London-ce41,-14,41,Normal
2026-02-13 21:03:10.102085,London-ce41,19,77,Normal
2026-02-13 21:03:11.102085,London-ce41,-13,5,Normal
2026-02-13 21:03:12.102085,London-ce41,21,11,Normal
2026-02-13 21:03:13.102085,London-ce41,45,84,Normal
2026-02-13 21:03:14.102085,London-ce41,-26,71,Normal
2026-02-13 21:03:15.102085,London-ce41,49,30,Normal
2026-02-13 21:03:16.102085,London-ce41,47,6,Normal
2026-02-13 21:03:17.102085,London-ce41,29,45,Normal
2026-02-13 21:03:18.102085,London-ce41,43,47,Normal
2026-02-13 21:03:19.102085,London-ce41,-4,43,Normal
2026-02-13 21:03:20.102085,London-ce41,11,30,Normal
2026-02-13 21:03:21.102085,London-ce41,14,23,Normal
2026-02-13 21:03:22.102085,London-ce41,8,27,Normal
2026-02-13 21:03:23.102085,London-ce41,-6,26,Normal
2026-02-13 21:03:24.102085,London-ce41,-13,83,Normal
2026-02-13 21:03:25.102085,London-ce41,25,51,Normal
2026-02-13 21:03:26.102085,London-ce41,15,39,Normal
2026-02-13 21:03:27.102085,London-ce41,-8,25,Normal
2026-02-13 21:03:28.102085,London-ce41,26,92,Normal
2026-02-13 21:03:29.102085,London-ce41,-29,91,Normal
2026-02-13 21:03:30.102085,London-ce41,0,57,Normal
2026-02-13 21:03:31.102085,London-ce41,49,45,Normal
2026-02-13 21:03:32.102085,London-ce41,6,27,Normal
2026-02-13 21:03:33.102085,London-ce41,16,21,Normal
2026-02-13 21:03:34.102085,London-ce41,32,4,Normal
2026-02-13 21:03:35.102085,London-ce41,-8,71,Normal
2026-02-13 21:03:36.102085,London-ce41,-23,64,Normal
2026-02-13 21:03:37.102085,London-ce41,33,58,Normal
2026-02-13 21:03:38.102085,London-ce41,47,99,Normal
2026-02-13 21:03:39.102085,London-ce41,11,10,Normal
2026-02-13 21:03:40.102085,London-ce41,-30,99,Normal
2026-02-13 21:03:41.102085,London-ce41,36,90,Normal
2026-02-13 21:03:42.102085,London-ce41,36,54,Normal
2026-02-13 21:03:43.102085,London-ce41,28,38,Normal
2026-02-13 21:03:44.102085,London-ce41,-8,98,Normal
2026-02-13 21:03:45.102085,London-ce41,4,41,Normal
2026-02-13 21:03:46.102085,London-ce41,20,99,Normal
2026-02-13 21:03:47.102085,London-ce41,38,9,Normal
2026-02-13 21:03:48.102085,London-ce41,29,53,Normal
2026-02-13 21:03:49.102085,London-ce41,-28,52,Normal
2026-02-13 21:03:50.102085,London-ce41,-23,93,Normal
2026-02-13 21:03:51.102085,London-ce41,23,67,Normal
2026-02-13 21:03:52.102085,London-ce41,49,99,Normal
2026-02-13 21:03:53.102085,London-ce41,-14,57,Normal
2026-02-13 21:03:54.102085,London-ce41,50,48,Normal
2026-02-13 21:03:55.102085,London-ce41,-11,65,Normal
2026-02-13 21:03:56.102085,London-ce41,14,47,Normal
2026-02-13 21:03:57.102085,London-ce41,-8,65,Normal
2026-02-13 21:03:58.102085,London-ce41,41,33,Normal
2026-02-13 21:03:59.102085,London-ce41,13,36,Normal
2026-02-13 21:04:00.102085,London-ce41,2,72,Normal
2026-02-13 21:04:01.102085,London-ce41,-18,48,Normal
2026-02-13 21:04:02.102085,London-ce41,21,2,Normal
2026-02-13 21:04:03.102085,London-ce41,33,88,Normal
2026-02-13 21:04:04.102085,London-ce41,10,14,Normal
2026-02-13 21:04:05.102085,London-ce41,-26,30,Normal
2026-02-13 21:04:06.102085,London-ce41,25,76,Normal
2026-02-13 21:04:07.102085,London-ce41,-10,4,Normal
2026-02-13 21:04:08.102085,London-ce41,-20,55,Normal
2026-02-13 21:04:09.102085,London-ce41,37,46,Normal
2026-02-13 21:04:10.102085,London-ce41,16,64,Normal
2026-02-13 21:04:11.102085,London-ce41,49,47,Normal
2026-02-13 21:04:12.102085,London-ce41,-23,38,Normal
2026-02-13 21:04:13.102085,London-ce41,-20,100,Normal
2026-02-13 21:04:14.102085,London-ce41,-5,13,Normal
2026-02-13 21:04:15.102085,London-ce41,-16,24,Normal
2026-02-13 21:04:16.102085,London-ce41,-11,87,Normal
2026-02-13 21:04:17.102085,London-ce41,12,34,Normal
2026-02-13 21:04:18.102085,London-ce41,26,37,Normal
2026-02-13 21:04:19.102085,London-ce41,-13,24,Normal
2026-02-13 21:04:20.102085,London-ce41,1,97,Normal
2026-02-13 21:04:21.102085,London-ce41,5,38,Normal
2026-02-13 21:04:22.102085,London-ce41,-1,81,Normal
2026-02-13 21:04:23.102085,London-ce41,4,63,Normal
2026-02-13 21:04:24.102085,London-ce41,38,9,Normal
2026-02-13 21:04:25.102085,London-ce41,32,81,Normal
2026-02-13 21:04:26.102085,London-ce41,27,69,Normal
2026-02-13 21:04:27.102085,London-ce41,-5,64,Normal
2026-02-13 21:04:28.102085,London-ce41,42,11,Normal
2026-02-13 21:04:29.102085,London-ce41,45,18,Normal
2026-02-13 21:04:30.102085,London-ce41,-13,98,Normal
2026-02-13 21:04:31.102085,London-ce41,38,48,Normal
2026-02-13 21:04:32.102085,London-ce41,19,40,Normal
2026-02-13 21:04:33.102085,London-ce41,31,76,Normal
2026-02-13 21:04:34.102085,London-ce41,26,98,Normal
2026-02-13 21:04:35.102085,London-ce41,-13,54,Normal
2026-02-13 21:04:36.102085,London-ce41,-16,81,Normal
2026-02-13 21:04:37.102085,London-ce41,-11,56,Normal
2026-02-13 21:04:38.102085,London-ce41,8,63,Normal
2026-02-13 21:04:39.102085,London-ce41,21,58,Normal
2026-02-13 21:04:40.102085,London-ce41,41,78,Normal
2026-02-13 21:04:41.102085,London-ce41,16,6,Normal
2026-02-13 21:04:42.102085,London-ce41,31,32,Normal
2026-02-13 21:04:43.102085,London-ce41,-9,42,Normal
2026-02-13 21:04:44.102085,London-ce41,26,6,Normal
2026-02-13 21:04:45.102085,London-ce41,-23,13,Normal
2026-02-13 21:04:46.102085,London-ce41,0,48,Normal
2026-02-13 21:04:47.102085,London-ce41,-23,59,Normal
2026-02-13 21:04:48.102085,London-ce41,-8,0,Normal
2026-02-13 21:04:49.102085,London-ce41,-18,61,Normal
2026-02-13 21:04:50.102085,London-ce41,-17,100,Normal
2026-02-13 21:04:51.102085,London-ce41,31,54,Normal
2026-02-13 21:04:52.102085,London-ce41,-13,44,Normal
2026-02-13 21:04:53.102085,London-ce41,10,98,Normal
2026-02-13 21:04:54.102085,London-ce41,42,13,Normal
2026-02-13 21:04:55.102085,London-ce41,49,99,Normal
2026-02-13 21:04:56.102085,London-ce41,11,10,Normal
2026-02-13 21:04:57.102085,London-ce41,17,0,Normal
2026-02-13 21:04:58.102085,London-ce41,36,70,Normal
2026-02-13 21:04:59.102085,London-ce41,-4,8,Normal
2026-02-13 21:05:00.102085,London-ce41,34,27,Normal
2026-02-13 21:05:01.102085,London-ce41,-4,95,Normal
2026-02-13 21:05:02.102085,London-ce41,42,46,Normal
2026-02-13 21:05:03.102085,London-ce41,-22,37,Normal
2026-02-13 21:05:04.102085,London-ce41,30,86,Normal
2026-02-13 21:05:05.102085,London-ce41,0,31,Normal
2026-02-13 21:05:06.102085,London-ce41,-2,12,Normal
2026-02-13 21:05:07.102085,London-ce41,28,54,Normal
2026-02-13 21:05:08.102085,London-ce41,16,98,Normal
2026-02-13 21:05:09.102085,London-ce41,29,70,Normal
2026-02-13 21:05:10.102085,London-ce41,-3,88,Normal
2026-02-13 21:05:11.102085,London-ce41,45,43,Normal
2026-02-13 21:05:12.102085,London-ce41,23,63,Normal
2026-02-13 21:05:13.102085,London-ce41,34,0,Normal
2026-02-13 21:05:14.102085,London-ce41,5,36,Normal
2026-02-13 21:05:15.102085,London-ce41,47,98,Normal
2026-02-13 21:05:16.102085,London-ce41,-26,85,Normal
2026-02-13 21:05:17.102085,London-ce41,23,10,Normal
2026-02-13 21:05:18.102085,London-ce41,17,72,Normal
2026-02-13 21:05:19.102085,London-ce41,28,14,Normal
2026-02-13 21:05:20.102085,London-ce41,19,57,Normal
2026-02-13 21:05:21.102085,London-ce41,1,49,Normal
2026-02-13 21:05:22.102085,London-ce41,19,79,Normal
2026-02-13 21:05:23.102085,London-ce41,14,34,Normal
2026-02-13 21:05:24.102085,London-ce41,8,20,Normal
2026-02-13 21:05:25.102085,London-ce41,26,42,Normal
2026-02-13 21:05:26.102085,London-ce41,1,23,Normal
2026-02-13 21:05:27.102085,London-ce41,-23,5,Normal
2026-02-13 21:05:28.102085,London-ce41,12,64,Normal
2026-02-13 21:05:29.102085,London-ce41,-29,88,Normal
2026-02-13 21:05:30.102085,London-ce41,40,48,Normal
2026-02-13 21:05:31.102085,London-ce41,45,28,Normal
2026-02-13 21:05:32.102085,London-ce41,29,96,Normal
2026-02-13 21:05:33.102085,London-ce41,29,49,Normal
2026-02-13 21:05:34.102085,London-ce41,38,91,Normal
2026-02-13 21:05:35.102085,London-ce41,31,55,Normal
2026-02-13 21:05:36.102085,London-ce41,44,38,Normal
2026-02-13 21:05:37.102085,London-ce41,7,33,Normal
2026-02-13 21:05:38.102085,London-ce41,31,86,Normal
2026-02-13 21:05:39.102085,London-ce41,48,75,Normal
2026-02-13 21:05:40.102085,London-ce41,2,44,Normal
2026-02-13 21:05:41.102085,London-ce41,-7,24,Normal
2026-02-13 21:05:42.102085,London-ce41,4,97,Normal
2026-02-13 21:05:43.102085,London-ce41,42,88,Normal
2026-02-13 21:05:44.102085,London-ce41,40,40,Normal
2026-02-13 21:05:45.102085,London-ce41,-17,10,Normal
2026-02-13 21:05:46.102085,London-ce41,31,9,Normal
2026-02-13 21:05:47.102085,London-ce41,32,69,Normal
2026-02-13 21:05:48.102085,London-ce41,-10,1,Normal
2026-02-13 21:05:49.102085,London-ce41,34,74,Normal
2026-02-13 21:05:50.102085,London-ce41,1,77,Normal
2026-02-13 21:05:51.102085,London-ce41,12,79,Normal
2026-02-13 21:05:52.102085,London-ce41,25,90,Normal
2026-02-13 21:05:53.102085,London-ce41,50,5,Normal
2026-02-13 21:05:54.102085,London-ce41,26,17,Normal
2026-02-13 21:05:55.102085,London-ce41,-4,21,Normal
2026-02-13 21:05:56.102085,London-ce41,-7,99,Normal
2026-02-13 21:05:57.102085,London-ce41,6,20,Normal
2026-02-13 21:05:58.102085,London-ce41,32,68,Normal
2026-02-13 21:05:59.102085,London-ce41,28,80,Normal
2026-02-13 21:06:00.102085,London-ce41,-1,44,Normal
2026-02-13 21:06:01.102085,London-ce41,-4,47,Normal
2026-02-13 21:06:02.102085,London-ce41,-8,74,Normal
2026-02-13 21:06:03.102085,London-ce41,-26,69,Normal
2026-02-13 21:06:04.102085,London-ce41,-9,42,Normal
2026-02-13 21:06:05.102085,London-ce41,-23,12,Normal
2026-02-13 21:06:06.102085,London-ce41,0,87,Normal
2026-02-13 21:06:07.102085,London-ce41,19,49,Normal
2026-02-13 21:06:08.102085,London-ce41,23,63,Normal
2026-02-13 21:06:09.102085,London-ce41,-19,54,Normal
2026-02-13 21:06:10.102085,London-ce41,16,16,Normal
2026-02-13 21:06:11.102085,London-ce41,46,86,Normal
2026-02-13 21:06:12.102085,London-ce41,13,64,Normal
2026-02-13 21:06:13.102085,London-ce41,-29,5,Normal
2026-02-13 21:06:14.102085,London-ce41,31,33,Normal
2026-02-13 21:06:15.102085,London-ce41,-20,71,Normal
2026-02-13 21:06:16.102085,London-ce41,4,55,Normal
2026-02-13 21:06:17.102085,London-ce41,-28,52,Normal
2026-02-13 21:06:18.102085,London-ce41,-19,65,Normal
2026-02-13 21:06:19.102085,London-ce41,20,79,Normal
2026-02-13 21:06:20.102085,London-ce41,12,7,Normal
2026-02-13 21:06:21.102085,London-ce41,12,45,Normal
2026-02-13 21:06:22.102085,London-ce41,24,82,Normal
2026-02-13 21:06:23.102085,London-ce41,-13,6,Normal
2026-02-13 21:06:24.102085,London-ce41,-5,52,Normal
2026-02-13 21:06:25.102085,London-ce41,-11,39,Normal
2026-02-13 21:06:26.102085,London-ce41,-15,50,Normal
2026-02-13 21:06:27.102085,London-ce41,28,22,Normal
2026-02-13 21:06:28.102085,London-ce41,-30,34,Normal
2026-02-13 21:06:29.102085,London-ce41,45,56,Normal
2026-02-13 21:06:30.102085,London-ce41,2,96,Normal
2026-02-13 21:06:31.102085,London-ce41,26,10,Normal
2026-02-13 21:06:32.102085,London-ce41,45,15,Normal
2026-02-13 21:06:33.102085,London-ce41,-20,91,Normal
2026-02-13 21:06:34.102085,London-ce41,3,42,Normal
2026-02-13 21:06:35.102085,London-ce41,-5,61,Normal
2026-02-13 21:06:36.102085,London-ce41,-18,83,Normal
2026-02-13 21:06:37.102085,London-ce41,5,34,Normal
2026-02-13 21:06:38.102085,London-ce41,-22,77,Normal
2026-02-13 21:06:39.102085,London-ce41,19,47,Normal
2026-02-13 21:06:40.102085,London-ce41,18,70,Normal
2026-02-13 21:06:41.102085,London-ce41,20,23,Normal
2026-02-13 21:06:42.102085,London-ce41,17,48,Normal
2026-02-13 21:06:43.102085,London-ce41,16,57,Normal
2026-02-13 21:06:44.102085,London-ce41,30,4,Normal
2026-02-13 21:06:45.102085,London-ce41,28,30,Normal
2026-02-13 21:06:46.102085,London-ce41,-14,4,Normal
2026-02-13 21:06:47.102085,London-ce41,-10,62,Normal
2026-02-13 21:06:48.102085,London-ce41,27,25,Normal
2026-02-13 21:06:49.102085,London-ce41,44,22,Normal
2026-02-13 21:06:50.102085,London-ce41,12,77,Normal
2026-02-13 21:06:51.102085,London-ce41,16,37,Normal
2026-02-13 21:06:52.102085,London-ce41,23,64,Normal
2026-02-13 21:06:53.102085,London-ce41,-22,8,Normal
2026-02-13 21:06:54.102085,London-ce41,30,9,Normal
2026-02-13 21:06:55.102085,London-ce41,18,5,Normal
2026-02-13 21:06:56.102085,London-ce41,41,97,Normal
2026-02-13 21:06:57.102085,London-ce41,-23,24,Normal
2026-02-13 21:06:58.102085,London-ce41,33,75,Normal
2026-02-13 21:06:59.102085,London-ce41,37,6,Normal
2026-02-13 21:07:00.102085,London-ce41,-15,68,Normal
2026-02-13 21:07:01.102085,London-ce41,12,60,Normal
2026-02-13 21:07:02.102085,London-ce41,34,31,Normal
2026-02-13 21:07:03.102085,London-ce41,7,46,Normal
2026-02-13 21:07:04.102085,London-ce41,17,88,Normal
2026-02-13 21:07:05.102085,London-ce41,-29,56,Normal
2026-02-13 21:07:06.102085,London-ce41,-11,15,Normal
2026-02-13 21:07:07.102085,London-ce41,-25,27,Normal
2026-02-13 21:07:08.102085,London-ce41,5,99,Normal
2026-02-13 21:07:09.102085,London-ce41,-6,62,Normal
2026-02-13 21:07:10.102085,London-ce41,-23,63,Normal
2026-02-13 21:07:11.102085,London-ce41,-23,46,Normal
2026-02-13 21:07:12.102085,London-ce41,28,35,Normal
2026-02-13 21:07:13.102085,London-ce41,38,73,Normal
2026-02-13 21:07:14.102085,London-ce41,47,2,Normal
2026-02-13 21:07:15.102085,London-ce41,50,78,Normal
2026-02-13 21:07:16.102085,London-ce41,29,65,Normal
2026-02-13 21:07:17.102085,London-ce41,37,49,Normal
2026-02-13 21:07:18.102085,London-ce41,24,85,Normal
2026-02-13 21:07:19.102085,London-ce41,3,6,Normal
2026-02-13 21:07:20.102085,London-ce41,1,6,Normal
2026-02-13 21:07:21.102085,London-ce41,-16,19,Normal
2026-02-13 21:07:22.102085,London-ce41,-22,38,Normal
2026-02-13 21:07:23.102085,London-ce41,21,97,Normal
2026-02-13 21:07:24.102085,London-ce41,12,64,Normal
2026-02-13 21:07:25.102085,London-ce41,24,24,Normal
2026-02-13 21:07:26.102085,London-ce41,-25,1,Normal
2026-02-13 21:07:27.102085,London-ce41,34,93,Normal
2026-02-13 21:07:28.102085,London-ce41,11,39,Normal
2026-02-13 21:07:29.102085,London-ce41,-15,66,Normal
2026-02-13 21:07:30.102085,London-ce41,15,22,Normal
2026-02-13 21:07:31.102085,London-ce41,-10,63,Normal
2026-02-13 21:07:32.102085,London-ce41,4,17,Normal
2026-02-13 21:07:33.102085,London-ce41,7,59,Normal
2026-02-13 21:07:34.102085,London-ce41,35,44,Normal
2026-02-13 21:07:35.102085,London-ce41,27,67,Normal
2026-02-13 21:07:36.102085,London-ce41,24,59,Normal
2026-02-13 21:07:37.102085,London-ce41,-14,53,Normal
2026-02-13 21:07:38.102085,London-ce41,26,89,Normal
2026-02-13 21:07:39.102085,London-ce41,23,44,Normal
2026-02-13 21:07:40.102085,London-ce41,-1,53,Normal
2026-02-13 21:07:41.102085,London-ce41,19,0,Normal
2026-02-13 21:07:42.102085,London-ce41,16,29,Normal
2026-02-13 21:07:43.102085,London-ce41,-7,33,Normal
2026-02-13 21:07:44.102085,London-ce41,24,24,Normal
2026-02-13 21:07:45.102085,London-ce41,-30,16,Normal
2026-02-13 21:07:46.102085,London-ce41,7,28,Normal
2026-02-13 21:07:47.102085,London-ce41,-21,74,Normal
2026-02-13 21:07:48.102085,London-ce41,-1,62,Normal
2026-02-13 21:07:49.102085,London-ce41,37,44,Normal
2026-02-13 21:07:50.102085,London-ce41,43,41,Normal
2026-02-13 21:07:51.102085,London-ce41,-1,65,Normal
2026-02-13 21:07:52.102085,London-ce41,1,30,Normal
2026-02-13 21:07:53.102085,London-ce41,23,73,Normal
2026-02-13 21:07:54.102085,London-ce41,-19,77,Normal
2026-02-13 21:07:55.102085,London-ce41,26,50,Normal
2026-02-13 21:07:56.102085,London-ce41,-11,58,Normal
2026-02-13 21:07:57.102085,London-ce41,-1,5,Normal
2026-02-13 21:07:58.102085,London-ce41,-17,7,Normal
2026-02-13 21:07:59.102085,London-ce41,16,45,Normal
2026-02-13 21:08:00.102085,London-ce41,46,61,Normal
2026-02-13 21:08:01.102085,London-ce41,1,52,Normal
2026-02-13 21:08:02.102085,London-ce41,22,4,Normal
2026-02-13 21:08:03.102085,London-ce41,48,18,Normal
2026-02-13 21:08:04.102085,London-ce41,8,92,Normal
2026-02-13 21:08:05.102085,London-ce41,27,78,Normal
2026-02-13 21:08:06.102085,London-ce41,11,92,Normal
2026-02-13 21:08:07.102085,London-ce41,8,87,Normal
2026-02-13 21:08:08.102085,London-ce41,24,62,Normal
2026-02-13 21:08:09.102085,London-ce41,22,3,Normal
2026-02-13 21:08:10.102085,London-ce41,27,94,Normal
2026-02-13 21:08:11.102085,London-ce41,49,19,Normal
2026-02-13 21:08:12.102085,London-ce41,-27,89,Normal
2026-02-13 21:08:13.102085,London-ce41,37,91,Normal
2026-02-13 21:08:14.102085,London-ce41,22,69,Normal
2026-02-13 21:08:15.102085,London-ce41,41,58,Normal
2026-02-13 21:08:16.102085,London-ce41,24,97,Normal
2026-02-13 21:08:17.102085,London-ce41,35,22,Normal
2026-02-13 21:08:18.102085,London-ce41,16,87,Normal
2026-02-13 21:08:19.102085,London-ce41,8,60,Normal
2026-02-13 21:08:20.102085,London-ce41,19,33,Normal
2026-02-13 21:08:21.102085,London-ce41,2,38,Normal
2026-02-13 21:08:22.102085,London-ce41,50,24,Normal
2026-02-13 21:08:23.102085,London-ce41,41,89,Normal
2026-02-13 21:08:24.102085,London-ce41,30,82,Normal
2026-02-13 21:08:25.102085,London-ce41,35,85,Normal
2026-02-13 21:08:26.102085,London-ce41,-25,22,Normal
2026-02-13 21:08:27.102085,London-ce41,-9,67,Normal
2026-02-13 21:08:28.102085,London-ce41,-7,48,Normal
2026-02-13 21:08:29.102085,London-ce41,35,82,Normal
2026-02-13 21:08:30.102085,London-ce41,41,25,Normal
2026-02-13 21:08:31.102085,London-ce41,42,14,Normal
2026-02-13 21:08:32.102085,London-ce41,44,91,Normal
2026-02-13 21:08:33.102085,London-ce41,14,60,Normal
2026-02-13 21:08:34.102085,London-ce41,48,69,Normal
2026-02-13 21:08:35.102085,London-ce41,33,94,Normal
2026-02-13 21:08:36.102085,London-ce41,4,71,Normal
2026-02-13 21:08:37.102085,London-ce41,0,14,Normal
2026-02-13 21:08:38.102085,London-ce41,-10,19,Normal
2026-02-13 21:08:39.102085,London-ce41,45,51,Normal
2026-02-13 21:08:40.102085,London-ce41,12,14,Normal
2026-02-13 21:08:41.102085,London-ce41,-4,1,Normal
2026-02-13 21:08:42.102085,London-ce41,39,19,Normal
2026-02-13 21:08:43.102085,London-ce41,-30,84,Normal
2026-02-13 21:08:44.102085,London-ce41,24,7,Normal
2026-02-13 21:08:45.102085,London-ce41,-18,1,Normal
2026-02-13 21:08:46.102085,London-ce41,27,84,Normal
2026-02-13 21:08:47.102085,London-ce41,44,57,Normal
2026-02-13 21:08:48.102085,London-ce41,-26,88,Normal
2026-02-13 21:08:49.102085,London-ce41,6,6,Normal
2026-02-13 21:08:50.102085,London-ce41,33,64,Normal
2026-02-13 21:08:51.102085,London-ce41,44,89,Normal
2026-02-13 21:08:52.102085,London-ce41,45,20,Normal
2026-02-13 21:08:53.102085,London-ce41,-4,39,Normal
2026-02-13 21:08:54.102085,London-ce41,2,81,Normal
2026-02-13 21:08:55.102085,London-ce41,32,100,Normal
2026-02-13 21:08:56.102085,London-ce41,31,91,Normal
2026-02-13 21:08:57.102085,London-ce41,-23,93,Normal
2026-02-13 21:08:58.102085,London-ce41,47,51,Normal
2026-02-13 21:08:59.102085,London-ce41,9,95,Normal
2026-02-13 21:09:00.102085,London-ce41,19,78,Normal
2026-02-13 21:09:01.102085,London-ce41,46,73,Normal
2026-02-13 21:09:02.102085,London-ce41,25,52,Normal
2026-02-13 21:09:03.102085,London-ce41,34,43,Normal
2026-02-13 21:09:04.102085,London-ce41,-27,13,Normal
2026-02-13 21:09:05.102085,London-ce41,31,38,Normal
2026-02-13 21:09:06.102085,London-ce41,-24,8,Normal
2026-02-13 21:09:07.102085,London-ce41,33,28,Normal
2026-02-13 21:09:08.102085,London-ce41,3,7,Normal
2026-02-13 21:09:09.102085,London-ce41,-3,100,Normal
2026-02-13 21:09:10.102085,London-ce41,25,3,Normal
2026-02-13 21:09:11.102085,London-ce41,36,55,Normal
2026-02-13 21:09:12.102085,London-ce41,39,88,Normal
2026-02-13 21:09:13.102085,London-ce41,-10,72,Normal
2026-02-13 21:09:14.102085,London-ce41,32,88,Normal
2026-02-13 21:09:15.102085,London-ce41,40,87,Normal
2026-02-13 21:09:16.102085,London-ce41,-28,33,Normal
2026-02-13 21:09:17.102085,London-ce41,-15,39,Normal
2026-02-13 21:09:18.102085,London-ce41,43,68,Normal
2026-02-13 21:09:19.102085,London-ce41,37,43,Normal
2026-02-13 21:09:20.102085,London-ce41,41,11,Normal
2026-02-13 21:09:21.102085,London-ce41,45,52,Normal
2026-02-13 21:09:22.102085,London-ce41,43,93,Normal
2026-02-13 21:09:23.102085,London-ce41,0,6,Normal
2026-02-13 21:09:24.102085,London-ce41,36,84,Normal
2026-02-13 21:09:25.102085,London-ce41,25,8,Normal
2026-02-13 21:09:26.102085,London-ce41,-6,92,Normal
2026-02-13 21:09:27.102085,London-ce41,37,50,Normal
2026-02-13 21:09:28.102085,London-ce41,38,86,Normal
2026-02-13 21:09:29.102085,London-ce41,37,70,Normal
2026-02-13 21:09:30.102085,London-ce41,4,57,Normal
2026-02-13 21:09:31.102085,London-ce41,20,56,Normal
2026-02-13 21:09:32.102085,London-ce41,46,70,Normal
2026-02-13 21:09:33.102085,London-ce41,48,42,Normal
2026-02-13 21:09:34.102085,London-ce41,38,47,Normal
2026-02-13 21:09:35.102085,London-ce41,-1,27,Normal
2026-02-13 21:09:36.102085,London-ce41,-13,58,Normal
2026-02-13 21:09:37.102085,London-ce41,9,26,Normal
2026-02-13 21:09:38.102085,London-ce41,44,5,Normal
2026-02-13 21:09:39.102085,London-ce41,30,53,Normal
2026-02-13 21:09:40.102085,London-ce41,28,95,Normal
2026-02-13 21:09:41.102085,London-ce41,20,31,Normal
2026-02-13 21:09:42.102085,London-ce41,-6,77,Normal
2026-02-13 21:09:43.102085,London-ce41,17,90,Normal
2026-02-13 21:09:44.102085,London-ce41,28,11,Normal
2026-02-13 21:09:45.102085,London-ce41,-30,38,Normal
2026-02-13 21:09:46.102085,London-ce41,21,2,Normal
2026-02-13 21:09:47.102085,London-ce41,-11,16,Normal
2026-02-13 21:09:48.102085,London-ce41,11,64,Normal
2026-02-13 21:09:49.102085,London-ce41,31,43,Normal
2026-02-13 21:09:50.102085,London-ce41,38,69,Normal
2026-02-13 21:09:51.102085,London-ce41,49,35,Normal
2026-02-13 21:09:52.102085,London-ce41,4,50,Normal
2026-02-13 21:09:53.102085,London-ce41,18,6,Normal
2026-02-13 21:09:54.102085,London-ce41,4,9,Normal
2026-02-13 21:09:55.102085,London-ce41,-10,23,Normal
2026-02-13 21:09:56.102085,London-ce41,26,88,Normal
2026-02-13 21:09:57.102085,London-ce41,-13,47,Normal
2026-02-13 21:09:58.102085,London-ce41,37,64,Normal
2026-02-13 21:09:59.102085,London-ce41,35,54,Normal
2026-02-13 21:10:00.102085,London-ce41,3,62,Normal
2026-02-13 21:10:01.102085,London-ce41,6,76,Normal
2026-02-13 21:10:02.102085,London-ce41,12,58,Normal
2026-02-13 21:10:03.102085,London-ce41,-13,26,Normal
2026-02-13 21:10:04.102085,London-ce41,42,23,Normal
2026-02-13 21:10:05.102085,London-ce41,38,61,Normal
2026-02-13 21:10:06.102085,London-ce41,-6,60,Normal
2026-02-13 21:10:07.102085,London-ce41,18,45,Normal
2026-02-13 21:10:08.102085,London-ce41,-24,31,Normal
2026-02-13 21:10:09.102085,London-ce41,-23,96,Normal
2026-02-13 21:10:10.102085,London-ce41,22,75,Normal
2026-02-13 21:10:11.102085,London-ce41,-24,97,Normal
2026-02-13 21:10:12.102085,London-ce41,41,77,Normal
2026-02-13 21:10:13.102085,London-ce41,16,63,Normal
2026-02-13 21:10:14.102085,London-ce41,4,65,Normal
2026-02-13 21:10:15.102085,London-ce41,49,71,Normal
2026-02-13 21:10:16.102085,London-ce41,-10,6,Normal
2026-02-13 21:10:17.102085,London-ce41,-27,36,Normal
2026-02-13 21:10:18.102085,London-ce41,20,12,Normal
2026-02-13 21:10:19.102085,London-ce41,-8,92,Normal
2026-02-13 21:10:20.102085,London-ce41,-18,9,Normal
2026-02-13 21:10:21.102085,London-ce41,39,44,Normal
2026-02-13 21:10:22.102085,London-ce41,-29,0,Normal
2026-02-13 21:10:23.102085,London-ce41,-8,26,Normal
2026-02-13 21:10:24.102085,London-ce41,-13,5,Normal
2026-02-13 21:10:25.102085,London-ce41,-29,61,Normal
2026-02-13 21:10:26.102085,London-ce41,10,49,Normal
2026-02-13 21:10:27.102085,London-ce41,33,76,Normal
2026-02-13 21:10:28.102085,London-ce41,25,88,Normal
2026-02-13 21:10:29.102085,London-ce41,-9,7,Normal
2026-02-13 21:10:30.102085,London-ce41,17,82,Normal
2026-02-13 21:10:31.102085,London-ce41,38,31,Normal
2026-02-13 21:10:32.102085,London-ce41,-13,77,Normal
2026-02-13 21:10:33.102085,London-ce41,-3,45,Normal
2026-02-13 21:10:34.102085,London-ce41,47,54,Normal
2026-02-13 21:10:35.102085,London-ce41,47,19,Normal
2026-02-13 21:10:36.102085,London-ce41,22,40,Normal
2026-02-13 21:10:37.102085,London-ce41,6,14,Normal
2026-02-13 21:10:38.102085,London-ce41,5,68,Normal
2026-02-13 21:10:39.102085,London-ce41,48,49,Normal
2026-02-13 21:10:40.102085,London-ce41,32,23,Normal
2026-02-13 21:10:41.102085,London-ce41,-29,76,Normal
2026-02-13 21:10:42.102085,London-ce41,-25,29,Normal
2026-02-13 21:10:43.102085,London-ce41,-1,86,Normal
2026-02-13 21:10:44.102085,London-ce41,-1,36,Normal
2026-02-13 21:10:45.102085,London-ce41,-22,88,Normal
2026-02-13 21:10:46.102085,London-ce41,-11,0,Normal
2026-02-13 21:10:47.102085,London-ce41,-9,18,Normal
2026-02-13 21:10:48.102085,London-ce41,4,64,Normal
2026-02-13 21:10:49.102085,London-ce41,-7,6,Normal
2026-02-13 21:10:50.102085,London-ce41,35,80,Normal
2026-02-13 21:10:51.102085,London-ce41,-9,9,Normal
2026-02-13 21:10:52.102085,London-ce41,-23,55,Normal
2026-02-13 21:10:53.102085,London-ce41,28,47,Normal
2026-02-13 21:10:54.102085,London-ce41,-10,32,Normal
2026-02-13 21:10:55.102085,London-ce41,0,79,Normal
2026-02-13 21:10:56.102085,London-ce41,33,89,Normal
2026-02-13 21:10:57.102085,London-ce41,9,23,Normal
2026-02-13 21:10:58.102085,London-ce41,31,83,Normal
2026-02-13 21:10:59.102085,London-ce41,-24,20,Normal
2026-02-13 21:11:00.102085,London-ce41,35,88,Normal
2026-02-13 21:11:01.102085,London-ce41,44,59,Normal
2026-02-13 21:11:02.102085,London-ce41,6,44,Normal
2026-02-13 21:11:03.102085,London-ce41,45,28,Normal
2026-02-13 21:11:04.102085,London-ce41,-16,59,Normal
2026-02-13 21:11:05.102085,London-ce41,48,72,Normal
2026-02-13 21:11:06.102085,London-ce41,25,67,Normal
2026-02-13 21:11:07.102085,London-ce41,-22,23,Normal
2026-02-13 21:11:08.102085,London-ce41,-24,89,Normal
2026-02-13 21:11:09.102085,London-ce41,12,59,Normal
2026-02-13 21:11:10.102085,London-ce41,-1,90,Normal
2026-02-13 21:11:11.102085,London-ce41,0,78,Normal
2026-02-13 21:11:12.102085,London-ce41,-8,92,Normal
2026-02-13 21:11:13.102085,London-ce41,22,67,Normal
2026-02-13 21:11:14.102085,London-ce41,-16,63,Normal
2026-02-13 21:11:15.102085,London-ce41,-4,2,Normal
2026-02-13 21:11:16.102085,London-ce41,2,97,Normal
2026-02-13 21:11:17.102085,London-ce41,-13,46,Normal
2026-02-13 21:11:18.102085,London-ce41,35,34,Normal
2026-02-13 21:11:19.102085,London-ce41,-9,79,Normal
2026-02-13 21:11:20.102085,London-ce41,27,45,Normal
2026-02-13 21:11:21.102085,London-ce41,31,44,Normal
2026-02-13 21:11:22.102085,London-ce41,41,8,Normal
2026-02-13 21:11:23.102085,London-ce41,32,4,Normal
2026-02-13 21:11:24.102085,London-ce41,1,46,Normal
2026-02-13 21:11:25.102085,London-ce41,-24,94,Normal
2026-02-13 21:11:26.102085,London-ce41,-19,12,Normal
2026-02-13 21:11:27.102085,London-ce41,34,34,Normal
2026-02-13 21:11:28.102085,London-ce41,19,44,Normal
2026-02-13 21:11:29.102085,London-ce41,46,61,Normal
2026-02-13 21:11:30.102085,London-ce41,-9,82,Normal
2026-02-13 21:11:31.102085,London-ce41,8,57,Normal
2026-02-13 21:11:32.102085,London-ce41,9,10,Normal
2026-02-13 21:11:33.102085,London-ce41,-7,66,Normal
2026-02-13 21:11:34.102085,London-ce41,31,57,Normal
2026-02-13 21:11:35.102085,London-ce41,-28,87,Normal
2026-02-13 21:11:36.102085,London-ce41,23,0,Normal
2026-02-13 21:11:37.102085,London-ce41,-27,95,Normal
2026-02-13 21:11:38.102085,London-ce41,29,71,Normal
2026-02-13 21:11:39.102085,London-ce41,-5,0,Normal
2026-02-13 21:11:40.102085,London-ce41,0,52,Normal
2026-02-13 21:11:41.102085,London-ce41,41,66,Normal
2026-02-13 21:11:42.102085,London-ce41,7,54,Normal
2026-02-13 21:11:43.102085,London-ce41,12,65,Normal
2026-02-13 21:11:44.102085,London-ce41,48,61,Normal
2026-02-13 21:11:45.102085,London-ce41,31,27,Normal
2026-02-13 21:11:46.102085,London-ce41,-23,53,Normal
2026-02-13 21:11:47.102085,London-ce41,35,50,Normal
2026-02-13 21:11:48.102085,London-ce41,31,60,Normal
2026-02-13 21:11:49.102085,London-ce41,-4,16,Normal
2026-02-13 21:11:50.102085,London-ce41,-22,46,Normal
2026-02-13 21:11:51.102085,London-ce41,36,100,Normal
2026-02-13 21:11:52.102085,London-ce41,34,67,Normal
2026-02-13 21:11:53.102085,London-ce41,23,11,Normal
2026-02-13 21:11:54.102085,London-ce41,2,9,Normal
2026-02-13 21:11:55.102085,London-ce41,46,74,Normal
2026-02-13 21:11:56.102085,London-ce41,-15,19,Normal
2026-02-13 21:11:57.102085,London-ce41,17,9,Normal
2026-02-13 21:11:58.102085,London-ce41,47,0,Normal
2026-02-13 21:11:59.102085,London-ce41,11,19,Normal
2026-02-13 21:12:00.102085,London-ce41,-26,65,Normal
2026-02-13 21:12:01.102085,London-ce41,50,59,Normal
2026-02-13 21:12:02.102085,London-ce41,-1,13,Normal
2026-02-13 21:12:03.102085,London-ce41,24,73,Normal
2026-02-13 21:12:04.102085,London-ce41,-25,90,Normal
2026-02-13 21:12:05.102085,London-ce41,-7,49,Normal
2026-02-13 21:12:06.102085,London-ce41,-23,26,Normal
2026-02-13 21:12:07.102085,London-ce41,26,21,Normal
2026-02-13 21:12:08.102085,London-ce41,34,44,Normal
2026-02-13 21:12:09.102085,London-ce41,9,54,Normal
2026-02-13 21:12:10.102085,London-ce41,-21,74,Normal
2026-02-13 21:12:11.102085,London-ce41,16,19,Normal
2026-02-13 21:12:12.102085,London-ce41,-23,86,Normal
2026-02-13 21:12:13.102085,London-ce41,39,48,Normal
2026-02-13 21:12:14.102085,London-ce41,31,68,Normal
2026-02-13 21:12:15.102085,London-ce41,20,81,Normal
2026-02-13 21:12:16.102085,London-ce41,42,50,Normal
2026-02-13 21:12:17.102085,London-ce41,3,55,Normal
2026-02-13 21:12:18.102085,London-ce41,-13,38,Normal
2026-02-13 21:12:19.102085,London-ce41,-19,91,Normal
2026-02-13 21:12:20.102085,London-ce41,24,91,Normal
2026-02-13 21:12:21.102085,London-ce41,49,57,Normal
2026-02-13 21:12:22.102085,London-ce41,41,79,Normal
2026-02-13 21:12:23.102085,London-ce41,1,97,Normal
2026-02-13 21:12:24.102085,London-ce41,-18,87,Normal
2026-02-13 21:12:25.102085,London-ce41,-22,39,Normal
2026-02-13 21:12:26.102085,London-ce41,42,55,Normal
2026-02-13 21:12:27.102085,London-ce41,-13,57,Normal
2026-02-13 21:12:28.102085,London-ce41,22,23,Normal
2026-02-13 21:12:29.102085,London-ce41,21,0,Normal
2026-02-13 21:12:30.102085,London-ce41,-3,25,Normal
2026-02-13 21:12:31.102085,London-ce41,4,81,Normal
2026-02-13 21:12:32.102085,London-ce41,32,26,Normal
2026-02-13 21:12:33.102085,London-ce41,-27,91,Normal
2026-02-13 21:12:34.102085,London-ce41,28,84,Normal
2026-02-13 21:12:35.102085,London-ce41,-11,93,Normal
2026-02-13 21:12:36.102085,London-ce41,-8,14,Normal
2026-02-13 21:12:37.102085,London-ce41,37,17,Normal
2026-02-13 21:12:38.102085,London-ce41,-8,60,Normal
2026-02-13 21:12:39.102085,London-ce41,44,39,Normal
2026-02-13 21:12:40.102085,London-ce41,-5,87,Normal
2026-02-13 21:12:41.102085,London-ce41,30,73,Normal
2026-02-13 21:12:42.102085,London-ce41,15,48,Normal
2026-02-13 21:12:43.102085,London-ce41,41,31,Normal
2026-02-13 21:12:44.102085,London-ce41,32,56,Normal
2026-02-13 21:12:45.102085,London-ce41,7,7,Normal
2026-02-13 21:12:46.102085,London-ce41,-11,62,Normal
2026-02-13 21:12:47.102085,London-ce41,26,92,Normal
2026-02-13 21:12:48.102085,London-ce41,43,57,Normal
2026-02-13 21:12:49.102085,London-ce41,-28,11,Normal
2026-02-13 21:12:50.102085,London-ce41,-17,79,Normal
2026-02-13 21:12:51.102085,London-ce41,-14,3,Normal
2026-02-13 21:12:52.102085,London-ce41,-2,45,Normal
2026-02-13 21:12:53.102085,London-ce41,19,72,Normal
2026-02-13 21:12:54.102085,London-ce41,36,54,Normal
2026-02-13 21:12:55.102085,London-ce41,-19,46,Normal
2026-02-13 21:12:56.102085,London-ce41,48,39,Normal
2026-02-13 21:12:57.102085,London-ce41,13,33,Normal
2026-02-13 21:12:58.102085,London-ce41,-25,18,Normal
2026-02-13 21:12:59.102085,London-ce41,20,41,Normal
2026-02-13 21:13:00.102085,London-ce41,-1,90,Normal
2026-02-13 21:13:01.102085,London-ce41,-17,85,Normal
2026-02-13 21:13:02.102085,London-ce41,43,26,Normal
2026-02-13 21:13:03.102085,London-ce41,-20,12,Normal
2026-02-13 21:13:04.102085,London-ce41,-20,59,Normal
2026-02-13 21:13:05.102085,London-ce41,-15,10,Normal
2026-02-13 21:13:06.102085,London-ce41,12,76,Normal
2026-02-13 21:13:07.102085,London-ce41,-6,16,Normal
2026-02-13 21:13:08.102085,London-ce41,29,67,Normal
2026-02-13 21:13:09.102085,London-ce41,-2,82,Normal
2026-02-13 21:13:10.102085,London-ce41,-9,59,Normal
2026-02-13 21:13:11.102085,London-ce41,-13,87,Normal
2026-02-13 21:13:12.102085,London-ce41,34,85,Normal
2026-02-13 21:13:13.102085,London-ce41,15,74,Normal
2026-02-13 21:13:14.102085,London-ce41,23,33,Normal
2026-02-13 21:13:15.102085,London-ce41,36,46,Normal
2026-02-13 21:13:16.102085,London-ce41,-1,10,Normal
2026-02-13 21:13:17.102085,London-ce41,45,61,Normal
2026-02-13 21:13:18.102085,London-ce41,15,2,Normal
2026-02-13 21:13:19.102085,London-ce41,46,59,Normal
2026-02-13 21:13:20.102085,London-ce41,-7,15,Normal
2026-02-13 21:13:21.102085,London-ce41,9,0,Normal
2026-02-13 21:13:22.102085,London-ce41,-11,89,Normal
2026-02-13 21:13:23.102085,London-ce41,41,5,Normal
2026-02-13 21:13:24.102085,London-ce41,-20,23,Normal
2026-02-13 21:13:25.102085,London-ce41,35,28,Normal
2026-02-13 21:13:26.102085,London-ce41,40,21,Normal
2026-02-13 21:13:27.102085,London-ce41,-19,89,Normal
2026-02-13 21:13:28.102085,London-ce41,-14,87,Normal
2026-02-13 21:13:29.102085,London-ce41,38,50,Normal
2026-02-13 21:13:30.102085,London-ce41,20,49,Normal
2026-02-13 21:13:31.102085,London-ce41,40,39,Normal
2026-02-13 21:13:32.102085,London-ce41,39,46,Normal
2026-02-13 21:13:33.102085,London-ce41,-20,70,Normal
2026-02-13 21:13:34.102085,London-ce41,-24,50,Normal
2026-02-13 21:13:35.102085,London-ce41,-8,6,Normal
2026-02-13 21:13:36.102085,London-ce41,7,17,Normal
2026-02-13 21:13:37.102085,London-ce41,-28,18,Normal
2026-02-13 21:13:38.102085,London-ce41,-5,82,Normal
2026-02-13 21:13:39.102085,London-ce41,3,36,Normal
2026-02-13 21:13:40.102085,London-ce41,-29,98,Normal
2026-02-13 21:13:41.102085,London-ce41,20,93,Normal
2026-02-13 21:13:42.102085,London-ce41,-24,23,Normal
2026-02-13 21:13:43.102085,London-ce41,16,94,Normal
2026-02-13 21:13:44.102085,London-ce41,35,68,Normal
2026-02-13 21:13:45.102085,London-ce41,-3,2,Normal
2026-02-13 21:13:46.102085,London-ce41,44,79,Normal
2026-02-13 21:13:47.102085,London-ce41,6,26,Normal
2026-02-13 21:13:48.102085,London-ce41,16,49,Normal
2026-02-13 21:13:49.102085,London-ce41,-12,26,Normal
2026-02-13 21:13:50.102085,London-ce41,-18,88,Normal
2026-02-13 21:13:51.102085,London-ce41,23,18,Normal
2026-02-13 21:13:52.102085,London-ce41,-5,63,Normal
2026-02-13 21:13:53.102085,London-ce41,-23,21,Normal
2026-02-13 21:13:54.102085,London-ce41,24,86,Normal
2026-02-13 21:13:55.102085,London-ce41,-30,20,Normal
2026-02-13 21:13:56.102085,London-ce41,21,31,Normal
2026-02-13 21:13:57.102085,London-ce41,17,12,Normal
2026-02-13 21:13:58.102085,London-ce41,13,32,Normal
2026-02-13 21:13:59.102085,London-ce41,25,6,Normal
2026-02-13 21:14:00.102085,London-ce41,6,68,Normal
2026-02-13 21:14:01.102085,London-ce41,16,90,Normal
2026-02-13 21:14:02.102085,London-ce41,34,72,Normal
2026-02-13 21:14:03.102085,London-ce41,44,11,Normal
2026-02-13 21:14:04.102085,London-ce41,-16,5,Normal
2026-02-13 21:14:05.102085,London-ce41,-13,86,Normal
2026-02-13 21:14:06.102085,London-ce41,3,44,Normal
2026-02-13 21:14:07.102085,London-ce41,29,33,Normal
2026-02-13 21:14:08.102085,London-ce41,17,21,Normal
2026-02-13 21:14:09.102085,London-ce41,29,15,Normal
2026-02-13 21:14:10.102085,London-ce41,-9,95,Normal
2026-02-13 21:14:11.102085,London-ce41,23,23,Normal
2026-02-13 21:14:12.102085,London-ce41,-24,81,Normal
2026-02-13 21:14:13.102085,London-ce41,23,55,Normal
2026-02-13 21:14:14.102085,London-ce41,6,85,Normal
2026-02-13 21:14:15.102085,London-ce41,7,83,Normal
2026-02-13 21:14:16.102085,London-ce41,16,8,Normal
2026-02-13 21:14:17.102085,London-ce41,4,61,Normal
2026-02-13 21:14:18.102085,London-ce41,19,57,Normal
2026-02-13 21:14:19.102085,London-ce41,-8,75,Normal
2026-02-13 21:14:20.102085,London-ce41,32,31,Normal
2026-02-13 21:14:21.102085,London-ce41,45,78,Normal
2026-02-13 21:14:22.102085,London-ce41,7,3,Normal
2026-02-13 21:14:23.102085,London-ce41,41,7,Normal
2026-02-13 21:14:24.102085,London-ce41,5,25,Normal
2026-02-13 21:14:25.102085,London-ce41,-6,54,Normal
2026-02-13 21:14:26.102085,London-ce41,47,51,Normal
2026-02-13 21:14:27.102085,London-ce41,-7,74,Normal
2026-02-13 21:14:28.102085,London-ce41,-13,36,Normal
2026-02-13 21:14:29.102085,London-ce41,45,3,Normal
2026-02-13 21:14:30.102085,London-ce41,-13,100,Normal
2026-02-13 21:14:31.102085,London-ce41,41,38,Normal
2026-02-13 21:14:32.102085,London-ce41,50,28,Normal
2026-02-13 21:14:33.102085,London-ce41,9,99,Normal
2026-02-13 21:14:34.102085,London-ce41,34,43,Normal
2026-02-13 21:14:35.102085,London-ce41,8,22,Normal
2026-02-13 21:14:36.102085,London-ce41,36,89,Normal
2026-02-13 21:14:37.102085,London-ce41,-2,11,Normal
2026-02-13 21:14:38.102085,London-ce41,48,89,Normal
2026-02-13 21:14:39.102085,London-ce41,33,31,Normal
2026-02-13 21:14:40.102085,London-ce41,-3,30,Normal
2026-02-13 21:14:41.102085,London-ce41,9,41,Normal
2026-02-13 21:14:42.102085,London-ce41,16,18,Normal
2026-02-13 21:14:43.102085,London-ce41,-8,78,Normal
2026-02-13 21:14:44.102085,London-ce41,28,28,Normal
2026-02-13 21:14:45.102085,London-ce41,22,19,Normal
2026-02-13 21:14:46.102085,London-ce41,-23,61,Normal
2026-02-13 21:14:47.102085,London-ce41,12,70,Normal
2026-02-13 21:14:48.102085,London-ce41,-28,68,Normal
2026-02-13 21:14:49.102085,London-ce41,37,49,Normal
2026-02-13 21:14:50.102085,London-ce41,40,13,Normal
2026-02-13 21:14:51.102085,London-ce41,-6,10,Normal
2026-02-13 21:14:52.102085,London-ce41,34,14,Normal
2026-02-13 21:14:53.102085,London-ce41,39,23,Normal
2026-02-13 21:14:54.102085,London-ce41,23,61,Normal
2026-02-13 21:14:55.102085,London-ce41,-14,77,Normal
2026-02-13 21:14:56.102085,London-ce41,-1,66,Normal
2026-02-13 21:14:57.102085,London-ce41,47,28,Normal
2026-02-13 21:14:58.102085,London-ce41,-14,26,Normal
2026-02-13 21:14:59.102085,London-ce41,29,82,Normal
2026-02-13 21:15:00.102085,London-ce41,5,64,Normal
2026-02-13 21:15:01.102085,London-ce41,-12,99,Normal
2026-02-13 21:15:02.102085,London-ce41,-8,63,Normal
2026-02-13 21:15:03.102085,London-ce41,-16,10,Normal
2026-02-13 21:15:04.102085,London-ce41,40,50,Normal
2026-02-13 21:15:05.102085,London-ce41,-8,21,Normal
2026-02-13 21:15:06.102085,London-ce41,36,69,Normal
2026-02-13 21:15:07.102085,London-ce41,-27,52,Normal
2026-02-13 21:15:08.102085,London-ce41,-6,68,Normal
2026-02-13 21:15:09.102085,London-ce41,49,74,Normal
2026-02-13 21:15:10.102085,London-ce41,26,72,Normal
2026-02-13 21:15:11.102085,London-ce41,48,30,Normal
2026-02-13 21:15:12.102085,London-ce41,-15,11,Normal
2026-02-13 21:15:13.102085,London-ce41,48,69,Normal
2026-02-13 21:15:14.102085,London-ce41,7,15,Normal
2026-02-13 21:15:15.102085,London-ce41,-27,52,Normal
2026-02-13 21:15:16.102085,London-ce41,37,42,Normal
2026-02-13 21:15:17.102085,London-ce41,24,74,Normal
2026-02-13 21:15:18.102085,London-ce41,27,82,Normal
2026-02-13 21:15:19.102085,London-ce41,38,52,Normal
2026-02-13 21:15:20.102085,London-ce41,43,20,Normal
2026-02-13 21:15:21.102085,London-ce41,-2,67,Normal
2026-02-13 21:15:22.102085,London-ce41,-16,3,Normal
2026-02-13 21:15:23.102085,London-ce41,21,18,Normal
2026-02-13 21:15:24.102085,London-ce41,37,42,Normal
2026-02-13 21:15:25.102085,London-ce41,47,46,Normal
2026-02-13 21:15:26.102085,London-ce41,1,93,Normal
2026-02-13 21:15:27.102085,London-ce41,-19,36,Normal
2026-02-13 21:15:28.102085,London-ce41,-21,30,Normal
2026-02-13 21:15:29.102085,London-ce41,44,86,Normal
2026-02-13 21:15:30.102085,London-ce41,8,2,Normal
2026-02-13 21:15:31.102085,London-ce41,-22,24,Normal
2026-02-13 21:15:32.102085,London-ce41,-4,51,Normal
2026-02-13 21:15:33.102085,London-ce41,46,71,Normal
2026-02-13 21:15:34.102085,London-ce41,46,0,Normal
2026-02-13 21:15:35.102085,London-ce41,-17,2,Normal
2026-02-13 21:15:36.102085,London-ce41,49,52,Normal
2026-02-13 21:15:37.102085,London-ce41,43,21,Normal
2026-02-13 21:15:38.102085,London-ce41,15,91,Normal
2026-02-13 21:15:39.102085,London-ce41,7,32,Normal
2026-02-13 21:15:40.102085,London-ce41,4,79,Normal
2026-02-13 21:15:41.102085,London-ce41,-29,81,Normal
2026-02-13 21:15:42.102085,London-ce41,-17,95,Normal
2026-02-13 21:15:43.102085,London-ce41,-15,80,Normal
2026-02-13 21:15:44.102085,London-ce41,-3,53,Normal
2026-02-13 21:15:45.102085,London-ce41,-16,43,Normal
2026-02-13 21:15:46.102085,London-ce41,-17,28,Normal
2026-02-13 21:15:47.102085,London-ce41,47,57,Normal
2026-02-13 21:15:48.102085,London-ce41,9,56,Normal
2026-02-13 21:15:49.102085,London-ce41,24,99,Normal
2026-02-13 21:15:50.102085,London-ce41,-18,48,Normal
2026-02-13 21:15:51.102085,London-ce41,28,63,Normal
2026-02-13 21:15:52.102085,London-ce41,25,22,Normal
2026-02-13 21:15:53.102085,London-ce41,-2,76,Normal
2026-02-13 21:15:54.102085,London-ce41,-15,94,Normal
2026-02-13 21:15:55.102085,London-ce41,22,67,Normal
2026-02-13 21:15:56.102085,London-ce41,26,15,Normal
2026-02-13 21:15:57.102085,London-ce41,15,89,Normal
2026-02-13 21:15:58.102085,London-ce41,-6,50,Normal
2026-02-13 21:15:59.102085,London-ce41,-12,4,Normal
2026-02-13 21:16:00.102085,London-ce41,-13,32,Normal
2026-02-13 21:16:01.102085,London-ce41,-15,85,Normal
2026-02-13 21:16:02.102085,London-ce41,-21,98,Normal
2026-02-13 21:16:03.102085,London-ce41,28,66,Normal
2026-02-13 21:16:04.102085,London-ce41,-16,19,Normal
2026-02-13 21:16:05.102085,London-ce41,42,5,Normal
2026-02-13 21:16:06.102085,London-ce41,5,57,Normal
2026-02-13 21:16:07.102085,London-ce41,7,50,Normal
2026-02-13 21:16:08.102085,London-ce41,15,1,Normal
2026-02-13 21:16:09.102085,London-ce41,-13,37,Normal
2026-02-13 21:16:10.102085,London-ce41,32,91,Normal
2026-02-13 21:16:11.102085,London-ce41,13,50,Normal
2026-02-13 21:16:12.102085,London-ce41,-23,32,Normal
2026-02-13 21:16:13.102085,London-ce41,35,14,Normal
2026-02-13 21:16:14.102085,London-ce41,8,25,Normal
2026-02-13 21:16:15.102085,London-ce41,0,45,Normal
2026-02-13 21:16:16.102085,London-ce41,-29,33,Normal
2026-02-13 21:16:17.102085,London-ce41,31,46,Normal
2026-02-13 21:16:18.102085,London-ce41,46,84,Normal
2026-02-13 21:16:19.102085,London-ce41,43,57,Normal
2026-02-13 21:16:20.102085,London-ce41,46,43,Normal
2026-02-13 21:16:21.102085,London-ce41,-23,7,Normal
2026-02-13 21:16:22.102085,London-ce41,15,22,Normal
2026-02-13 21:16:23.102085,London-ce41,25,82,Normal
2026-02-13 21:16:24.102085,London-ce41,-20,60,Normal
2026-02-13 21:16:25.102085,London-ce41,-2,92,Normal
2026-02-13 21:16:26.102085,London-ce41,-1,22,Normal
2026-02-13 21:16:27.102085,London-ce41,16,36,Normal
2026-02-13 21:16:28.102085,London-ce41,23,70,Normal
2026-02-13 21:16:29.102085,London-ce41,42,93,Normal
2026-02-13 21:16:30.102085,London-ce41,21,12,Normal
2026-02-13 21:16:31.102085,London-ce41,39,37,Normal
2026-02-13 21:16:32.102085,London-ce41,-28,49,Normal
2026-02-13 21:16:33.102085,London-ce41,-22,17,Normal
2026-02-13 21:16:34.102085,London-ce41,-17,65,Normal
2026-02-13 21:16:35.102085,London-ce41,-9,61,Normal
2026-02-13 21:16:36.102085,London-ce41,45,23,Normal
2026-02-13 21:16:37.102085,London-ce41,38,69,Normal
2026-02-13 21:16:38.102085,London-ce41,-27,82,Normal
2026-02-13 21:16:39.102085,London-ce41,-13,93,Normal
2026-02-13 21:16:40.102085,London-ce41,12,81,Normal
2026-02-13 21:16:41.102085,London-ce41,14,60,Normal
2026-02-13 21:16:42.102085,London-ce41,-8,23,Normal
2026-02-13 21:16:43.102085,London-ce41,-28,70,Normal
2026-02-13 21:16:44.102085,London-ce41,13,77,Normal
2026-02-13 21:16:45.102085,London-ce41,36,72,Normal
2026-02-13 21:16:46.102085,London-ce41,-16,51,Normal
2026-02-13 21:16:47.102085,London-ce41,34,44,Normal
2026-02-13 21:16:48.102085,London-ce41,20,42,Normal
2026-02-13 21:16:49.102085,London-ce41,-17,47,Normal
2026-02-13 21:16:50.102085,London-ce41,-11,66,Normal
2026-02-13 21:16:51.102085,London-ce41,-6,30,Normal
2026-02-13 21:16:52.102085,London-ce41,30,93,Normal
2026-02-13 21:16:53.102085,London-ce41,-13,44,Normal
2026-02-13 21:16:54.102085,London-ce41,44,2,Normal
2026-02-13 21:16:55.102085,London-ce41,24,44,Normal
2026-02-13 21:16:56.102085,London-ce41,24,93,Normal
2026-02-13 21:16:57.102085,London-ce41,1,6,Normal
2026-02-13 21:16:58.102085,London-ce41,-1,47,Normal
2026-02-13 21:16:59.102085,London-ce41,16,38,Normal
2026-02-13 21:17:00.102085,London-ce41,14,72,Normal
2026-02-13 21:17:01.102085,London-ce41,-17,71,Normal
2026-02-13 21:17:02.102085,London-ce41,-15,8,Normal
2026-02-13 21:17:03.102085,London-ce41,49,5,Normal
2026-02-13 21:17:04.102085,London-ce41,-13,5,Normal
2026-02-13 21:17:05.102085,London-ce41,-4,93,Normal
2026-02-13 21:17:06.102085,London-ce41,-26,63,Normal
2026-02-13 21:17:07.102085,London-ce41,-11,65,Normal
2026-02-13 21:17:08.102085,London-ce41,8,37,Normal
2026-02-13 21:17:09.102085,London-ce41,37,2,Normal
2026-02-13 21:17:10.102085,London-ce41,8,97,Normal
2026-02-13 21:17:11.102085,London-ce41,14,0,Normal
2026-02-13 21:17:12.102085,London-ce41,33,87,Normal
2026-02-13 21:17:13.102085,London-ce41,7,46,Normal
2026-02-13 21:17:14.102085,London-ce41,22,69,Normal
2026-02-13 21:17:15.102085,London-ce41,-15,46,Normal
2026-02-13 21:17:16.102085,London-ce41,-2,31,Normal
2026-02-13 21:17:17.102085,London-ce41,-6,54,Normal
2026-02-13 21:17:18.102085,London-ce41,38,21,Normal
2026-02-13 21:17:19.102085,London-ce41,8,81,Normal
2026-02-13 21:17:20.102085,London-ce41,44,35,Normal
2026-02-13 21:17:21.102085,London-ce41,44,36,Normal
2026-02-13 21:17:22.102085,London-ce41,-6,69,Normal
2026-02-13 21:17:23.102085,London-ce41,18,18,Normal
2026-02-13 21:17:24.102085,London-ce41,-12,47,Normal
2026-02-13 21:17:25.102085,London-ce41,-23,81,Normal
2026-02-13 21:17:26.102085,London-ce41,32,63,Normal
2026-02-13 21:17:27.102085,London-ce41,41,64,Normal
2026-02-13 21:17:28.102085,London-ce41,-23,100,Normal
2026-02-13 21:17:29.102085,London-ce41,-24,72,Normal
2026-02-13 21:17:30.102085,London-ce41,8,28,Normal
2026-02-13 21:17:31.102085,London-ce41,50,94,Normal
2026-02-13 21:17:32.102085,London-ce41,37,9,Normal
2026-02-13 21:17:33.102085,London-ce41,-1,49,Normal
2026-02-13 21:17:34.102085,London-ce41,26,36,Normal
2026-02-13 21:17:35.102085,London-ce41,12,32,Normal
2026-02-13 21:17:36.102085,London-ce41,23,18,Normal
2026-02-13 21:17:37.102085,London-ce41,11,40,Normal
2026-02-13 21:17:38.102085,London-ce41,-25,16,Normal
2026-02-13 21:17:39.102085,London-ce41,-27,13,Normal
2026-02-13 21:17:40.102085,London-ce41,19,87,Normal
2026-02-13 21:17:41.102085,London-ce41,0,45,Normal
2026-02-13 21:17:42.102085,London-ce41,47,11,Normal
2026-02-13 21:17:43.102085,London-ce41,6,41,Normal
2026-02-13 21:17:44.102085,London-ce41,23,40,Normal
2026-02-13 21:17:45.102085,London-ce41,4,34,Normal
2026-02-13 21:17:46.102085,London-ce41,20,71,Normal
2026-02-13 21:17:47.102085,London-ce41,-20,2,Normal
2026-02-13 21:17:48.102085,London-ce41,39,41,Normal
2026-02-13 21:17:49.102085,London-ce41,41,75,Normal
2026-02-13 21:17:50.102085,London-ce41,20,59,Normal
2026-02-13 21:17:51.102085,London-ce41,41,82,Normal
2026-02-13 21:17:52.102085,London-ce41,-7,15,Normal
2026-02-13 21:17:53.102085,London-ce41,-27,95,Normal
2026-02-13 21:17:54.102085,London-ce41,40,7,Normal
2026-02-13 21:17:55.102085,London-ce41,15,61,Normal
2026-02-13 21:17:56.102085,London-ce41,36,28,Normal
2026-02-13 21:17:57.102085,London-ce41,14,13,Normal
2026-02-13 21:17:58.102085,London-ce41,49,83,Normal
2026-02-13 21:17:59.102085,London-ce41,27,58,Normal
2026-02-13 21:18:00.102085,London-ce41,28,60,Normal
2026-02-13 21:18:01.102085,London-ce41,15,76,Normal
2026-02-13 21:18:02.102085,London-ce41,32,42,Normal
2026-02-13 21:18:03.102085,London-ce41,39,29,Normal
2026-02-13 21:18:04.102085,London-ce41,14,77,Normal
2026-02-13 21:18:05.102085,London-ce41,-4,95,Normal
2026-02-13 21:18:06.102085,London-ce41,46,86,Normal
2026-02-13 21:18:07.102085,London-ce41,-9,74,Normal
2026-02-13 21:18:08.102085,London-ce41,-29,80,Normal
2026-02-13 21:18:09.102085,London-ce41,-4,56,Normal
2026-02-13 21:18:10.102085,London-ce41,20,88,Normal
2026-02-13 21:18:11.102085,London-ce41,-20,74,Normal
2026-02-13 21:18:12.102085,London-ce41,38,0,Normal
2026-02-13 21:18:13.102085,London-ce41,21,2,Normal
2026-02-13 21:18:14.102085,London-ce41,20,43,Normal
2026-02-13 21:18:15.102085,London-ce41,45,17,Normal
2026-02-13 21:18:16.102085,London-ce41,27,97,Normal
2026-02-13 21:18:17.102085,London-ce41,-9,38,Normal
2026-02-13 21:18:18.102085,London-ce41,0,3,Normal
2026-02-13 21:18:19.102085,London-ce41,45,98,Normal
2026-02-13 21:18:20.102085,London-ce41,12,81,Normal
2026-02-13 21:18:21.102085,London-ce41,24,45,Normal
2026-02-13 21:18:22.102085,London-ce41,39,42,Normal
2026-02-13 21:18:23.102085,London-ce41,-10,22,Normal
2026-02-13 21:18:24.102085,London-ce41,22,68,Normal
2026-02-13 21:18:25.102085,London-ce41,-1,80,Normal
2026-02-13 21:18:26.102085,London-ce41,-23,40,Normal
2026-02-13 21:18:27.102085,London-ce41,15,32,Normal
2026-02-13 21:18:28.102085,London-ce41,-30,76,Normal
2026-02-13 21:18:29.102085,London-ce41,-23,2,Normal
2026-02-13 21:18:30.102085,London-ce41,42,61,Normal
2026-02-13 21:18:31.102085,London-ce41,-27,28,Normal
2026-02-13 21:18:32.102085,London-ce41,46,6,Normal
2026-02-13 21:18:33.102085,London-ce41,4,10,Normal
2026-02-13 21:18:34.102085,London-ce41,-12,31,Normal
2026-02-13 21:18:35.102085,London-ce41,48,21,Normal
2026-02-13 21:18:36.102085,London-ce41,7,11,Normal
2026-02-13 21:18:37.102085,London-ce41,-10,1,Normal
2026-02-13 21:18:38.102085,London-ce41,27,45,Normal
2026-02-13 21:18:39.102085,London-ce41,5,45,Normal
2026-02-13 21:18:40.102085,London-ce41,-23,8,Normal
2026-02-13 21:18:41.102085,London-ce41,3,80,Normal
2026-02-13 21:18:42.102085,London-ce41,-30,62,Normal
2026-02-13 21:18:43.102085,London-ce41,50,96,Normal
2026-02-13 21:18:44.102085,London-ce41,23,18,Normal
2026-02-13 21:18:45.102085,London-ce41,2,38,Normal
2026-02-13 21:18:46.102085,London-ce41,22,55,Normal
2026-02-13 21:18:47.102085,London-ce41,-19,20,Normal
2026-02-13 21:18:48.102085,London-ce41,-19,15,Normal
2026-02-13 21:18:49.102085,London-ce41,-3,72,Normal
2026-02-13 21:18:50.102085,London-ce41,35,93,Normal
2026-02-13 21:18:51.102085,London-ce41,1,59,Normal
2026-02-13 21:18:52.102085,London-ce41,16,33,Normal
2026-02-13 21:18:53.102085,London-ce41,14,33,Normal
2026-02-13 21:18:54.102085,London-ce41,-18,10,Normal
2026-02-13 21:18:55.102085,London-ce41,-7,35,Normal
2026-02-13 21:18:56.102085,London-ce41,16,60,Normal
2026-02-13 21:18:57.102085,London-ce41,35,10,Normal
2026-02-13 21:18:58.102085,London-ce41,-13,28,Normal
2026-02-13 21:18:59.102085,London-ce41,1,54,Normal
2026-02-13 21:19:00.102085,London-ce41,28,71,Normal
2026-02-13 21:19:01.102085,London-ce41,-7,0,Normal
2026-02-13 21:19:02.102085,London-ce41,29,100,Normal
2026-02-13 21:19:03.102085,London-ce41,13,24,Normal
2026-02-13 21:19:04.102085,London-ce41,46,48,Normal
2026-02-13 21:19:05.102085,London-ce41,2,90,Normal
2026-02-13 21:19:06.102085,London-ce41,3,64,Normal
2026-02-13 21:19:07.102085,London-ce41,31,78,Normal
2026-02-13 21:19:08.102085,London-ce41,-18,57,Normal
2026-02-13 21:19:09.102085,London-ce41,20,3,Normal
2026-02-13 21:19:10.102085,London-ce41,-28,50,Normal
2026-02-13 21:19:11.102085,London-ce41,-12,16,Normal
2026-02-13 21:19:12.102085,London-ce41,-3,33,Normal
2026-02-13 21:19:13.102085,London-ce41,25,85,Normal
2026-02-13 21:19:14.102085,London-ce41,11,73,Normal
2026-02-13 21:19:15.102085,London-ce41,-19,11,Normal
2026-02-13 21:19:16.102085,London-ce41,49,85,Normal
2026-02-13 21:19:17.102085,London-ce41,46,85,Normal
2026-02-13 21:19:18.102085,London-ce41,49,36,Normal
2026-02-13 21:19:19.102085,London-ce41,34,70,Normal
2026-02-13 21:19:20.102085,London-ce41,32,71,Normal
2026-02-13 21:19:21.102085,London-ce41,34,73,Normal
2026-02-13 21:19:22.102085,London-ce41,-12,67,Normal
2026-02-13 21:19:23.102085,London-ce41,-13,32,Normal
2026-02-13 21:19:24.102085,London-ce41,25,49,Normal
2026-02-13 21:19:25.102085,London-ce41,14,93,Normal
2026-02-13 21:19:26.102085,London-ce41,45,59,Normal
2026-02-13 21:19:27.102085,London-ce41,-3,3,Normal
2026-02-13 21:19:28.102085,London-ce41,15,90,Normal
2026-02-13 21:19:29.102085,London-ce41,5,29,Normal
2026-02-13 21:19:30.102085,London-ce41,5,61,Normal
2026-02-13 21:19:31.102085,London-ce41,2,46,Normal
2026-02-13 21:19:32.102085,London-ce41,1,97,Normal
2026-02-13 21:19:33.102085,London-ce41,-15,15,Normal
2026-02-13 21:19:34.102085,London-ce41,48,19,Normal
2026-02-13 21:19:35.102085,London-ce41,-19,63,Normal
2026-02-13 21:19:36.102085,London-ce41,-6,83,Normal
2026-02-13 21:19:37.102085,London-ce41,-21,11,Normal
2026-02-13 21:19:38.102085,London-ce41,-14,32,Normal
2026-02-13 21:19:39.102085,London-ce41,-30,32,Normal
2026-02-13 21:19:40.102085,London-ce41,-5,71,Normal
2026-02-13 21:19:41.102085,London-ce41,-8,39,Normal
2026-02-13 21:19:42.102085,London-ce41,-3,36,Normal
2026-02-13 21:19:43.102085,London-ce41,-13,74,Normal
2026-02-13 21:19:44.102085,London-ce41,17,22,Normal
2026-02-13 21:19:45.102085,London-ce41,31,71,Normal
2026-02-13 21:19:46.102085,London-ce41,-9,3,Normal
2026-02-13 21:19:47.102085,London-ce41,34,8,Normal
2026-02-13 21:19:48.102085,London-ce41,32,13,Normal
2026-02-13 21:19:49.102085,London-ce41,43,42,Normal
2026-02-13 21:19:50.102085,London-ce41,45,10,Normal
2026-02-13 21:19:51.102085,London-ce41,29,40,Normal
2026-02-13 21:19:52.102085,London-ce41,-18,83,Normal
2026-02-13 21:19:53.102085,London-ce41,18,80,Normal
2026-02-13 21:19:54.102085,London-ce41,4,79,Normal
2026-02-13 21:19:55.102085,London-ce41,0,29,Normal
2026-02-13 21:19:56.102085,London-ce41,24,80,Normal
2026-02-13 21:19:57.102085,London-ce41,1,25,Normal
2026-02-13 21:19:58.102085,London-ce41,28,76,Normal
2026-02-13 21:19:59.102085,London-ce41,-30,22,Normal
2026-02-13 21:20:00.102085,London-ce41,-11,83,Normal
2026-02-13 21:20:01.102085,London-ce41,-14,13,Normal
2026-02-13 21:20:02.102085,London-ce41,31,43,Normal
2026-02-13 21:20:03.102085,London-ce41,-22,74,Normal
2026-02-13 21:20:04.102085,London-ce41,-4,79,Normal
2026-02-13 21:20:05.102085,London-ce41,38,24,Normal
2026-02-13 21:20:06.102085,London-ce41,26,96,Normal
2026-02-13 21:20:07.102085,London-ce41,25,25,Normal
2026-02-13 21:20:08.102085,London-ce41,-25,53,Normal
2026-02-13 21:20:09.102085,London-ce41,2,50,Normal
2026-02-13 21:20:10.102085,London-ce41,25,95,Normal
2026-02-13 21:20:11.102085,London-ce41,1,47,Normal
2026-02-13 21:20:12.102085,London-ce41,-14,47,Normal
2026-02-13 21:20:13.102085,London-ce41,44,32,Normal
2026-02-13 21:20:14.102085,London-ce41,-6,5,Normal
2026-02-13 21:20:15.102085,London-ce41,-11,97,Normal
2026-02-13 21:20:16.102085,London-ce41,31,99,Normal
2026-02-13 21:20:17.102085,London-ce41,-7,50,Normal
2026-02-13 21:20:18.102085,London-ce41,29,42,Normal
2026-02-13 21:20:19.102085,London-ce41,-9,72,Normal
2026-02-13 21:20:20.102085,London-ce41,17,63,Normal
2026-02-13 21:20:21.102085,London-ce41,-27,31,Normal
2026-02-13 21:20:22.102085,London-ce41,-22,94,Normal
2026-02-13 21:20:23.102085,London-ce41,-9,14,Normal
2026-02-13 21:20:24.102085,London-ce41,-22,11,Normal
2026-02-13 21:20:25.102085,London-ce41,-23,64,Normal
2026-02-13 21:20:26.102085,London-ce41,-27,46,Normal
2026-02-13 21:20:27.102085,London-ce41,30,59,Normal
2026-02-13 21:20:28.102085,London-ce41,-23,49,Normal
2026-02-13 21:20:29.102085,London-ce41,44,86,Normal
2026-02-13 21:20:30.102085,London-ce41,-24,75,Normal
2026-02-13 21:20:31.102085,London-ce41,17,49,Normal
2026-02-13 21:20:32.102085,London-ce41,36,74,Normal
2026-02-13 21:20:33.102085,London-ce41,44,40,Normal
2026-02-13 21:20:34.102085,London-ce41,-16,51,Normal
2026-02-13 21:20:35.102085,London-ce41,30,23,Normal
2026-02-13 21:20:36.102085,London-ce41,37,40,Normal
2026-02-13 21:20:37.102085,London-ce41,16,58,Normal
2026-02-13 21:20:38.102085,London-ce41,-26,39,Normal
2026-02-13 21:20:39.102085,London-ce41,-8,16,Normal
2026-02-13 21:20:40.102085,London-ce41,-10,70,Normal
2026-02-13 21:20:41.102085,London-ce41,44,70,Normal
2026-02-13 21:20:42.102085,London-ce41,-4,95,Normal
2026-02-13 21:20:43.102085,London-ce41,-22,27,Normal
2026-02-13 21:20:44.102085,London-ce41,1,46,Normal
2026-02-13 21:20:45.102085,London-ce41,-14,97,Normal
2026-02-13 21:20:46.102085,London-ce41,38,50,Normal
2026-02-13 21:20:47.102085,London-ce41,-5,85,Normal
2026-02-13 21:20:48.102085,London-ce41,-30,73,Normal
2026-02-13 21:20:49.102085,London-ce41,49,71,Normal
2026-02-13 21:20:50.102085,London-ce41,0,4,Normal
2026-02-13 21:20:51.102085,London-ce41,-14,92,Normal
2026-02-13 21:20:52.102085,London-ce41,-10,0,Normal
2026-02-13 21:20:53.102085,London-ce41,-5,98,Normal
2026-02-13 21:20:54.102085,London-ce41,-18,50,Normal
2026-02-13 21:20:55.102085,London-ce41,-22,94,Normal
2026-02-13 21:20:56.102085,London-ce41,-7,72,Normal
2026-02-13 21:20:57.102085,London-ce41,-10,82,Normal
2026-02-13 21:20:58.102085,London-ce41,20,25,Normal
2026-02-13 21:20:59.102085,London-ce41,-7,47,Normal
2026-02-13 21:21:00.102085,London-ce41,21,44,Normal
2026-02-13 21:21:01.102085,London-ce41,-18,64,Normal
2026-02-13 21:21:02.102085,London-ce41,11,22,Normal
2026-02-13 21:21:03.102085,London-ce41,15,30,Normal
2026-02-13 21:21:04.102085,London-ce41,26,20,Normal
2026-02-13 21:21:05.102085,London-ce41,2,21,Normal
2026-02-13 21:21:06.102085,London-ce41,-29,41,Normal
2026-02-13 21:21:07.102085,London-ce41,-28,60,Normal
2026-02-13 21:21:08.102085,London-ce41,-27,59,Normal
2026-02-13 21:21:09.102085,London-ce41,-19,21,Normal
2026-02-13 21:21:10.102085,London-ce41,33,30,Normal
2026-02-13 21:21:11.102085,London-ce41,33,61,Normal
2026-02-13 21:21:12.102085,London-ce41,40,12,Normal
2026-02-13 21:21:13.102085,London-ce41,-12,33,Normal
2026-02-13 21:21:14.102085,London-ce41,29,22,Normal
2026-02-13 21:21:15.102085,London-ce41,-16,85,Normal
2026-02-13 21:21:16.102085,London-ce41,34,99,Normal
2026-02-13 21:21:17.102085,London-ce41,8,80,Normal
2026-02-13 21:21:18.102085,London-ce41,29,20,Normal
2026-02-13 21:21:19.102085,London-ce41,21,23,Normal
2026-02-13 21:21:20.102085,London-ce41,16,83,Normal
2026-02-13 21:21:21.102085,London-ce41,47,43,Normal
2026-02-13 21:21:22.102085,London-ce41,-26,77,Normal
2026-02-13 21:21:23.102085,London-ce41,-30,66,Normal
2026-02-13 21:21:24.102085,London-ce41,11,34,Normal
2026-02-13 21:21:25.102085,London-ce41,-25,95,Normal
2026-02-13 21:21:26.102085,London-ce41,10,72,Normal
2026-02-13 21:21:27.102085,London-ce41,-1,5,Normal
2026-02-13 21:21:28.102085,London-ce41,21,27,Normal
2026-02-13 21:21:29.102085,London-ce41,-4,81,Normal
2026-02-13 21:21:30.102085,London-ce41,-26,20,Normal
2026-02-13 21:21:31.102085,London-ce41,39,66,Normal
2026-02-13 21:21:32.102085,London-ce41,-14,100,Normal
2026-02-13 21:21:33.102085,London-ce41,50,18,Normal
2026-02-13 21:21:34.102085,London-ce41,12,82,Normal
2026-02-13 21:21:35.102085,London-ce41,11,21,Normal
2026-02-13 21:21:36.102085,London-ce41,43,99,Normal
2026-02-13 21:21:37.102085,London-ce41,39,22,Normal
2026-02-13 21:21:38.102085,London-ce41,9,40,Normal
2026-02-13 21:21:39.102085,London-ce41,-7,53,Normal
2026-02-13 21:21:40.102085,London-ce41,38,96,Normal
2026-02-13 21:21:41.102085,London-ce41,27,17,Normal
2026-02-13 21:21:42.102085,London-ce41,-14,45,Normal
2026-02-13 21:21:43.102085,London-ce41,3,76,Normal
2026-02-13 21:21:44.102085,London-ce41,36,80,Normal
2026-02-13 21:21:45.102085,London-ce41,40,43,Normal
2026-02-13 21:21:46.102085,London-ce41,5,55,Normal
2026-02-13 21:21:47.102085,London-ce41,4,87,Normal
2026-02-13 21:21:48.102085,London-ce41,15,23,Normal
2026-02-13 21:21:49.102085,London-ce41,9,21,Normal
2026-02-13 21:21:50.102085,London-ce41,22,52,Normal
2026-02-13 21:21:51.102085,London-ce41,-8,91,Normal
2026-02-13 21:21:52.102085,London-ce41,42,28,Normal
2026-02-13 21:21:53.102085,London-ce41,-7,40,Normal
2026-02-13 21:21:54.102085,London-ce41,15,59,Normal
2026-02-13 21:21:55.102085,London-ce41,-14,7,Normal
2026-02-13 21:21:56.102085,London-ce41,16,51,Normal
2026-02-13 21:21:57.102085,London-ce41,40,16,Normal
2026-02-13 21:21:58.102085,London-ce41,42,52,Normal
2026-02-13 21:21:59.102085,London-ce41,8,72,Normal
2026-02-13 21:22:00.102085,London-ce41,33,29,Normal
2026-02-13 21:22:01.102085,London-ce41,34,67,Normal
2026-02-13 21:22:02.102085,London-ce41,18,96,Normal
2026-02-13 21:22:03.102085,London-ce41,29,81,Normal
2026-02-13 21:22:04.102085,London-ce41,38,53,Normal
2026-02-13 21:22:05.102085,London-ce41,9,19,Normal
2026-02-13 21:22:06.102085,London-ce41,16,86,Normal
2026-02-13 21:22:07.102085,London-ce41,35,83,Normal
2026-02-13 21:22:08.102085,London-ce41,13,86,Normal
2026-02-13 21:22:09.102085,London-ce41,47,16,Normal
2026-02-13 21:22:10.102085,London-ce41,14,74,Normal
2026-02-13 21:22:11.102085,London-ce41,8,32,Normal
2026-02-13 21:22:12.102085,London-ce41,15,37,Normal
2026-02-13 21:22:13.102085,London-ce41,21,29,Normal
2026-02-13 21:22:14.102085,London-ce41,14,92,Normal
2026-02-13 21:22:15.102085,London-ce41,6,57,Normal
2026-02-13 21:22:16.102085,London-ce41,6,75,Normal
2026-02-13 21:22:17.102085,London-ce41,48,92,Normal
2026-02-13 21:22:18.102085,London-ce41,24,43,Normal
2026-02-13 21:22:19.102085,London-ce41,49,5,Normal
2026-02-13 21:22:20.102085,London-ce41,47,94,Normal
2026-02-13 21:22:21.102085,London-ce41,9,93,Normal
2026-02-13 21:22:22.102085,London-ce41,-27,65,Normal
2026-02-13 21:22:23.102085,London-ce41,27,15,Normal
2026-02-13 21:22:24.102085,London-ce41,42,26,Normal
2026-02-13 21:22:25.102085,London-ce41,-29,10,Normal
2026-02-13 21:22:26.102085,London-ce41,-29,80,Normal
2026-02-13 21:22:27.102085,London-ce41,43,32,Normal
2026-02-13 21:22:28.102085,London-ce41,-20,89,Normal
2026-02-13 21:22:29.102085,London-ce41,29,52,Normal
2026-02-13 21:22:30.102085,London-ce41,-13,64,Normal
2026-02-13 21:22:31.102085,London-ce41,7,28,Normal
2026-02-13 21:22:32.102085,London-ce41,-14,83,Normal
2026-02-13 21:22:33.102085,London-ce41,44,51,Normal
2026-02-13 21:22:34.102085,London-ce41,36,17,Normal
2026-02-13 21:22:35.102085,London-ce41,-30,43,Normal
2026-02-13 21:22:36.102085,London-ce41,24,96,Normal
2026-02-13 21:22:37.102085,London-ce41,14,80,Normal
2026-02-13 21:22:38.102085,London-ce41,2,8,Normal
2026-02-13 21:22:39.102085,London-ce41,-23,43,Normal
2026-02-13 21:22:40.102085,London-ce41,9,62,Normal
2026-02-13 21:22:41.102085,London-ce41,29,39,Normal
2026-02-13 21:22:42.102085,London-ce41,43,94,Normal
2026-02-13 21:22:43.102085,London-ce41,46,14,Normal
2026-02-13 21:22:44.102085,London-ce41,48,37,Normal
2026-02-13 21:22:45.102085,London-ce41,22,88,Normal
2026-02-13 21:22:46.102085,London-ce41,-6,47,Normal
2026-02-13 21:22:47.102085,London-ce41,-15,34,Normal
2026-02-13 21:22:48.102085,London-ce41,7,76,Normal
2026-02-13 21:22:49.102085,London-ce41,42,54,Normal
2026-02-13 21:22:50.102085,London-ce41,-18,98,Normal
2026-02-13 21:22:51.102085,London-ce41,-18,68,Normal
2026-02-13 21:22:52.102085,London-ce41,-13,54,Normal
2026-02-13 21:22:53.102085,London-ce41,9,43,Normal
2026-02-13 21:22:54.102085,London-ce41,5,22,Normal
2026-02-13 21:22:55.102085,London-ce41,-28,41,Normal
2026-02-13 21:22:56.102085,London-ce41,31,75,Normal
2026-02-13 21:22:57.102085,London-ce41,-17,2,Normal
2026-02-13 21:22:58.102085,London-ce41,-18,58,Normal
2026-02-13 21:22:59.102085,London-ce41,-10,8,Normal
2026-02-13 21:23:00.102085,London-ce41,4,58,Normal
2026-02-13 21:23:01.102085,London-ce41,27,3,Normal
2026-02-13 21:23:02.102085,London-ce41,-29,29,Normal
2026-02-13 21:23:03.102085,London-ce41,49,31,Normal
2026-02-13 21:23:04.102085,London-ce41,-1,58,Normal
2026-02-13 21:23:05.102085,London-ce41,27,15,Normal
2026-02-13 21:23:06.102085,London-ce41,46,31,Normal
2026-02-13 21:23:07.102085,London-ce41,-8,88,Normal
2026-02-13 21:23:08.102085,London-ce41,31,10,Normal
2026-02-13 21:23:09.102085,London-ce41,50,70,Normal
2026-02-13 21:23:10.102085,London-ce41,27,80,Normal
2026-02-13 21:23:11.102085,London-ce41,-21,76,Normal
2026-02-13 21:23:12.102085,London-ce41,44,47,Normal
2026-02-13 21:23:13.102085,London-ce41,28,0,Normal
2026-02-13 21:23:14.102085,London-ce41,43,55,Normal
2026-02-13 21:23:15.102085,London-ce41,44,41,Normal
2026-02-13 21:23:16.102085,London-ce41,-29,3,Normal
2026-02-13 21:23:17.102085,London-ce41,1,44,Normal
2026-02-13 21:23:18.102085,London-ce41,-30,99,Normal
2026-02-13 21:23:19.102085,London-ce41,2,100,Normal
2026-02-13 21:23:20.102085,London-ce41,4,19,Normal
2026-02-13 21:23:21.102085,London-ce41,-20,22,Normal
2026-02-13 21:23:22.102085,London-ce41,21,57,Normal
2026-02-13 21:23:23.102085,London-ce41,33,22,Normal
2026-02-13 21:23:24.102085,London-ce41,-9,86,Normal
2026-02-13 21:23:25.102085,London-ce41,-19,63,Normal
2026-02-13 21:23:26.102085,London-ce41,-13,62,Normal
2026-02-13 21:23:27.102085,London-ce41,-19,56,Normal
2026-02-13 21:23:28.102085,London-ce41,34,49,Normal
2026-02-13 21:23:29.102085,London-ce41,4,61,Normal
2026-02-13 21:23:30.102085,London-ce41,38,74,Normal
2026-02-13 21:23:31.102085,London-ce41,-27,59,Normal
2026-02-13 21:23:32.102085,London-ce41,-16,17,Normal
2026-02-13 21:23:33.102085,London-ce41,-18,78,Normal
2026-02-13 21:23:34.102085,London-ce41,45,38,Normal
2026-02-13 21:23:35.102085,London-ce41,19,48,Normal
2026-02-13 21:23:36.102085,London-ce41,47,72,Normal
2026-02-13 21:23:37.102085,London-ce41,36,88,Normal
2026-02-13 21:23:38.102085,London-ce41,12,66,Normal
2026-02-13 21:23:39.102085,London-ce41,8,45,Normal
2026-02-13 21:23:40.102085,London-ce41,-21,64,Normal
2026-02-13 21:23:41.102085,London-ce41,31,35,Normal
2026-02-13 21:23:42.102085,London-ce41,3,72,Normal
2026-02-13 21:23:43.102085,London-ce41,-20,61,Normal
2026-02-13 21:23:44.102085,London-ce41,9,9,Normal
2026-02-13 21:23:45.102085,London-ce41,22,34,Normal
2026-02-13 21:23:46.102085,London-ce41,47,10,Normal
2026-02-13 21:23:47.102085,London-ce41,29,27,Normal
2026-02-13 21:23:48.102085,London-ce41,8,76,Normal
2026-02-13 21:23:49.102085,London-ce41,18,97,Normal
2026-02-13 21:23:50.102085,London-ce41,1,94,Normal
2026-02-13 21:23:51.102085,London-ce41,9,44,Normal
2026-02-13 21:23:52.102085,London-ce41,6,79,Normal
2026-02-13 21:23:53.102085,London-ce41,-1,89,Normal
2026-02-13 21:23:54.102085,London-ce41,7,55,Normal
2026-02-13 21:23:55.102085,London-ce41,-24,17,Normal
2026-02-13 21:23:56.102085,London-ce41,2,37,Normal
2026-02-13 21:23:57.102085,London-ce41,41,49,Normal
2026-02-13 21:23:58.102085,London-ce41,20,56,Normal
2026-02-13 21:23:59.102085,London-ce41,48,24,Normal
2026-02-13 21:24:00.102085,London-ce41,9,82,Normal
2026-02-13 21:24:01.102085,London-ce41,25,20,Normal
2026-02-13 21:24:02.102085,London-ce41,49,34,Normal
2026-02-13 21:24:03.102085,London-ce41,-7,38,Normal
2026-02-13 21:24:04.102085,London-ce41,24,92,Normal
2026-02-13 21:24:05.102085,London-ce41,-26,67,Normal
2026-02-13 21:24:06.102085,London-ce41,18,8,Normal
2026-02-13 21:24:07.102085,London-ce41,49,88,Normal
2026-02-13 21:24:08.102085,London-ce41,35,98,Normal
2026-02-13 21:24:09.102085,London-ce41,-19,96,Normal
2026-02-13 21:24:10.102085,London-ce41,31,0,Normal
2026-02-13 21:24:11.102085,London-ce41,16,91,Normal
2026-02-13 21:24:12.102085,London-ce41,24,99,Normal
2026-02-13 21:24:13.102085,London-ce41,16,80,Normal
2026-02-13 21:24:14.102085,London-ce41,-4,20,Normal
2026-02-13 21:24:15.102085,London-ce41,-12,30,Normal
2026-02-13 21:24:16.102085,London-ce41,2,16,Normal
2026-02-13 21:24:17.102085,London-ce41,-23,63,Normal
2026-02-13 21:24:18.102085,London-ce41,22,5,Normal
2026-02-13 21:24:19.102085,London-ce41,12,13,Normal
2026-02-13 21:24:20.102085,London-ce41,18,6,Normal
2026-02-13 21:24:21.102085,London-ce41,43,46,Normal
2026-02-13 21:24:22.102085,London-ce41,30,35,Normal
2026-02-13 21:24:23.102085,London-ce41,-20,78,Normal
2026-02-13 21:24:24.102085,London-ce41,44,44,Normal
2026-02-13 21:24:25.102085,London-ce41,17,67,Normal
2026-02-13 21:24:26.102085,London-ce41,25,68,Normal
2026-02-13 21:24:27.102085,London-ce41,-18,58,Normal
2026-02-13 21:24:28.102085,London-ce41,47,75,Normal
2026-02-13 21:24:29.102085,London-ce41,41,93,Normal
2026-02-13 21:24:30.102085,London-ce41,14,0,Normal
2026-02-13 21:24:31.102085,London-ce41,16,44,Normal
2026-02-13 21:24:32.102085,London-ce41,-17,48,Normal
2026-02-13 21:24:33.102085,London-ce41,1,70,Normal
2026-02-13 21:24:34.102085,London-ce41,32,23,Normal
2026-02-13 21:24:35.102085,London-ce41,-10,21,Normal
2026-02-13 21:24:36.102085,London-ce41,49,90,Normal
2026-02-13 21:24:37.102085,London-ce41,9,86,Normal
2026-02-13 21:24:38.102085,London-ce41,29,86,Normal
2026-02-13 21:24:39.102085,London-ce41,31,34,Normal
2026-02-13 21:24:40.102085,London-ce41,-14,51,Normal
2026-02-13 21:24:41.102085,London-ce41,-20,31,Normal
2026-02-13 21:24:42.102085,London-ce41,25,49,Normal
2026-02-13 21:24:43.102085,London-ce41,43,94,Normal
2026-02-13 21:24:44.102085,London-ce41,31,19,Normal
2026-02-13 21:24:45.102085,London-ce41,-27,71,Normal
2026-02-13 21:24:46.102085,London-ce41,12,44,Normal
2026-02-13 21:24:47.102085,London-ce41,11,77,Normal
2026-02-13 21:24:48.102085,London-ce41,-21,2,Normal
2026-02-13 21:24:49.102085,London-ce41,13,6,Normal
2026-02-13 21:24:50.102085,London-ce41,-22,85,Normal
2026-02-13 21:24:51.102085,London-ce41,-24,90,Normal
2026-02-13 21:24:52.102085,London-ce41,7,30,Normal
2026-02-13 21:24:53.102085,London-ce41,-24,79,Normal
2026-02-13 21:24:54.102085,London-ce41,-28,27,Normal
2026-02-13 21:24:55.102085,London-ce41,2,12,Normal
2026-02-13 21:24:56.102085,London-ce41,48,69,Normal
2026-02-13 21:24:57.102085,London-ce41,-1,64,Normal
2026-02-13 21:24:58.102085,London-ce41,-8,28,Normal
2026-02-13 21:24:59.102085,London-ce41,-22,92,Normal
2026-02-13 21:25:00.102085,London-ce41,-16,87,Normal
2026-02-13 21:25:01.102085,London-ce41,47,1,Normal
2026-02-13 21:25:02.102085,London-ce41,5,84,Normal
2026-02-13 21:25:03.102085,London-ce41,28,8,Normal
2026-02-13 21:25:04.102085,London-ce41,-24,39,Normal
2026-02-13 21:25:05.102085,London-ce41,16,64,Normal
2026-02-13 21:25:06.102085,London-ce41,-8,42,Normal
2026-02-13 21:25:07.102085,London-ce41,-4,83,Normal
2026-02-13 21:25:08.102085,London-ce41,-22,34,Normal
2026-02-13 21:25:09.102085,London-ce41,44,45,Normal
2026-02-13 21:25:10.102085,London-ce41,11,5,Normal
2026-02-13 21:25:11.102085,London-ce41,-23,79,Normal
2026-02-13 21:25:12.102085,London-ce41,50,40,Normal
2026-02-13 21:25:13.102085,London-ce41,15,62,Normal
2026-02-13 21:25:14.102085,London-ce41,18,90,Normal
2026-02-13 21:25:15.102085,London-ce41,12,24,Normal
2026-02-13 21:25:16.102085,London-ce41,40,91,Normal
2026-02-13 21:25:17.102085,London-ce41,-2,81,Normal
2026-02-13 21:25:18.102085,London-ce41,39,95,Normal
2026-02-13 21:25:19.102085,London-ce41,-15,37,Normal
2026-02-13 21:25:20.102085,London-ce41,-19,21,Normal
2026-02-13 21:25:21.102085,London-ce41,11,3,Normal
2026-02-13 21:25:22.102085,London-ce41,-22,38,Normal
2026-02-13 21:25:23.102085,London-ce41,41,11,Normal
2026-02-13 21:25:24.102085,London-ce41,29,50,Normal
2026-02-13 21:25:25.102085,London-ce41,6,65,Normal
2026-02-13 21:25:26.102085,London-ce41,-23,64,Normal
2026-02-13 21:25:27.102085,London-ce41,-22,17,Normal
2026-02-13 21:25:28.102085,London-ce41,-8,29,Normal
2026-02-13 21:25:29.102085,London-ce41,-15,76,Normal
2026-02-13 21:25:30.102085,London-ce41,-30,83,Normal
2026-02-13 21:25:31.102085,London-ce41,43,54,Normal
2026-02-13 21:25:32.102085,London-ce41,14,40,Normal
2026-02-13 21:25:33.102085,London-ce41,27,13,Normal
2026-02-13 21:25:34.102085,London-ce41,36,80,Normal
2026-02-13 21:25:35.102085,London-ce41,4,47,Normal
2026-02-13 21:25:36.102085,London-ce41,28,30,Normal
2026-02-13 21:25:37.102085,London-ce41,50,7,Normal
2026-02-13 21:25:38.102085,London-ce41,-20,38,Normal
2026-02-13 21:25:39.102085,London-ce41,40,69,Normal
2026-02-13 21:25:40.102085,London-ce41,11,45,Normal
2026-02-13 21:25:41.102085,London-ce41,-19,47,Normal
2026-02-13 21:25:42.102085,London-ce41,6,68,Normal
2026-02-13 21:25:43.102085,London-ce41,2,55,Normal
2026-02-13 21:25:44.102085,London-ce41,1,88,Normal
2026-02-13 21:25:45.102085,London-ce41,-15,56,Normal
2026-02-13 21:25:46.102085,London-ce41,-25,2,Normal
2026-02-13 21:25:47.102085,London-ce41,47,91,Normal
2026-02-13 21:25:48.102085,London-ce41,0,38,Normal
2026-02-13 21:25:49.102085,London-ce41,-9,4,Normal
2026-02-13 21:25:50.102085,London-ce41,-15,39,Normal
2026-02-13 21:25:51.102085,London-ce41,-22,44,Normal
2026-02-13 21:25:52.102085,London-ce41,-15,25,Normal
2026-02-13 21:25:53.102085,London-ce41,-30,36,Normal
2026-02-13 21:25:54.102085,London-ce41,-18,63,Normal
2026-02-13 21:25:55.102085,London-ce41,39,11,Normal
2026-02-13 21:25:56.102085,London-ce41,31,18,Normal
2026-02-13 21:25:57.102085,London-ce41,-9,5,Normal
2026-02-13 21:25:58.102085,London-ce41,18,4,Normal
2026-02-13 21:25:59.102085,London-ce41,-3,9,Normal
2026-02-13 21:26:00.102085,London-ce41,12,41,Normal
2026-02-13 21:26:01.102085,London-ce41,25,48,Normal
2026-02-13 21:26:02.102085,London-ce41,24,22,Normal
2026-02-13 21:26:03.102085,London-ce41,11,41,Normal
2026-02-13 21:26:04.102085,London-ce41,21,35,Normal
2026-02-13 21:26:05.102085,London-ce41,-19,94,Normal
2026-02-13 21:26:06.102085,London-ce41,-10,27,Normal
2026-02-13 21:26:07.102085,London-ce41,7,61,Normal
2026-02-13 21:26:08.102085,London-ce41,15,38,Normal
2026-02-13 21:26:09.102085,London-ce41,12,98,Normal
2026-02-13 21:26:10.102085,London-ce41,16,60,Normal
2026-02-13 21:26:11.102085,London-ce41,47,5,Normal
2026-02-13 21:26:12.102085,London-ce41,-13,12,Normal
2026-02-13 21:26:13.102085,London-ce41,35,17,Normal
2026-02-13 21:26:14.102085,London-ce41,22,47,Normal
2026-02-13 21:26:15.102085,London-ce41,-14,90,Normal
2026-02-13 21:26:16.102085,London-ce41,45,33,Normal
2026-02-13 21:26:17.102085,London-ce41,43,95,Normal
2026-02-13 21:26:18.102085,London-ce41,-2,27,Normal
2026-02-13 21:26:19.102085,London-ce41,5,36,Normal
2026-02-13 21:26:20.102085,London-ce41,26,2,Normal
2026-02-13 21:26:21.102085,London-ce41,-1,53,Normal
2026-02-13 21:26:22.102085,London-ce41,14,22,Normal
2026-02-13 21:26:23.102085,London-ce41,45,2,Normal
2026-02-13 21:26:24.102085,London-ce41,-18,85,Normal
2026-02-13 21:26:25.102085,London-ce41,-5,63,Normal
2026-02-13 21:26:26.102085,London-ce41,29,16,Normal
2026-02-13 21:26:27.102085,London-ce41,-29,68,Normal
2026-02-13 21:26:28.102085,London-ce41,-19,4,Normal
2026-02-13 21:26:29.102085,London-ce41,-27,57,Normal
2026-02-13 21:26:30.102085,London-ce41,-2,37,Normal
2026-02-13 21:26:31.102085,London-ce41,22,95,Normal
2026-02-13 21:26:32.102085,London-ce41,4,37,Normal
2026-02-13 21:26:33.102085,London-ce41,37,25,Normal
2026-02-13 21:26:34.102085,London-ce41,0,77,Normal
2026-02-13 21:26:35.102085,London-ce41,-29,22,Normal
2026-02-13 21:26:36.102085,London-ce41,-30,15,Normal
2026-02-13 21:26:37.102085,London-ce41,9,87,Normal
2026-02-13 21:26:38.102085,London-ce41,-2,18,Normal
2026-02-13 21:26:39.102085,London-ce41,0,5,Normal
2026-02-13 21:26:40.102085,London-ce41,-16,5,Normal
2026-02-13 21:26:41.102085,London-ce41,31,82,Normal
2026-02-13 21:26:42.102085,London-ce41,-27,29,Normal
2026-02-13 21:26:43.102085,London-ce41,48,29,Normal
2026-02-13 21:26:44.102085,London-ce41,48,3,Normal
2026-02-13 21:26:45.102085,London-ce41,-10,19,Normal
2026-02-13 21:26:46.102085,London-ce41,-4,5,Normal
2026-02-13 21:26:47.102085,London-ce41,-18,13,Normal
2026-02-13 21:26:48.102085,London-ce41,3,8,Normal
2026-02-13 21:26:49.102085,London-ce41,36,82,Normal
2026-02-13 21:26:50.102085,London-ce41,-4,94,Normal
2026-02-13 21:26:51.102085,London-ce41,-13,74,Normal
2026-02-13 21:26:52.102085,London-ce41,41,29,Normal
2026-02-13 21:26:53.102085,London-ce41,-19,42,Normal
2026-02-13 21:26:54.102085,London-ce41,39,95,Normal
2026-02-13 21:26:55.102085,London-ce41,-20,26,Normal
2026-02-13 21:26:56.102085,London-ce41,0,27,Normal
2026-02-13 21:26:57.102085,London-ce41,-26,55,Normal
2026-02-13 21:26:58.102085,London-ce41,24,0,Normal
2026-02-13 21:26:59.102085,London-ce41,20,52,Normal
2026-02-13 21:27:00.102085,London-ce41,25,13,Normal
2026-02-13 21:27:01.102085,London-ce41,-1,4,Normal
2026-02-13 21:27:02.102085,London-ce41,-12,35,Normal
2026-02-13 21:27:03.102085,London-ce41,46,42,Normal
2026-02-13 21:27:04.102085,London-ce41,-11,65,Normal
2026-02-13 21:27:05.102085,London-ce41,2,41,Normal
2026-02-13 21:27:06.102085,London-ce41,-6,28,Normal
2026-02-13 21:27:07.102085,London-ce41,25,10,Normal
2026-02-13 21:27:08.102085,London-ce41,-20,60,Normal
2026-02-13 21:27:09.102085,London-ce41,50,82,Normal
2026-02-13 21:27:10.102085,London-ce41,4,6,Normal
2026-02-13 21:27:11.102085,London-ce41,-7,54,Normal
2026-02-13 21:27:12.102085,London-ce41,12,22,Normal
2026-02-13 21:27:13.102085,London-ce41,33,100,Normal
2026-02-13 21:27:14.102085,London-ce41,48,62,Normal
2026-02-13 21:27:15.102085,London-ce41,-22,69,Normal
2026-02-13 21:27:16.102085,London-ce41,39,64,Normal
2026-02-13 21:27:17.102085,London-ce41,44,85,Normal
2026-02-13 21:27:18.102085,London-ce41,42,11,Normal
2026-02-13 21:27:19.102085,London-ce41,6,73,Normal
2026-02-13 21:27:20.102085,London-ce41,43,58,Normal
2026-02-13 21:27:21.102085,London-ce41,20,65,Normal
2026-02-13 21:27:22.102085,London-ce41,12,15,Normal
2026-02-13 21:27:23.102085,London-ce41,-20,65,Normal
2026-02-13 21:27:24.102085,London-ce41,-6,96,Normal
2026-02-13 21:27:25.102085,London-ce41,3,98,Normal
2026-02-13 21:27:26.102085,London-ce41,6,0,Normal
2026-02-13 21:27:27.102085,London-ce41,13,42,Normal
2026-02-13 21:27:28.102085,London-ce41,-8,75,Normal
2026-02-13 21:27:29.102085,London-ce41,-4,9,Normal
2026-02-13 21:27:30.102085,London-ce41,3,3,Normal
2026-02-13 21:27:31.102085,London-ce41,-18,87,Normal
2026-02-13 21:27:32.102085,London-ce41,-26,24,Normal
2026-02-13 21:27:33.102085,London-ce41,13,53,Normal
2026-02-13 21:27:34.102085,London-ce41,-3,56,Normal
2026-02-13 21:27:35.102085,London-ce41,-29,61,Normal
2026-02-13 21:27:36.102085,London-ce41,34,59,Normal
2026-02-13 21:27:37.102085,London-ce41,24,10,Normal
2026-02-13 21:27:38.102085,London-ce41,0,95,Normal
2026-02-13 21:27:39.102085,London-ce41,35,37,Normal
2026-02-13 21:27:40.102085,London-ce41,20,13,Normal
2026-02-13 21:27:41.102085,London-ce41,-1,14,Normal
2026-02-13 21:27:42.102085,London-ce41,20,85,Normal
2026-02-13 21:27:43.102085,London-ce41,21,40,Normal
2026-02-13 21:27:44.102085,London-ce41,-27,31,Normal
2026-02-13 21:27:45.102085,London-ce41,31,63,Normal
2026-02-13 21:27:46.102085,London-ce41,41,81,Normal
2026-02-13 21:27:47.102085,London-ce41,-15,58,Normal
2026-02-13 21:27:48.102085,London-ce41,40,36,Normal
2026-02-13 21:27:49.102085,London-ce41,25,99,Normal
2026-02-13 21:27:50.102085,London-ce41,-9,51,Normal
2026-02-13 21:27:51.102085,London-ce41,-6,49,Normal
2026-02-13 21:27:52.102085,London-ce41,-15,4,Normal
2026-02-13 21:27:53.102085,London-ce41,14,92,Normal
2026-02-13 21:27:54.102085,London-ce41,27,60,Normal
2026-02-13 21:27:55.102085,London-ce41,18,59,Normal
2026-02-13 21:27:56.102085,London-ce41,25,50,Normal
2026-02-13 21:27:57.102085,London-ce41,43,19,Normal
2026-02-13 21:27:58.102085,London-ce41,11,21,Normal
2026-02-13 21:27:59.102085,London-ce41,-22,15,Normal
2026-02-13 21:28:00.102085,London-ce41,-24,71,Normal
2026-02-13 21:28:01.102085,London-ce41,-25,79,Normal
2026-02-13 21:28:02.102085,London-ce41,19,55,Normal
2026-02-13 21:28:03.102085,London-ce41,-16,80,Normal
2026-02-13 21:28:04.102085,London-ce41,-30,75,Normal
2026-02-13 21:28:05.102085,London-ce41,20,11,Normal
2026-02-13 21:28:06.102085,London-ce41,6,7,Normal
2026-02-13 21:28:07.102085,London-ce41,-10,99,Normal
2026-02-13 21:28:08.102085,London-ce41,35,58,Normal
2026-02-13 21:28:09.102085,London-ce41,31,34,Normal
2026-02-13 21:28:10.102085,London-ce41,13,28,Normal
2026-02-13 21:28:11.102085,London-ce41,45,67,Normal
2026-02-13 21:28:12.102085,London-ce41,-4,82,Normal
2026-02-13 21:28:13.102085,London-ce41,40,22,Normal
2026-02-13 21:28:14.102085,London-ce41,21,91,Normal
2026-02-13 21:28:15.102085,London-ce41,27,67,Normal
2026-02-13 21:28:16.102085,London-ce41,15,98,Normal
2026-02-13 21:28:17.102085,London-ce41,-10,26,Normal
2026-02-13 21:28:18.102085,London-ce41,13,41,Normal
2026-02-13 21:28:19.102085,London-ce41,46,61,Normal
2026-02-13 21:28:20.102085,London-ce41,6,67,Normal
2026-02-13 21:28:21.102085,London-ce41,-9,82,Normal
2026-02-13 21:28:22.102085,London-ce41,-23,28,Normal
2026-02-13 21:28:23.102085,London-ce41,2,14,Normal
2026-02-13 21:28:24.102085,London-ce41,-16,41,Normal
2026-02-13 21:28:25.102085,London-ce41,3,30,Normal
2026-02-13 21:28:26.102085,London-ce41,10,96,Normal
2026-02-13 21:28:27.102085,London-ce41,-26,10,Normal
2026-02-13 21:28:28.102085,London-ce41,8,49,Normal
2026-02-13 21:28:29.102085,London-ce41,-25,71,Normal
2026-02-13 21:28:30.102085,London-ce41,39,53,Normal
2026-02-13 21:28:31.102085,London-ce41,46,87,Normal
2026-02-13 21:28:32.102085,London-ce41,47,94,Normal
2026-02-13 21:28:33.102085,London-ce41,-3,36,Normal
2026-02-13 21:28:34.102085,London-ce41,7,20,Normal
2026-02-13 21:28:35.102085,London-ce41,9,99,Normal
2026-02-13 21:28:36.102085,London-ce41,-19,0,Normal
2026-02-13 21:28:37.102085,London-ce41,42,95,Normal
2026-02-13 21:28:38.102085,London-ce41,27,44,Normal
2026-02-13 21:28:39.102085,London-ce41,-14,80,Normal
2026-02-13 21:28:40.102085,London-ce41,-23,21,Normal
2026-02-13 21:28:41.102085,London-ce41,-30,36,Normal
2026-02-13 21:28:42.102085,London-ce41,3,5,Normal
2026-02-13 21:28:43.102085,London-ce41,-27,80,Normal
2026-02-13 21:28:44.102085,London-ce41,15,27,Normal
2026-02-13 21:28:45.102085,London-ce41,28,34,Normal
2026-02-13 21:28:46.102085,London-ce41,-30,7,Normal
2026-02-13 21:28:47.102085,London-ce41,-20,98,Normal
2026-02-13 21:28:48.102085,London-ce41,8,61,Normal
2026-02-13 21:28:49.102085,London-ce41,39,92,Normal
2026-02-13 21:28:50.102085,London-ce41,0,39,Normal
2026-02-13 21:28:51.102085,London-ce41,39,87,Normal
2026-02-13 21:28:52.102085,London-ce41,-4,97,Normal
2026-02-13 21:28:53.102085,London-ce41,48,94,Normal
2026-02-13 21:28:54.102085,London-ce41,0,94,Normal
2026-02-13 21:28:55.102085,London-ce41,29,63,Normal
2026-02-13 21:28:56.102085,London-ce41,-5,34,Normal
2026-02-13 21:28:57.102085,London-ce41,-24,26,Normal
2026-02-13 21:28:58.102085,London-ce41,-4,57,Normal
2026-02-13 21:28:59.102085,London-ce41,36,55,Normal
2026-02-13 21:29:00.102085,London-ce41,-18,100,Normal
2026-02-13 21:29:01.102085,London-ce41,22,38,Normal
2026-02-13 21:29:02.102085,London-ce41,14,100,Normal
2026-02-13 21:29:03.102085,London-ce41,23,46,Normal
2026-02-13 21:29:04.102085,London-ce41,11,61,Normal
2026-02-13 21:29:05.102085,London-ce41,-21,66,Normal
2026-02-13 21:29:06.102085,London-ce41,13,81,Normal
2026-02-13 21:29:07.102085,London-ce41,13,44,Normal
2026-02-13 21:29:08.102085,London-ce41,-28,35,Normal
2026-02-13 21:29:09.102085,London-ce41,30,35,Normal
2026-02-13 21:29:10.102085,London-ce41,22,66,Normal
2026-02-13 21:29:11.102085,London-ce41,-22,93,Normal
2026-02-13 21:29:12.102085,London-ce41,-24,7,Normal
2026-02-13 21:29:13.102085,London-ce41,48,21,Normal
2026-02-13 21:29:14.102085,London-ce41,8,39,Normal
2026-02-13 21:29:15.102085,London-ce41,-22,18,Normal
2026-02-13 21:29:16.102085,London-ce41,28,70,Normal
2026-02-13 21:29:17.102085,London-ce41,-4,76,Normal
2026-02-13 21:29:18.102085,London-ce41,25,24,Normal
2026-02-13 21:29:19.102085,London-ce41,-22,87,Normal
2026-02-13 21:29:20.102085,London-ce41,1,19,Normal
2026-02-13 21:29:21.102085,London-ce41,25,15,Normal
2026-02-13 21:29:22.102085,London-ce41,18,53,Normal
2026-02-13 21:29:23.102085,London-ce41,43,81,Normal
2026-02-13 21:29:24.102085,London-ce41,-22,26,Normal
2026-02-13 21:29:25.102085,London-ce41,35,67,Normal
2026-02-13 21:29:26.102085,London-ce41,-20,29,Normal
2026-02-13 21:29:27.102085,London-ce41,-13,22,Normal
2026-02-13 21:29:28.102085,London-ce41,0,80,Normal
2026-02-13 21:29:29.102085,London-ce41,-8,59,Normal
2026-02-13 21:29:30.102085,London-ce41,43,43,Normal
2026-02-13 21:29:31.102085,London-ce41,-12,21,Normal
2026-02-13 21:29:32.102085,London-ce41,29,19,Normal
2026-02-13 21:29:33.102085,London-ce41,-22,69,Normal
2026-02-13 21:29:34.102085,London-ce41,9,15,Normal
2026-02-13 21:29:35.102085,London-ce41,17,97,Normal
2026-02-13 21:29:36.102085,London-ce41,13,87,Normal
2026-02-13 21:29:37.102085,London-ce41,37,60,Normal
2026-02-13 21:29:38.102085,London-ce41,16,98,Normal
2026-02-13 21:29:39.102085,London-ce41,27,2,Normal
2026-02-13 21:29:40.102085,London-ce41,30,18,Normal
2026-02-13 21:29:41.102085,London-ce41,-4,100,Normal
2026-02-13 21:29:42.102085,London-ce41,31,98,Normal
2026-02-13 21:29:43.102085,London-ce41,14,83,Normal
2026-02-13 21:29:44.102085,London-ce41,-10,19,Normal
2026-02-13 21:29:45.102085,London-ce41,19,55,Normal
2026-02-13 21:29:46.102085,London-ce41,26,77,Normal
2026-02-13 21:29:47.102085,London-ce41,41,32,Normal
2026-02-13 21:29:48.102085,London-ce41,41,23,Normal
2026-02-13 21:29:49.102085,London-ce41,35,85,Normal
2026-02-13 21:29:50.102085,London-ce41,39,93,Normal
