timestamp,station_id,temp,humid,condition
2026-02-13 19:54:52.545572,Tokyo-9190,19,89,Normal
2026-02-13 19:54:53.545572,Tokyo-9190,24,59,Normal
2026-02-13 19:54:54.545572,Tokyo-9190,-25,42,Normal
2026-02-13 19:54:55.545572,Tokyo-9190,-1,65,Normal
2026-02-13 19:54:56.545572,Tokyo-9190,38,53,Normal
2026-02-13 19:54:57.545572,Tokyo-9190,0,26,Normal
2026-02-13 19:54:58.545572,Tokyo-9190,15,62,Normal
2026-02-13 19:54:59.545572,Tokyo-9190,-3,21,Normal
2026-02-13 19:55:00.545572,Tokyo-9190,-12,72,Normal
2026-02-13 19:55:01.545572,Tokyo-9190,28,43,Normal
2026-02-13 19:55:02.545572,Tokyo-9190,-2,29,Normal
2026-02-13 19:55:03.545572,Tokyo-9190,50,9,Normal
2026-02-13 19:55:04.545572,Tokyo-9190,-18,87,Normal
2026-02-13 19:55:05.545572,Tokyo-9190,-12,0,Normal
2026-02-13 19:55:06.545572,Tokyo-9190,-16,44,Normal
2026-02-13 19:55:07.545572,Tokyo-9190,-1,88,Normal
2026-02-13 19:55:08.545572,Tokyo-9190,26,35,Normal
2026-02-13 19:55:09.545572,Tokyo-9190,18,2,Normal
2026-02-13 19:55:10.545572,Tokyo-9190,24,67,Normal
2026-02-13 19:55:11.545572,Tokyo-9190,36,87,Normal
2026-02-13 19:55:12.545572,Tokyo-9190,-30,91,Normal
2026-02-13 19:55:13.545572,Tokyo-9190,3,1,Normal
2026-02-13 19:55:14.545572,Tokyo-9190,-16,40,Normal
2026-02-13 19:55:15.545572,Tokyo-9190,-13,90,Normal
2026-02-13 19:55:16.545572,Tokyo-9190,-8,85,Normal
2026-02-13 19:55:17.545572,Tokyo-9190,10,5,Normal
2026-02-13 19:55:18.545572,Tokyo-9190,31,17,Normal
2026-02-13 19:55:19.545572,Tokyo-9190,26,29,Normal
2026-02-13 19:55:20.545572,Tokyo-9190,7,60,Normal
2026-02-13 19:55:21.545572,Tokyo-9190,26,32,Normal
2026-02-13 19:55:22.545572,Tokyo-9190,20,80,Normal
2026-02-13 19:55:23.545572,Tokyo-9190,4,99,Normal
2026-02-13 19:55:24.545572,Tokyo-9190,11,96,Normal
2026-02-13 19:55:25.545572,Tokyo-9190,47,36,Normal
2026-02-13 19:55:26.545572,Tokyo-9190,33,46,Normal
2026-02-13 19:55:27.545572,Tokyo-9190,13,59,Normal
2026-02-13 19:55:28.545572,Tokyo-9190,25,72,Normal
2026-02-13 19:55:29.545572,Tokyo-9190,-19,6,Normal
2026-02-13 19:55:30.545572,Tokyo-9190,14,78,Normal
2026-02-13 19:55:31.545572,Tokyo-9190,17,95,Normal
2026-02-13 19:55:32.545572,Tokyo-9190,11,84,Normal
2026-02-13 19:55:33.545572,Tokyo-9190,5,34,Normal
2026-02-13 19:55:34.545572,Tokyo-9190,24,82,Normal
2026-02-13 19:55:35.545572,Tokyo-9190,-15,10,Normal
2026-02-13 19:55:36.545572,Tokyo-9190,21,88,Normal
2026-02-13 19:55:37.545572,Tokyo-9190,23,28,Normal
2026-02-13 19:55:38.545572,Tokyo-9190,-25,96,Normal
2026-02-13 19:55:39.545572,Tokyo-9190,46,38,Normal
2026-02-13 19:55:40.545572,Tokyo-9190,50,94,Normal
2026-02-13 19:55:41.545572,Tokyo-9190,-4,18,Normal
2026-02-13 19:55:42.545572,Tokyo-9190,-19,27,Normal
2026-02-13 19:55:43.545572,Tokyo-9190,-22,88,Normal
2026-02-13 19:55:44.545572,Tokyo-9190,-8,74,Normal
2026-02-13 19:55:45.545572,Tokyo-9190,25,54,Normal
2026-02-13 19:55:46.545572,Tokyo-9190,36,10,Normal
2026-02-13 19:55:47.545572,Tokyo-9190,12,71,Normal
2026-02-13 19:55:48.545572,Tokyo-9190,0,24,Normal
2026-02-13 19:55:49.545572,Tokyo-9190,-25,26,Normal
2026-02-13 19:55:50.545572,Tokyo-9190,-22,4,Normal
2026-02-13 19:55:51.545572,Tokyo-9190,7,2,Normal
2026-02-13 19:55:52.545572,Tokyo-9190,-4,55,Normal
2026-02-13 19:55:53.545572,Tokyo-9190,-7,22,Normal
2026-02-13 19:55:54.545572,Tokyo-9190,42,61,Normal
2026-02-13 19:55:55.545572,Tokyo-9190,6,100,Normal
2026-02-13 19:55:56.545572,Tokyo-9190,24,99,Normal
2026-02-13 19:55:57.545572,Tokyo-9190,6,76,Normal
2026-02-13 19:55:58.545572,Tokyo-9190,32,28,Normal
2026-02-13 19:55:59.545572,Tokyo-9190,-11,77,Normal
2026-02-13 19:56:00.545572,Tokyo-9190,41,9,Normal
2026-02-13 19:56:01.545572,Tokyo-9190,23,67,Normal
2026-02-13 19:56:02.545572,Tokyo-9190,37,7,Normal
2026-02-13 19:56:03.545572,Tokyo-9190,-8,62,Normal
2026-02-13 19:56:04.545572,Tokyo-9190,-18,59,Normal
2026-02-13 19:56:05.545572,Tokyo-9190,-9,97,Normal
2026-02-13 19:56:06.545572,Tokyo-9190,23,47,Normal
2026-02-13 19:56:07.545572,Tokyo-9190,12,51,Normal
2026-02-13 19:56:08.545572,Tokyo-9190,7,41,Normal
2026-02-13 19:56:09.545572,Tokyo-9190,43,66,Normal
2026-02-13 19:56:10.545572,Tokyo-9190,25,55,Normal
2026-02-13 19:56:11.545572,Tokyo-9190,-22,19,Normal
2026-02-13 19:56:12.545572,Tokyo-9190,-10,0,Normal
2026-02-13 19:56:13.545572,Tokyo-9190,-24,0,Normal
2026-02-13 19:56:14.545572,Tokyo-9190,5,23,Normal
2026-02-13 19:56:15.545572,Tokyo-9190,35,77,Normal
2026-02-13 19:56:16.545572,Tokyo-9190,-13,21,Normal
2026-02-13 19:56:17.545572,Tokyo-9190,48,97,Normal
2026-02-13 19:56:18.545572,Tokyo-9190,45,26,Normal
2026-02-13 19:56:19.545572,Tokyo-9190,-6,95,Normal
2026-02-13 19:56:20.545572,Tokyo-9190,-22,27,Normal
2026-02-13 19:56:21.545572,Tokyo-9190,42,92,Normal
2026-02-13 19:56:22.545572,Tokyo-9190,38,69,Normal
2026-02-13 19:56:23.545572,Tokyo-9190,-3,32,Normal
2026-02-13 19:56:24.545572,Tokyo-9190,33,6,Normal
2026-02-13 19:56:25.545572,Tokyo-9190,-15,94,Normal
2026-02-13 19:56:26.545572,Tokyo-9190,-26,39,Normal
2026-02-13 19:56:27.545572,Tokyo-9190,-13,12,Normal
2026-02-13 19:56:28.545572,Tokyo-9190,-7,13,Normal
2026-02-13 19:56:29.545572,Tokyo-9190,26,13,Normal
2026-02-13 19:56:30.545572,Tokyo-9190,-21,32,Normal
2026-02-13 19:56:31.545572,Tokyo-9190,-3,73,Normal
2026-02-13 19:56:32.545572,Tokyo-9190,41,98,Normal
2026-02-13 19:56:33.545572,Tokyo-9190,9,76,Normal
2026-02-13 19:56:34.545572,Tokyo-9190,45,51,Normal
2026-02-13 19:56:35.545572,Tokyo-9190,19,92,Normal
2026-02-13 19:56:36.545572,Tokyo-9190,31,12,Normal
2026-02-13 19:56:37.545572,Tokyo-9190,-25,69,Normal
2026-02-13 19:56:38.545572,Tokyo-9190,-27,80,Normal
2026-02-13 19:56:39.545572,Tokyo-9190,-18,46,Normal
2026-02-13 19:56:40.545572,Tokyo-9190,32,80,Normal
2026-02-13 19:56:41.545572,Tokyo-9190,0,2,Normal
2026-02-13 19:56:42.545572,Tokyo-9190,5,81,Normal
2026-02-13 19:56:43.545572,Tokyo-9190,-29,64,Normal
2026-02-13 19:56:44.545572,Tokyo-9190,-4,73,Normal
2026-02-13 19:56:45.545572,Tokyo-9190,29,67,Normal
2026-02-13 19:56:46.545572,Tokyo-9190,-7,72,Normal
2026-02-13 19:56:47.545572,Tokyo-9190,45,94,Normal
2026-02-13 19:56:48.545572,Tokyo-9190,32,85,Normal
2026-02-13 19:56:49.545572,Tokyo-9190,22,21,Normal
2026-02-13 19:56:50.545572,Tokyo-9190,26,51,Normal
2026-02-13 19:56:51.545572,Tokyo-9190,5,63,Normal
2026-02-13 19:56:52.545572,Tokyo-9190,19,45,Normal
2026-02-13 19:56:53.545572,Tokyo-9190,28,16,Normal
2026-02-13 19:56:54.545572,Tokyo-9190,15,94,Normal
2026-02-13 19:56:55.545572,Tokyo-9190,-24,24,Normal
2026-02-13 19:56:56.545572,Tokyo-9190,3,91,Normal
2026-02-13 19:56:57.545572,Tokyo-9190,10,12,Normal
2026-02-13 19:56:58.545572,Tokyo-9190,28,66,Normal
2026-02-13 19:56:59.545572,Tokyo-9190,22,7,Normal
2026-02-13 19:57:00.545572,Tokyo-9190,-29,95,Normal
2026-02-13 19:57:01.545572,Tokyo-9190,13,67,Normal
2026-02-13 19:57:02.545572,Tokyo-9190,12,91,Normal
2026-02-13 19:57:03.545572,Tokyo-9190,10,14,Normal
2026-02-13 19:57:04.545572,Tokyo-9190,45,75,Normal
2026-02-13 19:57:05.545572,Tokyo-9190,27,70,Normal
2026-02-13 19:57:06.545572,Tokyo-9190,-9,20,Normal
2026-02-13 19:57:07.545572,Tokyo-9190,30,64,Normal
2026-02-13 19:57:08.545572,Tokyo-9190,26,64,Normal
2026-02-13 19:57:09.545572,Tokyo-9190,10,92,Normal
2026-02-13 19:57:10.545572,Tokyo-9190,15,62,Normal
2026-02-13 19:57:11.545572,Tokyo-9190,50,54,Normal
2026-02-13 19:57:12.545572,Tokyo-9190,-13,97,Normal
2026-02-13 19:57:13.545572,Tokyo-9190,-9,45,Normal
2026-02-13 19:57:14.545572,Tokyo-9190,41,50,Normal
2026-02-13 19:57:15.545572,Tokyo-9190,-22,24,Normal
2026-02-13 19:57:16.545572,Tokyo-9190,22,53,Normal
2026-02-13 19:57:17.545572,Tokyo-9190,-4,53,Normal
2026-02-13 19:57:18.545572,Tokyo-9190,4,70,Normal
2026-02-13 19:57:19.545572,Tokyo-9190,18,44,Normal
2026-02-13 19:57:20.545572,Tokyo-9190,2,28,Normal
2026-02-13 19:57:21.545572,Tokyo-9190,10,15,Normal
2026-02-13 19:57:22.545572,Tokyo-9190,-13,10,Normal
2026-02-13 19:57:23.545572,Tokyo-9190,-23,99,Normal
2026-02-13 19:57:24.545572,Tokyo-9190,29,19,Normal
2026-02-13 19:57:25.545572,Tokyo-9190,45,89,Normal
2026-02-13 19:57:26.545572,Tokyo-9190,31,33,Normal
2026-02-13 19:57:27.545572,Tokyo-9190,-15,46,Normal
2026-02-13 19:57:28.545572,Tokyo-9190,0,1,Normal
2026-02-13 19:57:29.545572,Tokyo-9190,14,53,Normal
2026-02-13 19:57:30.545572,Tokyo-9190,1,52,Normal
2026-02-13 19:57:31.545572,Tokyo-9190,-8,88,Normal
2026-02-13 19:57:32.545572,Tokyo-9190,28,9,Normal
2026-02-13 19:57:33.545572,Tokyo-9190,50,32,Normal
2026-02-13 19:57:34.545572,Tokyo-9190,-21,66,Normal
2026-02-13 19:57:35.545572,Tokyo-9190,20,49,Normal
2026-02-13 19:57:36.545572,Tokyo-9190,-1,89,Normal
2026-02-13 19:57:37.545572,Tokyo-9190,49,59,Normal
2026-02-13 19:57:38.545572,Tokyo-9190,7,40,Normal
2026-02-13 19:57:39.545572,Tokyo-9190,-22,44,Normal
2026-02-13 19:57:40.545572,Tokyo-9190,-3,36,Normal
2026-02-13 19:57:41.545572,Tokyo-9190,0,1,Normal
2026-02-13 19:57:42.545572,Tokyo-9190,31,49,Normal
2026-02-13 19:57:43.545572,Tokyo-9190,11,79,Normal
2026-02-13 19:57:44.545572,Tokyo-9190,-28,6,Normal
2026-02-13 19:57:45.545572,Tokyo-9190,-20,85,Normal
2026-02-13 19:57:46.545572,Tokyo-9190,-3,76,Normal
2026-02-13 19:57:47.545572,Tokyo-9190,-13,27,Normal
2026-02-13 19:57:48.545572,Tokyo-9190,40,36,Normal
2026-02-13 19:57:49.545572,Tokyo-9190,17,52,Normal
2026-02-13 19:57:50.545572,Tokyo-9190,-11,76,Normal
2026-02-13 19:57:51.545572,Tokyo-9190,-28,77,Normal
2026-02-13 19:57:52.545572,Tokyo-9190,-23,43,Normal
2026-02-13 19:57:53.545572,Tokyo-9190,-28,83,Normal
2026-02-13 19:57:54.545572,Tokyo-9190,25,7,Normal
2026-02-13 19:57:55.545572,Tokyo-9190,22,49,Normal
2026-02-13 19:57:56.545572,Tokyo-9190,13,97,Normal
2026-02-13 19:57:57.545572,Tokyo-9190,-27,94,Normal
2026-02-13 19:57:58.545572,Tokyo-9190,43,55,Normal
2026-02-13 19:57:59.545572,Tokyo-9190,5,76,Normal
2026-02-13 19:58:00.545572,Tokyo-9190,22,12,Normal
2026-02-13 19:58:01.545572,Tokyo-9190,1,17,Normal
2026-02-13 19:58:02.545572,Tokyo-9190,41,13,Normal
2026-02-13 19:58:03.545572,Tokyo-9190,47,68,Normal
2026-02-13 19:58:04.545572,Tokyo-9190,19,2,Normal
2026-02-13 19:58:05.545572,Tokyo-9190,8,60,Normal
2026-02-13 19:58:06.545572,Tokyo-9190,26,92,Normal
2026-02-13 19:58:07.545572,Tokyo-9190,-26,73,Normal
2026-02-13 19:58:08.545572,Tokyo-9190,11,7,Normal
2026-02-13 19:58:09.545572,Tokyo-9190,13,48,Normal
2026-02-13 19:58:10.545572,Tokyo-9190,8,6,Normal
2026-02-13 19:58:11.545572,Tokyo-9190,-9,69,Normal
2026-02-13 19:58:12.545572,Tokyo-9190,8,92,Normal
2026-02-13 19:58:13.545572,Tokyo-9190,42,70,Normal
2026-02-13 19:58:14.545572,Tokyo-9190,-18,21,Normal
2026-02-13 19:58:15.545572,Tokyo-9190,-10,45,Normal
2026-02-13 19:58:16.545572,Tokyo-9190,-23,8,Normal
2026-02-13 19:58:17.545572,Tokyo-9190,39,49,Normal
2026-02-13 19:58:18.545572,Tokyo-9190,-8,61,Normal
2026-02-13 19:58:19.545572,Tokyo-9190,-28,33,Normal
2026-02-13 19:58:20.545572,Tokyo-9190,28,17,Normal
2026-02-13 19:58:21.545572,Tokyo-9190,34,97,Normal
2026-02-13 19:58:22.545572,Tokyo-9190,6,74,Normal
2026-02-13 19:58:23.545572,Tokyo-9190,-17,81,Normal
2026-02-13 19:58:24.545572,Tokyo-9190,36,21,Normal
2026-02-13 19:58:25.545572,Tokyo-9190,50,87,Normal
2026-02-13 19:58:26.545572,Tokyo-9190,49,2,Normal
2026-02-13 19:58:27.545572,Tokyo-9190,12,9,Normal
2026-02-13 19:58:28.545572,Tokyo-9190,31,64,Normal
2026-02-13 19:58:29.545572,Tokyo-9190,-4,25,Normal
2026-02-13 19:58:30.545572,Tokyo-9190,15,17,Normal
2026-02-13 19:58:31.545572,Tokyo-9190,-11,79,Normal
2026-02-13 19:58:32.545572,Tokyo-9190,-4,28,Normal
2026-02-13 19:58:33.545572,Tokyo-9190,12,82,Normal
2026-02-13 19:58:34.545572,Tokyo-9190,35,59,Normal
2026-02-13 19:58:35.545572,Tokyo-9190,35,9,Normal
2026-02-13 19:58:36.545572,Tokyo-9190,12,49,Normal
2026-02-13 19:58:37.545572,Tokyo-9190,0,60,Normal
2026-02-13 19:58:38.545572,Tokyo-9190,30,16,Normal
2026-02-13 19:58:39.545572,Tokyo-9190,17,0,Normal
2026-02-13 19:58:40.545572,Tokyo-9190,-27,51,Normal
2026-02-13 19:58:41.545572,Tokyo-9190,-13,4,Normal
2026-02-13 19:58:42.545572,Tokyo-9190,50,5,Normal
2026-02-13 19:58:43.545572,Tokyo-9190,30,95,Normal
2026-02-13 19:58:44.545572,Tokyo-9190,31,59,Normal
2026-02-13 19:58:45.545572,Tokyo-9190,37,80,Normal
2026-02-13 19:58:46.545572,Tokyo-9190,-19,62,Normal
2026-02-13 19:58:47.545572,Tokyo-9190,50,64,Normal
2026-02-13 19:58:48.545572,Tokyo-9190,2,19,Normal
2026-02-13 19:58:49.545572,Tokyo-9190,19,27,Normal
2026-02-13 19:58:50.545572,Tokyo-9190,22,8,Normal
2026-02-13 19:58:51.545572,Tokyo-9190,43,65,Normal
2026-02-13 19:58:52.545572,Tokyo-9190,8,87,Normal
2026-02-13 19:58:53.545572,Tokyo-9190,37,63,Normal
2026-02-13 19:58:54.545572,Tokyo-9190,12,3,Normal
2026-02-13 19:58:55.545572,Tokyo-9190,9,65,Normal
2026-02-13 19:58:56.545572,Tokyo-9190,-24,48,Normal
2026-02-13 19:58:57.545572,Tokyo-9190,-30,97,Normal
2026-02-13 19:58:58.545572,Tokyo-9190,42,43,Normal
2026-02-13 19:58:59.545572,Tokyo-9190,47,5,Normal
2026-02-13 19:59:00.545572,Tokyo-9190,19,23,Normal
2026-02-13 19:59:01.545572,Tokyo-9190,-29,44,Normal
2026-02-13 19:59:02.545572,Tokyo-9190,39,95,Normal
2026-02-13 19:59:03.545572,Tokyo-9190,43,12,Normal
2026-02-13 19:59:04.545572,Tokyo-9190,46,77,Normal
2026-02-13 19:59:05.545572,Tokyo-9190,7,87,Normal
2026-02-13 19:59:06.545572,Tokyo-9190,48,56,Normal
2026-02-13 19:59:07.545572,Tokyo-9190,-17,42,Normal
2026-02-13 19:59:08.545572,Tokyo-9190,34,28,Normal
2026-02-13 19:59:09.545572,Tokyo-9190,35,45,Normal
2026-02-13 19:59:10.545572,Tokyo-9190,3,4,Normal
2026-02-13 19:59:11.545572,Tokyo-9190,-13,40,Normal
2026-02-13 19:59:12.545572,Tokyo-9190,29,28,Normal
2026-02-13 19:59:13.545572,Tokyo-9190,-26,65,Normal
2026-02-13 19:59:14.545572,Tokyo-9190,-14,69,Normal
2026-02-13 19:59:15.545572,Tokyo-9190,10,83,Normal
2026-02-13 19:59:16.545572,Tokyo-9190,30,48,Normal
2026-02-13 19:59:17.545572,Tokyo-9190,44,76,Normal
2026-02-13 19:59:18.545572,Tokyo-9190,-16,9,Normal
2026-02-13 19:59:19.545572,Tokyo-9190,-26,4,Normal
2026-02-13 19:59:20.545572,Tokyo-9190,29,48,Normal
2026-02-13 19:59:21.545572,Tokyo-9190,22,63,Normal
2026-02-13 19:59:22.545572,Tokyo-9190,-16,46,Normal
2026-02-13 19:59:23.545572,Tokyo-9190,42,25,Normal
2026-02-13 19:59:24.545572,Tokyo-9190,13,62,Normal
2026-02-13 19:59:25.545572,Tokyo-9190,12,26,Normal
2026-02-13 19:59:26.545572,Tokyo-9190,21,94,Normal
2026-02-13 19:59:27.545572,Tokyo-9190,20,85,Normal
2026-02-13 19:59:28.545572,Tokyo-9190,50,100,Normal
2026-02-13 19:59:29.545572,Tokyo-9190,20,3,Normal
2026-02-13 19:59:30.545572,Tokyo-9190,-29,32,Normal
2026-02-13 19:59:31.545572,Tokyo-9190,-3,41,Normal
2026-02-13 19:59:32.545572,Tokyo-9190,-11,31,Normal
2026-02-13 19:59:33.545572,Tokyo-9190,-27,8,Normal
2026-02-13 19:59:34.545572,Tokyo-9190,-28,71,Normal
2026-02-13 19:59:35.545572,Tokyo-9190,-27,68,Normal
2026-02-13 19:59:36.545572,Tokyo-9190,-13,78,Normal
2026-02-13 19:59:37.545572,Tokyo-9190,29,42,Normal
2026-02-13 19:59:38.545572,Tokyo-9190,-8,2,Normal
2026-02-13 19:59:39.545572,Tokyo-9190,-29,73,Normal
2026-02-13 19:59:40.545572,Tokyo-9190,29,93,Normal
2026-02-13 19:59:41.545572,Tokyo-9190,-14,39,Normal
2026-02-13 19:59:42.545572,Tokyo-9190,6,59,Normal
2026-02-13 19:59:43.545572,Tokyo-9190,7,48,Normal
2026-02-13 19:59:44.545572,Tokyo-9190,16,51,Normal
2026-02-13 19:59:45.545572,Tokyo-9190,50,75,Normal
2026-02-13 19:59:46.545572,Tokyo-9190,-15,59,Normal
2026-02-13 19:59:47.545572,Tokyo-9190,19,50,Normal
2026-02-13 19:59:48.545572,Tokyo-9190,36,82,Normal
2026-02-13 19:59:49.545572,Tokyo-9190,27,68,Normal
2026-02-13 19:59:50.545572,Tokyo-9190,22,68,Normal
2026-02-13 19:59:51.545572,Tokyo-9190,-12,48,Normal
2026-02-13 19:59:52.545572,Tokyo-9190,44,9,Normal
2026-02-13 19:59:53.545572,Tokyo-9190,37,13,Normal
2026-02-13 19:59:54.545572,Tokyo-9190,1,98,Normal
2026-02-13 19:59:55.545572,Tokyo-9190,-18,59,Normal
2026-02-13 19:59:56.545572,Tokyo-9190,-9,57,Normal
2026-02-13 19:59:57.545572,Tokyo-9190,-15,70,Normal
2026-02-13 19:59:58.545572,Tokyo-9190,14,15,Normal
2026-02-13 19:59:59.545572,Tokyo-9190,-5,44,Normal
2026-02-13 20:00:00.545572,Tokyo-9190,-26,9,Normal
2026-02-13 20:00:01.545572,Tokyo-9190,36,78,Normal
2026-02-13 20:00:02.545572,Tokyo-9190,39,90,Normal
2026-02-13 20:00:03.545572,Tokyo-9190,-5,16,Normal
2026-02-13 20:00:04.545572,Tokyo-9190,29,31,Normal
2026-02-13 20:00:05.545572,Tokyo-9190,-9,21,Normal
2026-02-13 20:00:06.545572,Tokyo-9190,20,18,Normal
2026-02-13 20:00:07.545572,Tokyo-9190,27,55,Normal
2026-02-13 20:00:08.545572,Tokyo-9190,-1,80,Normal
2026-02-13 20:00:09.545572,Tokyo-9190,-28,36,Normal
2026-02-13 20:00:10.545572,Tokyo-9190,-15,66,Normal
2026-02-13 20:00:11.545572,Tokyo-9190,32,95,Normal
2026-02-13 20:00:12.545572,Tokyo-9190,36,45,Normal
2026-02-13 20:00:13.545572,Tokyo-9190,14,40,Normal
2026-02-13 20:00:14.545572,Tokyo-9190,14,58,Normal
2026-02-13 20:00:15.545572,Tokyo-9190,45,29,Normal
2026-02-13 20:00:16.545572,Tokyo-9190,10,77,Normal
2026-02-13 20:00:17.545572,Tokyo-9190,34,100,Normal
2026-02-13 20:00:18.545572,Tokyo-9190,-7,12,Normal
2026-02-13 20:00:19.545572,Tokyo-9190,36,9,Normal
2026-02-13 20:00:20.545572,Tokyo-9190,33,3,Normal
2026-02-13 20:00:21.545572,Tokyo-9190,24,74,Normal
2026-02-13 20:00:22.545572,Tokyo-9190,17,19,Normal
2026-02-13 20:00:23.545572,Tokyo-9190,46,34,Normal
2026-02-13 20:00:24.545572,Tokyo-9190,6,35,Normal
2026-02-13 20:00:25.545572,Tokyo-9190,-26,88,Normal
2026-02-13 20:00:26.545572,Tokyo-9190,47,23,Normal
2026-02-13 20:00:27.545572,Tokyo-9190,44,20,Normal
2026-02-13 20:00:28.545572,Tokyo-9190,-7,23,Normal
2026-02-13 20:00:29.545572,Tokyo-9190,50,95,Normal
2026-02-13 20:00:30.545572,Tokyo-9190,26,19,Normal
2026-02-13 20:00:31.545572,Tokyo-9190,2,92,Normal
2026-02-13 20:00:32.545572,Tokyo-9190,-6,99,Normal
2026-02-13 20:00:33.545572,Tokyo-9190,-1,35,Normal
2026-02-13 20:00:34.545572,Tokyo-9190,35,85,Normal
2026-02-13 20:00:35.545572,Tokyo-9190,35,24,Normal
2026-02-13 20:00:36.545572,Tokyo-9190,10,0,Normal
2026-02-13 20:00:37.545572,Tokyo-9190,47,75,Normal
2026-02-13 20:00:38.545572,Tokyo-9190,25,82,Normal
2026-02-13 20:00:39.545572,Tokyo-9190,-13,77,Normal
2026-02-13 20:00:40.545572,Tokyo-9190,4,97,Normal
2026-02-13 20:00:41.545572,Tokyo-9190,-9,50,Normal
2026-02-13 20:00:42.545572,Tokyo-9190,34,84,Normal
2026-02-13 20:00:43.545572,Tokyo-9190,-21,69,Normal
2026-02-13 20:00:44.545572,Tokyo-9190,25,65,Normal
2026-02-13 20:00:45.545572,Tokyo-9190,17,99,Normal
2026-02-13 20:00:46.545572,Tokyo-9190,-7,25,Normal
2026-02-13 20:00:47.545572,Tokyo-9190,48,80,Normal
2026-02-13 20:00:48.545572,Tokyo-9190,33,17,Normal
2026-02-13 20:00:49.545572,Tokyo-9190,23,66,Normal
2026-02-13 20:00:50.545572,Tokyo-9190,-27,99,Normal
2026-02-13 20:00:51.545572,Tokyo-9190,-2,80,Normal
2026-02-13 20:00:52.545572,Tokyo-9190,-21,12,Normal
2026-02-13 20:00:53.545572,Tokyo-9190,-29,13,Normal
2026-02-13 20:00:54.545572,Tokyo-9190,34,35,Normal
2026-02-13 20:00:55.545572,Tokyo-9190,17,25,Normal
2026-02-13 20:00:56.545572,Tokyo-9190,-30,55,Normal
2026-02-13 20:00:57.545572,Tokyo-9190,-25,76,Normal
2026-02-13 20:00:58.545572,Tokyo-9190,8,30,Normal
2026-02-13 20:00:59.545572,Tokyo-9190,27,34,Normal
2026-02-13 20:01:00.545572,Tokyo-9190,33,78,Normal
2026-02-13 20:01:01.545572,Tokyo-9190,-17,4,Normal
2026-02-13 20:01:02.545572,Tokyo-9190,22,4,Normal
2026-02-13 20:01:03.545572,Tokyo-9190,17,49,Normal
2026-02-13 20:01:04.545572,Tokyo-9190,44,75,Normal
2026-02-13 20:01:05.545572,Tokyo-9190,-19,96,Normal
2026-02-13 20:01:06.545572,Tokyo-9190,-27,57,Normal
2026-02-13 20:01:07.545572,Tokyo-9190,11,29,Normal
2026-02-13 20:01:08.545572,Tokyo-9190,31,14,Normal
2026-02-13 20:01:09.545572,Tokyo-9190,12,41,Normal
2026-02-13 20:01:10.545572,Tokyo-9190,-4,1,Normal
2026-02-13 20:01:11.545572,Tokyo-9190,8,61,Normal
2026-02-13 20:01:12.545572,Tokyo-9190,-19,11,Normal
2026-02-13 20:01:13.545572,Tokyo-9190,40,92,Normal
2026-02-13 20:01:14.545572,Tokyo-9190,45,50,Normal
2026-02-13 20:01:15.545572,Tokyo-9190,5,3,Normal
2026-02-13 20:01:16.545572,Tokyo-9190,35,5,Normal
2026-02-13 20:01:17.545572,Tokyo-9190,-1,41,Normal
2026-02-13 20:01:18.545572,Tokyo-9190,21,41,Normal
2026-02-13 20:01:19.545572,Tokyo-9190,23,37,Normal
2026-02-13 20:01:20.545572,Tokyo-9190,-11,45,Normal
2026-02-13 20:01:21.545572,Tokyo-9190,-6,13,Normal
2026-02-13 20:01:22.545572,Tokyo-9190,22,3,Normal
2026-02-13 20:01:23.545572,Tokyo-9190,1,16,Normal
2026-02-13 20:01:24.545572,Tokyo-9190,15,20,Normal
2026-02-13 20:01:25.545572,Tokyo-9190,29,95,Normal
2026-02-13 20:01:26.545572,Tokyo-9190,32,99,Normal
2026-02-13 20:01:27.545572,Tokyo-9190,-30,38,Normal
2026-02-13 20:01:28.545572,Tokyo-9190,35,0,Normal
2026-02-13 20:01:29.545572,Tokyo-9190,-17,79,Normal
2026-02-13 20:01:30.545572,Tokyo-9190,-12,29,Normal
2026-02-13 20:01:31.545572,Tokyo-9190,-25,64,Normal
2026-02-13 20:01:32.545572,Tokyo-9190,37,80,Normal
2026-02-13 20:01:33.545572,Tokyo-9190,36,0,Normal
2026-02-13 20:01:34.545572,Tokyo-9190,43,3,Normal
2026-02-13 20:01:35.545572,Tokyo-9190,42,14,Normal
2026-02-13 20:01:36.545572,Tokyo-9190,-21,47,Normal
2026-02-13 20:01:37.545572,Tokyo-9190,-5,43,Normal
2026-02-13 20:01:38.545572,Tokyo-9190,8,66,Normal
2026-02-13 20:01:39.545572,Tokyo-9190,14,15,Normal
2026-02-13 20:01:40.545572,Tokyo-9190,-10,8,Normal
2026-02-13 20:01:41.545572,Tokyo-9190,-7,79,Normal
2026-02-13 20:01:42.545572,Tokyo-9190,47,9,Normal
2026-02-13 20:01:43.545572,Tokyo-9190,27,66,Normal
2026-02-13 20:01:44.545572,Tokyo-9190,11,17,Normal
2026-02-13 20:01:45.545572,Tokyo-9190,21,70,Normal
2026-02-13 20:01:46.545572,Tokyo-9190,9,15,Normal
2026-02-13 20:01:47.545572,Tokyo-9190,14,17,Normal
2026-02-13 20:01:48.545572,Tokyo-9190,44,28,Normal
2026-02-13 20:01:49.545572,Tokyo-9190,20,20,Normal
2026-02-13 20:01:50.545572,Tokyo-9190,35,2,Normal
2026-02-13 20:01:51.545572,Tokyo-9190,23,85,Normal
2026-02-13 20:01:52.545572,Tokyo-9190,-20,99,Normal
2026-02-13 20:01:53.545572,Tokyo-9190,-30,76,Normal
2026-02-13 20:01:54.545572,Tokyo-9190,-10,77,Normal
2026-02-13 20:01:55.545572,Tokyo-9190,16,85,Normal
2026-02-13 20:01:56.545572,Tokyo-9190,24,70,Normal
2026-02-13 20:01:57.545572,Tokyo-9190,30,42,Normal
2026-02-13 20:01:58.545572,Tokyo-9190,10,28,Normal
2026-02-13 20:01:59.545572,Tokyo-9190,24,86,Normal
2026-02-13 20:02:00.545572,Tokyo-9190,-30,53,Normal
2026-02-13 20:02:01.545572,Tokyo-9190,-29,38,Normal
2026-02-13 20:02:02.545572,Tokyo-9190,-12,13,Normal
2026-02-13 20:02:03.545572,Tokyo-9190,-7,66,Normal
2026-02-13 20:02:04.545572,Tokyo-9190,2,77,Normal
2026-02-13 20:02:05.545572,Tokyo-9190,8,49,Normal
2026-02-13 20:02:06.545572,Tokyo-9190,21,24,Normal
2026-02-13 20:02:07.545572,Tokyo-9190,8,39,Normal
2026-02-13 20:02:08.545572,Tokyo-9190,0,38,Normal
2026-02-13 20:02:09.545572,Tokyo-9190,34,73,Normal
2026-02-13 20:02:10.545572,Tokyo-9190,-29,33,Normal
2026-02-13 20:02:11.545572,Tokyo-9190,5,52,Normal
2026-02-13 20:02:12.545572,Tokyo-9190,0,75,Normal
2026-02-13 20:02:13.545572,Tokyo-9190,30,82,Normal
2026-02-13 20:02:14.545572,Tokyo-9190,7,38,Normal
2026-02-13 20:02:15.545572,Tokyo-9190,-20,38,Normal
2026-02-13 20:02:16.545572,Tokyo-9190,-30,80,Normal
2026-02-13 20:02:17.545572,Tokyo-9190,42,2,Normal
2026-02-13 20:02:18.545572,Tokyo-9190,-8,25,Normal
2026-02-13 20:02:19.545572,Tokyo-9190,23,1,Normal
2026-02-13 20:02:20.545572,Tokyo-9190,40,5,Normal
2026-02-13 20:02:21.545572,Tokyo-9190,6,55,Normal
2026-02-13 20:02:22.545572,Tokyo-9190,-17,52,Normal
2026-02-13 20:02:23.545572,Tokyo-9190,5,20,Normal
2026-02-13 20:02:24.545572,Tokyo-9190,-18,87,Normal
2026-02-13 20:02:25.545572,Tokyo-9190,25,86,Normal
2026-02-13 20:02:26.545572,Tokyo-9190,30,55,Normal
2026-02-13 20:02:27.545572,Tokyo-9190,14,37,Normal
2026-02-13 20:02:28.545572,Tokyo-9190,38,62,Normal
2026-02-13 20:02:29.545572,Tokyo-9190,5,71,Normal
2026-02-13 20:02:30.545572,Tokyo-9190,17,73,Normal
2026-02-13 20:02:31.545572,Tokyo-9190,-6,75,Normal
2026-02-13 20:02:32.545572,Tokyo-9190,-23,7,Normal
2026-02-13 20:02:33.545572,Tokyo-9190,2,1,Normal
2026-02-13 20:02:34.545572,Tokyo-9190,5,93,Normal
2026-02-13 20:02:35.545572,Tokyo-9190,13,66,Normal
2026-02-13 20:02:36.545572,Tokyo-9190,-13,75,Normal
2026-02-13 20:02:37.545572,Tokyo-9190,33,66,Normal
2026-02-13 20:02:38.545572,Tokyo-9190,14,16,Normal
2026-02-13 20:02:39.545572,Tokyo-9190,25,99,Normal
2026-02-13 20:02:40.545572,Tokyo-9190,-23,60,Normal
2026-02-13 20:02:41.545572,Tokyo-9190,-29,54,Normal
2026-02-13 20:02:42.545572,Tokyo-9190,28,85,Normal
2026-02-13 20:02:43.545572,Tokyo-9190,-4,70,Normal
2026-02-13 20:02:44.545572,Tokyo-9190,-24,58,Normal
2026-02-13 20:02:45.545572,Tokyo-9190,25,50,Normal
2026-02-13 20:02:46.545572,Tokyo-9190,16,66,Normal
2026-02-13 20:02:47.545572,Tokyo-9190,39,62,Normal
2026-02-13 20:02:48.545572,Tokyo-9190,47,55,Normal
2026-02-13 20:02:49.545572,Tokyo-9190,49,96,Normal
2026-02-13 20:02:50.545572,Tokyo-9190,-12,18,Normal
2026-02-13 20:02:51.545572,Tokyo-9190,-8,68,Normal
2026-02-13 20:02:52.545572,Tokyo-9190,20,8,Normal
2026-02-13 20:02:53.545572,Tokyo-9190,-16,11,Normal
2026-02-13 20:02:54.545572,Tokyo-9190,11,94,Normal
2026-02-13 20:02:55.545572,Tokyo-9190,28,91,Normal
2026-02-13 20:02:56.545572,Tokyo-9190,4,68,Normal
2026-02-13 20:02:57.545572,Tokyo-9190,35,33,Normal
2026-02-13 20:02:58.545572,Tokyo-9190,2,77,Normal
2026-02-13 20:02:59.545572,Tokyo-9190,-15,17,Normal
2026-02-13 20:03:00.545572,Tokyo-9190,9,20,Normal
2026-02-13 20:03:01.545572,Tokyo-9190,17,31,Normal
2026-02-13 20:03:02.545572,Tokyo-9190,-29,3,Normal
2026-02-13 20:03:03.545572,Tokyo-9190,38,53,Normal
2026-02-13 20:03:04.545572,Tokyo-9190,-3,78,Normal
2026-02-13 20:03:05.545572,Tokyo-9190,-1,53,Normal
2026-02-13 20:03:06.545572,Tokyo-9190,8,5,Normal
2026-02-13 20:03:07.545572,Tokyo-9190,50,19,Normal
2026-02-13 20:03:08.545572,Tokyo-9190,-19,71,Normal
2026-02-13 20:03:09.545572,Tokyo-9190,8,63,Normal
2026-02-13 20:03:10.545572,Tokyo-9190,3,25,Normal
2026-02-13 20:03:11.545572,Tokyo-9190,27,68,Normal
2026-02-13 20:03:12.545572,Tokyo-9190,-24,39,Normal
2026-02-13 20:03:13.545572,Tokyo-9190,38,33,Normal
2026-02-13 20:03:14.545572,Tokyo-9190,38,94,Normal
2026-02-13 20:03:15.545572,Tokyo-9190,-27,88,Normal
2026-02-13 20:03:16.545572,Tokyo-9190,-20,46,Normal
2026-02-13 20:03:17.545572,Tokyo-9190,39,21,Normal
2026-02-13 20:03:18.545572,Tokyo-9190,-6,92,Normal
2026-02-13 20:03:19.545572,Tokyo-9190,-5,85,Normal
2026-02-13 20:03:20.545572,Tokyo-9190,-6,53,Normal
2026-02-13 20:03:21.545572,Tokyo-9190,-22,74,Normal
2026-02-13 20:03:22.545572,Tokyo-9190,24,93,Normal
2026-02-13 20:03:23.545572,Tokyo-9190,-9,64,Normal
2026-02-13 20:03:24.545572,Tokyo-9190,-13,99,Normal
2026-02-13 20:03:25.545572,Tokyo-9190,-4,49,Normal
2026-02-13 20:03:26.545572,Tokyo-9190,9,94,Normal
2026-02-13 20:03:27.545572,Tokyo-9190,8,10,Normal
2026-02-13 20:03:28.545572,Tokyo-9190,10,50,Normal
2026-02-13 20:03:29.545572,Tokyo-9190,45,5,Normal
2026-02-13 20:03:30.545572,Tokyo-9190,-15,50,Normal
2026-02-13 20:03:31.545572,Tokyo-9190,15,96,Normal
2026-02-13 20:03:32.545572,Tokyo-9190,29,48,Normal
2026-02-13 20:03:33.545572,Tokyo-9190,-22,92,Normal
2026-02-13 20:03:34.545572,Tokyo-9190,-27,95,Normal
2026-02-13 20:03:35.545572,Tokyo-9190,47,99,Normal
2026-02-13 20:03:36.545572,Tokyo-9190,17,45,Normal
2026-02-13 20:03:37.545572,Tokyo-9190,-16,65,Normal
2026-02-13 20:03:38.545572,Tokyo-9190,11,15,Normal
2026-02-13 20:03:39.545572,Tokyo-9190,-17,3,Normal
2026-02-13 20:03:40.545572,Tokyo-9190,13,35,Normal
2026-02-13 20:03:41.545572,Tokyo-9190,-10,79,Normal
2026-02-13 20:03:42.545572,Tokyo-9190,-18,49,Normal
2026-02-13 20:03:43.545572,Tokyo-9190,-9,34,Normal
2026-02-13 20:03:44.545572,Tokyo-9190,30,19,Normal
2026-02-13 20:03:45.545572,Tokyo-9190,9,59,Normal
2026-02-13 20:03:46.545572,Tokyo-9190,-2,97,Normal
2026-02-13 20:03:47.545572,Tokyo-9190,-30,18,Normal
2026-02-13 20:03:48.545572,Tokyo-9190,-8,27,Normal
2026-02-13 20:03:49.545572,Tokyo-9190,9,51,Normal
2026-02-13 20:03:50.545572,Tokyo-9190,-2,91,Normal
2026-02-13 20:03:51.545572,Tokyo-9190,26,10,Normal
2026-02-13 20:03:52.545572,Tokyo-9190,-16,50,Normal
2026-02-13 20:03:53.545572,Tokyo-9190,45,3,Normal
2026-02-13 20:03:54.545572,Tokyo-9190,-16,78,Normal
2026-02-13 20:03:55.545572,Tokyo-9190,27,49,Normal
2026-02-13 20:03:56.545572,Tokyo-9190,50,5,Normal
2026-02-13 20:03:57.545572,Tokyo-9190,-18,82,Normal
2026-02-13 20:03:58.545572,Tokyo-9190,-13,13,Normal
2026-02-13 20:03:59.545572,Tokyo-9190,0,66,Normal
2026-02-13 20:04:00.545572,Tokyo-9190,-4,23,Normal
2026-02-13 20:04:01.545572,Tokyo-9190,44,33,Normal
2026-02-13 20:04:02.545572,Tokyo-9190,-20,5,Normal
2026-02-13 20:04:03.545572,Tokyo-9190,-15,12,Normal
2026-02-13 20:04:04.545572,Tokyo-9190,-23,100,Normal
2026-02-13 20:04:05.545572,Tokyo-9190,34,15,Normal
2026-02-13 20:04:06.545572,Tokyo-9190,-20,26,Normal
2026-02-13 20:04:07.545572,Tokyo-9190,50,72,Normal
2026-02-13 20:04:08.545572,Tokyo-9190,-19,52,Normal
2026-02-13 20:04:09.545572,Tokyo-9190,10,59,Normal
2026-02-13 20:04:10.545572,Tokyo-9190,26,49,Normal
2026-02-13 20:04:11.545572,Tokyo-9190,0,60,Normal
2026-02-13 20:04:12.545572,Tokyo-9190,40,82,Normal
2026-02-13 20:04:13.545572,Tokyo-9190,42,49,Normal
2026-02-13 20:04:14.545572,Tokyo-9190,49,73,Normal
2026-02-13 20:04:15.545572,Tokyo-9190,17,96,Normal
2026-02-13 20:04:16.545572,Tokyo-9190,9,90,Normal
2026-02-13 20:04:17.545572,Tokyo-9190,42,4,Normal
2026-02-13 20:04:18.545572,Tokyo-9190,-23,36,Normal
2026-02-13 20:04:19.545572,Tokyo-9190,-13,73,Normal
2026-02-13 20:04:20.545572,Tokyo-9190,14,65,Normal
2026-02-13 20:04:21.545572,Tokyo-9190,13,84,Normal
2026-02-13 20:04:22.545572,Tokyo-9190,-9,92,Normal
2026-02-13 20:04:23.545572,Tokyo-9190,-14,94,Normal
2026-02-13 20:04:24.545572,Tokyo-9190,41,81,Normal
2026-02-13 20:04:25.545572,Tokyo-9190,41,60,Normal
2026-02-13 20:04:26.545572,Tokyo-9190,20,4,Normal
2026-02-13 20:04:27.545572,Tokyo-9190,19,90,Normal
2026-02-13 20:04:28.545572,Tokyo-9190,36,57,Normal
2026-02-13 20:04:29.545572,Tokyo-9190,31,89,Normal
2026-02-13 20:04:30.545572,Tokyo-9190,-21,5,Normal
2026-02-13 20:04:31.545572,Tokyo-9190,-10,6,Normal
2026-02-13 20:04:32.545572,Tokyo-9190,-16,84,Normal
2026-02-13 20:04:33.545572,Tokyo-9190,39,51,Normal
2026-02-13 20:04:34.545572,Tokyo-9190,2,14,Normal
2026-02-13 20:04:35.545572,Tokyo-9190,-19,74,Normal
2026-02-13 20:04:36.545572,Tokyo-9190,32,15,Normal
2026-02-13 20:04:37.545572,Tokyo-9190,6,58,Normal
2026-02-13 20:04:38.545572,Tokyo-9190,0,50,Normal
2026-02-13 20:04:39.545572,Tokyo-9190,13,21,Normal
2026-02-13 20:04:40.545572,Tokyo-9190,8,41,Normal
2026-02-13 20:04:41.545572,Tokyo-9190,18,41,Normal
2026-02-13 20:04:42.545572,Tokyo-9190,-1,12,Normal
2026-02-13 20:04:43.545572,Tokyo-9190,-12,35,Normal
2026-02-13 20:04:44.545572,Tokyo-9190,-15,17,Normal
2026-02-13 20:04:45.545572,Tokyo-9190,28,57,Normal
2026-02-13 20:04:46.545572,Tokyo-9190,12,43,Normal
2026-02-13 20:04:47.545572,Tokyo-9190,-9,16,Normal
2026-02-13 20:04:48.545572,Tokyo-9190,-8,8,Normal
2026-02-13 20:04:49.545572,Tokyo-9190,10,18,Normal
2026-02-13 20:04:50.545572,Tokyo-9190,-6,100,Normal
2026-02-13 20:04:51.545572,Tokyo-9190,32,57,Normal
2026-02-13 20:04:52.545572,Tokyo-9190,41,52,Normal
2026-02-13 20:04:53.545572,Tokyo-9190,24,62,Normal
2026-02-13 20:04:54.545572,Tokyo-9190,31,2,Normal
2026-02-13 20:04:55.545572,Tokyo-9190,34,39,Normal
2026-02-13 20:04:56.545572,Tokyo-9190,-7,3,Normal
2026-02-13 20:04:57.545572,Tokyo-9190,26,7,Normal
2026-02-13 20:04:58.545572,Tokyo-9190,15,2,Normal
2026-02-13 20:04:59.545572,Tokyo-9190,32,15,Normal
2026-02-13 20:05:00.545572,Tokyo-9190,33,8,Normal
2026-02-13 20:05:01.545572,Tokyo-9190,-21,94,Normal
2026-02-13 20:05:02.545572,Tokyo-9190,-10,54,Normal
2026-02-13 20:05:03.545572,Tokyo-9190,-30,15,Normal
2026-02-13 20:05:04.545572,Tokyo-9190,-14,67,Normal
2026-02-13 20:05:05.545572,Tokyo-9190,-29,17,Normal
2026-02-13 20:05:06.545572,Tokyo-9190,-30,33,Normal
2026-02-13 20:05:07.545572,Tokyo-9190,43,17,Normal
2026-02-13 20:05:08.545572,Tokyo-9190,42,66,Normal
2026-02-13 20:05:09.545572,Tokyo-9190,19,51,Normal
2026-02-13 20:05:10.545572,Tokyo-9190,31,26,Normal
2026-02-13 20:05:11.545572,Tokyo-9190,-13,77,Normal
2026-02-13 20:05:12.545572,Tokyo-9190,33,47,Normal
2026-02-13 20:05:13.545572,Tokyo-9190,10,29,Normal
2026-02-13 20:05:14.545572,Tokyo-9190,3,63,Normal
2026-02-13 20:05:15.545572,Tokyo-9190,-7,70,Normal
2026-02-13 20:05:16.545572,Tokyo-9190,0,23,Normal
2026-02-13 20:05:17.545572,Tokyo-9190,-5,39,Normal
2026-02-13 20:05:18.545572,Tokyo-9190,16,26,Normal
2026-02-13 20:05:19.545572,Tokyo-9190,35,3,Normal
2026-02-13 20:05:20.545572,Tokyo-9190,-4,49,Normal
2026-02-13 20:05:21.545572,Tokyo-9190,-16,21,Normal
2026-02-13 20:05:22.545572,Tokyo-9190,-5,84,Normal
2026-02-13 20:05:23.545572,Tokyo-9190,35,21,Normal
2026-02-13 20:05:24.545572,Tokyo-9190,-10,97,Normal
2026-02-13 20:05:25.545572,Tokyo-9190,-28,34,Normal
2026-02-13 20:05:26.545572,Tokyo-9190,31,3,Normal
2026-02-13 20:05:27.545572,Tokyo-9190,-6,76,Normal
2026-02-13 20:05:28.545572,Tokyo-9190,41,76,Normal
2026-02-13 20:05:29.545572,Tokyo-9190,6,16,Normal
2026-02-13 20:05:30.545572,Tokyo-9190,17,34,Normal
2026-02-13 20:05:31.545572,Tokyo-9190,-27,83,Normal
2026-02-13 20:05:32.545572,Tokyo-9190,26,13,Normal
2026-02-13 20:05:33.545572,Tokyo-9190,-6,9,Normal
2026-02-13 20:05:34.545572,Tokyo-9190,-5,57,Normal
2026-02-13 20:05:35.545572,Tokyo-9190,-28,74,Normal
2026-02-13 20:05:36.545572,Tokyo-9190,29,12,Normal
2026-02-13 20:05:37.545572,Tokyo-9190,30,48,Normal
2026-02-13 20:05:38.545572,Tokyo-9190,-25,55,Normal
2026-02-13 20:05:39.545572,Tokyo-9190,-12,90,Normal
2026-02-13 20:05:40.545572,Tokyo-9190,37,92,Normal
2026-02-13 20:05:41.545572,Tokyo-9190,15,23,Normal
2026-02-13 20:05:42.545572,Tokyo-9190,41,83,Normal
2026-02-13 20:05:43.545572,Tokyo-9190,-13,84,Normal
2026-02-13 20:05:44.545572,Tokyo-9190,28,36,Normal
2026-02-13 20:05:45.545572,Tokyo-9190,45,74,Normal
2026-02-13 20:05:46.545572,Tokyo-9190,14,3,Normal
2026-02-13 20:05:47.545572,Tokyo-9190,-10,41,Normal
2026-02-13 20:05:48.545572,Tokyo-9190,-11,73,Normal
2026-02-13 20:05:49.545572,Tokyo-9190,26,52,Normal
2026-02-13 20:05:50.545572,Tokyo-9190,-23,53,Normal
2026-02-13 20:05:51.545572,Tokyo-9190,-19,99,Normal
2026-02-13 20:05:52.545572,Tokyo-9190,-16,22,Normal
2026-02-13 20:05:53.545572,Tokyo-9190,14,92,Normal
2026-02-13 20:05:54.545572,Tokyo-9190,11,79,Normal
2026-02-13 20:05:55.545572,Tokyo-9190,1,41,Normal
2026-02-13 20:05:56.545572,Tokyo-9190,48,40,Normal
2026-02-13 20:05:57.545572,Tokyo-9190,41,5,Normal
2026-02-13 20:05:58.545572,Tokyo-9190,18,50,Normal
2026-02-13 20:05:59.545572,Tokyo-9190,13,4,Normal
2026-02-13 20:06:00.545572,Tokyo-9190,29,86,Normal
2026-02-13 20:06:01.545572,Tokyo-9190,21,16,Normal
2026-02-13 20:06:02.545572,Tokyo-9190,35,62,Normal
2026-02-13 20:06:03.545572,Tokyo-9190,-8,25,Normal
2026-02-13 20:06:04.545572,Tokyo-9190,-2,55,Normal
2026-02-13 20:06:05.545572,Tokyo-9190,-27,59,Normal
2026-02-13 20:06:06.545572,Tokyo-9190,6,61,Normal
2026-02-13 20:06:07.545572,Tokyo-9190,-29,75,Normal
2026-02-13 20:06:08.545572,Tokyo-9190,-5,79,Normal
2026-02-13 20:06:09.545572,Tokyo-9190,42,25,Normal
2026-02-13 20:06:10.545572,Tokyo-9190,-20,14,Normal
2026-02-13 20:06:11.545572,Tokyo-9190,50,66,Normal
2026-02-13 20:06:12.545572,Tokyo-9190,25,36,Normal
2026-02-13 20:06:13.545572,Tokyo-9190,17,42,Normal
2026-02-13 20:06:14.545572,Tokyo-9190,-23,71,Normal
2026-02-13 20:06:15.545572,Tokyo-9190,44,90,Normal
2026-02-13 20:06:16.545572,Tokyo-9190,40,56,Normal
2026-02-13 20:06:17.545572,Tokyo-9190,-14,6,Normal
2026-02-13 20:06:18.545572,Tokyo-9190,9,20,Normal
2026-02-13 20:06:19.545572,Tokyo-9190,-6,25,Normal
2026-02-13 20:06:20.545572,Tokyo-9190,5,92,Normal
2026-02-13 20:06:21.545572,Tokyo-9190,24,64,Normal
2026-02-13 20:06:22.545572,Tokyo-9190,49,43,Normal
2026-02-13 20:06:23.545572,Tokyo-9190,23,55,Normal
2026-02-13 20:06:24.545572,Tokyo-9190,11,54,Normal
2026-02-13 20:06:25.545572,Tokyo-9190,-12,36,Normal
2026-02-13 20:06:26.545572,Tokyo-9190,37,33,Normal
2026-02-13 20:06:27.545572,Tokyo-9190,46,5,Normal
2026-02-13 20:06:28.545572,Tokyo-9190,49,81,Normal
2026-02-13 20:06:29.545572,Tokyo-9190,15,75,Normal
2026-02-13 20:06:30.545572,Tokyo-9190,-1,80,Normal
2026-02-13 20:06:31.545572,Tokyo-9190,7,47,Normal
2026-02-13 20:06:32.545572,Tokyo-9190,47,52,Normal
2026-02-13 20:06:33.545572,Tokyo-9190,41,34,Normal
2026-02-13 20:06:34.545572,Tokyo-9190,42,69,Normal
2026-02-13 20:06:35.545572,Tokyo-9190,2,48,Normal
2026-02-13 20:06:36.545572,Tokyo-9190,-2,80,Normal
2026-02-13 20:06:37.545572,Tokyo-9190,22,81,Normal
2026-02-13 20:06:38.545572,Tokyo-9190,-19,13,Normal
2026-02-13 20:06:39.545572,Tokyo-9190,13,91,Normal
2026-02-13 20:06:40.545572,Tokyo-9190,16,60,Normal
2026-02-13 20:06:41.545572,Tokyo-9190,37,46,Normal
2026-02-13 20:06:42.545572,Tokyo-9190,1,13,Normal
2026-02-13 20:06:43.545572,Tokyo-9190,1,34,Normal
2026-02-13 20:06:44.545572,Tokyo-9190,22,87,Normal
2026-02-13 20:06:45.545572,Tokyo-9190,46,42,Normal
2026-02-13 20:06:46.545572,Tokyo-9190,-6,7,Normal
2026-02-13 20:06:47.545572,Tokyo-9190,35,17,Normal
2026-02-13 20:06:48.545572,Tokyo-9190,36,97,Normal
2026-02-13 20:06:49.545572,Tokyo-9190,-19,97,Normal
2026-02-13 20:06:50.545572,Tokyo-9190,-5,79,Normal
2026-02-13 20:06:51.545572,Tokyo-9190,-3,62,Normal
2026-02-13 20:06:52.545572,Tokyo-9190,28,50,Normal
2026-02-13 20:06:53.545572,Tokyo-9190,28,96,Normal
2026-02-13 20:06:54.545572,Tokyo-9190,47,41,Normal
2026-02-13 20:06:55.545572,Tokyo-9190,-9,12,Normal
2026-02-13 20:06:56.545572,Tokyo-9190,33,67,Normal
2026-02-13 20:06:57.545572,Tokyo-9190,-2,77,Normal
2026-02-13 20:06:58.545572,Tokyo-9190,-2,23,Normal
2026-02-13 20:06:59.545572,Tokyo-9190,15,63,Normal
2026-02-13 20:07:00.545572,Tokyo-9190,-24,8,Normal
2026-02-13 20:07:01.545572,Tokyo-9190,-12,65,Normal
2026-02-13 20:07:02.545572,Tokyo-9190,-25,55,Normal
2026-02-13 20:07:03.545572,Tokyo-9190,-28,12,Normal
2026-02-13 20:07:04.545572,Tokyo-9190,6,28,Normal
2026-02-13 20:07:05.545572,Tokyo-9190,46,37,Normal
2026-02-13 20:07:06.545572,Tokyo-9190,39,25,Normal
2026-02-13 20:07:07.545572,Tokyo-9190,-15,72,Normal
2026-02-13 20:07:08.545572,Tokyo-9190,-18,58,Normal
2026-02-13 20:07:09.545572,Tokyo-9190,-29,1,Normal
2026-02-13 20:07:10.545572,Tokyo-9190,50,88,Normal
2026-02-13 20:07:11.545572,Tokyo-9190,29,2,Normal
2026-02-13 20:07:12.545572,Tokyo-9190,10,33,Normal
2026-02-13 20:07:13.545572,Tokyo-9190,-18,78,Normal
2026-02-13 20:07:14.545572,Tokyo-9190,-19,69,Normal
2026-02-13 20:07:15.545572,Tokyo-9190,22,63,Normal
2026-02-13 20:07:16.545572,Tokyo-9190,16,78,Normal
2026-02-13 20:07:17.545572,Tokyo-9190,22,97,Normal
2026-02-13 20:07:18.545572,Tokyo-9190,45,39,Normal
2026-02-13 20:07:19.545572,Tokyo-9190,-15,31,Normal
2026-02-13 20:07:20.545572,Tokyo-9190,-28,7,Normal
2026-02-13 20:07:21.545572,Tokyo-9190,34,26,Normal
2026-02-13 20:07:22.545572,Tokyo-9190,-26,1,Normal
2026-02-13 20:07:23.545572,Tokyo-9190,2,79,Normal
2026-02-13 20:07:24.545572,Tokyo-9190,-8,46,Normal
2026-02-13 20:07:25.545572,Tokyo-9190,-6,55,Normal
2026-02-13 20:07:26.545572,Tokyo-9190,-28,59,Normal
2026-02-13 20:07:27.545572,Tokyo-9190,40,63,Normal
2026-02-13 20:07:28.545572,Tokyo-9190,-29,90,Normal
2026-02-13 20:07:29.545572,Tokyo-9190,43,54,Normal
2026-02-13 20:07:30.545572,Tokyo-9190,3,45,Normal
2026-02-13 20:07:31.545572,Tokyo-9190,-3,0,Normal
2026-02-13 20:07:32.545572,Tokyo-9190,1,16,Normal
2026-02-13 20:07:33.545572,Tokyo-9190,-3,87,Normal
2026-02-13 20:07:34.545572,Tokyo-9190,-5,71,Normal
2026-02-13 20:07:35.545572,Tokyo-9190,19,35,Normal
2026-02-13 20:07:36.545572,Tokyo-9190,-1,90,Normal
2026-02-13 20:07:37.545572,Tokyo-9190,41,41,Normal
2026-02-13 20:07:38.545572,Tokyo-9190,19,28,Normal
2026-02-13 20:07:39.545572,Tokyo-9190,-13,75,Normal
2026-02-13 20:07:40.545572,Tokyo-9190,-20,3,Normal
2026-02-13 20:07:41.545572,Tokyo-9190,43,0,Normal
2026-02-13 20:07:42.545572,Tokyo-9190,47,0,Normal
2026-02-13 20:07:43.545572,Tokyo-9190,-22,22,Normal
2026-02-13 20:07:44.545572,Tokyo-9190,9,66,Normal
2026-02-13 20:07:45.545572,Tokyo-9190,26,80,Normal
2026-02-13 20:07:46.545572,Tokyo-9190,-26,61,Normal
2026-02-13 20:07:47.545572,Tokyo-9190,1,34,Normal
2026-02-13 20:07:48.545572,Tokyo-9190,-28,99,Normal
2026-02-13 20:07:49.545572,Tokyo-9190,-22,78,Normal
2026-02-13 20:07:50.545572,Tokyo-9190,35,36,Normal
2026-02-13 20:07:51.545572,Tokyo-9190,18,87,Normal
2026-02-13 20:07:52.545572,Tokyo-9190,27,61,Normal
2026-02-13 20:07:53.545572,Tokyo-9190,49,8,Normal
2026-02-13 20:07:54.545572,Tokyo-9190,-2,21,Normal
2026-02-13 20:07:55.545572,Tokyo-9190,21,94,Normal
2026-02-13 20:07:56.545572,Tokyo-9190,41,38,Normal
2026-02-13 20:07:57.545572,Tokyo-9190,17,30,Normal
2026-02-13 20:07:58.545572,Tokyo-9190,-21,52,Normal
2026-02-13 20:07:59.545572,Tokyo-9190,-27,13,Normal
2026-02-13 20:08:00.545572,Tokyo-9190,-11,53,Normal
2026-02-13 20:08:01.545572,Tokyo-9190,3,3,Normal
2026-02-13 20:08:02.545572,Tokyo-9190,8,37,Normal
2026-02-13 20:08:03.545572,Tokyo-9190,-3,26,Normal
2026-02-13 20:08:04.545572,Tokyo-9190,17,54,Normal
2026-02-13 20:08:05.545572,Tokyo-9190,14,90,Normal
2026-02-13 20:08:06.545572,Tokyo-9190,-28,0,Normal
2026-02-13 20:08:07.545572,Tokyo-9190,16,36,Normal
2026-02-13 20:08:08.545572,Tokyo-9190,42,30,Normal
2026-02-13 20:08:09.545572,Tokyo-9190,38,7,Normal
2026-02-13 20:08:10.545572,Tokyo-9190,-9,42,Normal
2026-02-13 20:08:11.545572,Tokyo-9190,23,7,Normal
2026-02-13 20:08:12.545572,Tokyo-9190,27,71,Normal
2026-02-13 20:08:13.545572,Tokyo-9190,-9,22,Normal
2026-02-13 20:08:14.545572,Tokyo-9190,44,13,Normal
2026-02-13 20:08:15.545572,Tokyo-9190,15,8,Normal
2026-02-13 20:08:16.545572,Tokyo-9190,42,9,Normal
2026-02-13 20:08:17.545572,Tokyo-9190,-9,91,Normal
2026-02-13 20:08:18.545572,Tokyo-9190,9,73,Normal
2026-02-13 20:08:19.545572,Tokyo-9190,2,12,Normal
2026-02-13 20:08:20.545572,Tokyo-9190,-27,75,Normal
2026-02-13 20:08:21.545572,Tokyo-9190,-12,13,Normal
2026-02-13 20:08:22.545572,Tokyo-9190,13,92,Normal
2026-02-13 20:08:23.545572,Tokyo-9190,-19,40,Normal
2026-02-13 20:08:24.545572,Tokyo-9190,34,24,Normal
2026-02-13 20:08:25.545572,Tokyo-9190,46,0,Normal
2026-02-13 20:08:26.545572,Tokyo-9190,-7,25,Normal
2026-02-13 20:08:27.545572,Tokyo-9190,13,25,Normal
2026-02-13 20:08:28.545572,Tokyo-9190,-24,72,Normal
2026-02-13 20:08:29.545572,Tokyo-9190,22,0,Normal
2026-02-13 20:08:30.545572,Tokyo-9190,-3,35,Normal
2026-02-13 20:08:31.545572,Tokyo-9190,-22,7,Normal
2026-02-13 20:08:32.545572,Tokyo-9190,-20,20,Normal
2026-02-13 20:08:33.545572,Tokyo-9190,-29,25,Normal
2026-02-13 20:08:34.545572,Tokyo-9190,50,37,Normal
2026-02-13 20:08:35.545572,Tokyo-9190,23,46,Normal
2026-02-13 20:08:36.545572,Tokyo-9190,-10,30,Normal
2026-02-13 20:08:37.545572,Tokyo-9190,-26,68,Normal
2026-02-13 20:08:38.545572,Tokyo-9190,-7,100,Normal
2026-02-13 20:08:39.545572,Tokyo-9190,7,73,Normal
2026-02-13 20:08:40.545572,Tokyo-9190,40,79,Normal
2026-02-13 20:08:41.545572,Tokyo-9190,43,58,Normal
2026-02-13 20:08:42.545572,Tokyo-9190,-8,95,Normal
2026-02-13 20:08:43.545572,Tokyo-9190,-9,43,Normal
2026-02-13 20:08:44.545572,Tokyo-9190,45,48,Normal
2026-02-13 20:08:45.545572,Tokyo-9190,-6,97,Normal
2026-02-13 20:08:46.545572,Tokyo-9190,9,8,Normal
2026-02-13 20:08:47.545572,Tokyo-9190,6,91,Normal
2026-02-13 20:08:48.545572,Tokyo-9190,-21,39,Normal
2026-02-13 20:08:49.545572,Tokyo-9190,17,74,Normal
2026-02-13 20:08:50.545572,Tokyo-9190,35,95,Normal
2026-02-13 20:08:51.545572,Tokyo-9190,30,73,Normal
2026-02-13 20:08:52.545572,Tokyo-9190,48,30,Normal
2026-02-13 20:08:53.545572,Tokyo-9190,42,85,Normal
2026-02-13 20:08:54.545572,Tokyo-9190,10,45,Normal
2026-02-13 20:08:55.545572,Tokyo-9190,30,46,Normal
2026-02-13 20:08:56.545572,Tokyo-9190,41,95,Normal
2026-02-13 20:08:57.545572,Tokyo-9190,16,49,Normal
2026-02-13 20:08:58.545572,Tokyo-9190,11,26,Normal
2026-02-13 20:08:59.545572,Tokyo-9190,42,54,Normal
2026-02-13 20:09:00.545572,Tokyo-9190,42,31,Normal
2026-02-13 20:09:01.545572,Tokyo-9190,-8,1,Normal
2026-02-13 20:09:02.545572,Tokyo-9190,-20,80,Normal
2026-02-13 20:09:03.545572,Tokyo-9190,30,81,Normal
2026-02-13 20:09:04.545572,Tokyo-9190,-1,80,Normal
2026-02-13 20:09:05.545572,Tokyo-9190,43,0,Normal
2026-02-13 20:09:06.545572,Tokyo-9190,-22,66,Normal
2026-02-13 20:09:07.545572,Tokyo-9190,-30,80,Normal
2026-02-13 20:09:08.545572,Tokyo-9190,-2,1,Normal
2026-02-13 20:09:09.545572,Tokyo-9190,35,4,Normal
2026-02-13 20:09:10.545572,Tokyo-9190,50,18,Normal
2026-02-13 20:09:11.545572,Tokyo-9190,18,69,Normal
2026-02-13 20:09:12.545572,Tokyo-9190,21,9,Normal
2026-02-13 20:09:13.545572,Tokyo-9190,-7,100,Normal
2026-02-13 20:09:14.545572,Tokyo-9190,34,5,Normal
2026-02-13 20:09:15.545572,Tokyo-9190,-17,33,Normal
2026-02-13 20:09:16.545572,Tokyo-9190,10,55,Normal
2026-02-13 20:09:17.545572,Tokyo-9190,0,59,Normal
2026-02-13 20:09:18.545572,Tokyo-9190,13,78,Normal
2026-02-13 20:09:19.545572,Tokyo-9190,-22,32,Normal
2026-02-13 20:09:20.545572,Tokyo-9190,30,14,Normal
2026-02-13 20:09:21.545572,Tokyo-9190,14,13,Normal
2026-02-13 20:09:22.545572,Tokyo-9190,26,32,Normal
2026-02-13 20:09:23.545572,Tokyo-9190,16,77,Normal
2026-02-13 20:09:24.545572,Tokyo-9190,-18,8,Normal
2026-02-13 20:09:25.545572,Tokyo-9190,34,53,Normal
2026-02-13 20:09:26.545572,Tokyo-9190,25,22,Normal
2026-02-13 20:09:27.545572,Tokyo-9190,8,7,Normal
2026-02-13 20:09:28.545572,Tokyo-9190,-11,9,Normal
2026-02-13 20:09:29.545572,Tokyo-9190,-25,92,Normal
2026-02-13 20:09:30.545572,Tokyo-9190,-21,49,Normal
2026-02-13 20:09:31.545572,Tokyo-9190,12,39,Normal
2026-02-13 20:09:32.545572,Tokyo-9190,-18,60,Normal
2026-02-13 20:09:33.545572,Tokyo-9190,34,12,Normal
2026-02-13 20:09:34.545572,Tokyo-9190,26,52,Normal
2026-02-13 20:09:35.545572,Tokyo-9190,1,70,Normal
2026-02-13 20:09:36.545572,Tokyo-9190,-10,40,Normal
2026-02-13 20:09:37.545572,Tokyo-9190,-5,10,Normal
2026-02-13 20:09:38.545572,Tokyo-9190,-26,67,Normal
2026-02-13 20:09:39.545572,Tokyo-9190,43,85,Normal
2026-02-13 20:09:40.545572,Tokyo-9190,39,85,Normal
2026-02-13 20:09:41.545572,Tokyo-9190,-21,59,Normal
2026-02-13 20:09:42.545572,Tokyo-9190,-28,92,Normal
2026-02-13 20:09:43.545572,Tokyo-9190,-26,20,Normal
2026-02-13 20:09:44.545572,Tokyo-9190,25,41,Normal
2026-02-13 20:09:45.545572,Tokyo-9190,27,12,Normal
2026-02-13 20:09:46.545572,Tokyo-9190,-12,82,Normal
2026-02-13 20:09:47.545572,Tokyo-9190,46,90,Normal
2026-02-13 20:09:48.545572,Tokyo-9190,-16,67,Normal
2026-02-13 20:09:49.545572,Tokyo-9190,0,43,Normal
2026-02-13 20:09:50.545572,Tokyo-9190,-26,1,Normal
2026-02-13 20:09:51.545572,Tokyo-9190,-4,25,Normal
2026-02-13 20:09:52.545572,Tokyo-9190,1,9,Normal
2026-02-13 20:09:53.545572,Tokyo-9190,46,26,Normal
2026-02-13 20:09:54.545572,Tokyo-9190,15,23,Normal
2026-02-13 20:09:55.545572,Tokyo-9190,3,0,Normal
2026-02-13 20:09:56.545572,Tokyo-9190,-18,9,Normal
2026-02-13 20:09:57.545572,Tokyo-9190,22,18,Normal
2026-02-13 20:09:58.545572,Tokyo-9190,9,49,Normal
2026-02-13 20:09:59.545572,Tokyo-9190,-4,0,Normal
2026-02-13 20:10:00.545572,Tokyo-9190,10,4,Normal
2026-02-13 20:10:01.545572,Tokyo-9190,10,82,Normal
2026-02-13 20:10:02.545572,Tokyo-9190,35,100,Normal
2026-02-13 20:10:03.545572,Tokyo-9190,14,14,Normal
2026-02-13 20:10:04.545572,Tokyo-9190,32,37,Normal
2026-02-13 20:10:05.545572,Tokyo-9190,47,95,Normal
2026-02-13 20:10:06.545572,Tokyo-9190,-7,5,Normal
2026-02-13 20:10:07.545572,Tokyo-9190,-3,3,Normal
2026-02-13 20:10:08.545572,Tokyo-9190,30,85,Normal
2026-02-13 20:10:09.545572,Tokyo-9190,-11,23,Normal
2026-02-13 20:10:10.545572,Tokyo-9190,19,65,Normal
2026-02-13 20:10:11.545572,Tokyo-9190,-20,64,Normal
2026-02-13 20:10:12.545572,Tokyo-9190,-19,34,Normal
2026-02-13 20:10:13.545572,Tokyo-9190,-9,35,Normal
2026-02-13 20:10:14.545572,Tokyo-9190,-30,78,Normal
2026-02-13 20:10:15.545572,Tokyo-9190,28,13,Normal
2026-02-13 20:10:16.545572,Tokyo-9190,-17,6,Normal
2026-02-13 20:10:17.545572,Tokyo-9190,38,17,Normal
2026-02-13 20:10:18.545572,Tokyo-9190,-9,34,Normal
2026-02-13 20:10:19.545572,Tokyo-9190,7,0,Normal
2026-02-13 20:10:20.545572,Tokyo-9190,45,41,Normal
2026-02-13 20:10:21.545572,Tokyo-9190,48,31,Normal
2026-02-13 20:10:22.545572,Tokyo-9190,-2,98,Normal
2026-02-13 20:10:23.545572,Tokyo-9190,38,69,Normal
2026-02-13 20:10:24.545572,Tokyo-9190,31,61,Normal
2026-02-13 20:10:25.545572,Tokyo-9190,31,45,Normal
2026-02-13 20:10:26.545572,Tokyo-9190,5,62,Normal
2026-02-13 20:10:27.545572,Tokyo-9190,-11,91,Normal
2026-02-13 20:10:28.545572,Tokyo-9190,11,52,Normal
2026-02-13 20:10:29.545572,Tokyo-9190,7,82,Normal
2026-02-13 20:10:30.545572,Tokyo-9190,-26,68,Normal
2026-02-13 20:10:31.545572,Tokyo-9190,41,24,Normal
2026-02-13 20:10:32.545572,Tokyo-9190,29,53,Normal
2026-02-13 20:10:33.545572,Tokyo-9190,-9,48,Normal
2026-02-13 20:10:34.545572,Tokyo-9190,41,58,Normal
2026-02-13 20:10:35.545572,Tokyo-9190,-9,97,Normal
2026-02-13 20:10:36.545572,Tokyo-9190,-11,53,Normal
2026-02-13 20:10:37.545572,Tokyo-9190,-16,1,Normal
2026-02-13 20:10:38.545572,Tokyo-9190,31,100,Normal
2026-02-13 20:10:39.545572,Tokyo-9190,40,72,Normal
2026-02-13 20:10:40.545572,Tokyo-9190,-29,96,Normal
2026-02-13 20:10:41.545572,Tokyo-9190,13,79,Normal
2026-02-13 20:10:42.545572,Tokyo-9190,28,7,Normal
2026-02-13 20:10:43.545572,Tokyo-9190,13,3,Normal
2026-02-13 20:10:44.545572,Tokyo-9190,-6,11,Normal
2026-02-13 20:10:45.545572,Tokyo-9190,-13,31,Normal
2026-02-13 20:10:46.545572,Tokyo-9190,-5,22,Normal
2026-02-13 20:10:47.545572,Tokyo-9190,24,5,Normal
2026-02-13 20:10:48.545572,Tokyo-9190,22,28,Normal
2026-02-13 20:10:49.545572,Tokyo-9190,-3,92,Normal
2026-02-13 20:10:50.545572,Tokyo-9190,-4,45,Normal
2026-02-13 20:10:51.545572,Tokyo-9190,-5,44,Normal
2026-02-13 20:10:52.545572,Tokyo-9190,-7,67,Normal
2026-02-13 20:10:53.545572,Tokyo-9190,6,44,Normal
2026-02-13 20:10:54.545572,Tokyo-9190,-8,27,Normal
2026-02-13 20:10:55.545572,Tokyo-9190,-11,40,Normal
2026-02-13 20:10:56.545572,Tokyo-9190,-1,27,Normal
2026-02-13 20:10:57.545572,Tokyo-9190,43,73,Normal
2026-02-13 20:10:58.545572,Tokyo-9190,39,53,Normal
2026-02-13 20:10:59.545572,Tokyo-9190,-14,69,Normal
2026-02-13 20:11:00.545572,Tokyo-9190,-5,16,Normal
2026-02-13 20:11:01.545572,Tokyo-9190,-15,94,Normal
2026-02-13 20:11:02.545572,Tokyo-9190,48,54,Normal
2026-02-13 20:11:03.545572,Tokyo-9190,34,93,Normal
2026-02-13 20:11:04.545572,Tokyo-9190,-20,99,Normal
2026-02-13 20:11:05.545572,Tokyo-9190,20,88,Normal
2026-02-13 20:11:06.545572,Tokyo-9190,25,98,Normal
2026-02-13 20:11:07.545572,Tokyo-9190,-27,57,Normal
2026-02-13 20:11:08.545572,Tokyo-9190,22,51,Normal
2026-02-13 20:11:09.545572,Tokyo-9190,49,20,Normal
2026-02-13 20:11:10.545572,Tokyo-9190,47,77,Normal
2026-02-13 20:11:11.545572,Tokyo-9190,-14,53,Normal
2026-02-13 20:11:12.545572,Tokyo-9190,8,85,Normal
2026-02-13 20:11:13.545572,Tokyo-9190,-29,75,Normal
2026-02-13 20:11:14.545572,Tokyo-9190,34,68,Normal
2026-02-13 20:11:15.545572,Tokyo-9190,-14,24,Normal
2026-02-13 20:11:16.545572,Tokyo-9190,4,93,Normal
2026-02-13 20:11:17.545572,Tokyo-9190,-18,77,Normal
2026-02-13 20:11:18.545572,Tokyo-9190,3,3,Normal
2026-02-13 20:11:19.545572,Tokyo-9190,-16,46,Normal
2026-02-13 20:11:20.545572,Tokyo-9190,15,76,Normal
2026-02-13 20:11:21.545572,Tokyo-9190,-15,97,Normal
2026-02-13 20:11:22.545572,Tokyo-9190,-20,62,Normal
2026-02-13 20:11:23.545572,Tokyo-9190,11,52,Normal
2026-02-13 20:11:24.545572,Tokyo-9190,33,25,Normal
2026-02-13 20:11:25.545572,Tokyo-9190,21,53,Normal
2026-02-13 20:11:26.545572,Tokyo-9190,15,100,Normal
2026-02-13 20:11:27.545572,Tokyo-9190,2,95,Normal
2026-02-13 20:11:28.545572,Tokyo-9190,42,21,Normal
2026-02-13 20:11:29.545572,Tokyo-9190,35,51,Normal
2026-02-13 20:11:30.545572,Tokyo-9190,-22,61,Normal
2026-02-13 20:11:31.545572,Tokyo-9190,-14,32,Normal
2026-02-13 20:11:32.545572,Tokyo-9190,11,73,Normal
2026-02-13 20:11:33.545572,Tokyo-9190,-28,64,Normal
2026-02-13 20:11:34.545572,Tokyo-9190,-14,32,Normal
2026-02-13 20:11:35.545572,Tokyo-9190,20,74,Normal
2026-02-13 20:11:36.545572,Tokyo-9190,-16,72,Normal
2026-02-13 20:11:37.545572,Tokyo-9190,37,26,Normal
2026-02-13 20:11:38.545572,Tokyo-9190,30,69,Normal
2026-02-13 20:11:39.545572,Tokyo-9190,-3,71,Normal
2026-02-13 20:11:40.545572,Tokyo-9190,-29,99,Normal
2026-02-13 20:11:41.545572,Tokyo-9190,48,64,Normal
2026-02-13 20:11:42.545572,Tokyo-9190,37,52,Normal
2026-02-13 20:11:43.545572,Tokyo-9190,17,63,Normal
2026-02-13 20:11:44.545572,Tokyo-9190,14,92,Normal
2026-02-13 20:11:45.545572,Tokyo-9190,-16,39,Normal
2026-02-13 20:11:46.545572,Tokyo-9190,29,66,Normal
2026-02-13 20:11:47.545572,Tokyo-9190,6,68,Normal
2026-02-13 20:11:48.545572,Tokyo-9190,19,78,Normal
2026-02-13 20:11:49.545572,Tokyo-9190,-3,45,Normal
2026-02-13 20:11:50.545572,Tokyo-9190,-25,49,Normal
2026-02-13 20:11:51.545572,Tokyo-9190,48,84,Normal
2026-02-13 20:11:52.545572,Tokyo-9190,-13,26,Normal
2026-02-13 20:11:53.545572,Tokyo-9190,0,46,Normal
2026-02-13 20:11:54.545572,Tokyo-9190,26,84,Normal
2026-02-13 20:11:55.545572,Tokyo-9190,18,46,Normal
2026-02-13 20:11:56.545572,Tokyo-9190,-28,93,Normal
2026-02-13 20:11:57.545572,Tokyo-9190,0,43,Normal
2026-02-13 20:11:58.545572,Tokyo-9190,16,18,Normal
2026-02-13 20:11:59.545572,Tokyo-9190,9,91,Normal
2026-02-13 20:12:00.545572,Tokyo-9190,39,68,Normal
2026-02-13 20:12:01.545572,Tokyo-9190,32,61,Normal
2026-02-13 20:12:02.545572,Tokyo-9190,-14,81,Normal
2026-02-13 20:12:03.545572,Tokyo-9190,31,76,Normal
2026-02-13 20:12:04.545572,Tokyo-9190,28,41,Normal
2026-02-13 20:12:05.545572,Tokyo-9190,46,59,Normal
2026-02-13 20:12:06.545572,Tokyo-9190,45,12,Normal
2026-02-13 20:12:07.545572,Tokyo-9190,26,98,Normal
2026-02-13 20:12:08.545572,Tokyo-9190,21,44,Normal
2026-02-13 20:12:09.545572,Tokyo-9190,41,76,Normal
2026-02-13 20:12:10.545572,Tokyo-9190,-7,63,Normal
2026-02-13 20:12:11.545572,Tokyo-9190,35,31,Normal
2026-02-13 20:12:12.545572,Tokyo-9190,-1,68,Normal
2026-02-13 20:12:13.545572,Tokyo-9190,-3,76,Normal
2026-02-13 20:12:14.545572,Tokyo-9190,14,68,Normal
2026-02-13 20:12:15.545572,Tokyo-9190,-24,15,Normal
2026-02-13 20:12:16.545572,Tokyo-9190,1,14,Normal
2026-02-13 20:12:17.545572,Tokyo-9190,-15,30,Normal
2026-02-13 20:12:18.545572,Tokyo-9190,49,94,Normal
2026-02-13 20:12:19.545572,Tokyo-9190,9,41,Normal
2026-02-13 20:12:20.545572,Tokyo-9190,16,94,Normal
2026-02-13 20:12:21.545572,Tokyo-9190,-14,23,Normal
2026-02-13 20:12:22.545572,Tokyo-9190,39,76,Normal
2026-02-13 20:12:23.545572,Tokyo-9190,1,16,Normal
2026-02-13 20:12:24.545572,Tokyo-9190,1,11,Normal
2026-02-13 20:12:25.545572,Tokyo-9190,2,71,Normal
2026-02-13 20:12:26.545572,Tokyo-9190,-20,73,Normal
2026-02-13 20:12:27.545572,Tokyo-9190,43,77,Normal
2026-02-13 20:12:28.545572,Tokyo-9190,27,39,Normal
2026-02-13 20:12:29.545572,Tokyo-9190,-30,16,Normal
2026-02-13 20:12:30.545572,Tokyo-9190,-13,55,Normal
2026-02-13 20:12:31.545572,Tokyo-9190,43,43,Normal
2026-02-13 20:12:32.545572,Tokyo-9190,-27,61,Normal
2026-02-13 20:12:33.545572,Tokyo-9190,32,21,Normal
2026-02-13 20:12:34.545572,Tokyo-9190,45,41,Normal
2026-02-13 20:12:35.545572,Tokyo-9190,2,60,Normal
2026-02-13 20:12:36.545572,Tokyo-9190,23,55,Normal
2026-02-13 20:12:37.545572,Tokyo-9190,-13,89,Normal
2026-02-13 20:12:38.545572,Tokyo-9190,9,63,Normal
2026-02-13 20:12:39.545572,Tokyo-9190,42,43,Normal
2026-02-13 20:12:40.545572,Tokyo-9190,6,32,Normal
2026-02-13 20:12:41.545572,Tokyo-9190,38,37,Normal
2026-02-13 20:12:42.545572,Tokyo-9190,41,94,Normal
2026-02-13 20:12:43.545572,Tokyo-9190,-21,15,Normal
2026-02-13 20:12:44.545572,Tokyo-9190,26,49,Normal
2026-02-13 20:12:45.545572,Tokyo-9190,37,1,Normal
2026-02-13 20:12:46.545572,Tokyo-9190,37,82,Normal
2026-02-13 20:12:47.545572,Tokyo-9190,16,80,Normal
2026-02-13 20:12:48.545572,Tokyo-9190,21,53,Normal
2026-02-13 20:12:49.545572,Tokyo-9190,42,64,Normal
2026-02-13 20:12:50.545572,Tokyo-9190,48,98,Normal
2026-02-13 20:12:51.545572,Tokyo-9190,-22,68,Normal
2026-02-13 20:12:52.545572,Tokyo-9190,-12,95,Normal
2026-02-13 20:12:53.545572,Tokyo-9190,33,68,Normal
2026-02-13 20:12:54.545572,Tokyo-9190,43,39,Normal
2026-02-13 20:12:55.545572,Tokyo-9190,31,4,Normal
2026-02-13 20:12:56.545572,Tokyo-9190,2,67,Normal
2026-02-13 20:12:57.545572,Tokyo-9190,-15,43,Normal
2026-02-13 20:12:58.545572,Tokyo-9190,-12,17,Normal
2026-02-13 20:12:59.545572,Tokyo-9190,-12,66,Normal
2026-02-13 20:13:00.545572,Tokyo-9190,13,20,Normal
2026-02-13 20:13:01.545572,Tokyo-9190,37,18,Normal
2026-02-13 20:13:02.545572,Tokyo-9190,-23,57,Normal
2026-02-13 20:13:03.545572,Tokyo-9190,41,33,Normal
2026-02-13 20:13:04.545572,Tokyo-9190,-27,8,Normal
2026-02-13 20:13:05.545572,Tokyo-9190,-18,51,Normal
2026-02-13 20:13:06.545572,Tokyo-9190,-10,27,Normal
2026-02-13 20:13:07.545572,Tokyo-9190,39,38,Normal
2026-02-13 20:13:08.545572,Tokyo-9190,40,100,Normal
2026-02-13 20:13:09.545572,Tokyo-9190,14,18,Normal
2026-02-13 20:13:10.545572,Tokyo-9190,17,40,Normal
2026-02-13 20:13:11.545572,Tokyo-9190,50,73,Normal
2026-02-13 20:13:12.545572,Tokyo-9190,18,23,Normal
2026-02-13 20:13:13.545572,Tokyo-9190,-15,39,Normal
2026-02-13 20:13:14.545572,Tokyo-9190,45,67,Normal
2026-02-13 20:13:15.545572,Tokyo-9190,-15,74,Normal
2026-02-13 20:13:16.545572,Tokyo-9190,35,96,Normal
2026-02-13 20:13:17.545572,Tokyo-9190,-23,49,Normal
2026-02-13 20:13:18.545572,Tokyo-9190,-21,97,Normal
2026-02-13 20:13:19.545572,Tokyo-9190,-22,74,Normal
2026-02-13 20:13:20.545572,Tokyo-9190,-11,21,Normal
2026-02-13 20:13:21.545572,Tokyo-9190,32,75,Normal
2026-02-13 20:13:22.545572,Tokyo-9190,43,67,Normal
2026-02-13 20:13:23.545572,Tokyo-9190,27,57,Normal
2026-02-13 20:13:24.545572,Tokyo-9190,49,65,Normal
2026-02-13 20:13:25.545572,Tokyo-9190,15,82,Normal
2026-02-13 20:13:26.545572,Tokyo-9190,27,57,Normal
2026-02-13 20:13:27.545572,Tokyo-9190,22,55,Normal
2026-02-13 20:13:28.545572,Tokyo-9190,-25,47,Normal
2026-02-13 20:13:29.545572,Tokyo-9190,-23,23,Normal
2026-02-13 20:13:30.545572,Tokyo-9190,-17,4,Normal
2026-02-13 20:13:31.545572,Tokyo-9190,14,2,Normal
2026-02-13 20:13:32.545572,Tokyo-9190,31,66,Normal
2026-02-13 20:13:33.545572,Tokyo-9190,-30,44,Normal
2026-02-13 20:13:34.545572,Tokyo-9190,12,75,Normal
2026-02-13 20:13:35.545572,Tokyo-9190,21,53,Normal
2026-02-13 20:13:36.545572,Tokyo-9190,49,89,Normal
2026-02-13 20:13:37.545572,Tokyo-9190,-22,40,Normal
2026-02-13 20:13:38.545572,Tokyo-9190,-17,48,Normal
2026-02-13 20:13:39.545572,Tokyo-9190,-15,36,Normal
2026-02-13 20:13:40.545572,Tokyo-9190,-12,58,Normal
2026-02-13 20:13:41.545572,Tokyo-9190,39,23,Normal
2026-02-13 20:13:42.545572,Tokyo-9190,2,8,Normal
2026-02-13 20:13:43.545572,Tokyo-9190,36,65,Normal
2026-02-13 20:13:44.545572,Tokyo-9190,31,0,Normal
2026-02-13 20:13:45.545572,Tokyo-9190,3,71,Normal
2026-02-13 20:13:46.545572,Tokyo-9190,21,37,Normal
2026-02-13 20:13:47.545572,Tokyo-9190,-23,87,Normal
2026-02-13 20:13:48.545572,Tokyo-9190,9,14,Normal
2026-02-13 20:13:49.545572,Tokyo-9190,4,68,Normal
2026-02-13 20:13:50.545572,Tokyo-9190,-20,14,Normal
2026-02-13 20:13:51.545572,Tokyo-9190,-22,19,Normal
2026-02-13 20:13:52.545572,Tokyo-9190,-4,71,Normal
2026-02-13 20:13:53.545572,Tokyo-9190,2,22,Normal
2026-02-13 20:13:54.545572,Tokyo-9190,18,90,Normal
2026-02-13 20:13:55.545572,Tokyo-9190,-27,58,Normal
2026-02-13 20:13:56.545572,Tokyo-9190,11,24,Normal
2026-02-13 20:13:57.545572,Tokyo-9190,-16,83,Normal
2026-02-13 20:13:58.545572,Tokyo-9190,48,83,Normal
2026-02-13 20:13:59.545572,Tokyo-9190,-27,0,Normal
2026-02-13 20:14:00.545572,Tokyo-9190,28,46,Normal
2026-02-13 20:14:01.545572,Tokyo-9190,22,2,Normal
2026-02-13 20:14:02.545572,Tokyo-9190,3,20,Normal
2026-02-13 20:14:03.545572,Tokyo-9190,49,75,Normal
2026-02-13 20:14:04.545572,Tokyo-9190,13,60,Normal
2026-02-13 20:14:05.545572,Tokyo-9190,27,52,Normal
2026-02-13 20:14:06.545572,Tokyo-9190,19,3,Normal
2026-02-13 20:14:07.545572,Tokyo-9190,-13,7,Normal
2026-02-13 20:14:08.545572,Tokyo-9190,-24,63,Normal
2026-02-13 20:14:09.545572,Tokyo-9190,-8,66,Normal
2026-02-13 20:14:10.545572,Tokyo-9190,-3,77,Normal
2026-02-13 20:14:11.545572,Tokyo-9190,50,51,Normal
2026-02-13 20:14:12.545572,Tokyo-9190,49,17,Normal
2026-02-13 20:14:13.545572,Tokyo-9190,21,75,Normal
2026-02-13 20:14:14.545572,Tokyo-9190,27,68,Normal
2026-02-13 20:14:15.545572,Tokyo-9190,-19,58,Normal
2026-02-13 20:14:16.545572,Tokyo-9190,35,38,Normal
2026-02-13 20:14:17.545572,Tokyo-9190,-6,91,Normal
2026-02-13 20:14:18.545572,Tokyo-9190,10,19,Normal
2026-02-13 20:14:19.545572,Tokyo-9190,-7,37,Normal
2026-02-13 20:14:20.545572,Tokyo-9190,-10,28,Normal
2026-02-13 20:14:21.545572,Tokyo-9190,-28,65,Normal
2026-02-13 20:14:22.545572,Tokyo-9190,2,52,Normal
2026-02-13 20:14:23.545572,Tokyo-9190,-4,91,Normal
2026-02-13 20:14:24.545572,Tokyo-9190,13,97,Normal
2026-02-13 20:14:25.545572,Tokyo-9190,2,31,Normal
2026-02-13 20:14:26.545572,Tokyo-9190,29,62,Normal
2026-02-13 20:14:27.545572,Tokyo-9190,44,14,Normal
2026-02-13 20:14:28.545572,Tokyo-9190,36,42,Normal
2026-02-13 20:14:29.545572,Tokyo-9190,4,44,Normal
2026-02-13 20:14:30.545572,Tokyo-9190,45,78,Normal
2026-02-13 20:14:31.545572,Tokyo-9190,28,52,Normal
2026-02-13 20:14:32.545572,Tokyo-9190,16,7,Normal
2026-02-13 20:14:33.545572,Tokyo-9190,-7,7,Normal
2026-02-13 20:14:34.545572,Tokyo-9190,31,24,Normal
2026-02-13 20:14:35.545572,Tokyo-9190,36,98,Normal
2026-02-13 20:14:36.545572,Tokyo-9190,-10,19,Normal
2026-02-13 20:14:37.545572,Tokyo-9190,3,74,Normal
2026-02-13 20:14:38.545572,Tokyo-9190,31,60,Normal
2026-02-13 20:14:39.545572,Tokyo-9190,-1,3,Normal
2026-02-13 20:14:40.545572,Tokyo-9190,33,46,Normal
2026-02-13 20:14:41.545572,Tokyo-9190,-3,5,Normal
2026-02-13 20:14:42.545572,Tokyo-9190,-21,50,Normal
2026-02-13 20:14:43.545572,Tokyo-9190,20,85,Normal
2026-02-13 20:14:44.545572,Tokyo-9190,-19,89,Normal
2026-02-13 20:14:45.545572,Tokyo-9190,41,10,Normal
2026-02-13 20:14:46.545572,Tokyo-9190,-15,57,Normal
2026-02-13 20:14:47.545572,Tokyo-9190,31,82,Normal
2026-02-13 20:14:48.545572,Tokyo-9190,-17,12,Normal
2026-02-13 20:14:49.545572,Tokyo-9190,-2,98,Normal
2026-02-13 20:14:50.545572,Tokyo-9190,29,84,Normal
2026-02-13 20:14:51.545572,Tokyo-9190,-11,34,Normal
2026-02-13 20:14:52.545572,Tokyo-9190,17,96,Normal
2026-02-13 20:14:53.545572,Tokyo-9190,-19,44,Normal
2026-02-13 20:14:54.545572,Tokyo-9190,16,19,Normal
2026-02-13 20:14:55.545572,Tokyo-9190,-2,1,Normal
2026-02-13 20:14:56.545572,Tokyo-9190,19,2,Normal
2026-02-13 20:14:57.545572,Tokyo-9190,-12,5,Normal
2026-02-13 20:14:58.545572,Tokyo-9190,-29,61,Normal
2026-02-13 20:14:59.545572,Tokyo-9190,-18,12,Normal
2026-02-13 20:15:00.545572,Tokyo-9190,42,18,Normal
2026-02-13 20:15:01.545572,Tokyo-9190,3,54,Normal
2026-02-13 20:15:02.545572,Tokyo-9190,-5,56,Normal
2026-02-13 20:15:03.545572,Tokyo-9190,14,25,Normal
2026-02-13 20:15:04.545572,Tokyo-9190,-24,50,Normal
2026-02-13 20:15:05.545572,Tokyo-9190,25,35,Normal
2026-02-13 20:15:06.545572,Tokyo-9190,-28,62,Normal
2026-02-13 20:15:07.545572,Tokyo-9190,-22,70,Normal
2026-02-13 20:15:08.545572,Tokyo-9190,34,83,Normal
2026-02-13 20:15:09.545572,Tokyo-9190,-7,83,Normal
2026-02-13 20:15:10.545572,Tokyo-9190,22,32,Normal
2026-02-13 20:15:11.545572,Tokyo-9190,-11,79,Normal
2026-02-13 20:15:12.545572,Tokyo-9190,7,6,Normal
2026-02-13 20:15:13.545572,Tokyo-9190,36,64,Normal
2026-02-13 20:15:14.545572,Tokyo-9190,5,34,Normal
2026-02-13 20:15:15.545572,Tokyo-9190,-10,11,Normal
2026-02-13 20:15:16.545572,Tokyo-9190,36,93,Normal
2026-02-13 20:15:17.545572,Tokyo-9190,-23,77,Normal
2026-02-13 20:15:18.545572,Tokyo-9190,28,35,Normal
2026-02-13 20:15:19.545572,Tokyo-9190,-5,48,Normal
2026-02-13 20:15:20.545572,Tokyo-9190,31,24,Normal
2026-02-13 20:15:21.545572,Tokyo-9190,33,78,Normal
2026-02-13 20:15:22.545572,Tokyo-9190,-5,64,Normal
2026-02-13 20:15:23.545572,Tokyo-9190,-14,43,Normal
2026-02-13 20:15:24.545572,Tokyo-9190,-7,48,Normal
2026-02-13 20:15:25.545572,Tokyo-9190,-25,99,Normal
2026-02-13 20:15:26.545572,Tokyo-9190,30,59,Normal
2026-02-13 20:15:27.545572,Tokyo-9190,5,39,Normal
2026-02-13 20:15:28.545572,Tokyo-9190,-12,89,Normal
2026-02-13 20:15:29.545572,Tokyo-9190,-4,67,Normal
2026-02-13 20:15:30.545572,Tokyo-9190,-23,84,Normal
2026-02-13 20:15:31.545572,Tokyo-9190,21,15,Normal
2026-02-13 20:15:32.545572,Tokyo-9190,35,10,Normal
2026-02-13 20:15:33.545572,Tokyo-9190,17,65,Normal
2026-02-13 20:15:34.545572,Tokyo-9190,42,13,Normal
2026-02-13 20:15:35.545572,Tokyo-9190,16,75,Normal
2026-02-13 20:15:36.545572,Tokyo-9190,7,83,Normal
2026-02-13 20:15:37.545572,Tokyo-9190,42,69,Normal
2026-02-13 20:15:38.545572,Tokyo-9190,-22,26,Normal
2026-02-13 20:15:39.545572,Tokyo-9190,36,57,Normal
2026-02-13 20:15:40.545572,Tokyo-9190,-29,15,Normal
2026-02-13 20:15:41.545572,Tokyo-9190,17,74,Normal
2026-02-13 20:15:42.545572,Tokyo-9190,-24,57,Normal
2026-02-13 20:15:43.545572,Tokyo-9190,-10,72,Normal
2026-02-13 20:15:44.545572,Tokyo-9190,19,18,Normal
2026-02-13 20:15:45.545572,Tokyo-9190,9,36,Normal
2026-02-13 20:15:46.545572,Tokyo-9190,35,39,Normal
2026-02-13 20:15:47.545572,Tokyo-9190,-1,50,Normal
2026-02-13 20:15:48.545572,Tokyo-9190,-18,72,Normal
2026-02-13 20:15:49.545572,Tokyo-9190,1,54,Normal
2026-02-13 20:15:50.545572,Tokyo-9190,39,80,Normal
2026-02-13 20:15:51.545572,Tokyo-9190,-18,52,Normal
2026-02-13 20:15:52.545572,Tokyo-9190,-12,20,Normal
2026-02-13 20:15:53.545572,Tokyo-9190,4,11,Normal
2026-02-13 20:15:54.545572,Tokyo-9190,-1,70,Normal
2026-02-13 20:15:55.545572,Tokyo-9190,32,97,Normal
2026-02-13 20:15:56.545572,Tokyo-9190,-13,16,Normal
2026-02-13 20:15:57.545572,Tokyo-9190,20,62,Normal
2026-02-13 20:15:58.545572,Tokyo-9190,34,62,Normal
2026-02-13 20:15:59.545572,Tokyo-9190,-2,25,Normal
2026-02-13 20:16:00.545572,Tokyo-9190,10,80,Normal
2026-02-13 20:16:01.545572,Tokyo-9190,23,30,Normal
2026-02-13 20:16:02.545572,Tokyo-9190,-21,68,Normal
2026-02-13 20:16:03.545572,Tokyo-9190,34,50,Normal
2026-02-13 20:16:04.545572,Tokyo-9190,37,32,Normal
2026-02-13 20:16:05.545572,Tokyo-9190,-11,83,Normal
2026-02-13 20:16:06.545572,Tokyo-9190,9,8,Normal
2026-02-13 20:16:07.545572,Tokyo-9190,28,96,Normal
2026-02-13 20:16:08.545572,Tokyo-9190,48,26,Normal
2026-02-13 20:16:09.545572,Tokyo-9190,48,53,Normal
2026-02-13 20:16:10.545572,Tokyo-9190,36,64,Normal
2026-02-13 20:16:11.545572,Tokyo-9190,39,33,Normal
2026-02-13 20:16:12.545572,Tokyo-9190,26,37,Normal
2026-02-13 20:16:13.545572,Tokyo-9190,-24,71,Normal
2026-02-13 20:16:14.545572,Tokyo-9190,46,54,Normal
2026-02-13 20:16:15.545572,Tokyo-9190,-5,52,Normal
2026-02-13 20:16:16.545572,Tokyo-9190,-4,17,Normal
2026-02-13 20:16:17.545572,Tokyo-9190,28,79,Normal
2026-02-13 20:16:18.545572,Tokyo-9190,3,95,Normal
2026-02-13 20:16:19.545572,Tokyo-9190,23,8,Normal
2026-02-13 20:16:20.545572,Tokyo-9190,26,67,Normal
2026-02-13 20:16:21.545572,Tokyo-9190,30,97,Normal
2026-02-13 20:16:22.545572,Tokyo-9190,-26,42,Normal
2026-02-13 20:16:23.545572,Tokyo-9190,49,95,Normal
2026-02-13 20:16:24.545572,Tokyo-9190,49,84,Normal
2026-02-13 20:16:25.545572,Tokyo-9190,-28,70,Normal
2026-02-13 20:16:26.545572,Tokyo-9190,40,84,Normal
2026-02-13 20:16:27.545572,Tokyo-9190,49,93,Normal
2026-02-13 20:16:28.545572,Tokyo-9190,-1,66,Normal
2026-02-13 20:16:29.545572,Tokyo-9190,-14,18,Normal
2026-02-13 20:16:30.545572,Tokyo-9190,-14,85,Normal
2026-02-13 20:16:31.545572,Tokyo-9190,6,5,Normal
2026-02-13 20:16:32.545572,Tokyo-9190,41,58,Normal
2026-02-13 20:16:33.545572,Tokyo-9190,45,82,Normal
2026-02-13 20:16:34.545572,Tokyo-9190,-19,12,Normal
2026-02-13 20:16:35.545572,Tokyo-9190,-11,35,Normal
2026-02-13 20:16:36.545572,Tokyo-9190,-8,48,Normal
2026-02-13 20:16:37.545572,Tokyo-9190,-15,81,Normal
2026-02-13 20:16:38.545572,Tokyo-9190,35,14,Normal
2026-02-13 20:16:39.545572,Tokyo-9190,-7,53,Normal
2026-02-13 20:16:40.545572,Tokyo-9190,-15,70,Normal
2026-02-13 20:16:41.545572,Tokyo-9190,16,16,Normal
2026-02-13 20:16:42.545572,Tokyo-9190,26,77,Normal
2026-02-13 20:16:43.545572,Tokyo-9190,29,19,Normal
2026-02-13 20:16:44.545572,Tokyo-9190,-21,38,Normal
2026-02-13 20:16:45.545572,Tokyo-9190,11,15,Normal
2026-02-13 20:16:46.545572,Tokyo-9190,29,100,Normal
2026-02-13 20:16:47.545572,Tokyo-9190,-2,40,Normal
2026-02-13 20:16:48.545572,Tokyo-9190,-27,95,Normal
2026-02-13 20:16:49.545572,Tokyo-9190,32,85,Normal
2026-02-13 20:16:50.545572,Tokyo-9190,28,28,Normal
2026-02-13 20:16:51.545572,Tokyo-9190,-14,47,Normal
2026-02-13 20:16:52.545572,Tokyo-9190,38,17,Normal
2026-02-13 20:16:53.545572,Tokyo-9190,-23,36,Normal
2026-02-13 20:16:54.545572,Tokyo-9190,-29,31,Normal
2026-02-13 20:16:55.545572,Tokyo-9190,13,27,Normal
2026-02-13 20:16:56.545572,Tokyo-9190,49,22,Normal
2026-02-13 20:16:57.545572,Tokyo-9190,-29,80,Normal
2026-02-13 20:16:58.545572,Tokyo-9190,3,50,Normal
2026-02-13 20:16:59.545572,Tokyo-9190,17,28,Normal
2026-02-13 20:17:00.545572,Tokyo-9190,32,5,Normal
2026-02-13 20:17:01.545572,Tokyo-9190,19,75,Normal
2026-02-13 20:17:02.545572,Tokyo-9190,-16,97,Normal
2026-02-13 20:17:03.545572,Tokyo-9190,-26,64,Normal
2026-02-13 20:17:04.545572,Tokyo-9190,38,2,Normal
2026-02-13 20:17:05.545572,Tokyo-9190,-13,28,Normal
2026-02-13 20:17:06.545572,Tokyo-9190,4,95,Normal
2026-02-13 20:17:07.545572,Tokyo-9190,30,18,Normal
2026-02-13 20:17:08.545572,Tokyo-9190,-29,7,Normal
2026-02-13 20:17:09.545572,Tokyo-9190,43,14,Normal
2026-02-13 20:17:10.545572,Tokyo-9190,-5,90,Normal
2026-02-13 20:17:11.545572,Tokyo-9190,43,75,Normal
2026-02-13 20:17:12.545572,Tokyo-9190,21,77,Normal
2026-02-13 20:17:13.545572,Tokyo-9190,-15,79,Normal
2026-02-13 20:17:14.545572,Tokyo-9190,37,18,Normal
2026-02-13 20:17:15.545572,Tokyo-9190,-3,7,Normal
2026-02-13 20:17:16.545572,Tokyo-9190,45,1,Normal
2026-02-13 20:17:17.545572,Tokyo-9190,-7,20,Normal
2026-02-13 20:17:18.545572,Tokyo-9190,29,91,Normal
2026-02-13 20:17:19.545572,Tokyo-9190,33,80,Normal
2026-02-13 20:17:20.545572,Tokyo-9190,8,32,Normal
2026-02-13 20:17:21.545572,Tokyo-9190,47,77,Normal
2026-02-13 20:17:22.545572,Tokyo-9190,-10,13,Normal
2026-02-13 20:17:23.545572,Tokyo-9190,45,41,Normal
2026-02-13 20:17:24.545572,Tokyo-9190,42,51,Normal
2026-02-13 20:17:25.545572,Tokyo-9190,19,65,Normal
2026-02-13 20:17:26.545572,Tokyo-9190,35,20,Normal
2026-02-13 20:17:27.545572,Tokyo-9190,-9,98,Normal
2026-02-13 20:17:28.545572,Tokyo-9190,20,77,Normal
2026-02-13 20:17:29.545572,Tokyo-9190,40,52,Normal
2026-02-13 20:17:30.545572,Tokyo-9190,11,8,Normal
2026-02-13 20:17:31.545572,Tokyo-9190,14,88,Normal
2026-02-13 20:17:32.545572,Tokyo-9190,47,77,Normal
2026-02-13 20:17:33.545572,Tokyo-9190,27,92,Normal
2026-02-13 20:17:34.545572,Tokyo-9190,21,75,Normal
2026-02-13 20:17:35.545572,Tokyo-9190,-19,2,Normal
2026-02-13 20:17:36.545572,Tokyo-9190,-23,70,Normal
2026-02-13 20:17:37.545572,Tokyo-9190,-10,4,Normal
2026-02-13 20:17:38.545572,Tokyo-9190,45,86,Normal
2026-02-13 20:17:39.545572,Tokyo-9190,19,11,Normal
2026-02-13 20:17:40.545572,Tokyo-9190,40,82,Normal
2026-02-13 20:17:41.545572,Tokyo-9190,-25,4,Normal
2026-02-13 20:17:42.545572,Tokyo-9190,38,14,Normal
2026-02-13 20:17:43.545572,Tokyo-9190,-2,49,Normal
2026-02-13 20:17:44.545572,Tokyo-9190,-1,24,Normal
2026-02-13 20:17:45.545572,Tokyo-9190,-24,27,Normal
2026-02-13 20:17:46.545572,Tokyo-9190,34,3,Normal
2026-02-13 20:17:47.545572,Tokyo-9190,14,10,Normal
2026-02-13 20:17:48.545572,Tokyo-9190,19,69,Normal
2026-02-13 20:17:49.545572,Tokyo-9190,-6,15,Normal
2026-02-13 20:17:50.545572,Tokyo-9190,-14,49,Normal
2026-02-13 20:17:51.545572,Tokyo-9190,36,50,Normal
2026-02-13 20:17:52.545572,Tokyo-9190,34,43,Normal
2026-02-13 20:17:53.545572,Tokyo-9190,-30,12,Normal
2026-02-13 20:17:54.545572,Tokyo-9190,7,99,Normal
2026-02-13 20:17:55.545572,Tokyo-9190,5,72,Normal
2026-02-13 20:17:56.545572,Tokyo-9190,-1,55,Normal
2026-02-13 20:17:57.545572,Tokyo-9190,1,22,Normal
2026-02-13 20:17:58.545572,Tokyo-9190,49,56,Normal
2026-02-13 20:17:59.545572,Tokyo-9190,-30,46,Normal
2026-02-13 20:18:00.545572,Tokyo-9190,-5,11,Normal
2026-02-13 20:18:01.545572,Tokyo-9190,3,16,Normal
2026-02-13 20:18:02.545572,Tokyo-9190,-14,95,Normal
2026-02-13 20:18:03.545572,Tokyo-9190,-6,2,Normal
2026-02-13 20:18:04.545572,Tokyo-9190,-22,59,Normal
2026-02-13 20:18:05.545572,Tokyo-9190,42,7,Normal
2026-02-13 20:18:06.545572,Tokyo-9190,-1,69,Normal
2026-02-13 20:18:07.545572,Tokyo-9190,-29,22,Normal
2026-02-13 20:18:08.545572,Tokyo-9190,-27,83,Normal
2026-02-13 20:18:09.545572,Tokyo-9190,33,97,Normal
2026-02-13 20:18:10.545572,Tokyo-9190,30,91,Normal
2026-02-13 20:18:11.545572,Tokyo-9190,-5,54,Normal
2026-02-13 20:18:12.545572,Tokyo-9190,9,100,Normal
2026-02-13 20:18:13.545572,Tokyo-9190,36,70,Normal
2026-02-13 20:18:14.545572,Tokyo-9190,26,80,Normal
2026-02-13 20:18:15.545572,Tokyo-9190,-1,92,Normal
2026-02-13 20:18:16.545572,Tokyo-9190,42,40,Normal
2026-02-13 20:18:17.545572,Tokyo-9190,-23,72,Normal
2026-02-13 20:18:18.545572,Tokyo-9190,36,100,Normal
2026-02-13 20:18:19.545572,Tokyo-9190,28,56,Normal
2026-02-13 20:18:20.545572,Tokyo-9190,-16,66,Normal
2026-02-13 20:18:21.545572,Tokyo-9190,1,16,Normal
2026-02-13 20:18:22.545572,Tokyo-9190,-14,70,Normal
2026-02-13 20:18:23.545572,Tokyo-9190,10,45,Normal
2026-02-13 20:18:24.545572,Tokyo-9190,-3,61,Normal
2026-02-13 20:18:25.545572,Tokyo-9190,40,87,Normal
2026-02-13 20:18:26.545572,Tokyo-9190,-29,58,Normal
2026-02-13 20:18:27.545572,Tokyo-9190,31,11,Normal
2026-02-13 20:18:28.545572,Tokyo-9190,12,5,Normal
2026-02-13 20:18:29.545572,Tokyo-9190,12,5,Normal
2026-02-13 20:18:30.545572,Tokyo-9190,15,89,Normal
2026-02-13 20:18:31.545572,Tokyo-9190,29,43,Normal
2026-02-13 20:18:32.545572,Tokyo-9190,12,10,Normal
2026-02-13 20:18:33.545572,Tokyo-9190,42,51,Normal
2026-02-13 20:18:34.545572,Tokyo-9190,-8,79,Normal
2026-02-13 20:18:35.545572,Tokyo-9190,41,90,Normal
2026-02-13 20:18:36.545572,Tokyo-9190,-12,33,Normal
2026-02-13 20:18:37.545572,Tokyo-9190,1,92,Normal
2026-02-13 20:18:38.545572,Tokyo-9190,-13,9,Normal
2026-02-13 20:18:39.545572,Tokyo-9190,0,94,Normal
2026-02-13 20:18:40.545572,Tokyo-9190,13,35,Normal
2026-02-13 20:18:41.545572,Tokyo-9190,36,94,Normal
2026-02-13 20:18:42.545572,Tokyo-9190,-21,23,Normal
2026-02-13 20:18:43.545572,Tokyo-9190,-29,85,Normal
2026-02-13 20:18:44.545572,Tokyo-9190,-23,0,Normal
2026-02-13 20:18:45.545572,Tokyo-9190,-3,15,Normal
2026-02-13 20:18:46.545572,Tokyo-9190,-2,63,Normal
2026-02-13 20:18:47.545572,Tokyo-9190,-19,15,Normal
2026-02-13 20:18:48.545572,Tokyo-9190,36,73,Normal
2026-02-13 20:18:49.545572,Tokyo-9190,-18,10,Normal
2026-02-13 20:18:50.545572,Tokyo-9190,-30,44,Normal
2026-02-13 20:18:51.545572,Tokyo-9190,-23,33,Normal
2026-02-13 20:18:52.545572,Tokyo-9190,-30,91,Normal
2026-02-13 20:18:53.545572,Tokyo-9190,17,77,Normal
2026-02-13 20:18:54.545572,Tokyo-9190,10,9,Normal
2026-02-13 20:18:55.545572,Tokyo-9190,-10,9,Normal
2026-02-13 20:18:56.545572,Tokyo-9190,2,21,Normal
2026-02-13 20:18:57.545572,Tokyo-9190,-15,39,Normal
2026-02-13 20:18:58.545572,Tokyo-9190,-2,3,Normal
2026-02-13 20:18:59.545572,Tokyo-9190,20,83,Normal
2026-02-13 20:19:00.545572,Tokyo-9190,2,73,Normal
2026-02-13 20:19:01.545572,Tokyo-9190,7,22,Normal
2026-02-13 20:19:02.545572,Tokyo-9190,5,22,Normal
2026-02-13 20:19:03.545572,Tokyo-9190,-24,47,Normal
2026-02-13 20:19:04.545572,Tokyo-9190,46,2,Normal
2026-02-13 20:19:05.545572,Tokyo-9190,-1,45,Normal
2026-02-13 20:19:06.545572,Tokyo-9190,-18,52,Normal
2026-02-13 20:19:07.545572,Tokyo-9190,-11,81,Normal
2026-02-13 20:19:08.545572,Tokyo-9190,13,64,Normal
2026-02-13 20:19:09.545572,Tokyo-9190,-16,100,Normal
2026-02-13 20:19:10.545572,Tokyo-9190,18,36,Normal
2026-02-13 20:19:11.545572,Tokyo-9190,18,34,Normal
2026-02-13 20:19:12.545572,Tokyo-9190,-24,36,Normal
2026-02-13 20:19:13.545572,Tokyo-9190,37,68,Normal
2026-02-13 20:19:14.545572,Tokyo-9190,50,61,Normal
2026-02-13 20:19:15.545572,Tokyo-9190,-3,84,Normal
2026-02-13 20:19:16.545572,Tokyo-9190,43,77,Normal
2026-02-13 20:19:17.545572,Tokyo-9190,8,5,Normal
2026-02-13 20:19:18.545572,Tokyo-9190,23,11,Normal
2026-02-13 20:19:19.545572,Tokyo-9190,29,38,Normal
2026-02-13 20:19:20.545572,Tokyo-9190,-29,37,Normal
2026-02-13 20:19:21.545572,Tokyo-9190,39,39,Normal
2026-02-13 20:19:22.545572,Tokyo-9190,-18,3,Normal
2026-02-13 20:19:23.545572,Tokyo-9190,48,84,Normal
2026-02-13 20:19:24.545572,Tokyo-9190,9,58,Normal
2026-02-13 20:19:25.545572,Tokyo-9190,-19,12,Normal
2026-02-13 20:19:26.545572,Tokyo-9190,24,2,Normal
2026-02-13 20:19:27.545572,Tokyo-9190,33,15,Normal
2026-02-13 20:19:28.545572,Tokyo-9190,-20,29,Normal
2026-02-13 20:19:29.545572,Tokyo-9190,47,62,Normal
2026-02-13 20:19:30.545572,Tokyo-9190,33,26,Normal
2026-02-13 20:19:31.545572,Tokyo-9190,-1,55,Normal
2026-02-13 20:19:32.545572,Tokyo-9190,41,21,Normal
2026-02-13 20:19:33.545572,Tokyo-9190,-1,46,Normal
2026-02-13 20:19:34.545572,Tokyo-9190,20,31,Normal
2026-02-13 20:19:35.545572,Tokyo-9190,21,1,Normal
2026-02-13 20:19:36.545572,Tokyo-9190,-12,74,Normal
2026-02-13 20:19:37.545572,Tokyo-9190,42,57,Normal
2026-02-13 20:19:38.545572,Tokyo-9190,28,2,Normal
2026-02-13 20:19:39.545572,Tokyo-9190,1,75,Normal
2026-02-13 20:19:40.545572,Tokyo-9190,-6,98,Normal
2026-02-13 20:19:41.545572,Tokyo-9190,43,10,Normal
2026-02-13 20:19:42.545572,Tokyo-9190,-13,85,Normal
2026-02-13 20:19:43.545572,Tokyo-9190,-23,34,Normal
2026-02-13 20:19:44.545572,Tokyo-9190,-6,42,Normal
2026-02-13 20:19:45.545572,Tokyo-9190,31,95,Normal
2026-02-13 20:19:46.545572,Tokyo-9190,-14,42,Normal
2026-02-13 20:19:47.545572,Tokyo-9190,35,10,Normal
2026-02-13 20:19:48.545572,Tokyo-9190,39,52,Normal
2026-02-13 20:19:49.545572,Tokyo-9190,14,30,Normal
2026-02-13 20:19:50.545572,Tokyo-9190,46,72,Normal
2026-02-13 20:19:51.545572,Tokyo-9190,0,0,Normal
2026-02-13 20:19:52.545572,Tokyo-9190,-8,73,Normal
2026-02-13 20:19:53.545572,Tokyo-9190,32,54,Normal
2026-02-13 20:19:54.545572,Tokyo-9190,-1,6,Normal
2026-02-13 20:19:55.545572,Tokyo-9190,-7,35,Normal
2026-02-13 20:19:56.545572,Tokyo-9190,49,1,Normal
2026-02-13 20:19:57.545572,Tokyo-9190,2,96,Normal
2026-02-13 20:19:58.545572,Tokyo-9190,25,20,Normal
2026-02-13 20:19:59.545572,Tokyo-9190,-25,5,Normal
2026-02-13 20:20:00.545572,Tokyo-9190,-3,68,Normal
2026-02-13 20:20:01.545572,Tokyo-9190,46,71,Normal
2026-02-13 20:20:02.545572,Tokyo-9190,34,16,Normal
2026-02-13 20:20:03.545572,Tokyo-9190,-17,3,Normal
2026-02-13 20:20:04.545572,Tokyo-9190,-26,43,Normal
2026-02-13 20:20:05.545572,Tokyo-9190,-18,95,Normal
2026-02-13 20:20:06.545572,Tokyo-9190,49,44,Normal
2026-02-13 20:20:07.545572,Tokyo-9190,5,33,Normal
2026-02-13 20:20:08.545572,Tokyo-9190,-9,82,Normal
2026-02-13 20:20:09.545572,Tokyo-9190,9,49,Normal
2026-02-13 20:20:10.545572,Tokyo-9190,2,95,Normal
2026-02-13 20:20:11.545572,Tokyo-9190,-25,61,Normal
2026-02-13 20:20:12.545572,Tokyo-9190,46,96,Normal
2026-02-13 20:20:13.545572,Tokyo-9190,-25,2,Normal
2026-02-13 20:20:14.545572,Tokyo-9190,40,30,Normal
2026-02-13 20:20:15.545572,Tokyo-9190,6,29,Normal
2026-02-13 20:20:16.545572,Tokyo-9190,-16,20,Normal
2026-02-13 20:20:17.545572,Tokyo-9190,-1,76,Normal
2026-02-13 20:20:18.545572,Tokyo-9190,-27,72,Normal
2026-02-13 20:20:19.545572,Tokyo-9190,-13,84,Normal
2026-02-13 20:20:20.545572,Tokyo-9190,18,52,Normal
2026-02-13 20:20:21.545572,Tokyo-9190,46,87,Normal
2026-02-13 20:20:22.545572,Tokyo-9190,-3,78,Normal
2026-02-13 20:20:23.545572,Tokyo-9190,33,25,Normal
2026-02-13 20:20:24.545572,Tokyo-9190,39,47,Normal
2026-02-13 20:20:25.545572,Tokyo-9190,1,59,Normal
2026-02-13 20:20:26.545572,Tokyo-9190,-14,77,Normal
2026-02-13 20:20:27.545572,Tokyo-9190,-23,85,Normal
2026-02-13 20:20:28.545572,Tokyo-9190,-4,38,Normal
2026-02-13 20:20:29.545572,Tokyo-9190,6,14,Normal
2026-02-13 20:20:30.545572,Tokyo-9190,36,38,Normal
2026-02-13 20:20:31.545572,Tokyo-9190,-7,91,Normal
2026-02-13 20:20:32.545572,Tokyo-9190,34,82,Normal
2026-02-13 20:20:33.545572,Tokyo-9190,7,87,Normal
2026-02-13 20:20:34.545572,Tokyo-9190,17,84,Normal
2026-02-13 20:20:35.545572,Tokyo-9190,-16,96,Normal
2026-02-13 20:20:36.545572,Tokyo-9190,0,70,Normal
2026-02-13 20:20:37.545572,Tokyo-9190,1,54,Normal
2026-02-13 20:20:38.545572,Tokyo-9190,10,73,Normal
2026-02-13 20:20:39.545572,Tokyo-9190,40,92,Normal
2026-02-13 20:20:40.545572,Tokyo-9190,33,63,Normal
2026-02-13 20:20:41.545572,Tokyo-9190,48,32,Normal
2026-02-13 20:20:42.545572,Tokyo-9190,-1,68,Normal
2026-02-13 20:20:43.545572,Tokyo-9190,26,25,Normal
2026-02-13 20:20:44.545572,Tokyo-9190,36,88,Normal
2026-02-13 20:20:45.545572,Tokyo-9190,0,79,Normal
2026-02-13 20:20:46.545572,Tokyo-9190,-18,23,Normal
2026-02-13 20:20:47.545572,Tokyo-9190,-10,61,Normal
2026-02-13 20:20:48.545572,Tokyo-9190,41,84,Normal
2026-02-13 20:20:49.545572,Tokyo-9190,-19,85,Normal
2026-02-13 20:20:50.545572,Tokyo-9190,-11,28,Normal
2026-02-13 20:20:51.545572,Tokyo-9190,28,95,Normal
2026-02-13 20:20:52.545572,Tokyo-9190,21,45,Normal
2026-02-13 20:20:53.545572,Tokyo-9190,-4,10,Normal
2026-02-13 20:20:54.545572,Tokyo-9190,12,37,Normal
2026-02-13 20:20:55.545572,Tokyo-9190,-11,16,Normal
2026-02-13 20:20:56.545572,Tokyo-9190,40,73,Normal
2026-02-13 20:20:57.545572,Tokyo-9190,-29,41,Normal
2026-02-13 20:20:58.545572,Tokyo-9190,19,21,Normal
2026-02-13 20:20:59.545572,Tokyo-9190,29,32,Normal
2026-02-13 20:21:00.545572,Tokyo-9190,26,18,Normal
2026-02-13 20:21:01.545572,Tokyo-9190,-30,96,Normal
2026-02-13 20:21:02.545572,Tokyo-9190,41,68,Normal
2026-02-13 20:21:03.545572,Tokyo-9190,25,56,Normal
2026-02-13 20:21:04.545572,Tokyo-9190,-29,44,Normal
2026-02-13 20:21:05.545572,Tokyo-9190,24,52,Normal
2026-02-13 20:21:06.545572,Tokyo-9190,14,53,Normal
2026-02-13 20:21:07.545572,Tokyo-9190,15,0,Normal
2026-02-13 20:21:08.545572,Tokyo-9190,-8,56,Normal
2026-02-13 20:21:09.545572,Tokyo-9190,45,18,Normal
2026-02-13 20:21:10.545572,Tokyo-9190,45,52,Normal
2026-02-13 20:21:11.545572,Tokyo-9190,-7,18,Normal
2026-02-13 20:21:12.545572,Tokyo-9190,-24,14,Normal
2026-02-13 20:21:13.545572,Tokyo-9190,-23,83,Normal
2026-02-13 20:21:14.545572,Tokyo-9190,3,87,Normal
2026-02-13 20:21:15.545572,Tokyo-9190,23,3,Normal
2026-02-13 20:21:16.545572,Tokyo-9190,16,26,Normal
2026-02-13 20:21:17.545572,Tokyo-9190,-24,82,Normal
2026-02-13 20:21:18.545572,Tokyo-9190,-28,42,Normal
2026-02-13 20:21:19.545572,Tokyo-9190,32,62,Normal
2026-02-13 20:21:20.545572,Tokyo-9190,-8,3,Normal
2026-02-13 20:21:21.545572,Tokyo-9190,-26,88,Normal
2026-02-13 20:21:22.545572,Tokyo-9190,-13,72,Normal
2026-02-13 20:21:23.545572,Tokyo-9190,12,1,Normal
2026-02-13 20:21:24.545572,Tokyo-9190,-3,10,Normal
2026-02-13 20:21:25.545572,Tokyo-9190,30,100,Normal
2026-02-13 20:21:26.545572,Tokyo-9190,19,94,Normal
2026-02-13 20:21:27.545572,Tokyo-9190,40,98,Normal
2026-02-13 20:21:28.545572,Tokyo-9190,-6,65,Normal
2026-02-13 20:21:29.545572,Tokyo-9190,14,84,Normal
2026-02-13 20:21:30.545572,Tokyo-9190,44,57,Normal
2026-02-13 20:21:31.545572,Tokyo-9190,34,57,Normal
2026-02-13 20:21:32.545572,Tokyo-9190,44,72,Normal
2026-02-13 20:21:33.545572,Tokyo-9190,18,17,Normal
2026-02-13 20:21:34.545572,Tokyo-9190,42,36,Normal
2026-02-13 20:21:35.545572,Tokyo-9190,9,25,Normal
2026-02-13 20:21:36.545572,Tokyo-9190,27,19,Normal
2026-02-13 20:21:37.545572,Tokyo-9190,-3,100,Normal
2026-02-13 20:21:38.545572,Tokyo-9190,-2,69,Normal
2026-02-13 20:21:39.545572,Tokyo-9190,7,56,Normal
2026-02-13 20:21:40.545572,Tokyo-9190,40,66,Normal
2026-02-13 20:21:41.545572,Tokyo-9190,-18,4,Normal
2026-02-13 20:21:42.545572,Tokyo-9190,-27,18,Normal
2026-02-13 20:21:43.545572,Tokyo-9190,50,93,Normal
2026-02-13 20:21:44.545572,Tokyo-9190,-17,86,Normal
2026-02-13 20:21:45.545572,Tokyo-9190,17,82,Normal
2026-02-13 20:21:46.545572,Tokyo-9190,28,20,Normal
2026-02-13 20:21:47.545572,Tokyo-9190,-12,8,Normal
2026-02-13 20:21:48.545572,Tokyo-9190,-26,61,Normal
2026-02-13 20:21:49.545572,Tokyo-9190,27,15,Normal
2026-02-13 20:21:50.545572,Tokyo-9190,9,25,Normal
2026-02-13 20:21:51.545572,Tokyo-9190,-16,80,Normal
2026-02-13 20:21:52.545572,Tokyo-9190,36,83,Normal
2026-02-13 20:21:53.545572,Tokyo-9190,16,17,Normal
2026-02-13 20:21:54.545572,Tokyo-9190,-28,33,Normal
2026-02-13 20:21:55.545572,Tokyo-9190,22,54,Normal
2026-02-13 20:21:56.545572,Tokyo-9190,5,19,Normal
2026-02-13 20:21:57.545572,Tokyo-9190,-6,1,Normal
2026-02-13 20:21:58.545572,Tokyo-9190,-7,49,Normal
2026-02-13 20:21:59.545572,Tokyo-9190,37,91,Normal
2026-02-13 20:22:00.545572,Tokyo-9190,31,67,Normal
2026-02-13 20:22:01.545572,Tokyo-9190,34,54,Normal
2026-02-13 20:22:02.545572,Tokyo-9190,-18,11,Normal
2026-02-13 20:22:03.545572,Tokyo-9190,-1,10,Normal
2026-02-13 20:22:04.545572,Tokyo-9190,35,72,Normal
2026-02-13 20:22:05.545572,Tokyo-9190,-3,63,Normal
2026-02-13 20:22:06.545572,Tokyo-9190,32,62,Normal
2026-02-13 20:22:07.545572,Tokyo-9190,-3,5,Normal
2026-02-13 20:22:08.545572,Tokyo-9190,-13,19,Normal
2026-02-13 20:22:09.545572,Tokyo-9190,7,44,Normal
2026-02-13 20:22:10.545572,Tokyo-9190,13,9,Normal
2026-02-13 20:22:11.545572,Tokyo-9190,-2,12,Normal
2026-02-13 20:22:12.545572,Tokyo-9190,31,5,Normal
2026-02-13 20:22:13.545572,Tokyo-9190,13,80,Normal
2026-02-13 20:22:14.545572,Tokyo-9190,45,35,Normal
2026-02-13 20:22:15.545572,Tokyo-9190,12,99,Normal
2026-02-13 20:22:16.545572,Tokyo-9190,13,97,Normal
2026-02-13 20:22:17.545572,Tokyo-9190,29,76,Normal
2026-02-13 20:22:18.545572,Tokyo-9190,-3,40,Normal
2026-02-13 20:22:19.545572,Tokyo-9190,32,89,Normal
2026-02-13 20:22:20.545572,Tokyo-9190,23,55,Normal
2026-02-13 20:22:21.545572,Tokyo-9190,33,0,Normal
2026-02-13 20:22:22.545572,Tokyo-9190,4,30,Normal
2026-02-13 20:22:23.545572,Tokyo-9190,-24,0,Normal
2026-02-13 20:22:24.545572,Tokyo-9190,31,19,Normal
2026-02-13 20:22:25.545572,Tokyo-9190,1,81,Normal
2026-02-13 20:22:26.545572,Tokyo-9190,-3,42,Normal
2026-02-13 20:22:27.545572,Tokyo-9190,18,72,Normal
2026-02-13 20:22:28.545572,Tokyo-9190,-6,65,Normal
2026-02-13 20:22:29.545572,Tokyo-9190,45,46,Normal
2026-02-13 20:22:30.545572,Tokyo-9190,29,33,Normal
2026-02-13 20:22:31.545572,Tokyo-9190,14,30,Normal
2026-02-13 20:22:32.545572,Tokyo-9190,24,15,Normal
2026-02-13 20:22:33.545572,Tokyo-9190,-12,60,Normal
2026-02-13 20:22:34.545572,Tokyo-9190,50,65,Normal
2026-02-13 20:22:35.545572,Tokyo-9190,-13,26,Normal
2026-02-13 20:22:36.545572,Tokyo-9190,-23,25,Normal
2026-02-13 20:22:37.545572,Tokyo-9190,-29,92,Normal
2026-02-13 20:22:38.545572,Tokyo-9190,10,52,Normal
2026-02-13 20:22:39.545572,Tokyo-9190,15,65,Normal
2026-02-13 20:22:40.545572,Tokyo-9190,-28,48,Normal
2026-02-13 20:22:41.545572,Tokyo-9190,35,19,Normal
2026-02-13 20:22:42.545572,Tokyo-9190,18,94,Normal
2026-02-13 20:22:43.545572,Tokyo-9190,-19,65,Normal
2026-02-13 20:22:44.545572,Tokyo-9190,6,15,Normal
2026-02-13 20:22:45.545572,Tokyo-9190,0,65,Normal
2026-02-13 20:22:46.545572,Tokyo-9190,10,27,Normal
2026-02-13 20:22:47.545572,Tokyo-9190,15,83,Normal
2026-02-13 20:22:48.545572,Tokyo-9190,-9,2,Normal
2026-02-13 20:22:49.545572,Tokyo-9190,26,60,Normal
2026-02-13 20:22:50.545572,Tokyo-9190,10,9,Normal
2026-02-13 20:22:51.545572,Tokyo-9190,22,40,Normal
2026-02-13 20:22:52.545572,Tokyo-9190,-5,83,Normal
2026-02-13 20:22:53.545572,Tokyo-9190,-2,81,Normal
2026-02-13 20:22:54.545572,Tokyo-9190,-5,12,Normal
2026-02-13 20:22:55.545572,Tokyo-9190,29,52,Normal
2026-02-13 20:22:56.545572,Tokyo-9190,-25,72,Normal
2026-02-13 20:22:57.545572,Tokyo-9190,-10,10,Normal
2026-02-13 20:22:58.545572,Tokyo-9190,-6,85,Normal
2026-02-13 20:22:59.545572,Tokyo-9190,40,40,Normal
2026-02-13 20:23:00.545572,Tokyo-9190,2,95,Normal
2026-02-13 20:23:01.545572,Tokyo-9190,-19,75,Normal
2026-02-13 20:23:02.545572,Tokyo-9190,13,78,Normal
2026-02-13 20:23:03.545572,Tokyo-9190,41,48,Normal
2026-02-13 20:23:04.545572,Tokyo-9190,42,66,Normal
2026-02-13 20:23:05.545572,Tokyo-9190,34,47,Normal
2026-02-13 20:23:06.545572,Tokyo-9190,8,84,Normal
2026-02-13 20:23:07.545572,Tokyo-9190,40,76,Normal
2026-02-13 20:23:08.545572,Tokyo-9190,31,5,Normal
2026-02-13 20:23:09.545572,Tokyo-9190,45,0,Normal
2026-02-13 20:23:10.545572,Tokyo-9190,39,93,Normal
2026-02-13 20:23:11.545572,Tokyo-9190,36,62,Normal
2026-02-13 20:23:12.545572,Tokyo-9190,-22,8,Normal
2026-02-13 20:23:13.545572,Tokyo-9190,23,79,Normal
2026-02-13 20:23:14.545572,Tokyo-9190,-18,94,Normal
2026-02-13 20:23:15.545572,Tokyo-9190,4,39,Normal
2026-02-13 20:23:16.545572,Tokyo-9190,47,9,Normal
2026-02-13 20:23:17.545572,Tokyo-9190,-3,36,Normal
2026-02-13 20:23:18.545572,Tokyo-9190,8,68,Normal
2026-02-13 20:23:19.545572,Tokyo-9190,48,40,Normal
2026-02-13 20:23:20.545572,Tokyo-9190,20,52,Normal
2026-02-13 20:23:21.545572,Tokyo-9190,-12,35,Normal
2026-02-13 20:23:22.545572,Tokyo-9190,-5,65,Normal
2026-02-13 20:23:23.545572,Tokyo-9190,9,26,Normal
2026-02-13 20:23:24.545572,Tokyo-9190,-18,57,Normal
2026-02-13 20:23:25.545572,Tokyo-9190,26,74,Normal
2026-02-13 20:23:26.545572,Tokyo-9190,25,23,Normal
2026-02-13 20:23:27.545572,Tokyo-9190,46,27,Normal
2026-02-13 20:23:28.545572,Tokyo-9190,18,88,Normal
2026-02-13 20:23:29.545572,Tokyo-9190,-5,96,Normal
2026-02-13 20:23:30.545572,Tokyo-9190,38,37,Normal
2026-02-13 20:23:31.545572,Tokyo-9190,20,95,Normal
2026-02-13 20:23:32.545572,Tokyo-9190,-11,96,Normal
2026-02-13 20:23:33.545572,Tokyo-9190,2,89,Normal
2026-02-13 20:23:34.545572,Tokyo-9190,49,79,Normal
2026-02-13 20:23:35.545572,Tokyo-9190,40,96,Normal
2026-02-13 20:23:36.545572,Tokyo-9190,-25,70,Normal
2026-02-13 20:23:37.545572,Tokyo-9190,-12,48,Normal
2026-02-13 20:23:38.545572,Tokyo-9190,-25,36,Normal
2026-02-13 20:23:39.545572,Tokyo-9190,37,51,Normal
2026-02-13 20:23:40.545572,Tokyo-9190,39,40,Normal
2026-02-13 20:23:41.545572,Tokyo-9190,-14,7,Normal
2026-02-13 20:23:42.545572,Tokyo-9190,13,86,Normal
2026-02-13 20:23:43.545572,Tokyo-9190,29,6,Normal
2026-02-13 20:23:44.545572,Tokyo-9190,21,8,Normal
2026-02-13 20:23:45.545572,Tokyo-9190,-15,91,Normal
2026-02-13 20:23:46.545572,Tokyo-9190,-28,73,Normal
2026-02-13 20:23:47.545572,Tokyo-9190,17,34,Normal
2026-02-13 20:23:48.545572,Tokyo-9190,-2,85,Normal
2026-02-13 20:23:49.545572,Tokyo-9190,9,20,Normal
2026-02-13 20:23:50.545572,Tokyo-9190,41,80,Normal
2026-02-13 20:23:51.545572,Tokyo-9190,15,49,Normal
2026-02-13 20:23:52.545572,Tokyo-9190,30,51,Normal
2026-02-13 20:23:53.545572,Tokyo-9190,8,70,Normal
2026-02-13 20:23:54.545572,Tokyo-9190,50,22,Normal
2026-02-13 20:23:55.545572,Tokyo-9190,2,75,Normal
2026-02-13 20:23:56.545572,Tokyo-9190,6,15,Normal
2026-02-13 20:23:57.545572,Tokyo-9190,43,23,Normal
2026-02-13 20:23:58.545572,Tokyo-9190,40,83,Normal
2026-02-13 20:23:59.545572,Tokyo-9190,-10,17,Normal
2026-02-13 20:24:00.545572,Tokyo-9190,24,13,Normal
2026-02-13 20:24:01.545572,Tokyo-9190,3,41,Normal
2026-02-13 20:24:02.545572,Tokyo-9190,-23,60,Normal
2026-02-13 20:24:03.545572,Tokyo-9190,-19,98,Normal
2026-02-13 20:24:04.545572,Tokyo-9190,29,16,Normal
2026-02-13 20:24:05.545572,Tokyo-9190,20,25,Normal
2026-02-13 20:24:06.545572,Tokyo-9190,-17,98,Normal
2026-02-13 20:24:07.545572,Tokyo-9190,-21,6,Normal
2026-02-13 20:24:08.545572,Tokyo-9190,10,74,Normal
2026-02-13 20:24:09.545572,Tokyo-9190,14,36,Normal
2026-02-13 20:24:10.545572,Tokyo-9190,4,50,Normal
2026-02-13 20:24:11.545572,Tokyo-9190,37,57,Normal
2026-02-13 20:24:12.545572,Tokyo-9190,29,43,Normal
2026-02-13 20:24:13.545572,Tokyo-9190,15,7,Normal
2026-02-13 20:24:14.545572,Tokyo-9190,10,73,Normal
2026-02-13 20:24:15.545572,Tokyo-9190,18,52,Normal
2026-02-13 20:24:16.545572,Tokyo-9190,10,22,Normal
2026-02-13 20:24:17.545572,Tokyo-9190,24,50,Normal
2026-02-13 20:24:18.545572,Tokyo-9190,1,78,Normal
2026-02-13 20:24:19.545572,Tokyo-9190,27,8,Normal
2026-02-13 20:24:20.545572,Tokyo-9190,27,35,Normal
2026-02-13 20:24:21.545572,Tokyo-9190,-28,48,Normal
2026-02-13 20:24:22.545572,Tokyo-9190,42,10,Normal
2026-02-13 20:24:23.545572,Tokyo-9190,39,88,Normal
2026-02-13 20:24:24.545572,Tokyo-9190,30,0,Normal
2026-02-13 20:24:25.545572,Tokyo-9190,49,79,Normal
2026-02-13 20:24:26.545572,Tokyo-9190,27,86,Normal
2026-02-13 20:24:27.545572,Tokyo-9190,40,16,Normal
2026-02-13 20:24:28.545572,Tokyo-9190,34,56,Normal
2026-02-13 20:24:29.545572,Tokyo-9190,24,30,Normal
2026-02-13 20:24:30.545572,Tokyo-9190,22,4,Normal
2026-02-13 20:24:31.545572,Tokyo-9190,-30,80,Normal
2026-02-13 20:24:32.545572,Tokyo-9190,7,33,Normal
2026-02-13 20:24:33.545572,Tokyo-9190,20,92,Normal
2026-02-13 20:24:34.545572,Tokyo-9190,-13,55,Normal
2026-02-13 20:24:35.545572,Tokyo-9190,-8,86,Normal
2026-02-13 20:24:36.545572,Tokyo-9190,-18,21,Normal
2026-02-13 20:24:37.545572,Tokyo-9190,2,76,Normal
2026-02-13 20:24:38.545572,Tokyo-9190,14,33,Normal
2026-02-13 20:24:39.545572,Tokyo-9190,-14,33,Normal
2026-02-13 20:24:40.545572,Tokyo-9190,-7,71,Normal
2026-02-13 20:24:41.545572,Tokyo-9190,3,35,Normal
2026-02-13 20:24:42.545572,Tokyo-9190,38,17,Normal
2026-02-13 20:24:43.545572,Tokyo-9190,-26,85,Normal
2026-02-13 20:24:44.545572,Tokyo-9190,-7,55,Normal
2026-02-13 20:24:45.545572,Tokyo-9190,17,30,Normal
2026-02-13 20:24:46.545572,Tokyo-9190,25,42,Normal
2026-02-13 20:24:47.545572,Tokyo-9190,46,0,Normal
2026-02-13 20:24:48.545572,Tokyo-9190,31,39,Normal
2026-02-13 20:24:49.545572,Tokyo-9190,43,97,Normal
2026-02-13 20:24:50.545572,Tokyo-9190,38,37,Normal
2026-02-13 20:24:51.545572,Tokyo-9190,33,30,Normal
2026-02-13 20:24:52.545572,Tokyo-9190,-21,56,Normal
2026-02-13 20:24:53.545572,Tokyo-9190,29,43,Normal
2026-02-13 20:24:54.545572,Tokyo-9190,-5,20,Normal
2026-02-13 20:24:55.545572,Tokyo-9190,-9,48,Normal
2026-02-13 20:24:56.545572,Tokyo-9190,30,27,Normal
2026-02-13 20:24:57.545572,Tokyo-9190,22,73,Normal
2026-02-13 20:24:58.545572,Tokyo-9190,46,3,Normal
2026-02-13 20:24:59.545572,Tokyo-9190,48,95,Normal
2026-02-13 20:25:00.545572,Tokyo-9190,-26,21,Normal
2026-02-13 20:25:01.545572,Tokyo-9190,13,11,Normal
2026-02-13 20:25:02.545572,Tokyo-9190,2,7,Normal
2026-02-13 20:25:03.545572,Tokyo-9190,7,96,Normal
2026-02-13 20:25:04.545572,Tokyo-9190,31,73,Normal
2026-02-13 20:25:05.545572,Tokyo-9190,30,98,Normal
2026-02-13 20:25:06.545572,Tokyo-9190,14,40,Normal
2026-02-13 20:25:07.545572,Tokyo-9190,38,84,Normal
2026-02-13 20:25:08.545572,Tokyo-9190,40,86,Normal
2026-02-13 20:25:09.545572,Tokyo-9190,24,52,Normal
2026-02-13 20:25:10.545572,Tokyo-9190,-19,78,Normal
2026-02-13 20:25:11.545572,Tokyo-9190,39,37,Normal
2026-02-13 20:25:12.545572,Tokyo-9190,43,100,Normal
2026-02-13 20:25:13.545572,Tokyo-9190,19,17,Normal
2026-02-13 20:25:14.545572,Tokyo-9190,-19,93,Normal
2026-02-13 20:25:15.545572,Tokyo-9190,-18,72,Normal
2026-02-13 20:25:16.545572,Tokyo-9190,28,6,Normal
2026-02-13 20:25:17.545572,Tokyo-9190,-26,64,Normal
2026-02-13 20:25:18.545572,Tokyo-9190,47,96,Normal
2026-02-13 20:25:19.545572,Tokyo-9190,-4,55,Normal
2026-02-13 20:25:20.545572,Tokyo-9190,16,28,Normal
2026-02-13 20:25:21.545572,Tokyo-9190,-23,67,Normal
2026-02-13 20:25:22.545572,Tokyo-9190,3,86,Normal
2026-02-13 20:25:23.545572,Tokyo-9190,-15,65,Normal
2026-02-13 20:25:24.545572,Tokyo-9190,14,78,Normal
2026-02-13 20:25:25.545572,Tokyo-9190,23,74,Normal
2026-02-13 20:25:26.545572,Tokyo-9190,7,43,Normal
2026-02-13 20:25:27.545572,Tokyo-9190,8,81,Normal
2026-02-13 20:25:28.545572,Tokyo-9190,37,51,Normal
2026-02-13 20:25:29.545572,Tokyo-9190,14,93,Normal
2026-02-13 20:25:30.545572,Tokyo-9190,43,81,Normal
2026-02-13 20:25:31.545572,Tokyo-9190,-3,61,Normal
2026-02-13 20:25:32.545572,Tokyo-9190,25,51,Normal
2026-02-13 20:25:33.545572,Tokyo-9190,26,64,Normal
2026-02-13 20:25:34.545572,Tokyo-9190,34,52,Normal
2026-02-13 20:25:35.545572,Tokyo-9190,35,86,Normal
2026-02-13 20:25:36.545572,Tokyo-9190,-23,100,Normal
2026-02-13 20:25:37.545572,Tokyo-9190,20,6,Normal
2026-02-13 20:25:38.545572,Tokyo-9190,12,89,Normal
2026-02-13 20:25:39.545572,Tokyo-9190,14,33,Normal
2026-02-13 20:25:40.545572,Tokyo-9190,-18,82,Normal
2026-02-13 20:25:41.545572,Tokyo-9190,-25,66,Normal
2026-02-13 20:25:42.545572,Tokyo-9190,-17,3,Normal
2026-02-13 20:25:43.545572,Tokyo-9190,-27,58,Normal
2026-02-13 20:25:44.545572,Tokyo-9190,9,79,Normal
2026-02-13 20:25:45.545572,Tokyo-9190,22,71,Normal
2026-02-13 20:25:46.545572,Tokyo-9190,8,94,Normal
2026-02-13 20:25:47.545572,Tokyo-9190,49,7,Normal
2026-02-13 20:25:48.545572,Tokyo-9190,-19,27,Normal
2026-02-13 20:25:49.545572,Tokyo-9190,21,100,Normal
2026-02-13 20:25:50.545572,Tokyo-9190,-1,51,Normal
2026-02-13 20:25:51.545572,Tokyo-9190,18,6,Normal
2026-02-13 20:25:52.545572,Tokyo-9190,-15,88,Normal
2026-02-13 20:25:53.545572,Tokyo-9190,12,94,Normal
2026-02-13 20:25:54.545572,Tokyo-9190,9,72,Normal
2026-02-13 20:25:55.545572,Tokyo-9190,-4,0,Normal
2026-02-13 20:25:56.545572,Tokyo-9190,5,39,Normal
2026-02-13 20:25:57.545572,Tokyo-9190,44,45,Normal
2026-02-13 20:25:58.545572,Tokyo-9190,-7,0,Normal
2026-02-13 20:25:59.545572,Tokyo-9190,-3,13,Normal
2026-02-13 20:26:00.545572,Tokyo-9190,12,98,Normal
2026-02-13 20:26:01.545572,Tokyo-9190,-24,74,Normal
2026-02-13 20:26:02.545572,Tokyo-9190,18,15,Normal
2026-02-13 20:26:03.545572,Tokyo-9190,43,99,Normal
2026-02-13 20:26:04.545572,Tokyo-9190,-6,0,Normal
2026-02-13 20:26:05.545572,Tokyo-9190,-2,63,Normal
2026-02-13 20:26:06.545572,Tokyo-9190,46,88,Normal
2026-02-13 20:26:07.545572,Tokyo-9190,45,100,Normal
2026-02-13 20:26:08.545572,Tokyo-9190,41,33,Normal
2026-02-13 20:26:09.545572,Tokyo-9190,-20,57,Normal
2026-02-13 20:26:10.545572,Tokyo-9190,28,77,Normal
2026-02-13 20:26:11.545572,Tokyo-9190,13,90,Normal
2026-02-13 20:26:12.545572,Tokyo-9190,36,33,Normal
2026-02-13 20:26:13.545572,Tokyo-9190,37,89,Normal
2026-02-13 20:26:14.545572,Tokyo-9190,6,91,Normal
2026-02-13 20:26:15.545572,Tokyo-9190,-4,74,Normal
2026-02-13 20:26:16.545572,Tokyo-9190,12,88,Normal
2026-02-13 20:26:17.545572,Tokyo-9190,-15,2,Normal
2026-02-13 20:26:18.545572,Tokyo-9190,45,91,Normal
2026-02-13 20:26:19.545572,Tokyo-9190,24,47,Normal
2026-02-13 20:26:20.545572,Tokyo-9190,2,66,Normal
2026-02-13 20:26:21.545572,Tokyo-9190,43,79,Normal
2026-02-13 20:26:22.545572,Tokyo-9190,-10,8,Normal
2026-02-13 20:26:23.545572,Tokyo-9190,37,52,Normal
2026-02-13 20:26:24.545572,Tokyo-9190,-29,95,Normal
2026-02-13 20:26:25.545572,Tokyo-9190,32,40,Normal
2026-02-13 20:26:26.545572,Tokyo-9190,-18,80,Normal
2026-02-13 20:26:27.545572,Tokyo-9190,-30,81,Normal
2026-02-13 20:26:28.545572,Tokyo-9190,24,17,Normal
2026-02-13 20:26:29.545572,Tokyo-9190,-24,61,Normal
2026-02-13 20:26:30.545572,Tokyo-9190,-20,82,Normal
2026-02-13 20:26:31.545572,Tokyo-9190,13,80,Normal
2026-02-13 20:26:32.545572,Tokyo-9190,-9,76,Normal
2026-02-13 20:26:33.545572,Tokyo-9190,2,59,Normal
2026-02-13 20:26:34.545572,Tokyo-9190,26,64,Normal
2026-02-13 20:26:35.545572,Tokyo-9190,21,63,Normal
2026-02-13 20:26:36.545572,Tokyo-9190,16,90,Normal
2026-02-13 20:26:37.545572,Tokyo-9190,22,86,Normal
2026-02-13 20:26:38.545572,Tokyo-9190,14,99,Normal
2026-02-13 20:26:39.545572,Tokyo-9190,3,19,Normal
2026-02-13 20:26:40.545572,Tokyo-9190,14,43,Normal
2026-02-13 20:26:41.545572,Tokyo-9190,10,54,Normal
2026-02-13 20:26:42.545572,Tokyo-9190,-19,28,Normal
2026-02-13 20:26:43.545572,Tokyo-9190,29,12,Normal
2026-02-13 20:26:44.545572,Tokyo-9190,-26,35,Normal
2026-02-13 20:26:45.545572,Tokyo-9190,-3,65,Normal
2026-02-13 20:26:46.545572,Tokyo-9190,-30,65,Normal
2026-02-13 20:26:47.545572,Tokyo-9190,17,23,Normal
2026-02-13 20:26:48.545572,Tokyo-9190,-2,92,Normal
2026-02-13 20:26:49.545572,Tokyo-9190,48,51,Normal
2026-02-13 20:26:50.545572,Tokyo-9190,16,76,Normal
2026-02-13 20:26:51.545572,Tokyo-9190,40,11,Normal
2026-02-13 20:26:52.545572,Tokyo-9190,21,75,Normal
2026-02-13 20:26:53.545572,Tokyo-9190,-20,51,Normal
2026-02-13 20:26:54.545572,Tokyo-9190,11,3,Normal
2026-02-13 20:26:55.545572,Tokyo-9190,36,10,Normal
2026-02-13 20:26:56.545572,Tokyo-9190,-29,70,Normal
2026-02-13 20:26:57.545572,Tokyo-9190,-20,29,Normal
2026-02-13 20:26:58.545572,Tokyo-9190,21,33,Normal
2026-02-13 20:26:59.545572,Tokyo-9190,43,82,Normal
2026-02-13 20:27:00.545572,Tokyo-9190,-28,52,Normal
2026-02-13 20:27:01.545572,Tokyo-9190,-26,59,Normal
2026-02-13 20:27:02.545572,Tokyo-9190,-19,23,Normal
2026-02-13 20:27:03.545572,Tokyo-9190,-15,43,Normal
2026-02-13 20:27:04.545572,Tokyo-9190,16,72,Normal
2026-02-13 20:27:05.545572,Tokyo-9190,1,31,Normal
2026-02-13 20:27:06.545572,Tokyo-9190,38,81,Normal
2026-02-13 20:27:07.545572,Tokyo-9190,-10,7,Normal
2026-02-13 20:27:08.545572,Tokyo-9190,28,65,Normal
2026-02-13 20:27:09.545572,Tokyo-9190,-19,30,Normal
2026-02-13 20:27:10.545572,Tokyo-9190,-10,78,Normal
2026-02-13 20:27:11.545572,Tokyo-9190,40,4,Normal
2026-02-13 20:27:12.545572,Tokyo-9190,-8,42,Normal
2026-02-13 20:27:13.545572,Tokyo-9190,-1,90,Normal
2026-02-13 20:27:14.545572,Tokyo-9190,-2,57,Normal
2026-02-13 20:27:15.545572,Tokyo-9190,50,14,Normal
2026-02-13 20:27:16.545572,Tokyo-9190,-6,17,Normal
2026-02-13 20:27:17.545572,Tokyo-9190,-28,1,Normal
2026-02-13 20:27:18.545572,Tokyo-9190,-14,34,Normal
2026-02-13 20:27:19.545572,Tokyo-9190,-10,89,Normal
2026-02-13 20:27:20.545572,Tokyo-9190,25,36,Normal
2026-02-13 20:27:21.545572,Tokyo-9190,-26,45,Normal
2026-02-13 20:27:22.545572,Tokyo-9190,20,83,Normal
2026-02-13 20:27:23.545572,Tokyo-9190,33,3,Normal
2026-02-13 20:27:24.545572,Tokyo-9190,12,10,Normal
2026-02-13 20:27:25.545572,Tokyo-9190,42,6,Normal
2026-02-13 20:27:26.545572,Tokyo-9190,23,2,Normal
2026-02-13 20:27:27.545572,Tokyo-9190,5,76,Normal
2026-02-13 20:27:28.545572,Tokyo-9190,27,19,Normal
2026-02-13 20:27:29.545572,Tokyo-9190,-16,38,Normal
2026-02-13 20:27:30.545572,Tokyo-9190,11,43,Normal
2026-02-13 20:27:31.545572,Tokyo-9190,40,34,Normal
2026-02-13 20:27:32.545572,Tokyo-9190,-28,42,Normal
2026-02-13 20:27:33.545572,Tokyo-9190,-16,100,Normal
2026-02-13 20:27:34.545572,Tokyo-9190,36,6,Normal
2026-02-13 20:27:35.545572,Tokyo-9190,15,56,Normal
2026-02-13 20:27:36.545572,Tokyo-9190,2,37,Normal
2026-02-13 20:27:37.545572,Tokyo-9190,31,71,Normal
2026-02-13 20:27:38.545572,Tokyo-9190,30,11,Normal
2026-02-13 20:27:39.545572,Tokyo-9190,43,59,Normal
2026-02-13 20:27:40.545572,Tokyo-9190,-3,10,Normal
2026-02-13 20:27:41.545572,Tokyo-9190,44,13,Normal
2026-02-13 20:27:42.545572,Tokyo-9190,46,45,Normal
2026-02-13 20:27:43.545572,Tokyo-9190,19,100,Normal
2026-02-13 20:27:44.545572,Tokyo-9190,12,57,Normal
2026-02-13 20:27:45.545572,Tokyo-9190,-10,39,Normal
2026-02-13 20:27:46.545572,Tokyo-9190,-19,26,Normal
2026-02-13 20:27:47.545572,Tokyo-9190,15,70,Normal
2026-02-13 20:27:48.545572,Tokyo-9190,6,67,Normal
2026-02-13 20:27:49.545572,Tokyo-9190,27,69,Normal
2026-02-13 20:27:50.545572,Tokyo-9190,-4,24,Normal
2026-02-13 20:27:51.545572,Tokyo-9190,12,70,Normal
2026-02-13 20:27:52.545572,Tokyo-9190,-29,74,Normal
2026-02-13 20:27:53.545572,Tokyo-9190,29,61,Normal
2026-02-13 20:27:54.545572,Tokyo-9190,-26,21,Normal
2026-02-13 20:27:55.545572,Tokyo-9190,22,95,Normal
2026-02-13 20:27:56.545572,Tokyo-9190,8,94,Normal
2026-02-13 20:27:57.545572,Tokyo-9190,22,63,Normal
2026-02-13 20:27:58.545572,Tokyo-9190,48,85,Normal
2026-02-13 20:27:59.545572,Tokyo-9190,1,89,Normal
2026-02-13 20:28:00.545572,Tokyo-9190,31,84,Normal
2026-02-13 20:28:01.545572,Tokyo-9190,22,56,Normal
2026-02-13 20:28:02.545572,Tokyo-9190,15,15,Normal
2026-02-13 20:28:03.545572,Tokyo-9190,-30,41,Normal
2026-02-13 20:28:04.545572,Tokyo-9190,8,8,Normal
2026-02-13 20:28:05.545572,Tokyo-9190,5,28,Normal
2026-02-13 20:28:06.545572,Tokyo-9190,-18,42,Normal
2026-02-13 20:28:07.545572,Tokyo-9190,30,47,Normal
2026-02-13 20:28:08.545572,Tokyo-9190,31,17,Normal
2026-02-13 20:28:09.545572,Tokyo-9190,-15,12,Normal
2026-02-13 20:28:10.545572,Tokyo-9190,-5,47,Normal
2026-02-13 20:28:11.545572,Tokyo-9190,-6,90,Normal
