timestamp,station_id,temp,humid,condition
2026-02-16 03:27:31.556396,Toronto-1a68,40,69,Normal
2026-02-16 03:27:32.556396,Toronto-1a68,30,47,Normal
2026-02-16 03:27:33.556396,Toronto-1a68,24,5,Normal
2026-02-16 03:27:34.556396,Toronto-1a68,33,31,Normal
2026-02-16 03:27:35.556396,Toronto-1a68,-18,77,Normal
2026-02-16 03:27:36.556396,Toronto-1a68,-19,20,Normal
2026-02-16 03:27:37.556396,Toronto-1a68,-19,60,Normal
2026-02-16 03:27:38.556396,Toronto-1a68,29,79,Normal
2026-02-16 03:27:39.556396,Toronto-1a68,35,42,Normal
2026-02-16 03:27:40.556396,Toronto-1a68,-6,3,Normal
2026-02-16 03:27:41.556396,Toronto-1a68,5,65,Normal
2026-02-16 03:27:42.556396,Toronto-1a68,27,3,Normal
2026-02-16 03:27:43.556396,Toronto-1a68,29,19,Normal
2026-02-16 03:27:44.556396,Toronto-1a68,13,55,Normal
2026-02-16 03:27:45.556396,Toronto-1a68,-7,57,Normal
2026-02-16 03:27:46.556396,Toronto-1a68,-8,93,Normal
2026-02-16 03:27:47.556396,Toronto-1a68,32,18,Normal
2026-02-16 03:27:48.556396,Toronto-1a68,48,86,Normal
2026-02-16 03:27:49.556396,Toronto-1a68,46,19,Normal
2026-02-16 03:27:50.556396,Toronto-1a68,-10,11,Normal
2026-02-16 03:27:51.556396,Toronto-1a68,-29,34,Normal
2026-02-16 03:27:52.556396,Toronto-1a68,40,96,Normal
2026-02-16 03:27:53.556396,Toronto-1a68,-17,86,Normal
2026-02-16 03:27:54.556396,Toronto-1a68,4,8,Normal
2026-02-16 03:27:55.556396,Toronto-1a68,13,61,Normal
2026-02-16 03:27:56.556396,Toronto-1a68,-4,55,Normal
2026-02-16 03:27:57.556396,Toronto-1a68,-27,83,Normal
2026-02-16 03:27:58.556396,Toronto-1a68,-3,90,Normal
2026-02-16 03:27:59.556396,Toronto-1a68,44,47,Normal
2026-02-16 03:28:00.556396,Toronto-1a68,-13,53,Normal
2026-02-16 03:28:01.556396,Toronto-1a68,39,83,Normal
2026-02-16 03:28:02.556396,Toronto-1a68,22,32,Normal
2026-02-16 03:28:03.556396,Toronto-1a68,46,83,Normal
2026-02-16 03:28:04.556396,Toronto-1a68,-23,64,Normal
2026-02-16 03:28:05.556396,Toronto-1a68,29,38,Normal
2026-02-16 03:28:06.556396,Toronto-1a68,-12,61,Normal
2026-02-16 03:28:07.556396,Toronto-1a68,6,63,Normal
2026-02-16 03:28:08.556396,Toronto-1a68,-8,24,Normal
2026-02-16 03:28:09.556396,Toronto-1a68,30,47,Normal
2026-02-16 03:28:10.556396,Toronto-1a68,40,76,Normal
2026-02-16 03:28:11.556396,Toronto-1a68,14,7,Normal
2026-02-16 03:28:12.556396,Toronto-1a68,33,9,Normal
2026-02-16 03:28:13.556396,Toronto-1a68,38,64,Normal
2026-02-16 03:28:14.556396,Toronto-1a68,36,82,Normal
2026-02-16 03:28:15.556396,Toronto-1a68,32,1,Normal
2026-02-16 03:28:16.556396,Toronto-1a68,34,7,Normal
2026-02-16 03:28:17.556396,Toronto-1a68,-6,49,Normal
2026-02-16 03:28:18.556396,Toronto-1a68,-25,34,Normal
2026-02-16 03:28:19.556396,Toronto-1a68,43,74,Normal
2026-02-16 03:28:20.556396,Toronto-1a68,21,24,Normal
2026-02-16 03:28:21.556396,Toronto-1a68,-17,81,Normal
2026-02-16 03:28:22.556396,Toronto-1a68,33,94,Normal
2026-02-16 03:28:23.556396,Toronto-1a68,27,73,Normal
2026-02-16 03:28:24.556396,Toronto-1a68,12,90,Normal
2026-02-16 03:28:25.556396,Toronto-1a68,0,49,Normal
2026-02-16 03:28:26.556396,Toronto-1a68,-2,86,Normal
2026-02-16 03:28:27.556396,Toronto-1a68,-17,71,Normal
2026-02-16 03:28:28.556396,Toronto-1a68,15,85,Normal
2026-02-16 03:28:29.556396,Toronto-1a68,24,53,Normal
2026-02-16 03:28:30.556396,Toronto-1a68,39,49,Normal
2026-02-16 03:28:31.556396,Toronto-1a68,24,99,Normal
2026-02-16 03:28:32.556396,Toronto-1a68,28,78,Normal
2026-02-16 03:28:33.556396,Toronto-1a68,-7,11,Normal
2026-02-16 03:28:34.556396,Toronto-1a68,33,31,Normal
2026-02-16 03:28:35.556396,Toronto-1a68,17,37,Normal
2026-02-16 03:28:36.556396,Toronto-1a68,-9,82,Normal
2026-02-16 03:28:37.556396,Toronto-1a68,11,53,Normal
2026-02-16 03:28:38.556396,Toronto-1a68,34,41,Normal
2026-02-16 03:28:39.556396,Toronto-1a68,12,84,Normal
2026-02-16 03:28:40.556396,Toronto-1a68,14,31,Normal
2026-02-16 03:28:41.556396,Toronto-1a68,43,58,Normal
2026-02-16 03:28:42.556396,Toronto-1a68,-15,10,Normal
2026-02-16 03:28:43.556396,Toronto-1a68,-29,54,Normal
2026-02-16 03:28:44.556396,Toronto-1a68,47,4,Normal
2026-02-16 03:28:45.556396,Toronto-1a68,-26,30,Normal
2026-02-16 03:28:46.556396,Toronto-1a68,-2,91,Normal
2026-02-16 03:28:47.556396,Toronto-1a68,-4,82,Normal
2026-02-16 03:28:48.556396,Toronto-1a68,4,78,Normal
2026-02-16 03:28:49.556396,Toronto-1a68,11,75,Normal
2026-02-16 03:28:50.556396,Toronto-1a68,3,50,Normal
2026-02-16 03:28:51.556396,Toronto-1a68,38,5,Normal
2026-02-16 03:28:52.556396,Toronto-1a68,36,86,Normal
2026-02-16 03:28:53.556396,Toronto-1a68,46,16,Normal
2026-02-16 03:28:54.556396,Toronto-1a68,-20,84,Normal
2026-02-16 03:28:55.556396,Toronto-1a68,40,14,Normal
2026-02-16 03:28:56.556396,Toronto-1a68,34,64,Normal
2026-02-16 03:28:57.556396,Toronto-1a68,11,62,Normal
2026-02-16 03:28:58.556396,Toronto-1a68,10,15,Normal
2026-02-16 03:28:59.556396,Toronto-1a68,2,85,Normal
2026-02-16 03:29:00.556396,Toronto-1a68,19,45,Normal
2026-02-16 03:29:01.556396,Toronto-1a68,-25,87,Normal
2026-02-16 03:29:02.556396,Toronto-1a68,7,24,Normal
2026-02-16 03:29:03.556396,Toronto-1a68,-1,35,Normal
2026-02-16 03:29:04.556396,Toronto-1a68,20,85,Normal
2026-02-16 03:29:05.556396,Toronto-1a68,20,52,Normal
2026-02-16 03:29:06.556396,Toronto-1a68,1,79,Normal
2026-02-16 03:29:07.556396,Toronto-1a68,42,60,Normal
2026-02-16 03:29:08.556396,Toronto-1a68,-9,79,Normal
2026-02-16 03:29:09.556396,Toronto-1a68,-7,15,Normal
2026-02-16 03:29:10.556396,Toronto-1a68,-17,93,Normal
2026-02-16 03:29:11.556396,Toronto-1a68,-11,1,Normal
2026-02-16 03:29:12.556396,Toronto-1a68,7,37,Normal
2026-02-16 03:29:13.556396,Toronto-1a68,36,52,Normal
2026-02-16 03:29:14.556396,Toronto-1a68,13,24,Normal
2026-02-16 03:29:15.556396,Toronto-1a68,41,53,Normal
2026-02-16 03:29:16.556396,Toronto-1a68,20,57,Normal
2026-02-16 03:29:17.556396,Toronto-1a68,-2,35,Normal
2026-02-16 03:29:18.556396,Toronto-1a68,-7,91,Normal
2026-02-16 03:29:19.556396,Toronto-1a68,-24,0,Normal
2026-02-16 03:29:20.556396,Toronto-1a68,17,66,Normal
2026-02-16 03:29:21.556396,Toronto-1a68,45,100,Normal
2026-02-16 03:29:22.556396,Toronto-1a68,-2,12,Normal
2026-02-16 03:29:23.556396,Toronto-1a68,33,38,Normal
2026-02-16 03:29:24.556396,Toronto-1a68,-7,76,Normal
2026-02-16 03:29:25.556396,Toronto-1a68,21,66,Normal
2026-02-16 03:29:26.556396,Toronto-1a68,26,11,Normal
2026-02-16 03:29:27.556396,Toronto-1a68,29,100,Normal
2026-02-16 03:29:28.556396,Toronto-1a68,0,66,Normal
2026-02-16 03:29:29.556396,Toronto-1a68,48,10,Normal
2026-02-16 03:29:30.556396,Toronto-1a68,-29,84,Normal
2026-02-16 03:29:31.556396,Toronto-1a68,0,0,Normal
2026-02-16 03:29:32.556396,Toronto-1a68,-12,87,Normal
2026-02-16 03:29:33.556396,Toronto-1a68,34,39,Normal
2026-02-16 03:29:34.556396,Toronto-1a68,45,31,Normal
2026-02-16 03:29:35.556396,Toronto-1a68,30,86,Normal
2026-02-16 03:29:36.556396,Toronto-1a68,28,64,Normal
2026-02-16 03:29:37.556396,Toronto-1a68,44,58,Normal
2026-02-16 03:29:38.556396,Toronto-1a68,-25,78,Normal
2026-02-16 03:29:39.556396,Toronto-1a68,22,14,Normal
2026-02-16 03:29:40.556396,Toronto-1a68,-19,40,Normal
2026-02-16 03:29:41.556396,Toronto-1a68,3,53,Normal
2026-02-16 03:29:42.556396,Toronto-1a68,25,17,Normal
2026-02-16 03:29:43.556396,Toronto-1a68,-21,100,Normal
2026-02-16 03:29:44.556396,Toronto-1a68,16,5,Normal
2026-02-16 03:29:45.556396,Toronto-1a68,24,11,Normal
2026-02-16 03:29:46.556396,Toronto-1a68,12,20,Normal
2026-02-16 03:29:47.556396,Toronto-1a68,-21,99,Normal
2026-02-16 03:29:48.556396,Toronto-1a68,-10,41,Normal
2026-02-16 03:29:49.556396,Toronto-1a68,36,56,Normal
2026-02-16 03:29:50.556396,Toronto-1a68,8,69,Normal
2026-02-16 03:29:51.556396,Toronto-1a68,-14,77,Normal
2026-02-16 03:29:52.556396,Toronto-1a68,37,3,Normal
2026-02-16 03:29:53.556396,Toronto-1a68,2,5,Normal
2026-02-16 03:29:54.556396,Toronto-1a68,20,5,Normal
2026-02-16 03:29:55.556396,Toronto-1a68,29,78,Normal
2026-02-16 03:29:56.556396,Toronto-1a68,10,35,Normal
2026-02-16 03:29:57.556396,Toronto-1a68,33,38,Normal
2026-02-16 03:29:58.556396,Toronto-1a68,8,38,Normal
2026-02-16 03:29:59.556396,Toronto-1a68,15,94,Normal
2026-02-16 03:30:00.556396,Toronto-1a68,-30,76,Normal
2026-02-16 03:30:01.556396,Toronto-1a68,50,25,Normal
2026-02-16 03:30:02.556396,Toronto-1a68,23,35,Normal
2026-02-16 03:30:03.556396,Toronto-1a68,4,86,Normal
2026-02-16 03:30:04.556396,Toronto-1a68,-29,8,Normal
2026-02-16 03:30:05.556396,Toronto-1a68,41,62,Normal
2026-02-16 03:30:06.556396,Toronto-1a68,17,6,Normal
2026-02-16 03:30:07.556396,Toronto-1a68,17,10,Normal
2026-02-16 03:30:08.556396,Toronto-1a68,15,40,Normal
2026-02-16 03:30:09.556396,Toronto-1a68,9,95,Normal
2026-02-16 03:30:10.556396,Toronto-1a68,44,25,Normal
2026-02-16 03:30:11.556396,Toronto-1a68,-3,0,Normal
2026-02-16 03:30:12.556396,Toronto-1a68,31,25,Normal
2026-02-16 03:30:13.556396,Toronto-1a68,24,81,Normal
2026-02-16 03:30:14.556396,Toronto-1a68,50,59,Normal
2026-02-16 03:30:15.556396,Toronto-1a68,-14,85,Normal
2026-02-16 03:30:16.556396,Toronto-1a68,10,11,Normal
2026-02-16 03:30:17.556396,Toronto-1a68,-15,76,Normal
2026-02-16 03:30:18.556396,Toronto-1a68,-6,11,Normal
2026-02-16 03:30:19.556396,Toronto-1a68,34,18,Normal
2026-02-16 03:30:20.556396,Toronto-1a68,-21,28,Normal
2026-02-16 03:30:21.556396,Toronto-1a68,44,85,Normal
2026-02-16 03:30:22.556396,Toronto-1a68,-6,47,Normal
2026-02-16 03:30:23.556396,Toronto-1a68,39,16,Normal
2026-02-16 03:30:24.556396,Toronto-1a68,4,43,Normal
2026-02-16 03:30:25.556396,Toronto-1a68,-6,13,Normal
2026-02-16 03:30:26.556396,Toronto-1a68,-10,28,Normal
2026-02-16 03:30:27.556396,Toronto-1a68,14,80,Normal
2026-02-16 03:30:28.556396,Toronto-1a68,25,26,Normal
2026-02-16 03:30:29.556396,Toronto-1a68,20,21,Normal
2026-02-16 03:30:30.556396,Toronto-1a68,6,9,Normal
2026-02-16 03:30:31.556396,Toronto-1a68,-16,53,Normal
2026-02-16 03:30:32.556396,Toronto-1a68,31,16,Normal
2026-02-16 03:30:33.556396,Toronto-1a68,17,90,Normal
2026-02-16 03:30:34.556396,Toronto-1a68,-30,22,Normal
2026-02-16 03:30:35.556396,Toronto-1a68,33,61,Normal
2026-02-16 03:30:36.556396,Toronto-1a68,-24,48,Normal
2026-02-16 03:30:37.556396,Toronto-1a68,-3,38,Normal
2026-02-16 03:30:38.556396,Toronto-1a68,39,0,Normal
2026-02-16 03:30:39.556396,Toronto-1a68,20,60,Normal
2026-02-16 03:30:40.556396,Toronto-1a68,45,89,Normal
2026-02-16 03:30:41.556396,Toronto-1a68,-25,18,Normal
2026-02-16 03:30:42.556396,Toronto-1a68,34,18,Normal
2026-02-16 03:30:43.556396,Toronto-1a68,19,90,Normal
2026-02-16 03:30:44.556396,Toronto-1a68,-17,81,Normal
2026-02-16 03:30:45.556396,Toronto-1a68,17,13,Normal
2026-02-16 03:30:46.556396,Toronto-1a68,50,26,Normal
2026-02-16 03:30:47.556396,Toronto-1a68,3,58,Normal
2026-02-16 03:30:48.556396,Toronto-1a68,-6,38,Normal
2026-02-16 03:30:49.556396,Toronto-1a68,26,13,Normal
2026-02-16 03:30:50.556396,Toronto-1a68,37,87,Normal
2026-02-16 03:30:51.556396,Toronto-1a68,15,46,Normal
2026-02-16 03:30:52.556396,Toronto-1a68,35,51,Normal
2026-02-16 03:30:53.556396,Toronto-1a68,23,91,Normal
2026-02-16 03:30:54.556396,Toronto-1a68,32,33,Normal
2026-02-16 03:30:55.556396,Toronto-1a68,15,27,Normal
2026-02-16 03:30:56.556396,Toronto-1a68,-21,20,Normal
2026-02-16 03:30:57.556396,Toronto-1a68,-14,84,Normal
2026-02-16 03:30:58.556396,Toronto-1a68,-8,6,Normal
2026-02-16 03:30:59.556396,Toronto-1a68,-2,99,Normal
2026-02-16 03:31:00.556396,Toronto-1a68,-12,75,Normal
2026-02-16 03:31:01.556396,Toronto-1a68,-28,21,Normal
2026-02-16 03:31:02.556396,Toronto-1a68,6,57,Normal
2026-02-16 03:31:03.556396,Toronto-1a68,17,27,Normal
2026-02-16 03:31:04.556396,Toronto-1a68,50,2,Normal
2026-02-16 03:31:05.556396,Toronto-1a68,-14,31,Normal
2026-02-16 03:31:06.556396,Toronto-1a68,-16,68,Normal
2026-02-16 03:31:07.556396,Toronto-1a68,0,1,Normal
2026-02-16 03:31:08.556396,Toronto-1a68,24,15,Normal
2026-02-16 03:31:09.556396,Toronto-1a68,19,39,Normal
2026-02-16 03:31:10.556396,Toronto-1a68,-24,4,Normal
2026-02-16 03:31:11.556396,Toronto-1a68,18,80,Normal
2026-02-16 03:31:12.556396,Toronto-1a68,19,100,Normal
2026-02-16 03:31:13.556396,Toronto-1a68,31,44,Normal
2026-02-16 03:31:14.556396,Toronto-1a68,-20,9,Normal
2026-02-16 03:31:15.556396,Toronto-1a68,-28,26,Normal
2026-02-16 03:31:16.556396,Toronto-1a68,-16,24,Normal
2026-02-16 03:31:17.556396,Toronto-1a68,6,21,Normal
2026-02-16 03:31:18.556396,Toronto-1a68,7,67,Normal
2026-02-16 03:31:19.556396,Toronto-1a68,33,53,Normal
2026-02-16 03:31:20.556396,Toronto-1a68,1,3,Normal
2026-02-16 03:31:21.556396,Toronto-1a68,12,72,Normal
2026-02-16 03:31:22.556396,Toronto-1a68,40,8,Normal
2026-02-16 03:31:23.556396,Toronto-1a68,25,93,Normal
2026-02-16 03:31:24.556396,Toronto-1a68,13,14,Normal
2026-02-16 03:31:25.556396,Toronto-1a68,34,53,Normal
2026-02-16 03:31:26.556396,Toronto-1a68,14,77,Normal
2026-02-16 03:31:27.556396,Toronto-1a68,27,33,Normal
2026-02-16 03:31:28.556396,Toronto-1a68,20,5,Normal
2026-02-16 03:31:29.556396,Toronto-1a68,36,64,Normal
2026-02-16 03:31:30.556396,Toronto-1a68,-8,0,Normal
2026-02-16 03:31:31.556396,Toronto-1a68,1,48,Normal
2026-02-16 03:31:32.556396,Toronto-1a68,6,80,Normal
2026-02-16 03:31:33.556396,Toronto-1a68,-22,19,Normal
2026-02-16 03:31:34.556396,Toronto-1a68,44,22,Normal
2026-02-16 03:31:35.556396,Toronto-1a68,42,23,Normal
2026-02-16 03:31:36.556396,Toronto-1a68,4,13,Normal
2026-02-16 03:31:37.556396,Toronto-1a68,6,75,Normal
2026-02-16 03:31:38.556396,Toronto-1a68,26,68,Normal
2026-02-16 03:31:39.556396,Toronto-1a68,27,29,Normal
2026-02-16 03:31:40.556396,Toronto-1a68,-23,13,Normal
2026-02-16 03:31:41.556396,Toronto-1a68,-16,71,Normal
2026-02-16 03:31:42.556396,Toronto-1a68,1,7,Normal
2026-02-16 03:31:43.556396,Toronto-1a68,-22,42,Normal
2026-02-16 03:31:44.556396,Toronto-1a68,-26,24,Normal
2026-02-16 03:31:45.556396,Toronto-1a68,17,31,Normal
2026-02-16 03:31:46.556396,Toronto-1a68,-12,84,Normal
2026-02-16 03:31:47.556396,Toronto-1a68,-13,1,Normal
2026-02-16 03:31:48.556396,Toronto-1a68,-21,74,Normal
2026-02-16 03:31:49.556396,Toronto-1a68,15,11,Normal
2026-02-16 03:31:50.556396,Toronto-1a68,-18,84,Normal
2026-02-16 03:31:51.556396,Toronto-1a68,-22,53,Normal
2026-02-16 03:31:52.556396,Toronto-1a68,22,24,Normal
2026-02-16 03:31:53.556396,Toronto-1a68,-24,6,Normal
2026-02-16 03:31:54.556396,Toronto-1a68,19,98,Normal
2026-02-16 03:31:55.556396,Toronto-1a68,30,31,Normal
2026-02-16 03:31:56.556396,Toronto-1a68,-2,10,Normal
2026-02-16 03:31:57.556396,Toronto-1a68,49,74,Normal
2026-02-16 03:31:58.556396,Toronto-1a68,-7,27,Normal
2026-02-16 03:31:59.556396,Toronto-1a68,32,4,Normal
2026-02-16 03:32:00.556396,Toronto-1a68,29,4,Normal
2026-02-16 03:32:01.556396,Toronto-1a68,-28,71,Normal
2026-02-16 03:32:02.556396,Toronto-1a68,2,92,Normal
2026-02-16 03:32:03.556396,Toronto-1a68,35,84,Normal
2026-02-16 03:32:04.556396,Toronto-1a68,-21,18,Normal
2026-02-16 03:32:05.556396,Toronto-1a68,-11,19,Normal
2026-02-16 03:32:06.556396,Toronto-1a68,20,58,Normal
2026-02-16 03:32:07.556396,Toronto-1a68,6,89,Normal
2026-02-16 03:32:08.556396,Toronto-1a68,1,23,Normal
2026-02-16 03:32:09.556396,Toronto-1a68,27,20,Normal
2026-02-16 03:32:10.556396,Toronto-1a68,18,77,Normal
2026-02-16 03:32:11.556396,Toronto-1a68,-9,75,Normal
2026-02-16 03:32:12.556396,Toronto-1a68,8,15,Normal
2026-02-16 03:32:13.556396,Toronto-1a68,5,56,Normal
2026-02-16 03:32:14.556396,Toronto-1a68,23,81,Normal
2026-02-16 03:32:15.556396,Toronto-1a68,-15,99,Normal
2026-02-16 03:32:16.556396,Toronto-1a68,-20,64,Normal
2026-02-16 03:32:17.556396,Toronto-1a68,20,1,Normal
2026-02-16 03:32:18.556396,Toronto-1a68,48,73,Normal
2026-02-16 03:32:19.556396,Toronto-1a68,-20,63,Normal
2026-02-16 03:32:20.556396,Toronto-1a68,37,0,Normal
2026-02-16 03:32:21.556396,Toronto-1a68,-3,6,Normal
2026-02-16 03:32:22.556396,Toronto-1a68,-18,51,Normal
2026-02-16 03:32:23.556396,Toronto-1a68,22,52,Normal
2026-02-16 03:32:24.556396,Toronto-1a68,-1,93,Normal
2026-02-16 03:32:25.556396,Toronto-1a68,11,43,Normal
2026-02-16 03:32:26.556396,Toronto-1a68,-10,80,Normal
2026-02-16 03:32:27.556396,Toronto-1a68,-24,21,Normal
2026-02-16 03:32:28.556396,Toronto-1a68,18,83,Normal
2026-02-16 03:32:29.556396,Toronto-1a68,20,68,Normal
2026-02-16 03:32:30.556396,Toronto-1a68,-27,40,Normal
2026-02-16 03:32:31.556396,Toronto-1a68,33,46,Normal
2026-02-16 03:32:32.556396,Toronto-1a68,18,44,Normal
2026-02-16 03:32:33.556396,Toronto-1a68,16,4,Normal
2026-02-16 03:32:34.556396,Toronto-1a68,-27,49,Normal
2026-02-16 03:32:35.556396,Toronto-1a68,1,54,Normal
2026-02-16 03:32:36.556396,Toronto-1a68,-4,84,Normal
2026-02-16 03:32:37.556396,Toronto-1a68,-24,75,Normal
2026-02-16 03:32:38.556396,Toronto-1a68,22,43,Normal
2026-02-16 03:32:39.556396,Toronto-1a68,34,44,Normal
2026-02-16 03:32:40.556396,Toronto-1a68,-22,19,Normal
2026-02-16 03:32:41.556396,Toronto-1a68,-25,88,Normal
2026-02-16 03:32:42.556396,Toronto-1a68,23,52,Normal
2026-02-16 03:32:43.556396,Toronto-1a68,19,17,Normal
2026-02-16 03:32:44.556396,Toronto-1a68,16,57,Normal
2026-02-16 03:32:45.556396,Toronto-1a68,7,60,Normal
2026-02-16 03:32:46.556396,Toronto-1a68,-21,67,Normal
2026-02-16 03:32:47.556396,Toronto-1a68,-6,81,Normal
2026-02-16 03:32:48.556396,Toronto-1a68,-20,35,Normal
2026-02-16 03:32:49.556396,Toronto-1a68,13,15,Normal
2026-02-16 03:32:50.556396,Toronto-1a68,37,57,Normal
2026-02-16 03:32:51.556396,Toronto-1a68,-30,94,Normal
2026-02-16 03:32:52.556396,Toronto-1a68,-14,44,Normal
2026-02-16 03:32:53.556396,Toronto-1a68,31,41,Normal
2026-02-16 03:32:54.556396,Toronto-1a68,-11,50,Normal
2026-02-16 03:32:55.556396,Toronto-1a68,7,75,Normal
2026-02-16 03:32:56.556396,Toronto-1a68,45,9,Normal
2026-02-16 03:32:57.556396,Toronto-1a68,47,35,Normal
2026-02-16 03:32:58.556396,Toronto-1a68,-19,64,Normal
2026-02-16 03:32:59.556396,Toronto-1a68,-6,76,Normal
2026-02-16 03:33:00.556396,Toronto-1a68,-15,8,Normal
2026-02-16 03:33:01.556396,Toronto-1a68,21,20,Normal
2026-02-16 03:33:02.556396,Toronto-1a68,-15,83,Normal
2026-02-16 03:33:03.556396,Toronto-1a68,28,78,Normal
2026-02-16 03:33:04.556396,Toronto-1a68,-24,6,Normal
2026-02-16 03:33:05.556396,Toronto-1a68,16,9,Normal
2026-02-16 03:33:06.556396,Toronto-1a68,45,66,Normal
2026-02-16 03:33:07.556396,Toronto-1a68,-25,17,Normal
2026-02-16 03:33:08.556396,Toronto-1a68,10,48,Normal
2026-02-16 03:33:09.556396,Toronto-1a68,37,98,Normal
2026-02-16 03:33:10.556396,Toronto-1a68,19,62,Normal
2026-02-16 03:33:11.556396,Toronto-1a68,24,96,Normal
2026-02-16 03:33:12.556396,Toronto-1a68,48,97,Normal
2026-02-16 03:33:13.556396,Toronto-1a68,-30,14,Normal
2026-02-16 03:33:14.556396,Toronto-1a68,37,68,Normal
2026-02-16 03:33:15.556396,Toronto-1a68,1,23,Normal
2026-02-16 03:33:16.556396,Toronto-1a68,44,38,Normal
2026-02-16 03:33:17.556396,Toronto-1a68,-21,75,Normal
2026-02-16 03:33:18.556396,Toronto-1a68,-29,2,Normal
2026-02-16 03:33:19.556396,Toronto-1a68,28,97,Normal
2026-02-16 03:33:20.556396,Toronto-1a68,50,62,Normal
2026-02-16 03:33:21.556396,Toronto-1a68,-23,22,Normal
2026-02-16 03:33:22.556396,Toronto-1a68,13,5,Normal
2026-02-16 03:33:23.556396,Toronto-1a68,-26,98,Normal
2026-02-16 03:33:24.556396,Toronto-1a68,-5,13,Normal
2026-02-16 03:33:25.556396,Toronto-1a68,45,85,Normal
2026-02-16 03:33:26.556396,Toronto-1a68,49,76,Normal
2026-02-16 03:33:27.556396,Toronto-1a68,44,0,Normal
2026-02-16 03:33:28.556396,Toronto-1a68,10,55,Normal
2026-02-16 03:33:29.556396,Toronto-1a68,26,48,Normal
2026-02-16 03:33:30.556396,Toronto-1a68,2,26,Normal
2026-02-16 03:33:31.556396,Toronto-1a68,42,86,Normal
2026-02-16 03:33:32.556396,Toronto-1a68,28,11,Normal
2026-02-16 03:33:33.556396,Toronto-1a68,18,55,Normal
2026-02-16 03:33:34.556396,Toronto-1a68,-8,2,Normal
2026-02-16 03:33:35.556396,Toronto-1a68,-11,54,Normal
2026-02-16 03:33:36.556396,Toronto-1a68,-4,10,Normal
2026-02-16 03:33:37.556396,Toronto-1a68,47,11,Normal
2026-02-16 03:33:38.556396,Toronto-1a68,1,80,Normal
2026-02-16 03:33:39.556396,Toronto-1a68,13,79,Normal
2026-02-16 03:33:40.556396,Toronto-1a68,-6,100,Normal
2026-02-16 03:33:41.556396,Toronto-1a68,-21,50,Normal
2026-02-16 03:33:42.556396,Toronto-1a68,14,7,Normal
2026-02-16 03:33:43.556396,Toronto-1a68,45,45,Normal
2026-02-16 03:33:44.556396,Toronto-1a68,40,67,Normal
2026-02-16 03:33:45.556396,Toronto-1a68,-30,51,Normal
2026-02-16 03:33:46.556396,Toronto-1a68,23,6,Normal
2026-02-16 03:33:47.556396,Toronto-1a68,23,16,Normal
2026-02-16 03:33:48.556396,Toronto-1a68,36,23,Normal
2026-02-16 03:33:49.556396,Toronto-1a68,16,73,Normal
2026-02-16 03:33:50.556396,Toronto-1a68,13,7,Normal
2026-02-16 03:33:51.556396,Toronto-1a68,-16,69,Normal
2026-02-16 03:33:52.556396,Toronto-1a68,35,38,Normal
2026-02-16 03:33:53.556396,Toronto-1a68,-15,80,Normal
2026-02-16 03:33:54.556396,Toronto-1a68,-26,3,Normal
2026-02-16 03:33:55.556396,Toronto-1a68,39,72,Normal
2026-02-16 03:33:56.556396,Toronto-1a68,-22,94,Normal
2026-02-16 03:33:57.556396,Toronto-1a68,-25,67,Normal
2026-02-16 03:33:58.556396,Toronto-1a68,41,69,Normal
2026-02-16 03:33:59.556396,Toronto-1a68,48,60,Normal
2026-02-16 03:34:00.556396,Toronto-1a68,35,49,Normal
2026-02-16 03:34:01.556396,Toronto-1a68,1,57,Normal
2026-02-16 03:34:02.556396,Toronto-1a68,43,14,Normal
2026-02-16 03:34:03.556396,Toronto-1a68,36,84,Normal
2026-02-16 03:34:04.556396,Toronto-1a68,12,21,Normal
2026-02-16 03:34:05.556396,Toronto-1a68,-16,61,Normal
2026-02-16 03:34:06.556396,Toronto-1a68,42,43,Normal
2026-02-16 03:34:07.556396,Toronto-1a68,-26,78,Normal
2026-02-16 03:34:08.556396,Toronto-1a68,37,79,Normal
2026-02-16 03:34:09.556396,Toronto-1a68,-22,55,Normal
2026-02-16 03:34:10.556396,Toronto-1a68,7,21,Normal
2026-02-16 03:34:11.556396,Toronto-1a68,-17,98,Normal
2026-02-16 03:34:12.556396,Toronto-1a68,35,2,Normal
2026-02-16 03:34:13.556396,Toronto-1a68,37,47,Normal
2026-02-16 03:34:14.556396,Toronto-1a68,42,24,Normal
2026-02-16 03:34:15.556396,Toronto-1a68,9,70,Normal
2026-02-16 03:34:16.556396,Toronto-1a68,37,63,Normal
2026-02-16 03:34:17.556396,Toronto-1a68,-7,69,Normal
2026-02-16 03:34:18.556396,Toronto-1a68,30,55,Normal
2026-02-16 03:34:19.556396,Toronto-1a68,30,72,Normal
2026-02-16 03:34:20.556396,Toronto-1a68,-19,6,Normal
2026-02-16 03:34:21.556396,Toronto-1a68,47,0,Normal
2026-02-16 03:34:22.556396,Toronto-1a68,1,84,Normal
2026-02-16 03:34:23.556396,Toronto-1a68,5,86,Normal
2026-02-16 03:34:24.556396,Toronto-1a68,18,21,Normal
2026-02-16 03:34:25.556396,Toronto-1a68,-13,97,Normal
2026-02-16 03:34:26.556396,Toronto-1a68,14,34,Normal
2026-02-16 03:34:27.556396,Toronto-1a68,24,74,Normal
2026-02-16 03:34:28.556396,Toronto-1a68,45,41,Normal
2026-02-16 03:34:29.556396,Toronto-1a68,24,17,Normal
2026-02-16 03:34:30.556396,Toronto-1a68,-30,18,Normal
2026-02-16 03:34:31.556396,Toronto-1a68,14,18,Normal
2026-02-16 03:34:32.556396,Toronto-1a68,37,30,Normal
2026-02-16 03:34:33.556396,Toronto-1a68,25,67,Normal
2026-02-16 03:34:34.556396,Toronto-1a68,-16,4,Normal
2026-02-16 03:34:35.556396,Toronto-1a68,-9,30,Normal
2026-02-16 03:34:36.556396,Toronto-1a68,39,92,Normal
2026-02-16 03:34:37.556396,Toronto-1a68,7,83,Normal
2026-02-16 03:34:38.556396,Toronto-1a68,-18,43,Normal
2026-02-16 03:34:39.556396,Toronto-1a68,-3,94,Normal
2026-02-16 03:34:40.556396,Toronto-1a68,-5,47,Normal
2026-02-16 03:34:41.556396,Toronto-1a68,41,78,Normal
2026-02-16 03:34:42.556396,Toronto-1a68,25,23,Normal
2026-02-16 03:34:43.556396,Toronto-1a68,-18,2,Normal
2026-02-16 03:34:44.556396,Toronto-1a68,17,12,Normal
2026-02-16 03:34:45.556396,Toronto-1a68,-30,81,Normal
2026-02-16 03:34:46.556396,Toronto-1a68,39,96,Normal
2026-02-16 03:34:47.556396,Toronto-1a68,44,75,Normal
2026-02-16 03:34:48.556396,Toronto-1a68,41,46,Normal
2026-02-16 03:34:49.556396,Toronto-1a68,-27,29,Normal
2026-02-16 03:34:50.556396,Toronto-1a68,50,0,Normal
2026-02-16 03:34:51.556396,Toronto-1a68,-22,77,Normal
2026-02-16 03:34:52.556396,Toronto-1a68,41,64,Normal
2026-02-16 03:34:53.556396,Toronto-1a68,-30,0,Normal
2026-02-16 03:34:54.556396,Toronto-1a68,24,27,Normal
2026-02-16 03:34:55.556396,Toronto-1a68,7,98,Normal
2026-02-16 03:34:56.556396,Toronto-1a68,47,14,Normal
2026-02-16 03:34:57.556396,Toronto-1a68,18,64,Normal
2026-02-16 03:34:58.556396,Toronto-1a68,12,56,Normal
2026-02-16 03:34:59.556396,Toronto-1a68,0,35,Normal
2026-02-16 03:35:00.556396,Toronto-1a68,-25,7,Normal
2026-02-16 03:35:01.556396,Toronto-1a68,-29,74,Normal
2026-02-16 03:35:02.556396,Toronto-1a68,28,64,Normal
2026-02-16 03:35:03.556396,Toronto-1a68,35,4,Normal
2026-02-16 03:35:04.556396,Toronto-1a68,-21,75,Normal
2026-02-16 03:35:05.556396,Toronto-1a68,3,96,Normal
2026-02-16 03:35:06.556396,Toronto-1a68,44,55,Normal
2026-02-16 03:35:07.556396,Toronto-1a68,-28,54,Normal
2026-02-16 03:35:08.556396,Toronto-1a68,-3,89,Normal
2026-02-16 03:35:09.556396,Toronto-1a68,28,46,Normal
2026-02-16 03:35:10.556396,Toronto-1a68,-7,16,Normal
2026-02-16 03:35:11.556396,Toronto-1a68,39,38,Normal
2026-02-16 03:35:12.556396,Toronto-1a68,6,56,Normal
2026-02-16 03:35:13.556396,Toronto-1a68,41,17,Normal
2026-02-16 03:35:14.556396,Toronto-1a68,-30,21,Normal
2026-02-16 03:35:15.556396,Toronto-1a68,29,66,Normal
2026-02-16 03:35:16.556396,Toronto-1a68,-5,71,Normal
2026-02-16 03:35:17.556396,Toronto-1a68,-17,21,Normal
2026-02-16 03:35:18.556396,Toronto-1a68,32,65,Normal
2026-02-16 03:35:19.556396,Toronto-1a68,50,28,Normal
2026-02-16 03:35:20.556396,Toronto-1a68,-5,31,Normal
2026-02-16 03:35:21.556396,Toronto-1a68,5,64,Normal
2026-02-16 03:35:22.556396,Toronto-1a68,24,58,Normal
2026-02-16 03:35:23.556396,Toronto-1a68,23,11,Normal
2026-02-16 03:35:24.556396,Toronto-1a68,-9,86,Normal
2026-02-16 03:35:25.556396,Toronto-1a68,-26,20,Normal
2026-02-16 03:35:26.556396,Toronto-1a68,31,66,Normal
2026-02-16 03:35:27.556396,Toronto-1a68,-26,15,Normal
2026-02-16 03:35:28.556396,Toronto-1a68,-18,94,Normal
2026-02-16 03:35:29.556396,Toronto-1a68,29,10,Normal
2026-02-16 03:35:30.556396,Toronto-1a68,23,88,Normal
2026-02-16 03:35:31.556396,Toronto-1a68,45,93,Normal
2026-02-16 03:35:32.556396,Toronto-1a68,37,17,Normal
2026-02-16 03:35:33.556396,Toronto-1a68,5,94,Normal
2026-02-16 03:35:34.556396,Toronto-1a68,44,41,Normal
2026-02-16 03:35:35.556396,Toronto-1a68,15,26,Normal
2026-02-16 03:35:36.556396,Toronto-1a68,42,15,Normal
2026-02-16 03:35:37.556396,Toronto-1a68,16,21,Normal
2026-02-16 03:35:38.556396,Toronto-1a68,25,56,Normal
2026-02-16 03:35:39.556396,Toronto-1a68,-26,59,Normal
2026-02-16 03:35:40.556396,Toronto-1a68,20,68,Normal
2026-02-16 03:35:41.556396,Toronto-1a68,41,85,Normal
2026-02-16 03:35:42.556396,Toronto-1a68,45,85,Normal
2026-02-16 03:35:43.556396,Toronto-1a68,23,4,Normal
2026-02-16 03:35:44.556396,Toronto-1a68,-14,99,Normal
2026-02-16 03:35:45.556396,Toronto-1a68,9,52,Normal
2026-02-16 03:35:46.556396,Toronto-1a68,47,36,Normal
2026-02-16 03:35:47.556396,Toronto-1a68,6,0,Normal
2026-02-16 03:35:48.556396,Toronto-1a68,3,68,Normal
2026-02-16 03:35:49.556396,Toronto-1a68,-12,16,Normal
2026-02-16 03:35:50.556396,Toronto-1a68,50,26,Normal
2026-02-16 03:35:51.556396,Toronto-1a68,-30,90,Normal
2026-02-16 03:35:52.556396,Toronto-1a68,-19,66,Normal
2026-02-16 03:35:53.556396,Toronto-1a68,15,89,Normal
2026-02-16 03:35:54.556396,Toronto-1a68,30,74,Normal
2026-02-16 03:35:55.556396,Toronto-1a68,21,45,Normal
2026-02-16 03:35:56.556396,Toronto-1a68,31,40,Normal
2026-02-16 03:35:57.556396,Toronto-1a68,-3,49,Normal
2026-02-16 03:35:58.556396,Toronto-1a68,-11,12,Normal
2026-02-16 03:35:59.556396,Toronto-1a68,34,18,Normal
2026-02-16 03:36:00.556396,Toronto-1a68,10,51,Normal
2026-02-16 03:36:01.556396,Toronto-1a68,-15,8,Normal
2026-02-16 03:36:02.556396,Toronto-1a68,-26,62,Normal
2026-02-16 03:36:03.556396,Toronto-1a68,34,58,Normal
2026-02-16 03:36:04.556396,Toronto-1a68,-25,20,Normal
2026-02-16 03:36:05.556396,Toronto-1a68,-1,32,Normal
2026-02-16 03:36:06.556396,Toronto-1a68,-7,16,Normal
2026-02-16 03:36:07.556396,Toronto-1a68,-19,89,Normal
2026-02-16 03:36:08.556396,Toronto-1a68,22,68,Normal
2026-02-16 03:36:09.556396,Toronto-1a68,48,35,Normal
2026-02-16 03:36:10.556396,Toronto-1a68,-4,99,Normal
2026-02-16 03:36:11.556396,Toronto-1a68,28,40,Normal
2026-02-16 03:36:12.556396,Toronto-1a68,-29,78,Normal
2026-02-16 03:36:13.556396,Toronto-1a68,48,30,Normal
2026-02-16 03:36:14.556396,Toronto-1a68,15,61,Normal
2026-02-16 03:36:15.556396,Toronto-1a68,-30,96,Normal
2026-02-16 03:36:16.556396,Toronto-1a68,32,38,Normal
2026-02-16 03:36:17.556396,Toronto-1a68,-21,71,Normal
2026-02-16 03:36:18.556396,Toronto-1a68,40,11,Normal
2026-02-16 03:36:19.556396,Toronto-1a68,40,7,Normal
2026-02-16 03:36:20.556396,Toronto-1a68,-24,69,Normal
2026-02-16 03:36:21.556396,Toronto-1a68,-20,68,Normal
2026-02-16 03:36:22.556396,Toronto-1a68,20,59,Normal
2026-02-16 03:36:23.556396,Toronto-1a68,7,8,Normal
2026-02-16 03:36:24.556396,Toronto-1a68,49,67,Normal
2026-02-16 03:36:25.556396,Toronto-1a68,-2,58,Normal
2026-02-16 03:36:26.556396,Toronto-1a68,-2,71,Normal
2026-02-16 03:36:27.556396,Toronto-1a68,50,64,Normal
2026-02-16 03:36:28.556396,Toronto-1a68,-4,69,Normal
2026-02-16 03:36:29.556396,Toronto-1a68,35,98,Normal
2026-02-16 03:36:30.556396,Toronto-1a68,41,44,Normal
2026-02-16 03:36:31.556396,Toronto-1a68,-13,54,Normal
2026-02-16 03:36:32.556396,Toronto-1a68,20,80,Normal
2026-02-16 03:36:33.556396,Toronto-1a68,40,23,Normal
2026-02-16 03:36:34.556396,Toronto-1a68,10,30,Normal
2026-02-16 03:36:35.556396,Toronto-1a68,-18,74,Normal
2026-02-16 03:36:36.556396,Toronto-1a68,-6,42,Normal
2026-02-16 03:36:37.556396,Toronto-1a68,-3,6,Normal
2026-02-16 03:36:38.556396,Toronto-1a68,35,87,Normal
2026-02-16 03:36:39.556396,Toronto-1a68,32,17,Normal
2026-02-16 03:36:40.556396,Toronto-1a68,4,53,Normal
2026-02-16 03:36:41.556396,Toronto-1a68,-10,12,Normal
2026-02-16 03:36:42.556396,Toronto-1a68,-11,89,Normal
2026-02-16 03:36:43.556396,Toronto-1a68,-17,63,Normal
2026-02-16 03:36:44.556396,Toronto-1a68,4,44,Normal
2026-02-16 03:36:45.556396,Toronto-1a68,-25,82,Normal
2026-02-16 03:36:46.556396,Toronto-1a68,-17,45,Normal
2026-02-16 03:36:47.556396,Toronto-1a68,-28,5,Normal
2026-02-16 03:36:48.556396,Toronto-1a68,19,12,Normal
2026-02-16 03:36:49.556396,Toronto-1a68,43,17,Normal
2026-02-16 03:36:50.556396,Toronto-1a68,34,4,Normal
2026-02-16 03:36:51.556396,Toronto-1a68,15,76,Normal
2026-02-16 03:36:52.556396,Toronto-1a68,-8,63,Normal
2026-02-16 03:36:53.556396,Toronto-1a68,28,78,Normal
2026-02-16 03:36:54.556396,Toronto-1a68,-24,71,Normal
2026-02-16 03:36:55.556396,Toronto-1a68,-3,59,Normal
2026-02-16 03:36:56.556396,Toronto-1a68,4,22,Normal
2026-02-16 03:36:57.556396,Toronto-1a68,25,48,Normal
2026-02-16 03:36:58.556396,Toronto-1a68,35,29,Normal
2026-02-16 03:36:59.556396,Toronto-1a68,6,30,Normal
2026-02-16 03:37:00.556396,Toronto-1a68,27,25,Normal
2026-02-16 03:37:01.556396,Toronto-1a68,44,68,Normal
2026-02-16 03:37:02.556396,Toronto-1a68,7,36,Normal
2026-02-16 03:37:03.556396,Toronto-1a68,-22,88,Normal
2026-02-16 03:37:04.556396,Toronto-1a68,-21,31,Normal
2026-02-16 03:37:05.556396,Toronto-1a68,34,94,Normal
2026-02-16 03:37:06.556396,Toronto-1a68,29,49,Normal
2026-02-16 03:37:07.556396,Toronto-1a68,31,37,Normal
2026-02-16 03:37:08.556396,Toronto-1a68,-26,68,Normal
2026-02-16 03:37:09.556396,Toronto-1a68,31,18,Normal
2026-02-16 03:37:10.556396,Toronto-1a68,32,66,Normal
2026-02-16 03:37:11.556396,Toronto-1a68,46,4,Normal
2026-02-16 03:37:12.556396,Toronto-1a68,23,6,Normal
2026-02-16 03:37:13.556396,Toronto-1a68,-14,3,Normal
2026-02-16 03:37:14.556396,Toronto-1a68,24,75,Normal
2026-02-16 03:37:15.556396,Toronto-1a68,1,87,Normal
2026-02-16 03:37:16.556396,Toronto-1a68,-20,14,Normal
2026-02-16 03:37:17.556396,Toronto-1a68,31,97,Normal
2026-02-16 03:37:18.556396,Toronto-1a68,-19,8,Normal
2026-02-16 03:37:19.556396,Toronto-1a68,-3,32,Normal
2026-02-16 03:37:20.556396,Toronto-1a68,23,73,Normal
2026-02-16 03:37:21.556396,Toronto-1a68,-9,50,Normal
2026-02-16 03:37:22.556396,Toronto-1a68,20,41,Normal
2026-02-16 03:37:23.556396,Toronto-1a68,-29,41,Normal
2026-02-16 03:37:24.556396,Toronto-1a68,-15,36,Normal
2026-02-16 03:37:25.556396,Toronto-1a68,-11,64,Normal
2026-02-16 03:37:26.556396,Toronto-1a68,4,16,Normal
2026-02-16 03:37:27.556396,Toronto-1a68,-13,72,Normal
2026-02-16 03:37:28.556396,Toronto-1a68,4,36,Normal
2026-02-16 03:37:29.556396,Toronto-1a68,14,27,Normal
2026-02-16 03:37:30.556396,Toronto-1a68,-1,65,Normal
2026-02-16 03:37:31.556396,Toronto-1a68,50,60,Normal
2026-02-16 03:37:32.556396,Toronto-1a68,24,100,Normal
2026-02-16 03:37:33.556396,Toronto-1a68,5,55,Normal
2026-02-16 03:37:34.556396,Toronto-1a68,45,39,Normal
2026-02-16 03:37:35.556396,Toronto-1a68,7,58,Normal
2026-02-16 03:37:36.556396,Toronto-1a68,42,13,Normal
2026-02-16 03:37:37.556396,Toronto-1a68,25,64,Normal
2026-02-16 03:37:38.556396,Toronto-1a68,-21,0,Normal
2026-02-16 03:37:39.556396,Toronto-1a68,-30,24,Normal
2026-02-16 03:37:40.556396,Toronto-1a68,-1,95,Normal
2026-02-16 03:37:41.556396,Toronto-1a68,34,77,Normal
2026-02-16 03:37:42.556396,Toronto-1a68,22,29,Normal
2026-02-16 03:37:43.556396,Toronto-1a68,34,86,Normal
2026-02-16 03:37:44.556396,Toronto-1a68,33,40,Normal
2026-02-16 03:37:45.556396,Toronto-1a68,11,22,Normal
2026-02-16 03:37:46.556396,Toronto-1a68,-6,90,Normal
2026-02-16 03:37:47.556396,Toronto-1a68,14,60,Normal
2026-02-16 03:37:48.556396,Toronto-1a68,-5,53,Normal
2026-02-16 03:37:49.556396,Toronto-1a68,37,2,Normal
2026-02-16 03:37:50.556396,Toronto-1a68,8,78,Normal
2026-02-16 03:37:51.556396,Toronto-1a68,47,10,Normal
2026-02-16 03:37:52.556396,Toronto-1a68,5,53,Normal
2026-02-16 03:37:53.556396,Toronto-1a68,31,91,Normal
2026-02-16 03:37:54.556396,Toronto-1a68,46,0,Normal
2026-02-16 03:37:55.556396,Toronto-1a68,33,66,Normal
2026-02-16 03:37:56.556396,Toronto-1a68,1,50,Normal
2026-02-16 03:37:57.556396,Toronto-1a68,29,14,Normal
2026-02-16 03:37:58.556396,Toronto-1a68,-18,0,Normal
2026-02-16 03:37:59.556396,Toronto-1a68,10,1,Normal
2026-02-16 03:38:00.556396,Toronto-1a68,37,13,Normal
2026-02-16 03:38:01.556396,Toronto-1a68,-5,30,Normal
2026-02-16 03:38:02.556396,Toronto-1a68,50,17,Normal
2026-02-16 03:38:03.556396,Toronto-1a68,32,48,Normal
2026-02-16 03:38:04.556396,Toronto-1a68,-18,28,Normal
2026-02-16 03:38:05.556396,Toronto-1a68,13,6,Normal
2026-02-16 03:38:06.556396,Toronto-1a68,29,18,Normal
2026-02-16 03:38:07.556396,Toronto-1a68,20,49,Normal
2026-02-16 03:38:08.556396,Toronto-1a68,41,75,Normal
2026-02-16 03:38:09.556396,Toronto-1a68,-1,91,Normal
2026-02-16 03:38:10.556396,Toronto-1a68,40,75,Normal
2026-02-16 03:38:11.556396,Toronto-1a68,-17,79,Normal
2026-02-16 03:38:12.556396,Toronto-1a68,43,65,Normal
2026-02-16 03:38:13.556396,Toronto-1a68,19,66,Normal
2026-02-16 03:38:14.556396,Toronto-1a68,-27,8,Normal
2026-02-16 03:38:15.556396,Toronto-1a68,-28,16,Normal
2026-02-16 03:38:16.556396,Toronto-1a68,47,73,Normal
2026-02-16 03:38:17.556396,Toronto-1a68,15,4,Normal
2026-02-16 03:38:18.556396,Toronto-1a68,1,55,Normal
2026-02-16 03:38:19.556396,Toronto-1a68,32,97,Normal
2026-02-16 03:38:20.556396,Toronto-1a68,-28,9,Normal
2026-02-16 03:38:21.556396,Toronto-1a68,47,70,Normal
2026-02-16 03:38:22.556396,Toronto-1a68,-25,97,Normal
2026-02-16 03:38:23.556396,Toronto-1a68,5,33,Normal
2026-02-16 03:38:24.556396,Toronto-1a68,-8,81,Normal
2026-02-16 03:38:25.556396,Toronto-1a68,29,10,Normal
2026-02-16 03:38:26.556396,Toronto-1a68,12,67,Normal
2026-02-16 03:38:27.556396,Toronto-1a68,6,3,Normal
2026-02-16 03:38:28.556396,Toronto-1a68,48,44,Normal
2026-02-16 03:38:29.556396,Toronto-1a68,10,81,Normal
2026-02-16 03:38:30.556396,Toronto-1a68,-16,18,Normal
2026-02-16 03:38:31.556396,Toronto-1a68,-1,28,Normal
2026-02-16 03:38:32.556396,Toronto-1a68,21,79,Normal
2026-02-16 03:38:33.556396,Toronto-1a68,38,53,Normal
2026-02-16 03:38:34.556396,Toronto-1a68,-5,70,Normal
2026-02-16 03:38:35.556396,Toronto-1a68,11,92,Normal
2026-02-16 03:38:36.556396,Toronto-1a68,-11,76,Normal
2026-02-16 03:38:37.556396,Toronto-1a68,-15,31,Normal
2026-02-16 03:38:38.556396,Toronto-1a68,-27,89,Normal
2026-02-16 03:38:39.556396,Toronto-1a68,40,27,Normal
2026-02-16 03:38:40.556396,Toronto-1a68,-28,96,Normal
2026-02-16 03:38:41.556396,Toronto-1a68,2,61,Normal
2026-02-16 03:38:42.556396,Toronto-1a68,37,64,Normal
2026-02-16 03:38:43.556396,Toronto-1a68,-27,55,Normal
2026-02-16 03:38:44.556396,Toronto-1a68,-30,82,Normal
2026-02-16 03:38:45.556396,Toronto-1a68,1,91,Normal
2026-02-16 03:38:46.556396,Toronto-1a68,-26,92,Normal
2026-02-16 03:38:47.556396,Toronto-1a68,44,12,Normal
2026-02-16 03:38:48.556396,Toronto-1a68,25,35,Normal
2026-02-16 03:38:49.556396,Toronto-1a68,-3,0,Normal
2026-02-16 03:38:50.556396,Toronto-1a68,49,5,Normal
2026-02-16 03:38:51.556396,Toronto-1a68,-5,33,Normal
2026-02-16 03:38:52.556396,Toronto-1a68,-11,92,Normal
2026-02-16 03:38:53.556396,Toronto-1a68,-13,73,Normal
2026-02-16 03:38:54.556396,Toronto-1a68,24,39,Normal
2026-02-16 03:38:55.556396,Toronto-1a68,8,19,Normal
2026-02-16 03:38:56.556396,Toronto-1a68,23,100,Normal
2026-02-16 03:38:57.556396,Toronto-1a68,35,21,Normal
2026-02-16 03:38:58.556396,Toronto-1a68,25,87,Normal
2026-02-16 03:38:59.556396,Toronto-1a68,-28,83,Normal
2026-02-16 03:39:00.556396,Toronto-1a68,-7,1,Normal
2026-02-16 03:39:01.556396,Toronto-1a68,49,85,Normal
2026-02-16 03:39:02.556396,Toronto-1a68,-4,96,Normal
2026-02-16 03:39:03.556396,Toronto-1a68,38,77,Normal
2026-02-16 03:39:04.556396,Toronto-1a68,-30,65,Normal
2026-02-16 03:39:05.556396,Toronto-1a68,48,40,Normal
2026-02-16 03:39:06.556396,Toronto-1a68,8,59,Normal
2026-02-16 03:39:07.556396,Toronto-1a68,43,19,Normal
2026-02-16 03:39:08.556396,Toronto-1a68,5,93,Normal
2026-02-16 03:39:09.556396,Toronto-1a68,35,35,Normal
2026-02-16 03:39:10.556396,Toronto-1a68,-23,55,Normal
2026-02-16 03:39:11.556396,Toronto-1a68,-10,100,Normal
2026-02-16 03:39:12.556396,Toronto-1a68,-29,79,Normal
2026-02-16 03:39:13.556396,Toronto-1a68,45,73,Normal
2026-02-16 03:39:14.556396,Toronto-1a68,48,75,Normal
2026-02-16 03:39:15.556396,Toronto-1a68,30,48,Normal
2026-02-16 03:39:16.556396,Toronto-1a68,0,38,Normal
2026-02-16 03:39:17.556396,Toronto-1a68,-26,88,Normal
2026-02-16 03:39:18.556396,Toronto-1a68,-3,58,Normal
2026-02-16 03:39:19.556396,Toronto-1a68,-27,94,Normal
2026-02-16 03:39:20.556396,Toronto-1a68,-7,23,Normal
2026-02-16 03:39:21.556396,Toronto-1a68,-5,85,Normal
2026-02-16 03:39:22.556396,Toronto-1a68,35,3,Normal
2026-02-16 03:39:23.556396,Toronto-1a68,-3,53,Normal
2026-02-16 03:39:24.556396,Toronto-1a68,-13,94,Normal
2026-02-16 03:39:25.556396,Toronto-1a68,-20,84,Normal
2026-02-16 03:39:26.556396,Toronto-1a68,47,73,Normal
2026-02-16 03:39:27.556396,Toronto-1a68,40,0,Normal
2026-02-16 03:39:28.556396,Toronto-1a68,50,80,Normal
2026-02-16 03:39:29.556396,Toronto-1a68,-29,61,Normal
2026-02-16 03:39:30.556396,Toronto-1a68,1,78,Normal
2026-02-16 03:39:31.556396,Toronto-1a68,15,19,Normal
2026-02-16 03:39:32.556396,Toronto-1a68,19,54,Normal
2026-02-16 03:39:33.556396,Toronto-1a68,41,73,Normal
2026-02-16 03:39:34.556396,Toronto-1a68,-29,65,Normal
2026-02-16 03:39:35.556396,Toronto-1a68,-13,8,Normal
2026-02-16 03:39:36.556396,Toronto-1a68,34,64,Normal
2026-02-16 03:39:37.556396,Toronto-1a68,13,5,Normal
2026-02-16 03:39:38.556396,Toronto-1a68,1,3,Normal
2026-02-16 03:39:39.556396,Toronto-1a68,42,78,Normal
2026-02-16 03:39:40.556396,Toronto-1a68,36,3,Normal
2026-02-16 03:39:41.556396,Toronto-1a68,-8,5,Normal
2026-02-16 03:39:42.556396,Toronto-1a68,11,76,Normal
2026-02-16 03:39:43.556396,Toronto-1a68,11,26,Normal
2026-02-16 03:39:44.556396,Toronto-1a68,16,59,Normal
2026-02-16 03:39:45.556396,Toronto-1a68,39,13,Normal
2026-02-16 03:39:46.556396,Toronto-1a68,10,46,Normal
2026-02-16 03:39:47.556396,Toronto-1a68,-22,26,Normal
2026-02-16 03:39:48.556396,Toronto-1a68,-15,91,Normal
2026-02-16 03:39:49.556396,Toronto-1a68,17,18,Normal
2026-02-16 03:39:50.556396,Toronto-1a68,45,36,Normal
2026-02-16 03:39:51.556396,Toronto-1a68,11,2,Normal
2026-02-16 03:39:52.556396,Toronto-1a68,36,83,Normal
2026-02-16 03:39:53.556396,Toronto-1a68,-21,97,Normal
2026-02-16 03:39:54.556396,Toronto-1a68,-3,30,Normal
2026-02-16 03:39:55.556396,Toronto-1a68,-19,74,Normal
2026-02-16 03:39:56.556396,Toronto-1a68,26,64,Normal
2026-02-16 03:39:57.556396,Toronto-1a68,-18,92,Normal
2026-02-16 03:39:58.556396,Toronto-1a68,6,65,Normal
2026-02-16 03:39:59.556396,Toronto-1a68,19,77,Normal
2026-02-16 03:40:00.556396,Toronto-1a68,14,92,Normal
2026-02-16 03:40:01.556396,Toronto-1a68,5,21,Normal
2026-02-16 03:40:02.556396,Toronto-1a68,44,60,Normal
2026-02-16 03:40:03.556396,Toronto-1a68,20,21,Normal
2026-02-16 03:40:04.556396,Toronto-1a68,5,10,Normal
2026-02-16 03:40:05.556396,Toronto-1a68,43,37,Normal
2026-02-16 03:40:06.556396,Toronto-1a68,-17,93,Normal
2026-02-16 03:40:07.556396,Toronto-1a68,37,50,Normal
2026-02-16 03:40:08.556396,Toronto-1a68,6,72,Normal
2026-02-16 03:40:09.556396,Toronto-1a68,-11,0,Normal
2026-02-16 03:40:10.556396,Toronto-1a68,-21,28,Normal
2026-02-16 03:40:11.556396,Toronto-1a68,9,11,Normal
2026-02-16 03:40:12.556396,Toronto-1a68,34,63,Normal
2026-02-16 03:40:13.556396,Toronto-1a68,48,9,Normal
2026-02-16 03:40:14.556396,Toronto-1a68,2,72,Normal
2026-02-16 03:40:15.556396,Toronto-1a68,10,49,Normal
2026-02-16 03:40:16.556396,Toronto-1a68,-3,94,Normal
2026-02-16 03:40:17.556396,Toronto-1a68,43,72,Normal
2026-02-16 03:40:18.556396,Toronto-1a68,24,98,Normal
2026-02-16 03:40:19.556396,Toronto-1a68,5,65,Normal
2026-02-16 03:40:20.556396,Toronto-1a68,37,41,Normal
2026-02-16 03:40:21.556396,Toronto-1a68,37,50,Normal
2026-02-16 03:40:22.556396,Toronto-1a68,5,44,Normal
2026-02-16 03:40:23.556396,Toronto-1a68,45,68,Normal
2026-02-16 03:40:24.556396,Toronto-1a68,44,69,Normal
2026-02-16 03:40:25.556396,Toronto-1a68,-17,41,Normal
2026-02-16 03:40:26.556396,Toronto-1a68,-30,93,Normal
2026-02-16 03:40:27.556396,Toronto-1a68,4,46,Normal
2026-02-16 03:40:28.556396,Toronto-1a68,47,18,Normal
2026-02-16 03:40:29.556396,Toronto-1a68,-10,74,Normal
2026-02-16 03:40:30.556396,Toronto-1a68,31,81,Normal
2026-02-16 03:40:31.556396,Toronto-1a68,20,35,Normal
2026-02-16 03:40:32.556396,Toronto-1a68,-29,2,Normal
2026-02-16 03:40:33.556396,Toronto-1a68,-27,87,Normal
2026-02-16 03:40:34.556396,Toronto-1a68,-1,99,Normal
2026-02-16 03:40:35.556396,Toronto-1a68,10,4,Normal
2026-02-16 03:40:36.556396,Toronto-1a68,19,30,Normal
2026-02-16 03:40:37.556396,Toronto-1a68,29,58,Normal
2026-02-16 03:40:38.556396,Toronto-1a68,24,8,Normal
2026-02-16 03:40:39.556396,Toronto-1a68,-7,37,Normal
2026-02-16 03:40:40.556396,Toronto-1a68,22,57,Normal
2026-02-16 03:40:41.556396,Toronto-1a68,-23,13,Normal
2026-02-16 03:40:42.556396,Toronto-1a68,-1,77,Normal
2026-02-16 03:40:43.556396,Toronto-1a68,-5,44,Normal
2026-02-16 03:40:44.556396,Toronto-1a68,29,32,Normal
2026-02-16 03:40:45.556396,Toronto-1a68,30,89,Normal
2026-02-16 03:40:46.556396,Toronto-1a68,-15,64,Normal
2026-02-16 03:40:47.556396,Toronto-1a68,48,67,Normal
2026-02-16 03:40:48.556396,Toronto-1a68,47,62,Normal
2026-02-16 03:40:49.556396,Toronto-1a68,49,43,Normal
2026-02-16 03:40:50.556396,Toronto-1a68,34,78,Normal
2026-02-16 03:40:51.556396,Toronto-1a68,-18,96,Normal
2026-02-16 03:40:52.556396,Toronto-1a68,-10,38,Normal
2026-02-16 03:40:53.556396,Toronto-1a68,43,33,Normal
2026-02-16 03:40:54.556396,Toronto-1a68,29,69,Normal
2026-02-16 03:40:55.556396,Toronto-1a68,-4,51,Normal
2026-02-16 03:40:56.556396,Toronto-1a68,34,3,Normal
2026-02-16 03:40:57.556396,Toronto-1a68,-20,33,Normal
2026-02-16 03:40:58.556396,Toronto-1a68,-14,98,Normal
2026-02-16 03:40:59.556396,Toronto-1a68,-26,94,Normal
2026-02-16 03:41:00.556396,Toronto-1a68,-5,49,Normal
2026-02-16 03:41:01.556396,Toronto-1a68,-2,90,Normal
2026-02-16 03:41:02.556396,Toronto-1a68,27,56,Normal
2026-02-16 03:41:03.556396,Toronto-1a68,-30,46,Normal
2026-02-16 03:41:04.556396,Toronto-1a68,-7,95,Normal
2026-02-16 03:41:05.556396,Toronto-1a68,4,53,Normal
2026-02-16 03:41:06.556396,Toronto-1a68,-23,60,Normal
2026-02-16 03:41:07.556396,Toronto-1a68,-5,30,Normal
2026-02-16 03:41:08.556396,Toronto-1a68,6,39,Normal
2026-02-16 03:41:09.556396,Toronto-1a68,-4,16,Normal
2026-02-16 03:41:10.556396,Toronto-1a68,47,6,Normal
2026-02-16 03:41:11.556396,Toronto-1a68,7,37,Normal
2026-02-16 03:41:12.556396,Toronto-1a68,44,61,Normal
2026-02-16 03:41:13.556396,Toronto-1a68,8,46,Normal
2026-02-16 03:41:14.556396,Toronto-1a68,41,72,Normal
2026-02-16 03:41:15.556396,Toronto-1a68,17,98,Normal
2026-02-16 03:41:16.556396,Toronto-1a68,5,81,Normal
2026-02-16 03:41:17.556396,Toronto-1a68,-29,57,Normal
2026-02-16 03:41:18.556396,Toronto-1a68,5,64,Normal
2026-02-16 03:41:19.556396,Toronto-1a68,-30,38,Normal
2026-02-16 03:41:20.556396,Toronto-1a68,-24,25,Normal
2026-02-16 03:41:21.556396,Toronto-1a68,-6,2,Normal
2026-02-16 03:41:22.556396,Toronto-1a68,23,1,Normal
2026-02-16 03:41:23.556396,Toronto-1a68,35,69,Normal
2026-02-16 03:41:24.556396,Toronto-1a68,50,67,Normal
2026-02-16 03:41:25.556396,Toronto-1a68,29,93,Normal
2026-02-16 03:41:26.556396,Toronto-1a68,-22,83,Normal
2026-02-16 03:41:27.556396,Toronto-1a68,32,36,Normal
2026-02-16 03:41:28.556396,Toronto-1a68,47,5,Normal
2026-02-16 03:41:29.556396,Toronto-1a68,-4,72,Normal
2026-02-16 03:41:30.556396,Toronto-1a68,44,8,Normal
2026-02-16 03:41:31.556396,Toronto-1a68,14,74,Normal
2026-02-16 03:41:32.556396,Toronto-1a68,39,69,Normal
2026-02-16 03:41:33.556396,Toronto-1a68,15,45,Normal
2026-02-16 03:41:34.556396,Toronto-1a68,28,93,Normal
2026-02-16 03:41:35.556396,Toronto-1a68,48,29,Normal
2026-02-16 03:41:36.556396,Toronto-1a68,-2,26,Normal
2026-02-16 03:41:37.556396,Toronto-1a68,-9,97,Normal
2026-02-16 03:41:38.556396,Toronto-1a68,-24,60,Normal
2026-02-16 03:41:39.556396,Toronto-1a68,1,19,Normal
2026-02-16 03:41:40.556396,Toronto-1a68,-16,84,Normal
2026-02-16 03:41:41.556396,Toronto-1a68,20,78,Normal
2026-02-16 03:41:42.556396,Toronto-1a68,36,76,Normal
2026-02-16 03:41:43.556396,Toronto-1a68,-7,89,Normal
2026-02-16 03:41:44.556396,Toronto-1a68,33,41,Normal
2026-02-16 03:41:45.556396,Toronto-1a68,47,16,Normal
2026-02-16 03:41:46.556396,Toronto-1a68,-8,7,Normal
2026-02-16 03:41:47.556396,Toronto-1a68,39,40,Normal
2026-02-16 03:41:48.556396,Toronto-1a68,-21,44,Normal
2026-02-16 03:41:49.556396,Toronto-1a68,-13,84,Normal
2026-02-16 03:41:50.556396,Toronto-1a68,-8,32,Normal
2026-02-16 03:41:51.556396,Toronto-1a68,45,93,Normal
2026-02-16 03:41:52.556396,Toronto-1a68,19,43,Normal
2026-02-16 03:41:53.556396,Toronto-1a68,31,63,Normal
2026-02-16 03:41:54.556396,Toronto-1a68,28,100,Normal
2026-02-16 03:41:55.556396,Toronto-1a68,29,39,Normal
2026-02-16 03:41:56.556396,Toronto-1a68,33,58,Normal
2026-02-16 03:41:57.556396,Toronto-1a68,3,43,Normal
2026-02-16 03:41:58.556396,Toronto-1a68,45,92,Normal
2026-02-16 03:41:59.556396,Toronto-1a68,-22,4,Normal
2026-02-16 03:42:00.556396,Toronto-1a68,-30,94,Normal
2026-02-16 03:42:01.556396,Toronto-1a68,-9,91,Normal
2026-02-16 03:42:02.556396,Toronto-1a68,40,40,Normal
2026-02-16 03:42:03.556396,Toronto-1a68,28,53,Normal
2026-02-16 03:42:04.556396,Toronto-1a68,-16,35,Normal
2026-02-16 03:42:05.556396,Toronto-1a68,-4,15,Normal
2026-02-16 03:42:06.556396,Toronto-1a68,10,70,Normal
2026-02-16 03:42:07.556396,Toronto-1a68,36,83,Normal
2026-02-16 03:42:08.556396,Toronto-1a68,2,21,Normal
2026-02-16 03:42:09.556396,Toronto-1a68,-25,1,Normal
2026-02-16 03:42:10.556396,Toronto-1a68,32,68,Normal
2026-02-16 03:42:11.556396,Toronto-1a68,45,36,Normal
2026-02-16 03:42:12.556396,Toronto-1a68,47,79,Normal
2026-02-16 03:42:13.556396,Toronto-1a68,-16,45,Normal
2026-02-16 03:42:14.556396,Toronto-1a68,41,0,Normal
2026-02-16 03:42:15.556396,Toronto-1a68,22,91,Normal
2026-02-16 03:42:16.556396,Toronto-1a68,-30,12,Normal
2026-02-16 03:42:17.556396,Toronto-1a68,-9,24,Normal
2026-02-16 03:42:18.556396,Toronto-1a68,2,9,Normal
2026-02-16 03:42:19.556396,Toronto-1a68,46,13,Normal
2026-02-16 03:42:20.556396,Toronto-1a68,13,18,Normal
2026-02-16 03:42:21.556396,Toronto-1a68,-1,98,Normal
2026-02-16 03:42:22.556396,Toronto-1a68,-22,90,Normal
2026-02-16 03:42:23.556396,Toronto-1a68,27,13,Normal
2026-02-16 03:42:24.556396,Toronto-1a68,-22,2,Normal
2026-02-16 03:42:25.556396,Toronto-1a68,-17,63,Normal
2026-02-16 03:42:26.556396,Toronto-1a68,49,93,Normal
2026-02-16 03:42:27.556396,Toronto-1a68,-12,78,Normal
2026-02-16 03:42:28.556396,Toronto-1a68,-13,72,Normal
2026-02-16 03:42:29.556396,Toronto-1a68,12,5,Normal
2026-02-16 03:42:30.556396,Toronto-1a68,32,94,Normal
2026-02-16 03:42:31.556396,Toronto-1a68,-5,20,Normal
2026-02-16 03:42:32.556396,Toronto-1a68,32,24,Normal
2026-02-16 03:42:33.556396,Toronto-1a68,-26,40,Normal
2026-02-16 03:42:34.556396,Toronto-1a68,32,9,Normal
2026-02-16 03:42:35.556396,Toronto-1a68,-2,78,Normal
2026-02-16 03:42:36.556396,Toronto-1a68,6,17,Normal
2026-02-16 03:42:37.556396,Toronto-1a68,11,23,Normal
2026-02-16 03:42:38.556396,Toronto-1a68,-2,30,Normal
2026-02-16 03:42:39.556396,Toronto-1a68,32,94,Normal
2026-02-16 03:42:40.556396,Toronto-1a68,19,83,Normal
2026-02-16 03:42:41.556396,Toronto-1a68,-29,89,Normal
2026-02-16 03:42:42.556396,Toronto-1a68,-12,91,Normal
2026-02-16 03:42:43.556396,Toronto-1a68,47,16,Normal
2026-02-16 03:42:44.556396,Toronto-1a68,5,10,Normal
2026-02-16 03:42:45.556396,Toronto-1a68,48,45,Normal
2026-02-16 03:42:46.556396,Toronto-1a68,-16,34,Normal
2026-02-16 03:42:47.556396,Toronto-1a68,-16,53,Normal
2026-02-16 03:42:48.556396,Toronto-1a68,-15,50,Normal
2026-02-16 03:42:49.556396,Toronto-1a68,-11,60,Normal
2026-02-16 03:42:50.556396,Toronto-1a68,3,59,Normal
2026-02-16 03:42:51.556396,Toronto-1a68,43,52,Normal
2026-02-16 03:42:52.556396,Toronto-1a68,37,33,Normal
2026-02-16 03:42:53.556396,Toronto-1a68,-28,1,Normal
2026-02-16 03:42:54.556396,Toronto-1a68,13,96,Normal
2026-02-16 03:42:55.556396,Toronto-1a68,-15,57,Normal
2026-02-16 03:42:56.556396,Toronto-1a68,23,58,Normal
2026-02-16 03:42:57.556396,Toronto-1a68,19,66,Normal
2026-02-16 03:42:58.556396,Toronto-1a68,34,35,Normal
2026-02-16 03:42:59.556396,Toronto-1a68,46,5,Normal
2026-02-16 03:43:00.556396,Toronto-1a68,5,63,Normal
2026-02-16 03:43:01.556396,Toronto-1a68,26,81,Normal
2026-02-16 03:43:02.556396,Toronto-1a68,27,94,Normal
2026-02-16 03:43:03.556396,Toronto-1a68,21,41,Normal
2026-02-16 03:43:04.556396,Toronto-1a68,15,54,Normal
2026-02-16 03:43:05.556396,Toronto-1a68,20,51,Normal
2026-02-16 03:43:06.556396,Toronto-1a68,48,91,Normal
2026-02-16 03:43:07.556396,Toronto-1a68,26,13,Normal
2026-02-16 03:43:08.556396,Toronto-1a68,13,15,Normal
2026-02-16 03:43:09.556396,Toronto-1a68,42,38,Normal
2026-02-16 03:43:10.556396,Toronto-1a68,40,97,Normal
2026-02-16 03:43:11.556396,Toronto-1a68,40,31,Normal
2026-02-16 03:43:12.556396,Toronto-1a68,-15,46,Normal
2026-02-16 03:43:13.556396,Toronto-1a68,49,1,Normal
2026-02-16 03:43:14.556396,Toronto-1a68,-24,92,Normal
2026-02-16 03:43:15.556396,Toronto-1a68,33,68,Normal
2026-02-16 03:43:16.556396,Toronto-1a68,42,86,Normal
2026-02-16 03:43:17.556396,Toronto-1a68,11,34,Normal
2026-02-16 03:43:18.556396,Toronto-1a68,11,71,Normal
2026-02-16 03:43:19.556396,Toronto-1a68,-18,95,Normal
2026-02-16 03:43:20.556396,Toronto-1a68,-17,94,Normal
2026-02-16 03:43:21.556396,Toronto-1a68,7,41,Normal
2026-02-16 03:43:22.556396,Toronto-1a68,-12,92,Normal
2026-02-16 03:43:23.556396,Toronto-1a68,25,86,Normal
2026-02-16 03:43:24.556396,Toronto-1a68,-24,7,Normal
2026-02-16 03:43:25.556396,Toronto-1a68,2,10,Normal
2026-02-16 03:43:26.556396,Toronto-1a68,-7,26,Normal
2026-02-16 03:43:27.556396,Toronto-1a68,-9,6,Normal
2026-02-16 03:43:28.556396,Toronto-1a68,-8,14,Normal
2026-02-16 03:43:29.556396,Toronto-1a68,-26,81,Normal
2026-02-16 03:43:30.556396,Toronto-1a68,22,0,Normal
2026-02-16 03:43:31.556396,Toronto-1a68,20,33,Normal
2026-02-16 03:43:32.556396,Toronto-1a68,9,37,Normal
2026-02-16 03:43:33.556396,Toronto-1a68,33,33,Normal
2026-02-16 03:43:34.556396,Toronto-1a68,29,17,Normal
2026-02-16 03:43:35.556396,Toronto-1a68,32,47,Normal
2026-02-16 03:43:36.556396,Toronto-1a68,-23,21,Normal
2026-02-16 03:43:37.556396,Toronto-1a68,46,97,Normal
2026-02-16 03:43:38.556396,Toronto-1a68,-20,39,Normal
2026-02-16 03:43:39.556396,Toronto-1a68,35,80,Normal
2026-02-16 03:43:40.556396,Toronto-1a68,48,4,Normal
2026-02-16 03:43:41.556396,Toronto-1a68,-30,98,Normal
2026-02-16 03:43:42.556396,Toronto-1a68,29,44,Normal
2026-02-16 03:43:43.556396,Toronto-1a68,45,61,Normal
2026-02-16 03:43:44.556396,Toronto-1a68,-16,58,Normal
2026-02-16 03:43:45.556396,Toronto-1a68,-17,37,Normal
2026-02-16 03:43:46.556396,Toronto-1a68,38,40,Normal
2026-02-16 03:43:47.556396,Toronto-1a68,34,2,Normal
2026-02-16 03:43:48.556396,Toronto-1a68,21,4,Normal
2026-02-16 03:43:49.556396,Toronto-1a68,24,64,Normal
2026-02-16 03:43:50.556396,Toronto-1a68,49,20,Normal
2026-02-16 03:43:51.556396,Toronto-1a68,-9,44,Normal
2026-02-16 03:43:52.556396,Toronto-1a68,-13,89,Normal
2026-02-16 03:43:53.556396,Toronto-1a68,44,93,Normal
2026-02-16 03:43:54.556396,Toronto-1a68,32,93,Normal
2026-02-16 03:43:55.556396,Toronto-1a68,43,20,Normal
2026-02-16 03:43:56.556396,Toronto-1a68,-19,98,Normal
2026-02-16 03:43:57.556396,Toronto-1a68,-28,87,Normal
2026-02-16 03:43:58.556396,Toronto-1a68,-27,61,Normal
2026-02-16 03:43:59.556396,Toronto-1a68,16,6,Normal
2026-02-16 03:44:00.556396,Toronto-1a68,38,74,Normal
2026-02-16 03:44:01.556396,Toronto-1a68,21,20,Normal
2026-02-16 03:44:02.556396,Toronto-1a68,45,12,Normal
2026-02-16 03:44:03.556396,Toronto-1a68,45,76,Normal
2026-02-16 03:44:04.556396,Toronto-1a68,-12,0,Normal
2026-02-16 03:44:05.556396,Toronto-1a68,-8,99,Normal
2026-02-16 03:44:06.556396,Toronto-1a68,-29,28,Normal
2026-02-16 03:44:07.556396,Toronto-1a68,37,16,Normal
2026-02-16 03:44:08.556396,Toronto-1a68,7,45,Normal
2026-02-16 03:44:09.556396,Toronto-1a68,-8,47,Normal
2026-02-16 03:44:10.556396,Toronto-1a68,19,57,Normal
2026-02-16 03:44:11.556396,Toronto-1a68,12,2,Normal
2026-02-16 03:44:12.556396,Toronto-1a68,-7,45,Normal
2026-02-16 03:44:13.556396,Toronto-1a68,1,55,Normal
2026-02-16 03:44:14.556396,Toronto-1a68,45,5,Normal
2026-02-16 03:44:15.556396,Toronto-1a68,-24,62,Normal
2026-02-16 03:44:16.556396,Toronto-1a68,27,53,Normal
2026-02-16 03:44:17.556396,Toronto-1a68,5,89,Normal
2026-02-16 03:44:18.556396,Toronto-1a68,-1,54,Normal
2026-02-16 03:44:19.556396,Toronto-1a68,-8,80,Normal
2026-02-16 03:44:20.556396,Toronto-1a68,11,39,Normal
2026-02-16 03:44:21.556396,Toronto-1a68,18,14,Normal
2026-02-16 03:44:22.556396,Toronto-1a68,18,59,Normal
2026-02-16 03:44:23.556396,Toronto-1a68,6,94,Normal
2026-02-16 03:44:24.556396,Toronto-1a68,22,66,Normal
2026-02-16 03:44:25.556396,Toronto-1a68,30,17,Normal
2026-02-16 03:44:26.556396,Toronto-1a68,29,47,Normal
2026-02-16 03:44:27.556396,Toronto-1a68,29,53,Normal
2026-02-16 03:44:28.556396,Toronto-1a68,16,54,Normal
2026-02-16 03:44:29.556396,Toronto-1a68,-15,41,Normal
2026-02-16 03:44:30.556396,Toronto-1a68,12,49,Normal
2026-02-16 03:44:31.556396,Toronto-1a68,-15,12,Normal
2026-02-16 03:44:32.556396,Toronto-1a68,48,20,Normal
2026-02-16 03:44:33.556396,Toronto-1a68,23,32,Normal
2026-02-16 03:44:34.556396,Toronto-1a68,-26,55,Normal
2026-02-16 03:44:35.556396,Toronto-1a68,-23,5,Normal
2026-02-16 03:44:36.556396,Toronto-1a68,40,68,Normal
2026-02-16 03:44:37.556396,Toronto-1a68,13,42,Normal
2026-02-16 03:44:38.556396,Toronto-1a68,21,8,Normal
2026-02-16 03:44:39.556396,Toronto-1a68,-16,9,Normal
2026-02-16 03:44:40.556396,Toronto-1a68,3,87,Normal
2026-02-16 03:44:41.556396,Toronto-1a68,50,22,Normal
2026-02-16 03:44:42.556396,Toronto-1a68,17,53,Normal
2026-02-16 03:44:43.556396,Toronto-1a68,39,71,Normal
2026-02-16 03:44:44.556396,Toronto-1a68,50,11,Normal
2026-02-16 03:44:45.556396,Toronto-1a68,26,57,Normal
2026-02-16 03:44:46.556396,Toronto-1a68,-21,52,Normal
2026-02-16 03:44:47.556396,Toronto-1a68,2,76,Normal
2026-02-16 03:44:48.556396,Toronto-1a68,15,45,Normal
2026-02-16 03:44:49.556396,Toronto-1a68,50,14,Normal
2026-02-16 03:44:50.556396,Toronto-1a68,-10,63,Normal
2026-02-16 03:44:51.556396,Toronto-1a68,40,26,Normal
2026-02-16 03:44:52.556396,Toronto-1a68,-26,63,Normal
2026-02-16 03:44:53.556396,Toronto-1a68,2,61,Normal
2026-02-16 03:44:54.556396,Toronto-1a68,-8,32,Normal
2026-02-16 03:44:55.556396,Toronto-1a68,39,14,Normal
2026-02-16 03:44:56.556396,Toronto-1a68,-25,43,Normal
2026-02-16 03:44:57.556396,Toronto-1a68,-30,0,Normal
2026-02-16 03:44:58.556396,Toronto-1a68,-17,47,Normal
2026-02-16 03:44:59.556396,Toronto-1a68,16,45,Normal
2026-02-16 03:45:00.556396,Toronto-1a68,-8,45,Normal
2026-02-16 03:45:01.556396,Toronto-1a68,36,34,Normal
2026-02-16 03:45:02.556396,Toronto-1a68,3,62,Normal
2026-02-16 03:45:03.556396,Toronto-1a68,-17,36,Normal
2026-02-16 03:45:04.556396,Toronto-1a68,5,40,Normal
2026-02-16 03:45:05.556396,Toronto-1a68,-26,61,Normal
2026-02-16 03:45:06.556396,Toronto-1a68,-11,89,Normal
2026-02-16 03:45:07.556396,Toronto-1a68,-15,34,Normal
2026-02-16 03:45:08.556396,Toronto-1a68,14,85,Normal
2026-02-16 03:45:09.556396,Toronto-1a68,12,37,Normal
2026-02-16 03:45:10.556396,Toronto-1a68,41,0,Normal
2026-02-16 03:45:11.556396,Toronto-1a68,3,84,Normal
2026-02-16 03:45:12.556396,Toronto-1a68,-21,82,Normal
2026-02-16 03:45:13.556396,Toronto-1a68,-8,48,Normal
2026-02-16 03:45:14.556396,Toronto-1a68,45,5,Normal
2026-02-16 03:45:15.556396,Toronto-1a68,-25,47,Normal
2026-02-16 03:45:16.556396,Toronto-1a68,0,96,Normal
2026-02-16 03:45:17.556396,Toronto-1a68,34,35,Normal
2026-02-16 03:45:18.556396,Toronto-1a68,18,55,Normal
2026-02-16 03:45:19.556396,Toronto-1a68,-19,34,Normal
2026-02-16 03:45:20.556396,Toronto-1a68,50,50,Normal
2026-02-16 03:45:21.556396,Toronto-1a68,12,52,Normal
2026-02-16 03:45:22.556396,Toronto-1a68,-27,42,Normal
2026-02-16 03:45:23.556396,Toronto-1a68,35,52,Normal
2026-02-16 03:45:24.556396,Toronto-1a68,50,65,Normal
2026-02-16 03:45:25.556396,Toronto-1a68,-7,28,Normal
2026-02-16 03:45:26.556396,Toronto-1a68,-7,19,Normal
2026-02-16 03:45:27.556396,Toronto-1a68,-11,61,Normal
2026-02-16 03:45:28.556396,Toronto-1a68,10,42,Normal
2026-02-16 03:45:29.556396,Toronto-1a68,41,27,Normal
2026-02-16 03:45:30.556396,Toronto-1a68,-23,65,Normal
2026-02-16 03:45:31.556396,Toronto-1a68,-10,18,Normal
2026-02-16 03:45:32.556396,Toronto-1a68,32,96,Normal
2026-02-16 03:45:33.556396,Toronto-1a68,-6,53,Normal
2026-02-16 03:45:34.556396,Toronto-1a68,-25,93,Normal
2026-02-16 03:45:35.556396,Toronto-1a68,-25,26,Normal
2026-02-16 03:45:36.556396,Toronto-1a68,-2,54,Normal
2026-02-16 03:45:37.556396,Toronto-1a68,-17,58,Normal
2026-02-16 03:45:38.556396,Toronto-1a68,-29,57,Normal
2026-02-16 03:45:39.556396,Toronto-1a68,-2,28,Normal
2026-02-16 03:45:40.556396,Toronto-1a68,-8,83,Normal
2026-02-16 03:45:41.556396,Toronto-1a68,-26,96,Normal
2026-02-16 03:45:42.556396,Toronto-1a68,-30,99,Normal
2026-02-16 03:45:43.556396,Toronto-1a68,-14,5,Normal
2026-02-16 03:45:44.556396,Toronto-1a68,43,39,Normal
2026-02-16 03:45:45.556396,Toronto-1a68,31,75,Normal
2026-02-16 03:45:46.556396,Toronto-1a68,-15,48,Normal
2026-02-16 03:45:47.556396,Toronto-1a68,26,75,Normal
2026-02-16 03:45:48.556396,Toronto-1a68,40,50,Normal
2026-02-16 03:45:49.556396,Toronto-1a68,-5,63,Normal
2026-02-16 03:45:50.556396,Toronto-1a68,17,16,Normal
2026-02-16 03:45:51.556396,Toronto-1a68,14,16,Normal
2026-02-16 03:45:52.556396,Toronto-1a68,-21,70,Normal
2026-02-16 03:45:53.556396,Toronto-1a68,38,39,Normal
2026-02-16 03:45:54.556396,Toronto-1a68,9,66,Normal
2026-02-16 03:45:55.556396,Toronto-1a68,2,85,Normal
2026-02-16 03:45:56.556396,Toronto-1a68,17,93,Normal
2026-02-16 03:45:57.556396,Toronto-1a68,-3,40,Normal
2026-02-16 03:45:58.556396,Toronto-1a68,38,18,Normal
2026-02-16 03:45:59.556396,Toronto-1a68,-27,37,Normal
2026-02-16 03:46:00.556396,Toronto-1a68,27,3,Normal
2026-02-16 03:46:01.556396,Toronto-1a68,17,75,Normal
2026-02-16 03:46:02.556396,Toronto-1a68,-10,1,Normal
2026-02-16 03:46:03.556396,Toronto-1a68,36,85,Normal
2026-02-16 03:46:04.556396,Toronto-1a68,6,70,Normal
2026-02-16 03:46:05.556396,Toronto-1a68,-3,3,Normal
2026-02-16 03:46:06.556396,Toronto-1a68,-6,42,Normal
2026-02-16 03:46:07.556396,Toronto-1a68,10,50,Normal
2026-02-16 03:46:08.556396,Toronto-1a68,1,6,Normal
2026-02-16 03:46:09.556396,Toronto-1a68,30,93,Normal
2026-02-16 03:46:10.556396,Toronto-1a68,48,29,Normal
2026-02-16 03:46:11.556396,Toronto-1a68,39,23,Normal
2026-02-16 03:46:12.556396,Toronto-1a68,42,44,Normal
2026-02-16 03:46:13.556396,Toronto-1a68,-12,8,Normal
2026-02-16 03:46:14.556396,Toronto-1a68,46,51,Normal
2026-02-16 03:46:15.556396,Toronto-1a68,-11,61,Normal
2026-02-16 03:46:16.556396,Toronto-1a68,-17,69,Normal
2026-02-16 03:46:17.556396,Toronto-1a68,30,21,Normal
2026-02-16 03:46:18.556396,Toronto-1a68,-30,23,Normal
2026-02-16 03:46:19.556396,Toronto-1a68,45,16,Normal
2026-02-16 03:46:20.556396,Toronto-1a68,19,53,Normal
2026-02-16 03:46:21.556396,Toronto-1a68,50,31,Normal
2026-02-16 03:46:22.556396,Toronto-1a68,22,71,Normal
2026-02-16 03:46:23.556396,Toronto-1a68,4,13,Normal
2026-02-16 03:46:24.556396,Toronto-1a68,-25,98,Normal
2026-02-16 03:46:25.556396,Toronto-1a68,-20,69,Normal
2026-02-16 03:46:26.556396,Toronto-1a68,39,44,Normal
2026-02-16 03:46:27.556396,Toronto-1a68,20,35,Normal
2026-02-16 03:46:28.556396,Toronto-1a68,10,37,Normal
2026-02-16 03:46:29.556396,Toronto-1a68,-26,22,Normal
2026-02-16 03:46:30.556396,Toronto-1a68,-12,90,Normal
2026-02-16 03:46:31.556396,Toronto-1a68,0,91,Normal
2026-02-16 03:46:32.556396,Toronto-1a68,36,65,Normal
2026-02-16 03:46:33.556396,Toronto-1a68,12,5,Normal
2026-02-16 03:46:34.556396,Toronto-1a68,19,79,Normal
2026-02-16 03:46:35.556396,Toronto-1a68,25,59,Normal
2026-02-16 03:46:36.556396,Toronto-1a68,8,57,Normal
2026-02-16 03:46:37.556396,Toronto-1a68,16,48,Normal
2026-02-16 03:46:38.556396,Toronto-1a68,42,52,Normal
2026-02-16 03:46:39.556396,Toronto-1a68,-11,52,Normal
2026-02-16 03:46:40.556396,Toronto-1a68,-24,14,Normal
2026-02-16 03:46:41.556396,Toronto-1a68,23,74,Normal
2026-02-16 03:46:42.556396,Toronto-1a68,-11,57,Normal
2026-02-16 03:46:43.556396,Toronto-1a68,7,94,Normal
2026-02-16 03:46:44.556396,Toronto-1a68,35,80,Normal
2026-02-16 03:46:45.556396,Toronto-1a68,-13,57,Normal
2026-02-16 03:46:46.556396,Toronto-1a68,15,30,Normal
2026-02-16 03:46:47.556396,Toronto-1a68,-1,37,Normal
2026-02-16 03:46:48.556396,Toronto-1a68,-29,27,Normal
2026-02-16 03:46:49.556396,Toronto-1a68,4,19,Normal
2026-02-16 03:46:50.556396,Toronto-1a68,-14,30,Normal
2026-02-16 03:46:51.556396,Toronto-1a68,-12,76,Normal
2026-02-16 03:46:52.556396,Toronto-1a68,3,72,Normal
2026-02-16 03:46:53.556396,Toronto-1a68,0,5,Normal
2026-02-16 03:46:54.556396,Toronto-1a68,-5,49,Normal
2026-02-16 03:46:55.556396,Toronto-1a68,11,72,Normal
2026-02-16 03:46:56.556396,Toronto-1a68,34,87,Normal
2026-02-16 03:46:57.556396,Toronto-1a68,-7,60,Normal
2026-02-16 03:46:58.556396,Toronto-1a68,-24,58,Normal
2026-02-16 03:46:59.556396,Toronto-1a68,-1,70,Normal
2026-02-16 03:47:00.556396,Toronto-1a68,-7,15,Normal
2026-02-16 03:47:01.556396,Toronto-1a68,19,64,Normal
2026-02-16 03:47:02.556396,Toronto-1a68,-7,46,Normal
2026-02-16 03:47:03.556396,Toronto-1a68,8,47,Normal
2026-02-16 03:47:04.556396,Toronto-1a68,-21,58,Normal
2026-02-16 03:47:05.556396,Toronto-1a68,33,62,Normal
2026-02-16 03:47:06.556396,Toronto-1a68,-2,29,Normal
2026-02-16 03:47:07.556396,Toronto-1a68,9,14,Normal
2026-02-16 03:47:08.556396,Toronto-1a68,4,88,Normal
2026-02-16 03:47:09.556396,Toronto-1a68,47,83,Normal
2026-02-16 03:47:10.556396,Toronto-1a68,18,60,Normal
2026-02-16 03:47:11.556396,Toronto-1a68,37,38,Normal
2026-02-16 03:47:12.556396,Toronto-1a68,-28,6,Normal
2026-02-16 03:47:13.556396,Toronto-1a68,29,83,Normal
2026-02-16 03:47:14.556396,Toronto-1a68,-5,88,Normal
2026-02-16 03:47:15.556396,Toronto-1a68,2,6,Normal
2026-02-16 03:47:16.556396,Toronto-1a68,44,68,Normal
2026-02-16 03:47:17.556396,Toronto-1a68,11,59,Normal
2026-02-16 03:47:18.556396,Toronto-1a68,-12,33,Normal
2026-02-16 03:47:19.556396,Toronto-1a68,10,8,Normal
2026-02-16 03:47:20.556396,Toronto-1a68,-7,68,Normal
2026-02-16 03:47:21.556396,Toronto-1a68,-2,73,Normal
2026-02-16 03:47:22.556396,Toronto-1a68,50,42,Normal
2026-02-16 03:47:23.556396,Toronto-1a68,26,46,Normal
2026-02-16 03:47:24.556396,Toronto-1a68,-1,5,Normal
2026-02-16 03:47:25.556396,Toronto-1a68,-29,25,Normal
2026-02-16 03:47:26.556396,Toronto-1a68,20,99,Normal
2026-02-16 03:47:27.556396,Toronto-1a68,30,50,Normal
2026-02-16 03:47:28.556396,Toronto-1a68,6,53,Normal
2026-02-16 03:47:29.556396,Toronto-1a68,-18,90,Normal
2026-02-16 03:47:30.556396,Toronto-1a68,-20,83,Normal
2026-02-16 03:47:31.556396,Toronto-1a68,-17,66,Normal
2026-02-16 03:47:32.556396,Toronto-1a68,42,16,Normal
2026-02-16 03:47:33.556396,Toronto-1a68,7,78,Normal
2026-02-16 03:47:34.556396,Toronto-1a68,10,79,Normal
2026-02-16 03:47:35.556396,Toronto-1a68,44,33,Normal
2026-02-16 03:47:36.556396,Toronto-1a68,-13,85,Normal
2026-02-16 03:47:37.556396,Toronto-1a68,10,58,Normal
2026-02-16 03:47:38.556396,Toronto-1a68,2,68,Normal
2026-02-16 03:47:39.556396,Toronto-1a68,36,25,Normal
2026-02-16 03:47:40.556396,Toronto-1a68,-16,55,Normal
2026-02-16 03:47:41.556396,Toronto-1a68,-25,82,Normal
2026-02-16 03:47:42.556396,Toronto-1a68,34,86,Normal
2026-02-16 03:47:43.556396,Toronto-1a68,22,93,Normal
2026-02-16 03:47:44.556396,Toronto-1a68,27,40,Normal
2026-02-16 03:47:45.556396,Toronto-1a68,-12,2,Normal
2026-02-16 03:47:46.556396,Toronto-1a68,46,55,Normal
2026-02-16 03:47:47.556396,Toronto-1a68,25,70,Normal
2026-02-16 03:47:48.556396,Toronto-1a68,6,84,Normal
2026-02-16 03:47:49.556396,Toronto-1a68,42,57,Normal
2026-02-16 03:47:50.556396,Toronto-1a68,-15,12,Normal
2026-02-16 03:47:51.556396,Toronto-1a68,0,3,Normal
2026-02-16 03:47:52.556396,Toronto-1a68,-1,84,Normal
2026-02-16 03:47:53.556396,Toronto-1a68,41,20,Normal
2026-02-16 03:47:54.556396,Toronto-1a68,-27,57,Normal
2026-02-16 03:47:55.556396,Toronto-1a68,0,69,Normal
2026-02-16 03:47:56.556396,Toronto-1a68,-18,17,Normal
2026-02-16 03:47:57.556396,Toronto-1a68,24,35,Normal
2026-02-16 03:47:58.556396,Toronto-1a68,31,71,Normal
2026-02-16 03:47:59.556396,Toronto-1a68,42,42,Normal
2026-02-16 03:48:00.556396,Toronto-1a68,37,56,Normal
2026-02-16 03:48:01.556396,Toronto-1a68,21,29,Normal
2026-02-16 03:48:02.556396,Toronto-1a68,-28,77,Normal
2026-02-16 03:48:03.556396,Toronto-1a68,-26,95,Normal
2026-02-16 03:48:04.556396,Toronto-1a68,-17,45,Normal
2026-02-16 03:48:05.556396,Toronto-1a68,32,58,Normal
2026-02-16 03:48:06.556396,Toronto-1a68,42,62,Normal
2026-02-16 03:48:07.556396,Toronto-1a68,-4,20,Normal
2026-02-16 03:48:08.556396,Toronto-1a68,33,70,Normal
2026-02-16 03:48:09.556396,Toronto-1a68,30,53,Normal
2026-02-16 03:48:10.556396,Toronto-1a68,-14,36,Normal
2026-02-16 03:48:11.556396,Toronto-1a68,48,66,Normal
2026-02-16 03:48:12.556396,Toronto-1a68,-26,16,Normal
2026-02-16 03:48:13.556396,Toronto-1a68,23,98,Normal
2026-02-16 03:48:14.556396,Toronto-1a68,-29,55,Normal
2026-02-16 03:48:15.556396,Toronto-1a68,2,100,Normal
2026-02-16 03:48:16.556396,Toronto-1a68,28,28,Normal
2026-02-16 03:48:17.556396,Toronto-1a68,49,54,Normal
2026-02-16 03:48:18.556396,Toronto-1a68,8,72,Normal
2026-02-16 03:48:19.556396,Toronto-1a68,-12,61,Normal
2026-02-16 03:48:20.556396,Toronto-1a68,42,83,Normal
2026-02-16 03:48:21.556396,Toronto-1a68,-8,26,Normal
2026-02-16 03:48:22.556396,Toronto-1a68,28,25,Normal
2026-02-16 03:48:23.556396,Toronto-1a68,40,49,Normal
2026-02-16 03:48:24.556396,Toronto-1a68,-11,12,Normal
2026-02-16 03:48:25.556396,Toronto-1a68,-13,87,Normal
2026-02-16 03:48:26.556396,Toronto-1a68,12,37,Normal
2026-02-16 03:48:27.556396,Toronto-1a68,-2,41,Normal
2026-02-16 03:48:28.556396,Toronto-1a68,-14,100,Normal
2026-02-16 03:48:29.556396,Toronto-1a68,19,42,Normal
2026-02-16 03:48:30.556396,Toronto-1a68,30,13,Normal
2026-02-16 03:48:31.556396,Toronto-1a68,-30,6,Normal
2026-02-16 03:48:32.556396,Toronto-1a68,-20,98,Normal
2026-02-16 03:48:33.556396,Toronto-1a68,29,76,Normal
2026-02-16 03:48:34.556396,Toronto-1a68,50,52,Normal
2026-02-16 03:48:35.556396,Toronto-1a68,47,94,Normal
2026-02-16 03:48:36.556396,Toronto-1a68,1,50,Normal
2026-02-16 03:48:37.556396,Toronto-1a68,7,30,Normal
2026-02-16 03:48:38.556396,Toronto-1a68,-1,2,Normal
2026-02-16 03:48:39.556396,Toronto-1a68,24,83,Normal
2026-02-16 03:48:40.556396,Toronto-1a68,16,23,Normal
2026-02-16 03:48:41.556396,Toronto-1a68,-5,47,Normal
2026-02-16 03:48:42.556396,Toronto-1a68,-24,88,Normal
2026-02-16 03:48:43.556396,Toronto-1a68,36,10,Normal
2026-02-16 03:48:44.556396,Toronto-1a68,4,21,Normal
2026-02-16 03:48:45.556396,Toronto-1a68,5,51,Normal
2026-02-16 03:48:46.556396,Toronto-1a68,-7,83,Normal
2026-02-16 03:48:47.556396,Toronto-1a68,20,96,Normal
2026-02-16 03:48:48.556396,Toronto-1a68,-18,86,Normal
2026-02-16 03:48:49.556396,Toronto-1a68,-3,50,Normal
2026-02-16 03:48:50.556396,Toronto-1a68,-27,24,Normal
2026-02-16 03:48:51.556396,Toronto-1a68,-14,81,Normal
2026-02-16 03:48:52.556396,Toronto-1a68,43,80,Normal
2026-02-16 03:48:53.556396,Toronto-1a68,-5,6,Normal
2026-02-16 03:48:54.556396,Toronto-1a68,-18,0,Normal
2026-02-16 03:48:55.556396,Toronto-1a68,-24,54,Normal
2026-02-16 03:48:56.556396,Toronto-1a68,15,63,Normal
2026-02-16 03:48:57.556396,Toronto-1a68,28,70,Normal
2026-02-16 03:48:58.556396,Toronto-1a68,-26,82,Normal
2026-02-16 03:48:59.556396,Toronto-1a68,6,95,Normal
2026-02-16 03:49:00.556396,Toronto-1a68,49,47,Normal
2026-02-16 03:49:01.556396,Toronto-1a68,-13,2,Normal
2026-02-16 03:49:02.556396,Toronto-1a68,-25,51,Normal
2026-02-16 03:49:03.556396,Toronto-1a68,9,59,Normal
2026-02-16 03:49:04.556396,Toronto-1a68,17,50,Normal
2026-02-16 03:49:05.556396,Toronto-1a68,26,92,Normal
2026-02-16 03:49:06.556396,Toronto-1a68,32,20,Normal
2026-02-16 03:49:07.556396,Toronto-1a68,-5,83,Normal
2026-02-16 03:49:08.556396,Toronto-1a68,-6,77,Normal
2026-02-16 03:49:09.556396,Toronto-1a68,48,87,Normal
2026-02-16 03:49:10.556396,Toronto-1a68,6,32,Normal
2026-02-16 03:49:11.556396,Toronto-1a68,-13,85,Normal
2026-02-16 03:49:12.556396,Toronto-1a68,39,20,Normal
2026-02-16 03:49:13.556396,Toronto-1a68,43,43,Normal
2026-02-16 03:49:14.556396,Toronto-1a68,-22,56,Normal
2026-02-16 03:49:15.556396,Toronto-1a68,18,7,Normal
2026-02-16 03:49:16.556396,Toronto-1a68,-17,18,Normal
2026-02-16 03:49:17.556396,Toronto-1a68,2,51,Normal
2026-02-16 03:49:18.556396,Toronto-1a68,37,54,Normal
2026-02-16 03:49:19.556396,Toronto-1a68,-26,29,Normal
2026-02-16 03:49:20.556396,Toronto-1a68,-24,55,Normal
2026-02-16 03:49:21.556396,Toronto-1a68,50,59,Normal
2026-02-16 03:49:22.556396,Toronto-1a68,45,74,Normal
2026-02-16 03:49:23.556396,Toronto-1a68,-10,89,Normal
2026-02-16 03:49:24.556396,Toronto-1a68,-20,20,Normal
2026-02-16 03:49:25.556396,Toronto-1a68,-9,50,Normal
2026-02-16 03:49:26.556396,Toronto-1a68,36,54,Normal
2026-02-16 03:49:27.556396,Toronto-1a68,29,51,Normal
2026-02-16 03:49:28.556396,Toronto-1a68,46,76,Normal
2026-02-16 03:49:29.556396,Toronto-1a68,-17,63,Normal
2026-02-16 03:49:30.556396,Toronto-1a68,36,56,Normal
2026-02-16 03:49:31.556396,Toronto-1a68,-20,4,Normal
2026-02-16 03:49:32.556396,Toronto-1a68,-1,31,Normal
2026-02-16 03:49:33.556396,Toronto-1a68,2,46,Normal
2026-02-16 03:49:34.556396,Toronto-1a68,32,58,Normal
2026-02-16 03:49:35.556396,Toronto-1a68,-10,41,Normal
2026-02-16 03:49:36.556396,Toronto-1a68,44,94,Normal
2026-02-16 03:49:37.556396,Toronto-1a68,25,82,Normal
2026-02-16 03:49:38.556396,Toronto-1a68,46,97,Normal
2026-02-16 03:49:39.556396,Toronto-1a68,-18,100,Normal
2026-02-16 03:49:40.556396,Toronto-1a68,10,45,Normal
2026-02-16 03:49:41.556396,Toronto-1a68,12,20,Normal
2026-02-16 03:49:42.556396,Toronto-1a68,0,3,Normal
2026-02-16 03:49:43.556396,Toronto-1a68,41,72,Normal
2026-02-16 03:49:44.556396,Toronto-1a68,8,13,Normal
2026-02-16 03:49:45.556396,Toronto-1a68,4,15,Normal
2026-02-16 03:49:46.556396,Toronto-1a68,-20,22,Normal
2026-02-16 03:49:47.556396,Toronto-1a68,48,4,Normal
2026-02-16 03:49:48.556396,Toronto-1a68,24,22,Normal
2026-02-16 03:49:49.556396,Toronto-1a68,-12,78,Normal
2026-02-16 03:49:50.556396,Toronto-1a68,31,60,Normal
2026-02-16 03:49:51.556396,Toronto-1a68,42,100,Normal
2026-02-16 03:49:52.556396,Toronto-1a68,-22,41,Normal
2026-02-16 03:49:53.556396,Toronto-1a68,38,36,Normal
2026-02-16 03:49:54.556396,Toronto-1a68,46,24,Normal
2026-02-16 03:49:55.556396,Toronto-1a68,-4,29,Normal
2026-02-16 03:49:56.556396,Toronto-1a68,37,45,Normal
2026-02-16 03:49:57.556396,Toronto-1a68,-25,8,Normal
2026-02-16 03:49:58.556396,Toronto-1a68,27,3,Normal
2026-02-16 03:49:59.556396,Toronto-1a68,6,12,Normal
2026-02-16 03:50:00.556396,Toronto-1a68,47,3,Normal
2026-02-16 03:50:01.556396,Toronto-1a68,11,14,Normal
2026-02-16 03:50:02.556396,Toronto-1a68,-15,78,Normal
2026-02-16 03:50:03.556396,Toronto-1a68,-18,27,Normal
2026-02-16 03:50:04.556396,Toronto-1a68,-14,54,Normal
2026-02-16 03:50:05.556396,Toronto-1a68,48,58,Normal
2026-02-16 03:50:06.556396,Toronto-1a68,41,90,Normal
2026-02-16 03:50:07.556396,Toronto-1a68,-6,86,Normal
2026-02-16 03:50:08.556396,Toronto-1a68,48,16,Normal
2026-02-16 03:50:09.556396,Toronto-1a68,25,9,Normal
2026-02-16 03:50:10.556396,Toronto-1a68,34,87,Normal
2026-02-16 03:50:11.556396,Toronto-1a68,-19,68,Normal
2026-02-16 03:50:12.556396,Toronto-1a68,45,25,Normal
2026-02-16 03:50:13.556396,Toronto-1a68,12,99,Normal
2026-02-16 03:50:14.556396,Toronto-1a68,-24,12,Normal
2026-02-16 03:50:15.556396,Toronto-1a68,37,10,Normal
2026-02-16 03:50:16.556396,Toronto-1a68,9,33,Normal
2026-02-16 03:50:17.556396,Toronto-1a68,-1,15,Normal
2026-02-16 03:50:18.556396,Toronto-1a68,39,69,Normal
2026-02-16 03:50:19.556396,Toronto-1a68,-16,7,Normal
2026-02-16 03:50:20.556396,Toronto-1a68,25,0,Normal
2026-02-16 03:50:21.556396,Toronto-1a68,38,41,Normal
2026-02-16 03:50:22.556396,Toronto-1a68,-9,97,Normal
2026-02-16 03:50:23.556396,Toronto-1a68,28,29,Normal
2026-02-16 03:50:24.556396,Toronto-1a68,2,17,Normal
2026-02-16 03:50:25.556396,Toronto-1a68,-3,84,Normal
2026-02-16 03:50:26.556396,Toronto-1a68,3,9,Normal
2026-02-16 03:50:27.556396,Toronto-1a68,3,34,Normal
2026-02-16 03:50:28.556396,Toronto-1a68,44,80,Normal
2026-02-16 03:50:29.556396,Toronto-1a68,18,39,Normal
2026-02-16 03:50:30.556396,Toronto-1a68,41,48,Normal
2026-02-16 03:50:31.556396,Toronto-1a68,40,12,Normal
2026-02-16 03:50:32.556396,Toronto-1a68,33,48,Normal
2026-02-16 03:50:33.556396,Toronto-1a68,-25,65,Normal
2026-02-16 03:50:34.556396,Toronto-1a68,14,33,Normal
2026-02-16 03:50:35.556396,Toronto-1a68,43,89,Normal
2026-02-16 03:50:36.556396,Toronto-1a68,40,69,Normal
2026-02-16 03:50:37.556396,Toronto-1a68,50,57,Normal
2026-02-16 03:50:38.556396,Toronto-1a68,1,89,Normal
2026-02-16 03:50:39.556396,Toronto-1a68,-17,89,Normal
2026-02-16 03:50:40.556396,Toronto-1a68,-26,62,Normal
2026-02-16 03:50:41.556396,Toronto-1a68,12,17,Normal
2026-02-16 03:50:42.556396,Toronto-1a68,9,14,Normal
2026-02-16 03:50:43.556396,Toronto-1a68,20,34,Normal
2026-02-16 03:50:44.556396,Toronto-1a68,8,83,Normal
2026-02-16 03:50:45.556396,Toronto-1a68,47,100,Normal
2026-02-16 03:50:46.556396,Toronto-1a68,28,80,Normal
2026-02-16 03:50:47.556396,Toronto-1a68,46,41,Normal
2026-02-16 03:50:48.556396,Toronto-1a68,-27,38,Normal
2026-02-16 03:50:49.556396,Toronto-1a68,11,31,Normal
2026-02-16 03:50:50.556396,Toronto-1a68,12,8,Normal
2026-02-16 03:50:51.556396,Toronto-1a68,11,59,Normal
2026-02-16 03:50:52.556396,Toronto-1a68,1,91,Normal
2026-02-16 03:50:53.556396,Toronto-1a68,9,82,Normal
2026-02-16 03:50:54.556396,Toronto-1a68,42,21,Normal
2026-02-16 03:50:55.556396,Toronto-1a68,-24,36,Normal
2026-02-16 03:50:56.556396,Toronto-1a68,13,54,Normal
2026-02-16 03:50:57.556396,Toronto-1a68,41,25,Normal
2026-02-16 03:50:58.556396,Toronto-1a68,34,64,Normal
2026-02-16 03:50:59.556396,Toronto-1a68,15,54,Normal
2026-02-16 03:51:00.556396,Toronto-1a68,-12,32,Normal
2026-02-16 03:51:01.556396,Toronto-1a68,13,65,Normal
2026-02-16 03:51:02.556396,Toronto-1a68,-23,5,Normal
2026-02-16 03:51:03.556396,Toronto-1a68,-11,6,Normal
2026-02-16 03:51:04.556396,Toronto-1a68,-10,18,Normal
2026-02-16 03:51:05.556396,Toronto-1a68,28,34,Normal
2026-02-16 03:51:06.556396,Toronto-1a68,3,25,Normal
2026-02-16 03:51:07.556396,Toronto-1a68,50,12,Normal
2026-02-16 03:51:08.556396,Toronto-1a68,5,43,Normal
2026-02-16 03:51:09.556396,Toronto-1a68,-6,16,Normal
2026-02-16 03:51:10.556396,Toronto-1a68,8,0,Normal
2026-02-16 03:51:11.556396,Toronto-1a68,37,73,Normal
2026-02-16 03:51:12.556396,Toronto-1a68,31,31,Normal
2026-02-16 03:51:13.556396,Toronto-1a68,37,71,Normal
2026-02-16 03:51:14.556396,Toronto-1a68,17,63,Normal
2026-02-16 03:51:15.556396,Toronto-1a68,-2,43,Normal
2026-02-16 03:51:16.556396,Toronto-1a68,5,69,Normal
2026-02-16 03:51:17.556396,Toronto-1a68,-18,37,Normal
2026-02-16 03:51:18.556396,Toronto-1a68,30,56,Normal
2026-02-16 03:51:19.556396,Toronto-1a68,-9,20,Normal
2026-02-16 03:51:20.556396,Toronto-1a68,35,8,Normal
2026-02-16 03:51:21.556396,Toronto-1a68,28,25,Normal
2026-02-16 03:51:22.556396,Toronto-1a68,17,69,Normal
2026-02-16 03:51:23.556396,Toronto-1a68,27,76,Normal
2026-02-16 03:51:24.556396,Toronto-1a68,38,57,Normal
2026-02-16 03:51:25.556396,Toronto-1a68,25,45,Normal
2026-02-16 03:51:26.556396,Toronto-1a68,27,62,Normal
2026-02-16 03:51:27.556396,Toronto-1a68,-14,62,Normal
2026-02-16 03:51:28.556396,Toronto-1a68,38,27,Normal
2026-02-16 03:51:29.556396,Toronto-1a68,36,11,Normal
2026-02-16 03:51:30.556396,Toronto-1a68,2,55,Normal
2026-02-16 03:51:31.556396,Toronto-1a68,21,49,Normal
2026-02-16 03:51:32.556396,Toronto-1a68,38,18,Normal
2026-02-16 03:51:33.556396,Toronto-1a68,34,22,Normal
2026-02-16 03:51:34.556396,Toronto-1a68,-16,19,Normal
2026-02-16 03:51:35.556396,Toronto-1a68,-16,56,Normal
2026-02-16 03:51:36.556396,Toronto-1a68,-12,19,Normal
2026-02-16 03:51:37.556396,Toronto-1a68,2,85,Normal
2026-02-16 03:51:38.556396,Toronto-1a68,-10,82,Normal
2026-02-16 03:51:39.556396,Toronto-1a68,28,75,Normal
2026-02-16 03:51:40.556396,Toronto-1a68,-17,67,Normal
2026-02-16 03:51:41.556396,Toronto-1a68,-13,34,Normal
2026-02-16 03:51:42.556396,Toronto-1a68,41,45,Normal
2026-02-16 03:51:43.556396,Toronto-1a68,14,81,Normal
2026-02-16 03:51:44.556396,Toronto-1a68,7,84,Normal
2026-02-16 03:51:45.556396,Toronto-1a68,7,5,Normal
2026-02-16 03:51:46.556396,Toronto-1a68,37,80,Normal
2026-02-16 03:51:47.556396,Toronto-1a68,22,66,Normal
2026-02-16 03:51:48.556396,Toronto-1a68,-22,63,Normal
2026-02-16 03:51:49.556396,Toronto-1a68,49,73,Normal
2026-02-16 03:51:50.556396,Toronto-1a68,-6,57,Normal
2026-02-16 03:51:51.556396,Toronto-1a68,17,5,Normal
2026-02-16 03:51:52.556396,Toronto-1a68,-17,42,Normal
2026-02-16 03:51:53.556396,Toronto-1a68,17,15,Normal
2026-02-16 03:51:54.556396,Toronto-1a68,49,29,Normal
2026-02-16 03:51:55.556396,Toronto-1a68,17,66,Normal
2026-02-16 03:51:56.556396,Toronto-1a68,35,36,Normal
2026-02-16 03:51:57.556396,Toronto-1a68,3,74,Normal
2026-02-16 03:51:58.556396,Toronto-1a68,-13,86,Normal
2026-02-16 03:51:59.556396,Toronto-1a68,35,37,Normal
2026-02-16 03:52:00.556396,Toronto-1a68,50,18,Normal
2026-02-16 03:52:01.556396,Toronto-1a68,-22,26,Normal
2026-02-16 03:52:02.556396,Toronto-1a68,9,70,Normal
2026-02-16 03:52:03.556396,Toronto-1a68,-19,71,Normal
2026-02-16 03:52:04.556396,Toronto-1a68,22,51,Normal
2026-02-16 03:52:05.556396,Toronto-1a68,-26,34,Normal
2026-02-16 03:52:06.556396,Toronto-1a68,47,14,Normal
2026-02-16 03:52:07.556396,Toronto-1a68,-28,14,Normal
2026-02-16 03:52:08.556396,Toronto-1a68,4,54,Normal
2026-02-16 03:52:09.556396,Toronto-1a68,31,72,Normal
2026-02-16 03:52:10.556396,Toronto-1a68,-1,47,Normal
2026-02-16 03:52:11.556396,Toronto-1a68,35,46,Normal
2026-02-16 03:52:12.556396,Toronto-1a68,42,37,Normal
2026-02-16 03:52:13.556396,Toronto-1a68,24,48,Normal
2026-02-16 03:52:14.556396,Toronto-1a68,4,39,Normal
2026-02-16 03:52:15.556396,Toronto-1a68,29,3,Normal
2026-02-16 03:52:16.556396,Toronto-1a68,45,21,Normal
2026-02-16 03:52:17.556396,Toronto-1a68,-4,10,Normal
2026-02-16 03:52:18.556396,Toronto-1a68,13,15,Normal
2026-02-16 03:52:19.556396,Toronto-1a68,-28,96,Normal
2026-02-16 03:52:20.556396,Toronto-1a68,29,28,Normal
2026-02-16 03:52:21.556396,Toronto-1a68,-22,87,Normal
2026-02-16 03:52:22.556396,Toronto-1a68,29,34,Normal
2026-02-16 03:52:23.556396,Toronto-1a68,-6,94,Normal
2026-02-16 03:52:24.556396,Toronto-1a68,18,92,Normal
2026-02-16 03:52:25.556396,Toronto-1a68,-14,9,Normal
2026-02-16 03:52:26.556396,Toronto-1a68,22,64,Normal
2026-02-16 03:52:27.556396,Toronto-1a68,15,98,Normal
2026-02-16 03:52:28.556396,Toronto-1a68,-21,60,Normal
2026-02-16 03:52:29.556396,Toronto-1a68,50,83,Normal
2026-02-16 03:52:30.556396,Toronto-1a68,-15,66,Normal
2026-02-16 03:52:31.556396,Toronto-1a68,-9,84,Normal
2026-02-16 03:52:32.556396,Toronto-1a68,31,71,Normal
2026-02-16 03:52:33.556396,Toronto-1a68,-19,44,Normal
2026-02-16 03:52:34.556396,Toronto-1a68,9,31,Normal
2026-02-16 03:52:35.556396,Toronto-1a68,44,63,Normal
2026-02-16 03:52:36.556396,Toronto-1a68,28,50,Normal
2026-02-16 03:52:37.556396,Toronto-1a68,-27,54,Normal
2026-02-16 03:52:38.556396,Toronto-1a68,-3,50,Normal
2026-02-16 03:52:39.556396,Toronto-1a68,-17,87,Normal
2026-02-16 03:52:40.556396,Toronto-1a68,5,4,Normal
2026-02-16 03:52:41.556396,Toronto-1a68,15,3,Normal
2026-02-16 03:52:42.556396,Toronto-1a68,9,25,Normal
2026-02-16 03:52:43.556396,Toronto-1a68,-9,10,Normal
2026-02-16 03:52:44.556396,Toronto-1a68,28,34,Normal
2026-02-16 03:52:45.556396,Toronto-1a68,-29,60,Normal
2026-02-16 03:52:46.556396,Toronto-1a68,-26,3,Normal
2026-02-16 03:52:47.556396,Toronto-1a68,-3,60,Normal
2026-02-16 03:52:48.556396,Toronto-1a68,-19,5,Normal
2026-02-16 03:52:49.556396,Toronto-1a68,26,3,Normal
2026-02-16 03:52:50.556396,Toronto-1a68,43,46,Normal
2026-02-16 03:52:51.556396,Toronto-1a68,-26,50,Normal
2026-02-16 03:52:52.556396,Toronto-1a68,-16,78,Normal
2026-02-16 03:52:53.556396,Toronto-1a68,27,59,Normal
2026-02-16 03:52:54.556396,Toronto-1a68,0,36,Normal
2026-02-16 03:52:55.556396,Toronto-1a68,21,38,Normal
2026-02-16 03:52:56.556396,Toronto-1a68,10,76,Normal
2026-02-16 03:52:57.556396,Toronto-1a68,5,11,Normal
2026-02-16 03:52:58.556396,Toronto-1a68,41,100,Normal
2026-02-16 03:52:59.556396,Toronto-1a68,-7,53,Normal
2026-02-16 03:53:00.556396,Toronto-1a68,-2,75,Normal
2026-02-16 03:53:01.556396,Toronto-1a68,26,9,Normal
2026-02-16 03:53:02.556396,Toronto-1a68,-3,89,Normal
2026-02-16 03:53:03.556396,Toronto-1a68,19,30,Normal
2026-02-16 03:53:04.556396,Toronto-1a68,21,6,Normal
2026-02-16 03:53:05.556396,Toronto-1a68,29,46,Normal
2026-02-16 03:53:06.556396,Toronto-1a68,-11,27,Normal
2026-02-16 03:53:07.556396,Toronto-1a68,-2,96,Normal
2026-02-16 03:53:08.556396,Toronto-1a68,0,33,Normal
2026-02-16 03:53:09.556396,Toronto-1a68,3,54,Normal
2026-02-16 03:53:10.556396,Toronto-1a68,-5,53,Normal
2026-02-16 03:53:11.556396,Toronto-1a68,-10,64,Normal
2026-02-16 03:53:12.556396,Toronto-1a68,36,54,Normal
2026-02-16 03:53:13.556396,Toronto-1a68,4,19,Normal
2026-02-16 03:53:14.556396,Toronto-1a68,38,80,Normal
2026-02-16 03:53:15.556396,Toronto-1a68,13,41,Normal
2026-02-16 03:53:16.556396,Toronto-1a68,33,98,Normal
2026-02-16 03:53:17.556396,Toronto-1a68,23,30,Normal
2026-02-16 03:53:18.556396,Toronto-1a68,-27,23,Normal
2026-02-16 03:53:19.556396,Toronto-1a68,16,4,Normal
2026-02-16 03:53:20.556396,Toronto-1a68,16,68,Normal
2026-02-16 03:53:21.556396,Toronto-1a68,16,55,Normal
2026-02-16 03:53:22.556396,Toronto-1a68,44,84,Normal
2026-02-16 03:53:23.556396,Toronto-1a68,40,67,Normal
2026-02-16 03:53:24.556396,Toronto-1a68,-20,32,Normal
2026-02-16 03:53:25.556396,Toronto-1a68,-19,97,Normal
2026-02-16 03:53:26.556396,Toronto-1a68,-5,43,Normal
2026-02-16 03:53:27.556396,Toronto-1a68,-21,50,Normal
2026-02-16 03:53:28.556396,Toronto-1a68,-28,26,Normal
2026-02-16 03:53:29.556396,Toronto-1a68,-19,38,Normal
2026-02-16 03:53:30.556396,Toronto-1a68,-28,76,Normal
2026-02-16 03:53:31.556396,Toronto-1a68,-9,70,Normal
2026-02-16 03:53:32.556396,Toronto-1a68,11,28,Normal
2026-02-16 03:53:33.556396,Toronto-1a68,-23,2,Normal
2026-02-16 03:53:34.556396,Toronto-1a68,18,16,Normal
2026-02-16 03:53:35.556396,Toronto-1a68,22,71,Normal
2026-02-16 03:53:36.556396,Toronto-1a68,6,86,Normal
2026-02-16 03:53:37.556396,Toronto-1a68,29,19,Normal
2026-02-16 03:53:38.556396,Toronto-1a68,1,18,Normal
2026-02-16 03:53:39.556396,Toronto-1a68,-6,77,Normal
2026-02-16 03:53:40.556396,Toronto-1a68,-8,90,Normal
2026-02-16 03:53:41.556396,Toronto-1a68,28,2,Normal
2026-02-16 03:53:42.556396,Toronto-1a68,-3,1,Normal
2026-02-16 03:53:43.556396,Toronto-1a68,15,57,Normal
2026-02-16 03:53:44.556396,Toronto-1a68,-28,85,Normal
2026-02-16 03:53:45.556396,Toronto-1a68,23,90,Normal
2026-02-16 03:53:46.556396,Toronto-1a68,23,34,Normal
2026-02-16 03:53:47.556396,Toronto-1a68,46,7,Normal
2026-02-16 03:53:48.556396,Toronto-1a68,44,2,Normal
2026-02-16 03:53:49.556396,Toronto-1a68,19,49,Normal
2026-02-16 03:53:50.556396,Toronto-1a68,10,80,Normal
2026-02-16 03:53:51.556396,Toronto-1a68,21,54,Normal
2026-02-16 03:53:52.556396,Toronto-1a68,5,31,Normal
2026-02-16 03:53:53.556396,Toronto-1a68,-19,26,Normal
2026-02-16 03:53:54.556396,Toronto-1a68,-21,90,Normal
2026-02-16 03:53:55.556396,Toronto-1a68,31,99,Normal
2026-02-16 03:53:56.556396,Toronto-1a68,-23,56,Normal
2026-02-16 03:53:57.556396,Toronto-1a68,-9,21,Normal
2026-02-16 03:53:58.556396,Toronto-1a68,-30,66,Normal
2026-02-16 03:53:59.556396,Toronto-1a68,42,46,Normal
2026-02-16 03:54:00.556396,Toronto-1a68,20,83,Normal
2026-02-16 03:54:01.556396,Toronto-1a68,-5,10,Normal
2026-02-16 03:54:02.556396,Toronto-1a68,24,9,Normal
2026-02-16 03:54:03.556396,Toronto-1a68,-3,52,Normal
2026-02-16 03:54:04.556396,Toronto-1a68,-3,2,Normal
2026-02-16 03:54:05.556396,Toronto-1a68,25,21,Normal
2026-02-16 03:54:06.556396,Toronto-1a68,36,63,Normal
2026-02-16 03:54:07.556396,Toronto-1a68,47,64,Normal
2026-02-16 03:54:08.556396,Toronto-1a68,-5,82,Normal
2026-02-16 03:54:09.556396,Toronto-1a68,33,50,Normal
2026-02-16 03:54:10.556396,Toronto-1a68,17,57,Normal
2026-02-16 03:54:11.556396,Toronto-1a68,13,95,Normal
2026-02-16 03:54:12.556396,Toronto-1a68,34,35,Normal
2026-02-16 03:54:13.556396,Toronto-1a68,9,14,Normal
2026-02-16 03:54:14.556396,Toronto-1a68,33,18,Normal
2026-02-16 03:54:15.556396,Toronto-1a68,4,66,Normal
2026-02-16 03:54:16.556396,Toronto-1a68,22,53,Normal
2026-02-16 03:54:17.556396,Toronto-1a68,43,8,Normal
2026-02-16 03:54:18.556396,Toronto-1a68,5,66,Normal
2026-02-16 03:54:19.556396,Toronto-1a68,31,85,Normal
2026-02-16 03:54:20.556396,Toronto-1a68,29,34,Normal
2026-02-16 03:54:21.556396,Toronto-1a68,-15,14,Normal
2026-02-16 03:54:22.556396,Toronto-1a68,37,100,Normal
2026-02-16 03:54:23.556396,Toronto-1a68,46,0,Normal
2026-02-16 03:54:24.556396,Toronto-1a68,-1,58,Normal
2026-02-16 03:54:25.556396,Toronto-1a68,17,82,Normal
2026-02-16 03:54:26.556396,Toronto-1a68,5,78,Normal
2026-02-16 03:54:27.556396,Toronto-1a68,-10,85,Normal
2026-02-16 03:54:28.556396,Toronto-1a68,-22,58,Normal
2026-02-16 03:54:29.556396,Toronto-1a68,42,8,Normal
2026-02-16 03:54:30.556396,Toronto-1a68,2,28,Normal
2026-02-16 03:54:31.556396,Toronto-1a68,7,96,Normal
2026-02-16 03:54:32.556396,Toronto-1a68,31,83,Normal
2026-02-16 03:54:33.556396,Toronto-1a68,41,87,Normal
2026-02-16 03:54:34.556396,Toronto-1a68,50,17,Normal
2026-02-16 03:54:35.556396,Toronto-1a68,-8,84,Normal
2026-02-16 03:54:36.556396,Toronto-1a68,-4,13,Normal
2026-02-16 03:54:37.556396,Toronto-1a68,14,99,Normal
2026-02-16 03:54:38.556396,Toronto-1a68,3,2,Normal
2026-02-16 03:54:39.556396,Toronto-1a68,42,49,Normal
2026-02-16 03:54:40.556396,Toronto-1a68,8,82,Normal
2026-02-16 03:54:41.556396,Toronto-1a68,31,98,Normal
2026-02-16 03:54:42.556396,Toronto-1a68,28,83,Normal
2026-02-16 03:54:43.556396,Toronto-1a68,-27,45,Normal
2026-02-16 03:54:44.556396,Toronto-1a68,-10,47,Normal
2026-02-16 03:54:45.556396,Toronto-1a68,-9,65,Normal
2026-02-16 03:54:46.556396,Toronto-1a68,7,86,Normal
2026-02-16 03:54:47.556396,Toronto-1a68,15,8,Normal
2026-02-16 03:54:48.556396,Toronto-1a68,21,90,Normal
2026-02-16 03:54:49.556396,Toronto-1a68,32,53,Normal
2026-02-16 03:54:50.556396,Toronto-1a68,10,55,Normal
2026-02-16 03:54:51.556396,Toronto-1a68,46,55,Normal
2026-02-16 03:54:52.556396,Toronto-1a68,32,59,Normal
2026-02-16 03:54:53.556396,Toronto-1a68,30,98,Normal
2026-02-16 03:54:54.556396,Toronto-1a68,-17,37,Normal
2026-02-16 03:54:55.556396,Toronto-1a68,-26,12,Normal
2026-02-16 03:54:56.556396,Toronto-1a68,49,91,Normal
2026-02-16 03:54:57.556396,Toronto-1a68,-21,39,Normal
2026-02-16 03:54:58.556396,Toronto-1a68,2,16,Normal
2026-02-16 03:54:59.556396,Toronto-1a68,-25,33,Normal
2026-02-16 03:55:00.556396,Toronto-1a68,19,54,Normal
2026-02-16 03:55:01.556396,Toronto-1a68,20,17,Normal
2026-02-16 03:55:02.556396,Toronto-1a68,34,9,Normal
2026-02-16 03:55:03.556396,Toronto-1a68,12,39,Normal
2026-02-16 03:55:04.556396,Toronto-1a68,17,47,Normal
2026-02-16 03:55:05.556396,Toronto-1a68,19,33,Normal
2026-02-16 03:55:06.556396,Toronto-1a68,-26,86,Normal
2026-02-16 03:55:07.556396,Toronto-1a68,12,87,Normal
2026-02-16 03:55:08.556396,Toronto-1a68,-26,57,Normal
2026-02-16 03:55:09.556396,Toronto-1a68,32,43,Normal
2026-02-16 03:55:10.556396,Toronto-1a68,36,42,Normal
2026-02-16 03:55:11.556396,Toronto-1a68,12,23,Normal
2026-02-16 03:55:12.556396,Toronto-1a68,0,49,Normal
2026-02-16 03:55:13.556396,Toronto-1a68,-14,59,Normal
2026-02-16 03:55:14.556396,Toronto-1a68,-8,10,Normal
2026-02-16 03:55:15.556396,Toronto-1a68,-3,90,Normal
2026-02-16 03:55:16.556396,Toronto-1a68,-19,42,Normal
2026-02-16 03:55:17.556396,Toronto-1a68,-20,88,Normal
2026-02-16 03:55:18.556396,Toronto-1a68,44,79,Normal
2026-02-16 03:55:19.556396,Toronto-1a68,38,80,Normal
2026-02-16 03:55:20.556396,Toronto-1a68,16,19,Normal
2026-02-16 03:55:21.556396,Toronto-1a68,19,43,Normal
2026-02-16 03:55:22.556396,Toronto-1a68,19,66,Normal
2026-02-16 03:55:23.556396,Toronto-1a68,31,0,Normal
2026-02-16 03:55:24.556396,Toronto-1a68,-30,24,Normal
2026-02-16 03:55:25.556396,Toronto-1a68,26,71,Normal
2026-02-16 03:55:26.556396,Toronto-1a68,47,91,Normal
2026-02-16 03:55:27.556396,Toronto-1a68,-23,86,Normal
2026-02-16 03:55:28.556396,Toronto-1a68,28,49,Normal
2026-02-16 03:55:29.556396,Toronto-1a68,13,52,Normal
2026-02-16 03:55:30.556396,Toronto-1a68,-3,23,Normal
2026-02-16 03:55:31.556396,Toronto-1a68,-10,64,Normal
2026-02-16 03:55:32.556396,Toronto-1a68,31,3,Normal
2026-02-16 03:55:33.556396,Toronto-1a68,30,24,Normal
2026-02-16 03:55:34.556396,Toronto-1a68,43,34,Normal
2026-02-16 03:55:35.556396,Toronto-1a68,-14,87,Normal
2026-02-16 03:55:36.556396,Toronto-1a68,3,63,Normal
2026-02-16 03:55:37.556396,Toronto-1a68,-27,81,Normal
2026-02-16 03:55:38.556396,Toronto-1a68,23,28,Normal
2026-02-16 03:55:39.556396,Toronto-1a68,25,94,Normal
2026-02-16 03:55:40.556396,Toronto-1a68,42,87,Normal
2026-02-16 03:55:41.556396,Toronto-1a68,33,23,Normal
2026-02-16 03:55:42.556396,Toronto-1a68,11,72,Normal
2026-02-16 03:55:43.556396,Toronto-1a68,46,43,Normal
2026-02-16 03:55:44.556396,Toronto-1a68,29,84,Normal
2026-02-16 03:55:45.556396,Toronto-1a68,-12,5,Normal
2026-02-16 03:55:46.556396,Toronto-1a68,25,13,Normal
2026-02-16 03:55:47.556396,Toronto-1a68,-18,83,Normal
2026-02-16 03:55:48.556396,Toronto-1a68,8,47,Normal
2026-02-16 03:55:49.556396,Toronto-1a68,30,49,Normal
2026-02-16 03:55:50.556396,Toronto-1a68,8,88,Normal
2026-02-16 03:55:51.556396,Toronto-1a68,20,85,Normal
2026-02-16 03:55:52.556396,Toronto-1a68,-21,42,Normal
2026-02-16 03:55:53.556396,Toronto-1a68,25,94,Normal
2026-02-16 03:55:54.556396,Toronto-1a68,7,46,Normal
2026-02-16 03:55:55.556396,Toronto-1a68,13,73,Normal
2026-02-16 03:55:56.556396,Toronto-1a68,44,98,Normal
2026-02-16 03:55:57.556396,Toronto-1a68,-13,16,Normal
2026-02-16 03:55:58.556396,Toronto-1a68,37,70,Normal
2026-02-16 03:55:59.556396,Toronto-1a68,-2,8,Normal
2026-02-16 03:56:00.556396,Toronto-1a68,-8,20,Normal
2026-02-16 03:56:01.556396,Toronto-1a68,-12,29,Normal
2026-02-16 03:56:02.556396,Toronto-1a68,45,12,Normal
2026-02-16 03:56:03.556396,Toronto-1a68,-13,17,Normal
2026-02-16 03:56:04.556396,Toronto-1a68,13,40,Normal
2026-02-16 03:56:05.556396,Toronto-1a68,27,64,Normal
2026-02-16 03:56:06.556396,Toronto-1a68,-8,78,Normal
2026-02-16 03:56:07.556396,Toronto-1a68,-10,10,Normal
2026-02-16 03:56:08.556396,Toronto-1a68,20,26,Normal
2026-02-16 03:56:09.556396,Toronto-1a68,-24,15,Normal
2026-02-16 03:56:10.556396,Toronto-1a68,-5,19,Normal
2026-02-16 03:56:11.556396,Toronto-1a68,13,55,Normal
2026-02-16 03:56:12.556396,Toronto-1a68,-2,86,Normal
2026-02-16 03:56:13.556396,Toronto-1a68,29,28,Normal
2026-02-16 03:56:14.556396,Toronto-1a68,25,3,Normal
2026-02-16 03:56:15.556396,Toronto-1a68,10,96,Normal
2026-02-16 03:56:16.556396,Toronto-1a68,33,69,Normal
2026-02-16 03:56:17.556396,Toronto-1a68,28,10,Normal
2026-02-16 03:56:18.556396,Toronto-1a68,17,58,Normal
2026-02-16 03:56:19.556396,Toronto-1a68,27,79,Normal
2026-02-16 03:56:20.556396,Toronto-1a68,42,41,Normal
2026-02-16 03:56:21.556396,Toronto-1a68,43,14,Normal
2026-02-16 03:56:22.556396,Toronto-1a68,-6,89,Normal
2026-02-16 03:56:23.556396,Toronto-1a68,38,38,Normal
2026-02-16 03:56:24.556396,Toronto-1a68,21,30,Normal
2026-02-16 03:56:25.556396,Toronto-1a68,-21,100,Normal
2026-02-16 03:56:26.556396,Toronto-1a68,0,0,Normal
2026-02-16 03:56:27.556396,Toronto-1a68,-11,33,Normal
2026-02-16 03:56:28.556396,Toronto-1a68,29,4,Normal
2026-02-16 03:56:29.556396,Toronto-1a68,36,8,Normal
2026-02-16 03:56:30.556396,Toronto-1a68,50,98,Normal
2026-02-16 03:56:31.556396,Toronto-1a68,40,68,Normal
2026-02-16 03:56:32.556396,Toronto-1a68,-12,15,Normal
2026-02-16 03:56:33.556396,Toronto-1a68,42,33,Normal
2026-02-16 03:56:34.556396,Toronto-1a68,-27,30,Normal
2026-02-16 03:56:35.556396,Toronto-1a68,44,25,Normal
2026-02-16 03:56:36.556396,Toronto-1a68,-10,77,Normal
2026-02-16 03:56:37.556396,Toronto-1a68,35,56,Normal
2026-02-16 03:56:38.556396,Toronto-1a68,-3,17,Normal
2026-02-16 03:56:39.556396,Toronto-1a68,-7,20,Normal
2026-02-16 03:56:40.556396,Toronto-1a68,34,24,Normal
2026-02-16 03:56:41.556396,Toronto-1a68,49,47,Normal
2026-02-16 03:56:42.556396,Toronto-1a68,6,69,Normal
2026-02-16 03:56:43.556396,Toronto-1a68,-23,66,Normal
2026-02-16 03:56:44.556396,Toronto-1a68,31,2,Normal
2026-02-16 03:56:45.556396,Toronto-1a68,50,70,Normal
2026-02-16 03:56:46.556396,Toronto-1a68,7,30,Normal
2026-02-16 03:56:47.556396,Toronto-1a68,39,5,Normal
2026-02-16 03:56:48.556396,Toronto-1a68,-12,26,Normal
2026-02-16 03:56:49.556396,Toronto-1a68,15,39,Normal
2026-02-16 03:56:50.556396,Toronto-1a68,23,87,Normal
2026-02-16 03:56:51.556396,Toronto-1a68,25,96,Normal
2026-02-16 03:56:52.556396,Toronto-1a68,23,0,Normal
2026-02-16 03:56:53.556396,Toronto-1a68,49,9,Normal
2026-02-16 03:56:54.556396,Toronto-1a68,-20,11,Normal
2026-02-16 03:56:55.556396,Toronto-1a68,7,47,Normal
2026-02-16 03:56:56.556396,Toronto-1a68,9,73,Normal
2026-02-16 03:56:57.556396,Toronto-1a68,-15,79,Normal
2026-02-16 03:56:58.556396,Toronto-1a68,-6,91,Normal
2026-02-16 03:56:59.556396,Toronto-1a68,23,2,Normal
2026-02-16 03:57:00.556396,Toronto-1a68,18,25,Normal
2026-02-16 03:57:01.556396,Toronto-1a68,25,17,Normal
2026-02-16 03:57:02.556396,Toronto-1a68,2,30,Normal
2026-02-16 03:57:03.556396,Toronto-1a68,47,79,Normal
2026-02-16 03:57:04.556396,Toronto-1a68,-26,95,Normal
2026-02-16 03:57:05.556396,Toronto-1a68,-30,54,Normal
2026-02-16 03:57:06.556396,Toronto-1a68,-23,53,Normal
2026-02-16 03:57:07.556396,Toronto-1a68,23,50,Normal
2026-02-16 03:57:08.556396,Toronto-1a68,-1,98,Normal
2026-02-16 03:57:09.556396,Toronto-1a68,8,32,Normal
2026-02-16 03:57:10.556396,Toronto-1a68,-2,15,Normal
2026-02-16 03:57:11.556396,Toronto-1a68,8,14,Normal
2026-02-16 03:57:12.556396,Toronto-1a68,-19,41,Normal
2026-02-16 03:57:13.556396,Toronto-1a68,43,22,Normal
2026-02-16 03:57:14.556396,Toronto-1a68,-5,36,Normal
2026-02-16 03:57:15.556396,Toronto-1a68,46,15,Normal
2026-02-16 03:57:16.556396,Toronto-1a68,47,33,Normal
2026-02-16 03:57:17.556396,Toronto-1a68,49,16,Normal
2026-02-16 03:57:18.556396,Toronto-1a68,10,82,Normal
2026-02-16 03:57:19.556396,Toronto-1a68,-10,13,Normal
2026-02-16 03:57:20.556396,Toronto-1a68,-2,75,Normal
2026-02-16 03:57:21.556396,Toronto-1a68,15,92,Normal
2026-02-16 03:57:22.556396,Toronto-1a68,44,26,Normal
2026-02-16 03:57:23.556396,Toronto-1a68,38,69,Normal
2026-02-16 03:57:24.556396,Toronto-1a68,47,83,Normal
2026-02-16 03:57:25.556396,Toronto-1a68,15,49,Normal
2026-02-16 03:57:26.556396,Toronto-1a68,12,87,Normal
2026-02-16 03:57:27.556396,Toronto-1a68,-29,18,Normal
2026-02-16 03:57:28.556396,Toronto-1a68,-7,58,Normal
2026-02-16 03:57:29.556396,Toronto-1a68,-23,44,Normal
2026-02-16 03:57:30.556396,Toronto-1a68,45,15,Normal
2026-02-16 03:57:31.556396,Toronto-1a68,29,46,Normal
2026-02-16 03:57:32.556396,Toronto-1a68,48,69,Normal
2026-02-16 03:57:33.556396,Toronto-1a68,-18,34,Normal
2026-02-16 03:57:34.556396,Toronto-1a68,-12,58,Normal
2026-02-16 03:57:35.556396,Toronto-1a68,32,91,Normal
2026-02-16 03:57:36.556396,Toronto-1a68,-21,11,Normal
2026-02-16 03:57:37.556396,Toronto-1a68,37,32,Normal
2026-02-16 03:57:38.556396,Toronto-1a68,-10,30,Normal
2026-02-16 03:57:39.556396,Toronto-1a68,14,100,Normal
2026-02-16 03:57:40.556396,Toronto-1a68,50,11,Normal
2026-02-16 03:57:41.556396,Toronto-1a68,-12,75,Normal
2026-02-16 03:57:42.556396,Toronto-1a68,3,89,Normal
2026-02-16 03:57:43.556396,Toronto-1a68,-5,55,Normal
2026-02-16 03:57:44.556396,Toronto-1a68,-7,20,Normal
2026-02-16 03:57:45.556396,Toronto-1a68,43,93,Normal
2026-02-16 03:57:46.556396,Toronto-1a68,35,84,Normal
2026-02-16 03:57:47.556396,Toronto-1a68,50,10,Normal
2026-02-16 03:57:48.556396,Toronto-1a68,-5,81,Normal
2026-02-16 03:57:49.556396,Toronto-1a68,46,41,Normal
2026-02-16 03:57:50.556396,Toronto-1a68,45,44,Normal
2026-02-16 03:57:51.556396,Toronto-1a68,24,47,Normal
2026-02-16 03:57:52.556396,Toronto-1a68,30,6,Normal
2026-02-16 03:57:53.556396,Toronto-1a68,34,48,Normal
2026-02-16 03:57:54.556396,Toronto-1a68,5,59,Normal
2026-02-16 03:57:55.556396,Toronto-1a68,11,46,Normal
2026-02-16 03:57:56.556396,Toronto-1a68,40,74,Normal
2026-02-16 03:57:57.556396,Toronto-1a68,7,4,Normal
2026-02-16 03:57:58.556396,Toronto-1a68,-4,40,Normal
2026-02-16 03:57:59.556396,Toronto-1a68,-9,36,Normal
2026-02-16 03:58:00.556396,Toronto-1a68,-23,45,Normal
2026-02-16 03:58:01.556396,Toronto-1a68,49,91,Normal
2026-02-16 03:58:02.556396,Toronto-1a68,1,80,Normal
2026-02-16 03:58:03.556396,Toronto-1a68,-10,53,Normal
2026-02-16 03:58:04.556396,Toronto-1a68,49,37,Normal
2026-02-16 03:58:05.556396,Toronto-1a68,48,84,Normal
2026-02-16 03:58:06.556396,Toronto-1a68,2,82,Normal
2026-02-16 03:58:07.556396,Toronto-1a68,10,22,Normal
2026-02-16 03:58:08.556396,Toronto-1a68,25,50,Normal
2026-02-16 03:58:09.556396,Toronto-1a68,24,2,Normal
2026-02-16 03:58:10.556396,Toronto-1a68,6,37,Normal
2026-02-16 03:58:11.556396,Toronto-1a68,-12,34,Normal
2026-02-16 03:58:12.556396,Toronto-1a68,19,60,Normal
2026-02-16 03:58:13.556396,Toronto-1a68,-16,28,Normal
2026-02-16 03:58:14.556396,Toronto-1a68,18,66,Normal
2026-02-16 03:58:15.556396,Toronto-1a68,32,32,Normal
2026-02-16 03:58:16.556396,Toronto-1a68,-5,3,Normal
2026-02-16 03:58:17.556396,Toronto-1a68,41,80,Normal
2026-02-16 03:58:18.556396,Toronto-1a68,44,43,Normal
2026-02-16 03:58:19.556396,Toronto-1a68,36,46,Normal
2026-02-16 03:58:20.556396,Toronto-1a68,-7,58,Normal
2026-02-16 03:58:21.556396,Toronto-1a68,13,5,Normal
2026-02-16 03:58:22.556396,Toronto-1a68,50,44,Normal
2026-02-16 03:58:23.556396,Toronto-1a68,46,47,Normal
2026-02-16 03:58:24.556396,Toronto-1a68,28,71,Normal
2026-02-16 03:58:25.556396,Toronto-1a68,29,11,Normal
2026-02-16 03:58:26.556396,Toronto-1a68,-23,93,Normal
2026-02-16 03:58:27.556396,Toronto-1a68,14,47,Normal
2026-02-16 03:58:28.556396,Toronto-1a68,35,6,Normal
2026-02-16 03:58:29.556396,Toronto-1a68,38,92,Normal
2026-02-16 03:58:30.556396,Toronto-1a68,11,34,Normal
2026-02-16 03:58:31.556396,Toronto-1a68,-19,18,Normal
2026-02-16 03:58:32.556396,Toronto-1a68,44,81,Normal
2026-02-16 03:58:33.556396,Toronto-1a68,35,69,Normal
2026-02-16 03:58:34.556396,Toronto-1a68,-9,80,Normal
2026-02-16 03:58:35.556396,Toronto-1a68,10,52,Normal
2026-02-16 03:58:36.556396,Toronto-1a68,-28,15,Normal
2026-02-16 03:58:37.556396,Toronto-1a68,26,41,Normal
2026-02-16 03:58:38.556396,Toronto-1a68,29,16,Normal
2026-02-16 03:58:39.556396,Toronto-1a68,12,37,Normal
2026-02-16 03:58:40.556396,Toronto-1a68,50,70,Normal
2026-02-16 03:58:41.556396,Toronto-1a68,-18,99,Normal
2026-02-16 03:58:42.556396,Toronto-1a68,14,72,Normal
2026-02-16 03:58:43.556396,Toronto-1a68,-23,71,Normal
2026-02-16 03:58:44.556396,Toronto-1a68,-8,87,Normal
2026-02-16 03:58:45.556396,Toronto-1a68,-20,63,Normal
2026-02-16 03:58:46.556396,Toronto-1a68,30,33,Normal
2026-02-16 03:58:47.556396,Toronto-1a68,14,49,Normal
2026-02-16 03:58:48.556396,Toronto-1a68,-29,90,Normal
2026-02-16 03:58:49.556396,Toronto-1a68,-7,61,Normal
2026-02-16 03:58:50.556396,Toronto-1a68,3,11,Normal
2026-02-16 03:58:51.556396,Toronto-1a68,8,29,Normal
2026-02-16 03:58:52.556396,Toronto-1a68,7,29,Normal
2026-02-16 03:58:53.556396,Toronto-1a68,20,56,Normal
2026-02-16 03:58:54.556396,Toronto-1a68,-12,41,Normal
2026-02-16 03:58:55.556396,Toronto-1a68,10,74,Normal
2026-02-16 03:58:56.556396,Toronto-1a68,-5,93,Normal
2026-02-16 03:58:57.556396,Toronto-1a68,11,76,Normal
2026-02-16 03:58:58.556396,Toronto-1a68,-21,58,Normal
2026-02-16 03:58:59.556396,Toronto-1a68,-16,37,Normal
2026-02-16 03:59:00.556396,Toronto-1a68,-9,89,Normal
2026-02-16 03:59:01.556396,Toronto-1a68,15,47,Normal
2026-02-16 03:59:02.556396,Toronto-1a68,-19,92,Normal
2026-02-16 03:59:03.556396,Toronto-1a68,8,86,Normal
2026-02-16 03:59:04.556396,Toronto-1a68,-17,16,Normal
2026-02-16 03:59:05.556396,Toronto-1a68,27,41,Normal
2026-02-16 03:59:06.556396,Toronto-1a68,8,5,Normal
2026-02-16 03:59:07.556396,Toronto-1a68,35,16,Normal
2026-02-16 03:59:08.556396,Toronto-1a68,-27,6,Normal
2026-02-16 03:59:09.556396,Toronto-1a68,21,47,Normal
2026-02-16 03:59:10.556396,Toronto-1a68,26,13,Normal
2026-02-16 03:59:11.556396,Toronto-1a68,42,1,Normal
2026-02-16 03:59:12.556396,Toronto-1a68,-26,48,Normal
2026-02-16 03:59:13.556396,Toronto-1a68,23,5,Normal
2026-02-16 03:59:14.556396,Toronto-1a68,-19,58,Normal
2026-02-16 03:59:15.556396,Toronto-1a68,1,16,Normal
2026-02-16 03:59:16.556396,Toronto-1a68,26,90,Normal
2026-02-16 03:59:17.556396,Toronto-1a68,4,42,Normal
2026-02-16 03:59:18.556396,Toronto-1a68,1,63,Normal
2026-02-16 03:59:19.556396,Toronto-1a68,-10,100,Normal
2026-02-16 03:59:20.556396,Toronto-1a68,9,87,Normal
2026-02-16 03:59:21.556396,Toronto-1a68,-3,52,Normal
2026-02-16 03:59:22.556396,Toronto-1a68,29,39,Normal
2026-02-16 03:59:23.556396,Toronto-1a68,-15,48,Normal
2026-02-16 03:59:24.556396,Toronto-1a68,-4,77,Normal
2026-02-16 03:59:25.556396,Toronto-1a68,-19,7,Normal
2026-02-16 03:59:26.556396,Toronto-1a68,-18,71,Normal
2026-02-16 03:59:27.556396,Toronto-1a68,50,54,Normal
2026-02-16 03:59:28.556396,Toronto-1a68,32,99,Normal
2026-02-16 03:59:29.556396,Toronto-1a68,27,86,Normal
2026-02-16 03:59:30.556396,Toronto-1a68,8,22,Normal
2026-02-16 03:59:31.556396,Toronto-1a68,2,15,Normal
2026-02-16 03:59:32.556396,Toronto-1a68,31,74,Normal
2026-02-16 03:59:33.556396,Toronto-1a68,-9,72,Normal
2026-02-16 03:59:34.556396,Toronto-1a68,-14,49,Normal
2026-02-16 03:59:35.556396,Toronto-1a68,-3,13,Normal
2026-02-16 03:59:36.556396,Toronto-1a68,13,61,Normal
2026-02-16 03:59:37.556396,Toronto-1a68,-14,4,Normal
2026-02-16 03:59:38.556396,Toronto-1a68,15,48,Normal
2026-02-16 03:59:39.556396,Toronto-1a68,8,9,Normal
2026-02-16 03:59:40.556396,Toronto-1a68,43,44,Normal
2026-02-16 03:59:41.556396,Toronto-1a68,9,34,Normal
2026-02-16 03:59:42.556396,Toronto-1a68,23,87,Normal
2026-02-16 03:59:43.556396,Toronto-1a68,50,99,Normal
2026-02-16 03:59:44.556396,Toronto-1a68,-4,0,Normal
2026-02-16 03:59:45.556396,Toronto-1a68,35,17,Normal
2026-02-16 03:59:46.556396,Toronto-1a68,-13,30,Normal
2026-02-16 03:59:47.556396,Toronto-1a68,9,17,Normal
2026-02-16 03:59:48.556396,Toronto-1a68,39,81,Normal
2026-02-16 03:59:49.556396,Toronto-1a68,37,28,Normal
2026-02-16 03:59:50.556396,Toronto-1a68,38,92,Normal
2026-02-16 03:59:51.556396,Toronto-1a68,-26,43,Normal
2026-02-16 03:59:52.556396,Toronto-1a68,-25,38,Normal
2026-02-16 03:59:53.556396,Toronto-1a68,7,69,Normal
2026-02-16 03:59:54.556396,Toronto-1a68,32,49,Normal
2026-02-16 03:59:55.556396,Toronto-1a68,3,1,Normal
2026-02-16 03:59:56.556396,Toronto-1a68,21,99,Normal
2026-02-16 03:59:57.556396,Toronto-1a68,-21,75,Normal
2026-02-16 03:59:58.556396,Toronto-1a68,10,15,Normal
2026-02-16 03:59:59.556396,Toronto-1a68,21,5,Normal
2026-02-16 04:00:00.556396,Toronto-1a68,-19,25,Normal
2026-02-16 04:00:01.556396,Toronto-1a68,11,16,Normal
2026-02-16 04:00:02.556396,Toronto-1a68,31,33,Normal
2026-02-16 04:00:03.556396,Toronto-1a68,16,18,Normal
2026-02-16 04:00:04.556396,Toronto-1a68,6,84,Normal
2026-02-16 04:00:05.556396,Toronto-1a68,-30,72,Normal
2026-02-16 04:00:06.556396,Toronto-1a68,40,48,Normal
2026-02-16 04:00:07.556396,Toronto-1a68,-4,19,Normal
2026-02-16 04:00:08.556396,Toronto-1a68,48,77,Normal
2026-02-16 04:00:09.556396,Toronto-1a68,47,75,Normal
2026-02-16 04:00:10.556396,Toronto-1a68,50,28,Normal
2026-02-16 04:00:11.556396,Toronto-1a68,-25,37,Normal
2026-02-16 04:00:12.556396,Toronto-1a68,-22,81,Normal
2026-02-16 04:00:13.556396,Toronto-1a68,20,18,Normal
2026-02-16 04:00:14.556396,Toronto-1a68,22,87,Normal
2026-02-16 04:00:15.556396,Toronto-1a68,14,22,Normal
2026-02-16 04:00:16.556396,Toronto-1a68,22,48,Normal
2026-02-16 04:00:17.556396,Toronto-1a68,27,27,Normal
2026-02-16 04:00:18.556396,Toronto-1a68,7,3,Normal
2026-02-16 04:00:19.556396,Toronto-1a68,-4,80,Normal
2026-02-16 04:00:20.556396,Toronto-1a68,33,95,Normal
2026-02-16 04:00:21.556396,Toronto-1a68,21,50,Normal
2026-02-16 04:00:22.556396,Toronto-1a68,33,64,Normal
2026-02-16 04:00:23.556396,Toronto-1a68,-3,88,Normal
2026-02-16 04:00:24.556396,Toronto-1a68,35,39,Normal
2026-02-16 04:00:25.556396,Toronto-1a68,36,94,Normal
2026-02-16 04:00:26.556396,Toronto-1a68,45,47,Normal
2026-02-16 04:00:27.556396,Toronto-1a68,47,95,Normal
2026-02-16 04:00:28.556396,Toronto-1a68,-22,18,Normal
2026-02-16 04:00:29.556396,Toronto-1a68,27,77,Normal
2026-02-16 04:00:30.556396,Toronto-1a68,-16,92,Normal
2026-02-16 04:00:31.556396,Toronto-1a68,29,89,Normal
2026-02-16 04:00:32.556396,Toronto-1a68,9,68,Normal
2026-02-16 04:00:33.556396,Toronto-1a68,-17,73,Normal
2026-02-16 04:00:34.556396,Toronto-1a68,21,61,Normal
2026-02-16 04:00:35.556396,Toronto-1a68,32,59,Normal
2026-02-16 04:00:36.556396,Toronto-1a68,12,52,Normal
2026-02-16 04:00:37.556396,Toronto-1a68,40,7,Normal
2026-02-16 04:00:38.556396,Toronto-1a68,38,15,Normal
2026-02-16 04:00:39.556396,Toronto-1a68,41,80,Normal
2026-02-16 04:00:40.556396,Toronto-1a68,1,59,Normal
2026-02-16 04:00:41.556396,Toronto-1a68,40,17,Normal
2026-02-16 04:00:42.556396,Toronto-1a68,-21,18,Normal
2026-02-16 04:00:43.556396,Toronto-1a68,49,73,Normal
2026-02-16 04:00:44.556396,Toronto-1a68,-5,15,Normal
2026-02-16 04:00:45.556396,Toronto-1a68,-10,8,Normal
2026-02-16 04:00:46.556396,Toronto-1a68,34,19,Normal
2026-02-16 04:00:47.556396,Toronto-1a68,12,59,Normal
2026-02-16 04:00:48.556396,Toronto-1a68,19,62,Normal
2026-02-16 04:00:49.556396,Toronto-1a68,-13,40,Normal
2026-02-16 04:00:50.556396,Toronto-1a68,21,40,Normal
