timestamp,station_id,temp,humid,condition
2026-02-14 01:47:04.308322,Paris-46e4,-18,95,Normal
2026-02-14 01:47:05.308322,Paris-46e4,-3,35,Normal
2026-02-14 01:47:06.308322,Paris-46e4,-28,29,Normal
2026-02-14 01:47:07.308322,Paris-46e4,37,69,Normal
2026-02-14 01:47:08.308322,Paris-46e4,-2,5,Normal
2026-02-14 01:47:09.308322,Paris-46e4,35,55,Normal
2026-02-14 01:47:10.308322,Paris-46e4,-22,50,Normal
2026-02-14 01:47:11.308322,Paris-46e4,6,76,Normal
2026-02-14 01:47:12.308322,Paris-46e4,-20,47,Normal
2026-02-14 01:47:13.308322,Paris-46e4,50,100,Normal
2026-02-14 01:47:14.308322,Paris-46e4,-19,75,Normal
2026-02-14 01:47:15.308322,Paris-46e4,-13,81,Normal
2026-02-14 01:47:16.308322,Paris-46e4,21,64,Normal
2026-02-14 01:47:17.308322,Paris-46e4,35,11,Normal
2026-02-14 01:47:18.308322,Paris-46e4,5,25,Normal
2026-02-14 01:47:19.308322,Paris-46e4,10,11,Normal
2026-02-14 01:47:20.308322,Paris-46e4,18,79,Normal
2026-02-14 01:47:21.308322,Paris-46e4,-14,61,Normal
2026-02-14 01:47:22.308322,Paris-46e4,16,58,Normal
2026-02-14 01:47:23.308322,Paris-46e4,47,64,Normal
2026-02-14 01:47:24.308322,Paris-46e4,25,8,Normal
2026-02-14 01:47:25.308322,Paris-46e4,-12,15,Normal
2026-02-14 01:47:26.308322,Paris-46e4,9,28,Normal
2026-02-14 01:47:27.308322,Paris-46e4,1,63,Normal
2026-02-14 01:47:28.308322,Paris-46e4,3,61,Normal
2026-02-14 01:47:29.308322,Paris-46e4,-24,50,Normal
2026-02-14 01:47:30.308322,Paris-46e4,19,92,Normal
2026-02-14 01:47:31.308322,Paris-46e4,-19,43,Normal
2026-02-14 01:47:32.308322,Paris-46e4,-17,68,Normal
2026-02-14 01:47:33.308322,Paris-46e4,29,12,Normal
2026-02-14 01:47:34.308322,Paris-46e4,3,36,Normal
2026-02-14 01:47:35.308322,Paris-46e4,8,0,Normal
2026-02-14 01:47:36.308322,Paris-46e4,36,57,Normal
2026-02-14 01:47:37.308322,Paris-46e4,39,31,Normal
2026-02-14 01:47:38.308322,Paris-46e4,22,24,Normal
2026-02-14 01:47:39.308322,Paris-46e4,-27,75,Normal
2026-02-14 01:47:40.308322,Paris-46e4,26,52,Normal
2026-02-14 01:47:41.308322,Paris-46e4,-21,96,Normal
2026-02-14 01:47:42.308322,Paris-46e4,6,95,Normal
2026-02-14 01:47:43.308322,Paris-46e4,24,48,Normal
2026-02-14 01:47:44.308322,Paris-46e4,13,83,Normal
2026-02-14 01:47:45.308322,Paris-46e4,31,29,Normal
2026-02-14 01:47:46.308322,Paris-46e4,4,31,Normal
2026-02-14 01:47:47.308322,Paris-46e4,12,93,Normal
2026-02-14 01:47:48.308322,Paris-46e4,-17,76,Normal
2026-02-14 01:47:49.308322,Paris-46e4,-12,37,Normal
2026-02-14 01:47:50.308322,Paris-46e4,8,81,Normal
2026-02-14 01:47:51.308322,Paris-46e4,28,47,Normal
2026-02-14 01:47:52.308322,Paris-46e4,40,87,Normal
2026-02-14 01:47:53.308322,Paris-46e4,-1,46,Normal
2026-02-14 01:47:54.308322,Paris-46e4,-20,75,Normal
2026-02-14 01:47:55.308322,Paris-46e4,45,30,Normal
2026-02-14 01:47:56.308322,Paris-46e4,21,90,Normal
2026-02-14 01:47:57.308322,Paris-46e4,-15,8,Normal
2026-02-14 01:47:58.308322,Paris-46e4,6,85,Normal
2026-02-14 01:47:59.308322,Paris-46e4,29,45,Normal
2026-02-14 01:48:00.308322,Paris-46e4,1,60,Normal
2026-02-14 01:48:01.308322,Paris-46e4,-24,71,Normal
2026-02-14 01:48:02.308322,Paris-46e4,-20,36,Normal
2026-02-14 01:48:03.308322,Paris-46e4,22,57,Normal
2026-02-14 01:48:04.308322,Paris-46e4,-3,73,Normal
2026-02-14 01:48:05.308322,Paris-46e4,32,83,Normal
2026-02-14 01:48:06.308322,Paris-46e4,43,86,Normal
2026-02-14 01:48:07.308322,Paris-46e4,-4,50,Normal
2026-02-14 01:48:08.308322,Paris-46e4,18,58,Normal
2026-02-14 01:48:09.308322,Paris-46e4,-8,32,Normal
2026-02-14 01:48:10.308322,Paris-46e4,-7,43,Normal
2026-02-14 01:48:11.308322,Paris-46e4,14,65,Normal
2026-02-14 01:48:12.308322,Paris-46e4,44,51,Normal
2026-02-14 01:48:13.308322,Paris-46e4,0,2,Normal
2026-02-14 01:48:14.308322,Paris-46e4,34,46,Normal
2026-02-14 01:48:15.308322,Paris-46e4,10,45,Normal
2026-02-14 01:48:16.308322,Paris-46e4,-20,44,Normal
2026-02-14 01:48:17.308322,Paris-46e4,-11,70,Normal
2026-02-14 01:48:18.308322,Paris-46e4,29,61,Normal
2026-02-14 01:48:19.308322,Paris-46e4,40,42,Normal
2026-02-14 01:48:20.308322,Paris-46e4,12,26,Normal
2026-02-14 01:48:21.308322,Paris-46e4,-28,52,Normal
2026-02-14 01:48:22.308322,Paris-46e4,2,32,Normal
2026-02-14 01:48:23.308322,Paris-46e4,25,17,Normal
2026-02-14 01:48:24.308322,Paris-46e4,28,76,Normal
2026-02-14 01:48:25.308322,Paris-46e4,29,1,Normal
2026-02-14 01:48:26.308322,Paris-46e4,-16,61,Normal
2026-02-14 01:48:27.308322,Paris-46e4,34,78,Normal
2026-02-14 01:48:28.308322,Paris-46e4,17,14,Normal
2026-02-14 01:48:29.308322,Paris-46e4,-1,35,Normal
2026-02-14 01:48:30.308322,Paris-46e4,16,95,Normal
2026-02-14 01:48:31.308322,Paris-46e4,-10,16,Normal
2026-02-14 01:48:32.308322,Paris-46e4,47,10,Normal
2026-02-14 01:48:33.308322,Paris-46e4,40,13,Normal
2026-02-14 01:48:34.308322,Paris-46e4,-20,33,Normal
2026-02-14 01:48:35.308322,Paris-46e4,25,89,Normal
2026-02-14 01:48:36.308322,Paris-46e4,45,73,Normal
2026-02-14 01:48:37.308322,Paris-46e4,0,97,Normal
2026-02-14 01:48:38.308322,Paris-46e4,-6,51,Normal
2026-02-14 01:48:39.308322,Paris-46e4,5,79,Normal
2026-02-14 01:48:40.308322,Paris-46e4,9,100,Normal
2026-02-14 01:48:41.308322,Paris-46e4,47,65,Normal
2026-02-14 01:48:42.308322,Paris-46e4,-15,81,Normal
2026-02-14 01:48:43.308322,Paris-46e4,43,81,Normal
2026-02-14 01:48:44.308322,Paris-46e4,-26,38,Normal
2026-02-14 01:48:45.308322,Paris-46e4,30,26,Normal
2026-02-14 01:48:46.308322,Paris-46e4,9,52,Normal
2026-02-14 01:48:47.308322,Paris-46e4,-25,42,Normal
2026-02-14 01:48:48.308322,Paris-46e4,32,30,Normal
2026-02-14 01:48:49.308322,Paris-46e4,-1,80,Normal
2026-02-14 01:48:50.308322,Paris-46e4,36,85,Normal
2026-02-14 01:48:51.308322,Paris-46e4,5,54,Normal
2026-02-14 01:48:52.308322,Paris-46e4,-22,85,Normal
2026-02-14 01:48:53.308322,Paris-46e4,-15,27,Normal
2026-02-14 01:48:54.308322,Paris-46e4,-2,72,Normal
2026-02-14 01:48:55.308322,Paris-46e4,-10,82,Normal
2026-02-14 01:48:56.308322,Paris-46e4,45,94,Normal
2026-02-14 01:48:57.308322,Paris-46e4,20,73,Normal
2026-02-14 01:48:58.308322,Paris-46e4,-10,76,Normal
2026-02-14 01:48:59.308322,Paris-46e4,-19,22,Normal
2026-02-14 01:49:00.308322,Paris-46e4,16,19,Normal
2026-02-14 01:49:01.308322,Paris-46e4,32,44,Normal
2026-02-14 01:49:02.308322,Paris-46e4,-23,37,Normal
2026-02-14 01:49:03.308322,Paris-46e4,-11,17,Normal
2026-02-14 01:49:04.308322,Paris-46e4,24,71,Normal
2026-02-14 01:49:05.308322,Paris-46e4,-17,16,Normal
2026-02-14 01:49:06.308322,Paris-46e4,38,20,Normal
2026-02-14 01:49:07.308322,Paris-46e4,-25,68,Normal
2026-02-14 01:49:08.308322,Paris-46e4,-4,11,Normal
2026-02-14 01:49:09.308322,Paris-46e4,2,98,Normal
2026-02-14 01:49:10.308322,Paris-46e4,35,95,Normal
2026-02-14 01:49:11.308322,Paris-46e4,11,30,Normal
2026-02-14 01:49:12.308322,Paris-46e4,50,62,Normal
2026-02-14 01:49:13.308322,Paris-46e4,-9,57,Normal
2026-02-14 01:49:14.308322,Paris-46e4,-19,37,Normal
2026-02-14 01:49:15.308322,Paris-46e4,17,16,Normal
2026-02-14 01:49:16.308322,Paris-46e4,-10,32,Normal
2026-02-14 01:49:17.308322,Paris-46e4,-5,55,Normal
2026-02-14 01:49:18.308322,Paris-46e4,10,83,Normal
2026-02-14 01:49:19.308322,Paris-46e4,2,42,Normal
2026-02-14 01:49:20.308322,Paris-46e4,20,84,Normal
2026-02-14 01:49:21.308322,Paris-46e4,-3,88,Normal
2026-02-14 01:49:22.308322,Paris-46e4,37,82,Normal
2026-02-14 01:49:23.308322,Paris-46e4,43,51,Normal
2026-02-14 01:49:24.308322,Paris-46e4,16,29,Normal
2026-02-14 01:49:25.308322,Paris-46e4,47,63,Normal
2026-02-14 01:49:26.308322,Paris-46e4,25,27,Normal
2026-02-14 01:49:27.308322,Paris-46e4,34,56,Normal
2026-02-14 01:49:28.308322,Paris-46e4,21,54,Normal
2026-02-14 01:49:29.308322,Paris-46e4,30,87,Normal
2026-02-14 01:49:30.308322,Paris-46e4,27,34,Normal
2026-02-14 01:49:31.308322,Paris-46e4,5,34,Normal
2026-02-14 01:49:32.308322,Paris-46e4,-28,6,Normal
2026-02-14 01:49:33.308322,Paris-46e4,-25,16,Normal
2026-02-14 01:49:34.308322,Paris-46e4,-10,98,Normal
2026-02-14 01:49:35.308322,Paris-46e4,27,49,Normal
2026-02-14 01:49:36.308322,Paris-46e4,40,0,Normal
2026-02-14 01:49:37.308322,Paris-46e4,24,97,Normal
2026-02-14 01:49:38.308322,Paris-46e4,39,5,Normal
2026-02-14 01:49:39.308322,Paris-46e4,-8,13,Normal
2026-02-14 01:49:40.308322,Paris-46e4,33,72,Normal
2026-02-14 01:49:41.308322,Paris-46e4,38,100,Normal
2026-02-14 01:49:42.308322,Paris-46e4,24,78,Normal
2026-02-14 01:49:43.308322,Paris-46e4,10,8,Normal
2026-02-14 01:49:44.308322,Paris-46e4,45,40,Normal
2026-02-14 01:49:45.308322,Paris-46e4,46,90,Normal
2026-02-14 01:49:46.308322,Paris-46e4,32,9,Normal
2026-02-14 01:49:47.308322,Paris-46e4,-1,89,Normal
2026-02-14 01:49:48.308322,Paris-46e4,25,60,Normal
2026-02-14 01:49:49.308322,Paris-46e4,-19,48,Normal
2026-02-14 01:49:50.308322,Paris-46e4,2,21,Normal
2026-02-14 01:49:51.308322,Paris-46e4,27,78,Normal
2026-02-14 01:49:52.308322,Paris-46e4,-7,44,Normal
2026-02-14 01:49:53.308322,Paris-46e4,-12,59,Normal
2026-02-14 01:49:54.308322,Paris-46e4,13,96,Normal
2026-02-14 01:49:55.308322,Paris-46e4,40,43,Normal
2026-02-14 01:49:56.308322,Paris-46e4,-6,1,Normal
2026-02-14 01:49:57.308322,Paris-46e4,-3,32,Normal
2026-02-14 01:49:58.308322,Paris-46e4,1,5,Normal
2026-02-14 01:49:59.308322,Paris-46e4,39,38,Normal
2026-02-14 01:50:00.308322,Paris-46e4,32,6,Normal
2026-02-14 01:50:01.308322,Paris-46e4,-13,13,Normal
2026-02-14 01:50:02.308322,Paris-46e4,-25,18,Normal
2026-02-14 01:50:03.308322,Paris-46e4,-14,44,Normal
2026-02-14 01:50:04.308322,Paris-46e4,-25,70,Normal
2026-02-14 01:50:05.308322,Paris-46e4,-30,57,Normal
2026-02-14 01:50:06.308322,Paris-46e4,30,6,Normal
2026-02-14 01:50:07.308322,Paris-46e4,14,21,Normal
2026-02-14 01:50:08.308322,Paris-46e4,-26,80,Normal
2026-02-14 01:50:09.308322,Paris-46e4,-20,46,Normal
2026-02-14 01:50:10.308322,Paris-46e4,48,71,Normal
2026-02-14 01:50:11.308322,Paris-46e4,16,99,Normal
2026-02-14 01:50:12.308322,Paris-46e4,48,59,Normal
2026-02-14 01:50:13.308322,Paris-46e4,-26,35,Normal
2026-02-14 01:50:14.308322,Paris-46e4,-27,86,Normal
2026-02-14 01:50:15.308322,Paris-46e4,27,75,Normal
2026-02-14 01:50:16.308322,Paris-46e4,-15,92,Normal
2026-02-14 01:50:17.308322,Paris-46e4,19,83,Normal
2026-02-14 01:50:18.308322,Paris-46e4,26,44,Normal
2026-02-14 01:50:19.308322,Paris-46e4,15,18,Normal
2026-02-14 01:50:20.308322,Paris-46e4,-27,25,Normal
2026-02-14 01:50:21.308322,Paris-46e4,-19,21,Normal
2026-02-14 01:50:22.308322,Paris-46e4,46,50,Normal
2026-02-14 01:50:23.308322,Paris-46e4,-16,22,Normal
2026-02-14 01:50:24.308322,Paris-46e4,36,95,Normal
2026-02-14 01:50:25.308322,Paris-46e4,4,65,Normal
2026-02-14 01:50:26.308322,Paris-46e4,5,41,Normal
2026-02-14 01:50:27.308322,Paris-46e4,1,45,Normal
2026-02-14 01:50:28.308322,Paris-46e4,4,66,Normal
2026-02-14 01:50:29.308322,Paris-46e4,46,96,Normal
2026-02-14 01:50:30.308322,Paris-46e4,-25,67,Normal
2026-02-14 01:50:31.308322,Paris-46e4,-27,43,Normal
2026-02-14 01:50:32.308322,Paris-46e4,-7,31,Normal
2026-02-14 01:50:33.308322,Paris-46e4,17,73,Normal
2026-02-14 01:50:34.308322,Paris-46e4,-14,74,Normal
2026-02-14 01:50:35.308322,Paris-46e4,-20,25,Normal
2026-02-14 01:50:36.308322,Paris-46e4,16,9,Normal
2026-02-14 01:50:37.308322,Paris-46e4,44,47,Normal
2026-02-14 01:50:38.308322,Paris-46e4,26,32,Normal
2026-02-14 01:50:39.308322,Paris-46e4,-27,78,Normal
2026-02-14 01:50:40.308322,Paris-46e4,-9,10,Normal
2026-02-14 01:50:41.308322,Paris-46e4,3,2,Normal
2026-02-14 01:50:42.308322,Paris-46e4,19,24,Normal
2026-02-14 01:50:43.308322,Paris-46e4,16,40,Normal
2026-02-14 01:50:44.308322,Paris-46e4,-12,14,Normal
2026-02-14 01:50:45.308322,Paris-46e4,-7,47,Normal
2026-02-14 01:50:46.308322,Paris-46e4,9,49,Normal
2026-02-14 01:50:47.308322,Paris-46e4,24,67,Normal
2026-02-14 01:50:48.308322,Paris-46e4,-4,95,Normal
2026-02-14 01:50:49.308322,Paris-46e4,-10,83,Normal
2026-02-14 01:50:50.308322,Paris-46e4,0,49,Normal
2026-02-14 01:50:51.308322,Paris-46e4,22,33,Normal
2026-02-14 01:50:52.308322,Paris-46e4,12,81,Normal
2026-02-14 01:50:53.308322,Paris-46e4,-30,26,Normal
2026-02-14 01:50:54.308322,Paris-46e4,28,26,Normal
2026-02-14 01:50:55.308322,Paris-46e4,0,94,Normal
2026-02-14 01:50:56.308322,Paris-46e4,-24,52,Normal
2026-02-14 01:50:57.308322,Paris-46e4,-24,50,Normal
2026-02-14 01:50:58.308322,Paris-46e4,14,63,Normal
2026-02-14 01:50:59.308322,Paris-46e4,29,29,Normal
2026-02-14 01:51:00.308322,Paris-46e4,-15,18,Normal
2026-02-14 01:51:01.308322,Paris-46e4,-12,39,Normal
2026-02-14 01:51:02.308322,Paris-46e4,19,13,Normal
2026-02-14 01:51:03.308322,Paris-46e4,-12,9,Normal
2026-02-14 01:51:04.308322,Paris-46e4,25,68,Normal
2026-02-14 01:51:05.308322,Paris-46e4,-18,49,Normal
2026-02-14 01:51:06.308322,Paris-46e4,33,16,Normal
2026-02-14 01:51:07.308322,Paris-46e4,34,37,Normal
2026-02-14 01:51:08.308322,Paris-46e4,24,83,Normal
2026-02-14 01:51:09.308322,Paris-46e4,25,89,Normal
2026-02-14 01:51:10.308322,Paris-46e4,21,17,Normal
2026-02-14 01:51:11.308322,Paris-46e4,33,83,Normal
2026-02-14 01:51:12.308322,Paris-46e4,24,31,Normal
2026-02-14 01:51:13.308322,Paris-46e4,13,55,Normal
2026-02-14 01:51:14.308322,Paris-46e4,29,70,Normal
2026-02-14 01:51:15.308322,Paris-46e4,-1,0,Normal
2026-02-14 01:51:16.308322,Paris-46e4,-2,55,Normal
2026-02-14 01:51:17.308322,Paris-46e4,45,38,Normal
2026-02-14 01:51:18.308322,Paris-46e4,21,61,Normal
2026-02-14 01:51:19.308322,Paris-46e4,-9,61,Normal
2026-02-14 01:51:20.308322,Paris-46e4,-23,38,Normal
2026-02-14 01:51:21.308322,Paris-46e4,11,54,Normal
2026-02-14 01:51:22.308322,Paris-46e4,12,52,Normal
2026-02-14 01:51:23.308322,Paris-46e4,42,8,Normal
2026-02-14 01:51:24.308322,Paris-46e4,17,95,Normal
2026-02-14 01:51:25.308322,Paris-46e4,29,35,Normal
2026-02-14 01:51:26.308322,Paris-46e4,38,53,Normal
2026-02-14 01:51:27.308322,Paris-46e4,-5,64,Normal
2026-02-14 01:51:28.308322,Paris-46e4,27,34,Normal
2026-02-14 01:51:29.308322,Paris-46e4,46,25,Normal
2026-02-14 01:51:30.308322,Paris-46e4,45,95,Normal
2026-02-14 01:51:31.308322,Paris-46e4,30,20,Normal
2026-02-14 01:51:32.308322,Paris-46e4,-12,70,Normal
2026-02-14 01:51:33.308322,Paris-46e4,10,77,Normal
2026-02-14 01:51:34.308322,Paris-46e4,-13,85,Normal
2026-02-14 01:51:35.308322,Paris-46e4,29,13,Normal
2026-02-14 01:51:36.308322,Paris-46e4,41,47,Normal
2026-02-14 01:51:37.308322,Paris-46e4,50,95,Normal
2026-02-14 01:51:38.308322,Paris-46e4,22,47,Normal
2026-02-14 01:51:39.308322,Paris-46e4,29,36,Normal
2026-02-14 01:51:40.308322,Paris-46e4,-2,84,Normal
2026-02-14 01:51:41.308322,Paris-46e4,43,26,Normal
2026-02-14 01:51:42.308322,Paris-46e4,24,17,Normal
2026-02-14 01:51:43.308322,Paris-46e4,17,47,Normal
2026-02-14 01:51:44.308322,Paris-46e4,-19,70,Normal
2026-02-14 01:51:45.308322,Paris-46e4,42,4,Normal
2026-02-14 01:51:46.308322,Paris-46e4,35,13,Normal
2026-02-14 01:51:47.308322,Paris-46e4,40,87,Normal
2026-02-14 01:51:48.308322,Paris-46e4,-30,37,Normal
2026-02-14 01:51:49.308322,Paris-46e4,46,51,Normal
2026-02-14 01:51:50.308322,Paris-46e4,44,27,Normal
2026-02-14 01:51:51.308322,Paris-46e4,-16,70,Normal
2026-02-14 01:51:52.308322,Paris-46e4,-16,94,Normal
2026-02-14 01:51:53.308322,Paris-46e4,-21,53,Normal
2026-02-14 01:51:54.308322,Paris-46e4,-23,38,Normal
2026-02-14 01:51:55.308322,Paris-46e4,43,9,Normal
2026-02-14 01:51:56.308322,Paris-46e4,43,66,Normal
2026-02-14 01:51:57.308322,Paris-46e4,11,91,Normal
2026-02-14 01:51:58.308322,Paris-46e4,32,15,Normal
2026-02-14 01:51:59.308322,Paris-46e4,1,55,Normal
2026-02-14 01:52:00.308322,Paris-46e4,13,8,Normal
2026-02-14 01:52:01.308322,Paris-46e4,29,8,Normal
2026-02-14 01:52:02.308322,Paris-46e4,-27,71,Normal
2026-02-14 01:52:03.308322,Paris-46e4,10,1,Normal
2026-02-14 01:52:04.308322,Paris-46e4,0,34,Normal
2026-02-14 01:52:05.308322,Paris-46e4,5,65,Normal
2026-02-14 01:52:06.308322,Paris-46e4,-3,85,Normal
2026-02-14 01:52:07.308322,Paris-46e4,26,75,Normal
2026-02-14 01:52:08.308322,Paris-46e4,-14,92,Normal
2026-02-14 01:52:09.308322,Paris-46e4,32,52,Normal
2026-02-14 01:52:10.308322,Paris-46e4,36,47,Normal
2026-02-14 01:52:11.308322,Paris-46e4,47,28,Normal
2026-02-14 01:52:12.308322,Paris-46e4,-2,4,Normal
2026-02-14 01:52:13.308322,Paris-46e4,-16,75,Normal
2026-02-14 01:52:14.308322,Paris-46e4,27,62,Normal
2026-02-14 01:52:15.308322,Paris-46e4,-25,16,Normal
2026-02-14 01:52:16.308322,Paris-46e4,38,57,Normal
2026-02-14 01:52:17.308322,Paris-46e4,-23,98,Normal
2026-02-14 01:52:18.308322,Paris-46e4,48,28,Normal
2026-02-14 01:52:19.308322,Paris-46e4,8,39,Normal
2026-02-14 01:52:20.308322,Paris-46e4,9,100,Normal
2026-02-14 01:52:21.308322,Paris-46e4,14,0,Normal
2026-02-14 01:52:22.308322,Paris-46e4,45,36,Normal
2026-02-14 01:52:23.308322,Paris-46e4,17,96,Normal
2026-02-14 01:52:24.308322,Paris-46e4,37,41,Normal
2026-02-14 01:52:25.308322,Paris-46e4,-27,64,Normal
2026-02-14 01:52:26.308322,Paris-46e4,0,99,Normal
2026-02-14 01:52:27.308322,Paris-46e4,22,63,Normal
2026-02-14 01:52:28.308322,Paris-46e4,49,87,Normal
2026-02-14 01:52:29.308322,Paris-46e4,25,11,Normal
2026-02-14 01:52:30.308322,Paris-46e4,32,72,Normal
2026-02-14 01:52:31.308322,Paris-46e4,-1,53,Normal
2026-02-14 01:52:32.308322,Paris-46e4,-14,9,Normal
2026-02-14 01:52:33.308322,Paris-46e4,43,91,Normal
2026-02-14 01:52:34.308322,Paris-46e4,-1,52,Normal
2026-02-14 01:52:35.308322,Paris-46e4,3,33,Normal
2026-02-14 01:52:36.308322,Paris-46e4,28,50,Normal
2026-02-14 01:52:37.308322,Paris-46e4,-22,29,Normal
2026-02-14 01:52:38.308322,Paris-46e4,40,0,Normal
2026-02-14 01:52:39.308322,Paris-46e4,-27,75,Normal
2026-02-14 01:52:40.308322,Paris-46e4,9,40,Normal
2026-02-14 01:52:41.308322,Paris-46e4,1,15,Normal
2026-02-14 01:52:42.308322,Paris-46e4,41,54,Normal
2026-02-14 01:52:43.308322,Paris-46e4,45,55,Normal
2026-02-14 01:52:44.308322,Paris-46e4,32,69,Normal
2026-02-14 01:52:45.308322,Paris-46e4,36,56,Normal
2026-02-14 01:52:46.308322,Paris-46e4,-16,55,Normal
2026-02-14 01:52:47.308322,Paris-46e4,40,45,Normal
2026-02-14 01:52:48.308322,Paris-46e4,40,95,Normal
2026-02-14 01:52:49.308322,Paris-46e4,15,82,Normal
2026-02-14 01:52:50.308322,Paris-46e4,10,95,Normal
2026-02-14 01:52:51.308322,Paris-46e4,-13,1,Normal
2026-02-14 01:52:52.308322,Paris-46e4,-26,55,Normal
2026-02-14 01:52:53.308322,Paris-46e4,-19,73,Normal
2026-02-14 01:52:54.308322,Paris-46e4,29,25,Normal
2026-02-14 01:52:55.308322,Paris-46e4,16,42,Normal
2026-02-14 01:52:56.308322,Paris-46e4,50,29,Normal
2026-02-14 01:52:57.308322,Paris-46e4,20,68,Normal
2026-02-14 01:52:58.308322,Paris-46e4,17,54,Normal
2026-02-14 01:52:59.308322,Paris-46e4,-16,43,Normal
2026-02-14 01:53:00.308322,Paris-46e4,4,56,Normal
2026-02-14 01:53:01.308322,Paris-46e4,-6,72,Normal
2026-02-14 01:53:02.308322,Paris-46e4,-11,74,Normal
2026-02-14 01:53:03.308322,Paris-46e4,47,16,Normal
2026-02-14 01:53:04.308322,Paris-46e4,-13,82,Normal
2026-02-14 01:53:05.308322,Paris-46e4,-11,93,Normal
2026-02-14 01:53:06.308322,Paris-46e4,-18,8,Normal
2026-02-14 01:53:07.308322,Paris-46e4,-25,29,Normal
2026-02-14 01:53:08.308322,Paris-46e4,-11,72,Normal
2026-02-14 01:53:09.308322,Paris-46e4,19,26,Normal
2026-02-14 01:53:10.308322,Paris-46e4,-26,63,Normal
2026-02-14 01:53:11.308322,Paris-46e4,-6,48,Normal
2026-02-14 01:53:12.308322,Paris-46e4,38,43,Normal
2026-02-14 01:53:13.308322,Paris-46e4,43,57,Normal
2026-02-14 01:53:14.308322,Paris-46e4,-6,1,Normal
2026-02-14 01:53:15.308322,Paris-46e4,33,92,Normal
2026-02-14 01:53:16.308322,Paris-46e4,3,76,Normal
2026-02-14 01:53:17.308322,Paris-46e4,-9,51,Normal
2026-02-14 01:53:18.308322,Paris-46e4,33,62,Normal
2026-02-14 01:53:19.308322,Paris-46e4,-17,95,Normal
2026-02-14 01:53:20.308322,Paris-46e4,-1,64,Normal
2026-02-14 01:53:21.308322,Paris-46e4,8,3,Normal
2026-02-14 01:53:22.308322,Paris-46e4,-30,22,Normal
2026-02-14 01:53:23.308322,Paris-46e4,-3,63,Normal
2026-02-14 01:53:24.308322,Paris-46e4,39,49,Normal
2026-02-14 01:53:25.308322,Paris-46e4,12,94,Normal
2026-02-14 01:53:26.308322,Paris-46e4,21,98,Normal
2026-02-14 01:53:27.308322,Paris-46e4,-11,39,Normal
2026-02-14 01:53:28.308322,Paris-46e4,47,55,Normal
2026-02-14 01:53:29.308322,Paris-46e4,36,58,Normal
2026-02-14 01:53:30.308322,Paris-46e4,21,68,Normal
2026-02-14 01:53:31.308322,Paris-46e4,-2,50,Normal
2026-02-14 01:53:32.308322,Paris-46e4,30,53,Normal
2026-02-14 01:53:33.308322,Paris-46e4,-29,1,Normal
2026-02-14 01:53:34.308322,Paris-46e4,41,71,Normal
2026-02-14 01:53:35.308322,Paris-46e4,-26,21,Normal
2026-02-14 01:53:36.308322,Paris-46e4,-9,92,Normal
2026-02-14 01:53:37.308322,Paris-46e4,-13,87,Normal
2026-02-14 01:53:38.308322,Paris-46e4,14,67,Normal
2026-02-14 01:53:39.308322,Paris-46e4,45,64,Normal
2026-02-14 01:53:40.308322,Paris-46e4,-26,51,Normal
2026-02-14 01:53:41.308322,Paris-46e4,35,25,Normal
2026-02-14 01:53:42.308322,Paris-46e4,2,4,Normal
2026-02-14 01:53:43.308322,Paris-46e4,3,67,Normal
2026-02-14 01:53:44.308322,Paris-46e4,-6,12,Normal
2026-02-14 01:53:45.308322,Paris-46e4,-4,52,Normal
2026-02-14 01:53:46.308322,Paris-46e4,23,31,Normal
2026-02-14 01:53:47.308322,Paris-46e4,-11,67,Normal
2026-02-14 01:53:48.308322,Paris-46e4,31,86,Normal
2026-02-14 01:53:49.308322,Paris-46e4,15,41,Normal
2026-02-14 01:53:50.308322,Paris-46e4,0,37,Normal
2026-02-14 01:53:51.308322,Paris-46e4,42,88,Normal
2026-02-14 01:53:52.308322,Paris-46e4,10,75,Normal
2026-02-14 01:53:53.308322,Paris-46e4,50,64,Normal
2026-02-14 01:53:54.308322,Paris-46e4,29,38,Normal
2026-02-14 01:53:55.308322,Paris-46e4,17,84,Normal
2026-02-14 01:53:56.308322,Paris-46e4,-6,94,Normal
2026-02-14 01:53:57.308322,Paris-46e4,21,63,Normal
2026-02-14 01:53:58.308322,Paris-46e4,-15,33,Normal
2026-02-14 01:53:59.308322,Paris-46e4,-18,32,Normal
2026-02-14 01:54:00.308322,Paris-46e4,13,24,Normal
2026-02-14 01:54:01.308322,Paris-46e4,45,37,Normal
2026-02-14 01:54:02.308322,Paris-46e4,-21,13,Normal
2026-02-14 01:54:03.308322,Paris-46e4,30,44,Normal
2026-02-14 01:54:04.308322,Paris-46e4,38,32,Normal
2026-02-14 01:54:05.308322,Paris-46e4,-28,77,Normal
2026-02-14 01:54:06.308322,Paris-46e4,25,18,Normal
2026-02-14 01:54:07.308322,Paris-46e4,15,48,Normal
2026-02-14 01:54:08.308322,Paris-46e4,10,26,Normal
2026-02-14 01:54:09.308322,Paris-46e4,8,62,Normal
2026-02-14 01:54:10.308322,Paris-46e4,-14,54,Normal
2026-02-14 01:54:11.308322,Paris-46e4,46,36,Normal
2026-02-14 01:54:12.308322,Paris-46e4,-15,20,Normal
2026-02-14 01:54:13.308322,Paris-46e4,17,66,Normal
2026-02-14 01:54:14.308322,Paris-46e4,14,92,Normal
2026-02-14 01:54:15.308322,Paris-46e4,-24,2,Normal
2026-02-14 01:54:16.308322,Paris-46e4,30,75,Normal
2026-02-14 01:54:17.308322,Paris-46e4,-28,33,Normal
2026-02-14 01:54:18.308322,Paris-46e4,-27,23,Normal
2026-02-14 01:54:19.308322,Paris-46e4,21,45,Normal
2026-02-14 01:54:20.308322,Paris-46e4,47,8,Normal
2026-02-14 01:54:21.308322,Paris-46e4,-5,88,Normal
2026-02-14 01:54:22.308322,Paris-46e4,-30,76,Normal
2026-02-14 01:54:23.308322,Paris-46e4,-27,77,Normal
2026-02-14 01:54:24.308322,Paris-46e4,42,8,Normal
2026-02-14 01:54:25.308322,Paris-46e4,24,97,Normal
2026-02-14 01:54:26.308322,Paris-46e4,29,29,Normal
2026-02-14 01:54:27.308322,Paris-46e4,-19,15,Normal
2026-02-14 01:54:28.308322,Paris-46e4,41,81,Normal
2026-02-14 01:54:29.308322,Paris-46e4,19,63,Normal
2026-02-14 01:54:30.308322,Paris-46e4,-22,1,Normal
2026-02-14 01:54:31.308322,Paris-46e4,16,54,Normal
2026-02-14 01:54:32.308322,Paris-46e4,48,90,Normal
2026-02-14 01:54:33.308322,Paris-46e4,6,41,Normal
2026-02-14 01:54:34.308322,Paris-46e4,-11,93,Normal
2026-02-14 01:54:35.308322,Paris-46e4,7,26,Normal
2026-02-14 01:54:36.308322,Paris-46e4,-8,95,Normal
2026-02-14 01:54:37.308322,Paris-46e4,19,35,Normal
2026-02-14 01:54:38.308322,Paris-46e4,12,20,Normal
2026-02-14 01:54:39.308322,Paris-46e4,17,50,Normal
2026-02-14 01:54:40.308322,Paris-46e4,22,52,Normal
2026-02-14 01:54:41.308322,Paris-46e4,-5,5,Normal
2026-02-14 01:54:42.308322,Paris-46e4,19,83,Normal
2026-02-14 01:54:43.308322,Paris-46e4,2,72,Normal
2026-02-14 01:54:44.308322,Paris-46e4,26,71,Normal
2026-02-14 01:54:45.308322,Paris-46e4,-22,1,Normal
2026-02-14 01:54:46.308322,Paris-46e4,9,59,Normal
2026-02-14 01:54:47.308322,Paris-46e4,-20,60,Normal
2026-02-14 01:54:48.308322,Paris-46e4,47,13,Normal
2026-02-14 01:54:49.308322,Paris-46e4,21,19,Normal
2026-02-14 01:54:50.308322,Paris-46e4,-11,66,Normal
2026-02-14 01:54:51.308322,Paris-46e4,30,77,Normal
2026-02-14 01:54:52.308322,Paris-46e4,41,7,Normal
2026-02-14 01:54:53.308322,Paris-46e4,8,36,Normal
2026-02-14 01:54:54.308322,Paris-46e4,-9,80,Normal
2026-02-14 01:54:55.308322,Paris-46e4,-22,5,Normal
2026-02-14 01:54:56.308322,Paris-46e4,-29,63,Normal
2026-02-14 01:54:57.308322,Paris-46e4,-27,34,Normal
2026-02-14 01:54:58.308322,Paris-46e4,-13,70,Normal
2026-02-14 01:54:59.308322,Paris-46e4,-30,91,Normal
2026-02-14 01:55:00.308322,Paris-46e4,-30,87,Normal
2026-02-14 01:55:01.308322,Paris-46e4,25,17,Normal
2026-02-14 01:55:02.308322,Paris-46e4,-13,4,Normal
2026-02-14 01:55:03.308322,Paris-46e4,11,38,Normal
2026-02-14 01:55:04.308322,Paris-46e4,-24,16,Normal
2026-02-14 01:55:05.308322,Paris-46e4,38,59,Normal
2026-02-14 01:55:06.308322,Paris-46e4,0,46,Normal
2026-02-14 01:55:07.308322,Paris-46e4,16,74,Normal
2026-02-14 01:55:08.308322,Paris-46e4,-1,86,Normal
2026-02-14 01:55:09.308322,Paris-46e4,6,37,Normal
2026-02-14 01:55:10.308322,Paris-46e4,-19,22,Normal
2026-02-14 01:55:11.308322,Paris-46e4,-9,92,Normal
2026-02-14 01:55:12.308322,Paris-46e4,34,53,Normal
2026-02-14 01:55:13.308322,Paris-46e4,3,80,Normal
2026-02-14 01:55:14.308322,Paris-46e4,-7,12,Normal
2026-02-14 01:55:15.308322,Paris-46e4,-7,93,Normal
2026-02-14 01:55:16.308322,Paris-46e4,-13,90,Normal
2026-02-14 01:55:17.308322,Paris-46e4,49,65,Normal
2026-02-14 01:55:18.308322,Paris-46e4,34,33,Normal
2026-02-14 01:55:19.308322,Paris-46e4,21,44,Normal
2026-02-14 01:55:20.308322,Paris-46e4,37,38,Normal
2026-02-14 01:55:21.308322,Paris-46e4,4,35,Normal
2026-02-14 01:55:22.308322,Paris-46e4,11,0,Normal
2026-02-14 01:55:23.308322,Paris-46e4,-14,28,Normal
2026-02-14 01:55:24.308322,Paris-46e4,33,48,Normal
2026-02-14 01:55:25.308322,Paris-46e4,-17,2,Normal
2026-02-14 01:55:26.308322,Paris-46e4,39,92,Normal
2026-02-14 01:55:27.308322,Paris-46e4,34,27,Normal
2026-02-14 01:55:28.308322,Paris-46e4,-19,96,Normal
2026-02-14 01:55:29.308322,Paris-46e4,-11,42,Normal
2026-02-14 01:55:30.308322,Paris-46e4,34,39,Normal
2026-02-14 01:55:31.308322,Paris-46e4,-15,4,Normal
2026-02-14 01:55:32.308322,Paris-46e4,33,43,Normal
2026-02-14 01:55:33.308322,Paris-46e4,21,92,Normal
2026-02-14 01:55:34.308322,Paris-46e4,-30,93,Normal
2026-02-14 01:55:35.308322,Paris-46e4,13,77,Normal
2026-02-14 01:55:36.308322,Paris-46e4,-26,14,Normal
2026-02-14 01:55:37.308322,Paris-46e4,0,97,Normal
2026-02-14 01:55:38.308322,Paris-46e4,45,45,Normal
2026-02-14 01:55:39.308322,Paris-46e4,15,18,Normal
2026-02-14 01:55:40.308322,Paris-46e4,44,11,Normal
2026-02-14 01:55:41.308322,Paris-46e4,42,41,Normal
2026-02-14 01:55:42.308322,Paris-46e4,18,72,Normal
2026-02-14 01:55:43.308322,Paris-46e4,-1,13,Normal
2026-02-14 01:55:44.308322,Paris-46e4,-16,15,Normal
2026-02-14 01:55:45.308322,Paris-46e4,-12,95,Normal
2026-02-14 01:55:46.308322,Paris-46e4,-20,80,Normal
2026-02-14 01:55:47.308322,Paris-46e4,-4,88,Normal
2026-02-14 01:55:48.308322,Paris-46e4,39,76,Normal
2026-02-14 01:55:49.308322,Paris-46e4,-13,96,Normal
2026-02-14 01:55:50.308322,Paris-46e4,-7,39,Normal
2026-02-14 01:55:51.308322,Paris-46e4,-10,74,Normal
2026-02-14 01:55:52.308322,Paris-46e4,17,7,Normal
2026-02-14 01:55:53.308322,Paris-46e4,39,38,Normal
2026-02-14 01:55:54.308322,Paris-46e4,49,1,Normal
2026-02-14 01:55:55.308322,Paris-46e4,29,56,Normal
2026-02-14 01:55:56.308322,Paris-46e4,16,34,Normal
2026-02-14 01:55:57.308322,Paris-46e4,-14,0,Normal
2026-02-14 01:55:58.308322,Paris-46e4,33,54,Normal
2026-02-14 01:55:59.308322,Paris-46e4,13,37,Normal
2026-02-14 01:56:00.308322,Paris-46e4,16,82,Normal
2026-02-14 01:56:01.308322,Paris-46e4,-11,29,Normal
2026-02-14 01:56:02.308322,Paris-46e4,18,95,Normal
2026-02-14 01:56:03.308322,Paris-46e4,24,85,Normal
2026-02-14 01:56:04.308322,Paris-46e4,-24,74,Normal
2026-02-14 01:56:05.308322,Paris-46e4,48,76,Normal
2026-02-14 01:56:06.308322,Paris-46e4,-21,65,Normal
2026-02-14 01:56:07.308322,Paris-46e4,12,8,Normal
2026-02-14 01:56:08.308322,Paris-46e4,40,38,Normal
2026-02-14 01:56:09.308322,Paris-46e4,22,3,Normal
2026-02-14 01:56:10.308322,Paris-46e4,-9,68,Normal
2026-02-14 01:56:11.308322,Paris-46e4,31,16,Normal
2026-02-14 01:56:12.308322,Paris-46e4,-30,27,Normal
2026-02-14 01:56:13.308322,Paris-46e4,-6,100,Normal
2026-02-14 01:56:14.308322,Paris-46e4,2,12,Normal
2026-02-14 01:56:15.308322,Paris-46e4,10,52,Normal
2026-02-14 01:56:16.308322,Paris-46e4,6,73,Normal
2026-02-14 01:56:17.308322,Paris-46e4,37,42,Normal
2026-02-14 01:56:18.308322,Paris-46e4,-21,26,Normal
2026-02-14 01:56:19.308322,Paris-46e4,50,13,Normal
2026-02-14 01:56:20.308322,Paris-46e4,45,17,Normal
2026-02-14 01:56:21.308322,Paris-46e4,2,60,Normal
2026-02-14 01:56:22.308322,Paris-46e4,5,8,Normal
2026-02-14 01:56:23.308322,Paris-46e4,-16,99,Normal
2026-02-14 01:56:24.308322,Paris-46e4,-30,59,Normal
2026-02-14 01:56:25.308322,Paris-46e4,6,45,Normal
2026-02-14 01:56:26.308322,Paris-46e4,6,49,Normal
2026-02-14 01:56:27.308322,Paris-46e4,12,77,Normal
2026-02-14 01:56:28.308322,Paris-46e4,21,39,Normal
2026-02-14 01:56:29.308322,Paris-46e4,-24,20,Normal
2026-02-14 01:56:30.308322,Paris-46e4,32,95,Normal
2026-02-14 01:56:31.308322,Paris-46e4,28,15,Normal
2026-02-14 01:56:32.308322,Paris-46e4,38,63,Normal
2026-02-14 01:56:33.308322,Paris-46e4,19,89,Normal
2026-02-14 01:56:34.308322,Paris-46e4,-22,58,Normal
2026-02-14 01:56:35.308322,Paris-46e4,48,91,Normal
2026-02-14 01:56:36.308322,Paris-46e4,18,10,Normal
2026-02-14 01:56:37.308322,Paris-46e4,15,52,Normal
2026-02-14 01:56:38.308322,Paris-46e4,-25,95,Normal
2026-02-14 01:56:39.308322,Paris-46e4,-9,16,Normal
2026-02-14 01:56:40.308322,Paris-46e4,27,93,Normal
2026-02-14 01:56:41.308322,Paris-46e4,14,33,Normal
2026-02-14 01:56:42.308322,Paris-46e4,6,37,Normal
2026-02-14 01:56:43.308322,Paris-46e4,22,38,Normal
2026-02-14 01:56:44.308322,Paris-46e4,49,95,Normal
2026-02-14 01:56:45.308322,Paris-46e4,40,15,Normal
2026-02-14 01:56:46.308322,Paris-46e4,13,23,Normal
2026-02-14 01:56:47.308322,Paris-46e4,2,48,Normal
2026-02-14 01:56:48.308322,Paris-46e4,44,76,Normal
2026-02-14 01:56:49.308322,Paris-46e4,-13,11,Normal
2026-02-14 01:56:50.308322,Paris-46e4,-20,76,Normal
2026-02-14 01:56:51.308322,Paris-46e4,25,7,Normal
2026-02-14 01:56:52.308322,Paris-46e4,-27,67,Normal
2026-02-14 01:56:53.308322,Paris-46e4,23,36,Normal
2026-02-14 01:56:54.308322,Paris-46e4,14,5,Normal
2026-02-14 01:56:55.308322,Paris-46e4,17,19,Normal
2026-02-14 01:56:56.308322,Paris-46e4,19,95,Normal
2026-02-14 01:56:57.308322,Paris-46e4,47,85,Normal
2026-02-14 01:56:58.308322,Paris-46e4,-2,51,Normal
2026-02-14 01:56:59.308322,Paris-46e4,5,79,Normal
2026-02-14 01:57:00.308322,Paris-46e4,24,99,Normal
2026-02-14 01:57:01.308322,Paris-46e4,-12,7,Normal
2026-02-14 01:57:02.308322,Paris-46e4,12,79,Normal
2026-02-14 01:57:03.308322,Paris-46e4,-22,95,Normal
2026-02-14 01:57:04.308322,Paris-46e4,31,4,Normal
2026-02-14 01:57:05.308322,Paris-46e4,2,84,Normal
2026-02-14 01:57:06.308322,Paris-46e4,21,34,Normal
2026-02-14 01:57:07.308322,Paris-46e4,47,80,Normal
2026-02-14 01:57:08.308322,Paris-46e4,34,69,Normal
2026-02-14 01:57:09.308322,Paris-46e4,23,87,Normal
2026-02-14 01:57:10.308322,Paris-46e4,46,91,Normal
2026-02-14 01:57:11.308322,Paris-46e4,-13,60,Normal
2026-02-14 01:57:12.308322,Paris-46e4,1,73,Normal
2026-02-14 01:57:13.308322,Paris-46e4,31,66,Normal
2026-02-14 01:57:14.308322,Paris-46e4,44,21,Normal
2026-02-14 01:57:15.308322,Paris-46e4,36,64,Normal
2026-02-14 01:57:16.308322,Paris-46e4,-28,91,Normal
2026-02-14 01:57:17.308322,Paris-46e4,26,27,Normal
2026-02-14 01:57:18.308322,Paris-46e4,-23,78,Normal
2026-02-14 01:57:19.308322,Paris-46e4,14,81,Normal
2026-02-14 01:57:20.308322,Paris-46e4,16,29,Normal
2026-02-14 01:57:21.308322,Paris-46e4,-24,62,Normal
2026-02-14 01:57:22.308322,Paris-46e4,-3,34,Normal
2026-02-14 01:57:23.308322,Paris-46e4,-1,96,Normal
2026-02-14 01:57:24.308322,Paris-46e4,4,16,Normal
2026-02-14 01:57:25.308322,Paris-46e4,50,64,Normal
2026-02-14 01:57:26.308322,Paris-46e4,32,58,Normal
2026-02-14 01:57:27.308322,Paris-46e4,42,2,Normal
2026-02-14 01:57:28.308322,Paris-46e4,48,61,Normal
2026-02-14 01:57:29.308322,Paris-46e4,49,71,Normal
2026-02-14 01:57:30.308322,Paris-46e4,43,58,Normal
2026-02-14 01:57:31.308322,Paris-46e4,8,79,Normal
2026-02-14 01:57:32.308322,Paris-46e4,-15,36,Normal
2026-02-14 01:57:33.308322,Paris-46e4,-17,28,Normal
2026-02-14 01:57:34.308322,Paris-46e4,-16,99,Normal
2026-02-14 01:57:35.308322,Paris-46e4,-25,55,Normal
2026-02-14 01:57:36.308322,Paris-46e4,30,93,Normal
2026-02-14 01:57:37.308322,Paris-46e4,0,8,Normal
2026-02-14 01:57:38.308322,Paris-46e4,21,45,Normal
2026-02-14 01:57:39.308322,Paris-46e4,41,46,Normal
2026-02-14 01:57:40.308322,Paris-46e4,-19,84,Normal
2026-02-14 01:57:41.308322,Paris-46e4,-1,54,Normal
2026-02-14 01:57:42.308322,Paris-46e4,26,84,Normal
2026-02-14 01:57:43.308322,Paris-46e4,-26,74,Normal
2026-02-14 01:57:44.308322,Paris-46e4,8,13,Normal
2026-02-14 01:57:45.308322,Paris-46e4,41,41,Normal
2026-02-14 01:57:46.308322,Paris-46e4,11,84,Normal
2026-02-14 01:57:47.308322,Paris-46e4,-2,13,Normal
2026-02-14 01:57:48.308322,Paris-46e4,-7,64,Normal
2026-02-14 01:57:49.308322,Paris-46e4,-17,95,Normal
2026-02-14 01:57:50.308322,Paris-46e4,-20,30,Normal
2026-02-14 01:57:51.308322,Paris-46e4,-23,5,Normal
2026-02-14 01:57:52.308322,Paris-46e4,-12,48,Normal
2026-02-14 01:57:53.308322,Paris-46e4,0,71,Normal
2026-02-14 01:57:54.308322,Paris-46e4,46,15,Normal
2026-02-14 01:57:55.308322,Paris-46e4,33,26,Normal
2026-02-14 01:57:56.308322,Paris-46e4,22,84,Normal
2026-02-14 01:57:57.308322,Paris-46e4,-10,48,Normal
2026-02-14 01:57:58.308322,Paris-46e4,46,19,Normal
2026-02-14 01:57:59.308322,Paris-46e4,20,52,Normal
2026-02-14 01:58:00.308322,Paris-46e4,-3,9,Normal
2026-02-14 01:58:01.308322,Paris-46e4,12,6,Normal
2026-02-14 01:58:02.308322,Paris-46e4,-15,58,Normal
2026-02-14 01:58:03.308322,Paris-46e4,43,71,Normal
2026-02-14 01:58:04.308322,Paris-46e4,26,37,Normal
2026-02-14 01:58:05.308322,Paris-46e4,2,14,Normal
2026-02-14 01:58:06.308322,Paris-46e4,39,27,Normal
2026-02-14 01:58:07.308322,Paris-46e4,32,69,Normal
2026-02-14 01:58:08.308322,Paris-46e4,-17,33,Normal
2026-02-14 01:58:09.308322,Paris-46e4,-2,76,Normal
2026-02-14 01:58:10.308322,Paris-46e4,29,80,Normal
2026-02-14 01:58:11.308322,Paris-46e4,20,20,Normal
2026-02-14 01:58:12.308322,Paris-46e4,8,49,Normal
2026-02-14 01:58:13.308322,Paris-46e4,25,69,Normal
2026-02-14 01:58:14.308322,Paris-46e4,8,45,Normal
2026-02-14 01:58:15.308322,Paris-46e4,17,88,Normal
2026-02-14 01:58:16.308322,Paris-46e4,22,21,Normal
2026-02-14 01:58:17.308322,Paris-46e4,-23,3,Normal
2026-02-14 01:58:18.308322,Paris-46e4,-3,8,Normal
2026-02-14 01:58:19.308322,Paris-46e4,-27,7,Normal
2026-02-14 01:58:20.308322,Paris-46e4,32,54,Normal
2026-02-14 01:58:21.308322,Paris-46e4,12,8,Normal
2026-02-14 01:58:22.308322,Paris-46e4,49,49,Normal
2026-02-14 01:58:23.308322,Paris-46e4,-18,100,Normal
2026-02-14 01:58:24.308322,Paris-46e4,-8,17,Normal
2026-02-14 01:58:25.308322,Paris-46e4,4,80,Normal
2026-02-14 01:58:26.308322,Paris-46e4,30,91,Normal
2026-02-14 01:58:27.308322,Paris-46e4,-3,86,Normal
2026-02-14 01:58:28.308322,Paris-46e4,33,99,Normal
2026-02-14 01:58:29.308322,Paris-46e4,-7,58,Normal
2026-02-14 01:58:30.308322,Paris-46e4,-27,26,Normal
2026-02-14 01:58:31.308322,Paris-46e4,16,77,Normal
2026-02-14 01:58:32.308322,Paris-46e4,29,12,Normal
2026-02-14 01:58:33.308322,Paris-46e4,-10,37,Normal
2026-02-14 01:58:34.308322,Paris-46e4,-9,12,Normal
2026-02-14 01:58:35.308322,Paris-46e4,4,22,Normal
2026-02-14 01:58:36.308322,Paris-46e4,20,51,Normal
2026-02-14 01:58:37.308322,Paris-46e4,25,89,Normal
2026-02-14 01:58:38.308322,Paris-46e4,29,5,Normal
2026-02-14 01:58:39.308322,Paris-46e4,-13,50,Normal
2026-02-14 01:58:40.308322,Paris-46e4,47,92,Normal
2026-02-14 01:58:41.308322,Paris-46e4,36,100,Normal
2026-02-14 01:58:42.308322,Paris-46e4,-1,77,Normal
2026-02-14 01:58:43.308322,Paris-46e4,30,97,Normal
2026-02-14 01:58:44.308322,Paris-46e4,11,9,Normal
2026-02-14 01:58:45.308322,Paris-46e4,2,90,Normal
2026-02-14 01:58:46.308322,Paris-46e4,-6,94,Normal
2026-02-14 01:58:47.308322,Paris-46e4,3,74,Normal
2026-02-14 01:58:48.308322,Paris-46e4,-25,67,Normal
2026-02-14 01:58:49.308322,Paris-46e4,-28,66,Normal
2026-02-14 01:58:50.308322,Paris-46e4,20,17,Normal
2026-02-14 01:58:51.308322,Paris-46e4,31,87,Normal
2026-02-14 01:58:52.308322,Paris-46e4,10,99,Normal
2026-02-14 01:58:53.308322,Paris-46e4,27,15,Normal
2026-02-14 01:58:54.308322,Paris-46e4,41,52,Normal
2026-02-14 01:58:55.308322,Paris-46e4,36,95,Normal
2026-02-14 01:58:56.308322,Paris-46e4,21,21,Normal
2026-02-14 01:58:57.308322,Paris-46e4,0,81,Normal
2026-02-14 01:58:58.308322,Paris-46e4,34,94,Normal
2026-02-14 01:58:59.308322,Paris-46e4,12,2,Normal
2026-02-14 01:59:00.308322,Paris-46e4,-5,48,Normal
2026-02-14 01:59:01.308322,Paris-46e4,16,29,Normal
2026-02-14 01:59:02.308322,Paris-46e4,4,77,Normal
2026-02-14 01:59:03.308322,Paris-46e4,16,17,Normal
2026-02-14 01:59:04.308322,Paris-46e4,33,77,Normal
2026-02-14 01:59:05.308322,Paris-46e4,17,57,Normal
2026-02-14 01:59:06.308322,Paris-46e4,49,7,Normal
2026-02-14 01:59:07.308322,Paris-46e4,22,51,Normal
2026-02-14 01:59:08.308322,Paris-46e4,-11,37,Normal
2026-02-14 01:59:09.308322,Paris-46e4,20,20,Normal
2026-02-14 01:59:10.308322,Paris-46e4,8,75,Normal
2026-02-14 01:59:11.308322,Paris-46e4,3,34,Normal
2026-02-14 01:59:12.308322,Paris-46e4,30,33,Normal
2026-02-14 01:59:13.308322,Paris-46e4,-25,81,Normal
2026-02-14 01:59:14.308322,Paris-46e4,18,86,Normal
2026-02-14 01:59:15.308322,Paris-46e4,-30,55,Normal
2026-02-14 01:59:16.308322,Paris-46e4,-23,14,Normal
2026-02-14 01:59:17.308322,Paris-46e4,-9,97,Normal
2026-02-14 01:59:18.308322,Paris-46e4,-15,31,Normal
2026-02-14 01:59:19.308322,Paris-46e4,2,60,Normal
2026-02-14 01:59:20.308322,Paris-46e4,-11,27,Normal
2026-02-14 01:59:21.308322,Paris-46e4,-27,26,Normal
2026-02-14 01:59:22.308322,Paris-46e4,-27,89,Normal
2026-02-14 01:59:23.308322,Paris-46e4,31,32,Normal
2026-02-14 01:59:24.308322,Paris-46e4,11,42,Normal
2026-02-14 01:59:25.308322,Paris-46e4,0,68,Normal
2026-02-14 01:59:26.308322,Paris-46e4,-9,87,Normal
2026-02-14 01:59:27.308322,Paris-46e4,6,17,Normal
2026-02-14 01:59:28.308322,Paris-46e4,-20,67,Normal
2026-02-14 01:59:29.308322,Paris-46e4,20,53,Normal
2026-02-14 01:59:30.308322,Paris-46e4,39,21,Normal
2026-02-14 01:59:31.308322,Paris-46e4,-2,81,Normal
2026-02-14 01:59:32.308322,Paris-46e4,31,81,Normal
2026-02-14 01:59:33.308322,Paris-46e4,34,0,Normal
2026-02-14 01:59:34.308322,Paris-46e4,-30,68,Normal
2026-02-14 01:59:35.308322,Paris-46e4,16,9,Normal
2026-02-14 01:59:36.308322,Paris-46e4,-5,44,Normal
2026-02-14 01:59:37.308322,Paris-46e4,12,61,Normal
2026-02-14 01:59:38.308322,Paris-46e4,-22,94,Normal
2026-02-14 01:59:39.308322,Paris-46e4,-7,12,Normal
2026-02-14 01:59:40.308322,Paris-46e4,48,88,Normal
2026-02-14 01:59:41.308322,Paris-46e4,46,65,Normal
2026-02-14 01:59:42.308322,Paris-46e4,-21,76,Normal
2026-02-14 01:59:43.308322,Paris-46e4,-18,98,Normal
2026-02-14 01:59:44.308322,Paris-46e4,-8,6,Normal
2026-02-14 01:59:45.308322,Paris-46e4,23,47,Normal
2026-02-14 01:59:46.308322,Paris-46e4,-1,61,Normal
2026-02-14 01:59:47.308322,Paris-46e4,12,6,Normal
2026-02-14 01:59:48.308322,Paris-46e4,-13,85,Normal
2026-02-14 01:59:49.308322,Paris-46e4,2,16,Normal
2026-02-14 01:59:50.308322,Paris-46e4,35,26,Normal
2026-02-14 01:59:51.308322,Paris-46e4,-27,93,Normal
2026-02-14 01:59:52.308322,Paris-46e4,30,56,Normal
2026-02-14 01:59:53.308322,Paris-46e4,19,49,Normal
2026-02-14 01:59:54.308322,Paris-46e4,30,2,Normal
2026-02-14 01:59:55.308322,Paris-46e4,-7,68,Normal
2026-02-14 01:59:56.308322,Paris-46e4,26,30,Normal
2026-02-14 01:59:57.308322,Paris-46e4,-21,18,Normal
2026-02-14 01:59:58.308322,Paris-46e4,27,47,Normal
2026-02-14 01:59:59.308322,Paris-46e4,21,32,Normal
2026-02-14 02:00:00.308322,Paris-46e4,43,57,Normal
2026-02-14 02:00:01.308322,Paris-46e4,-4,90,Normal
2026-02-14 02:00:02.308322,Paris-46e4,38,69,Normal
2026-02-14 02:00:03.308322,Paris-46e4,-15,86,Normal
2026-02-14 02:00:04.308322,Paris-46e4,36,33,Normal
2026-02-14 02:00:05.308322,Paris-46e4,-10,66,Normal
2026-02-14 02:00:06.308322,Paris-46e4,36,9,Normal
2026-02-14 02:00:07.308322,Paris-46e4,1,13,Normal
2026-02-14 02:00:08.308322,Paris-46e4,6,93,Normal
2026-02-14 02:00:09.308322,Paris-46e4,-21,50,Normal
2026-02-14 02:00:10.308322,Paris-46e4,18,44,Normal
2026-02-14 02:00:11.308322,Paris-46e4,-12,75,Normal
2026-02-14 02:00:12.308322,Paris-46e4,49,29,Normal
2026-02-14 02:00:13.308322,Paris-46e4,-19,38,Normal
2026-02-14 02:00:14.308322,Paris-46e4,3,58,Normal
2026-02-14 02:00:15.308322,Paris-46e4,-26,61,Normal
2026-02-14 02:00:16.308322,Paris-46e4,38,27,Normal
2026-02-14 02:00:17.308322,Paris-46e4,-19,49,Normal
2026-02-14 02:00:18.308322,Paris-46e4,-15,19,Normal
2026-02-14 02:00:19.308322,Paris-46e4,35,42,Normal
2026-02-14 02:00:20.308322,Paris-46e4,44,8,Normal
2026-02-14 02:00:21.308322,Paris-46e4,-19,42,Normal
2026-02-14 02:00:22.308322,Paris-46e4,39,50,Normal
2026-02-14 02:00:23.308322,Paris-46e4,46,58,Normal
2026-02-14 02:00:24.308322,Paris-46e4,-18,98,Normal
2026-02-14 02:00:25.308322,Paris-46e4,18,13,Normal
2026-02-14 02:00:26.308322,Paris-46e4,-22,68,Normal
2026-02-14 02:00:27.308322,Paris-46e4,23,29,Normal
2026-02-14 02:00:28.308322,Paris-46e4,-17,66,Normal
2026-02-14 02:00:29.308322,Paris-46e4,14,39,Normal
2026-02-14 02:00:30.308322,Paris-46e4,11,93,Normal
2026-02-14 02:00:31.308322,Paris-46e4,26,62,Normal
2026-02-14 02:00:32.308322,Paris-46e4,-29,27,Normal
2026-02-14 02:00:33.308322,Paris-46e4,-17,18,Normal
2026-02-14 02:00:34.308322,Paris-46e4,10,21,Normal
2026-02-14 02:00:35.308322,Paris-46e4,30,4,Normal
2026-02-14 02:00:36.308322,Paris-46e4,-27,49,Normal
2026-02-14 02:00:37.308322,Paris-46e4,33,62,Normal
2026-02-14 02:00:38.308322,Paris-46e4,-3,43,Normal
2026-02-14 02:00:39.308322,Paris-46e4,36,98,Normal
2026-02-14 02:00:40.308322,Paris-46e4,-1,69,Normal
2026-02-14 02:00:41.308322,Paris-46e4,-23,52,Normal
2026-02-14 02:00:42.308322,Paris-46e4,9,85,Normal
2026-02-14 02:00:43.308322,Paris-46e4,13,95,Normal
2026-02-14 02:00:44.308322,Paris-46e4,34,44,Normal
2026-02-14 02:00:45.308322,Paris-46e4,19,92,Normal
2026-02-14 02:00:46.308322,Paris-46e4,-25,2,Normal
2026-02-14 02:00:47.308322,Paris-46e4,-7,36,Normal
2026-02-14 02:00:48.308322,Paris-46e4,-15,54,Normal
2026-02-14 02:00:49.308322,Paris-46e4,-10,47,Normal
2026-02-14 02:00:50.308322,Paris-46e4,12,84,Normal
2026-02-14 02:00:51.308322,Paris-46e4,2,3,Normal
2026-02-14 02:00:52.308322,Paris-46e4,20,81,Normal
2026-02-14 02:00:53.308322,Paris-46e4,16,81,Normal
2026-02-14 02:00:54.308322,Paris-46e4,-20,22,Normal
2026-02-14 02:00:55.308322,Paris-46e4,10,78,Normal
2026-02-14 02:00:56.308322,Paris-46e4,19,74,Normal
2026-02-14 02:00:57.308322,Paris-46e4,-23,29,Normal
2026-02-14 02:00:58.308322,Paris-46e4,11,21,Normal
2026-02-14 02:00:59.308322,Paris-46e4,-4,93,Normal
2026-02-14 02:01:00.308322,Paris-46e4,15,95,Normal
2026-02-14 02:01:01.308322,Paris-46e4,43,61,Normal
2026-02-14 02:01:02.308322,Paris-46e4,9,75,Normal
2026-02-14 02:01:03.308322,Paris-46e4,-30,49,Normal
2026-02-14 02:01:04.308322,Paris-46e4,0,55,Normal
2026-02-14 02:01:05.308322,Paris-46e4,29,8,Normal
2026-02-14 02:01:06.308322,Paris-46e4,30,17,Normal
2026-02-14 02:01:07.308322,Paris-46e4,-29,5,Normal
2026-02-14 02:01:08.308322,Paris-46e4,20,100,Normal
2026-02-14 02:01:09.308322,Paris-46e4,50,10,Normal
2026-02-14 02:01:10.308322,Paris-46e4,28,30,Normal
2026-02-14 02:01:11.308322,Paris-46e4,-1,17,Normal
2026-02-14 02:01:12.308322,Paris-46e4,22,99,Normal
2026-02-14 02:01:13.308322,Paris-46e4,40,56,Normal
2026-02-14 02:01:14.308322,Paris-46e4,-19,96,Normal
2026-02-14 02:01:15.308322,Paris-46e4,0,83,Normal
2026-02-14 02:01:16.308322,Paris-46e4,17,73,Normal
2026-02-14 02:01:17.308322,Paris-46e4,-6,51,Normal
2026-02-14 02:01:18.308322,Paris-46e4,19,36,Normal
2026-02-14 02:01:19.308322,Paris-46e4,-2,60,Normal
2026-02-14 02:01:20.308322,Paris-46e4,-13,59,Normal
2026-02-14 02:01:21.308322,Paris-46e4,-3,67,Normal
2026-02-14 02:01:22.308322,Paris-46e4,29,70,Normal
2026-02-14 02:01:23.308322,Paris-46e4,31,46,Normal
2026-02-14 02:01:24.308322,Paris-46e4,26,45,Normal
2026-02-14 02:01:25.308322,Paris-46e4,20,66,Normal
2026-02-14 02:01:26.308322,Paris-46e4,48,52,Normal
2026-02-14 02:01:27.308322,Paris-46e4,-2,49,Normal
2026-02-14 02:01:28.308322,Paris-46e4,20,99,Normal
2026-02-14 02:01:29.308322,Paris-46e4,-14,92,Normal
2026-02-14 02:01:30.308322,Paris-46e4,-13,44,Normal
2026-02-14 02:01:31.308322,Paris-46e4,-6,66,Normal
2026-02-14 02:01:32.308322,Paris-46e4,-19,41,Normal
2026-02-14 02:01:33.308322,Paris-46e4,-21,24,Normal
2026-02-14 02:01:34.308322,Paris-46e4,-7,49,Normal
2026-02-14 02:01:35.308322,Paris-46e4,14,40,Normal
2026-02-14 02:01:36.308322,Paris-46e4,2,32,Normal
2026-02-14 02:01:37.308322,Paris-46e4,14,81,Normal
2026-02-14 02:01:38.308322,Paris-46e4,37,9,Normal
2026-02-14 02:01:39.308322,Paris-46e4,-4,93,Normal
2026-02-14 02:01:40.308322,Paris-46e4,16,80,Normal
2026-02-14 02:01:41.308322,Paris-46e4,-16,90,Normal
2026-02-14 02:01:42.308322,Paris-46e4,44,82,Normal
2026-02-14 02:01:43.308322,Paris-46e4,37,32,Normal
2026-02-14 02:01:44.308322,Paris-46e4,43,21,Normal
2026-02-14 02:01:45.308322,Paris-46e4,15,57,Normal
2026-02-14 02:01:46.308322,Paris-46e4,15,20,Normal
2026-02-14 02:01:47.308322,Paris-46e4,-11,32,Normal
2026-02-14 02:01:48.308322,Paris-46e4,18,51,Normal
2026-02-14 02:01:49.308322,Paris-46e4,-10,45,Normal
2026-02-14 02:01:50.308322,Paris-46e4,-19,82,Normal
2026-02-14 02:01:51.308322,Paris-46e4,27,79,Normal
2026-02-14 02:01:52.308322,Paris-46e4,4,76,Normal
2026-02-14 02:01:53.308322,Paris-46e4,3,61,Normal
2026-02-14 02:01:54.308322,Paris-46e4,-28,80,Normal
2026-02-14 02:01:55.308322,Paris-46e4,29,10,Normal
2026-02-14 02:01:56.308322,Paris-46e4,-24,99,Normal
2026-02-14 02:01:57.308322,Paris-46e4,10,69,Normal
2026-02-14 02:01:58.308322,Paris-46e4,46,66,Normal
2026-02-14 02:01:59.308322,Paris-46e4,-3,15,Normal
2026-02-14 02:02:00.308322,Paris-46e4,-29,83,Normal
2026-02-14 02:02:01.308322,Paris-46e4,6,76,Normal
2026-02-14 02:02:02.308322,Paris-46e4,-7,94,Normal
2026-02-14 02:02:03.308322,Paris-46e4,4,14,Normal
2026-02-14 02:02:04.308322,Paris-46e4,-22,16,Normal
2026-02-14 02:02:05.308322,Paris-46e4,10,96,Normal
2026-02-14 02:02:06.308322,Paris-46e4,-27,36,Normal
2026-02-14 02:02:07.308322,Paris-46e4,-18,89,Normal
2026-02-14 02:02:08.308322,Paris-46e4,39,93,Normal
2026-02-14 02:02:09.308322,Paris-46e4,30,38,Normal
2026-02-14 02:02:10.308322,Paris-46e4,31,12,Normal
2026-02-14 02:02:11.308322,Paris-46e4,4,71,Normal
2026-02-14 02:02:12.308322,Paris-46e4,-9,63,Normal
2026-02-14 02:02:13.308322,Paris-46e4,-9,93,Normal
2026-02-14 02:02:14.308322,Paris-46e4,49,66,Normal
2026-02-14 02:02:15.308322,Paris-46e4,10,36,Normal
2026-02-14 02:02:16.308322,Paris-46e4,24,64,Normal
2026-02-14 02:02:17.308322,Paris-46e4,11,17,Normal
2026-02-14 02:02:18.308322,Paris-46e4,2,68,Normal
2026-02-14 02:02:19.308322,Paris-46e4,4,12,Normal
2026-02-14 02:02:20.308322,Paris-46e4,25,96,Normal
2026-02-14 02:02:21.308322,Paris-46e4,-19,8,Normal
2026-02-14 02:02:22.308322,Paris-46e4,4,83,Normal
2026-02-14 02:02:23.308322,Paris-46e4,35,86,Normal
2026-02-14 02:02:24.308322,Paris-46e4,-22,81,Normal
2026-02-14 02:02:25.308322,Paris-46e4,-14,54,Normal
2026-02-14 02:02:26.308322,Paris-46e4,-4,44,Normal
2026-02-14 02:02:27.308322,Paris-46e4,27,18,Normal
2026-02-14 02:02:28.308322,Paris-46e4,22,91,Normal
2026-02-14 02:02:29.308322,Paris-46e4,4,82,Normal
2026-02-14 02:02:30.308322,Paris-46e4,-28,58,Normal
2026-02-14 02:02:31.308322,Paris-46e4,-26,14,Normal
2026-02-14 02:02:32.308322,Paris-46e4,-2,49,Normal
2026-02-14 02:02:33.308322,Paris-46e4,-1,69,Normal
2026-02-14 02:02:34.308322,Paris-46e4,-6,57,Normal
2026-02-14 02:02:35.308322,Paris-46e4,-17,58,Normal
2026-02-14 02:02:36.308322,Paris-46e4,44,10,Normal
2026-02-14 02:02:37.308322,Paris-46e4,-2,10,Normal
2026-02-14 02:02:38.308322,Paris-46e4,11,11,Normal
2026-02-14 02:02:39.308322,Paris-46e4,-28,55,Normal
2026-02-14 02:02:40.308322,Paris-46e4,47,10,Normal
2026-02-14 02:02:41.308322,Paris-46e4,-17,70,Normal
2026-02-14 02:02:42.308322,Paris-46e4,24,73,Normal
2026-02-14 02:02:43.308322,Paris-46e4,19,42,Normal
2026-02-14 02:02:44.308322,Paris-46e4,-15,51,Normal
2026-02-14 02:02:45.308322,Paris-46e4,8,60,Normal
2026-02-14 02:02:46.308322,Paris-46e4,-24,54,Normal
2026-02-14 02:02:47.308322,Paris-46e4,-24,51,Normal
2026-02-14 02:02:48.308322,Paris-46e4,-5,16,Normal
2026-02-14 02:02:49.308322,Paris-46e4,17,80,Normal
2026-02-14 02:02:50.308322,Paris-46e4,-30,28,Normal
2026-02-14 02:02:51.308322,Paris-46e4,-9,88,Normal
2026-02-14 02:02:52.308322,Paris-46e4,-7,27,Normal
2026-02-14 02:02:53.308322,Paris-46e4,-24,83,Normal
2026-02-14 02:02:54.308322,Paris-46e4,47,78,Normal
2026-02-14 02:02:55.308322,Paris-46e4,14,81,Normal
2026-02-14 02:02:56.308322,Paris-46e4,-5,76,Normal
2026-02-14 02:02:57.308322,Paris-46e4,41,15,Normal
2026-02-14 02:02:58.308322,Paris-46e4,1,6,Normal
2026-02-14 02:02:59.308322,Paris-46e4,7,73,Normal
2026-02-14 02:03:00.308322,Paris-46e4,9,1,Normal
2026-02-14 02:03:01.308322,Paris-46e4,-4,14,Normal
2026-02-14 02:03:02.308322,Paris-46e4,29,92,Normal
2026-02-14 02:03:03.308322,Paris-46e4,33,70,Normal
2026-02-14 02:03:04.308322,Paris-46e4,-30,2,Normal
2026-02-14 02:03:05.308322,Paris-46e4,39,59,Normal
2026-02-14 02:03:06.308322,Paris-46e4,-13,85,Normal
2026-02-14 02:03:07.308322,Paris-46e4,27,4,Normal
2026-02-14 02:03:08.308322,Paris-46e4,-12,97,Normal
2026-02-14 02:03:09.308322,Paris-46e4,-4,51,Normal
2026-02-14 02:03:10.308322,Paris-46e4,5,93,Normal
2026-02-14 02:03:11.308322,Paris-46e4,47,100,Normal
2026-02-14 02:03:12.308322,Paris-46e4,-2,25,Normal
2026-02-14 02:03:13.308322,Paris-46e4,47,5,Normal
2026-02-14 02:03:14.308322,Paris-46e4,-27,58,Normal
2026-02-14 02:03:15.308322,Paris-46e4,-5,87,Normal
2026-02-14 02:03:16.308322,Paris-46e4,-23,52,Normal
2026-02-14 02:03:17.308322,Paris-46e4,29,54,Normal
2026-02-14 02:03:18.308322,Paris-46e4,14,100,Normal
2026-02-14 02:03:19.308322,Paris-46e4,42,83,Normal
2026-02-14 02:03:20.308322,Paris-46e4,26,68,Normal
2026-02-14 02:03:21.308322,Paris-46e4,46,49,Normal
2026-02-14 02:03:22.308322,Paris-46e4,-11,6,Normal
2026-02-14 02:03:23.308322,Paris-46e4,47,27,Normal
2026-02-14 02:03:24.308322,Paris-46e4,17,10,Normal
2026-02-14 02:03:25.308322,Paris-46e4,-15,2,Normal
2026-02-14 02:03:26.308322,Paris-46e4,20,75,Normal
2026-02-14 02:03:27.308322,Paris-46e4,-19,38,Normal
2026-02-14 02:03:28.308322,Paris-46e4,15,8,Normal
2026-02-14 02:03:29.308322,Paris-46e4,31,40,Normal
2026-02-14 02:03:30.308322,Paris-46e4,-20,50,Normal
2026-02-14 02:03:31.308322,Paris-46e4,-9,14,Normal
2026-02-14 02:03:32.308322,Paris-46e4,44,59,Normal
2026-02-14 02:03:33.308322,Paris-46e4,47,33,Normal
2026-02-14 02:03:34.308322,Paris-46e4,-16,85,Normal
2026-02-14 02:03:35.308322,Paris-46e4,-9,49,Normal
2026-02-14 02:03:36.308322,Paris-46e4,-27,75,Normal
2026-02-14 02:03:37.308322,Paris-46e4,25,73,Normal
2026-02-14 02:03:38.308322,Paris-46e4,-28,86,Normal
2026-02-14 02:03:39.308322,Paris-46e4,16,99,Normal
2026-02-14 02:03:40.308322,Paris-46e4,10,99,Normal
2026-02-14 02:03:41.308322,Paris-46e4,13,10,Normal
2026-02-14 02:03:42.308322,Paris-46e4,33,58,Normal
2026-02-14 02:03:43.308322,Paris-46e4,28,86,Normal
2026-02-14 02:03:44.308322,Paris-46e4,-3,6,Normal
2026-02-14 02:03:45.308322,Paris-46e4,-19,52,Normal
2026-02-14 02:03:46.308322,Paris-46e4,-12,35,Normal
2026-02-14 02:03:47.308322,Paris-46e4,27,48,Normal
2026-02-14 02:03:48.308322,Paris-46e4,-24,64,Normal
2026-02-14 02:03:49.308322,Paris-46e4,20,45,Normal
2026-02-14 02:03:50.308322,Paris-46e4,-21,59,Normal
2026-02-14 02:03:51.308322,Paris-46e4,-18,4,Normal
2026-02-14 02:03:52.308322,Paris-46e4,12,99,Normal
2026-02-14 02:03:53.308322,Paris-46e4,27,41,Normal
2026-02-14 02:03:54.308322,Paris-46e4,45,32,Normal
2026-02-14 02:03:55.308322,Paris-46e4,30,16,Normal
2026-02-14 02:03:56.308322,Paris-46e4,42,9,Normal
2026-02-14 02:03:57.308322,Paris-46e4,25,70,Normal
2026-02-14 02:03:58.308322,Paris-46e4,-19,68,Normal
2026-02-14 02:03:59.308322,Paris-46e4,7,15,Normal
2026-02-14 02:04:00.308322,Paris-46e4,-24,59,Normal
2026-02-14 02:04:01.308322,Paris-46e4,26,66,Normal
2026-02-14 02:04:02.308322,Paris-46e4,-28,8,Normal
2026-02-14 02:04:03.308322,Paris-46e4,-7,37,Normal
2026-02-14 02:04:04.308322,Paris-46e4,-24,45,Normal
2026-02-14 02:04:05.308322,Paris-46e4,1,42,Normal
2026-02-14 02:04:06.308322,Paris-46e4,26,60,Normal
2026-02-14 02:04:07.308322,Paris-46e4,-15,18,Normal
2026-02-14 02:04:08.308322,Paris-46e4,28,26,Normal
2026-02-14 02:04:09.308322,Paris-46e4,19,36,Normal
2026-02-14 02:04:10.308322,Paris-46e4,36,51,Normal
2026-02-14 02:04:11.308322,Paris-46e4,27,61,Normal
2026-02-14 02:04:12.308322,Paris-46e4,-8,67,Normal
2026-02-14 02:04:13.308322,Paris-46e4,25,35,Normal
2026-02-14 02:04:14.308322,Paris-46e4,0,24,Normal
2026-02-14 02:04:15.308322,Paris-46e4,18,52,Normal
2026-02-14 02:04:16.308322,Paris-46e4,5,45,Normal
2026-02-14 02:04:17.308322,Paris-46e4,40,90,Normal
2026-02-14 02:04:18.308322,Paris-46e4,44,96,Normal
2026-02-14 02:04:19.308322,Paris-46e4,27,56,Normal
2026-02-14 02:04:20.308322,Paris-46e4,26,3,Normal
2026-02-14 02:04:21.308322,Paris-46e4,50,7,Normal
2026-02-14 02:04:22.308322,Paris-46e4,13,6,Normal
2026-02-14 02:04:23.308322,Paris-46e4,43,60,Normal
2026-02-14 02:04:24.308322,Paris-46e4,-13,50,Normal
2026-02-14 02:04:25.308322,Paris-46e4,3,27,Normal
2026-02-14 02:04:26.308322,Paris-46e4,-9,43,Normal
2026-02-14 02:04:27.308322,Paris-46e4,2,52,Normal
2026-02-14 02:04:28.308322,Paris-46e4,36,49,Normal
2026-02-14 02:04:29.308322,Paris-46e4,-24,34,Normal
2026-02-14 02:04:30.308322,Paris-46e4,30,82,Normal
2026-02-14 02:04:31.308322,Paris-46e4,45,51,Normal
2026-02-14 02:04:32.308322,Paris-46e4,-4,31,Normal
2026-02-14 02:04:33.308322,Paris-46e4,37,10,Normal
2026-02-14 02:04:34.308322,Paris-46e4,48,61,Normal
2026-02-14 02:04:35.308322,Paris-46e4,-28,24,Normal
2026-02-14 02:04:36.308322,Paris-46e4,32,53,Normal
2026-02-14 02:04:37.308322,Paris-46e4,34,87,Normal
2026-02-14 02:04:38.308322,Paris-46e4,-22,0,Normal
2026-02-14 02:04:39.308322,Paris-46e4,-4,66,Normal
2026-02-14 02:04:40.308322,Paris-46e4,9,85,Normal
2026-02-14 02:04:41.308322,Paris-46e4,17,71,Normal
2026-02-14 02:04:42.308322,Paris-46e4,-11,38,Normal
2026-02-14 02:04:43.308322,Paris-46e4,19,17,Normal
2026-02-14 02:04:44.308322,Paris-46e4,1,38,Normal
2026-02-14 02:04:45.308322,Paris-46e4,20,66,Normal
2026-02-14 02:04:46.308322,Paris-46e4,50,57,Normal
2026-02-14 02:04:47.308322,Paris-46e4,2,28,Normal
2026-02-14 02:04:48.308322,Paris-46e4,-23,26,Normal
2026-02-14 02:04:49.308322,Paris-46e4,-29,97,Normal
2026-02-14 02:04:50.308322,Paris-46e4,-28,69,Normal
2026-02-14 02:04:51.308322,Paris-46e4,-5,59,Normal
2026-02-14 02:04:52.308322,Paris-46e4,-7,26,Normal
2026-02-14 02:04:53.308322,Paris-46e4,49,100,Normal
2026-02-14 02:04:54.308322,Paris-46e4,44,44,Normal
2026-02-14 02:04:55.308322,Paris-46e4,-26,89,Normal
2026-02-14 02:04:56.308322,Paris-46e4,26,34,Normal
2026-02-14 02:04:57.308322,Paris-46e4,-3,66,Normal
2026-02-14 02:04:58.308322,Paris-46e4,29,32,Normal
2026-02-14 02:04:59.308322,Paris-46e4,48,71,Normal
2026-02-14 02:05:00.308322,Paris-46e4,-23,68,Normal
2026-02-14 02:05:01.308322,Paris-46e4,39,88,Normal
2026-02-14 02:05:02.308322,Paris-46e4,-19,51,Normal
2026-02-14 02:05:03.308322,Paris-46e4,-2,18,Normal
2026-02-14 02:05:04.308322,Paris-46e4,46,97,Normal
2026-02-14 02:05:05.308322,Paris-46e4,-15,55,Normal
2026-02-14 02:05:06.308322,Paris-46e4,18,24,Normal
2026-02-14 02:05:07.308322,Paris-46e4,-30,43,Normal
2026-02-14 02:05:08.308322,Paris-46e4,12,43,Normal
2026-02-14 02:05:09.308322,Paris-46e4,31,34,Normal
2026-02-14 02:05:10.308322,Paris-46e4,38,20,Normal
2026-02-14 02:05:11.308322,Paris-46e4,37,66,Normal
2026-02-14 02:05:12.308322,Paris-46e4,44,94,Normal
2026-02-14 02:05:13.308322,Paris-46e4,-25,14,Normal
2026-02-14 02:05:14.308322,Paris-46e4,20,99,Normal
2026-02-14 02:05:15.308322,Paris-46e4,20,37,Normal
2026-02-14 02:05:16.308322,Paris-46e4,29,29,Normal
2026-02-14 02:05:17.308322,Paris-46e4,16,17,Normal
2026-02-14 02:05:18.308322,Paris-46e4,6,67,Normal
2026-02-14 02:05:19.308322,Paris-46e4,46,62,Normal
2026-02-14 02:05:20.308322,Paris-46e4,11,19,Normal
2026-02-14 02:05:21.308322,Paris-46e4,1,14,Normal
2026-02-14 02:05:22.308322,Paris-46e4,24,62,Normal
2026-02-14 02:05:23.308322,Paris-46e4,-7,32,Normal
2026-02-14 02:05:24.308322,Paris-46e4,-27,86,Normal
2026-02-14 02:05:25.308322,Paris-46e4,-27,62,Normal
2026-02-14 02:05:26.308322,Paris-46e4,45,24,Normal
2026-02-14 02:05:27.308322,Paris-46e4,-5,97,Normal
2026-02-14 02:05:28.308322,Paris-46e4,-9,74,Normal
2026-02-14 02:05:29.308322,Paris-46e4,31,20,Normal
2026-02-14 02:05:30.308322,Paris-46e4,14,84,Normal
2026-02-14 02:05:31.308322,Paris-46e4,6,46,Normal
2026-02-14 02:05:32.308322,Paris-46e4,0,30,Normal
2026-02-14 02:05:33.308322,Paris-46e4,4,81,Normal
2026-02-14 02:05:34.308322,Paris-46e4,-26,46,Normal
2026-02-14 02:05:35.308322,Paris-46e4,23,45,Normal
2026-02-14 02:05:36.308322,Paris-46e4,34,52,Normal
2026-02-14 02:05:37.308322,Paris-46e4,-13,98,Normal
2026-02-14 02:05:38.308322,Paris-46e4,-10,61,Normal
2026-02-14 02:05:39.308322,Paris-46e4,-18,97,Normal
2026-02-14 02:05:40.308322,Paris-46e4,-8,28,Normal
2026-02-14 02:05:41.308322,Paris-46e4,-18,5,Normal
2026-02-14 02:05:42.308322,Paris-46e4,10,59,Normal
2026-02-14 02:05:43.308322,Paris-46e4,-18,20,Normal
2026-02-14 02:05:44.308322,Paris-46e4,-5,50,Normal
2026-02-14 02:05:45.308322,Paris-46e4,13,32,Normal
2026-02-14 02:05:46.308322,Paris-46e4,-8,90,Normal
2026-02-14 02:05:47.308322,Paris-46e4,-21,57,Normal
2026-02-14 02:05:48.308322,Paris-46e4,11,65,Normal
2026-02-14 02:05:49.308322,Paris-46e4,47,39,Normal
2026-02-14 02:05:50.308322,Paris-46e4,-20,32,Normal
2026-02-14 02:05:51.308322,Paris-46e4,-28,8,Normal
2026-02-14 02:05:52.308322,Paris-46e4,34,59,Normal
2026-02-14 02:05:53.308322,Paris-46e4,36,97,Normal
2026-02-14 02:05:54.308322,Paris-46e4,6,63,Normal
2026-02-14 02:05:55.308322,Paris-46e4,38,33,Normal
2026-02-14 02:05:56.308322,Paris-46e4,-28,17,Normal
2026-02-14 02:05:57.308322,Paris-46e4,30,73,Normal
2026-02-14 02:05:58.308322,Paris-46e4,-10,18,Normal
2026-02-14 02:05:59.308322,Paris-46e4,19,29,Normal
2026-02-14 02:06:00.308322,Paris-46e4,10,96,Normal
2026-02-14 02:06:01.308322,Paris-46e4,42,17,Normal
2026-02-14 02:06:02.308322,Paris-46e4,8,92,Normal
2026-02-14 02:06:03.308322,Paris-46e4,15,31,Normal
2026-02-14 02:06:04.308322,Paris-46e4,-21,75,Normal
2026-02-14 02:06:05.308322,Paris-46e4,44,100,Normal
2026-02-14 02:06:06.308322,Paris-46e4,-15,54,Normal
2026-02-14 02:06:07.308322,Paris-46e4,20,14,Normal
2026-02-14 02:06:08.308322,Paris-46e4,-19,76,Normal
2026-02-14 02:06:09.308322,Paris-46e4,46,8,Normal
2026-02-14 02:06:10.308322,Paris-46e4,-15,81,Normal
2026-02-14 02:06:11.308322,Paris-46e4,-22,49,Normal
2026-02-14 02:06:12.308322,Paris-46e4,-28,59,Normal
2026-02-14 02:06:13.308322,Paris-46e4,31,56,Normal
2026-02-14 02:06:14.308322,Paris-46e4,12,1,Normal
2026-02-14 02:06:15.308322,Paris-46e4,23,88,Normal
2026-02-14 02:06:16.308322,Paris-46e4,-3,79,Normal
2026-02-14 02:06:17.308322,Paris-46e4,0,17,Normal
2026-02-14 02:06:18.308322,Paris-46e4,44,23,Normal
2026-02-14 02:06:19.308322,Paris-46e4,35,36,Normal
2026-02-14 02:06:20.308322,Paris-46e4,3,35,Normal
2026-02-14 02:06:21.308322,Paris-46e4,18,80,Normal
2026-02-14 02:06:22.308322,Paris-46e4,16,36,Normal
2026-02-14 02:06:23.308322,Paris-46e4,-17,96,Normal
2026-02-14 02:06:24.308322,Paris-46e4,-17,53,Normal
2026-02-14 02:06:25.308322,Paris-46e4,-19,0,Normal
2026-02-14 02:06:26.308322,Paris-46e4,-11,31,Normal
2026-02-14 02:06:27.308322,Paris-46e4,-9,53,Normal
2026-02-14 02:06:28.308322,Paris-46e4,26,64,Normal
2026-02-14 02:06:29.308322,Paris-46e4,46,31,Normal
2026-02-14 02:06:30.308322,Paris-46e4,39,90,Normal
2026-02-14 02:06:31.308322,Paris-46e4,-6,12,Normal
2026-02-14 02:06:32.308322,Paris-46e4,0,75,Normal
2026-02-14 02:06:33.308322,Paris-46e4,40,99,Normal
2026-02-14 02:06:34.308322,Paris-46e4,-27,25,Normal
2026-02-14 02:06:35.308322,Paris-46e4,29,84,Normal
2026-02-14 02:06:36.308322,Paris-46e4,41,40,Normal
2026-02-14 02:06:37.308322,Paris-46e4,11,96,Normal
2026-02-14 02:06:38.308322,Paris-46e4,1,81,Normal
2026-02-14 02:06:39.308322,Paris-46e4,14,94,Normal
2026-02-14 02:06:40.308322,Paris-46e4,-26,96,Normal
2026-02-14 02:06:41.308322,Paris-46e4,50,44,Normal
2026-02-14 02:06:42.308322,Paris-46e4,-1,36,Normal
2026-02-14 02:06:43.308322,Paris-46e4,-15,64,Normal
2026-02-14 02:06:44.308322,Paris-46e4,15,21,Normal
2026-02-14 02:06:45.308322,Paris-46e4,36,26,Normal
2026-02-14 02:06:46.308322,Paris-46e4,40,23,Normal
2026-02-14 02:06:47.308322,Paris-46e4,26,0,Normal
2026-02-14 02:06:48.308322,Paris-46e4,-30,87,Normal
2026-02-14 02:06:49.308322,Paris-46e4,25,53,Normal
2026-02-14 02:06:50.308322,Paris-46e4,10,47,Normal
2026-02-14 02:06:51.308322,Paris-46e4,-21,35,Normal
2026-02-14 02:06:52.308322,Paris-46e4,11,33,Normal
2026-02-14 02:06:53.308322,Paris-46e4,-29,70,Normal
2026-02-14 02:06:54.308322,Paris-46e4,1,50,Normal
2026-02-14 02:06:55.308322,Paris-46e4,45,13,Normal
2026-02-14 02:06:56.308322,Paris-46e4,49,73,Normal
2026-02-14 02:06:57.308322,Paris-46e4,43,42,Normal
2026-02-14 02:06:58.308322,Paris-46e4,4,89,Normal
2026-02-14 02:06:59.308322,Paris-46e4,23,64,Normal
2026-02-14 02:07:00.308322,Paris-46e4,1,31,Normal
2026-02-14 02:07:01.308322,Paris-46e4,48,80,Normal
2026-02-14 02:07:02.308322,Paris-46e4,-1,76,Normal
2026-02-14 02:07:03.308322,Paris-46e4,40,81,Normal
2026-02-14 02:07:04.308322,Paris-46e4,14,98,Normal
2026-02-14 02:07:05.308322,Paris-46e4,14,74,Normal
2026-02-14 02:07:06.308322,Paris-46e4,-14,10,Normal
2026-02-14 02:07:07.308322,Paris-46e4,21,88,Normal
2026-02-14 02:07:08.308322,Paris-46e4,4,52,Normal
2026-02-14 02:07:09.308322,Paris-46e4,-30,76,Normal
2026-02-14 02:07:10.308322,Paris-46e4,-21,75,Normal
2026-02-14 02:07:11.308322,Paris-46e4,10,51,Normal
2026-02-14 02:07:12.308322,Paris-46e4,-19,76,Normal
2026-02-14 02:07:13.308322,Paris-46e4,5,65,Normal
2026-02-14 02:07:14.308322,Paris-46e4,-23,12,Normal
2026-02-14 02:07:15.308322,Paris-46e4,29,32,Normal
2026-02-14 02:07:16.308322,Paris-46e4,29,65,Normal
2026-02-14 02:07:17.308322,Paris-46e4,-18,92,Normal
2026-02-14 02:07:18.308322,Paris-46e4,-18,44,Normal
2026-02-14 02:07:19.308322,Paris-46e4,-14,78,Normal
2026-02-14 02:07:20.308322,Paris-46e4,9,7,Normal
2026-02-14 02:07:21.308322,Paris-46e4,-21,97,Normal
2026-02-14 02:07:22.308322,Paris-46e4,-25,8,Normal
2026-02-14 02:07:23.308322,Paris-46e4,-19,50,Normal
2026-02-14 02:07:24.308322,Paris-46e4,38,47,Normal
2026-02-14 02:07:25.308322,Paris-46e4,10,55,Normal
2026-02-14 02:07:26.308322,Paris-46e4,41,10,Normal
2026-02-14 02:07:27.308322,Paris-46e4,33,21,Normal
2026-02-14 02:07:28.308322,Paris-46e4,16,36,Normal
2026-02-14 02:07:29.308322,Paris-46e4,37,74,Normal
2026-02-14 02:07:30.308322,Paris-46e4,-19,55,Normal
2026-02-14 02:07:31.308322,Paris-46e4,-15,9,Normal
2026-02-14 02:07:32.308322,Paris-46e4,44,37,Normal
2026-02-14 02:07:33.308322,Paris-46e4,11,4,Normal
2026-02-14 02:07:34.308322,Paris-46e4,32,49,Normal
2026-02-14 02:07:35.308322,Paris-46e4,36,64,Normal
2026-02-14 02:07:36.308322,Paris-46e4,-4,24,Normal
2026-02-14 02:07:37.308322,Paris-46e4,3,95,Normal
2026-02-14 02:07:38.308322,Paris-46e4,33,98,Normal
2026-02-14 02:07:39.308322,Paris-46e4,-12,79,Normal
2026-02-14 02:07:40.308322,Paris-46e4,-3,23,Normal
2026-02-14 02:07:41.308322,Paris-46e4,44,89,Normal
2026-02-14 02:07:42.308322,Paris-46e4,6,76,Normal
2026-02-14 02:07:43.308322,Paris-46e4,-8,4,Normal
2026-02-14 02:07:44.308322,Paris-46e4,-3,70,Normal
2026-02-14 02:07:45.308322,Paris-46e4,-6,71,Normal
2026-02-14 02:07:46.308322,Paris-46e4,-7,0,Normal
2026-02-14 02:07:47.308322,Paris-46e4,-25,31,Normal
2026-02-14 02:07:48.308322,Paris-46e4,-14,13,Normal
2026-02-14 02:07:49.308322,Paris-46e4,29,84,Normal
2026-02-14 02:07:50.308322,Paris-46e4,23,77,Normal
2026-02-14 02:07:51.308322,Paris-46e4,14,92,Normal
2026-02-14 02:07:52.308322,Paris-46e4,27,27,Normal
2026-02-14 02:07:53.308322,Paris-46e4,36,0,Normal
2026-02-14 02:07:54.308322,Paris-46e4,-5,100,Normal
2026-02-14 02:07:55.308322,Paris-46e4,26,81,Normal
2026-02-14 02:07:56.308322,Paris-46e4,23,23,Normal
2026-02-14 02:07:57.308322,Paris-46e4,-21,90,Normal
2026-02-14 02:07:58.308322,Paris-46e4,39,6,Normal
2026-02-14 02:07:59.308322,Paris-46e4,-4,64,Normal
2026-02-14 02:08:00.308322,Paris-46e4,-22,40,Normal
2026-02-14 02:08:01.308322,Paris-46e4,6,20,Normal
2026-02-14 02:08:02.308322,Paris-46e4,46,19,Normal
2026-02-14 02:08:03.308322,Paris-46e4,-19,86,Normal
2026-02-14 02:08:04.308322,Paris-46e4,-15,78,Normal
2026-02-14 02:08:05.308322,Paris-46e4,-21,1,Normal
2026-02-14 02:08:06.308322,Paris-46e4,44,81,Normal
2026-02-14 02:08:07.308322,Paris-46e4,-12,26,Normal
2026-02-14 02:08:08.308322,Paris-46e4,15,37,Normal
2026-02-14 02:08:09.308322,Paris-46e4,33,81,Normal
2026-02-14 02:08:10.308322,Paris-46e4,32,57,Normal
2026-02-14 02:08:11.308322,Paris-46e4,-3,8,Normal
2026-02-14 02:08:12.308322,Paris-46e4,1,91,Normal
2026-02-14 02:08:13.308322,Paris-46e4,38,54,Normal
2026-02-14 02:08:14.308322,Paris-46e4,29,23,Normal
2026-02-14 02:08:15.308322,Paris-46e4,29,35,Normal
2026-02-14 02:08:16.308322,Paris-46e4,-10,90,Normal
2026-02-14 02:08:17.308322,Paris-46e4,24,60,Normal
2026-02-14 02:08:18.308322,Paris-46e4,15,98,Normal
2026-02-14 02:08:19.308322,Paris-46e4,-21,1,Normal
2026-02-14 02:08:20.308322,Paris-46e4,47,52,Normal
2026-02-14 02:08:21.308322,Paris-46e4,17,88,Normal
2026-02-14 02:08:22.308322,Paris-46e4,48,33,Normal
2026-02-14 02:08:23.308322,Paris-46e4,-28,80,Normal
2026-02-14 02:08:24.308322,Paris-46e4,35,19,Normal
2026-02-14 02:08:25.308322,Paris-46e4,25,3,Normal
2026-02-14 02:08:26.308322,Paris-46e4,31,51,Normal
2026-02-14 02:08:27.308322,Paris-46e4,2,85,Normal
2026-02-14 02:08:28.308322,Paris-46e4,10,10,Normal
2026-02-14 02:08:29.308322,Paris-46e4,27,78,Normal
2026-02-14 02:08:30.308322,Paris-46e4,-4,18,Normal
2026-02-14 02:08:31.308322,Paris-46e4,2,3,Normal
2026-02-14 02:08:32.308322,Paris-46e4,23,41,Normal
2026-02-14 02:08:33.308322,Paris-46e4,45,62,Normal
2026-02-14 02:08:34.308322,Paris-46e4,-13,91,Normal
2026-02-14 02:08:35.308322,Paris-46e4,4,53,Normal
2026-02-14 02:08:36.308322,Paris-46e4,27,17,Normal
2026-02-14 02:08:37.308322,Paris-46e4,12,90,Normal
2026-02-14 02:08:38.308322,Paris-46e4,27,57,Normal
2026-02-14 02:08:39.308322,Paris-46e4,-19,85,Normal
2026-02-14 02:08:40.308322,Paris-46e4,10,85,Normal
2026-02-14 02:08:41.308322,Paris-46e4,15,90,Normal
2026-02-14 02:08:42.308322,Paris-46e4,5,0,Normal
2026-02-14 02:08:43.308322,Paris-46e4,7,7,Normal
2026-02-14 02:08:44.308322,Paris-46e4,25,1,Normal
2026-02-14 02:08:45.308322,Paris-46e4,9,92,Normal
2026-02-14 02:08:46.308322,Paris-46e4,23,20,Normal
2026-02-14 02:08:47.308322,Paris-46e4,42,90,Normal
2026-02-14 02:08:48.308322,Paris-46e4,10,11,Normal
2026-02-14 02:08:49.308322,Paris-46e4,50,59,Normal
2026-02-14 02:08:50.308322,Paris-46e4,21,74,Normal
2026-02-14 02:08:51.308322,Paris-46e4,8,30,Normal
2026-02-14 02:08:52.308322,Paris-46e4,-8,30,Normal
2026-02-14 02:08:53.308322,Paris-46e4,44,94,Normal
2026-02-14 02:08:54.308322,Paris-46e4,39,26,Normal
2026-02-14 02:08:55.308322,Paris-46e4,41,52,Normal
2026-02-14 02:08:56.308322,Paris-46e4,44,6,Normal
2026-02-14 02:08:57.308322,Paris-46e4,-11,51,Normal
2026-02-14 02:08:58.308322,Paris-46e4,-26,62,Normal
2026-02-14 02:08:59.308322,Paris-46e4,-3,97,Normal
2026-02-14 02:09:00.308322,Paris-46e4,-4,34,Normal
2026-02-14 02:09:01.308322,Paris-46e4,43,52,Normal
2026-02-14 02:09:02.308322,Paris-46e4,30,19,Normal
2026-02-14 02:09:03.308322,Paris-46e4,-28,25,Normal
2026-02-14 02:09:04.308322,Paris-46e4,-14,33,Normal
2026-02-14 02:09:05.308322,Paris-46e4,-7,77,Normal
2026-02-14 02:09:06.308322,Paris-46e4,49,58,Normal
2026-02-14 02:09:07.308322,Paris-46e4,-30,98,Normal
2026-02-14 02:09:08.308322,Paris-46e4,2,24,Normal
2026-02-14 02:09:09.308322,Paris-46e4,4,47,Normal
2026-02-14 02:09:10.308322,Paris-46e4,-24,71,Normal
2026-02-14 02:09:11.308322,Paris-46e4,34,82,Normal
2026-02-14 02:09:12.308322,Paris-46e4,-19,93,Normal
2026-02-14 02:09:13.308322,Paris-46e4,3,88,Normal
2026-02-14 02:09:14.308322,Paris-46e4,-26,35,Normal
2026-02-14 02:09:15.308322,Paris-46e4,-14,24,Normal
2026-02-14 02:09:16.308322,Paris-46e4,25,88,Normal
2026-02-14 02:09:17.308322,Paris-46e4,-25,94,Normal
2026-02-14 02:09:18.308322,Paris-46e4,22,9,Normal
2026-02-14 02:09:19.308322,Paris-46e4,-13,100,Normal
2026-02-14 02:09:20.308322,Paris-46e4,-19,69,Normal
2026-02-14 02:09:21.308322,Paris-46e4,-6,23,Normal
2026-02-14 02:09:22.308322,Paris-46e4,21,12,Normal
2026-02-14 02:09:23.308322,Paris-46e4,39,12,Normal
2026-02-14 02:09:24.308322,Paris-46e4,-18,76,Normal
2026-02-14 02:09:25.308322,Paris-46e4,18,48,Normal
2026-02-14 02:09:26.308322,Paris-46e4,46,14,Normal
2026-02-14 02:09:27.308322,Paris-46e4,4,100,Normal
2026-02-14 02:09:28.308322,Paris-46e4,-2,13,Normal
2026-02-14 02:09:29.308322,Paris-46e4,50,24,Normal
2026-02-14 02:09:30.308322,Paris-46e4,40,18,Normal
2026-02-14 02:09:31.308322,Paris-46e4,4,24,Normal
2026-02-14 02:09:32.308322,Paris-46e4,47,23,Normal
2026-02-14 02:09:33.308322,Paris-46e4,46,67,Normal
2026-02-14 02:09:34.308322,Paris-46e4,-11,22,Normal
2026-02-14 02:09:35.308322,Paris-46e4,39,28,Normal
2026-02-14 02:09:36.308322,Paris-46e4,9,27,Normal
2026-02-14 02:09:37.308322,Paris-46e4,6,85,Normal
2026-02-14 02:09:38.308322,Paris-46e4,-15,78,Normal
2026-02-14 02:09:39.308322,Paris-46e4,8,15,Normal
2026-02-14 02:09:40.308322,Paris-46e4,14,55,Normal
2026-02-14 02:09:41.308322,Paris-46e4,-19,27,Normal
2026-02-14 02:09:42.308322,Paris-46e4,13,3,Normal
2026-02-14 02:09:43.308322,Paris-46e4,-27,89,Normal
2026-02-14 02:09:44.308322,Paris-46e4,40,48,Normal
2026-02-14 02:09:45.308322,Paris-46e4,36,59,Normal
2026-02-14 02:09:46.308322,Paris-46e4,16,97,Normal
2026-02-14 02:09:47.308322,Paris-46e4,41,10,Normal
2026-02-14 02:09:48.308322,Paris-46e4,27,51,Normal
2026-02-14 02:09:49.308322,Paris-46e4,-7,27,Normal
2026-02-14 02:09:50.308322,Paris-46e4,33,22,Normal
2026-02-14 02:09:51.308322,Paris-46e4,-18,45,Normal
2026-02-14 02:09:52.308322,Paris-46e4,36,56,Normal
2026-02-14 02:09:53.308322,Paris-46e4,31,87,Normal
2026-02-14 02:09:54.308322,Paris-46e4,11,17,Normal
2026-02-14 02:09:55.308322,Paris-46e4,21,67,Normal
2026-02-14 02:09:56.308322,Paris-46e4,18,48,Normal
2026-02-14 02:09:57.308322,Paris-46e4,-8,14,Normal
2026-02-14 02:09:58.308322,Paris-46e4,47,80,Normal
2026-02-14 02:09:59.308322,Paris-46e4,-28,87,Normal
2026-02-14 02:10:00.308322,Paris-46e4,32,25,Normal
2026-02-14 02:10:01.308322,Paris-46e4,9,6,Normal
2026-02-14 02:10:02.308322,Paris-46e4,-27,24,Normal
2026-02-14 02:10:03.308322,Paris-46e4,31,25,Normal
2026-02-14 02:10:04.308322,Paris-46e4,42,57,Normal
2026-02-14 02:10:05.308322,Paris-46e4,22,43,Normal
2026-02-14 02:10:06.308322,Paris-46e4,48,46,Normal
2026-02-14 02:10:07.308322,Paris-46e4,-4,87,Normal
2026-02-14 02:10:08.308322,Paris-46e4,3,85,Normal
2026-02-14 02:10:09.308322,Paris-46e4,-21,64,Normal
2026-02-14 02:10:10.308322,Paris-46e4,35,88,Normal
2026-02-14 02:10:11.308322,Paris-46e4,46,93,Normal
2026-02-14 02:10:12.308322,Paris-46e4,8,85,Normal
2026-02-14 02:10:13.308322,Paris-46e4,-7,68,Normal
2026-02-14 02:10:14.308322,Paris-46e4,18,85,Normal
2026-02-14 02:10:15.308322,Paris-46e4,47,89,Normal
2026-02-14 02:10:16.308322,Paris-46e4,30,91,Normal
2026-02-14 02:10:17.308322,Paris-46e4,-14,48,Normal
2026-02-14 02:10:18.308322,Paris-46e4,-28,2,Normal
2026-02-14 02:10:19.308322,Paris-46e4,36,9,Normal
2026-02-14 02:10:20.308322,Paris-46e4,20,40,Normal
2026-02-14 02:10:21.308322,Paris-46e4,17,46,Normal
2026-02-14 02:10:22.308322,Paris-46e4,36,49,Normal
2026-02-14 02:10:23.308322,Paris-46e4,49,64,Normal
2026-02-14 02:10:24.308322,Paris-46e4,-14,95,Normal
2026-02-14 02:10:25.308322,Paris-46e4,14,69,Normal
2026-02-14 02:10:26.308322,Paris-46e4,23,78,Normal
2026-02-14 02:10:27.308322,Paris-46e4,19,55,Normal
2026-02-14 02:10:28.308322,Paris-46e4,28,12,Normal
2026-02-14 02:10:29.308322,Paris-46e4,-4,23,Normal
2026-02-14 02:10:30.308322,Paris-46e4,35,63,Normal
2026-02-14 02:10:31.308322,Paris-46e4,3,85,Normal
2026-02-14 02:10:32.308322,Paris-46e4,36,68,Normal
2026-02-14 02:10:33.308322,Paris-46e4,-9,5,Normal
2026-02-14 02:10:34.308322,Paris-46e4,17,8,Normal
2026-02-14 02:10:35.308322,Paris-46e4,8,93,Normal
2026-02-14 02:10:36.308322,Paris-46e4,-30,93,Normal
2026-02-14 02:10:37.308322,Paris-46e4,-4,77,Normal
2026-02-14 02:10:38.308322,Paris-46e4,13,90,Normal
2026-02-14 02:10:39.308322,Paris-46e4,14,42,Normal
2026-02-14 02:10:40.308322,Paris-46e4,11,24,Normal
2026-02-14 02:10:41.308322,Paris-46e4,50,90,Normal
2026-02-14 02:10:42.308322,Paris-46e4,27,50,Normal
2026-02-14 02:10:43.308322,Paris-46e4,-30,9,Normal
2026-02-14 02:10:44.308322,Paris-46e4,15,0,Normal
2026-02-14 02:10:45.308322,Paris-46e4,45,62,Normal
2026-02-14 02:10:46.308322,Paris-46e4,3,65,Normal
2026-02-14 02:10:47.308322,Paris-46e4,-9,9,Normal
2026-02-14 02:10:48.308322,Paris-46e4,-7,0,Normal
2026-02-14 02:10:49.308322,Paris-46e4,18,95,Normal
2026-02-14 02:10:50.308322,Paris-46e4,-15,19,Normal
2026-02-14 02:10:51.308322,Paris-46e4,38,16,Normal
2026-02-14 02:10:52.308322,Paris-46e4,4,27,Normal
2026-02-14 02:10:53.308322,Paris-46e4,-1,36,Normal
2026-02-14 02:10:54.308322,Paris-46e4,-5,84,Normal
2026-02-14 02:10:55.308322,Paris-46e4,-5,95,Normal
2026-02-14 02:10:56.308322,Paris-46e4,-6,38,Normal
2026-02-14 02:10:57.308322,Paris-46e4,34,37,Normal
2026-02-14 02:10:58.308322,Paris-46e4,19,7,Normal
2026-02-14 02:10:59.308322,Paris-46e4,40,43,Normal
2026-02-14 02:11:00.308322,Paris-46e4,-10,45,Normal
2026-02-14 02:11:01.308322,Paris-46e4,48,23,Normal
2026-02-14 02:11:02.308322,Paris-46e4,-28,92,Normal
2026-02-14 02:11:03.308322,Paris-46e4,39,70,Normal
2026-02-14 02:11:04.308322,Paris-46e4,-10,62,Normal
2026-02-14 02:11:05.308322,Paris-46e4,-16,91,Normal
2026-02-14 02:11:06.308322,Paris-46e4,33,11,Normal
2026-02-14 02:11:07.308322,Paris-46e4,-28,40,Normal
2026-02-14 02:11:08.308322,Paris-46e4,38,41,Normal
2026-02-14 02:11:09.308322,Paris-46e4,46,67,Normal
2026-02-14 02:11:10.308322,Paris-46e4,43,75,Normal
2026-02-14 02:11:11.308322,Paris-46e4,-3,16,Normal
2026-02-14 02:11:12.308322,Paris-46e4,24,95,Normal
2026-02-14 02:11:13.308322,Paris-46e4,44,19,Normal
2026-02-14 02:11:14.308322,Paris-46e4,29,13,Normal
2026-02-14 02:11:15.308322,Paris-46e4,44,94,Normal
2026-02-14 02:11:16.308322,Paris-46e4,-1,90,Normal
2026-02-14 02:11:17.308322,Paris-46e4,37,82,Normal
2026-02-14 02:11:18.308322,Paris-46e4,-4,27,Normal
2026-02-14 02:11:19.308322,Paris-46e4,-17,61,Normal
2026-02-14 02:11:20.308322,Paris-46e4,22,26,Normal
2026-02-14 02:11:21.308322,Paris-46e4,-3,42,Normal
2026-02-14 02:11:22.308322,Paris-46e4,-30,24,Normal
2026-02-14 02:11:23.308322,Paris-46e4,27,98,Normal
2026-02-14 02:11:24.308322,Paris-46e4,28,78,Normal
2026-02-14 02:11:25.308322,Paris-46e4,-24,61,Normal
2026-02-14 02:11:26.308322,Paris-46e4,-21,45,Normal
2026-02-14 02:11:27.308322,Paris-46e4,7,71,Normal
2026-02-14 02:11:28.308322,Paris-46e4,-11,52,Normal
2026-02-14 02:11:29.308322,Paris-46e4,43,18,Normal
2026-02-14 02:11:30.308322,Paris-46e4,3,25,Normal
2026-02-14 02:11:31.308322,Paris-46e4,-19,72,Normal
2026-02-14 02:11:32.308322,Paris-46e4,-26,47,Normal
2026-02-14 02:11:33.308322,Paris-46e4,7,0,Normal
2026-02-14 02:11:34.308322,Paris-46e4,27,99,Normal
2026-02-14 02:11:35.308322,Paris-46e4,0,73,Normal
2026-02-14 02:11:36.308322,Paris-46e4,33,8,Normal
2026-02-14 02:11:37.308322,Paris-46e4,-15,84,Normal
2026-02-14 02:11:38.308322,Paris-46e4,9,0,Normal
2026-02-14 02:11:39.308322,Paris-46e4,8,21,Normal
2026-02-14 02:11:40.308322,Paris-46e4,26,32,Normal
2026-02-14 02:11:41.308322,Paris-46e4,5,24,Normal
2026-02-14 02:11:42.308322,Paris-46e4,-3,6,Normal
2026-02-14 02:11:43.308322,Paris-46e4,-28,42,Normal
2026-02-14 02:11:44.308322,Paris-46e4,33,23,Normal
2026-02-14 02:11:45.308322,Paris-46e4,-27,59,Normal
2026-02-14 02:11:46.308322,Paris-46e4,45,97,Normal
2026-02-14 02:11:47.308322,Paris-46e4,-7,83,Normal
2026-02-14 02:11:48.308322,Paris-46e4,19,90,Normal
2026-02-14 02:11:49.308322,Paris-46e4,28,79,Normal
2026-02-14 02:11:50.308322,Paris-46e4,31,24,Normal
2026-02-14 02:11:51.308322,Paris-46e4,-9,44,Normal
2026-02-14 02:11:52.308322,Paris-46e4,37,25,Normal
2026-02-14 02:11:53.308322,Paris-46e4,16,14,Normal
2026-02-14 02:11:54.308322,Paris-46e4,10,42,Normal
2026-02-14 02:11:55.308322,Paris-46e4,-8,11,Normal
2026-02-14 02:11:56.308322,Paris-46e4,33,43,Normal
2026-02-14 02:11:57.308322,Paris-46e4,-25,36,Normal
2026-02-14 02:11:58.308322,Paris-46e4,41,75,Normal
2026-02-14 02:11:59.308322,Paris-46e4,-22,77,Normal
2026-02-14 02:12:00.308322,Paris-46e4,45,27,Normal
2026-02-14 02:12:01.308322,Paris-46e4,7,12,Normal
2026-02-14 02:12:02.308322,Paris-46e4,33,20,Normal
2026-02-14 02:12:03.308322,Paris-46e4,-6,87,Normal
2026-02-14 02:12:04.308322,Paris-46e4,3,8,Normal
2026-02-14 02:12:05.308322,Paris-46e4,38,40,Normal
2026-02-14 02:12:06.308322,Paris-46e4,28,95,Normal
2026-02-14 02:12:07.308322,Paris-46e4,26,9,Normal
2026-02-14 02:12:08.308322,Paris-46e4,7,38,Normal
2026-02-14 02:12:09.308322,Paris-46e4,4,45,Normal
2026-02-14 02:12:10.308322,Paris-46e4,39,13,Normal
2026-02-14 02:12:11.308322,Paris-46e4,44,56,Normal
2026-02-14 02:12:12.308322,Paris-46e4,50,36,Normal
2026-02-14 02:12:13.308322,Paris-46e4,11,24,Normal
2026-02-14 02:12:14.308322,Paris-46e4,10,68,Normal
2026-02-14 02:12:15.308322,Paris-46e4,-11,72,Normal
2026-02-14 02:12:16.308322,Paris-46e4,-21,5,Normal
2026-02-14 02:12:17.308322,Paris-46e4,39,46,Normal
2026-02-14 02:12:18.308322,Paris-46e4,24,44,Normal
2026-02-14 02:12:19.308322,Paris-46e4,43,8,Normal
2026-02-14 02:12:20.308322,Paris-46e4,28,93,Normal
2026-02-14 02:12:21.308322,Paris-46e4,4,14,Normal
2026-02-14 02:12:22.308322,Paris-46e4,1,50,Normal
2026-02-14 02:12:23.308322,Paris-46e4,-1,37,Normal
2026-02-14 02:12:24.308322,Paris-46e4,3,64,Normal
2026-02-14 02:12:25.308322,Paris-46e4,-7,72,Normal
2026-02-14 02:12:26.308322,Paris-46e4,-9,61,Normal
2026-02-14 02:12:27.308322,Paris-46e4,42,38,Normal
2026-02-14 02:12:28.308322,Paris-46e4,11,62,Normal
2026-02-14 02:12:29.308322,Paris-46e4,2,52,Normal
2026-02-14 02:12:30.308322,Paris-46e4,25,24,Normal
2026-02-14 02:12:31.308322,Paris-46e4,26,54,Normal
2026-02-14 02:12:32.308322,Paris-46e4,30,36,Normal
2026-02-14 02:12:33.308322,Paris-46e4,41,25,Normal
2026-02-14 02:12:34.308322,Paris-46e4,-28,15,Normal
2026-02-14 02:12:35.308322,Paris-46e4,-11,20,Normal
2026-02-14 02:12:36.308322,Paris-46e4,40,91,Normal
2026-02-14 02:12:37.308322,Paris-46e4,50,33,Normal
2026-02-14 02:12:38.308322,Paris-46e4,2,11,Normal
2026-02-14 02:12:39.308322,Paris-46e4,28,41,Normal
2026-02-14 02:12:40.308322,Paris-46e4,-29,60,Normal
2026-02-14 02:12:41.308322,Paris-46e4,-27,45,Normal
2026-02-14 02:12:42.308322,Paris-46e4,47,70,Normal
2026-02-14 02:12:43.308322,Paris-46e4,36,49,Normal
2026-02-14 02:12:44.308322,Paris-46e4,30,11,Normal
2026-02-14 02:12:45.308322,Paris-46e4,50,90,Normal
2026-02-14 02:12:46.308322,Paris-46e4,20,7,Normal
2026-02-14 02:12:47.308322,Paris-46e4,6,50,Normal
2026-02-14 02:12:48.308322,Paris-46e4,-14,33,Normal
2026-02-14 02:12:49.308322,Paris-46e4,-5,65,Normal
2026-02-14 02:12:50.308322,Paris-46e4,40,77,Normal
2026-02-14 02:12:51.308322,Paris-46e4,48,93,Normal
2026-02-14 02:12:52.308322,Paris-46e4,-30,91,Normal
2026-02-14 02:12:53.308322,Paris-46e4,12,0,Normal
2026-02-14 02:12:54.308322,Paris-46e4,-4,34,Normal
2026-02-14 02:12:55.308322,Paris-46e4,50,43,Normal
2026-02-14 02:12:56.308322,Paris-46e4,42,9,Normal
2026-02-14 02:12:57.308322,Paris-46e4,45,71,Normal
2026-02-14 02:12:58.308322,Paris-46e4,-17,84,Normal
2026-02-14 02:12:59.308322,Paris-46e4,-3,38,Normal
2026-02-14 02:13:00.308322,Paris-46e4,-20,91,Normal
2026-02-14 02:13:01.308322,Paris-46e4,-13,61,Normal
2026-02-14 02:13:02.308322,Paris-46e4,45,96,Normal
2026-02-14 02:13:03.308322,Paris-46e4,19,92,Normal
2026-02-14 02:13:04.308322,Paris-46e4,-4,19,Normal
2026-02-14 02:13:05.308322,Paris-46e4,-25,5,Normal
2026-02-14 02:13:06.308322,Paris-46e4,-15,31,Normal
2026-02-14 02:13:07.308322,Paris-46e4,-23,18,Normal
2026-02-14 02:13:08.308322,Paris-46e4,45,85,Normal
2026-02-14 02:13:09.308322,Paris-46e4,28,35,Normal
2026-02-14 02:13:10.308322,Paris-46e4,-20,17,Normal
2026-02-14 02:13:11.308322,Paris-46e4,-21,49,Normal
2026-02-14 02:13:12.308322,Paris-46e4,7,42,Normal
2026-02-14 02:13:13.308322,Paris-46e4,-19,27,Normal
2026-02-14 02:13:14.308322,Paris-46e4,-6,59,Normal
2026-02-14 02:13:15.308322,Paris-46e4,46,14,Normal
2026-02-14 02:13:16.308322,Paris-46e4,32,54,Normal
2026-02-14 02:13:17.308322,Paris-46e4,-9,65,Normal
2026-02-14 02:13:18.308322,Paris-46e4,12,6,Normal
2026-02-14 02:13:19.308322,Paris-46e4,47,61,Normal
2026-02-14 02:13:20.308322,Paris-46e4,-13,12,Normal
2026-02-14 02:13:21.308322,Paris-46e4,23,35,Normal
2026-02-14 02:13:22.308322,Paris-46e4,9,18,Normal
2026-02-14 02:13:23.308322,Paris-46e4,6,3,Normal
2026-02-14 02:13:24.308322,Paris-46e4,-8,75,Normal
2026-02-14 02:13:25.308322,Paris-46e4,17,6,Normal
2026-02-14 02:13:26.308322,Paris-46e4,-16,29,Normal
2026-02-14 02:13:27.308322,Paris-46e4,-7,49,Normal
2026-02-14 02:13:28.308322,Paris-46e4,-27,18,Normal
2026-02-14 02:13:29.308322,Paris-46e4,-23,39,Normal
2026-02-14 02:13:30.308322,Paris-46e4,11,47,Normal
2026-02-14 02:13:31.308322,Paris-46e4,34,67,Normal
2026-02-14 02:13:32.308322,Paris-46e4,21,13,Normal
2026-02-14 02:13:33.308322,Paris-46e4,49,55,Normal
2026-02-14 02:13:34.308322,Paris-46e4,19,89,Normal
2026-02-14 02:13:35.308322,Paris-46e4,35,9,Normal
2026-02-14 02:13:36.308322,Paris-46e4,-22,1,Normal
2026-02-14 02:13:37.308322,Paris-46e4,48,42,Normal
2026-02-14 02:13:38.308322,Paris-46e4,-1,92,Normal
2026-02-14 02:13:39.308322,Paris-46e4,-11,99,Normal
2026-02-14 02:13:40.308322,Paris-46e4,7,27,Normal
2026-02-14 02:13:41.308322,Paris-46e4,20,65,Normal
2026-02-14 02:13:42.308322,Paris-46e4,18,31,Normal
2026-02-14 02:13:43.308322,Paris-46e4,28,5,Normal
2026-02-14 02:13:44.308322,Paris-46e4,9,30,Normal
2026-02-14 02:13:45.308322,Paris-46e4,-25,12,Normal
2026-02-14 02:13:46.308322,Paris-46e4,-5,2,Normal
2026-02-14 02:13:47.308322,Paris-46e4,-28,5,Normal
2026-02-14 02:13:48.308322,Paris-46e4,-24,64,Normal
2026-02-14 02:13:49.308322,Paris-46e4,-10,30,Normal
2026-02-14 02:13:50.308322,Paris-46e4,-15,47,Normal
2026-02-14 02:13:51.308322,Paris-46e4,-14,19,Normal
2026-02-14 02:13:52.308322,Paris-46e4,-20,47,Normal
2026-02-14 02:13:53.308322,Paris-46e4,12,52,Normal
2026-02-14 02:13:54.308322,Paris-46e4,-30,87,Normal
2026-02-14 02:13:55.308322,Paris-46e4,31,84,Normal
2026-02-14 02:13:56.308322,Paris-46e4,-28,7,Normal
2026-02-14 02:13:57.308322,Paris-46e4,-10,9,Normal
2026-02-14 02:13:58.308322,Paris-46e4,-14,55,Normal
2026-02-14 02:13:59.308322,Paris-46e4,44,12,Normal
2026-02-14 02:14:00.308322,Paris-46e4,37,28,Normal
2026-02-14 02:14:01.308322,Paris-46e4,42,75,Normal
2026-02-14 02:14:02.308322,Paris-46e4,-24,76,Normal
2026-02-14 02:14:03.308322,Paris-46e4,-20,88,Normal
2026-02-14 02:14:04.308322,Paris-46e4,44,27,Normal
2026-02-14 02:14:05.308322,Paris-46e4,-17,20,Normal
2026-02-14 02:14:06.308322,Paris-46e4,-5,5,Normal
2026-02-14 02:14:07.308322,Paris-46e4,12,36,Normal
2026-02-14 02:14:08.308322,Paris-46e4,44,37,Normal
2026-02-14 02:14:09.308322,Paris-46e4,39,95,Normal
2026-02-14 02:14:10.308322,Paris-46e4,-21,33,Normal
2026-02-14 02:14:11.308322,Paris-46e4,47,59,Normal
2026-02-14 02:14:12.308322,Paris-46e4,-3,21,Normal
2026-02-14 02:14:13.308322,Paris-46e4,12,61,Normal
2026-02-14 02:14:14.308322,Paris-46e4,-4,7,Normal
2026-02-14 02:14:15.308322,Paris-46e4,41,17,Normal
2026-02-14 02:14:16.308322,Paris-46e4,7,46,Normal
2026-02-14 02:14:17.308322,Paris-46e4,6,38,Normal
2026-02-14 02:14:18.308322,Paris-46e4,-24,22,Normal
2026-02-14 02:14:19.308322,Paris-46e4,1,13,Normal
2026-02-14 02:14:20.308322,Paris-46e4,4,19,Normal
2026-02-14 02:14:21.308322,Paris-46e4,-22,62,Normal
2026-02-14 02:14:22.308322,Paris-46e4,-15,55,Normal
2026-02-14 02:14:23.308322,Paris-46e4,44,7,Normal
2026-02-14 02:14:24.308322,Paris-46e4,48,45,Normal
2026-02-14 02:14:25.308322,Paris-46e4,34,13,Normal
2026-02-14 02:14:26.308322,Paris-46e4,34,61,Normal
2026-02-14 02:14:27.308322,Paris-46e4,44,76,Normal
2026-02-14 02:14:28.308322,Paris-46e4,12,59,Normal
2026-02-14 02:14:29.308322,Paris-46e4,-12,7,Normal
2026-02-14 02:14:30.308322,Paris-46e4,-8,11,Normal
2026-02-14 02:14:31.308322,Paris-46e4,30,96,Normal
2026-02-14 02:14:32.308322,Paris-46e4,-13,88,Normal
2026-02-14 02:14:33.308322,Paris-46e4,37,63,Normal
2026-02-14 02:14:34.308322,Paris-46e4,8,51,Normal
2026-02-14 02:14:35.308322,Paris-46e4,26,87,Normal
2026-02-14 02:14:36.308322,Paris-46e4,41,86,Normal
2026-02-14 02:14:37.308322,Paris-46e4,16,5,Normal
2026-02-14 02:14:38.308322,Paris-46e4,-18,4,Normal
2026-02-14 02:14:39.308322,Paris-46e4,33,92,Normal
2026-02-14 02:14:40.308322,Paris-46e4,11,89,Normal
2026-02-14 02:14:41.308322,Paris-46e4,-13,44,Normal
2026-02-14 02:14:42.308322,Paris-46e4,-30,69,Normal
2026-02-14 02:14:43.308322,Paris-46e4,3,78,Normal
2026-02-14 02:14:44.308322,Paris-46e4,44,36,Normal
2026-02-14 02:14:45.308322,Paris-46e4,-19,62,Normal
2026-02-14 02:14:46.308322,Paris-46e4,50,33,Normal
2026-02-14 02:14:47.308322,Paris-46e4,12,72,Normal
2026-02-14 02:14:48.308322,Paris-46e4,-5,94,Normal
2026-02-14 02:14:49.308322,Paris-46e4,-9,55,Normal
2026-02-14 02:14:50.308322,Paris-46e4,13,67,Normal
2026-02-14 02:14:51.308322,Paris-46e4,40,41,Normal
2026-02-14 02:14:52.308322,Paris-46e4,25,98,Normal
2026-02-14 02:14:53.308322,Paris-46e4,-13,12,Normal
2026-02-14 02:14:54.308322,Paris-46e4,-16,54,Normal
2026-02-14 02:14:55.308322,Paris-46e4,-16,29,Normal
2026-02-14 02:14:56.308322,Paris-46e4,43,41,Normal
2026-02-14 02:14:57.308322,Paris-46e4,30,14,Normal
2026-02-14 02:14:58.308322,Paris-46e4,24,22,Normal
2026-02-14 02:14:59.308322,Paris-46e4,19,84,Normal
2026-02-14 02:15:00.308322,Paris-46e4,22,13,Normal
2026-02-14 02:15:01.308322,Paris-46e4,-11,5,Normal
2026-02-14 02:15:02.308322,Paris-46e4,-15,75,Normal
2026-02-14 02:15:03.308322,Paris-46e4,14,92,Normal
2026-02-14 02:15:04.308322,Paris-46e4,-26,65,Normal
2026-02-14 02:15:05.308322,Paris-46e4,-22,72,Normal
2026-02-14 02:15:06.308322,Paris-46e4,32,89,Normal
2026-02-14 02:15:07.308322,Paris-46e4,28,94,Normal
2026-02-14 02:15:08.308322,Paris-46e4,2,77,Normal
2026-02-14 02:15:09.308322,Paris-46e4,48,11,Normal
2026-02-14 02:15:10.308322,Paris-46e4,42,1,Normal
2026-02-14 02:15:11.308322,Paris-46e4,-25,32,Normal
2026-02-14 02:15:12.308322,Paris-46e4,14,16,Normal
2026-02-14 02:15:13.308322,Paris-46e4,48,1,Normal
2026-02-14 02:15:14.308322,Paris-46e4,-7,33,Normal
2026-02-14 02:15:15.308322,Paris-46e4,35,27,Normal
2026-02-14 02:15:16.308322,Paris-46e4,28,71,Normal
2026-02-14 02:15:17.308322,Paris-46e4,-15,12,Normal
2026-02-14 02:15:18.308322,Paris-46e4,33,49,Normal
2026-02-14 02:15:19.308322,Paris-46e4,16,100,Normal
2026-02-14 02:15:20.308322,Paris-46e4,-2,65,Normal
2026-02-14 02:15:21.308322,Paris-46e4,5,81,Normal
2026-02-14 02:15:22.308322,Paris-46e4,14,66,Normal
2026-02-14 02:15:23.308322,Paris-46e4,0,43,Normal
2026-02-14 02:15:24.308322,Paris-46e4,48,55,Normal
2026-02-14 02:15:25.308322,Paris-46e4,-6,90,Normal
2026-02-14 02:15:26.308322,Paris-46e4,34,8,Normal
2026-02-14 02:15:27.308322,Paris-46e4,8,33,Normal
2026-02-14 02:15:28.308322,Paris-46e4,-3,69,Normal
2026-02-14 02:15:29.308322,Paris-46e4,-8,78,Normal
2026-02-14 02:15:30.308322,Paris-46e4,27,81,Normal
2026-02-14 02:15:31.308322,Paris-46e4,4,66,Normal
2026-02-14 02:15:32.308322,Paris-46e4,-4,69,Normal
2026-02-14 02:15:33.308322,Paris-46e4,42,37,Normal
2026-02-14 02:15:34.308322,Paris-46e4,9,92,Normal
2026-02-14 02:15:35.308322,Paris-46e4,-13,87,Normal
2026-02-14 02:15:36.308322,Paris-46e4,43,3,Normal
2026-02-14 02:15:37.308322,Paris-46e4,16,71,Normal
2026-02-14 02:15:38.308322,Paris-46e4,48,14,Normal
2026-02-14 02:15:39.308322,Paris-46e4,31,74,Normal
2026-02-14 02:15:40.308322,Paris-46e4,-9,48,Normal
2026-02-14 02:15:41.308322,Paris-46e4,41,24,Normal
2026-02-14 02:15:42.308322,Paris-46e4,19,69,Normal
2026-02-14 02:15:43.308322,Paris-46e4,50,5,Normal
2026-02-14 02:15:44.308322,Paris-46e4,38,72,Normal
2026-02-14 02:15:45.308322,Paris-46e4,7,93,Normal
2026-02-14 02:15:46.308322,Paris-46e4,4,43,Normal
2026-02-14 02:15:47.308322,Paris-46e4,-21,94,Normal
2026-02-14 02:15:48.308322,Paris-46e4,48,50,Normal
2026-02-14 02:15:49.308322,Paris-46e4,7,71,Normal
2026-02-14 02:15:50.308322,Paris-46e4,1,63,Normal
2026-02-14 02:15:51.308322,Paris-46e4,50,16,Normal
2026-02-14 02:15:52.308322,Paris-46e4,29,8,Normal
2026-02-14 02:15:53.308322,Paris-46e4,26,85,Normal
2026-02-14 02:15:54.308322,Paris-46e4,49,69,Normal
2026-02-14 02:15:55.308322,Paris-46e4,-14,66,Normal
2026-02-14 02:15:56.308322,Paris-46e4,44,99,Normal
2026-02-14 02:15:57.308322,Paris-46e4,-20,75,Normal
2026-02-14 02:15:58.308322,Paris-46e4,-14,25,Normal
2026-02-14 02:15:59.308322,Paris-46e4,33,63,Normal
2026-02-14 02:16:00.308322,Paris-46e4,47,32,Normal
2026-02-14 02:16:01.308322,Paris-46e4,43,82,Normal
2026-02-14 02:16:02.308322,Paris-46e4,-17,24,Normal
2026-02-14 02:16:03.308322,Paris-46e4,45,0,Normal
2026-02-14 02:16:04.308322,Paris-46e4,-18,95,Normal
2026-02-14 02:16:05.308322,Paris-46e4,30,36,Normal
2026-02-14 02:16:06.308322,Paris-46e4,49,38,Normal
2026-02-14 02:16:07.308322,Paris-46e4,5,57,Normal
2026-02-14 02:16:08.308322,Paris-46e4,42,7,Normal
2026-02-14 02:16:09.308322,Paris-46e4,14,91,Normal
2026-02-14 02:16:10.308322,Paris-46e4,1,89,Normal
2026-02-14 02:16:11.308322,Paris-46e4,6,64,Normal
2026-02-14 02:16:12.308322,Paris-46e4,-28,0,Normal
2026-02-14 02:16:13.308322,Paris-46e4,36,25,Normal
2026-02-14 02:16:14.308322,Paris-46e4,17,77,Normal
2026-02-14 02:16:15.308322,Paris-46e4,-19,64,Normal
2026-02-14 02:16:16.308322,Paris-46e4,42,49,Normal
2026-02-14 02:16:17.308322,Paris-46e4,21,97,Normal
2026-02-14 02:16:18.308322,Paris-46e4,-5,2,Normal
2026-02-14 02:16:19.308322,Paris-46e4,23,62,Normal
2026-02-14 02:16:20.308322,Paris-46e4,-1,39,Normal
2026-02-14 02:16:21.308322,Paris-46e4,26,21,Normal
2026-02-14 02:16:22.308322,Paris-46e4,24,84,Normal
2026-02-14 02:16:23.308322,Paris-46e4,24,11,Normal
2026-02-14 02:16:24.308322,Paris-46e4,-10,45,Normal
2026-02-14 02:16:25.308322,Paris-46e4,-18,51,Normal
2026-02-14 02:16:26.308322,Paris-46e4,17,72,Normal
2026-02-14 02:16:27.308322,Paris-46e4,-21,36,Normal
2026-02-14 02:16:28.308322,Paris-46e4,-8,69,Normal
2026-02-14 02:16:29.308322,Paris-46e4,15,30,Normal
2026-02-14 02:16:30.308322,Paris-46e4,25,13,Normal
2026-02-14 02:16:31.308322,Paris-46e4,21,20,Normal
2026-02-14 02:16:32.308322,Paris-46e4,-26,20,Normal
2026-02-14 02:16:33.308322,Paris-46e4,-23,54,Normal
2026-02-14 02:16:34.308322,Paris-46e4,15,63,Normal
2026-02-14 02:16:35.308322,Paris-46e4,-24,15,Normal
2026-02-14 02:16:36.308322,Paris-46e4,-21,29,Normal
2026-02-14 02:16:37.308322,Paris-46e4,-23,90,Normal
2026-02-14 02:16:38.308322,Paris-46e4,48,64,Normal
2026-02-14 02:16:39.308322,Paris-46e4,-11,63,Normal
2026-02-14 02:16:40.308322,Paris-46e4,4,85,Normal
2026-02-14 02:16:41.308322,Paris-46e4,45,89,Normal
2026-02-14 02:16:42.308322,Paris-46e4,27,65,Normal
2026-02-14 02:16:43.308322,Paris-46e4,26,27,Normal
2026-02-14 02:16:44.308322,Paris-46e4,15,20,Normal
2026-02-14 02:16:45.308322,Paris-46e4,16,50,Normal
2026-02-14 02:16:46.308322,Paris-46e4,40,45,Normal
2026-02-14 02:16:47.308322,Paris-46e4,44,86,Normal
2026-02-14 02:16:48.308322,Paris-46e4,-21,68,Normal
2026-02-14 02:16:49.308322,Paris-46e4,-13,70,Normal
2026-02-14 02:16:50.308322,Paris-46e4,17,94,Normal
2026-02-14 02:16:51.308322,Paris-46e4,-20,46,Normal
2026-02-14 02:16:52.308322,Paris-46e4,48,61,Normal
2026-02-14 02:16:53.308322,Paris-46e4,-13,36,Normal
2026-02-14 02:16:54.308322,Paris-46e4,6,20,Normal
2026-02-14 02:16:55.308322,Paris-46e4,11,55,Normal
2026-02-14 02:16:56.308322,Paris-46e4,-21,31,Normal
2026-02-14 02:16:57.308322,Paris-46e4,-14,43,Normal
2026-02-14 02:16:58.308322,Paris-46e4,-13,24,Normal
2026-02-14 02:16:59.308322,Paris-46e4,8,77,Normal
2026-02-14 02:17:00.308322,Paris-46e4,-26,15,Normal
2026-02-14 02:17:01.308322,Paris-46e4,-5,52,Normal
2026-02-14 02:17:02.308322,Paris-46e4,-1,21,Normal
2026-02-14 02:17:03.308322,Paris-46e4,30,93,Normal
2026-02-14 02:17:04.308322,Paris-46e4,19,35,Normal
2026-02-14 02:17:05.308322,Paris-46e4,7,82,Normal
2026-02-14 02:17:06.308322,Paris-46e4,-4,6,Normal
2026-02-14 02:17:07.308322,Paris-46e4,-2,1,Normal
2026-02-14 02:17:08.308322,Paris-46e4,-11,5,Normal
2026-02-14 02:17:09.308322,Paris-46e4,-30,36,Normal
2026-02-14 02:17:10.308322,Paris-46e4,44,25,Normal
2026-02-14 02:17:11.308322,Paris-46e4,34,78,Normal
2026-02-14 02:17:12.308322,Paris-46e4,7,6,Normal
2026-02-14 02:17:13.308322,Paris-46e4,11,54,Normal
2026-02-14 02:17:14.308322,Paris-46e4,20,53,Normal
2026-02-14 02:17:15.308322,Paris-46e4,-2,77,Normal
2026-02-14 02:17:16.308322,Paris-46e4,-30,29,Normal
2026-02-14 02:17:17.308322,Paris-46e4,18,11,Normal
2026-02-14 02:17:18.308322,Paris-46e4,37,51,Normal
2026-02-14 02:17:19.308322,Paris-46e4,-6,41,Normal
2026-02-14 02:17:20.308322,Paris-46e4,11,93,Normal
2026-02-14 02:17:21.308322,Paris-46e4,36,6,Normal
2026-02-14 02:17:22.308322,Paris-46e4,30,46,Normal
2026-02-14 02:17:23.308322,Paris-46e4,25,57,Normal
2026-02-14 02:17:24.308322,Paris-46e4,-18,36,Normal
2026-02-14 02:17:25.308322,Paris-46e4,24,71,Normal
2026-02-14 02:17:26.308322,Paris-46e4,10,91,Normal
2026-02-14 02:17:27.308322,Paris-46e4,11,88,Normal
2026-02-14 02:17:28.308322,Paris-46e4,14,0,Normal
2026-02-14 02:17:29.308322,Paris-46e4,-22,71,Normal
2026-02-14 02:17:30.308322,Paris-46e4,-19,79,Normal
2026-02-14 02:17:31.308322,Paris-46e4,-5,9,Normal
2026-02-14 02:17:32.308322,Paris-46e4,-4,98,Normal
2026-02-14 02:17:33.308322,Paris-46e4,8,74,Normal
2026-02-14 02:17:34.308322,Paris-46e4,22,25,Normal
2026-02-14 02:17:35.308322,Paris-46e4,18,64,Normal
2026-02-14 02:17:36.308322,Paris-46e4,17,78,Normal
2026-02-14 02:17:37.308322,Paris-46e4,48,23,Normal
2026-02-14 02:17:38.308322,Paris-46e4,16,86,Normal
2026-02-14 02:17:39.308322,Paris-46e4,11,84,Normal
2026-02-14 02:17:40.308322,Paris-46e4,5,35,Normal
2026-02-14 02:17:41.308322,Paris-46e4,-21,3,Normal
2026-02-14 02:17:42.308322,Paris-46e4,44,81,Normal
2026-02-14 02:17:43.308322,Paris-46e4,18,94,Normal
2026-02-14 02:17:44.308322,Paris-46e4,43,15,Normal
2026-02-14 02:17:45.308322,Paris-46e4,44,42,Normal
2026-02-14 02:17:46.308322,Paris-46e4,-6,44,Normal
2026-02-14 02:17:47.308322,Paris-46e4,15,18,Normal
2026-02-14 02:17:48.308322,Paris-46e4,11,85,Normal
2026-02-14 02:17:49.308322,Paris-46e4,15,26,Normal
2026-02-14 02:17:50.308322,Paris-46e4,-18,98,Normal
2026-02-14 02:17:51.308322,Paris-46e4,33,30,Normal
2026-02-14 02:17:52.308322,Paris-46e4,20,97,Normal
2026-02-14 02:17:53.308322,Paris-46e4,-28,54,Normal
2026-02-14 02:17:54.308322,Paris-46e4,16,42,Normal
2026-02-14 02:17:55.308322,Paris-46e4,-5,50,Normal
2026-02-14 02:17:56.308322,Paris-46e4,-30,29,Normal
2026-02-14 02:17:57.308322,Paris-46e4,-1,87,Normal
2026-02-14 02:17:58.308322,Paris-46e4,-15,55,Normal
2026-02-14 02:17:59.308322,Paris-46e4,23,17,Normal
2026-02-14 02:18:00.308322,Paris-46e4,20,30,Normal
2026-02-14 02:18:01.308322,Paris-46e4,4,16,Normal
2026-02-14 02:18:02.308322,Paris-46e4,50,49,Normal
2026-02-14 02:18:03.308322,Paris-46e4,23,88,Normal
2026-02-14 02:18:04.308322,Paris-46e4,38,42,Normal
2026-02-14 02:18:05.308322,Paris-46e4,33,94,Normal
2026-02-14 02:18:06.308322,Paris-46e4,-3,87,Normal
2026-02-14 02:18:07.308322,Paris-46e4,42,98,Normal
2026-02-14 02:18:08.308322,Paris-46e4,18,81,Normal
2026-02-14 02:18:09.308322,Paris-46e4,2,82,Normal
2026-02-14 02:18:10.308322,Paris-46e4,12,48,Normal
2026-02-14 02:18:11.308322,Paris-46e4,-1,8,Normal
2026-02-14 02:18:12.308322,Paris-46e4,20,40,Normal
2026-02-14 02:18:13.308322,Paris-46e4,-25,19,Normal
2026-02-14 02:18:14.308322,Paris-46e4,12,43,Normal
2026-02-14 02:18:15.308322,Paris-46e4,13,85,Normal
2026-02-14 02:18:16.308322,Paris-46e4,-29,47,Normal
2026-02-14 02:18:17.308322,Paris-46e4,33,24,Normal
2026-02-14 02:18:18.308322,Paris-46e4,-26,70,Normal
2026-02-14 02:18:19.308322,Paris-46e4,18,46,Normal
2026-02-14 02:18:20.308322,Paris-46e4,33,7,Normal
2026-02-14 02:18:21.308322,Paris-46e4,-7,77,Normal
2026-02-14 02:18:22.308322,Paris-46e4,27,45,Normal
2026-02-14 02:18:23.308322,Paris-46e4,-20,2,Normal
2026-02-14 02:18:24.308322,Paris-46e4,28,67,Normal
2026-02-14 02:18:25.308322,Paris-46e4,-17,64,Normal
2026-02-14 02:18:26.308322,Paris-46e4,-19,81,Normal
2026-02-14 02:18:27.308322,Paris-46e4,15,67,Normal
2026-02-14 02:18:28.308322,Paris-46e4,-1,34,Normal
2026-02-14 02:18:29.308322,Paris-46e4,8,45,Normal
2026-02-14 02:18:30.308322,Paris-46e4,49,23,Normal
2026-02-14 02:18:31.308322,Paris-46e4,50,89,Normal
2026-02-14 02:18:32.308322,Paris-46e4,-30,33,Normal
2026-02-14 02:18:33.308322,Paris-46e4,-12,97,Normal
2026-02-14 02:18:34.308322,Paris-46e4,12,6,Normal
2026-02-14 02:18:35.308322,Paris-46e4,-7,28,Normal
2026-02-14 02:18:36.308322,Paris-46e4,38,42,Normal
2026-02-14 02:18:37.308322,Paris-46e4,-9,50,Normal
2026-02-14 02:18:38.308322,Paris-46e4,12,21,Normal
2026-02-14 02:18:39.308322,Paris-46e4,23,5,Normal
2026-02-14 02:18:40.308322,Paris-46e4,-28,5,Normal
2026-02-14 02:18:41.308322,Paris-46e4,15,96,Normal
2026-02-14 02:18:42.308322,Paris-46e4,-24,66,Normal
2026-02-14 02:18:43.308322,Paris-46e4,20,65,Normal
2026-02-14 02:18:44.308322,Paris-46e4,23,32,Normal
2026-02-14 02:18:45.308322,Paris-46e4,-1,45,Normal
2026-02-14 02:18:46.308322,Paris-46e4,10,68,Normal
2026-02-14 02:18:47.308322,Paris-46e4,10,11,Normal
2026-02-14 02:18:48.308322,Paris-46e4,-2,21,Normal
2026-02-14 02:18:49.308322,Paris-46e4,44,79,Normal
2026-02-14 02:18:50.308322,Paris-46e4,-25,62,Normal
2026-02-14 02:18:51.308322,Paris-46e4,-22,36,Normal
2026-02-14 02:18:52.308322,Paris-46e4,27,0,Normal
2026-02-14 02:18:53.308322,Paris-46e4,16,38,Normal
2026-02-14 02:18:54.308322,Paris-46e4,3,98,Normal
2026-02-14 02:18:55.308322,Paris-46e4,26,89,Normal
2026-02-14 02:18:56.308322,Paris-46e4,6,54,Normal
2026-02-14 02:18:57.308322,Paris-46e4,16,72,Normal
2026-02-14 02:18:58.308322,Paris-46e4,50,67,Normal
2026-02-14 02:18:59.308322,Paris-46e4,48,33,Normal
2026-02-14 02:19:00.308322,Paris-46e4,13,89,Normal
2026-02-14 02:19:01.308322,Paris-46e4,39,9,Normal
2026-02-14 02:19:02.308322,Paris-46e4,37,86,Normal
2026-02-14 02:19:03.308322,Paris-46e4,48,48,Normal
2026-02-14 02:19:04.308322,Paris-46e4,2,98,Normal
2026-02-14 02:19:05.308322,Paris-46e4,40,5,Normal
2026-02-14 02:19:06.308322,Paris-46e4,16,78,Normal
2026-02-14 02:19:07.308322,Paris-46e4,1,60,Normal
2026-02-14 02:19:08.308322,Paris-46e4,-9,87,Normal
2026-02-14 02:19:09.308322,Paris-46e4,-10,59,Normal
2026-02-14 02:19:10.308322,Paris-46e4,17,60,Normal
2026-02-14 02:19:11.308322,Paris-46e4,-18,17,Normal
2026-02-14 02:19:12.308322,Paris-46e4,9,23,Normal
2026-02-14 02:19:13.308322,Paris-46e4,4,1,Normal
2026-02-14 02:19:14.308322,Paris-46e4,31,70,Normal
2026-02-14 02:19:15.308322,Paris-46e4,-23,63,Normal
2026-02-14 02:19:16.308322,Paris-46e4,-18,22,Normal
2026-02-14 02:19:17.308322,Paris-46e4,13,80,Normal
2026-02-14 02:19:18.308322,Paris-46e4,46,59,Normal
2026-02-14 02:19:19.308322,Paris-46e4,22,100,Normal
2026-02-14 02:19:20.308322,Paris-46e4,16,31,Normal
2026-02-14 02:19:21.308322,Paris-46e4,-26,31,Normal
2026-02-14 02:19:22.308322,Paris-46e4,13,13,Normal
2026-02-14 02:19:23.308322,Paris-46e4,37,27,Normal
2026-02-14 02:19:24.308322,Paris-46e4,-2,48,Normal
2026-02-14 02:19:25.308322,Paris-46e4,-14,74,Normal
2026-02-14 02:19:26.308322,Paris-46e4,46,4,Normal
2026-02-14 02:19:27.308322,Paris-46e4,49,0,Normal
2026-02-14 02:19:28.308322,Paris-46e4,17,64,Normal
2026-02-14 02:19:29.308322,Paris-46e4,33,12,Normal
2026-02-14 02:19:30.308322,Paris-46e4,24,88,Normal
2026-02-14 02:19:31.308322,Paris-46e4,49,83,Normal
2026-02-14 02:19:32.308322,Paris-46e4,-25,60,Normal
2026-02-14 02:19:33.308322,Paris-46e4,-20,91,Normal
2026-02-14 02:19:34.308322,Paris-46e4,12,96,Normal
2026-02-14 02:19:35.308322,Paris-46e4,-19,11,Normal
2026-02-14 02:19:36.308322,Paris-46e4,31,28,Normal
2026-02-14 02:19:37.308322,Paris-46e4,48,30,Normal
2026-02-14 02:19:38.308322,Paris-46e4,4,14,Normal
2026-02-14 02:19:39.308322,Paris-46e4,-1,99,Normal
2026-02-14 02:19:40.308322,Paris-46e4,17,71,Normal
2026-02-14 02:19:41.308322,Paris-46e4,10,34,Normal
2026-02-14 02:19:42.308322,Paris-46e4,17,75,Normal
2026-02-14 02:19:43.308322,Paris-46e4,-28,73,Normal
2026-02-14 02:19:44.308322,Paris-46e4,33,92,Normal
2026-02-14 02:19:45.308322,Paris-46e4,-12,100,Normal
2026-02-14 02:19:46.308322,Paris-46e4,40,100,Normal
2026-02-14 02:19:47.308322,Paris-46e4,28,46,Normal
2026-02-14 02:19:48.308322,Paris-46e4,-6,57,Normal
2026-02-14 02:19:49.308322,Paris-46e4,-13,21,Normal
2026-02-14 02:19:50.308322,Paris-46e4,28,2,Normal
2026-02-14 02:19:51.308322,Paris-46e4,40,93,Normal
2026-02-14 02:19:52.308322,Paris-46e4,40,37,Normal
2026-02-14 02:19:53.308322,Paris-46e4,12,35,Normal
2026-02-14 02:19:54.308322,Paris-46e4,-27,12,Normal
2026-02-14 02:19:55.308322,Paris-46e4,12,13,Normal
2026-02-14 02:19:56.308322,Paris-46e4,-8,20,Normal
2026-02-14 02:19:57.308322,Paris-46e4,16,40,Normal
2026-02-14 02:19:58.308322,Paris-46e4,15,0,Normal
2026-02-14 02:19:59.308322,Paris-46e4,47,60,Normal
2026-02-14 02:20:00.308322,Paris-46e4,49,40,Normal
2026-02-14 02:20:01.308322,Paris-46e4,41,79,Normal
2026-02-14 02:20:02.308322,Paris-46e4,-18,95,Normal
2026-02-14 02:20:03.308322,Paris-46e4,27,80,Normal
2026-02-14 02:20:04.308322,Paris-46e4,45,30,Normal
2026-02-14 02:20:05.308322,Paris-46e4,-1,38,Normal
2026-02-14 02:20:06.308322,Paris-46e4,-9,10,Normal
2026-02-14 02:20:07.308322,Paris-46e4,24,84,Normal
2026-02-14 02:20:08.308322,Paris-46e4,42,2,Normal
2026-02-14 02:20:09.308322,Paris-46e4,-1,98,Normal
2026-02-14 02:20:10.308322,Paris-46e4,22,92,Normal
2026-02-14 02:20:11.308322,Paris-46e4,18,88,Normal
2026-02-14 02:20:12.308322,Paris-46e4,12,23,Normal
2026-02-14 02:20:13.308322,Paris-46e4,3,91,Normal
2026-02-14 02:20:14.308322,Paris-46e4,-2,61,Normal
2026-02-14 02:20:15.308322,Paris-46e4,-13,26,Normal
2026-02-14 02:20:16.308322,Paris-46e4,33,27,Normal
2026-02-14 02:20:17.308322,Paris-46e4,-17,50,Normal
2026-02-14 02:20:18.308322,Paris-46e4,1,20,Normal
2026-02-14 02:20:19.308322,Paris-46e4,41,4,Normal
2026-02-14 02:20:20.308322,Paris-46e4,1,19,Normal
2026-02-14 02:20:21.308322,Paris-46e4,-16,34,Normal
2026-02-14 02:20:22.308322,Paris-46e4,-6,81,Normal
2026-02-14 02:20:23.308322,Paris-46e4,-15,99,Normal
