timestamp,station_id,temp,humid,condition
2026-02-13 22:54:54.869754,Toronto-4855,14,33,Normal
2026-02-13 22:54:55.869754,Toronto-4855,10,22,Normal
2026-02-13 22:54:56.869754,Toronto-4855,33,50,Normal
2026-02-13 22:54:57.869754,Toronto-4855,0,7,Normal
2026-02-13 22:54:58.869754,Toronto-4855,0,88,Normal
2026-02-13 22:54:59.869754,Toronto-4855,42,12,Normal
2026-02-13 22:55:00.869754,Toronto-4855,1,80,Normal
2026-02-13 22:55:01.869754,Toronto-4855,36,31,Normal
2026-02-13 22:55:02.869754,Toronto-4855,23,38,Normal
2026-02-13 22:55:03.869754,Toronto-4855,23,29,Normal
2026-02-13 22:55:04.869754,Toronto-4855,27,98,Normal
2026-02-13 22:55:05.869754,Toronto-4855,40,96,Normal
2026-02-13 22:55:06.869754,Toronto-4855,8,47,Normal
2026-02-13 22:55:07.869754,Toronto-4855,3,70,Normal
2026-02-13 22:55:08.869754,Toronto-4855,37,41,Normal
2026-02-13 22:55:09.869754,Toronto-4855,-18,26,Normal
2026-02-13 22:55:10.869754,Toronto-4855,-18,64,Normal
2026-02-13 22:55:11.869754,Toronto-4855,27,34,Normal
2026-02-13 22:55:12.869754,Toronto-4855,33,87,Normal
2026-02-13 22:55:13.869754,Toronto-4855,-12,97,Normal
2026-02-13 22:55:14.869754,Toronto-4855,33,64,Normal
2026-02-13 22:55:15.869754,Toronto-4855,39,17,Normal
2026-02-13 22:55:16.869754,Toronto-4855,46,75,Normal
2026-02-13 22:55:17.869754,Toronto-4855,-9,94,Normal
2026-02-13 22:55:18.869754,Toronto-4855,-8,87,Normal
2026-02-13 22:55:19.869754,Toronto-4855,23,89,Normal
2026-02-13 22:55:20.869754,Toronto-4855,45,78,Normal
2026-02-13 22:55:21.869754,Toronto-4855,-20,80,Normal
2026-02-13 22:55:22.869754,Toronto-4855,42,62,Normal
2026-02-13 22:55:23.869754,Toronto-4855,19,5,Normal
2026-02-13 22:55:24.869754,Toronto-4855,5,50,Normal
2026-02-13 22:55:25.869754,Toronto-4855,10,37,Normal
2026-02-13 22:55:26.869754,Toronto-4855,4,62,Normal
2026-02-13 22:55:27.869754,Toronto-4855,20,61,Normal
2026-02-13 22:55:28.869754,Toronto-4855,-17,41,Normal
2026-02-13 22:55:29.869754,Toronto-4855,34,94,Normal
2026-02-13 22:55:30.869754,Toronto-4855,42,99,Normal
2026-02-13 22:55:31.869754,Toronto-4855,25,78,Normal
2026-02-13 22:55:32.869754,Toronto-4855,48,81,Normal
2026-02-13 22:55:33.869754,Toronto-4855,16,54,Normal
2026-02-13 22:55:34.869754,Toronto-4855,-1,88,Normal
2026-02-13 22:55:35.869754,Toronto-4855,35,96,Normal
2026-02-13 22:55:36.869754,Toronto-4855,-3,49,Normal
2026-02-13 22:55:37.869754,Toronto-4855,-20,99,Normal
2026-02-13 22:55:38.869754,Toronto-4855,27,63,Normal
2026-02-13 22:55:39.869754,Toronto-4855,14,38,Normal
2026-02-13 22:55:40.869754,Toronto-4855,44,70,Normal
2026-02-13 22:55:41.869754,Toronto-4855,26,2,Normal
2026-02-13 22:55:42.869754,Toronto-4855,24,98,Normal
2026-02-13 22:55:43.869754,Toronto-4855,-23,31,Normal
2026-02-13 22:55:44.869754,Toronto-4855,21,49,Normal
2026-02-13 22:55:45.869754,Toronto-4855,27,8,Normal
2026-02-13 22:55:46.869754,Toronto-4855,18,35,Normal
2026-02-13 22:55:47.869754,Toronto-4855,2,45,Normal
2026-02-13 22:55:48.869754,Toronto-4855,38,25,Normal
2026-02-13 22:55:49.869754,Toronto-4855,8,73,Normal
2026-02-13 22:55:50.869754,Toronto-4855,-27,44,Normal
2026-02-13 22:55:51.869754,Toronto-4855,14,62,Normal
2026-02-13 22:55:52.869754,Toronto-4855,1,1,Normal
2026-02-13 22:55:53.869754,Toronto-4855,-14,21,Normal
2026-02-13 22:55:54.869754,Toronto-4855,2,74,Normal
2026-02-13 22:55:55.869754,Toronto-4855,49,77,Normal
2026-02-13 22:55:56.869754,Toronto-4855,-20,83,Normal
2026-02-13 22:55:57.869754,Toronto-4855,-13,75,Normal
2026-02-13 22:55:58.869754,Toronto-4855,24,63,Normal
2026-02-13 22:55:59.869754,Toronto-4855,-27,38,Normal
2026-02-13 22:56:00.869754,Toronto-4855,28,35,Normal
2026-02-13 22:56:01.869754,Toronto-4855,-16,57,Normal
2026-02-13 22:56:02.869754,Toronto-4855,-13,89,Normal
2026-02-13 22:56:03.869754,Toronto-4855,23,18,Normal
2026-02-13 22:56:04.869754,Toronto-4855,9,5,Normal
2026-02-13 22:56:05.869754,Toronto-4855,16,43,Normal
2026-02-13 22:56:06.869754,Toronto-4855,4,44,Normal
2026-02-13 22:56:07.869754,Toronto-4855,49,34,Normal
2026-02-13 22:56:08.869754,Toronto-4855,3,41,Normal
2026-02-13 22:56:09.869754,Toronto-4855,-28,47,Normal
2026-02-13 22:56:10.869754,Toronto-4855,14,8,Normal
2026-02-13 22:56:11.869754,Toronto-4855,24,41,Normal
2026-02-13 22:56:12.869754,Toronto-4855,26,24,Normal
2026-02-13 22:56:13.869754,Toronto-4855,20,50,Normal
2026-02-13 22:56:14.869754,Toronto-4855,-7,46,Normal
2026-02-13 22:56:15.869754,Toronto-4855,-9,61,Normal
2026-02-13 22:56:16.869754,Toronto-4855,-7,26,Normal
2026-02-13 22:56:17.869754,Toronto-4855,-3,71,Normal
2026-02-13 22:56:18.869754,Toronto-4855,37,46,Normal
2026-02-13 22:56:19.869754,Toronto-4855,33,44,Normal
2026-02-13 22:56:20.869754,Toronto-4855,12,30,Normal
2026-02-13 22:56:21.869754,Toronto-4855,20,99,Normal
2026-02-13 22:56:22.869754,Toronto-4855,-10,10,Normal
2026-02-13 22:56:23.869754,Toronto-4855,-12,54,Normal
2026-02-13 22:56:24.869754,Toronto-4855,-9,90,Normal
2026-02-13 22:56:25.869754,Toronto-4855,50,31,Normal
2026-02-13 22:56:26.869754,Toronto-4855,6,57,Normal
2026-02-13 22:56:27.869754,Toronto-4855,-13,60,Normal
2026-02-13 22:56:28.869754,Toronto-4855,-3,32,Normal
2026-02-13 22:56:29.869754,Toronto-4855,47,67,Normal
2026-02-13 22:56:30.869754,Toronto-4855,12,56,Normal
2026-02-13 22:56:31.869754,Toronto-4855,-19,44,Normal
2026-02-13 22:56:32.869754,Toronto-4855,45,15,Normal
2026-02-13 22:56:33.869754,Toronto-4855,32,73,Normal
2026-02-13 22:56:34.869754,Toronto-4855,11,27,Normal
2026-02-13 22:56:35.869754,Toronto-4855,17,23,Normal
2026-02-13 22:56:36.869754,Toronto-4855,37,6,Normal
2026-02-13 22:56:37.869754,Toronto-4855,-30,13,Normal
2026-02-13 22:56:38.869754,Toronto-4855,40,82,Normal
2026-02-13 22:56:39.869754,Toronto-4855,6,25,Normal
2026-02-13 22:56:40.869754,Toronto-4855,4,75,Normal
2026-02-13 22:56:41.869754,Toronto-4855,-7,62,Normal
2026-02-13 22:56:42.869754,Toronto-4855,2,39,Normal
2026-02-13 22:56:43.869754,Toronto-4855,27,56,Normal
2026-02-13 22:56:44.869754,Toronto-4855,-22,99,Normal
2026-02-13 22:56:45.869754,Toronto-4855,1,62,Normal
2026-02-13 22:56:46.869754,Toronto-4855,24,56,Normal
2026-02-13 22:56:47.869754,Toronto-4855,-16,22,Normal
2026-02-13 22:56:48.869754,Toronto-4855,12,49,Normal
2026-02-13 22:56:49.869754,Toronto-4855,8,55,Normal
2026-02-13 22:56:50.869754,Toronto-4855,27,11,Normal
2026-02-13 22:56:51.869754,Toronto-4855,41,21,Normal
2026-02-13 22:56:52.869754,Toronto-4855,6,22,Normal
2026-02-13 22:56:53.869754,Toronto-4855,-20,29,Normal
2026-02-13 22:56:54.869754,Toronto-4855,14,95,Normal
2026-02-13 22:56:55.869754,Toronto-4855,40,26,Normal
2026-02-13 22:56:56.869754,Toronto-4855,6,85,Normal
2026-02-13 22:56:57.869754,Toronto-4855,23,8,Normal
2026-02-13 22:56:58.869754,Toronto-4855,-16,43,Normal
2026-02-13 22:56:59.869754,Toronto-4855,41,98,Normal
2026-02-13 22:57:00.869754,Toronto-4855,50,59,Normal
2026-02-13 22:57:01.869754,Toronto-4855,26,98,Normal
2026-02-13 22:57:02.869754,Toronto-4855,30,23,Normal
2026-02-13 22:57:03.869754,Toronto-4855,-13,76,Normal
2026-02-13 22:57:04.869754,Toronto-4855,5,47,Normal
2026-02-13 22:57:05.869754,Toronto-4855,23,1,Normal
2026-02-13 22:57:06.869754,Toronto-4855,45,44,Normal
2026-02-13 22:57:07.869754,Toronto-4855,-30,93,Normal
2026-02-13 22:57:08.869754,Toronto-4855,21,31,Normal
2026-02-13 22:57:09.869754,Toronto-4855,-2,59,Normal
2026-02-13 22:57:10.869754,Toronto-4855,44,25,Normal
2026-02-13 22:57:11.869754,Toronto-4855,-28,25,Normal
2026-02-13 22:57:12.869754,Toronto-4855,-23,86,Normal
2026-02-13 22:57:13.869754,Toronto-4855,47,69,Normal
2026-02-13 22:57:14.869754,Toronto-4855,16,99,Normal
2026-02-13 22:57:15.869754,Toronto-4855,8,61,Normal
2026-02-13 22:57:16.869754,Toronto-4855,33,55,Normal
2026-02-13 22:57:17.869754,Toronto-4855,39,26,Normal
2026-02-13 22:57:18.869754,Toronto-4855,39,83,Normal
2026-02-13 22:57:19.869754,Toronto-4855,26,5,Normal
2026-02-13 22:57:20.869754,Toronto-4855,16,64,Normal
2026-02-13 22:57:21.869754,Toronto-4855,14,41,Normal
2026-02-13 22:57:22.869754,Toronto-4855,-7,58,Normal
2026-02-13 22:57:23.869754,Toronto-4855,-16,52,Normal
2026-02-13 22:57:24.869754,Toronto-4855,-11,80,Normal
2026-02-13 22:57:25.869754,Toronto-4855,-20,85,Normal
2026-02-13 22:57:26.869754,Toronto-4855,3,56,Normal
2026-02-13 22:57:27.869754,Toronto-4855,22,72,Normal
2026-02-13 22:57:28.869754,Toronto-4855,-1,55,Normal
2026-02-13 22:57:29.869754,Toronto-4855,17,31,Normal
2026-02-13 22:57:30.869754,Toronto-4855,2,31,Normal
2026-02-13 22:57:31.869754,Toronto-4855,29,84,Normal
2026-02-13 22:57:32.869754,Toronto-4855,-23,69,Normal
2026-02-13 22:57:33.869754,Toronto-4855,49,21,Normal
2026-02-13 22:57:34.869754,Toronto-4855,4,13,Normal
2026-02-13 22:57:35.869754,Toronto-4855,26,70,Normal
2026-02-13 22:57:36.869754,Toronto-4855,-18,68,Normal
2026-02-13 22:57:37.869754,Toronto-4855,-23,56,Normal
2026-02-13 22:57:38.869754,Toronto-4855,36,50,Normal
2026-02-13 22:57:39.869754,Toronto-4855,11,47,Normal
2026-02-13 22:57:40.869754,Toronto-4855,-18,98,Normal
2026-02-13 22:57:41.869754,Toronto-4855,33,34,Normal
2026-02-13 22:57:42.869754,Toronto-4855,-2,55,Normal
2026-02-13 22:57:43.869754,Toronto-4855,14,23,Normal
2026-02-13 22:57:44.869754,Toronto-4855,24,22,Normal
2026-02-13 22:57:45.869754,Toronto-4855,36,96,Normal
2026-02-13 22:57:46.869754,Toronto-4855,23,91,Normal
2026-02-13 22:57:47.869754,Toronto-4855,49,0,Normal
2026-02-13 22:57:48.869754,Toronto-4855,1,88,Normal
2026-02-13 22:57:49.869754,Toronto-4855,-18,75,Normal
2026-02-13 22:57:50.869754,Toronto-4855,50,68,Normal
2026-02-13 22:57:51.869754,Toronto-4855,-13,79,Normal
2026-02-13 22:57:52.869754,Toronto-4855,24,66,Normal
2026-02-13 22:57:53.869754,Toronto-4855,21,66,Normal
2026-02-13 22:57:54.869754,Toronto-4855,23,1,Normal
2026-02-13 22:57:55.869754,Toronto-4855,24,17,Normal
2026-02-13 22:57:56.869754,Toronto-4855,23,17,Normal
2026-02-13 22:57:57.869754,Toronto-4855,19,66,Normal
2026-02-13 22:57:58.869754,Toronto-4855,41,28,Normal
2026-02-13 22:57:59.869754,Toronto-4855,28,59,Normal
2026-02-13 22:58:00.869754,Toronto-4855,0,67,Normal
2026-02-13 22:58:01.869754,Toronto-4855,-5,86,Normal
2026-02-13 22:58:02.869754,Toronto-4855,31,25,Normal
2026-02-13 22:58:03.869754,Toronto-4855,34,62,Normal
2026-02-13 22:58:04.869754,Toronto-4855,3,90,Normal
2026-02-13 22:58:05.869754,Toronto-4855,23,70,Normal
2026-02-13 22:58:06.869754,Toronto-4855,32,81,Normal
2026-02-13 22:58:07.869754,Toronto-4855,20,33,Normal
2026-02-13 22:58:08.869754,Toronto-4855,1,13,Normal
2026-02-13 22:58:09.869754,Toronto-4855,46,66,Normal
2026-02-13 22:58:10.869754,Toronto-4855,-2,28,Normal
2026-02-13 22:58:11.869754,Toronto-4855,4,41,Normal
2026-02-13 22:58:12.869754,Toronto-4855,-13,4,Normal
2026-02-13 22:58:13.869754,Toronto-4855,41,45,Normal
2026-02-13 22:58:14.869754,Toronto-4855,35,52,Normal
2026-02-13 22:58:15.869754,Toronto-4855,-18,37,Normal
2026-02-13 22:58:16.869754,Toronto-4855,48,22,Normal
2026-02-13 22:58:17.869754,Toronto-4855,-17,11,Normal
2026-02-13 22:58:18.869754,Toronto-4855,27,70,Normal
2026-02-13 22:58:19.869754,Toronto-4855,29,95,Normal
2026-02-13 22:58:20.869754,Toronto-4855,-8,47,Normal
2026-02-13 22:58:21.869754,Toronto-4855,-29,66,Normal
2026-02-13 22:58:22.869754,Toronto-4855,21,36,Normal
2026-02-13 22:58:23.869754,Toronto-4855,11,64,Normal
2026-02-13 22:58:24.869754,Toronto-4855,-4,49,Normal
2026-02-13 22:58:25.869754,Toronto-4855,44,19,Normal
2026-02-13 22:58:26.869754,Toronto-4855,49,43,Normal
2026-02-13 22:58:27.869754,Toronto-4855,2,44,Normal
2026-02-13 22:58:28.869754,Toronto-4855,36,22,Normal
2026-02-13 22:58:29.869754,Toronto-4855,15,79,Normal
2026-02-13 22:58:30.869754,Toronto-4855,44,26,Normal
2026-02-13 22:58:31.869754,Toronto-4855,41,70,Normal
2026-02-13 22:58:32.869754,Toronto-4855,-24,43,Normal
2026-02-13 22:58:33.869754,Toronto-4855,21,40,Normal
2026-02-13 22:58:34.869754,Toronto-4855,-7,11,Normal
2026-02-13 22:58:35.869754,Toronto-4855,-1,46,Normal
2026-02-13 22:58:36.869754,Toronto-4855,-14,37,Normal
2026-02-13 22:58:37.869754,Toronto-4855,32,76,Normal
2026-02-13 22:58:38.869754,Toronto-4855,11,42,Normal
2026-02-13 22:58:39.869754,Toronto-4855,18,23,Normal
2026-02-13 22:58:40.869754,Toronto-4855,42,8,Normal
2026-02-13 22:58:41.869754,Toronto-4855,43,21,Normal
2026-02-13 22:58:42.869754,Toronto-4855,27,52,Normal
2026-02-13 22:58:43.869754,Toronto-4855,-2,33,Normal
2026-02-13 22:58:44.869754,Toronto-4855,-11,54,Normal
2026-02-13 22:58:45.869754,Toronto-4855,1,87,Normal
2026-02-13 22:58:46.869754,Toronto-4855,12,66,Normal
2026-02-13 22:58:47.869754,Toronto-4855,11,26,Normal
2026-02-13 22:58:48.869754,Toronto-4855,21,63,Normal
2026-02-13 22:58:49.869754,Toronto-4855,39,54,Normal
2026-02-13 22:58:50.869754,Toronto-4855,21,9,Normal
2026-02-13 22:58:51.869754,Toronto-4855,37,57,Normal
2026-02-13 22:58:52.869754,Toronto-4855,50,56,Normal
2026-02-13 22:58:53.869754,Toronto-4855,43,71,Normal
2026-02-13 22:58:54.869754,Toronto-4855,44,78,Normal
2026-02-13 22:58:55.869754,Toronto-4855,14,69,Normal
2026-02-13 22:58:56.869754,Toronto-4855,20,19,Normal
2026-02-13 22:58:57.869754,Toronto-4855,43,74,Normal
2026-02-13 22:58:58.869754,Toronto-4855,25,39,Normal
2026-02-13 22:58:59.869754,Toronto-4855,26,65,Normal
2026-02-13 22:59:00.869754,Toronto-4855,37,75,Normal
2026-02-13 22:59:01.869754,Toronto-4855,25,34,Normal
2026-02-13 22:59:02.869754,Toronto-4855,-21,33,Normal
2026-02-13 22:59:03.869754,Toronto-4855,44,87,Normal
2026-02-13 22:59:04.869754,Toronto-4855,42,40,Normal
2026-02-13 22:59:05.869754,Toronto-4855,-8,44,Normal
2026-02-13 22:59:06.869754,Toronto-4855,50,30,Normal
2026-02-13 22:59:07.869754,Toronto-4855,11,41,Normal
2026-02-13 22:59:08.869754,Toronto-4855,18,57,Normal
2026-02-13 22:59:09.869754,Toronto-4855,19,40,Normal
2026-02-13 22:59:10.869754,Toronto-4855,38,23,Normal
2026-02-13 22:59:11.869754,Toronto-4855,24,65,Normal
2026-02-13 22:59:12.869754,Toronto-4855,26,44,Normal
2026-02-13 22:59:13.869754,Toronto-4855,-25,84,Normal
2026-02-13 22:59:14.869754,Toronto-4855,11,32,Normal
2026-02-13 22:59:15.869754,Toronto-4855,10,13,Normal
2026-02-13 22:59:16.869754,Toronto-4855,22,42,Normal
2026-02-13 22:59:17.869754,Toronto-4855,45,79,Normal
2026-02-13 22:59:18.869754,Toronto-4855,49,32,Normal
2026-02-13 22:59:19.869754,Toronto-4855,40,3,Normal
2026-02-13 22:59:20.869754,Toronto-4855,-28,53,Normal
2026-02-13 22:59:21.869754,Toronto-4855,14,54,Normal
2026-02-13 22:59:22.869754,Toronto-4855,34,20,Normal
2026-02-13 22:59:23.869754,Toronto-4855,38,16,Normal
2026-02-13 22:59:24.869754,Toronto-4855,-28,39,Normal
2026-02-13 22:59:25.869754,Toronto-4855,-4,15,Normal
2026-02-13 22:59:26.869754,Toronto-4855,40,28,Normal
2026-02-13 22:59:27.869754,Toronto-4855,8,18,Normal
2026-02-13 22:59:28.869754,Toronto-4855,-10,44,Normal
2026-02-13 22:59:29.869754,Toronto-4855,32,31,Normal
2026-02-13 22:59:30.869754,Toronto-4855,7,83,Normal
2026-02-13 22:59:31.869754,Toronto-4855,26,20,Normal
2026-02-13 22:59:32.869754,Toronto-4855,40,87,Normal
2026-02-13 22:59:33.869754,Toronto-4855,-10,17,Normal
2026-02-13 22:59:34.869754,Toronto-4855,-12,42,Normal
2026-02-13 22:59:35.869754,Toronto-4855,23,51,Normal
2026-02-13 22:59:36.869754,Toronto-4855,1,80,Normal
2026-02-13 22:59:37.869754,Toronto-4855,3,53,Normal
2026-02-13 22:59:38.869754,Toronto-4855,30,27,Normal
2026-02-13 22:59:39.869754,Toronto-4855,-28,53,Normal
2026-02-13 22:59:40.869754,Toronto-4855,16,83,Normal
2026-02-13 22:59:41.869754,Toronto-4855,-28,7,Normal
2026-02-13 22:59:42.869754,Toronto-4855,-11,13,Normal
2026-02-13 22:59:43.869754,Toronto-4855,17,26,Normal
2026-02-13 22:59:44.869754,Toronto-4855,22,92,Normal
2026-02-13 22:59:45.869754,Toronto-4855,-17,74,Normal
2026-02-13 22:59:46.869754,Toronto-4855,5,22,Normal
2026-02-13 22:59:47.869754,Toronto-4855,-9,50,Normal
2026-02-13 22:59:48.869754,Toronto-4855,2,70,Normal
2026-02-13 22:59:49.869754,Toronto-4855,3,90,Normal
2026-02-13 22:59:50.869754,Toronto-4855,8,70,Normal
2026-02-13 22:59:51.869754,Toronto-4855,40,16,Normal
2026-02-13 22:59:52.869754,Toronto-4855,-25,28,Normal
2026-02-13 22:59:53.869754,Toronto-4855,18,74,Normal
2026-02-13 22:59:54.869754,Toronto-4855,6,40,Normal
2026-02-13 22:59:55.869754,Toronto-4855,34,50,Normal
2026-02-13 22:59:56.869754,Toronto-4855,23,77,Normal
2026-02-13 22:59:57.869754,Toronto-4855,-6,51,Normal
2026-02-13 22:59:58.869754,Toronto-4855,-9,24,Normal
2026-02-13 22:59:59.869754,Toronto-4855,30,23,Normal
2026-02-13 23:00:00.869754,Toronto-4855,44,97,Normal
2026-02-13 23:00:01.869754,Toronto-4855,8,97,Normal
2026-02-13 23:00:02.869754,Toronto-4855,4,83,Normal
2026-02-13 23:00:03.869754,Toronto-4855,-4,32,Normal
2026-02-13 23:00:04.869754,Toronto-4855,4,63,Normal
2026-02-13 23:00:05.869754,Toronto-4855,-17,86,Normal
2026-02-13 23:00:06.869754,Toronto-4855,38,0,Normal
2026-02-13 23:00:07.869754,Toronto-4855,13,81,Normal
2026-02-13 23:00:08.869754,Toronto-4855,-10,59,Normal
2026-02-13 23:00:09.869754,Toronto-4855,-11,39,Normal
2026-02-13 23:00:10.869754,Toronto-4855,-26,60,Normal
2026-02-13 23:00:11.869754,Toronto-4855,5,62,Normal
2026-02-13 23:00:12.869754,Toronto-4855,11,68,Normal
2026-02-13 23:00:13.869754,Toronto-4855,31,37,Normal
2026-02-13 23:00:14.869754,Toronto-4855,15,89,Normal
2026-02-13 23:00:15.869754,Toronto-4855,30,63,Normal
2026-02-13 23:00:16.869754,Toronto-4855,36,19,Normal
2026-02-13 23:00:17.869754,Toronto-4855,-8,95,Normal
2026-02-13 23:00:18.869754,Toronto-4855,24,13,Normal
2026-02-13 23:00:19.869754,Toronto-4855,-13,53,Normal
2026-02-13 23:00:20.869754,Toronto-4855,15,83,Normal
2026-02-13 23:00:21.869754,Toronto-4855,29,95,Normal
2026-02-13 23:00:22.869754,Toronto-4855,-26,39,Normal
2026-02-13 23:00:23.869754,Toronto-4855,-1,28,Normal
2026-02-13 23:00:24.869754,Toronto-4855,-7,36,Normal
2026-02-13 23:00:25.869754,Toronto-4855,39,19,Normal
2026-02-13 23:00:26.869754,Toronto-4855,-15,88,Normal
2026-02-13 23:00:27.869754,Toronto-4855,3,53,Normal
2026-02-13 23:00:28.869754,Toronto-4855,30,46,Normal
2026-02-13 23:00:29.869754,Toronto-4855,6,18,Normal
2026-02-13 23:00:30.869754,Toronto-4855,20,0,Normal
2026-02-13 23:00:31.869754,Toronto-4855,48,72,Normal
2026-02-13 23:00:32.869754,Toronto-4855,-29,43,Normal
2026-02-13 23:00:33.869754,Toronto-4855,33,7,Normal
2026-02-13 23:00:34.869754,Toronto-4855,50,50,Normal
2026-02-13 23:00:35.869754,Toronto-4855,20,95,Normal
2026-02-13 23:00:36.869754,Toronto-4855,35,53,Normal
2026-02-13 23:00:37.869754,Toronto-4855,9,74,Normal
2026-02-13 23:00:38.869754,Toronto-4855,24,26,Normal
2026-02-13 23:00:39.869754,Toronto-4855,-2,81,Normal
2026-02-13 23:00:40.869754,Toronto-4855,34,21,Normal
2026-02-13 23:00:41.869754,Toronto-4855,11,38,Normal
2026-02-13 23:00:42.869754,Toronto-4855,-5,14,Normal
2026-02-13 23:00:43.869754,Toronto-4855,-17,55,Normal
2026-02-13 23:00:44.869754,Toronto-4855,11,82,Normal
2026-02-13 23:00:45.869754,Toronto-4855,-12,94,Normal
2026-02-13 23:00:46.869754,Toronto-4855,11,41,Normal
2026-02-13 23:00:47.869754,Toronto-4855,38,63,Normal
2026-02-13 23:00:48.869754,Toronto-4855,45,69,Normal
2026-02-13 23:00:49.869754,Toronto-4855,-27,83,Normal
2026-02-13 23:00:50.869754,Toronto-4855,-12,29,Normal
2026-02-13 23:00:51.869754,Toronto-4855,19,25,Normal
2026-02-13 23:00:52.869754,Toronto-4855,-11,39,Normal
2026-02-13 23:00:53.869754,Toronto-4855,32,53,Normal
2026-02-13 23:00:54.869754,Toronto-4855,15,6,Normal
2026-02-13 23:00:55.869754,Toronto-4855,5,55,Normal
2026-02-13 23:00:56.869754,Toronto-4855,27,22,Normal
2026-02-13 23:00:57.869754,Toronto-4855,1,29,Normal
2026-02-13 23:00:58.869754,Toronto-4855,35,91,Normal
2026-02-13 23:00:59.869754,Toronto-4855,35,83,Normal
2026-02-13 23:01:00.869754,Toronto-4855,37,48,Normal
2026-02-13 23:01:01.869754,Toronto-4855,16,98,Normal
2026-02-13 23:01:02.869754,Toronto-4855,-5,62,Normal
2026-02-13 23:01:03.869754,Toronto-4855,-20,12,Normal
2026-02-13 23:01:04.869754,Toronto-4855,40,31,Normal
2026-02-13 23:01:05.869754,Toronto-4855,-5,97,Normal
2026-02-13 23:01:06.869754,Toronto-4855,-21,18,Normal
2026-02-13 23:01:07.869754,Toronto-4855,25,51,Normal
2026-02-13 23:01:08.869754,Toronto-4855,3,48,Normal
2026-02-13 23:01:09.869754,Toronto-4855,-26,67,Normal
2026-02-13 23:01:10.869754,Toronto-4855,50,19,Normal
2026-02-13 23:01:11.869754,Toronto-4855,-9,83,Normal
2026-02-13 23:01:12.869754,Toronto-4855,10,19,Normal
2026-02-13 23:01:13.869754,Toronto-4855,-16,31,Normal
2026-02-13 23:01:14.869754,Toronto-4855,-3,93,Normal
2026-02-13 23:01:15.869754,Toronto-4855,37,25,Normal
2026-02-13 23:01:16.869754,Toronto-4855,-24,44,Normal
2026-02-13 23:01:17.869754,Toronto-4855,-18,2,Normal
2026-02-13 23:01:18.869754,Toronto-4855,27,79,Normal
2026-02-13 23:01:19.869754,Toronto-4855,-26,78,Normal
2026-02-13 23:01:20.869754,Toronto-4855,-7,47,Normal
2026-02-13 23:01:21.869754,Toronto-4855,-28,87,Normal
2026-02-13 23:01:22.869754,Toronto-4855,-15,61,Normal
2026-02-13 23:01:23.869754,Toronto-4855,-2,40,Normal
2026-02-13 23:01:24.869754,Toronto-4855,-19,33,Normal
2026-02-13 23:01:25.869754,Toronto-4855,49,47,Normal
2026-02-13 23:01:26.869754,Toronto-4855,28,92,Normal
2026-02-13 23:01:27.869754,Toronto-4855,-29,14,Normal
2026-02-13 23:01:28.869754,Toronto-4855,7,46,Normal
2026-02-13 23:01:29.869754,Toronto-4855,40,56,Normal
2026-02-13 23:01:30.869754,Toronto-4855,44,30,Normal
2026-02-13 23:01:31.869754,Toronto-4855,-22,74,Normal
2026-02-13 23:01:32.869754,Toronto-4855,21,0,Normal
2026-02-13 23:01:33.869754,Toronto-4855,34,69,Normal
2026-02-13 23:01:34.869754,Toronto-4855,10,81,Normal
2026-02-13 23:01:35.869754,Toronto-4855,11,99,Normal
2026-02-13 23:01:36.869754,Toronto-4855,-26,81,Normal
2026-02-13 23:01:37.869754,Toronto-4855,30,74,Normal
2026-02-13 23:01:38.869754,Toronto-4855,-19,83,Normal
2026-02-13 23:01:39.869754,Toronto-4855,24,63,Normal
2026-02-13 23:01:40.869754,Toronto-4855,48,66,Normal
2026-02-13 23:01:41.869754,Toronto-4855,-21,78,Normal
2026-02-13 23:01:42.869754,Toronto-4855,47,4,Normal
2026-02-13 23:01:43.869754,Toronto-4855,-18,32,Normal
2026-02-13 23:01:44.869754,Toronto-4855,34,36,Normal
2026-02-13 23:01:45.869754,Toronto-4855,4,31,Normal
2026-02-13 23:01:46.869754,Toronto-4855,-25,52,Normal
2026-02-13 23:01:47.869754,Toronto-4855,26,68,Normal
2026-02-13 23:01:48.869754,Toronto-4855,-27,70,Normal
2026-02-13 23:01:49.869754,Toronto-4855,1,30,Normal
2026-02-13 23:01:50.869754,Toronto-4855,26,59,Normal
2026-02-13 23:01:51.869754,Toronto-4855,30,60,Normal
2026-02-13 23:01:52.869754,Toronto-4855,19,96,Normal
2026-02-13 23:01:53.869754,Toronto-4855,-3,87,Normal
2026-02-13 23:01:54.869754,Toronto-4855,-11,31,Normal
2026-02-13 23:01:55.869754,Toronto-4855,0,45,Normal
2026-02-13 23:01:56.869754,Toronto-4855,1,30,Normal
2026-02-13 23:01:57.869754,Toronto-4855,43,69,Normal
2026-02-13 23:01:58.869754,Toronto-4855,1,96,Normal
2026-02-13 23:01:59.869754,Toronto-4855,-7,24,Normal
2026-02-13 23:02:00.869754,Toronto-4855,-24,52,Normal
2026-02-13 23:02:01.869754,Toronto-4855,-17,92,Normal
2026-02-13 23:02:02.869754,Toronto-4855,-20,90,Normal
2026-02-13 23:02:03.869754,Toronto-4855,45,5,Normal
2026-02-13 23:02:04.869754,Toronto-4855,19,31,Normal
2026-02-13 23:02:05.869754,Toronto-4855,23,30,Normal
2026-02-13 23:02:06.869754,Toronto-4855,38,42,Normal
2026-02-13 23:02:07.869754,Toronto-4855,-3,20,Normal
2026-02-13 23:02:08.869754,Toronto-4855,10,47,Normal
2026-02-13 23:02:09.869754,Toronto-4855,25,87,Normal
2026-02-13 23:02:10.869754,Toronto-4855,-13,47,Normal
2026-02-13 23:02:11.869754,Toronto-4855,-22,31,Normal
2026-02-13 23:02:12.869754,Toronto-4855,-23,73,Normal
2026-02-13 23:02:13.869754,Toronto-4855,-24,80,Normal
2026-02-13 23:02:14.869754,Toronto-4855,27,14,Normal
2026-02-13 23:02:15.869754,Toronto-4855,-4,28,Normal
2026-02-13 23:02:16.869754,Toronto-4855,44,77,Normal
2026-02-13 23:02:17.869754,Toronto-4855,-11,5,Normal
2026-02-13 23:02:18.869754,Toronto-4855,40,65,Normal
2026-02-13 23:02:19.869754,Toronto-4855,41,41,Normal
2026-02-13 23:02:20.869754,Toronto-4855,-20,65,Normal
2026-02-13 23:02:21.869754,Toronto-4855,4,75,Normal
2026-02-13 23:02:22.869754,Toronto-4855,-13,56,Normal
2026-02-13 23:02:23.869754,Toronto-4855,29,85,Normal
2026-02-13 23:02:24.869754,Toronto-4855,49,46,Normal
2026-02-13 23:02:25.869754,Toronto-4855,6,95,Normal
2026-02-13 23:02:26.869754,Toronto-4855,33,100,Normal
2026-02-13 23:02:27.869754,Toronto-4855,41,97,Normal
2026-02-13 23:02:28.869754,Toronto-4855,-8,9,Normal
2026-02-13 23:02:29.869754,Toronto-4855,-20,45,Normal
2026-02-13 23:02:30.869754,Toronto-4855,11,27,Normal
2026-02-13 23:02:31.869754,Toronto-4855,32,87,Normal
2026-02-13 23:02:32.869754,Toronto-4855,-17,70,Normal
2026-02-13 23:02:33.869754,Toronto-4855,-22,47,Normal
2026-02-13 23:02:34.869754,Toronto-4855,36,68,Normal
2026-02-13 23:02:35.869754,Toronto-4855,6,81,Normal
2026-02-13 23:02:36.869754,Toronto-4855,20,57,Normal
2026-02-13 23:02:37.869754,Toronto-4855,-22,57,Normal
2026-02-13 23:02:38.869754,Toronto-4855,5,63,Normal
2026-02-13 23:02:39.869754,Toronto-4855,34,93,Normal
2026-02-13 23:02:40.869754,Toronto-4855,21,77,Normal
2026-02-13 23:02:41.869754,Toronto-4855,37,29,Normal
2026-02-13 23:02:42.869754,Toronto-4855,38,88,Normal
2026-02-13 23:02:43.869754,Toronto-4855,13,58,Normal
2026-02-13 23:02:44.869754,Toronto-4855,43,29,Normal
2026-02-13 23:02:45.869754,Toronto-4855,-18,22,Normal
2026-02-13 23:02:46.869754,Toronto-4855,10,96,Normal
2026-02-13 23:02:47.869754,Toronto-4855,50,81,Normal
2026-02-13 23:02:48.869754,Toronto-4855,-3,37,Normal
2026-02-13 23:02:49.869754,Toronto-4855,45,10,Normal
2026-02-13 23:02:50.869754,Toronto-4855,-26,36,Normal
2026-02-13 23:02:51.869754,Toronto-4855,17,28,Normal
2026-02-13 23:02:52.869754,Toronto-4855,36,89,Normal
2026-02-13 23:02:53.869754,Toronto-4855,34,87,Normal
2026-02-13 23:02:54.869754,Toronto-4855,-19,78,Normal
2026-02-13 23:02:55.869754,Toronto-4855,-27,46,Normal
2026-02-13 23:02:56.869754,Toronto-4855,12,89,Normal
2026-02-13 23:02:57.869754,Toronto-4855,-2,96,Normal
2026-02-13 23:02:58.869754,Toronto-4855,31,87,Normal
2026-02-13 23:02:59.869754,Toronto-4855,30,72,Normal
2026-02-13 23:03:00.869754,Toronto-4855,-20,40,Normal
2026-02-13 23:03:01.869754,Toronto-4855,-21,89,Normal
2026-02-13 23:03:02.869754,Toronto-4855,-7,94,Normal
2026-02-13 23:03:03.869754,Toronto-4855,-9,69,Normal
2026-02-13 23:03:04.869754,Toronto-4855,47,19,Normal
2026-02-13 23:03:05.869754,Toronto-4855,32,10,Normal
2026-02-13 23:03:06.869754,Toronto-4855,5,10,Normal
2026-02-13 23:03:07.869754,Toronto-4855,7,9,Normal
2026-02-13 23:03:08.869754,Toronto-4855,-1,13,Normal
2026-02-13 23:03:09.869754,Toronto-4855,-22,38,Normal
2026-02-13 23:03:10.869754,Toronto-4855,45,90,Normal
2026-02-13 23:03:11.869754,Toronto-4855,40,37,Normal
2026-02-13 23:03:12.869754,Toronto-4855,-17,45,Normal
2026-02-13 23:03:13.869754,Toronto-4855,-22,23,Normal
2026-02-13 23:03:14.869754,Toronto-4855,38,79,Normal
2026-02-13 23:03:15.869754,Toronto-4855,46,88,Normal
2026-02-13 23:03:16.869754,Toronto-4855,47,98,Normal
2026-02-13 23:03:17.869754,Toronto-4855,8,98,Normal
2026-02-13 23:03:18.869754,Toronto-4855,-5,14,Normal
2026-02-13 23:03:19.869754,Toronto-4855,-20,92,Normal
2026-02-13 23:03:20.869754,Toronto-4855,37,55,Normal
2026-02-13 23:03:21.869754,Toronto-4855,-14,98,Normal
2026-02-13 23:03:22.869754,Toronto-4855,-11,11,Normal
2026-02-13 23:03:23.869754,Toronto-4855,-30,86,Normal
2026-02-13 23:03:24.869754,Toronto-4855,-30,56,Normal
2026-02-13 23:03:25.869754,Toronto-4855,-20,45,Normal
2026-02-13 23:03:26.869754,Toronto-4855,30,100,Normal
2026-02-13 23:03:27.869754,Toronto-4855,9,71,Normal
2026-02-13 23:03:28.869754,Toronto-4855,8,68,Normal
2026-02-13 23:03:29.869754,Toronto-4855,-24,69,Normal
2026-02-13 23:03:30.869754,Toronto-4855,10,81,Normal
2026-02-13 23:03:31.869754,Toronto-4855,27,49,Normal
2026-02-13 23:03:32.869754,Toronto-4855,41,76,Normal
2026-02-13 23:03:33.869754,Toronto-4855,14,2,Normal
2026-02-13 23:03:34.869754,Toronto-4855,25,100,Normal
2026-02-13 23:03:35.869754,Toronto-4855,13,59,Normal
2026-02-13 23:03:36.869754,Toronto-4855,15,53,Normal
2026-02-13 23:03:37.869754,Toronto-4855,45,67,Normal
2026-02-13 23:03:38.869754,Toronto-4855,-19,87,Normal
2026-02-13 23:03:39.869754,Toronto-4855,-9,42,Normal
2026-02-13 23:03:40.869754,Toronto-4855,-3,13,Normal
2026-02-13 23:03:41.869754,Toronto-4855,-3,37,Normal
2026-02-13 23:03:42.869754,Toronto-4855,-15,73,Normal
2026-02-13 23:03:43.869754,Toronto-4855,-6,34,Normal
2026-02-13 23:03:44.869754,Toronto-4855,21,38,Normal
2026-02-13 23:03:45.869754,Toronto-4855,7,21,Normal
2026-02-13 23:03:46.869754,Toronto-4855,35,99,Normal
2026-02-13 23:03:47.869754,Toronto-4855,-3,81,Normal
2026-02-13 23:03:48.869754,Toronto-4855,16,35,Normal
2026-02-13 23:03:49.869754,Toronto-4855,1,90,Normal
2026-02-13 23:03:50.869754,Toronto-4855,38,61,Normal
2026-02-13 23:03:51.869754,Toronto-4855,-20,76,Normal
2026-02-13 23:03:52.869754,Toronto-4855,16,32,Normal
2026-02-13 23:03:53.869754,Toronto-4855,-14,49,Normal
2026-02-13 23:03:54.869754,Toronto-4855,13,65,Normal
2026-02-13 23:03:55.869754,Toronto-4855,26,50,Normal
2026-02-13 23:03:56.869754,Toronto-4855,-11,38,Normal
2026-02-13 23:03:57.869754,Toronto-4855,0,85,Normal
2026-02-13 23:03:58.869754,Toronto-4855,46,35,Normal
2026-02-13 23:03:59.869754,Toronto-4855,37,64,Normal
2026-02-13 23:04:00.869754,Toronto-4855,-22,63,Normal
2026-02-13 23:04:01.869754,Toronto-4855,27,91,Normal
2026-02-13 23:04:02.869754,Toronto-4855,-29,99,Normal
2026-02-13 23:04:03.869754,Toronto-4855,20,81,Normal
2026-02-13 23:04:04.869754,Toronto-4855,-3,94,Normal
2026-02-13 23:04:05.869754,Toronto-4855,20,64,Normal
2026-02-13 23:04:06.869754,Toronto-4855,0,41,Normal
2026-02-13 23:04:07.869754,Toronto-4855,5,65,Normal
2026-02-13 23:04:08.869754,Toronto-4855,48,35,Normal
2026-02-13 23:04:09.869754,Toronto-4855,-12,14,Normal
2026-02-13 23:04:10.869754,Toronto-4855,10,33,Normal
2026-02-13 23:04:11.869754,Toronto-4855,-17,47,Normal
2026-02-13 23:04:12.869754,Toronto-4855,32,39,Normal
2026-02-13 23:04:13.869754,Toronto-4855,50,1,Normal
2026-02-13 23:04:14.869754,Toronto-4855,11,13,Normal
2026-02-13 23:04:15.869754,Toronto-4855,17,83,Normal
2026-02-13 23:04:16.869754,Toronto-4855,12,22,Normal
2026-02-13 23:04:17.869754,Toronto-4855,-15,77,Normal
2026-02-13 23:04:18.869754,Toronto-4855,25,3,Normal
2026-02-13 23:04:19.869754,Toronto-4855,32,30,Normal
2026-02-13 23:04:20.869754,Toronto-4855,19,3,Normal
2026-02-13 23:04:21.869754,Toronto-4855,-26,74,Normal
2026-02-13 23:04:22.869754,Toronto-4855,29,85,Normal
2026-02-13 23:04:23.869754,Toronto-4855,10,3,Normal
2026-02-13 23:04:24.869754,Toronto-4855,-11,83,Normal
2026-02-13 23:04:25.869754,Toronto-4855,13,24,Normal
2026-02-13 23:04:26.869754,Toronto-4855,37,26,Normal
2026-02-13 23:04:27.869754,Toronto-4855,-29,16,Normal
2026-02-13 23:04:28.869754,Toronto-4855,28,35,Normal
2026-02-13 23:04:29.869754,Toronto-4855,-1,79,Normal
2026-02-13 23:04:30.869754,Toronto-4855,27,51,Normal
2026-02-13 23:04:31.869754,Toronto-4855,49,92,Normal
2026-02-13 23:04:32.869754,Toronto-4855,11,53,Normal
2026-02-13 23:04:33.869754,Toronto-4855,-19,35,Normal
2026-02-13 23:04:34.869754,Toronto-4855,10,31,Normal
2026-02-13 23:04:35.869754,Toronto-4855,15,32,Normal
2026-02-13 23:04:36.869754,Toronto-4855,-2,50,Normal
2026-02-13 23:04:37.869754,Toronto-4855,-9,47,Normal
2026-02-13 23:04:38.869754,Toronto-4855,17,11,Normal
2026-02-13 23:04:39.869754,Toronto-4855,5,93,Normal
2026-02-13 23:04:40.869754,Toronto-4855,-8,19,Normal
2026-02-13 23:04:41.869754,Toronto-4855,-3,28,Normal
2026-02-13 23:04:42.869754,Toronto-4855,44,72,Normal
2026-02-13 23:04:43.869754,Toronto-4855,-29,3,Normal
2026-02-13 23:04:44.869754,Toronto-4855,-19,53,Normal
2026-02-13 23:04:45.869754,Toronto-4855,28,71,Normal
2026-02-13 23:04:46.869754,Toronto-4855,25,62,Normal
2026-02-13 23:04:47.869754,Toronto-4855,-26,97,Normal
2026-02-13 23:04:48.869754,Toronto-4855,38,29,Normal
2026-02-13 23:04:49.869754,Toronto-4855,16,98,Normal
2026-02-13 23:04:50.869754,Toronto-4855,38,0,Normal
2026-02-13 23:04:51.869754,Toronto-4855,-11,19,Normal
2026-02-13 23:04:52.869754,Toronto-4855,39,23,Normal
2026-02-13 23:04:53.869754,Toronto-4855,38,13,Normal
2026-02-13 23:04:54.869754,Toronto-4855,-30,9,Normal
2026-02-13 23:04:55.869754,Toronto-4855,44,97,Normal
2026-02-13 23:04:56.869754,Toronto-4855,-10,20,Normal
2026-02-13 23:04:57.869754,Toronto-4855,15,43,Normal
2026-02-13 23:04:58.869754,Toronto-4855,-2,78,Normal
2026-02-13 23:04:59.869754,Toronto-4855,14,50,Normal
2026-02-13 23:05:00.869754,Toronto-4855,-13,81,Normal
2026-02-13 23:05:01.869754,Toronto-4855,-16,46,Normal
2026-02-13 23:05:02.869754,Toronto-4855,-13,56,Normal
2026-02-13 23:05:03.869754,Toronto-4855,26,43,Normal
2026-02-13 23:05:04.869754,Toronto-4855,48,40,Normal
2026-02-13 23:05:05.869754,Toronto-4855,8,41,Normal
2026-02-13 23:05:06.869754,Toronto-4855,11,55,Normal
2026-02-13 23:05:07.869754,Toronto-4855,31,11,Normal
2026-02-13 23:05:08.869754,Toronto-4855,20,96,Normal
2026-02-13 23:05:09.869754,Toronto-4855,6,23,Normal
2026-02-13 23:05:10.869754,Toronto-4855,35,63,Normal
2026-02-13 23:05:11.869754,Toronto-4855,-2,50,Normal
2026-02-13 23:05:12.869754,Toronto-4855,-1,62,Normal
2026-02-13 23:05:13.869754,Toronto-4855,36,43,Normal
2026-02-13 23:05:14.869754,Toronto-4855,40,56,Normal
2026-02-13 23:05:15.869754,Toronto-4855,-10,8,Normal
2026-02-13 23:05:16.869754,Toronto-4855,-25,92,Normal
2026-02-13 23:05:17.869754,Toronto-4855,5,89,Normal
2026-02-13 23:05:18.869754,Toronto-4855,17,88,Normal
2026-02-13 23:05:19.869754,Toronto-4855,-30,31,Normal
2026-02-13 23:05:20.869754,Toronto-4855,-8,8,Normal
2026-02-13 23:05:21.869754,Toronto-4855,-6,98,Normal
2026-02-13 23:05:22.869754,Toronto-4855,28,84,Normal
2026-02-13 23:05:23.869754,Toronto-4855,1,31,Normal
2026-02-13 23:05:24.869754,Toronto-4855,4,56,Normal
2026-02-13 23:05:25.869754,Toronto-4855,8,24,Normal
2026-02-13 23:05:26.869754,Toronto-4855,32,60,Normal
2026-02-13 23:05:27.869754,Toronto-4855,30,54,Normal
2026-02-13 23:05:28.869754,Toronto-4855,15,73,Normal
2026-02-13 23:05:29.869754,Toronto-4855,31,62,Normal
2026-02-13 23:05:30.869754,Toronto-4855,-8,96,Normal
2026-02-13 23:05:31.869754,Toronto-4855,37,43,Normal
2026-02-13 23:05:32.869754,Toronto-4855,35,74,Normal
2026-02-13 23:05:33.869754,Toronto-4855,17,89,Normal
2026-02-13 23:05:34.869754,Toronto-4855,37,30,Normal
2026-02-13 23:05:35.869754,Toronto-4855,6,84,Normal
2026-02-13 23:05:36.869754,Toronto-4855,12,21,Normal
2026-02-13 23:05:37.869754,Toronto-4855,-17,23,Normal
2026-02-13 23:05:38.869754,Toronto-4855,28,65,Normal
2026-02-13 23:05:39.869754,Toronto-4855,5,65,Normal
2026-02-13 23:05:40.869754,Toronto-4855,41,23,Normal
2026-02-13 23:05:41.869754,Toronto-4855,44,5,Normal
2026-02-13 23:05:42.869754,Toronto-4855,0,20,Normal
2026-02-13 23:05:43.869754,Toronto-4855,-19,88,Normal
2026-02-13 23:05:44.869754,Toronto-4855,-1,0,Normal
2026-02-13 23:05:45.869754,Toronto-4855,39,0,Normal
2026-02-13 23:05:46.869754,Toronto-4855,19,71,Normal
2026-02-13 23:05:47.869754,Toronto-4855,35,81,Normal
2026-02-13 23:05:48.869754,Toronto-4855,47,78,Normal
2026-02-13 23:05:49.869754,Toronto-4855,13,21,Normal
2026-02-13 23:05:50.869754,Toronto-4855,-5,81,Normal
2026-02-13 23:05:51.869754,Toronto-4855,5,6,Normal
2026-02-13 23:05:52.869754,Toronto-4855,7,90,Normal
2026-02-13 23:05:53.869754,Toronto-4855,20,22,Normal
2026-02-13 23:05:54.869754,Toronto-4855,-25,82,Normal
2026-02-13 23:05:55.869754,Toronto-4855,44,1,Normal
2026-02-13 23:05:56.869754,Toronto-4855,15,91,Normal
2026-02-13 23:05:57.869754,Toronto-4855,19,81,Normal
2026-02-13 23:05:58.869754,Toronto-4855,6,23,Normal
2026-02-13 23:05:59.869754,Toronto-4855,22,67,Normal
2026-02-13 23:06:00.869754,Toronto-4855,-5,22,Normal
2026-02-13 23:06:01.869754,Toronto-4855,17,77,Normal
2026-02-13 23:06:02.869754,Toronto-4855,21,75,Normal
2026-02-13 23:06:03.869754,Toronto-4855,14,38,Normal
2026-02-13 23:06:04.869754,Toronto-4855,-3,0,Normal
2026-02-13 23:06:05.869754,Toronto-4855,22,3,Normal
2026-02-13 23:06:06.869754,Toronto-4855,-30,42,Normal
2026-02-13 23:06:07.869754,Toronto-4855,32,10,Normal
2026-02-13 23:06:08.869754,Toronto-4855,17,31,Normal
2026-02-13 23:06:09.869754,Toronto-4855,33,64,Normal
2026-02-13 23:06:10.869754,Toronto-4855,29,36,Normal
2026-02-13 23:06:11.869754,Toronto-4855,-28,30,Normal
2026-02-13 23:06:12.869754,Toronto-4855,-11,12,Normal
2026-02-13 23:06:13.869754,Toronto-4855,-13,10,Normal
2026-02-13 23:06:14.869754,Toronto-4855,41,4,Normal
2026-02-13 23:06:15.869754,Toronto-4855,-21,51,Normal
2026-02-13 23:06:16.869754,Toronto-4855,2,1,Normal
2026-02-13 23:06:17.869754,Toronto-4855,28,72,Normal
2026-02-13 23:06:18.869754,Toronto-4855,-8,58,Normal
2026-02-13 23:06:19.869754,Toronto-4855,40,4,Normal
2026-02-13 23:06:20.869754,Toronto-4855,-24,82,Normal
2026-02-13 23:06:21.869754,Toronto-4855,-21,61,Normal
2026-02-13 23:06:22.869754,Toronto-4855,-17,67,Normal
2026-02-13 23:06:23.869754,Toronto-4855,19,14,Normal
2026-02-13 23:06:24.869754,Toronto-4855,9,46,Normal
2026-02-13 23:06:25.869754,Toronto-4855,44,7,Normal
2026-02-13 23:06:26.869754,Toronto-4855,-18,0,Normal
2026-02-13 23:06:27.869754,Toronto-4855,9,83,Normal
2026-02-13 23:06:28.869754,Toronto-4855,44,36,Normal
2026-02-13 23:06:29.869754,Toronto-4855,-20,26,Normal
2026-02-13 23:06:30.869754,Toronto-4855,-25,47,Normal
2026-02-13 23:06:31.869754,Toronto-4855,-4,27,Normal
2026-02-13 23:06:32.869754,Toronto-4855,23,1,Normal
2026-02-13 23:06:33.869754,Toronto-4855,21,58,Normal
2026-02-13 23:06:34.869754,Toronto-4855,1,5,Normal
2026-02-13 23:06:35.869754,Toronto-4855,42,89,Normal
2026-02-13 23:06:36.869754,Toronto-4855,32,90,Normal
2026-02-13 23:06:37.869754,Toronto-4855,39,29,Normal
2026-02-13 23:06:38.869754,Toronto-4855,-3,95,Normal
2026-02-13 23:06:39.869754,Toronto-4855,-11,100,Normal
2026-02-13 23:06:40.869754,Toronto-4855,-14,43,Normal
2026-02-13 23:06:41.869754,Toronto-4855,22,78,Normal
2026-02-13 23:06:42.869754,Toronto-4855,47,57,Normal
2026-02-13 23:06:43.869754,Toronto-4855,19,23,Normal
2026-02-13 23:06:44.869754,Toronto-4855,13,87,Normal
2026-02-13 23:06:45.869754,Toronto-4855,-4,43,Normal
2026-02-13 23:06:46.869754,Toronto-4855,29,81,Normal
2026-02-13 23:06:47.869754,Toronto-4855,5,92,Normal
2026-02-13 23:06:48.869754,Toronto-4855,48,56,Normal
2026-02-13 23:06:49.869754,Toronto-4855,-28,75,Normal
2026-02-13 23:06:50.869754,Toronto-4855,5,29,Normal
2026-02-13 23:06:51.869754,Toronto-4855,37,14,Normal
2026-02-13 23:06:52.869754,Toronto-4855,29,2,Normal
2026-02-13 23:06:53.869754,Toronto-4855,11,55,Normal
2026-02-13 23:06:54.869754,Toronto-4855,6,72,Normal
2026-02-13 23:06:55.869754,Toronto-4855,-11,54,Normal
2026-02-13 23:06:56.869754,Toronto-4855,-19,94,Normal
2026-02-13 23:06:57.869754,Toronto-4855,3,67,Normal
2026-02-13 23:06:58.869754,Toronto-4855,-27,66,Normal
2026-02-13 23:06:59.869754,Toronto-4855,19,57,Normal
2026-02-13 23:07:00.869754,Toronto-4855,18,90,Normal
2026-02-13 23:07:01.869754,Toronto-4855,47,53,Normal
2026-02-13 23:07:02.869754,Toronto-4855,-14,84,Normal
2026-02-13 23:07:03.869754,Toronto-4855,-23,51,Normal
2026-02-13 23:07:04.869754,Toronto-4855,-19,15,Normal
2026-02-13 23:07:05.869754,Toronto-4855,-30,4,Normal
2026-02-13 23:07:06.869754,Toronto-4855,4,34,Normal
2026-02-13 23:07:07.869754,Toronto-4855,3,52,Normal
2026-02-13 23:07:08.869754,Toronto-4855,40,76,Normal
2026-02-13 23:07:09.869754,Toronto-4855,9,87,Normal
2026-02-13 23:07:10.869754,Toronto-4855,-26,33,Normal
2026-02-13 23:07:11.869754,Toronto-4855,7,13,Normal
2026-02-13 23:07:12.869754,Toronto-4855,40,89,Normal
2026-02-13 23:07:13.869754,Toronto-4855,27,22,Normal
2026-02-13 23:07:14.869754,Toronto-4855,34,99,Normal
2026-02-13 23:07:15.869754,Toronto-4855,41,70,Normal
2026-02-13 23:07:16.869754,Toronto-4855,20,84,Normal
2026-02-13 23:07:17.869754,Toronto-4855,9,78,Normal
2026-02-13 23:07:18.869754,Toronto-4855,-22,100,Normal
2026-02-13 23:07:19.869754,Toronto-4855,19,85,Normal
2026-02-13 23:07:20.869754,Toronto-4855,25,17,Normal
2026-02-13 23:07:21.869754,Toronto-4855,-17,3,Normal
2026-02-13 23:07:22.869754,Toronto-4855,39,83,Normal
2026-02-13 23:07:23.869754,Toronto-4855,11,74,Normal
2026-02-13 23:07:24.869754,Toronto-4855,-16,20,Normal
2026-02-13 23:07:25.869754,Toronto-4855,11,93,Normal
2026-02-13 23:07:26.869754,Toronto-4855,-2,94,Normal
2026-02-13 23:07:27.869754,Toronto-4855,2,17,Normal
2026-02-13 23:07:28.869754,Toronto-4855,7,50,Normal
2026-02-13 23:07:29.869754,Toronto-4855,-26,74,Normal
2026-02-13 23:07:30.869754,Toronto-4855,50,92,Normal
2026-02-13 23:07:31.869754,Toronto-4855,31,87,Normal
2026-02-13 23:07:32.869754,Toronto-4855,32,100,Normal
2026-02-13 23:07:33.869754,Toronto-4855,36,74,Normal
2026-02-13 23:07:34.869754,Toronto-4855,4,92,Normal
2026-02-13 23:07:35.869754,Toronto-4855,-27,24,Normal
2026-02-13 23:07:36.869754,Toronto-4855,-24,11,Normal
2026-02-13 23:07:37.869754,Toronto-4855,-10,10,Normal
2026-02-13 23:07:38.869754,Toronto-4855,49,76,Normal
2026-02-13 23:07:39.869754,Toronto-4855,25,59,Normal
2026-02-13 23:07:40.869754,Toronto-4855,7,28,Normal
2026-02-13 23:07:41.869754,Toronto-4855,43,51,Normal
2026-02-13 23:07:42.869754,Toronto-4855,6,73,Normal
2026-02-13 23:07:43.869754,Toronto-4855,23,10,Normal
2026-02-13 23:07:44.869754,Toronto-4855,49,40,Normal
2026-02-13 23:07:45.869754,Toronto-4855,-7,93,Normal
2026-02-13 23:07:46.869754,Toronto-4855,49,7,Normal
2026-02-13 23:07:47.869754,Toronto-4855,36,83,Normal
2026-02-13 23:07:48.869754,Toronto-4855,35,82,Normal
2026-02-13 23:07:49.869754,Toronto-4855,-15,96,Normal
2026-02-13 23:07:50.869754,Toronto-4855,-19,15,Normal
2026-02-13 23:07:51.869754,Toronto-4855,36,84,Normal
2026-02-13 23:07:52.869754,Toronto-4855,-22,4,Normal
2026-02-13 23:07:53.869754,Toronto-4855,-12,55,Normal
2026-02-13 23:07:54.869754,Toronto-4855,42,41,Normal
2026-02-13 23:07:55.869754,Toronto-4855,-19,29,Normal
2026-02-13 23:07:56.869754,Toronto-4855,-19,78,Normal
2026-02-13 23:07:57.869754,Toronto-4855,6,79,Normal
2026-02-13 23:07:58.869754,Toronto-4855,-23,99,Normal
2026-02-13 23:07:59.869754,Toronto-4855,-12,97,Normal
2026-02-13 23:08:00.869754,Toronto-4855,43,83,Normal
2026-02-13 23:08:01.869754,Toronto-4855,50,90,Normal
2026-02-13 23:08:02.869754,Toronto-4855,-30,8,Normal
2026-02-13 23:08:03.869754,Toronto-4855,-9,46,Normal
2026-02-13 23:08:04.869754,Toronto-4855,30,20,Normal
2026-02-13 23:08:05.869754,Toronto-4855,6,83,Normal
2026-02-13 23:08:06.869754,Toronto-4855,12,78,Normal
2026-02-13 23:08:07.869754,Toronto-4855,10,39,Normal
2026-02-13 23:08:08.869754,Toronto-4855,-3,98,Normal
2026-02-13 23:08:09.869754,Toronto-4855,16,54,Normal
2026-02-13 23:08:10.869754,Toronto-4855,38,36,Normal
2026-02-13 23:08:11.869754,Toronto-4855,49,90,Normal
2026-02-13 23:08:12.869754,Toronto-4855,-23,12,Normal
2026-02-13 23:08:13.869754,Toronto-4855,6,37,Normal
2026-02-13 23:08:14.869754,Toronto-4855,50,88,Normal
2026-02-13 23:08:15.869754,Toronto-4855,7,85,Normal
2026-02-13 23:08:16.869754,Toronto-4855,47,63,Normal
2026-02-13 23:08:17.869754,Toronto-4855,-21,34,Normal
2026-02-13 23:08:18.869754,Toronto-4855,29,46,Normal
2026-02-13 23:08:19.869754,Toronto-4855,49,30,Normal
2026-02-13 23:08:20.869754,Toronto-4855,5,76,Normal
2026-02-13 23:08:21.869754,Toronto-4855,-16,76,Normal
2026-02-13 23:08:22.869754,Toronto-4855,-15,92,Normal
2026-02-13 23:08:23.869754,Toronto-4855,14,39,Normal
2026-02-13 23:08:24.869754,Toronto-4855,-23,69,Normal
2026-02-13 23:08:25.869754,Toronto-4855,-17,57,Normal
2026-02-13 23:08:26.869754,Toronto-4855,-3,44,Normal
2026-02-13 23:08:27.869754,Toronto-4855,-18,49,Normal
2026-02-13 23:08:28.869754,Toronto-4855,-18,28,Normal
2026-02-13 23:08:29.869754,Toronto-4855,-24,50,Normal
2026-02-13 23:08:30.869754,Toronto-4855,47,74,Normal
2026-02-13 23:08:31.869754,Toronto-4855,3,56,Normal
2026-02-13 23:08:32.869754,Toronto-4855,-6,59,Normal
2026-02-13 23:08:33.869754,Toronto-4855,17,71,Normal
2026-02-13 23:08:34.869754,Toronto-4855,-24,55,Normal
2026-02-13 23:08:35.869754,Toronto-4855,-30,39,Normal
2026-02-13 23:08:36.869754,Toronto-4855,-26,60,Normal
2026-02-13 23:08:37.869754,Toronto-4855,7,59,Normal
2026-02-13 23:08:38.869754,Toronto-4855,15,18,Normal
2026-02-13 23:08:39.869754,Toronto-4855,-11,38,Normal
2026-02-13 23:08:40.869754,Toronto-4855,37,27,Normal
2026-02-13 23:08:41.869754,Toronto-4855,-9,37,Normal
2026-02-13 23:08:42.869754,Toronto-4855,-14,40,Normal
2026-02-13 23:08:43.869754,Toronto-4855,19,0,Normal
2026-02-13 23:08:44.869754,Toronto-4855,22,52,Normal
2026-02-13 23:08:45.869754,Toronto-4855,26,93,Normal
2026-02-13 23:08:46.869754,Toronto-4855,45,51,Normal
2026-02-13 23:08:47.869754,Toronto-4855,8,95,Normal
2026-02-13 23:08:48.869754,Toronto-4855,25,99,Normal
2026-02-13 23:08:49.869754,Toronto-4855,-29,21,Normal
2026-02-13 23:08:50.869754,Toronto-4855,-20,3,Normal
2026-02-13 23:08:51.869754,Toronto-4855,-27,73,Normal
2026-02-13 23:08:52.869754,Toronto-4855,11,87,Normal
2026-02-13 23:08:53.869754,Toronto-4855,17,95,Normal
2026-02-13 23:08:54.869754,Toronto-4855,17,40,Normal
2026-02-13 23:08:55.869754,Toronto-4855,-14,28,Normal
2026-02-13 23:08:56.869754,Toronto-4855,-23,81,Normal
2026-02-13 23:08:57.869754,Toronto-4855,45,21,Normal
2026-02-13 23:08:58.869754,Toronto-4855,36,84,Normal
2026-02-13 23:08:59.869754,Toronto-4855,-27,27,Normal
2026-02-13 23:09:00.869754,Toronto-4855,-9,100,Normal
2026-02-13 23:09:01.869754,Toronto-4855,-26,58,Normal
2026-02-13 23:09:02.869754,Toronto-4855,30,96,Normal
2026-02-13 23:09:03.869754,Toronto-4855,15,1,Normal
2026-02-13 23:09:04.869754,Toronto-4855,-16,13,Normal
2026-02-13 23:09:05.869754,Toronto-4855,41,45,Normal
2026-02-13 23:09:06.869754,Toronto-4855,30,2,Normal
2026-02-13 23:09:07.869754,Toronto-4855,47,41,Normal
2026-02-13 23:09:08.869754,Toronto-4855,41,42,Normal
2026-02-13 23:09:09.869754,Toronto-4855,18,96,Normal
2026-02-13 23:09:10.869754,Toronto-4855,18,69,Normal
2026-02-13 23:09:11.869754,Toronto-4855,-6,60,Normal
2026-02-13 23:09:12.869754,Toronto-4855,29,46,Normal
2026-02-13 23:09:13.869754,Toronto-4855,-17,49,Normal
2026-02-13 23:09:14.869754,Toronto-4855,-24,27,Normal
2026-02-13 23:09:15.869754,Toronto-4855,-22,73,Normal
2026-02-13 23:09:16.869754,Toronto-4855,9,47,Normal
2026-02-13 23:09:17.869754,Toronto-4855,-14,0,Normal
2026-02-13 23:09:18.869754,Toronto-4855,36,37,Normal
2026-02-13 23:09:19.869754,Toronto-4855,11,41,Normal
2026-02-13 23:09:20.869754,Toronto-4855,-21,19,Normal
2026-02-13 23:09:21.869754,Toronto-4855,39,98,Normal
2026-02-13 23:09:22.869754,Toronto-4855,10,90,Normal
2026-02-13 23:09:23.869754,Toronto-4855,44,39,Normal
2026-02-13 23:09:24.869754,Toronto-4855,50,41,Normal
2026-02-13 23:09:25.869754,Toronto-4855,40,95,Normal
2026-02-13 23:09:26.869754,Toronto-4855,-22,58,Normal
2026-02-13 23:09:27.869754,Toronto-4855,-24,71,Normal
2026-02-13 23:09:28.869754,Toronto-4855,15,72,Normal
2026-02-13 23:09:29.869754,Toronto-4855,11,35,Normal
2026-02-13 23:09:30.869754,Toronto-4855,37,39,Normal
2026-02-13 23:09:31.869754,Toronto-4855,-13,32,Normal
2026-02-13 23:09:32.869754,Toronto-4855,-19,14,Normal
2026-02-13 23:09:33.869754,Toronto-4855,-6,42,Normal
2026-02-13 23:09:34.869754,Toronto-4855,-10,100,Normal
2026-02-13 23:09:35.869754,Toronto-4855,-13,19,Normal
2026-02-13 23:09:36.869754,Toronto-4855,-13,95,Normal
2026-02-13 23:09:37.869754,Toronto-4855,-1,67,Normal
2026-02-13 23:09:38.869754,Toronto-4855,42,27,Normal
2026-02-13 23:09:39.869754,Toronto-4855,37,32,Normal
2026-02-13 23:09:40.869754,Toronto-4855,-14,14,Normal
2026-02-13 23:09:41.869754,Toronto-4855,41,46,Normal
2026-02-13 23:09:42.869754,Toronto-4855,-9,1,Normal
2026-02-13 23:09:43.869754,Toronto-4855,-19,25,Normal
2026-02-13 23:09:44.869754,Toronto-4855,44,53,Normal
2026-02-13 23:09:45.869754,Toronto-4855,35,45,Normal
2026-02-13 23:09:46.869754,Toronto-4855,-17,84,Normal
2026-02-13 23:09:47.869754,Toronto-4855,-30,23,Normal
2026-02-13 23:09:48.869754,Toronto-4855,33,38,Normal
2026-02-13 23:09:49.869754,Toronto-4855,-3,72,Normal
2026-02-13 23:09:50.869754,Toronto-4855,3,36,Normal
2026-02-13 23:09:51.869754,Toronto-4855,-29,91,Normal
2026-02-13 23:09:52.869754,Toronto-4855,-2,17,Normal
2026-02-13 23:09:53.869754,Toronto-4855,5,29,Normal
2026-02-13 23:09:54.869754,Toronto-4855,-26,91,Normal
2026-02-13 23:09:55.869754,Toronto-4855,26,62,Normal
2026-02-13 23:09:56.869754,Toronto-4855,-22,12,Normal
2026-02-13 23:09:57.869754,Toronto-4855,44,85,Normal
2026-02-13 23:09:58.869754,Toronto-4855,-28,60,Normal
2026-02-13 23:09:59.869754,Toronto-4855,-26,49,Normal
2026-02-13 23:10:00.869754,Toronto-4855,20,62,Normal
2026-02-13 23:10:01.869754,Toronto-4855,46,96,Normal
2026-02-13 23:10:02.869754,Toronto-4855,14,75,Normal
2026-02-13 23:10:03.869754,Toronto-4855,37,46,Normal
2026-02-13 23:10:04.869754,Toronto-4855,-25,0,Normal
2026-02-13 23:10:05.869754,Toronto-4855,28,2,Normal
2026-02-13 23:10:06.869754,Toronto-4855,15,38,Normal
2026-02-13 23:10:07.869754,Toronto-4855,25,2,Normal
2026-02-13 23:10:08.869754,Toronto-4855,45,75,Normal
2026-02-13 23:10:09.869754,Toronto-4855,32,62,Normal
2026-02-13 23:10:10.869754,Toronto-4855,31,98,Normal
2026-02-13 23:10:11.869754,Toronto-4855,0,96,Normal
2026-02-13 23:10:12.869754,Toronto-4855,47,78,Normal
2026-02-13 23:10:13.869754,Toronto-4855,33,64,Normal
2026-02-13 23:10:14.869754,Toronto-4855,43,38,Normal
2026-02-13 23:10:15.869754,Toronto-4855,-9,99,Normal
2026-02-13 23:10:16.869754,Toronto-4855,40,8,Normal
2026-02-13 23:10:17.869754,Toronto-4855,49,63,Normal
2026-02-13 23:10:18.869754,Toronto-4855,17,85,Normal
2026-02-13 23:10:19.869754,Toronto-4855,-14,16,Normal
2026-02-13 23:10:20.869754,Toronto-4855,-7,70,Normal
2026-02-13 23:10:21.869754,Toronto-4855,40,49,Normal
2026-02-13 23:10:22.869754,Toronto-4855,-29,87,Normal
2026-02-13 23:10:23.869754,Toronto-4855,15,28,Normal
2026-02-13 23:10:24.869754,Toronto-4855,29,77,Normal
2026-02-13 23:10:25.869754,Toronto-4855,-24,91,Normal
2026-02-13 23:10:26.869754,Toronto-4855,1,47,Normal
2026-02-13 23:10:27.869754,Toronto-4855,10,67,Normal
2026-02-13 23:10:28.869754,Toronto-4855,24,86,Normal
2026-02-13 23:10:29.869754,Toronto-4855,26,68,Normal
2026-02-13 23:10:30.869754,Toronto-4855,11,41,Normal
2026-02-13 23:10:31.869754,Toronto-4855,40,29,Normal
2026-02-13 23:10:32.869754,Toronto-4855,25,2,Normal
2026-02-13 23:10:33.869754,Toronto-4855,-21,28,Normal
2026-02-13 23:10:34.869754,Toronto-4855,-24,25,Normal
2026-02-13 23:10:35.869754,Toronto-4855,2,43,Normal
2026-02-13 23:10:36.869754,Toronto-4855,47,88,Normal
2026-02-13 23:10:37.869754,Toronto-4855,31,14,Normal
2026-02-13 23:10:38.869754,Toronto-4855,3,98,Normal
2026-02-13 23:10:39.869754,Toronto-4855,-24,61,Normal
2026-02-13 23:10:40.869754,Toronto-4855,46,28,Normal
2026-02-13 23:10:41.869754,Toronto-4855,-27,21,Normal
2026-02-13 23:10:42.869754,Toronto-4855,-23,22,Normal
2026-02-13 23:10:43.869754,Toronto-4855,5,66,Normal
2026-02-13 23:10:44.869754,Toronto-4855,48,3,Normal
2026-02-13 23:10:45.869754,Toronto-4855,-24,54,Normal
2026-02-13 23:10:46.869754,Toronto-4855,-20,97,Normal
2026-02-13 23:10:47.869754,Toronto-4855,22,72,Normal
2026-02-13 23:10:48.869754,Toronto-4855,14,85,Normal
2026-02-13 23:10:49.869754,Toronto-4855,9,22,Normal
2026-02-13 23:10:50.869754,Toronto-4855,17,82,Normal
2026-02-13 23:10:51.869754,Toronto-4855,28,76,Normal
2026-02-13 23:10:52.869754,Toronto-4855,-20,5,Normal
2026-02-13 23:10:53.869754,Toronto-4855,31,96,Normal
2026-02-13 23:10:54.869754,Toronto-4855,45,58,Normal
2026-02-13 23:10:55.869754,Toronto-4855,-13,19,Normal
2026-02-13 23:10:56.869754,Toronto-4855,-28,91,Normal
2026-02-13 23:10:57.869754,Toronto-4855,-26,65,Normal
2026-02-13 23:10:58.869754,Toronto-4855,18,52,Normal
2026-02-13 23:10:59.869754,Toronto-4855,-8,94,Normal
2026-02-13 23:11:00.869754,Toronto-4855,38,90,Normal
2026-02-13 23:11:01.869754,Toronto-4855,46,6,Normal
2026-02-13 23:11:02.869754,Toronto-4855,-15,44,Normal
2026-02-13 23:11:03.869754,Toronto-4855,1,61,Normal
2026-02-13 23:11:04.869754,Toronto-4855,-2,66,Normal
2026-02-13 23:11:05.869754,Toronto-4855,18,1,Normal
2026-02-13 23:11:06.869754,Toronto-4855,-20,91,Normal
2026-02-13 23:11:07.869754,Toronto-4855,-17,56,Normal
2026-02-13 23:11:08.869754,Toronto-4855,-16,90,Normal
2026-02-13 23:11:09.869754,Toronto-4855,-18,58,Normal
2026-02-13 23:11:10.869754,Toronto-4855,10,57,Normal
2026-02-13 23:11:11.869754,Toronto-4855,8,22,Normal
2026-02-13 23:11:12.869754,Toronto-4855,-15,66,Normal
2026-02-13 23:11:13.869754,Toronto-4855,47,70,Normal
2026-02-13 23:11:14.869754,Toronto-4855,27,36,Normal
2026-02-13 23:11:15.869754,Toronto-4855,-10,19,Normal
2026-02-13 23:11:16.869754,Toronto-4855,-21,8,Normal
2026-02-13 23:11:17.869754,Toronto-4855,19,74,Normal
2026-02-13 23:11:18.869754,Toronto-4855,21,3,Normal
2026-02-13 23:11:19.869754,Toronto-4855,46,31,Normal
2026-02-13 23:11:20.869754,Toronto-4855,-5,65,Normal
2026-02-13 23:11:21.869754,Toronto-4855,-20,70,Normal
2026-02-13 23:11:22.869754,Toronto-4855,0,24,Normal
2026-02-13 23:11:23.869754,Toronto-4855,10,98,Normal
2026-02-13 23:11:24.869754,Toronto-4855,37,81,Normal
2026-02-13 23:11:25.869754,Toronto-4855,48,22,Normal
2026-02-13 23:11:26.869754,Toronto-4855,-30,7,Normal
2026-02-13 23:11:27.869754,Toronto-4855,-3,36,Normal
2026-02-13 23:11:28.869754,Toronto-4855,-6,11,Normal
2026-02-13 23:11:29.869754,Toronto-4855,14,50,Normal
2026-02-13 23:11:30.869754,Toronto-4855,32,96,Normal
2026-02-13 23:11:31.869754,Toronto-4855,26,35,Normal
2026-02-13 23:11:32.869754,Toronto-4855,5,82,Normal
2026-02-13 23:11:33.869754,Toronto-4855,-30,62,Normal
2026-02-13 23:11:34.869754,Toronto-4855,-27,41,Normal
2026-02-13 23:11:35.869754,Toronto-4855,31,83,Normal
2026-02-13 23:11:36.869754,Toronto-4855,17,36,Normal
2026-02-13 23:11:37.869754,Toronto-4855,50,32,Normal
2026-02-13 23:11:38.869754,Toronto-4855,-15,75,Normal
2026-02-13 23:11:39.869754,Toronto-4855,-12,56,Normal
2026-02-13 23:11:40.869754,Toronto-4855,22,1,Normal
2026-02-13 23:11:41.869754,Toronto-4855,-16,59,Normal
2026-02-13 23:11:42.869754,Toronto-4855,12,17,Normal
2026-02-13 23:11:43.869754,Toronto-4855,40,37,Normal
2026-02-13 23:11:44.869754,Toronto-4855,14,34,Normal
2026-02-13 23:11:45.869754,Toronto-4855,-19,5,Normal
2026-02-13 23:11:46.869754,Toronto-4855,30,44,Normal
2026-02-13 23:11:47.869754,Toronto-4855,20,88,Normal
2026-02-13 23:11:48.869754,Toronto-4855,-17,16,Normal
2026-02-13 23:11:49.869754,Toronto-4855,27,7,Normal
2026-02-13 23:11:50.869754,Toronto-4855,-15,76,Normal
2026-02-13 23:11:51.869754,Toronto-4855,45,78,Normal
2026-02-13 23:11:52.869754,Toronto-4855,39,11,Normal
2026-02-13 23:11:53.869754,Toronto-4855,-18,3,Normal
2026-02-13 23:11:54.869754,Toronto-4855,40,26,Normal
2026-02-13 23:11:55.869754,Toronto-4855,-12,12,Normal
2026-02-13 23:11:56.869754,Toronto-4855,-11,81,Normal
2026-02-13 23:11:57.869754,Toronto-4855,1,47,Normal
2026-02-13 23:11:58.869754,Toronto-4855,22,61,Normal
2026-02-13 23:11:59.869754,Toronto-4855,9,29,Normal
2026-02-13 23:12:00.869754,Toronto-4855,0,44,Normal
2026-02-13 23:12:01.869754,Toronto-4855,-16,53,Normal
2026-02-13 23:12:02.869754,Toronto-4855,3,98,Normal
2026-02-13 23:12:03.869754,Toronto-4855,-5,36,Normal
2026-02-13 23:12:04.869754,Toronto-4855,-8,72,Normal
2026-02-13 23:12:05.869754,Toronto-4855,33,82,Normal
2026-02-13 23:12:06.869754,Toronto-4855,-15,95,Normal
2026-02-13 23:12:07.869754,Toronto-4855,20,57,Normal
2026-02-13 23:12:08.869754,Toronto-4855,5,90,Normal
2026-02-13 23:12:09.869754,Toronto-4855,-9,17,Normal
2026-02-13 23:12:10.869754,Toronto-4855,-14,38,Normal
2026-02-13 23:12:11.869754,Toronto-4855,27,60,Normal
2026-02-13 23:12:12.869754,Toronto-4855,7,77,Normal
2026-02-13 23:12:13.869754,Toronto-4855,-10,68,Normal
2026-02-13 23:12:14.869754,Toronto-4855,33,93,Normal
2026-02-13 23:12:15.869754,Toronto-4855,-13,57,Normal
2026-02-13 23:12:16.869754,Toronto-4855,44,93,Normal
2026-02-13 23:12:17.869754,Toronto-4855,10,88,Normal
2026-02-13 23:12:18.869754,Toronto-4855,49,65,Normal
2026-02-13 23:12:19.869754,Toronto-4855,-14,62,Normal
2026-02-13 23:12:20.869754,Toronto-4855,46,98,Normal
2026-02-13 23:12:21.869754,Toronto-4855,47,53,Normal
2026-02-13 23:12:22.869754,Toronto-4855,37,18,Normal
2026-02-13 23:12:23.869754,Toronto-4855,-17,2,Normal
2026-02-13 23:12:24.869754,Toronto-4855,27,64,Normal
2026-02-13 23:12:25.869754,Toronto-4855,-26,24,Normal
2026-02-13 23:12:26.869754,Toronto-4855,-26,10,Normal
2026-02-13 23:12:27.869754,Toronto-4855,14,81,Normal
2026-02-13 23:12:28.869754,Toronto-4855,1,27,Normal
2026-02-13 23:12:29.869754,Toronto-4855,39,83,Normal
2026-02-13 23:12:30.869754,Toronto-4855,31,24,Normal
2026-02-13 23:12:31.869754,Toronto-4855,-16,28,Normal
2026-02-13 23:12:32.869754,Toronto-4855,-2,27,Normal
2026-02-13 23:12:33.869754,Toronto-4855,18,20,Normal
2026-02-13 23:12:34.869754,Toronto-4855,2,27,Normal
2026-02-13 23:12:35.869754,Toronto-4855,20,72,Normal
2026-02-13 23:12:36.869754,Toronto-4855,9,35,Normal
2026-02-13 23:12:37.869754,Toronto-4855,5,40,Normal
2026-02-13 23:12:38.869754,Toronto-4855,-29,90,Normal
2026-02-13 23:12:39.869754,Toronto-4855,34,11,Normal
2026-02-13 23:12:40.869754,Toronto-4855,22,75,Normal
2026-02-13 23:12:41.869754,Toronto-4855,0,75,Normal
2026-02-13 23:12:42.869754,Toronto-4855,19,27,Normal
2026-02-13 23:12:43.869754,Toronto-4855,42,96,Normal
2026-02-13 23:12:44.869754,Toronto-4855,8,74,Normal
2026-02-13 23:12:45.869754,Toronto-4855,-14,95,Normal
2026-02-13 23:12:46.869754,Toronto-4855,1,12,Normal
2026-02-13 23:12:47.869754,Toronto-4855,20,50,Normal
2026-02-13 23:12:48.869754,Toronto-4855,10,65,Normal
2026-02-13 23:12:49.869754,Toronto-4855,16,50,Normal
2026-02-13 23:12:50.869754,Toronto-4855,43,9,Normal
2026-02-13 23:12:51.869754,Toronto-4855,-20,94,Normal
2026-02-13 23:12:52.869754,Toronto-4855,44,38,Normal
2026-02-13 23:12:53.869754,Toronto-4855,5,23,Normal
2026-02-13 23:12:54.869754,Toronto-4855,47,88,Normal
2026-02-13 23:12:55.869754,Toronto-4855,6,93,Normal
2026-02-13 23:12:56.869754,Toronto-4855,40,27,Normal
2026-02-13 23:12:57.869754,Toronto-4855,35,72,Normal
2026-02-13 23:12:58.869754,Toronto-4855,8,13,Normal
2026-02-13 23:12:59.869754,Toronto-4855,44,69,Normal
2026-02-13 23:13:00.869754,Toronto-4855,-21,27,Normal
2026-02-13 23:13:01.869754,Toronto-4855,26,55,Normal
2026-02-13 23:13:02.869754,Toronto-4855,-2,62,Normal
2026-02-13 23:13:03.869754,Toronto-4855,-25,81,Normal
2026-02-13 23:13:04.869754,Toronto-4855,38,21,Normal
2026-02-13 23:13:05.869754,Toronto-4855,-7,64,Normal
2026-02-13 23:13:06.869754,Toronto-4855,38,9,Normal
2026-02-13 23:13:07.869754,Toronto-4855,6,37,Normal
2026-02-13 23:13:08.869754,Toronto-4855,-2,43,Normal
2026-02-13 23:13:09.869754,Toronto-4855,-19,56,Normal
2026-02-13 23:13:10.869754,Toronto-4855,10,17,Normal
2026-02-13 23:13:11.869754,Toronto-4855,-5,48,Normal
2026-02-13 23:13:12.869754,Toronto-4855,16,41,Normal
2026-02-13 23:13:13.869754,Toronto-4855,1,54,Normal
2026-02-13 23:13:14.869754,Toronto-4855,21,0,Normal
2026-02-13 23:13:15.869754,Toronto-4855,20,14,Normal
2026-02-13 23:13:16.869754,Toronto-4855,31,18,Normal
2026-02-13 23:13:17.869754,Toronto-4855,23,7,Normal
2026-02-13 23:13:18.869754,Toronto-4855,-1,1,Normal
2026-02-13 23:13:19.869754,Toronto-4855,23,56,Normal
2026-02-13 23:13:20.869754,Toronto-4855,21,74,Normal
2026-02-13 23:13:21.869754,Toronto-4855,25,41,Normal
2026-02-13 23:13:22.869754,Toronto-4855,10,14,Normal
2026-02-13 23:13:23.869754,Toronto-4855,-19,78,Normal
2026-02-13 23:13:24.869754,Toronto-4855,33,58,Normal
2026-02-13 23:13:25.869754,Toronto-4855,-25,86,Normal
2026-02-13 23:13:26.869754,Toronto-4855,40,60,Normal
2026-02-13 23:13:27.869754,Toronto-4855,16,98,Normal
2026-02-13 23:13:28.869754,Toronto-4855,26,40,Normal
2026-02-13 23:13:29.869754,Toronto-4855,41,99,Normal
2026-02-13 23:13:30.869754,Toronto-4855,33,34,Normal
2026-02-13 23:13:31.869754,Toronto-4855,-16,81,Normal
2026-02-13 23:13:32.869754,Toronto-4855,7,16,Normal
2026-02-13 23:13:33.869754,Toronto-4855,25,1,Normal
2026-02-13 23:13:34.869754,Toronto-4855,50,35,Normal
2026-02-13 23:13:35.869754,Toronto-4855,0,61,Normal
2026-02-13 23:13:36.869754,Toronto-4855,44,3,Normal
2026-02-13 23:13:37.869754,Toronto-4855,-27,21,Normal
2026-02-13 23:13:38.869754,Toronto-4855,43,87,Normal
2026-02-13 23:13:39.869754,Toronto-4855,-16,63,Normal
2026-02-13 23:13:40.869754,Toronto-4855,1,69,Normal
2026-02-13 23:13:41.869754,Toronto-4855,26,43,Normal
2026-02-13 23:13:42.869754,Toronto-4855,-14,63,Normal
2026-02-13 23:13:43.869754,Toronto-4855,2,66,Normal
2026-02-13 23:13:44.869754,Toronto-4855,10,14,Normal
2026-02-13 23:13:45.869754,Toronto-4855,16,58,Normal
2026-02-13 23:13:46.869754,Toronto-4855,-18,17,Normal
2026-02-13 23:13:47.869754,Toronto-4855,46,77,Normal
2026-02-13 23:13:48.869754,Toronto-4855,35,21,Normal
2026-02-13 23:13:49.869754,Toronto-4855,32,54,Normal
2026-02-13 23:13:50.869754,Toronto-4855,22,77,Normal
2026-02-13 23:13:51.869754,Toronto-4855,7,54,Normal
2026-02-13 23:13:52.869754,Toronto-4855,-15,70,Normal
2026-02-13 23:13:53.869754,Toronto-4855,34,83,Normal
2026-02-13 23:13:54.869754,Toronto-4855,-9,48,Normal
2026-02-13 23:13:55.869754,Toronto-4855,-26,57,Normal
2026-02-13 23:13:56.869754,Toronto-4855,33,61,Normal
2026-02-13 23:13:57.869754,Toronto-4855,47,92,Normal
2026-02-13 23:13:58.869754,Toronto-4855,37,44,Normal
2026-02-13 23:13:59.869754,Toronto-4855,-4,71,Normal
2026-02-13 23:14:00.869754,Toronto-4855,-2,21,Normal
2026-02-13 23:14:01.869754,Toronto-4855,-4,34,Normal
2026-02-13 23:14:02.869754,Toronto-4855,41,86,Normal
2026-02-13 23:14:03.869754,Toronto-4855,-19,43,Normal
2026-02-13 23:14:04.869754,Toronto-4855,-8,36,Normal
2026-02-13 23:14:05.869754,Toronto-4855,0,35,Normal
2026-02-13 23:14:06.869754,Toronto-4855,20,66,Normal
2026-02-13 23:14:07.869754,Toronto-4855,-29,78,Normal
2026-02-13 23:14:08.869754,Toronto-4855,-4,88,Normal
2026-02-13 23:14:09.869754,Toronto-4855,-25,18,Normal
2026-02-13 23:14:10.869754,Toronto-4855,15,63,Normal
2026-02-13 23:14:11.869754,Toronto-4855,40,48,Normal
2026-02-13 23:14:12.869754,Toronto-4855,44,55,Normal
2026-02-13 23:14:13.869754,Toronto-4855,30,93,Normal
2026-02-13 23:14:14.869754,Toronto-4855,6,33,Normal
2026-02-13 23:14:15.869754,Toronto-4855,13,27,Normal
2026-02-13 23:14:16.869754,Toronto-4855,5,70,Normal
2026-02-13 23:14:17.869754,Toronto-4855,6,96,Normal
2026-02-13 23:14:18.869754,Toronto-4855,24,83,Normal
2026-02-13 23:14:19.869754,Toronto-4855,26,32,Normal
2026-02-13 23:14:20.869754,Toronto-4855,1,2,Normal
2026-02-13 23:14:21.869754,Toronto-4855,45,96,Normal
2026-02-13 23:14:22.869754,Toronto-4855,18,83,Normal
2026-02-13 23:14:23.869754,Toronto-4855,48,96,Normal
2026-02-13 23:14:24.869754,Toronto-4855,-19,1,Normal
2026-02-13 23:14:25.869754,Toronto-4855,27,41,Normal
2026-02-13 23:14:26.869754,Toronto-4855,0,16,Normal
2026-02-13 23:14:27.869754,Toronto-4855,8,73,Normal
2026-02-13 23:14:28.869754,Toronto-4855,31,99,Normal
2026-02-13 23:14:29.869754,Toronto-4855,-19,79,Normal
2026-02-13 23:14:30.869754,Toronto-4855,-20,65,Normal
2026-02-13 23:14:31.869754,Toronto-4855,-6,78,Normal
2026-02-13 23:14:32.869754,Toronto-4855,-25,22,Normal
2026-02-13 23:14:33.869754,Toronto-4855,11,3,Normal
2026-02-13 23:14:34.869754,Toronto-4855,-5,33,Normal
2026-02-13 23:14:35.869754,Toronto-4855,13,62,Normal
2026-02-13 23:14:36.869754,Toronto-4855,14,83,Normal
2026-02-13 23:14:37.869754,Toronto-4855,23,36,Normal
2026-02-13 23:14:38.869754,Toronto-4855,25,35,Normal
2026-02-13 23:14:39.869754,Toronto-4855,-11,81,Normal
2026-02-13 23:14:40.869754,Toronto-4855,19,71,Normal
2026-02-13 23:14:41.869754,Toronto-4855,-7,29,Normal
2026-02-13 23:14:42.869754,Toronto-4855,-13,64,Normal
2026-02-13 23:14:43.869754,Toronto-4855,-9,64,Normal
2026-02-13 23:14:44.869754,Toronto-4855,-16,15,Normal
2026-02-13 23:14:45.869754,Toronto-4855,3,44,Normal
2026-02-13 23:14:46.869754,Toronto-4855,43,11,Normal
2026-02-13 23:14:47.869754,Toronto-4855,30,43,Normal
2026-02-13 23:14:48.869754,Toronto-4855,-26,24,Normal
2026-02-13 23:14:49.869754,Toronto-4855,42,8,Normal
2026-02-13 23:14:50.869754,Toronto-4855,-5,89,Normal
2026-02-13 23:14:51.869754,Toronto-4855,-5,17,Normal
2026-02-13 23:14:52.869754,Toronto-4855,-1,22,Normal
2026-02-13 23:14:53.869754,Toronto-4855,42,18,Normal
2026-02-13 23:14:54.869754,Toronto-4855,-28,22,Normal
2026-02-13 23:14:55.869754,Toronto-4855,48,56,Normal
2026-02-13 23:14:56.869754,Toronto-4855,-16,33,Normal
2026-02-13 23:14:57.869754,Toronto-4855,-18,72,Normal
2026-02-13 23:14:58.869754,Toronto-4855,-1,98,Normal
2026-02-13 23:14:59.869754,Toronto-4855,40,66,Normal
2026-02-13 23:15:00.869754,Toronto-4855,46,54,Normal
2026-02-13 23:15:01.869754,Toronto-4855,-4,75,Normal
2026-02-13 23:15:02.869754,Toronto-4855,6,10,Normal
2026-02-13 23:15:03.869754,Toronto-4855,-20,93,Normal
2026-02-13 23:15:04.869754,Toronto-4855,-3,85,Normal
2026-02-13 23:15:05.869754,Toronto-4855,28,30,Normal
2026-02-13 23:15:06.869754,Toronto-4855,24,92,Normal
2026-02-13 23:15:07.869754,Toronto-4855,24,2,Normal
2026-02-13 23:15:08.869754,Toronto-4855,8,35,Normal
2026-02-13 23:15:09.869754,Toronto-4855,25,77,Normal
2026-02-13 23:15:10.869754,Toronto-4855,10,87,Normal
2026-02-13 23:15:11.869754,Toronto-4855,25,63,Normal
2026-02-13 23:15:12.869754,Toronto-4855,-18,66,Normal
2026-02-13 23:15:13.869754,Toronto-4855,-28,22,Normal
2026-02-13 23:15:14.869754,Toronto-4855,-15,94,Normal
2026-02-13 23:15:15.869754,Toronto-4855,49,98,Normal
2026-02-13 23:15:16.869754,Toronto-4855,4,98,Normal
2026-02-13 23:15:17.869754,Toronto-4855,40,60,Normal
2026-02-13 23:15:18.869754,Toronto-4855,-12,2,Normal
2026-02-13 23:15:19.869754,Toronto-4855,45,32,Normal
2026-02-13 23:15:20.869754,Toronto-4855,6,94,Normal
2026-02-13 23:15:21.869754,Toronto-4855,43,87,Normal
2026-02-13 23:15:22.869754,Toronto-4855,20,8,Normal
2026-02-13 23:15:23.869754,Toronto-4855,-24,75,Normal
2026-02-13 23:15:24.869754,Toronto-4855,4,83,Normal
2026-02-13 23:15:25.869754,Toronto-4855,-11,47,Normal
2026-02-13 23:15:26.869754,Toronto-4855,-28,10,Normal
2026-02-13 23:15:27.869754,Toronto-4855,2,61,Normal
2026-02-13 23:15:28.869754,Toronto-4855,-16,46,Normal
2026-02-13 23:15:29.869754,Toronto-4855,15,66,Normal
2026-02-13 23:15:30.869754,Toronto-4855,19,44,Normal
2026-02-13 23:15:31.869754,Toronto-4855,6,16,Normal
2026-02-13 23:15:32.869754,Toronto-4855,41,64,Normal
2026-02-13 23:15:33.869754,Toronto-4855,18,35,Normal
2026-02-13 23:15:34.869754,Toronto-4855,5,80,Normal
2026-02-13 23:15:35.869754,Toronto-4855,27,56,Normal
2026-02-13 23:15:36.869754,Toronto-4855,-5,88,Normal
2026-02-13 23:15:37.869754,Toronto-4855,-23,66,Normal
2026-02-13 23:15:38.869754,Toronto-4855,-25,42,Normal
2026-02-13 23:15:39.869754,Toronto-4855,-10,9,Normal
2026-02-13 23:15:40.869754,Toronto-4855,-20,3,Normal
2026-02-13 23:15:41.869754,Toronto-4855,-4,34,Normal
2026-02-13 23:15:42.869754,Toronto-4855,39,11,Normal
2026-02-13 23:15:43.869754,Toronto-4855,16,89,Normal
2026-02-13 23:15:44.869754,Toronto-4855,-6,54,Normal
2026-02-13 23:15:45.869754,Toronto-4855,-2,57,Normal
2026-02-13 23:15:46.869754,Toronto-4855,-24,94,Normal
2026-02-13 23:15:47.869754,Toronto-4855,35,69,Normal
2026-02-13 23:15:48.869754,Toronto-4855,-12,15,Normal
2026-02-13 23:15:49.869754,Toronto-4855,30,94,Normal
2026-02-13 23:15:50.869754,Toronto-4855,21,91,Normal
2026-02-13 23:15:51.869754,Toronto-4855,2,4,Normal
2026-02-13 23:15:52.869754,Toronto-4855,-18,30,Normal
2026-02-13 23:15:53.869754,Toronto-4855,34,48,Normal
2026-02-13 23:15:54.869754,Toronto-4855,5,16,Normal
2026-02-13 23:15:55.869754,Toronto-4855,-22,62,Normal
2026-02-13 23:15:56.869754,Toronto-4855,-4,0,Normal
2026-02-13 23:15:57.869754,Toronto-4855,42,57,Normal
2026-02-13 23:15:58.869754,Toronto-4855,5,25,Normal
2026-02-13 23:15:59.869754,Toronto-4855,50,63,Normal
2026-02-13 23:16:00.869754,Toronto-4855,20,46,Normal
2026-02-13 23:16:01.869754,Toronto-4855,31,55,Normal
2026-02-13 23:16:02.869754,Toronto-4855,17,16,Normal
2026-02-13 23:16:03.869754,Toronto-4855,20,23,Normal
2026-02-13 23:16:04.869754,Toronto-4855,-14,46,Normal
2026-02-13 23:16:05.869754,Toronto-4855,-15,16,Normal
2026-02-13 23:16:06.869754,Toronto-4855,22,11,Normal
2026-02-13 23:16:07.869754,Toronto-4855,20,37,Normal
2026-02-13 23:16:08.869754,Toronto-4855,-3,46,Normal
2026-02-13 23:16:09.869754,Toronto-4855,-12,41,Normal
2026-02-13 23:16:10.869754,Toronto-4855,8,89,Normal
2026-02-13 23:16:11.869754,Toronto-4855,12,84,Normal
2026-02-13 23:16:12.869754,Toronto-4855,-12,3,Normal
2026-02-13 23:16:13.869754,Toronto-4855,2,60,Normal
2026-02-13 23:16:14.869754,Toronto-4855,50,51,Normal
2026-02-13 23:16:15.869754,Toronto-4855,26,38,Normal
2026-02-13 23:16:16.869754,Toronto-4855,44,30,Normal
2026-02-13 23:16:17.869754,Toronto-4855,42,30,Normal
2026-02-13 23:16:18.869754,Toronto-4855,2,7,Normal
2026-02-13 23:16:19.869754,Toronto-4855,31,31,Normal
2026-02-13 23:16:20.869754,Toronto-4855,18,47,Normal
2026-02-13 23:16:21.869754,Toronto-4855,-10,48,Normal
2026-02-13 23:16:22.869754,Toronto-4855,35,24,Normal
2026-02-13 23:16:23.869754,Toronto-4855,30,64,Normal
2026-02-13 23:16:24.869754,Toronto-4855,31,59,Normal
2026-02-13 23:16:25.869754,Toronto-4855,-14,98,Normal
2026-02-13 23:16:26.869754,Toronto-4855,11,56,Normal
2026-02-13 23:16:27.869754,Toronto-4855,-23,49,Normal
2026-02-13 23:16:28.869754,Toronto-4855,3,1,Normal
2026-02-13 23:16:29.869754,Toronto-4855,50,50,Normal
2026-02-13 23:16:30.869754,Toronto-4855,40,30,Normal
2026-02-13 23:16:31.869754,Toronto-4855,-6,22,Normal
2026-02-13 23:16:32.869754,Toronto-4855,33,85,Normal
2026-02-13 23:16:33.869754,Toronto-4855,14,60,Normal
2026-02-13 23:16:34.869754,Toronto-4855,15,77,Normal
2026-02-13 23:16:35.869754,Toronto-4855,-19,96,Normal
2026-02-13 23:16:36.869754,Toronto-4855,16,39,Normal
2026-02-13 23:16:37.869754,Toronto-4855,46,94,Normal
2026-02-13 23:16:38.869754,Toronto-4855,-26,64,Normal
2026-02-13 23:16:39.869754,Toronto-4855,11,3,Normal
2026-02-13 23:16:40.869754,Toronto-4855,-10,99,Normal
2026-02-13 23:16:41.869754,Toronto-4855,44,55,Normal
2026-02-13 23:16:42.869754,Toronto-4855,-12,65,Normal
2026-02-13 23:16:43.869754,Toronto-4855,-24,29,Normal
2026-02-13 23:16:44.869754,Toronto-4855,-21,58,Normal
2026-02-13 23:16:45.869754,Toronto-4855,33,53,Normal
2026-02-13 23:16:46.869754,Toronto-4855,46,61,Normal
2026-02-13 23:16:47.869754,Toronto-4855,25,47,Normal
2026-02-13 23:16:48.869754,Toronto-4855,-21,70,Normal
2026-02-13 23:16:49.869754,Toronto-4855,0,81,Normal
2026-02-13 23:16:50.869754,Toronto-4855,-5,34,Normal
2026-02-13 23:16:51.869754,Toronto-4855,-1,57,Normal
2026-02-13 23:16:52.869754,Toronto-4855,-29,64,Normal
2026-02-13 23:16:53.869754,Toronto-4855,-1,0,Normal
2026-02-13 23:16:54.869754,Toronto-4855,-30,61,Normal
2026-02-13 23:16:55.869754,Toronto-4855,-6,47,Normal
2026-02-13 23:16:56.869754,Toronto-4855,26,92,Normal
2026-02-13 23:16:57.869754,Toronto-4855,-30,63,Normal
2026-02-13 23:16:58.869754,Toronto-4855,1,16,Normal
2026-02-13 23:16:59.869754,Toronto-4855,-24,19,Normal
2026-02-13 23:17:00.869754,Toronto-4855,-7,38,Normal
2026-02-13 23:17:01.869754,Toronto-4855,-21,92,Normal
2026-02-13 23:17:02.869754,Toronto-4855,21,67,Normal
2026-02-13 23:17:03.869754,Toronto-4855,24,54,Normal
2026-02-13 23:17:04.869754,Toronto-4855,1,70,Normal
2026-02-13 23:17:05.869754,Toronto-4855,-16,43,Normal
2026-02-13 23:17:06.869754,Toronto-4855,20,70,Normal
2026-02-13 23:17:07.869754,Toronto-4855,16,2,Normal
2026-02-13 23:17:08.869754,Toronto-4855,13,55,Normal
2026-02-13 23:17:09.869754,Toronto-4855,-25,30,Normal
2026-02-13 23:17:10.869754,Toronto-4855,45,28,Normal
2026-02-13 23:17:11.869754,Toronto-4855,9,17,Normal
2026-02-13 23:17:12.869754,Toronto-4855,-9,89,Normal
2026-02-13 23:17:13.869754,Toronto-4855,22,35,Normal
2026-02-13 23:17:14.869754,Toronto-4855,33,62,Normal
2026-02-13 23:17:15.869754,Toronto-4855,47,85,Normal
2026-02-13 23:17:16.869754,Toronto-4855,45,91,Normal
2026-02-13 23:17:17.869754,Toronto-4855,2,46,Normal
2026-02-13 23:17:18.869754,Toronto-4855,-28,91,Normal
2026-02-13 23:17:19.869754,Toronto-4855,41,59,Normal
2026-02-13 23:17:20.869754,Toronto-4855,6,68,Normal
2026-02-13 23:17:21.869754,Toronto-4855,-17,55,Normal
2026-02-13 23:17:22.869754,Toronto-4855,4,57,Normal
2026-02-13 23:17:23.869754,Toronto-4855,-6,20,Normal
2026-02-13 23:17:24.869754,Toronto-4855,-5,37,Normal
2026-02-13 23:17:25.869754,Toronto-4855,21,37,Normal
2026-02-13 23:17:26.869754,Toronto-4855,27,86,Normal
2026-02-13 23:17:27.869754,Toronto-4855,42,12,Normal
2026-02-13 23:17:28.869754,Toronto-4855,16,75,Normal
2026-02-13 23:17:29.869754,Toronto-4855,-10,54,Normal
2026-02-13 23:17:30.869754,Toronto-4855,3,18,Normal
2026-02-13 23:17:31.869754,Toronto-4855,17,69,Normal
2026-02-13 23:17:32.869754,Toronto-4855,1,45,Normal
2026-02-13 23:17:33.869754,Toronto-4855,35,76,Normal
2026-02-13 23:17:34.869754,Toronto-4855,-26,95,Normal
2026-02-13 23:17:35.869754,Toronto-4855,5,78,Normal
2026-02-13 23:17:36.869754,Toronto-4855,-23,5,Normal
2026-02-13 23:17:37.869754,Toronto-4855,-9,74,Normal
2026-02-13 23:17:38.869754,Toronto-4855,-11,48,Normal
2026-02-13 23:17:39.869754,Toronto-4855,41,45,Normal
2026-02-13 23:17:40.869754,Toronto-4855,48,54,Normal
2026-02-13 23:17:41.869754,Toronto-4855,-26,45,Normal
2026-02-13 23:17:42.869754,Toronto-4855,49,39,Normal
2026-02-13 23:17:43.869754,Toronto-4855,41,25,Normal
2026-02-13 23:17:44.869754,Toronto-4855,18,78,Normal
2026-02-13 23:17:45.869754,Toronto-4855,37,15,Normal
2026-02-13 23:17:46.869754,Toronto-4855,38,70,Normal
2026-02-13 23:17:47.869754,Toronto-4855,-19,29,Normal
2026-02-13 23:17:48.869754,Toronto-4855,-12,36,Normal
2026-02-13 23:17:49.869754,Toronto-4855,35,27,Normal
2026-02-13 23:17:50.869754,Toronto-4855,4,71,Normal
2026-02-13 23:17:51.869754,Toronto-4855,-15,32,Normal
2026-02-13 23:17:52.869754,Toronto-4855,44,14,Normal
2026-02-13 23:17:53.869754,Toronto-4855,38,4,Normal
2026-02-13 23:17:54.869754,Toronto-4855,33,30,Normal
2026-02-13 23:17:55.869754,Toronto-4855,-3,23,Normal
2026-02-13 23:17:56.869754,Toronto-4855,20,5,Normal
2026-02-13 23:17:57.869754,Toronto-4855,-3,77,Normal
2026-02-13 23:17:58.869754,Toronto-4855,-1,17,Normal
2026-02-13 23:17:59.869754,Toronto-4855,-25,67,Normal
2026-02-13 23:18:00.869754,Toronto-4855,19,75,Normal
2026-02-13 23:18:01.869754,Toronto-4855,9,33,Normal
2026-02-13 23:18:02.869754,Toronto-4855,-18,99,Normal
2026-02-13 23:18:03.869754,Toronto-4855,40,92,Normal
2026-02-13 23:18:04.869754,Toronto-4855,49,10,Normal
2026-02-13 23:18:05.869754,Toronto-4855,-9,82,Normal
2026-02-13 23:18:06.869754,Toronto-4855,-2,31,Normal
2026-02-13 23:18:07.869754,Toronto-4855,1,56,Normal
2026-02-13 23:18:08.869754,Toronto-4855,-25,80,Normal
2026-02-13 23:18:09.869754,Toronto-4855,-30,99,Normal
2026-02-13 23:18:10.869754,Toronto-4855,21,11,Normal
2026-02-13 23:18:11.869754,Toronto-4855,-5,50,Normal
2026-02-13 23:18:12.869754,Toronto-4855,-28,35,Normal
2026-02-13 23:18:13.869754,Toronto-4855,1,10,Normal
2026-02-13 23:18:14.869754,Toronto-4855,-26,57,Normal
2026-02-13 23:18:15.869754,Toronto-4855,49,99,Normal
2026-02-13 23:18:16.869754,Toronto-4855,28,85,Normal
2026-02-13 23:18:17.869754,Toronto-4855,-4,31,Normal
2026-02-13 23:18:18.869754,Toronto-4855,-12,55,Normal
2026-02-13 23:18:19.869754,Toronto-4855,38,89,Normal
2026-02-13 23:18:20.869754,Toronto-4855,-13,40,Normal
2026-02-13 23:18:21.869754,Toronto-4855,5,45,Normal
2026-02-13 23:18:22.869754,Toronto-4855,47,34,Normal
2026-02-13 23:18:23.869754,Toronto-4855,-7,69,Normal
2026-02-13 23:18:24.869754,Toronto-4855,19,59,Normal
2026-02-13 23:18:25.869754,Toronto-4855,-22,97,Normal
2026-02-13 23:18:26.869754,Toronto-4855,-18,65,Normal
2026-02-13 23:18:27.869754,Toronto-4855,-8,2,Normal
2026-02-13 23:18:28.869754,Toronto-4855,0,18,Normal
2026-02-13 23:18:29.869754,Toronto-4855,3,10,Normal
2026-02-13 23:18:30.869754,Toronto-4855,11,76,Normal
2026-02-13 23:18:31.869754,Toronto-4855,-1,73,Normal
2026-02-13 23:18:32.869754,Toronto-4855,33,81,Normal
2026-02-13 23:18:33.869754,Toronto-4855,41,0,Normal
2026-02-13 23:18:34.869754,Toronto-4855,22,25,Normal
2026-02-13 23:18:35.869754,Toronto-4855,10,36,Normal
2026-02-13 23:18:36.869754,Toronto-4855,36,98,Normal
2026-02-13 23:18:37.869754,Toronto-4855,11,52,Normal
2026-02-13 23:18:38.869754,Toronto-4855,16,84,Normal
2026-02-13 23:18:39.869754,Toronto-4855,-9,91,Normal
2026-02-13 23:18:40.869754,Toronto-4855,-1,88,Normal
2026-02-13 23:18:41.869754,Toronto-4855,6,56,Normal
2026-02-13 23:18:42.869754,Toronto-4855,27,4,Normal
2026-02-13 23:18:43.869754,Toronto-4855,2,50,Normal
2026-02-13 23:18:44.869754,Toronto-4855,23,86,Normal
2026-02-13 23:18:45.869754,Toronto-4855,11,53,Normal
2026-02-13 23:18:46.869754,Toronto-4855,-19,8,Normal
2026-02-13 23:18:47.869754,Toronto-4855,7,73,Normal
2026-02-13 23:18:48.869754,Toronto-4855,30,65,Normal
2026-02-13 23:18:49.869754,Toronto-4855,40,65,Normal
2026-02-13 23:18:50.869754,Toronto-4855,1,70,Normal
2026-02-13 23:18:51.869754,Toronto-4855,-24,89,Normal
2026-02-13 23:18:52.869754,Toronto-4855,-3,4,Normal
2026-02-13 23:18:53.869754,Toronto-4855,-12,37,Normal
2026-02-13 23:18:54.869754,Toronto-4855,40,63,Normal
2026-02-13 23:18:55.869754,Toronto-4855,-29,78,Normal
2026-02-13 23:18:56.869754,Toronto-4855,10,40,Normal
2026-02-13 23:18:57.869754,Toronto-4855,13,73,Normal
2026-02-13 23:18:58.869754,Toronto-4855,18,42,Normal
2026-02-13 23:18:59.869754,Toronto-4855,18,44,Normal
2026-02-13 23:19:00.869754,Toronto-4855,-17,70,Normal
2026-02-13 23:19:01.869754,Toronto-4855,-20,63,Normal
2026-02-13 23:19:02.869754,Toronto-4855,48,9,Normal
2026-02-13 23:19:03.869754,Toronto-4855,39,65,Normal
2026-02-13 23:19:04.869754,Toronto-4855,26,41,Normal
2026-02-13 23:19:05.869754,Toronto-4855,24,55,Normal
2026-02-13 23:19:06.869754,Toronto-4855,-16,95,Normal
2026-02-13 23:19:07.869754,Toronto-4855,22,24,Normal
2026-02-13 23:19:08.869754,Toronto-4855,35,30,Normal
2026-02-13 23:19:09.869754,Toronto-4855,-25,88,Normal
2026-02-13 23:19:10.869754,Toronto-4855,48,60,Normal
2026-02-13 23:19:11.869754,Toronto-4855,15,27,Normal
2026-02-13 23:19:12.869754,Toronto-4855,28,1,Normal
2026-02-13 23:19:13.869754,Toronto-4855,-25,79,Normal
2026-02-13 23:19:14.869754,Toronto-4855,20,7,Normal
2026-02-13 23:19:15.869754,Toronto-4855,31,45,Normal
2026-02-13 23:19:16.869754,Toronto-4855,-25,97,Normal
2026-02-13 23:19:17.869754,Toronto-4855,-10,37,Normal
2026-02-13 23:19:18.869754,Toronto-4855,27,48,Normal
2026-02-13 23:19:19.869754,Toronto-4855,-3,21,Normal
2026-02-13 23:19:20.869754,Toronto-4855,20,1,Normal
2026-02-13 23:19:21.869754,Toronto-4855,-5,41,Normal
2026-02-13 23:19:22.869754,Toronto-4855,34,32,Normal
2026-02-13 23:19:23.869754,Toronto-4855,-27,66,Normal
2026-02-13 23:19:24.869754,Toronto-4855,-10,7,Normal
2026-02-13 23:19:25.869754,Toronto-4855,5,98,Normal
2026-02-13 23:19:26.869754,Toronto-4855,38,99,Normal
2026-02-13 23:19:27.869754,Toronto-4855,-10,82,Normal
2026-02-13 23:19:28.869754,Toronto-4855,20,88,Normal
2026-02-13 23:19:29.869754,Toronto-4855,33,77,Normal
2026-02-13 23:19:30.869754,Toronto-4855,2,26,Normal
2026-02-13 23:19:31.869754,Toronto-4855,-12,40,Normal
2026-02-13 23:19:32.869754,Toronto-4855,30,82,Normal
2026-02-13 23:19:33.869754,Toronto-4855,16,82,Normal
2026-02-13 23:19:34.869754,Toronto-4855,-7,50,Normal
2026-02-13 23:19:35.869754,Toronto-4855,-5,87,Normal
2026-02-13 23:19:36.869754,Toronto-4855,-19,57,Normal
2026-02-13 23:19:37.869754,Toronto-4855,-2,59,Normal
2026-02-13 23:19:38.869754,Toronto-4855,50,17,Normal
2026-02-13 23:19:39.869754,Toronto-4855,48,69,Normal
2026-02-13 23:19:40.869754,Toronto-4855,-24,16,Normal
2026-02-13 23:19:41.869754,Toronto-4855,-8,2,Normal
2026-02-13 23:19:42.869754,Toronto-4855,23,11,Normal
2026-02-13 23:19:43.869754,Toronto-4855,-7,96,Normal
2026-02-13 23:19:44.869754,Toronto-4855,15,40,Normal
2026-02-13 23:19:45.869754,Toronto-4855,10,24,Normal
2026-02-13 23:19:46.869754,Toronto-4855,-30,8,Normal
2026-02-13 23:19:47.869754,Toronto-4855,-22,66,Normal
2026-02-13 23:19:48.869754,Toronto-4855,37,9,Normal
2026-02-13 23:19:49.869754,Toronto-4855,25,99,Normal
2026-02-13 23:19:50.869754,Toronto-4855,-24,32,Normal
2026-02-13 23:19:51.869754,Toronto-4855,25,0,Normal
2026-02-13 23:19:52.869754,Toronto-4855,-2,2,Normal
2026-02-13 23:19:53.869754,Toronto-4855,8,77,Normal
2026-02-13 23:19:54.869754,Toronto-4855,49,98,Normal
2026-02-13 23:19:55.869754,Toronto-4855,2,94,Normal
2026-02-13 23:19:56.869754,Toronto-4855,2,84,Normal
2026-02-13 23:19:57.869754,Toronto-4855,27,85,Normal
2026-02-13 23:19:58.869754,Toronto-4855,-9,56,Normal
2026-02-13 23:19:59.869754,Toronto-4855,-1,30,Normal
2026-02-13 23:20:00.869754,Toronto-4855,-18,26,Normal
2026-02-13 23:20:01.869754,Toronto-4855,29,73,Normal
2026-02-13 23:20:02.869754,Toronto-4855,13,50,Normal
2026-02-13 23:20:03.869754,Toronto-4855,-10,53,Normal
2026-02-13 23:20:04.869754,Toronto-4855,-26,92,Normal
2026-02-13 23:20:05.869754,Toronto-4855,25,23,Normal
2026-02-13 23:20:06.869754,Toronto-4855,-5,44,Normal
2026-02-13 23:20:07.869754,Toronto-4855,12,29,Normal
2026-02-13 23:20:08.869754,Toronto-4855,28,3,Normal
2026-02-13 23:20:09.869754,Toronto-4855,41,22,Normal
2026-02-13 23:20:10.869754,Toronto-4855,0,16,Normal
2026-02-13 23:20:11.869754,Toronto-4855,44,3,Normal
2026-02-13 23:20:12.869754,Toronto-4855,36,28,Normal
2026-02-13 23:20:13.869754,Toronto-4855,46,7,Normal
2026-02-13 23:20:14.869754,Toronto-4855,49,28,Normal
2026-02-13 23:20:15.869754,Toronto-4855,19,42,Normal
2026-02-13 23:20:16.869754,Toronto-4855,-20,94,Normal
2026-02-13 23:20:17.869754,Toronto-4855,-5,34,Normal
2026-02-13 23:20:18.869754,Toronto-4855,19,75,Normal
2026-02-13 23:20:19.869754,Toronto-4855,25,29,Normal
2026-02-13 23:20:20.869754,Toronto-4855,21,71,Normal
2026-02-13 23:20:21.869754,Toronto-4855,1,58,Normal
2026-02-13 23:20:22.869754,Toronto-4855,28,76,Normal
2026-02-13 23:20:23.869754,Toronto-4855,18,1,Normal
2026-02-13 23:20:24.869754,Toronto-4855,-9,51,Normal
2026-02-13 23:20:25.869754,Toronto-4855,-13,19,Normal
2026-02-13 23:20:26.869754,Toronto-4855,22,78,Normal
2026-02-13 23:20:27.869754,Toronto-4855,-10,47,Normal
2026-02-13 23:20:28.869754,Toronto-4855,27,54,Normal
2026-02-13 23:20:29.869754,Toronto-4855,12,98,Normal
2026-02-13 23:20:30.869754,Toronto-4855,29,11,Normal
2026-02-13 23:20:31.869754,Toronto-4855,-22,8,Normal
2026-02-13 23:20:32.869754,Toronto-4855,6,20,Normal
2026-02-13 23:20:33.869754,Toronto-4855,38,92,Normal
2026-02-13 23:20:34.869754,Toronto-4855,49,81,Normal
2026-02-13 23:20:35.869754,Toronto-4855,-20,70,Normal
2026-02-13 23:20:36.869754,Toronto-4855,3,96,Normal
2026-02-13 23:20:37.869754,Toronto-4855,-6,4,Normal
2026-02-13 23:20:38.869754,Toronto-4855,-10,76,Normal
2026-02-13 23:20:39.869754,Toronto-4855,-7,0,Normal
2026-02-13 23:20:40.869754,Toronto-4855,28,91,Normal
2026-02-13 23:20:41.869754,Toronto-4855,30,10,Normal
2026-02-13 23:20:42.869754,Toronto-4855,-27,43,Normal
2026-02-13 23:20:43.869754,Toronto-4855,-9,44,Normal
2026-02-13 23:20:44.869754,Toronto-4855,-11,42,Normal
2026-02-13 23:20:45.869754,Toronto-4855,37,11,Normal
2026-02-13 23:20:46.869754,Toronto-4855,8,26,Normal
2026-02-13 23:20:47.869754,Toronto-4855,44,28,Normal
2026-02-13 23:20:48.869754,Toronto-4855,-19,92,Normal
2026-02-13 23:20:49.869754,Toronto-4855,-8,82,Normal
2026-02-13 23:20:50.869754,Toronto-4855,-8,1,Normal
2026-02-13 23:20:51.869754,Toronto-4855,27,89,Normal
2026-02-13 23:20:52.869754,Toronto-4855,-25,7,Normal
2026-02-13 23:20:53.869754,Toronto-4855,40,21,Normal
2026-02-13 23:20:54.869754,Toronto-4855,6,47,Normal
2026-02-13 23:20:55.869754,Toronto-4855,20,15,Normal
2026-02-13 23:20:56.869754,Toronto-4855,-22,7,Normal
2026-02-13 23:20:57.869754,Toronto-4855,26,61,Normal
2026-02-13 23:20:58.869754,Toronto-4855,-3,95,Normal
2026-02-13 23:20:59.869754,Toronto-4855,-7,94,Normal
2026-02-13 23:21:00.869754,Toronto-4855,26,72,Normal
2026-02-13 23:21:01.869754,Toronto-4855,6,99,Normal
2026-02-13 23:21:02.869754,Toronto-4855,10,0,Normal
2026-02-13 23:21:03.869754,Toronto-4855,16,73,Normal
2026-02-13 23:21:04.869754,Toronto-4855,-9,56,Normal
2026-02-13 23:21:05.869754,Toronto-4855,23,85,Normal
2026-02-13 23:21:06.869754,Toronto-4855,-12,71,Normal
2026-02-13 23:21:07.869754,Toronto-4855,-6,80,Normal
2026-02-13 23:21:08.869754,Toronto-4855,43,44,Normal
2026-02-13 23:21:09.869754,Toronto-4855,-24,72,Normal
2026-02-13 23:21:10.869754,Toronto-4855,-29,62,Normal
2026-02-13 23:21:11.869754,Toronto-4855,-18,59,Normal
2026-02-13 23:21:12.869754,Toronto-4855,9,40,Normal
2026-02-13 23:21:13.869754,Toronto-4855,7,89,Normal
2026-02-13 23:21:14.869754,Toronto-4855,-7,18,Normal
2026-02-13 23:21:15.869754,Toronto-4855,-1,34,Normal
2026-02-13 23:21:16.869754,Toronto-4855,33,13,Normal
2026-02-13 23:21:17.869754,Toronto-4855,10,67,Normal
2026-02-13 23:21:18.869754,Toronto-4855,-30,47,Normal
2026-02-13 23:21:19.869754,Toronto-4855,47,64,Normal
2026-02-13 23:21:20.869754,Toronto-4855,-15,27,Normal
2026-02-13 23:21:21.869754,Toronto-4855,-7,10,Normal
2026-02-13 23:21:22.869754,Toronto-4855,-25,9,Normal
2026-02-13 23:21:23.869754,Toronto-4855,-4,49,Normal
2026-02-13 23:21:24.869754,Toronto-4855,18,97,Normal
2026-02-13 23:21:25.869754,Toronto-4855,49,90,Normal
2026-02-13 23:21:26.869754,Toronto-4855,-9,6,Normal
2026-02-13 23:21:27.869754,Toronto-4855,0,19,Normal
2026-02-13 23:21:28.869754,Toronto-4855,3,77,Normal
2026-02-13 23:21:29.869754,Toronto-4855,17,31,Normal
2026-02-13 23:21:30.869754,Toronto-4855,30,52,Normal
2026-02-13 23:21:31.869754,Toronto-4855,27,94,Normal
2026-02-13 23:21:32.869754,Toronto-4855,-14,58,Normal
2026-02-13 23:21:33.869754,Toronto-4855,-8,17,Normal
2026-02-13 23:21:34.869754,Toronto-4855,-26,67,Normal
2026-02-13 23:21:35.869754,Toronto-4855,-17,65,Normal
2026-02-13 23:21:36.869754,Toronto-4855,-25,1,Normal
2026-02-13 23:21:37.869754,Toronto-4855,22,70,Normal
2026-02-13 23:21:38.869754,Toronto-4855,32,91,Normal
2026-02-13 23:21:39.869754,Toronto-4855,-7,75,Normal
2026-02-13 23:21:40.869754,Toronto-4855,28,24,Normal
2026-02-13 23:21:41.869754,Toronto-4855,-1,35,Normal
2026-02-13 23:21:42.869754,Toronto-4855,10,100,Normal
2026-02-13 23:21:43.869754,Toronto-4855,8,43,Normal
2026-02-13 23:21:44.869754,Toronto-4855,-21,97,Normal
2026-02-13 23:21:45.869754,Toronto-4855,16,64,Normal
2026-02-13 23:21:46.869754,Toronto-4855,-10,62,Normal
2026-02-13 23:21:47.869754,Toronto-4855,-10,50,Normal
2026-02-13 23:21:48.869754,Toronto-4855,43,16,Normal
2026-02-13 23:21:49.869754,Toronto-4855,-24,57,Normal
2026-02-13 23:21:50.869754,Toronto-4855,22,12,Normal
2026-02-13 23:21:51.869754,Toronto-4855,6,87,Normal
2026-02-13 23:21:52.869754,Toronto-4855,-25,43,Normal
2026-02-13 23:21:53.869754,Toronto-4855,-16,98,Normal
2026-02-13 23:21:54.869754,Toronto-4855,-6,62,Normal
2026-02-13 23:21:55.869754,Toronto-4855,-15,87,Normal
2026-02-13 23:21:56.869754,Toronto-4855,23,23,Normal
2026-02-13 23:21:57.869754,Toronto-4855,-9,86,Normal
2026-02-13 23:21:58.869754,Toronto-4855,36,48,Normal
2026-02-13 23:21:59.869754,Toronto-4855,-4,29,Normal
2026-02-13 23:22:00.869754,Toronto-4855,23,29,Normal
2026-02-13 23:22:01.869754,Toronto-4855,10,72,Normal
2026-02-13 23:22:02.869754,Toronto-4855,3,3,Normal
2026-02-13 23:22:03.869754,Toronto-4855,-10,2,Normal
2026-02-13 23:22:04.869754,Toronto-4855,5,5,Normal
2026-02-13 23:22:05.869754,Toronto-4855,49,95,Normal
2026-02-13 23:22:06.869754,Toronto-4855,4,21,Normal
2026-02-13 23:22:07.869754,Toronto-4855,-29,65,Normal
2026-02-13 23:22:08.869754,Toronto-4855,-23,54,Normal
2026-02-13 23:22:09.869754,Toronto-4855,-13,53,Normal
2026-02-13 23:22:10.869754,Toronto-4855,-18,14,Normal
2026-02-13 23:22:11.869754,Toronto-4855,43,6,Normal
2026-02-13 23:22:12.869754,Toronto-4855,49,64,Normal
2026-02-13 23:22:13.869754,Toronto-4855,13,29,Normal
2026-02-13 23:22:14.869754,Toronto-4855,-27,80,Normal
2026-02-13 23:22:15.869754,Toronto-4855,1,1,Normal
2026-02-13 23:22:16.869754,Toronto-4855,37,32,Normal
2026-02-13 23:22:17.869754,Toronto-4855,46,74,Normal
2026-02-13 23:22:18.869754,Toronto-4855,7,24,Normal
2026-02-13 23:22:19.869754,Toronto-4855,40,57,Normal
2026-02-13 23:22:20.869754,Toronto-4855,8,30,Normal
2026-02-13 23:22:21.869754,Toronto-4855,-20,72,Normal
2026-02-13 23:22:22.869754,Toronto-4855,-8,79,Normal
2026-02-13 23:22:23.869754,Toronto-4855,-21,60,Normal
2026-02-13 23:22:24.869754,Toronto-4855,2,50,Normal
2026-02-13 23:22:25.869754,Toronto-4855,-29,57,Normal
2026-02-13 23:22:26.869754,Toronto-4855,30,72,Normal
2026-02-13 23:22:27.869754,Toronto-4855,32,27,Normal
2026-02-13 23:22:28.869754,Toronto-4855,35,50,Normal
2026-02-13 23:22:29.869754,Toronto-4855,2,52,Normal
2026-02-13 23:22:30.869754,Toronto-4855,45,6,Normal
2026-02-13 23:22:31.869754,Toronto-4855,17,20,Normal
2026-02-13 23:22:32.869754,Toronto-4855,47,83,Normal
2026-02-13 23:22:33.869754,Toronto-4855,19,3,Normal
2026-02-13 23:22:34.869754,Toronto-4855,17,61,Normal
2026-02-13 23:22:35.869754,Toronto-4855,-3,35,Normal
2026-02-13 23:22:36.869754,Toronto-4855,9,75,Normal
2026-02-13 23:22:37.869754,Toronto-4855,-14,20,Normal
2026-02-13 23:22:38.869754,Toronto-4855,-25,80,Normal
2026-02-13 23:22:39.869754,Toronto-4855,34,70,Normal
2026-02-13 23:22:40.869754,Toronto-4855,10,50,Normal
2026-02-13 23:22:41.869754,Toronto-4855,-20,12,Normal
2026-02-13 23:22:42.869754,Toronto-4855,41,53,Normal
2026-02-13 23:22:43.869754,Toronto-4855,29,85,Normal
2026-02-13 23:22:44.869754,Toronto-4855,-5,27,Normal
2026-02-13 23:22:45.869754,Toronto-4855,35,79,Normal
2026-02-13 23:22:46.869754,Toronto-4855,28,59,Normal
2026-02-13 23:22:47.869754,Toronto-4855,17,93,Normal
2026-02-13 23:22:48.869754,Toronto-4855,38,3,Normal
2026-02-13 23:22:49.869754,Toronto-4855,37,6,Normal
2026-02-13 23:22:50.869754,Toronto-4855,-16,4,Normal
2026-02-13 23:22:51.869754,Toronto-4855,-23,82,Normal
2026-02-13 23:22:52.869754,Toronto-4855,-5,50,Normal
2026-02-13 23:22:53.869754,Toronto-4855,29,62,Normal
2026-02-13 23:22:54.869754,Toronto-4855,27,32,Normal
2026-02-13 23:22:55.869754,Toronto-4855,23,85,Normal
2026-02-13 23:22:56.869754,Toronto-4855,29,60,Normal
2026-02-13 23:22:57.869754,Toronto-4855,37,43,Normal
2026-02-13 23:22:58.869754,Toronto-4855,26,95,Normal
2026-02-13 23:22:59.869754,Toronto-4855,-19,18,Normal
2026-02-13 23:23:00.869754,Toronto-4855,-17,58,Normal
2026-02-13 23:23:01.869754,Toronto-4855,7,54,Normal
2026-02-13 23:23:02.869754,Toronto-4855,24,42,Normal
2026-02-13 23:23:03.869754,Toronto-4855,14,30,Normal
2026-02-13 23:23:04.869754,Toronto-4855,14,21,Normal
2026-02-13 23:23:05.869754,Toronto-4855,-27,48,Normal
2026-02-13 23:23:06.869754,Toronto-4855,-3,28,Normal
2026-02-13 23:23:07.869754,Toronto-4855,1,59,Normal
2026-02-13 23:23:08.869754,Toronto-4855,39,83,Normal
2026-02-13 23:23:09.869754,Toronto-4855,30,89,Normal
2026-02-13 23:23:10.869754,Toronto-4855,49,3,Normal
2026-02-13 23:23:11.869754,Toronto-4855,14,99,Normal
2026-02-13 23:23:12.869754,Toronto-4855,-19,84,Normal
2026-02-13 23:23:13.869754,Toronto-4855,28,74,Normal
2026-02-13 23:23:14.869754,Toronto-4855,48,10,Normal
2026-02-13 23:23:15.869754,Toronto-4855,41,24,Normal
2026-02-13 23:23:16.869754,Toronto-4855,16,39,Normal
2026-02-13 23:23:17.869754,Toronto-4855,30,65,Normal
2026-02-13 23:23:18.869754,Toronto-4855,-2,12,Normal
2026-02-13 23:23:19.869754,Toronto-4855,45,10,Normal
2026-02-13 23:23:20.869754,Toronto-4855,-21,6,Normal
2026-02-13 23:23:21.869754,Toronto-4855,19,66,Normal
2026-02-13 23:23:22.869754,Toronto-4855,15,92,Normal
2026-02-13 23:23:23.869754,Toronto-4855,25,7,Normal
2026-02-13 23:23:24.869754,Toronto-4855,25,35,Normal
2026-02-13 23:23:25.869754,Toronto-4855,24,19,Normal
2026-02-13 23:23:26.869754,Toronto-4855,1,34,Normal
2026-02-13 23:23:27.869754,Toronto-4855,-27,39,Normal
2026-02-13 23:23:28.869754,Toronto-4855,18,48,Normal
2026-02-13 23:23:29.869754,Toronto-4855,-12,72,Normal
2026-02-13 23:23:30.869754,Toronto-4855,14,72,Normal
2026-02-13 23:23:31.869754,Toronto-4855,-16,21,Normal
2026-02-13 23:23:32.869754,Toronto-4855,23,17,Normal
2026-02-13 23:23:33.869754,Toronto-4855,-29,71,Normal
2026-02-13 23:23:34.869754,Toronto-4855,8,57,Normal
2026-02-13 23:23:35.869754,Toronto-4855,-2,36,Normal
2026-02-13 23:23:36.869754,Toronto-4855,28,96,Normal
2026-02-13 23:23:37.869754,Toronto-4855,44,59,Normal
2026-02-13 23:23:38.869754,Toronto-4855,-5,55,Normal
2026-02-13 23:23:39.869754,Toronto-4855,12,16,Normal
2026-02-13 23:23:40.869754,Toronto-4855,18,90,Normal
2026-02-13 23:23:41.869754,Toronto-4855,19,58,Normal
2026-02-13 23:23:42.869754,Toronto-4855,37,69,Normal
2026-02-13 23:23:43.869754,Toronto-4855,43,66,Normal
2026-02-13 23:23:44.869754,Toronto-4855,14,91,Normal
2026-02-13 23:23:45.869754,Toronto-4855,-19,13,Normal
2026-02-13 23:23:46.869754,Toronto-4855,45,82,Normal
2026-02-13 23:23:47.869754,Toronto-4855,-9,77,Normal
2026-02-13 23:23:48.869754,Toronto-4855,26,43,Normal
2026-02-13 23:23:49.869754,Toronto-4855,-26,15,Normal
2026-02-13 23:23:50.869754,Toronto-4855,-2,36,Normal
2026-02-13 23:23:51.869754,Toronto-4855,-28,53,Normal
2026-02-13 23:23:52.869754,Toronto-4855,-1,35,Normal
2026-02-13 23:23:53.869754,Toronto-4855,-4,74,Normal
2026-02-13 23:23:54.869754,Toronto-4855,-13,93,Normal
2026-02-13 23:23:55.869754,Toronto-4855,7,69,Normal
2026-02-13 23:23:56.869754,Toronto-4855,36,2,Normal
2026-02-13 23:23:57.869754,Toronto-4855,7,44,Normal
2026-02-13 23:23:58.869754,Toronto-4855,-26,68,Normal
2026-02-13 23:23:59.869754,Toronto-4855,-7,65,Normal
2026-02-13 23:24:00.869754,Toronto-4855,-11,36,Normal
2026-02-13 23:24:01.869754,Toronto-4855,15,79,Normal
2026-02-13 23:24:02.869754,Toronto-4855,-22,33,Normal
2026-02-13 23:24:03.869754,Toronto-4855,-6,70,Normal
2026-02-13 23:24:04.869754,Toronto-4855,27,17,Normal
2026-02-13 23:24:05.869754,Toronto-4855,15,4,Normal
2026-02-13 23:24:06.869754,Toronto-4855,8,24,Normal
2026-02-13 23:24:07.869754,Toronto-4855,31,2,Normal
2026-02-13 23:24:08.869754,Toronto-4855,15,23,Normal
2026-02-13 23:24:09.869754,Toronto-4855,9,57,Normal
2026-02-13 23:24:10.869754,Toronto-4855,-14,54,Normal
2026-02-13 23:24:11.869754,Toronto-4855,-13,67,Normal
2026-02-13 23:24:12.869754,Toronto-4855,8,11,Normal
2026-02-13 23:24:13.869754,Toronto-4855,0,3,Normal
2026-02-13 23:24:14.869754,Toronto-4855,27,31,Normal
2026-02-13 23:24:15.869754,Toronto-4855,24,75,Normal
2026-02-13 23:24:16.869754,Toronto-4855,45,13,Normal
2026-02-13 23:24:17.869754,Toronto-4855,32,69,Normal
2026-02-13 23:24:18.869754,Toronto-4855,7,96,Normal
2026-02-13 23:24:19.869754,Toronto-4855,37,1,Normal
2026-02-13 23:24:20.869754,Toronto-4855,-22,78,Normal
2026-02-13 23:24:21.869754,Toronto-4855,-23,97,Normal
2026-02-13 23:24:22.869754,Toronto-4855,14,58,Normal
2026-02-13 23:24:23.869754,Toronto-4855,4,29,Normal
2026-02-13 23:24:24.869754,Toronto-4855,30,32,Normal
2026-02-13 23:24:25.869754,Toronto-4855,10,75,Normal
2026-02-13 23:24:26.869754,Toronto-4855,49,97,Normal
2026-02-13 23:24:27.869754,Toronto-4855,-23,35,Normal
2026-02-13 23:24:28.869754,Toronto-4855,-4,97,Normal
2026-02-13 23:24:29.869754,Toronto-4855,19,22,Normal
2026-02-13 23:24:30.869754,Toronto-4855,-13,11,Normal
2026-02-13 23:24:31.869754,Toronto-4855,-10,77,Normal
2026-02-13 23:24:32.869754,Toronto-4855,-23,55,Normal
2026-02-13 23:24:33.869754,Toronto-4855,42,73,Normal
2026-02-13 23:24:34.869754,Toronto-4855,23,18,Normal
2026-02-13 23:24:35.869754,Toronto-4855,-6,50,Normal
2026-02-13 23:24:36.869754,Toronto-4855,9,63,Normal
2026-02-13 23:24:37.869754,Toronto-4855,30,20,Normal
2026-02-13 23:24:38.869754,Toronto-4855,-11,41,Normal
2026-02-13 23:24:39.869754,Toronto-4855,-15,77,Normal
2026-02-13 23:24:40.869754,Toronto-4855,26,3,Normal
2026-02-13 23:24:41.869754,Toronto-4855,-4,14,Normal
2026-02-13 23:24:42.869754,Toronto-4855,1,56,Normal
2026-02-13 23:24:43.869754,Toronto-4855,13,23,Normal
2026-02-13 23:24:44.869754,Toronto-4855,41,83,Normal
2026-02-13 23:24:45.869754,Toronto-4855,46,31,Normal
2026-02-13 23:24:46.869754,Toronto-4855,43,20,Normal
2026-02-13 23:24:47.869754,Toronto-4855,38,72,Normal
2026-02-13 23:24:48.869754,Toronto-4855,-2,74,Normal
2026-02-13 23:24:49.869754,Toronto-4855,-24,79,Normal
2026-02-13 23:24:50.869754,Toronto-4855,5,52,Normal
2026-02-13 23:24:51.869754,Toronto-4855,12,10,Normal
2026-02-13 23:24:52.869754,Toronto-4855,42,67,Normal
2026-02-13 23:24:53.869754,Toronto-4855,18,22,Normal
2026-02-13 23:24:54.869754,Toronto-4855,-25,24,Normal
2026-02-13 23:24:55.869754,Toronto-4855,50,80,Normal
2026-02-13 23:24:56.869754,Toronto-4855,36,4,Normal
2026-02-13 23:24:57.869754,Toronto-4855,-15,26,Normal
2026-02-13 23:24:58.869754,Toronto-4855,20,51,Normal
2026-02-13 23:24:59.869754,Toronto-4855,-1,93,Normal
2026-02-13 23:25:00.869754,Toronto-4855,27,52,Normal
2026-02-13 23:25:01.869754,Toronto-4855,-28,48,Normal
2026-02-13 23:25:02.869754,Toronto-4855,4,89,Normal
2026-02-13 23:25:03.869754,Toronto-4855,-9,93,Normal
2026-02-13 23:25:04.869754,Toronto-4855,29,96,Normal
2026-02-13 23:25:05.869754,Toronto-4855,-29,91,Normal
2026-02-13 23:25:06.869754,Toronto-4855,34,82,Normal
2026-02-13 23:25:07.869754,Toronto-4855,-7,81,Normal
2026-02-13 23:25:08.869754,Toronto-4855,28,60,Normal
2026-02-13 23:25:09.869754,Toronto-4855,-14,59,Normal
2026-02-13 23:25:10.869754,Toronto-4855,2,59,Normal
2026-02-13 23:25:11.869754,Toronto-4855,44,90,Normal
2026-02-13 23:25:12.869754,Toronto-4855,5,53,Normal
2026-02-13 23:25:13.869754,Toronto-4855,0,5,Normal
2026-02-13 23:25:14.869754,Toronto-4855,46,56,Normal
2026-02-13 23:25:15.869754,Toronto-4855,11,16,Normal
2026-02-13 23:25:16.869754,Toronto-4855,26,6,Normal
2026-02-13 23:25:17.869754,Toronto-4855,-6,98,Normal
2026-02-13 23:25:18.869754,Toronto-4855,29,98,Normal
2026-02-13 23:25:19.869754,Toronto-4855,33,9,Normal
2026-02-13 23:25:20.869754,Toronto-4855,-11,95,Normal
2026-02-13 23:25:21.869754,Toronto-4855,36,63,Normal
2026-02-13 23:25:22.869754,Toronto-4855,-27,68,Normal
2026-02-13 23:25:23.869754,Toronto-4855,-11,51,Normal
2026-02-13 23:25:24.869754,Toronto-4855,1,16,Normal
2026-02-13 23:25:25.869754,Toronto-4855,-14,86,Normal
2026-02-13 23:25:26.869754,Toronto-4855,44,99,Normal
2026-02-13 23:25:27.869754,Toronto-4855,-30,47,Normal
2026-02-13 23:25:28.869754,Toronto-4855,9,61,Normal
2026-02-13 23:25:29.869754,Toronto-4855,-3,93,Normal
2026-02-13 23:25:30.869754,Toronto-4855,9,1,Normal
2026-02-13 23:25:31.869754,Toronto-4855,16,47,Normal
2026-02-13 23:25:32.869754,Toronto-4855,-8,31,Normal
2026-02-13 23:25:33.869754,Toronto-4855,-16,14,Normal
2026-02-13 23:25:34.869754,Toronto-4855,50,56,Normal
2026-02-13 23:25:35.869754,Toronto-4855,-25,100,Normal
2026-02-13 23:25:36.869754,Toronto-4855,8,13,Normal
2026-02-13 23:25:37.869754,Toronto-4855,38,16,Normal
2026-02-13 23:25:38.869754,Toronto-4855,-9,1,Normal
2026-02-13 23:25:39.869754,Toronto-4855,-4,44,Normal
2026-02-13 23:25:40.869754,Toronto-4855,-5,91,Normal
2026-02-13 23:25:41.869754,Toronto-4855,-21,35,Normal
2026-02-13 23:25:42.869754,Toronto-4855,-6,26,Normal
2026-02-13 23:25:43.869754,Toronto-4855,34,45,Normal
2026-02-13 23:25:44.869754,Toronto-4855,15,37,Normal
2026-02-13 23:25:45.869754,Toronto-4855,12,50,Normal
2026-02-13 23:25:46.869754,Toronto-4855,4,34,Normal
2026-02-13 23:25:47.869754,Toronto-4855,-1,16,Normal
2026-02-13 23:25:48.869754,Toronto-4855,35,57,Normal
2026-02-13 23:25:49.869754,Toronto-4855,9,74,Normal
2026-02-13 23:25:50.869754,Toronto-4855,1,24,Normal
2026-02-13 23:25:51.869754,Toronto-4855,26,24,Normal
2026-02-13 23:25:52.869754,Toronto-4855,39,29,Normal
2026-02-13 23:25:53.869754,Toronto-4855,10,89,Normal
2026-02-13 23:25:54.869754,Toronto-4855,-25,41,Normal
2026-02-13 23:25:55.869754,Toronto-4855,-4,53,Normal
2026-02-13 23:25:56.869754,Toronto-4855,30,58,Normal
2026-02-13 23:25:57.869754,Toronto-4855,46,9,Normal
2026-02-13 23:25:58.869754,Toronto-4855,-6,31,Normal
2026-02-13 23:25:59.869754,Toronto-4855,19,22,Normal
2026-02-13 23:26:00.869754,Toronto-4855,29,23,Normal
2026-02-13 23:26:01.869754,Toronto-4855,25,37,Normal
2026-02-13 23:26:02.869754,Toronto-4855,-10,15,Normal
2026-02-13 23:26:03.869754,Toronto-4855,-11,96,Normal
2026-02-13 23:26:04.869754,Toronto-4855,29,36,Normal
2026-02-13 23:26:05.869754,Toronto-4855,11,53,Normal
2026-02-13 23:26:06.869754,Toronto-4855,23,26,Normal
2026-02-13 23:26:07.869754,Toronto-4855,2,48,Normal
2026-02-13 23:26:08.869754,Toronto-4855,29,53,Normal
2026-02-13 23:26:09.869754,Toronto-4855,-28,3,Normal
2026-02-13 23:26:10.869754,Toronto-4855,21,100,Normal
2026-02-13 23:26:11.869754,Toronto-4855,1,97,Normal
2026-02-13 23:26:12.869754,Toronto-4855,-26,88,Normal
2026-02-13 23:26:13.869754,Toronto-4855,-10,41,Normal
2026-02-13 23:26:14.869754,Toronto-4855,24,92,Normal
2026-02-13 23:26:15.869754,Toronto-4855,22,37,Normal
2026-02-13 23:26:16.869754,Toronto-4855,-8,68,Normal
2026-02-13 23:26:17.869754,Toronto-4855,23,12,Normal
2026-02-13 23:26:18.869754,Toronto-4855,1,99,Normal
2026-02-13 23:26:19.869754,Toronto-4855,42,26,Normal
2026-02-13 23:26:20.869754,Toronto-4855,-14,11,Normal
2026-02-13 23:26:21.869754,Toronto-4855,4,61,Normal
2026-02-13 23:26:22.869754,Toronto-4855,9,55,Normal
2026-02-13 23:26:23.869754,Toronto-4855,-19,67,Normal
2026-02-13 23:26:24.869754,Toronto-4855,34,21,Normal
2026-02-13 23:26:25.869754,Toronto-4855,44,4,Normal
2026-02-13 23:26:26.869754,Toronto-4855,-22,33,Normal
2026-02-13 23:26:27.869754,Toronto-4855,9,54,Normal
2026-02-13 23:26:28.869754,Toronto-4855,-20,5,Normal
2026-02-13 23:26:29.869754,Toronto-4855,-5,77,Normal
2026-02-13 23:26:30.869754,Toronto-4855,18,84,Normal
2026-02-13 23:26:31.869754,Toronto-4855,42,19,Normal
2026-02-13 23:26:32.869754,Toronto-4855,-2,68,Normal
2026-02-13 23:26:33.869754,Toronto-4855,-26,3,Normal
2026-02-13 23:26:34.869754,Toronto-4855,16,54,Normal
2026-02-13 23:26:35.869754,Toronto-4855,-3,0,Normal
2026-02-13 23:26:36.869754,Toronto-4855,40,97,Normal
2026-02-13 23:26:37.869754,Toronto-4855,-22,39,Normal
2026-02-13 23:26:38.869754,Toronto-4855,18,23,Normal
2026-02-13 23:26:39.869754,Toronto-4855,-15,80,Normal
2026-02-13 23:26:40.869754,Toronto-4855,-27,92,Normal
2026-02-13 23:26:41.869754,Toronto-4855,5,25,Normal
2026-02-13 23:26:42.869754,Toronto-4855,-23,66,Normal
2026-02-13 23:26:43.869754,Toronto-4855,39,19,Normal
2026-02-13 23:26:44.869754,Toronto-4855,-6,56,Normal
2026-02-13 23:26:45.869754,Toronto-4855,-1,37,Normal
2026-02-13 23:26:46.869754,Toronto-4855,32,7,Normal
2026-02-13 23:26:47.869754,Toronto-4855,50,4,Normal
2026-02-13 23:26:48.869754,Toronto-4855,-6,67,Normal
2026-02-13 23:26:49.869754,Toronto-4855,-21,24,Normal
2026-02-13 23:26:50.869754,Toronto-4855,47,62,Normal
2026-02-13 23:26:51.869754,Toronto-4855,-10,48,Normal
2026-02-13 23:26:52.869754,Toronto-4855,-28,56,Normal
2026-02-13 23:26:53.869754,Toronto-4855,45,43,Normal
2026-02-13 23:26:54.869754,Toronto-4855,43,56,Normal
2026-02-13 23:26:55.869754,Toronto-4855,23,33,Normal
2026-02-13 23:26:56.869754,Toronto-4855,5,10,Normal
2026-02-13 23:26:57.869754,Toronto-4855,38,65,Normal
2026-02-13 23:26:58.869754,Toronto-4855,-23,60,Normal
2026-02-13 23:26:59.869754,Toronto-4855,28,95,Normal
2026-02-13 23:27:00.869754,Toronto-4855,-27,48,Normal
2026-02-13 23:27:01.869754,Toronto-4855,37,27,Normal
2026-02-13 23:27:02.869754,Toronto-4855,23,38,Normal
2026-02-13 23:27:03.869754,Toronto-4855,-8,47,Normal
2026-02-13 23:27:04.869754,Toronto-4855,-21,44,Normal
2026-02-13 23:27:05.869754,Toronto-4855,35,17,Normal
2026-02-13 23:27:06.869754,Toronto-4855,-17,20,Normal
2026-02-13 23:27:07.869754,Toronto-4855,5,11,Normal
2026-02-13 23:27:08.869754,Toronto-4855,16,25,Normal
2026-02-13 23:27:09.869754,Toronto-4855,-7,82,Normal
2026-02-13 23:27:10.869754,Toronto-4855,17,26,Normal
2026-02-13 23:27:11.869754,Toronto-4855,-19,45,Normal
2026-02-13 23:27:12.869754,Toronto-4855,26,52,Normal
2026-02-13 23:27:13.869754,Toronto-4855,43,91,Normal
2026-02-13 23:27:14.869754,Toronto-4855,31,19,Normal
2026-02-13 23:27:15.869754,Toronto-4855,-22,49,Normal
2026-02-13 23:27:16.869754,Toronto-4855,10,15,Normal
2026-02-13 23:27:17.869754,Toronto-4855,19,72,Normal
2026-02-13 23:27:18.869754,Toronto-4855,-27,65,Normal
2026-02-13 23:27:19.869754,Toronto-4855,26,35,Normal
2026-02-13 23:27:20.869754,Toronto-4855,44,8,Normal
2026-02-13 23:27:21.869754,Toronto-4855,21,73,Normal
2026-02-13 23:27:22.869754,Toronto-4855,-24,87,Normal
2026-02-13 23:27:23.869754,Toronto-4855,38,100,Normal
2026-02-13 23:27:24.869754,Toronto-4855,46,2,Normal
2026-02-13 23:27:25.869754,Toronto-4855,-8,24,Normal
2026-02-13 23:27:26.869754,Toronto-4855,9,12,Normal
2026-02-13 23:27:27.869754,Toronto-4855,21,44,Normal
2026-02-13 23:27:28.869754,Toronto-4855,40,60,Normal
2026-02-13 23:27:29.869754,Toronto-4855,30,43,Normal
2026-02-13 23:27:30.869754,Toronto-4855,-11,18,Normal
2026-02-13 23:27:31.869754,Toronto-4855,35,88,Normal
2026-02-13 23:27:32.869754,Toronto-4855,33,87,Normal
2026-02-13 23:27:33.869754,Toronto-4855,1,51,Normal
2026-02-13 23:27:34.869754,Toronto-4855,-29,51,Normal
2026-02-13 23:27:35.869754,Toronto-4855,-29,39,Normal
2026-02-13 23:27:36.869754,Toronto-4855,-27,3,Normal
2026-02-13 23:27:37.869754,Toronto-4855,39,61,Normal
2026-02-13 23:27:38.869754,Toronto-4855,-9,27,Normal
2026-02-13 23:27:39.869754,Toronto-4855,36,38,Normal
2026-02-13 23:27:40.869754,Toronto-4855,17,66,Normal
2026-02-13 23:27:41.869754,Toronto-4855,8,30,Normal
2026-02-13 23:27:42.869754,Toronto-4855,11,83,Normal
2026-02-13 23:27:43.869754,Toronto-4855,-21,83,Normal
2026-02-13 23:27:44.869754,Toronto-4855,37,25,Normal
2026-02-13 23:27:45.869754,Toronto-4855,-23,43,Normal
2026-02-13 23:27:46.869754,Toronto-4855,-28,95,Normal
2026-02-13 23:27:47.869754,Toronto-4855,-25,72,Normal
2026-02-13 23:27:48.869754,Toronto-4855,-24,44,Normal
2026-02-13 23:27:49.869754,Toronto-4855,21,34,Normal
2026-02-13 23:27:50.869754,Toronto-4855,-15,51,Normal
2026-02-13 23:27:51.869754,Toronto-4855,15,91,Normal
2026-02-13 23:27:52.869754,Toronto-4855,-25,21,Normal
2026-02-13 23:27:53.869754,Toronto-4855,15,26,Normal
2026-02-13 23:27:54.869754,Toronto-4855,-15,98,Normal
2026-02-13 23:27:55.869754,Toronto-4855,-24,66,Normal
2026-02-13 23:27:56.869754,Toronto-4855,43,49,Normal
2026-02-13 23:27:57.869754,Toronto-4855,50,49,Normal
2026-02-13 23:27:58.869754,Toronto-4855,3,67,Normal
2026-02-13 23:27:59.869754,Toronto-4855,21,71,Normal
2026-02-13 23:28:00.869754,Toronto-4855,50,99,Normal
2026-02-13 23:28:01.869754,Toronto-4855,23,94,Normal
2026-02-13 23:28:02.869754,Toronto-4855,34,24,Normal
2026-02-13 23:28:03.869754,Toronto-4855,32,33,Normal
2026-02-13 23:28:04.869754,Toronto-4855,32,35,Normal
2026-02-13 23:28:05.869754,Toronto-4855,45,76,Normal
2026-02-13 23:28:06.869754,Toronto-4855,-27,100,Normal
2026-02-13 23:28:07.869754,Toronto-4855,-21,17,Normal
2026-02-13 23:28:08.869754,Toronto-4855,8,42,Normal
2026-02-13 23:28:09.869754,Toronto-4855,18,27,Normal
2026-02-13 23:28:10.869754,Toronto-4855,-20,66,Normal
2026-02-13 23:28:11.869754,Toronto-4855,-14,49,Normal
2026-02-13 23:28:12.869754,Toronto-4855,-26,44,Normal
2026-02-13 23:28:13.869754,Toronto-4855,30,81,Normal
