timestamp,station_id,temp,humid,condition
2026-04-27 19:53:38.135187,Berlin-d388,35,90,Normal
2026-04-27 19:53:39.135187,Berlin-d388,24,1,Normal
2026-04-27 19:53:40.135187,Berlin-d388,11,92,Normal
2026-04-27 19:53:41.135187,Berlin-d388,36,91,Normal
2026-04-27 19:53:42.135187,Berlin-d388,35,61,Normal
2026-04-27 19:53:43.135187,Berlin-d388,0,80,Normal
2026-04-27 19:53:44.135187,Berlin-d388,28,83,Normal
2026-04-27 19:53:45.135187,Berlin-d388,-23,94,Normal
2026-04-27 19:53:46.135187,Berlin-d388,-28,42,Normal
2026-04-27 19:53:47.135187,Berlin-d388,47,61,Normal
2026-04-27 19:53:48.135187,Berlin-d388,13,10,Normal
2026-04-27 19:53:49.135187,Berlin-d388,4,4,Normal
2026-04-27 19:53:50.135187,Berlin-d388,24,56,Normal
2026-04-27 19:53:51.135187,Berlin-d388,42,54,Normal
2026-04-27 19:53:52.135187,Berlin-d388,-6,13,Normal
2026-04-27 19:53:53.135187,Berlin-d388,3,35,Normal
2026-04-27 19:53:54.135187,Berlin-d388,13,40,Normal
2026-04-27 19:53:55.135187,Berlin-d388,8,10,Normal
2026-04-27 19:53:56.135187,Berlin-d388,-9,17,Normal
2026-04-27 19:53:57.135187,Berlin-d388,-2,66,Normal
2026-04-27 19:53:58.135187,Berlin-d388,-11,81,Normal
2026-04-27 19:53:59.135187,Berlin-d388,-30,11,Normal
2026-04-27 19:54:00.135187,Berlin-d388,29,12,Normal
2026-04-27 19:54:01.135187,Berlin-d388,8,71,Normal
2026-04-27 19:54:02.135187,Berlin-d388,41,15,Normal
2026-04-27 19:54:03.135187,Berlin-d388,-29,5,Normal
2026-04-27 19:54:04.135187,Berlin-d388,29,3,Normal
2026-04-27 19:54:05.135187,Berlin-d388,8,2,Normal
2026-04-27 19:54:06.135187,Berlin-d388,-14,33,Normal
2026-04-27 19:54:07.135187,Berlin-d388,8,86,Normal
2026-04-27 19:54:08.135187,Berlin-d388,-18,34,Normal
2026-04-27 19:54:09.135187,Berlin-d388,-11,78,Normal
2026-04-27 19:54:10.135187,Berlin-d388,-1,67,Normal
2026-04-27 19:54:11.135187,Berlin-d388,-1,40,Normal
2026-04-27 19:54:12.135187,Berlin-d388,20,81,Normal
2026-04-27 19:54:13.135187,Berlin-d388,12,74,Normal
2026-04-27 19:54:14.135187,Berlin-d388,-4,13,Normal
2026-04-27 19:54:15.135187,Berlin-d388,-21,4,Normal
2026-04-27 19:54:16.135187,Berlin-d388,19,67,Normal
2026-04-27 19:54:17.135187,Berlin-d388,21,57,Normal
2026-04-27 19:54:18.135187,Berlin-d388,7,39,Normal
2026-04-27 19:54:19.135187,Berlin-d388,7,6,Normal
2026-04-27 19:54:20.135187,Berlin-d388,-10,24,Normal
2026-04-27 19:54:21.135187,Berlin-d388,50,38,Normal
2026-04-27 19:54:22.135187,Berlin-d388,-2,14,Normal
2026-04-27 19:54:23.135187,Berlin-d388,-16,72,Normal
2026-04-27 19:54:24.135187,Berlin-d388,3,0,Normal
2026-04-27 19:54:25.135187,Berlin-d388,19,96,Normal
2026-04-27 19:54:26.135187,Berlin-d388,-10,56,Normal
2026-04-27 19:54:27.135187,Berlin-d388,-25,14,Normal
2026-04-27 19:54:28.135187,Berlin-d388,38,26,Normal
2026-04-27 19:54:29.135187,Berlin-d388,49,76,Normal
2026-04-27 19:54:30.135187,Berlin-d388,-9,58,Normal
2026-04-27 19:54:31.135187,Berlin-d388,5,2,Normal
2026-04-27 19:54:32.135187,Berlin-d388,25,16,Normal
2026-04-27 19:54:33.135187,Berlin-d388,0,48,Normal
2026-04-27 19:54:34.135187,Berlin-d388,0,36,Normal
2026-04-27 19:54:35.135187,Berlin-d388,16,80,Normal
2026-04-27 19:54:36.135187,Berlin-d388,11,62,Normal
2026-04-27 19:54:37.135187,Berlin-d388,-1,99,Normal
2026-04-27 19:54:38.135187,Berlin-d388,45,76,Normal
2026-04-27 19:54:39.135187,Berlin-d388,0,0,Normal
2026-04-27 19:54:40.135187,Berlin-d388,45,58,Normal
2026-04-27 19:54:41.135187,Berlin-d388,-21,49,Normal
2026-04-27 19:54:42.135187,Berlin-d388,3,33,Normal
2026-04-27 19:54:43.135187,Berlin-d388,21,29,Normal
2026-04-27 19:54:44.135187,Berlin-d388,48,9,Normal
2026-04-27 19:54:45.135187,Berlin-d388,39,88,Normal
2026-04-27 19:54:46.135187,Berlin-d388,40,90,Normal
2026-04-27 19:54:47.135187,Berlin-d388,49,74,Normal
2026-04-27 19:54:48.135187,Berlin-d388,-1,93,Normal
2026-04-27 19:54:49.135187,Berlin-d388,-15,23,Normal
2026-04-27 19:54:50.135187,Berlin-d388,-30,76,Normal
2026-04-27 19:54:51.135187,Berlin-d388,-19,8,Normal
2026-04-27 19:54:52.135187,Berlin-d388,-28,82,Normal
2026-04-27 19:54:53.135187,Berlin-d388,-14,39,Normal
2026-04-27 19:54:54.135187,Berlin-d388,10,33,Normal
2026-04-27 19:54:55.135187,Berlin-d388,-8,75,Normal
2026-04-27 19:54:56.135187,Berlin-d388,27,55,Normal
2026-04-27 19:54:57.135187,Berlin-d388,33,96,Normal
2026-04-27 19:54:58.135187,Berlin-d388,-19,71,Normal
2026-04-27 19:54:59.135187,Berlin-d388,23,98,Normal
2026-04-27 19:55:00.135187,Berlin-d388,34,49,Normal
2026-04-27 19:55:01.135187,Berlin-d388,7,11,Normal
2026-04-27 19:55:02.135187,Berlin-d388,-20,55,Normal
2026-04-27 19:55:03.135187,Berlin-d388,-25,92,Normal
2026-04-27 19:55:04.135187,Berlin-d388,-20,90,Normal
2026-04-27 19:55:05.135187,Berlin-d388,10,27,Normal
2026-04-27 19:55:06.135187,Berlin-d388,21,77,Normal
2026-04-27 19:55:07.135187,Berlin-d388,36,15,Normal
2026-04-27 19:55:08.135187,Berlin-d388,27,54,Normal
2026-04-27 19:55:09.135187,Berlin-d388,-12,22,Normal
2026-04-27 19:55:10.135187,Berlin-d388,20,97,Normal
2026-04-27 19:55:11.135187,Berlin-d388,4,25,Normal
2026-04-27 19:55:12.135187,Berlin-d388,25,75,Normal
2026-04-27 19:55:13.135187,Berlin-d388,-12,58,Normal
2026-04-27 19:55:14.135187,Berlin-d388,33,54,Normal
2026-04-27 19:55:15.135187,Berlin-d388,30,91,Normal
2026-04-27 19:55:16.135187,Berlin-d388,-9,27,Normal
2026-04-27 19:55:17.135187,Berlin-d388,-28,3,Normal
2026-04-27 19:55:18.135187,Berlin-d388,10,92,Normal
2026-04-27 19:55:19.135187,Berlin-d388,-27,13,Normal
2026-04-27 19:55:20.135187,Berlin-d388,-10,96,Normal
2026-04-27 19:55:21.135187,Berlin-d388,50,47,Normal
2026-04-27 19:55:22.135187,Berlin-d388,26,51,Normal
2026-04-27 19:55:23.135187,Berlin-d388,-6,76,Normal
2026-04-27 19:55:24.135187,Berlin-d388,44,46,Normal
2026-04-27 19:55:25.135187,Berlin-d388,30,30,Normal
2026-04-27 19:55:26.135187,Berlin-d388,9,68,Normal
2026-04-27 19:55:27.135187,Berlin-d388,28,64,Normal
2026-04-27 19:55:28.135187,Berlin-d388,-4,3,Normal
2026-04-27 19:55:29.135187,Berlin-d388,44,73,Normal
2026-04-27 19:55:30.135187,Berlin-d388,32,24,Normal
2026-04-27 19:55:31.135187,Berlin-d388,-17,52,Normal
2026-04-27 19:55:32.135187,Berlin-d388,7,71,Normal
2026-04-27 19:55:33.135187,Berlin-d388,-4,72,Normal
2026-04-27 19:55:34.135187,Berlin-d388,33,71,Normal
2026-04-27 19:55:35.135187,Berlin-d388,18,63,Normal
2026-04-27 19:55:36.135187,Berlin-d388,37,41,Normal
2026-04-27 19:55:37.135187,Berlin-d388,40,35,Normal
2026-04-27 19:55:38.135187,Berlin-d388,13,77,Normal
2026-04-27 19:55:39.135187,Berlin-d388,5,41,Normal
2026-04-27 19:55:40.135187,Berlin-d388,0,24,Normal
2026-04-27 19:55:41.135187,Berlin-d388,19,82,Normal
2026-04-27 19:55:42.135187,Berlin-d388,22,55,Normal
2026-04-27 19:55:43.135187,Berlin-d388,12,8,Normal
2026-04-27 19:55:44.135187,Berlin-d388,49,15,Normal
2026-04-27 19:55:45.135187,Berlin-d388,21,38,Normal
2026-04-27 19:55:46.135187,Berlin-d388,40,48,Normal
2026-04-27 19:55:47.135187,Berlin-d388,-21,98,Normal
2026-04-27 19:55:48.135187,Berlin-d388,12,54,Normal
2026-04-27 19:55:49.135187,Berlin-d388,16,23,Normal
2026-04-27 19:55:50.135187,Berlin-d388,-27,49,Normal
2026-04-27 19:55:51.135187,Berlin-d388,36,77,Normal
2026-04-27 19:55:52.135187,Berlin-d388,-17,76,Normal
2026-04-27 19:55:53.135187,Berlin-d388,-24,57,Normal
2026-04-27 19:55:54.135187,Berlin-d388,1,44,Normal
2026-04-27 19:55:55.135187,Berlin-d388,-13,39,Normal
2026-04-27 19:55:56.135187,Berlin-d388,38,70,Normal
2026-04-27 19:55:57.135187,Berlin-d388,49,39,Normal
2026-04-27 19:55:58.135187,Berlin-d388,42,76,Normal
2026-04-27 19:55:59.135187,Berlin-d388,13,46,Normal
2026-04-27 19:56:00.135187,Berlin-d388,25,31,Normal
2026-04-27 19:56:01.135187,Berlin-d388,22,50,Normal
2026-04-27 19:56:02.135187,Berlin-d388,-4,100,Normal
2026-04-27 19:56:03.135187,Berlin-d388,40,86,Normal
2026-04-27 19:56:04.135187,Berlin-d388,-24,9,Normal
2026-04-27 19:56:05.135187,Berlin-d388,11,97,Normal
2026-04-27 19:56:06.135187,Berlin-d388,-5,93,Normal
2026-04-27 19:56:07.135187,Berlin-d388,25,59,Normal
2026-04-27 19:56:08.135187,Berlin-d388,-19,16,Normal
2026-04-27 19:56:09.135187,Berlin-d388,9,14,Normal
2026-04-27 19:56:10.135187,Berlin-d388,46,86,Normal
2026-04-27 19:56:11.135187,Berlin-d388,5,4,Normal
2026-04-27 19:56:12.135187,Berlin-d388,40,74,Normal
2026-04-27 19:56:13.135187,Berlin-d388,17,54,Normal
2026-04-27 19:56:14.135187,Berlin-d388,6,82,Normal
2026-04-27 19:56:15.135187,Berlin-d388,13,55,Normal
2026-04-27 19:56:16.135187,Berlin-d388,19,23,Normal
2026-04-27 19:56:17.135187,Berlin-d388,20,66,Normal
2026-04-27 19:56:18.135187,Berlin-d388,42,97,Normal
2026-04-27 19:56:19.135187,Berlin-d388,36,67,Normal
2026-04-27 19:56:20.135187,Berlin-d388,-16,51,Normal
2026-04-27 19:56:21.135187,Berlin-d388,11,80,Normal
2026-04-27 19:56:22.135187,Berlin-d388,4,50,Normal
2026-04-27 19:56:23.135187,Berlin-d388,21,98,Normal
2026-04-27 19:56:24.135187,Berlin-d388,-18,27,Normal
2026-04-27 19:56:25.135187,Berlin-d388,44,88,Normal
2026-04-27 19:56:26.135187,Berlin-d388,41,76,Normal
2026-04-27 19:56:27.135187,Berlin-d388,19,76,Normal
2026-04-27 19:56:28.135187,Berlin-d388,-27,87,Normal
2026-04-27 19:56:29.135187,Berlin-d388,14,2,Normal
2026-04-27 19:56:30.135187,Berlin-d388,18,33,Normal
2026-04-27 19:56:31.135187,Berlin-d388,34,17,Normal
2026-04-27 19:56:32.135187,Berlin-d388,23,58,Normal
2026-04-27 19:56:33.135187,Berlin-d388,12,87,Normal
2026-04-27 19:56:34.135187,Berlin-d388,15,64,Normal
2026-04-27 19:56:35.135187,Berlin-d388,-17,22,Normal
2026-04-27 19:56:36.135187,Berlin-d388,3,0,Normal
2026-04-27 19:56:37.135187,Berlin-d388,23,83,Normal
2026-04-27 19:56:38.135187,Berlin-d388,-11,8,Normal
2026-04-27 19:56:39.135187,Berlin-d388,29,70,Normal
2026-04-27 19:56:40.135187,Berlin-d388,-4,90,Normal
2026-04-27 19:56:41.135187,Berlin-d388,3,35,Normal
2026-04-27 19:56:42.135187,Berlin-d388,-6,87,Normal
2026-04-27 19:56:43.135187,Berlin-d388,43,88,Normal
2026-04-27 19:56:44.135187,Berlin-d388,38,83,Normal
2026-04-27 19:56:45.135187,Berlin-d388,-9,23,Normal
2026-04-27 19:56:46.135187,Berlin-d388,16,71,Normal
2026-04-27 19:56:47.135187,Berlin-d388,36,36,Normal
2026-04-27 19:56:48.135187,Berlin-d388,-16,60,Normal
2026-04-27 19:56:49.135187,Berlin-d388,37,4,Normal
2026-04-27 19:56:50.135187,Berlin-d388,38,60,Normal
2026-04-27 19:56:51.135187,Berlin-d388,7,32,Normal
2026-04-27 19:56:52.135187,Berlin-d388,2,70,Normal
2026-04-27 19:56:53.135187,Berlin-d388,23,68,Normal
2026-04-27 19:56:54.135187,Berlin-d388,-19,15,Normal
2026-04-27 19:56:55.135187,Berlin-d388,-14,23,Normal
2026-04-27 19:56:56.135187,Berlin-d388,-25,30,Normal
2026-04-27 19:56:57.135187,Berlin-d388,-14,40,Normal
2026-04-27 19:56:58.135187,Berlin-d388,36,0,Normal
2026-04-27 19:56:59.135187,Berlin-d388,-18,67,Normal
2026-04-27 19:57:00.135187,Berlin-d388,18,89,Normal
2026-04-27 19:57:01.135187,Berlin-d388,15,52,Normal
2026-04-27 19:57:02.135187,Berlin-d388,38,13,Normal
2026-04-27 19:57:03.135187,Berlin-d388,15,1,Normal
2026-04-27 19:57:04.135187,Berlin-d388,-6,78,Normal
2026-04-27 19:57:05.135187,Berlin-d388,14,48,Normal
2026-04-27 19:57:06.135187,Berlin-d388,6,54,Normal
2026-04-27 19:57:07.135187,Berlin-d388,-11,18,Normal
2026-04-27 19:57:08.135187,Berlin-d388,1,80,Normal
2026-04-27 19:57:09.135187,Berlin-d388,31,90,Normal
2026-04-27 19:57:10.135187,Berlin-d388,50,3,Normal
2026-04-27 19:57:11.135187,Berlin-d388,-25,86,Normal
2026-04-27 19:57:12.135187,Berlin-d388,-21,77,Normal
2026-04-27 19:57:13.135187,Berlin-d388,27,42,Normal
2026-04-27 19:57:14.135187,Berlin-d388,35,21,Normal
2026-04-27 19:57:15.135187,Berlin-d388,16,14,Normal
2026-04-27 19:57:16.135187,Berlin-d388,1,34,Normal
2026-04-27 19:57:17.135187,Berlin-d388,-6,48,Normal
2026-04-27 19:57:18.135187,Berlin-d388,14,41,Normal
2026-04-27 19:57:19.135187,Berlin-d388,50,16,Normal
2026-04-27 19:57:20.135187,Berlin-d388,25,25,Normal
2026-04-27 19:57:21.135187,Berlin-d388,12,2,Normal
2026-04-27 19:57:22.135187,Berlin-d388,16,39,Normal
2026-04-27 19:57:23.135187,Berlin-d388,-2,73,Normal
2026-04-27 19:57:24.135187,Berlin-d388,-3,18,Normal
2026-04-27 19:57:25.135187,Berlin-d388,23,58,Normal
2026-04-27 19:57:26.135187,Berlin-d388,31,0,Normal
2026-04-27 19:57:27.135187,Berlin-d388,25,28,Normal
2026-04-27 19:57:28.135187,Berlin-d388,46,60,Normal
2026-04-27 19:57:29.135187,Berlin-d388,35,33,Normal
2026-04-27 19:57:30.135187,Berlin-d388,-19,44,Normal
2026-04-27 19:57:31.135187,Berlin-d388,30,63,Normal
2026-04-27 19:57:32.135187,Berlin-d388,-15,4,Normal
2026-04-27 19:57:33.135187,Berlin-d388,4,21,Normal
2026-04-27 19:57:34.135187,Berlin-d388,6,44,Normal
2026-04-27 19:57:35.135187,Berlin-d388,4,68,Normal
2026-04-27 19:57:36.135187,Berlin-d388,-22,91,Normal
2026-04-27 19:57:37.135187,Berlin-d388,29,16,Normal
2026-04-27 19:57:38.135187,Berlin-d388,-24,60,Normal
2026-04-27 19:57:39.135187,Berlin-d388,-10,29,Normal
2026-04-27 19:57:40.135187,Berlin-d388,-30,88,Normal
2026-04-27 19:57:41.135187,Berlin-d388,-22,58,Normal
2026-04-27 19:57:42.135187,Berlin-d388,-9,85,Normal
2026-04-27 19:57:43.135187,Berlin-d388,46,10,Normal
2026-04-27 19:57:44.135187,Berlin-d388,-26,3,Normal
2026-04-27 19:57:45.135187,Berlin-d388,-17,4,Normal
2026-04-27 19:57:46.135187,Berlin-d388,10,98,Normal
2026-04-27 19:57:47.135187,Berlin-d388,31,32,Normal
2026-04-27 19:57:48.135187,Berlin-d388,47,47,Normal
2026-04-27 19:57:49.135187,Berlin-d388,31,86,Normal
2026-04-27 19:57:50.135187,Berlin-d388,-24,34,Normal
2026-04-27 19:57:51.135187,Berlin-d388,3,47,Normal
2026-04-27 19:57:52.135187,Berlin-d388,38,13,Normal
2026-04-27 19:57:53.135187,Berlin-d388,-3,18,Normal
2026-04-27 19:57:54.135187,Berlin-d388,8,26,Normal
2026-04-27 19:57:55.135187,Berlin-d388,-19,58,Normal
2026-04-27 19:57:56.135187,Berlin-d388,6,44,Normal
2026-04-27 19:57:57.135187,Berlin-d388,11,16,Normal
2026-04-27 19:57:58.135187,Berlin-d388,-15,96,Normal
2026-04-27 19:57:59.135187,Berlin-d388,-2,20,Normal
2026-04-27 19:58:00.135187,Berlin-d388,-17,94,Normal
2026-04-27 19:58:01.135187,Berlin-d388,-3,63,Normal
2026-04-27 19:58:02.135187,Berlin-d388,3,55,Normal
2026-04-27 19:58:03.135187,Berlin-d388,-15,90,Normal
2026-04-27 19:58:04.135187,Berlin-d388,11,39,Normal
2026-04-27 19:58:05.135187,Berlin-d388,-6,26,Normal
2026-04-27 19:58:06.135187,Berlin-d388,-5,63,Normal
2026-04-27 19:58:07.135187,Berlin-d388,7,15,Normal
2026-04-27 19:58:08.135187,Berlin-d388,4,42,Normal
2026-04-27 19:58:09.135187,Berlin-d388,-3,68,Normal
2026-04-27 19:58:10.135187,Berlin-d388,-8,55,Normal
2026-04-27 19:58:11.135187,Berlin-d388,36,27,Normal
2026-04-27 19:58:12.135187,Berlin-d388,-7,54,Normal
2026-04-27 19:58:13.135187,Berlin-d388,48,85,Normal
2026-04-27 19:58:14.135187,Berlin-d388,22,32,Normal
2026-04-27 19:58:15.135187,Berlin-d388,41,50,Normal
2026-04-27 19:58:16.135187,Berlin-d388,35,29,Normal
2026-04-27 19:58:17.135187,Berlin-d388,-8,11,Normal
2026-04-27 19:58:18.135187,Berlin-d388,1,12,Normal
2026-04-27 19:58:19.135187,Berlin-d388,-13,21,Normal
2026-04-27 19:58:20.135187,Berlin-d388,19,38,Normal
2026-04-27 19:58:21.135187,Berlin-d388,41,22,Normal
2026-04-27 19:58:22.135187,Berlin-d388,32,16,Normal
2026-04-27 19:58:23.135187,Berlin-d388,-7,49,Normal
2026-04-27 19:58:24.135187,Berlin-d388,18,16,Normal
2026-04-27 19:58:25.135187,Berlin-d388,-23,3,Normal
2026-04-27 19:58:26.135187,Berlin-d388,-6,39,Normal
2026-04-27 19:58:27.135187,Berlin-d388,11,19,Normal
2026-04-27 19:58:28.135187,Berlin-d388,38,43,Normal
2026-04-27 19:58:29.135187,Berlin-d388,17,69,Normal
2026-04-27 19:58:30.135187,Berlin-d388,16,45,Normal
2026-04-27 19:58:31.135187,Berlin-d388,40,15,Normal
2026-04-27 19:58:32.135187,Berlin-d388,47,25,Normal
2026-04-27 19:58:33.135187,Berlin-d388,-13,58,Normal
2026-04-27 19:58:34.135187,Berlin-d388,17,25,Normal
2026-04-27 19:58:35.135187,Berlin-d388,6,39,Normal
2026-04-27 19:58:36.135187,Berlin-d388,-4,87,Normal
2026-04-27 19:58:37.135187,Berlin-d388,43,100,Normal
2026-04-27 19:58:38.135187,Berlin-d388,49,25,Normal
2026-04-27 19:58:39.135187,Berlin-d388,4,18,Normal
2026-04-27 19:58:40.135187,Berlin-d388,-6,88,Normal
2026-04-27 19:58:41.135187,Berlin-d388,-20,40,Normal
2026-04-27 19:58:42.135187,Berlin-d388,-7,91,Normal
2026-04-27 19:58:43.135187,Berlin-d388,45,57,Normal
2026-04-27 19:58:44.135187,Berlin-d388,25,92,Normal
2026-04-27 19:58:45.135187,Berlin-d388,-9,70,Normal
2026-04-27 19:58:46.135187,Berlin-d388,-2,59,Normal
2026-04-27 19:58:47.135187,Berlin-d388,45,54,Normal
2026-04-27 19:58:48.135187,Berlin-d388,46,19,Normal
2026-04-27 19:58:49.135187,Berlin-d388,16,65,Normal
2026-04-27 19:58:50.135187,Berlin-d388,37,62,Normal
2026-04-27 19:58:51.135187,Berlin-d388,38,54,Normal
2026-04-27 19:58:52.135187,Berlin-d388,14,65,Normal
2026-04-27 19:58:53.135187,Berlin-d388,4,74,Normal
2026-04-27 19:58:54.135187,Berlin-d388,-10,81,Normal
2026-04-27 19:58:55.135187,Berlin-d388,-19,100,Normal
2026-04-27 19:58:56.135187,Berlin-d388,-28,26,Normal
2026-04-27 19:58:57.135187,Berlin-d388,-17,37,Normal
2026-04-27 19:58:58.135187,Berlin-d388,-16,16,Normal
2026-04-27 19:58:59.135187,Berlin-d388,15,4,Normal
2026-04-27 19:59:00.135187,Berlin-d388,-4,69,Normal
2026-04-27 19:59:01.135187,Berlin-d388,28,71,Normal
2026-04-27 19:59:02.135187,Berlin-d388,10,63,Normal
2026-04-27 19:59:03.135187,Berlin-d388,-10,62,Normal
2026-04-27 19:59:04.135187,Berlin-d388,-8,10,Normal
2026-04-27 19:59:05.135187,Berlin-d388,27,87,Normal
2026-04-27 19:59:06.135187,Berlin-d388,48,34,Normal
2026-04-27 19:59:07.135187,Berlin-d388,-28,38,Normal
2026-04-27 19:59:08.135187,Berlin-d388,13,67,Normal
2026-04-27 19:59:09.135187,Berlin-d388,42,81,Normal
2026-04-27 19:59:10.135187,Berlin-d388,10,19,Normal
2026-04-27 19:59:11.135187,Berlin-d388,-30,4,Normal
2026-04-27 19:59:12.135187,Berlin-d388,-21,44,Normal
2026-04-27 19:59:13.135187,Berlin-d388,-28,76,Normal
2026-04-27 19:59:14.135187,Berlin-d388,-5,17,Normal
2026-04-27 19:59:15.135187,Berlin-d388,46,74,Normal
2026-04-27 19:59:16.135187,Berlin-d388,-5,12,Normal
2026-04-27 19:59:17.135187,Berlin-d388,19,1,Normal
2026-04-27 19:59:18.135187,Berlin-d388,49,4,Normal
2026-04-27 19:59:19.135187,Berlin-d388,17,43,Normal
2026-04-27 19:59:20.135187,Berlin-d388,-11,28,Normal
2026-04-27 19:59:21.135187,Berlin-d388,15,82,Normal
2026-04-27 19:59:22.135187,Berlin-d388,45,76,Normal
2026-04-27 19:59:23.135187,Berlin-d388,33,20,Normal
2026-04-27 19:59:24.135187,Berlin-d388,-20,92,Normal
2026-04-27 19:59:25.135187,Berlin-d388,2,74,Normal
2026-04-27 19:59:26.135187,Berlin-d388,35,82,Normal
2026-04-27 19:59:27.135187,Berlin-d388,23,31,Normal
2026-04-27 19:59:28.135187,Berlin-d388,-23,11,Normal
2026-04-27 19:59:29.135187,Berlin-d388,-17,54,Normal
2026-04-27 19:59:30.135187,Berlin-d388,-10,56,Normal
2026-04-27 19:59:31.135187,Berlin-d388,-9,8,Normal
2026-04-27 19:59:32.135187,Berlin-d388,-12,35,Normal
2026-04-27 19:59:33.135187,Berlin-d388,20,41,Normal
2026-04-27 19:59:34.135187,Berlin-d388,30,14,Normal
2026-04-27 19:59:35.135187,Berlin-d388,21,22,Normal
2026-04-27 19:59:36.135187,Berlin-d388,-16,96,Normal
2026-04-27 19:59:37.135187,Berlin-d388,38,89,Normal
2026-04-27 19:59:38.135187,Berlin-d388,-21,41,Normal
2026-04-27 19:59:39.135187,Berlin-d388,27,78,Normal
2026-04-27 19:59:40.135187,Berlin-d388,-20,22,Normal
2026-04-27 19:59:41.135187,Berlin-d388,-21,95,Normal
2026-04-27 19:59:42.135187,Berlin-d388,38,9,Normal
2026-04-27 19:59:43.135187,Berlin-d388,14,27,Normal
2026-04-27 19:59:44.135187,Berlin-d388,20,85,Normal
2026-04-27 19:59:45.135187,Berlin-d388,10,31,Normal
2026-04-27 19:59:46.135187,Berlin-d388,-21,40,Normal
2026-04-27 19:59:47.135187,Berlin-d388,28,41,Normal
2026-04-27 19:59:48.135187,Berlin-d388,7,77,Normal
2026-04-27 19:59:49.135187,Berlin-d388,-2,23,Normal
2026-04-27 19:59:50.135187,Berlin-d388,-16,53,Normal
2026-04-27 19:59:51.135187,Berlin-d388,-3,93,Normal
2026-04-27 19:59:52.135187,Berlin-d388,31,31,Normal
2026-04-27 19:59:53.135187,Berlin-d388,0,14,Normal
2026-04-27 19:59:54.135187,Berlin-d388,34,100,Normal
2026-04-27 19:59:55.135187,Berlin-d388,17,49,Normal
2026-04-27 19:59:56.135187,Berlin-d388,6,25,Normal
2026-04-27 19:59:57.135187,Berlin-d388,28,84,Normal
2026-04-27 19:59:58.135187,Berlin-d388,40,45,Normal
2026-04-27 19:59:59.135187,Berlin-d388,38,15,Normal
2026-04-27 20:00:00.135187,Berlin-d388,-13,7,Normal
2026-04-27 20:00:01.135187,Berlin-d388,-15,85,Normal
2026-04-27 20:00:02.135187,Berlin-d388,34,67,Normal
2026-04-27 20:00:03.135187,Berlin-d388,29,29,Normal
2026-04-27 20:00:04.135187,Berlin-d388,22,54,Normal
2026-04-27 20:00:05.135187,Berlin-d388,25,55,Normal
2026-04-27 20:00:06.135187,Berlin-d388,38,82,Normal
2026-04-27 20:00:07.135187,Berlin-d388,25,41,Normal
2026-04-27 20:00:08.135187,Berlin-d388,-3,94,Normal
2026-04-27 20:00:09.135187,Berlin-d388,-10,3,Normal
2026-04-27 20:00:10.135187,Berlin-d388,39,56,Normal
2026-04-27 20:00:11.135187,Berlin-d388,-10,87,Normal
2026-04-27 20:00:12.135187,Berlin-d388,4,89,Normal
2026-04-27 20:00:13.135187,Berlin-d388,24,36,Normal
2026-04-27 20:00:14.135187,Berlin-d388,41,44,Normal
2026-04-27 20:00:15.135187,Berlin-d388,19,16,Normal
2026-04-27 20:00:16.135187,Berlin-d388,8,77,Normal
2026-04-27 20:00:17.135187,Berlin-d388,-30,69,Normal
2026-04-27 20:00:18.135187,Berlin-d388,49,93,Normal
2026-04-27 20:00:19.135187,Berlin-d388,11,59,Normal
2026-04-27 20:00:20.135187,Berlin-d388,36,65,Normal
2026-04-27 20:00:21.135187,Berlin-d388,-4,59,Normal
2026-04-27 20:00:22.135187,Berlin-d388,31,10,Normal
2026-04-27 20:00:23.135187,Berlin-d388,-18,8,Normal
2026-04-27 20:00:24.135187,Berlin-d388,30,54,Normal
2026-04-27 20:00:25.135187,Berlin-d388,-10,23,Normal
2026-04-27 20:00:26.135187,Berlin-d388,-21,41,Normal
2026-04-27 20:00:27.135187,Berlin-d388,45,59,Normal
2026-04-27 20:00:28.135187,Berlin-d388,-27,99,Normal
2026-04-27 20:00:29.135187,Berlin-d388,12,2,Normal
2026-04-27 20:00:30.135187,Berlin-d388,21,96,Normal
2026-04-27 20:00:31.135187,Berlin-d388,20,18,Normal
2026-04-27 20:00:32.135187,Berlin-d388,-28,60,Normal
2026-04-27 20:00:33.135187,Berlin-d388,49,82,Normal
2026-04-27 20:00:34.135187,Berlin-d388,-3,81,Normal
2026-04-27 20:00:35.135187,Berlin-d388,19,6,Normal
2026-04-27 20:00:36.135187,Berlin-d388,34,25,Normal
2026-04-27 20:00:37.135187,Berlin-d388,-17,47,Normal
2026-04-27 20:00:38.135187,Berlin-d388,-13,69,Normal
2026-04-27 20:00:39.135187,Berlin-d388,8,45,Normal
2026-04-27 20:00:40.135187,Berlin-d388,28,21,Normal
2026-04-27 20:00:41.135187,Berlin-d388,31,47,Normal
2026-04-27 20:00:42.135187,Berlin-d388,3,33,Normal
2026-04-27 20:00:43.135187,Berlin-d388,-15,55,Normal
2026-04-27 20:00:44.135187,Berlin-d388,1,72,Normal
2026-04-27 20:00:45.135187,Berlin-d388,23,71,Normal
2026-04-27 20:00:46.135187,Berlin-d388,34,10,Normal
2026-04-27 20:00:47.135187,Berlin-d388,-6,79,Normal
2026-04-27 20:00:48.135187,Berlin-d388,-27,22,Normal
2026-04-27 20:00:49.135187,Berlin-d388,11,20,Normal
2026-04-27 20:00:50.135187,Berlin-d388,-21,86,Normal
2026-04-27 20:00:51.135187,Berlin-d388,-11,49,Normal
2026-04-27 20:00:52.135187,Berlin-d388,-16,17,Normal
2026-04-27 20:00:53.135187,Berlin-d388,-12,51,Normal
2026-04-27 20:00:54.135187,Berlin-d388,-2,28,Normal
2026-04-27 20:00:55.135187,Berlin-d388,34,28,Normal
2026-04-27 20:00:56.135187,Berlin-d388,-18,20,Normal
2026-04-27 20:00:57.135187,Berlin-d388,-8,60,Normal
2026-04-27 20:00:58.135187,Berlin-d388,28,90,Normal
2026-04-27 20:00:59.135187,Berlin-d388,6,86,Normal
2026-04-27 20:01:00.135187,Berlin-d388,25,49,Normal
2026-04-27 20:01:01.135187,Berlin-d388,38,71,Normal
2026-04-27 20:01:02.135187,Berlin-d388,-30,73,Normal
2026-04-27 20:01:03.135187,Berlin-d388,45,51,Normal
2026-04-27 20:01:04.135187,Berlin-d388,10,36,Normal
2026-04-27 20:01:05.135187,Berlin-d388,-15,41,Normal
2026-04-27 20:01:06.135187,Berlin-d388,-6,68,Normal
2026-04-27 20:01:07.135187,Berlin-d388,42,70,Normal
2026-04-27 20:01:08.135187,Berlin-d388,45,50,Normal
2026-04-27 20:01:09.135187,Berlin-d388,30,99,Normal
2026-04-27 20:01:10.135187,Berlin-d388,49,42,Normal
2026-04-27 20:01:11.135187,Berlin-d388,-10,69,Normal
2026-04-27 20:01:12.135187,Berlin-d388,14,14,Normal
2026-04-27 20:01:13.135187,Berlin-d388,-22,62,Normal
2026-04-27 20:01:14.135187,Berlin-d388,-22,63,Normal
2026-04-27 20:01:15.135187,Berlin-d388,-8,1,Normal
2026-04-27 20:01:16.135187,Berlin-d388,0,37,Normal
2026-04-27 20:01:17.135187,Berlin-d388,17,28,Normal
2026-04-27 20:01:18.135187,Berlin-d388,9,73,Normal
2026-04-27 20:01:19.135187,Berlin-d388,-16,0,Normal
2026-04-27 20:01:20.135187,Berlin-d388,18,76,Normal
2026-04-27 20:01:21.135187,Berlin-d388,-4,36,Normal
2026-04-27 20:01:22.135187,Berlin-d388,-24,87,Normal
2026-04-27 20:01:23.135187,Berlin-d388,27,99,Normal
2026-04-27 20:01:24.135187,Berlin-d388,24,57,Normal
2026-04-27 20:01:25.135187,Berlin-d388,32,36,Normal
2026-04-27 20:01:26.135187,Berlin-d388,40,19,Normal
2026-04-27 20:01:27.135187,Berlin-d388,-2,100,Normal
2026-04-27 20:01:28.135187,Berlin-d388,37,99,Normal
2026-04-27 20:01:29.135187,Berlin-d388,15,45,Normal
2026-04-27 20:01:30.135187,Berlin-d388,34,37,Normal
2026-04-27 20:01:31.135187,Berlin-d388,24,6,Normal
2026-04-27 20:01:32.135187,Berlin-d388,50,14,Normal
2026-04-27 20:01:33.135187,Berlin-d388,-4,1,Normal
2026-04-27 20:01:34.135187,Berlin-d388,17,65,Normal
2026-04-27 20:01:35.135187,Berlin-d388,36,4,Normal
2026-04-27 20:01:36.135187,Berlin-d388,20,26,Normal
2026-04-27 20:01:37.135187,Berlin-d388,13,53,Normal
2026-04-27 20:01:38.135187,Berlin-d388,19,86,Normal
2026-04-27 20:01:39.135187,Berlin-d388,25,56,Normal
2026-04-27 20:01:40.135187,Berlin-d388,34,43,Normal
2026-04-27 20:01:41.135187,Berlin-d388,46,48,Normal
2026-04-27 20:01:42.135187,Berlin-d388,13,19,Normal
2026-04-27 20:01:43.135187,Berlin-d388,34,43,Normal
2026-04-27 20:01:44.135187,Berlin-d388,44,20,Normal
2026-04-27 20:01:45.135187,Berlin-d388,50,60,Normal
2026-04-27 20:01:46.135187,Berlin-d388,-8,27,Normal
2026-04-27 20:01:47.135187,Berlin-d388,-21,83,Normal
2026-04-27 20:01:48.135187,Berlin-d388,35,89,Normal
2026-04-27 20:01:49.135187,Berlin-d388,34,22,Normal
2026-04-27 20:01:50.135187,Berlin-d388,49,66,Normal
2026-04-27 20:01:51.135187,Berlin-d388,9,61,Normal
2026-04-27 20:01:52.135187,Berlin-d388,-15,31,Normal
2026-04-27 20:01:53.135187,Berlin-d388,32,15,Normal
2026-04-27 20:01:54.135187,Berlin-d388,-30,69,Normal
2026-04-27 20:01:55.135187,Berlin-d388,2,9,Normal
2026-04-27 20:01:56.135187,Berlin-d388,44,24,Normal
2026-04-27 20:01:57.135187,Berlin-d388,-28,18,Normal
2026-04-27 20:01:58.135187,Berlin-d388,34,4,Normal
2026-04-27 20:01:59.135187,Berlin-d388,-1,1,Normal
2026-04-27 20:02:00.135187,Berlin-d388,-12,82,Normal
2026-04-27 20:02:01.135187,Berlin-d388,25,68,Normal
2026-04-27 20:02:02.135187,Berlin-d388,-17,61,Normal
2026-04-27 20:02:03.135187,Berlin-d388,21,2,Normal
2026-04-27 20:02:04.135187,Berlin-d388,-4,92,Normal
2026-04-27 20:02:05.135187,Berlin-d388,-24,32,Normal
2026-04-27 20:02:06.135187,Berlin-d388,-2,41,Normal
2026-04-27 20:02:07.135187,Berlin-d388,-30,54,Normal
2026-04-27 20:02:08.135187,Berlin-d388,4,61,Normal
2026-04-27 20:02:09.135187,Berlin-d388,46,84,Normal
2026-04-27 20:02:10.135187,Berlin-d388,34,10,Normal
2026-04-27 20:02:11.135187,Berlin-d388,-18,100,Normal
2026-04-27 20:02:12.135187,Berlin-d388,45,53,Normal
2026-04-27 20:02:13.135187,Berlin-d388,25,16,Normal
2026-04-27 20:02:14.135187,Berlin-d388,8,15,Normal
2026-04-27 20:02:15.135187,Berlin-d388,-16,39,Normal
2026-04-27 20:02:16.135187,Berlin-d388,32,53,Normal
2026-04-27 20:02:17.135187,Berlin-d388,9,4,Normal
2026-04-27 20:02:18.135187,Berlin-d388,-30,19,Normal
2026-04-27 20:02:19.135187,Berlin-d388,15,32,Normal
2026-04-27 20:02:20.135187,Berlin-d388,49,96,Normal
2026-04-27 20:02:21.135187,Berlin-d388,1,38,Normal
2026-04-27 20:02:22.135187,Berlin-d388,5,2,Normal
2026-04-27 20:02:23.135187,Berlin-d388,21,68,Normal
2026-04-27 20:02:24.135187,Berlin-d388,-9,90,Normal
2026-04-27 20:02:25.135187,Berlin-d388,8,53,Normal
2026-04-27 20:02:26.135187,Berlin-d388,25,78,Normal
2026-04-27 20:02:27.135187,Berlin-d388,24,82,Normal
2026-04-27 20:02:28.135187,Berlin-d388,29,92,Normal
2026-04-27 20:02:29.135187,Berlin-d388,-2,34,Normal
2026-04-27 20:02:30.135187,Berlin-d388,18,87,Normal
2026-04-27 20:02:31.135187,Berlin-d388,-27,65,Normal
2026-04-27 20:02:32.135187,Berlin-d388,36,88,Normal
2026-04-27 20:02:33.135187,Berlin-d388,48,4,Normal
2026-04-27 20:02:34.135187,Berlin-d388,-11,0,Normal
2026-04-27 20:02:35.135187,Berlin-d388,22,64,Normal
2026-04-27 20:02:36.135187,Berlin-d388,45,67,Normal
2026-04-27 20:02:37.135187,Berlin-d388,-16,9,Normal
2026-04-27 20:02:38.135187,Berlin-d388,9,83,Normal
2026-04-27 20:02:39.135187,Berlin-d388,0,42,Normal
2026-04-27 20:02:40.135187,Berlin-d388,-22,65,Normal
2026-04-27 20:02:41.135187,Berlin-d388,12,22,Normal
2026-04-27 20:02:42.135187,Berlin-d388,21,70,Normal
2026-04-27 20:02:43.135187,Berlin-d388,-25,79,Normal
2026-04-27 20:02:44.135187,Berlin-d388,10,1,Normal
2026-04-27 20:02:45.135187,Berlin-d388,-5,90,Normal
2026-04-27 20:02:46.135187,Berlin-d388,32,28,Normal
2026-04-27 20:02:47.135187,Berlin-d388,21,26,Normal
2026-04-27 20:02:48.135187,Berlin-d388,31,35,Normal
2026-04-27 20:02:49.135187,Berlin-d388,21,22,Normal
2026-04-27 20:02:50.135187,Berlin-d388,47,4,Normal
2026-04-27 20:02:51.135187,Berlin-d388,-3,96,Normal
2026-04-27 20:02:52.135187,Berlin-d388,31,91,Normal
2026-04-27 20:02:53.135187,Berlin-d388,24,45,Normal
2026-04-27 20:02:54.135187,Berlin-d388,-4,4,Normal
2026-04-27 20:02:55.135187,Berlin-d388,48,87,Normal
2026-04-27 20:02:56.135187,Berlin-d388,-9,5,Normal
2026-04-27 20:02:57.135187,Berlin-d388,17,12,Normal
2026-04-27 20:02:58.135187,Berlin-d388,43,19,Normal
2026-04-27 20:02:59.135187,Berlin-d388,30,8,Normal
2026-04-27 20:03:00.135187,Berlin-d388,27,88,Normal
2026-04-27 20:03:01.135187,Berlin-d388,14,86,Normal
2026-04-27 20:03:02.135187,Berlin-d388,3,78,Normal
2026-04-27 20:03:03.135187,Berlin-d388,-19,91,Normal
2026-04-27 20:03:04.135187,Berlin-d388,2,43,Normal
2026-04-27 20:03:05.135187,Berlin-d388,6,53,Normal
2026-04-27 20:03:06.135187,Berlin-d388,46,93,Normal
2026-04-27 20:03:07.135187,Berlin-d388,7,100,Normal
2026-04-27 20:03:08.135187,Berlin-d388,-29,88,Normal
2026-04-27 20:03:09.135187,Berlin-d388,-3,43,Normal
2026-04-27 20:03:10.135187,Berlin-d388,6,41,Normal
2026-04-27 20:03:11.135187,Berlin-d388,48,75,Normal
2026-04-27 20:03:12.135187,Berlin-d388,-11,87,Normal
2026-04-27 20:03:13.135187,Berlin-d388,3,79,Normal
2026-04-27 20:03:14.135187,Berlin-d388,15,34,Normal
2026-04-27 20:03:15.135187,Berlin-d388,-13,42,Normal
2026-04-27 20:03:16.135187,Berlin-d388,-11,82,Normal
2026-04-27 20:03:17.135187,Berlin-d388,-4,23,Normal
2026-04-27 20:03:18.135187,Berlin-d388,-21,54,Normal
2026-04-27 20:03:19.135187,Berlin-d388,39,63,Normal
2026-04-27 20:03:20.135187,Berlin-d388,34,83,Normal
2026-04-27 20:03:21.135187,Berlin-d388,38,57,Normal
2026-04-27 20:03:22.135187,Berlin-d388,32,11,Normal
2026-04-27 20:03:23.135187,Berlin-d388,35,75,Normal
2026-04-27 20:03:24.135187,Berlin-d388,-19,36,Normal
2026-04-27 20:03:25.135187,Berlin-d388,31,89,Normal
2026-04-27 20:03:26.135187,Berlin-d388,29,77,Normal
2026-04-27 20:03:27.135187,Berlin-d388,43,53,Normal
2026-04-27 20:03:28.135187,Berlin-d388,-11,58,Normal
2026-04-27 20:03:29.135187,Berlin-d388,-1,100,Normal
2026-04-27 20:03:30.135187,Berlin-d388,9,48,Normal
2026-04-27 20:03:31.135187,Berlin-d388,-2,31,Normal
2026-04-27 20:03:32.135187,Berlin-d388,43,28,Normal
2026-04-27 20:03:33.135187,Berlin-d388,-21,56,Normal
2026-04-27 20:03:34.135187,Berlin-d388,-24,12,Normal
2026-04-27 20:03:35.135187,Berlin-d388,-15,11,Normal
2026-04-27 20:03:36.135187,Berlin-d388,36,15,Normal
2026-04-27 20:03:37.135187,Berlin-d388,-19,13,Normal
2026-04-27 20:03:38.135187,Berlin-d388,36,26,Normal
2026-04-27 20:03:39.135187,Berlin-d388,9,96,Normal
2026-04-27 20:03:40.135187,Berlin-d388,29,75,Normal
2026-04-27 20:03:41.135187,Berlin-d388,21,7,Normal
2026-04-27 20:03:42.135187,Berlin-d388,-10,53,Normal
2026-04-27 20:03:43.135187,Berlin-d388,-23,9,Normal
2026-04-27 20:03:44.135187,Berlin-d388,23,36,Normal
2026-04-27 20:03:45.135187,Berlin-d388,42,39,Normal
2026-04-27 20:03:46.135187,Berlin-d388,-11,16,Normal
2026-04-27 20:03:47.135187,Berlin-d388,30,90,Normal
2026-04-27 20:03:48.135187,Berlin-d388,18,77,Normal
2026-04-27 20:03:49.135187,Berlin-d388,2,76,Normal
2026-04-27 20:03:50.135187,Berlin-d388,9,18,Normal
2026-04-27 20:03:51.135187,Berlin-d388,12,94,Normal
2026-04-27 20:03:52.135187,Berlin-d388,41,99,Normal
2026-04-27 20:03:53.135187,Berlin-d388,35,18,Normal
2026-04-27 20:03:54.135187,Berlin-d388,26,96,Normal
2026-04-27 20:03:55.135187,Berlin-d388,0,29,Normal
2026-04-27 20:03:56.135187,Berlin-d388,6,28,Normal
2026-04-27 20:03:57.135187,Berlin-d388,22,69,Normal
2026-04-27 20:03:58.135187,Berlin-d388,1,25,Normal
2026-04-27 20:03:59.135187,Berlin-d388,20,98,Normal
2026-04-27 20:04:00.135187,Berlin-d388,49,47,Normal
2026-04-27 20:04:01.135187,Berlin-d388,32,68,Normal
2026-04-27 20:04:02.135187,Berlin-d388,-23,81,Normal
2026-04-27 20:04:03.135187,Berlin-d388,47,35,Normal
2026-04-27 20:04:04.135187,Berlin-d388,28,95,Normal
2026-04-27 20:04:05.135187,Berlin-d388,-18,43,Normal
2026-04-27 20:04:06.135187,Berlin-d388,31,4,Normal
2026-04-27 20:04:07.135187,Berlin-d388,-13,88,Normal
2026-04-27 20:04:08.135187,Berlin-d388,-14,54,Normal
2026-04-27 20:04:09.135187,Berlin-d388,-3,11,Normal
2026-04-27 20:04:10.135187,Berlin-d388,25,98,Normal
2026-04-27 20:04:11.135187,Berlin-d388,-3,20,Normal
2026-04-27 20:04:12.135187,Berlin-d388,42,45,Normal
2026-04-27 20:04:13.135187,Berlin-d388,-26,47,Normal
2026-04-27 20:04:14.135187,Berlin-d388,14,63,Normal
2026-04-27 20:04:15.135187,Berlin-d388,28,70,Normal
2026-04-27 20:04:16.135187,Berlin-d388,3,27,Normal
2026-04-27 20:04:17.135187,Berlin-d388,-22,92,Normal
2026-04-27 20:04:18.135187,Berlin-d388,42,88,Normal
2026-04-27 20:04:19.135187,Berlin-d388,29,54,Normal
2026-04-27 20:04:20.135187,Berlin-d388,28,5,Normal
2026-04-27 20:04:21.135187,Berlin-d388,34,63,Normal
2026-04-27 20:04:22.135187,Berlin-d388,22,22,Normal
2026-04-27 20:04:23.135187,Berlin-d388,4,17,Normal
2026-04-27 20:04:24.135187,Berlin-d388,26,7,Normal
2026-04-27 20:04:25.135187,Berlin-d388,34,35,Normal
2026-04-27 20:04:26.135187,Berlin-d388,50,86,Normal
2026-04-27 20:04:27.135187,Berlin-d388,-29,49,Normal
2026-04-27 20:04:28.135187,Berlin-d388,27,59,Normal
2026-04-27 20:04:29.135187,Berlin-d388,-16,34,Normal
2026-04-27 20:04:30.135187,Berlin-d388,3,93,Normal
2026-04-27 20:04:31.135187,Berlin-d388,4,84,Normal
2026-04-27 20:04:32.135187,Berlin-d388,-18,69,Normal
2026-04-27 20:04:33.135187,Berlin-d388,27,32,Normal
2026-04-27 20:04:34.135187,Berlin-d388,34,87,Normal
2026-04-27 20:04:35.135187,Berlin-d388,17,67,Normal
2026-04-27 20:04:36.135187,Berlin-d388,-20,85,Normal
2026-04-27 20:04:37.135187,Berlin-d388,-11,59,Normal
2026-04-27 20:04:38.135187,Berlin-d388,-11,70,Normal
2026-04-27 20:04:39.135187,Berlin-d388,-25,26,Normal
2026-04-27 20:04:40.135187,Berlin-d388,31,46,Normal
2026-04-27 20:04:41.135187,Berlin-d388,43,48,Normal
2026-04-27 20:04:42.135187,Berlin-d388,-9,91,Normal
2026-04-27 20:04:43.135187,Berlin-d388,-9,98,Normal
2026-04-27 20:04:44.135187,Berlin-d388,-6,96,Normal
2026-04-27 20:04:45.135187,Berlin-d388,-3,25,Normal
2026-04-27 20:04:46.135187,Berlin-d388,-15,95,Normal
2026-04-27 20:04:47.135187,Berlin-d388,-2,18,Normal
2026-04-27 20:04:48.135187,Berlin-d388,19,64,Normal
2026-04-27 20:04:49.135187,Berlin-d388,-8,52,Normal
2026-04-27 20:04:50.135187,Berlin-d388,37,3,Normal
2026-04-27 20:04:51.135187,Berlin-d388,43,62,Normal
2026-04-27 20:04:52.135187,Berlin-d388,33,85,Normal
2026-04-27 20:04:53.135187,Berlin-d388,-16,66,Normal
2026-04-27 20:04:54.135187,Berlin-d388,30,100,Normal
2026-04-27 20:04:55.135187,Berlin-d388,5,29,Normal
2026-04-27 20:04:56.135187,Berlin-d388,14,26,Normal
2026-04-27 20:04:57.135187,Berlin-d388,13,73,Normal
2026-04-27 20:04:58.135187,Berlin-d388,25,96,Normal
2026-04-27 20:04:59.135187,Berlin-d388,6,92,Normal
2026-04-27 20:05:00.135187,Berlin-d388,40,33,Normal
2026-04-27 20:05:01.135187,Berlin-d388,-1,29,Normal
2026-04-27 20:05:02.135187,Berlin-d388,28,51,Normal
2026-04-27 20:05:03.135187,Berlin-d388,17,18,Normal
2026-04-27 20:05:04.135187,Berlin-d388,48,44,Normal
2026-04-27 20:05:05.135187,Berlin-d388,-21,42,Normal
2026-04-27 20:05:06.135187,Berlin-d388,-2,57,Normal
2026-04-27 20:05:07.135187,Berlin-d388,21,11,Normal
2026-04-27 20:05:08.135187,Berlin-d388,-24,84,Normal
2026-04-27 20:05:09.135187,Berlin-d388,14,81,Normal
2026-04-27 20:05:10.135187,Berlin-d388,-25,9,Normal
2026-04-27 20:05:11.135187,Berlin-d388,39,70,Normal
2026-04-27 20:05:12.135187,Berlin-d388,12,94,Normal
2026-04-27 20:05:13.135187,Berlin-d388,-1,86,Normal
2026-04-27 20:05:14.135187,Berlin-d388,-1,52,Normal
2026-04-27 20:05:15.135187,Berlin-d388,-16,69,Normal
2026-04-27 20:05:16.135187,Berlin-d388,22,28,Normal
2026-04-27 20:05:17.135187,Berlin-d388,-21,18,Normal
2026-04-27 20:05:18.135187,Berlin-d388,37,91,Normal
2026-04-27 20:05:19.135187,Berlin-d388,20,49,Normal
2026-04-27 20:05:20.135187,Berlin-d388,-7,43,Normal
2026-04-27 20:05:21.135187,Berlin-d388,15,5,Normal
2026-04-27 20:05:22.135187,Berlin-d388,35,98,Normal
2026-04-27 20:05:23.135187,Berlin-d388,4,7,Normal
2026-04-27 20:05:24.135187,Berlin-d388,-4,26,Normal
2026-04-27 20:05:25.135187,Berlin-d388,5,17,Normal
2026-04-27 20:05:26.135187,Berlin-d388,-12,66,Normal
2026-04-27 20:05:27.135187,Berlin-d388,-23,68,Normal
2026-04-27 20:05:28.135187,Berlin-d388,46,24,Normal
2026-04-27 20:05:29.135187,Berlin-d388,36,4,Normal
2026-04-27 20:05:30.135187,Berlin-d388,-24,82,Normal
2026-04-27 20:05:31.135187,Berlin-d388,16,76,Normal
2026-04-27 20:05:32.135187,Berlin-d388,-21,45,Normal
2026-04-27 20:05:33.135187,Berlin-d388,41,30,Normal
2026-04-27 20:05:34.135187,Berlin-d388,-12,78,Normal
2026-04-27 20:05:35.135187,Berlin-d388,22,73,Normal
2026-04-27 20:05:36.135187,Berlin-d388,-4,86,Normal
2026-04-27 20:05:37.135187,Berlin-d388,2,0,Normal
2026-04-27 20:05:38.135187,Berlin-d388,-18,70,Normal
2026-04-27 20:05:39.135187,Berlin-d388,45,87,Normal
2026-04-27 20:05:40.135187,Berlin-d388,35,34,Normal
2026-04-27 20:05:41.135187,Berlin-d388,17,38,Normal
2026-04-27 20:05:42.135187,Berlin-d388,26,7,Normal
2026-04-27 20:05:43.135187,Berlin-d388,15,94,Normal
2026-04-27 20:05:44.135187,Berlin-d388,-15,71,Normal
2026-04-27 20:05:45.135187,Berlin-d388,36,95,Normal
2026-04-27 20:05:46.135187,Berlin-d388,41,70,Normal
2026-04-27 20:05:47.135187,Berlin-d388,-25,7,Normal
2026-04-27 20:05:48.135187,Berlin-d388,-19,60,Normal
2026-04-27 20:05:49.135187,Berlin-d388,17,85,Normal
2026-04-27 20:05:50.135187,Berlin-d388,-30,59,Normal
2026-04-27 20:05:51.135187,Berlin-d388,31,15,Normal
2026-04-27 20:05:52.135187,Berlin-d388,-5,23,Normal
2026-04-27 20:05:53.135187,Berlin-d388,5,6,Normal
2026-04-27 20:05:54.135187,Berlin-d388,28,3,Normal
2026-04-27 20:05:55.135187,Berlin-d388,17,71,Normal
2026-04-27 20:05:56.135187,Berlin-d388,27,17,Normal
2026-04-27 20:05:57.135187,Berlin-d388,28,51,Normal
2026-04-27 20:05:58.135187,Berlin-d388,23,1,Normal
2026-04-27 20:05:59.135187,Berlin-d388,25,62,Normal
2026-04-27 20:06:00.135187,Berlin-d388,-6,65,Normal
2026-04-27 20:06:01.135187,Berlin-d388,-2,86,Normal
2026-04-27 20:06:02.135187,Berlin-d388,-26,14,Normal
2026-04-27 20:06:03.135187,Berlin-d388,40,59,Normal
2026-04-27 20:06:04.135187,Berlin-d388,7,100,Normal
2026-04-27 20:06:05.135187,Berlin-d388,25,27,Normal
2026-04-27 20:06:06.135187,Berlin-d388,2,56,Normal
2026-04-27 20:06:07.135187,Berlin-d388,-29,66,Normal
2026-04-27 20:06:08.135187,Berlin-d388,5,88,Normal
2026-04-27 20:06:09.135187,Berlin-d388,37,80,Normal
2026-04-27 20:06:10.135187,Berlin-d388,34,36,Normal
2026-04-27 20:06:11.135187,Berlin-d388,30,65,Normal
2026-04-27 20:06:12.135187,Berlin-d388,34,32,Normal
2026-04-27 20:06:13.135187,Berlin-d388,39,48,Normal
2026-04-27 20:06:14.135187,Berlin-d388,9,52,Normal
2026-04-27 20:06:15.135187,Berlin-d388,-8,63,Normal
2026-04-27 20:06:16.135187,Berlin-d388,-27,16,Normal
2026-04-27 20:06:17.135187,Berlin-d388,0,36,Normal
2026-04-27 20:06:18.135187,Berlin-d388,-12,27,Normal
2026-04-27 20:06:19.135187,Berlin-d388,4,69,Normal
2026-04-27 20:06:20.135187,Berlin-d388,-12,62,Normal
2026-04-27 20:06:21.135187,Berlin-d388,1,1,Normal
2026-04-27 20:06:22.135187,Berlin-d388,50,15,Normal
2026-04-27 20:06:23.135187,Berlin-d388,37,12,Normal
2026-04-27 20:06:24.135187,Berlin-d388,10,91,Normal
2026-04-27 20:06:25.135187,Berlin-d388,15,70,Normal
2026-04-27 20:06:26.135187,Berlin-d388,8,11,Normal
2026-04-27 20:06:27.135187,Berlin-d388,21,79,Normal
2026-04-27 20:06:28.135187,Berlin-d388,28,36,Normal
2026-04-27 20:06:29.135187,Berlin-d388,-16,90,Normal
2026-04-27 20:06:30.135187,Berlin-d388,45,85,Normal
2026-04-27 20:06:31.135187,Berlin-d388,2,23,Normal
2026-04-27 20:06:32.135187,Berlin-d388,34,92,Normal
2026-04-27 20:06:33.135187,Berlin-d388,33,61,Normal
2026-04-27 20:06:34.135187,Berlin-d388,-25,100,Normal
2026-04-27 20:06:35.135187,Berlin-d388,42,12,Normal
2026-04-27 20:06:36.135187,Berlin-d388,8,4,Normal
2026-04-27 20:06:37.135187,Berlin-d388,35,12,Normal
2026-04-27 20:06:38.135187,Berlin-d388,45,92,Normal
2026-04-27 20:06:39.135187,Berlin-d388,14,24,Normal
2026-04-27 20:06:40.135187,Berlin-d388,41,91,Normal
2026-04-27 20:06:41.135187,Berlin-d388,-11,39,Normal
2026-04-27 20:06:42.135187,Berlin-d388,19,77,Normal
2026-04-27 20:06:43.135187,Berlin-d388,1,59,Normal
2026-04-27 20:06:44.135187,Berlin-d388,1,47,Normal
2026-04-27 20:06:45.135187,Berlin-d388,26,44,Normal
2026-04-27 20:06:46.135187,Berlin-d388,3,92,Normal
2026-04-27 20:06:47.135187,Berlin-d388,36,73,Normal
2026-04-27 20:06:48.135187,Berlin-d388,-28,39,Normal
2026-04-27 20:06:49.135187,Berlin-d388,-28,89,Normal
2026-04-27 20:06:50.135187,Berlin-d388,32,41,Normal
2026-04-27 20:06:51.135187,Berlin-d388,-25,76,Normal
2026-04-27 20:06:52.135187,Berlin-d388,3,29,Normal
2026-04-27 20:06:53.135187,Berlin-d388,34,47,Normal
2026-04-27 20:06:54.135187,Berlin-d388,40,21,Normal
2026-04-27 20:06:55.135187,Berlin-d388,40,53,Normal
2026-04-27 20:06:56.135187,Berlin-d388,7,76,Normal
2026-04-27 20:06:57.135187,Berlin-d388,49,66,Normal
2026-04-27 20:06:58.135187,Berlin-d388,-13,92,Normal
2026-04-27 20:06:59.135187,Berlin-d388,24,20,Normal
2026-04-27 20:07:00.135187,Berlin-d388,-20,49,Normal
2026-04-27 20:07:01.135187,Berlin-d388,-16,75,Normal
2026-04-27 20:07:02.135187,Berlin-d388,26,64,Normal
2026-04-27 20:07:03.135187,Berlin-d388,32,93,Normal
2026-04-27 20:07:04.135187,Berlin-d388,-27,46,Normal
2026-04-27 20:07:05.135187,Berlin-d388,5,31,Normal
2026-04-27 20:07:06.135187,Berlin-d388,29,40,Normal
2026-04-27 20:07:07.135187,Berlin-d388,24,33,Normal
2026-04-27 20:07:08.135187,Berlin-d388,6,62,Normal
2026-04-27 20:07:09.135187,Berlin-d388,38,98,Normal
2026-04-27 20:07:10.135187,Berlin-d388,40,36,Normal
2026-04-27 20:07:11.135187,Berlin-d388,-10,60,Normal
2026-04-27 20:07:12.135187,Berlin-d388,-5,35,Normal
2026-04-27 20:07:13.135187,Berlin-d388,28,4,Normal
2026-04-27 20:07:14.135187,Berlin-d388,3,38,Normal
2026-04-27 20:07:15.135187,Berlin-d388,19,14,Normal
2026-04-27 20:07:16.135187,Berlin-d388,9,74,Normal
2026-04-27 20:07:17.135187,Berlin-d388,-21,81,Normal
2026-04-27 20:07:18.135187,Berlin-d388,-1,50,Normal
2026-04-27 20:07:19.135187,Berlin-d388,23,0,Normal
2026-04-27 20:07:20.135187,Berlin-d388,26,57,Normal
2026-04-27 20:07:21.135187,Berlin-d388,19,53,Normal
2026-04-27 20:07:22.135187,Berlin-d388,4,63,Normal
2026-04-27 20:07:23.135187,Berlin-d388,-26,17,Normal
2026-04-27 20:07:24.135187,Berlin-d388,46,51,Normal
2026-04-27 20:07:25.135187,Berlin-d388,14,52,Normal
2026-04-27 20:07:26.135187,Berlin-d388,27,6,Normal
2026-04-27 20:07:27.135187,Berlin-d388,-28,37,Normal
2026-04-27 20:07:28.135187,Berlin-d388,-19,46,Normal
2026-04-27 20:07:29.135187,Berlin-d388,12,96,Normal
2026-04-27 20:07:30.135187,Berlin-d388,-9,69,Normal
2026-04-27 20:07:31.135187,Berlin-d388,30,76,Normal
2026-04-27 20:07:32.135187,Berlin-d388,8,96,Normal
2026-04-27 20:07:33.135187,Berlin-d388,-8,50,Normal
2026-04-27 20:07:34.135187,Berlin-d388,2,99,Normal
2026-04-27 20:07:35.135187,Berlin-d388,-23,4,Normal
2026-04-27 20:07:36.135187,Berlin-d388,13,40,Normal
2026-04-27 20:07:37.135187,Berlin-d388,34,31,Normal
2026-04-27 20:07:38.135187,Berlin-d388,-30,83,Normal
2026-04-27 20:07:39.135187,Berlin-d388,-3,68,Normal
2026-04-27 20:07:40.135187,Berlin-d388,2,16,Normal
2026-04-27 20:07:41.135187,Berlin-d388,27,13,Normal
2026-04-27 20:07:42.135187,Berlin-d388,6,61,Normal
2026-04-27 20:07:43.135187,Berlin-d388,35,93,Normal
2026-04-27 20:07:44.135187,Berlin-d388,0,41,Normal
2026-04-27 20:07:45.135187,Berlin-d388,29,60,Normal
2026-04-27 20:07:46.135187,Berlin-d388,47,4,Normal
2026-04-27 20:07:47.135187,Berlin-d388,41,95,Normal
2026-04-27 20:07:48.135187,Berlin-d388,24,60,Normal
2026-04-27 20:07:49.135187,Berlin-d388,33,32,Normal
2026-04-27 20:07:50.135187,Berlin-d388,-5,77,Normal
2026-04-27 20:07:51.135187,Berlin-d388,32,54,Normal
2026-04-27 20:07:52.135187,Berlin-d388,-3,98,Normal
2026-04-27 20:07:53.135187,Berlin-d388,26,19,Normal
2026-04-27 20:07:54.135187,Berlin-d388,13,4,Normal
2026-04-27 20:07:55.135187,Berlin-d388,12,58,Normal
2026-04-27 20:07:56.135187,Berlin-d388,-10,96,Normal
2026-04-27 20:07:57.135187,Berlin-d388,17,47,Normal
2026-04-27 20:07:58.135187,Berlin-d388,-23,93,Normal
2026-04-27 20:07:59.135187,Berlin-d388,25,43,Normal
2026-04-27 20:08:00.135187,Berlin-d388,24,87,Normal
2026-04-27 20:08:01.135187,Berlin-d388,28,19,Normal
2026-04-27 20:08:02.135187,Berlin-d388,22,19,Normal
2026-04-27 20:08:03.135187,Berlin-d388,36,38,Normal
2026-04-27 20:08:04.135187,Berlin-d388,49,51,Normal
2026-04-27 20:08:05.135187,Berlin-d388,26,16,Normal
2026-04-27 20:08:06.135187,Berlin-d388,-22,40,Normal
2026-04-27 20:08:07.135187,Berlin-d388,3,41,Normal
2026-04-27 20:08:08.135187,Berlin-d388,-18,24,Normal
2026-04-27 20:08:09.135187,Berlin-d388,-16,81,Normal
2026-04-27 20:08:10.135187,Berlin-d388,-15,3,Normal
2026-04-27 20:08:11.135187,Berlin-d388,-4,58,Normal
2026-04-27 20:08:12.135187,Berlin-d388,-4,71,Normal
2026-04-27 20:08:13.135187,Berlin-d388,25,0,Normal
2026-04-27 20:08:14.135187,Berlin-d388,28,45,Normal
2026-04-27 20:08:15.135187,Berlin-d388,48,2,Normal
2026-04-27 20:08:16.135187,Berlin-d388,6,37,Normal
2026-04-27 20:08:17.135187,Berlin-d388,8,20,Normal
2026-04-27 20:08:18.135187,Berlin-d388,-20,88,Normal
2026-04-27 20:08:19.135187,Berlin-d388,-8,51,Normal
2026-04-27 20:08:20.135187,Berlin-d388,27,39,Normal
2026-04-27 20:08:21.135187,Berlin-d388,10,41,Normal
2026-04-27 20:08:22.135187,Berlin-d388,-3,22,Normal
2026-04-27 20:08:23.135187,Berlin-d388,1,82,Normal
2026-04-27 20:08:24.135187,Berlin-d388,33,78,Normal
2026-04-27 20:08:25.135187,Berlin-d388,16,47,Normal
2026-04-27 20:08:26.135187,Berlin-d388,11,74,Normal
2026-04-27 20:08:27.135187,Berlin-d388,-17,81,Normal
2026-04-27 20:08:28.135187,Berlin-d388,-10,90,Normal
2026-04-27 20:08:29.135187,Berlin-d388,24,1,Normal
2026-04-27 20:08:30.135187,Berlin-d388,47,29,Normal
2026-04-27 20:08:31.135187,Berlin-d388,31,57,Normal
2026-04-27 20:08:32.135187,Berlin-d388,34,85,Normal
2026-04-27 20:08:33.135187,Berlin-d388,26,21,Normal
2026-04-27 20:08:34.135187,Berlin-d388,-8,84,Normal
2026-04-27 20:08:35.135187,Berlin-d388,-1,89,Normal
2026-04-27 20:08:36.135187,Berlin-d388,-18,88,Normal
2026-04-27 20:08:37.135187,Berlin-d388,27,79,Normal
2026-04-27 20:08:38.135187,Berlin-d388,-25,71,Normal
2026-04-27 20:08:39.135187,Berlin-d388,48,98,Normal
2026-04-27 20:08:40.135187,Berlin-d388,-27,1,Normal
2026-04-27 20:08:41.135187,Berlin-d388,-5,22,Normal
2026-04-27 20:08:42.135187,Berlin-d388,-1,54,Normal
2026-04-27 20:08:43.135187,Berlin-d388,36,49,Normal
2026-04-27 20:08:44.135187,Berlin-d388,-25,49,Normal
2026-04-27 20:08:45.135187,Berlin-d388,39,69,Normal
2026-04-27 20:08:46.135187,Berlin-d388,34,39,Normal
2026-04-27 20:08:47.135187,Berlin-d388,48,14,Normal
2026-04-27 20:08:48.135187,Berlin-d388,28,62,Normal
2026-04-27 20:08:49.135187,Berlin-d388,40,20,Normal
2026-04-27 20:08:50.135187,Berlin-d388,13,21,Normal
2026-04-27 20:08:51.135187,Berlin-d388,9,61,Normal
2026-04-27 20:08:52.135187,Berlin-d388,38,68,Normal
2026-04-27 20:08:53.135187,Berlin-d388,-3,96,Normal
2026-04-27 20:08:54.135187,Berlin-d388,-29,33,Normal
2026-04-27 20:08:55.135187,Berlin-d388,41,24,Normal
2026-04-27 20:08:56.135187,Berlin-d388,3,68,Normal
2026-04-27 20:08:57.135187,Berlin-d388,-4,7,Normal
2026-04-27 20:08:58.135187,Berlin-d388,-8,27,Normal
2026-04-27 20:08:59.135187,Berlin-d388,19,45,Normal
2026-04-27 20:09:00.135187,Berlin-d388,33,16,Normal
2026-04-27 20:09:01.135187,Berlin-d388,1,10,Normal
2026-04-27 20:09:02.135187,Berlin-d388,-27,37,Normal
2026-04-27 20:09:03.135187,Berlin-d388,10,91,Normal
2026-04-27 20:09:04.135187,Berlin-d388,9,59,Normal
2026-04-27 20:09:05.135187,Berlin-d388,49,66,Normal
2026-04-27 20:09:06.135187,Berlin-d388,46,91,Normal
2026-04-27 20:09:07.135187,Berlin-d388,-10,14,Normal
2026-04-27 20:09:08.135187,Berlin-d388,19,5,Normal
2026-04-27 20:09:09.135187,Berlin-d388,-6,83,Normal
2026-04-27 20:09:10.135187,Berlin-d388,18,13,Normal
2026-04-27 20:09:11.135187,Berlin-d388,-17,56,Normal
2026-04-27 20:09:12.135187,Berlin-d388,33,28,Normal
2026-04-27 20:09:13.135187,Berlin-d388,25,65,Normal
2026-04-27 20:09:14.135187,Berlin-d388,-3,83,Normal
2026-04-27 20:09:15.135187,Berlin-d388,12,20,Normal
2026-04-27 20:09:16.135187,Berlin-d388,-25,67,Normal
2026-04-27 20:09:17.135187,Berlin-d388,23,61,Normal
2026-04-27 20:09:18.135187,Berlin-d388,-14,88,Normal
2026-04-27 20:09:19.135187,Berlin-d388,25,3,Normal
2026-04-27 20:09:20.135187,Berlin-d388,10,66,Normal
2026-04-27 20:09:21.135187,Berlin-d388,47,16,Normal
2026-04-27 20:09:22.135187,Berlin-d388,-4,73,Normal
2026-04-27 20:09:23.135187,Berlin-d388,-5,95,Normal
2026-04-27 20:09:24.135187,Berlin-d388,9,88,Normal
2026-04-27 20:09:25.135187,Berlin-d388,27,83,Normal
2026-04-27 20:09:26.135187,Berlin-d388,37,99,Normal
2026-04-27 20:09:27.135187,Berlin-d388,42,4,Normal
2026-04-27 20:09:28.135187,Berlin-d388,-21,17,Normal
2026-04-27 20:09:29.135187,Berlin-d388,49,18,Normal
2026-04-27 20:09:30.135187,Berlin-d388,46,19,Normal
2026-04-27 20:09:31.135187,Berlin-d388,-26,23,Normal
2026-04-27 20:09:32.135187,Berlin-d388,13,23,Normal
2026-04-27 20:09:33.135187,Berlin-d388,4,72,Normal
2026-04-27 20:09:34.135187,Berlin-d388,33,65,Normal
2026-04-27 20:09:35.135187,Berlin-d388,-22,91,Normal
2026-04-27 20:09:36.135187,Berlin-d388,32,1,Normal
2026-04-27 20:09:37.135187,Berlin-d388,28,20,Normal
2026-04-27 20:09:38.135187,Berlin-d388,12,86,Normal
2026-04-27 20:09:39.135187,Berlin-d388,-19,10,Normal
2026-04-27 20:09:40.135187,Berlin-d388,34,58,Normal
2026-04-27 20:09:41.135187,Berlin-d388,15,29,Normal
2026-04-27 20:09:42.135187,Berlin-d388,-6,31,Normal
2026-04-27 20:09:43.135187,Berlin-d388,27,78,Normal
2026-04-27 20:09:44.135187,Berlin-d388,31,21,Normal
2026-04-27 20:09:45.135187,Berlin-d388,-3,64,Normal
2026-04-27 20:09:46.135187,Berlin-d388,-4,14,Normal
2026-04-27 20:09:47.135187,Berlin-d388,0,29,Normal
2026-04-27 20:09:48.135187,Berlin-d388,-30,66,Normal
2026-04-27 20:09:49.135187,Berlin-d388,-16,31,Normal
2026-04-27 20:09:50.135187,Berlin-d388,-24,55,Normal
2026-04-27 20:09:51.135187,Berlin-d388,16,84,Normal
2026-04-27 20:09:52.135187,Berlin-d388,-14,43,Normal
2026-04-27 20:09:53.135187,Berlin-d388,45,74,Normal
2026-04-27 20:09:54.135187,Berlin-d388,10,53,Normal
2026-04-27 20:09:55.135187,Berlin-d388,34,46,Normal
2026-04-27 20:09:56.135187,Berlin-d388,-3,42,Normal
2026-04-27 20:09:57.135187,Berlin-d388,10,85,Normal
2026-04-27 20:09:58.135187,Berlin-d388,31,10,Normal
2026-04-27 20:09:59.135187,Berlin-d388,8,17,Normal
2026-04-27 20:10:00.135187,Berlin-d388,43,0,Normal
2026-04-27 20:10:01.135187,Berlin-d388,39,3,Normal
2026-04-27 20:10:02.135187,Berlin-d388,21,72,Normal
2026-04-27 20:10:03.135187,Berlin-d388,10,10,Normal
2026-04-27 20:10:04.135187,Berlin-d388,43,85,Normal
2026-04-27 20:10:05.135187,Berlin-d388,38,6,Normal
2026-04-27 20:10:06.135187,Berlin-d388,28,83,Normal
2026-04-27 20:10:07.135187,Berlin-d388,-24,27,Normal
2026-04-27 20:10:08.135187,Berlin-d388,35,19,Normal
2026-04-27 20:10:09.135187,Berlin-d388,-26,26,Normal
2026-04-27 20:10:10.135187,Berlin-d388,-26,96,Normal
2026-04-27 20:10:11.135187,Berlin-d388,-18,16,Normal
2026-04-27 20:10:12.135187,Berlin-d388,8,76,Normal
2026-04-27 20:10:13.135187,Berlin-d388,29,61,Normal
2026-04-27 20:10:14.135187,Berlin-d388,30,94,Normal
2026-04-27 20:10:15.135187,Berlin-d388,-20,9,Normal
2026-04-27 20:10:16.135187,Berlin-d388,-22,46,Normal
2026-04-27 20:10:17.135187,Berlin-d388,33,29,Normal
2026-04-27 20:10:18.135187,Berlin-d388,-9,28,Normal
2026-04-27 20:10:19.135187,Berlin-d388,31,13,Normal
2026-04-27 20:10:20.135187,Berlin-d388,18,13,Normal
2026-04-27 20:10:21.135187,Berlin-d388,39,43,Normal
2026-04-27 20:10:22.135187,Berlin-d388,-3,14,Normal
2026-04-27 20:10:23.135187,Berlin-d388,20,55,Normal
2026-04-27 20:10:24.135187,Berlin-d388,37,70,Normal
2026-04-27 20:10:25.135187,Berlin-d388,18,77,Normal
2026-04-27 20:10:26.135187,Berlin-d388,49,62,Normal
2026-04-27 20:10:27.135187,Berlin-d388,8,51,Normal
2026-04-27 20:10:28.135187,Berlin-d388,23,88,Normal
2026-04-27 20:10:29.135187,Berlin-d388,-11,59,Normal
2026-04-27 20:10:30.135187,Berlin-d388,-6,7,Normal
2026-04-27 20:10:31.135187,Berlin-d388,4,43,Normal
2026-04-27 20:10:32.135187,Berlin-d388,4,99,Normal
2026-04-27 20:10:33.135187,Berlin-d388,40,34,Normal
2026-04-27 20:10:34.135187,Berlin-d388,-8,91,Normal
2026-04-27 20:10:35.135187,Berlin-d388,27,100,Normal
2026-04-27 20:10:36.135187,Berlin-d388,25,2,Normal
2026-04-27 20:10:37.135187,Berlin-d388,19,41,Normal
2026-04-27 20:10:38.135187,Berlin-d388,13,74,Normal
2026-04-27 20:10:39.135187,Berlin-d388,46,98,Normal
2026-04-27 20:10:40.135187,Berlin-d388,41,78,Normal
2026-04-27 20:10:41.135187,Berlin-d388,-4,98,Normal
2026-04-27 20:10:42.135187,Berlin-d388,41,31,Normal
2026-04-27 20:10:43.135187,Berlin-d388,36,48,Normal
2026-04-27 20:10:44.135187,Berlin-d388,-28,38,Normal
2026-04-27 20:10:45.135187,Berlin-d388,0,42,Normal
2026-04-27 20:10:46.135187,Berlin-d388,-4,97,Normal
2026-04-27 20:10:47.135187,Berlin-d388,35,57,Normal
2026-04-27 20:10:48.135187,Berlin-d388,4,17,Normal
2026-04-27 20:10:49.135187,Berlin-d388,5,83,Normal
2026-04-27 20:10:50.135187,Berlin-d388,4,84,Normal
2026-04-27 20:10:51.135187,Berlin-d388,23,31,Normal
2026-04-27 20:10:52.135187,Berlin-d388,17,27,Normal
2026-04-27 20:10:53.135187,Berlin-d388,42,89,Normal
2026-04-27 20:10:54.135187,Berlin-d388,46,51,Normal
2026-04-27 20:10:55.135187,Berlin-d388,44,37,Normal
2026-04-27 20:10:56.135187,Berlin-d388,24,54,Normal
2026-04-27 20:10:57.135187,Berlin-d388,12,81,Normal
2026-04-27 20:10:58.135187,Berlin-d388,-18,95,Normal
2026-04-27 20:10:59.135187,Berlin-d388,43,29,Normal
2026-04-27 20:11:00.135187,Berlin-d388,-15,95,Normal
2026-04-27 20:11:01.135187,Berlin-d388,14,20,Normal
2026-04-27 20:11:02.135187,Berlin-d388,-26,85,Normal
2026-04-27 20:11:03.135187,Berlin-d388,-9,31,Normal
2026-04-27 20:11:04.135187,Berlin-d388,-3,85,Normal
2026-04-27 20:11:05.135187,Berlin-d388,-5,51,Normal
2026-04-27 20:11:06.135187,Berlin-d388,41,83,Normal
2026-04-27 20:11:07.135187,Berlin-d388,20,94,Normal
2026-04-27 20:11:08.135187,Berlin-d388,-18,98,Normal
2026-04-27 20:11:09.135187,Berlin-d388,-15,95,Normal
2026-04-27 20:11:10.135187,Berlin-d388,34,8,Normal
2026-04-27 20:11:11.135187,Berlin-d388,29,62,Normal
2026-04-27 20:11:12.135187,Berlin-d388,23,20,Normal
2026-04-27 20:11:13.135187,Berlin-d388,-16,77,Normal
2026-04-27 20:11:14.135187,Berlin-d388,-1,84,Normal
2026-04-27 20:11:15.135187,Berlin-d388,37,67,Normal
2026-04-27 20:11:16.135187,Berlin-d388,-13,39,Normal
2026-04-27 20:11:17.135187,Berlin-d388,42,42,Normal
2026-04-27 20:11:18.135187,Berlin-d388,33,96,Normal
2026-04-27 20:11:19.135187,Berlin-d388,7,48,Normal
2026-04-27 20:11:20.135187,Berlin-d388,-28,12,Normal
2026-04-27 20:11:21.135187,Berlin-d388,15,68,Normal
2026-04-27 20:11:22.135187,Berlin-d388,-17,70,Normal
2026-04-27 20:11:23.135187,Berlin-d388,-5,40,Normal
2026-04-27 20:11:24.135187,Berlin-d388,-6,0,Normal
2026-04-27 20:11:25.135187,Berlin-d388,46,44,Normal
2026-04-27 20:11:26.135187,Berlin-d388,39,95,Normal
2026-04-27 20:11:27.135187,Berlin-d388,-16,33,Normal
2026-04-27 20:11:28.135187,Berlin-d388,-26,37,Normal
2026-04-27 20:11:29.135187,Berlin-d388,-19,78,Normal
2026-04-27 20:11:30.135187,Berlin-d388,7,4,Normal
2026-04-27 20:11:31.135187,Berlin-d388,-16,46,Normal
2026-04-27 20:11:32.135187,Berlin-d388,-27,88,Normal
2026-04-27 20:11:33.135187,Berlin-d388,2,0,Normal
2026-04-27 20:11:34.135187,Berlin-d388,-16,33,Normal
2026-04-27 20:11:35.135187,Berlin-d388,28,12,Normal
2026-04-27 20:11:36.135187,Berlin-d388,-4,38,Normal
2026-04-27 20:11:37.135187,Berlin-d388,46,98,Normal
2026-04-27 20:11:38.135187,Berlin-d388,35,16,Normal
2026-04-27 20:11:39.135187,Berlin-d388,45,98,Normal
2026-04-27 20:11:40.135187,Berlin-d388,43,100,Normal
2026-04-27 20:11:41.135187,Berlin-d388,-23,82,Normal
2026-04-27 20:11:42.135187,Berlin-d388,28,88,Normal
2026-04-27 20:11:43.135187,Berlin-d388,33,31,Normal
2026-04-27 20:11:44.135187,Berlin-d388,13,21,Normal
2026-04-27 20:11:45.135187,Berlin-d388,-10,71,Normal
2026-04-27 20:11:46.135187,Berlin-d388,43,22,Normal
2026-04-27 20:11:47.135187,Berlin-d388,6,11,Normal
2026-04-27 20:11:48.135187,Berlin-d388,43,98,Normal
2026-04-27 20:11:49.135187,Berlin-d388,22,66,Normal
2026-04-27 20:11:50.135187,Berlin-d388,37,80,Normal
2026-04-27 20:11:51.135187,Berlin-d388,33,95,Normal
2026-04-27 20:11:52.135187,Berlin-d388,3,80,Normal
2026-04-27 20:11:53.135187,Berlin-d388,-4,27,Normal
2026-04-27 20:11:54.135187,Berlin-d388,20,58,Normal
2026-04-27 20:11:55.135187,Berlin-d388,-18,51,Normal
2026-04-27 20:11:56.135187,Berlin-d388,24,22,Normal
2026-04-27 20:11:57.135187,Berlin-d388,18,74,Normal
2026-04-27 20:11:58.135187,Berlin-d388,9,72,Normal
2026-04-27 20:11:59.135187,Berlin-d388,-22,86,Normal
2026-04-27 20:12:00.135187,Berlin-d388,8,6,Normal
2026-04-27 20:12:01.135187,Berlin-d388,-28,39,Normal
2026-04-27 20:12:02.135187,Berlin-d388,-9,78,Normal
2026-04-27 20:12:03.135187,Berlin-d388,-26,33,Normal
2026-04-27 20:12:04.135187,Berlin-d388,30,47,Normal
2026-04-27 20:12:05.135187,Berlin-d388,43,26,Normal
2026-04-27 20:12:06.135187,Berlin-d388,-12,75,Normal
2026-04-27 20:12:07.135187,Berlin-d388,-8,83,Normal
2026-04-27 20:12:08.135187,Berlin-d388,14,17,Normal
2026-04-27 20:12:09.135187,Berlin-d388,35,95,Normal
2026-04-27 20:12:10.135187,Berlin-d388,30,36,Normal
2026-04-27 20:12:11.135187,Berlin-d388,9,24,Normal
2026-04-27 20:12:12.135187,Berlin-d388,-12,79,Normal
2026-04-27 20:12:13.135187,Berlin-d388,-8,81,Normal
2026-04-27 20:12:14.135187,Berlin-d388,15,25,Normal
2026-04-27 20:12:15.135187,Berlin-d388,-17,66,Normal
2026-04-27 20:12:16.135187,Berlin-d388,-19,47,Normal
2026-04-27 20:12:17.135187,Berlin-d388,-15,65,Normal
2026-04-27 20:12:18.135187,Berlin-d388,33,55,Normal
2026-04-27 20:12:19.135187,Berlin-d388,-18,29,Normal
2026-04-27 20:12:20.135187,Berlin-d388,33,90,Normal
2026-04-27 20:12:21.135187,Berlin-d388,-4,65,Normal
2026-04-27 20:12:22.135187,Berlin-d388,14,7,Normal
2026-04-27 20:12:23.135187,Berlin-d388,45,25,Normal
2026-04-27 20:12:24.135187,Berlin-d388,34,66,Normal
2026-04-27 20:12:25.135187,Berlin-d388,45,55,Normal
2026-04-27 20:12:26.135187,Berlin-d388,-11,52,Normal
2026-04-27 20:12:27.135187,Berlin-d388,50,20,Normal
2026-04-27 20:12:28.135187,Berlin-d388,-23,14,Normal
2026-04-27 20:12:29.135187,Berlin-d388,43,100,Normal
2026-04-27 20:12:30.135187,Berlin-d388,-5,54,Normal
2026-04-27 20:12:31.135187,Berlin-d388,13,100,Normal
2026-04-27 20:12:32.135187,Berlin-d388,33,90,Normal
2026-04-27 20:12:33.135187,Berlin-d388,-23,17,Normal
2026-04-27 20:12:34.135187,Berlin-d388,33,56,Normal
2026-04-27 20:12:35.135187,Berlin-d388,-23,90,Normal
2026-04-27 20:12:36.135187,Berlin-d388,43,36,Normal
2026-04-27 20:12:37.135187,Berlin-d388,21,61,Normal
2026-04-27 20:12:38.135187,Berlin-d388,43,41,Normal
2026-04-27 20:12:39.135187,Berlin-d388,41,31,Normal
2026-04-27 20:12:40.135187,Berlin-d388,35,3,Normal
2026-04-27 20:12:41.135187,Berlin-d388,28,72,Normal
2026-04-27 20:12:42.135187,Berlin-d388,-27,16,Normal
2026-04-27 20:12:43.135187,Berlin-d388,1,13,Normal
2026-04-27 20:12:44.135187,Berlin-d388,-7,17,Normal
2026-04-27 20:12:45.135187,Berlin-d388,34,10,Normal
2026-04-27 20:12:46.135187,Berlin-d388,14,7,Normal
2026-04-27 20:12:47.135187,Berlin-d388,-19,30,Normal
2026-04-27 20:12:48.135187,Berlin-d388,30,0,Normal
2026-04-27 20:12:49.135187,Berlin-d388,-5,50,Normal
2026-04-27 20:12:50.135187,Berlin-d388,50,62,Normal
2026-04-27 20:12:51.135187,Berlin-d388,26,39,Normal
2026-04-27 20:12:52.135187,Berlin-d388,-6,70,Normal
2026-04-27 20:12:53.135187,Berlin-d388,40,81,Normal
2026-04-27 20:12:54.135187,Berlin-d388,-18,24,Normal
2026-04-27 20:12:55.135187,Berlin-d388,32,27,Normal
2026-04-27 20:12:56.135187,Berlin-d388,27,82,Normal
2026-04-27 20:12:57.135187,Berlin-d388,33,7,Normal
2026-04-27 20:12:58.135187,Berlin-d388,-8,66,Normal
2026-04-27 20:12:59.135187,Berlin-d388,3,99,Normal
2026-04-27 20:13:00.135187,Berlin-d388,43,56,Normal
2026-04-27 20:13:01.135187,Berlin-d388,-13,24,Normal
2026-04-27 20:13:02.135187,Berlin-d388,44,93,Normal
2026-04-27 20:13:03.135187,Berlin-d388,10,45,Normal
2026-04-27 20:13:04.135187,Berlin-d388,-29,2,Normal
2026-04-27 20:13:05.135187,Berlin-d388,16,23,Normal
2026-04-27 20:13:06.135187,Berlin-d388,18,17,Normal
2026-04-27 20:13:07.135187,Berlin-d388,-29,40,Normal
2026-04-27 20:13:08.135187,Berlin-d388,-25,24,Normal
2026-04-27 20:13:09.135187,Berlin-d388,45,34,Normal
2026-04-27 20:13:10.135187,Berlin-d388,17,62,Normal
2026-04-27 20:13:11.135187,Berlin-d388,5,24,Normal
2026-04-27 20:13:12.135187,Berlin-d388,-24,20,Normal
2026-04-27 20:13:13.135187,Berlin-d388,5,22,Normal
2026-04-27 20:13:14.135187,Berlin-d388,-18,97,Normal
2026-04-27 20:13:15.135187,Berlin-d388,20,40,Normal
2026-04-27 20:13:16.135187,Berlin-d388,-17,91,Normal
2026-04-27 20:13:17.135187,Berlin-d388,1,99,Normal
2026-04-27 20:13:18.135187,Berlin-d388,12,58,Normal
2026-04-27 20:13:19.135187,Berlin-d388,6,3,Normal
2026-04-27 20:13:20.135187,Berlin-d388,33,3,Normal
2026-04-27 20:13:21.135187,Berlin-d388,15,61,Normal
2026-04-27 20:13:22.135187,Berlin-d388,16,0,Normal
2026-04-27 20:13:23.135187,Berlin-d388,13,7,Normal
2026-04-27 20:13:24.135187,Berlin-d388,13,44,Normal
2026-04-27 20:13:25.135187,Berlin-d388,26,8,Normal
2026-04-27 20:13:26.135187,Berlin-d388,41,48,Normal
2026-04-27 20:13:27.135187,Berlin-d388,-15,4,Normal
2026-04-27 20:13:28.135187,Berlin-d388,-25,91,Normal
2026-04-27 20:13:29.135187,Berlin-d388,6,4,Normal
2026-04-27 20:13:30.135187,Berlin-d388,7,55,Normal
2026-04-27 20:13:31.135187,Berlin-d388,-11,18,Normal
2026-04-27 20:13:32.135187,Berlin-d388,3,37,Normal
2026-04-27 20:13:33.135187,Berlin-d388,-29,92,Normal
2026-04-27 20:13:34.135187,Berlin-d388,11,4,Normal
2026-04-27 20:13:35.135187,Berlin-d388,40,76,Normal
2026-04-27 20:13:36.135187,Berlin-d388,-28,98,Normal
2026-04-27 20:13:37.135187,Berlin-d388,15,11,Normal
2026-04-27 20:13:38.135187,Berlin-d388,-29,75,Normal
2026-04-27 20:13:39.135187,Berlin-d388,-23,4,Normal
2026-04-27 20:13:40.135187,Berlin-d388,32,100,Normal
2026-04-27 20:13:41.135187,Berlin-d388,0,52,Normal
2026-04-27 20:13:42.135187,Berlin-d388,-20,94,Normal
2026-04-27 20:13:43.135187,Berlin-d388,30,84,Normal
2026-04-27 20:13:44.135187,Berlin-d388,4,98,Normal
2026-04-27 20:13:45.135187,Berlin-d388,-3,98,Normal
2026-04-27 20:13:46.135187,Berlin-d388,12,74,Normal
2026-04-27 20:13:47.135187,Berlin-d388,-21,19,Normal
2026-04-27 20:13:48.135187,Berlin-d388,33,86,Normal
2026-04-27 20:13:49.135187,Berlin-d388,15,70,Normal
2026-04-27 20:13:50.135187,Berlin-d388,-8,22,Normal
2026-04-27 20:13:51.135187,Berlin-d388,1,58,Normal
2026-04-27 20:13:52.135187,Berlin-d388,-21,100,Normal
2026-04-27 20:13:53.135187,Berlin-d388,13,46,Normal
2026-04-27 20:13:54.135187,Berlin-d388,30,14,Normal
2026-04-27 20:13:55.135187,Berlin-d388,5,89,Normal
2026-04-27 20:13:56.135187,Berlin-d388,43,40,Normal
2026-04-27 20:13:57.135187,Berlin-d388,-2,27,Normal
2026-04-27 20:13:58.135187,Berlin-d388,20,68,Normal
2026-04-27 20:13:59.135187,Berlin-d388,47,87,Normal
2026-04-27 20:14:00.135187,Berlin-d388,16,92,Normal
2026-04-27 20:14:01.135187,Berlin-d388,34,83,Normal
2026-04-27 20:14:02.135187,Berlin-d388,43,57,Normal
2026-04-27 20:14:03.135187,Berlin-d388,-27,50,Normal
2026-04-27 20:14:04.135187,Berlin-d388,46,94,Normal
2026-04-27 20:14:05.135187,Berlin-d388,-10,19,Normal
2026-04-27 20:14:06.135187,Berlin-d388,28,88,Normal
2026-04-27 20:14:07.135187,Berlin-d388,42,69,Normal
2026-04-27 20:14:08.135187,Berlin-d388,-18,71,Normal
2026-04-27 20:14:09.135187,Berlin-d388,-20,18,Normal
2026-04-27 20:14:10.135187,Berlin-d388,2,48,Normal
2026-04-27 20:14:11.135187,Berlin-d388,18,24,Normal
2026-04-27 20:14:12.135187,Berlin-d388,23,67,Normal
2026-04-27 20:14:13.135187,Berlin-d388,-29,20,Normal
2026-04-27 20:14:14.135187,Berlin-d388,-20,4,Normal
2026-04-27 20:14:15.135187,Berlin-d388,45,39,Normal
2026-04-27 20:14:16.135187,Berlin-d388,31,27,Normal
2026-04-27 20:14:17.135187,Berlin-d388,32,32,Normal
2026-04-27 20:14:18.135187,Berlin-d388,-12,89,Normal
2026-04-27 20:14:19.135187,Berlin-d388,26,81,Normal
2026-04-27 20:14:20.135187,Berlin-d388,28,17,Normal
2026-04-27 20:14:21.135187,Berlin-d388,46,99,Normal
2026-04-27 20:14:22.135187,Berlin-d388,-24,94,Normal
2026-04-27 20:14:23.135187,Berlin-d388,15,23,Normal
2026-04-27 20:14:24.135187,Berlin-d388,-29,29,Normal
2026-04-27 20:14:25.135187,Berlin-d388,-20,30,Normal
2026-04-27 20:14:26.135187,Berlin-d388,5,14,Normal
2026-04-27 20:14:27.135187,Berlin-d388,9,44,Normal
2026-04-27 20:14:28.135187,Berlin-d388,-28,92,Normal
2026-04-27 20:14:29.135187,Berlin-d388,44,24,Normal
2026-04-27 20:14:30.135187,Berlin-d388,44,72,Normal
2026-04-27 20:14:31.135187,Berlin-d388,15,68,Normal
2026-04-27 20:14:32.135187,Berlin-d388,10,18,Normal
2026-04-27 20:14:33.135187,Berlin-d388,13,97,Normal
2026-04-27 20:14:34.135187,Berlin-d388,46,23,Normal
2026-04-27 20:14:35.135187,Berlin-d388,49,7,Normal
2026-04-27 20:14:36.135187,Berlin-d388,-3,43,Normal
2026-04-27 20:14:37.135187,Berlin-d388,42,64,Normal
2026-04-27 20:14:38.135187,Berlin-d388,-16,17,Normal
2026-04-27 20:14:39.135187,Berlin-d388,24,87,Normal
2026-04-27 20:14:40.135187,Berlin-d388,-7,5,Normal
2026-04-27 20:14:41.135187,Berlin-d388,32,14,Normal
2026-04-27 20:14:42.135187,Berlin-d388,48,40,Normal
2026-04-27 20:14:43.135187,Berlin-d388,11,14,Normal
2026-04-27 20:14:44.135187,Berlin-d388,-27,58,Normal
2026-04-27 20:14:45.135187,Berlin-d388,48,65,Normal
2026-04-27 20:14:46.135187,Berlin-d388,-14,98,Normal
2026-04-27 20:14:47.135187,Berlin-d388,34,44,Normal
2026-04-27 20:14:48.135187,Berlin-d388,-9,54,Normal
2026-04-27 20:14:49.135187,Berlin-d388,42,2,Normal
2026-04-27 20:14:50.135187,Berlin-d388,50,91,Normal
2026-04-27 20:14:51.135187,Berlin-d388,29,60,Normal
2026-04-27 20:14:52.135187,Berlin-d388,-18,55,Normal
2026-04-27 20:14:53.135187,Berlin-d388,17,38,Normal
2026-04-27 20:14:54.135187,Berlin-d388,12,11,Normal
2026-04-27 20:14:55.135187,Berlin-d388,-3,81,Normal
2026-04-27 20:14:56.135187,Berlin-d388,43,52,Normal
2026-04-27 20:14:57.135187,Berlin-d388,-21,25,Normal
2026-04-27 20:14:58.135187,Berlin-d388,-12,31,Normal
2026-04-27 20:14:59.135187,Berlin-d388,6,14,Normal
2026-04-27 20:15:00.135187,Berlin-d388,25,74,Normal
2026-04-27 20:15:01.135187,Berlin-d388,5,1,Normal
2026-04-27 20:15:02.135187,Berlin-d388,-18,37,Normal
2026-04-27 20:15:03.135187,Berlin-d388,1,32,Normal
2026-04-27 20:15:04.135187,Berlin-d388,-9,72,Normal
2026-04-27 20:15:05.135187,Berlin-d388,-26,50,Normal
2026-04-27 20:15:06.135187,Berlin-d388,35,68,Normal
2026-04-27 20:15:07.135187,Berlin-d388,-26,54,Normal
2026-04-27 20:15:08.135187,Berlin-d388,41,60,Normal
2026-04-27 20:15:09.135187,Berlin-d388,22,14,Normal
2026-04-27 20:15:10.135187,Berlin-d388,9,73,Normal
2026-04-27 20:15:11.135187,Berlin-d388,48,90,Normal
2026-04-27 20:15:12.135187,Berlin-d388,-21,57,Normal
2026-04-27 20:15:13.135187,Berlin-d388,36,17,Normal
2026-04-27 20:15:14.135187,Berlin-d388,-7,25,Normal
2026-04-27 20:15:15.135187,Berlin-d388,20,96,Normal
2026-04-27 20:15:16.135187,Berlin-d388,31,29,Normal
2026-04-27 20:15:17.135187,Berlin-d388,-10,9,Normal
2026-04-27 20:15:18.135187,Berlin-d388,45,21,Normal
2026-04-27 20:15:19.135187,Berlin-d388,-15,11,Normal
2026-04-27 20:15:20.135187,Berlin-d388,40,49,Normal
2026-04-27 20:15:21.135187,Berlin-d388,9,79,Normal
2026-04-27 20:15:22.135187,Berlin-d388,34,24,Normal
2026-04-27 20:15:23.135187,Berlin-d388,0,38,Normal
2026-04-27 20:15:24.135187,Berlin-d388,12,93,Normal
2026-04-27 20:15:25.135187,Berlin-d388,10,90,Normal
2026-04-27 20:15:26.135187,Berlin-d388,11,17,Normal
2026-04-27 20:15:27.135187,Berlin-d388,16,2,Normal
2026-04-27 20:15:28.135187,Berlin-d388,20,89,Normal
2026-04-27 20:15:29.135187,Berlin-d388,27,9,Normal
2026-04-27 20:15:30.135187,Berlin-d388,0,26,Normal
2026-04-27 20:15:31.135187,Berlin-d388,-11,0,Normal
2026-04-27 20:15:32.135187,Berlin-d388,50,28,Normal
2026-04-27 20:15:33.135187,Berlin-d388,-26,24,Normal
2026-04-27 20:15:34.135187,Berlin-d388,-28,86,Normal
2026-04-27 20:15:35.135187,Berlin-d388,34,3,Normal
2026-04-27 20:15:36.135187,Berlin-d388,50,96,Normal
2026-04-27 20:15:37.135187,Berlin-d388,-19,87,Normal
2026-04-27 20:15:38.135187,Berlin-d388,40,93,Normal
2026-04-27 20:15:39.135187,Berlin-d388,20,77,Normal
2026-04-27 20:15:40.135187,Berlin-d388,23,22,Normal
2026-04-27 20:15:41.135187,Berlin-d388,-30,38,Normal
2026-04-27 20:15:42.135187,Berlin-d388,28,75,Normal
2026-04-27 20:15:43.135187,Berlin-d388,24,54,Normal
2026-04-27 20:15:44.135187,Berlin-d388,50,32,Normal
2026-04-27 20:15:45.135187,Berlin-d388,20,49,Normal
2026-04-27 20:15:46.135187,Berlin-d388,-6,56,Normal
2026-04-27 20:15:47.135187,Berlin-d388,32,41,Normal
2026-04-27 20:15:48.135187,Berlin-d388,-9,62,Normal
2026-04-27 20:15:49.135187,Berlin-d388,15,55,Normal
2026-04-27 20:15:50.135187,Berlin-d388,16,61,Normal
2026-04-27 20:15:51.135187,Berlin-d388,-7,58,Normal
2026-04-27 20:15:52.135187,Berlin-d388,17,4,Normal
2026-04-27 20:15:53.135187,Berlin-d388,37,45,Normal
2026-04-27 20:15:54.135187,Berlin-d388,33,39,Normal
2026-04-27 20:15:55.135187,Berlin-d388,11,22,Normal
2026-04-27 20:15:56.135187,Berlin-d388,40,28,Normal
2026-04-27 20:15:57.135187,Berlin-d388,20,65,Normal
2026-04-27 20:15:58.135187,Berlin-d388,-11,99,Normal
2026-04-27 20:15:59.135187,Berlin-d388,-25,100,Normal
2026-04-27 20:16:00.135187,Berlin-d388,-14,80,Normal
2026-04-27 20:16:01.135187,Berlin-d388,34,47,Normal
2026-04-27 20:16:02.135187,Berlin-d388,-1,39,Normal
2026-04-27 20:16:03.135187,Berlin-d388,-21,47,Normal
2026-04-27 20:16:04.135187,Berlin-d388,20,8,Normal
2026-04-27 20:16:05.135187,Berlin-d388,10,5,Normal
2026-04-27 20:16:06.135187,Berlin-d388,-6,89,Normal
2026-04-27 20:16:07.135187,Berlin-d388,-9,88,Normal
2026-04-27 20:16:08.135187,Berlin-d388,36,76,Normal
2026-04-27 20:16:09.135187,Berlin-d388,12,34,Normal
2026-04-27 20:16:10.135187,Berlin-d388,-27,48,Normal
2026-04-27 20:16:11.135187,Berlin-d388,-1,3,Normal
2026-04-27 20:16:12.135187,Berlin-d388,45,13,Normal
2026-04-27 20:16:13.135187,Berlin-d388,-23,66,Normal
2026-04-27 20:16:14.135187,Berlin-d388,-25,58,Normal
2026-04-27 20:16:15.135187,Berlin-d388,-24,98,Normal
2026-04-27 20:16:16.135187,Berlin-d388,30,6,Normal
2026-04-27 20:16:17.135187,Berlin-d388,0,56,Normal
2026-04-27 20:16:18.135187,Berlin-d388,27,63,Normal
2026-04-27 20:16:19.135187,Berlin-d388,5,48,Normal
2026-04-27 20:16:20.135187,Berlin-d388,44,5,Normal
2026-04-27 20:16:21.135187,Berlin-d388,12,44,Normal
2026-04-27 20:16:22.135187,Berlin-d388,6,27,Normal
2026-04-27 20:16:23.135187,Berlin-d388,12,14,Normal
2026-04-27 20:16:24.135187,Berlin-d388,21,25,Normal
2026-04-27 20:16:25.135187,Berlin-d388,30,70,Normal
2026-04-27 20:16:26.135187,Berlin-d388,-10,17,Normal
2026-04-27 20:16:27.135187,Berlin-d388,17,92,Normal
2026-04-27 20:16:28.135187,Berlin-d388,6,16,Normal
2026-04-27 20:16:29.135187,Berlin-d388,-5,43,Normal
2026-04-27 20:16:30.135187,Berlin-d388,38,80,Normal
2026-04-27 20:16:31.135187,Berlin-d388,3,40,Normal
2026-04-27 20:16:32.135187,Berlin-d388,-17,93,Normal
2026-04-27 20:16:33.135187,Berlin-d388,0,80,Normal
2026-04-27 20:16:34.135187,Berlin-d388,31,52,Normal
2026-04-27 20:16:35.135187,Berlin-d388,34,13,Normal
2026-04-27 20:16:36.135187,Berlin-d388,-8,79,Normal
2026-04-27 20:16:37.135187,Berlin-d388,46,61,Normal
2026-04-27 20:16:38.135187,Berlin-d388,35,57,Normal
2026-04-27 20:16:39.135187,Berlin-d388,-26,89,Normal
2026-04-27 20:16:40.135187,Berlin-d388,11,13,Normal
2026-04-27 20:16:41.135187,Berlin-d388,-6,90,Normal
2026-04-27 20:16:42.135187,Berlin-d388,-7,100,Normal
2026-04-27 20:16:43.135187,Berlin-d388,26,6,Normal
2026-04-27 20:16:44.135187,Berlin-d388,-9,31,Normal
2026-04-27 20:16:45.135187,Berlin-d388,-26,30,Normal
2026-04-27 20:16:46.135187,Berlin-d388,39,4,Normal
2026-04-27 20:16:47.135187,Berlin-d388,33,42,Normal
2026-04-27 20:16:48.135187,Berlin-d388,0,64,Normal
2026-04-27 20:16:49.135187,Berlin-d388,-8,49,Normal
2026-04-27 20:16:50.135187,Berlin-d388,-3,51,Normal
2026-04-27 20:16:51.135187,Berlin-d388,22,33,Normal
2026-04-27 20:16:52.135187,Berlin-d388,38,83,Normal
2026-04-27 20:16:53.135187,Berlin-d388,13,73,Normal
2026-04-27 20:16:54.135187,Berlin-d388,43,92,Normal
2026-04-27 20:16:55.135187,Berlin-d388,34,10,Normal
2026-04-27 20:16:56.135187,Berlin-d388,32,10,Normal
2026-04-27 20:16:57.135187,Berlin-d388,42,22,Normal
2026-04-27 20:16:58.135187,Berlin-d388,30,91,Normal
2026-04-27 20:16:59.135187,Berlin-d388,12,99,Normal
2026-04-27 20:17:00.135187,Berlin-d388,18,25,Normal
2026-04-27 20:17:01.135187,Berlin-d388,28,41,Normal
2026-04-27 20:17:02.135187,Berlin-d388,-24,29,Normal
2026-04-27 20:17:03.135187,Berlin-d388,-6,81,Normal
2026-04-27 20:17:04.135187,Berlin-d388,16,77,Normal
2026-04-27 20:17:05.135187,Berlin-d388,24,82,Normal
2026-04-27 20:17:06.135187,Berlin-d388,50,37,Normal
2026-04-27 20:17:07.135187,Berlin-d388,48,5,Normal
2026-04-27 20:17:08.135187,Berlin-d388,-30,60,Normal
2026-04-27 20:17:09.135187,Berlin-d388,-9,18,Normal
2026-04-27 20:17:10.135187,Berlin-d388,25,93,Normal
2026-04-27 20:17:11.135187,Berlin-d388,43,0,Normal
2026-04-27 20:17:12.135187,Berlin-d388,-9,81,Normal
2026-04-27 20:17:13.135187,Berlin-d388,32,0,Normal
2026-04-27 20:17:14.135187,Berlin-d388,3,93,Normal
2026-04-27 20:17:15.135187,Berlin-d388,20,52,Normal
2026-04-27 20:17:16.135187,Berlin-d388,-2,68,Normal
2026-04-27 20:17:17.135187,Berlin-d388,-17,99,Normal
2026-04-27 20:17:18.135187,Berlin-d388,-27,71,Normal
2026-04-27 20:17:19.135187,Berlin-d388,-5,29,Normal
2026-04-27 20:17:20.135187,Berlin-d388,27,25,Normal
2026-04-27 20:17:21.135187,Berlin-d388,-8,7,Normal
2026-04-27 20:17:22.135187,Berlin-d388,-14,68,Normal
2026-04-27 20:17:23.135187,Berlin-d388,4,72,Normal
2026-04-27 20:17:24.135187,Berlin-d388,-2,48,Normal
2026-04-27 20:17:25.135187,Berlin-d388,20,37,Normal
2026-04-27 20:17:26.135187,Berlin-d388,1,70,Normal
2026-04-27 20:17:27.135187,Berlin-d388,-17,4,Normal
2026-04-27 20:17:28.135187,Berlin-d388,12,12,Normal
2026-04-27 20:17:29.135187,Berlin-d388,-10,41,Normal
2026-04-27 20:17:30.135187,Berlin-d388,32,74,Normal
2026-04-27 20:17:31.135187,Berlin-d388,-5,70,Normal
2026-04-27 20:17:32.135187,Berlin-d388,29,4,Normal
2026-04-27 20:17:33.135187,Berlin-d388,33,92,Normal
2026-04-27 20:17:34.135187,Berlin-d388,7,50,Normal
2026-04-27 20:17:35.135187,Berlin-d388,-10,92,Normal
2026-04-27 20:17:36.135187,Berlin-d388,50,80,Normal
2026-04-27 20:17:37.135187,Berlin-d388,16,67,Normal
2026-04-27 20:17:38.135187,Berlin-d388,-25,5,Normal
2026-04-27 20:17:39.135187,Berlin-d388,13,87,Normal
2026-04-27 20:17:40.135187,Berlin-d388,-21,90,Normal
2026-04-27 20:17:41.135187,Berlin-d388,44,62,Normal
2026-04-27 20:17:42.135187,Berlin-d388,12,97,Normal
2026-04-27 20:17:43.135187,Berlin-d388,38,95,Normal
2026-04-27 20:17:44.135187,Berlin-d388,15,40,Normal
2026-04-27 20:17:45.135187,Berlin-d388,15,53,Normal
2026-04-27 20:17:46.135187,Berlin-d388,-7,48,Normal
2026-04-27 20:17:47.135187,Berlin-d388,41,74,Normal
2026-04-27 20:17:48.135187,Berlin-d388,13,4,Normal
2026-04-27 20:17:49.135187,Berlin-d388,50,71,Normal
2026-04-27 20:17:50.135187,Berlin-d388,20,61,Normal
2026-04-27 20:17:51.135187,Berlin-d388,41,44,Normal
2026-04-27 20:17:52.135187,Berlin-d388,-2,83,Normal
2026-04-27 20:17:53.135187,Berlin-d388,-10,21,Normal
2026-04-27 20:17:54.135187,Berlin-d388,-10,93,Normal
2026-04-27 20:17:55.135187,Berlin-d388,39,98,Normal
2026-04-27 20:17:56.135187,Berlin-d388,43,34,Normal
2026-04-27 20:17:57.135187,Berlin-d388,38,1,Normal
2026-04-27 20:17:58.135187,Berlin-d388,34,81,Normal
2026-04-27 20:17:59.135187,Berlin-d388,-2,23,Normal
2026-04-27 20:18:00.135187,Berlin-d388,33,1,Normal
2026-04-27 20:18:01.135187,Berlin-d388,17,22,Normal
2026-04-27 20:18:02.135187,Berlin-d388,9,96,Normal
2026-04-27 20:18:03.135187,Berlin-d388,25,24,Normal
2026-04-27 20:18:04.135187,Berlin-d388,9,18,Normal
2026-04-27 20:18:05.135187,Berlin-d388,-19,37,Normal
2026-04-27 20:18:06.135187,Berlin-d388,-13,29,Normal
2026-04-27 20:18:07.135187,Berlin-d388,33,46,Normal
2026-04-27 20:18:08.135187,Berlin-d388,20,43,Normal
2026-04-27 20:18:09.135187,Berlin-d388,-8,19,Normal
2026-04-27 20:18:10.135187,Berlin-d388,41,65,Normal
2026-04-27 20:18:11.135187,Berlin-d388,33,56,Normal
2026-04-27 20:18:12.135187,Berlin-d388,39,26,Normal
2026-04-27 20:18:13.135187,Berlin-d388,-13,34,Normal
2026-04-27 20:18:14.135187,Berlin-d388,-15,82,Normal
2026-04-27 20:18:15.135187,Berlin-d388,20,43,Normal
2026-04-27 20:18:16.135187,Berlin-d388,-30,92,Normal
2026-04-27 20:18:17.135187,Berlin-d388,24,30,Normal
2026-04-27 20:18:18.135187,Berlin-d388,40,4,Normal
2026-04-27 20:18:19.135187,Berlin-d388,9,27,Normal
2026-04-27 20:18:20.135187,Berlin-d388,49,29,Normal
2026-04-27 20:18:21.135187,Berlin-d388,0,9,Normal
2026-04-27 20:18:22.135187,Berlin-d388,-25,19,Normal
2026-04-27 20:18:23.135187,Berlin-d388,-25,31,Normal
2026-04-27 20:18:24.135187,Berlin-d388,-29,20,Normal
2026-04-27 20:18:25.135187,Berlin-d388,16,17,Normal
2026-04-27 20:18:26.135187,Berlin-d388,42,33,Normal
2026-04-27 20:18:27.135187,Berlin-d388,29,60,Normal
2026-04-27 20:18:28.135187,Berlin-d388,47,45,Normal
2026-04-27 20:18:29.135187,Berlin-d388,47,15,Normal
2026-04-27 20:18:30.135187,Berlin-d388,17,25,Normal
2026-04-27 20:18:31.135187,Berlin-d388,15,62,Normal
2026-04-27 20:18:32.135187,Berlin-d388,3,67,Normal
2026-04-27 20:18:33.135187,Berlin-d388,30,46,Normal
2026-04-27 20:18:34.135187,Berlin-d388,-9,83,Normal
2026-04-27 20:18:35.135187,Berlin-d388,30,72,Normal
2026-04-27 20:18:36.135187,Berlin-d388,-26,17,Normal
2026-04-27 20:18:37.135187,Berlin-d388,-25,51,Normal
2026-04-27 20:18:38.135187,Berlin-d388,47,26,Normal
2026-04-27 20:18:39.135187,Berlin-d388,25,74,Normal
2026-04-27 20:18:40.135187,Berlin-d388,-26,68,Normal
2026-04-27 20:18:41.135187,Berlin-d388,4,68,Normal
2026-04-27 20:18:42.135187,Berlin-d388,8,68,Normal
2026-04-27 20:18:43.135187,Berlin-d388,11,30,Normal
2026-04-27 20:18:44.135187,Berlin-d388,43,88,Normal
2026-04-27 20:18:45.135187,Berlin-d388,1,67,Normal
2026-04-27 20:18:46.135187,Berlin-d388,48,17,Normal
2026-04-27 20:18:47.135187,Berlin-d388,35,78,Normal
2026-04-27 20:18:48.135187,Berlin-d388,37,12,Normal
2026-04-27 20:18:49.135187,Berlin-d388,-25,93,Normal
2026-04-27 20:18:50.135187,Berlin-d388,-6,60,Normal
2026-04-27 20:18:51.135187,Berlin-d388,-1,8,Normal
2026-04-27 20:18:52.135187,Berlin-d388,26,49,Normal
2026-04-27 20:18:53.135187,Berlin-d388,24,64,Normal
2026-04-27 20:18:54.135187,Berlin-d388,35,15,Normal
2026-04-27 20:18:55.135187,Berlin-d388,22,72,Normal
2026-04-27 20:18:56.135187,Berlin-d388,3,54,Normal
2026-04-27 20:18:57.135187,Berlin-d388,40,95,Normal
2026-04-27 20:18:58.135187,Berlin-d388,42,22,Normal
2026-04-27 20:18:59.135187,Berlin-d388,24,86,Normal
2026-04-27 20:19:00.135187,Berlin-d388,50,18,Normal
2026-04-27 20:19:01.135187,Berlin-d388,-3,18,Normal
2026-04-27 20:19:02.135187,Berlin-d388,21,71,Normal
2026-04-27 20:19:03.135187,Berlin-d388,-17,54,Normal
2026-04-27 20:19:04.135187,Berlin-d388,16,36,Normal
2026-04-27 20:19:05.135187,Berlin-d388,-4,91,Normal
2026-04-27 20:19:06.135187,Berlin-d388,-30,6,Normal
2026-04-27 20:19:07.135187,Berlin-d388,16,48,Normal
2026-04-27 20:19:08.135187,Berlin-d388,-8,96,Normal
2026-04-27 20:19:09.135187,Berlin-d388,1,73,Normal
2026-04-27 20:19:10.135187,Berlin-d388,14,44,Normal
2026-04-27 20:19:11.135187,Berlin-d388,-1,7,Normal
2026-04-27 20:19:12.135187,Berlin-d388,-17,8,Normal
2026-04-27 20:19:13.135187,Berlin-d388,24,24,Normal
2026-04-27 20:19:14.135187,Berlin-d388,42,99,Normal
2026-04-27 20:19:15.135187,Berlin-d388,28,74,Normal
2026-04-27 20:19:16.135187,Berlin-d388,-9,30,Normal
2026-04-27 20:19:17.135187,Berlin-d388,39,42,Normal
2026-04-27 20:19:18.135187,Berlin-d388,39,20,Normal
2026-04-27 20:19:19.135187,Berlin-d388,-6,31,Normal
2026-04-27 20:19:20.135187,Berlin-d388,27,61,Normal
2026-04-27 20:19:21.135187,Berlin-d388,18,66,Normal
2026-04-27 20:19:22.135187,Berlin-d388,-1,89,Normal
2026-04-27 20:19:23.135187,Berlin-d388,-8,52,Normal
2026-04-27 20:19:24.135187,Berlin-d388,44,22,Normal
2026-04-27 20:19:25.135187,Berlin-d388,12,73,Normal
2026-04-27 20:19:26.135187,Berlin-d388,39,8,Normal
2026-04-27 20:19:27.135187,Berlin-d388,-15,2,Normal
2026-04-27 20:19:28.135187,Berlin-d388,16,56,Normal
2026-04-27 20:19:29.135187,Berlin-d388,31,2,Normal
2026-04-27 20:19:30.135187,Berlin-d388,50,48,Normal
2026-04-27 20:19:31.135187,Berlin-d388,-17,93,Normal
2026-04-27 20:19:32.135187,Berlin-d388,43,32,Normal
2026-04-27 20:19:33.135187,Berlin-d388,48,5,Normal
2026-04-27 20:19:34.135187,Berlin-d388,2,97,Normal
2026-04-27 20:19:35.135187,Berlin-d388,-30,24,Normal
2026-04-27 20:19:36.135187,Berlin-d388,31,86,Normal
2026-04-27 20:19:37.135187,Berlin-d388,-10,3,Normal
2026-04-27 20:19:38.135187,Berlin-d388,-10,7,Normal
2026-04-27 20:19:39.135187,Berlin-d388,-3,5,Normal
2026-04-27 20:19:40.135187,Berlin-d388,34,92,Normal
2026-04-27 20:19:41.135187,Berlin-d388,19,13,Normal
2026-04-27 20:19:42.135187,Berlin-d388,-6,71,Normal
2026-04-27 20:19:43.135187,Berlin-d388,23,92,Normal
2026-04-27 20:19:44.135187,Berlin-d388,1,84,Normal
2026-04-27 20:19:45.135187,Berlin-d388,32,29,Normal
2026-04-27 20:19:46.135187,Berlin-d388,39,47,Normal
2026-04-27 20:19:47.135187,Berlin-d388,38,66,Normal
2026-04-27 20:19:48.135187,Berlin-d388,1,47,Normal
2026-04-27 20:19:49.135187,Berlin-d388,7,33,Normal
2026-04-27 20:19:50.135187,Berlin-d388,-23,28,Normal
2026-04-27 20:19:51.135187,Berlin-d388,23,23,Normal
2026-04-27 20:19:52.135187,Berlin-d388,45,15,Normal
2026-04-27 20:19:53.135187,Berlin-d388,44,99,Normal
2026-04-27 20:19:54.135187,Berlin-d388,-10,41,Normal
2026-04-27 20:19:55.135187,Berlin-d388,18,59,Normal
2026-04-27 20:19:56.135187,Berlin-d388,12,68,Normal
2026-04-27 20:19:57.135187,Berlin-d388,11,94,Normal
2026-04-27 20:19:58.135187,Berlin-d388,-20,84,Normal
2026-04-27 20:19:59.135187,Berlin-d388,-7,93,Normal
2026-04-27 20:20:00.135187,Berlin-d388,-12,23,Normal
2026-04-27 20:20:01.135187,Berlin-d388,43,75,Normal
2026-04-27 20:20:02.135187,Berlin-d388,-8,97,Normal
2026-04-27 20:20:03.135187,Berlin-d388,9,25,Normal
2026-04-27 20:20:04.135187,Berlin-d388,32,39,Normal
2026-04-27 20:20:05.135187,Berlin-d388,-8,15,Normal
2026-04-27 20:20:06.135187,Berlin-d388,-11,74,Normal
2026-04-27 20:20:07.135187,Berlin-d388,26,41,Normal
2026-04-27 20:20:08.135187,Berlin-d388,-5,51,Normal
2026-04-27 20:20:09.135187,Berlin-d388,-5,31,Normal
2026-04-27 20:20:10.135187,Berlin-d388,26,87,Normal
2026-04-27 20:20:11.135187,Berlin-d388,31,25,Normal
2026-04-27 20:20:12.135187,Berlin-d388,-7,12,Normal
2026-04-27 20:20:13.135187,Berlin-d388,-1,27,Normal
2026-04-27 20:20:14.135187,Berlin-d388,17,100,Normal
2026-04-27 20:20:15.135187,Berlin-d388,-6,91,Normal
2026-04-27 20:20:16.135187,Berlin-d388,-25,88,Normal
2026-04-27 20:20:17.135187,Berlin-d388,24,67,Normal
2026-04-27 20:20:18.135187,Berlin-d388,5,61,Normal
2026-04-27 20:20:19.135187,Berlin-d388,23,81,Normal
2026-04-27 20:20:20.135187,Berlin-d388,50,57,Normal
2026-04-27 20:20:21.135187,Berlin-d388,6,1,Normal
2026-04-27 20:20:22.135187,Berlin-d388,25,87,Normal
2026-04-27 20:20:23.135187,Berlin-d388,36,11,Normal
2026-04-27 20:20:24.135187,Berlin-d388,42,69,Normal
2026-04-27 20:20:25.135187,Berlin-d388,4,63,Normal
2026-04-27 20:20:26.135187,Berlin-d388,16,79,Normal
2026-04-27 20:20:27.135187,Berlin-d388,-22,53,Normal
2026-04-27 20:20:28.135187,Berlin-d388,35,58,Normal
2026-04-27 20:20:29.135187,Berlin-d388,6,77,Normal
2026-04-27 20:20:30.135187,Berlin-d388,21,23,Normal
2026-04-27 20:20:31.135187,Berlin-d388,6,41,Normal
2026-04-27 20:20:32.135187,Berlin-d388,19,13,Normal
2026-04-27 20:20:33.135187,Berlin-d388,48,72,Normal
2026-04-27 20:20:34.135187,Berlin-d388,36,0,Normal
2026-04-27 20:20:35.135187,Berlin-d388,48,94,Normal
2026-04-27 20:20:36.135187,Berlin-d388,-16,92,Normal
2026-04-27 20:20:37.135187,Berlin-d388,-25,26,Normal
2026-04-27 20:20:38.135187,Berlin-d388,43,30,Normal
2026-04-27 20:20:39.135187,Berlin-d388,23,28,Normal
2026-04-27 20:20:40.135187,Berlin-d388,21,29,Normal
2026-04-27 20:20:41.135187,Berlin-d388,-10,70,Normal
2026-04-27 20:20:42.135187,Berlin-d388,35,59,Normal
2026-04-27 20:20:43.135187,Berlin-d388,28,9,Normal
2026-04-27 20:20:44.135187,Berlin-d388,10,66,Normal
2026-04-27 20:20:45.135187,Berlin-d388,-1,20,Normal
2026-04-27 20:20:46.135187,Berlin-d388,-24,98,Normal
2026-04-27 20:20:47.135187,Berlin-d388,-7,9,Normal
2026-04-27 20:20:48.135187,Berlin-d388,-25,85,Normal
2026-04-27 20:20:49.135187,Berlin-d388,17,38,Normal
2026-04-27 20:20:50.135187,Berlin-d388,-18,12,Normal
2026-04-27 20:20:51.135187,Berlin-d388,30,84,Normal
2026-04-27 20:20:52.135187,Berlin-d388,18,75,Normal
2026-04-27 20:20:53.135187,Berlin-d388,23,18,Normal
2026-04-27 20:20:54.135187,Berlin-d388,4,21,Normal
2026-04-27 20:20:55.135187,Berlin-d388,0,85,Normal
2026-04-27 20:20:56.135187,Berlin-d388,11,13,Normal
2026-04-27 20:20:57.135187,Berlin-d388,-11,8,Normal
2026-04-27 20:20:58.135187,Berlin-d388,16,26,Normal
2026-04-27 20:20:59.135187,Berlin-d388,-13,99,Normal
2026-04-27 20:21:00.135187,Berlin-d388,36,17,Normal
2026-04-27 20:21:01.135187,Berlin-d388,6,5,Normal
2026-04-27 20:21:02.135187,Berlin-d388,6,94,Normal
2026-04-27 20:21:03.135187,Berlin-d388,41,55,Normal
2026-04-27 20:21:04.135187,Berlin-d388,38,54,Normal
2026-04-27 20:21:05.135187,Berlin-d388,23,24,Normal
2026-04-27 20:21:06.135187,Berlin-d388,-29,57,Normal
2026-04-27 20:21:07.135187,Berlin-d388,16,87,Normal
2026-04-27 20:21:08.135187,Berlin-d388,42,71,Normal
2026-04-27 20:21:09.135187,Berlin-d388,-7,18,Normal
2026-04-27 20:21:10.135187,Berlin-d388,-1,46,Normal
2026-04-27 20:21:11.135187,Berlin-d388,-23,46,Normal
2026-04-27 20:21:12.135187,Berlin-d388,6,90,Normal
2026-04-27 20:21:13.135187,Berlin-d388,39,87,Normal
2026-04-27 20:21:14.135187,Berlin-d388,1,86,Normal
2026-04-27 20:21:15.135187,Berlin-d388,-26,38,Normal
2026-04-27 20:21:16.135187,Berlin-d388,20,66,Normal
2026-04-27 20:21:17.135187,Berlin-d388,-29,24,Normal
2026-04-27 20:21:18.135187,Berlin-d388,33,29,Normal
2026-04-27 20:21:19.135187,Berlin-d388,2,40,Normal
2026-04-27 20:21:20.135187,Berlin-d388,9,32,Normal
2026-04-27 20:21:21.135187,Berlin-d388,4,7,Normal
2026-04-27 20:21:22.135187,Berlin-d388,-6,28,Normal
2026-04-27 20:21:23.135187,Berlin-d388,20,100,Normal
2026-04-27 20:21:24.135187,Berlin-d388,-5,42,Normal
2026-04-27 20:21:25.135187,Berlin-d388,-1,12,Normal
2026-04-27 20:21:26.135187,Berlin-d388,-11,89,Normal
2026-04-27 20:21:27.135187,Berlin-d388,-2,78,Normal
2026-04-27 20:21:28.135187,Berlin-d388,-21,19,Normal
2026-04-27 20:21:29.135187,Berlin-d388,29,9,Normal
2026-04-27 20:21:30.135187,Berlin-d388,-6,43,Normal
2026-04-27 20:21:31.135187,Berlin-d388,18,34,Normal
2026-04-27 20:21:32.135187,Berlin-d388,33,38,Normal
2026-04-27 20:21:33.135187,Berlin-d388,-7,34,Normal
2026-04-27 20:21:34.135187,Berlin-d388,21,79,Normal
2026-04-27 20:21:35.135187,Berlin-d388,40,96,Normal
2026-04-27 20:21:36.135187,Berlin-d388,20,22,Normal
2026-04-27 20:21:37.135187,Berlin-d388,48,32,Normal
2026-04-27 20:21:38.135187,Berlin-d388,-26,63,Normal
2026-04-27 20:21:39.135187,Berlin-d388,40,64,Normal
2026-04-27 20:21:40.135187,Berlin-d388,22,99,Normal
2026-04-27 20:21:41.135187,Berlin-d388,10,41,Normal
2026-04-27 20:21:42.135187,Berlin-d388,-17,52,Normal
2026-04-27 20:21:43.135187,Berlin-d388,23,92,Normal
2026-04-27 20:21:44.135187,Berlin-d388,22,19,Normal
2026-04-27 20:21:45.135187,Berlin-d388,15,46,Normal
2026-04-27 20:21:46.135187,Berlin-d388,13,95,Normal
2026-04-27 20:21:47.135187,Berlin-d388,22,99,Normal
2026-04-27 20:21:48.135187,Berlin-d388,34,20,Normal
2026-04-27 20:21:49.135187,Berlin-d388,17,30,Normal
2026-04-27 20:21:50.135187,Berlin-d388,7,1,Normal
2026-04-27 20:21:51.135187,Berlin-d388,-15,17,Normal
2026-04-27 20:21:52.135187,Berlin-d388,3,18,Normal
2026-04-27 20:21:53.135187,Berlin-d388,3,89,Normal
2026-04-27 20:21:54.135187,Berlin-d388,2,97,Normal
2026-04-27 20:21:55.135187,Berlin-d388,49,31,Normal
2026-04-27 20:21:56.135187,Berlin-d388,4,29,Normal
2026-04-27 20:21:57.135187,Berlin-d388,-4,6,Normal
2026-04-27 20:21:58.135187,Berlin-d388,45,85,Normal
2026-04-27 20:21:59.135187,Berlin-d388,-9,87,Normal
2026-04-27 20:22:00.135187,Berlin-d388,35,9,Normal
2026-04-27 20:22:01.135187,Berlin-d388,-18,6,Normal
2026-04-27 20:22:02.135187,Berlin-d388,-26,25,Normal
2026-04-27 20:22:03.135187,Berlin-d388,2,74,Normal
2026-04-27 20:22:04.135187,Berlin-d388,25,67,Normal
2026-04-27 20:22:05.135187,Berlin-d388,-12,100,Normal
2026-04-27 20:22:06.135187,Berlin-d388,48,79,Normal
2026-04-27 20:22:07.135187,Berlin-d388,11,67,Normal
2026-04-27 20:22:08.135187,Berlin-d388,29,33,Normal
2026-04-27 20:22:09.135187,Berlin-d388,43,26,Normal
2026-04-27 20:22:10.135187,Berlin-d388,23,9,Normal
2026-04-27 20:22:11.135187,Berlin-d388,15,72,Normal
2026-04-27 20:22:12.135187,Berlin-d388,45,72,Normal
2026-04-27 20:22:13.135187,Berlin-d388,38,73,Normal
2026-04-27 20:22:14.135187,Berlin-d388,8,82,Normal
2026-04-27 20:22:15.135187,Berlin-d388,50,91,Normal
2026-04-27 20:22:16.135187,Berlin-d388,46,73,Normal
2026-04-27 20:22:17.135187,Berlin-d388,36,26,Normal
2026-04-27 20:22:18.135187,Berlin-d388,18,78,Normal
2026-04-27 20:22:19.135187,Berlin-d388,2,42,Normal
2026-04-27 20:22:20.135187,Berlin-d388,36,40,Normal
2026-04-27 20:22:21.135187,Berlin-d388,-26,75,Normal
2026-04-27 20:22:22.135187,Berlin-d388,-30,72,Normal
2026-04-27 20:22:23.135187,Berlin-d388,18,78,Normal
2026-04-27 20:22:24.135187,Berlin-d388,4,6,Normal
2026-04-27 20:22:25.135187,Berlin-d388,12,12,Normal
2026-04-27 20:22:26.135187,Berlin-d388,34,80,Normal
2026-04-27 20:22:27.135187,Berlin-d388,45,76,Normal
2026-04-27 20:22:28.135187,Berlin-d388,8,17,Normal
2026-04-27 20:22:29.135187,Berlin-d388,50,90,Normal
2026-04-27 20:22:30.135187,Berlin-d388,35,84,Normal
2026-04-27 20:22:31.135187,Berlin-d388,-5,56,Normal
2026-04-27 20:22:32.135187,Berlin-d388,48,49,Normal
2026-04-27 20:22:33.135187,Berlin-d388,30,100,Normal
2026-04-27 20:22:34.135187,Berlin-d388,-23,76,Normal
2026-04-27 20:22:35.135187,Berlin-d388,12,42,Normal
2026-04-27 20:22:36.135187,Berlin-d388,14,94,Normal
2026-04-27 20:22:37.135187,Berlin-d388,-5,97,Normal
2026-04-27 20:22:38.135187,Berlin-d388,0,72,Normal
2026-04-27 20:22:39.135187,Berlin-d388,-10,91,Normal
2026-04-27 20:22:40.135187,Berlin-d388,38,53,Normal
2026-04-27 20:22:41.135187,Berlin-d388,17,64,Normal
2026-04-27 20:22:42.135187,Berlin-d388,18,72,Normal
2026-04-27 20:22:43.135187,Berlin-d388,40,89,Normal
2026-04-27 20:22:44.135187,Berlin-d388,-7,30,Normal
2026-04-27 20:22:45.135187,Berlin-d388,-9,98,Normal
2026-04-27 20:22:46.135187,Berlin-d388,-2,50,Normal
2026-04-27 20:22:47.135187,Berlin-d388,29,2,Normal
2026-04-27 20:22:48.135187,Berlin-d388,26,13,Normal
2026-04-27 20:22:49.135187,Berlin-d388,15,77,Normal
2026-04-27 20:22:50.135187,Berlin-d388,50,76,Normal
2026-04-27 20:22:51.135187,Berlin-d388,-19,31,Normal
2026-04-27 20:22:52.135187,Berlin-d388,-18,95,Normal
2026-04-27 20:22:53.135187,Berlin-d388,40,54,Normal
2026-04-27 20:22:54.135187,Berlin-d388,40,33,Normal
2026-04-27 20:22:55.135187,Berlin-d388,-12,62,Normal
2026-04-27 20:22:56.135187,Berlin-d388,34,28,Normal
2026-04-27 20:22:57.135187,Berlin-d388,-23,85,Normal
2026-04-27 20:22:58.135187,Berlin-d388,32,4,Normal
2026-04-27 20:22:59.135187,Berlin-d388,45,17,Normal
2026-04-27 20:23:00.135187,Berlin-d388,12,68,Normal
2026-04-27 20:23:01.135187,Berlin-d388,-10,82,Normal
2026-04-27 20:23:02.135187,Berlin-d388,13,33,Normal
2026-04-27 20:23:03.135187,Berlin-d388,39,12,Normal
2026-04-27 20:23:04.135187,Berlin-d388,46,2,Normal
2026-04-27 20:23:05.135187,Berlin-d388,50,38,Normal
2026-04-27 20:23:06.135187,Berlin-d388,-11,53,Normal
2026-04-27 20:23:07.135187,Berlin-d388,-21,28,Normal
2026-04-27 20:23:08.135187,Berlin-d388,18,32,Normal
2026-04-27 20:23:09.135187,Berlin-d388,10,70,Normal
2026-04-27 20:23:10.135187,Berlin-d388,47,80,Normal
2026-04-27 20:23:11.135187,Berlin-d388,17,74,Normal
2026-04-27 20:23:12.135187,Berlin-d388,1,5,Normal
2026-04-27 20:23:13.135187,Berlin-d388,-1,4,Normal
2026-04-27 20:23:14.135187,Berlin-d388,25,91,Normal
2026-04-27 20:23:15.135187,Berlin-d388,26,2,Normal
2026-04-27 20:23:16.135187,Berlin-d388,4,67,Normal
2026-04-27 20:23:17.135187,Berlin-d388,8,75,Normal
2026-04-27 20:23:18.135187,Berlin-d388,26,38,Normal
2026-04-27 20:23:19.135187,Berlin-d388,7,52,Normal
2026-04-27 20:23:20.135187,Berlin-d388,18,56,Normal
2026-04-27 20:23:21.135187,Berlin-d388,15,45,Normal
2026-04-27 20:23:22.135187,Berlin-d388,-11,19,Normal
2026-04-27 20:23:23.135187,Berlin-d388,-8,42,Normal
2026-04-27 20:23:24.135187,Berlin-d388,-2,60,Normal
2026-04-27 20:23:25.135187,Berlin-d388,16,89,Normal
2026-04-27 20:23:26.135187,Berlin-d388,15,44,Normal
2026-04-27 20:23:27.135187,Berlin-d388,1,66,Normal
2026-04-27 20:23:28.135187,Berlin-d388,11,64,Normal
2026-04-27 20:23:29.135187,Berlin-d388,-27,30,Normal
2026-04-27 20:23:30.135187,Berlin-d388,45,21,Normal
2026-04-27 20:23:31.135187,Berlin-d388,-22,52,Normal
2026-04-27 20:23:32.135187,Berlin-d388,-12,67,Normal
2026-04-27 20:23:33.135187,Berlin-d388,19,88,Normal
2026-04-27 20:23:34.135187,Berlin-d388,-20,32,Normal
2026-04-27 20:23:35.135187,Berlin-d388,8,57,Normal
2026-04-27 20:23:36.135187,Berlin-d388,19,9,Normal
2026-04-27 20:23:37.135187,Berlin-d388,33,61,Normal
2026-04-27 20:23:38.135187,Berlin-d388,37,75,Normal
2026-04-27 20:23:39.135187,Berlin-d388,-18,33,Normal
2026-04-27 20:23:40.135187,Berlin-d388,-7,93,Normal
2026-04-27 20:23:41.135187,Berlin-d388,-20,29,Normal
2026-04-27 20:23:42.135187,Berlin-d388,25,40,Normal
2026-04-27 20:23:43.135187,Berlin-d388,23,17,Normal
2026-04-27 20:23:44.135187,Berlin-d388,8,34,Normal
2026-04-27 20:23:45.135187,Berlin-d388,10,39,Normal
2026-04-27 20:23:46.135187,Berlin-d388,24,46,Normal
2026-04-27 20:23:47.135187,Berlin-d388,48,69,Normal
2026-04-27 20:23:48.135187,Berlin-d388,31,84,Normal
2026-04-27 20:23:49.135187,Berlin-d388,2,73,Normal
2026-04-27 20:23:50.135187,Berlin-d388,31,55,Normal
2026-04-27 20:23:51.135187,Berlin-d388,-27,52,Normal
2026-04-27 20:23:52.135187,Berlin-d388,29,70,Normal
2026-04-27 20:23:53.135187,Berlin-d388,-11,65,Normal
2026-04-27 20:23:54.135187,Berlin-d388,43,2,Normal
2026-04-27 20:23:55.135187,Berlin-d388,4,54,Normal
2026-04-27 20:23:56.135187,Berlin-d388,24,13,Normal
2026-04-27 20:23:57.135187,Berlin-d388,-10,55,Normal
2026-04-27 20:23:58.135187,Berlin-d388,15,34,Normal
2026-04-27 20:23:59.135187,Berlin-d388,17,42,Normal
2026-04-27 20:24:00.135187,Berlin-d388,46,69,Normal
2026-04-27 20:24:01.135187,Berlin-d388,-3,100,Normal
2026-04-27 20:24:02.135187,Berlin-d388,-2,19,Normal
2026-04-27 20:24:03.135187,Berlin-d388,39,88,Normal
2026-04-27 20:24:04.135187,Berlin-d388,28,51,Normal
2026-04-27 20:24:05.135187,Berlin-d388,31,78,Normal
2026-04-27 20:24:06.135187,Berlin-d388,26,99,Normal
2026-04-27 20:24:07.135187,Berlin-d388,38,97,Normal
2026-04-27 20:24:08.135187,Berlin-d388,22,0,Normal
2026-04-27 20:24:09.135187,Berlin-d388,0,62,Normal
2026-04-27 20:24:10.135187,Berlin-d388,39,79,Normal
2026-04-27 20:24:11.135187,Berlin-d388,-3,69,Normal
2026-04-27 20:24:12.135187,Berlin-d388,19,23,Normal
2026-04-27 20:24:13.135187,Berlin-d388,-5,26,Normal
2026-04-27 20:24:14.135187,Berlin-d388,-23,64,Normal
2026-04-27 20:24:15.135187,Berlin-d388,47,43,Normal
2026-04-27 20:24:16.135187,Berlin-d388,31,90,Normal
2026-04-27 20:24:17.135187,Berlin-d388,1,36,Normal
2026-04-27 20:24:18.135187,Berlin-d388,11,84,Normal
2026-04-27 20:24:19.135187,Berlin-d388,21,88,Normal
2026-04-27 20:24:20.135187,Berlin-d388,24,21,Normal
2026-04-27 20:24:21.135187,Berlin-d388,31,77,Normal
2026-04-27 20:24:22.135187,Berlin-d388,50,70,Normal
2026-04-27 20:24:23.135187,Berlin-d388,-9,57,Normal
2026-04-27 20:24:24.135187,Berlin-d388,44,3,Normal
2026-04-27 20:24:25.135187,Berlin-d388,2,77,Normal
2026-04-27 20:24:26.135187,Berlin-d388,45,76,Normal
2026-04-27 20:24:27.135187,Berlin-d388,-12,6,Normal
2026-04-27 20:24:28.135187,Berlin-d388,28,84,Normal
2026-04-27 20:24:29.135187,Berlin-d388,-24,29,Normal
2026-04-27 20:24:30.135187,Berlin-d388,1,60,Normal
2026-04-27 20:24:31.135187,Berlin-d388,40,97,Normal
2026-04-27 20:24:32.135187,Berlin-d388,12,73,Normal
2026-04-27 20:24:33.135187,Berlin-d388,-23,58,Normal
2026-04-27 20:24:34.135187,Berlin-d388,-6,23,Normal
2026-04-27 20:24:35.135187,Berlin-d388,-23,85,Normal
2026-04-27 20:24:36.135187,Berlin-d388,48,30,Normal
2026-04-27 20:24:37.135187,Berlin-d388,36,15,Normal
2026-04-27 20:24:38.135187,Berlin-d388,12,78,Normal
2026-04-27 20:24:39.135187,Berlin-d388,-4,32,Normal
2026-04-27 20:24:40.135187,Berlin-d388,31,99,Normal
2026-04-27 20:24:41.135187,Berlin-d388,-5,64,Normal
2026-04-27 20:24:42.135187,Berlin-d388,49,76,Normal
2026-04-27 20:24:43.135187,Berlin-d388,7,27,Normal
2026-04-27 20:24:44.135187,Berlin-d388,49,29,Normal
2026-04-27 20:24:45.135187,Berlin-d388,39,90,Normal
2026-04-27 20:24:46.135187,Berlin-d388,31,88,Normal
2026-04-27 20:24:47.135187,Berlin-d388,32,0,Normal
2026-04-27 20:24:48.135187,Berlin-d388,19,16,Normal
2026-04-27 20:24:49.135187,Berlin-d388,-26,93,Normal
2026-04-27 20:24:50.135187,Berlin-d388,48,30,Normal
2026-04-27 20:24:51.135187,Berlin-d388,-7,84,Normal
2026-04-27 20:24:52.135187,Berlin-d388,47,42,Normal
2026-04-27 20:24:53.135187,Berlin-d388,13,31,Normal
2026-04-27 20:24:54.135187,Berlin-d388,38,61,Normal
2026-04-27 20:24:55.135187,Berlin-d388,-11,74,Normal
2026-04-27 20:24:56.135187,Berlin-d388,41,20,Normal
2026-04-27 20:24:57.135187,Berlin-d388,17,98,Normal
2026-04-27 20:24:58.135187,Berlin-d388,-14,22,Normal
2026-04-27 20:24:59.135187,Berlin-d388,-9,19,Normal
2026-04-27 20:25:00.135187,Berlin-d388,-23,52,Normal
2026-04-27 20:25:01.135187,Berlin-d388,-24,10,Normal
2026-04-27 20:25:02.135187,Berlin-d388,27,41,Normal
2026-04-27 20:25:03.135187,Berlin-d388,-16,5,Normal
2026-04-27 20:25:04.135187,Berlin-d388,31,99,Normal
2026-04-27 20:25:05.135187,Berlin-d388,32,41,Normal
2026-04-27 20:25:06.135187,Berlin-d388,-27,7,Normal
2026-04-27 20:25:07.135187,Berlin-d388,36,85,Normal
2026-04-27 20:25:08.135187,Berlin-d388,17,28,Normal
2026-04-27 20:25:09.135187,Berlin-d388,10,0,Normal
2026-04-27 20:25:10.135187,Berlin-d388,27,48,Normal
2026-04-27 20:25:11.135187,Berlin-d388,24,13,Normal
2026-04-27 20:25:12.135187,Berlin-d388,-2,81,Normal
2026-04-27 20:25:13.135187,Berlin-d388,15,38,Normal
2026-04-27 20:25:14.135187,Berlin-d388,22,61,Normal
2026-04-27 20:25:15.135187,Berlin-d388,-12,15,Normal
2026-04-27 20:25:16.135187,Berlin-d388,-30,45,Normal
2026-04-27 20:25:17.135187,Berlin-d388,37,38,Normal
2026-04-27 20:25:18.135187,Berlin-d388,18,99,Normal
2026-04-27 20:25:19.135187,Berlin-d388,30,68,Normal
2026-04-27 20:25:20.135187,Berlin-d388,-29,94,Normal
2026-04-27 20:25:21.135187,Berlin-d388,0,66,Normal
2026-04-27 20:25:22.135187,Berlin-d388,-26,21,Normal
2026-04-27 20:25:23.135187,Berlin-d388,-4,88,Normal
2026-04-27 20:25:24.135187,Berlin-d388,-21,69,Normal
2026-04-27 20:25:25.135187,Berlin-d388,30,54,Normal
2026-04-27 20:25:26.135187,Berlin-d388,-22,66,Normal
2026-04-27 20:25:27.135187,Berlin-d388,-15,76,Normal
2026-04-27 20:25:28.135187,Berlin-d388,18,21,Normal
2026-04-27 20:25:29.135187,Berlin-d388,0,20,Normal
2026-04-27 20:25:30.135187,Berlin-d388,26,37,Normal
2026-04-27 20:25:31.135187,Berlin-d388,39,56,Normal
2026-04-27 20:25:32.135187,Berlin-d388,37,27,Normal
2026-04-27 20:25:33.135187,Berlin-d388,19,57,Normal
2026-04-27 20:25:34.135187,Berlin-d388,-7,18,Normal
2026-04-27 20:25:35.135187,Berlin-d388,24,15,Normal
2026-04-27 20:25:36.135187,Berlin-d388,32,19,Normal
2026-04-27 20:25:37.135187,Berlin-d388,8,63,Normal
2026-04-27 20:25:38.135187,Berlin-d388,-15,99,Normal
2026-04-27 20:25:39.135187,Berlin-d388,28,34,Normal
2026-04-27 20:25:40.135187,Berlin-d388,-11,50,Normal
2026-04-27 20:25:41.135187,Berlin-d388,-16,46,Normal
2026-04-27 20:25:42.135187,Berlin-d388,41,27,Normal
2026-04-27 20:25:43.135187,Berlin-d388,7,44,Normal
2026-04-27 20:25:44.135187,Berlin-d388,-30,57,Normal
2026-04-27 20:25:45.135187,Berlin-d388,31,91,Normal
2026-04-27 20:25:46.135187,Berlin-d388,-22,45,Normal
2026-04-27 20:25:47.135187,Berlin-d388,33,40,Normal
2026-04-27 20:25:48.135187,Berlin-d388,13,76,Normal
2026-04-27 20:25:49.135187,Berlin-d388,-9,30,Normal
2026-04-27 20:25:50.135187,Berlin-d388,-1,64,Normal
2026-04-27 20:25:51.135187,Berlin-d388,23,60,Normal
2026-04-27 20:25:52.135187,Berlin-d388,3,80,Normal
2026-04-27 20:25:53.135187,Berlin-d388,-24,31,Normal
2026-04-27 20:25:54.135187,Berlin-d388,16,69,Normal
2026-04-27 20:25:55.135187,Berlin-d388,13,92,Normal
2026-04-27 20:25:56.135187,Berlin-d388,42,29,Normal
2026-04-27 20:25:57.135187,Berlin-d388,29,65,Normal
2026-04-27 20:25:58.135187,Berlin-d388,14,81,Normal
2026-04-27 20:25:59.135187,Berlin-d388,-16,18,Normal
2026-04-27 20:26:00.135187,Berlin-d388,48,51,Normal
2026-04-27 20:26:01.135187,Berlin-d388,16,78,Normal
2026-04-27 20:26:02.135187,Berlin-d388,7,48,Normal
2026-04-27 20:26:03.135187,Berlin-d388,16,27,Normal
2026-04-27 20:26:04.135187,Berlin-d388,-14,46,Normal
2026-04-27 20:26:05.135187,Berlin-d388,-14,94,Normal
2026-04-27 20:26:06.135187,Berlin-d388,1,9,Normal
2026-04-27 20:26:07.135187,Berlin-d388,17,7,Normal
2026-04-27 20:26:08.135187,Berlin-d388,6,18,Normal
2026-04-27 20:26:09.135187,Berlin-d388,5,41,Normal
2026-04-27 20:26:10.135187,Berlin-d388,45,92,Normal
2026-04-27 20:26:11.135187,Berlin-d388,49,91,Normal
2026-04-27 20:26:12.135187,Berlin-d388,42,46,Normal
2026-04-27 20:26:13.135187,Berlin-d388,34,27,Normal
2026-04-27 20:26:14.135187,Berlin-d388,-6,54,Normal
2026-04-27 20:26:15.135187,Berlin-d388,35,45,Normal
2026-04-27 20:26:16.135187,Berlin-d388,-6,8,Normal
2026-04-27 20:26:17.135187,Berlin-d388,44,74,Normal
2026-04-27 20:26:18.135187,Berlin-d388,34,60,Normal
2026-04-27 20:26:19.135187,Berlin-d388,9,51,Normal
2026-04-27 20:26:20.135187,Berlin-d388,-6,6,Normal
2026-04-27 20:26:21.135187,Berlin-d388,39,67,Normal
2026-04-27 20:26:22.135187,Berlin-d388,41,67,Normal
2026-04-27 20:26:23.135187,Berlin-d388,44,55,Normal
2026-04-27 20:26:24.135187,Berlin-d388,-22,56,Normal
2026-04-27 20:26:25.135187,Berlin-d388,24,36,Normal
2026-04-27 20:26:26.135187,Berlin-d388,-23,50,Normal
2026-04-27 20:26:27.135187,Berlin-d388,16,2,Normal
2026-04-27 20:26:28.135187,Berlin-d388,-23,98,Normal
2026-04-27 20:26:29.135187,Berlin-d388,50,79,Normal
2026-04-27 20:26:30.135187,Berlin-d388,4,44,Normal
2026-04-27 20:26:31.135187,Berlin-d388,44,16,Normal
2026-04-27 20:26:32.135187,Berlin-d388,47,87,Normal
2026-04-27 20:26:33.135187,Berlin-d388,40,94,Normal
2026-04-27 20:26:34.135187,Berlin-d388,49,18,Normal
2026-04-27 20:26:35.135187,Berlin-d388,-3,90,Normal
2026-04-27 20:26:36.135187,Berlin-d388,12,81,Normal
2026-04-27 20:26:37.135187,Berlin-d388,16,13,Normal
2026-04-27 20:26:38.135187,Berlin-d388,7,0,Normal
2026-04-27 20:26:39.135187,Berlin-d388,44,7,Normal
2026-04-27 20:26:40.135187,Berlin-d388,22,53,Normal
2026-04-27 20:26:41.135187,Berlin-d388,31,83,Normal
2026-04-27 20:26:42.135187,Berlin-d388,29,30,Normal
2026-04-27 20:26:43.135187,Berlin-d388,-19,29,Normal
2026-04-27 20:26:44.135187,Berlin-d388,-6,64,Normal
2026-04-27 20:26:45.135187,Berlin-d388,50,47,Normal
2026-04-27 20:26:46.135187,Berlin-d388,-21,21,Normal
2026-04-27 20:26:47.135187,Berlin-d388,6,6,Normal
2026-04-27 20:26:48.135187,Berlin-d388,38,43,Normal
2026-04-27 20:26:49.135187,Berlin-d388,-24,39,Normal
2026-04-27 20:26:50.135187,Berlin-d388,5,66,Normal
2026-04-27 20:26:51.135187,Berlin-d388,35,76,Normal
2026-04-27 20:26:52.135187,Berlin-d388,-3,6,Normal
2026-04-27 20:26:53.135187,Berlin-d388,0,59,Normal
2026-04-27 20:26:54.135187,Berlin-d388,50,4,Normal
2026-04-27 20:26:55.135187,Berlin-d388,-26,33,Normal
2026-04-27 20:26:56.135187,Berlin-d388,35,9,Normal
2026-04-27 20:26:57.135187,Berlin-d388,-3,14,Normal
