timestamp,station_id,temp,humid,condition
2026-02-14 20:52:36.973156,London-ecb0,7,35,Normal
2026-02-14 20:52:37.973156,London-ecb0,-13,37,Normal
2026-02-14 20:52:38.973156,London-ecb0,33,8,Normal
2026-02-14 20:52:39.973156,London-ecb0,12,45,Normal
2026-02-14 20:52:40.973156,London-ecb0,43,77,Normal
2026-02-14 20:52:41.973156,London-ecb0,37,68,Normal
2026-02-14 20:52:42.973156,London-ecb0,24,99,Normal
2026-02-14 20:52:43.973156,London-ecb0,-21,66,Normal
2026-02-14 20:52:44.973156,London-ecb0,19,14,Normal
2026-02-14 20:52:45.973156,London-ecb0,-14,14,Normal
2026-02-14 20:52:46.973156,London-ecb0,44,73,Normal
2026-02-14 20:52:47.973156,London-ecb0,7,70,Normal
2026-02-14 20:52:48.973156,London-ecb0,4,67,Normal
2026-02-14 20:52:49.973156,London-ecb0,-19,10,Normal
2026-02-14 20:52:50.973156,London-ecb0,-8,79,Normal
2026-02-14 20:52:51.973156,London-ecb0,4,1,Normal
2026-02-14 20:52:52.973156,London-ecb0,32,6,Normal
2026-02-14 20:52:53.973156,London-ecb0,-26,26,Normal
2026-02-14 20:52:54.973156,London-ecb0,-13,37,Normal
2026-02-14 20:52:55.973156,London-ecb0,-12,74,Normal
2026-02-14 20:52:56.973156,London-ecb0,20,28,Normal
2026-02-14 20:52:57.973156,London-ecb0,-5,15,Normal
2026-02-14 20:52:58.973156,London-ecb0,23,53,Normal
2026-02-14 20:52:59.973156,London-ecb0,22,34,Normal
2026-02-14 20:53:00.973156,London-ecb0,5,96,Normal
2026-02-14 20:53:01.973156,London-ecb0,-3,90,Normal
2026-02-14 20:53:02.973156,London-ecb0,43,82,Normal
2026-02-14 20:53:03.973156,London-ecb0,-5,54,Normal
2026-02-14 20:53:04.973156,London-ecb0,16,51,Normal
2026-02-14 20:53:05.973156,London-ecb0,9,50,Normal
2026-02-14 20:53:06.973156,London-ecb0,17,68,Normal
2026-02-14 20:53:07.973156,London-ecb0,-29,87,Normal
2026-02-14 20:53:08.973156,London-ecb0,-26,32,Normal
2026-02-14 20:53:09.973156,London-ecb0,25,95,Normal
2026-02-14 20:53:10.973156,London-ecb0,-14,87,Normal
2026-02-14 20:53:11.973156,London-ecb0,47,16,Normal
2026-02-14 20:53:12.973156,London-ecb0,13,3,Normal
2026-02-14 20:53:13.973156,London-ecb0,-16,1,Normal
2026-02-14 20:53:14.973156,London-ecb0,8,55,Normal
2026-02-14 20:53:15.973156,London-ecb0,29,65,Normal
2026-02-14 20:53:16.973156,London-ecb0,30,29,Normal
2026-02-14 20:53:17.973156,London-ecb0,7,36,Normal
2026-02-14 20:53:18.973156,London-ecb0,17,75,Normal
2026-02-14 20:53:19.973156,London-ecb0,-22,31,Normal
2026-02-14 20:53:20.973156,London-ecb0,14,1,Normal
2026-02-14 20:53:21.973156,London-ecb0,-20,67,Normal
2026-02-14 20:53:22.973156,London-ecb0,2,64,Normal
2026-02-14 20:53:23.973156,London-ecb0,24,75,Normal
2026-02-14 20:53:24.973156,London-ecb0,34,77,Normal
2026-02-14 20:53:25.973156,London-ecb0,-18,2,Normal
2026-02-14 20:53:26.973156,London-ecb0,-17,87,Normal
2026-02-14 20:53:27.973156,London-ecb0,46,60,Normal
2026-02-14 20:53:28.973156,London-ecb0,-8,40,Normal
2026-02-14 20:53:29.973156,London-ecb0,46,12,Normal
2026-02-14 20:53:30.973156,London-ecb0,49,0,Normal
2026-02-14 20:53:31.973156,London-ecb0,19,14,Normal
2026-02-14 20:53:32.973156,London-ecb0,-5,24,Normal
2026-02-14 20:53:33.973156,London-ecb0,18,4,Normal
2026-02-14 20:53:34.973156,London-ecb0,-24,63,Normal
2026-02-14 20:53:35.973156,London-ecb0,22,10,Normal
2026-02-14 20:53:36.973156,London-ecb0,15,62,Normal
2026-02-14 20:53:37.973156,London-ecb0,30,17,Normal
2026-02-14 20:53:38.973156,London-ecb0,-25,90,Normal
2026-02-14 20:53:39.973156,London-ecb0,11,14,Normal
2026-02-14 20:53:40.973156,London-ecb0,0,61,Normal
2026-02-14 20:53:41.973156,London-ecb0,-6,39,Normal
2026-02-14 20:53:42.973156,London-ecb0,-16,100,Normal
2026-02-14 20:53:43.973156,London-ecb0,30,6,Normal
2026-02-14 20:53:44.973156,London-ecb0,26,86,Normal
2026-02-14 20:53:45.973156,London-ecb0,40,12,Normal
2026-02-14 20:53:46.973156,London-ecb0,21,10,Normal
2026-02-14 20:53:47.973156,London-ecb0,-23,73,Normal
2026-02-14 20:53:48.973156,London-ecb0,-15,37,Normal
2026-02-14 20:53:49.973156,London-ecb0,4,27,Normal
2026-02-14 20:53:50.973156,London-ecb0,-12,42,Normal
2026-02-14 20:53:51.973156,London-ecb0,46,1,Normal
2026-02-14 20:53:52.973156,London-ecb0,41,94,Normal
2026-02-14 20:53:53.973156,London-ecb0,15,55,Normal
2026-02-14 20:53:54.973156,London-ecb0,-11,43,Normal
2026-02-14 20:53:55.973156,London-ecb0,37,11,Normal
2026-02-14 20:53:56.973156,London-ecb0,-6,72,Normal
2026-02-14 20:53:57.973156,London-ecb0,40,100,Normal
2026-02-14 20:53:58.973156,London-ecb0,-15,22,Normal
2026-02-14 20:53:59.973156,London-ecb0,-29,27,Normal
2026-02-14 20:54:00.973156,London-ecb0,26,47,Normal
2026-02-14 20:54:01.973156,London-ecb0,47,18,Normal
2026-02-14 20:54:02.973156,London-ecb0,47,31,Normal
2026-02-14 20:54:03.973156,London-ecb0,13,18,Normal
2026-02-14 20:54:04.973156,London-ecb0,-16,27,Normal
2026-02-14 20:54:05.973156,London-ecb0,3,89,Normal
2026-02-14 20:54:06.973156,London-ecb0,-14,37,Normal
2026-02-14 20:54:07.973156,London-ecb0,-6,97,Normal
2026-02-14 20:54:08.973156,London-ecb0,18,4,Normal
2026-02-14 20:54:09.973156,London-ecb0,39,50,Normal
2026-02-14 20:54:10.973156,London-ecb0,-25,11,Normal
2026-02-14 20:54:11.973156,London-ecb0,15,69,Normal
2026-02-14 20:54:12.973156,London-ecb0,16,85,Normal
2026-02-14 20:54:13.973156,London-ecb0,-10,78,Normal
2026-02-14 20:54:14.973156,London-ecb0,-10,82,Normal
2026-02-14 20:54:15.973156,London-ecb0,-11,94,Normal
2026-02-14 20:54:16.973156,London-ecb0,-28,47,Normal
2026-02-14 20:54:17.973156,London-ecb0,49,85,Normal
2026-02-14 20:54:18.973156,London-ecb0,-2,72,Normal
2026-02-14 20:54:19.973156,London-ecb0,44,44,Normal
2026-02-14 20:54:20.973156,London-ecb0,6,100,Normal
2026-02-14 20:54:21.973156,London-ecb0,1,34,Normal
2026-02-14 20:54:22.973156,London-ecb0,9,91,Normal
2026-02-14 20:54:23.973156,London-ecb0,11,61,Normal
2026-02-14 20:54:24.973156,London-ecb0,-21,1,Normal
2026-02-14 20:54:25.973156,London-ecb0,36,29,Normal
2026-02-14 20:54:26.973156,London-ecb0,-24,91,Normal
2026-02-14 20:54:27.973156,London-ecb0,47,51,Normal
2026-02-14 20:54:28.973156,London-ecb0,9,29,Normal
2026-02-14 20:54:29.973156,London-ecb0,37,63,Normal
2026-02-14 20:54:30.973156,London-ecb0,-6,73,Normal
2026-02-14 20:54:31.973156,London-ecb0,19,62,Normal
2026-02-14 20:54:32.973156,London-ecb0,47,16,Normal
2026-02-14 20:54:33.973156,London-ecb0,2,49,Normal
2026-02-14 20:54:34.973156,London-ecb0,47,72,Normal
2026-02-14 20:54:35.973156,London-ecb0,24,34,Normal
2026-02-14 20:54:36.973156,London-ecb0,7,69,Normal
2026-02-14 20:54:37.973156,London-ecb0,-18,45,Normal
2026-02-14 20:54:38.973156,London-ecb0,29,8,Normal
2026-02-14 20:54:39.973156,London-ecb0,5,97,Normal
2026-02-14 20:54:40.973156,London-ecb0,-2,89,Normal
2026-02-14 20:54:41.973156,London-ecb0,30,32,Normal
2026-02-14 20:54:42.973156,London-ecb0,-17,53,Normal
2026-02-14 20:54:43.973156,London-ecb0,31,62,Normal
2026-02-14 20:54:44.973156,London-ecb0,-10,1,Normal
2026-02-14 20:54:45.973156,London-ecb0,7,24,Normal
2026-02-14 20:54:46.973156,London-ecb0,50,94,Normal
2026-02-14 20:54:47.973156,London-ecb0,41,36,Normal
2026-02-14 20:54:48.973156,London-ecb0,-11,53,Normal
2026-02-14 20:54:49.973156,London-ecb0,14,24,Normal
2026-02-14 20:54:50.973156,London-ecb0,22,46,Normal
2026-02-14 20:54:51.973156,London-ecb0,14,7,Normal
2026-02-14 20:54:52.973156,London-ecb0,-24,16,Normal
2026-02-14 20:54:53.973156,London-ecb0,22,5,Normal
2026-02-14 20:54:54.973156,London-ecb0,-22,39,Normal
2026-02-14 20:54:55.973156,London-ecb0,16,93,Normal
2026-02-14 20:54:56.973156,London-ecb0,-11,38,Normal
2026-02-14 20:54:57.973156,London-ecb0,-3,12,Normal
2026-02-14 20:54:58.973156,London-ecb0,-30,86,Normal
2026-02-14 20:54:59.973156,London-ecb0,-5,53,Normal
2026-02-14 20:55:00.973156,London-ecb0,-14,22,Normal
2026-02-14 20:55:01.973156,London-ecb0,23,35,Normal
2026-02-14 20:55:02.973156,London-ecb0,18,52,Normal
2026-02-14 20:55:03.973156,London-ecb0,3,46,Normal
2026-02-14 20:55:04.973156,London-ecb0,9,4,Normal
2026-02-14 20:55:05.973156,London-ecb0,43,60,Normal
2026-02-14 20:55:06.973156,London-ecb0,23,31,Normal
2026-02-14 20:55:07.973156,London-ecb0,28,54,Normal
2026-02-14 20:55:08.973156,London-ecb0,12,70,Normal
2026-02-14 20:55:09.973156,London-ecb0,3,13,Normal
2026-02-14 20:55:10.973156,London-ecb0,-9,58,Normal
2026-02-14 20:55:11.973156,London-ecb0,10,84,Normal
2026-02-14 20:55:12.973156,London-ecb0,10,46,Normal
2026-02-14 20:55:13.973156,London-ecb0,-24,25,Normal
2026-02-14 20:55:14.973156,London-ecb0,11,8,Normal
2026-02-14 20:55:15.973156,London-ecb0,-23,54,Normal
2026-02-14 20:55:16.973156,London-ecb0,-5,31,Normal
2026-02-14 20:55:17.973156,London-ecb0,-30,69,Normal
2026-02-14 20:55:18.973156,London-ecb0,-28,61,Normal
2026-02-14 20:55:19.973156,London-ecb0,-15,7,Normal
2026-02-14 20:55:20.973156,London-ecb0,-12,67,Normal
2026-02-14 20:55:21.973156,London-ecb0,-14,75,Normal
2026-02-14 20:55:22.973156,London-ecb0,-5,77,Normal
2026-02-14 20:55:23.973156,London-ecb0,-10,42,Normal
2026-02-14 20:55:24.973156,London-ecb0,28,95,Normal
2026-02-14 20:55:25.973156,London-ecb0,-22,64,Normal
2026-02-14 20:55:26.973156,London-ecb0,35,71,Normal
2026-02-14 20:55:27.973156,London-ecb0,-15,55,Normal
2026-02-14 20:55:28.973156,London-ecb0,31,17,Normal
2026-02-14 20:55:29.973156,London-ecb0,34,36,Normal
2026-02-14 20:55:30.973156,London-ecb0,-8,79,Normal
2026-02-14 20:55:31.973156,London-ecb0,10,11,Normal
2026-02-14 20:55:32.973156,London-ecb0,-13,45,Normal
2026-02-14 20:55:33.973156,London-ecb0,23,96,Normal
2026-02-14 20:55:34.973156,London-ecb0,13,5,Normal
2026-02-14 20:55:35.973156,London-ecb0,5,3,Normal
2026-02-14 20:55:36.973156,London-ecb0,32,0,Normal
2026-02-14 20:55:37.973156,London-ecb0,27,64,Normal
2026-02-14 20:55:38.973156,London-ecb0,-8,70,Normal
2026-02-14 20:55:39.973156,London-ecb0,43,58,Normal
2026-02-14 20:55:40.973156,London-ecb0,7,62,Normal
2026-02-14 20:55:41.973156,London-ecb0,-27,56,Normal
2026-02-14 20:55:42.973156,London-ecb0,34,72,Normal
2026-02-14 20:55:43.973156,London-ecb0,11,18,Normal
2026-02-14 20:55:44.973156,London-ecb0,2,31,Normal
2026-02-14 20:55:45.973156,London-ecb0,-2,79,Normal
2026-02-14 20:55:46.973156,London-ecb0,-9,89,Normal
2026-02-14 20:55:47.973156,London-ecb0,22,72,Normal
2026-02-14 20:55:48.973156,London-ecb0,33,7,Normal
2026-02-14 20:55:49.973156,London-ecb0,19,68,Normal
2026-02-14 20:55:50.973156,London-ecb0,-5,5,Normal
2026-02-14 20:55:51.973156,London-ecb0,-23,69,Normal
2026-02-14 20:55:52.973156,London-ecb0,36,51,Normal
2026-02-14 20:55:53.973156,London-ecb0,-18,46,Normal
2026-02-14 20:55:54.973156,London-ecb0,35,43,Normal
2026-02-14 20:55:55.973156,London-ecb0,36,83,Normal
2026-02-14 20:55:56.973156,London-ecb0,-13,32,Normal
2026-02-14 20:55:57.973156,London-ecb0,19,71,Normal
2026-02-14 20:55:58.973156,London-ecb0,-12,90,Normal
2026-02-14 20:55:59.973156,London-ecb0,34,97,Normal
2026-02-14 20:56:00.973156,London-ecb0,-19,34,Normal
2026-02-14 20:56:01.973156,London-ecb0,26,85,Normal
2026-02-14 20:56:02.973156,London-ecb0,-14,59,Normal
2026-02-14 20:56:03.973156,London-ecb0,-23,39,Normal
2026-02-14 20:56:04.973156,London-ecb0,-26,16,Normal
2026-02-14 20:56:05.973156,London-ecb0,-6,81,Normal
2026-02-14 20:56:06.973156,London-ecb0,21,64,Normal
2026-02-14 20:56:07.973156,London-ecb0,-6,5,Normal
2026-02-14 20:56:08.973156,London-ecb0,22,24,Normal
2026-02-14 20:56:09.973156,London-ecb0,0,94,Normal
2026-02-14 20:56:10.973156,London-ecb0,14,84,Normal
2026-02-14 20:56:11.973156,London-ecb0,-25,25,Normal
2026-02-14 20:56:12.973156,London-ecb0,-8,90,Normal
2026-02-14 20:56:13.973156,London-ecb0,7,90,Normal
2026-02-14 20:56:14.973156,London-ecb0,50,94,Normal
2026-02-14 20:56:15.973156,London-ecb0,16,85,Normal
2026-02-14 20:56:16.973156,London-ecb0,-12,81,Normal
2026-02-14 20:56:17.973156,London-ecb0,-20,4,Normal
2026-02-14 20:56:18.973156,London-ecb0,13,82,Normal
2026-02-14 20:56:19.973156,London-ecb0,-8,11,Normal
2026-02-14 20:56:20.973156,London-ecb0,-16,75,Normal
2026-02-14 20:56:21.973156,London-ecb0,15,17,Normal
2026-02-14 20:56:22.973156,London-ecb0,27,75,Normal
2026-02-14 20:56:23.973156,London-ecb0,-13,1,Normal
2026-02-14 20:56:24.973156,London-ecb0,32,94,Normal
2026-02-14 20:56:25.973156,London-ecb0,-26,70,Normal
2026-02-14 20:56:26.973156,London-ecb0,48,4,Normal
2026-02-14 20:56:27.973156,London-ecb0,43,60,Normal
2026-02-14 20:56:28.973156,London-ecb0,44,78,Normal
2026-02-14 20:56:29.973156,London-ecb0,-26,64,Normal
2026-02-14 20:56:30.973156,London-ecb0,2,72,Normal
2026-02-14 20:56:31.973156,London-ecb0,49,49,Normal
2026-02-14 20:56:32.973156,London-ecb0,26,13,Normal
2026-02-14 20:56:33.973156,London-ecb0,31,84,Normal
2026-02-14 20:56:34.973156,London-ecb0,0,19,Normal
2026-02-14 20:56:35.973156,London-ecb0,-25,69,Normal
2026-02-14 20:56:36.973156,London-ecb0,28,93,Normal
2026-02-14 20:56:37.973156,London-ecb0,-5,48,Normal
2026-02-14 20:56:38.973156,London-ecb0,30,93,Normal
2026-02-14 20:56:39.973156,London-ecb0,-13,63,Normal
2026-02-14 20:56:40.973156,London-ecb0,-3,97,Normal
2026-02-14 20:56:41.973156,London-ecb0,29,52,Normal
2026-02-14 20:56:42.973156,London-ecb0,-10,76,Normal
2026-02-14 20:56:43.973156,London-ecb0,20,64,Normal
2026-02-14 20:56:44.973156,London-ecb0,-30,16,Normal
2026-02-14 20:56:45.973156,London-ecb0,31,78,Normal
2026-02-14 20:56:46.973156,London-ecb0,-18,61,Normal
2026-02-14 20:56:47.973156,London-ecb0,-26,40,Normal
2026-02-14 20:56:48.973156,London-ecb0,29,84,Normal
2026-02-14 20:56:49.973156,London-ecb0,-14,62,Normal
2026-02-14 20:56:50.973156,London-ecb0,-4,47,Normal
2026-02-14 20:56:51.973156,London-ecb0,-6,66,Normal
2026-02-14 20:56:52.973156,London-ecb0,49,19,Normal
2026-02-14 20:56:53.973156,London-ecb0,39,88,Normal
2026-02-14 20:56:54.973156,London-ecb0,14,8,Normal
2026-02-14 20:56:55.973156,London-ecb0,31,88,Normal
2026-02-14 20:56:56.973156,London-ecb0,3,20,Normal
2026-02-14 20:56:57.973156,London-ecb0,37,40,Normal
2026-02-14 20:56:58.973156,London-ecb0,50,65,Normal
2026-02-14 20:56:59.973156,London-ecb0,34,68,Normal
2026-02-14 20:57:00.973156,London-ecb0,38,44,Normal
2026-02-14 20:57:01.973156,London-ecb0,-27,42,Normal
2026-02-14 20:57:02.973156,London-ecb0,7,90,Normal
2026-02-14 20:57:03.973156,London-ecb0,38,23,Normal
2026-02-14 20:57:04.973156,London-ecb0,7,42,Normal
2026-02-14 20:57:05.973156,London-ecb0,-27,31,Normal
2026-02-14 20:57:06.973156,London-ecb0,18,24,Normal
2026-02-14 20:57:07.973156,London-ecb0,30,15,Normal
2026-02-14 20:57:08.973156,London-ecb0,17,41,Normal
2026-02-14 20:57:09.973156,London-ecb0,10,51,Normal
2026-02-14 20:57:10.973156,London-ecb0,-19,94,Normal
2026-02-14 20:57:11.973156,London-ecb0,36,33,Normal
2026-02-14 20:57:12.973156,London-ecb0,24,3,Normal
2026-02-14 20:57:13.973156,London-ecb0,45,77,Normal
2026-02-14 20:57:14.973156,London-ecb0,-8,9,Normal
2026-02-14 20:57:15.973156,London-ecb0,39,20,Normal
2026-02-14 20:57:16.973156,London-ecb0,-21,66,Normal
2026-02-14 20:57:17.973156,London-ecb0,-20,69,Normal
2026-02-14 20:57:18.973156,London-ecb0,-21,63,Normal
2026-02-14 20:57:19.973156,London-ecb0,11,16,Normal
2026-02-14 20:57:20.973156,London-ecb0,46,0,Normal
2026-02-14 20:57:21.973156,London-ecb0,-8,21,Normal
2026-02-14 20:57:22.973156,London-ecb0,-24,70,Normal
2026-02-14 20:57:23.973156,London-ecb0,44,98,Normal
2026-02-14 20:57:24.973156,London-ecb0,-13,0,Normal
2026-02-14 20:57:25.973156,London-ecb0,16,0,Normal
2026-02-14 20:57:26.973156,London-ecb0,46,75,Normal
2026-02-14 20:57:27.973156,London-ecb0,25,77,Normal
2026-02-14 20:57:28.973156,London-ecb0,25,94,Normal
2026-02-14 20:57:29.973156,London-ecb0,32,9,Normal
2026-02-14 20:57:30.973156,London-ecb0,-21,4,Normal
2026-02-14 20:57:31.973156,London-ecb0,-9,41,Normal
2026-02-14 20:57:32.973156,London-ecb0,40,94,Normal
2026-02-14 20:57:33.973156,London-ecb0,5,72,Normal
2026-02-14 20:57:34.973156,London-ecb0,23,48,Normal
2026-02-14 20:57:35.973156,London-ecb0,34,68,Normal
2026-02-14 20:57:36.973156,London-ecb0,3,91,Normal
2026-02-14 20:57:37.973156,London-ecb0,13,91,Normal
2026-02-14 20:57:38.973156,London-ecb0,44,90,Normal
2026-02-14 20:57:39.973156,London-ecb0,23,11,Normal
2026-02-14 20:57:40.973156,London-ecb0,5,83,Normal
2026-02-14 20:57:41.973156,London-ecb0,-3,49,Normal
2026-02-14 20:57:42.973156,London-ecb0,-23,54,Normal
2026-02-14 20:57:43.973156,London-ecb0,-24,0,Normal
2026-02-14 20:57:44.973156,London-ecb0,21,83,Normal
2026-02-14 20:57:45.973156,London-ecb0,16,78,Normal
2026-02-14 20:57:46.973156,London-ecb0,9,0,Normal
2026-02-14 20:57:47.973156,London-ecb0,36,79,Normal
2026-02-14 20:57:48.973156,London-ecb0,-2,38,Normal
2026-02-14 20:57:49.973156,London-ecb0,3,50,Normal
2026-02-14 20:57:50.973156,London-ecb0,-5,97,Normal
2026-02-14 20:57:51.973156,London-ecb0,25,99,Normal
2026-02-14 20:57:52.973156,London-ecb0,48,30,Normal
2026-02-14 20:57:53.973156,London-ecb0,19,10,Normal
2026-02-14 20:57:54.973156,London-ecb0,42,16,Normal
2026-02-14 20:57:55.973156,London-ecb0,-12,40,Normal
2026-02-14 20:57:56.973156,London-ecb0,10,53,Normal
2026-02-14 20:57:57.973156,London-ecb0,-5,75,Normal
2026-02-14 20:57:58.973156,London-ecb0,43,42,Normal
2026-02-14 20:57:59.973156,London-ecb0,9,26,Normal
2026-02-14 20:58:00.973156,London-ecb0,-26,16,Normal
2026-02-14 20:58:01.973156,London-ecb0,-20,74,Normal
2026-02-14 20:58:02.973156,London-ecb0,19,67,Normal
2026-02-14 20:58:03.973156,London-ecb0,11,45,Normal
2026-02-14 20:58:04.973156,London-ecb0,-14,20,Normal
2026-02-14 20:58:05.973156,London-ecb0,1,44,Normal
2026-02-14 20:58:06.973156,London-ecb0,-7,42,Normal
2026-02-14 20:58:07.973156,London-ecb0,-11,45,Normal
2026-02-14 20:58:08.973156,London-ecb0,50,95,Normal
2026-02-14 20:58:09.973156,London-ecb0,-5,15,Normal
2026-02-14 20:58:10.973156,London-ecb0,-8,50,Normal
2026-02-14 20:58:11.973156,London-ecb0,48,63,Normal
2026-02-14 20:58:12.973156,London-ecb0,-16,89,Normal
2026-02-14 20:58:13.973156,London-ecb0,41,35,Normal
2026-02-14 20:58:14.973156,London-ecb0,3,66,Normal
2026-02-14 20:58:15.973156,London-ecb0,0,34,Normal
2026-02-14 20:58:16.973156,London-ecb0,36,65,Normal
2026-02-14 20:58:17.973156,London-ecb0,11,69,Normal
2026-02-14 20:58:18.973156,London-ecb0,34,36,Normal
2026-02-14 20:58:19.973156,London-ecb0,-20,63,Normal
2026-02-14 20:58:20.973156,London-ecb0,36,54,Normal
2026-02-14 20:58:21.973156,London-ecb0,38,46,Normal
2026-02-14 20:58:22.973156,London-ecb0,48,80,Normal
2026-02-14 20:58:23.973156,London-ecb0,13,84,Normal
2026-02-14 20:58:24.973156,London-ecb0,-11,72,Normal
2026-02-14 20:58:25.973156,London-ecb0,17,64,Normal
2026-02-14 20:58:26.973156,London-ecb0,6,35,Normal
2026-02-14 20:58:27.973156,London-ecb0,45,2,Normal
2026-02-14 20:58:28.973156,London-ecb0,31,45,Normal
2026-02-14 20:58:29.973156,London-ecb0,-19,68,Normal
2026-02-14 20:58:30.973156,London-ecb0,50,66,Normal
2026-02-14 20:58:31.973156,London-ecb0,35,14,Normal
2026-02-14 20:58:32.973156,London-ecb0,-1,8,Normal
2026-02-14 20:58:33.973156,London-ecb0,26,90,Normal
2026-02-14 20:58:34.973156,London-ecb0,21,79,Normal
2026-02-14 20:58:35.973156,London-ecb0,3,74,Normal
2026-02-14 20:58:36.973156,London-ecb0,-25,97,Normal
2026-02-14 20:58:37.973156,London-ecb0,6,63,Normal
2026-02-14 20:58:38.973156,London-ecb0,45,87,Normal
2026-02-14 20:58:39.973156,London-ecb0,34,24,Normal
2026-02-14 20:58:40.973156,London-ecb0,19,61,Normal
2026-02-14 20:58:41.973156,London-ecb0,-9,1,Normal
2026-02-14 20:58:42.973156,London-ecb0,-19,30,Normal
2026-02-14 20:58:43.973156,London-ecb0,-13,16,Normal
2026-02-14 20:58:44.973156,London-ecb0,30,24,Normal
2026-02-14 20:58:45.973156,London-ecb0,22,51,Normal
2026-02-14 20:58:46.973156,London-ecb0,41,42,Normal
2026-02-14 20:58:47.973156,London-ecb0,-8,81,Normal
2026-02-14 20:58:48.973156,London-ecb0,15,3,Normal
2026-02-14 20:58:49.973156,London-ecb0,-18,61,Normal
2026-02-14 20:58:50.973156,London-ecb0,-10,82,Normal
2026-02-14 20:58:51.973156,London-ecb0,-11,69,Normal
2026-02-14 20:58:52.973156,London-ecb0,-1,78,Normal
2026-02-14 20:58:53.973156,London-ecb0,24,36,Normal
2026-02-14 20:58:54.973156,London-ecb0,42,9,Normal
2026-02-14 20:58:55.973156,London-ecb0,-13,27,Normal
2026-02-14 20:58:56.973156,London-ecb0,-12,48,Normal
2026-02-14 20:58:57.973156,London-ecb0,-17,65,Normal
2026-02-14 20:58:58.973156,London-ecb0,-3,0,Normal
2026-02-14 20:58:59.973156,London-ecb0,-30,93,Normal
2026-02-14 20:59:00.973156,London-ecb0,23,15,Normal
2026-02-14 20:59:01.973156,London-ecb0,30,65,Normal
2026-02-14 20:59:02.973156,London-ecb0,1,35,Normal
2026-02-14 20:59:03.973156,London-ecb0,0,20,Normal
2026-02-14 20:59:04.973156,London-ecb0,45,65,Normal
2026-02-14 20:59:05.973156,London-ecb0,-26,2,Normal
2026-02-14 20:59:06.973156,London-ecb0,-25,46,Normal
2026-02-14 20:59:07.973156,London-ecb0,49,75,Normal
2026-02-14 20:59:08.973156,London-ecb0,33,44,Normal
2026-02-14 20:59:09.973156,London-ecb0,20,17,Normal
2026-02-14 20:59:10.973156,London-ecb0,-3,50,Normal
2026-02-14 20:59:11.973156,London-ecb0,-16,95,Normal
2026-02-14 20:59:12.973156,London-ecb0,-28,62,Normal
2026-02-14 20:59:13.973156,London-ecb0,18,50,Normal
2026-02-14 20:59:14.973156,London-ecb0,41,43,Normal
2026-02-14 20:59:15.973156,London-ecb0,-30,60,Normal
2026-02-14 20:59:16.973156,London-ecb0,35,54,Normal
2026-02-14 20:59:17.973156,London-ecb0,-9,21,Normal
2026-02-14 20:59:18.973156,London-ecb0,38,29,Normal
2026-02-14 20:59:19.973156,London-ecb0,-5,41,Normal
2026-02-14 20:59:20.973156,London-ecb0,34,30,Normal
2026-02-14 20:59:21.973156,London-ecb0,10,92,Normal
2026-02-14 20:59:22.973156,London-ecb0,-20,65,Normal
2026-02-14 20:59:23.973156,London-ecb0,35,42,Normal
2026-02-14 20:59:24.973156,London-ecb0,30,100,Normal
2026-02-14 20:59:25.973156,London-ecb0,-8,44,Normal
2026-02-14 20:59:26.973156,London-ecb0,-19,71,Normal
2026-02-14 20:59:27.973156,London-ecb0,-28,66,Normal
2026-02-14 20:59:28.973156,London-ecb0,12,80,Normal
2026-02-14 20:59:29.973156,London-ecb0,-18,49,Normal
2026-02-14 20:59:30.973156,London-ecb0,1,69,Normal
2026-02-14 20:59:31.973156,London-ecb0,11,50,Normal
2026-02-14 20:59:32.973156,London-ecb0,-18,52,Normal
2026-02-14 20:59:33.973156,London-ecb0,7,53,Normal
2026-02-14 20:59:34.973156,London-ecb0,33,59,Normal
2026-02-14 20:59:35.973156,London-ecb0,24,55,Normal
2026-02-14 20:59:36.973156,London-ecb0,21,42,Normal
2026-02-14 20:59:37.973156,London-ecb0,-24,64,Normal
2026-02-14 20:59:38.973156,London-ecb0,43,70,Normal
2026-02-14 20:59:39.973156,London-ecb0,36,26,Normal
2026-02-14 20:59:40.973156,London-ecb0,-22,64,Normal
2026-02-14 20:59:41.973156,London-ecb0,14,51,Normal
2026-02-14 20:59:42.973156,London-ecb0,16,37,Normal
2026-02-14 20:59:43.973156,London-ecb0,12,92,Normal
2026-02-14 20:59:44.973156,London-ecb0,23,29,Normal
2026-02-14 20:59:45.973156,London-ecb0,7,12,Normal
2026-02-14 20:59:46.973156,London-ecb0,43,93,Normal
2026-02-14 20:59:47.973156,London-ecb0,-22,70,Normal
2026-02-14 20:59:48.973156,London-ecb0,48,78,Normal
2026-02-14 20:59:49.973156,London-ecb0,8,55,Normal
2026-02-14 20:59:50.973156,London-ecb0,-20,100,Normal
2026-02-14 20:59:51.973156,London-ecb0,34,27,Normal
2026-02-14 20:59:52.973156,London-ecb0,-3,10,Normal
2026-02-14 20:59:53.973156,London-ecb0,-29,33,Normal
2026-02-14 20:59:54.973156,London-ecb0,0,96,Normal
2026-02-14 20:59:55.973156,London-ecb0,-29,13,Normal
2026-02-14 20:59:56.973156,London-ecb0,-10,96,Normal
2026-02-14 20:59:57.973156,London-ecb0,-27,51,Normal
2026-02-14 20:59:58.973156,London-ecb0,6,94,Normal
2026-02-14 20:59:59.973156,London-ecb0,47,56,Normal
2026-02-14 21:00:00.973156,London-ecb0,37,45,Normal
2026-02-14 21:00:01.973156,London-ecb0,42,52,Normal
2026-02-14 21:00:02.973156,London-ecb0,-23,23,Normal
2026-02-14 21:00:03.973156,London-ecb0,23,12,Normal
2026-02-14 21:00:04.973156,London-ecb0,-21,66,Normal
2026-02-14 21:00:05.973156,London-ecb0,20,24,Normal
2026-02-14 21:00:06.973156,London-ecb0,-14,33,Normal
2026-02-14 21:00:07.973156,London-ecb0,-26,15,Normal
2026-02-14 21:00:08.973156,London-ecb0,-12,68,Normal
2026-02-14 21:00:09.973156,London-ecb0,-16,65,Normal
2026-02-14 21:00:10.973156,London-ecb0,50,10,Normal
2026-02-14 21:00:11.973156,London-ecb0,50,38,Normal
2026-02-14 21:00:12.973156,London-ecb0,36,80,Normal
2026-02-14 21:00:13.973156,London-ecb0,4,84,Normal
2026-02-14 21:00:14.973156,London-ecb0,48,28,Normal
2026-02-14 21:00:15.973156,London-ecb0,10,55,Normal
2026-02-14 21:00:16.973156,London-ecb0,47,42,Normal
2026-02-14 21:00:17.973156,London-ecb0,41,57,Normal
2026-02-14 21:00:18.973156,London-ecb0,10,94,Normal
2026-02-14 21:00:19.973156,London-ecb0,32,44,Normal
2026-02-14 21:00:20.973156,London-ecb0,-19,31,Normal
2026-02-14 21:00:21.973156,London-ecb0,-29,82,Normal
2026-02-14 21:00:22.973156,London-ecb0,-10,42,Normal
2026-02-14 21:00:23.973156,London-ecb0,39,37,Normal
2026-02-14 21:00:24.973156,London-ecb0,12,30,Normal
2026-02-14 21:00:25.973156,London-ecb0,-26,27,Normal
2026-02-14 21:00:26.973156,London-ecb0,18,39,Normal
2026-02-14 21:00:27.973156,London-ecb0,26,92,Normal
2026-02-14 21:00:28.973156,London-ecb0,15,55,Normal
2026-02-14 21:00:29.973156,London-ecb0,14,82,Normal
2026-02-14 21:00:30.973156,London-ecb0,0,44,Normal
2026-02-14 21:00:31.973156,London-ecb0,17,82,Normal
2026-02-14 21:00:32.973156,London-ecb0,-1,23,Normal
2026-02-14 21:00:33.973156,London-ecb0,-16,85,Normal
2026-02-14 21:00:34.973156,London-ecb0,36,14,Normal
2026-02-14 21:00:35.973156,London-ecb0,-3,94,Normal
2026-02-14 21:00:36.973156,London-ecb0,-11,92,Normal
2026-02-14 21:00:37.973156,London-ecb0,32,28,Normal
2026-02-14 21:00:38.973156,London-ecb0,19,30,Normal
2026-02-14 21:00:39.973156,London-ecb0,12,75,Normal
2026-02-14 21:00:40.973156,London-ecb0,41,20,Normal
2026-02-14 21:00:41.973156,London-ecb0,-3,46,Normal
2026-02-14 21:00:42.973156,London-ecb0,31,80,Normal
2026-02-14 21:00:43.973156,London-ecb0,9,31,Normal
2026-02-14 21:00:44.973156,London-ecb0,-27,20,Normal
2026-02-14 21:00:45.973156,London-ecb0,1,20,Normal
2026-02-14 21:00:46.973156,London-ecb0,0,16,Normal
2026-02-14 21:00:47.973156,London-ecb0,47,9,Normal
2026-02-14 21:00:48.973156,London-ecb0,35,28,Normal
2026-02-14 21:00:49.973156,London-ecb0,-15,46,Normal
2026-02-14 21:00:50.973156,London-ecb0,-17,84,Normal
2026-02-14 21:00:51.973156,London-ecb0,36,66,Normal
2026-02-14 21:00:52.973156,London-ecb0,17,97,Normal
2026-02-14 21:00:53.973156,London-ecb0,-8,10,Normal
2026-02-14 21:00:54.973156,London-ecb0,5,77,Normal
2026-02-14 21:00:55.973156,London-ecb0,16,61,Normal
2026-02-14 21:00:56.973156,London-ecb0,-11,71,Normal
2026-02-14 21:00:57.973156,London-ecb0,5,98,Normal
2026-02-14 21:00:58.973156,London-ecb0,-21,33,Normal
2026-02-14 21:00:59.973156,London-ecb0,37,17,Normal
2026-02-14 21:01:00.973156,London-ecb0,48,25,Normal
2026-02-14 21:01:01.973156,London-ecb0,41,74,Normal
2026-02-14 21:01:02.973156,London-ecb0,-22,71,Normal
2026-02-14 21:01:03.973156,London-ecb0,10,37,Normal
2026-02-14 21:01:04.973156,London-ecb0,-11,71,Normal
2026-02-14 21:01:05.973156,London-ecb0,28,4,Normal
2026-02-14 21:01:06.973156,London-ecb0,2,87,Normal
2026-02-14 21:01:07.973156,London-ecb0,-15,24,Normal
2026-02-14 21:01:08.973156,London-ecb0,13,68,Normal
2026-02-14 21:01:09.973156,London-ecb0,-12,89,Normal
2026-02-14 21:01:10.973156,London-ecb0,10,93,Normal
2026-02-14 21:01:11.973156,London-ecb0,37,23,Normal
2026-02-14 21:01:12.973156,London-ecb0,48,88,Normal
2026-02-14 21:01:13.973156,London-ecb0,45,98,Normal
2026-02-14 21:01:14.973156,London-ecb0,-10,99,Normal
2026-02-14 21:01:15.973156,London-ecb0,43,45,Normal
2026-02-14 21:01:16.973156,London-ecb0,48,67,Normal
2026-02-14 21:01:17.973156,London-ecb0,-15,45,Normal
2026-02-14 21:01:18.973156,London-ecb0,-24,28,Normal
2026-02-14 21:01:19.973156,London-ecb0,-12,100,Normal
2026-02-14 21:01:20.973156,London-ecb0,13,67,Normal
2026-02-14 21:01:21.973156,London-ecb0,35,86,Normal
2026-02-14 21:01:22.973156,London-ecb0,42,54,Normal
2026-02-14 21:01:23.973156,London-ecb0,36,96,Normal
2026-02-14 21:01:24.973156,London-ecb0,-3,20,Normal
2026-02-14 21:01:25.973156,London-ecb0,0,11,Normal
2026-02-14 21:01:26.973156,London-ecb0,-16,34,Normal
2026-02-14 21:01:27.973156,London-ecb0,-20,47,Normal
2026-02-14 21:01:28.973156,London-ecb0,24,79,Normal
2026-02-14 21:01:29.973156,London-ecb0,18,60,Normal
2026-02-14 21:01:30.973156,London-ecb0,-8,55,Normal
2026-02-14 21:01:31.973156,London-ecb0,49,89,Normal
2026-02-14 21:01:32.973156,London-ecb0,40,95,Normal
2026-02-14 21:01:33.973156,London-ecb0,-23,29,Normal
2026-02-14 21:01:34.973156,London-ecb0,15,86,Normal
2026-02-14 21:01:35.973156,London-ecb0,41,35,Normal
2026-02-14 21:01:36.973156,London-ecb0,27,39,Normal
2026-02-14 21:01:37.973156,London-ecb0,4,11,Normal
2026-02-14 21:01:38.973156,London-ecb0,-24,13,Normal
2026-02-14 21:01:39.973156,London-ecb0,-11,96,Normal
2026-02-14 21:01:40.973156,London-ecb0,39,1,Normal
2026-02-14 21:01:41.973156,London-ecb0,-23,42,Normal
2026-02-14 21:01:42.973156,London-ecb0,22,73,Normal
2026-02-14 21:01:43.973156,London-ecb0,-8,9,Normal
2026-02-14 21:01:44.973156,London-ecb0,-23,39,Normal
2026-02-14 21:01:45.973156,London-ecb0,30,94,Normal
2026-02-14 21:01:46.973156,London-ecb0,-6,25,Normal
2026-02-14 21:01:47.973156,London-ecb0,-5,16,Normal
2026-02-14 21:01:48.973156,London-ecb0,32,30,Normal
2026-02-14 21:01:49.973156,London-ecb0,37,1,Normal
2026-02-14 21:01:50.973156,London-ecb0,-2,0,Normal
2026-02-14 21:01:51.973156,London-ecb0,-17,13,Normal
2026-02-14 21:01:52.973156,London-ecb0,47,34,Normal
2026-02-14 21:01:53.973156,London-ecb0,19,39,Normal
2026-02-14 21:01:54.973156,London-ecb0,38,3,Normal
2026-02-14 21:01:55.973156,London-ecb0,-28,92,Normal
2026-02-14 21:01:56.973156,London-ecb0,-10,83,Normal
2026-02-14 21:01:57.973156,London-ecb0,-23,13,Normal
2026-02-14 21:01:58.973156,London-ecb0,-29,6,Normal
2026-02-14 21:01:59.973156,London-ecb0,1,98,Normal
2026-02-14 21:02:00.973156,London-ecb0,-11,7,Normal
2026-02-14 21:02:01.973156,London-ecb0,-3,16,Normal
2026-02-14 21:02:02.973156,London-ecb0,10,97,Normal
2026-02-14 21:02:03.973156,London-ecb0,-18,60,Normal
2026-02-14 21:02:04.973156,London-ecb0,-8,69,Normal
2026-02-14 21:02:05.973156,London-ecb0,4,56,Normal
2026-02-14 21:02:06.973156,London-ecb0,-4,87,Normal
2026-02-14 21:02:07.973156,London-ecb0,-9,45,Normal
2026-02-14 21:02:08.973156,London-ecb0,18,81,Normal
2026-02-14 21:02:09.973156,London-ecb0,47,97,Normal
2026-02-14 21:02:10.973156,London-ecb0,-3,38,Normal
2026-02-14 21:02:11.973156,London-ecb0,-11,55,Normal
2026-02-14 21:02:12.973156,London-ecb0,11,71,Normal
2026-02-14 21:02:13.973156,London-ecb0,2,9,Normal
2026-02-14 21:02:14.973156,London-ecb0,46,69,Normal
2026-02-14 21:02:15.973156,London-ecb0,-20,89,Normal
2026-02-14 21:02:16.973156,London-ecb0,24,65,Normal
2026-02-14 21:02:17.973156,London-ecb0,2,29,Normal
2026-02-14 21:02:18.973156,London-ecb0,-26,66,Normal
2026-02-14 21:02:19.973156,London-ecb0,24,76,Normal
2026-02-14 21:02:20.973156,London-ecb0,-12,95,Normal
2026-02-14 21:02:21.973156,London-ecb0,33,41,Normal
2026-02-14 21:02:22.973156,London-ecb0,-17,87,Normal
2026-02-14 21:02:23.973156,London-ecb0,-18,97,Normal
2026-02-14 21:02:24.973156,London-ecb0,-24,45,Normal
2026-02-14 21:02:25.973156,London-ecb0,-14,8,Normal
2026-02-14 21:02:26.973156,London-ecb0,-27,99,Normal
2026-02-14 21:02:27.973156,London-ecb0,29,5,Normal
2026-02-14 21:02:28.973156,London-ecb0,11,35,Normal
2026-02-14 21:02:29.973156,London-ecb0,-26,65,Normal
2026-02-14 21:02:30.973156,London-ecb0,21,22,Normal
2026-02-14 21:02:31.973156,London-ecb0,21,12,Normal
2026-02-14 21:02:32.973156,London-ecb0,49,2,Normal
2026-02-14 21:02:33.973156,London-ecb0,32,28,Normal
2026-02-14 21:02:34.973156,London-ecb0,43,89,Normal
2026-02-14 21:02:35.973156,London-ecb0,35,34,Normal
2026-02-14 21:02:36.973156,London-ecb0,41,18,Normal
2026-02-14 21:02:37.973156,London-ecb0,-11,16,Normal
2026-02-14 21:02:38.973156,London-ecb0,18,35,Normal
2026-02-14 21:02:39.973156,London-ecb0,-2,58,Normal
2026-02-14 21:02:40.973156,London-ecb0,21,41,Normal
2026-02-14 21:02:41.973156,London-ecb0,-30,56,Normal
2026-02-14 21:02:42.973156,London-ecb0,18,40,Normal
2026-02-14 21:02:43.973156,London-ecb0,33,16,Normal
2026-02-14 21:02:44.973156,London-ecb0,3,65,Normal
2026-02-14 21:02:45.973156,London-ecb0,37,35,Normal
2026-02-14 21:02:46.973156,London-ecb0,50,42,Normal
2026-02-14 21:02:47.973156,London-ecb0,8,75,Normal
2026-02-14 21:02:48.973156,London-ecb0,33,72,Normal
2026-02-14 21:02:49.973156,London-ecb0,-25,35,Normal
2026-02-14 21:02:50.973156,London-ecb0,2,63,Normal
2026-02-14 21:02:51.973156,London-ecb0,5,26,Normal
2026-02-14 21:02:52.973156,London-ecb0,44,62,Normal
2026-02-14 21:02:53.973156,London-ecb0,27,59,Normal
2026-02-14 21:02:54.973156,London-ecb0,32,71,Normal
2026-02-14 21:02:55.973156,London-ecb0,45,18,Normal
2026-02-14 21:02:56.973156,London-ecb0,12,35,Normal
2026-02-14 21:02:57.973156,London-ecb0,31,17,Normal
2026-02-14 21:02:58.973156,London-ecb0,-14,84,Normal
2026-02-14 21:02:59.973156,London-ecb0,33,97,Normal
2026-02-14 21:03:00.973156,London-ecb0,-26,51,Normal
2026-02-14 21:03:01.973156,London-ecb0,-23,91,Normal
2026-02-14 21:03:02.973156,London-ecb0,-12,71,Normal
2026-02-14 21:03:03.973156,London-ecb0,6,76,Normal
2026-02-14 21:03:04.973156,London-ecb0,-26,65,Normal
2026-02-14 21:03:05.973156,London-ecb0,12,28,Normal
2026-02-14 21:03:06.973156,London-ecb0,-12,8,Normal
2026-02-14 21:03:07.973156,London-ecb0,22,54,Normal
2026-02-14 21:03:08.973156,London-ecb0,-23,84,Normal
2026-02-14 21:03:09.973156,London-ecb0,49,71,Normal
2026-02-14 21:03:10.973156,London-ecb0,41,53,Normal
2026-02-14 21:03:11.973156,London-ecb0,49,10,Normal
2026-02-14 21:03:12.973156,London-ecb0,22,37,Normal
2026-02-14 21:03:13.973156,London-ecb0,-10,61,Normal
2026-02-14 21:03:14.973156,London-ecb0,-20,39,Normal
2026-02-14 21:03:15.973156,London-ecb0,36,11,Normal
2026-02-14 21:03:16.973156,London-ecb0,19,81,Normal
2026-02-14 21:03:17.973156,London-ecb0,19,89,Normal
2026-02-14 21:03:18.973156,London-ecb0,-13,93,Normal
2026-02-14 21:03:19.973156,London-ecb0,1,72,Normal
2026-02-14 21:03:20.973156,London-ecb0,-4,65,Normal
2026-02-14 21:03:21.973156,London-ecb0,-7,44,Normal
2026-02-14 21:03:22.973156,London-ecb0,-27,12,Normal
2026-02-14 21:03:23.973156,London-ecb0,-14,8,Normal
2026-02-14 21:03:24.973156,London-ecb0,-10,58,Normal
2026-02-14 21:03:25.973156,London-ecb0,-28,79,Normal
2026-02-14 21:03:26.973156,London-ecb0,26,42,Normal
2026-02-14 21:03:27.973156,London-ecb0,26,87,Normal
2026-02-14 21:03:28.973156,London-ecb0,-25,53,Normal
2026-02-14 21:03:29.973156,London-ecb0,21,44,Normal
2026-02-14 21:03:30.973156,London-ecb0,34,89,Normal
2026-02-14 21:03:31.973156,London-ecb0,28,21,Normal
2026-02-14 21:03:32.973156,London-ecb0,-18,22,Normal
2026-02-14 21:03:33.973156,London-ecb0,-7,51,Normal
2026-02-14 21:03:34.973156,London-ecb0,-23,54,Normal
2026-02-14 21:03:35.973156,London-ecb0,-18,10,Normal
2026-02-14 21:03:36.973156,London-ecb0,-5,51,Normal
2026-02-14 21:03:37.973156,London-ecb0,-23,23,Normal
2026-02-14 21:03:38.973156,London-ecb0,-27,38,Normal
2026-02-14 21:03:39.973156,London-ecb0,37,23,Normal
2026-02-14 21:03:40.973156,London-ecb0,18,85,Normal
2026-02-14 21:03:41.973156,London-ecb0,31,22,Normal
2026-02-14 21:03:42.973156,London-ecb0,34,52,Normal
2026-02-14 21:03:43.973156,London-ecb0,37,93,Normal
2026-02-14 21:03:44.973156,London-ecb0,-7,77,Normal
2026-02-14 21:03:45.973156,London-ecb0,16,19,Normal
2026-02-14 21:03:46.973156,London-ecb0,48,60,Normal
2026-02-14 21:03:47.973156,London-ecb0,32,96,Normal
2026-02-14 21:03:48.973156,London-ecb0,25,84,Normal
2026-02-14 21:03:49.973156,London-ecb0,-27,31,Normal
2026-02-14 21:03:50.973156,London-ecb0,34,35,Normal
2026-02-14 21:03:51.973156,London-ecb0,36,76,Normal
2026-02-14 21:03:52.973156,London-ecb0,-27,30,Normal
2026-02-14 21:03:53.973156,London-ecb0,-12,54,Normal
2026-02-14 21:03:54.973156,London-ecb0,-8,13,Normal
2026-02-14 21:03:55.973156,London-ecb0,3,33,Normal
2026-02-14 21:03:56.973156,London-ecb0,6,62,Normal
2026-02-14 21:03:57.973156,London-ecb0,13,42,Normal
2026-02-14 21:03:58.973156,London-ecb0,24,46,Normal
2026-02-14 21:03:59.973156,London-ecb0,8,88,Normal
2026-02-14 21:04:00.973156,London-ecb0,-21,61,Normal
2026-02-14 21:04:01.973156,London-ecb0,-22,31,Normal
2026-02-14 21:04:02.973156,London-ecb0,41,19,Normal
2026-02-14 21:04:03.973156,London-ecb0,36,36,Normal
2026-02-14 21:04:04.973156,London-ecb0,-17,24,Normal
2026-02-14 21:04:05.973156,London-ecb0,0,67,Normal
2026-02-14 21:04:06.973156,London-ecb0,0,41,Normal
2026-02-14 21:04:07.973156,London-ecb0,45,35,Normal
2026-02-14 21:04:08.973156,London-ecb0,-16,74,Normal
2026-02-14 21:04:09.973156,London-ecb0,11,43,Normal
2026-02-14 21:04:10.973156,London-ecb0,-8,78,Normal
2026-02-14 21:04:11.973156,London-ecb0,-1,63,Normal
2026-02-14 21:04:12.973156,London-ecb0,-24,90,Normal
2026-02-14 21:04:13.973156,London-ecb0,18,51,Normal
2026-02-14 21:04:14.973156,London-ecb0,28,29,Normal
2026-02-14 21:04:15.973156,London-ecb0,28,13,Normal
2026-02-14 21:04:16.973156,London-ecb0,28,46,Normal
2026-02-14 21:04:17.973156,London-ecb0,30,50,Normal
2026-02-14 21:04:18.973156,London-ecb0,-19,65,Normal
2026-02-14 21:04:19.973156,London-ecb0,-20,55,Normal
2026-02-14 21:04:20.973156,London-ecb0,45,18,Normal
2026-02-14 21:04:21.973156,London-ecb0,2,42,Normal
2026-02-14 21:04:22.973156,London-ecb0,39,80,Normal
2026-02-14 21:04:23.973156,London-ecb0,4,96,Normal
2026-02-14 21:04:24.973156,London-ecb0,-12,30,Normal
2026-02-14 21:04:25.973156,London-ecb0,48,10,Normal
2026-02-14 21:04:26.973156,London-ecb0,4,87,Normal
2026-02-14 21:04:27.973156,London-ecb0,-5,92,Normal
2026-02-14 21:04:28.973156,London-ecb0,11,46,Normal
2026-02-14 21:04:29.973156,London-ecb0,13,53,Normal
2026-02-14 21:04:30.973156,London-ecb0,29,1,Normal
2026-02-14 21:04:31.973156,London-ecb0,-18,28,Normal
2026-02-14 21:04:32.973156,London-ecb0,-23,80,Normal
2026-02-14 21:04:33.973156,London-ecb0,50,94,Normal
2026-02-14 21:04:34.973156,London-ecb0,-10,10,Normal
2026-02-14 21:04:35.973156,London-ecb0,1,44,Normal
2026-02-14 21:04:36.973156,London-ecb0,25,94,Normal
2026-02-14 21:04:37.973156,London-ecb0,-28,47,Normal
2026-02-14 21:04:38.973156,London-ecb0,-13,55,Normal
2026-02-14 21:04:39.973156,London-ecb0,-14,15,Normal
2026-02-14 21:04:40.973156,London-ecb0,-23,8,Normal
2026-02-14 21:04:41.973156,London-ecb0,15,87,Normal
2026-02-14 21:04:42.973156,London-ecb0,33,83,Normal
2026-02-14 21:04:43.973156,London-ecb0,-25,24,Normal
2026-02-14 21:04:44.973156,London-ecb0,-17,6,Normal
2026-02-14 21:04:45.973156,London-ecb0,2,1,Normal
2026-02-14 21:04:46.973156,London-ecb0,46,50,Normal
2026-02-14 21:04:47.973156,London-ecb0,16,83,Normal
2026-02-14 21:04:48.973156,London-ecb0,49,68,Normal
2026-02-14 21:04:49.973156,London-ecb0,30,18,Normal
2026-02-14 21:04:50.973156,London-ecb0,-19,62,Normal
2026-02-14 21:04:51.973156,London-ecb0,1,0,Normal
2026-02-14 21:04:52.973156,London-ecb0,13,21,Normal
2026-02-14 21:04:53.973156,London-ecb0,26,12,Normal
2026-02-14 21:04:54.973156,London-ecb0,48,88,Normal
2026-02-14 21:04:55.973156,London-ecb0,37,88,Normal
2026-02-14 21:04:56.973156,London-ecb0,15,70,Normal
2026-02-14 21:04:57.973156,London-ecb0,2,76,Normal
2026-02-14 21:04:58.973156,London-ecb0,-12,91,Normal
2026-02-14 21:04:59.973156,London-ecb0,-29,25,Normal
2026-02-14 21:05:00.973156,London-ecb0,43,23,Normal
2026-02-14 21:05:01.973156,London-ecb0,14,96,Normal
2026-02-14 21:05:02.973156,London-ecb0,41,74,Normal
2026-02-14 21:05:03.973156,London-ecb0,34,45,Normal
2026-02-14 21:05:04.973156,London-ecb0,0,47,Normal
2026-02-14 21:05:05.973156,London-ecb0,4,44,Normal
2026-02-14 21:05:06.973156,London-ecb0,5,52,Normal
2026-02-14 21:05:07.973156,London-ecb0,44,89,Normal
2026-02-14 21:05:08.973156,London-ecb0,38,13,Normal
2026-02-14 21:05:09.973156,London-ecb0,28,80,Normal
2026-02-14 21:05:10.973156,London-ecb0,7,8,Normal
2026-02-14 21:05:11.973156,London-ecb0,-2,87,Normal
2026-02-14 21:05:12.973156,London-ecb0,31,41,Normal
2026-02-14 21:05:13.973156,London-ecb0,8,16,Normal
2026-02-14 21:05:14.973156,London-ecb0,18,70,Normal
2026-02-14 21:05:15.973156,London-ecb0,-13,46,Normal
2026-02-14 21:05:16.973156,London-ecb0,8,1,Normal
2026-02-14 21:05:17.973156,London-ecb0,-12,51,Normal
2026-02-14 21:05:18.973156,London-ecb0,30,70,Normal
2026-02-14 21:05:19.973156,London-ecb0,30,8,Normal
2026-02-14 21:05:20.973156,London-ecb0,8,98,Normal
2026-02-14 21:05:21.973156,London-ecb0,13,60,Normal
2026-02-14 21:05:22.973156,London-ecb0,-29,88,Normal
2026-02-14 21:05:23.973156,London-ecb0,38,72,Normal
2026-02-14 21:05:24.973156,London-ecb0,18,90,Normal
2026-02-14 21:05:25.973156,London-ecb0,8,31,Normal
2026-02-14 21:05:26.973156,London-ecb0,-23,89,Normal
2026-02-14 21:05:27.973156,London-ecb0,-28,13,Normal
2026-02-14 21:05:28.973156,London-ecb0,-13,49,Normal
2026-02-14 21:05:29.973156,London-ecb0,13,52,Normal
2026-02-14 21:05:30.973156,London-ecb0,46,33,Normal
2026-02-14 21:05:31.973156,London-ecb0,-18,6,Normal
2026-02-14 21:05:32.973156,London-ecb0,-3,95,Normal
2026-02-14 21:05:33.973156,London-ecb0,25,65,Normal
2026-02-14 21:05:34.973156,London-ecb0,25,52,Normal
2026-02-14 21:05:35.973156,London-ecb0,44,85,Normal
2026-02-14 21:05:36.973156,London-ecb0,1,16,Normal
2026-02-14 21:05:37.973156,London-ecb0,-25,93,Normal
2026-02-14 21:05:38.973156,London-ecb0,16,67,Normal
2026-02-14 21:05:39.973156,London-ecb0,0,33,Normal
2026-02-14 21:05:40.973156,London-ecb0,10,72,Normal
2026-02-14 21:05:41.973156,London-ecb0,15,36,Normal
2026-02-14 21:05:42.973156,London-ecb0,12,85,Normal
2026-02-14 21:05:43.973156,London-ecb0,49,60,Normal
2026-02-14 21:05:44.973156,London-ecb0,0,14,Normal
2026-02-14 21:05:45.973156,London-ecb0,-1,54,Normal
2026-02-14 21:05:46.973156,London-ecb0,10,84,Normal
2026-02-14 21:05:47.973156,London-ecb0,-5,74,Normal
2026-02-14 21:05:48.973156,London-ecb0,49,89,Normal
2026-02-14 21:05:49.973156,London-ecb0,4,2,Normal
2026-02-14 21:05:50.973156,London-ecb0,2,78,Normal
2026-02-14 21:05:51.973156,London-ecb0,9,34,Normal
2026-02-14 21:05:52.973156,London-ecb0,14,36,Normal
2026-02-14 21:05:53.973156,London-ecb0,36,29,Normal
2026-02-14 21:05:54.973156,London-ecb0,-16,38,Normal
2026-02-14 21:05:55.973156,London-ecb0,17,11,Normal
2026-02-14 21:05:56.973156,London-ecb0,21,55,Normal
2026-02-14 21:05:57.973156,London-ecb0,1,88,Normal
2026-02-14 21:05:58.973156,London-ecb0,29,49,Normal
2026-02-14 21:05:59.973156,London-ecb0,18,29,Normal
2026-02-14 21:06:00.973156,London-ecb0,14,43,Normal
2026-02-14 21:06:01.973156,London-ecb0,-16,29,Normal
2026-02-14 21:06:02.973156,London-ecb0,36,60,Normal
2026-02-14 21:06:03.973156,London-ecb0,-17,1,Normal
2026-02-14 21:06:04.973156,London-ecb0,-24,56,Normal
2026-02-14 21:06:05.973156,London-ecb0,1,42,Normal
2026-02-14 21:06:06.973156,London-ecb0,9,55,Normal
2026-02-14 21:06:07.973156,London-ecb0,33,20,Normal
2026-02-14 21:06:08.973156,London-ecb0,34,93,Normal
2026-02-14 21:06:09.973156,London-ecb0,-15,65,Normal
2026-02-14 21:06:10.973156,London-ecb0,33,8,Normal
2026-02-14 21:06:11.973156,London-ecb0,11,55,Normal
2026-02-14 21:06:12.973156,London-ecb0,-12,100,Normal
2026-02-14 21:06:13.973156,London-ecb0,-24,78,Normal
2026-02-14 21:06:14.973156,London-ecb0,9,92,Normal
2026-02-14 21:06:15.973156,London-ecb0,34,29,Normal
2026-02-14 21:06:16.973156,London-ecb0,27,69,Normal
2026-02-14 21:06:17.973156,London-ecb0,24,87,Normal
2026-02-14 21:06:18.973156,London-ecb0,19,14,Normal
2026-02-14 21:06:19.973156,London-ecb0,30,82,Normal
2026-02-14 21:06:20.973156,London-ecb0,-18,79,Normal
2026-02-14 21:06:21.973156,London-ecb0,-27,39,Normal
2026-02-14 21:06:22.973156,London-ecb0,38,74,Normal
2026-02-14 21:06:23.973156,London-ecb0,17,69,Normal
2026-02-14 21:06:24.973156,London-ecb0,11,34,Normal
2026-02-14 21:06:25.973156,London-ecb0,-16,92,Normal
2026-02-14 21:06:26.973156,London-ecb0,-10,46,Normal
2026-02-14 21:06:27.973156,London-ecb0,13,98,Normal
2026-02-14 21:06:28.973156,London-ecb0,-27,3,Normal
2026-02-14 21:06:29.973156,London-ecb0,-1,24,Normal
2026-02-14 21:06:30.973156,London-ecb0,21,33,Normal
2026-02-14 21:06:31.973156,London-ecb0,43,72,Normal
2026-02-14 21:06:32.973156,London-ecb0,-9,27,Normal
2026-02-14 21:06:33.973156,London-ecb0,-20,86,Normal
2026-02-14 21:06:34.973156,London-ecb0,-16,61,Normal
2026-02-14 21:06:35.973156,London-ecb0,22,97,Normal
2026-02-14 21:06:36.973156,London-ecb0,-12,51,Normal
2026-02-14 21:06:37.973156,London-ecb0,49,30,Normal
2026-02-14 21:06:38.973156,London-ecb0,-6,80,Normal
2026-02-14 21:06:39.973156,London-ecb0,-6,72,Normal
2026-02-14 21:06:40.973156,London-ecb0,-5,40,Normal
2026-02-14 21:06:41.973156,London-ecb0,0,67,Normal
2026-02-14 21:06:42.973156,London-ecb0,11,40,Normal
2026-02-14 21:06:43.973156,London-ecb0,31,13,Normal
2026-02-14 21:06:44.973156,London-ecb0,-1,71,Normal
2026-02-14 21:06:45.973156,London-ecb0,-6,77,Normal
2026-02-14 21:06:46.973156,London-ecb0,-13,90,Normal
2026-02-14 21:06:47.973156,London-ecb0,-18,38,Normal
2026-02-14 21:06:48.973156,London-ecb0,-12,53,Normal
2026-02-14 21:06:49.973156,London-ecb0,-16,91,Normal
2026-02-14 21:06:50.973156,London-ecb0,17,18,Normal
2026-02-14 21:06:51.973156,London-ecb0,42,74,Normal
2026-02-14 21:06:52.973156,London-ecb0,41,0,Normal
2026-02-14 21:06:53.973156,London-ecb0,-18,30,Normal
2026-02-14 21:06:54.973156,London-ecb0,35,38,Normal
2026-02-14 21:06:55.973156,London-ecb0,26,64,Normal
2026-02-14 21:06:56.973156,London-ecb0,-26,13,Normal
2026-02-14 21:06:57.973156,London-ecb0,-17,9,Normal
2026-02-14 21:06:58.973156,London-ecb0,-19,37,Normal
2026-02-14 21:06:59.973156,London-ecb0,43,75,Normal
2026-02-14 21:07:00.973156,London-ecb0,-19,20,Normal
2026-02-14 21:07:01.973156,London-ecb0,8,6,Normal
2026-02-14 21:07:02.973156,London-ecb0,1,38,Normal
2026-02-14 21:07:03.973156,London-ecb0,-23,25,Normal
2026-02-14 21:07:04.973156,London-ecb0,-8,79,Normal
2026-02-14 21:07:05.973156,London-ecb0,44,100,Normal
2026-02-14 21:07:06.973156,London-ecb0,-12,65,Normal
2026-02-14 21:07:07.973156,London-ecb0,5,84,Normal
2026-02-14 21:07:08.973156,London-ecb0,35,36,Normal
2026-02-14 21:07:09.973156,London-ecb0,40,56,Normal
2026-02-14 21:07:10.973156,London-ecb0,42,67,Normal
2026-02-14 21:07:11.973156,London-ecb0,28,92,Normal
2026-02-14 21:07:12.973156,London-ecb0,7,45,Normal
2026-02-14 21:07:13.973156,London-ecb0,40,5,Normal
2026-02-14 21:07:14.973156,London-ecb0,12,1,Normal
2026-02-14 21:07:15.973156,London-ecb0,-27,2,Normal
2026-02-14 21:07:16.973156,London-ecb0,2,94,Normal
2026-02-14 21:07:17.973156,London-ecb0,-3,50,Normal
2026-02-14 21:07:18.973156,London-ecb0,-22,58,Normal
2026-02-14 21:07:19.973156,London-ecb0,32,19,Normal
2026-02-14 21:07:20.973156,London-ecb0,4,37,Normal
2026-02-14 21:07:21.973156,London-ecb0,-19,4,Normal
2026-02-14 21:07:22.973156,London-ecb0,9,50,Normal
2026-02-14 21:07:23.973156,London-ecb0,-17,48,Normal
2026-02-14 21:07:24.973156,London-ecb0,39,26,Normal
2026-02-14 21:07:25.973156,London-ecb0,31,46,Normal
2026-02-14 21:07:26.973156,London-ecb0,-20,59,Normal
2026-02-14 21:07:27.973156,London-ecb0,43,27,Normal
2026-02-14 21:07:28.973156,London-ecb0,-27,1,Normal
2026-02-14 21:07:29.973156,London-ecb0,3,88,Normal
2026-02-14 21:07:30.973156,London-ecb0,-27,70,Normal
2026-02-14 21:07:31.973156,London-ecb0,0,100,Normal
2026-02-14 21:07:32.973156,London-ecb0,10,96,Normal
2026-02-14 21:07:33.973156,London-ecb0,27,52,Normal
2026-02-14 21:07:34.973156,London-ecb0,4,80,Normal
2026-02-14 21:07:35.973156,London-ecb0,-24,93,Normal
2026-02-14 21:07:36.973156,London-ecb0,45,15,Normal
2026-02-14 21:07:37.973156,London-ecb0,8,49,Normal
2026-02-14 21:07:38.973156,London-ecb0,-21,61,Normal
2026-02-14 21:07:39.973156,London-ecb0,15,40,Normal
2026-02-14 21:07:40.973156,London-ecb0,16,92,Normal
2026-02-14 21:07:41.973156,London-ecb0,-29,26,Normal
2026-02-14 21:07:42.973156,London-ecb0,47,76,Normal
2026-02-14 21:07:43.973156,London-ecb0,24,0,Normal
2026-02-14 21:07:44.973156,London-ecb0,38,1,Normal
2026-02-14 21:07:45.973156,London-ecb0,40,60,Normal
2026-02-14 21:07:46.973156,London-ecb0,41,8,Normal
2026-02-14 21:07:47.973156,London-ecb0,24,92,Normal
2026-02-14 21:07:48.973156,London-ecb0,37,51,Normal
2026-02-14 21:07:49.973156,London-ecb0,-5,84,Normal
2026-02-14 21:07:50.973156,London-ecb0,-27,66,Normal
2026-02-14 21:07:51.973156,London-ecb0,-3,43,Normal
2026-02-14 21:07:52.973156,London-ecb0,-11,94,Normal
2026-02-14 21:07:53.973156,London-ecb0,-28,41,Normal
2026-02-14 21:07:54.973156,London-ecb0,13,87,Normal
2026-02-14 21:07:55.973156,London-ecb0,45,26,Normal
2026-02-14 21:07:56.973156,London-ecb0,-7,89,Normal
2026-02-14 21:07:57.973156,London-ecb0,26,50,Normal
2026-02-14 21:07:58.973156,London-ecb0,-13,49,Normal
2026-02-14 21:07:59.973156,London-ecb0,6,24,Normal
2026-02-14 21:08:00.973156,London-ecb0,25,60,Normal
2026-02-14 21:08:01.973156,London-ecb0,-16,30,Normal
2026-02-14 21:08:02.973156,London-ecb0,50,15,Normal
2026-02-14 21:08:03.973156,London-ecb0,50,15,Normal
2026-02-14 21:08:04.973156,London-ecb0,44,7,Normal
2026-02-14 21:08:05.973156,London-ecb0,42,29,Normal
2026-02-14 21:08:06.973156,London-ecb0,-26,90,Normal
2026-02-14 21:08:07.973156,London-ecb0,-23,16,Normal
2026-02-14 21:08:08.973156,London-ecb0,37,39,Normal
2026-02-14 21:08:09.973156,London-ecb0,-21,94,Normal
2026-02-14 21:08:10.973156,London-ecb0,-20,67,Normal
2026-02-14 21:08:11.973156,London-ecb0,41,68,Normal
2026-02-14 21:08:12.973156,London-ecb0,4,30,Normal
2026-02-14 21:08:13.973156,London-ecb0,8,88,Normal
2026-02-14 21:08:14.973156,London-ecb0,1,81,Normal
2026-02-14 21:08:15.973156,London-ecb0,2,92,Normal
2026-02-14 21:08:16.973156,London-ecb0,30,39,Normal
2026-02-14 21:08:17.973156,London-ecb0,-7,51,Normal
2026-02-14 21:08:18.973156,London-ecb0,45,66,Normal
2026-02-14 21:08:19.973156,London-ecb0,0,69,Normal
2026-02-14 21:08:20.973156,London-ecb0,42,87,Normal
2026-02-14 21:08:21.973156,London-ecb0,-13,73,Normal
2026-02-14 21:08:22.973156,London-ecb0,29,32,Normal
2026-02-14 21:08:23.973156,London-ecb0,-8,15,Normal
2026-02-14 21:08:24.973156,London-ecb0,27,43,Normal
2026-02-14 21:08:25.973156,London-ecb0,15,44,Normal
2026-02-14 21:08:26.973156,London-ecb0,44,44,Normal
2026-02-14 21:08:27.973156,London-ecb0,-2,74,Normal
2026-02-14 21:08:28.973156,London-ecb0,21,70,Normal
2026-02-14 21:08:29.973156,London-ecb0,-20,85,Normal
2026-02-14 21:08:30.973156,London-ecb0,17,41,Normal
2026-02-14 21:08:31.973156,London-ecb0,18,14,Normal
2026-02-14 21:08:32.973156,London-ecb0,-8,100,Normal
2026-02-14 21:08:33.973156,London-ecb0,-27,17,Normal
2026-02-14 21:08:34.973156,London-ecb0,3,87,Normal
2026-02-14 21:08:35.973156,London-ecb0,23,51,Normal
2026-02-14 21:08:36.973156,London-ecb0,35,96,Normal
2026-02-14 21:08:37.973156,London-ecb0,-1,73,Normal
2026-02-14 21:08:38.973156,London-ecb0,1,95,Normal
2026-02-14 21:08:39.973156,London-ecb0,-17,57,Normal
2026-02-14 21:08:40.973156,London-ecb0,-30,75,Normal
2026-02-14 21:08:41.973156,London-ecb0,-11,2,Normal
2026-02-14 21:08:42.973156,London-ecb0,43,8,Normal
2026-02-14 21:08:43.973156,London-ecb0,-11,100,Normal
2026-02-14 21:08:44.973156,London-ecb0,14,14,Normal
2026-02-14 21:08:45.973156,London-ecb0,-8,26,Normal
2026-02-14 21:08:46.973156,London-ecb0,-20,66,Normal
2026-02-14 21:08:47.973156,London-ecb0,47,93,Normal
2026-02-14 21:08:48.973156,London-ecb0,41,74,Normal
2026-02-14 21:08:49.973156,London-ecb0,-10,66,Normal
2026-02-14 21:08:50.973156,London-ecb0,-12,50,Normal
2026-02-14 21:08:51.973156,London-ecb0,23,63,Normal
2026-02-14 21:08:52.973156,London-ecb0,2,70,Normal
2026-02-14 21:08:53.973156,London-ecb0,-3,52,Normal
2026-02-14 21:08:54.973156,London-ecb0,16,25,Normal
2026-02-14 21:08:55.973156,London-ecb0,13,22,Normal
2026-02-14 21:08:56.973156,London-ecb0,11,38,Normal
2026-02-14 21:08:57.973156,London-ecb0,47,26,Normal
2026-02-14 21:08:58.973156,London-ecb0,27,7,Normal
2026-02-14 21:08:59.973156,London-ecb0,45,12,Normal
2026-02-14 21:09:00.973156,London-ecb0,42,72,Normal
2026-02-14 21:09:01.973156,London-ecb0,7,0,Normal
2026-02-14 21:09:02.973156,London-ecb0,-16,60,Normal
2026-02-14 21:09:03.973156,London-ecb0,-14,30,Normal
2026-02-14 21:09:04.973156,London-ecb0,1,70,Normal
2026-02-14 21:09:05.973156,London-ecb0,-21,91,Normal
2026-02-14 21:09:06.973156,London-ecb0,-4,7,Normal
2026-02-14 21:09:07.973156,London-ecb0,-16,46,Normal
2026-02-14 21:09:08.973156,London-ecb0,33,60,Normal
2026-02-14 21:09:09.973156,London-ecb0,-29,12,Normal
2026-02-14 21:09:10.973156,London-ecb0,-11,68,Normal
2026-02-14 21:09:11.973156,London-ecb0,45,22,Normal
2026-02-14 21:09:12.973156,London-ecb0,30,21,Normal
2026-02-14 21:09:13.973156,London-ecb0,-12,10,Normal
2026-02-14 21:09:14.973156,London-ecb0,38,96,Normal
2026-02-14 21:09:15.973156,London-ecb0,-11,9,Normal
2026-02-14 21:09:16.973156,London-ecb0,32,35,Normal
2026-02-14 21:09:17.973156,London-ecb0,5,8,Normal
2026-02-14 21:09:18.973156,London-ecb0,28,98,Normal
2026-02-14 21:09:19.973156,London-ecb0,46,57,Normal
2026-02-14 21:09:20.973156,London-ecb0,25,45,Normal
2026-02-14 21:09:21.973156,London-ecb0,19,90,Normal
2026-02-14 21:09:22.973156,London-ecb0,22,58,Normal
2026-02-14 21:09:23.973156,London-ecb0,-5,4,Normal
2026-02-14 21:09:24.973156,London-ecb0,-26,57,Normal
2026-02-14 21:09:25.973156,London-ecb0,-15,6,Normal
2026-02-14 21:09:26.973156,London-ecb0,38,51,Normal
2026-02-14 21:09:27.973156,London-ecb0,-20,13,Normal
2026-02-14 21:09:28.973156,London-ecb0,25,46,Normal
2026-02-14 21:09:29.973156,London-ecb0,12,63,Normal
2026-02-14 21:09:30.973156,London-ecb0,4,32,Normal
2026-02-14 21:09:31.973156,London-ecb0,15,94,Normal
2026-02-14 21:09:32.973156,London-ecb0,-20,52,Normal
2026-02-14 21:09:33.973156,London-ecb0,38,73,Normal
2026-02-14 21:09:34.973156,London-ecb0,45,62,Normal
2026-02-14 21:09:35.973156,London-ecb0,21,14,Normal
2026-02-14 21:09:36.973156,London-ecb0,-20,1,Normal
2026-02-14 21:09:37.973156,London-ecb0,27,27,Normal
2026-02-14 21:09:38.973156,London-ecb0,-28,84,Normal
2026-02-14 21:09:39.973156,London-ecb0,13,95,Normal
2026-02-14 21:09:40.973156,London-ecb0,16,78,Normal
2026-02-14 21:09:41.973156,London-ecb0,4,0,Normal
2026-02-14 21:09:42.973156,London-ecb0,9,21,Normal
2026-02-14 21:09:43.973156,London-ecb0,48,84,Normal
2026-02-14 21:09:44.973156,London-ecb0,18,39,Normal
2026-02-14 21:09:45.973156,London-ecb0,21,83,Normal
2026-02-14 21:09:46.973156,London-ecb0,-19,85,Normal
2026-02-14 21:09:47.973156,London-ecb0,-21,53,Normal
2026-02-14 21:09:48.973156,London-ecb0,-28,72,Normal
2026-02-14 21:09:49.973156,London-ecb0,-15,70,Normal
2026-02-14 21:09:50.973156,London-ecb0,-11,34,Normal
2026-02-14 21:09:51.973156,London-ecb0,22,70,Normal
2026-02-14 21:09:52.973156,London-ecb0,30,49,Normal
2026-02-14 21:09:53.973156,London-ecb0,0,51,Normal
2026-02-14 21:09:54.973156,London-ecb0,25,50,Normal
2026-02-14 21:09:55.973156,London-ecb0,10,57,Normal
2026-02-14 21:09:56.973156,London-ecb0,22,30,Normal
2026-02-14 21:09:57.973156,London-ecb0,27,92,Normal
2026-02-14 21:09:58.973156,London-ecb0,1,91,Normal
2026-02-14 21:09:59.973156,London-ecb0,20,20,Normal
2026-02-14 21:10:00.973156,London-ecb0,35,14,Normal
2026-02-14 21:10:01.973156,London-ecb0,24,67,Normal
2026-02-14 21:10:02.973156,London-ecb0,38,53,Normal
2026-02-14 21:10:03.973156,London-ecb0,5,43,Normal
2026-02-14 21:10:04.973156,London-ecb0,-15,99,Normal
2026-02-14 21:10:05.973156,London-ecb0,-22,10,Normal
2026-02-14 21:10:06.973156,London-ecb0,37,55,Normal
2026-02-14 21:10:07.973156,London-ecb0,-28,73,Normal
2026-02-14 21:10:08.973156,London-ecb0,-29,49,Normal
2026-02-14 21:10:09.973156,London-ecb0,5,74,Normal
2026-02-14 21:10:10.973156,London-ecb0,7,5,Normal
2026-02-14 21:10:11.973156,London-ecb0,-13,66,Normal
2026-02-14 21:10:12.973156,London-ecb0,48,100,Normal
2026-02-14 21:10:13.973156,London-ecb0,-12,66,Normal
2026-02-14 21:10:14.973156,London-ecb0,18,51,Normal
2026-02-14 21:10:15.973156,London-ecb0,27,44,Normal
2026-02-14 21:10:16.973156,London-ecb0,-11,52,Normal
2026-02-14 21:10:17.973156,London-ecb0,16,74,Normal
2026-02-14 21:10:18.973156,London-ecb0,6,99,Normal
2026-02-14 21:10:19.973156,London-ecb0,23,38,Normal
2026-02-14 21:10:20.973156,London-ecb0,-20,85,Normal
2026-02-14 21:10:21.973156,London-ecb0,34,72,Normal
2026-02-14 21:10:22.973156,London-ecb0,-6,49,Normal
2026-02-14 21:10:23.973156,London-ecb0,46,46,Normal
2026-02-14 21:10:24.973156,London-ecb0,14,53,Normal
2026-02-14 21:10:25.973156,London-ecb0,-17,93,Normal
2026-02-14 21:10:26.973156,London-ecb0,43,16,Normal
2026-02-14 21:10:27.973156,London-ecb0,33,7,Normal
2026-02-14 21:10:28.973156,London-ecb0,22,94,Normal
2026-02-14 21:10:29.973156,London-ecb0,43,53,Normal
2026-02-14 21:10:30.973156,London-ecb0,-27,37,Normal
2026-02-14 21:10:31.973156,London-ecb0,1,5,Normal
2026-02-14 21:10:32.973156,London-ecb0,-12,10,Normal
2026-02-14 21:10:33.973156,London-ecb0,27,43,Normal
2026-02-14 21:10:34.973156,London-ecb0,-30,81,Normal
2026-02-14 21:10:35.973156,London-ecb0,34,10,Normal
2026-02-14 21:10:36.973156,London-ecb0,-16,25,Normal
2026-02-14 21:10:37.973156,London-ecb0,42,85,Normal
2026-02-14 21:10:38.973156,London-ecb0,35,82,Normal
2026-02-14 21:10:39.973156,London-ecb0,12,26,Normal
2026-02-14 21:10:40.973156,London-ecb0,-6,49,Normal
2026-02-14 21:10:41.973156,London-ecb0,-11,84,Normal
2026-02-14 21:10:42.973156,London-ecb0,47,60,Normal
2026-02-14 21:10:43.973156,London-ecb0,36,27,Normal
2026-02-14 21:10:44.973156,London-ecb0,41,15,Normal
2026-02-14 21:10:45.973156,London-ecb0,-17,88,Normal
2026-02-14 21:10:46.973156,London-ecb0,-26,76,Normal
2026-02-14 21:10:47.973156,London-ecb0,15,75,Normal
2026-02-14 21:10:48.973156,London-ecb0,20,17,Normal
2026-02-14 21:10:49.973156,London-ecb0,-24,16,Normal
2026-02-14 21:10:50.973156,London-ecb0,9,22,Normal
2026-02-14 21:10:51.973156,London-ecb0,-22,86,Normal
2026-02-14 21:10:52.973156,London-ecb0,45,86,Normal
2026-02-14 21:10:53.973156,London-ecb0,-19,75,Normal
2026-02-14 21:10:54.973156,London-ecb0,21,38,Normal
2026-02-14 21:10:55.973156,London-ecb0,3,53,Normal
2026-02-14 21:10:56.973156,London-ecb0,24,56,Normal
2026-02-14 21:10:57.973156,London-ecb0,50,33,Normal
2026-02-14 21:10:58.973156,London-ecb0,19,58,Normal
2026-02-14 21:10:59.973156,London-ecb0,11,73,Normal
2026-02-14 21:11:00.973156,London-ecb0,-29,35,Normal
2026-02-14 21:11:01.973156,London-ecb0,6,4,Normal
2026-02-14 21:11:02.973156,London-ecb0,-18,85,Normal
2026-02-14 21:11:03.973156,London-ecb0,36,99,Normal
2026-02-14 21:11:04.973156,London-ecb0,-8,80,Normal
2026-02-14 21:11:05.973156,London-ecb0,-23,66,Normal
2026-02-14 21:11:06.973156,London-ecb0,-25,11,Normal
2026-02-14 21:11:07.973156,London-ecb0,12,8,Normal
2026-02-14 21:11:08.973156,London-ecb0,17,90,Normal
2026-02-14 21:11:09.973156,London-ecb0,1,13,Normal
2026-02-14 21:11:10.973156,London-ecb0,-23,0,Normal
2026-02-14 21:11:11.973156,London-ecb0,-25,35,Normal
2026-02-14 21:11:12.973156,London-ecb0,-23,66,Normal
2026-02-14 21:11:13.973156,London-ecb0,26,32,Normal
2026-02-14 21:11:14.973156,London-ecb0,39,85,Normal
2026-02-14 21:11:15.973156,London-ecb0,9,78,Normal
2026-02-14 21:11:16.973156,London-ecb0,48,72,Normal
2026-02-14 21:11:17.973156,London-ecb0,47,17,Normal
2026-02-14 21:11:18.973156,London-ecb0,5,44,Normal
2026-02-14 21:11:19.973156,London-ecb0,31,98,Normal
2026-02-14 21:11:20.973156,London-ecb0,-26,96,Normal
2026-02-14 21:11:21.973156,London-ecb0,3,23,Normal
2026-02-14 21:11:22.973156,London-ecb0,36,39,Normal
2026-02-14 21:11:23.973156,London-ecb0,34,48,Normal
2026-02-14 21:11:24.973156,London-ecb0,25,34,Normal
2026-02-14 21:11:25.973156,London-ecb0,26,81,Normal
2026-02-14 21:11:26.973156,London-ecb0,36,89,Normal
2026-02-14 21:11:27.973156,London-ecb0,37,82,Normal
2026-02-14 21:11:28.973156,London-ecb0,-11,94,Normal
2026-02-14 21:11:29.973156,London-ecb0,41,82,Normal
2026-02-14 21:11:30.973156,London-ecb0,22,19,Normal
2026-02-14 21:11:31.973156,London-ecb0,-30,59,Normal
2026-02-14 21:11:32.973156,London-ecb0,12,73,Normal
2026-02-14 21:11:33.973156,London-ecb0,2,86,Normal
2026-02-14 21:11:34.973156,London-ecb0,-12,89,Normal
2026-02-14 21:11:35.973156,London-ecb0,-26,11,Normal
2026-02-14 21:11:36.973156,London-ecb0,29,72,Normal
2026-02-14 21:11:37.973156,London-ecb0,6,43,Normal
2026-02-14 21:11:38.973156,London-ecb0,-7,87,Normal
2026-02-14 21:11:39.973156,London-ecb0,36,21,Normal
2026-02-14 21:11:40.973156,London-ecb0,-11,80,Normal
2026-02-14 21:11:41.973156,London-ecb0,23,10,Normal
2026-02-14 21:11:42.973156,London-ecb0,34,13,Normal
2026-02-14 21:11:43.973156,London-ecb0,36,12,Normal
2026-02-14 21:11:44.973156,London-ecb0,-28,26,Normal
2026-02-14 21:11:45.973156,London-ecb0,43,66,Normal
2026-02-14 21:11:46.973156,London-ecb0,21,81,Normal
2026-02-14 21:11:47.973156,London-ecb0,35,77,Normal
2026-02-14 21:11:48.973156,London-ecb0,43,39,Normal
2026-02-14 21:11:49.973156,London-ecb0,-4,36,Normal
2026-02-14 21:11:50.973156,London-ecb0,-16,70,Normal
2026-02-14 21:11:51.973156,London-ecb0,22,78,Normal
2026-02-14 21:11:52.973156,London-ecb0,7,26,Normal
2026-02-14 21:11:53.973156,London-ecb0,22,27,Normal
2026-02-14 21:11:54.973156,London-ecb0,45,19,Normal
2026-02-14 21:11:55.973156,London-ecb0,41,69,Normal
2026-02-14 21:11:56.973156,London-ecb0,47,33,Normal
2026-02-14 21:11:57.973156,London-ecb0,37,9,Normal
2026-02-14 21:11:58.973156,London-ecb0,-7,8,Normal
2026-02-14 21:11:59.973156,London-ecb0,-10,32,Normal
2026-02-14 21:12:00.973156,London-ecb0,4,1,Normal
2026-02-14 21:12:01.973156,London-ecb0,12,14,Normal
2026-02-14 21:12:02.973156,London-ecb0,40,25,Normal
2026-02-14 21:12:03.973156,London-ecb0,-8,45,Normal
2026-02-14 21:12:04.973156,London-ecb0,13,33,Normal
2026-02-14 21:12:05.973156,London-ecb0,8,8,Normal
2026-02-14 21:12:06.973156,London-ecb0,49,0,Normal
2026-02-14 21:12:07.973156,London-ecb0,43,10,Normal
2026-02-14 21:12:08.973156,London-ecb0,32,75,Normal
2026-02-14 21:12:09.973156,London-ecb0,39,40,Normal
2026-02-14 21:12:10.973156,London-ecb0,0,85,Normal
2026-02-14 21:12:11.973156,London-ecb0,-26,49,Normal
2026-02-14 21:12:12.973156,London-ecb0,10,20,Normal
2026-02-14 21:12:13.973156,London-ecb0,43,79,Normal
2026-02-14 21:12:14.973156,London-ecb0,19,75,Normal
2026-02-14 21:12:15.973156,London-ecb0,26,26,Normal
2026-02-14 21:12:16.973156,London-ecb0,-29,92,Normal
2026-02-14 21:12:17.973156,London-ecb0,-21,31,Normal
2026-02-14 21:12:18.973156,London-ecb0,35,54,Normal
2026-02-14 21:12:19.973156,London-ecb0,-20,59,Normal
2026-02-14 21:12:20.973156,London-ecb0,-17,20,Normal
2026-02-14 21:12:21.973156,London-ecb0,27,90,Normal
2026-02-14 21:12:22.973156,London-ecb0,47,80,Normal
2026-02-14 21:12:23.973156,London-ecb0,6,49,Normal
2026-02-14 21:12:24.973156,London-ecb0,25,65,Normal
2026-02-14 21:12:25.973156,London-ecb0,25,27,Normal
2026-02-14 21:12:26.973156,London-ecb0,-26,57,Normal
2026-02-14 21:12:27.973156,London-ecb0,-7,38,Normal
2026-02-14 21:12:28.973156,London-ecb0,26,31,Normal
2026-02-14 21:12:29.973156,London-ecb0,9,0,Normal
2026-02-14 21:12:30.973156,London-ecb0,-11,91,Normal
2026-02-14 21:12:31.973156,London-ecb0,3,82,Normal
2026-02-14 21:12:32.973156,London-ecb0,-12,83,Normal
2026-02-14 21:12:33.973156,London-ecb0,-11,57,Normal
2026-02-14 21:12:34.973156,London-ecb0,-6,61,Normal
2026-02-14 21:12:35.973156,London-ecb0,0,84,Normal
2026-02-14 21:12:36.973156,London-ecb0,-25,78,Normal
2026-02-14 21:12:37.973156,London-ecb0,43,95,Normal
2026-02-14 21:12:38.973156,London-ecb0,31,100,Normal
2026-02-14 21:12:39.973156,London-ecb0,11,21,Normal
2026-02-14 21:12:40.973156,London-ecb0,26,3,Normal
2026-02-14 21:12:41.973156,London-ecb0,12,73,Normal
2026-02-14 21:12:42.973156,London-ecb0,-28,29,Normal
2026-02-14 21:12:43.973156,London-ecb0,-9,55,Normal
2026-02-14 21:12:44.973156,London-ecb0,-3,31,Normal
2026-02-14 21:12:45.973156,London-ecb0,44,75,Normal
2026-02-14 21:12:46.973156,London-ecb0,-1,0,Normal
2026-02-14 21:12:47.973156,London-ecb0,-21,76,Normal
2026-02-14 21:12:48.973156,London-ecb0,34,4,Normal
2026-02-14 21:12:49.973156,London-ecb0,-11,43,Normal
2026-02-14 21:12:50.973156,London-ecb0,-17,96,Normal
2026-02-14 21:12:51.973156,London-ecb0,14,9,Normal
2026-02-14 21:12:52.973156,London-ecb0,-17,62,Normal
2026-02-14 21:12:53.973156,London-ecb0,9,27,Normal
2026-02-14 21:12:54.973156,London-ecb0,33,91,Normal
2026-02-14 21:12:55.973156,London-ecb0,25,56,Normal
2026-02-14 21:12:56.973156,London-ecb0,-19,83,Normal
2026-02-14 21:12:57.973156,London-ecb0,13,43,Normal
2026-02-14 21:12:58.973156,London-ecb0,41,40,Normal
2026-02-14 21:12:59.973156,London-ecb0,30,35,Normal
2026-02-14 21:13:00.973156,London-ecb0,50,73,Normal
2026-02-14 21:13:01.973156,London-ecb0,-13,73,Normal
2026-02-14 21:13:02.973156,London-ecb0,42,41,Normal
2026-02-14 21:13:03.973156,London-ecb0,-3,3,Normal
2026-02-14 21:13:04.973156,London-ecb0,7,71,Normal
2026-02-14 21:13:05.973156,London-ecb0,-9,57,Normal
2026-02-14 21:13:06.973156,London-ecb0,-30,77,Normal
2026-02-14 21:13:07.973156,London-ecb0,36,24,Normal
2026-02-14 21:13:08.973156,London-ecb0,-16,38,Normal
2026-02-14 21:13:09.973156,London-ecb0,-12,15,Normal
2026-02-14 21:13:10.973156,London-ecb0,25,72,Normal
2026-02-14 21:13:11.973156,London-ecb0,-5,93,Normal
2026-02-14 21:13:12.973156,London-ecb0,-25,6,Normal
2026-02-14 21:13:13.973156,London-ecb0,-27,34,Normal
2026-02-14 21:13:14.973156,London-ecb0,-11,60,Normal
2026-02-14 21:13:15.973156,London-ecb0,49,64,Normal
2026-02-14 21:13:16.973156,London-ecb0,38,33,Normal
2026-02-14 21:13:17.973156,London-ecb0,18,72,Normal
2026-02-14 21:13:18.973156,London-ecb0,-5,59,Normal
2026-02-14 21:13:19.973156,London-ecb0,-4,67,Normal
2026-02-14 21:13:20.973156,London-ecb0,-19,97,Normal
2026-02-14 21:13:21.973156,London-ecb0,8,17,Normal
2026-02-14 21:13:22.973156,London-ecb0,-17,27,Normal
2026-02-14 21:13:23.973156,London-ecb0,14,5,Normal
2026-02-14 21:13:24.973156,London-ecb0,47,88,Normal
2026-02-14 21:13:25.973156,London-ecb0,40,27,Normal
2026-02-14 21:13:26.973156,London-ecb0,15,68,Normal
2026-02-14 21:13:27.973156,London-ecb0,-29,10,Normal
2026-02-14 21:13:28.973156,London-ecb0,9,61,Normal
2026-02-14 21:13:29.973156,London-ecb0,29,54,Normal
2026-02-14 21:13:30.973156,London-ecb0,-21,38,Normal
2026-02-14 21:13:31.973156,London-ecb0,-30,26,Normal
2026-02-14 21:13:32.973156,London-ecb0,-21,90,Normal
2026-02-14 21:13:33.973156,London-ecb0,-28,30,Normal
2026-02-14 21:13:34.973156,London-ecb0,50,23,Normal
2026-02-14 21:13:35.973156,London-ecb0,-1,74,Normal
2026-02-14 21:13:36.973156,London-ecb0,-30,80,Normal
2026-02-14 21:13:37.973156,London-ecb0,-19,15,Normal
2026-02-14 21:13:38.973156,London-ecb0,-30,10,Normal
2026-02-14 21:13:39.973156,London-ecb0,-17,88,Normal
2026-02-14 21:13:40.973156,London-ecb0,-1,95,Normal
2026-02-14 21:13:41.973156,London-ecb0,1,45,Normal
2026-02-14 21:13:42.973156,London-ecb0,23,76,Normal
2026-02-14 21:13:43.973156,London-ecb0,44,45,Normal
2026-02-14 21:13:44.973156,London-ecb0,32,51,Normal
2026-02-14 21:13:45.973156,London-ecb0,42,75,Normal
2026-02-14 21:13:46.973156,London-ecb0,-18,48,Normal
2026-02-14 21:13:47.973156,London-ecb0,-12,100,Normal
2026-02-14 21:13:48.973156,London-ecb0,-3,27,Normal
2026-02-14 21:13:49.973156,London-ecb0,38,66,Normal
2026-02-14 21:13:50.973156,London-ecb0,-13,19,Normal
2026-02-14 21:13:51.973156,London-ecb0,45,18,Normal
2026-02-14 21:13:52.973156,London-ecb0,27,96,Normal
2026-02-14 21:13:53.973156,London-ecb0,11,35,Normal
2026-02-14 21:13:54.973156,London-ecb0,-18,35,Normal
2026-02-14 21:13:55.973156,London-ecb0,42,5,Normal
2026-02-14 21:13:56.973156,London-ecb0,41,2,Normal
2026-02-14 21:13:57.973156,London-ecb0,-26,25,Normal
2026-02-14 21:13:58.973156,London-ecb0,27,25,Normal
2026-02-14 21:13:59.973156,London-ecb0,1,20,Normal
2026-02-14 21:14:00.973156,London-ecb0,32,52,Normal
2026-02-14 21:14:01.973156,London-ecb0,3,23,Normal
2026-02-14 21:14:02.973156,London-ecb0,-5,55,Normal
2026-02-14 21:14:03.973156,London-ecb0,50,67,Normal
2026-02-14 21:14:04.973156,London-ecb0,24,45,Normal
2026-02-14 21:14:05.973156,London-ecb0,28,78,Normal
2026-02-14 21:14:06.973156,London-ecb0,-4,69,Normal
2026-02-14 21:14:07.973156,London-ecb0,38,51,Normal
2026-02-14 21:14:08.973156,London-ecb0,45,79,Normal
2026-02-14 21:14:09.973156,London-ecb0,2,50,Normal
2026-02-14 21:14:10.973156,London-ecb0,39,21,Normal
2026-02-14 21:14:11.973156,London-ecb0,28,15,Normal
2026-02-14 21:14:12.973156,London-ecb0,38,78,Normal
2026-02-14 21:14:13.973156,London-ecb0,25,48,Normal
2026-02-14 21:14:14.973156,London-ecb0,17,90,Normal
2026-02-14 21:14:15.973156,London-ecb0,-8,51,Normal
2026-02-14 21:14:16.973156,London-ecb0,3,95,Normal
2026-02-14 21:14:17.973156,London-ecb0,15,20,Normal
2026-02-14 21:14:18.973156,London-ecb0,9,60,Normal
2026-02-14 21:14:19.973156,London-ecb0,14,86,Normal
2026-02-14 21:14:20.973156,London-ecb0,0,25,Normal
2026-02-14 21:14:21.973156,London-ecb0,-23,24,Normal
2026-02-14 21:14:22.973156,London-ecb0,22,55,Normal
2026-02-14 21:14:23.973156,London-ecb0,39,85,Normal
2026-02-14 21:14:24.973156,London-ecb0,27,66,Normal
2026-02-14 21:14:25.973156,London-ecb0,8,2,Normal
2026-02-14 21:14:26.973156,London-ecb0,2,22,Normal
2026-02-14 21:14:27.973156,London-ecb0,15,94,Normal
2026-02-14 21:14:28.973156,London-ecb0,-14,98,Normal
2026-02-14 21:14:29.973156,London-ecb0,-27,40,Normal
2026-02-14 21:14:30.973156,London-ecb0,37,53,Normal
2026-02-14 21:14:31.973156,London-ecb0,-3,59,Normal
2026-02-14 21:14:32.973156,London-ecb0,19,73,Normal
2026-02-14 21:14:33.973156,London-ecb0,27,95,Normal
2026-02-14 21:14:34.973156,London-ecb0,5,62,Normal
2026-02-14 21:14:35.973156,London-ecb0,-28,65,Normal
2026-02-14 21:14:36.973156,London-ecb0,26,62,Normal
2026-02-14 21:14:37.973156,London-ecb0,-6,16,Normal
2026-02-14 21:14:38.973156,London-ecb0,41,31,Normal
2026-02-14 21:14:39.973156,London-ecb0,17,78,Normal
2026-02-14 21:14:40.973156,London-ecb0,4,43,Normal
2026-02-14 21:14:41.973156,London-ecb0,-3,65,Normal
2026-02-14 21:14:42.973156,London-ecb0,34,41,Normal
2026-02-14 21:14:43.973156,London-ecb0,-8,54,Normal
2026-02-14 21:14:44.973156,London-ecb0,-30,29,Normal
2026-02-14 21:14:45.973156,London-ecb0,13,40,Normal
2026-02-14 21:14:46.973156,London-ecb0,-30,69,Normal
2026-02-14 21:14:47.973156,London-ecb0,18,45,Normal
2026-02-14 21:14:48.973156,London-ecb0,23,77,Normal
2026-02-14 21:14:49.973156,London-ecb0,17,67,Normal
2026-02-14 21:14:50.973156,London-ecb0,18,56,Normal
2026-02-14 21:14:51.973156,London-ecb0,8,36,Normal
2026-02-14 21:14:52.973156,London-ecb0,50,27,Normal
2026-02-14 21:14:53.973156,London-ecb0,19,71,Normal
2026-02-14 21:14:54.973156,London-ecb0,6,49,Normal
2026-02-14 21:14:55.973156,London-ecb0,45,100,Normal
2026-02-14 21:14:56.973156,London-ecb0,-5,55,Normal
2026-02-14 21:14:57.973156,London-ecb0,-12,73,Normal
2026-02-14 21:14:58.973156,London-ecb0,-1,57,Normal
2026-02-14 21:14:59.973156,London-ecb0,-22,32,Normal
2026-02-14 21:15:00.973156,London-ecb0,12,3,Normal
2026-02-14 21:15:01.973156,London-ecb0,32,54,Normal
2026-02-14 21:15:02.973156,London-ecb0,-2,76,Normal
2026-02-14 21:15:03.973156,London-ecb0,-18,90,Normal
2026-02-14 21:15:04.973156,London-ecb0,49,62,Normal
2026-02-14 21:15:05.973156,London-ecb0,-12,14,Normal
2026-02-14 21:15:06.973156,London-ecb0,-14,9,Normal
2026-02-14 21:15:07.973156,London-ecb0,38,18,Normal
2026-02-14 21:15:08.973156,London-ecb0,22,37,Normal
2026-02-14 21:15:09.973156,London-ecb0,46,77,Normal
2026-02-14 21:15:10.973156,London-ecb0,42,79,Normal
2026-02-14 21:15:11.973156,London-ecb0,-2,96,Normal
2026-02-14 21:15:12.973156,London-ecb0,49,78,Normal
2026-02-14 21:15:13.973156,London-ecb0,29,82,Normal
2026-02-14 21:15:14.973156,London-ecb0,12,86,Normal
2026-02-14 21:15:15.973156,London-ecb0,7,90,Normal
2026-02-14 21:15:16.973156,London-ecb0,-25,29,Normal
2026-02-14 21:15:17.973156,London-ecb0,-7,73,Normal
2026-02-14 21:15:18.973156,London-ecb0,-24,58,Normal
2026-02-14 21:15:19.973156,London-ecb0,-13,99,Normal
2026-02-14 21:15:20.973156,London-ecb0,-17,27,Normal
2026-02-14 21:15:21.973156,London-ecb0,47,76,Normal
2026-02-14 21:15:22.973156,London-ecb0,-2,82,Normal
2026-02-14 21:15:23.973156,London-ecb0,43,21,Normal
2026-02-14 21:15:24.973156,London-ecb0,25,38,Normal
2026-02-14 21:15:25.973156,London-ecb0,-1,74,Normal
2026-02-14 21:15:26.973156,London-ecb0,-6,26,Normal
2026-02-14 21:15:27.973156,London-ecb0,45,98,Normal
2026-02-14 21:15:28.973156,London-ecb0,37,54,Normal
2026-02-14 21:15:29.973156,London-ecb0,-14,82,Normal
2026-02-14 21:15:30.973156,London-ecb0,11,95,Normal
2026-02-14 21:15:31.973156,London-ecb0,29,56,Normal
2026-02-14 21:15:32.973156,London-ecb0,26,22,Normal
2026-02-14 21:15:33.973156,London-ecb0,-19,72,Normal
2026-02-14 21:15:34.973156,London-ecb0,-24,13,Normal
2026-02-14 21:15:35.973156,London-ecb0,-10,95,Normal
2026-02-14 21:15:36.973156,London-ecb0,1,20,Normal
2026-02-14 21:15:37.973156,London-ecb0,9,12,Normal
2026-02-14 21:15:38.973156,London-ecb0,37,12,Normal
2026-02-14 21:15:39.973156,London-ecb0,-24,24,Normal
2026-02-14 21:15:40.973156,London-ecb0,41,70,Normal
2026-02-14 21:15:41.973156,London-ecb0,25,93,Normal
2026-02-14 21:15:42.973156,London-ecb0,-30,24,Normal
2026-02-14 21:15:43.973156,London-ecb0,-13,25,Normal
2026-02-14 21:15:44.973156,London-ecb0,42,4,Normal
2026-02-14 21:15:45.973156,London-ecb0,-23,68,Normal
2026-02-14 21:15:46.973156,London-ecb0,-4,9,Normal
2026-02-14 21:15:47.973156,London-ecb0,23,59,Normal
2026-02-14 21:15:48.973156,London-ecb0,50,73,Normal
2026-02-14 21:15:49.973156,London-ecb0,43,74,Normal
2026-02-14 21:15:50.973156,London-ecb0,3,49,Normal
2026-02-14 21:15:51.973156,London-ecb0,20,91,Normal
2026-02-14 21:15:52.973156,London-ecb0,-7,19,Normal
2026-02-14 21:15:53.973156,London-ecb0,38,58,Normal
2026-02-14 21:15:54.973156,London-ecb0,-7,55,Normal
2026-02-14 21:15:55.973156,London-ecb0,34,43,Normal
2026-02-14 21:15:56.973156,London-ecb0,-30,82,Normal
2026-02-14 21:15:57.973156,London-ecb0,-29,73,Normal
2026-02-14 21:15:58.973156,London-ecb0,-25,64,Normal
2026-02-14 21:15:59.973156,London-ecb0,39,91,Normal
2026-02-14 21:16:00.973156,London-ecb0,43,14,Normal
2026-02-14 21:16:01.973156,London-ecb0,-24,86,Normal
2026-02-14 21:16:02.973156,London-ecb0,-17,1,Normal
2026-02-14 21:16:03.973156,London-ecb0,7,38,Normal
2026-02-14 21:16:04.973156,London-ecb0,20,30,Normal
2026-02-14 21:16:05.973156,London-ecb0,-28,9,Normal
2026-02-14 21:16:06.973156,London-ecb0,23,77,Normal
2026-02-14 21:16:07.973156,London-ecb0,-4,98,Normal
2026-02-14 21:16:08.973156,London-ecb0,24,49,Normal
2026-02-14 21:16:09.973156,London-ecb0,10,18,Normal
2026-02-14 21:16:10.973156,London-ecb0,11,49,Normal
2026-02-14 21:16:11.973156,London-ecb0,-2,20,Normal
2026-02-14 21:16:12.973156,London-ecb0,-20,48,Normal
2026-02-14 21:16:13.973156,London-ecb0,-27,92,Normal
2026-02-14 21:16:14.973156,London-ecb0,50,74,Normal
2026-02-14 21:16:15.973156,London-ecb0,18,6,Normal
2026-02-14 21:16:16.973156,London-ecb0,28,58,Normal
2026-02-14 21:16:17.973156,London-ecb0,-18,55,Normal
2026-02-14 21:16:18.973156,London-ecb0,30,20,Normal
2026-02-14 21:16:19.973156,London-ecb0,47,6,Normal
2026-02-14 21:16:20.973156,London-ecb0,-7,70,Normal
2026-02-14 21:16:21.973156,London-ecb0,13,9,Normal
2026-02-14 21:16:22.973156,London-ecb0,-24,69,Normal
2026-02-14 21:16:23.973156,London-ecb0,-10,61,Normal
2026-02-14 21:16:24.973156,London-ecb0,46,10,Normal
2026-02-14 21:16:25.973156,London-ecb0,-19,99,Normal
2026-02-14 21:16:26.973156,London-ecb0,45,3,Normal
2026-02-14 21:16:27.973156,London-ecb0,-26,36,Normal
2026-02-14 21:16:28.973156,London-ecb0,-13,35,Normal
2026-02-14 21:16:29.973156,London-ecb0,44,53,Normal
2026-02-14 21:16:30.973156,London-ecb0,-30,77,Normal
2026-02-14 21:16:31.973156,London-ecb0,13,33,Normal
2026-02-14 21:16:32.973156,London-ecb0,9,6,Normal
2026-02-14 21:16:33.973156,London-ecb0,48,97,Normal
2026-02-14 21:16:34.973156,London-ecb0,45,74,Normal
2026-02-14 21:16:35.973156,London-ecb0,-3,75,Normal
2026-02-14 21:16:36.973156,London-ecb0,-14,75,Normal
2026-02-14 21:16:37.973156,London-ecb0,8,91,Normal
2026-02-14 21:16:38.973156,London-ecb0,38,31,Normal
2026-02-14 21:16:39.973156,London-ecb0,14,86,Normal
2026-02-14 21:16:40.973156,London-ecb0,-28,88,Normal
2026-02-14 21:16:41.973156,London-ecb0,-23,72,Normal
2026-02-14 21:16:42.973156,London-ecb0,1,25,Normal
2026-02-14 21:16:43.973156,London-ecb0,46,27,Normal
2026-02-14 21:16:44.973156,London-ecb0,43,60,Normal
2026-02-14 21:16:45.973156,London-ecb0,44,30,Normal
2026-02-14 21:16:46.973156,London-ecb0,-26,5,Normal
2026-02-14 21:16:47.973156,London-ecb0,-16,61,Normal
2026-02-14 21:16:48.973156,London-ecb0,20,3,Normal
2026-02-14 21:16:49.973156,London-ecb0,32,43,Normal
2026-02-14 21:16:50.973156,London-ecb0,50,28,Normal
2026-02-14 21:16:51.973156,London-ecb0,-20,87,Normal
2026-02-14 21:16:52.973156,London-ecb0,38,73,Normal
2026-02-14 21:16:53.973156,London-ecb0,42,62,Normal
2026-02-14 21:16:54.973156,London-ecb0,-24,45,Normal
2026-02-14 21:16:55.973156,London-ecb0,19,8,Normal
2026-02-14 21:16:56.973156,London-ecb0,28,92,Normal
2026-02-14 21:16:57.973156,London-ecb0,-7,32,Normal
2026-02-14 21:16:58.973156,London-ecb0,24,36,Normal
2026-02-14 21:16:59.973156,London-ecb0,47,96,Normal
2026-02-14 21:17:00.973156,London-ecb0,40,95,Normal
2026-02-14 21:17:01.973156,London-ecb0,-1,86,Normal
2026-02-14 21:17:02.973156,London-ecb0,21,75,Normal
2026-02-14 21:17:03.973156,London-ecb0,-25,100,Normal
2026-02-14 21:17:04.973156,London-ecb0,28,67,Normal
2026-02-14 21:17:05.973156,London-ecb0,-14,53,Normal
2026-02-14 21:17:06.973156,London-ecb0,8,42,Normal
2026-02-14 21:17:07.973156,London-ecb0,27,18,Normal
2026-02-14 21:17:08.973156,London-ecb0,-24,80,Normal
2026-02-14 21:17:09.973156,London-ecb0,6,33,Normal
2026-02-14 21:17:10.973156,London-ecb0,-6,40,Normal
2026-02-14 21:17:11.973156,London-ecb0,5,35,Normal
2026-02-14 21:17:12.973156,London-ecb0,24,8,Normal
2026-02-14 21:17:13.973156,London-ecb0,-24,54,Normal
2026-02-14 21:17:14.973156,London-ecb0,-26,81,Normal
2026-02-14 21:17:15.973156,London-ecb0,2,39,Normal
2026-02-14 21:17:16.973156,London-ecb0,-20,92,Normal
2026-02-14 21:17:17.973156,London-ecb0,-17,55,Normal
2026-02-14 21:17:18.973156,London-ecb0,47,8,Normal
2026-02-14 21:17:19.973156,London-ecb0,22,88,Normal
2026-02-14 21:17:20.973156,London-ecb0,1,89,Normal
2026-02-14 21:17:21.973156,London-ecb0,19,66,Normal
2026-02-14 21:17:22.973156,London-ecb0,21,24,Normal
2026-02-14 21:17:23.973156,London-ecb0,-17,25,Normal
2026-02-14 21:17:24.973156,London-ecb0,-2,61,Normal
2026-02-14 21:17:25.973156,London-ecb0,0,93,Normal
2026-02-14 21:17:26.973156,London-ecb0,8,73,Normal
2026-02-14 21:17:27.973156,London-ecb0,-27,84,Normal
2026-02-14 21:17:28.973156,London-ecb0,6,58,Normal
2026-02-14 21:17:29.973156,London-ecb0,24,87,Normal
2026-02-14 21:17:30.973156,London-ecb0,-21,12,Normal
2026-02-14 21:17:31.973156,London-ecb0,-22,67,Normal
2026-02-14 21:17:32.973156,London-ecb0,-6,4,Normal
2026-02-14 21:17:33.973156,London-ecb0,23,72,Normal
2026-02-14 21:17:34.973156,London-ecb0,34,78,Normal
2026-02-14 21:17:35.973156,London-ecb0,24,32,Normal
2026-02-14 21:17:36.973156,London-ecb0,17,62,Normal
2026-02-14 21:17:37.973156,London-ecb0,3,92,Normal
2026-02-14 21:17:38.973156,London-ecb0,47,55,Normal
2026-02-14 21:17:39.973156,London-ecb0,2,85,Normal
2026-02-14 21:17:40.973156,London-ecb0,-6,57,Normal
2026-02-14 21:17:41.973156,London-ecb0,-25,34,Normal
2026-02-14 21:17:42.973156,London-ecb0,1,6,Normal
2026-02-14 21:17:43.973156,London-ecb0,4,77,Normal
2026-02-14 21:17:44.973156,London-ecb0,-15,35,Normal
2026-02-14 21:17:45.973156,London-ecb0,0,79,Normal
2026-02-14 21:17:46.973156,London-ecb0,4,87,Normal
2026-02-14 21:17:47.973156,London-ecb0,-29,13,Normal
2026-02-14 21:17:48.973156,London-ecb0,42,61,Normal
2026-02-14 21:17:49.973156,London-ecb0,42,12,Normal
2026-02-14 21:17:50.973156,London-ecb0,28,97,Normal
2026-02-14 21:17:51.973156,London-ecb0,3,59,Normal
2026-02-14 21:17:52.973156,London-ecb0,-9,85,Normal
2026-02-14 21:17:53.973156,London-ecb0,-21,90,Normal
2026-02-14 21:17:54.973156,London-ecb0,8,84,Normal
2026-02-14 21:17:55.973156,London-ecb0,36,80,Normal
2026-02-14 21:17:56.973156,London-ecb0,-16,73,Normal
2026-02-14 21:17:57.973156,London-ecb0,7,30,Normal
2026-02-14 21:17:58.973156,London-ecb0,30,33,Normal
2026-02-14 21:17:59.973156,London-ecb0,15,26,Normal
2026-02-14 21:18:00.973156,London-ecb0,-28,42,Normal
2026-02-14 21:18:01.973156,London-ecb0,-28,60,Normal
2026-02-14 21:18:02.973156,London-ecb0,20,13,Normal
2026-02-14 21:18:03.973156,London-ecb0,-2,46,Normal
2026-02-14 21:18:04.973156,London-ecb0,-30,94,Normal
2026-02-14 21:18:05.973156,London-ecb0,46,66,Normal
2026-02-14 21:18:06.973156,London-ecb0,36,54,Normal
2026-02-14 21:18:07.973156,London-ecb0,25,66,Normal
2026-02-14 21:18:08.973156,London-ecb0,19,3,Normal
2026-02-14 21:18:09.973156,London-ecb0,-22,40,Normal
2026-02-14 21:18:10.973156,London-ecb0,46,18,Normal
2026-02-14 21:18:11.973156,London-ecb0,47,77,Normal
2026-02-14 21:18:12.973156,London-ecb0,37,66,Normal
2026-02-14 21:18:13.973156,London-ecb0,20,14,Normal
2026-02-14 21:18:14.973156,London-ecb0,46,2,Normal
2026-02-14 21:18:15.973156,London-ecb0,-25,64,Normal
2026-02-14 21:18:16.973156,London-ecb0,6,67,Normal
2026-02-14 21:18:17.973156,London-ecb0,-1,75,Normal
2026-02-14 21:18:18.973156,London-ecb0,22,88,Normal
2026-02-14 21:18:19.973156,London-ecb0,48,69,Normal
2026-02-14 21:18:20.973156,London-ecb0,0,28,Normal
2026-02-14 21:18:21.973156,London-ecb0,-23,13,Normal
2026-02-14 21:18:22.973156,London-ecb0,29,76,Normal
2026-02-14 21:18:23.973156,London-ecb0,-20,98,Normal
2026-02-14 21:18:24.973156,London-ecb0,28,13,Normal
2026-02-14 21:18:25.973156,London-ecb0,-9,10,Normal
2026-02-14 21:18:26.973156,London-ecb0,-16,95,Normal
2026-02-14 21:18:27.973156,London-ecb0,21,21,Normal
2026-02-14 21:18:28.973156,London-ecb0,14,32,Normal
2026-02-14 21:18:29.973156,London-ecb0,7,79,Normal
2026-02-14 21:18:30.973156,London-ecb0,38,78,Normal
2026-02-14 21:18:31.973156,London-ecb0,-5,18,Normal
2026-02-14 21:18:32.973156,London-ecb0,15,19,Normal
2026-02-14 21:18:33.973156,London-ecb0,1,62,Normal
2026-02-14 21:18:34.973156,London-ecb0,25,14,Normal
2026-02-14 21:18:35.973156,London-ecb0,3,85,Normal
2026-02-14 21:18:36.973156,London-ecb0,-4,52,Normal
2026-02-14 21:18:37.973156,London-ecb0,5,45,Normal
2026-02-14 21:18:38.973156,London-ecb0,12,40,Normal
2026-02-14 21:18:39.973156,London-ecb0,-12,85,Normal
2026-02-14 21:18:40.973156,London-ecb0,17,22,Normal
2026-02-14 21:18:41.973156,London-ecb0,27,12,Normal
2026-02-14 21:18:42.973156,London-ecb0,33,75,Normal
2026-02-14 21:18:43.973156,London-ecb0,38,69,Normal
2026-02-14 21:18:44.973156,London-ecb0,9,76,Normal
2026-02-14 21:18:45.973156,London-ecb0,14,73,Normal
2026-02-14 21:18:46.973156,London-ecb0,-4,88,Normal
2026-02-14 21:18:47.973156,London-ecb0,-5,3,Normal
2026-02-14 21:18:48.973156,London-ecb0,-28,56,Normal
2026-02-14 21:18:49.973156,London-ecb0,-15,34,Normal
2026-02-14 21:18:50.973156,London-ecb0,50,18,Normal
2026-02-14 21:18:51.973156,London-ecb0,-19,44,Normal
2026-02-14 21:18:52.973156,London-ecb0,21,66,Normal
2026-02-14 21:18:53.973156,London-ecb0,-2,17,Normal
2026-02-14 21:18:54.973156,London-ecb0,33,36,Normal
2026-02-14 21:18:55.973156,London-ecb0,25,35,Normal
2026-02-14 21:18:56.973156,London-ecb0,-15,88,Normal
2026-02-14 21:18:57.973156,London-ecb0,33,40,Normal
2026-02-14 21:18:58.973156,London-ecb0,-18,67,Normal
2026-02-14 21:18:59.973156,London-ecb0,11,80,Normal
2026-02-14 21:19:00.973156,London-ecb0,4,63,Normal
2026-02-14 21:19:01.973156,London-ecb0,9,69,Normal
2026-02-14 21:19:02.973156,London-ecb0,17,89,Normal
2026-02-14 21:19:03.973156,London-ecb0,10,89,Normal
2026-02-14 21:19:04.973156,London-ecb0,38,74,Normal
2026-02-14 21:19:05.973156,London-ecb0,37,94,Normal
2026-02-14 21:19:06.973156,London-ecb0,47,34,Normal
2026-02-14 21:19:07.973156,London-ecb0,-15,40,Normal
2026-02-14 21:19:08.973156,London-ecb0,-8,90,Normal
2026-02-14 21:19:09.973156,London-ecb0,22,71,Normal
2026-02-14 21:19:10.973156,London-ecb0,-12,0,Normal
2026-02-14 21:19:11.973156,London-ecb0,11,17,Normal
2026-02-14 21:19:12.973156,London-ecb0,47,22,Normal
2026-02-14 21:19:13.973156,London-ecb0,-29,19,Normal
2026-02-14 21:19:14.973156,London-ecb0,37,26,Normal
2026-02-14 21:19:15.973156,London-ecb0,-1,34,Normal
2026-02-14 21:19:16.973156,London-ecb0,26,34,Normal
2026-02-14 21:19:17.973156,London-ecb0,-24,17,Normal
2026-02-14 21:19:18.973156,London-ecb0,41,66,Normal
2026-02-14 21:19:19.973156,London-ecb0,1,35,Normal
2026-02-14 21:19:20.973156,London-ecb0,24,61,Normal
2026-02-14 21:19:21.973156,London-ecb0,39,44,Normal
2026-02-14 21:19:22.973156,London-ecb0,43,70,Normal
2026-02-14 21:19:23.973156,London-ecb0,-25,56,Normal
2026-02-14 21:19:24.973156,London-ecb0,-30,87,Normal
2026-02-14 21:19:25.973156,London-ecb0,16,32,Normal
2026-02-14 21:19:26.973156,London-ecb0,-15,69,Normal
2026-02-14 21:19:27.973156,London-ecb0,-8,17,Normal
2026-02-14 21:19:28.973156,London-ecb0,-23,93,Normal
2026-02-14 21:19:29.973156,London-ecb0,-15,24,Normal
2026-02-14 21:19:30.973156,London-ecb0,48,67,Normal
2026-02-14 21:19:31.973156,London-ecb0,48,87,Normal
2026-02-14 21:19:32.973156,London-ecb0,-8,99,Normal
2026-02-14 21:19:33.973156,London-ecb0,-26,20,Normal
2026-02-14 21:19:34.973156,London-ecb0,49,38,Normal
2026-02-14 21:19:35.973156,London-ecb0,9,60,Normal
2026-02-14 21:19:36.973156,London-ecb0,-29,50,Normal
2026-02-14 21:19:37.973156,London-ecb0,3,85,Normal
2026-02-14 21:19:38.973156,London-ecb0,-17,10,Normal
2026-02-14 21:19:39.973156,London-ecb0,31,11,Normal
2026-02-14 21:19:40.973156,London-ecb0,-8,68,Normal
2026-02-14 21:19:41.973156,London-ecb0,-15,58,Normal
2026-02-14 21:19:42.973156,London-ecb0,22,43,Normal
2026-02-14 21:19:43.973156,London-ecb0,29,63,Normal
2026-02-14 21:19:44.973156,London-ecb0,25,50,Normal
2026-02-14 21:19:45.973156,London-ecb0,-7,13,Normal
2026-02-14 21:19:46.973156,London-ecb0,-27,26,Normal
2026-02-14 21:19:47.973156,London-ecb0,3,8,Normal
2026-02-14 21:19:48.973156,London-ecb0,36,27,Normal
2026-02-14 21:19:49.973156,London-ecb0,-27,73,Normal
2026-02-14 21:19:50.973156,London-ecb0,-9,23,Normal
2026-02-14 21:19:51.973156,London-ecb0,12,28,Normal
2026-02-14 21:19:52.973156,London-ecb0,50,19,Normal
2026-02-14 21:19:53.973156,London-ecb0,34,33,Normal
2026-02-14 21:19:54.973156,London-ecb0,42,27,Normal
2026-02-14 21:19:55.973156,London-ecb0,28,61,Normal
2026-02-14 21:19:56.973156,London-ecb0,40,47,Normal
2026-02-14 21:19:57.973156,London-ecb0,-22,61,Normal
2026-02-14 21:19:58.973156,London-ecb0,2,76,Normal
2026-02-14 21:19:59.973156,London-ecb0,4,34,Normal
2026-02-14 21:20:00.973156,London-ecb0,-11,70,Normal
2026-02-14 21:20:01.973156,London-ecb0,-23,70,Normal
2026-02-14 21:20:02.973156,London-ecb0,19,71,Normal
2026-02-14 21:20:03.973156,London-ecb0,-1,46,Normal
2026-02-14 21:20:04.973156,London-ecb0,42,10,Normal
2026-02-14 21:20:05.973156,London-ecb0,-19,75,Normal
2026-02-14 21:20:06.973156,London-ecb0,20,6,Normal
2026-02-14 21:20:07.973156,London-ecb0,0,81,Normal
2026-02-14 21:20:08.973156,London-ecb0,38,89,Normal
2026-02-14 21:20:09.973156,London-ecb0,-12,0,Normal
2026-02-14 21:20:10.973156,London-ecb0,-16,31,Normal
2026-02-14 21:20:11.973156,London-ecb0,9,35,Normal
2026-02-14 21:20:12.973156,London-ecb0,33,79,Normal
2026-02-14 21:20:13.973156,London-ecb0,-10,49,Normal
2026-02-14 21:20:14.973156,London-ecb0,6,36,Normal
2026-02-14 21:20:15.973156,London-ecb0,9,64,Normal
2026-02-14 21:20:16.973156,London-ecb0,9,46,Normal
2026-02-14 21:20:17.973156,London-ecb0,-22,59,Normal
2026-02-14 21:20:18.973156,London-ecb0,10,2,Normal
2026-02-14 21:20:19.973156,London-ecb0,15,91,Normal
2026-02-14 21:20:20.973156,London-ecb0,-13,29,Normal
2026-02-14 21:20:21.973156,London-ecb0,20,22,Normal
2026-02-14 21:20:22.973156,London-ecb0,30,10,Normal
2026-02-14 21:20:23.973156,London-ecb0,-1,58,Normal
2026-02-14 21:20:24.973156,London-ecb0,31,50,Normal
2026-02-14 21:20:25.973156,London-ecb0,-16,13,Normal
2026-02-14 21:20:26.973156,London-ecb0,-1,74,Normal
2026-02-14 21:20:27.973156,London-ecb0,18,12,Normal
2026-02-14 21:20:28.973156,London-ecb0,-12,42,Normal
2026-02-14 21:20:29.973156,London-ecb0,-22,90,Normal
2026-02-14 21:20:30.973156,London-ecb0,25,4,Normal
2026-02-14 21:20:31.973156,London-ecb0,3,68,Normal
2026-02-14 21:20:32.973156,London-ecb0,22,26,Normal
2026-02-14 21:20:33.973156,London-ecb0,24,19,Normal
2026-02-14 21:20:34.973156,London-ecb0,-5,18,Normal
2026-02-14 21:20:35.973156,London-ecb0,-26,34,Normal
2026-02-14 21:20:36.973156,London-ecb0,24,83,Normal
2026-02-14 21:20:37.973156,London-ecb0,16,32,Normal
2026-02-14 21:20:38.973156,London-ecb0,11,24,Normal
2026-02-14 21:20:39.973156,London-ecb0,46,0,Normal
2026-02-14 21:20:40.973156,London-ecb0,38,30,Normal
2026-02-14 21:20:41.973156,London-ecb0,0,65,Normal
2026-02-14 21:20:42.973156,London-ecb0,13,32,Normal
2026-02-14 21:20:43.973156,London-ecb0,25,64,Normal
2026-02-14 21:20:44.973156,London-ecb0,-17,60,Normal
2026-02-14 21:20:45.973156,London-ecb0,-8,46,Normal
2026-02-14 21:20:46.973156,London-ecb0,-3,29,Normal
2026-02-14 21:20:47.973156,London-ecb0,1,85,Normal
2026-02-14 21:20:48.973156,London-ecb0,-7,2,Normal
2026-02-14 21:20:49.973156,London-ecb0,-12,68,Normal
2026-02-14 21:20:50.973156,London-ecb0,29,90,Normal
2026-02-14 21:20:51.973156,London-ecb0,49,42,Normal
2026-02-14 21:20:52.973156,London-ecb0,45,37,Normal
2026-02-14 21:20:53.973156,London-ecb0,30,52,Normal
2026-02-14 21:20:54.973156,London-ecb0,43,95,Normal
2026-02-14 21:20:55.973156,London-ecb0,50,86,Normal
2026-02-14 21:20:56.973156,London-ecb0,-14,80,Normal
2026-02-14 21:20:57.973156,London-ecb0,13,48,Normal
2026-02-14 21:20:58.973156,London-ecb0,-8,99,Normal
2026-02-14 21:20:59.973156,London-ecb0,-6,9,Normal
2026-02-14 21:21:00.973156,London-ecb0,-18,69,Normal
2026-02-14 21:21:01.973156,London-ecb0,36,94,Normal
2026-02-14 21:21:02.973156,London-ecb0,19,6,Normal
2026-02-14 21:21:03.973156,London-ecb0,3,29,Normal
2026-02-14 21:21:04.973156,London-ecb0,38,63,Normal
2026-02-14 21:21:05.973156,London-ecb0,34,97,Normal
2026-02-14 21:21:06.973156,London-ecb0,-20,83,Normal
2026-02-14 21:21:07.973156,London-ecb0,27,37,Normal
2026-02-14 21:21:08.973156,London-ecb0,-13,65,Normal
2026-02-14 21:21:09.973156,London-ecb0,19,46,Normal
2026-02-14 21:21:10.973156,London-ecb0,0,74,Normal
2026-02-14 21:21:11.973156,London-ecb0,-23,80,Normal
2026-02-14 21:21:12.973156,London-ecb0,21,14,Normal
2026-02-14 21:21:13.973156,London-ecb0,5,56,Normal
2026-02-14 21:21:14.973156,London-ecb0,42,98,Normal
2026-02-14 21:21:15.973156,London-ecb0,36,59,Normal
2026-02-14 21:21:16.973156,London-ecb0,-26,75,Normal
2026-02-14 21:21:17.973156,London-ecb0,10,53,Normal
2026-02-14 21:21:18.973156,London-ecb0,-14,39,Normal
2026-02-14 21:21:19.973156,London-ecb0,17,99,Normal
2026-02-14 21:21:20.973156,London-ecb0,46,41,Normal
2026-02-14 21:21:21.973156,London-ecb0,-14,83,Normal
2026-02-14 21:21:22.973156,London-ecb0,48,92,Normal
2026-02-14 21:21:23.973156,London-ecb0,18,47,Normal
2026-02-14 21:21:24.973156,London-ecb0,-27,97,Normal
2026-02-14 21:21:25.973156,London-ecb0,-30,92,Normal
2026-02-14 21:21:26.973156,London-ecb0,1,73,Normal
2026-02-14 21:21:27.973156,London-ecb0,-17,84,Normal
2026-02-14 21:21:28.973156,London-ecb0,11,23,Normal
2026-02-14 21:21:29.973156,London-ecb0,-1,70,Normal
2026-02-14 21:21:30.973156,London-ecb0,-29,32,Normal
2026-02-14 21:21:31.973156,London-ecb0,21,10,Normal
2026-02-14 21:21:32.973156,London-ecb0,-10,95,Normal
2026-02-14 21:21:33.973156,London-ecb0,-15,53,Normal
2026-02-14 21:21:34.973156,London-ecb0,31,5,Normal
2026-02-14 21:21:35.973156,London-ecb0,-20,92,Normal
2026-02-14 21:21:36.973156,London-ecb0,6,52,Normal
2026-02-14 21:21:37.973156,London-ecb0,25,83,Normal
2026-02-14 21:21:38.973156,London-ecb0,-12,53,Normal
2026-02-14 21:21:39.973156,London-ecb0,-24,20,Normal
2026-02-14 21:21:40.973156,London-ecb0,26,21,Normal
2026-02-14 21:21:41.973156,London-ecb0,2,93,Normal
2026-02-14 21:21:42.973156,London-ecb0,23,37,Normal
2026-02-14 21:21:43.973156,London-ecb0,35,80,Normal
2026-02-14 21:21:44.973156,London-ecb0,-8,80,Normal
2026-02-14 21:21:45.973156,London-ecb0,36,29,Normal
2026-02-14 21:21:46.973156,London-ecb0,-18,64,Normal
2026-02-14 21:21:47.973156,London-ecb0,30,30,Normal
2026-02-14 21:21:48.973156,London-ecb0,49,97,Normal
2026-02-14 21:21:49.973156,London-ecb0,-29,68,Normal
2026-02-14 21:21:50.973156,London-ecb0,41,97,Normal
2026-02-14 21:21:51.973156,London-ecb0,-21,65,Normal
2026-02-14 21:21:52.973156,London-ecb0,42,1,Normal
2026-02-14 21:21:53.973156,London-ecb0,12,1,Normal
2026-02-14 21:21:54.973156,London-ecb0,45,44,Normal
2026-02-14 21:21:55.973156,London-ecb0,26,98,Normal
2026-02-14 21:21:56.973156,London-ecb0,32,38,Normal
2026-02-14 21:21:57.973156,London-ecb0,-13,73,Normal
2026-02-14 21:21:58.973156,London-ecb0,-19,94,Normal
2026-02-14 21:21:59.973156,London-ecb0,-30,23,Normal
2026-02-14 21:22:00.973156,London-ecb0,-18,83,Normal
2026-02-14 21:22:01.973156,London-ecb0,-21,81,Normal
2026-02-14 21:22:02.973156,London-ecb0,21,38,Normal
2026-02-14 21:22:03.973156,London-ecb0,20,89,Normal
2026-02-14 21:22:04.973156,London-ecb0,-25,7,Normal
2026-02-14 21:22:05.973156,London-ecb0,-10,22,Normal
2026-02-14 21:22:06.973156,London-ecb0,-24,73,Normal
2026-02-14 21:22:07.973156,London-ecb0,13,47,Normal
2026-02-14 21:22:08.973156,London-ecb0,5,48,Normal
2026-02-14 21:22:09.973156,London-ecb0,45,26,Normal
2026-02-14 21:22:10.973156,London-ecb0,-11,83,Normal
2026-02-14 21:22:11.973156,London-ecb0,44,79,Normal
2026-02-14 21:22:12.973156,London-ecb0,-6,31,Normal
2026-02-14 21:22:13.973156,London-ecb0,-24,50,Normal
2026-02-14 21:22:14.973156,London-ecb0,-13,82,Normal
2026-02-14 21:22:15.973156,London-ecb0,22,14,Normal
2026-02-14 21:22:16.973156,London-ecb0,-15,31,Normal
2026-02-14 21:22:17.973156,London-ecb0,-2,65,Normal
2026-02-14 21:22:18.973156,London-ecb0,-15,51,Normal
2026-02-14 21:22:19.973156,London-ecb0,-5,23,Normal
2026-02-14 21:22:20.973156,London-ecb0,23,7,Normal
2026-02-14 21:22:21.973156,London-ecb0,-29,1,Normal
2026-02-14 21:22:22.973156,London-ecb0,-26,61,Normal
2026-02-14 21:22:23.973156,London-ecb0,-17,22,Normal
2026-02-14 21:22:24.973156,London-ecb0,-11,28,Normal
2026-02-14 21:22:25.973156,London-ecb0,23,2,Normal
2026-02-14 21:22:26.973156,London-ecb0,37,75,Normal
2026-02-14 21:22:27.973156,London-ecb0,16,97,Normal
2026-02-14 21:22:28.973156,London-ecb0,30,18,Normal
2026-02-14 21:22:29.973156,London-ecb0,23,63,Normal
2026-02-14 21:22:30.973156,London-ecb0,10,93,Normal
2026-02-14 21:22:31.973156,London-ecb0,26,16,Normal
2026-02-14 21:22:32.973156,London-ecb0,0,18,Normal
2026-02-14 21:22:33.973156,London-ecb0,-5,98,Normal
2026-02-14 21:22:34.973156,London-ecb0,18,84,Normal
2026-02-14 21:22:35.973156,London-ecb0,-17,80,Normal
2026-02-14 21:22:36.973156,London-ecb0,5,48,Normal
2026-02-14 21:22:37.973156,London-ecb0,-7,21,Normal
2026-02-14 21:22:38.973156,London-ecb0,35,39,Normal
2026-02-14 21:22:39.973156,London-ecb0,13,43,Normal
2026-02-14 21:22:40.973156,London-ecb0,7,98,Normal
2026-02-14 21:22:41.973156,London-ecb0,-22,75,Normal
2026-02-14 21:22:42.973156,London-ecb0,-13,31,Normal
2026-02-14 21:22:43.973156,London-ecb0,46,66,Normal
2026-02-14 21:22:44.973156,London-ecb0,24,17,Normal
2026-02-14 21:22:45.973156,London-ecb0,-24,6,Normal
2026-02-14 21:22:46.973156,London-ecb0,-4,71,Normal
2026-02-14 21:22:47.973156,London-ecb0,44,48,Normal
2026-02-14 21:22:48.973156,London-ecb0,-14,67,Normal
2026-02-14 21:22:49.973156,London-ecb0,-1,21,Normal
2026-02-14 21:22:50.973156,London-ecb0,29,68,Normal
2026-02-14 21:22:51.973156,London-ecb0,23,45,Normal
2026-02-14 21:22:52.973156,London-ecb0,-19,4,Normal
2026-02-14 21:22:53.973156,London-ecb0,27,56,Normal
2026-02-14 21:22:54.973156,London-ecb0,8,66,Normal
2026-02-14 21:22:55.973156,London-ecb0,38,54,Normal
2026-02-14 21:22:56.973156,London-ecb0,2,39,Normal
2026-02-14 21:22:57.973156,London-ecb0,-22,92,Normal
2026-02-14 21:22:58.973156,London-ecb0,24,19,Normal
2026-02-14 21:22:59.973156,London-ecb0,46,26,Normal
2026-02-14 21:23:00.973156,London-ecb0,47,12,Normal
2026-02-14 21:23:01.973156,London-ecb0,-25,0,Normal
2026-02-14 21:23:02.973156,London-ecb0,-6,91,Normal
2026-02-14 21:23:03.973156,London-ecb0,5,16,Normal
2026-02-14 21:23:04.973156,London-ecb0,50,81,Normal
2026-02-14 21:23:05.973156,London-ecb0,36,74,Normal
2026-02-14 21:23:06.973156,London-ecb0,17,70,Normal
2026-02-14 21:23:07.973156,London-ecb0,22,36,Normal
2026-02-14 21:23:08.973156,London-ecb0,1,9,Normal
2026-02-14 21:23:09.973156,London-ecb0,-20,40,Normal
2026-02-14 21:23:10.973156,London-ecb0,-28,12,Normal
2026-02-14 21:23:11.973156,London-ecb0,48,72,Normal
2026-02-14 21:23:12.973156,London-ecb0,24,27,Normal
2026-02-14 21:23:13.973156,London-ecb0,44,92,Normal
2026-02-14 21:23:14.973156,London-ecb0,-15,39,Normal
2026-02-14 21:23:15.973156,London-ecb0,30,95,Normal
2026-02-14 21:23:16.973156,London-ecb0,23,23,Normal
2026-02-14 21:23:17.973156,London-ecb0,21,3,Normal
2026-02-14 21:23:18.973156,London-ecb0,4,47,Normal
2026-02-14 21:23:19.973156,London-ecb0,37,50,Normal
2026-02-14 21:23:20.973156,London-ecb0,39,64,Normal
2026-02-14 21:23:21.973156,London-ecb0,33,47,Normal
2026-02-14 21:23:22.973156,London-ecb0,34,87,Normal
2026-02-14 21:23:23.973156,London-ecb0,32,86,Normal
2026-02-14 21:23:24.973156,London-ecb0,-30,45,Normal
2026-02-14 21:23:25.973156,London-ecb0,32,49,Normal
2026-02-14 21:23:26.973156,London-ecb0,20,49,Normal
2026-02-14 21:23:27.973156,London-ecb0,4,31,Normal
2026-02-14 21:23:28.973156,London-ecb0,4,92,Normal
2026-02-14 21:23:29.973156,London-ecb0,41,36,Normal
2026-02-14 21:23:30.973156,London-ecb0,30,42,Normal
2026-02-14 21:23:31.973156,London-ecb0,-21,96,Normal
2026-02-14 21:23:32.973156,London-ecb0,45,41,Normal
2026-02-14 21:23:33.973156,London-ecb0,13,25,Normal
2026-02-14 21:23:34.973156,London-ecb0,49,58,Normal
2026-02-14 21:23:35.973156,London-ecb0,41,87,Normal
2026-02-14 21:23:36.973156,London-ecb0,38,74,Normal
2026-02-14 21:23:37.973156,London-ecb0,8,49,Normal
2026-02-14 21:23:38.973156,London-ecb0,35,12,Normal
2026-02-14 21:23:39.973156,London-ecb0,-9,7,Normal
2026-02-14 21:23:40.973156,London-ecb0,34,39,Normal
2026-02-14 21:23:41.973156,London-ecb0,-3,74,Normal
2026-02-14 21:23:42.973156,London-ecb0,1,55,Normal
2026-02-14 21:23:43.973156,London-ecb0,-24,73,Normal
2026-02-14 21:23:44.973156,London-ecb0,39,81,Normal
2026-02-14 21:23:45.973156,London-ecb0,7,59,Normal
2026-02-14 21:23:46.973156,London-ecb0,31,66,Normal
2026-02-14 21:23:47.973156,London-ecb0,-17,8,Normal
2026-02-14 21:23:48.973156,London-ecb0,0,16,Normal
2026-02-14 21:23:49.973156,London-ecb0,11,28,Normal
2026-02-14 21:23:50.973156,London-ecb0,45,62,Normal
2026-02-14 21:23:51.973156,London-ecb0,35,0,Normal
2026-02-14 21:23:52.973156,London-ecb0,15,33,Normal
2026-02-14 21:23:53.973156,London-ecb0,6,93,Normal
2026-02-14 21:23:54.973156,London-ecb0,45,2,Normal
2026-02-14 21:23:55.973156,London-ecb0,44,36,Normal
2026-02-14 21:23:56.973156,London-ecb0,13,64,Normal
2026-02-14 21:23:57.973156,London-ecb0,49,89,Normal
2026-02-14 21:23:58.973156,London-ecb0,39,55,Normal
2026-02-14 21:23:59.973156,London-ecb0,14,72,Normal
2026-02-14 21:24:00.973156,London-ecb0,12,80,Normal
2026-02-14 21:24:01.973156,London-ecb0,50,19,Normal
2026-02-14 21:24:02.973156,London-ecb0,20,78,Normal
2026-02-14 21:24:03.973156,London-ecb0,37,26,Normal
2026-02-14 21:24:04.973156,London-ecb0,6,5,Normal
2026-02-14 21:24:05.973156,London-ecb0,10,94,Normal
2026-02-14 21:24:06.973156,London-ecb0,1,4,Normal
2026-02-14 21:24:07.973156,London-ecb0,45,41,Normal
2026-02-14 21:24:08.973156,London-ecb0,33,32,Normal
2026-02-14 21:24:09.973156,London-ecb0,-16,50,Normal
2026-02-14 21:24:10.973156,London-ecb0,50,33,Normal
2026-02-14 21:24:11.973156,London-ecb0,-1,82,Normal
2026-02-14 21:24:12.973156,London-ecb0,19,47,Normal
2026-02-14 21:24:13.973156,London-ecb0,-7,95,Normal
2026-02-14 21:24:14.973156,London-ecb0,15,34,Normal
2026-02-14 21:24:15.973156,London-ecb0,19,88,Normal
2026-02-14 21:24:16.973156,London-ecb0,34,88,Normal
2026-02-14 21:24:17.973156,London-ecb0,-28,12,Normal
2026-02-14 21:24:18.973156,London-ecb0,21,86,Normal
2026-02-14 21:24:19.973156,London-ecb0,-9,30,Normal
2026-02-14 21:24:20.973156,London-ecb0,32,97,Normal
2026-02-14 21:24:21.973156,London-ecb0,-19,75,Normal
2026-02-14 21:24:22.973156,London-ecb0,37,84,Normal
2026-02-14 21:24:23.973156,London-ecb0,49,77,Normal
2026-02-14 21:24:24.973156,London-ecb0,-21,84,Normal
2026-02-14 21:24:25.973156,London-ecb0,-8,21,Normal
2026-02-14 21:24:26.973156,London-ecb0,26,69,Normal
2026-02-14 21:24:27.973156,London-ecb0,15,49,Normal
2026-02-14 21:24:28.973156,London-ecb0,-2,68,Normal
2026-02-14 21:24:29.973156,London-ecb0,14,80,Normal
2026-02-14 21:24:30.973156,London-ecb0,-1,81,Normal
2026-02-14 21:24:31.973156,London-ecb0,19,32,Normal
2026-02-14 21:24:32.973156,London-ecb0,26,63,Normal
2026-02-14 21:24:33.973156,London-ecb0,42,81,Normal
2026-02-14 21:24:34.973156,London-ecb0,-1,93,Normal
2026-02-14 21:24:35.973156,London-ecb0,-25,96,Normal
2026-02-14 21:24:36.973156,London-ecb0,-4,16,Normal
2026-02-14 21:24:37.973156,London-ecb0,1,1,Normal
2026-02-14 21:24:38.973156,London-ecb0,21,43,Normal
2026-02-14 21:24:39.973156,London-ecb0,39,69,Normal
2026-02-14 21:24:40.973156,London-ecb0,-18,71,Normal
2026-02-14 21:24:41.973156,London-ecb0,4,66,Normal
2026-02-14 21:24:42.973156,London-ecb0,20,18,Normal
2026-02-14 21:24:43.973156,London-ecb0,29,63,Normal
2026-02-14 21:24:44.973156,London-ecb0,-13,73,Normal
2026-02-14 21:24:45.973156,London-ecb0,-24,24,Normal
2026-02-14 21:24:46.973156,London-ecb0,-30,49,Normal
2026-02-14 21:24:47.973156,London-ecb0,27,48,Normal
2026-02-14 21:24:48.973156,London-ecb0,17,64,Normal
2026-02-14 21:24:49.973156,London-ecb0,-10,27,Normal
2026-02-14 21:24:50.973156,London-ecb0,-10,33,Normal
2026-02-14 21:24:51.973156,London-ecb0,23,67,Normal
2026-02-14 21:24:52.973156,London-ecb0,-21,29,Normal
2026-02-14 21:24:53.973156,London-ecb0,8,8,Normal
2026-02-14 21:24:54.973156,London-ecb0,44,27,Normal
2026-02-14 21:24:55.973156,London-ecb0,30,38,Normal
2026-02-14 21:24:56.973156,London-ecb0,21,91,Normal
2026-02-14 21:24:57.973156,London-ecb0,6,49,Normal
2026-02-14 21:24:58.973156,London-ecb0,50,17,Normal
2026-02-14 21:24:59.973156,London-ecb0,-10,21,Normal
2026-02-14 21:25:00.973156,London-ecb0,-28,41,Normal
2026-02-14 21:25:01.973156,London-ecb0,-12,40,Normal
2026-02-14 21:25:02.973156,London-ecb0,-18,3,Normal
2026-02-14 21:25:03.973156,London-ecb0,-16,24,Normal
2026-02-14 21:25:04.973156,London-ecb0,10,93,Normal
2026-02-14 21:25:05.973156,London-ecb0,-23,16,Normal
2026-02-14 21:25:06.973156,London-ecb0,-9,59,Normal
2026-02-14 21:25:07.973156,London-ecb0,47,74,Normal
2026-02-14 21:25:08.973156,London-ecb0,-4,99,Normal
2026-02-14 21:25:09.973156,London-ecb0,-2,58,Normal
2026-02-14 21:25:10.973156,London-ecb0,-28,79,Normal
2026-02-14 21:25:11.973156,London-ecb0,40,42,Normal
2026-02-14 21:25:12.973156,London-ecb0,-3,33,Normal
2026-02-14 21:25:13.973156,London-ecb0,44,7,Normal
2026-02-14 21:25:14.973156,London-ecb0,18,92,Normal
2026-02-14 21:25:15.973156,London-ecb0,20,3,Normal
2026-02-14 21:25:16.973156,London-ecb0,9,75,Normal
2026-02-14 21:25:17.973156,London-ecb0,26,59,Normal
2026-02-14 21:25:18.973156,London-ecb0,-27,8,Normal
2026-02-14 21:25:19.973156,London-ecb0,-10,86,Normal
2026-02-14 21:25:20.973156,London-ecb0,35,14,Normal
2026-02-14 21:25:21.973156,London-ecb0,-18,45,Normal
2026-02-14 21:25:22.973156,London-ecb0,47,93,Normal
2026-02-14 21:25:23.973156,London-ecb0,27,95,Normal
2026-02-14 21:25:24.973156,London-ecb0,21,24,Normal
2026-02-14 21:25:25.973156,London-ecb0,-21,23,Normal
2026-02-14 21:25:26.973156,London-ecb0,12,64,Normal
2026-02-14 21:25:27.973156,London-ecb0,50,98,Normal
2026-02-14 21:25:28.973156,London-ecb0,15,72,Normal
2026-02-14 21:25:29.973156,London-ecb0,45,48,Normal
2026-02-14 21:25:30.973156,London-ecb0,49,46,Normal
2026-02-14 21:25:31.973156,London-ecb0,8,61,Normal
2026-02-14 21:25:32.973156,London-ecb0,38,17,Normal
2026-02-14 21:25:33.973156,London-ecb0,19,27,Normal
2026-02-14 21:25:34.973156,London-ecb0,-28,19,Normal
2026-02-14 21:25:35.973156,London-ecb0,14,72,Normal
2026-02-14 21:25:36.973156,London-ecb0,24,21,Normal
2026-02-14 21:25:37.973156,London-ecb0,41,46,Normal
2026-02-14 21:25:38.973156,London-ecb0,25,59,Normal
2026-02-14 21:25:39.973156,London-ecb0,-22,100,Normal
2026-02-14 21:25:40.973156,London-ecb0,40,54,Normal
2026-02-14 21:25:41.973156,London-ecb0,15,86,Normal
2026-02-14 21:25:42.973156,London-ecb0,-20,4,Normal
2026-02-14 21:25:43.973156,London-ecb0,23,88,Normal
2026-02-14 21:25:44.973156,London-ecb0,27,76,Normal
2026-02-14 21:25:45.973156,London-ecb0,46,67,Normal
2026-02-14 21:25:46.973156,London-ecb0,43,56,Normal
2026-02-14 21:25:47.973156,London-ecb0,2,47,Normal
2026-02-14 21:25:48.973156,London-ecb0,31,89,Normal
2026-02-14 21:25:49.973156,London-ecb0,50,49,Normal
2026-02-14 21:25:50.973156,London-ecb0,6,17,Normal
2026-02-14 21:25:51.973156,London-ecb0,10,47,Normal
2026-02-14 21:25:52.973156,London-ecb0,3,26,Normal
2026-02-14 21:25:53.973156,London-ecb0,28,12,Normal
2026-02-14 21:25:54.973156,London-ecb0,19,38,Normal
2026-02-14 21:25:55.973156,London-ecb0,30,42,Normal
