timestamp,station_id,temp,humid,condition
2026-02-16 18:03:43.224908,Seoul-e287,-7,79,Normal
2026-02-16 18:03:44.224908,Seoul-e287,-28,24,Normal
2026-02-16 18:03:45.224908,Seoul-e287,10,11,Normal
2026-02-16 18:03:46.224908,Seoul-e287,19,48,Normal
2026-02-16 18:03:47.224908,Seoul-e287,14,29,Normal
2026-02-16 18:03:48.224908,Seoul-e287,35,92,Normal
2026-02-16 18:03:49.224908,Seoul-e287,-20,77,Normal
2026-02-16 18:03:50.224908,Seoul-e287,14,0,Normal
2026-02-16 18:03:51.224908,Seoul-e287,27,3,Normal
2026-02-16 18:03:52.224908,Seoul-e287,-14,1,Normal
2026-02-16 18:03:53.224908,Seoul-e287,-27,40,Normal
2026-02-16 18:03:54.224908,Seoul-e287,22,4,Normal
2026-02-16 18:03:55.224908,Seoul-e287,-11,89,Normal
2026-02-16 18:03:56.224908,Seoul-e287,40,29,Normal
2026-02-16 18:03:57.224908,Seoul-e287,-28,36,Normal
2026-02-16 18:03:58.224908,Seoul-e287,-14,35,Normal
2026-02-16 18:03:59.224908,Seoul-e287,30,14,Normal
2026-02-16 18:04:00.224908,Seoul-e287,-24,74,Normal
2026-02-16 18:04:01.224908,Seoul-e287,-11,31,Normal
2026-02-16 18:04:02.224908,Seoul-e287,-26,38,Normal
2026-02-16 18:04:03.224908,Seoul-e287,45,64,Normal
2026-02-16 18:04:04.224908,Seoul-e287,-18,41,Normal
2026-02-16 18:04:05.224908,Seoul-e287,-29,90,Normal
2026-02-16 18:04:06.224908,Seoul-e287,-20,41,Normal
2026-02-16 18:04:07.224908,Seoul-e287,3,28,Normal
2026-02-16 18:04:08.224908,Seoul-e287,-1,53,Normal
2026-02-16 18:04:09.224908,Seoul-e287,3,32,Normal
2026-02-16 18:04:10.224908,Seoul-e287,-13,28,Normal
2026-02-16 18:04:11.224908,Seoul-e287,-23,48,Normal
2026-02-16 18:04:12.224908,Seoul-e287,38,85,Normal
2026-02-16 18:04:13.224908,Seoul-e287,-9,88,Normal
2026-02-16 18:04:14.224908,Seoul-e287,46,28,Normal
2026-02-16 18:04:15.224908,Seoul-e287,-8,65,Normal
2026-02-16 18:04:16.224908,Seoul-e287,6,30,Normal
2026-02-16 18:04:17.224908,Seoul-e287,7,57,Normal
2026-02-16 18:04:18.224908,Seoul-e287,-23,89,Normal
2026-02-16 18:04:19.224908,Seoul-e287,36,62,Normal
2026-02-16 18:04:20.224908,Seoul-e287,29,71,Normal
2026-02-16 18:04:21.224908,Seoul-e287,19,17,Normal
2026-02-16 18:04:22.224908,Seoul-e287,-30,67,Normal
2026-02-16 18:04:23.224908,Seoul-e287,31,58,Normal
2026-02-16 18:04:24.224908,Seoul-e287,-4,65,Normal
2026-02-16 18:04:25.224908,Seoul-e287,-18,4,Normal
2026-02-16 18:04:26.224908,Seoul-e287,18,21,Normal
2026-02-16 18:04:27.224908,Seoul-e287,-22,56,Normal
2026-02-16 18:04:28.224908,Seoul-e287,-29,44,Normal
2026-02-16 18:04:29.224908,Seoul-e287,37,59,Normal
2026-02-16 18:04:30.224908,Seoul-e287,-30,26,Normal
2026-02-16 18:04:31.224908,Seoul-e287,-23,92,Normal
2026-02-16 18:04:32.224908,Seoul-e287,36,62,Normal
2026-02-16 18:04:33.224908,Seoul-e287,40,79,Normal
2026-02-16 18:04:34.224908,Seoul-e287,28,75,Normal
2026-02-16 18:04:35.224908,Seoul-e287,30,28,Normal
2026-02-16 18:04:36.224908,Seoul-e287,-21,51,Normal
2026-02-16 18:04:37.224908,Seoul-e287,27,0,Normal
2026-02-16 18:04:38.224908,Seoul-e287,1,74,Normal
2026-02-16 18:04:39.224908,Seoul-e287,32,79,Normal
2026-02-16 18:04:40.224908,Seoul-e287,34,58,Normal
2026-02-16 18:04:41.224908,Seoul-e287,42,61,Normal
2026-02-16 18:04:42.224908,Seoul-e287,11,32,Normal
2026-02-16 18:04:43.224908,Seoul-e287,1,50,Normal
2026-02-16 18:04:44.224908,Seoul-e287,-22,27,Normal
2026-02-16 18:04:45.224908,Seoul-e287,-20,79,Normal
2026-02-16 18:04:46.224908,Seoul-e287,-27,10,Normal
2026-02-16 18:04:47.224908,Seoul-e287,15,84,Normal
2026-02-16 18:04:48.224908,Seoul-e287,36,22,Normal
2026-02-16 18:04:49.224908,Seoul-e287,-25,54,Normal
2026-02-16 18:04:50.224908,Seoul-e287,-5,0,Normal
2026-02-16 18:04:51.224908,Seoul-e287,9,40,Normal
2026-02-16 18:04:52.224908,Seoul-e287,45,55,Normal
2026-02-16 18:04:53.224908,Seoul-e287,-29,47,Normal
2026-02-16 18:04:54.224908,Seoul-e287,-2,10,Normal
2026-02-16 18:04:55.224908,Seoul-e287,-17,94,Normal
2026-02-16 18:04:56.224908,Seoul-e287,4,43,Normal
2026-02-16 18:04:57.224908,Seoul-e287,-5,26,Normal
2026-02-16 18:04:58.224908,Seoul-e287,14,70,Normal
2026-02-16 18:04:59.224908,Seoul-e287,20,96,Normal
2026-02-16 18:05:00.224908,Seoul-e287,24,30,Normal
2026-02-16 18:05:01.224908,Seoul-e287,33,3,Normal
2026-02-16 18:05:02.224908,Seoul-e287,-11,3,Normal
2026-02-16 18:05:03.224908,Seoul-e287,38,22,Normal
2026-02-16 18:05:04.224908,Seoul-e287,-2,29,Normal
2026-02-16 18:05:05.224908,Seoul-e287,32,44,Normal
2026-02-16 18:05:06.224908,Seoul-e287,-10,69,Normal
2026-02-16 18:05:07.224908,Seoul-e287,-27,88,Normal
2026-02-16 18:05:08.224908,Seoul-e287,48,68,Normal
2026-02-16 18:05:09.224908,Seoul-e287,49,0,Normal
2026-02-16 18:05:10.224908,Seoul-e287,-12,56,Normal
2026-02-16 18:05:11.224908,Seoul-e287,-22,20,Normal
2026-02-16 18:05:12.224908,Seoul-e287,41,26,Normal
2026-02-16 18:05:13.224908,Seoul-e287,21,72,Normal
2026-02-16 18:05:14.224908,Seoul-e287,-25,23,Normal
2026-02-16 18:05:15.224908,Seoul-e287,21,75,Normal
2026-02-16 18:05:16.224908,Seoul-e287,-12,0,Normal
2026-02-16 18:05:17.224908,Seoul-e287,19,76,Normal
2026-02-16 18:05:18.224908,Seoul-e287,18,25,Normal
2026-02-16 18:05:19.224908,Seoul-e287,28,47,Normal
2026-02-16 18:05:20.224908,Seoul-e287,-5,16,Normal
2026-02-16 18:05:21.224908,Seoul-e287,-7,89,Normal
2026-02-16 18:05:22.224908,Seoul-e287,9,45,Normal
2026-02-16 18:05:23.224908,Seoul-e287,36,38,Normal
2026-02-16 18:05:24.224908,Seoul-e287,-17,40,Normal
2026-02-16 18:05:25.224908,Seoul-e287,-16,54,Normal
2026-02-16 18:05:26.224908,Seoul-e287,-29,71,Normal
2026-02-16 18:05:27.224908,Seoul-e287,-4,2,Normal
2026-02-16 18:05:28.224908,Seoul-e287,11,48,Normal
2026-02-16 18:05:29.224908,Seoul-e287,10,50,Normal
2026-02-16 18:05:30.224908,Seoul-e287,38,29,Normal
2026-02-16 18:05:31.224908,Seoul-e287,26,46,Normal
2026-02-16 18:05:32.224908,Seoul-e287,-27,91,Normal
2026-02-16 18:05:33.224908,Seoul-e287,-29,36,Normal
2026-02-16 18:05:34.224908,Seoul-e287,-26,36,Normal
2026-02-16 18:05:35.224908,Seoul-e287,-21,24,Normal
2026-02-16 18:05:36.224908,Seoul-e287,20,9,Normal
2026-02-16 18:05:37.224908,Seoul-e287,3,9,Normal
2026-02-16 18:05:38.224908,Seoul-e287,-12,93,Normal
2026-02-16 18:05:39.224908,Seoul-e287,42,39,Normal
2026-02-16 18:05:40.224908,Seoul-e287,23,83,Normal
2026-02-16 18:05:41.224908,Seoul-e287,25,72,Normal
2026-02-16 18:05:42.224908,Seoul-e287,-12,97,Normal
2026-02-16 18:05:43.224908,Seoul-e287,-1,29,Normal
2026-02-16 18:05:44.224908,Seoul-e287,-22,12,Normal
2026-02-16 18:05:45.224908,Seoul-e287,44,71,Normal
2026-02-16 18:05:46.224908,Seoul-e287,19,29,Normal
2026-02-16 18:05:47.224908,Seoul-e287,-3,52,Normal
2026-02-16 18:05:48.224908,Seoul-e287,-21,62,Normal
2026-02-16 18:05:49.224908,Seoul-e287,-29,57,Normal
2026-02-16 18:05:50.224908,Seoul-e287,-15,14,Normal
2026-02-16 18:05:51.224908,Seoul-e287,26,81,Normal
2026-02-16 18:05:52.224908,Seoul-e287,4,18,Normal
2026-02-16 18:05:53.224908,Seoul-e287,25,97,Normal
2026-02-16 18:05:54.224908,Seoul-e287,12,69,Normal
2026-02-16 18:05:55.224908,Seoul-e287,13,82,Normal
2026-02-16 18:05:56.224908,Seoul-e287,10,18,Normal
2026-02-16 18:05:57.224908,Seoul-e287,20,85,Normal
2026-02-16 18:05:58.224908,Seoul-e287,28,9,Normal
2026-02-16 18:05:59.224908,Seoul-e287,37,70,Normal
2026-02-16 18:06:00.224908,Seoul-e287,45,38,Normal
2026-02-16 18:06:01.224908,Seoul-e287,37,98,Normal
2026-02-16 18:06:02.224908,Seoul-e287,-16,51,Normal
2026-02-16 18:06:03.224908,Seoul-e287,31,34,Normal
2026-02-16 18:06:04.224908,Seoul-e287,11,28,Normal
2026-02-16 18:06:05.224908,Seoul-e287,-9,3,Normal
2026-02-16 18:06:06.224908,Seoul-e287,12,30,Normal
2026-02-16 18:06:07.224908,Seoul-e287,1,74,Normal
2026-02-16 18:06:08.224908,Seoul-e287,-11,72,Normal
2026-02-16 18:06:09.224908,Seoul-e287,-17,34,Normal
2026-02-16 18:06:10.224908,Seoul-e287,29,1,Normal
2026-02-16 18:06:11.224908,Seoul-e287,33,18,Normal
2026-02-16 18:06:12.224908,Seoul-e287,50,21,Normal
2026-02-16 18:06:13.224908,Seoul-e287,29,40,Normal
2026-02-16 18:06:14.224908,Seoul-e287,14,28,Normal
2026-02-16 18:06:15.224908,Seoul-e287,-20,7,Normal
2026-02-16 18:06:16.224908,Seoul-e287,42,69,Normal
2026-02-16 18:06:17.224908,Seoul-e287,-5,53,Normal
2026-02-16 18:06:18.224908,Seoul-e287,34,72,Normal
2026-02-16 18:06:19.224908,Seoul-e287,-24,66,Normal
2026-02-16 18:06:20.224908,Seoul-e287,35,26,Normal
2026-02-16 18:06:21.224908,Seoul-e287,39,36,Normal
2026-02-16 18:06:22.224908,Seoul-e287,20,69,Normal
2026-02-16 18:06:23.224908,Seoul-e287,-16,98,Normal
2026-02-16 18:06:24.224908,Seoul-e287,24,59,Normal
2026-02-16 18:06:25.224908,Seoul-e287,-26,4,Normal
2026-02-16 18:06:26.224908,Seoul-e287,47,10,Normal
2026-02-16 18:06:27.224908,Seoul-e287,22,74,Normal
2026-02-16 18:06:28.224908,Seoul-e287,-6,97,Normal
2026-02-16 18:06:29.224908,Seoul-e287,42,48,Normal
2026-02-16 18:06:30.224908,Seoul-e287,36,85,Normal
2026-02-16 18:06:31.224908,Seoul-e287,23,92,Normal
2026-02-16 18:06:32.224908,Seoul-e287,50,93,Normal
2026-02-16 18:06:33.224908,Seoul-e287,-11,80,Normal
2026-02-16 18:06:34.224908,Seoul-e287,-19,99,Normal
2026-02-16 18:06:35.224908,Seoul-e287,-4,91,Normal
2026-02-16 18:06:36.224908,Seoul-e287,-13,58,Normal
2026-02-16 18:06:37.224908,Seoul-e287,39,81,Normal
2026-02-16 18:06:38.224908,Seoul-e287,48,27,Normal
2026-02-16 18:06:39.224908,Seoul-e287,10,17,Normal
2026-02-16 18:06:40.224908,Seoul-e287,48,71,Normal
2026-02-16 18:06:41.224908,Seoul-e287,-5,86,Normal
2026-02-16 18:06:42.224908,Seoul-e287,20,91,Normal
2026-02-16 18:06:43.224908,Seoul-e287,-9,23,Normal
2026-02-16 18:06:44.224908,Seoul-e287,39,7,Normal
2026-02-16 18:06:45.224908,Seoul-e287,41,66,Normal
2026-02-16 18:06:46.224908,Seoul-e287,-22,2,Normal
2026-02-16 18:06:47.224908,Seoul-e287,43,0,Normal
2026-02-16 18:06:48.224908,Seoul-e287,37,89,Normal
2026-02-16 18:06:49.224908,Seoul-e287,14,57,Normal
2026-02-16 18:06:50.224908,Seoul-e287,-20,28,Normal
2026-02-16 18:06:51.224908,Seoul-e287,33,22,Normal
2026-02-16 18:06:52.224908,Seoul-e287,35,22,Normal
2026-02-16 18:06:53.224908,Seoul-e287,42,48,Normal
2026-02-16 18:06:54.224908,Seoul-e287,26,95,Normal
2026-02-16 18:06:55.224908,Seoul-e287,-11,52,Normal
2026-02-16 18:06:56.224908,Seoul-e287,31,14,Normal
2026-02-16 18:06:57.224908,Seoul-e287,-11,24,Normal
2026-02-16 18:06:58.224908,Seoul-e287,15,20,Normal
2026-02-16 18:06:59.224908,Seoul-e287,26,88,Normal
2026-02-16 18:07:00.224908,Seoul-e287,30,64,Normal
2026-02-16 18:07:01.224908,Seoul-e287,23,49,Normal
2026-02-16 18:07:02.224908,Seoul-e287,14,84,Normal
2026-02-16 18:07:03.224908,Seoul-e287,-1,47,Normal
2026-02-16 18:07:04.224908,Seoul-e287,-21,92,Normal
2026-02-16 18:07:05.224908,Seoul-e287,36,87,Normal
2026-02-16 18:07:06.224908,Seoul-e287,-12,37,Normal
2026-02-16 18:07:07.224908,Seoul-e287,19,98,Normal
2026-02-16 18:07:08.224908,Seoul-e287,44,60,Normal
2026-02-16 18:07:09.224908,Seoul-e287,-19,16,Normal
2026-02-16 18:07:10.224908,Seoul-e287,-8,75,Normal
2026-02-16 18:07:11.224908,Seoul-e287,24,51,Normal
2026-02-16 18:07:12.224908,Seoul-e287,14,55,Normal
2026-02-16 18:07:13.224908,Seoul-e287,1,92,Normal
2026-02-16 18:07:14.224908,Seoul-e287,19,62,Normal
2026-02-16 18:07:15.224908,Seoul-e287,9,9,Normal
2026-02-16 18:07:16.224908,Seoul-e287,-19,73,Normal
2026-02-16 18:07:17.224908,Seoul-e287,50,53,Normal
2026-02-16 18:07:18.224908,Seoul-e287,40,2,Normal
2026-02-16 18:07:19.224908,Seoul-e287,10,92,Normal
2026-02-16 18:07:20.224908,Seoul-e287,-1,84,Normal
2026-02-16 18:07:21.224908,Seoul-e287,-8,37,Normal
2026-02-16 18:07:22.224908,Seoul-e287,12,89,Normal
2026-02-16 18:07:23.224908,Seoul-e287,19,40,Normal
2026-02-16 18:07:24.224908,Seoul-e287,-17,31,Normal
2026-02-16 18:07:25.224908,Seoul-e287,49,91,Normal
2026-02-16 18:07:26.224908,Seoul-e287,26,1,Normal
2026-02-16 18:07:27.224908,Seoul-e287,8,40,Normal
2026-02-16 18:07:28.224908,Seoul-e287,-7,78,Normal
2026-02-16 18:07:29.224908,Seoul-e287,-27,28,Normal
2026-02-16 18:07:30.224908,Seoul-e287,5,78,Normal
2026-02-16 18:07:31.224908,Seoul-e287,32,58,Normal
2026-02-16 18:07:32.224908,Seoul-e287,50,2,Normal
2026-02-16 18:07:33.224908,Seoul-e287,3,8,Normal
2026-02-16 18:07:34.224908,Seoul-e287,45,81,Normal
2026-02-16 18:07:35.224908,Seoul-e287,-19,89,Normal
2026-02-16 18:07:36.224908,Seoul-e287,16,56,Normal
2026-02-16 18:07:37.224908,Seoul-e287,-1,50,Normal
2026-02-16 18:07:38.224908,Seoul-e287,20,21,Normal
2026-02-16 18:07:39.224908,Seoul-e287,17,57,Normal
2026-02-16 18:07:40.224908,Seoul-e287,-17,36,Normal
2026-02-16 18:07:41.224908,Seoul-e287,-14,94,Normal
2026-02-16 18:07:42.224908,Seoul-e287,-22,88,Normal
2026-02-16 18:07:43.224908,Seoul-e287,23,10,Normal
2026-02-16 18:07:44.224908,Seoul-e287,-4,33,Normal
2026-02-16 18:07:45.224908,Seoul-e287,-8,30,Normal
2026-02-16 18:07:46.224908,Seoul-e287,-12,47,Normal
2026-02-16 18:07:47.224908,Seoul-e287,50,2,Normal
2026-02-16 18:07:48.224908,Seoul-e287,22,45,Normal
2026-02-16 18:07:49.224908,Seoul-e287,-28,83,Normal
2026-02-16 18:07:50.224908,Seoul-e287,9,70,Normal
2026-02-16 18:07:51.224908,Seoul-e287,33,93,Normal
2026-02-16 18:07:52.224908,Seoul-e287,-6,18,Normal
2026-02-16 18:07:53.224908,Seoul-e287,36,17,Normal
2026-02-16 18:07:54.224908,Seoul-e287,19,64,Normal
2026-02-16 18:07:55.224908,Seoul-e287,-28,94,Normal
2026-02-16 18:07:56.224908,Seoul-e287,23,13,Normal
2026-02-16 18:07:57.224908,Seoul-e287,18,49,Normal
2026-02-16 18:07:58.224908,Seoul-e287,-2,75,Normal
2026-02-16 18:07:59.224908,Seoul-e287,5,92,Normal
2026-02-16 18:08:00.224908,Seoul-e287,43,13,Normal
2026-02-16 18:08:01.224908,Seoul-e287,25,24,Normal
2026-02-16 18:08:02.224908,Seoul-e287,45,68,Normal
2026-02-16 18:08:03.224908,Seoul-e287,21,49,Normal
2026-02-16 18:08:04.224908,Seoul-e287,19,31,Normal
2026-02-16 18:08:05.224908,Seoul-e287,11,69,Normal
2026-02-16 18:08:06.224908,Seoul-e287,8,67,Normal
2026-02-16 18:08:07.224908,Seoul-e287,13,42,Normal
2026-02-16 18:08:08.224908,Seoul-e287,47,25,Normal
2026-02-16 18:08:09.224908,Seoul-e287,10,98,Normal
2026-02-16 18:08:10.224908,Seoul-e287,10,72,Normal
2026-02-16 18:08:11.224908,Seoul-e287,20,43,Normal
2026-02-16 18:08:12.224908,Seoul-e287,19,31,Normal
2026-02-16 18:08:13.224908,Seoul-e287,12,86,Normal
2026-02-16 18:08:14.224908,Seoul-e287,-7,0,Normal
2026-02-16 18:08:15.224908,Seoul-e287,11,28,Normal
2026-02-16 18:08:16.224908,Seoul-e287,16,91,Normal
2026-02-16 18:08:17.224908,Seoul-e287,30,55,Normal
2026-02-16 18:08:18.224908,Seoul-e287,0,53,Normal
2026-02-16 18:08:19.224908,Seoul-e287,1,28,Normal
2026-02-16 18:08:20.224908,Seoul-e287,47,31,Normal
2026-02-16 18:08:21.224908,Seoul-e287,31,99,Normal
2026-02-16 18:08:22.224908,Seoul-e287,-20,93,Normal
2026-02-16 18:08:23.224908,Seoul-e287,-11,65,Normal
2026-02-16 18:08:24.224908,Seoul-e287,-12,20,Normal
2026-02-16 18:08:25.224908,Seoul-e287,-3,100,Normal
2026-02-16 18:08:26.224908,Seoul-e287,-20,52,Normal
2026-02-16 18:08:27.224908,Seoul-e287,23,91,Normal
2026-02-16 18:08:28.224908,Seoul-e287,47,11,Normal
2026-02-16 18:08:29.224908,Seoul-e287,6,10,Normal
2026-02-16 18:08:30.224908,Seoul-e287,-19,81,Normal
2026-02-16 18:08:31.224908,Seoul-e287,-18,95,Normal
2026-02-16 18:08:32.224908,Seoul-e287,27,48,Normal
2026-02-16 18:08:33.224908,Seoul-e287,40,17,Normal
2026-02-16 18:08:34.224908,Seoul-e287,-2,24,Normal
2026-02-16 18:08:35.224908,Seoul-e287,31,50,Normal
2026-02-16 18:08:36.224908,Seoul-e287,28,52,Normal
2026-02-16 18:08:37.224908,Seoul-e287,-4,76,Normal
2026-02-16 18:08:38.224908,Seoul-e287,-12,85,Normal
2026-02-16 18:08:39.224908,Seoul-e287,5,43,Normal
2026-02-16 18:08:40.224908,Seoul-e287,-6,49,Normal
2026-02-16 18:08:41.224908,Seoul-e287,46,87,Normal
2026-02-16 18:08:42.224908,Seoul-e287,35,75,Normal
2026-02-16 18:08:43.224908,Seoul-e287,5,9,Normal
2026-02-16 18:08:44.224908,Seoul-e287,-28,3,Normal
2026-02-16 18:08:45.224908,Seoul-e287,-9,81,Normal
2026-02-16 18:08:46.224908,Seoul-e287,6,35,Normal
2026-02-16 18:08:47.224908,Seoul-e287,-11,48,Normal
2026-02-16 18:08:48.224908,Seoul-e287,-14,62,Normal
2026-02-16 18:08:49.224908,Seoul-e287,-6,96,Normal
2026-02-16 18:08:50.224908,Seoul-e287,-30,83,Normal
2026-02-16 18:08:51.224908,Seoul-e287,45,29,Normal
2026-02-16 18:08:52.224908,Seoul-e287,46,57,Normal
2026-02-16 18:08:53.224908,Seoul-e287,9,87,Normal
2026-02-16 18:08:54.224908,Seoul-e287,-24,77,Normal
2026-02-16 18:08:55.224908,Seoul-e287,-7,79,Normal
2026-02-16 18:08:56.224908,Seoul-e287,-11,49,Normal
2026-02-16 18:08:57.224908,Seoul-e287,-23,15,Normal
2026-02-16 18:08:58.224908,Seoul-e287,-30,10,Normal
2026-02-16 18:08:59.224908,Seoul-e287,-24,95,Normal
2026-02-16 18:09:00.224908,Seoul-e287,-10,14,Normal
2026-02-16 18:09:01.224908,Seoul-e287,47,64,Normal
2026-02-16 18:09:02.224908,Seoul-e287,-20,6,Normal
2026-02-16 18:09:03.224908,Seoul-e287,-12,13,Normal
2026-02-16 18:09:04.224908,Seoul-e287,5,12,Normal
2026-02-16 18:09:05.224908,Seoul-e287,27,80,Normal
2026-02-16 18:09:06.224908,Seoul-e287,39,90,Normal
2026-02-16 18:09:07.224908,Seoul-e287,29,87,Normal
2026-02-16 18:09:08.224908,Seoul-e287,31,21,Normal
2026-02-16 18:09:09.224908,Seoul-e287,18,53,Normal
2026-02-16 18:09:10.224908,Seoul-e287,0,90,Normal
2026-02-16 18:09:11.224908,Seoul-e287,-18,45,Normal
2026-02-16 18:09:12.224908,Seoul-e287,23,53,Normal
2026-02-16 18:09:13.224908,Seoul-e287,8,41,Normal
2026-02-16 18:09:14.224908,Seoul-e287,35,0,Normal
2026-02-16 18:09:15.224908,Seoul-e287,37,14,Normal
2026-02-16 18:09:16.224908,Seoul-e287,45,45,Normal
2026-02-16 18:09:17.224908,Seoul-e287,44,1,Normal
2026-02-16 18:09:18.224908,Seoul-e287,-24,58,Normal
2026-02-16 18:09:19.224908,Seoul-e287,2,20,Normal
2026-02-16 18:09:20.224908,Seoul-e287,9,47,Normal
2026-02-16 18:09:21.224908,Seoul-e287,13,27,Normal
2026-02-16 18:09:22.224908,Seoul-e287,46,36,Normal
2026-02-16 18:09:23.224908,Seoul-e287,-3,92,Normal
2026-02-16 18:09:24.224908,Seoul-e287,34,88,Normal
2026-02-16 18:09:25.224908,Seoul-e287,11,4,Normal
2026-02-16 18:09:26.224908,Seoul-e287,-4,34,Normal
2026-02-16 18:09:27.224908,Seoul-e287,19,74,Normal
2026-02-16 18:09:28.224908,Seoul-e287,34,33,Normal
2026-02-16 18:09:29.224908,Seoul-e287,-13,4,Normal
2026-02-16 18:09:30.224908,Seoul-e287,26,86,Normal
2026-02-16 18:09:31.224908,Seoul-e287,-23,90,Normal
2026-02-16 18:09:32.224908,Seoul-e287,-30,1,Normal
2026-02-16 18:09:33.224908,Seoul-e287,16,75,Normal
2026-02-16 18:09:34.224908,Seoul-e287,-6,81,Normal
2026-02-16 18:09:35.224908,Seoul-e287,27,64,Normal
2026-02-16 18:09:36.224908,Seoul-e287,34,23,Normal
2026-02-16 18:09:37.224908,Seoul-e287,-28,36,Normal
2026-02-16 18:09:38.224908,Seoul-e287,-12,68,Normal
2026-02-16 18:09:39.224908,Seoul-e287,-22,31,Normal
2026-02-16 18:09:40.224908,Seoul-e287,-15,39,Normal
2026-02-16 18:09:41.224908,Seoul-e287,45,7,Normal
2026-02-16 18:09:42.224908,Seoul-e287,-8,43,Normal
2026-02-16 18:09:43.224908,Seoul-e287,32,14,Normal
2026-02-16 18:09:44.224908,Seoul-e287,38,54,Normal
2026-02-16 18:09:45.224908,Seoul-e287,44,96,Normal
2026-02-16 18:09:46.224908,Seoul-e287,36,71,Normal
2026-02-16 18:09:47.224908,Seoul-e287,-16,11,Normal
2026-02-16 18:09:48.224908,Seoul-e287,26,1,Normal
2026-02-16 18:09:49.224908,Seoul-e287,-7,55,Normal
2026-02-16 18:09:50.224908,Seoul-e287,-30,17,Normal
2026-02-16 18:09:51.224908,Seoul-e287,-22,16,Normal
2026-02-16 18:09:52.224908,Seoul-e287,40,10,Normal
2026-02-16 18:09:53.224908,Seoul-e287,3,58,Normal
2026-02-16 18:09:54.224908,Seoul-e287,17,70,Normal
2026-02-16 18:09:55.224908,Seoul-e287,15,34,Normal
2026-02-16 18:09:56.224908,Seoul-e287,43,67,Normal
2026-02-16 18:09:57.224908,Seoul-e287,26,56,Normal
2026-02-16 18:09:58.224908,Seoul-e287,29,36,Normal
2026-02-16 18:09:59.224908,Seoul-e287,38,63,Normal
2026-02-16 18:10:00.224908,Seoul-e287,32,7,Normal
2026-02-16 18:10:01.224908,Seoul-e287,36,1,Normal
2026-02-16 18:10:02.224908,Seoul-e287,25,74,Normal
2026-02-16 18:10:03.224908,Seoul-e287,-19,0,Normal
2026-02-16 18:10:04.224908,Seoul-e287,32,50,Normal
2026-02-16 18:10:05.224908,Seoul-e287,49,14,Normal
2026-02-16 18:10:06.224908,Seoul-e287,25,91,Normal
2026-02-16 18:10:07.224908,Seoul-e287,-10,14,Normal
2026-02-16 18:10:08.224908,Seoul-e287,-5,42,Normal
2026-02-16 18:10:09.224908,Seoul-e287,-13,6,Normal
2026-02-16 18:10:10.224908,Seoul-e287,30,27,Normal
2026-02-16 18:10:11.224908,Seoul-e287,8,11,Normal
2026-02-16 18:10:12.224908,Seoul-e287,20,36,Normal
2026-02-16 18:10:13.224908,Seoul-e287,27,72,Normal
2026-02-16 18:10:14.224908,Seoul-e287,0,81,Normal
2026-02-16 18:10:15.224908,Seoul-e287,-15,58,Normal
2026-02-16 18:10:16.224908,Seoul-e287,2,35,Normal
2026-02-16 18:10:17.224908,Seoul-e287,39,12,Normal
2026-02-16 18:10:18.224908,Seoul-e287,12,2,Normal
2026-02-16 18:10:19.224908,Seoul-e287,-10,59,Normal
2026-02-16 18:10:20.224908,Seoul-e287,3,68,Normal
2026-02-16 18:10:21.224908,Seoul-e287,27,6,Normal
2026-02-16 18:10:22.224908,Seoul-e287,4,19,Normal
2026-02-16 18:10:23.224908,Seoul-e287,45,29,Normal
2026-02-16 18:10:24.224908,Seoul-e287,38,85,Normal
2026-02-16 18:10:25.224908,Seoul-e287,5,85,Normal
2026-02-16 18:10:26.224908,Seoul-e287,9,17,Normal
2026-02-16 18:10:27.224908,Seoul-e287,1,37,Normal
2026-02-16 18:10:28.224908,Seoul-e287,-23,98,Normal
2026-02-16 18:10:29.224908,Seoul-e287,30,83,Normal
2026-02-16 18:10:30.224908,Seoul-e287,39,89,Normal
2026-02-16 18:10:31.224908,Seoul-e287,-9,52,Normal
2026-02-16 18:10:32.224908,Seoul-e287,5,64,Normal
2026-02-16 18:10:33.224908,Seoul-e287,-17,12,Normal
2026-02-16 18:10:34.224908,Seoul-e287,-17,85,Normal
2026-02-16 18:10:35.224908,Seoul-e287,30,83,Normal
2026-02-16 18:10:36.224908,Seoul-e287,17,92,Normal
2026-02-16 18:10:37.224908,Seoul-e287,28,75,Normal
2026-02-16 18:10:38.224908,Seoul-e287,28,36,Normal
2026-02-16 18:10:39.224908,Seoul-e287,-30,50,Normal
2026-02-16 18:10:40.224908,Seoul-e287,23,26,Normal
2026-02-16 18:10:41.224908,Seoul-e287,-9,73,Normal
2026-02-16 18:10:42.224908,Seoul-e287,4,89,Normal
2026-02-16 18:10:43.224908,Seoul-e287,25,14,Normal
2026-02-16 18:10:44.224908,Seoul-e287,-29,96,Normal
2026-02-16 18:10:45.224908,Seoul-e287,2,12,Normal
2026-02-16 18:10:46.224908,Seoul-e287,24,71,Normal
2026-02-16 18:10:47.224908,Seoul-e287,-9,62,Normal
2026-02-16 18:10:48.224908,Seoul-e287,3,12,Normal
2026-02-16 18:10:49.224908,Seoul-e287,42,49,Normal
2026-02-16 18:10:50.224908,Seoul-e287,17,61,Normal
2026-02-16 18:10:51.224908,Seoul-e287,19,4,Normal
2026-02-16 18:10:52.224908,Seoul-e287,-16,14,Normal
2026-02-16 18:10:53.224908,Seoul-e287,-2,88,Normal
2026-02-16 18:10:54.224908,Seoul-e287,-23,65,Normal
2026-02-16 18:10:55.224908,Seoul-e287,19,5,Normal
2026-02-16 18:10:56.224908,Seoul-e287,2,17,Normal
2026-02-16 18:10:57.224908,Seoul-e287,-25,95,Normal
2026-02-16 18:10:58.224908,Seoul-e287,50,48,Normal
2026-02-16 18:10:59.224908,Seoul-e287,0,48,Normal
2026-02-16 18:11:00.224908,Seoul-e287,36,19,Normal
2026-02-16 18:11:01.224908,Seoul-e287,30,29,Normal
2026-02-16 18:11:02.224908,Seoul-e287,20,57,Normal
2026-02-16 18:11:03.224908,Seoul-e287,-30,27,Normal
2026-02-16 18:11:04.224908,Seoul-e287,42,22,Normal
2026-02-16 18:11:05.224908,Seoul-e287,42,17,Normal
2026-02-16 18:11:06.224908,Seoul-e287,22,80,Normal
2026-02-16 18:11:07.224908,Seoul-e287,-2,96,Normal
2026-02-16 18:11:08.224908,Seoul-e287,50,99,Normal
2026-02-16 18:11:09.224908,Seoul-e287,9,85,Normal
2026-02-16 18:11:10.224908,Seoul-e287,-24,0,Normal
2026-02-16 18:11:11.224908,Seoul-e287,-18,7,Normal
2026-02-16 18:11:12.224908,Seoul-e287,27,3,Normal
2026-02-16 18:11:13.224908,Seoul-e287,27,29,Normal
2026-02-16 18:11:14.224908,Seoul-e287,2,19,Normal
2026-02-16 18:11:15.224908,Seoul-e287,7,89,Normal
2026-02-16 18:11:16.224908,Seoul-e287,28,57,Normal
2026-02-16 18:11:17.224908,Seoul-e287,-12,39,Normal
2026-02-16 18:11:18.224908,Seoul-e287,23,17,Normal
2026-02-16 18:11:19.224908,Seoul-e287,15,87,Normal
2026-02-16 18:11:20.224908,Seoul-e287,5,46,Normal
2026-02-16 18:11:21.224908,Seoul-e287,48,100,Normal
2026-02-16 18:11:22.224908,Seoul-e287,36,85,Normal
2026-02-16 18:11:23.224908,Seoul-e287,-2,24,Normal
2026-02-16 18:11:24.224908,Seoul-e287,-15,33,Normal
2026-02-16 18:11:25.224908,Seoul-e287,17,35,Normal
2026-02-16 18:11:26.224908,Seoul-e287,-6,62,Normal
2026-02-16 18:11:27.224908,Seoul-e287,-25,3,Normal
2026-02-16 18:11:28.224908,Seoul-e287,2,95,Normal
2026-02-16 18:11:29.224908,Seoul-e287,25,27,Normal
2026-02-16 18:11:30.224908,Seoul-e287,38,97,Normal
2026-02-16 18:11:31.224908,Seoul-e287,6,51,Normal
2026-02-16 18:11:32.224908,Seoul-e287,-7,86,Normal
2026-02-16 18:11:33.224908,Seoul-e287,-22,2,Normal
2026-02-16 18:11:34.224908,Seoul-e287,19,6,Normal
2026-02-16 18:11:35.224908,Seoul-e287,11,87,Normal
2026-02-16 18:11:36.224908,Seoul-e287,29,64,Normal
2026-02-16 18:11:37.224908,Seoul-e287,34,34,Normal
2026-02-16 18:11:38.224908,Seoul-e287,-5,51,Normal
2026-02-16 18:11:39.224908,Seoul-e287,29,71,Normal
2026-02-16 18:11:40.224908,Seoul-e287,-21,84,Normal
2026-02-16 18:11:41.224908,Seoul-e287,26,98,Normal
2026-02-16 18:11:42.224908,Seoul-e287,43,0,Normal
2026-02-16 18:11:43.224908,Seoul-e287,0,18,Normal
2026-02-16 18:11:44.224908,Seoul-e287,0,98,Normal
2026-02-16 18:11:45.224908,Seoul-e287,9,5,Normal
2026-02-16 18:11:46.224908,Seoul-e287,13,77,Normal
2026-02-16 18:11:47.224908,Seoul-e287,2,3,Normal
2026-02-16 18:11:48.224908,Seoul-e287,-30,70,Normal
2026-02-16 18:11:49.224908,Seoul-e287,21,23,Normal
2026-02-16 18:11:50.224908,Seoul-e287,36,1,Normal
2026-02-16 18:11:51.224908,Seoul-e287,5,21,Normal
2026-02-16 18:11:52.224908,Seoul-e287,-24,71,Normal
2026-02-16 18:11:53.224908,Seoul-e287,-9,49,Normal
2026-02-16 18:11:54.224908,Seoul-e287,3,53,Normal
2026-02-16 18:11:55.224908,Seoul-e287,41,54,Normal
2026-02-16 18:11:56.224908,Seoul-e287,50,46,Normal
2026-02-16 18:11:57.224908,Seoul-e287,1,3,Normal
2026-02-16 18:11:58.224908,Seoul-e287,-21,32,Normal
2026-02-16 18:11:59.224908,Seoul-e287,-15,68,Normal
2026-02-16 18:12:00.224908,Seoul-e287,3,64,Normal
2026-02-16 18:12:01.224908,Seoul-e287,-2,0,Normal
2026-02-16 18:12:02.224908,Seoul-e287,-25,14,Normal
2026-02-16 18:12:03.224908,Seoul-e287,0,23,Normal
2026-02-16 18:12:04.224908,Seoul-e287,37,75,Normal
2026-02-16 18:12:05.224908,Seoul-e287,3,69,Normal
2026-02-16 18:12:06.224908,Seoul-e287,36,39,Normal
2026-02-16 18:12:07.224908,Seoul-e287,-13,29,Normal
2026-02-16 18:12:08.224908,Seoul-e287,-3,39,Normal
2026-02-16 18:12:09.224908,Seoul-e287,-22,74,Normal
2026-02-16 18:12:10.224908,Seoul-e287,32,89,Normal
2026-02-16 18:12:11.224908,Seoul-e287,0,33,Normal
2026-02-16 18:12:12.224908,Seoul-e287,-2,87,Normal
2026-02-16 18:12:13.224908,Seoul-e287,50,51,Normal
2026-02-16 18:12:14.224908,Seoul-e287,18,56,Normal
2026-02-16 18:12:15.224908,Seoul-e287,13,96,Normal
2026-02-16 18:12:16.224908,Seoul-e287,34,75,Normal
2026-02-16 18:12:17.224908,Seoul-e287,38,64,Normal
2026-02-16 18:12:18.224908,Seoul-e287,-29,32,Normal
2026-02-16 18:12:19.224908,Seoul-e287,16,65,Normal
2026-02-16 18:12:20.224908,Seoul-e287,-24,87,Normal
2026-02-16 18:12:21.224908,Seoul-e287,-19,17,Normal
2026-02-16 18:12:22.224908,Seoul-e287,-19,11,Normal
2026-02-16 18:12:23.224908,Seoul-e287,18,85,Normal
2026-02-16 18:12:24.224908,Seoul-e287,-24,61,Normal
2026-02-16 18:12:25.224908,Seoul-e287,-29,21,Normal
2026-02-16 18:12:26.224908,Seoul-e287,2,70,Normal
2026-02-16 18:12:27.224908,Seoul-e287,-1,90,Normal
2026-02-16 18:12:28.224908,Seoul-e287,-28,36,Normal
2026-02-16 18:12:29.224908,Seoul-e287,7,6,Normal
2026-02-16 18:12:30.224908,Seoul-e287,-11,57,Normal
2026-02-16 18:12:31.224908,Seoul-e287,36,43,Normal
2026-02-16 18:12:32.224908,Seoul-e287,47,53,Normal
2026-02-16 18:12:33.224908,Seoul-e287,-5,58,Normal
2026-02-16 18:12:34.224908,Seoul-e287,35,31,Normal
2026-02-16 18:12:35.224908,Seoul-e287,22,22,Normal
2026-02-16 18:12:36.224908,Seoul-e287,-28,97,Normal
2026-02-16 18:12:37.224908,Seoul-e287,6,62,Normal
2026-02-16 18:12:38.224908,Seoul-e287,-16,80,Normal
2026-02-16 18:12:39.224908,Seoul-e287,35,96,Normal
2026-02-16 18:12:40.224908,Seoul-e287,45,25,Normal
2026-02-16 18:12:41.224908,Seoul-e287,20,37,Normal
2026-02-16 18:12:42.224908,Seoul-e287,21,56,Normal
2026-02-16 18:12:43.224908,Seoul-e287,31,88,Normal
2026-02-16 18:12:44.224908,Seoul-e287,-6,53,Normal
2026-02-16 18:12:45.224908,Seoul-e287,10,80,Normal
2026-02-16 18:12:46.224908,Seoul-e287,10,38,Normal
2026-02-16 18:12:47.224908,Seoul-e287,-25,33,Normal
2026-02-16 18:12:48.224908,Seoul-e287,0,32,Normal
2026-02-16 18:12:49.224908,Seoul-e287,11,1,Normal
2026-02-16 18:12:50.224908,Seoul-e287,-28,95,Normal
2026-02-16 18:12:51.224908,Seoul-e287,-25,56,Normal
2026-02-16 18:12:52.224908,Seoul-e287,48,12,Normal
2026-02-16 18:12:53.224908,Seoul-e287,-30,52,Normal
2026-02-16 18:12:54.224908,Seoul-e287,34,41,Normal
2026-02-16 18:12:55.224908,Seoul-e287,33,80,Normal
2026-02-16 18:12:56.224908,Seoul-e287,-5,98,Normal
2026-02-16 18:12:57.224908,Seoul-e287,16,43,Normal
2026-02-16 18:12:58.224908,Seoul-e287,22,67,Normal
2026-02-16 18:12:59.224908,Seoul-e287,43,86,Normal
2026-02-16 18:13:00.224908,Seoul-e287,-4,7,Normal
2026-02-16 18:13:01.224908,Seoul-e287,1,0,Normal
2026-02-16 18:13:02.224908,Seoul-e287,-27,51,Normal
2026-02-16 18:13:03.224908,Seoul-e287,-7,61,Normal
2026-02-16 18:13:04.224908,Seoul-e287,19,98,Normal
2026-02-16 18:13:05.224908,Seoul-e287,36,53,Normal
2026-02-16 18:13:06.224908,Seoul-e287,-30,38,Normal
2026-02-16 18:13:07.224908,Seoul-e287,-21,75,Normal
2026-02-16 18:13:08.224908,Seoul-e287,19,68,Normal
2026-02-16 18:13:09.224908,Seoul-e287,45,92,Normal
2026-02-16 18:13:10.224908,Seoul-e287,25,76,Normal
2026-02-16 18:13:11.224908,Seoul-e287,14,17,Normal
2026-02-16 18:13:12.224908,Seoul-e287,45,36,Normal
2026-02-16 18:13:13.224908,Seoul-e287,-28,71,Normal
2026-02-16 18:13:14.224908,Seoul-e287,-1,49,Normal
2026-02-16 18:13:15.224908,Seoul-e287,-7,2,Normal
2026-02-16 18:13:16.224908,Seoul-e287,16,87,Normal
2026-02-16 18:13:17.224908,Seoul-e287,-7,6,Normal
2026-02-16 18:13:18.224908,Seoul-e287,10,64,Normal
2026-02-16 18:13:19.224908,Seoul-e287,-26,75,Normal
2026-02-16 18:13:20.224908,Seoul-e287,22,46,Normal
2026-02-16 18:13:21.224908,Seoul-e287,35,39,Normal
2026-02-16 18:13:22.224908,Seoul-e287,25,91,Normal
2026-02-16 18:13:23.224908,Seoul-e287,28,36,Normal
2026-02-16 18:13:24.224908,Seoul-e287,-13,86,Normal
2026-02-16 18:13:25.224908,Seoul-e287,40,47,Normal
2026-02-16 18:13:26.224908,Seoul-e287,29,89,Normal
2026-02-16 18:13:27.224908,Seoul-e287,37,88,Normal
2026-02-16 18:13:28.224908,Seoul-e287,-3,13,Normal
2026-02-16 18:13:29.224908,Seoul-e287,-12,30,Normal
2026-02-16 18:13:30.224908,Seoul-e287,-24,29,Normal
2026-02-16 18:13:31.224908,Seoul-e287,49,0,Normal
2026-02-16 18:13:32.224908,Seoul-e287,35,47,Normal
2026-02-16 18:13:33.224908,Seoul-e287,-27,88,Normal
2026-02-16 18:13:34.224908,Seoul-e287,11,5,Normal
2026-02-16 18:13:35.224908,Seoul-e287,13,18,Normal
2026-02-16 18:13:36.224908,Seoul-e287,14,54,Normal
2026-02-16 18:13:37.224908,Seoul-e287,19,21,Normal
2026-02-16 18:13:38.224908,Seoul-e287,27,77,Normal
2026-02-16 18:13:39.224908,Seoul-e287,14,43,Normal
2026-02-16 18:13:40.224908,Seoul-e287,20,19,Normal
2026-02-16 18:13:41.224908,Seoul-e287,-19,13,Normal
2026-02-16 18:13:42.224908,Seoul-e287,9,13,Normal
2026-02-16 18:13:43.224908,Seoul-e287,12,23,Normal
2026-02-16 18:13:44.224908,Seoul-e287,-15,62,Normal
2026-02-16 18:13:45.224908,Seoul-e287,-9,68,Normal
2026-02-16 18:13:46.224908,Seoul-e287,40,43,Normal
2026-02-16 18:13:47.224908,Seoul-e287,-2,42,Normal
2026-02-16 18:13:48.224908,Seoul-e287,43,35,Normal
2026-02-16 18:13:49.224908,Seoul-e287,45,50,Normal
2026-02-16 18:13:50.224908,Seoul-e287,40,31,Normal
2026-02-16 18:13:51.224908,Seoul-e287,46,72,Normal
2026-02-16 18:13:52.224908,Seoul-e287,14,66,Normal
2026-02-16 18:13:53.224908,Seoul-e287,5,28,Normal
2026-02-16 18:13:54.224908,Seoul-e287,38,45,Normal
2026-02-16 18:13:55.224908,Seoul-e287,41,36,Normal
2026-02-16 18:13:56.224908,Seoul-e287,26,52,Normal
2026-02-16 18:13:57.224908,Seoul-e287,45,98,Normal
2026-02-16 18:13:58.224908,Seoul-e287,15,54,Normal
2026-02-16 18:13:59.224908,Seoul-e287,-29,32,Normal
2026-02-16 18:14:00.224908,Seoul-e287,27,2,Normal
2026-02-16 18:14:01.224908,Seoul-e287,41,95,Normal
2026-02-16 18:14:02.224908,Seoul-e287,1,22,Normal
2026-02-16 18:14:03.224908,Seoul-e287,17,14,Normal
2026-02-16 18:14:04.224908,Seoul-e287,-8,83,Normal
2026-02-16 18:14:05.224908,Seoul-e287,-12,54,Normal
2026-02-16 18:14:06.224908,Seoul-e287,32,96,Normal
2026-02-16 18:14:07.224908,Seoul-e287,-3,55,Normal
2026-02-16 18:14:08.224908,Seoul-e287,44,4,Normal
2026-02-16 18:14:09.224908,Seoul-e287,-13,67,Normal
2026-02-16 18:14:10.224908,Seoul-e287,-6,37,Normal
2026-02-16 18:14:11.224908,Seoul-e287,43,5,Normal
2026-02-16 18:14:12.224908,Seoul-e287,8,79,Normal
2026-02-16 18:14:13.224908,Seoul-e287,-4,16,Normal
2026-02-16 18:14:14.224908,Seoul-e287,25,29,Normal
2026-02-16 18:14:15.224908,Seoul-e287,-22,10,Normal
2026-02-16 18:14:16.224908,Seoul-e287,-25,97,Normal
2026-02-16 18:14:17.224908,Seoul-e287,0,17,Normal
2026-02-16 18:14:18.224908,Seoul-e287,48,76,Normal
2026-02-16 18:14:19.224908,Seoul-e287,50,33,Normal
2026-02-16 18:14:20.224908,Seoul-e287,-20,11,Normal
2026-02-16 18:14:21.224908,Seoul-e287,2,42,Normal
2026-02-16 18:14:22.224908,Seoul-e287,-2,18,Normal
2026-02-16 18:14:23.224908,Seoul-e287,39,92,Normal
2026-02-16 18:14:24.224908,Seoul-e287,-23,43,Normal
2026-02-16 18:14:25.224908,Seoul-e287,-23,15,Normal
2026-02-16 18:14:26.224908,Seoul-e287,-1,47,Normal
2026-02-16 18:14:27.224908,Seoul-e287,17,84,Normal
2026-02-16 18:14:28.224908,Seoul-e287,-7,100,Normal
2026-02-16 18:14:29.224908,Seoul-e287,46,98,Normal
2026-02-16 18:14:30.224908,Seoul-e287,31,68,Normal
2026-02-16 18:14:31.224908,Seoul-e287,-22,22,Normal
2026-02-16 18:14:32.224908,Seoul-e287,40,52,Normal
2026-02-16 18:14:33.224908,Seoul-e287,-1,13,Normal
2026-02-16 18:14:34.224908,Seoul-e287,-8,63,Normal
2026-02-16 18:14:35.224908,Seoul-e287,37,73,Normal
2026-02-16 18:14:36.224908,Seoul-e287,44,43,Normal
2026-02-16 18:14:37.224908,Seoul-e287,26,65,Normal
2026-02-16 18:14:38.224908,Seoul-e287,-28,84,Normal
2026-02-16 18:14:39.224908,Seoul-e287,34,55,Normal
2026-02-16 18:14:40.224908,Seoul-e287,41,92,Normal
2026-02-16 18:14:41.224908,Seoul-e287,-19,67,Normal
2026-02-16 18:14:42.224908,Seoul-e287,27,27,Normal
2026-02-16 18:14:43.224908,Seoul-e287,4,97,Normal
2026-02-16 18:14:44.224908,Seoul-e287,17,90,Normal
2026-02-16 18:14:45.224908,Seoul-e287,-11,6,Normal
2026-02-16 18:14:46.224908,Seoul-e287,11,45,Normal
2026-02-16 18:14:47.224908,Seoul-e287,20,25,Normal
2026-02-16 18:14:48.224908,Seoul-e287,-20,66,Normal
2026-02-16 18:14:49.224908,Seoul-e287,-4,64,Normal
2026-02-16 18:14:50.224908,Seoul-e287,-21,41,Normal
2026-02-16 18:14:51.224908,Seoul-e287,40,40,Normal
2026-02-16 18:14:52.224908,Seoul-e287,5,42,Normal
2026-02-16 18:14:53.224908,Seoul-e287,-7,1,Normal
2026-02-16 18:14:54.224908,Seoul-e287,-28,14,Normal
2026-02-16 18:14:55.224908,Seoul-e287,-24,57,Normal
2026-02-16 18:14:56.224908,Seoul-e287,38,100,Normal
2026-02-16 18:14:57.224908,Seoul-e287,29,99,Normal
2026-02-16 18:14:58.224908,Seoul-e287,-15,34,Normal
2026-02-16 18:14:59.224908,Seoul-e287,36,21,Normal
2026-02-16 18:15:00.224908,Seoul-e287,19,83,Normal
2026-02-16 18:15:01.224908,Seoul-e287,0,50,Normal
2026-02-16 18:15:02.224908,Seoul-e287,-13,28,Normal
2026-02-16 18:15:03.224908,Seoul-e287,50,24,Normal
2026-02-16 18:15:04.224908,Seoul-e287,-13,71,Normal
2026-02-16 18:15:05.224908,Seoul-e287,-26,6,Normal
2026-02-16 18:15:06.224908,Seoul-e287,19,69,Normal
2026-02-16 18:15:07.224908,Seoul-e287,-21,97,Normal
2026-02-16 18:15:08.224908,Seoul-e287,28,100,Normal
2026-02-16 18:15:09.224908,Seoul-e287,2,33,Normal
2026-02-16 18:15:10.224908,Seoul-e287,-12,28,Normal
2026-02-16 18:15:11.224908,Seoul-e287,31,89,Normal
2026-02-16 18:15:12.224908,Seoul-e287,20,74,Normal
2026-02-16 18:15:13.224908,Seoul-e287,8,68,Normal
2026-02-16 18:15:14.224908,Seoul-e287,-10,10,Normal
2026-02-16 18:15:15.224908,Seoul-e287,-26,90,Normal
2026-02-16 18:15:16.224908,Seoul-e287,25,19,Normal
2026-02-16 18:15:17.224908,Seoul-e287,30,87,Normal
2026-02-16 18:15:18.224908,Seoul-e287,-12,22,Normal
2026-02-16 18:15:19.224908,Seoul-e287,10,62,Normal
2026-02-16 18:15:20.224908,Seoul-e287,-1,11,Normal
2026-02-16 18:15:21.224908,Seoul-e287,45,22,Normal
2026-02-16 18:15:22.224908,Seoul-e287,18,63,Normal
2026-02-16 18:15:23.224908,Seoul-e287,2,34,Normal
2026-02-16 18:15:24.224908,Seoul-e287,40,19,Normal
2026-02-16 18:15:25.224908,Seoul-e287,49,30,Normal
2026-02-16 18:15:26.224908,Seoul-e287,-1,82,Normal
2026-02-16 18:15:27.224908,Seoul-e287,-17,72,Normal
2026-02-16 18:15:28.224908,Seoul-e287,-12,25,Normal
2026-02-16 18:15:29.224908,Seoul-e287,13,5,Normal
2026-02-16 18:15:30.224908,Seoul-e287,-3,6,Normal
2026-02-16 18:15:31.224908,Seoul-e287,32,96,Normal
2026-02-16 18:15:32.224908,Seoul-e287,39,28,Normal
2026-02-16 18:15:33.224908,Seoul-e287,-29,70,Normal
2026-02-16 18:15:34.224908,Seoul-e287,14,66,Normal
2026-02-16 18:15:35.224908,Seoul-e287,-7,63,Normal
2026-02-16 18:15:36.224908,Seoul-e287,-15,84,Normal
2026-02-16 18:15:37.224908,Seoul-e287,30,31,Normal
2026-02-16 18:15:38.224908,Seoul-e287,-13,22,Normal
2026-02-16 18:15:39.224908,Seoul-e287,21,50,Normal
2026-02-16 18:15:40.224908,Seoul-e287,-26,70,Normal
2026-02-16 18:15:41.224908,Seoul-e287,16,24,Normal
2026-02-16 18:15:42.224908,Seoul-e287,-28,10,Normal
2026-02-16 18:15:43.224908,Seoul-e287,-8,15,Normal
2026-02-16 18:15:44.224908,Seoul-e287,-18,70,Normal
2026-02-16 18:15:45.224908,Seoul-e287,11,80,Normal
2026-02-16 18:15:46.224908,Seoul-e287,-30,65,Normal
2026-02-16 18:15:47.224908,Seoul-e287,15,42,Normal
2026-02-16 18:15:48.224908,Seoul-e287,43,100,Normal
2026-02-16 18:15:49.224908,Seoul-e287,-19,46,Normal
2026-02-16 18:15:50.224908,Seoul-e287,-7,13,Normal
2026-02-16 18:15:51.224908,Seoul-e287,8,29,Normal
2026-02-16 18:15:52.224908,Seoul-e287,-8,28,Normal
2026-02-16 18:15:53.224908,Seoul-e287,-7,15,Normal
2026-02-16 18:15:54.224908,Seoul-e287,-27,29,Normal
2026-02-16 18:15:55.224908,Seoul-e287,26,0,Normal
2026-02-16 18:15:56.224908,Seoul-e287,2,29,Normal
2026-02-16 18:15:57.224908,Seoul-e287,3,93,Normal
2026-02-16 18:15:58.224908,Seoul-e287,28,32,Normal
2026-02-16 18:15:59.224908,Seoul-e287,35,22,Normal
2026-02-16 18:16:00.224908,Seoul-e287,8,50,Normal
2026-02-16 18:16:01.224908,Seoul-e287,7,23,Normal
2026-02-16 18:16:02.224908,Seoul-e287,-27,55,Normal
2026-02-16 18:16:03.224908,Seoul-e287,-22,76,Normal
2026-02-16 18:16:04.224908,Seoul-e287,0,33,Normal
2026-02-16 18:16:05.224908,Seoul-e287,33,65,Normal
2026-02-16 18:16:06.224908,Seoul-e287,37,15,Normal
2026-02-16 18:16:07.224908,Seoul-e287,10,31,Normal
2026-02-16 18:16:08.224908,Seoul-e287,16,58,Normal
2026-02-16 18:16:09.224908,Seoul-e287,23,88,Normal
2026-02-16 18:16:10.224908,Seoul-e287,30,81,Normal
2026-02-16 18:16:11.224908,Seoul-e287,42,70,Normal
2026-02-16 18:16:12.224908,Seoul-e287,37,76,Normal
2026-02-16 18:16:13.224908,Seoul-e287,19,95,Normal
2026-02-16 18:16:14.224908,Seoul-e287,8,95,Normal
2026-02-16 18:16:15.224908,Seoul-e287,50,73,Normal
2026-02-16 18:16:16.224908,Seoul-e287,27,91,Normal
2026-02-16 18:16:17.224908,Seoul-e287,18,25,Normal
2026-02-16 18:16:18.224908,Seoul-e287,-30,6,Normal
2026-02-16 18:16:19.224908,Seoul-e287,3,47,Normal
2026-02-16 18:16:20.224908,Seoul-e287,-28,57,Normal
2026-02-16 18:16:21.224908,Seoul-e287,4,74,Normal
2026-02-16 18:16:22.224908,Seoul-e287,10,8,Normal
2026-02-16 18:16:23.224908,Seoul-e287,38,93,Normal
2026-02-16 18:16:24.224908,Seoul-e287,9,38,Normal
2026-02-16 18:16:25.224908,Seoul-e287,-24,27,Normal
2026-02-16 18:16:26.224908,Seoul-e287,27,87,Normal
2026-02-16 18:16:27.224908,Seoul-e287,20,10,Normal
2026-02-16 18:16:28.224908,Seoul-e287,10,19,Normal
2026-02-16 18:16:29.224908,Seoul-e287,-20,21,Normal
2026-02-16 18:16:30.224908,Seoul-e287,2,2,Normal
2026-02-16 18:16:31.224908,Seoul-e287,1,70,Normal
2026-02-16 18:16:32.224908,Seoul-e287,49,99,Normal
2026-02-16 18:16:33.224908,Seoul-e287,6,91,Normal
2026-02-16 18:16:34.224908,Seoul-e287,19,41,Normal
2026-02-16 18:16:35.224908,Seoul-e287,20,42,Normal
2026-02-16 18:16:36.224908,Seoul-e287,17,97,Normal
2026-02-16 18:16:37.224908,Seoul-e287,-30,58,Normal
2026-02-16 18:16:38.224908,Seoul-e287,49,20,Normal
2026-02-16 18:16:39.224908,Seoul-e287,22,58,Normal
2026-02-16 18:16:40.224908,Seoul-e287,25,87,Normal
2026-02-16 18:16:41.224908,Seoul-e287,43,32,Normal
2026-02-16 18:16:42.224908,Seoul-e287,-24,7,Normal
2026-02-16 18:16:43.224908,Seoul-e287,-22,25,Normal
2026-02-16 18:16:44.224908,Seoul-e287,-2,54,Normal
2026-02-16 18:16:45.224908,Seoul-e287,43,80,Normal
2026-02-16 18:16:46.224908,Seoul-e287,-20,95,Normal
2026-02-16 18:16:47.224908,Seoul-e287,43,16,Normal
2026-02-16 18:16:48.224908,Seoul-e287,-28,2,Normal
2026-02-16 18:16:49.224908,Seoul-e287,-15,33,Normal
2026-02-16 18:16:50.224908,Seoul-e287,48,19,Normal
2026-02-16 18:16:51.224908,Seoul-e287,35,47,Normal
2026-02-16 18:16:52.224908,Seoul-e287,16,18,Normal
2026-02-16 18:16:53.224908,Seoul-e287,32,81,Normal
2026-02-16 18:16:54.224908,Seoul-e287,-24,92,Normal
2026-02-16 18:16:55.224908,Seoul-e287,5,6,Normal
2026-02-16 18:16:56.224908,Seoul-e287,-12,14,Normal
2026-02-16 18:16:57.224908,Seoul-e287,23,38,Normal
2026-02-16 18:16:58.224908,Seoul-e287,11,46,Normal
2026-02-16 18:16:59.224908,Seoul-e287,-11,66,Normal
2026-02-16 18:17:00.224908,Seoul-e287,0,22,Normal
2026-02-16 18:17:01.224908,Seoul-e287,24,52,Normal
2026-02-16 18:17:02.224908,Seoul-e287,-13,92,Normal
2026-02-16 18:17:03.224908,Seoul-e287,-12,71,Normal
2026-02-16 18:17:04.224908,Seoul-e287,22,58,Normal
2026-02-16 18:17:05.224908,Seoul-e287,31,30,Normal
2026-02-16 18:17:06.224908,Seoul-e287,21,48,Normal
2026-02-16 18:17:07.224908,Seoul-e287,17,88,Normal
2026-02-16 18:17:08.224908,Seoul-e287,42,33,Normal
2026-02-16 18:17:09.224908,Seoul-e287,9,21,Normal
2026-02-16 18:17:10.224908,Seoul-e287,-11,39,Normal
2026-02-16 18:17:11.224908,Seoul-e287,49,18,Normal
2026-02-16 18:17:12.224908,Seoul-e287,32,67,Normal
2026-02-16 18:17:13.224908,Seoul-e287,-17,10,Normal
2026-02-16 18:17:14.224908,Seoul-e287,-14,36,Normal
2026-02-16 18:17:15.224908,Seoul-e287,42,74,Normal
2026-02-16 18:17:16.224908,Seoul-e287,-15,56,Normal
2026-02-16 18:17:17.224908,Seoul-e287,40,67,Normal
2026-02-16 18:17:18.224908,Seoul-e287,0,95,Normal
2026-02-16 18:17:19.224908,Seoul-e287,-14,2,Normal
2026-02-16 18:17:20.224908,Seoul-e287,7,54,Normal
2026-02-16 18:17:21.224908,Seoul-e287,50,19,Normal
2026-02-16 18:17:22.224908,Seoul-e287,28,47,Normal
2026-02-16 18:17:23.224908,Seoul-e287,-9,35,Normal
2026-02-16 18:17:24.224908,Seoul-e287,15,10,Normal
2026-02-16 18:17:25.224908,Seoul-e287,33,26,Normal
2026-02-16 18:17:26.224908,Seoul-e287,-1,47,Normal
2026-02-16 18:17:27.224908,Seoul-e287,-3,35,Normal
2026-02-16 18:17:28.224908,Seoul-e287,-24,27,Normal
2026-02-16 18:17:29.224908,Seoul-e287,-12,96,Normal
2026-02-16 18:17:30.224908,Seoul-e287,-1,75,Normal
2026-02-16 18:17:31.224908,Seoul-e287,40,1,Normal
2026-02-16 18:17:32.224908,Seoul-e287,-14,67,Normal
2026-02-16 18:17:33.224908,Seoul-e287,4,88,Normal
2026-02-16 18:17:34.224908,Seoul-e287,-6,34,Normal
2026-02-16 18:17:35.224908,Seoul-e287,-11,16,Normal
2026-02-16 18:17:36.224908,Seoul-e287,27,0,Normal
2026-02-16 18:17:37.224908,Seoul-e287,-11,46,Normal
2026-02-16 18:17:38.224908,Seoul-e287,0,67,Normal
2026-02-16 18:17:39.224908,Seoul-e287,45,38,Normal
2026-02-16 18:17:40.224908,Seoul-e287,29,3,Normal
2026-02-16 18:17:41.224908,Seoul-e287,-16,48,Normal
2026-02-16 18:17:42.224908,Seoul-e287,-10,54,Normal
2026-02-16 18:17:43.224908,Seoul-e287,-25,2,Normal
2026-02-16 18:17:44.224908,Seoul-e287,-14,90,Normal
2026-02-16 18:17:45.224908,Seoul-e287,-7,89,Normal
2026-02-16 18:17:46.224908,Seoul-e287,43,34,Normal
2026-02-16 18:17:47.224908,Seoul-e287,-10,71,Normal
2026-02-16 18:17:48.224908,Seoul-e287,50,9,Normal
2026-02-16 18:17:49.224908,Seoul-e287,17,69,Normal
2026-02-16 18:17:50.224908,Seoul-e287,1,21,Normal
2026-02-16 18:17:51.224908,Seoul-e287,22,62,Normal
2026-02-16 18:17:52.224908,Seoul-e287,40,30,Normal
2026-02-16 18:17:53.224908,Seoul-e287,20,71,Normal
2026-02-16 18:17:54.224908,Seoul-e287,25,98,Normal
2026-02-16 18:17:55.224908,Seoul-e287,21,49,Normal
2026-02-16 18:17:56.224908,Seoul-e287,-18,10,Normal
2026-02-16 18:17:57.224908,Seoul-e287,20,23,Normal
2026-02-16 18:17:58.224908,Seoul-e287,-19,90,Normal
2026-02-16 18:17:59.224908,Seoul-e287,46,38,Normal
2026-02-16 18:18:00.224908,Seoul-e287,-21,26,Normal
2026-02-16 18:18:01.224908,Seoul-e287,6,99,Normal
2026-02-16 18:18:02.224908,Seoul-e287,39,49,Normal
2026-02-16 18:18:03.224908,Seoul-e287,5,6,Normal
2026-02-16 18:18:04.224908,Seoul-e287,-15,25,Normal
2026-02-16 18:18:05.224908,Seoul-e287,24,67,Normal
2026-02-16 18:18:06.224908,Seoul-e287,14,36,Normal
2026-02-16 18:18:07.224908,Seoul-e287,-19,93,Normal
2026-02-16 18:18:08.224908,Seoul-e287,-5,71,Normal
2026-02-16 18:18:09.224908,Seoul-e287,-27,70,Normal
2026-02-16 18:18:10.224908,Seoul-e287,47,83,Normal
2026-02-16 18:18:11.224908,Seoul-e287,27,57,Normal
2026-02-16 18:18:12.224908,Seoul-e287,-28,19,Normal
2026-02-16 18:18:13.224908,Seoul-e287,34,45,Normal
2026-02-16 18:18:14.224908,Seoul-e287,42,45,Normal
2026-02-16 18:18:15.224908,Seoul-e287,-5,28,Normal
2026-02-16 18:18:16.224908,Seoul-e287,-1,55,Normal
2026-02-16 18:18:17.224908,Seoul-e287,8,13,Normal
2026-02-16 18:18:18.224908,Seoul-e287,2,8,Normal
2026-02-16 18:18:19.224908,Seoul-e287,18,65,Normal
2026-02-16 18:18:20.224908,Seoul-e287,43,37,Normal
2026-02-16 18:18:21.224908,Seoul-e287,42,60,Normal
2026-02-16 18:18:22.224908,Seoul-e287,-11,44,Normal
2026-02-16 18:18:23.224908,Seoul-e287,-24,78,Normal
2026-02-16 18:18:24.224908,Seoul-e287,17,82,Normal
2026-02-16 18:18:25.224908,Seoul-e287,46,72,Normal
2026-02-16 18:18:26.224908,Seoul-e287,18,46,Normal
2026-02-16 18:18:27.224908,Seoul-e287,-17,96,Normal
2026-02-16 18:18:28.224908,Seoul-e287,42,26,Normal
2026-02-16 18:18:29.224908,Seoul-e287,27,79,Normal
2026-02-16 18:18:30.224908,Seoul-e287,48,76,Normal
2026-02-16 18:18:31.224908,Seoul-e287,-5,50,Normal
2026-02-16 18:18:32.224908,Seoul-e287,2,41,Normal
2026-02-16 18:18:33.224908,Seoul-e287,11,12,Normal
2026-02-16 18:18:34.224908,Seoul-e287,23,68,Normal
2026-02-16 18:18:35.224908,Seoul-e287,4,16,Normal
2026-02-16 18:18:36.224908,Seoul-e287,48,69,Normal
2026-02-16 18:18:37.224908,Seoul-e287,20,8,Normal
2026-02-16 18:18:38.224908,Seoul-e287,47,16,Normal
2026-02-16 18:18:39.224908,Seoul-e287,49,11,Normal
2026-02-16 18:18:40.224908,Seoul-e287,44,3,Normal
2026-02-16 18:18:41.224908,Seoul-e287,26,25,Normal
2026-02-16 18:18:42.224908,Seoul-e287,2,85,Normal
2026-02-16 18:18:43.224908,Seoul-e287,-12,19,Normal
2026-02-16 18:18:44.224908,Seoul-e287,-8,85,Normal
2026-02-16 18:18:45.224908,Seoul-e287,38,34,Normal
2026-02-16 18:18:46.224908,Seoul-e287,-4,9,Normal
2026-02-16 18:18:47.224908,Seoul-e287,9,92,Normal
2026-02-16 18:18:48.224908,Seoul-e287,38,90,Normal
2026-02-16 18:18:49.224908,Seoul-e287,5,70,Normal
2026-02-16 18:18:50.224908,Seoul-e287,22,36,Normal
2026-02-16 18:18:51.224908,Seoul-e287,50,43,Normal
2026-02-16 18:18:52.224908,Seoul-e287,49,39,Normal
2026-02-16 18:18:53.224908,Seoul-e287,-6,2,Normal
2026-02-16 18:18:54.224908,Seoul-e287,43,67,Normal
2026-02-16 18:18:55.224908,Seoul-e287,-16,28,Normal
2026-02-16 18:18:56.224908,Seoul-e287,37,60,Normal
2026-02-16 18:18:57.224908,Seoul-e287,11,78,Normal
2026-02-16 18:18:58.224908,Seoul-e287,-8,8,Normal
2026-02-16 18:18:59.224908,Seoul-e287,40,22,Normal
2026-02-16 18:19:00.224908,Seoul-e287,19,73,Normal
2026-02-16 18:19:01.224908,Seoul-e287,27,81,Normal
2026-02-16 18:19:02.224908,Seoul-e287,31,21,Normal
2026-02-16 18:19:03.224908,Seoul-e287,42,36,Normal
2026-02-16 18:19:04.224908,Seoul-e287,26,91,Normal
2026-02-16 18:19:05.224908,Seoul-e287,22,6,Normal
2026-02-16 18:19:06.224908,Seoul-e287,50,45,Normal
2026-02-16 18:19:07.224908,Seoul-e287,-16,47,Normal
2026-02-16 18:19:08.224908,Seoul-e287,12,26,Normal
2026-02-16 18:19:09.224908,Seoul-e287,37,64,Normal
2026-02-16 18:19:10.224908,Seoul-e287,41,91,Normal
2026-02-16 18:19:11.224908,Seoul-e287,37,56,Normal
2026-02-16 18:19:12.224908,Seoul-e287,26,21,Normal
2026-02-16 18:19:13.224908,Seoul-e287,-7,93,Normal
2026-02-16 18:19:14.224908,Seoul-e287,41,99,Normal
2026-02-16 18:19:15.224908,Seoul-e287,-20,5,Normal
2026-02-16 18:19:16.224908,Seoul-e287,9,30,Normal
2026-02-16 18:19:17.224908,Seoul-e287,-29,57,Normal
2026-02-16 18:19:18.224908,Seoul-e287,23,21,Normal
2026-02-16 18:19:19.224908,Seoul-e287,30,38,Normal
2026-02-16 18:19:20.224908,Seoul-e287,27,60,Normal
2026-02-16 18:19:21.224908,Seoul-e287,49,19,Normal
2026-02-16 18:19:22.224908,Seoul-e287,3,6,Normal
2026-02-16 18:19:23.224908,Seoul-e287,47,61,Normal
2026-02-16 18:19:24.224908,Seoul-e287,-13,94,Normal
2026-02-16 18:19:25.224908,Seoul-e287,45,78,Normal
2026-02-16 18:19:26.224908,Seoul-e287,7,96,Normal
2026-02-16 18:19:27.224908,Seoul-e287,37,85,Normal
2026-02-16 18:19:28.224908,Seoul-e287,29,6,Normal
2026-02-16 18:19:29.224908,Seoul-e287,18,9,Normal
2026-02-16 18:19:30.224908,Seoul-e287,24,54,Normal
2026-02-16 18:19:31.224908,Seoul-e287,-24,79,Normal
2026-02-16 18:19:32.224908,Seoul-e287,-13,47,Normal
2026-02-16 18:19:33.224908,Seoul-e287,9,53,Normal
2026-02-16 18:19:34.224908,Seoul-e287,-24,5,Normal
2026-02-16 18:19:35.224908,Seoul-e287,1,82,Normal
2026-02-16 18:19:36.224908,Seoul-e287,-23,68,Normal
2026-02-16 18:19:37.224908,Seoul-e287,-22,37,Normal
2026-02-16 18:19:38.224908,Seoul-e287,20,53,Normal
2026-02-16 18:19:39.224908,Seoul-e287,36,54,Normal
2026-02-16 18:19:40.224908,Seoul-e287,-1,40,Normal
2026-02-16 18:19:41.224908,Seoul-e287,9,32,Normal
2026-02-16 18:19:42.224908,Seoul-e287,12,38,Normal
2026-02-16 18:19:43.224908,Seoul-e287,39,8,Normal
2026-02-16 18:19:44.224908,Seoul-e287,17,54,Normal
2026-02-16 18:19:45.224908,Seoul-e287,23,54,Normal
2026-02-16 18:19:46.224908,Seoul-e287,25,40,Normal
2026-02-16 18:19:47.224908,Seoul-e287,3,85,Normal
2026-02-16 18:19:48.224908,Seoul-e287,19,96,Normal
2026-02-16 18:19:49.224908,Seoul-e287,-16,75,Normal
2026-02-16 18:19:50.224908,Seoul-e287,-8,19,Normal
2026-02-16 18:19:51.224908,Seoul-e287,-19,99,Normal
2026-02-16 18:19:52.224908,Seoul-e287,47,68,Normal
2026-02-16 18:19:53.224908,Seoul-e287,-14,86,Normal
2026-02-16 18:19:54.224908,Seoul-e287,28,62,Normal
2026-02-16 18:19:55.224908,Seoul-e287,-18,16,Normal
2026-02-16 18:19:56.224908,Seoul-e287,40,17,Normal
2026-02-16 18:19:57.224908,Seoul-e287,36,38,Normal
2026-02-16 18:19:58.224908,Seoul-e287,-13,82,Normal
2026-02-16 18:19:59.224908,Seoul-e287,-3,94,Normal
2026-02-16 18:20:00.224908,Seoul-e287,-18,19,Normal
2026-02-16 18:20:01.224908,Seoul-e287,48,10,Normal
2026-02-16 18:20:02.224908,Seoul-e287,7,24,Normal
2026-02-16 18:20:03.224908,Seoul-e287,-22,65,Normal
2026-02-16 18:20:04.224908,Seoul-e287,31,73,Normal
2026-02-16 18:20:05.224908,Seoul-e287,9,43,Normal
2026-02-16 18:20:06.224908,Seoul-e287,-29,93,Normal
2026-02-16 18:20:07.224908,Seoul-e287,-29,60,Normal
2026-02-16 18:20:08.224908,Seoul-e287,8,99,Normal
2026-02-16 18:20:09.224908,Seoul-e287,42,1,Normal
2026-02-16 18:20:10.224908,Seoul-e287,-1,58,Normal
2026-02-16 18:20:11.224908,Seoul-e287,-24,55,Normal
2026-02-16 18:20:12.224908,Seoul-e287,-26,82,Normal
2026-02-16 18:20:13.224908,Seoul-e287,32,67,Normal
2026-02-16 18:20:14.224908,Seoul-e287,47,79,Normal
2026-02-16 18:20:15.224908,Seoul-e287,23,56,Normal
2026-02-16 18:20:16.224908,Seoul-e287,7,65,Normal
2026-02-16 18:20:17.224908,Seoul-e287,-7,80,Normal
2026-02-16 18:20:18.224908,Seoul-e287,-24,41,Normal
2026-02-16 18:20:19.224908,Seoul-e287,24,3,Normal
2026-02-16 18:20:20.224908,Seoul-e287,-4,29,Normal
2026-02-16 18:20:21.224908,Seoul-e287,39,21,Normal
2026-02-16 18:20:22.224908,Seoul-e287,5,96,Normal
2026-02-16 18:20:23.224908,Seoul-e287,-28,72,Normal
2026-02-16 18:20:24.224908,Seoul-e287,-16,69,Normal
2026-02-16 18:20:25.224908,Seoul-e287,6,34,Normal
2026-02-16 18:20:26.224908,Seoul-e287,-24,44,Normal
2026-02-16 18:20:27.224908,Seoul-e287,-6,97,Normal
2026-02-16 18:20:28.224908,Seoul-e287,-24,13,Normal
2026-02-16 18:20:29.224908,Seoul-e287,-16,0,Normal
2026-02-16 18:20:30.224908,Seoul-e287,42,50,Normal
2026-02-16 18:20:31.224908,Seoul-e287,34,67,Normal
2026-02-16 18:20:32.224908,Seoul-e287,-30,26,Normal
2026-02-16 18:20:33.224908,Seoul-e287,25,3,Normal
2026-02-16 18:20:34.224908,Seoul-e287,41,100,Normal
2026-02-16 18:20:35.224908,Seoul-e287,-5,27,Normal
2026-02-16 18:20:36.224908,Seoul-e287,21,33,Normal
2026-02-16 18:20:37.224908,Seoul-e287,48,40,Normal
2026-02-16 18:20:38.224908,Seoul-e287,0,46,Normal
2026-02-16 18:20:39.224908,Seoul-e287,40,93,Normal
2026-02-16 18:20:40.224908,Seoul-e287,3,43,Normal
2026-02-16 18:20:41.224908,Seoul-e287,35,75,Normal
2026-02-16 18:20:42.224908,Seoul-e287,19,32,Normal
2026-02-16 18:20:43.224908,Seoul-e287,-1,17,Normal
2026-02-16 18:20:44.224908,Seoul-e287,30,21,Normal
2026-02-16 18:20:45.224908,Seoul-e287,-14,50,Normal
2026-02-16 18:20:46.224908,Seoul-e287,34,0,Normal
2026-02-16 18:20:47.224908,Seoul-e287,-18,34,Normal
2026-02-16 18:20:48.224908,Seoul-e287,-18,94,Normal
2026-02-16 18:20:49.224908,Seoul-e287,47,29,Normal
2026-02-16 18:20:50.224908,Seoul-e287,-19,78,Normal
2026-02-16 18:20:51.224908,Seoul-e287,14,29,Normal
2026-02-16 18:20:52.224908,Seoul-e287,10,54,Normal
2026-02-16 18:20:53.224908,Seoul-e287,-18,5,Normal
2026-02-16 18:20:54.224908,Seoul-e287,-20,50,Normal
2026-02-16 18:20:55.224908,Seoul-e287,12,38,Normal
2026-02-16 18:20:56.224908,Seoul-e287,1,11,Normal
2026-02-16 18:20:57.224908,Seoul-e287,4,31,Normal
2026-02-16 18:20:58.224908,Seoul-e287,-25,63,Normal
2026-02-16 18:20:59.224908,Seoul-e287,27,61,Normal
2026-02-16 18:21:00.224908,Seoul-e287,10,59,Normal
2026-02-16 18:21:01.224908,Seoul-e287,-9,50,Normal
2026-02-16 18:21:02.224908,Seoul-e287,4,87,Normal
2026-02-16 18:21:03.224908,Seoul-e287,43,65,Normal
2026-02-16 18:21:04.224908,Seoul-e287,-28,86,Normal
2026-02-16 18:21:05.224908,Seoul-e287,5,49,Normal
2026-02-16 18:21:06.224908,Seoul-e287,29,14,Normal
2026-02-16 18:21:07.224908,Seoul-e287,45,50,Normal
2026-02-16 18:21:08.224908,Seoul-e287,-3,35,Normal
2026-02-16 18:21:09.224908,Seoul-e287,46,89,Normal
2026-02-16 18:21:10.224908,Seoul-e287,10,87,Normal
2026-02-16 18:21:11.224908,Seoul-e287,0,100,Normal
2026-02-16 18:21:12.224908,Seoul-e287,4,93,Normal
2026-02-16 18:21:13.224908,Seoul-e287,44,20,Normal
2026-02-16 18:21:14.224908,Seoul-e287,12,35,Normal
2026-02-16 18:21:15.224908,Seoul-e287,40,64,Normal
2026-02-16 18:21:16.224908,Seoul-e287,2,35,Normal
2026-02-16 18:21:17.224908,Seoul-e287,-14,48,Normal
2026-02-16 18:21:18.224908,Seoul-e287,-18,5,Normal
2026-02-16 18:21:19.224908,Seoul-e287,49,85,Normal
2026-02-16 18:21:20.224908,Seoul-e287,-6,15,Normal
2026-02-16 18:21:21.224908,Seoul-e287,41,64,Normal
2026-02-16 18:21:22.224908,Seoul-e287,30,67,Normal
2026-02-16 18:21:23.224908,Seoul-e287,10,36,Normal
2026-02-16 18:21:24.224908,Seoul-e287,-23,88,Normal
2026-02-16 18:21:25.224908,Seoul-e287,10,81,Normal
2026-02-16 18:21:26.224908,Seoul-e287,33,29,Normal
2026-02-16 18:21:27.224908,Seoul-e287,-3,99,Normal
2026-02-16 18:21:28.224908,Seoul-e287,34,93,Normal
2026-02-16 18:21:29.224908,Seoul-e287,37,0,Normal
2026-02-16 18:21:30.224908,Seoul-e287,28,46,Normal
2026-02-16 18:21:31.224908,Seoul-e287,5,83,Normal
2026-02-16 18:21:32.224908,Seoul-e287,23,17,Normal
2026-02-16 18:21:33.224908,Seoul-e287,25,76,Normal
2026-02-16 18:21:34.224908,Seoul-e287,35,10,Normal
2026-02-16 18:21:35.224908,Seoul-e287,-17,16,Normal
2026-02-16 18:21:36.224908,Seoul-e287,35,22,Normal
2026-02-16 18:21:37.224908,Seoul-e287,-15,4,Normal
2026-02-16 18:21:38.224908,Seoul-e287,12,43,Normal
2026-02-16 18:21:39.224908,Seoul-e287,17,90,Normal
2026-02-16 18:21:40.224908,Seoul-e287,35,67,Normal
2026-02-16 18:21:41.224908,Seoul-e287,41,74,Normal
2026-02-16 18:21:42.224908,Seoul-e287,-8,42,Normal
2026-02-16 18:21:43.224908,Seoul-e287,37,79,Normal
2026-02-16 18:21:44.224908,Seoul-e287,32,26,Normal
2026-02-16 18:21:45.224908,Seoul-e287,44,39,Normal
2026-02-16 18:21:46.224908,Seoul-e287,0,64,Normal
2026-02-16 18:21:47.224908,Seoul-e287,20,38,Normal
2026-02-16 18:21:48.224908,Seoul-e287,-3,54,Normal
2026-02-16 18:21:49.224908,Seoul-e287,40,32,Normal
2026-02-16 18:21:50.224908,Seoul-e287,1,95,Normal
2026-02-16 18:21:51.224908,Seoul-e287,44,64,Normal
2026-02-16 18:21:52.224908,Seoul-e287,15,49,Normal
2026-02-16 18:21:53.224908,Seoul-e287,24,28,Normal
2026-02-16 18:21:54.224908,Seoul-e287,46,98,Normal
2026-02-16 18:21:55.224908,Seoul-e287,-6,1,Normal
2026-02-16 18:21:56.224908,Seoul-e287,-8,32,Normal
2026-02-16 18:21:57.224908,Seoul-e287,3,52,Normal
2026-02-16 18:21:58.224908,Seoul-e287,48,0,Normal
2026-02-16 18:21:59.224908,Seoul-e287,21,20,Normal
2026-02-16 18:22:00.224908,Seoul-e287,-7,77,Normal
2026-02-16 18:22:01.224908,Seoul-e287,11,23,Normal
2026-02-16 18:22:02.224908,Seoul-e287,23,31,Normal
2026-02-16 18:22:03.224908,Seoul-e287,44,83,Normal
2026-02-16 18:22:04.224908,Seoul-e287,29,53,Normal
2026-02-16 18:22:05.224908,Seoul-e287,-23,45,Normal
2026-02-16 18:22:06.224908,Seoul-e287,23,35,Normal
2026-02-16 18:22:07.224908,Seoul-e287,11,28,Normal
2026-02-16 18:22:08.224908,Seoul-e287,0,77,Normal
2026-02-16 18:22:09.224908,Seoul-e287,33,35,Normal
2026-02-16 18:22:10.224908,Seoul-e287,40,10,Normal
2026-02-16 18:22:11.224908,Seoul-e287,39,97,Normal
2026-02-16 18:22:12.224908,Seoul-e287,40,90,Normal
2026-02-16 18:22:13.224908,Seoul-e287,14,63,Normal
2026-02-16 18:22:14.224908,Seoul-e287,15,30,Normal
2026-02-16 18:22:15.224908,Seoul-e287,20,32,Normal
2026-02-16 18:22:16.224908,Seoul-e287,-6,67,Normal
2026-02-16 18:22:17.224908,Seoul-e287,-8,100,Normal
2026-02-16 18:22:18.224908,Seoul-e287,-17,46,Normal
2026-02-16 18:22:19.224908,Seoul-e287,11,93,Normal
2026-02-16 18:22:20.224908,Seoul-e287,11,52,Normal
2026-02-16 18:22:21.224908,Seoul-e287,-14,49,Normal
2026-02-16 18:22:22.224908,Seoul-e287,-24,86,Normal
2026-02-16 18:22:23.224908,Seoul-e287,22,82,Normal
2026-02-16 18:22:24.224908,Seoul-e287,8,99,Normal
2026-02-16 18:22:25.224908,Seoul-e287,1,14,Normal
2026-02-16 18:22:26.224908,Seoul-e287,41,61,Normal
2026-02-16 18:22:27.224908,Seoul-e287,36,40,Normal
2026-02-16 18:22:28.224908,Seoul-e287,-23,17,Normal
2026-02-16 18:22:29.224908,Seoul-e287,34,5,Normal
2026-02-16 18:22:30.224908,Seoul-e287,-27,41,Normal
2026-02-16 18:22:31.224908,Seoul-e287,37,65,Normal
2026-02-16 18:22:32.224908,Seoul-e287,13,82,Normal
2026-02-16 18:22:33.224908,Seoul-e287,-15,45,Normal
2026-02-16 18:22:34.224908,Seoul-e287,-8,46,Normal
2026-02-16 18:22:35.224908,Seoul-e287,38,8,Normal
2026-02-16 18:22:36.224908,Seoul-e287,10,69,Normal
2026-02-16 18:22:37.224908,Seoul-e287,-2,71,Normal
2026-02-16 18:22:38.224908,Seoul-e287,-23,48,Normal
2026-02-16 18:22:39.224908,Seoul-e287,27,43,Normal
2026-02-16 18:22:40.224908,Seoul-e287,36,92,Normal
2026-02-16 18:22:41.224908,Seoul-e287,17,55,Normal
2026-02-16 18:22:42.224908,Seoul-e287,-23,74,Normal
2026-02-16 18:22:43.224908,Seoul-e287,17,83,Normal
2026-02-16 18:22:44.224908,Seoul-e287,18,2,Normal
2026-02-16 18:22:45.224908,Seoul-e287,8,61,Normal
2026-02-16 18:22:46.224908,Seoul-e287,-25,48,Normal
2026-02-16 18:22:47.224908,Seoul-e287,-1,61,Normal
2026-02-16 18:22:48.224908,Seoul-e287,24,42,Normal
2026-02-16 18:22:49.224908,Seoul-e287,-29,51,Normal
2026-02-16 18:22:50.224908,Seoul-e287,-24,48,Normal
2026-02-16 18:22:51.224908,Seoul-e287,47,24,Normal
2026-02-16 18:22:52.224908,Seoul-e287,-27,50,Normal
2026-02-16 18:22:53.224908,Seoul-e287,40,25,Normal
2026-02-16 18:22:54.224908,Seoul-e287,33,81,Normal
2026-02-16 18:22:55.224908,Seoul-e287,-19,69,Normal
2026-02-16 18:22:56.224908,Seoul-e287,25,56,Normal
2026-02-16 18:22:57.224908,Seoul-e287,-16,42,Normal
2026-02-16 18:22:58.224908,Seoul-e287,4,94,Normal
2026-02-16 18:22:59.224908,Seoul-e287,-7,14,Normal
2026-02-16 18:23:00.224908,Seoul-e287,-22,56,Normal
2026-02-16 18:23:01.224908,Seoul-e287,3,17,Normal
2026-02-16 18:23:02.224908,Seoul-e287,22,50,Normal
2026-02-16 18:23:03.224908,Seoul-e287,-29,55,Normal
2026-02-16 18:23:04.224908,Seoul-e287,-14,30,Normal
2026-02-16 18:23:05.224908,Seoul-e287,10,13,Normal
2026-02-16 18:23:06.224908,Seoul-e287,-1,49,Normal
2026-02-16 18:23:07.224908,Seoul-e287,-6,47,Normal
2026-02-16 18:23:08.224908,Seoul-e287,20,90,Normal
2026-02-16 18:23:09.224908,Seoul-e287,-21,23,Normal
2026-02-16 18:23:10.224908,Seoul-e287,1,17,Normal
2026-02-16 18:23:11.224908,Seoul-e287,35,38,Normal
2026-02-16 18:23:12.224908,Seoul-e287,32,49,Normal
2026-02-16 18:23:13.224908,Seoul-e287,37,5,Normal
2026-02-16 18:23:14.224908,Seoul-e287,29,48,Normal
2026-02-16 18:23:15.224908,Seoul-e287,-2,10,Normal
2026-02-16 18:23:16.224908,Seoul-e287,-4,72,Normal
2026-02-16 18:23:17.224908,Seoul-e287,-19,0,Normal
2026-02-16 18:23:18.224908,Seoul-e287,-6,95,Normal
2026-02-16 18:23:19.224908,Seoul-e287,-21,61,Normal
2026-02-16 18:23:20.224908,Seoul-e287,-13,97,Normal
2026-02-16 18:23:21.224908,Seoul-e287,32,68,Normal
2026-02-16 18:23:22.224908,Seoul-e287,49,88,Normal
2026-02-16 18:23:23.224908,Seoul-e287,-9,8,Normal
2026-02-16 18:23:24.224908,Seoul-e287,39,31,Normal
2026-02-16 18:23:25.224908,Seoul-e287,45,45,Normal
2026-02-16 18:23:26.224908,Seoul-e287,-29,54,Normal
2026-02-16 18:23:27.224908,Seoul-e287,-17,63,Normal
2026-02-16 18:23:28.224908,Seoul-e287,47,26,Normal
2026-02-16 18:23:29.224908,Seoul-e287,40,74,Normal
2026-02-16 18:23:30.224908,Seoul-e287,-24,85,Normal
2026-02-16 18:23:31.224908,Seoul-e287,3,54,Normal
2026-02-16 18:23:32.224908,Seoul-e287,37,72,Normal
2026-02-16 18:23:33.224908,Seoul-e287,35,0,Normal
2026-02-16 18:23:34.224908,Seoul-e287,46,17,Normal
2026-02-16 18:23:35.224908,Seoul-e287,-22,48,Normal
2026-02-16 18:23:36.224908,Seoul-e287,25,36,Normal
2026-02-16 18:23:37.224908,Seoul-e287,-2,34,Normal
2026-02-16 18:23:38.224908,Seoul-e287,-23,61,Normal
2026-02-16 18:23:39.224908,Seoul-e287,14,84,Normal
2026-02-16 18:23:40.224908,Seoul-e287,34,3,Normal
2026-02-16 18:23:41.224908,Seoul-e287,42,60,Normal
2026-02-16 18:23:42.224908,Seoul-e287,-7,44,Normal
2026-02-16 18:23:43.224908,Seoul-e287,25,95,Normal
2026-02-16 18:23:44.224908,Seoul-e287,45,50,Normal
2026-02-16 18:23:45.224908,Seoul-e287,13,84,Normal
2026-02-16 18:23:46.224908,Seoul-e287,-20,81,Normal
2026-02-16 18:23:47.224908,Seoul-e287,26,4,Normal
2026-02-16 18:23:48.224908,Seoul-e287,-18,83,Normal
2026-02-16 18:23:49.224908,Seoul-e287,-1,16,Normal
2026-02-16 18:23:50.224908,Seoul-e287,38,11,Normal
2026-02-16 18:23:51.224908,Seoul-e287,8,35,Normal
2026-02-16 18:23:52.224908,Seoul-e287,27,64,Normal
2026-02-16 18:23:53.224908,Seoul-e287,7,51,Normal
2026-02-16 18:23:54.224908,Seoul-e287,-30,15,Normal
2026-02-16 18:23:55.224908,Seoul-e287,-15,89,Normal
2026-02-16 18:23:56.224908,Seoul-e287,25,73,Normal
2026-02-16 18:23:57.224908,Seoul-e287,2,22,Normal
2026-02-16 18:23:58.224908,Seoul-e287,10,42,Normal
2026-02-16 18:23:59.224908,Seoul-e287,-7,87,Normal
2026-02-16 18:24:00.224908,Seoul-e287,20,36,Normal
2026-02-16 18:24:01.224908,Seoul-e287,-5,74,Normal
2026-02-16 18:24:02.224908,Seoul-e287,9,79,Normal
2026-02-16 18:24:03.224908,Seoul-e287,28,58,Normal
2026-02-16 18:24:04.224908,Seoul-e287,-30,95,Normal
2026-02-16 18:24:05.224908,Seoul-e287,-19,64,Normal
2026-02-16 18:24:06.224908,Seoul-e287,-20,82,Normal
2026-02-16 18:24:07.224908,Seoul-e287,10,26,Normal
2026-02-16 18:24:08.224908,Seoul-e287,-20,61,Normal
2026-02-16 18:24:09.224908,Seoul-e287,29,25,Normal
2026-02-16 18:24:10.224908,Seoul-e287,3,31,Normal
2026-02-16 18:24:11.224908,Seoul-e287,13,91,Normal
2026-02-16 18:24:12.224908,Seoul-e287,-28,50,Normal
2026-02-16 18:24:13.224908,Seoul-e287,23,54,Normal
2026-02-16 18:24:14.224908,Seoul-e287,47,79,Normal
2026-02-16 18:24:15.224908,Seoul-e287,35,78,Normal
2026-02-16 18:24:16.224908,Seoul-e287,-16,79,Normal
2026-02-16 18:24:17.224908,Seoul-e287,35,15,Normal
2026-02-16 18:24:18.224908,Seoul-e287,24,70,Normal
2026-02-16 18:24:19.224908,Seoul-e287,1,6,Normal
2026-02-16 18:24:20.224908,Seoul-e287,-2,7,Normal
2026-02-16 18:24:21.224908,Seoul-e287,-25,62,Normal
2026-02-16 18:24:22.224908,Seoul-e287,29,22,Normal
2026-02-16 18:24:23.224908,Seoul-e287,-19,10,Normal
2026-02-16 18:24:24.224908,Seoul-e287,-6,49,Normal
2026-02-16 18:24:25.224908,Seoul-e287,42,79,Normal
2026-02-16 18:24:26.224908,Seoul-e287,23,96,Normal
2026-02-16 18:24:27.224908,Seoul-e287,45,70,Normal
2026-02-16 18:24:28.224908,Seoul-e287,-25,23,Normal
2026-02-16 18:24:29.224908,Seoul-e287,27,73,Normal
2026-02-16 18:24:30.224908,Seoul-e287,-16,89,Normal
2026-02-16 18:24:31.224908,Seoul-e287,-1,47,Normal
2026-02-16 18:24:32.224908,Seoul-e287,35,36,Normal
2026-02-16 18:24:33.224908,Seoul-e287,12,41,Normal
2026-02-16 18:24:34.224908,Seoul-e287,7,68,Normal
2026-02-16 18:24:35.224908,Seoul-e287,46,79,Normal
2026-02-16 18:24:36.224908,Seoul-e287,-25,48,Normal
2026-02-16 18:24:37.224908,Seoul-e287,41,16,Normal
2026-02-16 18:24:38.224908,Seoul-e287,7,16,Normal
2026-02-16 18:24:39.224908,Seoul-e287,2,60,Normal
2026-02-16 18:24:40.224908,Seoul-e287,32,43,Normal
2026-02-16 18:24:41.224908,Seoul-e287,-20,83,Normal
2026-02-16 18:24:42.224908,Seoul-e287,42,73,Normal
2026-02-16 18:24:43.224908,Seoul-e287,-30,11,Normal
2026-02-16 18:24:44.224908,Seoul-e287,2,1,Normal
2026-02-16 18:24:45.224908,Seoul-e287,42,21,Normal
2026-02-16 18:24:46.224908,Seoul-e287,-18,17,Normal
2026-02-16 18:24:47.224908,Seoul-e287,0,22,Normal
2026-02-16 18:24:48.224908,Seoul-e287,-15,62,Normal
2026-02-16 18:24:49.224908,Seoul-e287,14,15,Normal
2026-02-16 18:24:50.224908,Seoul-e287,4,44,Normal
2026-02-16 18:24:51.224908,Seoul-e287,-28,38,Normal
2026-02-16 18:24:52.224908,Seoul-e287,16,4,Normal
2026-02-16 18:24:53.224908,Seoul-e287,-14,32,Normal
2026-02-16 18:24:54.224908,Seoul-e287,-1,93,Normal
2026-02-16 18:24:55.224908,Seoul-e287,42,30,Normal
2026-02-16 18:24:56.224908,Seoul-e287,-7,2,Normal
2026-02-16 18:24:57.224908,Seoul-e287,-1,59,Normal
2026-02-16 18:24:58.224908,Seoul-e287,19,25,Normal
2026-02-16 18:24:59.224908,Seoul-e287,-9,78,Normal
2026-02-16 18:25:00.224908,Seoul-e287,23,6,Normal
2026-02-16 18:25:01.224908,Seoul-e287,10,27,Normal
2026-02-16 18:25:02.224908,Seoul-e287,-5,96,Normal
2026-02-16 18:25:03.224908,Seoul-e287,-7,12,Normal
2026-02-16 18:25:04.224908,Seoul-e287,2,37,Normal
2026-02-16 18:25:05.224908,Seoul-e287,-18,50,Normal
2026-02-16 18:25:06.224908,Seoul-e287,-28,10,Normal
2026-02-16 18:25:07.224908,Seoul-e287,9,13,Normal
2026-02-16 18:25:08.224908,Seoul-e287,-1,81,Normal
2026-02-16 18:25:09.224908,Seoul-e287,11,91,Normal
2026-02-16 18:25:10.224908,Seoul-e287,23,37,Normal
2026-02-16 18:25:11.224908,Seoul-e287,-22,27,Normal
2026-02-16 18:25:12.224908,Seoul-e287,37,82,Normal
2026-02-16 18:25:13.224908,Seoul-e287,22,18,Normal
2026-02-16 18:25:14.224908,Seoul-e287,10,20,Normal
2026-02-16 18:25:15.224908,Seoul-e287,8,39,Normal
2026-02-16 18:25:16.224908,Seoul-e287,48,30,Normal
2026-02-16 18:25:17.224908,Seoul-e287,-16,47,Normal
2026-02-16 18:25:18.224908,Seoul-e287,16,18,Normal
2026-02-16 18:25:19.224908,Seoul-e287,-26,23,Normal
2026-02-16 18:25:20.224908,Seoul-e287,-9,49,Normal
2026-02-16 18:25:21.224908,Seoul-e287,-30,18,Normal
2026-02-16 18:25:22.224908,Seoul-e287,13,31,Normal
2026-02-16 18:25:23.224908,Seoul-e287,-6,97,Normal
2026-02-16 18:25:24.224908,Seoul-e287,-17,16,Normal
2026-02-16 18:25:25.224908,Seoul-e287,6,12,Normal
2026-02-16 18:25:26.224908,Seoul-e287,48,8,Normal
2026-02-16 18:25:27.224908,Seoul-e287,16,9,Normal
2026-02-16 18:25:28.224908,Seoul-e287,9,71,Normal
2026-02-16 18:25:29.224908,Seoul-e287,29,79,Normal
2026-02-16 18:25:30.224908,Seoul-e287,-2,14,Normal
2026-02-16 18:25:31.224908,Seoul-e287,23,44,Normal
2026-02-16 18:25:32.224908,Seoul-e287,47,40,Normal
2026-02-16 18:25:33.224908,Seoul-e287,3,74,Normal
2026-02-16 18:25:34.224908,Seoul-e287,41,13,Normal
2026-02-16 18:25:35.224908,Seoul-e287,-18,90,Normal
2026-02-16 18:25:36.224908,Seoul-e287,2,57,Normal
2026-02-16 18:25:37.224908,Seoul-e287,-23,43,Normal
2026-02-16 18:25:38.224908,Seoul-e287,45,34,Normal
2026-02-16 18:25:39.224908,Seoul-e287,27,98,Normal
2026-02-16 18:25:40.224908,Seoul-e287,-29,64,Normal
2026-02-16 18:25:41.224908,Seoul-e287,36,62,Normal
2026-02-16 18:25:42.224908,Seoul-e287,31,0,Normal
2026-02-16 18:25:43.224908,Seoul-e287,9,13,Normal
2026-02-16 18:25:44.224908,Seoul-e287,-15,82,Normal
2026-02-16 18:25:45.224908,Seoul-e287,41,9,Normal
2026-02-16 18:25:46.224908,Seoul-e287,10,69,Normal
2026-02-16 18:25:47.224908,Seoul-e287,-12,0,Normal
2026-02-16 18:25:48.224908,Seoul-e287,9,93,Normal
2026-02-16 18:25:49.224908,Seoul-e287,3,70,Normal
2026-02-16 18:25:50.224908,Seoul-e287,-17,49,Normal
2026-02-16 18:25:51.224908,Seoul-e287,36,27,Normal
2026-02-16 18:25:52.224908,Seoul-e287,20,38,Normal
2026-02-16 18:25:53.224908,Seoul-e287,-12,97,Normal
2026-02-16 18:25:54.224908,Seoul-e287,38,4,Normal
2026-02-16 18:25:55.224908,Seoul-e287,-29,23,Normal
2026-02-16 18:25:56.224908,Seoul-e287,-17,22,Normal
2026-02-16 18:25:57.224908,Seoul-e287,-25,46,Normal
2026-02-16 18:25:58.224908,Seoul-e287,48,67,Normal
2026-02-16 18:25:59.224908,Seoul-e287,10,95,Normal
2026-02-16 18:26:00.224908,Seoul-e287,24,57,Normal
2026-02-16 18:26:01.224908,Seoul-e287,2,8,Normal
2026-02-16 18:26:02.224908,Seoul-e287,39,17,Normal
2026-02-16 18:26:03.224908,Seoul-e287,-19,66,Normal
2026-02-16 18:26:04.224908,Seoul-e287,-2,11,Normal
2026-02-16 18:26:05.224908,Seoul-e287,10,25,Normal
2026-02-16 18:26:06.224908,Seoul-e287,20,0,Normal
2026-02-16 18:26:07.224908,Seoul-e287,15,31,Normal
2026-02-16 18:26:08.224908,Seoul-e287,35,82,Normal
2026-02-16 18:26:09.224908,Seoul-e287,-28,69,Normal
2026-02-16 18:26:10.224908,Seoul-e287,15,38,Normal
2026-02-16 18:26:11.224908,Seoul-e287,-15,81,Normal
2026-02-16 18:26:12.224908,Seoul-e287,24,26,Normal
2026-02-16 18:26:13.224908,Seoul-e287,-24,4,Normal
2026-02-16 18:26:14.224908,Seoul-e287,40,96,Normal
2026-02-16 18:26:15.224908,Seoul-e287,25,74,Normal
2026-02-16 18:26:16.224908,Seoul-e287,-11,69,Normal
2026-02-16 18:26:17.224908,Seoul-e287,1,44,Normal
2026-02-16 18:26:18.224908,Seoul-e287,40,0,Normal
2026-02-16 18:26:19.224908,Seoul-e287,11,14,Normal
2026-02-16 18:26:20.224908,Seoul-e287,21,80,Normal
2026-02-16 18:26:21.224908,Seoul-e287,-13,25,Normal
2026-02-16 18:26:22.224908,Seoul-e287,26,62,Normal
2026-02-16 18:26:23.224908,Seoul-e287,27,49,Normal
2026-02-16 18:26:24.224908,Seoul-e287,44,52,Normal
2026-02-16 18:26:25.224908,Seoul-e287,-21,67,Normal
2026-02-16 18:26:26.224908,Seoul-e287,35,61,Normal
2026-02-16 18:26:27.224908,Seoul-e287,40,18,Normal
2026-02-16 18:26:28.224908,Seoul-e287,46,24,Normal
2026-02-16 18:26:29.224908,Seoul-e287,3,15,Normal
2026-02-16 18:26:30.224908,Seoul-e287,-29,96,Normal
2026-02-16 18:26:31.224908,Seoul-e287,-21,97,Normal
2026-02-16 18:26:32.224908,Seoul-e287,21,90,Normal
2026-02-16 18:26:33.224908,Seoul-e287,21,59,Normal
2026-02-16 18:26:34.224908,Seoul-e287,27,9,Normal
2026-02-16 18:26:35.224908,Seoul-e287,39,17,Normal
2026-02-16 18:26:36.224908,Seoul-e287,44,84,Normal
2026-02-16 18:26:37.224908,Seoul-e287,-28,59,Normal
2026-02-16 18:26:38.224908,Seoul-e287,3,68,Normal
2026-02-16 18:26:39.224908,Seoul-e287,12,5,Normal
2026-02-16 18:26:40.224908,Seoul-e287,38,72,Normal
2026-02-16 18:26:41.224908,Seoul-e287,0,13,Normal
2026-02-16 18:26:42.224908,Seoul-e287,29,64,Normal
2026-02-16 18:26:43.224908,Seoul-e287,10,90,Normal
2026-02-16 18:26:44.224908,Seoul-e287,-19,15,Normal
2026-02-16 18:26:45.224908,Seoul-e287,30,60,Normal
2026-02-16 18:26:46.224908,Seoul-e287,1,87,Normal
2026-02-16 18:26:47.224908,Seoul-e287,1,9,Normal
2026-02-16 18:26:48.224908,Seoul-e287,-2,82,Normal
2026-02-16 18:26:49.224908,Seoul-e287,8,24,Normal
2026-02-16 18:26:50.224908,Seoul-e287,-23,56,Normal
2026-02-16 18:26:51.224908,Seoul-e287,-1,16,Normal
2026-02-16 18:26:52.224908,Seoul-e287,-25,89,Normal
2026-02-16 18:26:53.224908,Seoul-e287,41,47,Normal
2026-02-16 18:26:54.224908,Seoul-e287,8,48,Normal
2026-02-16 18:26:55.224908,Seoul-e287,-6,10,Normal
2026-02-16 18:26:56.224908,Seoul-e287,14,25,Normal
2026-02-16 18:26:57.224908,Seoul-e287,0,1,Normal
2026-02-16 18:26:58.224908,Seoul-e287,-22,12,Normal
2026-02-16 18:26:59.224908,Seoul-e287,-11,71,Normal
2026-02-16 18:27:00.224908,Seoul-e287,20,98,Normal
2026-02-16 18:27:01.224908,Seoul-e287,49,84,Normal
2026-02-16 18:27:02.224908,Seoul-e287,10,27,Normal
2026-02-16 18:27:03.224908,Seoul-e287,12,38,Normal
2026-02-16 18:27:04.224908,Seoul-e287,45,35,Normal
2026-02-16 18:27:05.224908,Seoul-e287,-9,37,Normal
2026-02-16 18:27:06.224908,Seoul-e287,-6,24,Normal
2026-02-16 18:27:07.224908,Seoul-e287,-4,80,Normal
2026-02-16 18:27:08.224908,Seoul-e287,37,21,Normal
2026-02-16 18:27:09.224908,Seoul-e287,42,42,Normal
2026-02-16 18:27:10.224908,Seoul-e287,12,84,Normal
2026-02-16 18:27:11.224908,Seoul-e287,-17,0,Normal
2026-02-16 18:27:12.224908,Seoul-e287,18,59,Normal
2026-02-16 18:27:13.224908,Seoul-e287,-17,23,Normal
2026-02-16 18:27:14.224908,Seoul-e287,47,100,Normal
2026-02-16 18:27:15.224908,Seoul-e287,8,13,Normal
2026-02-16 18:27:16.224908,Seoul-e287,-12,48,Normal
2026-02-16 18:27:17.224908,Seoul-e287,-10,77,Normal
2026-02-16 18:27:18.224908,Seoul-e287,5,13,Normal
2026-02-16 18:27:19.224908,Seoul-e287,32,48,Normal
2026-02-16 18:27:20.224908,Seoul-e287,-3,96,Normal
2026-02-16 18:27:21.224908,Seoul-e287,31,82,Normal
2026-02-16 18:27:22.224908,Seoul-e287,-2,58,Normal
2026-02-16 18:27:23.224908,Seoul-e287,47,16,Normal
2026-02-16 18:27:24.224908,Seoul-e287,-26,72,Normal
2026-02-16 18:27:25.224908,Seoul-e287,-22,47,Normal
2026-02-16 18:27:26.224908,Seoul-e287,-14,23,Normal
2026-02-16 18:27:27.224908,Seoul-e287,-20,0,Normal
2026-02-16 18:27:28.224908,Seoul-e287,-23,65,Normal
2026-02-16 18:27:29.224908,Seoul-e287,9,48,Normal
2026-02-16 18:27:30.224908,Seoul-e287,33,53,Normal
2026-02-16 18:27:31.224908,Seoul-e287,-3,99,Normal
2026-02-16 18:27:32.224908,Seoul-e287,28,96,Normal
2026-02-16 18:27:33.224908,Seoul-e287,42,17,Normal
2026-02-16 18:27:34.224908,Seoul-e287,-8,46,Normal
2026-02-16 18:27:35.224908,Seoul-e287,29,44,Normal
2026-02-16 18:27:36.224908,Seoul-e287,-7,13,Normal
2026-02-16 18:27:37.224908,Seoul-e287,30,36,Normal
2026-02-16 18:27:38.224908,Seoul-e287,39,5,Normal
2026-02-16 18:27:39.224908,Seoul-e287,-3,27,Normal
2026-02-16 18:27:40.224908,Seoul-e287,32,86,Normal
2026-02-16 18:27:41.224908,Seoul-e287,-17,0,Normal
2026-02-16 18:27:42.224908,Seoul-e287,-28,91,Normal
2026-02-16 18:27:43.224908,Seoul-e287,24,24,Normal
2026-02-16 18:27:44.224908,Seoul-e287,38,53,Normal
2026-02-16 18:27:45.224908,Seoul-e287,-13,73,Normal
2026-02-16 18:27:46.224908,Seoul-e287,0,28,Normal
2026-02-16 18:27:47.224908,Seoul-e287,12,46,Normal
2026-02-16 18:27:48.224908,Seoul-e287,-8,94,Normal
2026-02-16 18:27:49.224908,Seoul-e287,42,44,Normal
2026-02-16 18:27:50.224908,Seoul-e287,26,34,Normal
2026-02-16 18:27:51.224908,Seoul-e287,20,84,Normal
2026-02-16 18:27:52.224908,Seoul-e287,17,89,Normal
2026-02-16 18:27:53.224908,Seoul-e287,15,94,Normal
2026-02-16 18:27:54.224908,Seoul-e287,32,91,Normal
2026-02-16 18:27:55.224908,Seoul-e287,5,94,Normal
2026-02-16 18:27:56.224908,Seoul-e287,-6,95,Normal
2026-02-16 18:27:57.224908,Seoul-e287,48,36,Normal
2026-02-16 18:27:58.224908,Seoul-e287,44,8,Normal
2026-02-16 18:27:59.224908,Seoul-e287,21,39,Normal
2026-02-16 18:28:00.224908,Seoul-e287,28,88,Normal
2026-02-16 18:28:01.224908,Seoul-e287,46,96,Normal
2026-02-16 18:28:02.224908,Seoul-e287,8,82,Normal
2026-02-16 18:28:03.224908,Seoul-e287,-9,90,Normal
2026-02-16 18:28:04.224908,Seoul-e287,45,40,Normal
2026-02-16 18:28:05.224908,Seoul-e287,33,65,Normal
2026-02-16 18:28:06.224908,Seoul-e287,-8,64,Normal
2026-02-16 18:28:07.224908,Seoul-e287,50,69,Normal
2026-02-16 18:28:08.224908,Seoul-e287,3,0,Normal
2026-02-16 18:28:09.224908,Seoul-e287,48,79,Normal
2026-02-16 18:28:10.224908,Seoul-e287,-5,36,Normal
2026-02-16 18:28:11.224908,Seoul-e287,41,84,Normal
2026-02-16 18:28:12.224908,Seoul-e287,44,22,Normal
2026-02-16 18:28:13.224908,Seoul-e287,-20,59,Normal
2026-02-16 18:28:14.224908,Seoul-e287,31,55,Normal
2026-02-16 18:28:15.224908,Seoul-e287,16,4,Normal
2026-02-16 18:28:16.224908,Seoul-e287,0,39,Normal
2026-02-16 18:28:17.224908,Seoul-e287,22,73,Normal
2026-02-16 18:28:18.224908,Seoul-e287,31,18,Normal
2026-02-16 18:28:19.224908,Seoul-e287,8,81,Normal
2026-02-16 18:28:20.224908,Seoul-e287,7,17,Normal
2026-02-16 18:28:21.224908,Seoul-e287,-2,94,Normal
2026-02-16 18:28:22.224908,Seoul-e287,31,4,Normal
2026-02-16 18:28:23.224908,Seoul-e287,9,16,Normal
2026-02-16 18:28:24.224908,Seoul-e287,-6,24,Normal
2026-02-16 18:28:25.224908,Seoul-e287,41,96,Normal
2026-02-16 18:28:26.224908,Seoul-e287,43,36,Normal
2026-02-16 18:28:27.224908,Seoul-e287,-2,68,Normal
2026-02-16 18:28:28.224908,Seoul-e287,-9,85,Normal
2026-02-16 18:28:29.224908,Seoul-e287,47,35,Normal
2026-02-16 18:28:30.224908,Seoul-e287,34,42,Normal
2026-02-16 18:28:31.224908,Seoul-e287,-25,8,Normal
2026-02-16 18:28:32.224908,Seoul-e287,-24,78,Normal
2026-02-16 18:28:33.224908,Seoul-e287,-20,14,Normal
2026-02-16 18:28:34.224908,Seoul-e287,13,70,Normal
2026-02-16 18:28:35.224908,Seoul-e287,-15,94,Normal
2026-02-16 18:28:36.224908,Seoul-e287,9,55,Normal
2026-02-16 18:28:37.224908,Seoul-e287,32,26,Normal
2026-02-16 18:28:38.224908,Seoul-e287,3,100,Normal
2026-02-16 18:28:39.224908,Seoul-e287,46,88,Normal
2026-02-16 18:28:40.224908,Seoul-e287,-14,39,Normal
2026-02-16 18:28:41.224908,Seoul-e287,-10,40,Normal
2026-02-16 18:28:42.224908,Seoul-e287,-14,36,Normal
2026-02-16 18:28:43.224908,Seoul-e287,46,29,Normal
2026-02-16 18:28:44.224908,Seoul-e287,-20,59,Normal
2026-02-16 18:28:45.224908,Seoul-e287,-14,100,Normal
2026-02-16 18:28:46.224908,Seoul-e287,19,29,Normal
2026-02-16 18:28:47.224908,Seoul-e287,-1,14,Normal
2026-02-16 18:28:48.224908,Seoul-e287,-19,31,Normal
2026-02-16 18:28:49.224908,Seoul-e287,-1,64,Normal
2026-02-16 18:28:50.224908,Seoul-e287,34,99,Normal
2026-02-16 18:28:51.224908,Seoul-e287,-10,86,Normal
2026-02-16 18:28:52.224908,Seoul-e287,-25,78,Normal
2026-02-16 18:28:53.224908,Seoul-e287,11,96,Normal
2026-02-16 18:28:54.224908,Seoul-e287,-25,2,Normal
2026-02-16 18:28:55.224908,Seoul-e287,-26,59,Normal
2026-02-16 18:28:56.224908,Seoul-e287,-8,8,Normal
2026-02-16 18:28:57.224908,Seoul-e287,-23,27,Normal
2026-02-16 18:28:58.224908,Seoul-e287,-12,14,Normal
2026-02-16 18:28:59.224908,Seoul-e287,-10,12,Normal
2026-02-16 18:29:00.224908,Seoul-e287,9,53,Normal
2026-02-16 18:29:01.224908,Seoul-e287,14,47,Normal
2026-02-16 18:29:02.224908,Seoul-e287,50,38,Normal
2026-02-16 18:29:03.224908,Seoul-e287,-21,61,Normal
2026-02-16 18:29:04.224908,Seoul-e287,5,25,Normal
2026-02-16 18:29:05.224908,Seoul-e287,-23,64,Normal
2026-02-16 18:29:06.224908,Seoul-e287,49,65,Normal
2026-02-16 18:29:07.224908,Seoul-e287,48,0,Normal
2026-02-16 18:29:08.224908,Seoul-e287,-23,17,Normal
2026-02-16 18:29:09.224908,Seoul-e287,-24,72,Normal
2026-02-16 18:29:10.224908,Seoul-e287,43,46,Normal
2026-02-16 18:29:11.224908,Seoul-e287,23,98,Normal
2026-02-16 18:29:12.224908,Seoul-e287,10,30,Normal
2026-02-16 18:29:13.224908,Seoul-e287,46,62,Normal
2026-02-16 18:29:14.224908,Seoul-e287,-21,93,Normal
2026-02-16 18:29:15.224908,Seoul-e287,0,79,Normal
2026-02-16 18:29:16.224908,Seoul-e287,1,19,Normal
2026-02-16 18:29:17.224908,Seoul-e287,22,98,Normal
2026-02-16 18:29:18.224908,Seoul-e287,48,73,Normal
2026-02-16 18:29:19.224908,Seoul-e287,23,80,Normal
2026-02-16 18:29:20.224908,Seoul-e287,2,15,Normal
2026-02-16 18:29:21.224908,Seoul-e287,-14,11,Normal
2026-02-16 18:29:22.224908,Seoul-e287,-24,95,Normal
2026-02-16 18:29:23.224908,Seoul-e287,24,25,Normal
2026-02-16 18:29:24.224908,Seoul-e287,-5,23,Normal
2026-02-16 18:29:25.224908,Seoul-e287,-2,36,Normal
2026-02-16 18:29:26.224908,Seoul-e287,-11,92,Normal
2026-02-16 18:29:27.224908,Seoul-e287,-7,15,Normal
2026-02-16 18:29:28.224908,Seoul-e287,10,51,Normal
2026-02-16 18:29:29.224908,Seoul-e287,-2,93,Normal
2026-02-16 18:29:30.224908,Seoul-e287,-12,16,Normal
2026-02-16 18:29:31.224908,Seoul-e287,10,3,Normal
2026-02-16 18:29:32.224908,Seoul-e287,30,88,Normal
2026-02-16 18:29:33.224908,Seoul-e287,32,98,Normal
2026-02-16 18:29:34.224908,Seoul-e287,-25,6,Normal
2026-02-16 18:29:35.224908,Seoul-e287,26,37,Normal
2026-02-16 18:29:36.224908,Seoul-e287,-11,15,Normal
2026-02-16 18:29:37.224908,Seoul-e287,13,54,Normal
2026-02-16 18:29:38.224908,Seoul-e287,34,46,Normal
2026-02-16 18:29:39.224908,Seoul-e287,-6,62,Normal
2026-02-16 18:29:40.224908,Seoul-e287,-17,61,Normal
2026-02-16 18:29:41.224908,Seoul-e287,16,46,Normal
2026-02-16 18:29:42.224908,Seoul-e287,-26,7,Normal
2026-02-16 18:29:43.224908,Seoul-e287,-6,100,Normal
2026-02-16 18:29:44.224908,Seoul-e287,27,82,Normal
2026-02-16 18:29:45.224908,Seoul-e287,0,20,Normal
2026-02-16 18:29:46.224908,Seoul-e287,18,12,Normal
2026-02-16 18:29:47.224908,Seoul-e287,-5,41,Normal
2026-02-16 18:29:48.224908,Seoul-e287,-30,1,Normal
2026-02-16 18:29:49.224908,Seoul-e287,-3,4,Normal
2026-02-16 18:29:50.224908,Seoul-e287,-11,37,Normal
2026-02-16 18:29:51.224908,Seoul-e287,20,12,Normal
2026-02-16 18:29:52.224908,Seoul-e287,48,91,Normal
2026-02-16 18:29:53.224908,Seoul-e287,2,24,Normal
2026-02-16 18:29:54.224908,Seoul-e287,9,20,Normal
2026-02-16 18:29:55.224908,Seoul-e287,21,33,Normal
2026-02-16 18:29:56.224908,Seoul-e287,-3,16,Normal
2026-02-16 18:29:57.224908,Seoul-e287,-2,99,Normal
2026-02-16 18:29:58.224908,Seoul-e287,-6,96,Normal
2026-02-16 18:29:59.224908,Seoul-e287,43,73,Normal
2026-02-16 18:30:00.224908,Seoul-e287,1,96,Normal
2026-02-16 18:30:01.224908,Seoul-e287,32,18,Normal
2026-02-16 18:30:02.224908,Seoul-e287,25,22,Normal
2026-02-16 18:30:03.224908,Seoul-e287,-19,100,Normal
2026-02-16 18:30:04.224908,Seoul-e287,-13,13,Normal
2026-02-16 18:30:05.224908,Seoul-e287,-28,63,Normal
2026-02-16 18:30:06.224908,Seoul-e287,45,64,Normal
2026-02-16 18:30:07.224908,Seoul-e287,27,21,Normal
2026-02-16 18:30:08.224908,Seoul-e287,28,67,Normal
2026-02-16 18:30:09.224908,Seoul-e287,14,68,Normal
2026-02-16 18:30:10.224908,Seoul-e287,48,30,Normal
2026-02-16 18:30:11.224908,Seoul-e287,17,83,Normal
2026-02-16 18:30:12.224908,Seoul-e287,21,69,Normal
2026-02-16 18:30:13.224908,Seoul-e287,44,64,Normal
2026-02-16 18:30:14.224908,Seoul-e287,-9,26,Normal
2026-02-16 18:30:15.224908,Seoul-e287,-5,100,Normal
2026-02-16 18:30:16.224908,Seoul-e287,-18,88,Normal
2026-02-16 18:30:17.224908,Seoul-e287,38,42,Normal
2026-02-16 18:30:18.224908,Seoul-e287,40,22,Normal
2026-02-16 18:30:19.224908,Seoul-e287,-24,23,Normal
2026-02-16 18:30:20.224908,Seoul-e287,42,98,Normal
2026-02-16 18:30:21.224908,Seoul-e287,-6,40,Normal
2026-02-16 18:30:22.224908,Seoul-e287,16,44,Normal
2026-02-16 18:30:23.224908,Seoul-e287,25,85,Normal
2026-02-16 18:30:24.224908,Seoul-e287,28,31,Normal
2026-02-16 18:30:25.224908,Seoul-e287,42,35,Normal
2026-02-16 18:30:26.224908,Seoul-e287,48,32,Normal
2026-02-16 18:30:27.224908,Seoul-e287,40,78,Normal
2026-02-16 18:30:28.224908,Seoul-e287,36,83,Normal
2026-02-16 18:30:29.224908,Seoul-e287,34,8,Normal
2026-02-16 18:30:30.224908,Seoul-e287,-30,33,Normal
2026-02-16 18:30:31.224908,Seoul-e287,-24,30,Normal
2026-02-16 18:30:32.224908,Seoul-e287,-18,4,Normal
2026-02-16 18:30:33.224908,Seoul-e287,-23,8,Normal
2026-02-16 18:30:34.224908,Seoul-e287,35,42,Normal
2026-02-16 18:30:35.224908,Seoul-e287,33,64,Normal
2026-02-16 18:30:36.224908,Seoul-e287,22,12,Normal
2026-02-16 18:30:37.224908,Seoul-e287,-21,40,Normal
2026-02-16 18:30:38.224908,Seoul-e287,37,36,Normal
2026-02-16 18:30:39.224908,Seoul-e287,23,100,Normal
2026-02-16 18:30:40.224908,Seoul-e287,-28,43,Normal
2026-02-16 18:30:41.224908,Seoul-e287,-21,16,Normal
2026-02-16 18:30:42.224908,Seoul-e287,22,80,Normal
2026-02-16 18:30:43.224908,Seoul-e287,-22,14,Normal
2026-02-16 18:30:44.224908,Seoul-e287,45,67,Normal
2026-02-16 18:30:45.224908,Seoul-e287,44,41,Normal
2026-02-16 18:30:46.224908,Seoul-e287,-19,80,Normal
2026-02-16 18:30:47.224908,Seoul-e287,8,31,Normal
2026-02-16 18:30:48.224908,Seoul-e287,40,13,Normal
2026-02-16 18:30:49.224908,Seoul-e287,-26,87,Normal
2026-02-16 18:30:50.224908,Seoul-e287,18,92,Normal
2026-02-16 18:30:51.224908,Seoul-e287,-6,80,Normal
2026-02-16 18:30:52.224908,Seoul-e287,7,49,Normal
2026-02-16 18:30:53.224908,Seoul-e287,26,73,Normal
2026-02-16 18:30:54.224908,Seoul-e287,1,44,Normal
2026-02-16 18:30:55.224908,Seoul-e287,50,25,Normal
2026-02-16 18:30:56.224908,Seoul-e287,31,51,Normal
2026-02-16 18:30:57.224908,Seoul-e287,18,35,Normal
2026-02-16 18:30:58.224908,Seoul-e287,33,1,Normal
2026-02-16 18:30:59.224908,Seoul-e287,22,70,Normal
2026-02-16 18:31:00.224908,Seoul-e287,2,35,Normal
2026-02-16 18:31:01.224908,Seoul-e287,-22,85,Normal
2026-02-16 18:31:02.224908,Seoul-e287,34,37,Normal
2026-02-16 18:31:03.224908,Seoul-e287,26,17,Normal
2026-02-16 18:31:04.224908,Seoul-e287,42,85,Normal
2026-02-16 18:31:05.224908,Seoul-e287,30,78,Normal
2026-02-16 18:31:06.224908,Seoul-e287,-28,57,Normal
2026-02-16 18:31:07.224908,Seoul-e287,1,86,Normal
2026-02-16 18:31:08.224908,Seoul-e287,1,64,Normal
2026-02-16 18:31:09.224908,Seoul-e287,-3,97,Normal
2026-02-16 18:31:10.224908,Seoul-e287,40,17,Normal
2026-02-16 18:31:11.224908,Seoul-e287,46,97,Normal
2026-02-16 18:31:12.224908,Seoul-e287,-18,10,Normal
2026-02-16 18:31:13.224908,Seoul-e287,10,26,Normal
2026-02-16 18:31:14.224908,Seoul-e287,-24,32,Normal
2026-02-16 18:31:15.224908,Seoul-e287,28,27,Normal
2026-02-16 18:31:16.224908,Seoul-e287,-1,74,Normal
2026-02-16 18:31:17.224908,Seoul-e287,27,2,Normal
2026-02-16 18:31:18.224908,Seoul-e287,43,43,Normal
2026-02-16 18:31:19.224908,Seoul-e287,-22,18,Normal
2026-02-16 18:31:20.224908,Seoul-e287,-4,75,Normal
2026-02-16 18:31:21.224908,Seoul-e287,9,77,Normal
2026-02-16 18:31:22.224908,Seoul-e287,22,79,Normal
2026-02-16 18:31:23.224908,Seoul-e287,27,44,Normal
2026-02-16 18:31:24.224908,Seoul-e287,30,83,Normal
2026-02-16 18:31:25.224908,Seoul-e287,48,41,Normal
2026-02-16 18:31:26.224908,Seoul-e287,-26,26,Normal
2026-02-16 18:31:27.224908,Seoul-e287,31,15,Normal
2026-02-16 18:31:28.224908,Seoul-e287,5,82,Normal
2026-02-16 18:31:29.224908,Seoul-e287,27,17,Normal
2026-02-16 18:31:30.224908,Seoul-e287,30,36,Normal
2026-02-16 18:31:31.224908,Seoul-e287,22,66,Normal
2026-02-16 18:31:32.224908,Seoul-e287,49,74,Normal
2026-02-16 18:31:33.224908,Seoul-e287,37,24,Normal
2026-02-16 18:31:34.224908,Seoul-e287,17,36,Normal
2026-02-16 18:31:35.224908,Seoul-e287,8,84,Normal
2026-02-16 18:31:36.224908,Seoul-e287,23,84,Normal
2026-02-16 18:31:37.224908,Seoul-e287,4,43,Normal
2026-02-16 18:31:38.224908,Seoul-e287,22,70,Normal
2026-02-16 18:31:39.224908,Seoul-e287,30,23,Normal
2026-02-16 18:31:40.224908,Seoul-e287,-24,33,Normal
2026-02-16 18:31:41.224908,Seoul-e287,42,0,Normal
2026-02-16 18:31:42.224908,Seoul-e287,26,98,Normal
2026-02-16 18:31:43.224908,Seoul-e287,37,36,Normal
2026-02-16 18:31:44.224908,Seoul-e287,1,95,Normal
2026-02-16 18:31:45.224908,Seoul-e287,-7,48,Normal
2026-02-16 18:31:46.224908,Seoul-e287,6,54,Normal
2026-02-16 18:31:47.224908,Seoul-e287,50,8,Normal
2026-02-16 18:31:48.224908,Seoul-e287,28,61,Normal
2026-02-16 18:31:49.224908,Seoul-e287,3,88,Normal
2026-02-16 18:31:50.224908,Seoul-e287,34,11,Normal
2026-02-16 18:31:51.224908,Seoul-e287,16,55,Normal
2026-02-16 18:31:52.224908,Seoul-e287,34,75,Normal
2026-02-16 18:31:53.224908,Seoul-e287,30,30,Normal
2026-02-16 18:31:54.224908,Seoul-e287,26,34,Normal
2026-02-16 18:31:55.224908,Seoul-e287,-24,0,Normal
2026-02-16 18:31:56.224908,Seoul-e287,-13,12,Normal
2026-02-16 18:31:57.224908,Seoul-e287,50,13,Normal
2026-02-16 18:31:58.224908,Seoul-e287,-24,8,Normal
2026-02-16 18:31:59.224908,Seoul-e287,6,8,Normal
2026-02-16 18:32:00.224908,Seoul-e287,9,12,Normal
2026-02-16 18:32:01.224908,Seoul-e287,21,19,Normal
2026-02-16 18:32:02.224908,Seoul-e287,45,72,Normal
2026-02-16 18:32:03.224908,Seoul-e287,-13,14,Normal
2026-02-16 18:32:04.224908,Seoul-e287,33,96,Normal
2026-02-16 18:32:05.224908,Seoul-e287,24,0,Normal
2026-02-16 18:32:06.224908,Seoul-e287,25,4,Normal
2026-02-16 18:32:07.224908,Seoul-e287,23,97,Normal
2026-02-16 18:32:08.224908,Seoul-e287,-6,72,Normal
2026-02-16 18:32:09.224908,Seoul-e287,45,36,Normal
2026-02-16 18:32:10.224908,Seoul-e287,43,13,Normal
2026-02-16 18:32:11.224908,Seoul-e287,46,30,Normal
2026-02-16 18:32:12.224908,Seoul-e287,39,71,Normal
2026-02-16 18:32:13.224908,Seoul-e287,-2,34,Normal
2026-02-16 18:32:14.224908,Seoul-e287,-16,21,Normal
2026-02-16 18:32:15.224908,Seoul-e287,-20,36,Normal
2026-02-16 18:32:16.224908,Seoul-e287,39,29,Normal
2026-02-16 18:32:17.224908,Seoul-e287,11,77,Normal
2026-02-16 18:32:18.224908,Seoul-e287,-19,11,Normal
2026-02-16 18:32:19.224908,Seoul-e287,31,33,Normal
2026-02-16 18:32:20.224908,Seoul-e287,44,45,Normal
2026-02-16 18:32:21.224908,Seoul-e287,-24,66,Normal
2026-02-16 18:32:22.224908,Seoul-e287,47,12,Normal
2026-02-16 18:32:23.224908,Seoul-e287,-27,30,Normal
2026-02-16 18:32:24.224908,Seoul-e287,-22,99,Normal
2026-02-16 18:32:25.224908,Seoul-e287,44,27,Normal
2026-02-16 18:32:26.224908,Seoul-e287,-12,32,Normal
2026-02-16 18:32:27.224908,Seoul-e287,32,84,Normal
2026-02-16 18:32:28.224908,Seoul-e287,20,64,Normal
2026-02-16 18:32:29.224908,Seoul-e287,-22,0,Normal
2026-02-16 18:32:30.224908,Seoul-e287,10,44,Normal
2026-02-16 18:32:31.224908,Seoul-e287,-8,68,Normal
2026-02-16 18:32:32.224908,Seoul-e287,34,34,Normal
2026-02-16 18:32:33.224908,Seoul-e287,38,93,Normal
2026-02-16 18:32:34.224908,Seoul-e287,18,74,Normal
2026-02-16 18:32:35.224908,Seoul-e287,-2,88,Normal
2026-02-16 18:32:36.224908,Seoul-e287,9,32,Normal
2026-02-16 18:32:37.224908,Seoul-e287,-10,26,Normal
2026-02-16 18:32:38.224908,Seoul-e287,-23,30,Normal
2026-02-16 18:32:39.224908,Seoul-e287,-15,64,Normal
2026-02-16 18:32:40.224908,Seoul-e287,-6,27,Normal
2026-02-16 18:32:41.224908,Seoul-e287,13,20,Normal
2026-02-16 18:32:42.224908,Seoul-e287,-25,85,Normal
2026-02-16 18:32:43.224908,Seoul-e287,-4,95,Normal
2026-02-16 18:32:44.224908,Seoul-e287,34,18,Normal
2026-02-16 18:32:45.224908,Seoul-e287,41,77,Normal
2026-02-16 18:32:46.224908,Seoul-e287,-19,16,Normal
2026-02-16 18:32:47.224908,Seoul-e287,-8,13,Normal
2026-02-16 18:32:48.224908,Seoul-e287,1,83,Normal
2026-02-16 18:32:49.224908,Seoul-e287,1,66,Normal
2026-02-16 18:32:50.224908,Seoul-e287,-22,9,Normal
2026-02-16 18:32:51.224908,Seoul-e287,38,83,Normal
2026-02-16 18:32:52.224908,Seoul-e287,14,32,Normal
2026-02-16 18:32:53.224908,Seoul-e287,21,72,Normal
2026-02-16 18:32:54.224908,Seoul-e287,28,1,Normal
2026-02-16 18:32:55.224908,Seoul-e287,50,50,Normal
2026-02-16 18:32:56.224908,Seoul-e287,19,10,Normal
2026-02-16 18:32:57.224908,Seoul-e287,30,95,Normal
2026-02-16 18:32:58.224908,Seoul-e287,14,53,Normal
2026-02-16 18:32:59.224908,Seoul-e287,38,23,Normal
2026-02-16 18:33:00.224908,Seoul-e287,-30,18,Normal
2026-02-16 18:33:01.224908,Seoul-e287,5,52,Normal
2026-02-16 18:33:02.224908,Seoul-e287,16,55,Normal
2026-02-16 18:33:03.224908,Seoul-e287,-13,48,Normal
2026-02-16 18:33:04.224908,Seoul-e287,17,99,Normal
2026-02-16 18:33:05.224908,Seoul-e287,39,48,Normal
2026-02-16 18:33:06.224908,Seoul-e287,11,36,Normal
2026-02-16 18:33:07.224908,Seoul-e287,15,71,Normal
2026-02-16 18:33:08.224908,Seoul-e287,27,99,Normal
2026-02-16 18:33:09.224908,Seoul-e287,-29,6,Normal
2026-02-16 18:33:10.224908,Seoul-e287,25,95,Normal
2026-02-16 18:33:11.224908,Seoul-e287,-30,43,Normal
2026-02-16 18:33:12.224908,Seoul-e287,47,50,Normal
2026-02-16 18:33:13.224908,Seoul-e287,40,9,Normal
2026-02-16 18:33:14.224908,Seoul-e287,0,26,Normal
2026-02-16 18:33:15.224908,Seoul-e287,36,53,Normal
2026-02-16 18:33:16.224908,Seoul-e287,19,9,Normal
2026-02-16 18:33:17.224908,Seoul-e287,-4,24,Normal
2026-02-16 18:33:18.224908,Seoul-e287,36,86,Normal
2026-02-16 18:33:19.224908,Seoul-e287,41,70,Normal
2026-02-16 18:33:20.224908,Seoul-e287,-9,1,Normal
2026-02-16 18:33:21.224908,Seoul-e287,41,10,Normal
2026-02-16 18:33:22.224908,Seoul-e287,30,86,Normal
2026-02-16 18:33:23.224908,Seoul-e287,-3,76,Normal
2026-02-16 18:33:24.224908,Seoul-e287,-10,76,Normal
2026-02-16 18:33:25.224908,Seoul-e287,-8,13,Normal
2026-02-16 18:33:26.224908,Seoul-e287,22,80,Normal
2026-02-16 18:33:27.224908,Seoul-e287,-11,37,Normal
2026-02-16 18:33:28.224908,Seoul-e287,-19,83,Normal
2026-02-16 18:33:29.224908,Seoul-e287,13,21,Normal
2026-02-16 18:33:30.224908,Seoul-e287,-23,31,Normal
2026-02-16 18:33:31.224908,Seoul-e287,2,47,Normal
2026-02-16 18:33:32.224908,Seoul-e287,-14,70,Normal
2026-02-16 18:33:33.224908,Seoul-e287,0,24,Normal
2026-02-16 18:33:34.224908,Seoul-e287,-11,2,Normal
2026-02-16 18:33:35.224908,Seoul-e287,-17,43,Normal
2026-02-16 18:33:36.224908,Seoul-e287,15,73,Normal
2026-02-16 18:33:37.224908,Seoul-e287,-19,33,Normal
2026-02-16 18:33:38.224908,Seoul-e287,-8,24,Normal
2026-02-16 18:33:39.224908,Seoul-e287,-21,37,Normal
2026-02-16 18:33:40.224908,Seoul-e287,-25,7,Normal
2026-02-16 18:33:41.224908,Seoul-e287,49,10,Normal
2026-02-16 18:33:42.224908,Seoul-e287,-27,43,Normal
2026-02-16 18:33:43.224908,Seoul-e287,-20,10,Normal
2026-02-16 18:33:44.224908,Seoul-e287,25,32,Normal
2026-02-16 18:33:45.224908,Seoul-e287,-2,25,Normal
2026-02-16 18:33:46.224908,Seoul-e287,31,60,Normal
2026-02-16 18:33:47.224908,Seoul-e287,-20,94,Normal
2026-02-16 18:33:48.224908,Seoul-e287,-2,29,Normal
2026-02-16 18:33:49.224908,Seoul-e287,-13,32,Normal
2026-02-16 18:33:50.224908,Seoul-e287,7,37,Normal
2026-02-16 18:33:51.224908,Seoul-e287,-9,61,Normal
2026-02-16 18:33:52.224908,Seoul-e287,1,62,Normal
2026-02-16 18:33:53.224908,Seoul-e287,7,8,Normal
2026-02-16 18:33:54.224908,Seoul-e287,49,47,Normal
2026-02-16 18:33:55.224908,Seoul-e287,-12,73,Normal
2026-02-16 18:33:56.224908,Seoul-e287,22,9,Normal
2026-02-16 18:33:57.224908,Seoul-e287,20,63,Normal
2026-02-16 18:33:58.224908,Seoul-e287,9,16,Normal
2026-02-16 18:33:59.224908,Seoul-e287,37,84,Normal
2026-02-16 18:34:00.224908,Seoul-e287,6,56,Normal
2026-02-16 18:34:01.224908,Seoul-e287,43,10,Normal
2026-02-16 18:34:02.224908,Seoul-e287,34,99,Normal
2026-02-16 18:34:03.224908,Seoul-e287,14,23,Normal
2026-02-16 18:34:04.224908,Seoul-e287,5,47,Normal
2026-02-16 18:34:05.224908,Seoul-e287,-5,58,Normal
2026-02-16 18:34:06.224908,Seoul-e287,0,10,Normal
2026-02-16 18:34:07.224908,Seoul-e287,-11,69,Normal
2026-02-16 18:34:08.224908,Seoul-e287,-25,55,Normal
2026-02-16 18:34:09.224908,Seoul-e287,34,86,Normal
2026-02-16 18:34:10.224908,Seoul-e287,-27,5,Normal
2026-02-16 18:34:11.224908,Seoul-e287,-18,16,Normal
2026-02-16 18:34:12.224908,Seoul-e287,-27,91,Normal
2026-02-16 18:34:13.224908,Seoul-e287,-30,50,Normal
2026-02-16 18:34:14.224908,Seoul-e287,-13,71,Normal
2026-02-16 18:34:15.224908,Seoul-e287,-20,86,Normal
2026-02-16 18:34:16.224908,Seoul-e287,-13,22,Normal
2026-02-16 18:34:17.224908,Seoul-e287,32,78,Normal
2026-02-16 18:34:18.224908,Seoul-e287,16,14,Normal
2026-02-16 18:34:19.224908,Seoul-e287,15,100,Normal
2026-02-16 18:34:20.224908,Seoul-e287,-1,87,Normal
2026-02-16 18:34:21.224908,Seoul-e287,20,4,Normal
2026-02-16 18:34:22.224908,Seoul-e287,-14,20,Normal
2026-02-16 18:34:23.224908,Seoul-e287,-20,90,Normal
2026-02-16 18:34:24.224908,Seoul-e287,4,57,Normal
2026-02-16 18:34:25.224908,Seoul-e287,-10,23,Normal
2026-02-16 18:34:26.224908,Seoul-e287,10,10,Normal
2026-02-16 18:34:27.224908,Seoul-e287,-8,50,Normal
2026-02-16 18:34:28.224908,Seoul-e287,-13,56,Normal
2026-02-16 18:34:29.224908,Seoul-e287,32,8,Normal
2026-02-16 18:34:30.224908,Seoul-e287,-24,77,Normal
2026-02-16 18:34:31.224908,Seoul-e287,-27,48,Normal
2026-02-16 18:34:32.224908,Seoul-e287,-27,20,Normal
2026-02-16 18:34:33.224908,Seoul-e287,34,43,Normal
2026-02-16 18:34:34.224908,Seoul-e287,10,35,Normal
2026-02-16 18:34:35.224908,Seoul-e287,-10,17,Normal
2026-02-16 18:34:36.224908,Seoul-e287,19,84,Normal
2026-02-16 18:34:37.224908,Seoul-e287,-24,80,Normal
2026-02-16 18:34:38.224908,Seoul-e287,-2,35,Normal
2026-02-16 18:34:39.224908,Seoul-e287,-25,83,Normal
2026-02-16 18:34:40.224908,Seoul-e287,-17,47,Normal
2026-02-16 18:34:41.224908,Seoul-e287,35,15,Normal
2026-02-16 18:34:42.224908,Seoul-e287,36,59,Normal
2026-02-16 18:34:43.224908,Seoul-e287,8,96,Normal
2026-02-16 18:34:44.224908,Seoul-e287,35,88,Normal
2026-02-16 18:34:45.224908,Seoul-e287,-29,57,Normal
2026-02-16 18:34:46.224908,Seoul-e287,-26,4,Normal
2026-02-16 18:34:47.224908,Seoul-e287,8,67,Normal
2026-02-16 18:34:48.224908,Seoul-e287,19,76,Normal
2026-02-16 18:34:49.224908,Seoul-e287,-11,85,Normal
2026-02-16 18:34:50.224908,Seoul-e287,29,68,Normal
2026-02-16 18:34:51.224908,Seoul-e287,2,71,Normal
2026-02-16 18:34:52.224908,Seoul-e287,12,0,Normal
2026-02-16 18:34:53.224908,Seoul-e287,-25,5,Normal
2026-02-16 18:34:54.224908,Seoul-e287,5,2,Normal
2026-02-16 18:34:55.224908,Seoul-e287,27,68,Normal
2026-02-16 18:34:56.224908,Seoul-e287,2,46,Normal
2026-02-16 18:34:57.224908,Seoul-e287,-3,8,Normal
2026-02-16 18:34:58.224908,Seoul-e287,-14,31,Normal
2026-02-16 18:34:59.224908,Seoul-e287,-24,15,Normal
2026-02-16 18:35:00.224908,Seoul-e287,-13,99,Normal
2026-02-16 18:35:01.224908,Seoul-e287,16,76,Normal
2026-02-16 18:35:02.224908,Seoul-e287,32,11,Normal
2026-02-16 18:35:03.224908,Seoul-e287,-1,41,Normal
2026-02-16 18:35:04.224908,Seoul-e287,39,20,Normal
2026-02-16 18:35:05.224908,Seoul-e287,4,38,Normal
2026-02-16 18:35:06.224908,Seoul-e287,11,78,Normal
2026-02-16 18:35:07.224908,Seoul-e287,-27,88,Normal
2026-02-16 18:35:08.224908,Seoul-e287,-15,100,Normal
2026-02-16 18:35:09.224908,Seoul-e287,-13,70,Normal
2026-02-16 18:35:10.224908,Seoul-e287,5,2,Normal
2026-02-16 18:35:11.224908,Seoul-e287,35,26,Normal
2026-02-16 18:35:12.224908,Seoul-e287,-8,24,Normal
2026-02-16 18:35:13.224908,Seoul-e287,-15,24,Normal
2026-02-16 18:35:14.224908,Seoul-e287,13,94,Normal
2026-02-16 18:35:15.224908,Seoul-e287,-14,77,Normal
2026-02-16 18:35:16.224908,Seoul-e287,-17,64,Normal
2026-02-16 18:35:17.224908,Seoul-e287,15,46,Normal
2026-02-16 18:35:18.224908,Seoul-e287,-28,57,Normal
2026-02-16 18:35:19.224908,Seoul-e287,49,45,Normal
2026-02-16 18:35:20.224908,Seoul-e287,-7,69,Normal
2026-02-16 18:35:21.224908,Seoul-e287,50,8,Normal
2026-02-16 18:35:22.224908,Seoul-e287,7,42,Normal
2026-02-16 18:35:23.224908,Seoul-e287,-22,63,Normal
2026-02-16 18:35:24.224908,Seoul-e287,43,2,Normal
2026-02-16 18:35:25.224908,Seoul-e287,-16,79,Normal
2026-02-16 18:35:26.224908,Seoul-e287,4,68,Normal
2026-02-16 18:35:27.224908,Seoul-e287,43,40,Normal
2026-02-16 18:35:28.224908,Seoul-e287,-20,61,Normal
2026-02-16 18:35:29.224908,Seoul-e287,-30,25,Normal
2026-02-16 18:35:30.224908,Seoul-e287,38,12,Normal
2026-02-16 18:35:31.224908,Seoul-e287,-23,67,Normal
2026-02-16 18:35:32.224908,Seoul-e287,22,30,Normal
2026-02-16 18:35:33.224908,Seoul-e287,-1,13,Normal
2026-02-16 18:35:34.224908,Seoul-e287,-3,22,Normal
2026-02-16 18:35:35.224908,Seoul-e287,-16,39,Normal
2026-02-16 18:35:36.224908,Seoul-e287,-26,77,Normal
2026-02-16 18:35:37.224908,Seoul-e287,-16,15,Normal
2026-02-16 18:35:38.224908,Seoul-e287,-21,9,Normal
2026-02-16 18:35:39.224908,Seoul-e287,32,45,Normal
2026-02-16 18:35:40.224908,Seoul-e287,25,67,Normal
2026-02-16 18:35:41.224908,Seoul-e287,26,77,Normal
2026-02-16 18:35:42.224908,Seoul-e287,-1,64,Normal
2026-02-16 18:35:43.224908,Seoul-e287,-18,52,Normal
2026-02-16 18:35:44.224908,Seoul-e287,42,39,Normal
2026-02-16 18:35:45.224908,Seoul-e287,-30,88,Normal
2026-02-16 18:35:46.224908,Seoul-e287,7,46,Normal
2026-02-16 18:35:47.224908,Seoul-e287,-16,73,Normal
2026-02-16 18:35:48.224908,Seoul-e287,-15,75,Normal
2026-02-16 18:35:49.224908,Seoul-e287,4,92,Normal
2026-02-16 18:35:50.224908,Seoul-e287,8,49,Normal
2026-02-16 18:35:51.224908,Seoul-e287,-19,32,Normal
2026-02-16 18:35:52.224908,Seoul-e287,50,15,Normal
2026-02-16 18:35:53.224908,Seoul-e287,-21,94,Normal
2026-02-16 18:35:54.224908,Seoul-e287,22,86,Normal
2026-02-16 18:35:55.224908,Seoul-e287,38,4,Normal
2026-02-16 18:35:56.224908,Seoul-e287,3,16,Normal
2026-02-16 18:35:57.224908,Seoul-e287,14,24,Normal
2026-02-16 18:35:58.224908,Seoul-e287,33,12,Normal
2026-02-16 18:35:59.224908,Seoul-e287,-23,96,Normal
2026-02-16 18:36:00.224908,Seoul-e287,46,45,Normal
2026-02-16 18:36:01.224908,Seoul-e287,-28,17,Normal
2026-02-16 18:36:02.224908,Seoul-e287,-15,65,Normal
2026-02-16 18:36:03.224908,Seoul-e287,-25,75,Normal
2026-02-16 18:36:04.224908,Seoul-e287,30,53,Normal
2026-02-16 18:36:05.224908,Seoul-e287,-21,82,Normal
2026-02-16 18:36:06.224908,Seoul-e287,-26,73,Normal
2026-02-16 18:36:07.224908,Seoul-e287,-24,53,Normal
2026-02-16 18:36:08.224908,Seoul-e287,19,2,Normal
2026-02-16 18:36:09.224908,Seoul-e287,5,42,Normal
2026-02-16 18:36:10.224908,Seoul-e287,27,63,Normal
2026-02-16 18:36:11.224908,Seoul-e287,35,69,Normal
2026-02-16 18:36:12.224908,Seoul-e287,35,69,Normal
2026-02-16 18:36:13.224908,Seoul-e287,47,42,Normal
2026-02-16 18:36:14.224908,Seoul-e287,-4,22,Normal
2026-02-16 18:36:15.224908,Seoul-e287,32,14,Normal
2026-02-16 18:36:16.224908,Seoul-e287,47,55,Normal
2026-02-16 18:36:17.224908,Seoul-e287,-29,93,Normal
2026-02-16 18:36:18.224908,Seoul-e287,-24,97,Normal
2026-02-16 18:36:19.224908,Seoul-e287,43,52,Normal
2026-02-16 18:36:20.224908,Seoul-e287,10,56,Normal
2026-02-16 18:36:21.224908,Seoul-e287,-6,49,Normal
2026-02-16 18:36:22.224908,Seoul-e287,37,59,Normal
2026-02-16 18:36:23.224908,Seoul-e287,41,89,Normal
2026-02-16 18:36:24.224908,Seoul-e287,47,35,Normal
2026-02-16 18:36:25.224908,Seoul-e287,45,64,Normal
2026-02-16 18:36:26.224908,Seoul-e287,38,75,Normal
2026-02-16 18:36:27.224908,Seoul-e287,-29,17,Normal
2026-02-16 18:36:28.224908,Seoul-e287,40,2,Normal
2026-02-16 18:36:29.224908,Seoul-e287,38,25,Normal
2026-02-16 18:36:30.224908,Seoul-e287,19,20,Normal
2026-02-16 18:36:31.224908,Seoul-e287,19,100,Normal
2026-02-16 18:36:32.224908,Seoul-e287,29,37,Normal
2026-02-16 18:36:33.224908,Seoul-e287,13,51,Normal
2026-02-16 18:36:34.224908,Seoul-e287,33,52,Normal
2026-02-16 18:36:35.224908,Seoul-e287,-17,43,Normal
2026-02-16 18:36:36.224908,Seoul-e287,48,88,Normal
2026-02-16 18:36:37.224908,Seoul-e287,-16,5,Normal
2026-02-16 18:36:38.224908,Seoul-e287,6,48,Normal
2026-02-16 18:36:39.224908,Seoul-e287,24,25,Normal
2026-02-16 18:36:40.224908,Seoul-e287,14,97,Normal
2026-02-16 18:36:41.224908,Seoul-e287,9,12,Normal
2026-02-16 18:36:42.224908,Seoul-e287,-26,61,Normal
2026-02-16 18:36:43.224908,Seoul-e287,-6,11,Normal
2026-02-16 18:36:44.224908,Seoul-e287,50,0,Normal
2026-02-16 18:36:45.224908,Seoul-e287,11,4,Normal
2026-02-16 18:36:46.224908,Seoul-e287,20,77,Normal
2026-02-16 18:36:47.224908,Seoul-e287,9,4,Normal
2026-02-16 18:36:48.224908,Seoul-e287,39,86,Normal
2026-02-16 18:36:49.224908,Seoul-e287,22,39,Normal
2026-02-16 18:36:50.224908,Seoul-e287,-12,19,Normal
2026-02-16 18:36:51.224908,Seoul-e287,22,50,Normal
2026-02-16 18:36:52.224908,Seoul-e287,13,68,Normal
2026-02-16 18:36:53.224908,Seoul-e287,48,20,Normal
2026-02-16 18:36:54.224908,Seoul-e287,-8,94,Normal
2026-02-16 18:36:55.224908,Seoul-e287,-12,82,Normal
2026-02-16 18:36:56.224908,Seoul-e287,3,23,Normal
2026-02-16 18:36:57.224908,Seoul-e287,-6,4,Normal
2026-02-16 18:36:58.224908,Seoul-e287,-5,100,Normal
2026-02-16 18:36:59.224908,Seoul-e287,-13,80,Normal
2026-02-16 18:37:00.224908,Seoul-e287,38,33,Normal
2026-02-16 18:37:01.224908,Seoul-e287,29,1,Normal
2026-02-16 18:37:02.224908,Seoul-e287,28,4,Normal
