timestamp,station_id,temp,humid,condition
2026-02-14 04:28:11.193751,Dubai-aea6,-22,36,Normal
2026-02-14 04:28:12.193751,Dubai-aea6,-3,73,Normal
2026-02-14 04:28:13.193751,Dubai-aea6,-12,83,Normal
2026-02-14 04:28:14.193751,Dubai-aea6,7,88,Normal
2026-02-14 04:28:15.193751,Dubai-aea6,43,41,Normal
2026-02-14 04:28:16.193751,Dubai-aea6,36,50,Normal
2026-02-14 04:28:17.193751,Dubai-aea6,39,9,Normal
2026-02-14 04:28:18.193751,Dubai-aea6,-15,21,Normal
2026-02-14 04:28:19.193751,Dubai-aea6,-15,70,Normal
2026-02-14 04:28:20.193751,Dubai-aea6,40,41,Normal
2026-02-14 04:28:21.193751,Dubai-aea6,7,100,Normal
2026-02-14 04:28:22.193751,Dubai-aea6,42,1,Normal
2026-02-14 04:28:23.193751,Dubai-aea6,50,57,Normal
2026-02-14 04:28:24.193751,Dubai-aea6,23,78,Normal
2026-02-14 04:28:25.193751,Dubai-aea6,-26,99,Normal
2026-02-14 04:28:26.193751,Dubai-aea6,34,97,Normal
2026-02-14 04:28:27.193751,Dubai-aea6,4,0,Normal
2026-02-14 04:28:28.193751,Dubai-aea6,-17,10,Normal
2026-02-14 04:28:29.193751,Dubai-aea6,-9,33,Normal
2026-02-14 04:28:30.193751,Dubai-aea6,-1,81,Normal
2026-02-14 04:28:31.193751,Dubai-aea6,45,83,Normal
2026-02-14 04:28:32.193751,Dubai-aea6,50,85,Normal
2026-02-14 04:28:33.193751,Dubai-aea6,8,0,Normal
2026-02-14 04:28:34.193751,Dubai-aea6,-20,66,Normal
2026-02-14 04:28:35.193751,Dubai-aea6,20,16,Normal
2026-02-14 04:28:36.193751,Dubai-aea6,-27,75,Normal
2026-02-14 04:28:37.193751,Dubai-aea6,26,60,Normal
2026-02-14 04:28:38.193751,Dubai-aea6,48,39,Normal
2026-02-14 04:28:39.193751,Dubai-aea6,-10,85,Normal
2026-02-14 04:28:40.193751,Dubai-aea6,9,32,Normal
2026-02-14 04:28:41.193751,Dubai-aea6,37,38,Normal
2026-02-14 04:28:42.193751,Dubai-aea6,33,48,Normal
2026-02-14 04:28:43.193751,Dubai-aea6,14,23,Normal
2026-02-14 04:28:44.193751,Dubai-aea6,-19,45,Normal
2026-02-14 04:28:45.193751,Dubai-aea6,11,5,Normal
2026-02-14 04:28:46.193751,Dubai-aea6,-17,96,Normal
2026-02-14 04:28:47.193751,Dubai-aea6,37,32,Normal
2026-02-14 04:28:48.193751,Dubai-aea6,-6,18,Normal
2026-02-14 04:28:49.193751,Dubai-aea6,48,61,Normal
2026-02-14 04:28:50.193751,Dubai-aea6,-3,71,Normal
2026-02-14 04:28:51.193751,Dubai-aea6,19,98,Normal
2026-02-14 04:28:52.193751,Dubai-aea6,18,15,Normal
2026-02-14 04:28:53.193751,Dubai-aea6,-21,51,Normal
2026-02-14 04:28:54.193751,Dubai-aea6,25,29,Normal
2026-02-14 04:28:55.193751,Dubai-aea6,-30,52,Normal
2026-02-14 04:28:56.193751,Dubai-aea6,42,97,Normal
2026-02-14 04:28:57.193751,Dubai-aea6,31,29,Normal
2026-02-14 04:28:58.193751,Dubai-aea6,-17,71,Normal
2026-02-14 04:28:59.193751,Dubai-aea6,31,34,Normal
2026-02-14 04:29:00.193751,Dubai-aea6,14,55,Normal
2026-02-14 04:29:01.193751,Dubai-aea6,22,47,Normal
2026-02-14 04:29:02.193751,Dubai-aea6,-24,6,Normal
2026-02-14 04:29:03.193751,Dubai-aea6,21,17,Normal
2026-02-14 04:29:04.193751,Dubai-aea6,9,55,Normal
2026-02-14 04:29:05.193751,Dubai-aea6,17,14,Normal
2026-02-14 04:29:06.193751,Dubai-aea6,-2,74,Normal
2026-02-14 04:29:07.193751,Dubai-aea6,5,48,Normal
2026-02-14 04:29:08.193751,Dubai-aea6,33,87,Normal
2026-02-14 04:29:09.193751,Dubai-aea6,31,44,Normal
2026-02-14 04:29:10.193751,Dubai-aea6,-9,43,Normal
2026-02-14 04:29:11.193751,Dubai-aea6,14,72,Normal
2026-02-14 04:29:12.193751,Dubai-aea6,41,36,Normal
2026-02-14 04:29:13.193751,Dubai-aea6,-1,49,Normal
2026-02-14 04:29:14.193751,Dubai-aea6,44,68,Normal
2026-02-14 04:29:15.193751,Dubai-aea6,28,67,Normal
2026-02-14 04:29:16.193751,Dubai-aea6,17,47,Normal
2026-02-14 04:29:17.193751,Dubai-aea6,43,94,Normal
2026-02-14 04:29:18.193751,Dubai-aea6,42,14,Normal
2026-02-14 04:29:19.193751,Dubai-aea6,19,90,Normal
2026-02-14 04:29:20.193751,Dubai-aea6,40,66,Normal
2026-02-14 04:29:21.193751,Dubai-aea6,-12,4,Normal
2026-02-14 04:29:22.193751,Dubai-aea6,44,99,Normal
2026-02-14 04:29:23.193751,Dubai-aea6,-13,98,Normal
2026-02-14 04:29:24.193751,Dubai-aea6,6,22,Normal
2026-02-14 04:29:25.193751,Dubai-aea6,-18,13,Normal
2026-02-14 04:29:26.193751,Dubai-aea6,31,39,Normal
2026-02-14 04:29:27.193751,Dubai-aea6,-17,22,Normal
2026-02-14 04:29:28.193751,Dubai-aea6,22,83,Normal
2026-02-14 04:29:29.193751,Dubai-aea6,27,35,Normal
2026-02-14 04:29:30.193751,Dubai-aea6,19,52,Normal
2026-02-14 04:29:31.193751,Dubai-aea6,24,24,Normal
2026-02-14 04:29:32.193751,Dubai-aea6,39,26,Normal
2026-02-14 04:29:33.193751,Dubai-aea6,-7,81,Normal
2026-02-14 04:29:34.193751,Dubai-aea6,24,11,Normal
2026-02-14 04:29:35.193751,Dubai-aea6,44,1,Normal
2026-02-14 04:29:36.193751,Dubai-aea6,12,59,Normal
2026-02-14 04:29:37.193751,Dubai-aea6,35,12,Normal
2026-02-14 04:29:38.193751,Dubai-aea6,-12,0,Normal
2026-02-14 04:29:39.193751,Dubai-aea6,-11,61,Normal
2026-02-14 04:29:40.193751,Dubai-aea6,-29,69,Normal
2026-02-14 04:29:41.193751,Dubai-aea6,32,8,Normal
2026-02-14 04:29:42.193751,Dubai-aea6,-6,31,Normal
2026-02-14 04:29:43.193751,Dubai-aea6,-12,66,Normal
2026-02-14 04:29:44.193751,Dubai-aea6,9,56,Normal
2026-02-14 04:29:45.193751,Dubai-aea6,-18,72,Normal
2026-02-14 04:29:46.193751,Dubai-aea6,-26,13,Normal
2026-02-14 04:29:47.193751,Dubai-aea6,-13,5,Normal
2026-02-14 04:29:48.193751,Dubai-aea6,38,22,Normal
2026-02-14 04:29:49.193751,Dubai-aea6,-22,75,Normal
2026-02-14 04:29:50.193751,Dubai-aea6,16,31,Normal
2026-02-14 04:29:51.193751,Dubai-aea6,34,12,Normal
2026-02-14 04:29:52.193751,Dubai-aea6,5,66,Normal
2026-02-14 04:29:53.193751,Dubai-aea6,36,27,Normal
2026-02-14 04:29:54.193751,Dubai-aea6,20,41,Normal
2026-02-14 04:29:55.193751,Dubai-aea6,13,89,Normal
2026-02-14 04:29:56.193751,Dubai-aea6,-13,96,Normal
2026-02-14 04:29:57.193751,Dubai-aea6,19,85,Normal
2026-02-14 04:29:58.193751,Dubai-aea6,6,67,Normal
2026-02-14 04:29:59.193751,Dubai-aea6,5,90,Normal
2026-02-14 04:30:00.193751,Dubai-aea6,-25,83,Normal
2026-02-14 04:30:01.193751,Dubai-aea6,2,26,Normal
2026-02-14 04:30:02.193751,Dubai-aea6,-6,79,Normal
2026-02-14 04:30:03.193751,Dubai-aea6,-27,10,Normal
2026-02-14 04:30:04.193751,Dubai-aea6,-26,37,Normal
2026-02-14 04:30:05.193751,Dubai-aea6,-5,60,Normal
2026-02-14 04:30:06.193751,Dubai-aea6,-2,23,Normal
2026-02-14 04:30:07.193751,Dubai-aea6,-12,85,Normal
2026-02-14 04:30:08.193751,Dubai-aea6,-26,1,Normal
2026-02-14 04:30:09.193751,Dubai-aea6,-27,6,Normal
2026-02-14 04:30:10.193751,Dubai-aea6,15,67,Normal
2026-02-14 04:30:11.193751,Dubai-aea6,46,95,Normal
2026-02-14 04:30:12.193751,Dubai-aea6,26,44,Normal
2026-02-14 04:30:13.193751,Dubai-aea6,45,73,Normal
2026-02-14 04:30:14.193751,Dubai-aea6,25,59,Normal
2026-02-14 04:30:15.193751,Dubai-aea6,35,76,Normal
2026-02-14 04:30:16.193751,Dubai-aea6,38,94,Normal
2026-02-14 04:30:17.193751,Dubai-aea6,47,98,Normal
2026-02-14 04:30:18.193751,Dubai-aea6,-3,29,Normal
2026-02-14 04:30:19.193751,Dubai-aea6,4,83,Normal
2026-02-14 04:30:20.193751,Dubai-aea6,30,54,Normal
2026-02-14 04:30:21.193751,Dubai-aea6,-19,84,Normal
2026-02-14 04:30:22.193751,Dubai-aea6,25,96,Normal
2026-02-14 04:30:23.193751,Dubai-aea6,4,23,Normal
2026-02-14 04:30:24.193751,Dubai-aea6,2,69,Normal
2026-02-14 04:30:25.193751,Dubai-aea6,14,79,Normal
2026-02-14 04:30:26.193751,Dubai-aea6,47,63,Normal
2026-02-14 04:30:27.193751,Dubai-aea6,5,97,Normal
2026-02-14 04:30:28.193751,Dubai-aea6,49,43,Normal
2026-02-14 04:30:29.193751,Dubai-aea6,6,11,Normal
2026-02-14 04:30:30.193751,Dubai-aea6,14,5,Normal
2026-02-14 04:30:31.193751,Dubai-aea6,22,73,Normal
2026-02-14 04:30:32.193751,Dubai-aea6,43,17,Normal
2026-02-14 04:30:33.193751,Dubai-aea6,-4,72,Normal
2026-02-14 04:30:34.193751,Dubai-aea6,-25,77,Normal
2026-02-14 04:30:35.193751,Dubai-aea6,-11,53,Normal
2026-02-14 04:30:36.193751,Dubai-aea6,27,67,Normal
2026-02-14 04:30:37.193751,Dubai-aea6,-29,73,Normal
2026-02-14 04:30:38.193751,Dubai-aea6,46,16,Normal
2026-02-14 04:30:39.193751,Dubai-aea6,48,57,Normal
2026-02-14 04:30:40.193751,Dubai-aea6,-1,92,Normal
2026-02-14 04:30:41.193751,Dubai-aea6,-2,17,Normal
2026-02-14 04:30:42.193751,Dubai-aea6,39,92,Normal
2026-02-14 04:30:43.193751,Dubai-aea6,-22,17,Normal
2026-02-14 04:30:44.193751,Dubai-aea6,48,69,Normal
2026-02-14 04:30:45.193751,Dubai-aea6,18,17,Normal
2026-02-14 04:30:46.193751,Dubai-aea6,-25,3,Normal
2026-02-14 04:30:47.193751,Dubai-aea6,-5,70,Normal
2026-02-14 04:30:48.193751,Dubai-aea6,-21,89,Normal
2026-02-14 04:30:49.193751,Dubai-aea6,29,81,Normal
2026-02-14 04:30:50.193751,Dubai-aea6,18,93,Normal
2026-02-14 04:30:51.193751,Dubai-aea6,2,71,Normal
2026-02-14 04:30:52.193751,Dubai-aea6,-1,23,Normal
2026-02-14 04:30:53.193751,Dubai-aea6,4,82,Normal
2026-02-14 04:30:54.193751,Dubai-aea6,12,48,Normal
2026-02-14 04:30:55.193751,Dubai-aea6,-30,90,Normal
2026-02-14 04:30:56.193751,Dubai-aea6,46,7,Normal
2026-02-14 04:30:57.193751,Dubai-aea6,-30,70,Normal
2026-02-14 04:30:58.193751,Dubai-aea6,34,13,Normal
2026-02-14 04:30:59.193751,Dubai-aea6,26,10,Normal
2026-02-14 04:31:00.193751,Dubai-aea6,39,71,Normal
2026-02-14 04:31:01.193751,Dubai-aea6,-20,45,Normal
2026-02-14 04:31:02.193751,Dubai-aea6,-24,9,Normal
2026-02-14 04:31:03.193751,Dubai-aea6,33,45,Normal
2026-02-14 04:31:04.193751,Dubai-aea6,-18,51,Normal
2026-02-14 04:31:05.193751,Dubai-aea6,-16,82,Normal
2026-02-14 04:31:06.193751,Dubai-aea6,-6,69,Normal
2026-02-14 04:31:07.193751,Dubai-aea6,-15,27,Normal
2026-02-14 04:31:08.193751,Dubai-aea6,22,23,Normal
2026-02-14 04:31:09.193751,Dubai-aea6,-26,98,Normal
2026-02-14 04:31:10.193751,Dubai-aea6,24,84,Normal
2026-02-14 04:31:11.193751,Dubai-aea6,-15,89,Normal
2026-02-14 04:31:12.193751,Dubai-aea6,-7,3,Normal
2026-02-14 04:31:13.193751,Dubai-aea6,41,95,Normal
2026-02-14 04:31:14.193751,Dubai-aea6,9,99,Normal
2026-02-14 04:31:15.193751,Dubai-aea6,6,71,Normal
2026-02-14 04:31:16.193751,Dubai-aea6,47,93,Normal
2026-02-14 04:31:17.193751,Dubai-aea6,-26,2,Normal
2026-02-14 04:31:18.193751,Dubai-aea6,46,69,Normal
2026-02-14 04:31:19.193751,Dubai-aea6,7,5,Normal
2026-02-14 04:31:20.193751,Dubai-aea6,43,24,Normal
2026-02-14 04:31:21.193751,Dubai-aea6,25,17,Normal
2026-02-14 04:31:22.193751,Dubai-aea6,-12,48,Normal
2026-02-14 04:31:23.193751,Dubai-aea6,-13,34,Normal
2026-02-14 04:31:24.193751,Dubai-aea6,40,93,Normal
2026-02-14 04:31:25.193751,Dubai-aea6,-4,14,Normal
2026-02-14 04:31:26.193751,Dubai-aea6,17,46,Normal
2026-02-14 04:31:27.193751,Dubai-aea6,-11,53,Normal
2026-02-14 04:31:28.193751,Dubai-aea6,5,73,Normal
2026-02-14 04:31:29.193751,Dubai-aea6,-18,78,Normal
2026-02-14 04:31:30.193751,Dubai-aea6,30,45,Normal
2026-02-14 04:31:31.193751,Dubai-aea6,36,12,Normal
2026-02-14 04:31:32.193751,Dubai-aea6,7,100,Normal
2026-02-14 04:31:33.193751,Dubai-aea6,44,36,Normal
2026-02-14 04:31:34.193751,Dubai-aea6,-27,3,Normal
2026-02-14 04:31:35.193751,Dubai-aea6,-25,56,Normal
2026-02-14 04:31:36.193751,Dubai-aea6,-28,74,Normal
2026-02-14 04:31:37.193751,Dubai-aea6,25,81,Normal
2026-02-14 04:31:38.193751,Dubai-aea6,50,53,Normal
2026-02-14 04:31:39.193751,Dubai-aea6,16,26,Normal
2026-02-14 04:31:40.193751,Dubai-aea6,-23,50,Normal
2026-02-14 04:31:41.193751,Dubai-aea6,-1,64,Normal
2026-02-14 04:31:42.193751,Dubai-aea6,25,66,Normal
2026-02-14 04:31:43.193751,Dubai-aea6,-18,41,Normal
2026-02-14 04:31:44.193751,Dubai-aea6,29,10,Normal
2026-02-14 04:31:45.193751,Dubai-aea6,37,77,Normal
2026-02-14 04:31:46.193751,Dubai-aea6,16,73,Normal
2026-02-14 04:31:47.193751,Dubai-aea6,2,9,Normal
2026-02-14 04:31:48.193751,Dubai-aea6,43,46,Normal
2026-02-14 04:31:49.193751,Dubai-aea6,48,22,Normal
2026-02-14 04:31:50.193751,Dubai-aea6,-8,73,Normal
2026-02-14 04:31:51.193751,Dubai-aea6,50,63,Normal
2026-02-14 04:31:52.193751,Dubai-aea6,-18,4,Normal
2026-02-14 04:31:53.193751,Dubai-aea6,-24,23,Normal
2026-02-14 04:31:54.193751,Dubai-aea6,35,33,Normal
2026-02-14 04:31:55.193751,Dubai-aea6,42,76,Normal
2026-02-14 04:31:56.193751,Dubai-aea6,30,53,Normal
2026-02-14 04:31:57.193751,Dubai-aea6,42,54,Normal
2026-02-14 04:31:58.193751,Dubai-aea6,23,97,Normal
2026-02-14 04:31:59.193751,Dubai-aea6,-7,34,Normal
2026-02-14 04:32:00.193751,Dubai-aea6,16,70,Normal
2026-02-14 04:32:01.193751,Dubai-aea6,5,88,Normal
2026-02-14 04:32:02.193751,Dubai-aea6,-15,13,Normal
2026-02-14 04:32:03.193751,Dubai-aea6,-10,94,Normal
2026-02-14 04:32:04.193751,Dubai-aea6,29,18,Normal
2026-02-14 04:32:05.193751,Dubai-aea6,-20,23,Normal
2026-02-14 04:32:06.193751,Dubai-aea6,18,50,Normal
2026-02-14 04:32:07.193751,Dubai-aea6,-18,84,Normal
2026-02-14 04:32:08.193751,Dubai-aea6,17,5,Normal
2026-02-14 04:32:09.193751,Dubai-aea6,24,100,Normal
2026-02-14 04:32:10.193751,Dubai-aea6,26,11,Normal
2026-02-14 04:32:11.193751,Dubai-aea6,33,83,Normal
2026-02-14 04:32:12.193751,Dubai-aea6,41,35,Normal
2026-02-14 04:32:13.193751,Dubai-aea6,18,29,Normal
2026-02-14 04:32:14.193751,Dubai-aea6,42,0,Normal
2026-02-14 04:32:15.193751,Dubai-aea6,0,99,Normal
2026-02-14 04:32:16.193751,Dubai-aea6,37,88,Normal
2026-02-14 04:32:17.193751,Dubai-aea6,24,89,Normal
2026-02-14 04:32:18.193751,Dubai-aea6,-30,1,Normal
2026-02-14 04:32:19.193751,Dubai-aea6,4,100,Normal
2026-02-14 04:32:20.193751,Dubai-aea6,26,96,Normal
2026-02-14 04:32:21.193751,Dubai-aea6,48,78,Normal
2026-02-14 04:32:22.193751,Dubai-aea6,8,79,Normal
2026-02-14 04:32:23.193751,Dubai-aea6,31,8,Normal
2026-02-14 04:32:24.193751,Dubai-aea6,35,46,Normal
2026-02-14 04:32:25.193751,Dubai-aea6,-8,72,Normal
2026-02-14 04:32:26.193751,Dubai-aea6,2,68,Normal
2026-02-14 04:32:27.193751,Dubai-aea6,25,99,Normal
2026-02-14 04:32:28.193751,Dubai-aea6,16,73,Normal
2026-02-14 04:32:29.193751,Dubai-aea6,49,96,Normal
2026-02-14 04:32:30.193751,Dubai-aea6,0,89,Normal
2026-02-14 04:32:31.193751,Dubai-aea6,-27,12,Normal
2026-02-14 04:32:32.193751,Dubai-aea6,28,20,Normal
2026-02-14 04:32:33.193751,Dubai-aea6,40,96,Normal
2026-02-14 04:32:34.193751,Dubai-aea6,43,34,Normal
2026-02-14 04:32:35.193751,Dubai-aea6,-20,76,Normal
2026-02-14 04:32:36.193751,Dubai-aea6,-21,8,Normal
2026-02-14 04:32:37.193751,Dubai-aea6,49,23,Normal
2026-02-14 04:32:38.193751,Dubai-aea6,41,17,Normal
2026-02-14 04:32:39.193751,Dubai-aea6,16,92,Normal
2026-02-14 04:32:40.193751,Dubai-aea6,15,5,Normal
2026-02-14 04:32:41.193751,Dubai-aea6,-15,23,Normal
2026-02-14 04:32:42.193751,Dubai-aea6,35,81,Normal
2026-02-14 04:32:43.193751,Dubai-aea6,19,23,Normal
2026-02-14 04:32:44.193751,Dubai-aea6,28,61,Normal
2026-02-14 04:32:45.193751,Dubai-aea6,23,99,Normal
2026-02-14 04:32:46.193751,Dubai-aea6,38,93,Normal
2026-02-14 04:32:47.193751,Dubai-aea6,26,42,Normal
2026-02-14 04:32:48.193751,Dubai-aea6,10,52,Normal
2026-02-14 04:32:49.193751,Dubai-aea6,-6,55,Normal
2026-02-14 04:32:50.193751,Dubai-aea6,36,99,Normal
2026-02-14 04:32:51.193751,Dubai-aea6,25,62,Normal
2026-02-14 04:32:52.193751,Dubai-aea6,44,60,Normal
2026-02-14 04:32:53.193751,Dubai-aea6,26,75,Normal
2026-02-14 04:32:54.193751,Dubai-aea6,-11,59,Normal
2026-02-14 04:32:55.193751,Dubai-aea6,-10,56,Normal
2026-02-14 04:32:56.193751,Dubai-aea6,-15,29,Normal
2026-02-14 04:32:57.193751,Dubai-aea6,14,83,Normal
2026-02-14 04:32:58.193751,Dubai-aea6,49,24,Normal
2026-02-14 04:32:59.193751,Dubai-aea6,26,93,Normal
2026-02-14 04:33:00.193751,Dubai-aea6,28,95,Normal
2026-02-14 04:33:01.193751,Dubai-aea6,40,98,Normal
2026-02-14 04:33:02.193751,Dubai-aea6,13,65,Normal
2026-02-14 04:33:03.193751,Dubai-aea6,-20,93,Normal
2026-02-14 04:33:04.193751,Dubai-aea6,15,3,Normal
2026-02-14 04:33:05.193751,Dubai-aea6,-23,3,Normal
2026-02-14 04:33:06.193751,Dubai-aea6,20,43,Normal
2026-02-14 04:33:07.193751,Dubai-aea6,-19,58,Normal
2026-02-14 04:33:08.193751,Dubai-aea6,-17,35,Normal
2026-02-14 04:33:09.193751,Dubai-aea6,47,17,Normal
2026-02-14 04:33:10.193751,Dubai-aea6,4,41,Normal
2026-02-14 04:33:11.193751,Dubai-aea6,40,69,Normal
2026-02-14 04:33:12.193751,Dubai-aea6,15,3,Normal
2026-02-14 04:33:13.193751,Dubai-aea6,3,87,Normal
2026-02-14 04:33:14.193751,Dubai-aea6,6,37,Normal
2026-02-14 04:33:15.193751,Dubai-aea6,48,54,Normal
2026-02-14 04:33:16.193751,Dubai-aea6,1,25,Normal
2026-02-14 04:33:17.193751,Dubai-aea6,-12,23,Normal
2026-02-14 04:33:18.193751,Dubai-aea6,6,11,Normal
2026-02-14 04:33:19.193751,Dubai-aea6,-24,19,Normal
2026-02-14 04:33:20.193751,Dubai-aea6,-30,91,Normal
2026-02-14 04:33:21.193751,Dubai-aea6,-24,64,Normal
2026-02-14 04:33:22.193751,Dubai-aea6,29,77,Normal
2026-02-14 04:33:23.193751,Dubai-aea6,27,31,Normal
2026-02-14 04:33:24.193751,Dubai-aea6,-4,31,Normal
2026-02-14 04:33:25.193751,Dubai-aea6,7,21,Normal
2026-02-14 04:33:26.193751,Dubai-aea6,-25,44,Normal
2026-02-14 04:33:27.193751,Dubai-aea6,7,62,Normal
2026-02-14 04:33:28.193751,Dubai-aea6,37,53,Normal
2026-02-14 04:33:29.193751,Dubai-aea6,19,75,Normal
2026-02-14 04:33:30.193751,Dubai-aea6,39,41,Normal
2026-02-14 04:33:31.193751,Dubai-aea6,1,86,Normal
2026-02-14 04:33:32.193751,Dubai-aea6,33,45,Normal
2026-02-14 04:33:33.193751,Dubai-aea6,47,72,Normal
2026-02-14 04:33:34.193751,Dubai-aea6,-12,23,Normal
2026-02-14 04:33:35.193751,Dubai-aea6,-2,13,Normal
2026-02-14 04:33:36.193751,Dubai-aea6,16,43,Normal
2026-02-14 04:33:37.193751,Dubai-aea6,-6,21,Normal
2026-02-14 04:33:38.193751,Dubai-aea6,38,35,Normal
2026-02-14 04:33:39.193751,Dubai-aea6,6,43,Normal
2026-02-14 04:33:40.193751,Dubai-aea6,-22,32,Normal
2026-02-14 04:33:41.193751,Dubai-aea6,14,63,Normal
2026-02-14 04:33:42.193751,Dubai-aea6,-12,64,Normal
2026-02-14 04:33:43.193751,Dubai-aea6,0,18,Normal
2026-02-14 04:33:44.193751,Dubai-aea6,18,62,Normal
2026-02-14 04:33:45.193751,Dubai-aea6,-21,52,Normal
2026-02-14 04:33:46.193751,Dubai-aea6,29,32,Normal
2026-02-14 04:33:47.193751,Dubai-aea6,-12,93,Normal
2026-02-14 04:33:48.193751,Dubai-aea6,-24,84,Normal
2026-02-14 04:33:49.193751,Dubai-aea6,33,55,Normal
2026-02-14 04:33:50.193751,Dubai-aea6,25,15,Normal
2026-02-14 04:33:51.193751,Dubai-aea6,6,14,Normal
2026-02-14 04:33:52.193751,Dubai-aea6,22,62,Normal
2026-02-14 04:33:53.193751,Dubai-aea6,-6,34,Normal
2026-02-14 04:33:54.193751,Dubai-aea6,-29,77,Normal
2026-02-14 04:33:55.193751,Dubai-aea6,14,63,Normal
2026-02-14 04:33:56.193751,Dubai-aea6,28,0,Normal
2026-02-14 04:33:57.193751,Dubai-aea6,11,13,Normal
2026-02-14 04:33:58.193751,Dubai-aea6,-3,54,Normal
2026-02-14 04:33:59.193751,Dubai-aea6,-12,95,Normal
2026-02-14 04:34:00.193751,Dubai-aea6,10,28,Normal
2026-02-14 04:34:01.193751,Dubai-aea6,45,8,Normal
2026-02-14 04:34:02.193751,Dubai-aea6,-23,75,Normal
2026-02-14 04:34:03.193751,Dubai-aea6,11,32,Normal
2026-02-14 04:34:04.193751,Dubai-aea6,25,41,Normal
2026-02-14 04:34:05.193751,Dubai-aea6,-27,100,Normal
2026-02-14 04:34:06.193751,Dubai-aea6,42,34,Normal
2026-02-14 04:34:07.193751,Dubai-aea6,48,24,Normal
2026-02-14 04:34:08.193751,Dubai-aea6,-6,68,Normal
2026-02-14 04:34:09.193751,Dubai-aea6,-16,30,Normal
2026-02-14 04:34:10.193751,Dubai-aea6,-24,42,Normal
2026-02-14 04:34:11.193751,Dubai-aea6,-28,64,Normal
2026-02-14 04:34:12.193751,Dubai-aea6,30,32,Normal
2026-02-14 04:34:13.193751,Dubai-aea6,-1,100,Normal
2026-02-14 04:34:14.193751,Dubai-aea6,-18,1,Normal
2026-02-14 04:34:15.193751,Dubai-aea6,13,92,Normal
2026-02-14 04:34:16.193751,Dubai-aea6,22,24,Normal
2026-02-14 04:34:17.193751,Dubai-aea6,22,79,Normal
2026-02-14 04:34:18.193751,Dubai-aea6,15,34,Normal
2026-02-14 04:34:19.193751,Dubai-aea6,-3,14,Normal
2026-02-14 04:34:20.193751,Dubai-aea6,-3,75,Normal
2026-02-14 04:34:21.193751,Dubai-aea6,-28,90,Normal
2026-02-14 04:34:22.193751,Dubai-aea6,26,78,Normal
2026-02-14 04:34:23.193751,Dubai-aea6,42,57,Normal
2026-02-14 04:34:24.193751,Dubai-aea6,11,21,Normal
2026-02-14 04:34:25.193751,Dubai-aea6,20,93,Normal
2026-02-14 04:34:26.193751,Dubai-aea6,-21,73,Normal
2026-02-14 04:34:27.193751,Dubai-aea6,6,39,Normal
2026-02-14 04:34:28.193751,Dubai-aea6,10,21,Normal
2026-02-14 04:34:29.193751,Dubai-aea6,46,41,Normal
2026-02-14 04:34:30.193751,Dubai-aea6,24,65,Normal
2026-02-14 04:34:31.193751,Dubai-aea6,47,3,Normal
2026-02-14 04:34:32.193751,Dubai-aea6,15,57,Normal
2026-02-14 04:34:33.193751,Dubai-aea6,49,79,Normal
2026-02-14 04:34:34.193751,Dubai-aea6,-28,4,Normal
2026-02-14 04:34:35.193751,Dubai-aea6,22,63,Normal
2026-02-14 04:34:36.193751,Dubai-aea6,-15,48,Normal
2026-02-14 04:34:37.193751,Dubai-aea6,-6,78,Normal
2026-02-14 04:34:38.193751,Dubai-aea6,-8,0,Normal
2026-02-14 04:34:39.193751,Dubai-aea6,-7,4,Normal
2026-02-14 04:34:40.193751,Dubai-aea6,40,36,Normal
2026-02-14 04:34:41.193751,Dubai-aea6,-23,85,Normal
2026-02-14 04:34:42.193751,Dubai-aea6,45,96,Normal
2026-02-14 04:34:43.193751,Dubai-aea6,-18,49,Normal
2026-02-14 04:34:44.193751,Dubai-aea6,23,92,Normal
2026-02-14 04:34:45.193751,Dubai-aea6,-8,93,Normal
2026-02-14 04:34:46.193751,Dubai-aea6,6,12,Normal
2026-02-14 04:34:47.193751,Dubai-aea6,-12,89,Normal
2026-02-14 04:34:48.193751,Dubai-aea6,22,23,Normal
2026-02-14 04:34:49.193751,Dubai-aea6,39,63,Normal
2026-02-14 04:34:50.193751,Dubai-aea6,30,40,Normal
2026-02-14 04:34:51.193751,Dubai-aea6,13,34,Normal
2026-02-14 04:34:52.193751,Dubai-aea6,31,67,Normal
2026-02-14 04:34:53.193751,Dubai-aea6,27,100,Normal
2026-02-14 04:34:54.193751,Dubai-aea6,33,40,Normal
2026-02-14 04:34:55.193751,Dubai-aea6,41,55,Normal
2026-02-14 04:34:56.193751,Dubai-aea6,6,56,Normal
2026-02-14 04:34:57.193751,Dubai-aea6,43,49,Normal
2026-02-14 04:34:58.193751,Dubai-aea6,-13,59,Normal
2026-02-14 04:34:59.193751,Dubai-aea6,-6,14,Normal
2026-02-14 04:35:00.193751,Dubai-aea6,5,11,Normal
2026-02-14 04:35:01.193751,Dubai-aea6,4,15,Normal
2026-02-14 04:35:02.193751,Dubai-aea6,13,36,Normal
2026-02-14 04:35:03.193751,Dubai-aea6,26,47,Normal
2026-02-14 04:35:04.193751,Dubai-aea6,-8,87,Normal
2026-02-14 04:35:05.193751,Dubai-aea6,-17,58,Normal
2026-02-14 04:35:06.193751,Dubai-aea6,44,61,Normal
2026-02-14 04:35:07.193751,Dubai-aea6,47,45,Normal
2026-02-14 04:35:08.193751,Dubai-aea6,-13,65,Normal
2026-02-14 04:35:09.193751,Dubai-aea6,-3,60,Normal
2026-02-14 04:35:10.193751,Dubai-aea6,-28,15,Normal
2026-02-14 04:35:11.193751,Dubai-aea6,14,52,Normal
2026-02-14 04:35:12.193751,Dubai-aea6,8,13,Normal
2026-02-14 04:35:13.193751,Dubai-aea6,28,80,Normal
2026-02-14 04:35:14.193751,Dubai-aea6,-29,30,Normal
2026-02-14 04:35:15.193751,Dubai-aea6,39,32,Normal
2026-02-14 04:35:16.193751,Dubai-aea6,2,9,Normal
2026-02-14 04:35:17.193751,Dubai-aea6,17,91,Normal
2026-02-14 04:35:18.193751,Dubai-aea6,2,26,Normal
2026-02-14 04:35:19.193751,Dubai-aea6,7,38,Normal
2026-02-14 04:35:20.193751,Dubai-aea6,44,7,Normal
2026-02-14 04:35:21.193751,Dubai-aea6,42,100,Normal
2026-02-14 04:35:22.193751,Dubai-aea6,-3,82,Normal
2026-02-14 04:35:23.193751,Dubai-aea6,25,31,Normal
2026-02-14 04:35:24.193751,Dubai-aea6,1,8,Normal
2026-02-14 04:35:25.193751,Dubai-aea6,10,26,Normal
2026-02-14 04:35:26.193751,Dubai-aea6,20,64,Normal
2026-02-14 04:35:27.193751,Dubai-aea6,28,63,Normal
2026-02-14 04:35:28.193751,Dubai-aea6,-11,15,Normal
2026-02-14 04:35:29.193751,Dubai-aea6,-24,5,Normal
2026-02-14 04:35:30.193751,Dubai-aea6,16,20,Normal
2026-02-14 04:35:31.193751,Dubai-aea6,38,3,Normal
2026-02-14 04:35:32.193751,Dubai-aea6,-16,3,Normal
2026-02-14 04:35:33.193751,Dubai-aea6,-19,3,Normal
2026-02-14 04:35:34.193751,Dubai-aea6,-29,48,Normal
2026-02-14 04:35:35.193751,Dubai-aea6,13,61,Normal
2026-02-14 04:35:36.193751,Dubai-aea6,-16,85,Normal
2026-02-14 04:35:37.193751,Dubai-aea6,0,75,Normal
2026-02-14 04:35:38.193751,Dubai-aea6,45,30,Normal
2026-02-14 04:35:39.193751,Dubai-aea6,15,28,Normal
2026-02-14 04:35:40.193751,Dubai-aea6,-14,57,Normal
2026-02-14 04:35:41.193751,Dubai-aea6,49,64,Normal
2026-02-14 04:35:42.193751,Dubai-aea6,17,64,Normal
2026-02-14 04:35:43.193751,Dubai-aea6,35,50,Normal
2026-02-14 04:35:44.193751,Dubai-aea6,50,21,Normal
2026-02-14 04:35:45.193751,Dubai-aea6,41,53,Normal
2026-02-14 04:35:46.193751,Dubai-aea6,30,2,Normal
2026-02-14 04:35:47.193751,Dubai-aea6,-18,100,Normal
2026-02-14 04:35:48.193751,Dubai-aea6,-1,45,Normal
2026-02-14 04:35:49.193751,Dubai-aea6,-3,23,Normal
2026-02-14 04:35:50.193751,Dubai-aea6,49,23,Normal
2026-02-14 04:35:51.193751,Dubai-aea6,29,58,Normal
2026-02-14 04:35:52.193751,Dubai-aea6,-5,59,Normal
2026-02-14 04:35:53.193751,Dubai-aea6,25,54,Normal
2026-02-14 04:35:54.193751,Dubai-aea6,30,15,Normal
2026-02-14 04:35:55.193751,Dubai-aea6,47,62,Normal
2026-02-14 04:35:56.193751,Dubai-aea6,31,26,Normal
2026-02-14 04:35:57.193751,Dubai-aea6,19,68,Normal
2026-02-14 04:35:58.193751,Dubai-aea6,12,38,Normal
2026-02-14 04:35:59.193751,Dubai-aea6,-3,41,Normal
2026-02-14 04:36:00.193751,Dubai-aea6,21,30,Normal
2026-02-14 04:36:01.193751,Dubai-aea6,-11,59,Normal
2026-02-14 04:36:02.193751,Dubai-aea6,8,32,Normal
2026-02-14 04:36:03.193751,Dubai-aea6,23,95,Normal
2026-02-14 04:36:04.193751,Dubai-aea6,-26,44,Normal
2026-02-14 04:36:05.193751,Dubai-aea6,-5,75,Normal
2026-02-14 04:36:06.193751,Dubai-aea6,8,65,Normal
2026-02-14 04:36:07.193751,Dubai-aea6,46,46,Normal
2026-02-14 04:36:08.193751,Dubai-aea6,47,12,Normal
2026-02-14 04:36:09.193751,Dubai-aea6,-27,87,Normal
2026-02-14 04:36:10.193751,Dubai-aea6,-5,31,Normal
2026-02-14 04:36:11.193751,Dubai-aea6,-17,14,Normal
2026-02-14 04:36:12.193751,Dubai-aea6,5,42,Normal
2026-02-14 04:36:13.193751,Dubai-aea6,44,20,Normal
2026-02-14 04:36:14.193751,Dubai-aea6,49,97,Normal
2026-02-14 04:36:15.193751,Dubai-aea6,2,91,Normal
2026-02-14 04:36:16.193751,Dubai-aea6,44,42,Normal
2026-02-14 04:36:17.193751,Dubai-aea6,-7,27,Normal
2026-02-14 04:36:18.193751,Dubai-aea6,-22,97,Normal
2026-02-14 04:36:19.193751,Dubai-aea6,-1,38,Normal
2026-02-14 04:36:20.193751,Dubai-aea6,-8,55,Normal
2026-02-14 04:36:21.193751,Dubai-aea6,-19,38,Normal
2026-02-14 04:36:22.193751,Dubai-aea6,48,70,Normal
2026-02-14 04:36:23.193751,Dubai-aea6,-5,99,Normal
2026-02-14 04:36:24.193751,Dubai-aea6,-8,61,Normal
2026-02-14 04:36:25.193751,Dubai-aea6,37,27,Normal
2026-02-14 04:36:26.193751,Dubai-aea6,3,98,Normal
2026-02-14 04:36:27.193751,Dubai-aea6,-20,76,Normal
2026-02-14 04:36:28.193751,Dubai-aea6,38,96,Normal
2026-02-14 04:36:29.193751,Dubai-aea6,39,96,Normal
2026-02-14 04:36:30.193751,Dubai-aea6,24,39,Normal
2026-02-14 04:36:31.193751,Dubai-aea6,5,11,Normal
2026-02-14 04:36:32.193751,Dubai-aea6,-29,67,Normal
2026-02-14 04:36:33.193751,Dubai-aea6,-30,90,Normal
2026-02-14 04:36:34.193751,Dubai-aea6,-20,53,Normal
2026-02-14 04:36:35.193751,Dubai-aea6,9,48,Normal
2026-02-14 04:36:36.193751,Dubai-aea6,32,48,Normal
2026-02-14 04:36:37.193751,Dubai-aea6,33,64,Normal
2026-02-14 04:36:38.193751,Dubai-aea6,35,8,Normal
2026-02-14 04:36:39.193751,Dubai-aea6,40,21,Normal
2026-02-14 04:36:40.193751,Dubai-aea6,-5,63,Normal
2026-02-14 04:36:41.193751,Dubai-aea6,34,4,Normal
2026-02-14 04:36:42.193751,Dubai-aea6,29,5,Normal
2026-02-14 04:36:43.193751,Dubai-aea6,2,60,Normal
2026-02-14 04:36:44.193751,Dubai-aea6,46,94,Normal
2026-02-14 04:36:45.193751,Dubai-aea6,44,60,Normal
2026-02-14 04:36:46.193751,Dubai-aea6,-20,61,Normal
2026-02-14 04:36:47.193751,Dubai-aea6,-18,9,Normal
2026-02-14 04:36:48.193751,Dubai-aea6,-1,52,Normal
2026-02-14 04:36:49.193751,Dubai-aea6,32,49,Normal
2026-02-14 04:36:50.193751,Dubai-aea6,-12,99,Normal
2026-02-14 04:36:51.193751,Dubai-aea6,-27,85,Normal
2026-02-14 04:36:52.193751,Dubai-aea6,26,79,Normal
2026-02-14 04:36:53.193751,Dubai-aea6,-24,79,Normal
2026-02-14 04:36:54.193751,Dubai-aea6,-15,1,Normal
2026-02-14 04:36:55.193751,Dubai-aea6,5,10,Normal
2026-02-14 04:36:56.193751,Dubai-aea6,1,67,Normal
2026-02-14 04:36:57.193751,Dubai-aea6,13,64,Normal
2026-02-14 04:36:58.193751,Dubai-aea6,-29,27,Normal
2026-02-14 04:36:59.193751,Dubai-aea6,17,56,Normal
2026-02-14 04:37:00.193751,Dubai-aea6,14,53,Normal
2026-02-14 04:37:01.193751,Dubai-aea6,-12,48,Normal
2026-02-14 04:37:02.193751,Dubai-aea6,31,89,Normal
2026-02-14 04:37:03.193751,Dubai-aea6,13,44,Normal
2026-02-14 04:37:04.193751,Dubai-aea6,17,55,Normal
2026-02-14 04:37:05.193751,Dubai-aea6,-11,80,Normal
2026-02-14 04:37:06.193751,Dubai-aea6,0,1,Normal
2026-02-14 04:37:07.193751,Dubai-aea6,9,47,Normal
2026-02-14 04:37:08.193751,Dubai-aea6,31,62,Normal
2026-02-14 04:37:09.193751,Dubai-aea6,27,55,Normal
2026-02-14 04:37:10.193751,Dubai-aea6,44,23,Normal
2026-02-14 04:37:11.193751,Dubai-aea6,10,1,Normal
2026-02-14 04:37:12.193751,Dubai-aea6,-12,41,Normal
2026-02-14 04:37:13.193751,Dubai-aea6,33,62,Normal
2026-02-14 04:37:14.193751,Dubai-aea6,-9,86,Normal
2026-02-14 04:37:15.193751,Dubai-aea6,38,81,Normal
2026-02-14 04:37:16.193751,Dubai-aea6,25,25,Normal
2026-02-14 04:37:17.193751,Dubai-aea6,-13,61,Normal
2026-02-14 04:37:18.193751,Dubai-aea6,-1,73,Normal
2026-02-14 04:37:19.193751,Dubai-aea6,-9,26,Normal
2026-02-14 04:37:20.193751,Dubai-aea6,-15,23,Normal
2026-02-14 04:37:21.193751,Dubai-aea6,-29,20,Normal
2026-02-14 04:37:22.193751,Dubai-aea6,24,88,Normal
2026-02-14 04:37:23.193751,Dubai-aea6,29,49,Normal
2026-02-14 04:37:24.193751,Dubai-aea6,12,59,Normal
2026-02-14 04:37:25.193751,Dubai-aea6,48,82,Normal
2026-02-14 04:37:26.193751,Dubai-aea6,48,27,Normal
2026-02-14 04:37:27.193751,Dubai-aea6,47,56,Normal
2026-02-14 04:37:28.193751,Dubai-aea6,-1,65,Normal
2026-02-14 04:37:29.193751,Dubai-aea6,9,42,Normal
2026-02-14 04:37:30.193751,Dubai-aea6,8,42,Normal
2026-02-14 04:37:31.193751,Dubai-aea6,46,9,Normal
2026-02-14 04:37:32.193751,Dubai-aea6,13,68,Normal
2026-02-14 04:37:33.193751,Dubai-aea6,-5,70,Normal
2026-02-14 04:37:34.193751,Dubai-aea6,3,83,Normal
2026-02-14 04:37:35.193751,Dubai-aea6,-27,5,Normal
2026-02-14 04:37:36.193751,Dubai-aea6,10,98,Normal
2026-02-14 04:37:37.193751,Dubai-aea6,-6,82,Normal
2026-02-14 04:37:38.193751,Dubai-aea6,35,95,Normal
2026-02-14 04:37:39.193751,Dubai-aea6,45,78,Normal
2026-02-14 04:37:40.193751,Dubai-aea6,15,57,Normal
2026-02-14 04:37:41.193751,Dubai-aea6,-16,4,Normal
2026-02-14 04:37:42.193751,Dubai-aea6,26,56,Normal
2026-02-14 04:37:43.193751,Dubai-aea6,12,12,Normal
2026-02-14 04:37:44.193751,Dubai-aea6,23,27,Normal
2026-02-14 04:37:45.193751,Dubai-aea6,-27,82,Normal
2026-02-14 04:37:46.193751,Dubai-aea6,44,72,Normal
2026-02-14 04:37:47.193751,Dubai-aea6,27,71,Normal
2026-02-14 04:37:48.193751,Dubai-aea6,-16,49,Normal
2026-02-14 04:37:49.193751,Dubai-aea6,1,14,Normal
2026-02-14 04:37:50.193751,Dubai-aea6,24,96,Normal
2026-02-14 04:37:51.193751,Dubai-aea6,23,25,Normal
2026-02-14 04:37:52.193751,Dubai-aea6,20,86,Normal
2026-02-14 04:37:53.193751,Dubai-aea6,20,82,Normal
2026-02-14 04:37:54.193751,Dubai-aea6,-29,1,Normal
2026-02-14 04:37:55.193751,Dubai-aea6,-18,93,Normal
2026-02-14 04:37:56.193751,Dubai-aea6,-29,25,Normal
2026-02-14 04:37:57.193751,Dubai-aea6,-18,1,Normal
2026-02-14 04:37:58.193751,Dubai-aea6,-7,36,Normal
2026-02-14 04:37:59.193751,Dubai-aea6,-10,54,Normal
2026-02-14 04:38:00.193751,Dubai-aea6,38,8,Normal
2026-02-14 04:38:01.193751,Dubai-aea6,39,90,Normal
2026-02-14 04:38:02.193751,Dubai-aea6,37,13,Normal
2026-02-14 04:38:03.193751,Dubai-aea6,-9,0,Normal
2026-02-14 04:38:04.193751,Dubai-aea6,1,24,Normal
2026-02-14 04:38:05.193751,Dubai-aea6,-25,62,Normal
2026-02-14 04:38:06.193751,Dubai-aea6,26,9,Normal
2026-02-14 04:38:07.193751,Dubai-aea6,-4,98,Normal
2026-02-14 04:38:08.193751,Dubai-aea6,-10,60,Normal
2026-02-14 04:38:09.193751,Dubai-aea6,-5,20,Normal
2026-02-14 04:38:10.193751,Dubai-aea6,30,20,Normal
2026-02-14 04:38:11.193751,Dubai-aea6,-24,89,Normal
2026-02-14 04:38:12.193751,Dubai-aea6,46,94,Normal
2026-02-14 04:38:13.193751,Dubai-aea6,43,1,Normal
2026-02-14 04:38:14.193751,Dubai-aea6,27,70,Normal
2026-02-14 04:38:15.193751,Dubai-aea6,45,79,Normal
2026-02-14 04:38:16.193751,Dubai-aea6,-1,62,Normal
2026-02-14 04:38:17.193751,Dubai-aea6,45,6,Normal
2026-02-14 04:38:18.193751,Dubai-aea6,-27,58,Normal
2026-02-14 04:38:19.193751,Dubai-aea6,22,5,Normal
2026-02-14 04:38:20.193751,Dubai-aea6,-26,65,Normal
2026-02-14 04:38:21.193751,Dubai-aea6,17,44,Normal
2026-02-14 04:38:22.193751,Dubai-aea6,7,1,Normal
2026-02-14 04:38:23.193751,Dubai-aea6,-20,22,Normal
2026-02-14 04:38:24.193751,Dubai-aea6,-25,40,Normal
2026-02-14 04:38:25.193751,Dubai-aea6,47,32,Normal
2026-02-14 04:38:26.193751,Dubai-aea6,32,27,Normal
2026-02-14 04:38:27.193751,Dubai-aea6,-4,18,Normal
2026-02-14 04:38:28.193751,Dubai-aea6,3,11,Normal
2026-02-14 04:38:29.193751,Dubai-aea6,2,81,Normal
2026-02-14 04:38:30.193751,Dubai-aea6,-10,88,Normal
2026-02-14 04:38:31.193751,Dubai-aea6,19,16,Normal
2026-02-14 04:38:32.193751,Dubai-aea6,-30,40,Normal
2026-02-14 04:38:33.193751,Dubai-aea6,-28,25,Normal
2026-02-14 04:38:34.193751,Dubai-aea6,16,79,Normal
2026-02-14 04:38:35.193751,Dubai-aea6,17,16,Normal
2026-02-14 04:38:36.193751,Dubai-aea6,22,40,Normal
2026-02-14 04:38:37.193751,Dubai-aea6,-7,20,Normal
2026-02-14 04:38:38.193751,Dubai-aea6,-7,80,Normal
2026-02-14 04:38:39.193751,Dubai-aea6,24,51,Normal
2026-02-14 04:38:40.193751,Dubai-aea6,42,22,Normal
2026-02-14 04:38:41.193751,Dubai-aea6,25,66,Normal
2026-02-14 04:38:42.193751,Dubai-aea6,-17,3,Normal
2026-02-14 04:38:43.193751,Dubai-aea6,20,32,Normal
2026-02-14 04:38:44.193751,Dubai-aea6,-4,29,Normal
2026-02-14 04:38:45.193751,Dubai-aea6,-8,59,Normal
2026-02-14 04:38:46.193751,Dubai-aea6,-25,89,Normal
2026-02-14 04:38:47.193751,Dubai-aea6,29,56,Normal
2026-02-14 04:38:48.193751,Dubai-aea6,11,43,Normal
2026-02-14 04:38:49.193751,Dubai-aea6,-2,50,Normal
2026-02-14 04:38:50.193751,Dubai-aea6,40,96,Normal
2026-02-14 04:38:51.193751,Dubai-aea6,32,49,Normal
2026-02-14 04:38:52.193751,Dubai-aea6,42,1,Normal
2026-02-14 04:38:53.193751,Dubai-aea6,20,38,Normal
2026-02-14 04:38:54.193751,Dubai-aea6,31,91,Normal
2026-02-14 04:38:55.193751,Dubai-aea6,25,47,Normal
2026-02-14 04:38:56.193751,Dubai-aea6,16,28,Normal
2026-02-14 04:38:57.193751,Dubai-aea6,39,52,Normal
2026-02-14 04:38:58.193751,Dubai-aea6,10,62,Normal
2026-02-14 04:38:59.193751,Dubai-aea6,-21,81,Normal
2026-02-14 04:39:00.193751,Dubai-aea6,8,51,Normal
2026-02-14 04:39:01.193751,Dubai-aea6,47,14,Normal
2026-02-14 04:39:02.193751,Dubai-aea6,-9,25,Normal
2026-02-14 04:39:03.193751,Dubai-aea6,-9,30,Normal
2026-02-14 04:39:04.193751,Dubai-aea6,7,96,Normal
2026-02-14 04:39:05.193751,Dubai-aea6,6,93,Normal
2026-02-14 04:39:06.193751,Dubai-aea6,-5,78,Normal
2026-02-14 04:39:07.193751,Dubai-aea6,-19,39,Normal
2026-02-14 04:39:08.193751,Dubai-aea6,17,64,Normal
2026-02-14 04:39:09.193751,Dubai-aea6,10,46,Normal
2026-02-14 04:39:10.193751,Dubai-aea6,41,26,Normal
2026-02-14 04:39:11.193751,Dubai-aea6,49,43,Normal
2026-02-14 04:39:12.193751,Dubai-aea6,44,11,Normal
2026-02-14 04:39:13.193751,Dubai-aea6,30,28,Normal
2026-02-14 04:39:14.193751,Dubai-aea6,44,85,Normal
2026-02-14 04:39:15.193751,Dubai-aea6,-15,42,Normal
2026-02-14 04:39:16.193751,Dubai-aea6,36,66,Normal
2026-02-14 04:39:17.193751,Dubai-aea6,-14,23,Normal
2026-02-14 04:39:18.193751,Dubai-aea6,-20,12,Normal
2026-02-14 04:39:19.193751,Dubai-aea6,23,45,Normal
2026-02-14 04:39:20.193751,Dubai-aea6,7,76,Normal
2026-02-14 04:39:21.193751,Dubai-aea6,34,66,Normal
2026-02-14 04:39:22.193751,Dubai-aea6,2,54,Normal
2026-02-14 04:39:23.193751,Dubai-aea6,2,3,Normal
2026-02-14 04:39:24.193751,Dubai-aea6,-3,90,Normal
2026-02-14 04:39:25.193751,Dubai-aea6,-18,1,Normal
2026-02-14 04:39:26.193751,Dubai-aea6,39,72,Normal
2026-02-14 04:39:27.193751,Dubai-aea6,-20,66,Normal
2026-02-14 04:39:28.193751,Dubai-aea6,-27,76,Normal
2026-02-14 04:39:29.193751,Dubai-aea6,-26,34,Normal
2026-02-14 04:39:30.193751,Dubai-aea6,-7,44,Normal
2026-02-14 04:39:31.193751,Dubai-aea6,-17,56,Normal
2026-02-14 04:39:32.193751,Dubai-aea6,-12,43,Normal
2026-02-14 04:39:33.193751,Dubai-aea6,20,21,Normal
2026-02-14 04:39:34.193751,Dubai-aea6,9,27,Normal
2026-02-14 04:39:35.193751,Dubai-aea6,30,94,Normal
2026-02-14 04:39:36.193751,Dubai-aea6,18,19,Normal
2026-02-14 04:39:37.193751,Dubai-aea6,6,100,Normal
2026-02-14 04:39:38.193751,Dubai-aea6,36,34,Normal
2026-02-14 04:39:39.193751,Dubai-aea6,47,44,Normal
2026-02-14 04:39:40.193751,Dubai-aea6,4,88,Normal
2026-02-14 04:39:41.193751,Dubai-aea6,23,72,Normal
2026-02-14 04:39:42.193751,Dubai-aea6,18,9,Normal
2026-02-14 04:39:43.193751,Dubai-aea6,-26,62,Normal
2026-02-14 04:39:44.193751,Dubai-aea6,46,15,Normal
2026-02-14 04:39:45.193751,Dubai-aea6,10,54,Normal
2026-02-14 04:39:46.193751,Dubai-aea6,-27,40,Normal
2026-02-14 04:39:47.193751,Dubai-aea6,50,16,Normal
2026-02-14 04:39:48.193751,Dubai-aea6,32,8,Normal
2026-02-14 04:39:49.193751,Dubai-aea6,50,68,Normal
2026-02-14 04:39:50.193751,Dubai-aea6,48,30,Normal
2026-02-14 04:39:51.193751,Dubai-aea6,18,47,Normal
2026-02-14 04:39:52.193751,Dubai-aea6,25,77,Normal
2026-02-14 04:39:53.193751,Dubai-aea6,-17,7,Normal
2026-02-14 04:39:54.193751,Dubai-aea6,26,81,Normal
2026-02-14 04:39:55.193751,Dubai-aea6,-8,52,Normal
2026-02-14 04:39:56.193751,Dubai-aea6,30,12,Normal
2026-02-14 04:39:57.193751,Dubai-aea6,-23,13,Normal
2026-02-14 04:39:58.193751,Dubai-aea6,46,83,Normal
2026-02-14 04:39:59.193751,Dubai-aea6,37,92,Normal
2026-02-14 04:40:00.193751,Dubai-aea6,-29,66,Normal
2026-02-14 04:40:01.193751,Dubai-aea6,24,4,Normal
2026-02-14 04:40:02.193751,Dubai-aea6,-30,38,Normal
2026-02-14 04:40:03.193751,Dubai-aea6,-13,88,Normal
2026-02-14 04:40:04.193751,Dubai-aea6,-5,47,Normal
2026-02-14 04:40:05.193751,Dubai-aea6,0,64,Normal
2026-02-14 04:40:06.193751,Dubai-aea6,37,24,Normal
2026-02-14 04:40:07.193751,Dubai-aea6,-14,24,Normal
2026-02-14 04:40:08.193751,Dubai-aea6,13,59,Normal
2026-02-14 04:40:09.193751,Dubai-aea6,11,61,Normal
2026-02-14 04:40:10.193751,Dubai-aea6,22,99,Normal
2026-02-14 04:40:11.193751,Dubai-aea6,-2,98,Normal
2026-02-14 04:40:12.193751,Dubai-aea6,29,61,Normal
2026-02-14 04:40:13.193751,Dubai-aea6,31,5,Normal
2026-02-14 04:40:14.193751,Dubai-aea6,-28,81,Normal
2026-02-14 04:40:15.193751,Dubai-aea6,7,72,Normal
2026-02-14 04:40:16.193751,Dubai-aea6,42,20,Normal
2026-02-14 04:40:17.193751,Dubai-aea6,-9,94,Normal
2026-02-14 04:40:18.193751,Dubai-aea6,25,85,Normal
2026-02-14 04:40:19.193751,Dubai-aea6,-12,37,Normal
2026-02-14 04:40:20.193751,Dubai-aea6,24,58,Normal
2026-02-14 04:40:21.193751,Dubai-aea6,0,5,Normal
2026-02-14 04:40:22.193751,Dubai-aea6,4,47,Normal
2026-02-14 04:40:23.193751,Dubai-aea6,36,4,Normal
2026-02-14 04:40:24.193751,Dubai-aea6,-30,8,Normal
2026-02-14 04:40:25.193751,Dubai-aea6,29,92,Normal
2026-02-14 04:40:26.193751,Dubai-aea6,18,71,Normal
2026-02-14 04:40:27.193751,Dubai-aea6,41,10,Normal
2026-02-14 04:40:28.193751,Dubai-aea6,-26,16,Normal
2026-02-14 04:40:29.193751,Dubai-aea6,5,84,Normal
2026-02-14 04:40:30.193751,Dubai-aea6,-23,96,Normal
2026-02-14 04:40:31.193751,Dubai-aea6,-15,32,Normal
2026-02-14 04:40:32.193751,Dubai-aea6,24,62,Normal
2026-02-14 04:40:33.193751,Dubai-aea6,-13,97,Normal
2026-02-14 04:40:34.193751,Dubai-aea6,1,60,Normal
2026-02-14 04:40:35.193751,Dubai-aea6,8,70,Normal
2026-02-14 04:40:36.193751,Dubai-aea6,32,0,Normal
2026-02-14 04:40:37.193751,Dubai-aea6,47,40,Normal
2026-02-14 04:40:38.193751,Dubai-aea6,-11,34,Normal
2026-02-14 04:40:39.193751,Dubai-aea6,-19,24,Normal
2026-02-14 04:40:40.193751,Dubai-aea6,47,34,Normal
2026-02-14 04:40:41.193751,Dubai-aea6,35,68,Normal
2026-02-14 04:40:42.193751,Dubai-aea6,50,91,Normal
2026-02-14 04:40:43.193751,Dubai-aea6,-27,83,Normal
2026-02-14 04:40:44.193751,Dubai-aea6,25,17,Normal
2026-02-14 04:40:45.193751,Dubai-aea6,7,12,Normal
2026-02-14 04:40:46.193751,Dubai-aea6,13,34,Normal
2026-02-14 04:40:47.193751,Dubai-aea6,-12,49,Normal
2026-02-14 04:40:48.193751,Dubai-aea6,46,95,Normal
2026-02-14 04:40:49.193751,Dubai-aea6,-5,38,Normal
2026-02-14 04:40:50.193751,Dubai-aea6,-11,76,Normal
2026-02-14 04:40:51.193751,Dubai-aea6,30,9,Normal
2026-02-14 04:40:52.193751,Dubai-aea6,7,14,Normal
2026-02-14 04:40:53.193751,Dubai-aea6,41,56,Normal
2026-02-14 04:40:54.193751,Dubai-aea6,23,25,Normal
2026-02-14 04:40:55.193751,Dubai-aea6,-11,48,Normal
2026-02-14 04:40:56.193751,Dubai-aea6,50,47,Normal
2026-02-14 04:40:57.193751,Dubai-aea6,-5,12,Normal
2026-02-14 04:40:58.193751,Dubai-aea6,38,29,Normal
2026-02-14 04:40:59.193751,Dubai-aea6,-13,80,Normal
2026-02-14 04:41:00.193751,Dubai-aea6,-12,76,Normal
2026-02-14 04:41:01.193751,Dubai-aea6,-11,83,Normal
2026-02-14 04:41:02.193751,Dubai-aea6,23,23,Normal
2026-02-14 04:41:03.193751,Dubai-aea6,-22,77,Normal
2026-02-14 04:41:04.193751,Dubai-aea6,-29,19,Normal
2026-02-14 04:41:05.193751,Dubai-aea6,46,87,Normal
2026-02-14 04:41:06.193751,Dubai-aea6,-18,92,Normal
2026-02-14 04:41:07.193751,Dubai-aea6,25,46,Normal
2026-02-14 04:41:08.193751,Dubai-aea6,7,86,Normal
2026-02-14 04:41:09.193751,Dubai-aea6,-28,69,Normal
2026-02-14 04:41:10.193751,Dubai-aea6,-18,16,Normal
2026-02-14 04:41:11.193751,Dubai-aea6,8,6,Normal
2026-02-14 04:41:12.193751,Dubai-aea6,27,42,Normal
2026-02-14 04:41:13.193751,Dubai-aea6,12,39,Normal
2026-02-14 04:41:14.193751,Dubai-aea6,26,88,Normal
2026-02-14 04:41:15.193751,Dubai-aea6,14,91,Normal
2026-02-14 04:41:16.193751,Dubai-aea6,-14,32,Normal
2026-02-14 04:41:17.193751,Dubai-aea6,44,49,Normal
2026-02-14 04:41:18.193751,Dubai-aea6,47,49,Normal
2026-02-14 04:41:19.193751,Dubai-aea6,30,91,Normal
2026-02-14 04:41:20.193751,Dubai-aea6,-3,99,Normal
2026-02-14 04:41:21.193751,Dubai-aea6,25,79,Normal
2026-02-14 04:41:22.193751,Dubai-aea6,-20,49,Normal
2026-02-14 04:41:23.193751,Dubai-aea6,-7,36,Normal
2026-02-14 04:41:24.193751,Dubai-aea6,36,38,Normal
2026-02-14 04:41:25.193751,Dubai-aea6,-25,6,Normal
2026-02-14 04:41:26.193751,Dubai-aea6,5,73,Normal
2026-02-14 04:41:27.193751,Dubai-aea6,1,27,Normal
2026-02-14 04:41:28.193751,Dubai-aea6,41,34,Normal
2026-02-14 04:41:29.193751,Dubai-aea6,-29,1,Normal
2026-02-14 04:41:30.193751,Dubai-aea6,12,6,Normal
2026-02-14 04:41:31.193751,Dubai-aea6,35,78,Normal
2026-02-14 04:41:32.193751,Dubai-aea6,33,41,Normal
2026-02-14 04:41:33.193751,Dubai-aea6,11,90,Normal
2026-02-14 04:41:34.193751,Dubai-aea6,-19,32,Normal
2026-02-14 04:41:35.193751,Dubai-aea6,20,3,Normal
2026-02-14 04:41:36.193751,Dubai-aea6,49,18,Normal
2026-02-14 04:41:37.193751,Dubai-aea6,7,97,Normal
2026-02-14 04:41:38.193751,Dubai-aea6,25,24,Normal
2026-02-14 04:41:39.193751,Dubai-aea6,-11,77,Normal
2026-02-14 04:41:40.193751,Dubai-aea6,-27,95,Normal
2026-02-14 04:41:41.193751,Dubai-aea6,-6,80,Normal
2026-02-14 04:41:42.193751,Dubai-aea6,16,36,Normal
2026-02-14 04:41:43.193751,Dubai-aea6,-11,61,Normal
2026-02-14 04:41:44.193751,Dubai-aea6,7,47,Normal
2026-02-14 04:41:45.193751,Dubai-aea6,-12,16,Normal
2026-02-14 04:41:46.193751,Dubai-aea6,-14,8,Normal
2026-02-14 04:41:47.193751,Dubai-aea6,46,80,Normal
2026-02-14 04:41:48.193751,Dubai-aea6,6,36,Normal
2026-02-14 04:41:49.193751,Dubai-aea6,-18,55,Normal
2026-02-14 04:41:50.193751,Dubai-aea6,9,43,Normal
2026-02-14 04:41:51.193751,Dubai-aea6,3,53,Normal
2026-02-14 04:41:52.193751,Dubai-aea6,32,78,Normal
2026-02-14 04:41:53.193751,Dubai-aea6,8,10,Normal
2026-02-14 04:41:54.193751,Dubai-aea6,13,9,Normal
2026-02-14 04:41:55.193751,Dubai-aea6,25,72,Normal
2026-02-14 04:41:56.193751,Dubai-aea6,7,31,Normal
2026-02-14 04:41:57.193751,Dubai-aea6,-29,69,Normal
2026-02-14 04:41:58.193751,Dubai-aea6,29,31,Normal
2026-02-14 04:41:59.193751,Dubai-aea6,-26,86,Normal
2026-02-14 04:42:00.193751,Dubai-aea6,18,9,Normal
2026-02-14 04:42:01.193751,Dubai-aea6,34,66,Normal
2026-02-14 04:42:02.193751,Dubai-aea6,38,44,Normal
2026-02-14 04:42:03.193751,Dubai-aea6,32,23,Normal
2026-02-14 04:42:04.193751,Dubai-aea6,25,63,Normal
2026-02-14 04:42:05.193751,Dubai-aea6,49,29,Normal
2026-02-14 04:42:06.193751,Dubai-aea6,-26,34,Normal
2026-02-14 04:42:07.193751,Dubai-aea6,45,96,Normal
2026-02-14 04:42:08.193751,Dubai-aea6,7,81,Normal
2026-02-14 04:42:09.193751,Dubai-aea6,3,25,Normal
2026-02-14 04:42:10.193751,Dubai-aea6,33,26,Normal
2026-02-14 04:42:11.193751,Dubai-aea6,-13,83,Normal
2026-02-14 04:42:12.193751,Dubai-aea6,47,71,Normal
2026-02-14 04:42:13.193751,Dubai-aea6,-7,45,Normal
2026-02-14 04:42:14.193751,Dubai-aea6,36,58,Normal
2026-02-14 04:42:15.193751,Dubai-aea6,13,50,Normal
2026-02-14 04:42:16.193751,Dubai-aea6,-11,2,Normal
2026-02-14 04:42:17.193751,Dubai-aea6,13,33,Normal
2026-02-14 04:42:18.193751,Dubai-aea6,20,34,Normal
2026-02-14 04:42:19.193751,Dubai-aea6,11,53,Normal
2026-02-14 04:42:20.193751,Dubai-aea6,-14,13,Normal
2026-02-14 04:42:21.193751,Dubai-aea6,45,34,Normal
2026-02-14 04:42:22.193751,Dubai-aea6,7,33,Normal
2026-02-14 04:42:23.193751,Dubai-aea6,34,57,Normal
2026-02-14 04:42:24.193751,Dubai-aea6,10,97,Normal
2026-02-14 04:42:25.193751,Dubai-aea6,-17,11,Normal
2026-02-14 04:42:26.193751,Dubai-aea6,33,42,Normal
2026-02-14 04:42:27.193751,Dubai-aea6,-7,31,Normal
2026-02-14 04:42:28.193751,Dubai-aea6,-17,57,Normal
2026-02-14 04:42:29.193751,Dubai-aea6,50,0,Normal
2026-02-14 04:42:30.193751,Dubai-aea6,23,52,Normal
2026-02-14 04:42:31.193751,Dubai-aea6,-29,54,Normal
2026-02-14 04:42:32.193751,Dubai-aea6,-17,12,Normal
2026-02-14 04:42:33.193751,Dubai-aea6,-28,95,Normal
2026-02-14 04:42:34.193751,Dubai-aea6,19,27,Normal
2026-02-14 04:42:35.193751,Dubai-aea6,-28,33,Normal
2026-02-14 04:42:36.193751,Dubai-aea6,49,22,Normal
2026-02-14 04:42:37.193751,Dubai-aea6,38,97,Normal
2026-02-14 04:42:38.193751,Dubai-aea6,45,7,Normal
2026-02-14 04:42:39.193751,Dubai-aea6,39,9,Normal
2026-02-14 04:42:40.193751,Dubai-aea6,-12,42,Normal
2026-02-14 04:42:41.193751,Dubai-aea6,31,54,Normal
2026-02-14 04:42:42.193751,Dubai-aea6,37,67,Normal
2026-02-14 04:42:43.193751,Dubai-aea6,48,18,Normal
2026-02-14 04:42:44.193751,Dubai-aea6,2,85,Normal
2026-02-14 04:42:45.193751,Dubai-aea6,-20,39,Normal
2026-02-14 04:42:46.193751,Dubai-aea6,-26,60,Normal
2026-02-14 04:42:47.193751,Dubai-aea6,32,32,Normal
2026-02-14 04:42:48.193751,Dubai-aea6,-30,56,Normal
2026-02-14 04:42:49.193751,Dubai-aea6,30,9,Normal
2026-02-14 04:42:50.193751,Dubai-aea6,17,77,Normal
2026-02-14 04:42:51.193751,Dubai-aea6,9,84,Normal
2026-02-14 04:42:52.193751,Dubai-aea6,11,38,Normal
2026-02-14 04:42:53.193751,Dubai-aea6,5,38,Normal
2026-02-14 04:42:54.193751,Dubai-aea6,35,34,Normal
2026-02-14 04:42:55.193751,Dubai-aea6,21,13,Normal
2026-02-14 04:42:56.193751,Dubai-aea6,16,28,Normal
2026-02-14 04:42:57.193751,Dubai-aea6,-30,22,Normal
2026-02-14 04:42:58.193751,Dubai-aea6,30,86,Normal
2026-02-14 04:42:59.193751,Dubai-aea6,49,26,Normal
2026-02-14 04:43:00.193751,Dubai-aea6,49,80,Normal
2026-02-14 04:43:01.193751,Dubai-aea6,49,53,Normal
2026-02-14 04:43:02.193751,Dubai-aea6,48,12,Normal
2026-02-14 04:43:03.193751,Dubai-aea6,27,74,Normal
2026-02-14 04:43:04.193751,Dubai-aea6,46,33,Normal
2026-02-14 04:43:05.193751,Dubai-aea6,-25,17,Normal
2026-02-14 04:43:06.193751,Dubai-aea6,3,35,Normal
2026-02-14 04:43:07.193751,Dubai-aea6,45,53,Normal
2026-02-14 04:43:08.193751,Dubai-aea6,40,69,Normal
2026-02-14 04:43:09.193751,Dubai-aea6,13,0,Normal
2026-02-14 04:43:10.193751,Dubai-aea6,16,89,Normal
2026-02-14 04:43:11.193751,Dubai-aea6,49,61,Normal
2026-02-14 04:43:12.193751,Dubai-aea6,46,24,Normal
2026-02-14 04:43:13.193751,Dubai-aea6,-17,41,Normal
2026-02-14 04:43:14.193751,Dubai-aea6,41,0,Normal
2026-02-14 04:43:15.193751,Dubai-aea6,12,67,Normal
2026-02-14 04:43:16.193751,Dubai-aea6,-25,50,Normal
2026-02-14 04:43:17.193751,Dubai-aea6,-3,43,Normal
2026-02-14 04:43:18.193751,Dubai-aea6,-8,0,Normal
2026-02-14 04:43:19.193751,Dubai-aea6,13,31,Normal
2026-02-14 04:43:20.193751,Dubai-aea6,5,80,Normal
2026-02-14 04:43:21.193751,Dubai-aea6,-1,62,Normal
2026-02-14 04:43:22.193751,Dubai-aea6,46,83,Normal
2026-02-14 04:43:23.193751,Dubai-aea6,25,30,Normal
2026-02-14 04:43:24.193751,Dubai-aea6,28,66,Normal
2026-02-14 04:43:25.193751,Dubai-aea6,-11,72,Normal
2026-02-14 04:43:26.193751,Dubai-aea6,24,80,Normal
2026-02-14 04:43:27.193751,Dubai-aea6,26,29,Normal
2026-02-14 04:43:28.193751,Dubai-aea6,40,8,Normal
2026-02-14 04:43:29.193751,Dubai-aea6,8,20,Normal
2026-02-14 04:43:30.193751,Dubai-aea6,-21,63,Normal
2026-02-14 04:43:31.193751,Dubai-aea6,-17,98,Normal
2026-02-14 04:43:32.193751,Dubai-aea6,-5,10,Normal
2026-02-14 04:43:33.193751,Dubai-aea6,-23,74,Normal
2026-02-14 04:43:34.193751,Dubai-aea6,-6,85,Normal
2026-02-14 04:43:35.193751,Dubai-aea6,-26,44,Normal
2026-02-14 04:43:36.193751,Dubai-aea6,-19,69,Normal
2026-02-14 04:43:37.193751,Dubai-aea6,24,66,Normal
2026-02-14 04:43:38.193751,Dubai-aea6,-19,30,Normal
2026-02-14 04:43:39.193751,Dubai-aea6,10,22,Normal
2026-02-14 04:43:40.193751,Dubai-aea6,-29,76,Normal
2026-02-14 04:43:41.193751,Dubai-aea6,12,68,Normal
2026-02-14 04:43:42.193751,Dubai-aea6,-16,49,Normal
2026-02-14 04:43:43.193751,Dubai-aea6,-5,50,Normal
2026-02-14 04:43:44.193751,Dubai-aea6,50,7,Normal
2026-02-14 04:43:45.193751,Dubai-aea6,-20,80,Normal
2026-02-14 04:43:46.193751,Dubai-aea6,39,83,Normal
2026-02-14 04:43:47.193751,Dubai-aea6,40,43,Normal
2026-02-14 04:43:48.193751,Dubai-aea6,-21,23,Normal
2026-02-14 04:43:49.193751,Dubai-aea6,35,32,Normal
2026-02-14 04:43:50.193751,Dubai-aea6,26,11,Normal
2026-02-14 04:43:51.193751,Dubai-aea6,-5,90,Normal
2026-02-14 04:43:52.193751,Dubai-aea6,-28,18,Normal
2026-02-14 04:43:53.193751,Dubai-aea6,-15,48,Normal
2026-02-14 04:43:54.193751,Dubai-aea6,-7,72,Normal
2026-02-14 04:43:55.193751,Dubai-aea6,-13,25,Normal
2026-02-14 04:43:56.193751,Dubai-aea6,7,22,Normal
2026-02-14 04:43:57.193751,Dubai-aea6,-29,20,Normal
2026-02-14 04:43:58.193751,Dubai-aea6,7,94,Normal
2026-02-14 04:43:59.193751,Dubai-aea6,49,19,Normal
2026-02-14 04:44:00.193751,Dubai-aea6,3,5,Normal
2026-02-14 04:44:01.193751,Dubai-aea6,-5,99,Normal
2026-02-14 04:44:02.193751,Dubai-aea6,-14,87,Normal
2026-02-14 04:44:03.193751,Dubai-aea6,21,85,Normal
2026-02-14 04:44:04.193751,Dubai-aea6,-17,23,Normal
2026-02-14 04:44:05.193751,Dubai-aea6,-23,81,Normal
2026-02-14 04:44:06.193751,Dubai-aea6,23,73,Normal
2026-02-14 04:44:07.193751,Dubai-aea6,-26,8,Normal
2026-02-14 04:44:08.193751,Dubai-aea6,31,76,Normal
2026-02-14 04:44:09.193751,Dubai-aea6,17,4,Normal
2026-02-14 04:44:10.193751,Dubai-aea6,33,72,Normal
2026-02-14 04:44:11.193751,Dubai-aea6,33,17,Normal
2026-02-14 04:44:12.193751,Dubai-aea6,-1,42,Normal
2026-02-14 04:44:13.193751,Dubai-aea6,8,17,Normal
2026-02-14 04:44:14.193751,Dubai-aea6,18,49,Normal
2026-02-14 04:44:15.193751,Dubai-aea6,-27,26,Normal
2026-02-14 04:44:16.193751,Dubai-aea6,13,53,Normal
2026-02-14 04:44:17.193751,Dubai-aea6,48,5,Normal
2026-02-14 04:44:18.193751,Dubai-aea6,-23,7,Normal
2026-02-14 04:44:19.193751,Dubai-aea6,-9,21,Normal
2026-02-14 04:44:20.193751,Dubai-aea6,-29,77,Normal
2026-02-14 04:44:21.193751,Dubai-aea6,14,65,Normal
2026-02-14 04:44:22.193751,Dubai-aea6,25,76,Normal
2026-02-14 04:44:23.193751,Dubai-aea6,11,67,Normal
2026-02-14 04:44:24.193751,Dubai-aea6,23,81,Normal
2026-02-14 04:44:25.193751,Dubai-aea6,24,61,Normal
2026-02-14 04:44:26.193751,Dubai-aea6,-30,18,Normal
2026-02-14 04:44:27.193751,Dubai-aea6,8,54,Normal
2026-02-14 04:44:28.193751,Dubai-aea6,38,88,Normal
2026-02-14 04:44:29.193751,Dubai-aea6,-27,64,Normal
2026-02-14 04:44:30.193751,Dubai-aea6,-23,95,Normal
2026-02-14 04:44:31.193751,Dubai-aea6,9,16,Normal
2026-02-14 04:44:32.193751,Dubai-aea6,43,76,Normal
2026-02-14 04:44:33.193751,Dubai-aea6,27,66,Normal
2026-02-14 04:44:34.193751,Dubai-aea6,-28,70,Normal
2026-02-14 04:44:35.193751,Dubai-aea6,-10,91,Normal
2026-02-14 04:44:36.193751,Dubai-aea6,31,48,Normal
2026-02-14 04:44:37.193751,Dubai-aea6,12,66,Normal
2026-02-14 04:44:38.193751,Dubai-aea6,8,95,Normal
2026-02-14 04:44:39.193751,Dubai-aea6,15,0,Normal
2026-02-14 04:44:40.193751,Dubai-aea6,38,97,Normal
2026-02-14 04:44:41.193751,Dubai-aea6,40,73,Normal
2026-02-14 04:44:42.193751,Dubai-aea6,-25,14,Normal
2026-02-14 04:44:43.193751,Dubai-aea6,-20,29,Normal
2026-02-14 04:44:44.193751,Dubai-aea6,-15,96,Normal
2026-02-14 04:44:45.193751,Dubai-aea6,29,73,Normal
2026-02-14 04:44:46.193751,Dubai-aea6,20,6,Normal
2026-02-14 04:44:47.193751,Dubai-aea6,-22,70,Normal
2026-02-14 04:44:48.193751,Dubai-aea6,-24,70,Normal
2026-02-14 04:44:49.193751,Dubai-aea6,43,12,Normal
2026-02-14 04:44:50.193751,Dubai-aea6,6,8,Normal
2026-02-14 04:44:51.193751,Dubai-aea6,-22,29,Normal
2026-02-14 04:44:52.193751,Dubai-aea6,-28,42,Normal
2026-02-14 04:44:53.193751,Dubai-aea6,25,20,Normal
2026-02-14 04:44:54.193751,Dubai-aea6,21,65,Normal
2026-02-14 04:44:55.193751,Dubai-aea6,48,14,Normal
2026-02-14 04:44:56.193751,Dubai-aea6,45,91,Normal
2026-02-14 04:44:57.193751,Dubai-aea6,49,20,Normal
2026-02-14 04:44:58.193751,Dubai-aea6,27,38,Normal
2026-02-14 04:44:59.193751,Dubai-aea6,-11,30,Normal
2026-02-14 04:45:00.193751,Dubai-aea6,-22,7,Normal
2026-02-14 04:45:01.193751,Dubai-aea6,3,52,Normal
2026-02-14 04:45:02.193751,Dubai-aea6,-10,69,Normal
2026-02-14 04:45:03.193751,Dubai-aea6,-3,84,Normal
2026-02-14 04:45:04.193751,Dubai-aea6,-25,23,Normal
2026-02-14 04:45:05.193751,Dubai-aea6,48,17,Normal
2026-02-14 04:45:06.193751,Dubai-aea6,18,23,Normal
2026-02-14 04:45:07.193751,Dubai-aea6,22,5,Normal
2026-02-14 04:45:08.193751,Dubai-aea6,-1,97,Normal
2026-02-14 04:45:09.193751,Dubai-aea6,40,40,Normal
2026-02-14 04:45:10.193751,Dubai-aea6,-26,34,Normal
2026-02-14 04:45:11.193751,Dubai-aea6,27,29,Normal
2026-02-14 04:45:12.193751,Dubai-aea6,19,27,Normal
2026-02-14 04:45:13.193751,Dubai-aea6,6,84,Normal
2026-02-14 04:45:14.193751,Dubai-aea6,32,94,Normal
2026-02-14 04:45:15.193751,Dubai-aea6,-8,10,Normal
2026-02-14 04:45:16.193751,Dubai-aea6,40,81,Normal
2026-02-14 04:45:17.193751,Dubai-aea6,44,51,Normal
2026-02-14 04:45:18.193751,Dubai-aea6,21,12,Normal
2026-02-14 04:45:19.193751,Dubai-aea6,-24,80,Normal
2026-02-14 04:45:20.193751,Dubai-aea6,49,0,Normal
2026-02-14 04:45:21.193751,Dubai-aea6,31,87,Normal
2026-02-14 04:45:22.193751,Dubai-aea6,-23,6,Normal
2026-02-14 04:45:23.193751,Dubai-aea6,0,62,Normal
2026-02-14 04:45:24.193751,Dubai-aea6,2,80,Normal
2026-02-14 04:45:25.193751,Dubai-aea6,-27,1,Normal
2026-02-14 04:45:26.193751,Dubai-aea6,-29,83,Normal
2026-02-14 04:45:27.193751,Dubai-aea6,43,10,Normal
2026-02-14 04:45:28.193751,Dubai-aea6,18,2,Normal
2026-02-14 04:45:29.193751,Dubai-aea6,20,30,Normal
2026-02-14 04:45:30.193751,Dubai-aea6,21,10,Normal
2026-02-14 04:45:31.193751,Dubai-aea6,-23,99,Normal
2026-02-14 04:45:32.193751,Dubai-aea6,-18,80,Normal
2026-02-14 04:45:33.193751,Dubai-aea6,-14,40,Normal
2026-02-14 04:45:34.193751,Dubai-aea6,18,55,Normal
2026-02-14 04:45:35.193751,Dubai-aea6,19,37,Normal
2026-02-14 04:45:36.193751,Dubai-aea6,-14,13,Normal
2026-02-14 04:45:37.193751,Dubai-aea6,6,52,Normal
2026-02-14 04:45:38.193751,Dubai-aea6,35,86,Normal
2026-02-14 04:45:39.193751,Dubai-aea6,16,92,Normal
2026-02-14 04:45:40.193751,Dubai-aea6,40,41,Normal
2026-02-14 04:45:41.193751,Dubai-aea6,-17,9,Normal
2026-02-14 04:45:42.193751,Dubai-aea6,0,63,Normal
2026-02-14 04:45:43.193751,Dubai-aea6,48,24,Normal
2026-02-14 04:45:44.193751,Dubai-aea6,9,2,Normal
2026-02-14 04:45:45.193751,Dubai-aea6,5,54,Normal
2026-02-14 04:45:46.193751,Dubai-aea6,39,57,Normal
2026-02-14 04:45:47.193751,Dubai-aea6,25,32,Normal
2026-02-14 04:45:48.193751,Dubai-aea6,2,37,Normal
2026-02-14 04:45:49.193751,Dubai-aea6,5,52,Normal
2026-02-14 04:45:50.193751,Dubai-aea6,-23,99,Normal
2026-02-14 04:45:51.193751,Dubai-aea6,36,74,Normal
2026-02-14 04:45:52.193751,Dubai-aea6,31,23,Normal
2026-02-14 04:45:53.193751,Dubai-aea6,19,60,Normal
2026-02-14 04:45:54.193751,Dubai-aea6,11,2,Normal
2026-02-14 04:45:55.193751,Dubai-aea6,31,53,Normal
2026-02-14 04:45:56.193751,Dubai-aea6,-27,95,Normal
2026-02-14 04:45:57.193751,Dubai-aea6,-3,15,Normal
2026-02-14 04:45:58.193751,Dubai-aea6,28,96,Normal
2026-02-14 04:45:59.193751,Dubai-aea6,-17,61,Normal
2026-02-14 04:46:00.193751,Dubai-aea6,17,15,Normal
2026-02-14 04:46:01.193751,Dubai-aea6,2,82,Normal
2026-02-14 04:46:02.193751,Dubai-aea6,-22,60,Normal
2026-02-14 04:46:03.193751,Dubai-aea6,33,12,Normal
2026-02-14 04:46:04.193751,Dubai-aea6,-9,8,Normal
2026-02-14 04:46:05.193751,Dubai-aea6,-18,31,Normal
2026-02-14 04:46:06.193751,Dubai-aea6,-18,88,Normal
2026-02-14 04:46:07.193751,Dubai-aea6,20,68,Normal
2026-02-14 04:46:08.193751,Dubai-aea6,26,47,Normal
2026-02-14 04:46:09.193751,Dubai-aea6,20,84,Normal
2026-02-14 04:46:10.193751,Dubai-aea6,19,44,Normal
2026-02-14 04:46:11.193751,Dubai-aea6,-30,66,Normal
2026-02-14 04:46:12.193751,Dubai-aea6,37,25,Normal
2026-02-14 04:46:13.193751,Dubai-aea6,22,21,Normal
2026-02-14 04:46:14.193751,Dubai-aea6,34,19,Normal
2026-02-14 04:46:15.193751,Dubai-aea6,-29,99,Normal
2026-02-14 04:46:16.193751,Dubai-aea6,17,28,Normal
2026-02-14 04:46:17.193751,Dubai-aea6,33,92,Normal
2026-02-14 04:46:18.193751,Dubai-aea6,-14,0,Normal
2026-02-14 04:46:19.193751,Dubai-aea6,-19,93,Normal
2026-02-14 04:46:20.193751,Dubai-aea6,-22,24,Normal
2026-02-14 04:46:21.193751,Dubai-aea6,40,89,Normal
2026-02-14 04:46:22.193751,Dubai-aea6,-23,9,Normal
2026-02-14 04:46:23.193751,Dubai-aea6,-18,80,Normal
2026-02-14 04:46:24.193751,Dubai-aea6,38,70,Normal
2026-02-14 04:46:25.193751,Dubai-aea6,15,90,Normal
2026-02-14 04:46:26.193751,Dubai-aea6,8,19,Normal
2026-02-14 04:46:27.193751,Dubai-aea6,12,55,Normal
2026-02-14 04:46:28.193751,Dubai-aea6,29,42,Normal
2026-02-14 04:46:29.193751,Dubai-aea6,31,17,Normal
2026-02-14 04:46:30.193751,Dubai-aea6,-19,87,Normal
2026-02-14 04:46:31.193751,Dubai-aea6,-9,93,Normal
2026-02-14 04:46:32.193751,Dubai-aea6,-28,9,Normal
2026-02-14 04:46:33.193751,Dubai-aea6,49,33,Normal
2026-02-14 04:46:34.193751,Dubai-aea6,28,100,Normal
2026-02-14 04:46:35.193751,Dubai-aea6,-8,99,Normal
2026-02-14 04:46:36.193751,Dubai-aea6,7,16,Normal
2026-02-14 04:46:37.193751,Dubai-aea6,20,6,Normal
2026-02-14 04:46:38.193751,Dubai-aea6,36,53,Normal
2026-02-14 04:46:39.193751,Dubai-aea6,-28,31,Normal
2026-02-14 04:46:40.193751,Dubai-aea6,39,88,Normal
2026-02-14 04:46:41.193751,Dubai-aea6,-12,18,Normal
2026-02-14 04:46:42.193751,Dubai-aea6,-16,19,Normal
2026-02-14 04:46:43.193751,Dubai-aea6,30,26,Normal
2026-02-14 04:46:44.193751,Dubai-aea6,19,97,Normal
2026-02-14 04:46:45.193751,Dubai-aea6,-19,40,Normal
2026-02-14 04:46:46.193751,Dubai-aea6,-18,84,Normal
2026-02-14 04:46:47.193751,Dubai-aea6,14,14,Normal
2026-02-14 04:46:48.193751,Dubai-aea6,-2,68,Normal
2026-02-14 04:46:49.193751,Dubai-aea6,15,91,Normal
2026-02-14 04:46:50.193751,Dubai-aea6,33,45,Normal
2026-02-14 04:46:51.193751,Dubai-aea6,32,81,Normal
2026-02-14 04:46:52.193751,Dubai-aea6,-4,48,Normal
2026-02-14 04:46:53.193751,Dubai-aea6,24,79,Normal
2026-02-14 04:46:54.193751,Dubai-aea6,40,50,Normal
2026-02-14 04:46:55.193751,Dubai-aea6,23,51,Normal
2026-02-14 04:46:56.193751,Dubai-aea6,1,36,Normal
2026-02-14 04:46:57.193751,Dubai-aea6,38,32,Normal
2026-02-14 04:46:58.193751,Dubai-aea6,15,99,Normal
2026-02-14 04:46:59.193751,Dubai-aea6,-6,19,Normal
2026-02-14 04:47:00.193751,Dubai-aea6,27,98,Normal
2026-02-14 04:47:01.193751,Dubai-aea6,-16,25,Normal
2026-02-14 04:47:02.193751,Dubai-aea6,-30,77,Normal
2026-02-14 04:47:03.193751,Dubai-aea6,23,30,Normal
2026-02-14 04:47:04.193751,Dubai-aea6,33,42,Normal
2026-02-14 04:47:05.193751,Dubai-aea6,-29,79,Normal
2026-02-14 04:47:06.193751,Dubai-aea6,-12,8,Normal
2026-02-14 04:47:07.193751,Dubai-aea6,-5,44,Normal
2026-02-14 04:47:08.193751,Dubai-aea6,22,6,Normal
2026-02-14 04:47:09.193751,Dubai-aea6,25,32,Normal
2026-02-14 04:47:10.193751,Dubai-aea6,-7,89,Normal
2026-02-14 04:47:11.193751,Dubai-aea6,12,71,Normal
2026-02-14 04:47:12.193751,Dubai-aea6,3,17,Normal
2026-02-14 04:47:13.193751,Dubai-aea6,27,6,Normal
2026-02-14 04:47:14.193751,Dubai-aea6,49,67,Normal
2026-02-14 04:47:15.193751,Dubai-aea6,7,95,Normal
2026-02-14 04:47:16.193751,Dubai-aea6,27,21,Normal
2026-02-14 04:47:17.193751,Dubai-aea6,8,20,Normal
2026-02-14 04:47:18.193751,Dubai-aea6,24,35,Normal
2026-02-14 04:47:19.193751,Dubai-aea6,9,14,Normal
2026-02-14 04:47:20.193751,Dubai-aea6,-24,61,Normal
2026-02-14 04:47:21.193751,Dubai-aea6,-17,99,Normal
2026-02-14 04:47:22.193751,Dubai-aea6,-12,91,Normal
2026-02-14 04:47:23.193751,Dubai-aea6,-2,73,Normal
2026-02-14 04:47:24.193751,Dubai-aea6,8,95,Normal
2026-02-14 04:47:25.193751,Dubai-aea6,29,87,Normal
2026-02-14 04:47:26.193751,Dubai-aea6,5,8,Normal
2026-02-14 04:47:27.193751,Dubai-aea6,12,69,Normal
2026-02-14 04:47:28.193751,Dubai-aea6,34,37,Normal
2026-02-14 04:47:29.193751,Dubai-aea6,43,38,Normal
2026-02-14 04:47:30.193751,Dubai-aea6,-25,22,Normal
2026-02-14 04:47:31.193751,Dubai-aea6,5,98,Normal
2026-02-14 04:47:32.193751,Dubai-aea6,50,6,Normal
2026-02-14 04:47:33.193751,Dubai-aea6,19,46,Normal
2026-02-14 04:47:34.193751,Dubai-aea6,-8,3,Normal
2026-02-14 04:47:35.193751,Dubai-aea6,6,79,Normal
2026-02-14 04:47:36.193751,Dubai-aea6,36,51,Normal
2026-02-14 04:47:37.193751,Dubai-aea6,15,94,Normal
2026-02-14 04:47:38.193751,Dubai-aea6,30,93,Normal
2026-02-14 04:47:39.193751,Dubai-aea6,-1,88,Normal
2026-02-14 04:47:40.193751,Dubai-aea6,14,100,Normal
2026-02-14 04:47:41.193751,Dubai-aea6,-18,96,Normal
2026-02-14 04:47:42.193751,Dubai-aea6,50,68,Normal
2026-02-14 04:47:43.193751,Dubai-aea6,35,92,Normal
2026-02-14 04:47:44.193751,Dubai-aea6,46,33,Normal
2026-02-14 04:47:45.193751,Dubai-aea6,9,96,Normal
2026-02-14 04:47:46.193751,Dubai-aea6,42,89,Normal
2026-02-14 04:47:47.193751,Dubai-aea6,-11,69,Normal
2026-02-14 04:47:48.193751,Dubai-aea6,2,17,Normal
2026-02-14 04:47:49.193751,Dubai-aea6,9,13,Normal
2026-02-14 04:47:50.193751,Dubai-aea6,11,52,Normal
2026-02-14 04:47:51.193751,Dubai-aea6,27,84,Normal
2026-02-14 04:47:52.193751,Dubai-aea6,-10,71,Normal
2026-02-14 04:47:53.193751,Dubai-aea6,28,39,Normal
2026-02-14 04:47:54.193751,Dubai-aea6,41,66,Normal
2026-02-14 04:47:55.193751,Dubai-aea6,-27,25,Normal
2026-02-14 04:47:56.193751,Dubai-aea6,16,72,Normal
2026-02-14 04:47:57.193751,Dubai-aea6,25,87,Normal
2026-02-14 04:47:58.193751,Dubai-aea6,17,25,Normal
2026-02-14 04:47:59.193751,Dubai-aea6,-9,39,Normal
2026-02-14 04:48:00.193751,Dubai-aea6,-22,38,Normal
2026-02-14 04:48:01.193751,Dubai-aea6,-11,74,Normal
2026-02-14 04:48:02.193751,Dubai-aea6,18,35,Normal
2026-02-14 04:48:03.193751,Dubai-aea6,7,31,Normal
2026-02-14 04:48:04.193751,Dubai-aea6,15,29,Normal
2026-02-14 04:48:05.193751,Dubai-aea6,42,7,Normal
2026-02-14 04:48:06.193751,Dubai-aea6,14,70,Normal
2026-02-14 04:48:07.193751,Dubai-aea6,-28,31,Normal
2026-02-14 04:48:08.193751,Dubai-aea6,14,97,Normal
2026-02-14 04:48:09.193751,Dubai-aea6,-1,76,Normal
2026-02-14 04:48:10.193751,Dubai-aea6,-18,37,Normal
2026-02-14 04:48:11.193751,Dubai-aea6,27,85,Normal
2026-02-14 04:48:12.193751,Dubai-aea6,-24,39,Normal
2026-02-14 04:48:13.193751,Dubai-aea6,43,76,Normal
2026-02-14 04:48:14.193751,Dubai-aea6,20,6,Normal
2026-02-14 04:48:15.193751,Dubai-aea6,43,31,Normal
2026-02-14 04:48:16.193751,Dubai-aea6,32,51,Normal
2026-02-14 04:48:17.193751,Dubai-aea6,43,62,Normal
2026-02-14 04:48:18.193751,Dubai-aea6,14,8,Normal
2026-02-14 04:48:19.193751,Dubai-aea6,21,93,Normal
2026-02-14 04:48:20.193751,Dubai-aea6,4,13,Normal
2026-02-14 04:48:21.193751,Dubai-aea6,-29,89,Normal
2026-02-14 04:48:22.193751,Dubai-aea6,22,92,Normal
2026-02-14 04:48:23.193751,Dubai-aea6,46,96,Normal
2026-02-14 04:48:24.193751,Dubai-aea6,11,95,Normal
2026-02-14 04:48:25.193751,Dubai-aea6,17,38,Normal
2026-02-14 04:48:26.193751,Dubai-aea6,-11,79,Normal
2026-02-14 04:48:27.193751,Dubai-aea6,21,85,Normal
2026-02-14 04:48:28.193751,Dubai-aea6,20,8,Normal
2026-02-14 04:48:29.193751,Dubai-aea6,-28,5,Normal
2026-02-14 04:48:30.193751,Dubai-aea6,-27,87,Normal
2026-02-14 04:48:31.193751,Dubai-aea6,1,66,Normal
2026-02-14 04:48:32.193751,Dubai-aea6,11,66,Normal
2026-02-14 04:48:33.193751,Dubai-aea6,28,24,Normal
2026-02-14 04:48:34.193751,Dubai-aea6,9,35,Normal
2026-02-14 04:48:35.193751,Dubai-aea6,-16,17,Normal
2026-02-14 04:48:36.193751,Dubai-aea6,46,50,Normal
2026-02-14 04:48:37.193751,Dubai-aea6,-30,94,Normal
2026-02-14 04:48:38.193751,Dubai-aea6,47,50,Normal
2026-02-14 04:48:39.193751,Dubai-aea6,1,14,Normal
2026-02-14 04:48:40.193751,Dubai-aea6,7,95,Normal
2026-02-14 04:48:41.193751,Dubai-aea6,-17,74,Normal
2026-02-14 04:48:42.193751,Dubai-aea6,-21,64,Normal
2026-02-14 04:48:43.193751,Dubai-aea6,47,28,Normal
2026-02-14 04:48:44.193751,Dubai-aea6,23,21,Normal
2026-02-14 04:48:45.193751,Dubai-aea6,6,54,Normal
2026-02-14 04:48:46.193751,Dubai-aea6,35,13,Normal
2026-02-14 04:48:47.193751,Dubai-aea6,33,58,Normal
2026-02-14 04:48:48.193751,Dubai-aea6,30,21,Normal
2026-02-14 04:48:49.193751,Dubai-aea6,46,30,Normal
2026-02-14 04:48:50.193751,Dubai-aea6,10,33,Normal
2026-02-14 04:48:51.193751,Dubai-aea6,37,25,Normal
2026-02-14 04:48:52.193751,Dubai-aea6,31,56,Normal
2026-02-14 04:48:53.193751,Dubai-aea6,1,62,Normal
2026-02-14 04:48:54.193751,Dubai-aea6,5,8,Normal
2026-02-14 04:48:55.193751,Dubai-aea6,-7,92,Normal
2026-02-14 04:48:56.193751,Dubai-aea6,-29,69,Normal
2026-02-14 04:48:57.193751,Dubai-aea6,-24,48,Normal
2026-02-14 04:48:58.193751,Dubai-aea6,13,31,Normal
2026-02-14 04:48:59.193751,Dubai-aea6,-1,83,Normal
2026-02-14 04:49:00.193751,Dubai-aea6,45,100,Normal
2026-02-14 04:49:01.193751,Dubai-aea6,36,41,Normal
2026-02-14 04:49:02.193751,Dubai-aea6,-3,34,Normal
2026-02-14 04:49:03.193751,Dubai-aea6,37,79,Normal
2026-02-14 04:49:04.193751,Dubai-aea6,27,83,Normal
2026-02-14 04:49:05.193751,Dubai-aea6,-17,58,Normal
2026-02-14 04:49:06.193751,Dubai-aea6,-19,37,Normal
2026-02-14 04:49:07.193751,Dubai-aea6,23,85,Normal
2026-02-14 04:49:08.193751,Dubai-aea6,-15,23,Normal
2026-02-14 04:49:09.193751,Dubai-aea6,13,65,Normal
2026-02-14 04:49:10.193751,Dubai-aea6,-11,84,Normal
2026-02-14 04:49:11.193751,Dubai-aea6,-22,80,Normal
2026-02-14 04:49:12.193751,Dubai-aea6,-19,74,Normal
2026-02-14 04:49:13.193751,Dubai-aea6,-2,24,Normal
2026-02-14 04:49:14.193751,Dubai-aea6,3,0,Normal
2026-02-14 04:49:15.193751,Dubai-aea6,9,18,Normal
2026-02-14 04:49:16.193751,Dubai-aea6,9,13,Normal
2026-02-14 04:49:17.193751,Dubai-aea6,21,86,Normal
2026-02-14 04:49:18.193751,Dubai-aea6,37,80,Normal
2026-02-14 04:49:19.193751,Dubai-aea6,39,74,Normal
2026-02-14 04:49:20.193751,Dubai-aea6,-28,24,Normal
2026-02-14 04:49:21.193751,Dubai-aea6,-13,86,Normal
2026-02-14 04:49:22.193751,Dubai-aea6,31,51,Normal
2026-02-14 04:49:23.193751,Dubai-aea6,50,12,Normal
2026-02-14 04:49:24.193751,Dubai-aea6,24,97,Normal
2026-02-14 04:49:25.193751,Dubai-aea6,27,80,Normal
2026-02-14 04:49:26.193751,Dubai-aea6,8,3,Normal
2026-02-14 04:49:27.193751,Dubai-aea6,3,5,Normal
2026-02-14 04:49:28.193751,Dubai-aea6,-29,100,Normal
2026-02-14 04:49:29.193751,Dubai-aea6,45,1,Normal
2026-02-14 04:49:30.193751,Dubai-aea6,50,86,Normal
2026-02-14 04:49:31.193751,Dubai-aea6,42,49,Normal
2026-02-14 04:49:32.193751,Dubai-aea6,28,14,Normal
2026-02-14 04:49:33.193751,Dubai-aea6,4,89,Normal
2026-02-14 04:49:34.193751,Dubai-aea6,38,12,Normal
2026-02-14 04:49:35.193751,Dubai-aea6,39,22,Normal
2026-02-14 04:49:36.193751,Dubai-aea6,28,59,Normal
2026-02-14 04:49:37.193751,Dubai-aea6,34,78,Normal
2026-02-14 04:49:38.193751,Dubai-aea6,29,32,Normal
2026-02-14 04:49:39.193751,Dubai-aea6,1,16,Normal
2026-02-14 04:49:40.193751,Dubai-aea6,-13,42,Normal
2026-02-14 04:49:41.193751,Dubai-aea6,22,87,Normal
2026-02-14 04:49:42.193751,Dubai-aea6,22,10,Normal
2026-02-14 04:49:43.193751,Dubai-aea6,-14,33,Normal
2026-02-14 04:49:44.193751,Dubai-aea6,-3,9,Normal
2026-02-14 04:49:45.193751,Dubai-aea6,41,25,Normal
2026-02-14 04:49:46.193751,Dubai-aea6,7,99,Normal
2026-02-14 04:49:47.193751,Dubai-aea6,9,12,Normal
2026-02-14 04:49:48.193751,Dubai-aea6,-1,75,Normal
2026-02-14 04:49:49.193751,Dubai-aea6,-6,48,Normal
2026-02-14 04:49:50.193751,Dubai-aea6,8,11,Normal
2026-02-14 04:49:51.193751,Dubai-aea6,18,100,Normal
2026-02-14 04:49:52.193751,Dubai-aea6,-1,38,Normal
2026-02-14 04:49:53.193751,Dubai-aea6,-15,79,Normal
2026-02-14 04:49:54.193751,Dubai-aea6,26,99,Normal
2026-02-14 04:49:55.193751,Dubai-aea6,30,17,Normal
2026-02-14 04:49:56.193751,Dubai-aea6,-9,57,Normal
2026-02-14 04:49:57.193751,Dubai-aea6,35,24,Normal
2026-02-14 04:49:58.193751,Dubai-aea6,-2,38,Normal
2026-02-14 04:49:59.193751,Dubai-aea6,14,8,Normal
2026-02-14 04:50:00.193751,Dubai-aea6,-27,28,Normal
2026-02-14 04:50:01.193751,Dubai-aea6,-9,68,Normal
2026-02-14 04:50:02.193751,Dubai-aea6,2,46,Normal
2026-02-14 04:50:03.193751,Dubai-aea6,33,12,Normal
2026-02-14 04:50:04.193751,Dubai-aea6,5,46,Normal
2026-02-14 04:50:05.193751,Dubai-aea6,9,95,Normal
2026-02-14 04:50:06.193751,Dubai-aea6,-8,23,Normal
2026-02-14 04:50:07.193751,Dubai-aea6,-21,49,Normal
2026-02-14 04:50:08.193751,Dubai-aea6,3,59,Normal
2026-02-14 04:50:09.193751,Dubai-aea6,-15,87,Normal
2026-02-14 04:50:10.193751,Dubai-aea6,-26,24,Normal
2026-02-14 04:50:11.193751,Dubai-aea6,40,11,Normal
2026-02-14 04:50:12.193751,Dubai-aea6,25,62,Normal
2026-02-14 04:50:13.193751,Dubai-aea6,19,10,Normal
2026-02-14 04:50:14.193751,Dubai-aea6,1,23,Normal
2026-02-14 04:50:15.193751,Dubai-aea6,-22,86,Normal
2026-02-14 04:50:16.193751,Dubai-aea6,-16,80,Normal
2026-02-14 04:50:17.193751,Dubai-aea6,-28,97,Normal
2026-02-14 04:50:18.193751,Dubai-aea6,10,9,Normal
2026-02-14 04:50:19.193751,Dubai-aea6,-17,43,Normal
2026-02-14 04:50:20.193751,Dubai-aea6,-7,17,Normal
2026-02-14 04:50:21.193751,Dubai-aea6,18,69,Normal
2026-02-14 04:50:22.193751,Dubai-aea6,39,72,Normal
2026-02-14 04:50:23.193751,Dubai-aea6,-21,42,Normal
2026-02-14 04:50:24.193751,Dubai-aea6,49,23,Normal
2026-02-14 04:50:25.193751,Dubai-aea6,34,47,Normal
2026-02-14 04:50:26.193751,Dubai-aea6,-17,80,Normal
2026-02-14 04:50:27.193751,Dubai-aea6,-18,20,Normal
2026-02-14 04:50:28.193751,Dubai-aea6,3,34,Normal
2026-02-14 04:50:29.193751,Dubai-aea6,14,48,Normal
2026-02-14 04:50:30.193751,Dubai-aea6,0,1,Normal
2026-02-14 04:50:31.193751,Dubai-aea6,46,91,Normal
2026-02-14 04:50:32.193751,Dubai-aea6,3,55,Normal
2026-02-14 04:50:33.193751,Dubai-aea6,-10,77,Normal
2026-02-14 04:50:34.193751,Dubai-aea6,36,67,Normal
2026-02-14 04:50:35.193751,Dubai-aea6,24,3,Normal
2026-02-14 04:50:36.193751,Dubai-aea6,-13,47,Normal
2026-02-14 04:50:37.193751,Dubai-aea6,18,48,Normal
2026-02-14 04:50:38.193751,Dubai-aea6,-9,25,Normal
2026-02-14 04:50:39.193751,Dubai-aea6,-25,78,Normal
2026-02-14 04:50:40.193751,Dubai-aea6,6,98,Normal
2026-02-14 04:50:41.193751,Dubai-aea6,11,16,Normal
2026-02-14 04:50:42.193751,Dubai-aea6,-16,78,Normal
2026-02-14 04:50:43.193751,Dubai-aea6,3,4,Normal
2026-02-14 04:50:44.193751,Dubai-aea6,-15,52,Normal
2026-02-14 04:50:45.193751,Dubai-aea6,40,43,Normal
2026-02-14 04:50:46.193751,Dubai-aea6,-14,100,Normal
2026-02-14 04:50:47.193751,Dubai-aea6,2,81,Normal
2026-02-14 04:50:48.193751,Dubai-aea6,-17,84,Normal
2026-02-14 04:50:49.193751,Dubai-aea6,43,19,Normal
2026-02-14 04:50:50.193751,Dubai-aea6,-15,87,Normal
2026-02-14 04:50:51.193751,Dubai-aea6,13,21,Normal
2026-02-14 04:50:52.193751,Dubai-aea6,-5,55,Normal
2026-02-14 04:50:53.193751,Dubai-aea6,29,41,Normal
2026-02-14 04:50:54.193751,Dubai-aea6,-16,38,Normal
2026-02-14 04:50:55.193751,Dubai-aea6,40,23,Normal
2026-02-14 04:50:56.193751,Dubai-aea6,18,19,Normal
2026-02-14 04:50:57.193751,Dubai-aea6,24,0,Normal
2026-02-14 04:50:58.193751,Dubai-aea6,39,81,Normal
2026-02-14 04:50:59.193751,Dubai-aea6,-13,89,Normal
2026-02-14 04:51:00.193751,Dubai-aea6,50,13,Normal
2026-02-14 04:51:01.193751,Dubai-aea6,21,45,Normal
2026-02-14 04:51:02.193751,Dubai-aea6,4,58,Normal
2026-02-14 04:51:03.193751,Dubai-aea6,43,36,Normal
2026-02-14 04:51:04.193751,Dubai-aea6,8,91,Normal
2026-02-14 04:51:05.193751,Dubai-aea6,-12,19,Normal
2026-02-14 04:51:06.193751,Dubai-aea6,-16,92,Normal
2026-02-14 04:51:07.193751,Dubai-aea6,-5,32,Normal
2026-02-14 04:51:08.193751,Dubai-aea6,-21,28,Normal
2026-02-14 04:51:09.193751,Dubai-aea6,-30,8,Normal
2026-02-14 04:51:10.193751,Dubai-aea6,31,52,Normal
2026-02-14 04:51:11.193751,Dubai-aea6,13,59,Normal
2026-02-14 04:51:12.193751,Dubai-aea6,46,27,Normal
2026-02-14 04:51:13.193751,Dubai-aea6,49,36,Normal
2026-02-14 04:51:14.193751,Dubai-aea6,-4,33,Normal
2026-02-14 04:51:15.193751,Dubai-aea6,-27,8,Normal
2026-02-14 04:51:16.193751,Dubai-aea6,-21,93,Normal
2026-02-14 04:51:17.193751,Dubai-aea6,-13,72,Normal
2026-02-14 04:51:18.193751,Dubai-aea6,23,12,Normal
2026-02-14 04:51:19.193751,Dubai-aea6,50,4,Normal
2026-02-14 04:51:20.193751,Dubai-aea6,-23,61,Normal
2026-02-14 04:51:21.193751,Dubai-aea6,43,33,Normal
2026-02-14 04:51:22.193751,Dubai-aea6,18,65,Normal
2026-02-14 04:51:23.193751,Dubai-aea6,-13,18,Normal
2026-02-14 04:51:24.193751,Dubai-aea6,39,37,Normal
2026-02-14 04:51:25.193751,Dubai-aea6,25,62,Normal
2026-02-14 04:51:26.193751,Dubai-aea6,25,39,Normal
2026-02-14 04:51:27.193751,Dubai-aea6,3,13,Normal
2026-02-14 04:51:28.193751,Dubai-aea6,17,93,Normal
2026-02-14 04:51:29.193751,Dubai-aea6,4,30,Normal
2026-02-14 04:51:30.193751,Dubai-aea6,45,62,Normal
2026-02-14 04:51:31.193751,Dubai-aea6,-6,31,Normal
2026-02-14 04:51:32.193751,Dubai-aea6,13,59,Normal
2026-02-14 04:51:33.193751,Dubai-aea6,49,35,Normal
2026-02-14 04:51:34.193751,Dubai-aea6,19,55,Normal
2026-02-14 04:51:35.193751,Dubai-aea6,-10,27,Normal
2026-02-14 04:51:36.193751,Dubai-aea6,21,99,Normal
2026-02-14 04:51:37.193751,Dubai-aea6,4,21,Normal
2026-02-14 04:51:38.193751,Dubai-aea6,-8,15,Normal
2026-02-14 04:51:39.193751,Dubai-aea6,-12,33,Normal
2026-02-14 04:51:40.193751,Dubai-aea6,29,18,Normal
2026-02-14 04:51:41.193751,Dubai-aea6,8,96,Normal
2026-02-14 04:51:42.193751,Dubai-aea6,-25,88,Normal
2026-02-14 04:51:43.193751,Dubai-aea6,38,35,Normal
2026-02-14 04:51:44.193751,Dubai-aea6,18,67,Normal
2026-02-14 04:51:45.193751,Dubai-aea6,-4,49,Normal
2026-02-14 04:51:46.193751,Dubai-aea6,-12,9,Normal
2026-02-14 04:51:47.193751,Dubai-aea6,-23,29,Normal
2026-02-14 04:51:48.193751,Dubai-aea6,-18,87,Normal
2026-02-14 04:51:49.193751,Dubai-aea6,46,23,Normal
2026-02-14 04:51:50.193751,Dubai-aea6,20,29,Normal
2026-02-14 04:51:51.193751,Dubai-aea6,47,61,Normal
2026-02-14 04:51:52.193751,Dubai-aea6,-5,91,Normal
2026-02-14 04:51:53.193751,Dubai-aea6,4,73,Normal
2026-02-14 04:51:54.193751,Dubai-aea6,33,7,Normal
2026-02-14 04:51:55.193751,Dubai-aea6,8,23,Normal
2026-02-14 04:51:56.193751,Dubai-aea6,-24,15,Normal
2026-02-14 04:51:57.193751,Dubai-aea6,35,73,Normal
2026-02-14 04:51:58.193751,Dubai-aea6,-2,87,Normal
2026-02-14 04:51:59.193751,Dubai-aea6,-7,94,Normal
2026-02-14 04:52:00.193751,Dubai-aea6,-4,38,Normal
2026-02-14 04:52:01.193751,Dubai-aea6,-18,87,Normal
2026-02-14 04:52:02.193751,Dubai-aea6,36,68,Normal
2026-02-14 04:52:03.193751,Dubai-aea6,-6,35,Normal
2026-02-14 04:52:04.193751,Dubai-aea6,-15,67,Normal
2026-02-14 04:52:05.193751,Dubai-aea6,7,15,Normal
2026-02-14 04:52:06.193751,Dubai-aea6,-16,68,Normal
2026-02-14 04:52:07.193751,Dubai-aea6,-24,47,Normal
2026-02-14 04:52:08.193751,Dubai-aea6,49,88,Normal
2026-02-14 04:52:09.193751,Dubai-aea6,49,45,Normal
2026-02-14 04:52:10.193751,Dubai-aea6,32,86,Normal
2026-02-14 04:52:11.193751,Dubai-aea6,14,81,Normal
2026-02-14 04:52:12.193751,Dubai-aea6,0,47,Normal
2026-02-14 04:52:13.193751,Dubai-aea6,8,67,Normal
2026-02-14 04:52:14.193751,Dubai-aea6,30,86,Normal
2026-02-14 04:52:15.193751,Dubai-aea6,45,5,Normal
2026-02-14 04:52:16.193751,Dubai-aea6,21,75,Normal
2026-02-14 04:52:17.193751,Dubai-aea6,35,60,Normal
2026-02-14 04:52:18.193751,Dubai-aea6,-12,56,Normal
2026-02-14 04:52:19.193751,Dubai-aea6,-18,44,Normal
2026-02-14 04:52:20.193751,Dubai-aea6,46,10,Normal
2026-02-14 04:52:21.193751,Dubai-aea6,-6,90,Normal
2026-02-14 04:52:22.193751,Dubai-aea6,8,59,Normal
2026-02-14 04:52:23.193751,Dubai-aea6,-4,80,Normal
2026-02-14 04:52:24.193751,Dubai-aea6,22,26,Normal
2026-02-14 04:52:25.193751,Dubai-aea6,25,39,Normal
2026-02-14 04:52:26.193751,Dubai-aea6,-12,56,Normal
2026-02-14 04:52:27.193751,Dubai-aea6,39,13,Normal
2026-02-14 04:52:28.193751,Dubai-aea6,43,72,Normal
2026-02-14 04:52:29.193751,Dubai-aea6,35,9,Normal
2026-02-14 04:52:30.193751,Dubai-aea6,-18,23,Normal
2026-02-14 04:52:31.193751,Dubai-aea6,12,45,Normal
2026-02-14 04:52:32.193751,Dubai-aea6,-12,97,Normal
2026-02-14 04:52:33.193751,Dubai-aea6,-14,7,Normal
2026-02-14 04:52:34.193751,Dubai-aea6,20,32,Normal
2026-02-14 04:52:35.193751,Dubai-aea6,6,79,Normal
2026-02-14 04:52:36.193751,Dubai-aea6,23,41,Normal
2026-02-14 04:52:37.193751,Dubai-aea6,42,22,Normal
2026-02-14 04:52:38.193751,Dubai-aea6,24,4,Normal
2026-02-14 04:52:39.193751,Dubai-aea6,-2,55,Normal
2026-02-14 04:52:40.193751,Dubai-aea6,-25,50,Normal
2026-02-14 04:52:41.193751,Dubai-aea6,48,9,Normal
2026-02-14 04:52:42.193751,Dubai-aea6,9,100,Normal
2026-02-14 04:52:43.193751,Dubai-aea6,39,83,Normal
2026-02-14 04:52:44.193751,Dubai-aea6,2,55,Normal
2026-02-14 04:52:45.193751,Dubai-aea6,31,15,Normal
2026-02-14 04:52:46.193751,Dubai-aea6,-19,23,Normal
2026-02-14 04:52:47.193751,Dubai-aea6,36,49,Normal
2026-02-14 04:52:48.193751,Dubai-aea6,26,7,Normal
2026-02-14 04:52:49.193751,Dubai-aea6,10,18,Normal
2026-02-14 04:52:50.193751,Dubai-aea6,24,22,Normal
2026-02-14 04:52:51.193751,Dubai-aea6,18,71,Normal
2026-02-14 04:52:52.193751,Dubai-aea6,-14,47,Normal
2026-02-14 04:52:53.193751,Dubai-aea6,-20,10,Normal
2026-02-14 04:52:54.193751,Dubai-aea6,43,58,Normal
2026-02-14 04:52:55.193751,Dubai-aea6,-29,8,Normal
2026-02-14 04:52:56.193751,Dubai-aea6,7,49,Normal
2026-02-14 04:52:57.193751,Dubai-aea6,37,79,Normal
2026-02-14 04:52:58.193751,Dubai-aea6,-8,73,Normal
2026-02-14 04:52:59.193751,Dubai-aea6,12,59,Normal
2026-02-14 04:53:00.193751,Dubai-aea6,-8,92,Normal
2026-02-14 04:53:01.193751,Dubai-aea6,49,10,Normal
2026-02-14 04:53:02.193751,Dubai-aea6,31,13,Normal
2026-02-14 04:53:03.193751,Dubai-aea6,-12,43,Normal
2026-02-14 04:53:04.193751,Dubai-aea6,-19,14,Normal
2026-02-14 04:53:05.193751,Dubai-aea6,48,27,Normal
2026-02-14 04:53:06.193751,Dubai-aea6,-27,39,Normal
2026-02-14 04:53:07.193751,Dubai-aea6,49,4,Normal
2026-02-14 04:53:08.193751,Dubai-aea6,-2,7,Normal
2026-02-14 04:53:09.193751,Dubai-aea6,0,56,Normal
2026-02-14 04:53:10.193751,Dubai-aea6,24,84,Normal
2026-02-14 04:53:11.193751,Dubai-aea6,12,30,Normal
2026-02-14 04:53:12.193751,Dubai-aea6,-25,73,Normal
2026-02-14 04:53:13.193751,Dubai-aea6,-12,37,Normal
2026-02-14 04:53:14.193751,Dubai-aea6,9,45,Normal
2026-02-14 04:53:15.193751,Dubai-aea6,-3,86,Normal
2026-02-14 04:53:16.193751,Dubai-aea6,37,37,Normal
2026-02-14 04:53:17.193751,Dubai-aea6,30,98,Normal
2026-02-14 04:53:18.193751,Dubai-aea6,39,11,Normal
2026-02-14 04:53:19.193751,Dubai-aea6,-20,70,Normal
2026-02-14 04:53:20.193751,Dubai-aea6,-6,95,Normal
2026-02-14 04:53:21.193751,Dubai-aea6,-3,77,Normal
2026-02-14 04:53:22.193751,Dubai-aea6,-20,31,Normal
2026-02-14 04:53:23.193751,Dubai-aea6,-26,24,Normal
2026-02-14 04:53:24.193751,Dubai-aea6,-21,59,Normal
2026-02-14 04:53:25.193751,Dubai-aea6,-3,20,Normal
2026-02-14 04:53:26.193751,Dubai-aea6,8,68,Normal
2026-02-14 04:53:27.193751,Dubai-aea6,47,63,Normal
2026-02-14 04:53:28.193751,Dubai-aea6,34,93,Normal
2026-02-14 04:53:29.193751,Dubai-aea6,14,76,Normal
2026-02-14 04:53:30.193751,Dubai-aea6,-7,37,Normal
2026-02-14 04:53:31.193751,Dubai-aea6,-18,12,Normal
2026-02-14 04:53:32.193751,Dubai-aea6,28,36,Normal
2026-02-14 04:53:33.193751,Dubai-aea6,-12,16,Normal
2026-02-14 04:53:34.193751,Dubai-aea6,-26,35,Normal
2026-02-14 04:53:35.193751,Dubai-aea6,15,53,Normal
2026-02-14 04:53:36.193751,Dubai-aea6,49,21,Normal
2026-02-14 04:53:37.193751,Dubai-aea6,-11,50,Normal
2026-02-14 04:53:38.193751,Dubai-aea6,43,7,Normal
2026-02-14 04:53:39.193751,Dubai-aea6,21,28,Normal
2026-02-14 04:53:40.193751,Dubai-aea6,47,49,Normal
2026-02-14 04:53:41.193751,Dubai-aea6,3,97,Normal
2026-02-14 04:53:42.193751,Dubai-aea6,6,3,Normal
2026-02-14 04:53:43.193751,Dubai-aea6,-21,23,Normal
2026-02-14 04:53:44.193751,Dubai-aea6,15,21,Normal
2026-02-14 04:53:45.193751,Dubai-aea6,-4,19,Normal
2026-02-14 04:53:46.193751,Dubai-aea6,3,68,Normal
2026-02-14 04:53:47.193751,Dubai-aea6,43,48,Normal
2026-02-14 04:53:48.193751,Dubai-aea6,45,66,Normal
2026-02-14 04:53:49.193751,Dubai-aea6,-18,24,Normal
2026-02-14 04:53:50.193751,Dubai-aea6,42,11,Normal
2026-02-14 04:53:51.193751,Dubai-aea6,42,3,Normal
2026-02-14 04:53:52.193751,Dubai-aea6,-1,19,Normal
2026-02-14 04:53:53.193751,Dubai-aea6,-22,82,Normal
2026-02-14 04:53:54.193751,Dubai-aea6,36,97,Normal
2026-02-14 04:53:55.193751,Dubai-aea6,1,54,Normal
2026-02-14 04:53:56.193751,Dubai-aea6,19,92,Normal
2026-02-14 04:53:57.193751,Dubai-aea6,41,93,Normal
2026-02-14 04:53:58.193751,Dubai-aea6,34,30,Normal
2026-02-14 04:53:59.193751,Dubai-aea6,40,61,Normal
2026-02-14 04:54:00.193751,Dubai-aea6,-18,30,Normal
2026-02-14 04:54:01.193751,Dubai-aea6,42,30,Normal
2026-02-14 04:54:02.193751,Dubai-aea6,14,48,Normal
2026-02-14 04:54:03.193751,Dubai-aea6,9,21,Normal
2026-02-14 04:54:04.193751,Dubai-aea6,37,81,Normal
2026-02-14 04:54:05.193751,Dubai-aea6,43,2,Normal
2026-02-14 04:54:06.193751,Dubai-aea6,-13,78,Normal
2026-02-14 04:54:07.193751,Dubai-aea6,-11,9,Normal
2026-02-14 04:54:08.193751,Dubai-aea6,23,1,Normal
2026-02-14 04:54:09.193751,Dubai-aea6,48,68,Normal
2026-02-14 04:54:10.193751,Dubai-aea6,-20,83,Normal
2026-02-14 04:54:11.193751,Dubai-aea6,50,38,Normal
2026-02-14 04:54:12.193751,Dubai-aea6,-23,64,Normal
2026-02-14 04:54:13.193751,Dubai-aea6,-11,47,Normal
2026-02-14 04:54:14.193751,Dubai-aea6,18,70,Normal
2026-02-14 04:54:15.193751,Dubai-aea6,46,95,Normal
2026-02-14 04:54:16.193751,Dubai-aea6,-27,78,Normal
2026-02-14 04:54:17.193751,Dubai-aea6,46,60,Normal
2026-02-14 04:54:18.193751,Dubai-aea6,-24,10,Normal
2026-02-14 04:54:19.193751,Dubai-aea6,40,57,Normal
2026-02-14 04:54:20.193751,Dubai-aea6,-11,9,Normal
2026-02-14 04:54:21.193751,Dubai-aea6,50,78,Normal
2026-02-14 04:54:22.193751,Dubai-aea6,-9,24,Normal
2026-02-14 04:54:23.193751,Dubai-aea6,11,87,Normal
2026-02-14 04:54:24.193751,Dubai-aea6,47,87,Normal
2026-02-14 04:54:25.193751,Dubai-aea6,4,63,Normal
2026-02-14 04:54:26.193751,Dubai-aea6,42,23,Normal
2026-02-14 04:54:27.193751,Dubai-aea6,27,25,Normal
2026-02-14 04:54:28.193751,Dubai-aea6,-2,7,Normal
2026-02-14 04:54:29.193751,Dubai-aea6,14,33,Normal
2026-02-14 04:54:30.193751,Dubai-aea6,49,25,Normal
2026-02-14 04:54:31.193751,Dubai-aea6,-26,89,Normal
2026-02-14 04:54:32.193751,Dubai-aea6,7,37,Normal
2026-02-14 04:54:33.193751,Dubai-aea6,38,45,Normal
2026-02-14 04:54:34.193751,Dubai-aea6,0,6,Normal
2026-02-14 04:54:35.193751,Dubai-aea6,15,59,Normal
2026-02-14 04:54:36.193751,Dubai-aea6,3,25,Normal
2026-02-14 04:54:37.193751,Dubai-aea6,-12,85,Normal
2026-02-14 04:54:38.193751,Dubai-aea6,9,17,Normal
2026-02-14 04:54:39.193751,Dubai-aea6,19,56,Normal
2026-02-14 04:54:40.193751,Dubai-aea6,17,64,Normal
2026-02-14 04:54:41.193751,Dubai-aea6,42,73,Normal
2026-02-14 04:54:42.193751,Dubai-aea6,28,73,Normal
2026-02-14 04:54:43.193751,Dubai-aea6,0,4,Normal
2026-02-14 04:54:44.193751,Dubai-aea6,27,55,Normal
2026-02-14 04:54:45.193751,Dubai-aea6,38,24,Normal
2026-02-14 04:54:46.193751,Dubai-aea6,38,76,Normal
2026-02-14 04:54:47.193751,Dubai-aea6,5,45,Normal
2026-02-14 04:54:48.193751,Dubai-aea6,-28,55,Normal
2026-02-14 04:54:49.193751,Dubai-aea6,19,95,Normal
2026-02-14 04:54:50.193751,Dubai-aea6,-9,7,Normal
2026-02-14 04:54:51.193751,Dubai-aea6,-1,12,Normal
2026-02-14 04:54:52.193751,Dubai-aea6,45,30,Normal
2026-02-14 04:54:53.193751,Dubai-aea6,34,95,Normal
2026-02-14 04:54:54.193751,Dubai-aea6,-8,14,Normal
2026-02-14 04:54:55.193751,Dubai-aea6,-24,20,Normal
2026-02-14 04:54:56.193751,Dubai-aea6,20,58,Normal
2026-02-14 04:54:57.193751,Dubai-aea6,14,46,Normal
2026-02-14 04:54:58.193751,Dubai-aea6,34,20,Normal
2026-02-14 04:54:59.193751,Dubai-aea6,36,28,Normal
2026-02-14 04:55:00.193751,Dubai-aea6,-6,70,Normal
2026-02-14 04:55:01.193751,Dubai-aea6,25,33,Normal
2026-02-14 04:55:02.193751,Dubai-aea6,-18,12,Normal
2026-02-14 04:55:03.193751,Dubai-aea6,35,20,Normal
2026-02-14 04:55:04.193751,Dubai-aea6,36,80,Normal
2026-02-14 04:55:05.193751,Dubai-aea6,3,55,Normal
2026-02-14 04:55:06.193751,Dubai-aea6,46,23,Normal
2026-02-14 04:55:07.193751,Dubai-aea6,-2,40,Normal
2026-02-14 04:55:08.193751,Dubai-aea6,47,58,Normal
2026-02-14 04:55:09.193751,Dubai-aea6,-14,17,Normal
2026-02-14 04:55:10.193751,Dubai-aea6,-23,81,Normal
2026-02-14 04:55:11.193751,Dubai-aea6,1,82,Normal
2026-02-14 04:55:12.193751,Dubai-aea6,39,6,Normal
2026-02-14 04:55:13.193751,Dubai-aea6,39,44,Normal
2026-02-14 04:55:14.193751,Dubai-aea6,23,67,Normal
2026-02-14 04:55:15.193751,Dubai-aea6,-14,80,Normal
2026-02-14 04:55:16.193751,Dubai-aea6,26,32,Normal
2026-02-14 04:55:17.193751,Dubai-aea6,4,60,Normal
2026-02-14 04:55:18.193751,Dubai-aea6,30,42,Normal
2026-02-14 04:55:19.193751,Dubai-aea6,23,88,Normal
2026-02-14 04:55:20.193751,Dubai-aea6,-26,93,Normal
2026-02-14 04:55:21.193751,Dubai-aea6,15,25,Normal
2026-02-14 04:55:22.193751,Dubai-aea6,16,28,Normal
2026-02-14 04:55:23.193751,Dubai-aea6,14,28,Normal
2026-02-14 04:55:24.193751,Dubai-aea6,5,35,Normal
2026-02-14 04:55:25.193751,Dubai-aea6,45,73,Normal
2026-02-14 04:55:26.193751,Dubai-aea6,21,55,Normal
2026-02-14 04:55:27.193751,Dubai-aea6,38,5,Normal
2026-02-14 04:55:28.193751,Dubai-aea6,8,50,Normal
2026-02-14 04:55:29.193751,Dubai-aea6,0,45,Normal
2026-02-14 04:55:30.193751,Dubai-aea6,21,43,Normal
2026-02-14 04:55:31.193751,Dubai-aea6,24,30,Normal
2026-02-14 04:55:32.193751,Dubai-aea6,-13,19,Normal
2026-02-14 04:55:33.193751,Dubai-aea6,19,35,Normal
2026-02-14 04:55:34.193751,Dubai-aea6,1,2,Normal
2026-02-14 04:55:35.193751,Dubai-aea6,27,84,Normal
2026-02-14 04:55:36.193751,Dubai-aea6,-26,62,Normal
2026-02-14 04:55:37.193751,Dubai-aea6,41,49,Normal
2026-02-14 04:55:38.193751,Dubai-aea6,20,36,Normal
2026-02-14 04:55:39.193751,Dubai-aea6,2,60,Normal
2026-02-14 04:55:40.193751,Dubai-aea6,30,15,Normal
2026-02-14 04:55:41.193751,Dubai-aea6,4,24,Normal
2026-02-14 04:55:42.193751,Dubai-aea6,-21,98,Normal
2026-02-14 04:55:43.193751,Dubai-aea6,24,9,Normal
2026-02-14 04:55:44.193751,Dubai-aea6,44,11,Normal
2026-02-14 04:55:45.193751,Dubai-aea6,48,38,Normal
2026-02-14 04:55:46.193751,Dubai-aea6,17,79,Normal
2026-02-14 04:55:47.193751,Dubai-aea6,-29,37,Normal
2026-02-14 04:55:48.193751,Dubai-aea6,44,23,Normal
2026-02-14 04:55:49.193751,Dubai-aea6,11,57,Normal
2026-02-14 04:55:50.193751,Dubai-aea6,45,42,Normal
2026-02-14 04:55:51.193751,Dubai-aea6,32,12,Normal
2026-02-14 04:55:52.193751,Dubai-aea6,8,91,Normal
2026-02-14 04:55:53.193751,Dubai-aea6,28,0,Normal
2026-02-14 04:55:54.193751,Dubai-aea6,35,80,Normal
2026-02-14 04:55:55.193751,Dubai-aea6,17,63,Normal
2026-02-14 04:55:56.193751,Dubai-aea6,-23,4,Normal
2026-02-14 04:55:57.193751,Dubai-aea6,-24,10,Normal
2026-02-14 04:55:58.193751,Dubai-aea6,-6,94,Normal
2026-02-14 04:55:59.193751,Dubai-aea6,-19,26,Normal
2026-02-14 04:56:00.193751,Dubai-aea6,43,41,Normal
2026-02-14 04:56:01.193751,Dubai-aea6,13,54,Normal
2026-02-14 04:56:02.193751,Dubai-aea6,-18,67,Normal
2026-02-14 04:56:03.193751,Dubai-aea6,-28,60,Normal
2026-02-14 04:56:04.193751,Dubai-aea6,-16,89,Normal
2026-02-14 04:56:05.193751,Dubai-aea6,16,88,Normal
2026-02-14 04:56:06.193751,Dubai-aea6,-29,84,Normal
2026-02-14 04:56:07.193751,Dubai-aea6,-25,44,Normal
2026-02-14 04:56:08.193751,Dubai-aea6,21,18,Normal
2026-02-14 04:56:09.193751,Dubai-aea6,12,100,Normal
2026-02-14 04:56:10.193751,Dubai-aea6,10,1,Normal
2026-02-14 04:56:11.193751,Dubai-aea6,37,68,Normal
2026-02-14 04:56:12.193751,Dubai-aea6,16,23,Normal
2026-02-14 04:56:13.193751,Dubai-aea6,14,42,Normal
2026-02-14 04:56:14.193751,Dubai-aea6,-3,89,Normal
2026-02-14 04:56:15.193751,Dubai-aea6,20,32,Normal
2026-02-14 04:56:16.193751,Dubai-aea6,31,64,Normal
2026-02-14 04:56:17.193751,Dubai-aea6,8,92,Normal
2026-02-14 04:56:18.193751,Dubai-aea6,-1,82,Normal
2026-02-14 04:56:19.193751,Dubai-aea6,-9,96,Normal
2026-02-14 04:56:20.193751,Dubai-aea6,39,99,Normal
2026-02-14 04:56:21.193751,Dubai-aea6,0,0,Normal
2026-02-14 04:56:22.193751,Dubai-aea6,-30,93,Normal
2026-02-14 04:56:23.193751,Dubai-aea6,3,67,Normal
2026-02-14 04:56:24.193751,Dubai-aea6,22,91,Normal
2026-02-14 04:56:25.193751,Dubai-aea6,38,30,Normal
2026-02-14 04:56:26.193751,Dubai-aea6,9,49,Normal
2026-02-14 04:56:27.193751,Dubai-aea6,-21,45,Normal
2026-02-14 04:56:28.193751,Dubai-aea6,9,96,Normal
2026-02-14 04:56:29.193751,Dubai-aea6,22,76,Normal
2026-02-14 04:56:30.193751,Dubai-aea6,45,81,Normal
2026-02-14 04:56:31.193751,Dubai-aea6,21,9,Normal
2026-02-14 04:56:32.193751,Dubai-aea6,37,48,Normal
2026-02-14 04:56:33.193751,Dubai-aea6,39,70,Normal
2026-02-14 04:56:34.193751,Dubai-aea6,1,31,Normal
2026-02-14 04:56:35.193751,Dubai-aea6,-15,8,Normal
2026-02-14 04:56:36.193751,Dubai-aea6,47,18,Normal
2026-02-14 04:56:37.193751,Dubai-aea6,-23,61,Normal
2026-02-14 04:56:38.193751,Dubai-aea6,-4,54,Normal
2026-02-14 04:56:39.193751,Dubai-aea6,6,85,Normal
2026-02-14 04:56:40.193751,Dubai-aea6,-23,53,Normal
2026-02-14 04:56:41.193751,Dubai-aea6,1,0,Normal
2026-02-14 04:56:42.193751,Dubai-aea6,-17,16,Normal
2026-02-14 04:56:43.193751,Dubai-aea6,31,6,Normal
2026-02-14 04:56:44.193751,Dubai-aea6,50,63,Normal
2026-02-14 04:56:45.193751,Dubai-aea6,43,17,Normal
2026-02-14 04:56:46.193751,Dubai-aea6,19,100,Normal
2026-02-14 04:56:47.193751,Dubai-aea6,29,100,Normal
2026-02-14 04:56:48.193751,Dubai-aea6,11,54,Normal
2026-02-14 04:56:49.193751,Dubai-aea6,32,20,Normal
2026-02-14 04:56:50.193751,Dubai-aea6,1,98,Normal
2026-02-14 04:56:51.193751,Dubai-aea6,-2,1,Normal
2026-02-14 04:56:52.193751,Dubai-aea6,-2,40,Normal
2026-02-14 04:56:53.193751,Dubai-aea6,-9,1,Normal
2026-02-14 04:56:54.193751,Dubai-aea6,-17,7,Normal
2026-02-14 04:56:55.193751,Dubai-aea6,40,90,Normal
2026-02-14 04:56:56.193751,Dubai-aea6,-12,43,Normal
2026-02-14 04:56:57.193751,Dubai-aea6,36,92,Normal
2026-02-14 04:56:58.193751,Dubai-aea6,43,28,Normal
2026-02-14 04:56:59.193751,Dubai-aea6,29,95,Normal
2026-02-14 04:57:00.193751,Dubai-aea6,-8,18,Normal
2026-02-14 04:57:01.193751,Dubai-aea6,31,86,Normal
2026-02-14 04:57:02.193751,Dubai-aea6,-2,72,Normal
2026-02-14 04:57:03.193751,Dubai-aea6,-13,98,Normal
2026-02-14 04:57:04.193751,Dubai-aea6,24,62,Normal
2026-02-14 04:57:05.193751,Dubai-aea6,0,72,Normal
2026-02-14 04:57:06.193751,Dubai-aea6,48,58,Normal
2026-02-14 04:57:07.193751,Dubai-aea6,21,66,Normal
2026-02-14 04:57:08.193751,Dubai-aea6,-11,40,Normal
2026-02-14 04:57:09.193751,Dubai-aea6,16,33,Normal
2026-02-14 04:57:10.193751,Dubai-aea6,38,75,Normal
2026-02-14 04:57:11.193751,Dubai-aea6,41,25,Normal
2026-02-14 04:57:12.193751,Dubai-aea6,32,13,Normal
2026-02-14 04:57:13.193751,Dubai-aea6,0,41,Normal
2026-02-14 04:57:14.193751,Dubai-aea6,-10,35,Normal
2026-02-14 04:57:15.193751,Dubai-aea6,18,2,Normal
2026-02-14 04:57:16.193751,Dubai-aea6,16,83,Normal
2026-02-14 04:57:17.193751,Dubai-aea6,8,96,Normal
2026-02-14 04:57:18.193751,Dubai-aea6,10,51,Normal
2026-02-14 04:57:19.193751,Dubai-aea6,-9,31,Normal
2026-02-14 04:57:20.193751,Dubai-aea6,-26,59,Normal
2026-02-14 04:57:21.193751,Dubai-aea6,17,85,Normal
2026-02-14 04:57:22.193751,Dubai-aea6,25,33,Normal
2026-02-14 04:57:23.193751,Dubai-aea6,-17,90,Normal
2026-02-14 04:57:24.193751,Dubai-aea6,16,83,Normal
2026-02-14 04:57:25.193751,Dubai-aea6,23,62,Normal
2026-02-14 04:57:26.193751,Dubai-aea6,45,47,Normal
2026-02-14 04:57:27.193751,Dubai-aea6,-25,90,Normal
2026-02-14 04:57:28.193751,Dubai-aea6,-10,10,Normal
2026-02-14 04:57:29.193751,Dubai-aea6,10,58,Normal
2026-02-14 04:57:30.193751,Dubai-aea6,32,41,Normal
2026-02-14 04:57:31.193751,Dubai-aea6,-11,55,Normal
2026-02-14 04:57:32.193751,Dubai-aea6,46,46,Normal
2026-02-14 04:57:33.193751,Dubai-aea6,15,30,Normal
2026-02-14 04:57:34.193751,Dubai-aea6,37,72,Normal
2026-02-14 04:57:35.193751,Dubai-aea6,11,67,Normal
2026-02-14 04:57:36.193751,Dubai-aea6,15,84,Normal
2026-02-14 04:57:37.193751,Dubai-aea6,-23,59,Normal
2026-02-14 04:57:38.193751,Dubai-aea6,15,61,Normal
2026-02-14 04:57:39.193751,Dubai-aea6,43,46,Normal
2026-02-14 04:57:40.193751,Dubai-aea6,46,93,Normal
2026-02-14 04:57:41.193751,Dubai-aea6,-6,11,Normal
2026-02-14 04:57:42.193751,Dubai-aea6,-18,100,Normal
2026-02-14 04:57:43.193751,Dubai-aea6,-10,7,Normal
2026-02-14 04:57:44.193751,Dubai-aea6,-22,89,Normal
2026-02-14 04:57:45.193751,Dubai-aea6,31,52,Normal
2026-02-14 04:57:46.193751,Dubai-aea6,13,31,Normal
2026-02-14 04:57:47.193751,Dubai-aea6,-22,6,Normal
2026-02-14 04:57:48.193751,Dubai-aea6,-28,80,Normal
2026-02-14 04:57:49.193751,Dubai-aea6,39,32,Normal
2026-02-14 04:57:50.193751,Dubai-aea6,-16,31,Normal
2026-02-14 04:57:51.193751,Dubai-aea6,-2,20,Normal
2026-02-14 04:57:52.193751,Dubai-aea6,-2,0,Normal
2026-02-14 04:57:53.193751,Dubai-aea6,2,37,Normal
2026-02-14 04:57:54.193751,Dubai-aea6,-2,97,Normal
2026-02-14 04:57:55.193751,Dubai-aea6,24,52,Normal
2026-02-14 04:57:56.193751,Dubai-aea6,-14,30,Normal
2026-02-14 04:57:57.193751,Dubai-aea6,33,32,Normal
2026-02-14 04:57:58.193751,Dubai-aea6,33,97,Normal
2026-02-14 04:57:59.193751,Dubai-aea6,18,52,Normal
2026-02-14 04:58:00.193751,Dubai-aea6,5,15,Normal
2026-02-14 04:58:01.193751,Dubai-aea6,-21,57,Normal
2026-02-14 04:58:02.193751,Dubai-aea6,-26,46,Normal
2026-02-14 04:58:03.193751,Dubai-aea6,-5,100,Normal
2026-02-14 04:58:04.193751,Dubai-aea6,-5,9,Normal
2026-02-14 04:58:05.193751,Dubai-aea6,49,85,Normal
2026-02-14 04:58:06.193751,Dubai-aea6,-8,15,Normal
2026-02-14 04:58:07.193751,Dubai-aea6,8,26,Normal
2026-02-14 04:58:08.193751,Dubai-aea6,-15,5,Normal
2026-02-14 04:58:09.193751,Dubai-aea6,44,88,Normal
2026-02-14 04:58:10.193751,Dubai-aea6,6,56,Normal
2026-02-14 04:58:11.193751,Dubai-aea6,27,52,Normal
2026-02-14 04:58:12.193751,Dubai-aea6,47,11,Normal
2026-02-14 04:58:13.193751,Dubai-aea6,48,0,Normal
2026-02-14 04:58:14.193751,Dubai-aea6,15,51,Normal
2026-02-14 04:58:15.193751,Dubai-aea6,17,2,Normal
2026-02-14 04:58:16.193751,Dubai-aea6,45,98,Normal
2026-02-14 04:58:17.193751,Dubai-aea6,17,22,Normal
2026-02-14 04:58:18.193751,Dubai-aea6,41,95,Normal
2026-02-14 04:58:19.193751,Dubai-aea6,25,94,Normal
2026-02-14 04:58:20.193751,Dubai-aea6,-14,50,Normal
2026-02-14 04:58:21.193751,Dubai-aea6,40,78,Normal
2026-02-14 04:58:22.193751,Dubai-aea6,25,46,Normal
2026-02-14 04:58:23.193751,Dubai-aea6,37,32,Normal
2026-02-14 04:58:24.193751,Dubai-aea6,30,24,Normal
2026-02-14 04:58:25.193751,Dubai-aea6,-18,79,Normal
2026-02-14 04:58:26.193751,Dubai-aea6,31,94,Normal
2026-02-14 04:58:27.193751,Dubai-aea6,23,36,Normal
2026-02-14 04:58:28.193751,Dubai-aea6,7,21,Normal
2026-02-14 04:58:29.193751,Dubai-aea6,48,28,Normal
2026-02-14 04:58:30.193751,Dubai-aea6,-12,53,Normal
2026-02-14 04:58:31.193751,Dubai-aea6,45,35,Normal
2026-02-14 04:58:32.193751,Dubai-aea6,33,20,Normal
2026-02-14 04:58:33.193751,Dubai-aea6,4,94,Normal
2026-02-14 04:58:34.193751,Dubai-aea6,-15,83,Normal
2026-02-14 04:58:35.193751,Dubai-aea6,-18,22,Normal
2026-02-14 04:58:36.193751,Dubai-aea6,28,1,Normal
2026-02-14 04:58:37.193751,Dubai-aea6,-15,61,Normal
2026-02-14 04:58:38.193751,Dubai-aea6,-16,21,Normal
2026-02-14 04:58:39.193751,Dubai-aea6,-11,24,Normal
2026-02-14 04:58:40.193751,Dubai-aea6,39,8,Normal
2026-02-14 04:58:41.193751,Dubai-aea6,10,65,Normal
2026-02-14 04:58:42.193751,Dubai-aea6,34,99,Normal
2026-02-14 04:58:43.193751,Dubai-aea6,22,87,Normal
2026-02-14 04:58:44.193751,Dubai-aea6,-29,10,Normal
2026-02-14 04:58:45.193751,Dubai-aea6,17,28,Normal
2026-02-14 04:58:46.193751,Dubai-aea6,36,29,Normal
2026-02-14 04:58:47.193751,Dubai-aea6,36,58,Normal
2026-02-14 04:58:48.193751,Dubai-aea6,-30,87,Normal
2026-02-14 04:58:49.193751,Dubai-aea6,3,97,Normal
2026-02-14 04:58:50.193751,Dubai-aea6,15,30,Normal
2026-02-14 04:58:51.193751,Dubai-aea6,47,90,Normal
2026-02-14 04:58:52.193751,Dubai-aea6,-9,43,Normal
2026-02-14 04:58:53.193751,Dubai-aea6,33,55,Normal
2026-02-14 04:58:54.193751,Dubai-aea6,-3,27,Normal
2026-02-14 04:58:55.193751,Dubai-aea6,-4,32,Normal
2026-02-14 04:58:56.193751,Dubai-aea6,14,73,Normal
2026-02-14 04:58:57.193751,Dubai-aea6,48,65,Normal
2026-02-14 04:58:58.193751,Dubai-aea6,-13,6,Normal
2026-02-14 04:58:59.193751,Dubai-aea6,44,98,Normal
2026-02-14 04:59:00.193751,Dubai-aea6,11,16,Normal
2026-02-14 04:59:01.193751,Dubai-aea6,-10,72,Normal
2026-02-14 04:59:02.193751,Dubai-aea6,-10,15,Normal
2026-02-14 04:59:03.193751,Dubai-aea6,-14,18,Normal
2026-02-14 04:59:04.193751,Dubai-aea6,9,9,Normal
2026-02-14 04:59:05.193751,Dubai-aea6,-26,33,Normal
2026-02-14 04:59:06.193751,Dubai-aea6,11,84,Normal
2026-02-14 04:59:07.193751,Dubai-aea6,-24,51,Normal
2026-02-14 04:59:08.193751,Dubai-aea6,22,96,Normal
2026-02-14 04:59:09.193751,Dubai-aea6,2,83,Normal
2026-02-14 04:59:10.193751,Dubai-aea6,28,85,Normal
2026-02-14 04:59:11.193751,Dubai-aea6,43,67,Normal
2026-02-14 04:59:12.193751,Dubai-aea6,1,17,Normal
2026-02-14 04:59:13.193751,Dubai-aea6,36,19,Normal
2026-02-14 04:59:14.193751,Dubai-aea6,36,24,Normal
2026-02-14 04:59:15.193751,Dubai-aea6,-28,40,Normal
2026-02-14 04:59:16.193751,Dubai-aea6,-16,100,Normal
2026-02-14 04:59:17.193751,Dubai-aea6,17,63,Normal
2026-02-14 04:59:18.193751,Dubai-aea6,-12,86,Normal
2026-02-14 04:59:19.193751,Dubai-aea6,31,17,Normal
2026-02-14 04:59:20.193751,Dubai-aea6,-3,76,Normal
2026-02-14 04:59:21.193751,Dubai-aea6,10,75,Normal
2026-02-14 04:59:22.193751,Dubai-aea6,-25,97,Normal
2026-02-14 04:59:23.193751,Dubai-aea6,38,37,Normal
2026-02-14 04:59:24.193751,Dubai-aea6,16,20,Normal
2026-02-14 04:59:25.193751,Dubai-aea6,46,26,Normal
2026-02-14 04:59:26.193751,Dubai-aea6,-16,41,Normal
2026-02-14 04:59:27.193751,Dubai-aea6,-9,53,Normal
2026-02-14 04:59:28.193751,Dubai-aea6,22,72,Normal
2026-02-14 04:59:29.193751,Dubai-aea6,-24,59,Normal
2026-02-14 04:59:30.193751,Dubai-aea6,31,98,Normal
2026-02-14 04:59:31.193751,Dubai-aea6,20,72,Normal
2026-02-14 04:59:32.193751,Dubai-aea6,38,94,Normal
2026-02-14 04:59:33.193751,Dubai-aea6,-17,75,Normal
2026-02-14 04:59:34.193751,Dubai-aea6,-8,82,Normal
2026-02-14 04:59:35.193751,Dubai-aea6,36,93,Normal
2026-02-14 04:59:36.193751,Dubai-aea6,-6,49,Normal
2026-02-14 04:59:37.193751,Dubai-aea6,-4,61,Normal
2026-02-14 04:59:38.193751,Dubai-aea6,-20,11,Normal
2026-02-14 04:59:39.193751,Dubai-aea6,50,13,Normal
2026-02-14 04:59:40.193751,Dubai-aea6,46,74,Normal
2026-02-14 04:59:41.193751,Dubai-aea6,15,93,Normal
2026-02-14 04:59:42.193751,Dubai-aea6,2,32,Normal
2026-02-14 04:59:43.193751,Dubai-aea6,30,83,Normal
2026-02-14 04:59:44.193751,Dubai-aea6,-11,36,Normal
2026-02-14 04:59:45.193751,Dubai-aea6,9,15,Normal
2026-02-14 04:59:46.193751,Dubai-aea6,-28,59,Normal
2026-02-14 04:59:47.193751,Dubai-aea6,-22,20,Normal
2026-02-14 04:59:48.193751,Dubai-aea6,-8,18,Normal
2026-02-14 04:59:49.193751,Dubai-aea6,-30,47,Normal
2026-02-14 04:59:50.193751,Dubai-aea6,5,12,Normal
2026-02-14 04:59:51.193751,Dubai-aea6,-9,49,Normal
2026-02-14 04:59:52.193751,Dubai-aea6,37,82,Normal
2026-02-14 04:59:53.193751,Dubai-aea6,17,4,Normal
2026-02-14 04:59:54.193751,Dubai-aea6,15,11,Normal
2026-02-14 04:59:55.193751,Dubai-aea6,2,53,Normal
2026-02-14 04:59:56.193751,Dubai-aea6,1,73,Normal
2026-02-14 04:59:57.193751,Dubai-aea6,-5,25,Normal
2026-02-14 04:59:58.193751,Dubai-aea6,34,96,Normal
2026-02-14 04:59:59.193751,Dubai-aea6,33,45,Normal
2026-02-14 05:00:00.193751,Dubai-aea6,35,4,Normal
2026-02-14 05:00:01.193751,Dubai-aea6,47,58,Normal
2026-02-14 05:00:02.193751,Dubai-aea6,3,23,Normal
2026-02-14 05:00:03.193751,Dubai-aea6,8,87,Normal
2026-02-14 05:00:04.193751,Dubai-aea6,-4,95,Normal
2026-02-14 05:00:05.193751,Dubai-aea6,14,56,Normal
2026-02-14 05:00:06.193751,Dubai-aea6,22,40,Normal
2026-02-14 05:00:07.193751,Dubai-aea6,-19,41,Normal
2026-02-14 05:00:08.193751,Dubai-aea6,37,83,Normal
2026-02-14 05:00:09.193751,Dubai-aea6,33,66,Normal
2026-02-14 05:00:10.193751,Dubai-aea6,-11,18,Normal
2026-02-14 05:00:11.193751,Dubai-aea6,49,98,Normal
2026-02-14 05:00:12.193751,Dubai-aea6,22,36,Normal
2026-02-14 05:00:13.193751,Dubai-aea6,-12,32,Normal
2026-02-14 05:00:14.193751,Dubai-aea6,11,66,Normal
2026-02-14 05:00:15.193751,Dubai-aea6,-15,64,Normal
2026-02-14 05:00:16.193751,Dubai-aea6,2,72,Normal
2026-02-14 05:00:17.193751,Dubai-aea6,-4,6,Normal
2026-02-14 05:00:18.193751,Dubai-aea6,16,76,Normal
2026-02-14 05:00:19.193751,Dubai-aea6,49,67,Normal
2026-02-14 05:00:20.193751,Dubai-aea6,31,34,Normal
2026-02-14 05:00:21.193751,Dubai-aea6,30,40,Normal
2026-02-14 05:00:22.193751,Dubai-aea6,24,5,Normal
2026-02-14 05:00:23.193751,Dubai-aea6,-21,32,Normal
2026-02-14 05:00:24.193751,Dubai-aea6,-1,51,Normal
2026-02-14 05:00:25.193751,Dubai-aea6,9,64,Normal
2026-02-14 05:00:26.193751,Dubai-aea6,-8,6,Normal
2026-02-14 05:00:27.193751,Dubai-aea6,5,41,Normal
2026-02-14 05:00:28.193751,Dubai-aea6,24,71,Normal
2026-02-14 05:00:29.193751,Dubai-aea6,41,93,Normal
2026-02-14 05:00:30.193751,Dubai-aea6,42,67,Normal
2026-02-14 05:00:31.193751,Dubai-aea6,24,89,Normal
2026-02-14 05:00:32.193751,Dubai-aea6,25,98,Normal
2026-02-14 05:00:33.193751,Dubai-aea6,-20,31,Normal
2026-02-14 05:00:34.193751,Dubai-aea6,-23,39,Normal
2026-02-14 05:00:35.193751,Dubai-aea6,-15,15,Normal
2026-02-14 05:00:36.193751,Dubai-aea6,-22,70,Normal
2026-02-14 05:00:37.193751,Dubai-aea6,33,1,Normal
2026-02-14 05:00:38.193751,Dubai-aea6,41,19,Normal
2026-02-14 05:00:39.193751,Dubai-aea6,15,59,Normal
2026-02-14 05:00:40.193751,Dubai-aea6,45,84,Normal
2026-02-14 05:00:41.193751,Dubai-aea6,10,29,Normal
2026-02-14 05:00:42.193751,Dubai-aea6,0,11,Normal
2026-02-14 05:00:43.193751,Dubai-aea6,37,80,Normal
2026-02-14 05:00:44.193751,Dubai-aea6,5,57,Normal
2026-02-14 05:00:45.193751,Dubai-aea6,-20,36,Normal
2026-02-14 05:00:46.193751,Dubai-aea6,33,41,Normal
2026-02-14 05:00:47.193751,Dubai-aea6,-21,96,Normal
2026-02-14 05:00:48.193751,Dubai-aea6,42,42,Normal
2026-02-14 05:00:49.193751,Dubai-aea6,-4,38,Normal
2026-02-14 05:00:50.193751,Dubai-aea6,45,60,Normal
2026-02-14 05:00:51.193751,Dubai-aea6,23,26,Normal
2026-02-14 05:00:52.193751,Dubai-aea6,28,45,Normal
2026-02-14 05:00:53.193751,Dubai-aea6,-4,61,Normal
2026-02-14 05:00:54.193751,Dubai-aea6,15,75,Normal
2026-02-14 05:00:55.193751,Dubai-aea6,45,11,Normal
2026-02-14 05:00:56.193751,Dubai-aea6,49,88,Normal
2026-02-14 05:00:57.193751,Dubai-aea6,44,7,Normal
2026-02-14 05:00:58.193751,Dubai-aea6,32,71,Normal
2026-02-14 05:00:59.193751,Dubai-aea6,4,20,Normal
2026-02-14 05:01:00.193751,Dubai-aea6,-10,75,Normal
2026-02-14 05:01:01.193751,Dubai-aea6,40,36,Normal
2026-02-14 05:01:02.193751,Dubai-aea6,8,47,Normal
2026-02-14 05:01:03.193751,Dubai-aea6,-15,92,Normal
2026-02-14 05:01:04.193751,Dubai-aea6,-8,73,Normal
2026-02-14 05:01:05.193751,Dubai-aea6,22,94,Normal
2026-02-14 05:01:06.193751,Dubai-aea6,10,36,Normal
2026-02-14 05:01:07.193751,Dubai-aea6,-3,61,Normal
2026-02-14 05:01:08.193751,Dubai-aea6,24,47,Normal
2026-02-14 05:01:09.193751,Dubai-aea6,29,5,Normal
2026-02-14 05:01:10.193751,Dubai-aea6,28,30,Normal
2026-02-14 05:01:11.193751,Dubai-aea6,-17,14,Normal
2026-02-14 05:01:12.193751,Dubai-aea6,34,62,Normal
2026-02-14 05:01:13.193751,Dubai-aea6,-15,58,Normal
2026-02-14 05:01:14.193751,Dubai-aea6,44,51,Normal
2026-02-14 05:01:15.193751,Dubai-aea6,15,88,Normal
2026-02-14 05:01:16.193751,Dubai-aea6,-3,74,Normal
2026-02-14 05:01:17.193751,Dubai-aea6,6,24,Normal
2026-02-14 05:01:18.193751,Dubai-aea6,-24,71,Normal
2026-02-14 05:01:19.193751,Dubai-aea6,-19,61,Normal
2026-02-14 05:01:20.193751,Dubai-aea6,30,32,Normal
2026-02-14 05:01:21.193751,Dubai-aea6,14,42,Normal
2026-02-14 05:01:22.193751,Dubai-aea6,-11,0,Normal
2026-02-14 05:01:23.193751,Dubai-aea6,17,1,Normal
2026-02-14 05:01:24.193751,Dubai-aea6,-29,9,Normal
2026-02-14 05:01:25.193751,Dubai-aea6,43,81,Normal
2026-02-14 05:01:26.193751,Dubai-aea6,39,22,Normal
2026-02-14 05:01:27.193751,Dubai-aea6,-11,97,Normal
2026-02-14 05:01:28.193751,Dubai-aea6,10,72,Normal
2026-02-14 05:01:29.193751,Dubai-aea6,-12,25,Normal
2026-02-14 05:01:30.193751,Dubai-aea6,37,6,Normal
