timestamp,station_id,temp,humid,condition
2026-02-14 03:13:20.358700,Seoul-cc58,-11,58,Normal
2026-02-14 03:13:21.358700,Seoul-cc58,20,28,Normal
2026-02-14 03:13:22.358700,Seoul-cc58,31,48,Normal
2026-02-14 03:13:23.358700,Seoul-cc58,13,56,Normal
2026-02-14 03:13:24.358700,Seoul-cc58,29,85,Normal
2026-02-14 03:13:25.358700,Seoul-cc58,47,26,Normal
2026-02-14 03:13:26.358700,Seoul-cc58,15,46,Normal
2026-02-14 03:13:27.358700,Seoul-cc58,19,87,Normal
2026-02-14 03:13:28.358700,Seoul-cc58,6,44,Normal
2026-02-14 03:13:29.358700,Seoul-cc58,0,89,Normal
2026-02-14 03:13:30.358700,Seoul-cc58,8,58,Normal
2026-02-14 03:13:31.358700,Seoul-cc58,21,17,Normal
2026-02-14 03:13:32.358700,Seoul-cc58,-19,50,Normal
2026-02-14 03:13:33.358700,Seoul-cc58,27,81,Normal
2026-02-14 03:13:34.358700,Seoul-cc58,-30,17,Normal
2026-02-14 03:13:35.358700,Seoul-cc58,-2,59,Normal
2026-02-14 03:13:36.358700,Seoul-cc58,28,84,Normal
2026-02-14 03:13:37.358700,Seoul-cc58,-6,79,Normal
2026-02-14 03:13:38.358700,Seoul-cc58,31,65,Normal
2026-02-14 03:13:39.358700,Seoul-cc58,-13,5,Normal
2026-02-14 03:13:40.358700,Seoul-cc58,-30,4,Normal
2026-02-14 03:13:41.358700,Seoul-cc58,-1,34,Normal
2026-02-14 03:13:42.358700,Seoul-cc58,41,88,Normal
2026-02-14 03:13:43.358700,Seoul-cc58,-15,33,Normal
2026-02-14 03:13:44.358700,Seoul-cc58,24,45,Normal
2026-02-14 03:13:45.358700,Seoul-cc58,47,67,Normal
2026-02-14 03:13:46.358700,Seoul-cc58,39,44,Normal
2026-02-14 03:13:47.358700,Seoul-cc58,44,28,Normal
2026-02-14 03:13:48.358700,Seoul-cc58,-18,80,Normal
2026-02-14 03:13:49.358700,Seoul-cc58,18,66,Normal
2026-02-14 03:13:50.358700,Seoul-cc58,22,89,Normal
2026-02-14 03:13:51.358700,Seoul-cc58,-13,54,Normal
2026-02-14 03:13:52.358700,Seoul-cc58,32,58,Normal
2026-02-14 03:13:53.358700,Seoul-cc58,-16,42,Normal
2026-02-14 03:13:54.358700,Seoul-cc58,21,34,Normal
2026-02-14 03:13:55.358700,Seoul-cc58,8,61,Normal
2026-02-14 03:13:56.358700,Seoul-cc58,0,13,Normal
2026-02-14 03:13:57.358700,Seoul-cc58,-19,6,Normal
2026-02-14 03:13:58.358700,Seoul-cc58,-27,47,Normal
2026-02-14 03:13:59.358700,Seoul-cc58,-18,29,Normal
2026-02-14 03:14:00.358700,Seoul-cc58,17,47,Normal
2026-02-14 03:14:01.358700,Seoul-cc58,-27,11,Normal
2026-02-14 03:14:02.358700,Seoul-cc58,36,51,Normal
2026-02-14 03:14:03.358700,Seoul-cc58,5,54,Normal
2026-02-14 03:14:04.358700,Seoul-cc58,49,1,Normal
2026-02-14 03:14:05.358700,Seoul-cc58,46,67,Normal
2026-02-14 03:14:06.358700,Seoul-cc58,23,52,Normal
2026-02-14 03:14:07.358700,Seoul-cc58,17,6,Normal
2026-02-14 03:14:08.358700,Seoul-cc58,45,77,Normal
2026-02-14 03:14:09.358700,Seoul-cc58,50,45,Normal
2026-02-14 03:14:10.358700,Seoul-cc58,-9,86,Normal
2026-02-14 03:14:11.358700,Seoul-cc58,20,67,Normal
2026-02-14 03:14:12.358700,Seoul-cc58,24,100,Normal
2026-02-14 03:14:13.358700,Seoul-cc58,7,20,Normal
2026-02-14 03:14:14.358700,Seoul-cc58,48,51,Normal
2026-02-14 03:14:15.358700,Seoul-cc58,44,49,Normal
2026-02-14 03:14:16.358700,Seoul-cc58,-15,76,Normal
2026-02-14 03:14:17.358700,Seoul-cc58,10,29,Normal
2026-02-14 03:14:18.358700,Seoul-cc58,-24,53,Normal
2026-02-14 03:14:19.358700,Seoul-cc58,39,81,Normal
2026-02-14 03:14:20.358700,Seoul-cc58,11,34,Normal
2026-02-14 03:14:21.358700,Seoul-cc58,-1,92,Normal
2026-02-14 03:14:22.358700,Seoul-cc58,26,11,Normal
2026-02-14 03:14:23.358700,Seoul-cc58,-23,43,Normal
2026-02-14 03:14:24.358700,Seoul-cc58,-3,20,Normal
2026-02-14 03:14:25.358700,Seoul-cc58,6,78,Normal
2026-02-14 03:14:26.358700,Seoul-cc58,18,72,Normal
2026-02-14 03:14:27.358700,Seoul-cc58,49,4,Normal
2026-02-14 03:14:28.358700,Seoul-cc58,5,80,Normal
2026-02-14 03:14:29.358700,Seoul-cc58,44,4,Normal
2026-02-14 03:14:30.358700,Seoul-cc58,-15,67,Normal
2026-02-14 03:14:31.358700,Seoul-cc58,37,25,Normal
2026-02-14 03:14:32.358700,Seoul-cc58,13,76,Normal
2026-02-14 03:14:33.358700,Seoul-cc58,47,72,Normal
2026-02-14 03:14:34.358700,Seoul-cc58,29,18,Normal
2026-02-14 03:14:35.358700,Seoul-cc58,44,36,Normal
2026-02-14 03:14:36.358700,Seoul-cc58,30,11,Normal
2026-02-14 03:14:37.358700,Seoul-cc58,43,61,Normal
2026-02-14 03:14:38.358700,Seoul-cc58,5,38,Normal
2026-02-14 03:14:39.358700,Seoul-cc58,-29,79,Normal
2026-02-14 03:14:40.358700,Seoul-cc58,17,64,Normal
2026-02-14 03:14:41.358700,Seoul-cc58,23,91,Normal
2026-02-14 03:14:42.358700,Seoul-cc58,3,35,Normal
2026-02-14 03:14:43.358700,Seoul-cc58,-12,75,Normal
2026-02-14 03:14:44.358700,Seoul-cc58,35,73,Normal
2026-02-14 03:14:45.358700,Seoul-cc58,7,50,Normal
2026-02-14 03:14:46.358700,Seoul-cc58,1,22,Normal
2026-02-14 03:14:47.358700,Seoul-cc58,28,21,Normal
2026-02-14 03:14:48.358700,Seoul-cc58,-6,36,Normal
2026-02-14 03:14:49.358700,Seoul-cc58,-21,93,Normal
2026-02-14 03:14:50.358700,Seoul-cc58,41,32,Normal
2026-02-14 03:14:51.358700,Seoul-cc58,50,50,Normal
2026-02-14 03:14:52.358700,Seoul-cc58,6,87,Normal
2026-02-14 03:14:53.358700,Seoul-cc58,-2,81,Normal
2026-02-14 03:14:54.358700,Seoul-cc58,-11,80,Normal
2026-02-14 03:14:55.358700,Seoul-cc58,-26,30,Normal
2026-02-14 03:14:56.358700,Seoul-cc58,-19,88,Normal
2026-02-14 03:14:57.358700,Seoul-cc58,29,88,Normal
2026-02-14 03:14:58.358700,Seoul-cc58,48,1,Normal
2026-02-14 03:14:59.358700,Seoul-cc58,14,100,Normal
2026-02-14 03:15:00.358700,Seoul-cc58,15,74,Normal
2026-02-14 03:15:01.358700,Seoul-cc58,21,77,Normal
2026-02-14 03:15:02.358700,Seoul-cc58,-1,50,Normal
2026-02-14 03:15:03.358700,Seoul-cc58,2,59,Normal
2026-02-14 03:15:04.358700,Seoul-cc58,-15,22,Normal
2026-02-14 03:15:05.358700,Seoul-cc58,-6,63,Normal
2026-02-14 03:15:06.358700,Seoul-cc58,5,42,Normal
2026-02-14 03:15:07.358700,Seoul-cc58,5,62,Normal
2026-02-14 03:15:08.358700,Seoul-cc58,0,77,Normal
2026-02-14 03:15:09.358700,Seoul-cc58,-23,52,Normal
2026-02-14 03:15:10.358700,Seoul-cc58,3,75,Normal
2026-02-14 03:15:11.358700,Seoul-cc58,18,24,Normal
2026-02-14 03:15:12.358700,Seoul-cc58,15,84,Normal
2026-02-14 03:15:13.358700,Seoul-cc58,-26,57,Normal
2026-02-14 03:15:14.358700,Seoul-cc58,6,81,Normal
2026-02-14 03:15:15.358700,Seoul-cc58,18,38,Normal
2026-02-14 03:15:16.358700,Seoul-cc58,10,22,Normal
2026-02-14 03:15:17.358700,Seoul-cc58,46,3,Normal
2026-02-14 03:15:18.358700,Seoul-cc58,13,96,Normal
2026-02-14 03:15:19.358700,Seoul-cc58,-8,32,Normal
2026-02-14 03:15:20.358700,Seoul-cc58,36,60,Normal
2026-02-14 03:15:21.358700,Seoul-cc58,2,15,Normal
2026-02-14 03:15:22.358700,Seoul-cc58,38,16,Normal
2026-02-14 03:15:23.358700,Seoul-cc58,-26,33,Normal
2026-02-14 03:15:24.358700,Seoul-cc58,38,86,Normal
2026-02-14 03:15:25.358700,Seoul-cc58,-1,8,Normal
2026-02-14 03:15:26.358700,Seoul-cc58,-1,19,Normal
2026-02-14 03:15:27.358700,Seoul-cc58,-7,36,Normal
2026-02-14 03:15:28.358700,Seoul-cc58,6,89,Normal
2026-02-14 03:15:29.358700,Seoul-cc58,-9,89,Normal
2026-02-14 03:15:30.358700,Seoul-cc58,-24,72,Normal
2026-02-14 03:15:31.358700,Seoul-cc58,30,84,Normal
2026-02-14 03:15:32.358700,Seoul-cc58,26,14,Normal
2026-02-14 03:15:33.358700,Seoul-cc58,34,71,Normal
2026-02-14 03:15:34.358700,Seoul-cc58,-27,81,Normal
2026-02-14 03:15:35.358700,Seoul-cc58,42,66,Normal
2026-02-14 03:15:36.358700,Seoul-cc58,-25,33,Normal
2026-02-14 03:15:37.358700,Seoul-cc58,9,47,Normal
2026-02-14 03:15:38.358700,Seoul-cc58,-11,67,Normal
2026-02-14 03:15:39.358700,Seoul-cc58,35,44,Normal
2026-02-14 03:15:40.358700,Seoul-cc58,-23,86,Normal
2026-02-14 03:15:41.358700,Seoul-cc58,12,97,Normal
2026-02-14 03:15:42.358700,Seoul-cc58,5,51,Normal
2026-02-14 03:15:43.358700,Seoul-cc58,17,26,Normal
2026-02-14 03:15:44.358700,Seoul-cc58,25,19,Normal
2026-02-14 03:15:45.358700,Seoul-cc58,-24,57,Normal
2026-02-14 03:15:46.358700,Seoul-cc58,-26,94,Normal
2026-02-14 03:15:47.358700,Seoul-cc58,2,47,Normal
2026-02-14 03:15:48.358700,Seoul-cc58,6,46,Normal
2026-02-14 03:15:49.358700,Seoul-cc58,1,0,Normal
2026-02-14 03:15:50.358700,Seoul-cc58,-29,60,Normal
2026-02-14 03:15:51.358700,Seoul-cc58,30,29,Normal
2026-02-14 03:15:52.358700,Seoul-cc58,-6,81,Normal
2026-02-14 03:15:53.358700,Seoul-cc58,-9,73,Normal
2026-02-14 03:15:54.358700,Seoul-cc58,-1,10,Normal
2026-02-14 03:15:55.358700,Seoul-cc58,-30,11,Normal
2026-02-14 03:15:56.358700,Seoul-cc58,-16,41,Normal
2026-02-14 03:15:57.358700,Seoul-cc58,19,91,Normal
2026-02-14 03:15:58.358700,Seoul-cc58,-16,13,Normal
2026-02-14 03:15:59.358700,Seoul-cc58,-15,59,Normal
2026-02-14 03:16:00.358700,Seoul-cc58,-16,93,Normal
2026-02-14 03:16:01.358700,Seoul-cc58,32,57,Normal
2026-02-14 03:16:02.358700,Seoul-cc58,42,86,Normal
2026-02-14 03:16:03.358700,Seoul-cc58,-27,85,Normal
2026-02-14 03:16:04.358700,Seoul-cc58,10,81,Normal
2026-02-14 03:16:05.358700,Seoul-cc58,-14,81,Normal
2026-02-14 03:16:06.358700,Seoul-cc58,-27,94,Normal
2026-02-14 03:16:07.358700,Seoul-cc58,7,25,Normal
2026-02-14 03:16:08.358700,Seoul-cc58,-3,66,Normal
2026-02-14 03:16:09.358700,Seoul-cc58,13,11,Normal
2026-02-14 03:16:10.358700,Seoul-cc58,46,16,Normal
2026-02-14 03:16:11.358700,Seoul-cc58,46,40,Normal
2026-02-14 03:16:12.358700,Seoul-cc58,17,61,Normal
2026-02-14 03:16:13.358700,Seoul-cc58,22,86,Normal
2026-02-14 03:16:14.358700,Seoul-cc58,-13,72,Normal
2026-02-14 03:16:15.358700,Seoul-cc58,27,67,Normal
2026-02-14 03:16:16.358700,Seoul-cc58,7,57,Normal
2026-02-14 03:16:17.358700,Seoul-cc58,31,29,Normal
2026-02-14 03:16:18.358700,Seoul-cc58,-18,39,Normal
2026-02-14 03:16:19.358700,Seoul-cc58,25,83,Normal
2026-02-14 03:16:20.358700,Seoul-cc58,38,47,Normal
2026-02-14 03:16:21.358700,Seoul-cc58,33,2,Normal
2026-02-14 03:16:22.358700,Seoul-cc58,23,7,Normal
2026-02-14 03:16:23.358700,Seoul-cc58,44,35,Normal
2026-02-14 03:16:24.358700,Seoul-cc58,18,95,Normal
2026-02-14 03:16:25.358700,Seoul-cc58,1,55,Normal
2026-02-14 03:16:26.358700,Seoul-cc58,1,4,Normal
2026-02-14 03:16:27.358700,Seoul-cc58,-21,21,Normal
2026-02-14 03:16:28.358700,Seoul-cc58,31,46,Normal
2026-02-14 03:16:29.358700,Seoul-cc58,7,86,Normal
2026-02-14 03:16:30.358700,Seoul-cc58,50,49,Normal
2026-02-14 03:16:31.358700,Seoul-cc58,-28,53,Normal
2026-02-14 03:16:32.358700,Seoul-cc58,-12,88,Normal
2026-02-14 03:16:33.358700,Seoul-cc58,-26,27,Normal
2026-02-14 03:16:34.358700,Seoul-cc58,11,99,Normal
2026-02-14 03:16:35.358700,Seoul-cc58,49,28,Normal
2026-02-14 03:16:36.358700,Seoul-cc58,15,45,Normal
2026-02-14 03:16:37.358700,Seoul-cc58,-19,86,Normal
2026-02-14 03:16:38.358700,Seoul-cc58,18,58,Normal
2026-02-14 03:16:39.358700,Seoul-cc58,4,44,Normal
2026-02-14 03:16:40.358700,Seoul-cc58,5,6,Normal
2026-02-14 03:16:41.358700,Seoul-cc58,20,34,Normal
2026-02-14 03:16:42.358700,Seoul-cc58,-27,58,Normal
2026-02-14 03:16:43.358700,Seoul-cc58,17,19,Normal
2026-02-14 03:16:44.358700,Seoul-cc58,-23,66,Normal
2026-02-14 03:16:45.358700,Seoul-cc58,8,53,Normal
2026-02-14 03:16:46.358700,Seoul-cc58,-7,95,Normal
2026-02-14 03:16:47.358700,Seoul-cc58,-29,94,Normal
2026-02-14 03:16:48.358700,Seoul-cc58,21,36,Normal
2026-02-14 03:16:49.358700,Seoul-cc58,-18,25,Normal
2026-02-14 03:16:50.358700,Seoul-cc58,-11,7,Normal
2026-02-14 03:16:51.358700,Seoul-cc58,-30,25,Normal
2026-02-14 03:16:52.358700,Seoul-cc58,-11,57,Normal
2026-02-14 03:16:53.358700,Seoul-cc58,-30,50,Normal
2026-02-14 03:16:54.358700,Seoul-cc58,46,75,Normal
2026-02-14 03:16:55.358700,Seoul-cc58,-14,72,Normal
2026-02-14 03:16:56.358700,Seoul-cc58,33,49,Normal
2026-02-14 03:16:57.358700,Seoul-cc58,17,29,Normal
2026-02-14 03:16:58.358700,Seoul-cc58,31,8,Normal
2026-02-14 03:16:59.358700,Seoul-cc58,9,18,Normal
2026-02-14 03:17:00.358700,Seoul-cc58,37,100,Normal
2026-02-14 03:17:01.358700,Seoul-cc58,-12,63,Normal
2026-02-14 03:17:02.358700,Seoul-cc58,31,64,Normal
2026-02-14 03:17:03.358700,Seoul-cc58,35,66,Normal
2026-02-14 03:17:04.358700,Seoul-cc58,35,93,Normal
2026-02-14 03:17:05.358700,Seoul-cc58,-5,30,Normal
2026-02-14 03:17:06.358700,Seoul-cc58,7,42,Normal
2026-02-14 03:17:07.358700,Seoul-cc58,-23,1,Normal
2026-02-14 03:17:08.358700,Seoul-cc58,43,59,Normal
2026-02-14 03:17:09.358700,Seoul-cc58,-10,19,Normal
2026-02-14 03:17:10.358700,Seoul-cc58,-23,36,Normal
2026-02-14 03:17:11.358700,Seoul-cc58,22,99,Normal
2026-02-14 03:17:12.358700,Seoul-cc58,-26,69,Normal
2026-02-14 03:17:13.358700,Seoul-cc58,37,10,Normal
2026-02-14 03:17:14.358700,Seoul-cc58,-17,99,Normal
2026-02-14 03:17:15.358700,Seoul-cc58,2,45,Normal
2026-02-14 03:17:16.358700,Seoul-cc58,12,66,Normal
2026-02-14 03:17:17.358700,Seoul-cc58,0,96,Normal
2026-02-14 03:17:18.358700,Seoul-cc58,-19,76,Normal
2026-02-14 03:17:19.358700,Seoul-cc58,21,81,Normal
2026-02-14 03:17:20.358700,Seoul-cc58,29,96,Normal
2026-02-14 03:17:21.358700,Seoul-cc58,6,6,Normal
2026-02-14 03:17:22.358700,Seoul-cc58,12,26,Normal
2026-02-14 03:17:23.358700,Seoul-cc58,44,18,Normal
2026-02-14 03:17:24.358700,Seoul-cc58,47,43,Normal
2026-02-14 03:17:25.358700,Seoul-cc58,-19,85,Normal
2026-02-14 03:17:26.358700,Seoul-cc58,1,35,Normal
2026-02-14 03:17:27.358700,Seoul-cc58,13,41,Normal
2026-02-14 03:17:28.358700,Seoul-cc58,-4,88,Normal
2026-02-14 03:17:29.358700,Seoul-cc58,20,77,Normal
2026-02-14 03:17:30.358700,Seoul-cc58,-11,27,Normal
2026-02-14 03:17:31.358700,Seoul-cc58,25,93,Normal
2026-02-14 03:17:32.358700,Seoul-cc58,18,66,Normal
2026-02-14 03:17:33.358700,Seoul-cc58,49,82,Normal
2026-02-14 03:17:34.358700,Seoul-cc58,4,67,Normal
2026-02-14 03:17:35.358700,Seoul-cc58,23,61,Normal
2026-02-14 03:17:36.358700,Seoul-cc58,-12,83,Normal
2026-02-14 03:17:37.358700,Seoul-cc58,21,85,Normal
2026-02-14 03:17:38.358700,Seoul-cc58,-4,80,Normal
2026-02-14 03:17:39.358700,Seoul-cc58,34,77,Normal
2026-02-14 03:17:40.358700,Seoul-cc58,-5,95,Normal
2026-02-14 03:17:41.358700,Seoul-cc58,-5,21,Normal
2026-02-14 03:17:42.358700,Seoul-cc58,24,10,Normal
2026-02-14 03:17:43.358700,Seoul-cc58,21,0,Normal
2026-02-14 03:17:44.358700,Seoul-cc58,10,79,Normal
2026-02-14 03:17:45.358700,Seoul-cc58,-7,67,Normal
2026-02-14 03:17:46.358700,Seoul-cc58,25,36,Normal
2026-02-14 03:17:47.358700,Seoul-cc58,14,7,Normal
2026-02-14 03:17:48.358700,Seoul-cc58,12,15,Normal
2026-02-14 03:17:49.358700,Seoul-cc58,44,84,Normal
2026-02-14 03:17:50.358700,Seoul-cc58,-5,34,Normal
2026-02-14 03:17:51.358700,Seoul-cc58,39,17,Normal
2026-02-14 03:17:52.358700,Seoul-cc58,-4,81,Normal
2026-02-14 03:17:53.358700,Seoul-cc58,40,0,Normal
2026-02-14 03:17:54.358700,Seoul-cc58,-4,46,Normal
2026-02-14 03:17:55.358700,Seoul-cc58,22,31,Normal
2026-02-14 03:17:56.358700,Seoul-cc58,-19,100,Normal
2026-02-14 03:17:57.358700,Seoul-cc58,32,61,Normal
2026-02-14 03:17:58.358700,Seoul-cc58,-13,1,Normal
2026-02-14 03:17:59.358700,Seoul-cc58,-3,54,Normal
2026-02-14 03:18:00.358700,Seoul-cc58,-23,11,Normal
2026-02-14 03:18:01.358700,Seoul-cc58,-17,96,Normal
2026-02-14 03:18:02.358700,Seoul-cc58,-9,54,Normal
2026-02-14 03:18:03.358700,Seoul-cc58,49,14,Normal
2026-02-14 03:18:04.358700,Seoul-cc58,50,79,Normal
2026-02-14 03:18:05.358700,Seoul-cc58,24,49,Normal
2026-02-14 03:18:06.358700,Seoul-cc58,-8,49,Normal
2026-02-14 03:18:07.358700,Seoul-cc58,-8,16,Normal
2026-02-14 03:18:08.358700,Seoul-cc58,25,77,Normal
2026-02-14 03:18:09.358700,Seoul-cc58,2,32,Normal
2026-02-14 03:18:10.358700,Seoul-cc58,11,90,Normal
2026-02-14 03:18:11.358700,Seoul-cc58,-13,0,Normal
2026-02-14 03:18:12.358700,Seoul-cc58,15,10,Normal
2026-02-14 03:18:13.358700,Seoul-cc58,-26,75,Normal
2026-02-14 03:18:14.358700,Seoul-cc58,-23,43,Normal
2026-02-14 03:18:15.358700,Seoul-cc58,-2,28,Normal
2026-02-14 03:18:16.358700,Seoul-cc58,45,16,Normal
2026-02-14 03:18:17.358700,Seoul-cc58,-17,10,Normal
2026-02-14 03:18:18.358700,Seoul-cc58,-9,38,Normal
2026-02-14 03:18:19.358700,Seoul-cc58,5,33,Normal
2026-02-14 03:18:20.358700,Seoul-cc58,0,44,Normal
2026-02-14 03:18:21.358700,Seoul-cc58,44,2,Normal
2026-02-14 03:18:22.358700,Seoul-cc58,40,88,Normal
2026-02-14 03:18:23.358700,Seoul-cc58,9,2,Normal
2026-02-14 03:18:24.358700,Seoul-cc58,31,50,Normal
2026-02-14 03:18:25.358700,Seoul-cc58,42,24,Normal
2026-02-14 03:18:26.358700,Seoul-cc58,-11,9,Normal
2026-02-14 03:18:27.358700,Seoul-cc58,-11,94,Normal
2026-02-14 03:18:28.358700,Seoul-cc58,19,43,Normal
2026-02-14 03:18:29.358700,Seoul-cc58,20,14,Normal
2026-02-14 03:18:30.358700,Seoul-cc58,22,60,Normal
2026-02-14 03:18:31.358700,Seoul-cc58,41,15,Normal
2026-02-14 03:18:32.358700,Seoul-cc58,27,87,Normal
2026-02-14 03:18:33.358700,Seoul-cc58,8,95,Normal
2026-02-14 03:18:34.358700,Seoul-cc58,-16,39,Normal
2026-02-14 03:18:35.358700,Seoul-cc58,17,3,Normal
2026-02-14 03:18:36.358700,Seoul-cc58,21,27,Normal
2026-02-14 03:18:37.358700,Seoul-cc58,-2,4,Normal
2026-02-14 03:18:38.358700,Seoul-cc58,-9,41,Normal
2026-02-14 03:18:39.358700,Seoul-cc58,-16,11,Normal
2026-02-14 03:18:40.358700,Seoul-cc58,-22,96,Normal
2026-02-14 03:18:41.358700,Seoul-cc58,4,66,Normal
2026-02-14 03:18:42.358700,Seoul-cc58,35,79,Normal
2026-02-14 03:18:43.358700,Seoul-cc58,-23,90,Normal
2026-02-14 03:18:44.358700,Seoul-cc58,-8,8,Normal
2026-02-14 03:18:45.358700,Seoul-cc58,-6,70,Normal
2026-02-14 03:18:46.358700,Seoul-cc58,6,12,Normal
2026-02-14 03:18:47.358700,Seoul-cc58,-28,69,Normal
2026-02-14 03:18:48.358700,Seoul-cc58,44,15,Normal
2026-02-14 03:18:49.358700,Seoul-cc58,-12,50,Normal
2026-02-14 03:18:50.358700,Seoul-cc58,-23,37,Normal
2026-02-14 03:18:51.358700,Seoul-cc58,50,61,Normal
2026-02-14 03:18:52.358700,Seoul-cc58,27,77,Normal
2026-02-14 03:18:53.358700,Seoul-cc58,22,24,Normal
2026-02-14 03:18:54.358700,Seoul-cc58,1,18,Normal
2026-02-14 03:18:55.358700,Seoul-cc58,-6,26,Normal
2026-02-14 03:18:56.358700,Seoul-cc58,44,46,Normal
2026-02-14 03:18:57.358700,Seoul-cc58,-4,48,Normal
2026-02-14 03:18:58.358700,Seoul-cc58,37,22,Normal
2026-02-14 03:18:59.358700,Seoul-cc58,-26,49,Normal
2026-02-14 03:19:00.358700,Seoul-cc58,14,15,Normal
2026-02-14 03:19:01.358700,Seoul-cc58,-3,90,Normal
2026-02-14 03:19:02.358700,Seoul-cc58,45,35,Normal
2026-02-14 03:19:03.358700,Seoul-cc58,7,56,Normal
2026-02-14 03:19:04.358700,Seoul-cc58,18,47,Normal
2026-02-14 03:19:05.358700,Seoul-cc58,16,42,Normal
2026-02-14 03:19:06.358700,Seoul-cc58,23,21,Normal
2026-02-14 03:19:07.358700,Seoul-cc58,-14,95,Normal
2026-02-14 03:19:08.358700,Seoul-cc58,40,90,Normal
2026-02-14 03:19:09.358700,Seoul-cc58,20,28,Normal
2026-02-14 03:19:10.358700,Seoul-cc58,38,19,Normal
2026-02-14 03:19:11.358700,Seoul-cc58,49,96,Normal
2026-02-14 03:19:12.358700,Seoul-cc58,22,25,Normal
2026-02-14 03:19:13.358700,Seoul-cc58,48,29,Normal
2026-02-14 03:19:14.358700,Seoul-cc58,-21,72,Normal
2026-02-14 03:19:15.358700,Seoul-cc58,-7,54,Normal
2026-02-14 03:19:16.358700,Seoul-cc58,-26,1,Normal
2026-02-14 03:19:17.358700,Seoul-cc58,39,16,Normal
2026-02-14 03:19:18.358700,Seoul-cc58,26,97,Normal
2026-02-14 03:19:19.358700,Seoul-cc58,15,42,Normal
2026-02-14 03:19:20.358700,Seoul-cc58,21,40,Normal
2026-02-14 03:19:21.358700,Seoul-cc58,45,65,Normal
2026-02-14 03:19:22.358700,Seoul-cc58,-18,89,Normal
2026-02-14 03:19:23.358700,Seoul-cc58,37,15,Normal
2026-02-14 03:19:24.358700,Seoul-cc58,-7,80,Normal
2026-02-14 03:19:25.358700,Seoul-cc58,-16,17,Normal
2026-02-14 03:19:26.358700,Seoul-cc58,31,94,Normal
2026-02-14 03:19:27.358700,Seoul-cc58,-26,93,Normal
2026-02-14 03:19:28.358700,Seoul-cc58,44,92,Normal
2026-02-14 03:19:29.358700,Seoul-cc58,8,91,Normal
2026-02-14 03:19:30.358700,Seoul-cc58,9,33,Normal
2026-02-14 03:19:31.358700,Seoul-cc58,-24,4,Normal
2026-02-14 03:19:32.358700,Seoul-cc58,4,72,Normal
2026-02-14 03:19:33.358700,Seoul-cc58,18,81,Normal
2026-02-14 03:19:34.358700,Seoul-cc58,13,24,Normal
2026-02-14 03:19:35.358700,Seoul-cc58,40,94,Normal
2026-02-14 03:19:36.358700,Seoul-cc58,18,60,Normal
2026-02-14 03:19:37.358700,Seoul-cc58,15,77,Normal
2026-02-14 03:19:38.358700,Seoul-cc58,48,43,Normal
2026-02-14 03:19:39.358700,Seoul-cc58,-5,43,Normal
2026-02-14 03:19:40.358700,Seoul-cc58,31,8,Normal
2026-02-14 03:19:41.358700,Seoul-cc58,31,54,Normal
2026-02-14 03:19:42.358700,Seoul-cc58,27,56,Normal
2026-02-14 03:19:43.358700,Seoul-cc58,48,6,Normal
2026-02-14 03:19:44.358700,Seoul-cc58,3,96,Normal
2026-02-14 03:19:45.358700,Seoul-cc58,-21,35,Normal
2026-02-14 03:19:46.358700,Seoul-cc58,1,18,Normal
2026-02-14 03:19:47.358700,Seoul-cc58,-27,84,Normal
2026-02-14 03:19:48.358700,Seoul-cc58,-15,15,Normal
2026-02-14 03:19:49.358700,Seoul-cc58,1,16,Normal
2026-02-14 03:19:50.358700,Seoul-cc58,36,31,Normal
2026-02-14 03:19:51.358700,Seoul-cc58,-9,85,Normal
2026-02-14 03:19:52.358700,Seoul-cc58,-27,89,Normal
2026-02-14 03:19:53.358700,Seoul-cc58,-19,7,Normal
2026-02-14 03:19:54.358700,Seoul-cc58,-26,33,Normal
2026-02-14 03:19:55.358700,Seoul-cc58,26,17,Normal
2026-02-14 03:19:56.358700,Seoul-cc58,1,29,Normal
2026-02-14 03:19:57.358700,Seoul-cc58,29,13,Normal
2026-02-14 03:19:58.358700,Seoul-cc58,30,35,Normal
2026-02-14 03:19:59.358700,Seoul-cc58,-30,67,Normal
2026-02-14 03:20:00.358700,Seoul-cc58,42,11,Normal
2026-02-14 03:20:01.358700,Seoul-cc58,38,45,Normal
2026-02-14 03:20:02.358700,Seoul-cc58,18,92,Normal
2026-02-14 03:20:03.358700,Seoul-cc58,-1,74,Normal
2026-02-14 03:20:04.358700,Seoul-cc58,-19,71,Normal
2026-02-14 03:20:05.358700,Seoul-cc58,38,96,Normal
2026-02-14 03:20:06.358700,Seoul-cc58,-1,71,Normal
2026-02-14 03:20:07.358700,Seoul-cc58,47,51,Normal
2026-02-14 03:20:08.358700,Seoul-cc58,-19,37,Normal
2026-02-14 03:20:09.358700,Seoul-cc58,14,46,Normal
2026-02-14 03:20:10.358700,Seoul-cc58,43,5,Normal
2026-02-14 03:20:11.358700,Seoul-cc58,-19,100,Normal
2026-02-14 03:20:12.358700,Seoul-cc58,1,42,Normal
2026-02-14 03:20:13.358700,Seoul-cc58,29,70,Normal
2026-02-14 03:20:14.358700,Seoul-cc58,26,10,Normal
2026-02-14 03:20:15.358700,Seoul-cc58,32,64,Normal
2026-02-14 03:20:16.358700,Seoul-cc58,-1,8,Normal
2026-02-14 03:20:17.358700,Seoul-cc58,-30,21,Normal
2026-02-14 03:20:18.358700,Seoul-cc58,-12,98,Normal
2026-02-14 03:20:19.358700,Seoul-cc58,29,9,Normal
2026-02-14 03:20:20.358700,Seoul-cc58,48,1,Normal
2026-02-14 03:20:21.358700,Seoul-cc58,50,0,Normal
2026-02-14 03:20:22.358700,Seoul-cc58,32,26,Normal
2026-02-14 03:20:23.358700,Seoul-cc58,-23,0,Normal
2026-02-14 03:20:24.358700,Seoul-cc58,14,71,Normal
2026-02-14 03:20:25.358700,Seoul-cc58,43,59,Normal
2026-02-14 03:20:26.358700,Seoul-cc58,-4,95,Normal
2026-02-14 03:20:27.358700,Seoul-cc58,-23,2,Normal
2026-02-14 03:20:28.358700,Seoul-cc58,47,99,Normal
2026-02-14 03:20:29.358700,Seoul-cc58,11,31,Normal
2026-02-14 03:20:30.358700,Seoul-cc58,-25,47,Normal
2026-02-14 03:20:31.358700,Seoul-cc58,50,80,Normal
2026-02-14 03:20:32.358700,Seoul-cc58,41,47,Normal
2026-02-14 03:20:33.358700,Seoul-cc58,-26,70,Normal
2026-02-14 03:20:34.358700,Seoul-cc58,38,56,Normal
2026-02-14 03:20:35.358700,Seoul-cc58,-3,80,Normal
2026-02-14 03:20:36.358700,Seoul-cc58,-6,9,Normal
2026-02-14 03:20:37.358700,Seoul-cc58,31,30,Normal
2026-02-14 03:20:38.358700,Seoul-cc58,43,85,Normal
2026-02-14 03:20:39.358700,Seoul-cc58,-13,34,Normal
2026-02-14 03:20:40.358700,Seoul-cc58,-3,76,Normal
2026-02-14 03:20:41.358700,Seoul-cc58,31,76,Normal
2026-02-14 03:20:42.358700,Seoul-cc58,-5,25,Normal
2026-02-14 03:20:43.358700,Seoul-cc58,1,41,Normal
2026-02-14 03:20:44.358700,Seoul-cc58,37,86,Normal
2026-02-14 03:20:45.358700,Seoul-cc58,7,21,Normal
2026-02-14 03:20:46.358700,Seoul-cc58,13,93,Normal
2026-02-14 03:20:47.358700,Seoul-cc58,-11,42,Normal
2026-02-14 03:20:48.358700,Seoul-cc58,-7,68,Normal
2026-02-14 03:20:49.358700,Seoul-cc58,0,88,Normal
2026-02-14 03:20:50.358700,Seoul-cc58,46,50,Normal
2026-02-14 03:20:51.358700,Seoul-cc58,7,75,Normal
2026-02-14 03:20:52.358700,Seoul-cc58,26,21,Normal
2026-02-14 03:20:53.358700,Seoul-cc58,20,9,Normal
2026-02-14 03:20:54.358700,Seoul-cc58,34,22,Normal
2026-02-14 03:20:55.358700,Seoul-cc58,19,71,Normal
2026-02-14 03:20:56.358700,Seoul-cc58,38,79,Normal
2026-02-14 03:20:57.358700,Seoul-cc58,31,39,Normal
2026-02-14 03:20:58.358700,Seoul-cc58,-27,25,Normal
2026-02-14 03:20:59.358700,Seoul-cc58,35,23,Normal
2026-02-14 03:21:00.358700,Seoul-cc58,-14,86,Normal
2026-02-14 03:21:01.358700,Seoul-cc58,-4,65,Normal
2026-02-14 03:21:02.358700,Seoul-cc58,41,91,Normal
2026-02-14 03:21:03.358700,Seoul-cc58,7,3,Normal
2026-02-14 03:21:04.358700,Seoul-cc58,-21,15,Normal
2026-02-14 03:21:05.358700,Seoul-cc58,32,95,Normal
2026-02-14 03:21:06.358700,Seoul-cc58,-9,27,Normal
2026-02-14 03:21:07.358700,Seoul-cc58,0,92,Normal
2026-02-14 03:21:08.358700,Seoul-cc58,2,37,Normal
2026-02-14 03:21:09.358700,Seoul-cc58,48,11,Normal
2026-02-14 03:21:10.358700,Seoul-cc58,-4,81,Normal
2026-02-14 03:21:11.358700,Seoul-cc58,16,98,Normal
2026-02-14 03:21:12.358700,Seoul-cc58,20,95,Normal
2026-02-14 03:21:13.358700,Seoul-cc58,-6,99,Normal
2026-02-14 03:21:14.358700,Seoul-cc58,40,45,Normal
2026-02-14 03:21:15.358700,Seoul-cc58,0,66,Normal
2026-02-14 03:21:16.358700,Seoul-cc58,16,62,Normal
2026-02-14 03:21:17.358700,Seoul-cc58,11,72,Normal
2026-02-14 03:21:18.358700,Seoul-cc58,33,87,Normal
2026-02-14 03:21:19.358700,Seoul-cc58,1,26,Normal
2026-02-14 03:21:20.358700,Seoul-cc58,-15,46,Normal
2026-02-14 03:21:21.358700,Seoul-cc58,18,49,Normal
2026-02-14 03:21:22.358700,Seoul-cc58,20,34,Normal
2026-02-14 03:21:23.358700,Seoul-cc58,3,57,Normal
2026-02-14 03:21:24.358700,Seoul-cc58,-14,55,Normal
2026-02-14 03:21:25.358700,Seoul-cc58,40,31,Normal
2026-02-14 03:21:26.358700,Seoul-cc58,-29,57,Normal
2026-02-14 03:21:27.358700,Seoul-cc58,-19,78,Normal
2026-02-14 03:21:28.358700,Seoul-cc58,27,55,Normal
2026-02-14 03:21:29.358700,Seoul-cc58,18,81,Normal
2026-02-14 03:21:30.358700,Seoul-cc58,27,6,Normal
2026-02-14 03:21:31.358700,Seoul-cc58,-17,56,Normal
2026-02-14 03:21:32.358700,Seoul-cc58,29,65,Normal
2026-02-14 03:21:33.358700,Seoul-cc58,8,71,Normal
2026-02-14 03:21:34.358700,Seoul-cc58,22,72,Normal
2026-02-14 03:21:35.358700,Seoul-cc58,33,84,Normal
2026-02-14 03:21:36.358700,Seoul-cc58,-22,92,Normal
2026-02-14 03:21:37.358700,Seoul-cc58,39,91,Normal
2026-02-14 03:21:38.358700,Seoul-cc58,-20,52,Normal
2026-02-14 03:21:39.358700,Seoul-cc58,9,46,Normal
2026-02-14 03:21:40.358700,Seoul-cc58,16,37,Normal
2026-02-14 03:21:41.358700,Seoul-cc58,-2,36,Normal
2026-02-14 03:21:42.358700,Seoul-cc58,-27,39,Normal
2026-02-14 03:21:43.358700,Seoul-cc58,-16,100,Normal
2026-02-14 03:21:44.358700,Seoul-cc58,-30,72,Normal
2026-02-14 03:21:45.358700,Seoul-cc58,49,79,Normal
2026-02-14 03:21:46.358700,Seoul-cc58,39,54,Normal
2026-02-14 03:21:47.358700,Seoul-cc58,28,62,Normal
2026-02-14 03:21:48.358700,Seoul-cc58,32,72,Normal
2026-02-14 03:21:49.358700,Seoul-cc58,32,65,Normal
2026-02-14 03:21:50.358700,Seoul-cc58,34,68,Normal
2026-02-14 03:21:51.358700,Seoul-cc58,-10,85,Normal
2026-02-14 03:21:52.358700,Seoul-cc58,46,75,Normal
2026-02-14 03:21:53.358700,Seoul-cc58,32,92,Normal
2026-02-14 03:21:54.358700,Seoul-cc58,14,73,Normal
2026-02-14 03:21:55.358700,Seoul-cc58,-2,55,Normal
2026-02-14 03:21:56.358700,Seoul-cc58,7,26,Normal
2026-02-14 03:21:57.358700,Seoul-cc58,-16,49,Normal
2026-02-14 03:21:58.358700,Seoul-cc58,37,35,Normal
2026-02-14 03:21:59.358700,Seoul-cc58,26,34,Normal
2026-02-14 03:22:00.358700,Seoul-cc58,45,35,Normal
2026-02-14 03:22:01.358700,Seoul-cc58,-4,63,Normal
2026-02-14 03:22:02.358700,Seoul-cc58,32,24,Normal
2026-02-14 03:22:03.358700,Seoul-cc58,43,60,Normal
2026-02-14 03:22:04.358700,Seoul-cc58,-11,80,Normal
2026-02-14 03:22:05.358700,Seoul-cc58,38,6,Normal
2026-02-14 03:22:06.358700,Seoul-cc58,-30,87,Normal
2026-02-14 03:22:07.358700,Seoul-cc58,1,31,Normal
2026-02-14 03:22:08.358700,Seoul-cc58,40,50,Normal
2026-02-14 03:22:09.358700,Seoul-cc58,-11,32,Normal
2026-02-14 03:22:10.358700,Seoul-cc58,-6,95,Normal
2026-02-14 03:22:11.358700,Seoul-cc58,-1,99,Normal
2026-02-14 03:22:12.358700,Seoul-cc58,42,23,Normal
2026-02-14 03:22:13.358700,Seoul-cc58,-1,47,Normal
2026-02-14 03:22:14.358700,Seoul-cc58,1,96,Normal
2026-02-14 03:22:15.358700,Seoul-cc58,12,47,Normal
2026-02-14 03:22:16.358700,Seoul-cc58,33,70,Normal
2026-02-14 03:22:17.358700,Seoul-cc58,19,23,Normal
2026-02-14 03:22:18.358700,Seoul-cc58,10,28,Normal
2026-02-14 03:22:19.358700,Seoul-cc58,26,45,Normal
2026-02-14 03:22:20.358700,Seoul-cc58,13,51,Normal
2026-02-14 03:22:21.358700,Seoul-cc58,-2,74,Normal
2026-02-14 03:22:22.358700,Seoul-cc58,44,16,Normal
2026-02-14 03:22:23.358700,Seoul-cc58,35,13,Normal
2026-02-14 03:22:24.358700,Seoul-cc58,1,23,Normal
2026-02-14 03:22:25.358700,Seoul-cc58,5,65,Normal
2026-02-14 03:22:26.358700,Seoul-cc58,10,71,Normal
2026-02-14 03:22:27.358700,Seoul-cc58,5,66,Normal
2026-02-14 03:22:28.358700,Seoul-cc58,-27,94,Normal
2026-02-14 03:22:29.358700,Seoul-cc58,28,55,Normal
2026-02-14 03:22:30.358700,Seoul-cc58,12,64,Normal
2026-02-14 03:22:31.358700,Seoul-cc58,43,38,Normal
2026-02-14 03:22:32.358700,Seoul-cc58,-21,80,Normal
2026-02-14 03:22:33.358700,Seoul-cc58,20,24,Normal
2026-02-14 03:22:34.358700,Seoul-cc58,22,18,Normal
2026-02-14 03:22:35.358700,Seoul-cc58,-24,36,Normal
2026-02-14 03:22:36.358700,Seoul-cc58,28,78,Normal
2026-02-14 03:22:37.358700,Seoul-cc58,-22,57,Normal
2026-02-14 03:22:38.358700,Seoul-cc58,23,44,Normal
2026-02-14 03:22:39.358700,Seoul-cc58,36,4,Normal
2026-02-14 03:22:40.358700,Seoul-cc58,-17,71,Normal
2026-02-14 03:22:41.358700,Seoul-cc58,-20,76,Normal
2026-02-14 03:22:42.358700,Seoul-cc58,-12,78,Normal
2026-02-14 03:22:43.358700,Seoul-cc58,-7,98,Normal
2026-02-14 03:22:44.358700,Seoul-cc58,-20,65,Normal
2026-02-14 03:22:45.358700,Seoul-cc58,48,13,Normal
2026-02-14 03:22:46.358700,Seoul-cc58,26,25,Normal
2026-02-14 03:22:47.358700,Seoul-cc58,18,75,Normal
2026-02-14 03:22:48.358700,Seoul-cc58,-14,52,Normal
2026-02-14 03:22:49.358700,Seoul-cc58,-11,41,Normal
2026-02-14 03:22:50.358700,Seoul-cc58,27,23,Normal
2026-02-14 03:22:51.358700,Seoul-cc58,33,1,Normal
2026-02-14 03:22:52.358700,Seoul-cc58,37,62,Normal
2026-02-14 03:22:53.358700,Seoul-cc58,41,76,Normal
2026-02-14 03:22:54.358700,Seoul-cc58,-22,73,Normal
2026-02-14 03:22:55.358700,Seoul-cc58,46,67,Normal
2026-02-14 03:22:56.358700,Seoul-cc58,31,82,Normal
2026-02-14 03:22:57.358700,Seoul-cc58,30,2,Normal
2026-02-14 03:22:58.358700,Seoul-cc58,11,19,Normal
2026-02-14 03:22:59.358700,Seoul-cc58,3,21,Normal
2026-02-14 03:23:00.358700,Seoul-cc58,26,52,Normal
2026-02-14 03:23:01.358700,Seoul-cc58,-12,5,Normal
2026-02-14 03:23:02.358700,Seoul-cc58,3,61,Normal
2026-02-14 03:23:03.358700,Seoul-cc58,39,78,Normal
2026-02-14 03:23:04.358700,Seoul-cc58,5,40,Normal
2026-02-14 03:23:05.358700,Seoul-cc58,1,88,Normal
2026-02-14 03:23:06.358700,Seoul-cc58,46,12,Normal
2026-02-14 03:23:07.358700,Seoul-cc58,32,43,Normal
2026-02-14 03:23:08.358700,Seoul-cc58,19,36,Normal
2026-02-14 03:23:09.358700,Seoul-cc58,-28,18,Normal
2026-02-14 03:23:10.358700,Seoul-cc58,-19,83,Normal
2026-02-14 03:23:11.358700,Seoul-cc58,-28,45,Normal
2026-02-14 03:23:12.358700,Seoul-cc58,35,81,Normal
2026-02-14 03:23:13.358700,Seoul-cc58,-26,19,Normal
2026-02-14 03:23:14.358700,Seoul-cc58,29,97,Normal
2026-02-14 03:23:15.358700,Seoul-cc58,8,71,Normal
2026-02-14 03:23:16.358700,Seoul-cc58,21,80,Normal
2026-02-14 03:23:17.358700,Seoul-cc58,-1,43,Normal
2026-02-14 03:23:18.358700,Seoul-cc58,33,31,Normal
2026-02-14 03:23:19.358700,Seoul-cc58,42,41,Normal
2026-02-14 03:23:20.358700,Seoul-cc58,-12,43,Normal
2026-02-14 03:23:21.358700,Seoul-cc58,2,48,Normal
2026-02-14 03:23:22.358700,Seoul-cc58,42,53,Normal
2026-02-14 03:23:23.358700,Seoul-cc58,14,19,Normal
2026-02-14 03:23:24.358700,Seoul-cc58,41,88,Normal
2026-02-14 03:23:25.358700,Seoul-cc58,-6,20,Normal
2026-02-14 03:23:26.358700,Seoul-cc58,23,26,Normal
2026-02-14 03:23:27.358700,Seoul-cc58,-20,43,Normal
2026-02-14 03:23:28.358700,Seoul-cc58,37,82,Normal
2026-02-14 03:23:29.358700,Seoul-cc58,-22,35,Normal
2026-02-14 03:23:30.358700,Seoul-cc58,-27,30,Normal
2026-02-14 03:23:31.358700,Seoul-cc58,11,37,Normal
2026-02-14 03:23:32.358700,Seoul-cc58,45,48,Normal
2026-02-14 03:23:33.358700,Seoul-cc58,26,83,Normal
2026-02-14 03:23:34.358700,Seoul-cc58,-8,52,Normal
2026-02-14 03:23:35.358700,Seoul-cc58,-9,70,Normal
2026-02-14 03:23:36.358700,Seoul-cc58,-5,26,Normal
2026-02-14 03:23:37.358700,Seoul-cc58,-8,18,Normal
2026-02-14 03:23:38.358700,Seoul-cc58,28,77,Normal
2026-02-14 03:23:39.358700,Seoul-cc58,-8,83,Normal
2026-02-14 03:23:40.358700,Seoul-cc58,9,90,Normal
2026-02-14 03:23:41.358700,Seoul-cc58,-14,16,Normal
2026-02-14 03:23:42.358700,Seoul-cc58,-6,100,Normal
2026-02-14 03:23:43.358700,Seoul-cc58,31,61,Normal
2026-02-14 03:23:44.358700,Seoul-cc58,5,12,Normal
2026-02-14 03:23:45.358700,Seoul-cc58,25,89,Normal
2026-02-14 03:23:46.358700,Seoul-cc58,-10,19,Normal
2026-02-14 03:23:47.358700,Seoul-cc58,38,78,Normal
2026-02-14 03:23:48.358700,Seoul-cc58,-6,38,Normal
2026-02-14 03:23:49.358700,Seoul-cc58,28,88,Normal
2026-02-14 03:23:50.358700,Seoul-cc58,-8,66,Normal
2026-02-14 03:23:51.358700,Seoul-cc58,15,90,Normal
2026-02-14 03:23:52.358700,Seoul-cc58,33,1,Normal
2026-02-14 03:23:53.358700,Seoul-cc58,6,30,Normal
2026-02-14 03:23:54.358700,Seoul-cc58,32,70,Normal
2026-02-14 03:23:55.358700,Seoul-cc58,37,89,Normal
2026-02-14 03:23:56.358700,Seoul-cc58,28,40,Normal
2026-02-14 03:23:57.358700,Seoul-cc58,12,69,Normal
2026-02-14 03:23:58.358700,Seoul-cc58,-30,22,Normal
2026-02-14 03:23:59.358700,Seoul-cc58,27,6,Normal
2026-02-14 03:24:00.358700,Seoul-cc58,-4,42,Normal
2026-02-14 03:24:01.358700,Seoul-cc58,-23,16,Normal
2026-02-14 03:24:02.358700,Seoul-cc58,5,48,Normal
2026-02-14 03:24:03.358700,Seoul-cc58,-23,79,Normal
2026-02-14 03:24:04.358700,Seoul-cc58,41,72,Normal
2026-02-14 03:24:05.358700,Seoul-cc58,-1,35,Normal
2026-02-14 03:24:06.358700,Seoul-cc58,30,81,Normal
2026-02-14 03:24:07.358700,Seoul-cc58,41,78,Normal
2026-02-14 03:24:08.358700,Seoul-cc58,48,62,Normal
2026-02-14 03:24:09.358700,Seoul-cc58,-3,4,Normal
2026-02-14 03:24:10.358700,Seoul-cc58,-18,53,Normal
2026-02-14 03:24:11.358700,Seoul-cc58,17,41,Normal
2026-02-14 03:24:12.358700,Seoul-cc58,-24,79,Normal
2026-02-14 03:24:13.358700,Seoul-cc58,42,30,Normal
2026-02-14 03:24:14.358700,Seoul-cc58,-26,89,Normal
2026-02-14 03:24:15.358700,Seoul-cc58,46,94,Normal
2026-02-14 03:24:16.358700,Seoul-cc58,34,27,Normal
2026-02-14 03:24:17.358700,Seoul-cc58,39,28,Normal
2026-02-14 03:24:18.358700,Seoul-cc58,0,60,Normal
2026-02-14 03:24:19.358700,Seoul-cc58,-12,51,Normal
2026-02-14 03:24:20.358700,Seoul-cc58,28,12,Normal
2026-02-14 03:24:21.358700,Seoul-cc58,22,21,Normal
2026-02-14 03:24:22.358700,Seoul-cc58,32,36,Normal
2026-02-14 03:24:23.358700,Seoul-cc58,-16,90,Normal
2026-02-14 03:24:24.358700,Seoul-cc58,18,57,Normal
2026-02-14 03:24:25.358700,Seoul-cc58,-16,60,Normal
2026-02-14 03:24:26.358700,Seoul-cc58,49,85,Normal
2026-02-14 03:24:27.358700,Seoul-cc58,-23,93,Normal
2026-02-14 03:24:28.358700,Seoul-cc58,-8,50,Normal
2026-02-14 03:24:29.358700,Seoul-cc58,48,21,Normal
2026-02-14 03:24:30.358700,Seoul-cc58,49,51,Normal
2026-02-14 03:24:31.358700,Seoul-cc58,-10,82,Normal
2026-02-14 03:24:32.358700,Seoul-cc58,-26,90,Normal
2026-02-14 03:24:33.358700,Seoul-cc58,-29,57,Normal
2026-02-14 03:24:34.358700,Seoul-cc58,-16,25,Normal
2026-02-14 03:24:35.358700,Seoul-cc58,-19,20,Normal
2026-02-14 03:24:36.358700,Seoul-cc58,32,82,Normal
2026-02-14 03:24:37.358700,Seoul-cc58,-14,22,Normal
2026-02-14 03:24:38.358700,Seoul-cc58,-10,89,Normal
2026-02-14 03:24:39.358700,Seoul-cc58,0,84,Normal
2026-02-14 03:24:40.358700,Seoul-cc58,29,11,Normal
2026-02-14 03:24:41.358700,Seoul-cc58,46,92,Normal
2026-02-14 03:24:42.358700,Seoul-cc58,40,81,Normal
2026-02-14 03:24:43.358700,Seoul-cc58,-24,58,Normal
2026-02-14 03:24:44.358700,Seoul-cc58,38,28,Normal
2026-02-14 03:24:45.358700,Seoul-cc58,24,47,Normal
2026-02-14 03:24:46.358700,Seoul-cc58,-2,69,Normal
2026-02-14 03:24:47.358700,Seoul-cc58,3,1,Normal
2026-02-14 03:24:48.358700,Seoul-cc58,17,54,Normal
2026-02-14 03:24:49.358700,Seoul-cc58,-21,22,Normal
2026-02-14 03:24:50.358700,Seoul-cc58,-4,99,Normal
2026-02-14 03:24:51.358700,Seoul-cc58,-18,73,Normal
2026-02-14 03:24:52.358700,Seoul-cc58,45,66,Normal
2026-02-14 03:24:53.358700,Seoul-cc58,50,51,Normal
2026-02-14 03:24:54.358700,Seoul-cc58,23,40,Normal
2026-02-14 03:24:55.358700,Seoul-cc58,-27,38,Normal
2026-02-14 03:24:56.358700,Seoul-cc58,14,94,Normal
2026-02-14 03:24:57.358700,Seoul-cc58,-15,24,Normal
2026-02-14 03:24:58.358700,Seoul-cc58,-28,94,Normal
2026-02-14 03:24:59.358700,Seoul-cc58,1,72,Normal
2026-02-14 03:25:00.358700,Seoul-cc58,46,4,Normal
2026-02-14 03:25:01.358700,Seoul-cc58,12,63,Normal
2026-02-14 03:25:02.358700,Seoul-cc58,-21,60,Normal
2026-02-14 03:25:03.358700,Seoul-cc58,39,49,Normal
2026-02-14 03:25:04.358700,Seoul-cc58,18,35,Normal
2026-02-14 03:25:05.358700,Seoul-cc58,-11,60,Normal
2026-02-14 03:25:06.358700,Seoul-cc58,-22,51,Normal
2026-02-14 03:25:07.358700,Seoul-cc58,-10,65,Normal
2026-02-14 03:25:08.358700,Seoul-cc58,-22,34,Normal
2026-02-14 03:25:09.358700,Seoul-cc58,-10,1,Normal
2026-02-14 03:25:10.358700,Seoul-cc58,43,33,Normal
2026-02-14 03:25:11.358700,Seoul-cc58,-7,31,Normal
2026-02-14 03:25:12.358700,Seoul-cc58,49,83,Normal
2026-02-14 03:25:13.358700,Seoul-cc58,43,76,Normal
2026-02-14 03:25:14.358700,Seoul-cc58,-24,4,Normal
2026-02-14 03:25:15.358700,Seoul-cc58,27,71,Normal
2026-02-14 03:25:16.358700,Seoul-cc58,8,71,Normal
2026-02-14 03:25:17.358700,Seoul-cc58,-29,0,Normal
2026-02-14 03:25:18.358700,Seoul-cc58,44,97,Normal
2026-02-14 03:25:19.358700,Seoul-cc58,-3,7,Normal
2026-02-14 03:25:20.358700,Seoul-cc58,8,54,Normal
2026-02-14 03:25:21.358700,Seoul-cc58,1,97,Normal
2026-02-14 03:25:22.358700,Seoul-cc58,3,82,Normal
2026-02-14 03:25:23.358700,Seoul-cc58,-10,99,Normal
2026-02-14 03:25:24.358700,Seoul-cc58,38,17,Normal
2026-02-14 03:25:25.358700,Seoul-cc58,30,94,Normal
2026-02-14 03:25:26.358700,Seoul-cc58,44,59,Normal
2026-02-14 03:25:27.358700,Seoul-cc58,-16,63,Normal
2026-02-14 03:25:28.358700,Seoul-cc58,-21,67,Normal
2026-02-14 03:25:29.358700,Seoul-cc58,-13,99,Normal
2026-02-14 03:25:30.358700,Seoul-cc58,-22,19,Normal
2026-02-14 03:25:31.358700,Seoul-cc58,16,75,Normal
2026-02-14 03:25:32.358700,Seoul-cc58,13,96,Normal
2026-02-14 03:25:33.358700,Seoul-cc58,38,82,Normal
2026-02-14 03:25:34.358700,Seoul-cc58,-8,64,Normal
2026-02-14 03:25:35.358700,Seoul-cc58,32,15,Normal
2026-02-14 03:25:36.358700,Seoul-cc58,22,74,Normal
2026-02-14 03:25:37.358700,Seoul-cc58,34,76,Normal
2026-02-14 03:25:38.358700,Seoul-cc58,-17,99,Normal
2026-02-14 03:25:39.358700,Seoul-cc58,18,90,Normal
2026-02-14 03:25:40.358700,Seoul-cc58,29,63,Normal
2026-02-14 03:25:41.358700,Seoul-cc58,36,35,Normal
2026-02-14 03:25:42.358700,Seoul-cc58,-13,99,Normal
2026-02-14 03:25:43.358700,Seoul-cc58,37,43,Normal
2026-02-14 03:25:44.358700,Seoul-cc58,4,23,Normal
2026-02-14 03:25:45.358700,Seoul-cc58,-9,55,Normal
2026-02-14 03:25:46.358700,Seoul-cc58,-29,62,Normal
2026-02-14 03:25:47.358700,Seoul-cc58,-26,85,Normal
2026-02-14 03:25:48.358700,Seoul-cc58,-17,32,Normal
2026-02-14 03:25:49.358700,Seoul-cc58,17,37,Normal
2026-02-14 03:25:50.358700,Seoul-cc58,17,46,Normal
2026-02-14 03:25:51.358700,Seoul-cc58,-21,54,Normal
2026-02-14 03:25:52.358700,Seoul-cc58,35,20,Normal
2026-02-14 03:25:53.358700,Seoul-cc58,29,18,Normal
2026-02-14 03:25:54.358700,Seoul-cc58,-6,22,Normal
2026-02-14 03:25:55.358700,Seoul-cc58,-2,22,Normal
2026-02-14 03:25:56.358700,Seoul-cc58,10,62,Normal
2026-02-14 03:25:57.358700,Seoul-cc58,3,36,Normal
2026-02-14 03:25:58.358700,Seoul-cc58,-7,72,Normal
2026-02-14 03:25:59.358700,Seoul-cc58,42,78,Normal
2026-02-14 03:26:00.358700,Seoul-cc58,27,68,Normal
2026-02-14 03:26:01.358700,Seoul-cc58,-2,35,Normal
2026-02-14 03:26:02.358700,Seoul-cc58,21,24,Normal
2026-02-14 03:26:03.358700,Seoul-cc58,47,19,Normal
2026-02-14 03:26:04.358700,Seoul-cc58,30,40,Normal
2026-02-14 03:26:05.358700,Seoul-cc58,-11,77,Normal
2026-02-14 03:26:06.358700,Seoul-cc58,40,61,Normal
2026-02-14 03:26:07.358700,Seoul-cc58,46,13,Normal
2026-02-14 03:26:08.358700,Seoul-cc58,-23,79,Normal
2026-02-14 03:26:09.358700,Seoul-cc58,-13,80,Normal
2026-02-14 03:26:10.358700,Seoul-cc58,45,94,Normal
2026-02-14 03:26:11.358700,Seoul-cc58,40,66,Normal
2026-02-14 03:26:12.358700,Seoul-cc58,-16,53,Normal
2026-02-14 03:26:13.358700,Seoul-cc58,45,46,Normal
2026-02-14 03:26:14.358700,Seoul-cc58,9,35,Normal
2026-02-14 03:26:15.358700,Seoul-cc58,22,38,Normal
2026-02-14 03:26:16.358700,Seoul-cc58,-29,56,Normal
2026-02-14 03:26:17.358700,Seoul-cc58,16,36,Normal
2026-02-14 03:26:18.358700,Seoul-cc58,50,91,Normal
2026-02-14 03:26:19.358700,Seoul-cc58,7,17,Normal
2026-02-14 03:26:20.358700,Seoul-cc58,28,8,Normal
2026-02-14 03:26:21.358700,Seoul-cc58,37,66,Normal
2026-02-14 03:26:22.358700,Seoul-cc58,5,89,Normal
2026-02-14 03:26:23.358700,Seoul-cc58,-14,81,Normal
2026-02-14 03:26:24.358700,Seoul-cc58,8,44,Normal
2026-02-14 03:26:25.358700,Seoul-cc58,45,74,Normal
2026-02-14 03:26:26.358700,Seoul-cc58,-13,73,Normal
2026-02-14 03:26:27.358700,Seoul-cc58,26,53,Normal
2026-02-14 03:26:28.358700,Seoul-cc58,44,12,Normal
2026-02-14 03:26:29.358700,Seoul-cc58,9,14,Normal
2026-02-14 03:26:30.358700,Seoul-cc58,7,81,Normal
2026-02-14 03:26:31.358700,Seoul-cc58,49,48,Normal
2026-02-14 03:26:32.358700,Seoul-cc58,44,61,Normal
2026-02-14 03:26:33.358700,Seoul-cc58,50,12,Normal
2026-02-14 03:26:34.358700,Seoul-cc58,-13,70,Normal
2026-02-14 03:26:35.358700,Seoul-cc58,-24,85,Normal
2026-02-14 03:26:36.358700,Seoul-cc58,-23,22,Normal
2026-02-14 03:26:37.358700,Seoul-cc58,29,96,Normal
2026-02-14 03:26:38.358700,Seoul-cc58,49,19,Normal
2026-02-14 03:26:39.358700,Seoul-cc58,-24,13,Normal
2026-02-14 03:26:40.358700,Seoul-cc58,4,45,Normal
2026-02-14 03:26:41.358700,Seoul-cc58,25,89,Normal
2026-02-14 03:26:42.358700,Seoul-cc58,13,100,Normal
2026-02-14 03:26:43.358700,Seoul-cc58,20,97,Normal
2026-02-14 03:26:44.358700,Seoul-cc58,-24,81,Normal
2026-02-14 03:26:45.358700,Seoul-cc58,-5,2,Normal
2026-02-14 03:26:46.358700,Seoul-cc58,36,8,Normal
2026-02-14 03:26:47.358700,Seoul-cc58,-2,92,Normal
2026-02-14 03:26:48.358700,Seoul-cc58,23,2,Normal
2026-02-14 03:26:49.358700,Seoul-cc58,-6,40,Normal
2026-02-14 03:26:50.358700,Seoul-cc58,28,39,Normal
2026-02-14 03:26:51.358700,Seoul-cc58,50,30,Normal
2026-02-14 03:26:52.358700,Seoul-cc58,43,34,Normal
2026-02-14 03:26:53.358700,Seoul-cc58,6,50,Normal
2026-02-14 03:26:54.358700,Seoul-cc58,0,45,Normal
2026-02-14 03:26:55.358700,Seoul-cc58,41,81,Normal
2026-02-14 03:26:56.358700,Seoul-cc58,6,63,Normal
2026-02-14 03:26:57.358700,Seoul-cc58,-15,25,Normal
2026-02-14 03:26:58.358700,Seoul-cc58,14,65,Normal
2026-02-14 03:26:59.358700,Seoul-cc58,9,31,Normal
2026-02-14 03:27:00.358700,Seoul-cc58,27,30,Normal
2026-02-14 03:27:01.358700,Seoul-cc58,22,25,Normal
2026-02-14 03:27:02.358700,Seoul-cc58,17,67,Normal
2026-02-14 03:27:03.358700,Seoul-cc58,-17,65,Normal
2026-02-14 03:27:04.358700,Seoul-cc58,-30,87,Normal
2026-02-14 03:27:05.358700,Seoul-cc58,19,51,Normal
2026-02-14 03:27:06.358700,Seoul-cc58,17,86,Normal
2026-02-14 03:27:07.358700,Seoul-cc58,21,30,Normal
2026-02-14 03:27:08.358700,Seoul-cc58,-30,47,Normal
2026-02-14 03:27:09.358700,Seoul-cc58,-14,47,Normal
2026-02-14 03:27:10.358700,Seoul-cc58,15,13,Normal
2026-02-14 03:27:11.358700,Seoul-cc58,42,11,Normal
2026-02-14 03:27:12.358700,Seoul-cc58,-29,41,Normal
2026-02-14 03:27:13.358700,Seoul-cc58,14,80,Normal
2026-02-14 03:27:14.358700,Seoul-cc58,49,31,Normal
2026-02-14 03:27:15.358700,Seoul-cc58,34,23,Normal
2026-02-14 03:27:16.358700,Seoul-cc58,-22,35,Normal
2026-02-14 03:27:17.358700,Seoul-cc58,-8,100,Normal
2026-02-14 03:27:18.358700,Seoul-cc58,45,95,Normal
2026-02-14 03:27:19.358700,Seoul-cc58,24,31,Normal
2026-02-14 03:27:20.358700,Seoul-cc58,17,17,Normal
2026-02-14 03:27:21.358700,Seoul-cc58,21,100,Normal
2026-02-14 03:27:22.358700,Seoul-cc58,48,100,Normal
2026-02-14 03:27:23.358700,Seoul-cc58,15,41,Normal
2026-02-14 03:27:24.358700,Seoul-cc58,11,63,Normal
2026-02-14 03:27:25.358700,Seoul-cc58,48,44,Normal
2026-02-14 03:27:26.358700,Seoul-cc58,36,49,Normal
2026-02-14 03:27:27.358700,Seoul-cc58,-5,94,Normal
2026-02-14 03:27:28.358700,Seoul-cc58,-9,69,Normal
2026-02-14 03:27:29.358700,Seoul-cc58,44,15,Normal
2026-02-14 03:27:30.358700,Seoul-cc58,-18,7,Normal
2026-02-14 03:27:31.358700,Seoul-cc58,49,25,Normal
2026-02-14 03:27:32.358700,Seoul-cc58,14,23,Normal
2026-02-14 03:27:33.358700,Seoul-cc58,-30,64,Normal
2026-02-14 03:27:34.358700,Seoul-cc58,-3,29,Normal
2026-02-14 03:27:35.358700,Seoul-cc58,21,21,Normal
2026-02-14 03:27:36.358700,Seoul-cc58,-30,79,Normal
2026-02-14 03:27:37.358700,Seoul-cc58,-19,63,Normal
2026-02-14 03:27:38.358700,Seoul-cc58,-17,98,Normal
2026-02-14 03:27:39.358700,Seoul-cc58,8,22,Normal
2026-02-14 03:27:40.358700,Seoul-cc58,46,32,Normal
2026-02-14 03:27:41.358700,Seoul-cc58,22,26,Normal
2026-02-14 03:27:42.358700,Seoul-cc58,-17,88,Normal
2026-02-14 03:27:43.358700,Seoul-cc58,29,97,Normal
2026-02-14 03:27:44.358700,Seoul-cc58,-6,45,Normal
2026-02-14 03:27:45.358700,Seoul-cc58,-26,70,Normal
2026-02-14 03:27:46.358700,Seoul-cc58,-11,40,Normal
2026-02-14 03:27:47.358700,Seoul-cc58,12,70,Normal
2026-02-14 03:27:48.358700,Seoul-cc58,23,28,Normal
2026-02-14 03:27:49.358700,Seoul-cc58,23,47,Normal
2026-02-14 03:27:50.358700,Seoul-cc58,-3,50,Normal
2026-02-14 03:27:51.358700,Seoul-cc58,32,89,Normal
2026-02-14 03:27:52.358700,Seoul-cc58,40,97,Normal
2026-02-14 03:27:53.358700,Seoul-cc58,-25,79,Normal
2026-02-14 03:27:54.358700,Seoul-cc58,35,37,Normal
2026-02-14 03:27:55.358700,Seoul-cc58,29,21,Normal
2026-02-14 03:27:56.358700,Seoul-cc58,-3,25,Normal
2026-02-14 03:27:57.358700,Seoul-cc58,-30,51,Normal
2026-02-14 03:27:58.358700,Seoul-cc58,6,39,Normal
2026-02-14 03:27:59.358700,Seoul-cc58,35,21,Normal
2026-02-14 03:28:00.358700,Seoul-cc58,31,58,Normal
2026-02-14 03:28:01.358700,Seoul-cc58,17,50,Normal
2026-02-14 03:28:02.358700,Seoul-cc58,30,27,Normal
2026-02-14 03:28:03.358700,Seoul-cc58,16,71,Normal
2026-02-14 03:28:04.358700,Seoul-cc58,5,21,Normal
2026-02-14 03:28:05.358700,Seoul-cc58,1,99,Normal
2026-02-14 03:28:06.358700,Seoul-cc58,-7,63,Normal
2026-02-14 03:28:07.358700,Seoul-cc58,-11,14,Normal
2026-02-14 03:28:08.358700,Seoul-cc58,-7,94,Normal
2026-02-14 03:28:09.358700,Seoul-cc58,46,52,Normal
2026-02-14 03:28:10.358700,Seoul-cc58,-7,53,Normal
2026-02-14 03:28:11.358700,Seoul-cc58,-30,81,Normal
2026-02-14 03:28:12.358700,Seoul-cc58,10,77,Normal
2026-02-14 03:28:13.358700,Seoul-cc58,-22,49,Normal
2026-02-14 03:28:14.358700,Seoul-cc58,47,87,Normal
2026-02-14 03:28:15.358700,Seoul-cc58,-25,4,Normal
2026-02-14 03:28:16.358700,Seoul-cc58,22,4,Normal
2026-02-14 03:28:17.358700,Seoul-cc58,1,79,Normal
2026-02-14 03:28:18.358700,Seoul-cc58,2,14,Normal
2026-02-14 03:28:19.358700,Seoul-cc58,4,68,Normal
2026-02-14 03:28:20.358700,Seoul-cc58,40,10,Normal
2026-02-14 03:28:21.358700,Seoul-cc58,33,1,Normal
2026-02-14 03:28:22.358700,Seoul-cc58,26,96,Normal
2026-02-14 03:28:23.358700,Seoul-cc58,31,11,Normal
2026-02-14 03:28:24.358700,Seoul-cc58,19,10,Normal
2026-02-14 03:28:25.358700,Seoul-cc58,35,100,Normal
2026-02-14 03:28:26.358700,Seoul-cc58,17,79,Normal
2026-02-14 03:28:27.358700,Seoul-cc58,-12,40,Normal
2026-02-14 03:28:28.358700,Seoul-cc58,-23,85,Normal
2026-02-14 03:28:29.358700,Seoul-cc58,43,30,Normal
2026-02-14 03:28:30.358700,Seoul-cc58,44,50,Normal
2026-02-14 03:28:31.358700,Seoul-cc58,-16,34,Normal
2026-02-14 03:28:32.358700,Seoul-cc58,31,98,Normal
2026-02-14 03:28:33.358700,Seoul-cc58,-21,17,Normal
2026-02-14 03:28:34.358700,Seoul-cc58,3,50,Normal
2026-02-14 03:28:35.358700,Seoul-cc58,19,44,Normal
2026-02-14 03:28:36.358700,Seoul-cc58,-3,88,Normal
2026-02-14 03:28:37.358700,Seoul-cc58,8,17,Normal
2026-02-14 03:28:38.358700,Seoul-cc58,24,80,Normal
2026-02-14 03:28:39.358700,Seoul-cc58,-19,10,Normal
2026-02-14 03:28:40.358700,Seoul-cc58,23,33,Normal
2026-02-14 03:28:41.358700,Seoul-cc58,-17,32,Normal
2026-02-14 03:28:42.358700,Seoul-cc58,49,7,Normal
2026-02-14 03:28:43.358700,Seoul-cc58,41,5,Normal
2026-02-14 03:28:44.358700,Seoul-cc58,45,23,Normal
2026-02-14 03:28:45.358700,Seoul-cc58,45,75,Normal
2026-02-14 03:28:46.358700,Seoul-cc58,0,79,Normal
2026-02-14 03:28:47.358700,Seoul-cc58,41,9,Normal
2026-02-14 03:28:48.358700,Seoul-cc58,50,57,Normal
2026-02-14 03:28:49.358700,Seoul-cc58,33,81,Normal
2026-02-14 03:28:50.358700,Seoul-cc58,-18,81,Normal
2026-02-14 03:28:51.358700,Seoul-cc58,-23,11,Normal
2026-02-14 03:28:52.358700,Seoul-cc58,39,85,Normal
2026-02-14 03:28:53.358700,Seoul-cc58,47,29,Normal
2026-02-14 03:28:54.358700,Seoul-cc58,-30,33,Normal
2026-02-14 03:28:55.358700,Seoul-cc58,19,89,Normal
2026-02-14 03:28:56.358700,Seoul-cc58,-25,57,Normal
2026-02-14 03:28:57.358700,Seoul-cc58,12,5,Normal
2026-02-14 03:28:58.358700,Seoul-cc58,-5,47,Normal
2026-02-14 03:28:59.358700,Seoul-cc58,-19,91,Normal
2026-02-14 03:29:00.358700,Seoul-cc58,19,100,Normal
2026-02-14 03:29:01.358700,Seoul-cc58,18,97,Normal
2026-02-14 03:29:02.358700,Seoul-cc58,46,87,Normal
2026-02-14 03:29:03.358700,Seoul-cc58,42,76,Normal
2026-02-14 03:29:04.358700,Seoul-cc58,-4,22,Normal
2026-02-14 03:29:05.358700,Seoul-cc58,20,42,Normal
2026-02-14 03:29:06.358700,Seoul-cc58,34,88,Normal
2026-02-14 03:29:07.358700,Seoul-cc58,-18,19,Normal
2026-02-14 03:29:08.358700,Seoul-cc58,-12,1,Normal
2026-02-14 03:29:09.358700,Seoul-cc58,21,95,Normal
2026-02-14 03:29:10.358700,Seoul-cc58,49,99,Normal
2026-02-14 03:29:11.358700,Seoul-cc58,-29,42,Normal
2026-02-14 03:29:12.358700,Seoul-cc58,23,45,Normal
2026-02-14 03:29:13.358700,Seoul-cc58,-24,13,Normal
2026-02-14 03:29:14.358700,Seoul-cc58,43,15,Normal
2026-02-14 03:29:15.358700,Seoul-cc58,35,44,Normal
2026-02-14 03:29:16.358700,Seoul-cc58,6,66,Normal
2026-02-14 03:29:17.358700,Seoul-cc58,-7,19,Normal
2026-02-14 03:29:18.358700,Seoul-cc58,-7,19,Normal
2026-02-14 03:29:19.358700,Seoul-cc58,50,57,Normal
2026-02-14 03:29:20.358700,Seoul-cc58,-30,10,Normal
2026-02-14 03:29:21.358700,Seoul-cc58,28,90,Normal
2026-02-14 03:29:22.358700,Seoul-cc58,7,1,Normal
2026-02-14 03:29:23.358700,Seoul-cc58,-12,23,Normal
2026-02-14 03:29:24.358700,Seoul-cc58,-21,42,Normal
2026-02-14 03:29:25.358700,Seoul-cc58,-1,34,Normal
2026-02-14 03:29:26.358700,Seoul-cc58,4,71,Normal
2026-02-14 03:29:27.358700,Seoul-cc58,21,11,Normal
2026-02-14 03:29:28.358700,Seoul-cc58,26,60,Normal
2026-02-14 03:29:29.358700,Seoul-cc58,27,35,Normal
2026-02-14 03:29:30.358700,Seoul-cc58,13,96,Normal
2026-02-14 03:29:31.358700,Seoul-cc58,-6,43,Normal
2026-02-14 03:29:32.358700,Seoul-cc58,46,78,Normal
2026-02-14 03:29:33.358700,Seoul-cc58,49,28,Normal
2026-02-14 03:29:34.358700,Seoul-cc58,-20,9,Normal
2026-02-14 03:29:35.358700,Seoul-cc58,17,71,Normal
2026-02-14 03:29:36.358700,Seoul-cc58,44,48,Normal
2026-02-14 03:29:37.358700,Seoul-cc58,-8,100,Normal
2026-02-14 03:29:38.358700,Seoul-cc58,12,5,Normal
2026-02-14 03:29:39.358700,Seoul-cc58,-13,95,Normal
2026-02-14 03:29:40.358700,Seoul-cc58,-14,58,Normal
2026-02-14 03:29:41.358700,Seoul-cc58,-27,59,Normal
2026-02-14 03:29:42.358700,Seoul-cc58,-21,51,Normal
2026-02-14 03:29:43.358700,Seoul-cc58,38,91,Normal
2026-02-14 03:29:44.358700,Seoul-cc58,1,79,Normal
2026-02-14 03:29:45.358700,Seoul-cc58,8,7,Normal
2026-02-14 03:29:46.358700,Seoul-cc58,18,75,Normal
2026-02-14 03:29:47.358700,Seoul-cc58,-5,24,Normal
2026-02-14 03:29:48.358700,Seoul-cc58,-23,54,Normal
2026-02-14 03:29:49.358700,Seoul-cc58,31,66,Normal
2026-02-14 03:29:50.358700,Seoul-cc58,40,76,Normal
2026-02-14 03:29:51.358700,Seoul-cc58,-23,52,Normal
2026-02-14 03:29:52.358700,Seoul-cc58,41,59,Normal
2026-02-14 03:29:53.358700,Seoul-cc58,-21,2,Normal
2026-02-14 03:29:54.358700,Seoul-cc58,-1,38,Normal
2026-02-14 03:29:55.358700,Seoul-cc58,5,57,Normal
2026-02-14 03:29:56.358700,Seoul-cc58,-12,35,Normal
2026-02-14 03:29:57.358700,Seoul-cc58,3,61,Normal
2026-02-14 03:29:58.358700,Seoul-cc58,19,27,Normal
2026-02-14 03:29:59.358700,Seoul-cc58,3,72,Normal
2026-02-14 03:30:00.358700,Seoul-cc58,49,48,Normal
2026-02-14 03:30:01.358700,Seoul-cc58,36,77,Normal
2026-02-14 03:30:02.358700,Seoul-cc58,36,82,Normal
2026-02-14 03:30:03.358700,Seoul-cc58,-29,10,Normal
2026-02-14 03:30:04.358700,Seoul-cc58,9,94,Normal
2026-02-14 03:30:05.358700,Seoul-cc58,50,48,Normal
2026-02-14 03:30:06.358700,Seoul-cc58,-16,85,Normal
2026-02-14 03:30:07.358700,Seoul-cc58,-23,20,Normal
2026-02-14 03:30:08.358700,Seoul-cc58,27,6,Normal
2026-02-14 03:30:09.358700,Seoul-cc58,23,41,Normal
2026-02-14 03:30:10.358700,Seoul-cc58,21,12,Normal
2026-02-14 03:30:11.358700,Seoul-cc58,27,68,Normal
2026-02-14 03:30:12.358700,Seoul-cc58,29,56,Normal
2026-02-14 03:30:13.358700,Seoul-cc58,-18,38,Normal
2026-02-14 03:30:14.358700,Seoul-cc58,1,46,Normal
2026-02-14 03:30:15.358700,Seoul-cc58,-2,34,Normal
2026-02-14 03:30:16.358700,Seoul-cc58,14,41,Normal
2026-02-14 03:30:17.358700,Seoul-cc58,-17,12,Normal
2026-02-14 03:30:18.358700,Seoul-cc58,-14,86,Normal
2026-02-14 03:30:19.358700,Seoul-cc58,22,40,Normal
2026-02-14 03:30:20.358700,Seoul-cc58,32,14,Normal
2026-02-14 03:30:21.358700,Seoul-cc58,-2,71,Normal
2026-02-14 03:30:22.358700,Seoul-cc58,8,5,Normal
2026-02-14 03:30:23.358700,Seoul-cc58,46,19,Normal
2026-02-14 03:30:24.358700,Seoul-cc58,25,52,Normal
2026-02-14 03:30:25.358700,Seoul-cc58,-29,72,Normal
2026-02-14 03:30:26.358700,Seoul-cc58,-1,100,Normal
2026-02-14 03:30:27.358700,Seoul-cc58,-9,91,Normal
2026-02-14 03:30:28.358700,Seoul-cc58,47,79,Normal
2026-02-14 03:30:29.358700,Seoul-cc58,-18,66,Normal
2026-02-14 03:30:30.358700,Seoul-cc58,41,76,Normal
2026-02-14 03:30:31.358700,Seoul-cc58,34,14,Normal
2026-02-14 03:30:32.358700,Seoul-cc58,7,57,Normal
2026-02-14 03:30:33.358700,Seoul-cc58,45,74,Normal
2026-02-14 03:30:34.358700,Seoul-cc58,-3,87,Normal
2026-02-14 03:30:35.358700,Seoul-cc58,-13,10,Normal
2026-02-14 03:30:36.358700,Seoul-cc58,29,84,Normal
2026-02-14 03:30:37.358700,Seoul-cc58,-18,72,Normal
2026-02-14 03:30:38.358700,Seoul-cc58,-2,32,Normal
2026-02-14 03:30:39.358700,Seoul-cc58,15,28,Normal
2026-02-14 03:30:40.358700,Seoul-cc58,21,15,Normal
2026-02-14 03:30:41.358700,Seoul-cc58,-5,39,Normal
2026-02-14 03:30:42.358700,Seoul-cc58,12,95,Normal
2026-02-14 03:30:43.358700,Seoul-cc58,-14,56,Normal
2026-02-14 03:30:44.358700,Seoul-cc58,50,69,Normal
2026-02-14 03:30:45.358700,Seoul-cc58,37,25,Normal
2026-02-14 03:30:46.358700,Seoul-cc58,33,7,Normal
2026-02-14 03:30:47.358700,Seoul-cc58,46,26,Normal
2026-02-14 03:30:48.358700,Seoul-cc58,16,84,Normal
2026-02-14 03:30:49.358700,Seoul-cc58,36,73,Normal
2026-02-14 03:30:50.358700,Seoul-cc58,29,52,Normal
2026-02-14 03:30:51.358700,Seoul-cc58,0,34,Normal
2026-02-14 03:30:52.358700,Seoul-cc58,42,19,Normal
2026-02-14 03:30:53.358700,Seoul-cc58,37,44,Normal
2026-02-14 03:30:54.358700,Seoul-cc58,45,12,Normal
2026-02-14 03:30:55.358700,Seoul-cc58,-8,58,Normal
2026-02-14 03:30:56.358700,Seoul-cc58,-7,36,Normal
2026-02-14 03:30:57.358700,Seoul-cc58,-22,80,Normal
2026-02-14 03:30:58.358700,Seoul-cc58,43,17,Normal
2026-02-14 03:30:59.358700,Seoul-cc58,16,4,Normal
2026-02-14 03:31:00.358700,Seoul-cc58,17,57,Normal
2026-02-14 03:31:01.358700,Seoul-cc58,-2,8,Normal
2026-02-14 03:31:02.358700,Seoul-cc58,-24,5,Normal
2026-02-14 03:31:03.358700,Seoul-cc58,-18,24,Normal
2026-02-14 03:31:04.358700,Seoul-cc58,0,92,Normal
2026-02-14 03:31:05.358700,Seoul-cc58,48,14,Normal
2026-02-14 03:31:06.358700,Seoul-cc58,-12,63,Normal
2026-02-14 03:31:07.358700,Seoul-cc58,-6,25,Normal
2026-02-14 03:31:08.358700,Seoul-cc58,-14,16,Normal
2026-02-14 03:31:09.358700,Seoul-cc58,-25,47,Normal
2026-02-14 03:31:10.358700,Seoul-cc58,-2,100,Normal
2026-02-14 03:31:11.358700,Seoul-cc58,-18,12,Normal
2026-02-14 03:31:12.358700,Seoul-cc58,-6,16,Normal
2026-02-14 03:31:13.358700,Seoul-cc58,13,44,Normal
2026-02-14 03:31:14.358700,Seoul-cc58,34,12,Normal
2026-02-14 03:31:15.358700,Seoul-cc58,50,28,Normal
2026-02-14 03:31:16.358700,Seoul-cc58,-21,15,Normal
2026-02-14 03:31:17.358700,Seoul-cc58,28,78,Normal
2026-02-14 03:31:18.358700,Seoul-cc58,28,18,Normal
2026-02-14 03:31:19.358700,Seoul-cc58,11,69,Normal
2026-02-14 03:31:20.358700,Seoul-cc58,-3,52,Normal
2026-02-14 03:31:21.358700,Seoul-cc58,49,56,Normal
2026-02-14 03:31:22.358700,Seoul-cc58,27,23,Normal
2026-02-14 03:31:23.358700,Seoul-cc58,26,22,Normal
2026-02-14 03:31:24.358700,Seoul-cc58,19,19,Normal
2026-02-14 03:31:25.358700,Seoul-cc58,-24,0,Normal
2026-02-14 03:31:26.358700,Seoul-cc58,-12,12,Normal
2026-02-14 03:31:27.358700,Seoul-cc58,13,85,Normal
2026-02-14 03:31:28.358700,Seoul-cc58,-29,54,Normal
2026-02-14 03:31:29.358700,Seoul-cc58,43,80,Normal
2026-02-14 03:31:30.358700,Seoul-cc58,-6,76,Normal
2026-02-14 03:31:31.358700,Seoul-cc58,44,97,Normal
2026-02-14 03:31:32.358700,Seoul-cc58,28,91,Normal
2026-02-14 03:31:33.358700,Seoul-cc58,49,54,Normal
2026-02-14 03:31:34.358700,Seoul-cc58,21,63,Normal
2026-02-14 03:31:35.358700,Seoul-cc58,29,0,Normal
2026-02-14 03:31:36.358700,Seoul-cc58,19,8,Normal
2026-02-14 03:31:37.358700,Seoul-cc58,47,67,Normal
2026-02-14 03:31:38.358700,Seoul-cc58,41,49,Normal
2026-02-14 03:31:39.358700,Seoul-cc58,13,32,Normal
2026-02-14 03:31:40.358700,Seoul-cc58,-2,48,Normal
2026-02-14 03:31:41.358700,Seoul-cc58,-2,22,Normal
2026-02-14 03:31:42.358700,Seoul-cc58,-21,22,Normal
2026-02-14 03:31:43.358700,Seoul-cc58,13,99,Normal
2026-02-14 03:31:44.358700,Seoul-cc58,2,8,Normal
2026-02-14 03:31:45.358700,Seoul-cc58,-25,36,Normal
2026-02-14 03:31:46.358700,Seoul-cc58,-11,76,Normal
2026-02-14 03:31:47.358700,Seoul-cc58,-15,41,Normal
2026-02-14 03:31:48.358700,Seoul-cc58,-18,3,Normal
2026-02-14 03:31:49.358700,Seoul-cc58,41,61,Normal
2026-02-14 03:31:50.358700,Seoul-cc58,-15,39,Normal
2026-02-14 03:31:51.358700,Seoul-cc58,-29,63,Normal
2026-02-14 03:31:52.358700,Seoul-cc58,14,69,Normal
2026-02-14 03:31:53.358700,Seoul-cc58,-17,51,Normal
2026-02-14 03:31:54.358700,Seoul-cc58,29,98,Normal
2026-02-14 03:31:55.358700,Seoul-cc58,3,36,Normal
2026-02-14 03:31:56.358700,Seoul-cc58,4,45,Normal
2026-02-14 03:31:57.358700,Seoul-cc58,-6,44,Normal
2026-02-14 03:31:58.358700,Seoul-cc58,-10,65,Normal
2026-02-14 03:31:59.358700,Seoul-cc58,50,50,Normal
2026-02-14 03:32:00.358700,Seoul-cc58,-22,23,Normal
2026-02-14 03:32:01.358700,Seoul-cc58,49,84,Normal
2026-02-14 03:32:02.358700,Seoul-cc58,41,84,Normal
2026-02-14 03:32:03.358700,Seoul-cc58,-12,83,Normal
2026-02-14 03:32:04.358700,Seoul-cc58,34,24,Normal
2026-02-14 03:32:05.358700,Seoul-cc58,-4,92,Normal
2026-02-14 03:32:06.358700,Seoul-cc58,-9,11,Normal
2026-02-14 03:32:07.358700,Seoul-cc58,28,100,Normal
2026-02-14 03:32:08.358700,Seoul-cc58,-1,19,Normal
2026-02-14 03:32:09.358700,Seoul-cc58,9,20,Normal
2026-02-14 03:32:10.358700,Seoul-cc58,36,78,Normal
2026-02-14 03:32:11.358700,Seoul-cc58,47,57,Normal
2026-02-14 03:32:12.358700,Seoul-cc58,41,57,Normal
2026-02-14 03:32:13.358700,Seoul-cc58,-27,68,Normal
2026-02-14 03:32:14.358700,Seoul-cc58,42,30,Normal
2026-02-14 03:32:15.358700,Seoul-cc58,-30,94,Normal
2026-02-14 03:32:16.358700,Seoul-cc58,35,25,Normal
2026-02-14 03:32:17.358700,Seoul-cc58,2,2,Normal
2026-02-14 03:32:18.358700,Seoul-cc58,11,89,Normal
2026-02-14 03:32:19.358700,Seoul-cc58,-6,72,Normal
2026-02-14 03:32:20.358700,Seoul-cc58,-27,71,Normal
2026-02-14 03:32:21.358700,Seoul-cc58,-17,96,Normal
2026-02-14 03:32:22.358700,Seoul-cc58,35,59,Normal
2026-02-14 03:32:23.358700,Seoul-cc58,1,15,Normal
2026-02-14 03:32:24.358700,Seoul-cc58,34,11,Normal
2026-02-14 03:32:25.358700,Seoul-cc58,-23,37,Normal
2026-02-14 03:32:26.358700,Seoul-cc58,9,29,Normal
2026-02-14 03:32:27.358700,Seoul-cc58,32,89,Normal
2026-02-14 03:32:28.358700,Seoul-cc58,-5,89,Normal
2026-02-14 03:32:29.358700,Seoul-cc58,-2,37,Normal
2026-02-14 03:32:30.358700,Seoul-cc58,46,23,Normal
2026-02-14 03:32:31.358700,Seoul-cc58,-29,92,Normal
2026-02-14 03:32:32.358700,Seoul-cc58,-16,95,Normal
2026-02-14 03:32:33.358700,Seoul-cc58,39,38,Normal
2026-02-14 03:32:34.358700,Seoul-cc58,11,26,Normal
2026-02-14 03:32:35.358700,Seoul-cc58,-23,29,Normal
2026-02-14 03:32:36.358700,Seoul-cc58,46,92,Normal
2026-02-14 03:32:37.358700,Seoul-cc58,-13,48,Normal
2026-02-14 03:32:38.358700,Seoul-cc58,16,57,Normal
2026-02-14 03:32:39.358700,Seoul-cc58,-1,66,Normal
2026-02-14 03:32:40.358700,Seoul-cc58,44,77,Normal
2026-02-14 03:32:41.358700,Seoul-cc58,36,49,Normal
2026-02-14 03:32:42.358700,Seoul-cc58,6,95,Normal
2026-02-14 03:32:43.358700,Seoul-cc58,42,81,Normal
2026-02-14 03:32:44.358700,Seoul-cc58,2,16,Normal
2026-02-14 03:32:45.358700,Seoul-cc58,6,25,Normal
2026-02-14 03:32:46.358700,Seoul-cc58,-25,67,Normal
2026-02-14 03:32:47.358700,Seoul-cc58,8,15,Normal
2026-02-14 03:32:48.358700,Seoul-cc58,-7,98,Normal
2026-02-14 03:32:49.358700,Seoul-cc58,20,51,Normal
2026-02-14 03:32:50.358700,Seoul-cc58,-1,83,Normal
2026-02-14 03:32:51.358700,Seoul-cc58,0,93,Normal
2026-02-14 03:32:52.358700,Seoul-cc58,48,77,Normal
2026-02-14 03:32:53.358700,Seoul-cc58,36,74,Normal
2026-02-14 03:32:54.358700,Seoul-cc58,17,61,Normal
2026-02-14 03:32:55.358700,Seoul-cc58,-11,53,Normal
2026-02-14 03:32:56.358700,Seoul-cc58,35,64,Normal
2026-02-14 03:32:57.358700,Seoul-cc58,-3,78,Normal
2026-02-14 03:32:58.358700,Seoul-cc58,-20,1,Normal
2026-02-14 03:32:59.358700,Seoul-cc58,-17,26,Normal
2026-02-14 03:33:00.358700,Seoul-cc58,35,42,Normal
2026-02-14 03:33:01.358700,Seoul-cc58,-17,47,Normal
2026-02-14 03:33:02.358700,Seoul-cc58,40,31,Normal
2026-02-14 03:33:03.358700,Seoul-cc58,34,39,Normal
2026-02-14 03:33:04.358700,Seoul-cc58,-21,82,Normal
2026-02-14 03:33:05.358700,Seoul-cc58,13,24,Normal
2026-02-14 03:33:06.358700,Seoul-cc58,-23,10,Normal
2026-02-14 03:33:07.358700,Seoul-cc58,4,78,Normal
2026-02-14 03:33:08.358700,Seoul-cc58,-10,84,Normal
2026-02-14 03:33:09.358700,Seoul-cc58,28,74,Normal
2026-02-14 03:33:10.358700,Seoul-cc58,47,70,Normal
2026-02-14 03:33:11.358700,Seoul-cc58,-15,100,Normal
2026-02-14 03:33:12.358700,Seoul-cc58,-20,62,Normal
2026-02-14 03:33:13.358700,Seoul-cc58,6,0,Normal
2026-02-14 03:33:14.358700,Seoul-cc58,-16,58,Normal
2026-02-14 03:33:15.358700,Seoul-cc58,44,27,Normal
2026-02-14 03:33:16.358700,Seoul-cc58,-30,85,Normal
2026-02-14 03:33:17.358700,Seoul-cc58,17,8,Normal
2026-02-14 03:33:18.358700,Seoul-cc58,18,54,Normal
2026-02-14 03:33:19.358700,Seoul-cc58,35,8,Normal
2026-02-14 03:33:20.358700,Seoul-cc58,-10,36,Normal
2026-02-14 03:33:21.358700,Seoul-cc58,50,76,Normal
2026-02-14 03:33:22.358700,Seoul-cc58,45,96,Normal
2026-02-14 03:33:23.358700,Seoul-cc58,14,32,Normal
2026-02-14 03:33:24.358700,Seoul-cc58,14,67,Normal
2026-02-14 03:33:25.358700,Seoul-cc58,15,68,Normal
2026-02-14 03:33:26.358700,Seoul-cc58,0,95,Normal
2026-02-14 03:33:27.358700,Seoul-cc58,41,61,Normal
2026-02-14 03:33:28.358700,Seoul-cc58,42,25,Normal
2026-02-14 03:33:29.358700,Seoul-cc58,-5,54,Normal
2026-02-14 03:33:30.358700,Seoul-cc58,13,28,Normal
2026-02-14 03:33:31.358700,Seoul-cc58,-7,20,Normal
2026-02-14 03:33:32.358700,Seoul-cc58,18,86,Normal
2026-02-14 03:33:33.358700,Seoul-cc58,16,77,Normal
2026-02-14 03:33:34.358700,Seoul-cc58,21,22,Normal
2026-02-14 03:33:35.358700,Seoul-cc58,12,53,Normal
2026-02-14 03:33:36.358700,Seoul-cc58,21,95,Normal
2026-02-14 03:33:37.358700,Seoul-cc58,-16,65,Normal
2026-02-14 03:33:38.358700,Seoul-cc58,5,66,Normal
2026-02-14 03:33:39.358700,Seoul-cc58,36,47,Normal
2026-02-14 03:33:40.358700,Seoul-cc58,-9,43,Normal
2026-02-14 03:33:41.358700,Seoul-cc58,44,14,Normal
2026-02-14 03:33:42.358700,Seoul-cc58,-17,94,Normal
2026-02-14 03:33:43.358700,Seoul-cc58,37,15,Normal
2026-02-14 03:33:44.358700,Seoul-cc58,-5,19,Normal
2026-02-14 03:33:45.358700,Seoul-cc58,-15,89,Normal
2026-02-14 03:33:46.358700,Seoul-cc58,3,71,Normal
2026-02-14 03:33:47.358700,Seoul-cc58,30,60,Normal
2026-02-14 03:33:48.358700,Seoul-cc58,42,25,Normal
2026-02-14 03:33:49.358700,Seoul-cc58,-28,29,Normal
2026-02-14 03:33:50.358700,Seoul-cc58,40,26,Normal
2026-02-14 03:33:51.358700,Seoul-cc58,47,11,Normal
2026-02-14 03:33:52.358700,Seoul-cc58,-7,86,Normal
2026-02-14 03:33:53.358700,Seoul-cc58,-28,84,Normal
2026-02-14 03:33:54.358700,Seoul-cc58,49,92,Normal
2026-02-14 03:33:55.358700,Seoul-cc58,20,84,Normal
2026-02-14 03:33:56.358700,Seoul-cc58,-17,52,Normal
2026-02-14 03:33:57.358700,Seoul-cc58,-5,83,Normal
2026-02-14 03:33:58.358700,Seoul-cc58,-22,88,Normal
2026-02-14 03:33:59.358700,Seoul-cc58,30,30,Normal
2026-02-14 03:34:00.358700,Seoul-cc58,-22,87,Normal
2026-02-14 03:34:01.358700,Seoul-cc58,-30,6,Normal
2026-02-14 03:34:02.358700,Seoul-cc58,9,4,Normal
2026-02-14 03:34:03.358700,Seoul-cc58,-17,14,Normal
2026-02-14 03:34:04.358700,Seoul-cc58,43,26,Normal
2026-02-14 03:34:05.358700,Seoul-cc58,38,67,Normal
2026-02-14 03:34:06.358700,Seoul-cc58,43,16,Normal
2026-02-14 03:34:07.358700,Seoul-cc58,-1,35,Normal
2026-02-14 03:34:08.358700,Seoul-cc58,37,70,Normal
2026-02-14 03:34:09.358700,Seoul-cc58,3,72,Normal
2026-02-14 03:34:10.358700,Seoul-cc58,43,34,Normal
2026-02-14 03:34:11.358700,Seoul-cc58,-1,71,Normal
2026-02-14 03:34:12.358700,Seoul-cc58,-15,21,Normal
2026-02-14 03:34:13.358700,Seoul-cc58,47,6,Normal
2026-02-14 03:34:14.358700,Seoul-cc58,17,19,Normal
2026-02-14 03:34:15.358700,Seoul-cc58,9,88,Normal
2026-02-14 03:34:16.358700,Seoul-cc58,-14,8,Normal
2026-02-14 03:34:17.358700,Seoul-cc58,36,61,Normal
2026-02-14 03:34:18.358700,Seoul-cc58,46,4,Normal
2026-02-14 03:34:19.358700,Seoul-cc58,31,25,Normal
2026-02-14 03:34:20.358700,Seoul-cc58,47,3,Normal
2026-02-14 03:34:21.358700,Seoul-cc58,36,70,Normal
2026-02-14 03:34:22.358700,Seoul-cc58,-27,97,Normal
2026-02-14 03:34:23.358700,Seoul-cc58,-17,81,Normal
2026-02-14 03:34:24.358700,Seoul-cc58,-22,81,Normal
2026-02-14 03:34:25.358700,Seoul-cc58,3,72,Normal
2026-02-14 03:34:26.358700,Seoul-cc58,30,50,Normal
2026-02-14 03:34:27.358700,Seoul-cc58,-27,82,Normal
2026-02-14 03:34:28.358700,Seoul-cc58,-7,4,Normal
2026-02-14 03:34:29.358700,Seoul-cc58,11,21,Normal
2026-02-14 03:34:30.358700,Seoul-cc58,-11,90,Normal
2026-02-14 03:34:31.358700,Seoul-cc58,-27,35,Normal
2026-02-14 03:34:32.358700,Seoul-cc58,-8,2,Normal
2026-02-14 03:34:33.358700,Seoul-cc58,8,31,Normal
2026-02-14 03:34:34.358700,Seoul-cc58,48,83,Normal
2026-02-14 03:34:35.358700,Seoul-cc58,-18,45,Normal
2026-02-14 03:34:36.358700,Seoul-cc58,39,76,Normal
2026-02-14 03:34:37.358700,Seoul-cc58,-18,99,Normal
2026-02-14 03:34:38.358700,Seoul-cc58,30,36,Normal
2026-02-14 03:34:39.358700,Seoul-cc58,-24,5,Normal
2026-02-14 03:34:40.358700,Seoul-cc58,-5,77,Normal
2026-02-14 03:34:41.358700,Seoul-cc58,-30,39,Normal
2026-02-14 03:34:42.358700,Seoul-cc58,15,30,Normal
2026-02-14 03:34:43.358700,Seoul-cc58,50,5,Normal
2026-02-14 03:34:44.358700,Seoul-cc58,9,29,Normal
2026-02-14 03:34:45.358700,Seoul-cc58,9,78,Normal
2026-02-14 03:34:46.358700,Seoul-cc58,14,29,Normal
2026-02-14 03:34:47.358700,Seoul-cc58,-3,68,Normal
2026-02-14 03:34:48.358700,Seoul-cc58,-7,79,Normal
2026-02-14 03:34:49.358700,Seoul-cc58,45,100,Normal
2026-02-14 03:34:50.358700,Seoul-cc58,37,25,Normal
2026-02-14 03:34:51.358700,Seoul-cc58,22,88,Normal
2026-02-14 03:34:52.358700,Seoul-cc58,-13,18,Normal
2026-02-14 03:34:53.358700,Seoul-cc58,5,9,Normal
2026-02-14 03:34:54.358700,Seoul-cc58,4,12,Normal
2026-02-14 03:34:55.358700,Seoul-cc58,-19,100,Normal
2026-02-14 03:34:56.358700,Seoul-cc58,-14,80,Normal
2026-02-14 03:34:57.358700,Seoul-cc58,12,57,Normal
2026-02-14 03:34:58.358700,Seoul-cc58,-22,15,Normal
2026-02-14 03:34:59.358700,Seoul-cc58,29,66,Normal
2026-02-14 03:35:00.358700,Seoul-cc58,-10,2,Normal
2026-02-14 03:35:01.358700,Seoul-cc58,21,70,Normal
2026-02-14 03:35:02.358700,Seoul-cc58,45,47,Normal
2026-02-14 03:35:03.358700,Seoul-cc58,-7,91,Normal
2026-02-14 03:35:04.358700,Seoul-cc58,18,90,Normal
2026-02-14 03:35:05.358700,Seoul-cc58,-3,27,Normal
2026-02-14 03:35:06.358700,Seoul-cc58,-23,84,Normal
2026-02-14 03:35:07.358700,Seoul-cc58,19,53,Normal
2026-02-14 03:35:08.358700,Seoul-cc58,25,13,Normal
2026-02-14 03:35:09.358700,Seoul-cc58,39,81,Normal
2026-02-14 03:35:10.358700,Seoul-cc58,28,97,Normal
2026-02-14 03:35:11.358700,Seoul-cc58,25,93,Normal
2026-02-14 03:35:12.358700,Seoul-cc58,33,20,Normal
2026-02-14 03:35:13.358700,Seoul-cc58,-7,19,Normal
2026-02-14 03:35:14.358700,Seoul-cc58,36,34,Normal
2026-02-14 03:35:15.358700,Seoul-cc58,23,71,Normal
2026-02-14 03:35:16.358700,Seoul-cc58,-26,70,Normal
2026-02-14 03:35:17.358700,Seoul-cc58,22,24,Normal
2026-02-14 03:35:18.358700,Seoul-cc58,-22,30,Normal
2026-02-14 03:35:19.358700,Seoul-cc58,36,45,Normal
2026-02-14 03:35:20.358700,Seoul-cc58,9,66,Normal
2026-02-14 03:35:21.358700,Seoul-cc58,-6,24,Normal
2026-02-14 03:35:22.358700,Seoul-cc58,35,94,Normal
2026-02-14 03:35:23.358700,Seoul-cc58,31,21,Normal
2026-02-14 03:35:24.358700,Seoul-cc58,34,63,Normal
2026-02-14 03:35:25.358700,Seoul-cc58,-15,47,Normal
2026-02-14 03:35:26.358700,Seoul-cc58,32,15,Normal
2026-02-14 03:35:27.358700,Seoul-cc58,34,39,Normal
2026-02-14 03:35:28.358700,Seoul-cc58,34,27,Normal
2026-02-14 03:35:29.358700,Seoul-cc58,11,83,Normal
2026-02-14 03:35:30.358700,Seoul-cc58,-7,67,Normal
2026-02-14 03:35:31.358700,Seoul-cc58,41,43,Normal
2026-02-14 03:35:32.358700,Seoul-cc58,-18,30,Normal
2026-02-14 03:35:33.358700,Seoul-cc58,3,66,Normal
2026-02-14 03:35:34.358700,Seoul-cc58,12,60,Normal
2026-02-14 03:35:35.358700,Seoul-cc58,5,22,Normal
2026-02-14 03:35:36.358700,Seoul-cc58,45,63,Normal
2026-02-14 03:35:37.358700,Seoul-cc58,-17,89,Normal
2026-02-14 03:35:38.358700,Seoul-cc58,-26,71,Normal
2026-02-14 03:35:39.358700,Seoul-cc58,-9,32,Normal
2026-02-14 03:35:40.358700,Seoul-cc58,43,37,Normal
2026-02-14 03:35:41.358700,Seoul-cc58,48,28,Normal
2026-02-14 03:35:42.358700,Seoul-cc58,8,97,Normal
2026-02-14 03:35:43.358700,Seoul-cc58,24,42,Normal
2026-02-14 03:35:44.358700,Seoul-cc58,8,65,Normal
2026-02-14 03:35:45.358700,Seoul-cc58,-3,11,Normal
2026-02-14 03:35:46.358700,Seoul-cc58,-26,93,Normal
2026-02-14 03:35:47.358700,Seoul-cc58,41,9,Normal
2026-02-14 03:35:48.358700,Seoul-cc58,14,87,Normal
2026-02-14 03:35:49.358700,Seoul-cc58,39,63,Normal
2026-02-14 03:35:50.358700,Seoul-cc58,-26,68,Normal
2026-02-14 03:35:51.358700,Seoul-cc58,-21,12,Normal
2026-02-14 03:35:52.358700,Seoul-cc58,44,44,Normal
2026-02-14 03:35:53.358700,Seoul-cc58,36,96,Normal
2026-02-14 03:35:54.358700,Seoul-cc58,-19,35,Normal
2026-02-14 03:35:55.358700,Seoul-cc58,37,72,Normal
2026-02-14 03:35:56.358700,Seoul-cc58,6,71,Normal
2026-02-14 03:35:57.358700,Seoul-cc58,-7,67,Normal
2026-02-14 03:35:58.358700,Seoul-cc58,-22,52,Normal
2026-02-14 03:35:59.358700,Seoul-cc58,-24,36,Normal
2026-02-14 03:36:00.358700,Seoul-cc58,-4,46,Normal
2026-02-14 03:36:01.358700,Seoul-cc58,-5,44,Normal
2026-02-14 03:36:02.358700,Seoul-cc58,25,93,Normal
2026-02-14 03:36:03.358700,Seoul-cc58,40,68,Normal
2026-02-14 03:36:04.358700,Seoul-cc58,17,47,Normal
2026-02-14 03:36:05.358700,Seoul-cc58,48,43,Normal
2026-02-14 03:36:06.358700,Seoul-cc58,-22,100,Normal
2026-02-14 03:36:07.358700,Seoul-cc58,8,80,Normal
2026-02-14 03:36:08.358700,Seoul-cc58,47,18,Normal
2026-02-14 03:36:09.358700,Seoul-cc58,-11,51,Normal
2026-02-14 03:36:10.358700,Seoul-cc58,6,44,Normal
2026-02-14 03:36:11.358700,Seoul-cc58,7,3,Normal
2026-02-14 03:36:12.358700,Seoul-cc58,6,8,Normal
2026-02-14 03:36:13.358700,Seoul-cc58,-4,53,Normal
2026-02-14 03:36:14.358700,Seoul-cc58,-9,18,Normal
2026-02-14 03:36:15.358700,Seoul-cc58,0,26,Normal
2026-02-14 03:36:16.358700,Seoul-cc58,46,98,Normal
2026-02-14 03:36:17.358700,Seoul-cc58,4,81,Normal
2026-02-14 03:36:18.358700,Seoul-cc58,-17,92,Normal
2026-02-14 03:36:19.358700,Seoul-cc58,27,37,Normal
2026-02-14 03:36:20.358700,Seoul-cc58,37,97,Normal
2026-02-14 03:36:21.358700,Seoul-cc58,31,84,Normal
2026-02-14 03:36:22.358700,Seoul-cc58,41,18,Normal
2026-02-14 03:36:23.358700,Seoul-cc58,23,50,Normal
2026-02-14 03:36:24.358700,Seoul-cc58,-22,27,Normal
2026-02-14 03:36:25.358700,Seoul-cc58,-29,15,Normal
2026-02-14 03:36:26.358700,Seoul-cc58,19,3,Normal
2026-02-14 03:36:27.358700,Seoul-cc58,44,50,Normal
2026-02-14 03:36:28.358700,Seoul-cc58,26,81,Normal
2026-02-14 03:36:29.358700,Seoul-cc58,38,68,Normal
2026-02-14 03:36:30.358700,Seoul-cc58,-17,20,Normal
2026-02-14 03:36:31.358700,Seoul-cc58,15,91,Normal
2026-02-14 03:36:32.358700,Seoul-cc58,3,12,Normal
2026-02-14 03:36:33.358700,Seoul-cc58,0,38,Normal
2026-02-14 03:36:34.358700,Seoul-cc58,-23,29,Normal
2026-02-14 03:36:35.358700,Seoul-cc58,9,79,Normal
2026-02-14 03:36:36.358700,Seoul-cc58,-29,54,Normal
2026-02-14 03:36:37.358700,Seoul-cc58,-5,52,Normal
2026-02-14 03:36:38.358700,Seoul-cc58,43,39,Normal
2026-02-14 03:36:39.358700,Seoul-cc58,22,54,Normal
2026-02-14 03:36:40.358700,Seoul-cc58,-7,34,Normal
2026-02-14 03:36:41.358700,Seoul-cc58,-15,43,Normal
2026-02-14 03:36:42.358700,Seoul-cc58,15,64,Normal
2026-02-14 03:36:43.358700,Seoul-cc58,3,78,Normal
2026-02-14 03:36:44.358700,Seoul-cc58,-3,87,Normal
2026-02-14 03:36:45.358700,Seoul-cc58,-8,75,Normal
2026-02-14 03:36:46.358700,Seoul-cc58,38,17,Normal
2026-02-14 03:36:47.358700,Seoul-cc58,-5,3,Normal
2026-02-14 03:36:48.358700,Seoul-cc58,3,8,Normal
2026-02-14 03:36:49.358700,Seoul-cc58,29,11,Normal
2026-02-14 03:36:50.358700,Seoul-cc58,-10,27,Normal
2026-02-14 03:36:51.358700,Seoul-cc58,34,76,Normal
2026-02-14 03:36:52.358700,Seoul-cc58,-6,3,Normal
2026-02-14 03:36:53.358700,Seoul-cc58,20,79,Normal
2026-02-14 03:36:54.358700,Seoul-cc58,42,68,Normal
2026-02-14 03:36:55.358700,Seoul-cc58,36,64,Normal
2026-02-14 03:36:56.358700,Seoul-cc58,11,26,Normal
2026-02-14 03:36:57.358700,Seoul-cc58,-1,3,Normal
2026-02-14 03:36:58.358700,Seoul-cc58,2,15,Normal
2026-02-14 03:36:59.358700,Seoul-cc58,-8,0,Normal
2026-02-14 03:37:00.358700,Seoul-cc58,35,64,Normal
2026-02-14 03:37:01.358700,Seoul-cc58,2,100,Normal
2026-02-14 03:37:02.358700,Seoul-cc58,2,8,Normal
2026-02-14 03:37:03.358700,Seoul-cc58,-24,79,Normal
2026-02-14 03:37:04.358700,Seoul-cc58,-1,3,Normal
2026-02-14 03:37:05.358700,Seoul-cc58,-9,64,Normal
2026-02-14 03:37:06.358700,Seoul-cc58,-8,58,Normal
2026-02-14 03:37:07.358700,Seoul-cc58,43,23,Normal
2026-02-14 03:37:08.358700,Seoul-cc58,2,13,Normal
2026-02-14 03:37:09.358700,Seoul-cc58,-27,63,Normal
2026-02-14 03:37:10.358700,Seoul-cc58,49,7,Normal
2026-02-14 03:37:11.358700,Seoul-cc58,9,40,Normal
2026-02-14 03:37:12.358700,Seoul-cc58,34,62,Normal
2026-02-14 03:37:13.358700,Seoul-cc58,44,100,Normal
2026-02-14 03:37:14.358700,Seoul-cc58,-21,4,Normal
2026-02-14 03:37:15.358700,Seoul-cc58,31,90,Normal
2026-02-14 03:37:16.358700,Seoul-cc58,23,45,Normal
2026-02-14 03:37:17.358700,Seoul-cc58,48,91,Normal
2026-02-14 03:37:18.358700,Seoul-cc58,25,45,Normal
2026-02-14 03:37:19.358700,Seoul-cc58,38,17,Normal
2026-02-14 03:37:20.358700,Seoul-cc58,-28,43,Normal
2026-02-14 03:37:21.358700,Seoul-cc58,19,20,Normal
2026-02-14 03:37:22.358700,Seoul-cc58,12,44,Normal
2026-02-14 03:37:23.358700,Seoul-cc58,24,9,Normal
2026-02-14 03:37:24.358700,Seoul-cc58,-24,6,Normal
2026-02-14 03:37:25.358700,Seoul-cc58,42,16,Normal
2026-02-14 03:37:26.358700,Seoul-cc58,4,10,Normal
2026-02-14 03:37:27.358700,Seoul-cc58,2,52,Normal
2026-02-14 03:37:28.358700,Seoul-cc58,-13,83,Normal
2026-02-14 03:37:29.358700,Seoul-cc58,22,0,Normal
2026-02-14 03:37:30.358700,Seoul-cc58,24,44,Normal
2026-02-14 03:37:31.358700,Seoul-cc58,-17,30,Normal
2026-02-14 03:37:32.358700,Seoul-cc58,-7,97,Normal
2026-02-14 03:37:33.358700,Seoul-cc58,6,86,Normal
2026-02-14 03:37:34.358700,Seoul-cc58,-29,13,Normal
2026-02-14 03:37:35.358700,Seoul-cc58,42,11,Normal
2026-02-14 03:37:36.358700,Seoul-cc58,-26,94,Normal
2026-02-14 03:37:37.358700,Seoul-cc58,36,40,Normal
2026-02-14 03:37:38.358700,Seoul-cc58,23,70,Normal
2026-02-14 03:37:39.358700,Seoul-cc58,-13,57,Normal
2026-02-14 03:37:40.358700,Seoul-cc58,44,33,Normal
2026-02-14 03:37:41.358700,Seoul-cc58,44,51,Normal
2026-02-14 03:37:42.358700,Seoul-cc58,11,69,Normal
2026-02-14 03:37:43.358700,Seoul-cc58,0,37,Normal
2026-02-14 03:37:44.358700,Seoul-cc58,28,29,Normal
2026-02-14 03:37:45.358700,Seoul-cc58,24,50,Normal
2026-02-14 03:37:46.358700,Seoul-cc58,-9,64,Normal
2026-02-14 03:37:47.358700,Seoul-cc58,44,15,Normal
2026-02-14 03:37:48.358700,Seoul-cc58,-12,16,Normal
2026-02-14 03:37:49.358700,Seoul-cc58,5,23,Normal
2026-02-14 03:37:50.358700,Seoul-cc58,36,2,Normal
2026-02-14 03:37:51.358700,Seoul-cc58,48,50,Normal
2026-02-14 03:37:52.358700,Seoul-cc58,-22,70,Normal
2026-02-14 03:37:53.358700,Seoul-cc58,50,64,Normal
2026-02-14 03:37:54.358700,Seoul-cc58,14,32,Normal
2026-02-14 03:37:55.358700,Seoul-cc58,-9,68,Normal
2026-02-14 03:37:56.358700,Seoul-cc58,-13,77,Normal
2026-02-14 03:37:57.358700,Seoul-cc58,-23,85,Normal
2026-02-14 03:37:58.358700,Seoul-cc58,-6,81,Normal
2026-02-14 03:37:59.358700,Seoul-cc58,-12,48,Normal
2026-02-14 03:38:00.358700,Seoul-cc58,45,56,Normal
2026-02-14 03:38:01.358700,Seoul-cc58,14,9,Normal
2026-02-14 03:38:02.358700,Seoul-cc58,-12,11,Normal
2026-02-14 03:38:03.358700,Seoul-cc58,8,6,Normal
2026-02-14 03:38:04.358700,Seoul-cc58,50,60,Normal
2026-02-14 03:38:05.358700,Seoul-cc58,-18,96,Normal
2026-02-14 03:38:06.358700,Seoul-cc58,3,55,Normal
2026-02-14 03:38:07.358700,Seoul-cc58,13,22,Normal
2026-02-14 03:38:08.358700,Seoul-cc58,-17,84,Normal
2026-02-14 03:38:09.358700,Seoul-cc58,2,59,Normal
2026-02-14 03:38:10.358700,Seoul-cc58,-7,53,Normal
2026-02-14 03:38:11.358700,Seoul-cc58,-23,48,Normal
2026-02-14 03:38:12.358700,Seoul-cc58,21,68,Normal
2026-02-14 03:38:13.358700,Seoul-cc58,40,83,Normal
2026-02-14 03:38:14.358700,Seoul-cc58,-20,31,Normal
2026-02-14 03:38:15.358700,Seoul-cc58,33,7,Normal
2026-02-14 03:38:16.358700,Seoul-cc58,35,95,Normal
2026-02-14 03:38:17.358700,Seoul-cc58,-13,84,Normal
2026-02-14 03:38:18.358700,Seoul-cc58,40,85,Normal
2026-02-14 03:38:19.358700,Seoul-cc58,32,27,Normal
2026-02-14 03:38:20.358700,Seoul-cc58,40,94,Normal
2026-02-14 03:38:21.358700,Seoul-cc58,-22,17,Normal
2026-02-14 03:38:22.358700,Seoul-cc58,11,45,Normal
2026-02-14 03:38:23.358700,Seoul-cc58,35,24,Normal
2026-02-14 03:38:24.358700,Seoul-cc58,-10,81,Normal
2026-02-14 03:38:25.358700,Seoul-cc58,-15,97,Normal
2026-02-14 03:38:26.358700,Seoul-cc58,-12,26,Normal
2026-02-14 03:38:27.358700,Seoul-cc58,-22,56,Normal
2026-02-14 03:38:28.358700,Seoul-cc58,6,84,Normal
2026-02-14 03:38:29.358700,Seoul-cc58,27,73,Normal
2026-02-14 03:38:30.358700,Seoul-cc58,-17,23,Normal
2026-02-14 03:38:31.358700,Seoul-cc58,16,49,Normal
2026-02-14 03:38:32.358700,Seoul-cc58,2,3,Normal
2026-02-14 03:38:33.358700,Seoul-cc58,30,25,Normal
2026-02-14 03:38:34.358700,Seoul-cc58,-2,90,Normal
2026-02-14 03:38:35.358700,Seoul-cc58,26,4,Normal
2026-02-14 03:38:36.358700,Seoul-cc58,-24,17,Normal
2026-02-14 03:38:37.358700,Seoul-cc58,8,35,Normal
2026-02-14 03:38:38.358700,Seoul-cc58,-12,17,Normal
2026-02-14 03:38:39.358700,Seoul-cc58,24,98,Normal
2026-02-14 03:38:40.358700,Seoul-cc58,-12,94,Normal
2026-02-14 03:38:41.358700,Seoul-cc58,-29,67,Normal
2026-02-14 03:38:42.358700,Seoul-cc58,3,35,Normal
2026-02-14 03:38:43.358700,Seoul-cc58,5,96,Normal
2026-02-14 03:38:44.358700,Seoul-cc58,-20,48,Normal
2026-02-14 03:38:45.358700,Seoul-cc58,-16,62,Normal
2026-02-14 03:38:46.358700,Seoul-cc58,-27,93,Normal
2026-02-14 03:38:47.358700,Seoul-cc58,1,53,Normal
2026-02-14 03:38:48.358700,Seoul-cc58,41,80,Normal
2026-02-14 03:38:49.358700,Seoul-cc58,11,80,Normal
2026-02-14 03:38:50.358700,Seoul-cc58,-17,14,Normal
2026-02-14 03:38:51.358700,Seoul-cc58,22,48,Normal
2026-02-14 03:38:52.358700,Seoul-cc58,-29,17,Normal
2026-02-14 03:38:53.358700,Seoul-cc58,38,27,Normal
2026-02-14 03:38:54.358700,Seoul-cc58,3,80,Normal
2026-02-14 03:38:55.358700,Seoul-cc58,21,49,Normal
2026-02-14 03:38:56.358700,Seoul-cc58,46,76,Normal
2026-02-14 03:38:57.358700,Seoul-cc58,-4,49,Normal
2026-02-14 03:38:58.358700,Seoul-cc58,21,47,Normal
2026-02-14 03:38:59.358700,Seoul-cc58,-6,7,Normal
2026-02-14 03:39:00.358700,Seoul-cc58,30,23,Normal
2026-02-14 03:39:01.358700,Seoul-cc58,35,72,Normal
2026-02-14 03:39:02.358700,Seoul-cc58,46,15,Normal
2026-02-14 03:39:03.358700,Seoul-cc58,8,56,Normal
2026-02-14 03:39:04.358700,Seoul-cc58,-27,73,Normal
2026-02-14 03:39:05.358700,Seoul-cc58,-25,63,Normal
2026-02-14 03:39:06.358700,Seoul-cc58,43,82,Normal
2026-02-14 03:39:07.358700,Seoul-cc58,45,22,Normal
2026-02-14 03:39:08.358700,Seoul-cc58,-1,19,Normal
2026-02-14 03:39:09.358700,Seoul-cc58,-7,26,Normal
2026-02-14 03:39:10.358700,Seoul-cc58,25,64,Normal
2026-02-14 03:39:11.358700,Seoul-cc58,45,90,Normal
2026-02-14 03:39:12.358700,Seoul-cc58,23,100,Normal
2026-02-14 03:39:13.358700,Seoul-cc58,41,79,Normal
2026-02-14 03:39:14.358700,Seoul-cc58,-29,97,Normal
2026-02-14 03:39:15.358700,Seoul-cc58,-19,85,Normal
2026-02-14 03:39:16.358700,Seoul-cc58,18,42,Normal
2026-02-14 03:39:17.358700,Seoul-cc58,-23,33,Normal
2026-02-14 03:39:18.358700,Seoul-cc58,-4,84,Normal
2026-02-14 03:39:19.358700,Seoul-cc58,-30,8,Normal
2026-02-14 03:39:20.358700,Seoul-cc58,19,48,Normal
2026-02-14 03:39:21.358700,Seoul-cc58,28,11,Normal
2026-02-14 03:39:22.358700,Seoul-cc58,33,87,Normal
2026-02-14 03:39:23.358700,Seoul-cc58,7,87,Normal
2026-02-14 03:39:24.358700,Seoul-cc58,-6,43,Normal
2026-02-14 03:39:25.358700,Seoul-cc58,45,89,Normal
2026-02-14 03:39:26.358700,Seoul-cc58,25,25,Normal
2026-02-14 03:39:27.358700,Seoul-cc58,47,14,Normal
2026-02-14 03:39:28.358700,Seoul-cc58,-25,14,Normal
2026-02-14 03:39:29.358700,Seoul-cc58,-21,79,Normal
2026-02-14 03:39:30.358700,Seoul-cc58,15,46,Normal
2026-02-14 03:39:31.358700,Seoul-cc58,-28,47,Normal
2026-02-14 03:39:32.358700,Seoul-cc58,-29,98,Normal
2026-02-14 03:39:33.358700,Seoul-cc58,1,6,Normal
2026-02-14 03:39:34.358700,Seoul-cc58,9,68,Normal
2026-02-14 03:39:35.358700,Seoul-cc58,-4,18,Normal
2026-02-14 03:39:36.358700,Seoul-cc58,-24,10,Normal
2026-02-14 03:39:37.358700,Seoul-cc58,31,31,Normal
2026-02-14 03:39:38.358700,Seoul-cc58,26,54,Normal
2026-02-14 03:39:39.358700,Seoul-cc58,-20,62,Normal
2026-02-14 03:39:40.358700,Seoul-cc58,-19,7,Normal
2026-02-14 03:39:41.358700,Seoul-cc58,14,20,Normal
2026-02-14 03:39:42.358700,Seoul-cc58,29,7,Normal
2026-02-14 03:39:43.358700,Seoul-cc58,8,28,Normal
2026-02-14 03:39:44.358700,Seoul-cc58,14,75,Normal
2026-02-14 03:39:45.358700,Seoul-cc58,-16,57,Normal
2026-02-14 03:39:46.358700,Seoul-cc58,11,85,Normal
2026-02-14 03:39:47.358700,Seoul-cc58,4,84,Normal
2026-02-14 03:39:48.358700,Seoul-cc58,45,65,Normal
2026-02-14 03:39:49.358700,Seoul-cc58,-26,46,Normal
2026-02-14 03:39:50.358700,Seoul-cc58,25,9,Normal
2026-02-14 03:39:51.358700,Seoul-cc58,24,48,Normal
2026-02-14 03:39:52.358700,Seoul-cc58,33,87,Normal
2026-02-14 03:39:53.358700,Seoul-cc58,37,91,Normal
2026-02-14 03:39:54.358700,Seoul-cc58,45,45,Normal
2026-02-14 03:39:55.358700,Seoul-cc58,-8,55,Normal
2026-02-14 03:39:56.358700,Seoul-cc58,20,71,Normal
2026-02-14 03:39:57.358700,Seoul-cc58,24,24,Normal
2026-02-14 03:39:58.358700,Seoul-cc58,-11,95,Normal
2026-02-14 03:39:59.358700,Seoul-cc58,-29,88,Normal
2026-02-14 03:40:00.358700,Seoul-cc58,-10,76,Normal
2026-02-14 03:40:01.358700,Seoul-cc58,-9,97,Normal
2026-02-14 03:40:02.358700,Seoul-cc58,5,64,Normal
2026-02-14 03:40:03.358700,Seoul-cc58,-11,58,Normal
2026-02-14 03:40:04.358700,Seoul-cc58,2,5,Normal
2026-02-14 03:40:05.358700,Seoul-cc58,6,29,Normal
2026-02-14 03:40:06.358700,Seoul-cc58,5,11,Normal
2026-02-14 03:40:07.358700,Seoul-cc58,0,39,Normal
2026-02-14 03:40:08.358700,Seoul-cc58,-13,32,Normal
2026-02-14 03:40:09.358700,Seoul-cc58,27,17,Normal
2026-02-14 03:40:10.358700,Seoul-cc58,-25,96,Normal
2026-02-14 03:40:11.358700,Seoul-cc58,20,70,Normal
2026-02-14 03:40:12.358700,Seoul-cc58,-27,86,Normal
2026-02-14 03:40:13.358700,Seoul-cc58,46,16,Normal
2026-02-14 03:40:14.358700,Seoul-cc58,13,49,Normal
2026-02-14 03:40:15.358700,Seoul-cc58,-20,52,Normal
2026-02-14 03:40:16.358700,Seoul-cc58,9,74,Normal
2026-02-14 03:40:17.358700,Seoul-cc58,8,43,Normal
2026-02-14 03:40:18.358700,Seoul-cc58,40,48,Normal
2026-02-14 03:40:19.358700,Seoul-cc58,45,36,Normal
2026-02-14 03:40:20.358700,Seoul-cc58,11,5,Normal
2026-02-14 03:40:21.358700,Seoul-cc58,4,20,Normal
2026-02-14 03:40:22.358700,Seoul-cc58,39,74,Normal
2026-02-14 03:40:23.358700,Seoul-cc58,34,100,Normal
2026-02-14 03:40:24.358700,Seoul-cc58,7,69,Normal
2026-02-14 03:40:25.358700,Seoul-cc58,5,26,Normal
2026-02-14 03:40:26.358700,Seoul-cc58,29,5,Normal
2026-02-14 03:40:27.358700,Seoul-cc58,2,84,Normal
2026-02-14 03:40:28.358700,Seoul-cc58,14,97,Normal
2026-02-14 03:40:29.358700,Seoul-cc58,-23,17,Normal
2026-02-14 03:40:30.358700,Seoul-cc58,-2,99,Normal
2026-02-14 03:40:31.358700,Seoul-cc58,-18,51,Normal
2026-02-14 03:40:32.358700,Seoul-cc58,-28,7,Normal
2026-02-14 03:40:33.358700,Seoul-cc58,-14,96,Normal
2026-02-14 03:40:34.358700,Seoul-cc58,36,29,Normal
2026-02-14 03:40:35.358700,Seoul-cc58,41,83,Normal
2026-02-14 03:40:36.358700,Seoul-cc58,20,7,Normal
2026-02-14 03:40:37.358700,Seoul-cc58,-28,43,Normal
2026-02-14 03:40:38.358700,Seoul-cc58,-26,34,Normal
2026-02-14 03:40:39.358700,Seoul-cc58,8,87,Normal
2026-02-14 03:40:40.358700,Seoul-cc58,-16,74,Normal
2026-02-14 03:40:41.358700,Seoul-cc58,14,25,Normal
2026-02-14 03:40:42.358700,Seoul-cc58,32,47,Normal
2026-02-14 03:40:43.358700,Seoul-cc58,-3,49,Normal
2026-02-14 03:40:44.358700,Seoul-cc58,6,0,Normal
2026-02-14 03:40:45.358700,Seoul-cc58,-9,16,Normal
2026-02-14 03:40:46.358700,Seoul-cc58,38,55,Normal
2026-02-14 03:40:47.358700,Seoul-cc58,-13,51,Normal
2026-02-14 03:40:48.358700,Seoul-cc58,-15,35,Normal
2026-02-14 03:40:49.358700,Seoul-cc58,-2,80,Normal
2026-02-14 03:40:50.358700,Seoul-cc58,-19,98,Normal
2026-02-14 03:40:51.358700,Seoul-cc58,-18,80,Normal
2026-02-14 03:40:52.358700,Seoul-cc58,19,48,Normal
2026-02-14 03:40:53.358700,Seoul-cc58,37,34,Normal
2026-02-14 03:40:54.358700,Seoul-cc58,48,46,Normal
2026-02-14 03:40:55.358700,Seoul-cc58,2,68,Normal
2026-02-14 03:40:56.358700,Seoul-cc58,4,100,Normal
2026-02-14 03:40:57.358700,Seoul-cc58,4,6,Normal
2026-02-14 03:40:58.358700,Seoul-cc58,1,41,Normal
2026-02-14 03:40:59.358700,Seoul-cc58,-22,28,Normal
2026-02-14 03:41:00.358700,Seoul-cc58,-3,80,Normal
2026-02-14 03:41:01.358700,Seoul-cc58,15,67,Normal
2026-02-14 03:41:02.358700,Seoul-cc58,16,21,Normal
2026-02-14 03:41:03.358700,Seoul-cc58,-21,53,Normal
2026-02-14 03:41:04.358700,Seoul-cc58,37,15,Normal
2026-02-14 03:41:05.358700,Seoul-cc58,-7,33,Normal
2026-02-14 03:41:06.358700,Seoul-cc58,9,37,Normal
2026-02-14 03:41:07.358700,Seoul-cc58,43,39,Normal
2026-02-14 03:41:08.358700,Seoul-cc58,48,71,Normal
2026-02-14 03:41:09.358700,Seoul-cc58,47,34,Normal
2026-02-14 03:41:10.358700,Seoul-cc58,37,21,Normal
2026-02-14 03:41:11.358700,Seoul-cc58,27,3,Normal
2026-02-14 03:41:12.358700,Seoul-cc58,31,70,Normal
2026-02-14 03:41:13.358700,Seoul-cc58,25,58,Normal
2026-02-14 03:41:14.358700,Seoul-cc58,47,53,Normal
2026-02-14 03:41:15.358700,Seoul-cc58,17,17,Normal
2026-02-14 03:41:16.358700,Seoul-cc58,-16,98,Normal
2026-02-14 03:41:17.358700,Seoul-cc58,-8,98,Normal
2026-02-14 03:41:18.358700,Seoul-cc58,-15,41,Normal
2026-02-14 03:41:19.358700,Seoul-cc58,17,5,Normal
2026-02-14 03:41:20.358700,Seoul-cc58,-22,23,Normal
2026-02-14 03:41:21.358700,Seoul-cc58,-20,100,Normal
2026-02-14 03:41:22.358700,Seoul-cc58,-30,35,Normal
2026-02-14 03:41:23.358700,Seoul-cc58,40,74,Normal
2026-02-14 03:41:24.358700,Seoul-cc58,-10,96,Normal
2026-02-14 03:41:25.358700,Seoul-cc58,43,93,Normal
2026-02-14 03:41:26.358700,Seoul-cc58,-30,24,Normal
2026-02-14 03:41:27.358700,Seoul-cc58,-20,92,Normal
2026-02-14 03:41:28.358700,Seoul-cc58,40,34,Normal
2026-02-14 03:41:29.358700,Seoul-cc58,-19,47,Normal
2026-02-14 03:41:30.358700,Seoul-cc58,-28,16,Normal
2026-02-14 03:41:31.358700,Seoul-cc58,-22,74,Normal
2026-02-14 03:41:32.358700,Seoul-cc58,34,91,Normal
2026-02-14 03:41:33.358700,Seoul-cc58,-13,7,Normal
2026-02-14 03:41:34.358700,Seoul-cc58,-3,74,Normal
2026-02-14 03:41:35.358700,Seoul-cc58,34,83,Normal
2026-02-14 03:41:36.358700,Seoul-cc58,18,64,Normal
2026-02-14 03:41:37.358700,Seoul-cc58,44,0,Normal
2026-02-14 03:41:38.358700,Seoul-cc58,11,31,Normal
2026-02-14 03:41:39.358700,Seoul-cc58,7,29,Normal
2026-02-14 03:41:40.358700,Seoul-cc58,46,60,Normal
2026-02-14 03:41:41.358700,Seoul-cc58,-7,82,Normal
2026-02-14 03:41:42.358700,Seoul-cc58,17,51,Normal
2026-02-14 03:41:43.358700,Seoul-cc58,29,94,Normal
2026-02-14 03:41:44.358700,Seoul-cc58,26,23,Normal
2026-02-14 03:41:45.358700,Seoul-cc58,9,17,Normal
2026-02-14 03:41:46.358700,Seoul-cc58,7,7,Normal
2026-02-14 03:41:47.358700,Seoul-cc58,37,55,Normal
2026-02-14 03:41:48.358700,Seoul-cc58,-12,87,Normal
2026-02-14 03:41:49.358700,Seoul-cc58,30,100,Normal
2026-02-14 03:41:50.358700,Seoul-cc58,-11,91,Normal
2026-02-14 03:41:51.358700,Seoul-cc58,5,25,Normal
2026-02-14 03:41:52.358700,Seoul-cc58,-27,73,Normal
2026-02-14 03:41:53.358700,Seoul-cc58,-10,5,Normal
2026-02-14 03:41:54.358700,Seoul-cc58,46,10,Normal
2026-02-14 03:41:55.358700,Seoul-cc58,5,44,Normal
2026-02-14 03:41:56.358700,Seoul-cc58,18,37,Normal
2026-02-14 03:41:57.358700,Seoul-cc58,12,9,Normal
2026-02-14 03:41:58.358700,Seoul-cc58,47,34,Normal
2026-02-14 03:41:59.358700,Seoul-cc58,-1,81,Normal
2026-02-14 03:42:00.358700,Seoul-cc58,1,53,Normal
2026-02-14 03:42:01.358700,Seoul-cc58,6,33,Normal
2026-02-14 03:42:02.358700,Seoul-cc58,-19,73,Normal
2026-02-14 03:42:03.358700,Seoul-cc58,13,67,Normal
2026-02-14 03:42:04.358700,Seoul-cc58,38,91,Normal
2026-02-14 03:42:05.358700,Seoul-cc58,9,73,Normal
2026-02-14 03:42:06.358700,Seoul-cc58,9,85,Normal
2026-02-14 03:42:07.358700,Seoul-cc58,-29,84,Normal
2026-02-14 03:42:08.358700,Seoul-cc58,44,66,Normal
2026-02-14 03:42:09.358700,Seoul-cc58,43,48,Normal
2026-02-14 03:42:10.358700,Seoul-cc58,-22,95,Normal
2026-02-14 03:42:11.358700,Seoul-cc58,41,79,Normal
2026-02-14 03:42:12.358700,Seoul-cc58,45,97,Normal
2026-02-14 03:42:13.358700,Seoul-cc58,18,16,Normal
2026-02-14 03:42:14.358700,Seoul-cc58,24,96,Normal
2026-02-14 03:42:15.358700,Seoul-cc58,35,60,Normal
2026-02-14 03:42:16.358700,Seoul-cc58,27,41,Normal
2026-02-14 03:42:17.358700,Seoul-cc58,36,68,Normal
2026-02-14 03:42:18.358700,Seoul-cc58,-15,42,Normal
2026-02-14 03:42:19.358700,Seoul-cc58,-8,51,Normal
2026-02-14 03:42:20.358700,Seoul-cc58,24,77,Normal
2026-02-14 03:42:21.358700,Seoul-cc58,46,15,Normal
2026-02-14 03:42:22.358700,Seoul-cc58,-18,0,Normal
2026-02-14 03:42:23.358700,Seoul-cc58,-13,66,Normal
2026-02-14 03:42:24.358700,Seoul-cc58,-9,86,Normal
2026-02-14 03:42:25.358700,Seoul-cc58,-17,3,Normal
2026-02-14 03:42:26.358700,Seoul-cc58,15,66,Normal
2026-02-14 03:42:27.358700,Seoul-cc58,33,9,Normal
2026-02-14 03:42:28.358700,Seoul-cc58,42,29,Normal
2026-02-14 03:42:29.358700,Seoul-cc58,-21,70,Normal
2026-02-14 03:42:30.358700,Seoul-cc58,-9,5,Normal
2026-02-14 03:42:31.358700,Seoul-cc58,33,5,Normal
2026-02-14 03:42:32.358700,Seoul-cc58,-21,23,Normal
2026-02-14 03:42:33.358700,Seoul-cc58,19,14,Normal
2026-02-14 03:42:34.358700,Seoul-cc58,10,65,Normal
2026-02-14 03:42:35.358700,Seoul-cc58,50,60,Normal
2026-02-14 03:42:36.358700,Seoul-cc58,36,80,Normal
2026-02-14 03:42:37.358700,Seoul-cc58,-23,36,Normal
2026-02-14 03:42:38.358700,Seoul-cc58,33,4,Normal
2026-02-14 03:42:39.358700,Seoul-cc58,27,95,Normal
2026-02-14 03:42:40.358700,Seoul-cc58,25,93,Normal
2026-02-14 03:42:41.358700,Seoul-cc58,43,98,Normal
2026-02-14 03:42:42.358700,Seoul-cc58,8,59,Normal
2026-02-14 03:42:43.358700,Seoul-cc58,16,80,Normal
2026-02-14 03:42:44.358700,Seoul-cc58,37,45,Normal
2026-02-14 03:42:45.358700,Seoul-cc58,11,17,Normal
2026-02-14 03:42:46.358700,Seoul-cc58,-1,80,Normal
2026-02-14 03:42:47.358700,Seoul-cc58,23,0,Normal
2026-02-14 03:42:48.358700,Seoul-cc58,14,70,Normal
2026-02-14 03:42:49.358700,Seoul-cc58,39,39,Normal
2026-02-14 03:42:50.358700,Seoul-cc58,49,48,Normal
2026-02-14 03:42:51.358700,Seoul-cc58,32,59,Normal
2026-02-14 03:42:52.358700,Seoul-cc58,22,82,Normal
2026-02-14 03:42:53.358700,Seoul-cc58,-2,80,Normal
2026-02-14 03:42:54.358700,Seoul-cc58,9,83,Normal
2026-02-14 03:42:55.358700,Seoul-cc58,18,13,Normal
2026-02-14 03:42:56.358700,Seoul-cc58,8,34,Normal
2026-02-14 03:42:57.358700,Seoul-cc58,47,26,Normal
2026-02-14 03:42:58.358700,Seoul-cc58,15,53,Normal
2026-02-14 03:42:59.358700,Seoul-cc58,32,76,Normal
2026-02-14 03:43:00.358700,Seoul-cc58,38,99,Normal
2026-02-14 03:43:01.358700,Seoul-cc58,-10,2,Normal
2026-02-14 03:43:02.358700,Seoul-cc58,-23,67,Normal
2026-02-14 03:43:03.358700,Seoul-cc58,-1,13,Normal
2026-02-14 03:43:04.358700,Seoul-cc58,-7,1,Normal
2026-02-14 03:43:05.358700,Seoul-cc58,-26,33,Normal
2026-02-14 03:43:06.358700,Seoul-cc58,-5,95,Normal
2026-02-14 03:43:07.358700,Seoul-cc58,14,21,Normal
2026-02-14 03:43:08.358700,Seoul-cc58,48,86,Normal
2026-02-14 03:43:09.358700,Seoul-cc58,1,38,Normal
2026-02-14 03:43:10.358700,Seoul-cc58,32,48,Normal
2026-02-14 03:43:11.358700,Seoul-cc58,22,69,Normal
2026-02-14 03:43:12.358700,Seoul-cc58,8,52,Normal
2026-02-14 03:43:13.358700,Seoul-cc58,3,12,Normal
2026-02-14 03:43:14.358700,Seoul-cc58,-7,65,Normal
2026-02-14 03:43:15.358700,Seoul-cc58,11,66,Normal
2026-02-14 03:43:16.358700,Seoul-cc58,17,53,Normal
2026-02-14 03:43:17.358700,Seoul-cc58,45,77,Normal
2026-02-14 03:43:18.358700,Seoul-cc58,26,32,Normal
2026-02-14 03:43:19.358700,Seoul-cc58,-2,17,Normal
2026-02-14 03:43:20.358700,Seoul-cc58,27,93,Normal
2026-02-14 03:43:21.358700,Seoul-cc58,28,54,Normal
2026-02-14 03:43:22.358700,Seoul-cc58,17,65,Normal
2026-02-14 03:43:23.358700,Seoul-cc58,-3,49,Normal
2026-02-14 03:43:24.358700,Seoul-cc58,7,11,Normal
2026-02-14 03:43:25.358700,Seoul-cc58,27,26,Normal
2026-02-14 03:43:26.358700,Seoul-cc58,-13,84,Normal
2026-02-14 03:43:27.358700,Seoul-cc58,1,1,Normal
2026-02-14 03:43:28.358700,Seoul-cc58,19,48,Normal
2026-02-14 03:43:29.358700,Seoul-cc58,43,99,Normal
2026-02-14 03:43:30.358700,Seoul-cc58,50,66,Normal
2026-02-14 03:43:31.358700,Seoul-cc58,40,80,Normal
2026-02-14 03:43:32.358700,Seoul-cc58,12,88,Normal
2026-02-14 03:43:33.358700,Seoul-cc58,-7,9,Normal
2026-02-14 03:43:34.358700,Seoul-cc58,27,65,Normal
2026-02-14 03:43:35.358700,Seoul-cc58,-9,46,Normal
2026-02-14 03:43:36.358700,Seoul-cc58,-11,17,Normal
2026-02-14 03:43:37.358700,Seoul-cc58,9,19,Normal
2026-02-14 03:43:38.358700,Seoul-cc58,20,13,Normal
2026-02-14 03:43:39.358700,Seoul-cc58,40,100,Normal
2026-02-14 03:43:40.358700,Seoul-cc58,0,11,Normal
2026-02-14 03:43:41.358700,Seoul-cc58,2,55,Normal
2026-02-14 03:43:42.358700,Seoul-cc58,30,40,Normal
2026-02-14 03:43:43.358700,Seoul-cc58,21,56,Normal
2026-02-14 03:43:44.358700,Seoul-cc58,-9,20,Normal
2026-02-14 03:43:45.358700,Seoul-cc58,-3,24,Normal
2026-02-14 03:43:46.358700,Seoul-cc58,41,37,Normal
2026-02-14 03:43:47.358700,Seoul-cc58,17,53,Normal
2026-02-14 03:43:48.358700,Seoul-cc58,-17,81,Normal
2026-02-14 03:43:49.358700,Seoul-cc58,40,84,Normal
2026-02-14 03:43:50.358700,Seoul-cc58,38,57,Normal
2026-02-14 03:43:51.358700,Seoul-cc58,23,60,Normal
2026-02-14 03:43:52.358700,Seoul-cc58,39,68,Normal
2026-02-14 03:43:53.358700,Seoul-cc58,1,99,Normal
2026-02-14 03:43:54.358700,Seoul-cc58,9,89,Normal
2026-02-14 03:43:55.358700,Seoul-cc58,-2,59,Normal
2026-02-14 03:43:56.358700,Seoul-cc58,-12,18,Normal
2026-02-14 03:43:57.358700,Seoul-cc58,-27,11,Normal
2026-02-14 03:43:58.358700,Seoul-cc58,48,9,Normal
2026-02-14 03:43:59.358700,Seoul-cc58,-16,69,Normal
2026-02-14 03:44:00.358700,Seoul-cc58,11,88,Normal
2026-02-14 03:44:01.358700,Seoul-cc58,42,67,Normal
2026-02-14 03:44:02.358700,Seoul-cc58,27,56,Normal
2026-02-14 03:44:03.358700,Seoul-cc58,12,13,Normal
2026-02-14 03:44:04.358700,Seoul-cc58,6,23,Normal
2026-02-14 03:44:05.358700,Seoul-cc58,-2,58,Normal
2026-02-14 03:44:06.358700,Seoul-cc58,38,23,Normal
2026-02-14 03:44:07.358700,Seoul-cc58,25,67,Normal
2026-02-14 03:44:08.358700,Seoul-cc58,33,10,Normal
2026-02-14 03:44:09.358700,Seoul-cc58,24,13,Normal
2026-02-14 03:44:10.358700,Seoul-cc58,-24,92,Normal
2026-02-14 03:44:11.358700,Seoul-cc58,25,31,Normal
2026-02-14 03:44:12.358700,Seoul-cc58,38,95,Normal
2026-02-14 03:44:13.358700,Seoul-cc58,-1,76,Normal
2026-02-14 03:44:14.358700,Seoul-cc58,37,95,Normal
2026-02-14 03:44:15.358700,Seoul-cc58,-23,52,Normal
2026-02-14 03:44:16.358700,Seoul-cc58,45,87,Normal
2026-02-14 03:44:17.358700,Seoul-cc58,21,1,Normal
2026-02-14 03:44:18.358700,Seoul-cc58,-11,23,Normal
2026-02-14 03:44:19.358700,Seoul-cc58,14,51,Normal
2026-02-14 03:44:20.358700,Seoul-cc58,0,89,Normal
2026-02-14 03:44:21.358700,Seoul-cc58,41,62,Normal
2026-02-14 03:44:22.358700,Seoul-cc58,6,49,Normal
2026-02-14 03:44:23.358700,Seoul-cc58,32,89,Normal
2026-02-14 03:44:24.358700,Seoul-cc58,26,46,Normal
2026-02-14 03:44:25.358700,Seoul-cc58,-22,89,Normal
2026-02-14 03:44:26.358700,Seoul-cc58,27,91,Normal
2026-02-14 03:44:27.358700,Seoul-cc58,-2,71,Normal
2026-02-14 03:44:28.358700,Seoul-cc58,4,5,Normal
2026-02-14 03:44:29.358700,Seoul-cc58,11,92,Normal
2026-02-14 03:44:30.358700,Seoul-cc58,-10,65,Normal
2026-02-14 03:44:31.358700,Seoul-cc58,-16,32,Normal
2026-02-14 03:44:32.358700,Seoul-cc58,9,25,Normal
2026-02-14 03:44:33.358700,Seoul-cc58,23,63,Normal
2026-02-14 03:44:34.358700,Seoul-cc58,15,23,Normal
2026-02-14 03:44:35.358700,Seoul-cc58,-7,32,Normal
2026-02-14 03:44:36.358700,Seoul-cc58,-7,67,Normal
2026-02-14 03:44:37.358700,Seoul-cc58,-26,69,Normal
2026-02-14 03:44:38.358700,Seoul-cc58,22,82,Normal
2026-02-14 03:44:39.358700,Seoul-cc58,31,18,Normal
2026-02-14 03:44:40.358700,Seoul-cc58,40,8,Normal
2026-02-14 03:44:41.358700,Seoul-cc58,44,33,Normal
2026-02-14 03:44:42.358700,Seoul-cc58,28,24,Normal
2026-02-14 03:44:43.358700,Seoul-cc58,-27,93,Normal
2026-02-14 03:44:44.358700,Seoul-cc58,41,64,Normal
2026-02-14 03:44:45.358700,Seoul-cc58,34,46,Normal
2026-02-14 03:44:46.358700,Seoul-cc58,-18,93,Normal
2026-02-14 03:44:47.358700,Seoul-cc58,49,38,Normal
2026-02-14 03:44:48.358700,Seoul-cc58,-24,14,Normal
2026-02-14 03:44:49.358700,Seoul-cc58,-22,73,Normal
2026-02-14 03:44:50.358700,Seoul-cc58,0,78,Normal
2026-02-14 03:44:51.358700,Seoul-cc58,43,22,Normal
2026-02-14 03:44:52.358700,Seoul-cc58,-24,58,Normal
2026-02-14 03:44:53.358700,Seoul-cc58,38,76,Normal
2026-02-14 03:44:54.358700,Seoul-cc58,31,42,Normal
2026-02-14 03:44:55.358700,Seoul-cc58,33,62,Normal
2026-02-14 03:44:56.358700,Seoul-cc58,-29,89,Normal
2026-02-14 03:44:57.358700,Seoul-cc58,41,32,Normal
2026-02-14 03:44:58.358700,Seoul-cc58,-14,36,Normal
2026-02-14 03:44:59.358700,Seoul-cc58,11,86,Normal
2026-02-14 03:45:00.358700,Seoul-cc58,50,84,Normal
2026-02-14 03:45:01.358700,Seoul-cc58,25,58,Normal
2026-02-14 03:45:02.358700,Seoul-cc58,-18,77,Normal
2026-02-14 03:45:03.358700,Seoul-cc58,48,73,Normal
2026-02-14 03:45:04.358700,Seoul-cc58,36,66,Normal
2026-02-14 03:45:05.358700,Seoul-cc58,34,62,Normal
2026-02-14 03:45:06.358700,Seoul-cc58,12,51,Normal
2026-02-14 03:45:07.358700,Seoul-cc58,-3,44,Normal
2026-02-14 03:45:08.358700,Seoul-cc58,-18,48,Normal
2026-02-14 03:45:09.358700,Seoul-cc58,34,95,Normal
2026-02-14 03:45:10.358700,Seoul-cc58,37,99,Normal
2026-02-14 03:45:11.358700,Seoul-cc58,17,62,Normal
2026-02-14 03:45:12.358700,Seoul-cc58,-18,86,Normal
2026-02-14 03:45:13.358700,Seoul-cc58,32,92,Normal
2026-02-14 03:45:14.358700,Seoul-cc58,6,46,Normal
2026-02-14 03:45:15.358700,Seoul-cc58,18,91,Normal
2026-02-14 03:45:16.358700,Seoul-cc58,-7,95,Normal
2026-02-14 03:45:17.358700,Seoul-cc58,13,24,Normal
2026-02-14 03:45:18.358700,Seoul-cc58,-27,43,Normal
2026-02-14 03:45:19.358700,Seoul-cc58,36,67,Normal
2026-02-14 03:45:20.358700,Seoul-cc58,-17,49,Normal
2026-02-14 03:45:21.358700,Seoul-cc58,38,0,Normal
2026-02-14 03:45:22.358700,Seoul-cc58,31,65,Normal
2026-02-14 03:45:23.358700,Seoul-cc58,10,82,Normal
2026-02-14 03:45:24.358700,Seoul-cc58,-1,47,Normal
2026-02-14 03:45:25.358700,Seoul-cc58,30,65,Normal
2026-02-14 03:45:26.358700,Seoul-cc58,-5,72,Normal
2026-02-14 03:45:27.358700,Seoul-cc58,20,2,Normal
2026-02-14 03:45:28.358700,Seoul-cc58,-1,91,Normal
2026-02-14 03:45:29.358700,Seoul-cc58,26,90,Normal
2026-02-14 03:45:30.358700,Seoul-cc58,35,42,Normal
2026-02-14 03:45:31.358700,Seoul-cc58,3,61,Normal
2026-02-14 03:45:32.358700,Seoul-cc58,24,4,Normal
2026-02-14 03:45:33.358700,Seoul-cc58,-16,3,Normal
2026-02-14 03:45:34.358700,Seoul-cc58,44,82,Normal
2026-02-14 03:45:35.358700,Seoul-cc58,-27,68,Normal
2026-02-14 03:45:36.358700,Seoul-cc58,15,35,Normal
2026-02-14 03:45:37.358700,Seoul-cc58,38,15,Normal
2026-02-14 03:45:38.358700,Seoul-cc58,21,96,Normal
2026-02-14 03:45:39.358700,Seoul-cc58,-10,61,Normal
2026-02-14 03:45:40.358700,Seoul-cc58,-21,49,Normal
2026-02-14 03:45:41.358700,Seoul-cc58,-4,25,Normal
2026-02-14 03:45:42.358700,Seoul-cc58,6,63,Normal
2026-02-14 03:45:43.358700,Seoul-cc58,28,96,Normal
2026-02-14 03:45:44.358700,Seoul-cc58,29,20,Normal
2026-02-14 03:45:45.358700,Seoul-cc58,-5,36,Normal
2026-02-14 03:45:46.358700,Seoul-cc58,14,22,Normal
2026-02-14 03:45:47.358700,Seoul-cc58,46,86,Normal
2026-02-14 03:45:48.358700,Seoul-cc58,30,92,Normal
2026-02-14 03:45:49.358700,Seoul-cc58,20,77,Normal
2026-02-14 03:45:50.358700,Seoul-cc58,-17,14,Normal
2026-02-14 03:45:51.358700,Seoul-cc58,-23,55,Normal
2026-02-14 03:45:52.358700,Seoul-cc58,41,82,Normal
2026-02-14 03:45:53.358700,Seoul-cc58,35,80,Normal
2026-02-14 03:45:54.358700,Seoul-cc58,18,84,Normal
2026-02-14 03:45:55.358700,Seoul-cc58,-26,47,Normal
2026-02-14 03:45:56.358700,Seoul-cc58,2,84,Normal
2026-02-14 03:45:57.358700,Seoul-cc58,33,15,Normal
2026-02-14 03:45:58.358700,Seoul-cc58,36,89,Normal
2026-02-14 03:45:59.358700,Seoul-cc58,22,71,Normal
2026-02-14 03:46:00.358700,Seoul-cc58,29,3,Normal
2026-02-14 03:46:01.358700,Seoul-cc58,-27,91,Normal
2026-02-14 03:46:02.358700,Seoul-cc58,29,65,Normal
2026-02-14 03:46:03.358700,Seoul-cc58,-10,55,Normal
2026-02-14 03:46:04.358700,Seoul-cc58,24,87,Normal
2026-02-14 03:46:05.358700,Seoul-cc58,-14,97,Normal
2026-02-14 03:46:06.358700,Seoul-cc58,17,11,Normal
2026-02-14 03:46:07.358700,Seoul-cc58,25,19,Normal
2026-02-14 03:46:08.358700,Seoul-cc58,-3,39,Normal
2026-02-14 03:46:09.358700,Seoul-cc58,40,59,Normal
2026-02-14 03:46:10.358700,Seoul-cc58,-23,62,Normal
2026-02-14 03:46:11.358700,Seoul-cc58,21,51,Normal
2026-02-14 03:46:12.358700,Seoul-cc58,34,68,Normal
2026-02-14 03:46:13.358700,Seoul-cc58,-3,57,Normal
2026-02-14 03:46:14.358700,Seoul-cc58,-10,6,Normal
2026-02-14 03:46:15.358700,Seoul-cc58,5,59,Normal
2026-02-14 03:46:16.358700,Seoul-cc58,-6,18,Normal
2026-02-14 03:46:17.358700,Seoul-cc58,10,19,Normal
2026-02-14 03:46:18.358700,Seoul-cc58,12,48,Normal
2026-02-14 03:46:19.358700,Seoul-cc58,17,54,Normal
2026-02-14 03:46:20.358700,Seoul-cc58,30,47,Normal
2026-02-14 03:46:21.358700,Seoul-cc58,41,34,Normal
2026-02-14 03:46:22.358700,Seoul-cc58,-15,66,Normal
2026-02-14 03:46:23.358700,Seoul-cc58,-3,86,Normal
2026-02-14 03:46:24.358700,Seoul-cc58,-24,14,Normal
2026-02-14 03:46:25.358700,Seoul-cc58,34,84,Normal
2026-02-14 03:46:26.358700,Seoul-cc58,33,99,Normal
2026-02-14 03:46:27.358700,Seoul-cc58,17,82,Normal
2026-02-14 03:46:28.358700,Seoul-cc58,36,35,Normal
2026-02-14 03:46:29.358700,Seoul-cc58,22,52,Normal
2026-02-14 03:46:30.358700,Seoul-cc58,28,9,Normal
2026-02-14 03:46:31.358700,Seoul-cc58,-1,39,Normal
2026-02-14 03:46:32.358700,Seoul-cc58,-11,45,Normal
2026-02-14 03:46:33.358700,Seoul-cc58,7,96,Normal
2026-02-14 03:46:34.358700,Seoul-cc58,5,80,Normal
2026-02-14 03:46:35.358700,Seoul-cc58,44,9,Normal
2026-02-14 03:46:36.358700,Seoul-cc58,-29,61,Normal
2026-02-14 03:46:37.358700,Seoul-cc58,-20,73,Normal
2026-02-14 03:46:38.358700,Seoul-cc58,-14,54,Normal
2026-02-14 03:46:39.358700,Seoul-cc58,29,27,Normal
