timestamp,station_id,temp,humid,condition
2026-02-16 23:02:24.340823,Paris-e5d7,-12,17,Normal
2026-02-16 23:02:25.340823,Paris-e5d7,24,63,Normal
2026-02-16 23:02:26.340823,Paris-e5d7,-29,71,Normal
2026-02-16 23:02:27.340823,Paris-e5d7,29,20,Normal
2026-02-16 23:02:28.340823,Paris-e5d7,44,94,Normal
2026-02-16 23:02:29.340823,Paris-e5d7,22,80,Normal
2026-02-16 23:02:30.340823,Paris-e5d7,47,16,Normal
2026-02-16 23:02:31.340823,Paris-e5d7,43,54,Normal
2026-02-16 23:02:32.340823,Paris-e5d7,34,92,Normal
2026-02-16 23:02:33.340823,Paris-e5d7,41,91,Normal
2026-02-16 23:02:34.340823,Paris-e5d7,12,30,Normal
2026-02-16 23:02:35.340823,Paris-e5d7,45,65,Normal
2026-02-16 23:02:36.340823,Paris-e5d7,-23,52,Normal
2026-02-16 23:02:37.340823,Paris-e5d7,-7,70,Normal
2026-02-16 23:02:38.340823,Paris-e5d7,-4,26,Normal
2026-02-16 23:02:39.340823,Paris-e5d7,-28,68,Normal
2026-02-16 23:02:40.340823,Paris-e5d7,17,48,Normal
2026-02-16 23:02:41.340823,Paris-e5d7,19,44,Normal
2026-02-16 23:02:42.340823,Paris-e5d7,-16,69,Normal
2026-02-16 23:02:43.340823,Paris-e5d7,7,86,Normal
2026-02-16 23:02:44.340823,Paris-e5d7,18,10,Normal
2026-02-16 23:02:45.340823,Paris-e5d7,-16,72,Normal
2026-02-16 23:02:46.340823,Paris-e5d7,8,75,Normal
2026-02-16 23:02:47.340823,Paris-e5d7,-17,35,Normal
2026-02-16 23:02:48.340823,Paris-e5d7,37,69,Normal
2026-02-16 23:02:49.340823,Paris-e5d7,24,56,Normal
2026-02-16 23:02:50.340823,Paris-e5d7,48,49,Normal
2026-02-16 23:02:51.340823,Paris-e5d7,4,20,Normal
2026-02-16 23:02:52.340823,Paris-e5d7,15,91,Normal
2026-02-16 23:02:53.340823,Paris-e5d7,44,82,Normal
2026-02-16 23:02:54.340823,Paris-e5d7,18,97,Normal
2026-02-16 23:02:55.340823,Paris-e5d7,33,79,Normal
2026-02-16 23:02:56.340823,Paris-e5d7,-18,44,Normal
2026-02-16 23:02:57.340823,Paris-e5d7,-7,63,Normal
2026-02-16 23:02:58.340823,Paris-e5d7,36,3,Normal
2026-02-16 23:02:59.340823,Paris-e5d7,-16,63,Normal
2026-02-16 23:03:00.340823,Paris-e5d7,-8,42,Normal
2026-02-16 23:03:01.340823,Paris-e5d7,37,79,Normal
2026-02-16 23:03:02.340823,Paris-e5d7,-28,68,Normal
2026-02-16 23:03:03.340823,Paris-e5d7,37,51,Normal
2026-02-16 23:03:04.340823,Paris-e5d7,-6,56,Normal
2026-02-16 23:03:05.340823,Paris-e5d7,29,62,Normal
2026-02-16 23:03:06.340823,Paris-e5d7,-22,17,Normal
2026-02-16 23:03:07.340823,Paris-e5d7,6,54,Normal
2026-02-16 23:03:08.340823,Paris-e5d7,38,89,Normal
2026-02-16 23:03:09.340823,Paris-e5d7,-5,28,Normal
2026-02-16 23:03:10.340823,Paris-e5d7,8,28,Normal
2026-02-16 23:03:11.340823,Paris-e5d7,30,26,Normal
2026-02-16 23:03:12.340823,Paris-e5d7,4,34,Normal
2026-02-16 23:03:13.340823,Paris-e5d7,7,47,Normal
2026-02-16 23:03:14.340823,Paris-e5d7,-14,58,Normal
2026-02-16 23:03:15.340823,Paris-e5d7,-27,38,Normal
2026-02-16 23:03:16.340823,Paris-e5d7,45,70,Normal
2026-02-16 23:03:17.340823,Paris-e5d7,49,0,Normal
2026-02-16 23:03:18.340823,Paris-e5d7,-1,89,Normal
2026-02-16 23:03:19.340823,Paris-e5d7,50,46,Normal
2026-02-16 23:03:20.340823,Paris-e5d7,-15,21,Normal
2026-02-16 23:03:21.340823,Paris-e5d7,-10,97,Normal
2026-02-16 23:03:22.340823,Paris-e5d7,49,69,Normal
2026-02-16 23:03:23.340823,Paris-e5d7,-28,3,Normal
2026-02-16 23:03:24.340823,Paris-e5d7,-2,41,Normal
2026-02-16 23:03:25.340823,Paris-e5d7,0,15,Normal
2026-02-16 23:03:26.340823,Paris-e5d7,-28,62,Normal
2026-02-16 23:03:27.340823,Paris-e5d7,-23,20,Normal
2026-02-16 23:03:28.340823,Paris-e5d7,-28,36,Normal
2026-02-16 23:03:29.340823,Paris-e5d7,12,97,Normal
2026-02-16 23:03:30.340823,Paris-e5d7,0,19,Normal
2026-02-16 23:03:31.340823,Paris-e5d7,12,11,Normal
2026-02-16 23:03:32.340823,Paris-e5d7,8,76,Normal
2026-02-16 23:03:33.340823,Paris-e5d7,44,23,Normal
2026-02-16 23:03:34.340823,Paris-e5d7,-15,26,Normal
2026-02-16 23:03:35.340823,Paris-e5d7,37,63,Normal
2026-02-16 23:03:36.340823,Paris-e5d7,13,40,Normal
2026-02-16 23:03:37.340823,Paris-e5d7,13,24,Normal
2026-02-16 23:03:38.340823,Paris-e5d7,-15,75,Normal
2026-02-16 23:03:39.340823,Paris-e5d7,-3,14,Normal
2026-02-16 23:03:40.340823,Paris-e5d7,19,86,Normal
2026-02-16 23:03:41.340823,Paris-e5d7,50,40,Normal
2026-02-16 23:03:42.340823,Paris-e5d7,29,49,Normal
2026-02-16 23:03:43.340823,Paris-e5d7,10,40,Normal
2026-02-16 23:03:44.340823,Paris-e5d7,-11,45,Normal
2026-02-16 23:03:45.340823,Paris-e5d7,26,10,Normal
2026-02-16 23:03:46.340823,Paris-e5d7,17,10,Normal
2026-02-16 23:03:47.340823,Paris-e5d7,19,41,Normal
2026-02-16 23:03:48.340823,Paris-e5d7,25,72,Normal
2026-02-16 23:03:49.340823,Paris-e5d7,33,58,Normal
2026-02-16 23:03:50.340823,Paris-e5d7,-18,59,Normal
2026-02-16 23:03:51.340823,Paris-e5d7,10,45,Normal
2026-02-16 23:03:52.340823,Paris-e5d7,-4,19,Normal
2026-02-16 23:03:53.340823,Paris-e5d7,34,2,Normal
2026-02-16 23:03:54.340823,Paris-e5d7,-28,21,Normal
2026-02-16 23:03:55.340823,Paris-e5d7,-8,78,Normal
2026-02-16 23:03:56.340823,Paris-e5d7,-13,33,Normal
2026-02-16 23:03:57.340823,Paris-e5d7,-11,12,Normal
2026-02-16 23:03:58.340823,Paris-e5d7,34,87,Normal
2026-02-16 23:03:59.340823,Paris-e5d7,42,56,Normal
2026-02-16 23:04:00.340823,Paris-e5d7,-6,82,Normal
2026-02-16 23:04:01.340823,Paris-e5d7,29,19,Normal
2026-02-16 23:04:02.340823,Paris-e5d7,29,68,Normal
2026-02-16 23:04:03.340823,Paris-e5d7,-10,44,Normal
2026-02-16 23:04:04.340823,Paris-e5d7,41,64,Normal
2026-02-16 23:04:05.340823,Paris-e5d7,-8,78,Normal
2026-02-16 23:04:06.340823,Paris-e5d7,32,95,Normal
2026-02-16 23:04:07.340823,Paris-e5d7,-12,22,Normal
2026-02-16 23:04:08.340823,Paris-e5d7,26,59,Normal
2026-02-16 23:04:09.340823,Paris-e5d7,47,68,Normal
2026-02-16 23:04:10.340823,Paris-e5d7,22,70,Normal
2026-02-16 23:04:11.340823,Paris-e5d7,14,36,Normal
2026-02-16 23:04:12.340823,Paris-e5d7,45,53,Normal
2026-02-16 23:04:13.340823,Paris-e5d7,19,45,Normal
2026-02-16 23:04:14.340823,Paris-e5d7,-11,87,Normal
2026-02-16 23:04:15.340823,Paris-e5d7,38,99,Normal
2026-02-16 23:04:16.340823,Paris-e5d7,-6,18,Normal
2026-02-16 23:04:17.340823,Paris-e5d7,22,43,Normal
2026-02-16 23:04:18.340823,Paris-e5d7,-20,2,Normal
2026-02-16 23:04:19.340823,Paris-e5d7,49,12,Normal
2026-02-16 23:04:20.340823,Paris-e5d7,9,61,Normal
2026-02-16 23:04:21.340823,Paris-e5d7,-27,78,Normal
2026-02-16 23:04:22.340823,Paris-e5d7,-7,56,Normal
2026-02-16 23:04:23.340823,Paris-e5d7,28,37,Normal
2026-02-16 23:04:24.340823,Paris-e5d7,-27,79,Normal
2026-02-16 23:04:25.340823,Paris-e5d7,5,58,Normal
2026-02-16 23:04:26.340823,Paris-e5d7,21,16,Normal
2026-02-16 23:04:27.340823,Paris-e5d7,9,50,Normal
2026-02-16 23:04:28.340823,Paris-e5d7,17,34,Normal
2026-02-16 23:04:29.340823,Paris-e5d7,44,5,Normal
2026-02-16 23:04:30.340823,Paris-e5d7,31,6,Normal
2026-02-16 23:04:31.340823,Paris-e5d7,-22,94,Normal
2026-02-16 23:04:32.340823,Paris-e5d7,-16,95,Normal
2026-02-16 23:04:33.340823,Paris-e5d7,-18,74,Normal
2026-02-16 23:04:34.340823,Paris-e5d7,44,40,Normal
2026-02-16 23:04:35.340823,Paris-e5d7,-26,14,Normal
2026-02-16 23:04:36.340823,Paris-e5d7,-18,73,Normal
2026-02-16 23:04:37.340823,Paris-e5d7,12,33,Normal
2026-02-16 23:04:38.340823,Paris-e5d7,-8,6,Normal
2026-02-16 23:04:39.340823,Paris-e5d7,-22,79,Normal
2026-02-16 23:04:40.340823,Paris-e5d7,-18,89,Normal
2026-02-16 23:04:41.340823,Paris-e5d7,22,14,Normal
2026-02-16 23:04:42.340823,Paris-e5d7,39,64,Normal
2026-02-16 23:04:43.340823,Paris-e5d7,-16,45,Normal
2026-02-16 23:04:44.340823,Paris-e5d7,13,42,Normal
2026-02-16 23:04:45.340823,Paris-e5d7,-14,25,Normal
2026-02-16 23:04:46.340823,Paris-e5d7,-9,43,Normal
2026-02-16 23:04:47.340823,Paris-e5d7,27,38,Normal
2026-02-16 23:04:48.340823,Paris-e5d7,-15,32,Normal
2026-02-16 23:04:49.340823,Paris-e5d7,44,73,Normal
2026-02-16 23:04:50.340823,Paris-e5d7,40,76,Normal
2026-02-16 23:04:51.340823,Paris-e5d7,22,16,Normal
2026-02-16 23:04:52.340823,Paris-e5d7,-13,83,Normal
2026-02-16 23:04:53.340823,Paris-e5d7,43,41,Normal
2026-02-16 23:04:54.340823,Paris-e5d7,32,59,Normal
2026-02-16 23:04:55.340823,Paris-e5d7,40,32,Normal
2026-02-16 23:04:56.340823,Paris-e5d7,-1,92,Normal
2026-02-16 23:04:57.340823,Paris-e5d7,-16,58,Normal
2026-02-16 23:04:58.340823,Paris-e5d7,25,60,Normal
2026-02-16 23:04:59.340823,Paris-e5d7,7,43,Normal
2026-02-16 23:05:00.340823,Paris-e5d7,-17,23,Normal
2026-02-16 23:05:01.340823,Paris-e5d7,22,100,Normal
2026-02-16 23:05:02.340823,Paris-e5d7,-19,85,Normal
2026-02-16 23:05:03.340823,Paris-e5d7,36,17,Normal
2026-02-16 23:05:04.340823,Paris-e5d7,48,19,Normal
2026-02-16 23:05:05.340823,Paris-e5d7,21,87,Normal
2026-02-16 23:05:06.340823,Paris-e5d7,34,7,Normal
2026-02-16 23:05:07.340823,Paris-e5d7,-24,25,Normal
2026-02-16 23:05:08.340823,Paris-e5d7,48,57,Normal
2026-02-16 23:05:09.340823,Paris-e5d7,27,31,Normal
2026-02-16 23:05:10.340823,Paris-e5d7,39,41,Normal
2026-02-16 23:05:11.340823,Paris-e5d7,2,2,Normal
2026-02-16 23:05:12.340823,Paris-e5d7,-25,36,Normal
2026-02-16 23:05:13.340823,Paris-e5d7,-19,13,Normal
2026-02-16 23:05:14.340823,Paris-e5d7,-23,53,Normal
2026-02-16 23:05:15.340823,Paris-e5d7,-28,95,Normal
2026-02-16 23:05:16.340823,Paris-e5d7,49,79,Normal
2026-02-16 23:05:17.340823,Paris-e5d7,33,67,Normal
2026-02-16 23:05:18.340823,Paris-e5d7,4,44,Normal
2026-02-16 23:05:19.340823,Paris-e5d7,-26,65,Normal
2026-02-16 23:05:20.340823,Paris-e5d7,34,97,Normal
2026-02-16 23:05:21.340823,Paris-e5d7,-27,38,Normal
2026-02-16 23:05:22.340823,Paris-e5d7,27,38,Normal
2026-02-16 23:05:23.340823,Paris-e5d7,49,21,Normal
2026-02-16 23:05:24.340823,Paris-e5d7,-15,41,Normal
2026-02-16 23:05:25.340823,Paris-e5d7,-27,18,Normal
2026-02-16 23:05:26.340823,Paris-e5d7,-23,90,Normal
2026-02-16 23:05:27.340823,Paris-e5d7,-27,95,Normal
2026-02-16 23:05:28.340823,Paris-e5d7,-10,5,Normal
2026-02-16 23:05:29.340823,Paris-e5d7,39,78,Normal
2026-02-16 23:05:30.340823,Paris-e5d7,-29,6,Normal
2026-02-16 23:05:31.340823,Paris-e5d7,-28,46,Normal
2026-02-16 23:05:32.340823,Paris-e5d7,28,42,Normal
2026-02-16 23:05:33.340823,Paris-e5d7,-24,50,Normal
2026-02-16 23:05:34.340823,Paris-e5d7,50,25,Normal
2026-02-16 23:05:35.340823,Paris-e5d7,48,43,Normal
2026-02-16 23:05:36.340823,Paris-e5d7,39,6,Normal
2026-02-16 23:05:37.340823,Paris-e5d7,18,59,Normal
2026-02-16 23:05:38.340823,Paris-e5d7,4,83,Normal
2026-02-16 23:05:39.340823,Paris-e5d7,22,40,Normal
2026-02-16 23:05:40.340823,Paris-e5d7,-27,1,Normal
2026-02-16 23:05:41.340823,Paris-e5d7,34,25,Normal
2026-02-16 23:05:42.340823,Paris-e5d7,-20,13,Normal
2026-02-16 23:05:43.340823,Paris-e5d7,9,17,Normal
2026-02-16 23:05:44.340823,Paris-e5d7,-13,55,Normal
2026-02-16 23:05:45.340823,Paris-e5d7,15,27,Normal
2026-02-16 23:05:46.340823,Paris-e5d7,-27,60,Normal
2026-02-16 23:05:47.340823,Paris-e5d7,29,38,Normal
2026-02-16 23:05:48.340823,Paris-e5d7,24,50,Normal
2026-02-16 23:05:49.340823,Paris-e5d7,-20,93,Normal
2026-02-16 23:05:50.340823,Paris-e5d7,11,51,Normal
2026-02-16 23:05:51.340823,Paris-e5d7,23,72,Normal
2026-02-16 23:05:52.340823,Paris-e5d7,-17,9,Normal
2026-02-16 23:05:53.340823,Paris-e5d7,21,72,Normal
2026-02-16 23:05:54.340823,Paris-e5d7,-18,19,Normal
2026-02-16 23:05:55.340823,Paris-e5d7,-19,53,Normal
2026-02-16 23:05:56.340823,Paris-e5d7,-6,22,Normal
2026-02-16 23:05:57.340823,Paris-e5d7,27,66,Normal
2026-02-16 23:05:58.340823,Paris-e5d7,-29,60,Normal
2026-02-16 23:05:59.340823,Paris-e5d7,34,77,Normal
2026-02-16 23:06:00.340823,Paris-e5d7,19,40,Normal
2026-02-16 23:06:01.340823,Paris-e5d7,44,76,Normal
2026-02-16 23:06:02.340823,Paris-e5d7,2,17,Normal
2026-02-16 23:06:03.340823,Paris-e5d7,37,68,Normal
2026-02-16 23:06:04.340823,Paris-e5d7,39,19,Normal
2026-02-16 23:06:05.340823,Paris-e5d7,-21,25,Normal
2026-02-16 23:06:06.340823,Paris-e5d7,38,42,Normal
2026-02-16 23:06:07.340823,Paris-e5d7,18,85,Normal
2026-02-16 23:06:08.340823,Paris-e5d7,25,39,Normal
2026-02-16 23:06:09.340823,Paris-e5d7,41,3,Normal
2026-02-16 23:06:10.340823,Paris-e5d7,25,95,Normal
2026-02-16 23:06:11.340823,Paris-e5d7,33,12,Normal
2026-02-16 23:06:12.340823,Paris-e5d7,14,33,Normal
2026-02-16 23:06:13.340823,Paris-e5d7,-27,66,Normal
2026-02-16 23:06:14.340823,Paris-e5d7,47,24,Normal
2026-02-16 23:06:15.340823,Paris-e5d7,-12,58,Normal
2026-02-16 23:06:16.340823,Paris-e5d7,40,99,Normal
2026-02-16 23:06:17.340823,Paris-e5d7,14,87,Normal
2026-02-16 23:06:18.340823,Paris-e5d7,47,0,Normal
2026-02-16 23:06:19.340823,Paris-e5d7,16,46,Normal
2026-02-16 23:06:20.340823,Paris-e5d7,47,54,Normal
2026-02-16 23:06:21.340823,Paris-e5d7,26,69,Normal
2026-02-16 23:06:22.340823,Paris-e5d7,-16,57,Normal
2026-02-16 23:06:23.340823,Paris-e5d7,23,43,Normal
2026-02-16 23:06:24.340823,Paris-e5d7,50,19,Normal
2026-02-16 23:06:25.340823,Paris-e5d7,13,32,Normal
2026-02-16 23:06:26.340823,Paris-e5d7,16,98,Normal
2026-02-16 23:06:27.340823,Paris-e5d7,12,93,Normal
2026-02-16 23:06:28.340823,Paris-e5d7,30,0,Normal
2026-02-16 23:06:29.340823,Paris-e5d7,-14,5,Normal
2026-02-16 23:06:30.340823,Paris-e5d7,-19,78,Normal
2026-02-16 23:06:31.340823,Paris-e5d7,8,24,Normal
2026-02-16 23:06:32.340823,Paris-e5d7,24,78,Normal
2026-02-16 23:06:33.340823,Paris-e5d7,27,47,Normal
2026-02-16 23:06:34.340823,Paris-e5d7,44,30,Normal
2026-02-16 23:06:35.340823,Paris-e5d7,45,100,Normal
2026-02-16 23:06:36.340823,Paris-e5d7,47,71,Normal
2026-02-16 23:06:37.340823,Paris-e5d7,39,0,Normal
2026-02-16 23:06:38.340823,Paris-e5d7,35,64,Normal
2026-02-16 23:06:39.340823,Paris-e5d7,11,21,Normal
2026-02-16 23:06:40.340823,Paris-e5d7,-23,21,Normal
2026-02-16 23:06:41.340823,Paris-e5d7,13,72,Normal
2026-02-16 23:06:42.340823,Paris-e5d7,40,26,Normal
2026-02-16 23:06:43.340823,Paris-e5d7,21,21,Normal
2026-02-16 23:06:44.340823,Paris-e5d7,32,46,Normal
2026-02-16 23:06:45.340823,Paris-e5d7,-24,38,Normal
2026-02-16 23:06:46.340823,Paris-e5d7,-11,73,Normal
2026-02-16 23:06:47.340823,Paris-e5d7,27,54,Normal
2026-02-16 23:06:48.340823,Paris-e5d7,46,52,Normal
2026-02-16 23:06:49.340823,Paris-e5d7,16,79,Normal
2026-02-16 23:06:50.340823,Paris-e5d7,-20,14,Normal
2026-02-16 23:06:51.340823,Paris-e5d7,6,92,Normal
2026-02-16 23:06:52.340823,Paris-e5d7,0,53,Normal
2026-02-16 23:06:53.340823,Paris-e5d7,-30,2,Normal
2026-02-16 23:06:54.340823,Paris-e5d7,-6,74,Normal
2026-02-16 23:06:55.340823,Paris-e5d7,43,40,Normal
2026-02-16 23:06:56.340823,Paris-e5d7,32,28,Normal
2026-02-16 23:06:57.340823,Paris-e5d7,22,43,Normal
2026-02-16 23:06:58.340823,Paris-e5d7,-2,32,Normal
2026-02-16 23:06:59.340823,Paris-e5d7,39,30,Normal
2026-02-16 23:07:00.340823,Paris-e5d7,-18,26,Normal
2026-02-16 23:07:01.340823,Paris-e5d7,-4,50,Normal
2026-02-16 23:07:02.340823,Paris-e5d7,-25,14,Normal
2026-02-16 23:07:03.340823,Paris-e5d7,17,43,Normal
2026-02-16 23:07:04.340823,Paris-e5d7,1,95,Normal
2026-02-16 23:07:05.340823,Paris-e5d7,-10,92,Normal
2026-02-16 23:07:06.340823,Paris-e5d7,-22,1,Normal
2026-02-16 23:07:07.340823,Paris-e5d7,-9,1,Normal
2026-02-16 23:07:08.340823,Paris-e5d7,40,78,Normal
2026-02-16 23:07:09.340823,Paris-e5d7,24,24,Normal
2026-02-16 23:07:10.340823,Paris-e5d7,-8,9,Normal
2026-02-16 23:07:11.340823,Paris-e5d7,15,65,Normal
2026-02-16 23:07:12.340823,Paris-e5d7,3,1,Normal
2026-02-16 23:07:13.340823,Paris-e5d7,-12,50,Normal
2026-02-16 23:07:14.340823,Paris-e5d7,19,93,Normal
2026-02-16 23:07:15.340823,Paris-e5d7,-7,32,Normal
2026-02-16 23:07:16.340823,Paris-e5d7,-6,74,Normal
2026-02-16 23:07:17.340823,Paris-e5d7,-23,27,Normal
2026-02-16 23:07:18.340823,Paris-e5d7,25,10,Normal
2026-02-16 23:07:19.340823,Paris-e5d7,46,41,Normal
2026-02-16 23:07:20.340823,Paris-e5d7,38,7,Normal
2026-02-16 23:07:21.340823,Paris-e5d7,15,21,Normal
2026-02-16 23:07:22.340823,Paris-e5d7,-23,70,Normal
2026-02-16 23:07:23.340823,Paris-e5d7,17,9,Normal
2026-02-16 23:07:24.340823,Paris-e5d7,-3,62,Normal
2026-02-16 23:07:25.340823,Paris-e5d7,27,11,Normal
2026-02-16 23:07:26.340823,Paris-e5d7,-21,67,Normal
2026-02-16 23:07:27.340823,Paris-e5d7,26,11,Normal
2026-02-16 23:07:28.340823,Paris-e5d7,-11,68,Normal
2026-02-16 23:07:29.340823,Paris-e5d7,-15,45,Normal
2026-02-16 23:07:30.340823,Paris-e5d7,-3,86,Normal
2026-02-16 23:07:31.340823,Paris-e5d7,13,34,Normal
2026-02-16 23:07:32.340823,Paris-e5d7,-6,78,Normal
2026-02-16 23:07:33.340823,Paris-e5d7,-9,59,Normal
2026-02-16 23:07:34.340823,Paris-e5d7,42,29,Normal
2026-02-16 23:07:35.340823,Paris-e5d7,-20,53,Normal
2026-02-16 23:07:36.340823,Paris-e5d7,-30,70,Normal
2026-02-16 23:07:37.340823,Paris-e5d7,-3,32,Normal
2026-02-16 23:07:38.340823,Paris-e5d7,37,84,Normal
2026-02-16 23:07:39.340823,Paris-e5d7,50,76,Normal
2026-02-16 23:07:40.340823,Paris-e5d7,32,53,Normal
2026-02-16 23:07:41.340823,Paris-e5d7,25,65,Normal
2026-02-16 23:07:42.340823,Paris-e5d7,22,46,Normal
2026-02-16 23:07:43.340823,Paris-e5d7,26,61,Normal
2026-02-16 23:07:44.340823,Paris-e5d7,-25,30,Normal
2026-02-16 23:07:45.340823,Paris-e5d7,-17,2,Normal
2026-02-16 23:07:46.340823,Paris-e5d7,0,45,Normal
2026-02-16 23:07:47.340823,Paris-e5d7,48,89,Normal
2026-02-16 23:07:48.340823,Paris-e5d7,-25,57,Normal
2026-02-16 23:07:49.340823,Paris-e5d7,-30,50,Normal
2026-02-16 23:07:50.340823,Paris-e5d7,25,65,Normal
2026-02-16 23:07:51.340823,Paris-e5d7,-12,82,Normal
2026-02-16 23:07:52.340823,Paris-e5d7,6,47,Normal
2026-02-16 23:07:53.340823,Paris-e5d7,3,65,Normal
2026-02-16 23:07:54.340823,Paris-e5d7,-6,1,Normal
2026-02-16 23:07:55.340823,Paris-e5d7,-21,53,Normal
2026-02-16 23:07:56.340823,Paris-e5d7,5,50,Normal
2026-02-16 23:07:57.340823,Paris-e5d7,-16,39,Normal
2026-02-16 23:07:58.340823,Paris-e5d7,-29,35,Normal
2026-02-16 23:07:59.340823,Paris-e5d7,12,42,Normal
2026-02-16 23:08:00.340823,Paris-e5d7,20,40,Normal
2026-02-16 23:08:01.340823,Paris-e5d7,31,38,Normal
2026-02-16 23:08:02.340823,Paris-e5d7,-8,21,Normal
2026-02-16 23:08:03.340823,Paris-e5d7,-1,83,Normal
2026-02-16 23:08:04.340823,Paris-e5d7,-6,30,Normal
2026-02-16 23:08:05.340823,Paris-e5d7,-19,5,Normal
2026-02-16 23:08:06.340823,Paris-e5d7,-11,38,Normal
2026-02-16 23:08:07.340823,Paris-e5d7,40,75,Normal
2026-02-16 23:08:08.340823,Paris-e5d7,-5,21,Normal
2026-02-16 23:08:09.340823,Paris-e5d7,19,17,Normal
2026-02-16 23:08:10.340823,Paris-e5d7,20,18,Normal
2026-02-16 23:08:11.340823,Paris-e5d7,8,14,Normal
2026-02-16 23:08:12.340823,Paris-e5d7,18,32,Normal
2026-02-16 23:08:13.340823,Paris-e5d7,12,80,Normal
2026-02-16 23:08:14.340823,Paris-e5d7,5,39,Normal
2026-02-16 23:08:15.340823,Paris-e5d7,-29,82,Normal
2026-02-16 23:08:16.340823,Paris-e5d7,-19,68,Normal
2026-02-16 23:08:17.340823,Paris-e5d7,4,39,Normal
2026-02-16 23:08:18.340823,Paris-e5d7,-15,83,Normal
2026-02-16 23:08:19.340823,Paris-e5d7,-17,67,Normal
2026-02-16 23:08:20.340823,Paris-e5d7,5,94,Normal
2026-02-16 23:08:21.340823,Paris-e5d7,2,57,Normal
2026-02-16 23:08:22.340823,Paris-e5d7,34,52,Normal
2026-02-16 23:08:23.340823,Paris-e5d7,-24,81,Normal
2026-02-16 23:08:24.340823,Paris-e5d7,15,65,Normal
2026-02-16 23:08:25.340823,Paris-e5d7,-12,7,Normal
2026-02-16 23:08:26.340823,Paris-e5d7,37,41,Normal
2026-02-16 23:08:27.340823,Paris-e5d7,-14,72,Normal
2026-02-16 23:08:28.340823,Paris-e5d7,-9,82,Normal
2026-02-16 23:08:29.340823,Paris-e5d7,4,15,Normal
2026-02-16 23:08:30.340823,Paris-e5d7,9,93,Normal
2026-02-16 23:08:31.340823,Paris-e5d7,-20,18,Normal
2026-02-16 23:08:32.340823,Paris-e5d7,45,1,Normal
2026-02-16 23:08:33.340823,Paris-e5d7,-26,23,Normal
2026-02-16 23:08:34.340823,Paris-e5d7,-26,59,Normal
2026-02-16 23:08:35.340823,Paris-e5d7,15,12,Normal
2026-02-16 23:08:36.340823,Paris-e5d7,-30,87,Normal
2026-02-16 23:08:37.340823,Paris-e5d7,36,84,Normal
2026-02-16 23:08:38.340823,Paris-e5d7,32,62,Normal
2026-02-16 23:08:39.340823,Paris-e5d7,38,52,Normal
2026-02-16 23:08:40.340823,Paris-e5d7,-23,40,Normal
2026-02-16 23:08:41.340823,Paris-e5d7,-29,8,Normal
2026-02-16 23:08:42.340823,Paris-e5d7,18,84,Normal
2026-02-16 23:08:43.340823,Paris-e5d7,26,59,Normal
2026-02-16 23:08:44.340823,Paris-e5d7,6,25,Normal
2026-02-16 23:08:45.340823,Paris-e5d7,-23,84,Normal
2026-02-16 23:08:46.340823,Paris-e5d7,23,54,Normal
2026-02-16 23:08:47.340823,Paris-e5d7,13,15,Normal
2026-02-16 23:08:48.340823,Paris-e5d7,25,41,Normal
2026-02-16 23:08:49.340823,Paris-e5d7,11,70,Normal
2026-02-16 23:08:50.340823,Paris-e5d7,50,93,Normal
2026-02-16 23:08:51.340823,Paris-e5d7,-17,14,Normal
2026-02-16 23:08:52.340823,Paris-e5d7,-18,43,Normal
2026-02-16 23:08:53.340823,Paris-e5d7,-6,10,Normal
2026-02-16 23:08:54.340823,Paris-e5d7,-2,35,Normal
2026-02-16 23:08:55.340823,Paris-e5d7,-17,10,Normal
2026-02-16 23:08:56.340823,Paris-e5d7,0,90,Normal
2026-02-16 23:08:57.340823,Paris-e5d7,-7,30,Normal
2026-02-16 23:08:58.340823,Paris-e5d7,24,63,Normal
2026-02-16 23:08:59.340823,Paris-e5d7,-15,33,Normal
2026-02-16 23:09:00.340823,Paris-e5d7,30,37,Normal
2026-02-16 23:09:01.340823,Paris-e5d7,-18,0,Normal
2026-02-16 23:09:02.340823,Paris-e5d7,16,76,Normal
2026-02-16 23:09:03.340823,Paris-e5d7,-25,98,Normal
2026-02-16 23:09:04.340823,Paris-e5d7,27,39,Normal
2026-02-16 23:09:05.340823,Paris-e5d7,40,98,Normal
2026-02-16 23:09:06.340823,Paris-e5d7,-19,83,Normal
2026-02-16 23:09:07.340823,Paris-e5d7,-18,100,Normal
2026-02-16 23:09:08.340823,Paris-e5d7,5,11,Normal
2026-02-16 23:09:09.340823,Paris-e5d7,-20,64,Normal
2026-02-16 23:09:10.340823,Paris-e5d7,50,46,Normal
2026-02-16 23:09:11.340823,Paris-e5d7,40,47,Normal
2026-02-16 23:09:12.340823,Paris-e5d7,-12,47,Normal
2026-02-16 23:09:13.340823,Paris-e5d7,24,38,Normal
2026-02-16 23:09:14.340823,Paris-e5d7,42,24,Normal
2026-02-16 23:09:15.340823,Paris-e5d7,25,67,Normal
2026-02-16 23:09:16.340823,Paris-e5d7,2,61,Normal
2026-02-16 23:09:17.340823,Paris-e5d7,-12,74,Normal
2026-02-16 23:09:18.340823,Paris-e5d7,-9,7,Normal
2026-02-16 23:09:19.340823,Paris-e5d7,42,29,Normal
2026-02-16 23:09:20.340823,Paris-e5d7,-9,5,Normal
2026-02-16 23:09:21.340823,Paris-e5d7,-8,17,Normal
2026-02-16 23:09:22.340823,Paris-e5d7,45,38,Normal
2026-02-16 23:09:23.340823,Paris-e5d7,48,64,Normal
2026-02-16 23:09:24.340823,Paris-e5d7,-18,48,Normal
2026-02-16 23:09:25.340823,Paris-e5d7,41,78,Normal
2026-02-16 23:09:26.340823,Paris-e5d7,-29,0,Normal
2026-02-16 23:09:27.340823,Paris-e5d7,-21,28,Normal
2026-02-16 23:09:28.340823,Paris-e5d7,-20,41,Normal
2026-02-16 23:09:29.340823,Paris-e5d7,36,96,Normal
2026-02-16 23:09:30.340823,Paris-e5d7,47,82,Normal
2026-02-16 23:09:31.340823,Paris-e5d7,38,80,Normal
2026-02-16 23:09:32.340823,Paris-e5d7,10,96,Normal
2026-02-16 23:09:33.340823,Paris-e5d7,46,100,Normal
2026-02-16 23:09:34.340823,Paris-e5d7,22,29,Normal
2026-02-16 23:09:35.340823,Paris-e5d7,28,12,Normal
2026-02-16 23:09:36.340823,Paris-e5d7,44,37,Normal
2026-02-16 23:09:37.340823,Paris-e5d7,29,28,Normal
2026-02-16 23:09:38.340823,Paris-e5d7,20,34,Normal
2026-02-16 23:09:39.340823,Paris-e5d7,17,4,Normal
2026-02-16 23:09:40.340823,Paris-e5d7,6,81,Normal
2026-02-16 23:09:41.340823,Paris-e5d7,9,75,Normal
2026-02-16 23:09:42.340823,Paris-e5d7,27,70,Normal
2026-02-16 23:09:43.340823,Paris-e5d7,-22,4,Normal
2026-02-16 23:09:44.340823,Paris-e5d7,-1,77,Normal
2026-02-16 23:09:45.340823,Paris-e5d7,8,45,Normal
2026-02-16 23:09:46.340823,Paris-e5d7,15,94,Normal
2026-02-16 23:09:47.340823,Paris-e5d7,-23,93,Normal
2026-02-16 23:09:48.340823,Paris-e5d7,11,35,Normal
2026-02-16 23:09:49.340823,Paris-e5d7,5,67,Normal
2026-02-16 23:09:50.340823,Paris-e5d7,1,73,Normal
2026-02-16 23:09:51.340823,Paris-e5d7,28,90,Normal
2026-02-16 23:09:52.340823,Paris-e5d7,27,44,Normal
2026-02-16 23:09:53.340823,Paris-e5d7,39,56,Normal
2026-02-16 23:09:54.340823,Paris-e5d7,11,49,Normal
2026-02-16 23:09:55.340823,Paris-e5d7,-15,77,Normal
2026-02-16 23:09:56.340823,Paris-e5d7,29,89,Normal
2026-02-16 23:09:57.340823,Paris-e5d7,45,30,Normal
2026-02-16 23:09:58.340823,Paris-e5d7,13,99,Normal
2026-02-16 23:09:59.340823,Paris-e5d7,30,83,Normal
2026-02-16 23:10:00.340823,Paris-e5d7,9,29,Normal
2026-02-16 23:10:01.340823,Paris-e5d7,-4,16,Normal
2026-02-16 23:10:02.340823,Paris-e5d7,20,14,Normal
2026-02-16 23:10:03.340823,Paris-e5d7,37,65,Normal
2026-02-16 23:10:04.340823,Paris-e5d7,42,83,Normal
2026-02-16 23:10:05.340823,Paris-e5d7,3,55,Normal
2026-02-16 23:10:06.340823,Paris-e5d7,7,39,Normal
2026-02-16 23:10:07.340823,Paris-e5d7,39,82,Normal
2026-02-16 23:10:08.340823,Paris-e5d7,-21,41,Normal
2026-02-16 23:10:09.340823,Paris-e5d7,-4,30,Normal
2026-02-16 23:10:10.340823,Paris-e5d7,29,60,Normal
2026-02-16 23:10:11.340823,Paris-e5d7,8,15,Normal
2026-02-16 23:10:12.340823,Paris-e5d7,-28,68,Normal
2026-02-16 23:10:13.340823,Paris-e5d7,21,4,Normal
2026-02-16 23:10:14.340823,Paris-e5d7,33,90,Normal
2026-02-16 23:10:15.340823,Paris-e5d7,-1,98,Normal
2026-02-16 23:10:16.340823,Paris-e5d7,-24,89,Normal
2026-02-16 23:10:17.340823,Paris-e5d7,24,1,Normal
2026-02-16 23:10:18.340823,Paris-e5d7,-22,71,Normal
2026-02-16 23:10:19.340823,Paris-e5d7,-16,20,Normal
2026-02-16 23:10:20.340823,Paris-e5d7,11,59,Normal
2026-02-16 23:10:21.340823,Paris-e5d7,-19,55,Normal
2026-02-16 23:10:22.340823,Paris-e5d7,-14,74,Normal
2026-02-16 23:10:23.340823,Paris-e5d7,42,68,Normal
2026-02-16 23:10:24.340823,Paris-e5d7,15,98,Normal
2026-02-16 23:10:25.340823,Paris-e5d7,-23,8,Normal
2026-02-16 23:10:26.340823,Paris-e5d7,-3,50,Normal
2026-02-16 23:10:27.340823,Paris-e5d7,46,56,Normal
2026-02-16 23:10:28.340823,Paris-e5d7,48,0,Normal
2026-02-16 23:10:29.340823,Paris-e5d7,2,51,Normal
2026-02-16 23:10:30.340823,Paris-e5d7,-15,80,Normal
2026-02-16 23:10:31.340823,Paris-e5d7,27,63,Normal
2026-02-16 23:10:32.340823,Paris-e5d7,6,5,Normal
2026-02-16 23:10:33.340823,Paris-e5d7,48,34,Normal
2026-02-16 23:10:34.340823,Paris-e5d7,27,100,Normal
2026-02-16 23:10:35.340823,Paris-e5d7,30,60,Normal
2026-02-16 23:10:36.340823,Paris-e5d7,-11,37,Normal
2026-02-16 23:10:37.340823,Paris-e5d7,39,25,Normal
2026-02-16 23:10:38.340823,Paris-e5d7,-4,20,Normal
2026-02-16 23:10:39.340823,Paris-e5d7,-17,40,Normal
2026-02-16 23:10:40.340823,Paris-e5d7,20,84,Normal
2026-02-16 23:10:41.340823,Paris-e5d7,42,92,Normal
2026-02-16 23:10:42.340823,Paris-e5d7,6,5,Normal
2026-02-16 23:10:43.340823,Paris-e5d7,2,70,Normal
2026-02-16 23:10:44.340823,Paris-e5d7,8,30,Normal
2026-02-16 23:10:45.340823,Paris-e5d7,-30,3,Normal
2026-02-16 23:10:46.340823,Paris-e5d7,-30,60,Normal
2026-02-16 23:10:47.340823,Paris-e5d7,-21,30,Normal
2026-02-16 23:10:48.340823,Paris-e5d7,-2,70,Normal
2026-02-16 23:10:49.340823,Paris-e5d7,11,27,Normal
2026-02-16 23:10:50.340823,Paris-e5d7,5,0,Normal
2026-02-16 23:10:51.340823,Paris-e5d7,-2,8,Normal
2026-02-16 23:10:52.340823,Paris-e5d7,7,57,Normal
2026-02-16 23:10:53.340823,Paris-e5d7,45,27,Normal
2026-02-16 23:10:54.340823,Paris-e5d7,29,89,Normal
2026-02-16 23:10:55.340823,Paris-e5d7,11,51,Normal
2026-02-16 23:10:56.340823,Paris-e5d7,33,65,Normal
2026-02-16 23:10:57.340823,Paris-e5d7,33,4,Normal
2026-02-16 23:10:58.340823,Paris-e5d7,-16,76,Normal
2026-02-16 23:10:59.340823,Paris-e5d7,-8,60,Normal
2026-02-16 23:11:00.340823,Paris-e5d7,-30,47,Normal
2026-02-16 23:11:01.340823,Paris-e5d7,-28,49,Normal
2026-02-16 23:11:02.340823,Paris-e5d7,29,51,Normal
2026-02-16 23:11:03.340823,Paris-e5d7,1,18,Normal
2026-02-16 23:11:04.340823,Paris-e5d7,6,94,Normal
2026-02-16 23:11:05.340823,Paris-e5d7,10,24,Normal
2026-02-16 23:11:06.340823,Paris-e5d7,12,50,Normal
2026-02-16 23:11:07.340823,Paris-e5d7,39,3,Normal
2026-02-16 23:11:08.340823,Paris-e5d7,49,33,Normal
2026-02-16 23:11:09.340823,Paris-e5d7,25,12,Normal
2026-02-16 23:11:10.340823,Paris-e5d7,-26,24,Normal
2026-02-16 23:11:11.340823,Paris-e5d7,13,38,Normal
2026-02-16 23:11:12.340823,Paris-e5d7,-14,3,Normal
2026-02-16 23:11:13.340823,Paris-e5d7,-23,39,Normal
2026-02-16 23:11:14.340823,Paris-e5d7,-19,15,Normal
2026-02-16 23:11:15.340823,Paris-e5d7,-18,39,Normal
2026-02-16 23:11:16.340823,Paris-e5d7,-14,100,Normal
2026-02-16 23:11:17.340823,Paris-e5d7,5,86,Normal
2026-02-16 23:11:18.340823,Paris-e5d7,41,44,Normal
2026-02-16 23:11:19.340823,Paris-e5d7,47,73,Normal
2026-02-16 23:11:20.340823,Paris-e5d7,13,71,Normal
2026-02-16 23:11:21.340823,Paris-e5d7,-13,25,Normal
2026-02-16 23:11:22.340823,Paris-e5d7,39,20,Normal
2026-02-16 23:11:23.340823,Paris-e5d7,-8,92,Normal
2026-02-16 23:11:24.340823,Paris-e5d7,7,35,Normal
2026-02-16 23:11:25.340823,Paris-e5d7,6,90,Normal
2026-02-16 23:11:26.340823,Paris-e5d7,5,77,Normal
2026-02-16 23:11:27.340823,Paris-e5d7,-17,2,Normal
2026-02-16 23:11:28.340823,Paris-e5d7,12,58,Normal
2026-02-16 23:11:29.340823,Paris-e5d7,-19,62,Normal
2026-02-16 23:11:30.340823,Paris-e5d7,11,78,Normal
2026-02-16 23:11:31.340823,Paris-e5d7,-3,27,Normal
2026-02-16 23:11:32.340823,Paris-e5d7,-15,73,Normal
2026-02-16 23:11:33.340823,Paris-e5d7,47,91,Normal
2026-02-16 23:11:34.340823,Paris-e5d7,19,34,Normal
2026-02-16 23:11:35.340823,Paris-e5d7,30,7,Normal
2026-02-16 23:11:36.340823,Paris-e5d7,40,17,Normal
2026-02-16 23:11:37.340823,Paris-e5d7,-24,49,Normal
2026-02-16 23:11:38.340823,Paris-e5d7,-10,45,Normal
2026-02-16 23:11:39.340823,Paris-e5d7,-12,3,Normal
2026-02-16 23:11:40.340823,Paris-e5d7,13,91,Normal
2026-02-16 23:11:41.340823,Paris-e5d7,-28,17,Normal
2026-02-16 23:11:42.340823,Paris-e5d7,25,73,Normal
2026-02-16 23:11:43.340823,Paris-e5d7,37,91,Normal
2026-02-16 23:11:44.340823,Paris-e5d7,18,16,Normal
2026-02-16 23:11:45.340823,Paris-e5d7,1,41,Normal
2026-02-16 23:11:46.340823,Paris-e5d7,-13,72,Normal
2026-02-16 23:11:47.340823,Paris-e5d7,49,28,Normal
2026-02-16 23:11:48.340823,Paris-e5d7,12,13,Normal
2026-02-16 23:11:49.340823,Paris-e5d7,0,81,Normal
2026-02-16 23:11:50.340823,Paris-e5d7,-25,28,Normal
2026-02-16 23:11:51.340823,Paris-e5d7,-16,25,Normal
2026-02-16 23:11:52.340823,Paris-e5d7,39,87,Normal
2026-02-16 23:11:53.340823,Paris-e5d7,23,83,Normal
2026-02-16 23:11:54.340823,Paris-e5d7,-7,76,Normal
2026-02-16 23:11:55.340823,Paris-e5d7,15,86,Normal
2026-02-16 23:11:56.340823,Paris-e5d7,-2,50,Normal
2026-02-16 23:11:57.340823,Paris-e5d7,-3,88,Normal
2026-02-16 23:11:58.340823,Paris-e5d7,-19,2,Normal
2026-02-16 23:11:59.340823,Paris-e5d7,-12,79,Normal
2026-02-16 23:12:00.340823,Paris-e5d7,-12,62,Normal
2026-02-16 23:12:01.340823,Paris-e5d7,-22,28,Normal
2026-02-16 23:12:02.340823,Paris-e5d7,8,1,Normal
2026-02-16 23:12:03.340823,Paris-e5d7,44,5,Normal
2026-02-16 23:12:04.340823,Paris-e5d7,11,43,Normal
2026-02-16 23:12:05.340823,Paris-e5d7,14,89,Normal
2026-02-16 23:12:06.340823,Paris-e5d7,3,4,Normal
2026-02-16 23:12:07.340823,Paris-e5d7,-24,37,Normal
2026-02-16 23:12:08.340823,Paris-e5d7,25,86,Normal
2026-02-16 23:12:09.340823,Paris-e5d7,-14,21,Normal
2026-02-16 23:12:10.340823,Paris-e5d7,-21,38,Normal
2026-02-16 23:12:11.340823,Paris-e5d7,-2,64,Normal
2026-02-16 23:12:12.340823,Paris-e5d7,2,33,Normal
2026-02-16 23:12:13.340823,Paris-e5d7,1,21,Normal
2026-02-16 23:12:14.340823,Paris-e5d7,-20,83,Normal
2026-02-16 23:12:15.340823,Paris-e5d7,2,32,Normal
2026-02-16 23:12:16.340823,Paris-e5d7,-16,97,Normal
2026-02-16 23:12:17.340823,Paris-e5d7,-7,82,Normal
2026-02-16 23:12:18.340823,Paris-e5d7,40,3,Normal
2026-02-16 23:12:19.340823,Paris-e5d7,23,53,Normal
2026-02-16 23:12:20.340823,Paris-e5d7,20,90,Normal
2026-02-16 23:12:21.340823,Paris-e5d7,-20,9,Normal
2026-02-16 23:12:22.340823,Paris-e5d7,43,97,Normal
2026-02-16 23:12:23.340823,Paris-e5d7,22,6,Normal
2026-02-16 23:12:24.340823,Paris-e5d7,10,72,Normal
2026-02-16 23:12:25.340823,Paris-e5d7,49,25,Normal
2026-02-16 23:12:26.340823,Paris-e5d7,-12,56,Normal
2026-02-16 23:12:27.340823,Paris-e5d7,31,6,Normal
2026-02-16 23:12:28.340823,Paris-e5d7,-22,18,Normal
2026-02-16 23:12:29.340823,Paris-e5d7,32,13,Normal
2026-02-16 23:12:30.340823,Paris-e5d7,-29,79,Normal
2026-02-16 23:12:31.340823,Paris-e5d7,34,41,Normal
2026-02-16 23:12:32.340823,Paris-e5d7,-28,30,Normal
2026-02-16 23:12:33.340823,Paris-e5d7,24,17,Normal
2026-02-16 23:12:34.340823,Paris-e5d7,30,12,Normal
2026-02-16 23:12:35.340823,Paris-e5d7,-22,44,Normal
2026-02-16 23:12:36.340823,Paris-e5d7,38,38,Normal
2026-02-16 23:12:37.340823,Paris-e5d7,29,1,Normal
2026-02-16 23:12:38.340823,Paris-e5d7,38,28,Normal
2026-02-16 23:12:39.340823,Paris-e5d7,-28,21,Normal
2026-02-16 23:12:40.340823,Paris-e5d7,-10,95,Normal
2026-02-16 23:12:41.340823,Paris-e5d7,28,32,Normal
2026-02-16 23:12:42.340823,Paris-e5d7,6,76,Normal
2026-02-16 23:12:43.340823,Paris-e5d7,9,73,Normal
2026-02-16 23:12:44.340823,Paris-e5d7,-13,55,Normal
2026-02-16 23:12:45.340823,Paris-e5d7,45,11,Normal
2026-02-16 23:12:46.340823,Paris-e5d7,50,37,Normal
2026-02-16 23:12:47.340823,Paris-e5d7,-15,69,Normal
2026-02-16 23:12:48.340823,Paris-e5d7,-6,90,Normal
2026-02-16 23:12:49.340823,Paris-e5d7,-23,11,Normal
2026-02-16 23:12:50.340823,Paris-e5d7,-6,1,Normal
2026-02-16 23:12:51.340823,Paris-e5d7,-30,7,Normal
2026-02-16 23:12:52.340823,Paris-e5d7,-23,37,Normal
2026-02-16 23:12:53.340823,Paris-e5d7,28,19,Normal
2026-02-16 23:12:54.340823,Paris-e5d7,-29,59,Normal
2026-02-16 23:12:55.340823,Paris-e5d7,-17,80,Normal
2026-02-16 23:12:56.340823,Paris-e5d7,-21,87,Normal
2026-02-16 23:12:57.340823,Paris-e5d7,-4,83,Normal
2026-02-16 23:12:58.340823,Paris-e5d7,-28,92,Normal
2026-02-16 23:12:59.340823,Paris-e5d7,-28,49,Normal
2026-02-16 23:13:00.340823,Paris-e5d7,24,31,Normal
2026-02-16 23:13:01.340823,Paris-e5d7,47,63,Normal
2026-02-16 23:13:02.340823,Paris-e5d7,30,50,Normal
2026-02-16 23:13:03.340823,Paris-e5d7,31,79,Normal
2026-02-16 23:13:04.340823,Paris-e5d7,-24,62,Normal
2026-02-16 23:13:05.340823,Paris-e5d7,14,33,Normal
2026-02-16 23:13:06.340823,Paris-e5d7,1,69,Normal
2026-02-16 23:13:07.340823,Paris-e5d7,-23,46,Normal
2026-02-16 23:13:08.340823,Paris-e5d7,-4,45,Normal
2026-02-16 23:13:09.340823,Paris-e5d7,23,85,Normal
2026-02-16 23:13:10.340823,Paris-e5d7,36,5,Normal
2026-02-16 23:13:11.340823,Paris-e5d7,-21,17,Normal
2026-02-16 23:13:12.340823,Paris-e5d7,20,44,Normal
2026-02-16 23:13:13.340823,Paris-e5d7,-7,46,Normal
2026-02-16 23:13:14.340823,Paris-e5d7,41,9,Normal
2026-02-16 23:13:15.340823,Paris-e5d7,6,55,Normal
2026-02-16 23:13:16.340823,Paris-e5d7,1,83,Normal
2026-02-16 23:13:17.340823,Paris-e5d7,32,6,Normal
2026-02-16 23:13:18.340823,Paris-e5d7,14,21,Normal
2026-02-16 23:13:19.340823,Paris-e5d7,7,37,Normal
2026-02-16 23:13:20.340823,Paris-e5d7,-15,16,Normal
2026-02-16 23:13:21.340823,Paris-e5d7,25,56,Normal
2026-02-16 23:13:22.340823,Paris-e5d7,-28,25,Normal
2026-02-16 23:13:23.340823,Paris-e5d7,-16,22,Normal
2026-02-16 23:13:24.340823,Paris-e5d7,29,12,Normal
2026-02-16 23:13:25.340823,Paris-e5d7,-16,12,Normal
2026-02-16 23:13:26.340823,Paris-e5d7,27,75,Normal
2026-02-16 23:13:27.340823,Paris-e5d7,44,70,Normal
2026-02-16 23:13:28.340823,Paris-e5d7,41,87,Normal
2026-02-16 23:13:29.340823,Paris-e5d7,-20,0,Normal
2026-02-16 23:13:30.340823,Paris-e5d7,-3,67,Normal
2026-02-16 23:13:31.340823,Paris-e5d7,3,98,Normal
2026-02-16 23:13:32.340823,Paris-e5d7,-17,98,Normal
2026-02-16 23:13:33.340823,Paris-e5d7,43,32,Normal
2026-02-16 23:13:34.340823,Paris-e5d7,-8,36,Normal
2026-02-16 23:13:35.340823,Paris-e5d7,48,94,Normal
2026-02-16 23:13:36.340823,Paris-e5d7,13,38,Normal
2026-02-16 23:13:37.340823,Paris-e5d7,13,56,Normal
2026-02-16 23:13:38.340823,Paris-e5d7,50,70,Normal
2026-02-16 23:13:39.340823,Paris-e5d7,25,9,Normal
2026-02-16 23:13:40.340823,Paris-e5d7,-26,7,Normal
2026-02-16 23:13:41.340823,Paris-e5d7,-24,39,Normal
2026-02-16 23:13:42.340823,Paris-e5d7,22,48,Normal
2026-02-16 23:13:43.340823,Paris-e5d7,-15,100,Normal
2026-02-16 23:13:44.340823,Paris-e5d7,17,69,Normal
2026-02-16 23:13:45.340823,Paris-e5d7,-4,24,Normal
2026-02-16 23:13:46.340823,Paris-e5d7,6,33,Normal
2026-02-16 23:13:47.340823,Paris-e5d7,41,9,Normal
2026-02-16 23:13:48.340823,Paris-e5d7,11,79,Normal
2026-02-16 23:13:49.340823,Paris-e5d7,41,60,Normal
2026-02-16 23:13:50.340823,Paris-e5d7,-24,14,Normal
2026-02-16 23:13:51.340823,Paris-e5d7,25,56,Normal
2026-02-16 23:13:52.340823,Paris-e5d7,0,51,Normal
2026-02-16 23:13:53.340823,Paris-e5d7,0,20,Normal
2026-02-16 23:13:54.340823,Paris-e5d7,36,43,Normal
2026-02-16 23:13:55.340823,Paris-e5d7,26,76,Normal
2026-02-16 23:13:56.340823,Paris-e5d7,39,63,Normal
2026-02-16 23:13:57.340823,Paris-e5d7,27,32,Normal
2026-02-16 23:13:58.340823,Paris-e5d7,34,68,Normal
2026-02-16 23:13:59.340823,Paris-e5d7,-19,91,Normal
2026-02-16 23:14:00.340823,Paris-e5d7,-26,56,Normal
2026-02-16 23:14:01.340823,Paris-e5d7,45,37,Normal
2026-02-16 23:14:02.340823,Paris-e5d7,9,47,Normal
2026-02-16 23:14:03.340823,Paris-e5d7,-3,91,Normal
2026-02-16 23:14:04.340823,Paris-e5d7,20,64,Normal
2026-02-16 23:14:05.340823,Paris-e5d7,4,90,Normal
2026-02-16 23:14:06.340823,Paris-e5d7,15,67,Normal
2026-02-16 23:14:07.340823,Paris-e5d7,19,74,Normal
2026-02-16 23:14:08.340823,Paris-e5d7,19,69,Normal
2026-02-16 23:14:09.340823,Paris-e5d7,-13,8,Normal
2026-02-16 23:14:10.340823,Paris-e5d7,20,17,Normal
2026-02-16 23:14:11.340823,Paris-e5d7,38,30,Normal
2026-02-16 23:14:12.340823,Paris-e5d7,-26,37,Normal
2026-02-16 23:14:13.340823,Paris-e5d7,42,66,Normal
2026-02-16 23:14:14.340823,Paris-e5d7,12,85,Normal
2026-02-16 23:14:15.340823,Paris-e5d7,-22,13,Normal
2026-02-16 23:14:16.340823,Paris-e5d7,6,43,Normal
2026-02-16 23:14:17.340823,Paris-e5d7,4,6,Normal
2026-02-16 23:14:18.340823,Paris-e5d7,-8,73,Normal
2026-02-16 23:14:19.340823,Paris-e5d7,-24,72,Normal
2026-02-16 23:14:20.340823,Paris-e5d7,26,59,Normal
2026-02-16 23:14:21.340823,Paris-e5d7,49,52,Normal
2026-02-16 23:14:22.340823,Paris-e5d7,12,27,Normal
2026-02-16 23:14:23.340823,Paris-e5d7,-8,52,Normal
2026-02-16 23:14:24.340823,Paris-e5d7,0,2,Normal
2026-02-16 23:14:25.340823,Paris-e5d7,-3,64,Normal
2026-02-16 23:14:26.340823,Paris-e5d7,-5,47,Normal
2026-02-16 23:14:27.340823,Paris-e5d7,-22,60,Normal
2026-02-16 23:14:28.340823,Paris-e5d7,-6,58,Normal
2026-02-16 23:14:29.340823,Paris-e5d7,-22,14,Normal
2026-02-16 23:14:30.340823,Paris-e5d7,9,16,Normal
2026-02-16 23:14:31.340823,Paris-e5d7,16,95,Normal
2026-02-16 23:14:32.340823,Paris-e5d7,43,50,Normal
2026-02-16 23:14:33.340823,Paris-e5d7,30,83,Normal
2026-02-16 23:14:34.340823,Paris-e5d7,-9,25,Normal
2026-02-16 23:14:35.340823,Paris-e5d7,-4,45,Normal
2026-02-16 23:14:36.340823,Paris-e5d7,34,12,Normal
2026-02-16 23:14:37.340823,Paris-e5d7,-5,83,Normal
2026-02-16 23:14:38.340823,Paris-e5d7,35,100,Normal
2026-02-16 23:14:39.340823,Paris-e5d7,25,7,Normal
2026-02-16 23:14:40.340823,Paris-e5d7,41,29,Normal
2026-02-16 23:14:41.340823,Paris-e5d7,4,34,Normal
2026-02-16 23:14:42.340823,Paris-e5d7,14,38,Normal
2026-02-16 23:14:43.340823,Paris-e5d7,33,58,Normal
2026-02-16 23:14:44.340823,Paris-e5d7,-22,28,Normal
2026-02-16 23:14:45.340823,Paris-e5d7,-16,4,Normal
2026-02-16 23:14:46.340823,Paris-e5d7,5,35,Normal
2026-02-16 23:14:47.340823,Paris-e5d7,-8,90,Normal
2026-02-16 23:14:48.340823,Paris-e5d7,-29,1,Normal
2026-02-16 23:14:49.340823,Paris-e5d7,-20,76,Normal
2026-02-16 23:14:50.340823,Paris-e5d7,21,58,Normal
2026-02-16 23:14:51.340823,Paris-e5d7,-13,58,Normal
2026-02-16 23:14:52.340823,Paris-e5d7,22,79,Normal
2026-02-16 23:14:53.340823,Paris-e5d7,-29,24,Normal
2026-02-16 23:14:54.340823,Paris-e5d7,-21,89,Normal
2026-02-16 23:14:55.340823,Paris-e5d7,26,66,Normal
2026-02-16 23:14:56.340823,Paris-e5d7,-29,97,Normal
2026-02-16 23:14:57.340823,Paris-e5d7,23,99,Normal
2026-02-16 23:14:58.340823,Paris-e5d7,-9,100,Normal
2026-02-16 23:14:59.340823,Paris-e5d7,-3,10,Normal
2026-02-16 23:15:00.340823,Paris-e5d7,1,76,Normal
2026-02-16 23:15:01.340823,Paris-e5d7,-4,29,Normal
2026-02-16 23:15:02.340823,Paris-e5d7,4,52,Normal
2026-02-16 23:15:03.340823,Paris-e5d7,31,28,Normal
2026-02-16 23:15:04.340823,Paris-e5d7,12,61,Normal
2026-02-16 23:15:05.340823,Paris-e5d7,-23,25,Normal
2026-02-16 23:15:06.340823,Paris-e5d7,48,15,Normal
2026-02-16 23:15:07.340823,Paris-e5d7,27,23,Normal
2026-02-16 23:15:08.340823,Paris-e5d7,13,88,Normal
2026-02-16 23:15:09.340823,Paris-e5d7,41,32,Normal
2026-02-16 23:15:10.340823,Paris-e5d7,17,27,Normal
2026-02-16 23:15:11.340823,Paris-e5d7,34,12,Normal
2026-02-16 23:15:12.340823,Paris-e5d7,30,19,Normal
2026-02-16 23:15:13.340823,Paris-e5d7,18,33,Normal
2026-02-16 23:15:14.340823,Paris-e5d7,-13,41,Normal
2026-02-16 23:15:15.340823,Paris-e5d7,6,82,Normal
2026-02-16 23:15:16.340823,Paris-e5d7,-29,47,Normal
2026-02-16 23:15:17.340823,Paris-e5d7,6,21,Normal
2026-02-16 23:15:18.340823,Paris-e5d7,40,14,Normal
2026-02-16 23:15:19.340823,Paris-e5d7,17,29,Normal
2026-02-16 23:15:20.340823,Paris-e5d7,3,65,Normal
2026-02-16 23:15:21.340823,Paris-e5d7,20,58,Normal
2026-02-16 23:15:22.340823,Paris-e5d7,-13,28,Normal
2026-02-16 23:15:23.340823,Paris-e5d7,32,79,Normal
2026-02-16 23:15:24.340823,Paris-e5d7,38,99,Normal
2026-02-16 23:15:25.340823,Paris-e5d7,44,67,Normal
2026-02-16 23:15:26.340823,Paris-e5d7,2,70,Normal
2026-02-16 23:15:27.340823,Paris-e5d7,1,72,Normal
2026-02-16 23:15:28.340823,Paris-e5d7,-16,1,Normal
2026-02-16 23:15:29.340823,Paris-e5d7,44,53,Normal
2026-02-16 23:15:30.340823,Paris-e5d7,15,37,Normal
2026-02-16 23:15:31.340823,Paris-e5d7,35,69,Normal
2026-02-16 23:15:32.340823,Paris-e5d7,31,95,Normal
2026-02-16 23:15:33.340823,Paris-e5d7,50,98,Normal
2026-02-16 23:15:34.340823,Paris-e5d7,-9,55,Normal
2026-02-16 23:15:35.340823,Paris-e5d7,42,15,Normal
2026-02-16 23:15:36.340823,Paris-e5d7,5,53,Normal
2026-02-16 23:15:37.340823,Paris-e5d7,34,77,Normal
2026-02-16 23:15:38.340823,Paris-e5d7,-19,14,Normal
2026-02-16 23:15:39.340823,Paris-e5d7,-22,95,Normal
2026-02-16 23:15:40.340823,Paris-e5d7,-8,80,Normal
2026-02-16 23:15:41.340823,Paris-e5d7,0,66,Normal
2026-02-16 23:15:42.340823,Paris-e5d7,27,11,Normal
2026-02-16 23:15:43.340823,Paris-e5d7,28,40,Normal
2026-02-16 23:15:44.340823,Paris-e5d7,6,72,Normal
2026-02-16 23:15:45.340823,Paris-e5d7,-12,6,Normal
2026-02-16 23:15:46.340823,Paris-e5d7,21,54,Normal
2026-02-16 23:15:47.340823,Paris-e5d7,24,65,Normal
2026-02-16 23:15:48.340823,Paris-e5d7,15,85,Normal
2026-02-16 23:15:49.340823,Paris-e5d7,-4,27,Normal
2026-02-16 23:15:50.340823,Paris-e5d7,42,63,Normal
2026-02-16 23:15:51.340823,Paris-e5d7,38,29,Normal
2026-02-16 23:15:52.340823,Paris-e5d7,-4,96,Normal
2026-02-16 23:15:53.340823,Paris-e5d7,41,38,Normal
2026-02-16 23:15:54.340823,Paris-e5d7,43,59,Normal
2026-02-16 23:15:55.340823,Paris-e5d7,16,5,Normal
2026-02-16 23:15:56.340823,Paris-e5d7,9,3,Normal
2026-02-16 23:15:57.340823,Paris-e5d7,-14,72,Normal
2026-02-16 23:15:58.340823,Paris-e5d7,40,40,Normal
2026-02-16 23:15:59.340823,Paris-e5d7,-20,3,Normal
2026-02-16 23:16:00.340823,Paris-e5d7,-30,20,Normal
2026-02-16 23:16:01.340823,Paris-e5d7,37,72,Normal
2026-02-16 23:16:02.340823,Paris-e5d7,18,92,Normal
2026-02-16 23:16:03.340823,Paris-e5d7,11,0,Normal
2026-02-16 23:16:04.340823,Paris-e5d7,11,14,Normal
2026-02-16 23:16:05.340823,Paris-e5d7,21,17,Normal
2026-02-16 23:16:06.340823,Paris-e5d7,13,37,Normal
2026-02-16 23:16:07.340823,Paris-e5d7,0,18,Normal
2026-02-16 23:16:08.340823,Paris-e5d7,40,18,Normal
2026-02-16 23:16:09.340823,Paris-e5d7,6,74,Normal
2026-02-16 23:16:10.340823,Paris-e5d7,0,42,Normal
2026-02-16 23:16:11.340823,Paris-e5d7,50,73,Normal
2026-02-16 23:16:12.340823,Paris-e5d7,-17,87,Normal
2026-02-16 23:16:13.340823,Paris-e5d7,7,44,Normal
2026-02-16 23:16:14.340823,Paris-e5d7,-25,91,Normal
2026-02-16 23:16:15.340823,Paris-e5d7,-29,15,Normal
2026-02-16 23:16:16.340823,Paris-e5d7,-15,11,Normal
2026-02-16 23:16:17.340823,Paris-e5d7,25,43,Normal
2026-02-16 23:16:18.340823,Paris-e5d7,-20,15,Normal
2026-02-16 23:16:19.340823,Paris-e5d7,47,35,Normal
2026-02-16 23:16:20.340823,Paris-e5d7,40,13,Normal
2026-02-16 23:16:21.340823,Paris-e5d7,16,6,Normal
2026-02-16 23:16:22.340823,Paris-e5d7,9,52,Normal
2026-02-16 23:16:23.340823,Paris-e5d7,10,37,Normal
2026-02-16 23:16:24.340823,Paris-e5d7,2,54,Normal
2026-02-16 23:16:25.340823,Paris-e5d7,-28,89,Normal
2026-02-16 23:16:26.340823,Paris-e5d7,46,77,Normal
2026-02-16 23:16:27.340823,Paris-e5d7,8,81,Normal
2026-02-16 23:16:28.340823,Paris-e5d7,29,86,Normal
2026-02-16 23:16:29.340823,Paris-e5d7,5,87,Normal
2026-02-16 23:16:30.340823,Paris-e5d7,40,25,Normal
2026-02-16 23:16:31.340823,Paris-e5d7,46,47,Normal
2026-02-16 23:16:32.340823,Paris-e5d7,-2,24,Normal
2026-02-16 23:16:33.340823,Paris-e5d7,-20,83,Normal
2026-02-16 23:16:34.340823,Paris-e5d7,32,13,Normal
2026-02-16 23:16:35.340823,Paris-e5d7,-2,31,Normal
2026-02-16 23:16:36.340823,Paris-e5d7,-29,61,Normal
2026-02-16 23:16:37.340823,Paris-e5d7,37,6,Normal
2026-02-16 23:16:38.340823,Paris-e5d7,-10,0,Normal
2026-02-16 23:16:39.340823,Paris-e5d7,-9,9,Normal
2026-02-16 23:16:40.340823,Paris-e5d7,34,8,Normal
2026-02-16 23:16:41.340823,Paris-e5d7,-28,50,Normal
2026-02-16 23:16:42.340823,Paris-e5d7,6,8,Normal
2026-02-16 23:16:43.340823,Paris-e5d7,-21,1,Normal
2026-02-16 23:16:44.340823,Paris-e5d7,0,4,Normal
2026-02-16 23:16:45.340823,Paris-e5d7,44,18,Normal
2026-02-16 23:16:46.340823,Paris-e5d7,23,37,Normal
2026-02-16 23:16:47.340823,Paris-e5d7,27,45,Normal
2026-02-16 23:16:48.340823,Paris-e5d7,33,70,Normal
2026-02-16 23:16:49.340823,Paris-e5d7,-9,8,Normal
2026-02-16 23:16:50.340823,Paris-e5d7,27,61,Normal
2026-02-16 23:16:51.340823,Paris-e5d7,40,78,Normal
2026-02-16 23:16:52.340823,Paris-e5d7,25,5,Normal
2026-02-16 23:16:53.340823,Paris-e5d7,-20,9,Normal
2026-02-16 23:16:54.340823,Paris-e5d7,5,71,Normal
2026-02-16 23:16:55.340823,Paris-e5d7,-22,24,Normal
2026-02-16 23:16:56.340823,Paris-e5d7,36,47,Normal
2026-02-16 23:16:57.340823,Paris-e5d7,20,93,Normal
2026-02-16 23:16:58.340823,Paris-e5d7,22,4,Normal
2026-02-16 23:16:59.340823,Paris-e5d7,-2,22,Normal
2026-02-16 23:17:00.340823,Paris-e5d7,36,74,Normal
2026-02-16 23:17:01.340823,Paris-e5d7,2,1,Normal
2026-02-16 23:17:02.340823,Paris-e5d7,-27,27,Normal
2026-02-16 23:17:03.340823,Paris-e5d7,-24,96,Normal
2026-02-16 23:17:04.340823,Paris-e5d7,-17,67,Normal
2026-02-16 23:17:05.340823,Paris-e5d7,-22,90,Normal
2026-02-16 23:17:06.340823,Paris-e5d7,-1,97,Normal
2026-02-16 23:17:07.340823,Paris-e5d7,6,17,Normal
2026-02-16 23:17:08.340823,Paris-e5d7,-11,28,Normal
2026-02-16 23:17:09.340823,Paris-e5d7,-30,94,Normal
2026-02-16 23:17:10.340823,Paris-e5d7,38,11,Normal
2026-02-16 23:17:11.340823,Paris-e5d7,-25,69,Normal
2026-02-16 23:17:12.340823,Paris-e5d7,-16,78,Normal
2026-02-16 23:17:13.340823,Paris-e5d7,29,57,Normal
2026-02-16 23:17:14.340823,Paris-e5d7,9,26,Normal
2026-02-16 23:17:15.340823,Paris-e5d7,-7,52,Normal
2026-02-16 23:17:16.340823,Paris-e5d7,-10,68,Normal
2026-02-16 23:17:17.340823,Paris-e5d7,-12,77,Normal
2026-02-16 23:17:18.340823,Paris-e5d7,-28,61,Normal
2026-02-16 23:17:19.340823,Paris-e5d7,13,75,Normal
2026-02-16 23:17:20.340823,Paris-e5d7,9,84,Normal
2026-02-16 23:17:21.340823,Paris-e5d7,-25,57,Normal
2026-02-16 23:17:22.340823,Paris-e5d7,18,66,Normal
2026-02-16 23:17:23.340823,Paris-e5d7,19,82,Normal
2026-02-16 23:17:24.340823,Paris-e5d7,-25,8,Normal
2026-02-16 23:17:25.340823,Paris-e5d7,20,99,Normal
2026-02-16 23:17:26.340823,Paris-e5d7,33,55,Normal
2026-02-16 23:17:27.340823,Paris-e5d7,17,40,Normal
2026-02-16 23:17:28.340823,Paris-e5d7,12,17,Normal
2026-02-16 23:17:29.340823,Paris-e5d7,-27,59,Normal
2026-02-16 23:17:30.340823,Paris-e5d7,-2,64,Normal
2026-02-16 23:17:31.340823,Paris-e5d7,-30,0,Normal
2026-02-16 23:17:32.340823,Paris-e5d7,49,66,Normal
2026-02-16 23:17:33.340823,Paris-e5d7,4,5,Normal
2026-02-16 23:17:34.340823,Paris-e5d7,14,18,Normal
2026-02-16 23:17:35.340823,Paris-e5d7,-25,10,Normal
2026-02-16 23:17:36.340823,Paris-e5d7,41,57,Normal
2026-02-16 23:17:37.340823,Paris-e5d7,-5,92,Normal
2026-02-16 23:17:38.340823,Paris-e5d7,-24,55,Normal
2026-02-16 23:17:39.340823,Paris-e5d7,18,23,Normal
2026-02-16 23:17:40.340823,Paris-e5d7,-21,97,Normal
2026-02-16 23:17:41.340823,Paris-e5d7,34,18,Normal
2026-02-16 23:17:42.340823,Paris-e5d7,-6,92,Normal
2026-02-16 23:17:43.340823,Paris-e5d7,-11,16,Normal
2026-02-16 23:17:44.340823,Paris-e5d7,-24,26,Normal
2026-02-16 23:17:45.340823,Paris-e5d7,32,21,Normal
2026-02-16 23:17:46.340823,Paris-e5d7,18,76,Normal
2026-02-16 23:17:47.340823,Paris-e5d7,4,4,Normal
2026-02-16 23:17:48.340823,Paris-e5d7,-25,53,Normal
2026-02-16 23:17:49.340823,Paris-e5d7,-3,15,Normal
2026-02-16 23:17:50.340823,Paris-e5d7,25,57,Normal
2026-02-16 23:17:51.340823,Paris-e5d7,-20,96,Normal
2026-02-16 23:17:52.340823,Paris-e5d7,14,78,Normal
2026-02-16 23:17:53.340823,Paris-e5d7,10,50,Normal
2026-02-16 23:17:54.340823,Paris-e5d7,44,95,Normal
2026-02-16 23:17:55.340823,Paris-e5d7,-5,13,Normal
2026-02-16 23:17:56.340823,Paris-e5d7,6,36,Normal
2026-02-16 23:17:57.340823,Paris-e5d7,46,42,Normal
2026-02-16 23:17:58.340823,Paris-e5d7,-10,87,Normal
2026-02-16 23:17:59.340823,Paris-e5d7,30,99,Normal
2026-02-16 23:18:00.340823,Paris-e5d7,16,45,Normal
2026-02-16 23:18:01.340823,Paris-e5d7,-28,66,Normal
2026-02-16 23:18:02.340823,Paris-e5d7,-17,14,Normal
2026-02-16 23:18:03.340823,Paris-e5d7,-19,66,Normal
2026-02-16 23:18:04.340823,Paris-e5d7,-10,4,Normal
2026-02-16 23:18:05.340823,Paris-e5d7,12,21,Normal
2026-02-16 23:18:06.340823,Paris-e5d7,44,26,Normal
2026-02-16 23:18:07.340823,Paris-e5d7,29,95,Normal
2026-02-16 23:18:08.340823,Paris-e5d7,15,99,Normal
2026-02-16 23:18:09.340823,Paris-e5d7,18,52,Normal
2026-02-16 23:18:10.340823,Paris-e5d7,2,29,Normal
2026-02-16 23:18:11.340823,Paris-e5d7,20,6,Normal
2026-02-16 23:18:12.340823,Paris-e5d7,2,4,Normal
2026-02-16 23:18:13.340823,Paris-e5d7,8,12,Normal
2026-02-16 23:18:14.340823,Paris-e5d7,1,39,Normal
2026-02-16 23:18:15.340823,Paris-e5d7,4,44,Normal
2026-02-16 23:18:16.340823,Paris-e5d7,-27,53,Normal
2026-02-16 23:18:17.340823,Paris-e5d7,43,39,Normal
2026-02-16 23:18:18.340823,Paris-e5d7,2,74,Normal
2026-02-16 23:18:19.340823,Paris-e5d7,41,69,Normal
2026-02-16 23:18:20.340823,Paris-e5d7,15,30,Normal
2026-02-16 23:18:21.340823,Paris-e5d7,13,68,Normal
2026-02-16 23:18:22.340823,Paris-e5d7,25,82,Normal
2026-02-16 23:18:23.340823,Paris-e5d7,-30,13,Normal
2026-02-16 23:18:24.340823,Paris-e5d7,1,74,Normal
2026-02-16 23:18:25.340823,Paris-e5d7,-7,53,Normal
2026-02-16 23:18:26.340823,Paris-e5d7,18,77,Normal
2026-02-16 23:18:27.340823,Paris-e5d7,-6,84,Normal
2026-02-16 23:18:28.340823,Paris-e5d7,11,79,Normal
2026-02-16 23:18:29.340823,Paris-e5d7,48,44,Normal
2026-02-16 23:18:30.340823,Paris-e5d7,7,41,Normal
2026-02-16 23:18:31.340823,Paris-e5d7,-25,8,Normal
2026-02-16 23:18:32.340823,Paris-e5d7,30,72,Normal
2026-02-16 23:18:33.340823,Paris-e5d7,45,56,Normal
2026-02-16 23:18:34.340823,Paris-e5d7,44,70,Normal
2026-02-16 23:18:35.340823,Paris-e5d7,-25,14,Normal
2026-02-16 23:18:36.340823,Paris-e5d7,-3,93,Normal
2026-02-16 23:18:37.340823,Paris-e5d7,11,44,Normal
2026-02-16 23:18:38.340823,Paris-e5d7,14,48,Normal
2026-02-16 23:18:39.340823,Paris-e5d7,19,19,Normal
2026-02-16 23:18:40.340823,Paris-e5d7,-16,5,Normal
2026-02-16 23:18:41.340823,Paris-e5d7,-29,32,Normal
2026-02-16 23:18:42.340823,Paris-e5d7,18,93,Normal
2026-02-16 23:18:43.340823,Paris-e5d7,30,52,Normal
2026-02-16 23:18:44.340823,Paris-e5d7,35,25,Normal
2026-02-16 23:18:45.340823,Paris-e5d7,-30,81,Normal
2026-02-16 23:18:46.340823,Paris-e5d7,24,65,Normal
2026-02-16 23:18:47.340823,Paris-e5d7,34,57,Normal
2026-02-16 23:18:48.340823,Paris-e5d7,12,34,Normal
2026-02-16 23:18:49.340823,Paris-e5d7,0,91,Normal
2026-02-16 23:18:50.340823,Paris-e5d7,21,80,Normal
2026-02-16 23:18:51.340823,Paris-e5d7,-3,19,Normal
2026-02-16 23:18:52.340823,Paris-e5d7,46,66,Normal
2026-02-16 23:18:53.340823,Paris-e5d7,21,47,Normal
2026-02-16 23:18:54.340823,Paris-e5d7,32,21,Normal
2026-02-16 23:18:55.340823,Paris-e5d7,25,72,Normal
2026-02-16 23:18:56.340823,Paris-e5d7,11,55,Normal
2026-02-16 23:18:57.340823,Paris-e5d7,22,73,Normal
2026-02-16 23:18:58.340823,Paris-e5d7,-4,97,Normal
2026-02-16 23:18:59.340823,Paris-e5d7,-18,26,Normal
2026-02-16 23:19:00.340823,Paris-e5d7,-21,42,Normal
2026-02-16 23:19:01.340823,Paris-e5d7,16,96,Normal
2026-02-16 23:19:02.340823,Paris-e5d7,46,91,Normal
2026-02-16 23:19:03.340823,Paris-e5d7,39,59,Normal
2026-02-16 23:19:04.340823,Paris-e5d7,-3,36,Normal
2026-02-16 23:19:05.340823,Paris-e5d7,24,38,Normal
2026-02-16 23:19:06.340823,Paris-e5d7,12,7,Normal
2026-02-16 23:19:07.340823,Paris-e5d7,26,77,Normal
2026-02-16 23:19:08.340823,Paris-e5d7,47,14,Normal
2026-02-16 23:19:09.340823,Paris-e5d7,29,39,Normal
2026-02-16 23:19:10.340823,Paris-e5d7,-6,75,Normal
2026-02-16 23:19:11.340823,Paris-e5d7,0,56,Normal
2026-02-16 23:19:12.340823,Paris-e5d7,-28,16,Normal
2026-02-16 23:19:13.340823,Paris-e5d7,-15,33,Normal
2026-02-16 23:19:14.340823,Paris-e5d7,-25,98,Normal
2026-02-16 23:19:15.340823,Paris-e5d7,49,14,Normal
2026-02-16 23:19:16.340823,Paris-e5d7,7,5,Normal
2026-02-16 23:19:17.340823,Paris-e5d7,12,83,Normal
2026-02-16 23:19:18.340823,Paris-e5d7,18,5,Normal
2026-02-16 23:19:19.340823,Paris-e5d7,3,74,Normal
2026-02-16 23:19:20.340823,Paris-e5d7,18,61,Normal
2026-02-16 23:19:21.340823,Paris-e5d7,40,20,Normal
2026-02-16 23:19:22.340823,Paris-e5d7,43,92,Normal
2026-02-16 23:19:23.340823,Paris-e5d7,38,18,Normal
2026-02-16 23:19:24.340823,Paris-e5d7,16,90,Normal
2026-02-16 23:19:25.340823,Paris-e5d7,34,73,Normal
2026-02-16 23:19:26.340823,Paris-e5d7,-14,68,Normal
2026-02-16 23:19:27.340823,Paris-e5d7,-23,40,Normal
2026-02-16 23:19:28.340823,Paris-e5d7,49,76,Normal
2026-02-16 23:19:29.340823,Paris-e5d7,-25,63,Normal
2026-02-16 23:19:30.340823,Paris-e5d7,14,14,Normal
2026-02-16 23:19:31.340823,Paris-e5d7,-18,59,Normal
2026-02-16 23:19:32.340823,Paris-e5d7,49,81,Normal
2026-02-16 23:19:33.340823,Paris-e5d7,35,4,Normal
2026-02-16 23:19:34.340823,Paris-e5d7,-28,72,Normal
2026-02-16 23:19:35.340823,Paris-e5d7,26,2,Normal
2026-02-16 23:19:36.340823,Paris-e5d7,-2,56,Normal
2026-02-16 23:19:37.340823,Paris-e5d7,-30,37,Normal
2026-02-16 23:19:38.340823,Paris-e5d7,16,26,Normal
2026-02-16 23:19:39.340823,Paris-e5d7,-17,35,Normal
2026-02-16 23:19:40.340823,Paris-e5d7,19,88,Normal
2026-02-16 23:19:41.340823,Paris-e5d7,-13,68,Normal
2026-02-16 23:19:42.340823,Paris-e5d7,35,0,Normal
2026-02-16 23:19:43.340823,Paris-e5d7,46,24,Normal
2026-02-16 23:19:44.340823,Paris-e5d7,-18,47,Normal
2026-02-16 23:19:45.340823,Paris-e5d7,-15,14,Normal
2026-02-16 23:19:46.340823,Paris-e5d7,-10,93,Normal
2026-02-16 23:19:47.340823,Paris-e5d7,21,32,Normal
2026-02-16 23:19:48.340823,Paris-e5d7,-6,100,Normal
2026-02-16 23:19:49.340823,Paris-e5d7,18,83,Normal
2026-02-16 23:19:50.340823,Paris-e5d7,3,5,Normal
2026-02-16 23:19:51.340823,Paris-e5d7,2,48,Normal
2026-02-16 23:19:52.340823,Paris-e5d7,40,5,Normal
2026-02-16 23:19:53.340823,Paris-e5d7,11,53,Normal
2026-02-16 23:19:54.340823,Paris-e5d7,5,58,Normal
2026-02-16 23:19:55.340823,Paris-e5d7,43,11,Normal
2026-02-16 23:19:56.340823,Paris-e5d7,-27,6,Normal
2026-02-16 23:19:57.340823,Paris-e5d7,9,67,Normal
2026-02-16 23:19:58.340823,Paris-e5d7,-12,37,Normal
2026-02-16 23:19:59.340823,Paris-e5d7,10,57,Normal
2026-02-16 23:20:00.340823,Paris-e5d7,11,77,Normal
2026-02-16 23:20:01.340823,Paris-e5d7,-14,98,Normal
2026-02-16 23:20:02.340823,Paris-e5d7,27,12,Normal
2026-02-16 23:20:03.340823,Paris-e5d7,-23,49,Normal
2026-02-16 23:20:04.340823,Paris-e5d7,-25,52,Normal
2026-02-16 23:20:05.340823,Paris-e5d7,-24,30,Normal
2026-02-16 23:20:06.340823,Paris-e5d7,42,59,Normal
2026-02-16 23:20:07.340823,Paris-e5d7,-16,37,Normal
2026-02-16 23:20:08.340823,Paris-e5d7,33,91,Normal
2026-02-16 23:20:09.340823,Paris-e5d7,37,66,Normal
2026-02-16 23:20:10.340823,Paris-e5d7,30,31,Normal
2026-02-16 23:20:11.340823,Paris-e5d7,36,86,Normal
2026-02-16 23:20:12.340823,Paris-e5d7,-18,44,Normal
2026-02-16 23:20:13.340823,Paris-e5d7,14,39,Normal
2026-02-16 23:20:14.340823,Paris-e5d7,-14,69,Normal
2026-02-16 23:20:15.340823,Paris-e5d7,25,73,Normal
2026-02-16 23:20:16.340823,Paris-e5d7,36,61,Normal
2026-02-16 23:20:17.340823,Paris-e5d7,-28,44,Normal
2026-02-16 23:20:18.340823,Paris-e5d7,43,27,Normal
2026-02-16 23:20:19.340823,Paris-e5d7,12,65,Normal
2026-02-16 23:20:20.340823,Paris-e5d7,7,26,Normal
2026-02-16 23:20:21.340823,Paris-e5d7,-6,64,Normal
2026-02-16 23:20:22.340823,Paris-e5d7,37,19,Normal
2026-02-16 23:20:23.340823,Paris-e5d7,42,94,Normal
2026-02-16 23:20:24.340823,Paris-e5d7,-17,92,Normal
2026-02-16 23:20:25.340823,Paris-e5d7,-8,25,Normal
2026-02-16 23:20:26.340823,Paris-e5d7,10,51,Normal
2026-02-16 23:20:27.340823,Paris-e5d7,-17,6,Normal
2026-02-16 23:20:28.340823,Paris-e5d7,28,33,Normal
2026-02-16 23:20:29.340823,Paris-e5d7,15,82,Normal
2026-02-16 23:20:30.340823,Paris-e5d7,43,97,Normal
2026-02-16 23:20:31.340823,Paris-e5d7,10,33,Normal
2026-02-16 23:20:32.340823,Paris-e5d7,4,80,Normal
2026-02-16 23:20:33.340823,Paris-e5d7,-22,22,Normal
2026-02-16 23:20:34.340823,Paris-e5d7,-17,79,Normal
2026-02-16 23:20:35.340823,Paris-e5d7,12,17,Normal
2026-02-16 23:20:36.340823,Paris-e5d7,49,84,Normal
2026-02-16 23:20:37.340823,Paris-e5d7,-13,76,Normal
2026-02-16 23:20:38.340823,Paris-e5d7,41,27,Normal
2026-02-16 23:20:39.340823,Paris-e5d7,36,71,Normal
2026-02-16 23:20:40.340823,Paris-e5d7,44,29,Normal
2026-02-16 23:20:41.340823,Paris-e5d7,15,75,Normal
2026-02-16 23:20:42.340823,Paris-e5d7,-26,2,Normal
2026-02-16 23:20:43.340823,Paris-e5d7,18,40,Normal
2026-02-16 23:20:44.340823,Paris-e5d7,-6,55,Normal
2026-02-16 23:20:45.340823,Paris-e5d7,48,70,Normal
2026-02-16 23:20:46.340823,Paris-e5d7,25,74,Normal
2026-02-16 23:20:47.340823,Paris-e5d7,27,22,Normal
2026-02-16 23:20:48.340823,Paris-e5d7,25,27,Normal
2026-02-16 23:20:49.340823,Paris-e5d7,-24,49,Normal
2026-02-16 23:20:50.340823,Paris-e5d7,25,68,Normal
2026-02-16 23:20:51.340823,Paris-e5d7,17,9,Normal
2026-02-16 23:20:52.340823,Paris-e5d7,39,56,Normal
2026-02-16 23:20:53.340823,Paris-e5d7,14,98,Normal
2026-02-16 23:20:54.340823,Paris-e5d7,29,43,Normal
2026-02-16 23:20:55.340823,Paris-e5d7,-29,57,Normal
2026-02-16 23:20:56.340823,Paris-e5d7,26,32,Normal
2026-02-16 23:20:57.340823,Paris-e5d7,-12,65,Normal
2026-02-16 23:20:58.340823,Paris-e5d7,-24,56,Normal
2026-02-16 23:20:59.340823,Paris-e5d7,-1,9,Normal
2026-02-16 23:21:00.340823,Paris-e5d7,-11,67,Normal
2026-02-16 23:21:01.340823,Paris-e5d7,-17,86,Normal
2026-02-16 23:21:02.340823,Paris-e5d7,-29,71,Normal
2026-02-16 23:21:03.340823,Paris-e5d7,44,76,Normal
2026-02-16 23:21:04.340823,Paris-e5d7,8,60,Normal
2026-02-16 23:21:05.340823,Paris-e5d7,-1,29,Normal
2026-02-16 23:21:06.340823,Paris-e5d7,44,62,Normal
2026-02-16 23:21:07.340823,Paris-e5d7,-16,31,Normal
2026-02-16 23:21:08.340823,Paris-e5d7,39,29,Normal
2026-02-16 23:21:09.340823,Paris-e5d7,-18,73,Normal
2026-02-16 23:21:10.340823,Paris-e5d7,16,66,Normal
2026-02-16 23:21:11.340823,Paris-e5d7,-26,2,Normal
2026-02-16 23:21:12.340823,Paris-e5d7,-27,46,Normal
2026-02-16 23:21:13.340823,Paris-e5d7,25,84,Normal
2026-02-16 23:21:14.340823,Paris-e5d7,-19,89,Normal
2026-02-16 23:21:15.340823,Paris-e5d7,-7,87,Normal
2026-02-16 23:21:16.340823,Paris-e5d7,50,39,Normal
2026-02-16 23:21:17.340823,Paris-e5d7,29,38,Normal
2026-02-16 23:21:18.340823,Paris-e5d7,2,82,Normal
2026-02-16 23:21:19.340823,Paris-e5d7,46,53,Normal
2026-02-16 23:21:20.340823,Paris-e5d7,1,94,Normal
2026-02-16 23:21:21.340823,Paris-e5d7,24,69,Normal
2026-02-16 23:21:22.340823,Paris-e5d7,16,28,Normal
2026-02-16 23:21:23.340823,Paris-e5d7,27,4,Normal
2026-02-16 23:21:24.340823,Paris-e5d7,38,74,Normal
2026-02-16 23:21:25.340823,Paris-e5d7,26,76,Normal
2026-02-16 23:21:26.340823,Paris-e5d7,23,78,Normal
2026-02-16 23:21:27.340823,Paris-e5d7,6,38,Normal
2026-02-16 23:21:28.340823,Paris-e5d7,1,67,Normal
2026-02-16 23:21:29.340823,Paris-e5d7,5,10,Normal
2026-02-16 23:21:30.340823,Paris-e5d7,35,0,Normal
2026-02-16 23:21:31.340823,Paris-e5d7,-14,88,Normal
2026-02-16 23:21:32.340823,Paris-e5d7,16,79,Normal
2026-02-16 23:21:33.340823,Paris-e5d7,-24,47,Normal
2026-02-16 23:21:34.340823,Paris-e5d7,34,95,Normal
2026-02-16 23:21:35.340823,Paris-e5d7,-24,68,Normal
2026-02-16 23:21:36.340823,Paris-e5d7,19,68,Normal
2026-02-16 23:21:37.340823,Paris-e5d7,-24,12,Normal
2026-02-16 23:21:38.340823,Paris-e5d7,28,28,Normal
2026-02-16 23:21:39.340823,Paris-e5d7,-10,49,Normal
2026-02-16 23:21:40.340823,Paris-e5d7,43,31,Normal
2026-02-16 23:21:41.340823,Paris-e5d7,38,86,Normal
2026-02-16 23:21:42.340823,Paris-e5d7,-14,13,Normal
2026-02-16 23:21:43.340823,Paris-e5d7,50,68,Normal
2026-02-16 23:21:44.340823,Paris-e5d7,-20,98,Normal
2026-02-16 23:21:45.340823,Paris-e5d7,-20,25,Normal
2026-02-16 23:21:46.340823,Paris-e5d7,-16,51,Normal
2026-02-16 23:21:47.340823,Paris-e5d7,21,24,Normal
2026-02-16 23:21:48.340823,Paris-e5d7,17,75,Normal
2026-02-16 23:21:49.340823,Paris-e5d7,-8,18,Normal
2026-02-16 23:21:50.340823,Paris-e5d7,34,10,Normal
2026-02-16 23:21:51.340823,Paris-e5d7,22,39,Normal
2026-02-16 23:21:52.340823,Paris-e5d7,34,46,Normal
2026-02-16 23:21:53.340823,Paris-e5d7,25,53,Normal
2026-02-16 23:21:54.340823,Paris-e5d7,13,57,Normal
2026-02-16 23:21:55.340823,Paris-e5d7,39,83,Normal
2026-02-16 23:21:56.340823,Paris-e5d7,-19,26,Normal
2026-02-16 23:21:57.340823,Paris-e5d7,15,20,Normal
2026-02-16 23:21:58.340823,Paris-e5d7,23,64,Normal
2026-02-16 23:21:59.340823,Paris-e5d7,18,90,Normal
2026-02-16 23:22:00.340823,Paris-e5d7,50,86,Normal
2026-02-16 23:22:01.340823,Paris-e5d7,11,85,Normal
2026-02-16 23:22:02.340823,Paris-e5d7,32,4,Normal
2026-02-16 23:22:03.340823,Paris-e5d7,38,88,Normal
2026-02-16 23:22:04.340823,Paris-e5d7,27,76,Normal
2026-02-16 23:22:05.340823,Paris-e5d7,-25,61,Normal
2026-02-16 23:22:06.340823,Paris-e5d7,11,64,Normal
2026-02-16 23:22:07.340823,Paris-e5d7,0,74,Normal
2026-02-16 23:22:08.340823,Paris-e5d7,31,43,Normal
2026-02-16 23:22:09.340823,Paris-e5d7,34,78,Normal
2026-02-16 23:22:10.340823,Paris-e5d7,1,26,Normal
2026-02-16 23:22:11.340823,Paris-e5d7,27,76,Normal
2026-02-16 23:22:12.340823,Paris-e5d7,-12,63,Normal
2026-02-16 23:22:13.340823,Paris-e5d7,-17,14,Normal
2026-02-16 23:22:14.340823,Paris-e5d7,11,54,Normal
2026-02-16 23:22:15.340823,Paris-e5d7,23,75,Normal
2026-02-16 23:22:16.340823,Paris-e5d7,23,70,Normal
2026-02-16 23:22:17.340823,Paris-e5d7,31,57,Normal
2026-02-16 23:22:18.340823,Paris-e5d7,11,82,Normal
2026-02-16 23:22:19.340823,Paris-e5d7,-15,51,Normal
2026-02-16 23:22:20.340823,Paris-e5d7,28,90,Normal
2026-02-16 23:22:21.340823,Paris-e5d7,7,15,Normal
2026-02-16 23:22:22.340823,Paris-e5d7,-23,21,Normal
2026-02-16 23:22:23.340823,Paris-e5d7,19,96,Normal
2026-02-16 23:22:24.340823,Paris-e5d7,-6,49,Normal
2026-02-16 23:22:25.340823,Paris-e5d7,-7,99,Normal
2026-02-16 23:22:26.340823,Paris-e5d7,1,72,Normal
2026-02-16 23:22:27.340823,Paris-e5d7,22,19,Normal
2026-02-16 23:22:28.340823,Paris-e5d7,43,3,Normal
2026-02-16 23:22:29.340823,Paris-e5d7,30,15,Normal
2026-02-16 23:22:30.340823,Paris-e5d7,29,67,Normal
2026-02-16 23:22:31.340823,Paris-e5d7,48,99,Normal
2026-02-16 23:22:32.340823,Paris-e5d7,35,58,Normal
2026-02-16 23:22:33.340823,Paris-e5d7,-17,56,Normal
2026-02-16 23:22:34.340823,Paris-e5d7,19,79,Normal
2026-02-16 23:22:35.340823,Paris-e5d7,4,22,Normal
2026-02-16 23:22:36.340823,Paris-e5d7,-3,43,Normal
2026-02-16 23:22:37.340823,Paris-e5d7,14,82,Normal
2026-02-16 23:22:38.340823,Paris-e5d7,-19,66,Normal
2026-02-16 23:22:39.340823,Paris-e5d7,48,47,Normal
2026-02-16 23:22:40.340823,Paris-e5d7,5,82,Normal
2026-02-16 23:22:41.340823,Paris-e5d7,-18,5,Normal
2026-02-16 23:22:42.340823,Paris-e5d7,44,58,Normal
2026-02-16 23:22:43.340823,Paris-e5d7,34,13,Normal
2026-02-16 23:22:44.340823,Paris-e5d7,34,82,Normal
2026-02-16 23:22:45.340823,Paris-e5d7,-24,64,Normal
2026-02-16 23:22:46.340823,Paris-e5d7,4,45,Normal
2026-02-16 23:22:47.340823,Paris-e5d7,21,37,Normal
2026-02-16 23:22:48.340823,Paris-e5d7,-16,92,Normal
2026-02-16 23:22:49.340823,Paris-e5d7,16,76,Normal
2026-02-16 23:22:50.340823,Paris-e5d7,-2,79,Normal
2026-02-16 23:22:51.340823,Paris-e5d7,21,0,Normal
2026-02-16 23:22:52.340823,Paris-e5d7,42,11,Normal
2026-02-16 23:22:53.340823,Paris-e5d7,15,15,Normal
2026-02-16 23:22:54.340823,Paris-e5d7,13,12,Normal
2026-02-16 23:22:55.340823,Paris-e5d7,7,43,Normal
2026-02-16 23:22:56.340823,Paris-e5d7,37,98,Normal
2026-02-16 23:22:57.340823,Paris-e5d7,18,58,Normal
2026-02-16 23:22:58.340823,Paris-e5d7,-4,63,Normal
2026-02-16 23:22:59.340823,Paris-e5d7,-12,48,Normal
2026-02-16 23:23:00.340823,Paris-e5d7,49,27,Normal
2026-02-16 23:23:01.340823,Paris-e5d7,33,44,Normal
2026-02-16 23:23:02.340823,Paris-e5d7,26,77,Normal
2026-02-16 23:23:03.340823,Paris-e5d7,18,15,Normal
2026-02-16 23:23:04.340823,Paris-e5d7,-3,7,Normal
2026-02-16 23:23:05.340823,Paris-e5d7,12,31,Normal
2026-02-16 23:23:06.340823,Paris-e5d7,33,88,Normal
2026-02-16 23:23:07.340823,Paris-e5d7,-16,58,Normal
2026-02-16 23:23:08.340823,Paris-e5d7,-24,80,Normal
2026-02-16 23:23:09.340823,Paris-e5d7,-18,52,Normal
2026-02-16 23:23:10.340823,Paris-e5d7,6,19,Normal
2026-02-16 23:23:11.340823,Paris-e5d7,-12,66,Normal
2026-02-16 23:23:12.340823,Paris-e5d7,-26,51,Normal
2026-02-16 23:23:13.340823,Paris-e5d7,48,6,Normal
2026-02-16 23:23:14.340823,Paris-e5d7,-3,46,Normal
2026-02-16 23:23:15.340823,Paris-e5d7,-26,11,Normal
2026-02-16 23:23:16.340823,Paris-e5d7,12,58,Normal
2026-02-16 23:23:17.340823,Paris-e5d7,48,38,Normal
2026-02-16 23:23:18.340823,Paris-e5d7,-23,39,Normal
2026-02-16 23:23:19.340823,Paris-e5d7,-23,2,Normal
2026-02-16 23:23:20.340823,Paris-e5d7,-15,76,Normal
2026-02-16 23:23:21.340823,Paris-e5d7,-26,62,Normal
2026-02-16 23:23:22.340823,Paris-e5d7,-5,10,Normal
2026-02-16 23:23:23.340823,Paris-e5d7,25,82,Normal
2026-02-16 23:23:24.340823,Paris-e5d7,18,86,Normal
2026-02-16 23:23:25.340823,Paris-e5d7,6,55,Normal
2026-02-16 23:23:26.340823,Paris-e5d7,-2,21,Normal
2026-02-16 23:23:27.340823,Paris-e5d7,-10,55,Normal
2026-02-16 23:23:28.340823,Paris-e5d7,-26,58,Normal
2026-02-16 23:23:29.340823,Paris-e5d7,28,100,Normal
2026-02-16 23:23:30.340823,Paris-e5d7,48,77,Normal
2026-02-16 23:23:31.340823,Paris-e5d7,-2,32,Normal
2026-02-16 23:23:32.340823,Paris-e5d7,13,48,Normal
2026-02-16 23:23:33.340823,Paris-e5d7,-25,5,Normal
2026-02-16 23:23:34.340823,Paris-e5d7,37,35,Normal
2026-02-16 23:23:35.340823,Paris-e5d7,34,51,Normal
2026-02-16 23:23:36.340823,Paris-e5d7,41,88,Normal
2026-02-16 23:23:37.340823,Paris-e5d7,23,66,Normal
2026-02-16 23:23:38.340823,Paris-e5d7,21,75,Normal
2026-02-16 23:23:39.340823,Paris-e5d7,12,23,Normal
2026-02-16 23:23:40.340823,Paris-e5d7,8,70,Normal
2026-02-16 23:23:41.340823,Paris-e5d7,48,26,Normal
2026-02-16 23:23:42.340823,Paris-e5d7,27,0,Normal
2026-02-16 23:23:43.340823,Paris-e5d7,14,76,Normal
2026-02-16 23:23:44.340823,Paris-e5d7,-20,36,Normal
2026-02-16 23:23:45.340823,Paris-e5d7,23,33,Normal
2026-02-16 23:23:46.340823,Paris-e5d7,6,39,Normal
2026-02-16 23:23:47.340823,Paris-e5d7,-17,90,Normal
2026-02-16 23:23:48.340823,Paris-e5d7,-30,28,Normal
2026-02-16 23:23:49.340823,Paris-e5d7,-23,92,Normal
2026-02-16 23:23:50.340823,Paris-e5d7,1,20,Normal
2026-02-16 23:23:51.340823,Paris-e5d7,30,29,Normal
2026-02-16 23:23:52.340823,Paris-e5d7,-8,80,Normal
2026-02-16 23:23:53.340823,Paris-e5d7,24,69,Normal
2026-02-16 23:23:54.340823,Paris-e5d7,1,100,Normal
2026-02-16 23:23:55.340823,Paris-e5d7,7,92,Normal
2026-02-16 23:23:56.340823,Paris-e5d7,-3,82,Normal
2026-02-16 23:23:57.340823,Paris-e5d7,6,45,Normal
2026-02-16 23:23:58.340823,Paris-e5d7,27,35,Normal
2026-02-16 23:23:59.340823,Paris-e5d7,-15,58,Normal
2026-02-16 23:24:00.340823,Paris-e5d7,4,50,Normal
2026-02-16 23:24:01.340823,Paris-e5d7,8,18,Normal
2026-02-16 23:24:02.340823,Paris-e5d7,-10,93,Normal
2026-02-16 23:24:03.340823,Paris-e5d7,23,31,Normal
2026-02-16 23:24:04.340823,Paris-e5d7,49,29,Normal
2026-02-16 23:24:05.340823,Paris-e5d7,46,43,Normal
2026-02-16 23:24:06.340823,Paris-e5d7,5,62,Normal
2026-02-16 23:24:07.340823,Paris-e5d7,-17,72,Normal
2026-02-16 23:24:08.340823,Paris-e5d7,34,69,Normal
2026-02-16 23:24:09.340823,Paris-e5d7,29,84,Normal
2026-02-16 23:24:10.340823,Paris-e5d7,-3,82,Normal
2026-02-16 23:24:11.340823,Paris-e5d7,11,88,Normal
2026-02-16 23:24:12.340823,Paris-e5d7,42,49,Normal
2026-02-16 23:24:13.340823,Paris-e5d7,-19,30,Normal
2026-02-16 23:24:14.340823,Paris-e5d7,-11,86,Normal
2026-02-16 23:24:15.340823,Paris-e5d7,19,74,Normal
2026-02-16 23:24:16.340823,Paris-e5d7,44,33,Normal
2026-02-16 23:24:17.340823,Paris-e5d7,10,46,Normal
2026-02-16 23:24:18.340823,Paris-e5d7,22,64,Normal
2026-02-16 23:24:19.340823,Paris-e5d7,-25,39,Normal
2026-02-16 23:24:20.340823,Paris-e5d7,-2,97,Normal
2026-02-16 23:24:21.340823,Paris-e5d7,6,62,Normal
2026-02-16 23:24:22.340823,Paris-e5d7,-25,89,Normal
2026-02-16 23:24:23.340823,Paris-e5d7,39,84,Normal
2026-02-16 23:24:24.340823,Paris-e5d7,-5,35,Normal
2026-02-16 23:24:25.340823,Paris-e5d7,31,50,Normal
2026-02-16 23:24:26.340823,Paris-e5d7,34,62,Normal
2026-02-16 23:24:27.340823,Paris-e5d7,29,84,Normal
2026-02-16 23:24:28.340823,Paris-e5d7,42,26,Normal
2026-02-16 23:24:29.340823,Paris-e5d7,46,17,Normal
2026-02-16 23:24:30.340823,Paris-e5d7,7,100,Normal
2026-02-16 23:24:31.340823,Paris-e5d7,18,27,Normal
2026-02-16 23:24:32.340823,Paris-e5d7,4,39,Normal
2026-02-16 23:24:33.340823,Paris-e5d7,10,100,Normal
2026-02-16 23:24:34.340823,Paris-e5d7,11,16,Normal
2026-02-16 23:24:35.340823,Paris-e5d7,-17,49,Normal
2026-02-16 23:24:36.340823,Paris-e5d7,22,81,Normal
2026-02-16 23:24:37.340823,Paris-e5d7,-29,22,Normal
2026-02-16 23:24:38.340823,Paris-e5d7,43,55,Normal
2026-02-16 23:24:39.340823,Paris-e5d7,1,9,Normal
2026-02-16 23:24:40.340823,Paris-e5d7,-6,30,Normal
2026-02-16 23:24:41.340823,Paris-e5d7,13,73,Normal
2026-02-16 23:24:42.340823,Paris-e5d7,32,100,Normal
2026-02-16 23:24:43.340823,Paris-e5d7,32,15,Normal
2026-02-16 23:24:44.340823,Paris-e5d7,38,54,Normal
2026-02-16 23:24:45.340823,Paris-e5d7,-17,69,Normal
2026-02-16 23:24:46.340823,Paris-e5d7,8,68,Normal
2026-02-16 23:24:47.340823,Paris-e5d7,17,97,Normal
2026-02-16 23:24:48.340823,Paris-e5d7,-2,14,Normal
2026-02-16 23:24:49.340823,Paris-e5d7,20,40,Normal
2026-02-16 23:24:50.340823,Paris-e5d7,-22,98,Normal
2026-02-16 23:24:51.340823,Paris-e5d7,43,27,Normal
2026-02-16 23:24:52.340823,Paris-e5d7,-30,11,Normal
2026-02-16 23:24:53.340823,Paris-e5d7,-12,55,Normal
2026-02-16 23:24:54.340823,Paris-e5d7,21,65,Normal
2026-02-16 23:24:55.340823,Paris-e5d7,39,94,Normal
2026-02-16 23:24:56.340823,Paris-e5d7,-29,8,Normal
2026-02-16 23:24:57.340823,Paris-e5d7,-18,62,Normal
2026-02-16 23:24:58.340823,Paris-e5d7,-20,57,Normal
2026-02-16 23:24:59.340823,Paris-e5d7,10,61,Normal
2026-02-16 23:25:00.340823,Paris-e5d7,4,92,Normal
2026-02-16 23:25:01.340823,Paris-e5d7,-2,84,Normal
2026-02-16 23:25:02.340823,Paris-e5d7,7,99,Normal
2026-02-16 23:25:03.340823,Paris-e5d7,3,34,Normal
2026-02-16 23:25:04.340823,Paris-e5d7,-30,54,Normal
2026-02-16 23:25:05.340823,Paris-e5d7,11,85,Normal
2026-02-16 23:25:06.340823,Paris-e5d7,-27,27,Normal
2026-02-16 23:25:07.340823,Paris-e5d7,47,62,Normal
2026-02-16 23:25:08.340823,Paris-e5d7,15,9,Normal
2026-02-16 23:25:09.340823,Paris-e5d7,14,80,Normal
2026-02-16 23:25:10.340823,Paris-e5d7,-10,75,Normal
2026-02-16 23:25:11.340823,Paris-e5d7,-30,20,Normal
2026-02-16 23:25:12.340823,Paris-e5d7,-7,100,Normal
2026-02-16 23:25:13.340823,Paris-e5d7,-5,14,Normal
2026-02-16 23:25:14.340823,Paris-e5d7,48,54,Normal
2026-02-16 23:25:15.340823,Paris-e5d7,21,32,Normal
2026-02-16 23:25:16.340823,Paris-e5d7,2,37,Normal
2026-02-16 23:25:17.340823,Paris-e5d7,50,95,Normal
2026-02-16 23:25:18.340823,Paris-e5d7,18,22,Normal
2026-02-16 23:25:19.340823,Paris-e5d7,-28,47,Normal
2026-02-16 23:25:20.340823,Paris-e5d7,33,73,Normal
2026-02-16 23:25:21.340823,Paris-e5d7,49,50,Normal
2026-02-16 23:25:22.340823,Paris-e5d7,9,55,Normal
2026-02-16 23:25:23.340823,Paris-e5d7,4,3,Normal
2026-02-16 23:25:24.340823,Paris-e5d7,31,93,Normal
2026-02-16 23:25:25.340823,Paris-e5d7,19,74,Normal
2026-02-16 23:25:26.340823,Paris-e5d7,-8,14,Normal
2026-02-16 23:25:27.340823,Paris-e5d7,21,13,Normal
2026-02-16 23:25:28.340823,Paris-e5d7,48,7,Normal
2026-02-16 23:25:29.340823,Paris-e5d7,28,13,Normal
2026-02-16 23:25:30.340823,Paris-e5d7,-19,15,Normal
2026-02-16 23:25:31.340823,Paris-e5d7,-10,47,Normal
2026-02-16 23:25:32.340823,Paris-e5d7,7,49,Normal
2026-02-16 23:25:33.340823,Paris-e5d7,45,75,Normal
2026-02-16 23:25:34.340823,Paris-e5d7,-22,42,Normal
2026-02-16 23:25:35.340823,Paris-e5d7,15,82,Normal
2026-02-16 23:25:36.340823,Paris-e5d7,26,13,Normal
2026-02-16 23:25:37.340823,Paris-e5d7,35,42,Normal
2026-02-16 23:25:38.340823,Paris-e5d7,36,18,Normal
2026-02-16 23:25:39.340823,Paris-e5d7,-22,14,Normal
2026-02-16 23:25:40.340823,Paris-e5d7,-25,67,Normal
2026-02-16 23:25:41.340823,Paris-e5d7,-27,1,Normal
2026-02-16 23:25:42.340823,Paris-e5d7,43,80,Normal
2026-02-16 23:25:43.340823,Paris-e5d7,44,10,Normal
2026-02-16 23:25:44.340823,Paris-e5d7,8,58,Normal
2026-02-16 23:25:45.340823,Paris-e5d7,5,78,Normal
2026-02-16 23:25:46.340823,Paris-e5d7,-30,29,Normal
2026-02-16 23:25:47.340823,Paris-e5d7,-7,49,Normal
2026-02-16 23:25:48.340823,Paris-e5d7,14,38,Normal
2026-02-16 23:25:49.340823,Paris-e5d7,22,60,Normal
2026-02-16 23:25:50.340823,Paris-e5d7,-24,35,Normal
2026-02-16 23:25:51.340823,Paris-e5d7,5,25,Normal
2026-02-16 23:25:52.340823,Paris-e5d7,31,47,Normal
2026-02-16 23:25:53.340823,Paris-e5d7,34,18,Normal
2026-02-16 23:25:54.340823,Paris-e5d7,-15,67,Normal
2026-02-16 23:25:55.340823,Paris-e5d7,48,77,Normal
2026-02-16 23:25:56.340823,Paris-e5d7,-26,22,Normal
2026-02-16 23:25:57.340823,Paris-e5d7,2,10,Normal
2026-02-16 23:25:58.340823,Paris-e5d7,-11,87,Normal
2026-02-16 23:25:59.340823,Paris-e5d7,-9,64,Normal
2026-02-16 23:26:00.340823,Paris-e5d7,45,87,Normal
2026-02-16 23:26:01.340823,Paris-e5d7,-10,28,Normal
2026-02-16 23:26:02.340823,Paris-e5d7,27,83,Normal
2026-02-16 23:26:03.340823,Paris-e5d7,-15,85,Normal
2026-02-16 23:26:04.340823,Paris-e5d7,-6,86,Normal
2026-02-16 23:26:05.340823,Paris-e5d7,-14,80,Normal
2026-02-16 23:26:06.340823,Paris-e5d7,27,73,Normal
2026-02-16 23:26:07.340823,Paris-e5d7,40,62,Normal
2026-02-16 23:26:08.340823,Paris-e5d7,16,36,Normal
2026-02-16 23:26:09.340823,Paris-e5d7,7,94,Normal
2026-02-16 23:26:10.340823,Paris-e5d7,-27,36,Normal
2026-02-16 23:26:11.340823,Paris-e5d7,40,11,Normal
2026-02-16 23:26:12.340823,Paris-e5d7,39,21,Normal
2026-02-16 23:26:13.340823,Paris-e5d7,-29,37,Normal
2026-02-16 23:26:14.340823,Paris-e5d7,-10,13,Normal
2026-02-16 23:26:15.340823,Paris-e5d7,16,68,Normal
2026-02-16 23:26:16.340823,Paris-e5d7,39,98,Normal
2026-02-16 23:26:17.340823,Paris-e5d7,11,65,Normal
2026-02-16 23:26:18.340823,Paris-e5d7,28,55,Normal
2026-02-16 23:26:19.340823,Paris-e5d7,45,2,Normal
2026-02-16 23:26:20.340823,Paris-e5d7,-23,44,Normal
2026-02-16 23:26:21.340823,Paris-e5d7,50,11,Normal
2026-02-16 23:26:22.340823,Paris-e5d7,8,80,Normal
2026-02-16 23:26:23.340823,Paris-e5d7,-4,87,Normal
2026-02-16 23:26:24.340823,Paris-e5d7,-12,24,Normal
2026-02-16 23:26:25.340823,Paris-e5d7,21,72,Normal
2026-02-16 23:26:26.340823,Paris-e5d7,39,87,Normal
2026-02-16 23:26:27.340823,Paris-e5d7,-5,22,Normal
2026-02-16 23:26:28.340823,Paris-e5d7,32,43,Normal
2026-02-16 23:26:29.340823,Paris-e5d7,41,83,Normal
2026-02-16 23:26:30.340823,Paris-e5d7,45,69,Normal
2026-02-16 23:26:31.340823,Paris-e5d7,24,59,Normal
2026-02-16 23:26:32.340823,Paris-e5d7,42,63,Normal
2026-02-16 23:26:33.340823,Paris-e5d7,23,18,Normal
2026-02-16 23:26:34.340823,Paris-e5d7,-17,78,Normal
2026-02-16 23:26:35.340823,Paris-e5d7,30,94,Normal
2026-02-16 23:26:36.340823,Paris-e5d7,6,50,Normal
2026-02-16 23:26:37.340823,Paris-e5d7,-12,81,Normal
2026-02-16 23:26:38.340823,Paris-e5d7,46,3,Normal
2026-02-16 23:26:39.340823,Paris-e5d7,2,62,Normal
2026-02-16 23:26:40.340823,Paris-e5d7,10,24,Normal
2026-02-16 23:26:41.340823,Paris-e5d7,32,42,Normal
2026-02-16 23:26:42.340823,Paris-e5d7,-9,68,Normal
2026-02-16 23:26:43.340823,Paris-e5d7,27,50,Normal
2026-02-16 23:26:44.340823,Paris-e5d7,31,1,Normal
2026-02-16 23:26:45.340823,Paris-e5d7,13,88,Normal
2026-02-16 23:26:46.340823,Paris-e5d7,8,76,Normal
2026-02-16 23:26:47.340823,Paris-e5d7,-17,25,Normal
2026-02-16 23:26:48.340823,Paris-e5d7,29,65,Normal
2026-02-16 23:26:49.340823,Paris-e5d7,44,59,Normal
2026-02-16 23:26:50.340823,Paris-e5d7,34,60,Normal
2026-02-16 23:26:51.340823,Paris-e5d7,-24,54,Normal
2026-02-16 23:26:52.340823,Paris-e5d7,-5,32,Normal
2026-02-16 23:26:53.340823,Paris-e5d7,2,97,Normal
2026-02-16 23:26:54.340823,Paris-e5d7,-24,10,Normal
2026-02-16 23:26:55.340823,Paris-e5d7,12,5,Normal
2026-02-16 23:26:56.340823,Paris-e5d7,42,4,Normal
2026-02-16 23:26:57.340823,Paris-e5d7,42,54,Normal
2026-02-16 23:26:58.340823,Paris-e5d7,-2,93,Normal
2026-02-16 23:26:59.340823,Paris-e5d7,-14,29,Normal
2026-02-16 23:27:00.340823,Paris-e5d7,20,35,Normal
2026-02-16 23:27:01.340823,Paris-e5d7,46,64,Normal
2026-02-16 23:27:02.340823,Paris-e5d7,37,93,Normal
2026-02-16 23:27:03.340823,Paris-e5d7,-30,79,Normal
2026-02-16 23:27:04.340823,Paris-e5d7,-9,17,Normal
2026-02-16 23:27:05.340823,Paris-e5d7,23,94,Normal
2026-02-16 23:27:06.340823,Paris-e5d7,6,49,Normal
2026-02-16 23:27:07.340823,Paris-e5d7,27,85,Normal
2026-02-16 23:27:08.340823,Paris-e5d7,41,71,Normal
2026-02-16 23:27:09.340823,Paris-e5d7,-4,0,Normal
2026-02-16 23:27:10.340823,Paris-e5d7,29,15,Normal
2026-02-16 23:27:11.340823,Paris-e5d7,35,57,Normal
2026-02-16 23:27:12.340823,Paris-e5d7,-10,56,Normal
2026-02-16 23:27:13.340823,Paris-e5d7,31,50,Normal
2026-02-16 23:27:14.340823,Paris-e5d7,11,2,Normal
2026-02-16 23:27:15.340823,Paris-e5d7,5,59,Normal
2026-02-16 23:27:16.340823,Paris-e5d7,-25,45,Normal
2026-02-16 23:27:17.340823,Paris-e5d7,-11,41,Normal
2026-02-16 23:27:18.340823,Paris-e5d7,20,82,Normal
2026-02-16 23:27:19.340823,Paris-e5d7,30,74,Normal
2026-02-16 23:27:20.340823,Paris-e5d7,-17,67,Normal
2026-02-16 23:27:21.340823,Paris-e5d7,13,30,Normal
2026-02-16 23:27:22.340823,Paris-e5d7,38,34,Normal
2026-02-16 23:27:23.340823,Paris-e5d7,14,82,Normal
2026-02-16 23:27:24.340823,Paris-e5d7,-25,59,Normal
2026-02-16 23:27:25.340823,Paris-e5d7,-18,47,Normal
2026-02-16 23:27:26.340823,Paris-e5d7,4,51,Normal
2026-02-16 23:27:27.340823,Paris-e5d7,-30,9,Normal
2026-02-16 23:27:28.340823,Paris-e5d7,2,22,Normal
2026-02-16 23:27:29.340823,Paris-e5d7,27,56,Normal
2026-02-16 23:27:30.340823,Paris-e5d7,38,36,Normal
2026-02-16 23:27:31.340823,Paris-e5d7,22,39,Normal
2026-02-16 23:27:32.340823,Paris-e5d7,35,80,Normal
2026-02-16 23:27:33.340823,Paris-e5d7,18,41,Normal
2026-02-16 23:27:34.340823,Paris-e5d7,-3,37,Normal
2026-02-16 23:27:35.340823,Paris-e5d7,37,80,Normal
2026-02-16 23:27:36.340823,Paris-e5d7,21,0,Normal
2026-02-16 23:27:37.340823,Paris-e5d7,49,66,Normal
2026-02-16 23:27:38.340823,Paris-e5d7,-28,7,Normal
2026-02-16 23:27:39.340823,Paris-e5d7,7,10,Normal
2026-02-16 23:27:40.340823,Paris-e5d7,2,75,Normal
2026-02-16 23:27:41.340823,Paris-e5d7,2,61,Normal
2026-02-16 23:27:42.340823,Paris-e5d7,23,34,Normal
2026-02-16 23:27:43.340823,Paris-e5d7,-27,50,Normal
2026-02-16 23:27:44.340823,Paris-e5d7,-23,56,Normal
2026-02-16 23:27:45.340823,Paris-e5d7,-11,99,Normal
2026-02-16 23:27:46.340823,Paris-e5d7,42,76,Normal
2026-02-16 23:27:47.340823,Paris-e5d7,46,1,Normal
2026-02-16 23:27:48.340823,Paris-e5d7,-19,43,Normal
2026-02-16 23:27:49.340823,Paris-e5d7,27,79,Normal
2026-02-16 23:27:50.340823,Paris-e5d7,11,37,Normal
2026-02-16 23:27:51.340823,Paris-e5d7,40,28,Normal
2026-02-16 23:27:52.340823,Paris-e5d7,23,4,Normal
2026-02-16 23:27:53.340823,Paris-e5d7,5,36,Normal
2026-02-16 23:27:54.340823,Paris-e5d7,13,21,Normal
2026-02-16 23:27:55.340823,Paris-e5d7,42,28,Normal
2026-02-16 23:27:56.340823,Paris-e5d7,-15,21,Normal
2026-02-16 23:27:57.340823,Paris-e5d7,18,77,Normal
2026-02-16 23:27:58.340823,Paris-e5d7,-30,85,Normal
2026-02-16 23:27:59.340823,Paris-e5d7,-9,21,Normal
2026-02-16 23:28:00.340823,Paris-e5d7,-16,36,Normal
2026-02-16 23:28:01.340823,Paris-e5d7,48,100,Normal
2026-02-16 23:28:02.340823,Paris-e5d7,17,78,Normal
2026-02-16 23:28:03.340823,Paris-e5d7,0,29,Normal
2026-02-16 23:28:04.340823,Paris-e5d7,39,50,Normal
2026-02-16 23:28:05.340823,Paris-e5d7,17,79,Normal
2026-02-16 23:28:06.340823,Paris-e5d7,41,88,Normal
2026-02-16 23:28:07.340823,Paris-e5d7,-6,42,Normal
2026-02-16 23:28:08.340823,Paris-e5d7,-12,69,Normal
2026-02-16 23:28:09.340823,Paris-e5d7,17,60,Normal
2026-02-16 23:28:10.340823,Paris-e5d7,-3,75,Normal
2026-02-16 23:28:11.340823,Paris-e5d7,14,52,Normal
2026-02-16 23:28:12.340823,Paris-e5d7,-27,4,Normal
2026-02-16 23:28:13.340823,Paris-e5d7,3,91,Normal
2026-02-16 23:28:14.340823,Paris-e5d7,-24,31,Normal
2026-02-16 23:28:15.340823,Paris-e5d7,-25,82,Normal
2026-02-16 23:28:16.340823,Paris-e5d7,14,26,Normal
2026-02-16 23:28:17.340823,Paris-e5d7,7,76,Normal
2026-02-16 23:28:18.340823,Paris-e5d7,46,52,Normal
2026-02-16 23:28:19.340823,Paris-e5d7,33,36,Normal
2026-02-16 23:28:20.340823,Paris-e5d7,18,17,Normal
2026-02-16 23:28:21.340823,Paris-e5d7,24,97,Normal
2026-02-16 23:28:22.340823,Paris-e5d7,-14,61,Normal
2026-02-16 23:28:23.340823,Paris-e5d7,37,67,Normal
2026-02-16 23:28:24.340823,Paris-e5d7,-10,73,Normal
2026-02-16 23:28:25.340823,Paris-e5d7,-18,35,Normal
2026-02-16 23:28:26.340823,Paris-e5d7,-14,60,Normal
2026-02-16 23:28:27.340823,Paris-e5d7,34,75,Normal
2026-02-16 23:28:28.340823,Paris-e5d7,-8,59,Normal
2026-02-16 23:28:29.340823,Paris-e5d7,34,90,Normal
2026-02-16 23:28:30.340823,Paris-e5d7,-23,58,Normal
2026-02-16 23:28:31.340823,Paris-e5d7,6,23,Normal
2026-02-16 23:28:32.340823,Paris-e5d7,9,38,Normal
2026-02-16 23:28:33.340823,Paris-e5d7,6,64,Normal
2026-02-16 23:28:34.340823,Paris-e5d7,-5,14,Normal
2026-02-16 23:28:35.340823,Paris-e5d7,13,70,Normal
2026-02-16 23:28:36.340823,Paris-e5d7,29,46,Normal
2026-02-16 23:28:37.340823,Paris-e5d7,19,38,Normal
2026-02-16 23:28:38.340823,Paris-e5d7,-29,13,Normal
2026-02-16 23:28:39.340823,Paris-e5d7,31,67,Normal
2026-02-16 23:28:40.340823,Paris-e5d7,13,96,Normal
2026-02-16 23:28:41.340823,Paris-e5d7,-12,58,Normal
2026-02-16 23:28:42.340823,Paris-e5d7,25,88,Normal
2026-02-16 23:28:43.340823,Paris-e5d7,-15,69,Normal
2026-02-16 23:28:44.340823,Paris-e5d7,18,77,Normal
2026-02-16 23:28:45.340823,Paris-e5d7,8,83,Normal
2026-02-16 23:28:46.340823,Paris-e5d7,-14,80,Normal
2026-02-16 23:28:47.340823,Paris-e5d7,30,40,Normal
2026-02-16 23:28:48.340823,Paris-e5d7,3,56,Normal
2026-02-16 23:28:49.340823,Paris-e5d7,-27,81,Normal
2026-02-16 23:28:50.340823,Paris-e5d7,43,56,Normal
2026-02-16 23:28:51.340823,Paris-e5d7,33,3,Normal
2026-02-16 23:28:52.340823,Paris-e5d7,37,10,Normal
2026-02-16 23:28:53.340823,Paris-e5d7,14,63,Normal
2026-02-16 23:28:54.340823,Paris-e5d7,-7,55,Normal
2026-02-16 23:28:55.340823,Paris-e5d7,-18,16,Normal
2026-02-16 23:28:56.340823,Paris-e5d7,-27,6,Normal
2026-02-16 23:28:57.340823,Paris-e5d7,16,73,Normal
2026-02-16 23:28:58.340823,Paris-e5d7,8,91,Normal
2026-02-16 23:28:59.340823,Paris-e5d7,-11,62,Normal
2026-02-16 23:29:00.340823,Paris-e5d7,17,88,Normal
2026-02-16 23:29:01.340823,Paris-e5d7,-7,63,Normal
2026-02-16 23:29:02.340823,Paris-e5d7,6,50,Normal
2026-02-16 23:29:03.340823,Paris-e5d7,7,85,Normal
2026-02-16 23:29:04.340823,Paris-e5d7,-14,39,Normal
2026-02-16 23:29:05.340823,Paris-e5d7,39,76,Normal
2026-02-16 23:29:06.340823,Paris-e5d7,33,1,Normal
2026-02-16 23:29:07.340823,Paris-e5d7,3,42,Normal
2026-02-16 23:29:08.340823,Paris-e5d7,21,37,Normal
2026-02-16 23:29:09.340823,Paris-e5d7,16,30,Normal
2026-02-16 23:29:10.340823,Paris-e5d7,-18,27,Normal
2026-02-16 23:29:11.340823,Paris-e5d7,43,87,Normal
2026-02-16 23:29:12.340823,Paris-e5d7,18,9,Normal
2026-02-16 23:29:13.340823,Paris-e5d7,34,28,Normal
2026-02-16 23:29:14.340823,Paris-e5d7,12,87,Normal
2026-02-16 23:29:15.340823,Paris-e5d7,-20,27,Normal
2026-02-16 23:29:16.340823,Paris-e5d7,15,27,Normal
2026-02-16 23:29:17.340823,Paris-e5d7,40,84,Normal
2026-02-16 23:29:18.340823,Paris-e5d7,-27,80,Normal
2026-02-16 23:29:19.340823,Paris-e5d7,4,67,Normal
2026-02-16 23:29:20.340823,Paris-e5d7,19,96,Normal
2026-02-16 23:29:21.340823,Paris-e5d7,-4,44,Normal
2026-02-16 23:29:22.340823,Paris-e5d7,-8,35,Normal
2026-02-16 23:29:23.340823,Paris-e5d7,-7,55,Normal
2026-02-16 23:29:24.340823,Paris-e5d7,17,34,Normal
2026-02-16 23:29:25.340823,Paris-e5d7,-11,30,Normal
2026-02-16 23:29:26.340823,Paris-e5d7,33,92,Normal
2026-02-16 23:29:27.340823,Paris-e5d7,8,28,Normal
2026-02-16 23:29:28.340823,Paris-e5d7,41,64,Normal
2026-02-16 23:29:29.340823,Paris-e5d7,49,13,Normal
2026-02-16 23:29:30.340823,Paris-e5d7,0,95,Normal
2026-02-16 23:29:31.340823,Paris-e5d7,20,31,Normal
2026-02-16 23:29:32.340823,Paris-e5d7,31,6,Normal
2026-02-16 23:29:33.340823,Paris-e5d7,-15,92,Normal
2026-02-16 23:29:34.340823,Paris-e5d7,33,27,Normal
2026-02-16 23:29:35.340823,Paris-e5d7,41,99,Normal
2026-02-16 23:29:36.340823,Paris-e5d7,-22,1,Normal
2026-02-16 23:29:37.340823,Paris-e5d7,1,21,Normal
2026-02-16 23:29:38.340823,Paris-e5d7,16,8,Normal
2026-02-16 23:29:39.340823,Paris-e5d7,13,75,Normal
2026-02-16 23:29:40.340823,Paris-e5d7,-8,90,Normal
2026-02-16 23:29:41.340823,Paris-e5d7,-23,78,Normal
2026-02-16 23:29:42.340823,Paris-e5d7,-29,50,Normal
2026-02-16 23:29:43.340823,Paris-e5d7,49,27,Normal
2026-02-16 23:29:44.340823,Paris-e5d7,20,45,Normal
2026-02-16 23:29:45.340823,Paris-e5d7,15,43,Normal
2026-02-16 23:29:46.340823,Paris-e5d7,43,22,Normal
2026-02-16 23:29:47.340823,Paris-e5d7,19,53,Normal
2026-02-16 23:29:48.340823,Paris-e5d7,23,52,Normal
2026-02-16 23:29:49.340823,Paris-e5d7,-23,11,Normal
2026-02-16 23:29:50.340823,Paris-e5d7,-18,72,Normal
2026-02-16 23:29:51.340823,Paris-e5d7,49,31,Normal
2026-02-16 23:29:52.340823,Paris-e5d7,-15,55,Normal
2026-02-16 23:29:53.340823,Paris-e5d7,-23,99,Normal
2026-02-16 23:29:54.340823,Paris-e5d7,20,46,Normal
2026-02-16 23:29:55.340823,Paris-e5d7,48,53,Normal
2026-02-16 23:29:56.340823,Paris-e5d7,25,7,Normal
2026-02-16 23:29:57.340823,Paris-e5d7,35,100,Normal
2026-02-16 23:29:58.340823,Paris-e5d7,1,79,Normal
2026-02-16 23:29:59.340823,Paris-e5d7,26,28,Normal
2026-02-16 23:30:00.340823,Paris-e5d7,9,7,Normal
2026-02-16 23:30:01.340823,Paris-e5d7,47,46,Normal
2026-02-16 23:30:02.340823,Paris-e5d7,-1,64,Normal
2026-02-16 23:30:03.340823,Paris-e5d7,36,55,Normal
2026-02-16 23:30:04.340823,Paris-e5d7,43,27,Normal
2026-02-16 23:30:05.340823,Paris-e5d7,1,95,Normal
2026-02-16 23:30:06.340823,Paris-e5d7,13,68,Normal
2026-02-16 23:30:07.340823,Paris-e5d7,21,18,Normal
2026-02-16 23:30:08.340823,Paris-e5d7,15,72,Normal
2026-02-16 23:30:09.340823,Paris-e5d7,-28,90,Normal
2026-02-16 23:30:10.340823,Paris-e5d7,18,32,Normal
2026-02-16 23:30:11.340823,Paris-e5d7,31,98,Normal
2026-02-16 23:30:12.340823,Paris-e5d7,40,30,Normal
2026-02-16 23:30:13.340823,Paris-e5d7,19,46,Normal
2026-02-16 23:30:14.340823,Paris-e5d7,-3,73,Normal
2026-02-16 23:30:15.340823,Paris-e5d7,28,92,Normal
2026-02-16 23:30:16.340823,Paris-e5d7,-28,48,Normal
2026-02-16 23:30:17.340823,Paris-e5d7,26,79,Normal
2026-02-16 23:30:18.340823,Paris-e5d7,21,80,Normal
2026-02-16 23:30:19.340823,Paris-e5d7,8,11,Normal
2026-02-16 23:30:20.340823,Paris-e5d7,39,92,Normal
2026-02-16 23:30:21.340823,Paris-e5d7,13,65,Normal
2026-02-16 23:30:22.340823,Paris-e5d7,18,20,Normal
2026-02-16 23:30:23.340823,Paris-e5d7,-14,14,Normal
2026-02-16 23:30:24.340823,Paris-e5d7,-12,20,Normal
2026-02-16 23:30:25.340823,Paris-e5d7,24,19,Normal
2026-02-16 23:30:26.340823,Paris-e5d7,37,15,Normal
2026-02-16 23:30:27.340823,Paris-e5d7,26,27,Normal
2026-02-16 23:30:28.340823,Paris-e5d7,-2,38,Normal
2026-02-16 23:30:29.340823,Paris-e5d7,26,25,Normal
2026-02-16 23:30:30.340823,Paris-e5d7,25,31,Normal
2026-02-16 23:30:31.340823,Paris-e5d7,-2,18,Normal
2026-02-16 23:30:32.340823,Paris-e5d7,25,92,Normal
2026-02-16 23:30:33.340823,Paris-e5d7,50,40,Normal
2026-02-16 23:30:34.340823,Paris-e5d7,22,66,Normal
2026-02-16 23:30:35.340823,Paris-e5d7,9,34,Normal
2026-02-16 23:30:36.340823,Paris-e5d7,20,67,Normal
2026-02-16 23:30:37.340823,Paris-e5d7,23,45,Normal
2026-02-16 23:30:38.340823,Paris-e5d7,-29,67,Normal
2026-02-16 23:30:39.340823,Paris-e5d7,9,64,Normal
2026-02-16 23:30:40.340823,Paris-e5d7,-16,53,Normal
2026-02-16 23:30:41.340823,Paris-e5d7,14,30,Normal
2026-02-16 23:30:42.340823,Paris-e5d7,8,49,Normal
2026-02-16 23:30:43.340823,Paris-e5d7,-5,96,Normal
2026-02-16 23:30:44.340823,Paris-e5d7,29,74,Normal
2026-02-16 23:30:45.340823,Paris-e5d7,-16,80,Normal
2026-02-16 23:30:46.340823,Paris-e5d7,49,89,Normal
2026-02-16 23:30:47.340823,Paris-e5d7,37,94,Normal
2026-02-16 23:30:48.340823,Paris-e5d7,-4,32,Normal
2026-02-16 23:30:49.340823,Paris-e5d7,-13,86,Normal
2026-02-16 23:30:50.340823,Paris-e5d7,41,80,Normal
2026-02-16 23:30:51.340823,Paris-e5d7,-22,63,Normal
2026-02-16 23:30:52.340823,Paris-e5d7,39,11,Normal
2026-02-16 23:30:53.340823,Paris-e5d7,1,59,Normal
2026-02-16 23:30:54.340823,Paris-e5d7,-29,81,Normal
2026-02-16 23:30:55.340823,Paris-e5d7,22,50,Normal
2026-02-16 23:30:56.340823,Paris-e5d7,26,53,Normal
2026-02-16 23:30:57.340823,Paris-e5d7,14,73,Normal
2026-02-16 23:30:58.340823,Paris-e5d7,-21,24,Normal
2026-02-16 23:30:59.340823,Paris-e5d7,14,73,Normal
2026-02-16 23:31:00.340823,Paris-e5d7,0,67,Normal
2026-02-16 23:31:01.340823,Paris-e5d7,43,93,Normal
2026-02-16 23:31:02.340823,Paris-e5d7,35,48,Normal
2026-02-16 23:31:03.340823,Paris-e5d7,26,46,Normal
2026-02-16 23:31:04.340823,Paris-e5d7,36,88,Normal
2026-02-16 23:31:05.340823,Paris-e5d7,-2,94,Normal
2026-02-16 23:31:06.340823,Paris-e5d7,35,11,Normal
2026-02-16 23:31:07.340823,Paris-e5d7,46,92,Normal
2026-02-16 23:31:08.340823,Paris-e5d7,4,98,Normal
2026-02-16 23:31:09.340823,Paris-e5d7,5,11,Normal
2026-02-16 23:31:10.340823,Paris-e5d7,-26,21,Normal
2026-02-16 23:31:11.340823,Paris-e5d7,-12,24,Normal
2026-02-16 23:31:12.340823,Paris-e5d7,9,57,Normal
2026-02-16 23:31:13.340823,Paris-e5d7,18,98,Normal
2026-02-16 23:31:14.340823,Paris-e5d7,-7,88,Normal
2026-02-16 23:31:15.340823,Paris-e5d7,50,0,Normal
2026-02-16 23:31:16.340823,Paris-e5d7,33,50,Normal
2026-02-16 23:31:17.340823,Paris-e5d7,-20,21,Normal
2026-02-16 23:31:18.340823,Paris-e5d7,28,50,Normal
2026-02-16 23:31:19.340823,Paris-e5d7,-9,49,Normal
2026-02-16 23:31:20.340823,Paris-e5d7,-12,94,Normal
2026-02-16 23:31:21.340823,Paris-e5d7,-18,5,Normal
2026-02-16 23:31:22.340823,Paris-e5d7,34,27,Normal
2026-02-16 23:31:23.340823,Paris-e5d7,-15,60,Normal
2026-02-16 23:31:24.340823,Paris-e5d7,-28,91,Normal
2026-02-16 23:31:25.340823,Paris-e5d7,48,88,Normal
2026-02-16 23:31:26.340823,Paris-e5d7,7,33,Normal
2026-02-16 23:31:27.340823,Paris-e5d7,44,67,Normal
2026-02-16 23:31:28.340823,Paris-e5d7,0,83,Normal
2026-02-16 23:31:29.340823,Paris-e5d7,-21,97,Normal
2026-02-16 23:31:30.340823,Paris-e5d7,17,60,Normal
2026-02-16 23:31:31.340823,Paris-e5d7,26,93,Normal
2026-02-16 23:31:32.340823,Paris-e5d7,15,53,Normal
2026-02-16 23:31:33.340823,Paris-e5d7,33,41,Normal
2026-02-16 23:31:34.340823,Paris-e5d7,-12,72,Normal
2026-02-16 23:31:35.340823,Paris-e5d7,-12,35,Normal
2026-02-16 23:31:36.340823,Paris-e5d7,-6,61,Normal
2026-02-16 23:31:37.340823,Paris-e5d7,5,96,Normal
2026-02-16 23:31:38.340823,Paris-e5d7,-24,97,Normal
2026-02-16 23:31:39.340823,Paris-e5d7,-25,7,Normal
2026-02-16 23:31:40.340823,Paris-e5d7,31,31,Normal
2026-02-16 23:31:41.340823,Paris-e5d7,-7,23,Normal
2026-02-16 23:31:42.340823,Paris-e5d7,26,1,Normal
2026-02-16 23:31:43.340823,Paris-e5d7,50,88,Normal
2026-02-16 23:31:44.340823,Paris-e5d7,33,98,Normal
2026-02-16 23:31:45.340823,Paris-e5d7,4,41,Normal
2026-02-16 23:31:46.340823,Paris-e5d7,2,75,Normal
2026-02-16 23:31:47.340823,Paris-e5d7,19,72,Normal
2026-02-16 23:31:48.340823,Paris-e5d7,12,64,Normal
2026-02-16 23:31:49.340823,Paris-e5d7,23,28,Normal
2026-02-16 23:31:50.340823,Paris-e5d7,-22,37,Normal
2026-02-16 23:31:51.340823,Paris-e5d7,9,85,Normal
2026-02-16 23:31:52.340823,Paris-e5d7,44,3,Normal
2026-02-16 23:31:53.340823,Paris-e5d7,-14,23,Normal
2026-02-16 23:31:54.340823,Paris-e5d7,-4,98,Normal
2026-02-16 23:31:55.340823,Paris-e5d7,3,51,Normal
2026-02-16 23:31:56.340823,Paris-e5d7,-18,30,Normal
2026-02-16 23:31:57.340823,Paris-e5d7,39,10,Normal
2026-02-16 23:31:58.340823,Paris-e5d7,32,65,Normal
2026-02-16 23:31:59.340823,Paris-e5d7,9,50,Normal
2026-02-16 23:32:00.340823,Paris-e5d7,-21,73,Normal
2026-02-16 23:32:01.340823,Paris-e5d7,22,50,Normal
2026-02-16 23:32:02.340823,Paris-e5d7,5,55,Normal
2026-02-16 23:32:03.340823,Paris-e5d7,-20,60,Normal
2026-02-16 23:32:04.340823,Paris-e5d7,44,5,Normal
2026-02-16 23:32:05.340823,Paris-e5d7,-27,82,Normal
2026-02-16 23:32:06.340823,Paris-e5d7,38,23,Normal
2026-02-16 23:32:07.340823,Paris-e5d7,4,3,Normal
2026-02-16 23:32:08.340823,Paris-e5d7,30,21,Normal
2026-02-16 23:32:09.340823,Paris-e5d7,4,88,Normal
2026-02-16 23:32:10.340823,Paris-e5d7,21,10,Normal
2026-02-16 23:32:11.340823,Paris-e5d7,-13,51,Normal
2026-02-16 23:32:12.340823,Paris-e5d7,48,29,Normal
2026-02-16 23:32:13.340823,Paris-e5d7,32,34,Normal
2026-02-16 23:32:14.340823,Paris-e5d7,-2,97,Normal
2026-02-16 23:32:15.340823,Paris-e5d7,49,73,Normal
2026-02-16 23:32:16.340823,Paris-e5d7,-11,9,Normal
2026-02-16 23:32:17.340823,Paris-e5d7,50,15,Normal
2026-02-16 23:32:18.340823,Paris-e5d7,14,27,Normal
2026-02-16 23:32:19.340823,Paris-e5d7,-10,52,Normal
2026-02-16 23:32:20.340823,Paris-e5d7,33,33,Normal
2026-02-16 23:32:21.340823,Paris-e5d7,-7,68,Normal
2026-02-16 23:32:22.340823,Paris-e5d7,15,41,Normal
2026-02-16 23:32:23.340823,Paris-e5d7,-23,0,Normal
2026-02-16 23:32:24.340823,Paris-e5d7,4,2,Normal
2026-02-16 23:32:25.340823,Paris-e5d7,-30,0,Normal
2026-02-16 23:32:26.340823,Paris-e5d7,-21,96,Normal
2026-02-16 23:32:27.340823,Paris-e5d7,-19,46,Normal
2026-02-16 23:32:28.340823,Paris-e5d7,31,54,Normal
2026-02-16 23:32:29.340823,Paris-e5d7,39,4,Normal
2026-02-16 23:32:30.340823,Paris-e5d7,4,31,Normal
2026-02-16 23:32:31.340823,Paris-e5d7,-12,33,Normal
2026-02-16 23:32:32.340823,Paris-e5d7,27,38,Normal
2026-02-16 23:32:33.340823,Paris-e5d7,-5,58,Normal
2026-02-16 23:32:34.340823,Paris-e5d7,31,37,Normal
2026-02-16 23:32:35.340823,Paris-e5d7,37,45,Normal
2026-02-16 23:32:36.340823,Paris-e5d7,26,64,Normal
2026-02-16 23:32:37.340823,Paris-e5d7,9,14,Normal
2026-02-16 23:32:38.340823,Paris-e5d7,33,50,Normal
2026-02-16 23:32:39.340823,Paris-e5d7,-13,19,Normal
2026-02-16 23:32:40.340823,Paris-e5d7,1,11,Normal
2026-02-16 23:32:41.340823,Paris-e5d7,17,82,Normal
2026-02-16 23:32:42.340823,Paris-e5d7,16,22,Normal
2026-02-16 23:32:43.340823,Paris-e5d7,-6,90,Normal
2026-02-16 23:32:44.340823,Paris-e5d7,11,74,Normal
2026-02-16 23:32:45.340823,Paris-e5d7,24,39,Normal
2026-02-16 23:32:46.340823,Paris-e5d7,-15,78,Normal
2026-02-16 23:32:47.340823,Paris-e5d7,11,81,Normal
2026-02-16 23:32:48.340823,Paris-e5d7,2,18,Normal
2026-02-16 23:32:49.340823,Paris-e5d7,38,28,Normal
2026-02-16 23:32:50.340823,Paris-e5d7,11,51,Normal
2026-02-16 23:32:51.340823,Paris-e5d7,3,4,Normal
2026-02-16 23:32:52.340823,Paris-e5d7,-20,42,Normal
2026-02-16 23:32:53.340823,Paris-e5d7,-21,90,Normal
2026-02-16 23:32:54.340823,Paris-e5d7,39,92,Normal
2026-02-16 23:32:55.340823,Paris-e5d7,40,75,Normal
2026-02-16 23:32:56.340823,Paris-e5d7,44,51,Normal
2026-02-16 23:32:57.340823,Paris-e5d7,21,80,Normal
2026-02-16 23:32:58.340823,Paris-e5d7,3,100,Normal
2026-02-16 23:32:59.340823,Paris-e5d7,9,52,Normal
2026-02-16 23:33:00.340823,Paris-e5d7,25,3,Normal
2026-02-16 23:33:01.340823,Paris-e5d7,-7,6,Normal
2026-02-16 23:33:02.340823,Paris-e5d7,20,91,Normal
2026-02-16 23:33:03.340823,Paris-e5d7,-3,26,Normal
2026-02-16 23:33:04.340823,Paris-e5d7,17,56,Normal
2026-02-16 23:33:05.340823,Paris-e5d7,-13,45,Normal
2026-02-16 23:33:06.340823,Paris-e5d7,-6,56,Normal
2026-02-16 23:33:07.340823,Paris-e5d7,16,75,Normal
2026-02-16 23:33:08.340823,Paris-e5d7,-9,82,Normal
2026-02-16 23:33:09.340823,Paris-e5d7,28,32,Normal
2026-02-16 23:33:10.340823,Paris-e5d7,-21,48,Normal
2026-02-16 23:33:11.340823,Paris-e5d7,28,26,Normal
2026-02-16 23:33:12.340823,Paris-e5d7,50,47,Normal
2026-02-16 23:33:13.340823,Paris-e5d7,-8,64,Normal
2026-02-16 23:33:14.340823,Paris-e5d7,15,90,Normal
2026-02-16 23:33:15.340823,Paris-e5d7,-21,41,Normal
2026-02-16 23:33:16.340823,Paris-e5d7,28,55,Normal
2026-02-16 23:33:17.340823,Paris-e5d7,14,37,Normal
2026-02-16 23:33:18.340823,Paris-e5d7,29,56,Normal
2026-02-16 23:33:19.340823,Paris-e5d7,-22,57,Normal
2026-02-16 23:33:20.340823,Paris-e5d7,19,16,Normal
2026-02-16 23:33:21.340823,Paris-e5d7,-9,49,Normal
2026-02-16 23:33:22.340823,Paris-e5d7,3,71,Normal
2026-02-16 23:33:23.340823,Paris-e5d7,44,1,Normal
2026-02-16 23:33:24.340823,Paris-e5d7,43,64,Normal
2026-02-16 23:33:25.340823,Paris-e5d7,11,69,Normal
2026-02-16 23:33:26.340823,Paris-e5d7,28,78,Normal
2026-02-16 23:33:27.340823,Paris-e5d7,-16,48,Normal
2026-02-16 23:33:28.340823,Paris-e5d7,22,40,Normal
2026-02-16 23:33:29.340823,Paris-e5d7,19,74,Normal
2026-02-16 23:33:30.340823,Paris-e5d7,13,95,Normal
2026-02-16 23:33:31.340823,Paris-e5d7,17,56,Normal
2026-02-16 23:33:32.340823,Paris-e5d7,-7,91,Normal
2026-02-16 23:33:33.340823,Paris-e5d7,18,92,Normal
2026-02-16 23:33:34.340823,Paris-e5d7,5,98,Normal
2026-02-16 23:33:35.340823,Paris-e5d7,-23,46,Normal
2026-02-16 23:33:36.340823,Paris-e5d7,-15,86,Normal
2026-02-16 23:33:37.340823,Paris-e5d7,40,91,Normal
2026-02-16 23:33:38.340823,Paris-e5d7,-29,33,Normal
2026-02-16 23:33:39.340823,Paris-e5d7,18,64,Normal
2026-02-16 23:33:40.340823,Paris-e5d7,-5,41,Normal
2026-02-16 23:33:41.340823,Paris-e5d7,27,76,Normal
2026-02-16 23:33:42.340823,Paris-e5d7,39,68,Normal
2026-02-16 23:33:43.340823,Paris-e5d7,3,48,Normal
2026-02-16 23:33:44.340823,Paris-e5d7,-17,46,Normal
2026-02-16 23:33:45.340823,Paris-e5d7,19,46,Normal
2026-02-16 23:33:46.340823,Paris-e5d7,26,63,Normal
2026-02-16 23:33:47.340823,Paris-e5d7,19,82,Normal
2026-02-16 23:33:48.340823,Paris-e5d7,13,16,Normal
2026-02-16 23:33:49.340823,Paris-e5d7,16,73,Normal
2026-02-16 23:33:50.340823,Paris-e5d7,24,85,Normal
2026-02-16 23:33:51.340823,Paris-e5d7,32,15,Normal
2026-02-16 23:33:52.340823,Paris-e5d7,43,18,Normal
2026-02-16 23:33:53.340823,Paris-e5d7,42,5,Normal
2026-02-16 23:33:54.340823,Paris-e5d7,13,87,Normal
2026-02-16 23:33:55.340823,Paris-e5d7,6,95,Normal
2026-02-16 23:33:56.340823,Paris-e5d7,8,29,Normal
2026-02-16 23:33:57.340823,Paris-e5d7,8,3,Normal
2026-02-16 23:33:58.340823,Paris-e5d7,35,40,Normal
2026-02-16 23:33:59.340823,Paris-e5d7,23,10,Normal
2026-02-16 23:34:00.340823,Paris-e5d7,-9,66,Normal
2026-02-16 23:34:01.340823,Paris-e5d7,37,45,Normal
2026-02-16 23:34:02.340823,Paris-e5d7,32,83,Normal
2026-02-16 23:34:03.340823,Paris-e5d7,46,58,Normal
2026-02-16 23:34:04.340823,Paris-e5d7,3,77,Normal
2026-02-16 23:34:05.340823,Paris-e5d7,-9,21,Normal
2026-02-16 23:34:06.340823,Paris-e5d7,21,82,Normal
2026-02-16 23:34:07.340823,Paris-e5d7,49,23,Normal
2026-02-16 23:34:08.340823,Paris-e5d7,-14,7,Normal
2026-02-16 23:34:09.340823,Paris-e5d7,-26,36,Normal
2026-02-16 23:34:10.340823,Paris-e5d7,-19,30,Normal
2026-02-16 23:34:11.340823,Paris-e5d7,-18,13,Normal
2026-02-16 23:34:12.340823,Paris-e5d7,-30,72,Normal
2026-02-16 23:34:13.340823,Paris-e5d7,-1,94,Normal
2026-02-16 23:34:14.340823,Paris-e5d7,44,98,Normal
2026-02-16 23:34:15.340823,Paris-e5d7,-21,20,Normal
2026-02-16 23:34:16.340823,Paris-e5d7,3,63,Normal
2026-02-16 23:34:17.340823,Paris-e5d7,-26,41,Normal
2026-02-16 23:34:18.340823,Paris-e5d7,15,55,Normal
2026-02-16 23:34:19.340823,Paris-e5d7,4,14,Normal
2026-02-16 23:34:20.340823,Paris-e5d7,17,7,Normal
2026-02-16 23:34:21.340823,Paris-e5d7,-13,1,Normal
2026-02-16 23:34:22.340823,Paris-e5d7,43,13,Normal
2026-02-16 23:34:23.340823,Paris-e5d7,10,71,Normal
2026-02-16 23:34:24.340823,Paris-e5d7,-11,65,Normal
2026-02-16 23:34:25.340823,Paris-e5d7,45,82,Normal
2026-02-16 23:34:26.340823,Paris-e5d7,38,87,Normal
2026-02-16 23:34:27.340823,Paris-e5d7,30,14,Normal
2026-02-16 23:34:28.340823,Paris-e5d7,50,20,Normal
2026-02-16 23:34:29.340823,Paris-e5d7,10,23,Normal
2026-02-16 23:34:30.340823,Paris-e5d7,27,81,Normal
2026-02-16 23:34:31.340823,Paris-e5d7,40,96,Normal
2026-02-16 23:34:32.340823,Paris-e5d7,28,9,Normal
2026-02-16 23:34:33.340823,Paris-e5d7,34,43,Normal
2026-02-16 23:34:34.340823,Paris-e5d7,-7,64,Normal
2026-02-16 23:34:35.340823,Paris-e5d7,42,20,Normal
2026-02-16 23:34:36.340823,Paris-e5d7,43,53,Normal
2026-02-16 23:34:37.340823,Paris-e5d7,50,98,Normal
2026-02-16 23:34:38.340823,Paris-e5d7,30,95,Normal
2026-02-16 23:34:39.340823,Paris-e5d7,-2,68,Normal
2026-02-16 23:34:40.340823,Paris-e5d7,20,90,Normal
2026-02-16 23:34:41.340823,Paris-e5d7,10,79,Normal
2026-02-16 23:34:42.340823,Paris-e5d7,-19,72,Normal
2026-02-16 23:34:43.340823,Paris-e5d7,22,26,Normal
2026-02-16 23:34:44.340823,Paris-e5d7,-18,40,Normal
2026-02-16 23:34:45.340823,Paris-e5d7,28,42,Normal
2026-02-16 23:34:46.340823,Paris-e5d7,37,14,Normal
2026-02-16 23:34:47.340823,Paris-e5d7,19,25,Normal
2026-02-16 23:34:48.340823,Paris-e5d7,47,60,Normal
2026-02-16 23:34:49.340823,Paris-e5d7,-12,80,Normal
2026-02-16 23:34:50.340823,Paris-e5d7,-26,56,Normal
2026-02-16 23:34:51.340823,Paris-e5d7,24,95,Normal
2026-02-16 23:34:52.340823,Paris-e5d7,28,79,Normal
2026-02-16 23:34:53.340823,Paris-e5d7,5,1,Normal
2026-02-16 23:34:54.340823,Paris-e5d7,38,8,Normal
2026-02-16 23:34:55.340823,Paris-e5d7,-14,68,Normal
2026-02-16 23:34:56.340823,Paris-e5d7,45,93,Normal
2026-02-16 23:34:57.340823,Paris-e5d7,45,36,Normal
2026-02-16 23:34:58.340823,Paris-e5d7,38,94,Normal
2026-02-16 23:34:59.340823,Paris-e5d7,-5,82,Normal
2026-02-16 23:35:00.340823,Paris-e5d7,3,0,Normal
2026-02-16 23:35:01.340823,Paris-e5d7,7,46,Normal
2026-02-16 23:35:02.340823,Paris-e5d7,-7,92,Normal
2026-02-16 23:35:03.340823,Paris-e5d7,50,66,Normal
2026-02-16 23:35:04.340823,Paris-e5d7,-17,42,Normal
2026-02-16 23:35:05.340823,Paris-e5d7,23,55,Normal
2026-02-16 23:35:06.340823,Paris-e5d7,20,18,Normal
2026-02-16 23:35:07.340823,Paris-e5d7,46,33,Normal
2026-02-16 23:35:08.340823,Paris-e5d7,37,81,Normal
2026-02-16 23:35:09.340823,Paris-e5d7,-1,98,Normal
2026-02-16 23:35:10.340823,Paris-e5d7,-5,71,Normal
2026-02-16 23:35:11.340823,Paris-e5d7,-6,86,Normal
2026-02-16 23:35:12.340823,Paris-e5d7,23,49,Normal
2026-02-16 23:35:13.340823,Paris-e5d7,39,36,Normal
2026-02-16 23:35:14.340823,Paris-e5d7,2,56,Normal
2026-02-16 23:35:15.340823,Paris-e5d7,-18,62,Normal
2026-02-16 23:35:16.340823,Paris-e5d7,24,63,Normal
2026-02-16 23:35:17.340823,Paris-e5d7,44,80,Normal
2026-02-16 23:35:18.340823,Paris-e5d7,-22,98,Normal
2026-02-16 23:35:19.340823,Paris-e5d7,-7,16,Normal
2026-02-16 23:35:20.340823,Paris-e5d7,15,17,Normal
2026-02-16 23:35:21.340823,Paris-e5d7,-13,27,Normal
2026-02-16 23:35:22.340823,Paris-e5d7,18,99,Normal
2026-02-16 23:35:23.340823,Paris-e5d7,30,99,Normal
2026-02-16 23:35:24.340823,Paris-e5d7,26,83,Normal
2026-02-16 23:35:25.340823,Paris-e5d7,2,28,Normal
2026-02-16 23:35:26.340823,Paris-e5d7,44,69,Normal
2026-02-16 23:35:27.340823,Paris-e5d7,45,67,Normal
2026-02-16 23:35:28.340823,Paris-e5d7,-12,93,Normal
2026-02-16 23:35:29.340823,Paris-e5d7,3,1,Normal
2026-02-16 23:35:30.340823,Paris-e5d7,-28,69,Normal
2026-02-16 23:35:31.340823,Paris-e5d7,0,71,Normal
2026-02-16 23:35:32.340823,Paris-e5d7,-2,19,Normal
2026-02-16 23:35:33.340823,Paris-e5d7,-20,5,Normal
2026-02-16 23:35:34.340823,Paris-e5d7,9,78,Normal
2026-02-16 23:35:35.340823,Paris-e5d7,-21,7,Normal
2026-02-16 23:35:36.340823,Paris-e5d7,49,60,Normal
2026-02-16 23:35:37.340823,Paris-e5d7,38,25,Normal
2026-02-16 23:35:38.340823,Paris-e5d7,-6,43,Normal
2026-02-16 23:35:39.340823,Paris-e5d7,26,72,Normal
2026-02-16 23:35:40.340823,Paris-e5d7,25,47,Normal
2026-02-16 23:35:41.340823,Paris-e5d7,11,94,Normal
2026-02-16 23:35:42.340823,Paris-e5d7,-19,87,Normal
2026-02-16 23:35:43.340823,Paris-e5d7,-12,12,Normal
