timestamp,station_id,temp,humid,condition
2026-02-09 23:12:21.620067,Berlin-1cb8,3,98,Normal
2026-02-09 23:12:22.620067,Berlin-1cb8,1,8,Normal
2026-02-09 23:12:23.620067,Berlin-1cb8,40,3,Normal
2026-02-09 23:12:24.620067,Berlin-1cb8,8,24,Normal
2026-02-09 23:12:25.620067,Berlin-1cb8,31,0,Normal
2026-02-09 23:12:26.620067,Berlin-1cb8,-29,20,Normal
2026-02-09 23:12:27.620067,Berlin-1cb8,-3,57,Normal
2026-02-09 23:12:28.620067,Berlin-1cb8,19,84,Normal
2026-02-09 23:12:29.620067,Berlin-1cb8,1,51,Normal
2026-02-09 23:12:30.620067,Berlin-1cb8,27,72,Normal
2026-02-09 23:12:31.620067,Berlin-1cb8,24,92,Normal
2026-02-09 23:12:32.620067,Berlin-1cb8,44,8,Normal
2026-02-09 23:12:33.620067,Berlin-1cb8,-12,44,Normal
2026-02-09 23:12:34.620067,Berlin-1cb8,50,50,Normal
2026-02-09 23:12:35.620067,Berlin-1cb8,5,84,Normal
2026-02-09 23:12:36.620067,Berlin-1cb8,48,66,Normal
2026-02-09 23:12:37.620067,Berlin-1cb8,9,66,Normal
2026-02-09 23:12:38.620067,Berlin-1cb8,22,39,Normal
2026-02-09 23:12:39.620067,Berlin-1cb8,33,60,Normal
2026-02-09 23:12:40.620067,Berlin-1cb8,7,38,Normal
2026-02-09 23:12:41.620067,Berlin-1cb8,50,24,Normal
2026-02-09 23:12:42.620067,Berlin-1cb8,-27,74,Normal
2026-02-09 23:12:43.620067,Berlin-1cb8,40,4,Normal
2026-02-09 23:12:44.620067,Berlin-1cb8,19,82,Normal
2026-02-09 23:12:45.620067,Berlin-1cb8,0,65,Normal
2026-02-09 23:12:46.620067,Berlin-1cb8,15,55,Normal
2026-02-09 23:12:47.620067,Berlin-1cb8,-24,64,Normal
2026-02-09 23:12:48.620067,Berlin-1cb8,-29,43,Normal
2026-02-09 23:12:49.620067,Berlin-1cb8,45,83,Normal
2026-02-09 23:12:50.620067,Berlin-1cb8,14,64,Normal
2026-02-09 23:12:51.620067,Berlin-1cb8,20,7,Normal
2026-02-09 23:12:52.620067,Berlin-1cb8,-3,55,Normal
2026-02-09 23:12:53.620067,Berlin-1cb8,11,96,Normal
2026-02-09 23:12:54.620067,Berlin-1cb8,11,68,Normal
2026-02-09 23:12:55.620067,Berlin-1cb8,-17,54,Normal
2026-02-09 23:12:56.620067,Berlin-1cb8,25,84,Normal
2026-02-09 23:12:57.620067,Berlin-1cb8,8,52,Normal
2026-02-09 23:12:58.620067,Berlin-1cb8,23,29,Normal
2026-02-09 23:12:59.620067,Berlin-1cb8,16,6,Normal
2026-02-09 23:13:00.620067,Berlin-1cb8,-19,97,Normal
2026-02-09 23:13:01.620067,Berlin-1cb8,-30,42,Normal
2026-02-09 23:13:02.620067,Berlin-1cb8,41,80,Normal
2026-02-09 23:13:03.620067,Berlin-1cb8,9,17,Normal
2026-02-09 23:13:04.620067,Berlin-1cb8,24,22,Normal
2026-02-09 23:13:05.620067,Berlin-1cb8,35,71,Normal
2026-02-09 23:13:06.620067,Berlin-1cb8,13,50,Normal
2026-02-09 23:13:07.620067,Berlin-1cb8,45,11,Normal
2026-02-09 23:13:08.620067,Berlin-1cb8,8,19,Normal
2026-02-09 23:13:09.620067,Berlin-1cb8,48,36,Normal
2026-02-09 23:13:10.620067,Berlin-1cb8,0,57,Normal
2026-02-09 23:13:11.620067,Berlin-1cb8,-26,5,Normal
2026-02-09 23:13:12.620067,Berlin-1cb8,-30,79,Normal
2026-02-09 23:13:13.620067,Berlin-1cb8,37,30,Normal
2026-02-09 23:13:14.620067,Berlin-1cb8,-8,6,Normal
2026-02-09 23:13:15.620067,Berlin-1cb8,20,22,Normal
2026-02-09 23:13:16.620067,Berlin-1cb8,23,94,Normal
2026-02-09 23:13:17.620067,Berlin-1cb8,9,84,Normal
2026-02-09 23:13:18.620067,Berlin-1cb8,-3,28,Normal
2026-02-09 23:13:19.620067,Berlin-1cb8,23,54,Normal
2026-02-09 23:13:20.620067,Berlin-1cb8,33,59,Normal
2026-02-09 23:13:21.620067,Berlin-1cb8,24,45,Normal
2026-02-09 23:13:22.620067,Berlin-1cb8,50,74,Normal
2026-02-09 23:13:23.620067,Berlin-1cb8,10,53,Normal
2026-02-09 23:13:24.620067,Berlin-1cb8,8,84,Normal
2026-02-09 23:13:25.620067,Berlin-1cb8,0,46,Normal
2026-02-09 23:13:26.620067,Berlin-1cb8,46,1,Normal
2026-02-09 23:13:27.620067,Berlin-1cb8,-14,18,Normal
2026-02-09 23:13:28.620067,Berlin-1cb8,18,33,Normal
2026-02-09 23:13:29.620067,Berlin-1cb8,46,93,Normal
2026-02-09 23:13:30.620067,Berlin-1cb8,-18,97,Normal
2026-02-09 23:13:31.620067,Berlin-1cb8,45,48,Normal
2026-02-09 23:13:32.620067,Berlin-1cb8,-1,72,Normal
2026-02-09 23:13:33.620067,Berlin-1cb8,45,9,Normal
2026-02-09 23:13:34.620067,Berlin-1cb8,3,79,Normal
2026-02-09 23:13:35.620067,Berlin-1cb8,43,41,Normal
2026-02-09 23:13:36.620067,Berlin-1cb8,35,12,Normal
2026-02-09 23:13:37.620067,Berlin-1cb8,14,76,Normal
2026-02-09 23:13:38.620067,Berlin-1cb8,34,4,Normal
2026-02-09 23:13:39.620067,Berlin-1cb8,11,78,Normal
2026-02-09 23:13:40.620067,Berlin-1cb8,43,35,Normal
2026-02-09 23:13:41.620067,Berlin-1cb8,-5,88,Normal
2026-02-09 23:13:42.620067,Berlin-1cb8,-19,51,Normal
2026-02-09 23:13:43.620067,Berlin-1cb8,-7,42,Normal
2026-02-09 23:13:44.620067,Berlin-1cb8,15,83,Normal
2026-02-09 23:13:45.620067,Berlin-1cb8,-10,47,Normal
2026-02-09 23:13:46.620067,Berlin-1cb8,17,25,Normal
2026-02-09 23:13:47.620067,Berlin-1cb8,36,19,Normal
2026-02-09 23:13:48.620067,Berlin-1cb8,7,65,Normal
2026-02-09 23:13:49.620067,Berlin-1cb8,19,84,Normal
2026-02-09 23:13:50.620067,Berlin-1cb8,29,57,Normal
2026-02-09 23:13:51.620067,Berlin-1cb8,40,100,Normal
2026-02-09 23:13:52.620067,Berlin-1cb8,12,87,Normal
2026-02-09 23:13:53.620067,Berlin-1cb8,-4,100,Normal
2026-02-09 23:13:54.620067,Berlin-1cb8,8,58,Normal
2026-02-09 23:13:55.620067,Berlin-1cb8,-26,23,Normal
2026-02-09 23:13:56.620067,Berlin-1cb8,46,42,Normal
2026-02-09 23:13:57.620067,Berlin-1cb8,0,10,Normal
2026-02-09 23:13:58.620067,Berlin-1cb8,19,80,Normal
2026-02-09 23:13:59.620067,Berlin-1cb8,45,95,Normal
2026-02-09 23:14:00.620067,Berlin-1cb8,24,32,Normal
2026-02-09 23:14:01.620067,Berlin-1cb8,23,86,Normal
2026-02-09 23:14:02.620067,Berlin-1cb8,49,36,Normal
2026-02-09 23:14:03.620067,Berlin-1cb8,-27,56,Normal
2026-02-09 23:14:04.620067,Berlin-1cb8,33,47,Normal
2026-02-09 23:14:05.620067,Berlin-1cb8,41,56,Normal
2026-02-09 23:14:06.620067,Berlin-1cb8,2,3,Normal
2026-02-09 23:14:07.620067,Berlin-1cb8,-30,35,Normal
2026-02-09 23:14:08.620067,Berlin-1cb8,28,1,Normal
2026-02-09 23:14:09.620067,Berlin-1cb8,2,68,Normal
2026-02-09 23:14:10.620067,Berlin-1cb8,-9,11,Normal
2026-02-09 23:14:11.620067,Berlin-1cb8,-13,52,Normal
2026-02-09 23:14:12.620067,Berlin-1cb8,19,9,Normal
2026-02-09 23:14:13.620067,Berlin-1cb8,2,65,Normal
2026-02-09 23:14:14.620067,Berlin-1cb8,13,87,Normal
2026-02-09 23:14:15.620067,Berlin-1cb8,-12,50,Normal
2026-02-09 23:14:16.620067,Berlin-1cb8,42,96,Normal
2026-02-09 23:14:17.620067,Berlin-1cb8,12,46,Normal
2026-02-09 23:14:18.620067,Berlin-1cb8,38,44,Normal
2026-02-09 23:14:19.620067,Berlin-1cb8,31,13,Normal
2026-02-09 23:14:20.620067,Berlin-1cb8,46,78,Normal
2026-02-09 23:14:21.620067,Berlin-1cb8,38,18,Normal
2026-02-09 23:14:22.620067,Berlin-1cb8,-4,77,Normal
2026-02-09 23:14:23.620067,Berlin-1cb8,28,65,Normal
2026-02-09 23:14:24.620067,Berlin-1cb8,27,26,Normal
2026-02-09 23:14:25.620067,Berlin-1cb8,44,34,Normal
2026-02-09 23:14:26.620067,Berlin-1cb8,42,32,Normal
2026-02-09 23:14:27.620067,Berlin-1cb8,32,86,Normal
2026-02-09 23:14:28.620067,Berlin-1cb8,38,70,Normal
2026-02-09 23:14:29.620067,Berlin-1cb8,42,67,Normal
2026-02-09 23:14:30.620067,Berlin-1cb8,44,32,Normal
2026-02-09 23:14:31.620067,Berlin-1cb8,35,99,Normal
2026-02-09 23:14:32.620067,Berlin-1cb8,-27,47,Normal
2026-02-09 23:14:33.620067,Berlin-1cb8,-28,88,Normal
2026-02-09 23:14:34.620067,Berlin-1cb8,28,97,Normal
2026-02-09 23:14:35.620067,Berlin-1cb8,41,38,Normal
2026-02-09 23:14:36.620067,Berlin-1cb8,30,81,Normal
2026-02-09 23:14:37.620067,Berlin-1cb8,47,1,Normal
2026-02-09 23:14:38.620067,Berlin-1cb8,34,16,Normal
2026-02-09 23:14:39.620067,Berlin-1cb8,26,25,Normal
2026-02-09 23:14:40.620067,Berlin-1cb8,-9,13,Normal
2026-02-09 23:14:41.620067,Berlin-1cb8,49,9,Normal
2026-02-09 23:14:42.620067,Berlin-1cb8,-22,40,Normal
2026-02-09 23:14:43.620067,Berlin-1cb8,-26,35,Normal
2026-02-09 23:14:44.620067,Berlin-1cb8,41,15,Normal
2026-02-09 23:14:45.620067,Berlin-1cb8,-10,74,Normal
2026-02-09 23:14:46.620067,Berlin-1cb8,-3,94,Normal
2026-02-09 23:14:47.620067,Berlin-1cb8,7,22,Normal
2026-02-09 23:14:48.620067,Berlin-1cb8,33,20,Normal
2026-02-09 23:14:49.620067,Berlin-1cb8,42,41,Normal
2026-02-09 23:14:50.620067,Berlin-1cb8,32,37,Normal
2026-02-09 23:14:51.620067,Berlin-1cb8,14,57,Normal
2026-02-09 23:14:52.620067,Berlin-1cb8,-30,21,Normal
2026-02-09 23:14:53.620067,Berlin-1cb8,3,14,Normal
2026-02-09 23:14:54.620067,Berlin-1cb8,46,20,Normal
2026-02-09 23:14:55.620067,Berlin-1cb8,28,36,Normal
2026-02-09 23:14:56.620067,Berlin-1cb8,18,92,Normal
2026-02-09 23:14:57.620067,Berlin-1cb8,7,30,Normal
2026-02-09 23:14:58.620067,Berlin-1cb8,-19,76,Normal
2026-02-09 23:14:59.620067,Berlin-1cb8,4,84,Normal
2026-02-09 23:15:00.620067,Berlin-1cb8,7,26,Normal
2026-02-09 23:15:01.620067,Berlin-1cb8,-21,47,Normal
2026-02-09 23:15:02.620067,Berlin-1cb8,-17,82,Normal
2026-02-09 23:15:03.620067,Berlin-1cb8,-25,62,Normal
2026-02-09 23:15:04.620067,Berlin-1cb8,49,65,Normal
2026-02-09 23:15:05.620067,Berlin-1cb8,16,24,Normal
2026-02-09 23:15:06.620067,Berlin-1cb8,7,34,Normal
2026-02-09 23:15:07.620067,Berlin-1cb8,10,17,Normal
2026-02-09 23:15:08.620067,Berlin-1cb8,0,71,Normal
2026-02-09 23:15:09.620067,Berlin-1cb8,34,24,Normal
2026-02-09 23:15:10.620067,Berlin-1cb8,12,15,Normal
2026-02-09 23:15:11.620067,Berlin-1cb8,19,81,Normal
2026-02-09 23:15:12.620067,Berlin-1cb8,-16,65,Normal
2026-02-09 23:15:13.620067,Berlin-1cb8,45,58,Normal
2026-02-09 23:15:14.620067,Berlin-1cb8,14,36,Normal
2026-02-09 23:15:15.620067,Berlin-1cb8,-30,88,Normal
2026-02-09 23:15:16.620067,Berlin-1cb8,31,65,Normal
2026-02-09 23:15:17.620067,Berlin-1cb8,-12,50,Normal
2026-02-09 23:15:18.620067,Berlin-1cb8,45,33,Normal
2026-02-09 23:15:19.620067,Berlin-1cb8,23,3,Normal
2026-02-09 23:15:20.620067,Berlin-1cb8,-26,24,Normal
2026-02-09 23:15:21.620067,Berlin-1cb8,-23,5,Normal
2026-02-09 23:15:22.620067,Berlin-1cb8,33,19,Normal
2026-02-09 23:15:23.620067,Berlin-1cb8,-26,67,Normal
2026-02-09 23:15:24.620067,Berlin-1cb8,22,56,Normal
2026-02-09 23:15:25.620067,Berlin-1cb8,-19,82,Normal
2026-02-09 23:15:26.620067,Berlin-1cb8,26,13,Normal
2026-02-09 23:15:27.620067,Berlin-1cb8,-4,12,Normal
2026-02-09 23:15:28.620067,Berlin-1cb8,-24,9,Normal
2026-02-09 23:15:29.620067,Berlin-1cb8,5,90,Normal
2026-02-09 23:15:30.620067,Berlin-1cb8,33,31,Normal
2026-02-09 23:15:31.620067,Berlin-1cb8,-2,72,Normal
2026-02-09 23:15:32.620067,Berlin-1cb8,16,12,Normal
2026-02-09 23:15:33.620067,Berlin-1cb8,43,46,Normal
2026-02-09 23:15:34.620067,Berlin-1cb8,7,92,Normal
2026-02-09 23:15:35.620067,Berlin-1cb8,-12,78,Normal
2026-02-09 23:15:36.620067,Berlin-1cb8,34,83,Normal
2026-02-09 23:15:37.620067,Berlin-1cb8,45,45,Normal
2026-02-09 23:15:38.620067,Berlin-1cb8,-21,60,Normal
2026-02-09 23:15:39.620067,Berlin-1cb8,-29,9,Normal
2026-02-09 23:15:40.620067,Berlin-1cb8,36,8,Normal
2026-02-09 23:15:41.620067,Berlin-1cb8,11,27,Normal
2026-02-09 23:15:42.620067,Berlin-1cb8,30,77,Normal
2026-02-09 23:15:43.620067,Berlin-1cb8,27,3,Normal
2026-02-09 23:15:44.620067,Berlin-1cb8,12,80,Normal
2026-02-09 23:15:45.620067,Berlin-1cb8,21,7,Normal
2026-02-09 23:15:46.620067,Berlin-1cb8,25,80,Normal
2026-02-09 23:15:47.620067,Berlin-1cb8,0,30,Normal
2026-02-09 23:15:48.620067,Berlin-1cb8,-2,39,Normal
2026-02-09 23:15:49.620067,Berlin-1cb8,-23,73,Normal
2026-02-09 23:15:50.620067,Berlin-1cb8,4,1,Normal
2026-02-09 23:15:51.620067,Berlin-1cb8,13,17,Normal
2026-02-09 23:15:52.620067,Berlin-1cb8,41,92,Normal
2026-02-09 23:15:53.620067,Berlin-1cb8,-2,96,Normal
2026-02-09 23:15:54.620067,Berlin-1cb8,37,59,Normal
2026-02-09 23:15:55.620067,Berlin-1cb8,3,46,Normal
2026-02-09 23:15:56.620067,Berlin-1cb8,8,42,Normal
2026-02-09 23:15:57.620067,Berlin-1cb8,47,80,Normal
2026-02-09 23:15:58.620067,Berlin-1cb8,-17,71,Normal
2026-02-09 23:15:59.620067,Berlin-1cb8,42,22,Normal
2026-02-09 23:16:00.620067,Berlin-1cb8,35,0,Normal
2026-02-09 23:16:01.620067,Berlin-1cb8,23,35,Normal
2026-02-09 23:16:02.620067,Berlin-1cb8,-25,28,Normal
2026-02-09 23:16:03.620067,Berlin-1cb8,12,50,Normal
2026-02-09 23:16:04.620067,Berlin-1cb8,-24,80,Normal
2026-02-09 23:16:05.620067,Berlin-1cb8,41,82,Normal
2026-02-09 23:16:06.620067,Berlin-1cb8,-6,33,Normal
2026-02-09 23:16:07.620067,Berlin-1cb8,13,67,Normal
2026-02-09 23:16:08.620067,Berlin-1cb8,10,19,Normal
2026-02-09 23:16:09.620067,Berlin-1cb8,43,75,Normal
2026-02-09 23:16:10.620067,Berlin-1cb8,21,13,Normal
2026-02-09 23:16:11.620067,Berlin-1cb8,21,83,Normal
2026-02-09 23:16:12.620067,Berlin-1cb8,5,58,Normal
2026-02-09 23:16:13.620067,Berlin-1cb8,-16,27,Normal
2026-02-09 23:16:14.620067,Berlin-1cb8,-28,45,Normal
2026-02-09 23:16:15.620067,Berlin-1cb8,3,35,Normal
2026-02-09 23:16:16.620067,Berlin-1cb8,-30,25,Normal
2026-02-09 23:16:17.620067,Berlin-1cb8,4,88,Normal
2026-02-09 23:16:18.620067,Berlin-1cb8,33,41,Normal
2026-02-09 23:16:19.620067,Berlin-1cb8,10,57,Normal
2026-02-09 23:16:20.620067,Berlin-1cb8,-14,6,Normal
2026-02-09 23:16:21.620067,Berlin-1cb8,-18,84,Normal
2026-02-09 23:16:22.620067,Berlin-1cb8,10,20,Normal
2026-02-09 23:16:23.620067,Berlin-1cb8,7,83,Normal
2026-02-09 23:16:24.620067,Berlin-1cb8,36,84,Normal
2026-02-09 23:16:25.620067,Berlin-1cb8,37,40,Normal
2026-02-09 23:16:26.620067,Berlin-1cb8,49,53,Normal
2026-02-09 23:16:27.620067,Berlin-1cb8,-28,31,Normal
2026-02-09 23:16:28.620067,Berlin-1cb8,16,61,Normal
2026-02-09 23:16:29.620067,Berlin-1cb8,8,28,Normal
2026-02-09 23:16:30.620067,Berlin-1cb8,33,50,Normal
2026-02-09 23:16:31.620067,Berlin-1cb8,23,30,Normal
2026-02-09 23:16:32.620067,Berlin-1cb8,36,8,Normal
2026-02-09 23:16:33.620067,Berlin-1cb8,-21,67,Normal
2026-02-09 23:16:34.620067,Berlin-1cb8,49,24,Normal
2026-02-09 23:16:35.620067,Berlin-1cb8,-8,81,Normal
2026-02-09 23:16:36.620067,Berlin-1cb8,-19,18,Normal
2026-02-09 23:16:37.620067,Berlin-1cb8,42,16,Normal
2026-02-09 23:16:38.620067,Berlin-1cb8,-12,8,Normal
2026-02-09 23:16:39.620067,Berlin-1cb8,-21,36,Normal
2026-02-09 23:16:40.620067,Berlin-1cb8,-29,97,Normal
2026-02-09 23:16:41.620067,Berlin-1cb8,-14,78,Normal
2026-02-09 23:16:42.620067,Berlin-1cb8,49,46,Normal
2026-02-09 23:16:43.620067,Berlin-1cb8,25,2,Normal
2026-02-09 23:16:44.620067,Berlin-1cb8,35,49,Normal
2026-02-09 23:16:45.620067,Berlin-1cb8,3,1,Normal
2026-02-09 23:16:46.620067,Berlin-1cb8,-1,2,Normal
2026-02-09 23:16:47.620067,Berlin-1cb8,45,39,Normal
2026-02-09 23:16:48.620067,Berlin-1cb8,-28,74,Normal
2026-02-09 23:16:49.620067,Berlin-1cb8,32,6,Normal
2026-02-09 23:16:50.620067,Berlin-1cb8,38,98,Normal
2026-02-09 23:16:51.620067,Berlin-1cb8,8,45,Normal
2026-02-09 23:16:52.620067,Berlin-1cb8,16,84,Normal
2026-02-09 23:16:53.620067,Berlin-1cb8,45,23,Normal
2026-02-09 23:16:54.620067,Berlin-1cb8,33,68,Normal
2026-02-09 23:16:55.620067,Berlin-1cb8,32,96,Normal
2026-02-09 23:16:56.620067,Berlin-1cb8,35,17,Normal
2026-02-09 23:16:57.620067,Berlin-1cb8,-6,83,Normal
2026-02-09 23:16:58.620067,Berlin-1cb8,-20,31,Normal
2026-02-09 23:16:59.620067,Berlin-1cb8,-24,53,Normal
2026-02-09 23:17:00.620067,Berlin-1cb8,7,41,Normal
2026-02-09 23:17:01.620067,Berlin-1cb8,42,62,Normal
2026-02-09 23:17:02.620067,Berlin-1cb8,-30,45,Normal
2026-02-09 23:17:03.620067,Berlin-1cb8,-28,74,Normal
2026-02-09 23:17:04.620067,Berlin-1cb8,5,17,Normal
2026-02-09 23:17:05.620067,Berlin-1cb8,20,67,Normal
2026-02-09 23:17:06.620067,Berlin-1cb8,47,84,Normal
2026-02-09 23:17:07.620067,Berlin-1cb8,-25,81,Normal
2026-02-09 23:17:08.620067,Berlin-1cb8,14,83,Normal
2026-02-09 23:17:09.620067,Berlin-1cb8,-29,93,Normal
2026-02-09 23:17:10.620067,Berlin-1cb8,-19,68,Normal
2026-02-09 23:17:11.620067,Berlin-1cb8,32,78,Normal
2026-02-09 23:17:12.620067,Berlin-1cb8,31,51,Normal
2026-02-09 23:17:13.620067,Berlin-1cb8,41,99,Normal
2026-02-09 23:17:14.620067,Berlin-1cb8,35,30,Normal
2026-02-09 23:17:15.620067,Berlin-1cb8,33,14,Normal
2026-02-09 23:17:16.620067,Berlin-1cb8,36,73,Normal
2026-02-09 23:17:17.620067,Berlin-1cb8,37,93,Normal
2026-02-09 23:17:18.620067,Berlin-1cb8,-4,68,Normal
2026-02-09 23:17:19.620067,Berlin-1cb8,4,33,Normal
2026-02-09 23:17:20.620067,Berlin-1cb8,6,76,Normal
2026-02-09 23:17:21.620067,Berlin-1cb8,41,83,Normal
2026-02-09 23:17:22.620067,Berlin-1cb8,-30,78,Normal
2026-02-09 23:17:23.620067,Berlin-1cb8,5,33,Normal
2026-02-09 23:17:24.620067,Berlin-1cb8,-14,24,Normal
2026-02-09 23:17:25.620067,Berlin-1cb8,16,32,Normal
2026-02-09 23:17:26.620067,Berlin-1cb8,-7,52,Normal
2026-02-09 23:17:27.620067,Berlin-1cb8,-12,57,Normal
2026-02-09 23:17:28.620067,Berlin-1cb8,46,57,Normal
2026-02-09 23:17:29.620067,Berlin-1cb8,3,33,Normal
2026-02-09 23:17:30.620067,Berlin-1cb8,19,36,Normal
2026-02-09 23:17:31.620067,Berlin-1cb8,4,63,Normal
2026-02-09 23:17:32.620067,Berlin-1cb8,43,84,Normal
2026-02-09 23:17:33.620067,Berlin-1cb8,24,19,Normal
2026-02-09 23:17:34.620067,Berlin-1cb8,45,7,Normal
2026-02-09 23:17:35.620067,Berlin-1cb8,6,39,Normal
2026-02-09 23:17:36.620067,Berlin-1cb8,-9,50,Normal
2026-02-09 23:17:37.620067,Berlin-1cb8,10,91,Normal
2026-02-09 23:17:38.620067,Berlin-1cb8,-11,17,Normal
2026-02-09 23:17:39.620067,Berlin-1cb8,1,92,Normal
2026-02-09 23:17:40.620067,Berlin-1cb8,28,88,Normal
2026-02-09 23:17:41.620067,Berlin-1cb8,48,31,Normal
2026-02-09 23:17:42.620067,Berlin-1cb8,-21,18,Normal
2026-02-09 23:17:43.620067,Berlin-1cb8,5,91,Normal
2026-02-09 23:17:44.620067,Berlin-1cb8,-28,49,Normal
2026-02-09 23:17:45.620067,Berlin-1cb8,6,2,Normal
2026-02-09 23:17:46.620067,Berlin-1cb8,39,94,Normal
2026-02-09 23:17:47.620067,Berlin-1cb8,45,13,Normal
2026-02-09 23:17:48.620067,Berlin-1cb8,26,81,Normal
2026-02-09 23:17:49.620067,Berlin-1cb8,10,83,Normal
2026-02-09 23:17:50.620067,Berlin-1cb8,36,41,Normal
2026-02-09 23:17:51.620067,Berlin-1cb8,5,56,Normal
2026-02-09 23:17:52.620067,Berlin-1cb8,-27,7,Normal
2026-02-09 23:17:53.620067,Berlin-1cb8,37,86,Normal
2026-02-09 23:17:54.620067,Berlin-1cb8,20,10,Normal
2026-02-09 23:17:55.620067,Berlin-1cb8,26,73,Normal
2026-02-09 23:17:56.620067,Berlin-1cb8,36,100,Normal
2026-02-09 23:17:57.620067,Berlin-1cb8,5,20,Normal
2026-02-09 23:17:58.620067,Berlin-1cb8,-11,15,Normal
2026-02-09 23:17:59.620067,Berlin-1cb8,-15,78,Normal
2026-02-09 23:18:00.620067,Berlin-1cb8,-1,83,Normal
2026-02-09 23:18:01.620067,Berlin-1cb8,-3,88,Normal
2026-02-09 23:18:02.620067,Berlin-1cb8,-7,98,Normal
2026-02-09 23:18:03.620067,Berlin-1cb8,19,3,Normal
2026-02-09 23:18:04.620067,Berlin-1cb8,17,3,Normal
2026-02-09 23:18:05.620067,Berlin-1cb8,14,1,Normal
2026-02-09 23:18:06.620067,Berlin-1cb8,-12,58,Normal
2026-02-09 23:18:07.620067,Berlin-1cb8,-1,29,Normal
2026-02-09 23:18:08.620067,Berlin-1cb8,7,31,Normal
2026-02-09 23:18:09.620067,Berlin-1cb8,-4,77,Normal
2026-02-09 23:18:10.620067,Berlin-1cb8,33,2,Normal
2026-02-09 23:18:11.620067,Berlin-1cb8,-4,92,Normal
2026-02-09 23:18:12.620067,Berlin-1cb8,16,92,Normal
2026-02-09 23:18:13.620067,Berlin-1cb8,15,37,Normal
2026-02-09 23:18:14.620067,Berlin-1cb8,-19,7,Normal
2026-02-09 23:18:15.620067,Berlin-1cb8,29,100,Normal
2026-02-09 23:18:16.620067,Berlin-1cb8,-26,1,Normal
2026-02-09 23:18:17.620067,Berlin-1cb8,29,61,Normal
2026-02-09 23:18:18.620067,Berlin-1cb8,-8,80,Normal
2026-02-09 23:18:19.620067,Berlin-1cb8,-29,88,Normal
2026-02-09 23:18:20.620067,Berlin-1cb8,-3,17,Normal
2026-02-09 23:18:21.620067,Berlin-1cb8,-12,92,Normal
2026-02-09 23:18:22.620067,Berlin-1cb8,48,72,Normal
2026-02-09 23:18:23.620067,Berlin-1cb8,-15,91,Normal
2026-02-09 23:18:24.620067,Berlin-1cb8,37,39,Normal
2026-02-09 23:18:25.620067,Berlin-1cb8,38,34,Normal
2026-02-09 23:18:26.620067,Berlin-1cb8,19,71,Normal
2026-02-09 23:18:27.620067,Berlin-1cb8,10,74,Normal
2026-02-09 23:18:28.620067,Berlin-1cb8,-13,16,Normal
2026-02-09 23:18:29.620067,Berlin-1cb8,-27,91,Normal
2026-02-09 23:18:30.620067,Berlin-1cb8,-5,73,Normal
2026-02-09 23:18:31.620067,Berlin-1cb8,-30,76,Normal
2026-02-09 23:18:32.620067,Berlin-1cb8,46,98,Normal
2026-02-09 23:18:33.620067,Berlin-1cb8,19,10,Normal
2026-02-09 23:18:34.620067,Berlin-1cb8,33,6,Normal
2026-02-09 23:18:35.620067,Berlin-1cb8,32,77,Normal
2026-02-09 23:18:36.620067,Berlin-1cb8,43,100,Normal
2026-02-09 23:18:37.620067,Berlin-1cb8,1,52,Normal
2026-02-09 23:18:38.620067,Berlin-1cb8,22,22,Normal
2026-02-09 23:18:39.620067,Berlin-1cb8,-9,67,Normal
2026-02-09 23:18:40.620067,Berlin-1cb8,44,84,Normal
2026-02-09 23:18:41.620067,Berlin-1cb8,34,73,Normal
2026-02-09 23:18:42.620067,Berlin-1cb8,-6,98,Normal
2026-02-09 23:18:43.620067,Berlin-1cb8,23,98,Normal
2026-02-09 23:18:44.620067,Berlin-1cb8,11,20,Normal
2026-02-09 23:18:45.620067,Berlin-1cb8,-7,78,Normal
2026-02-09 23:18:46.620067,Berlin-1cb8,50,91,Normal
2026-02-09 23:18:47.620067,Berlin-1cb8,13,67,Normal
2026-02-09 23:18:48.620067,Berlin-1cb8,46,63,Normal
2026-02-09 23:18:49.620067,Berlin-1cb8,-27,79,Normal
2026-02-09 23:18:50.620067,Berlin-1cb8,-19,32,Normal
2026-02-09 23:18:51.620067,Berlin-1cb8,22,80,Normal
2026-02-09 23:18:52.620067,Berlin-1cb8,23,66,Normal
2026-02-09 23:18:53.620067,Berlin-1cb8,1,65,Normal
2026-02-09 23:18:54.620067,Berlin-1cb8,3,15,Normal
2026-02-09 23:18:55.620067,Berlin-1cb8,-19,73,Normal
2026-02-09 23:18:56.620067,Berlin-1cb8,-2,92,Normal
2026-02-09 23:18:57.620067,Berlin-1cb8,9,56,Normal
2026-02-09 23:18:58.620067,Berlin-1cb8,2,31,Normal
2026-02-09 23:18:59.620067,Berlin-1cb8,24,8,Normal
2026-02-09 23:19:00.620067,Berlin-1cb8,-10,5,Normal
2026-02-09 23:19:01.620067,Berlin-1cb8,48,100,Normal
2026-02-09 23:19:02.620067,Berlin-1cb8,12,88,Normal
2026-02-09 23:19:03.620067,Berlin-1cb8,23,79,Normal
2026-02-09 23:19:04.620067,Berlin-1cb8,-21,84,Normal
2026-02-09 23:19:05.620067,Berlin-1cb8,-5,37,Normal
2026-02-09 23:19:06.620067,Berlin-1cb8,43,29,Normal
2026-02-09 23:19:07.620067,Berlin-1cb8,50,13,Normal
2026-02-09 23:19:08.620067,Berlin-1cb8,-15,5,Normal
2026-02-09 23:19:09.620067,Berlin-1cb8,17,26,Normal
2026-02-09 23:19:10.620067,Berlin-1cb8,3,69,Normal
2026-02-09 23:19:11.620067,Berlin-1cb8,35,58,Normal
2026-02-09 23:19:12.620067,Berlin-1cb8,-28,64,Normal
2026-02-09 23:19:13.620067,Berlin-1cb8,18,86,Normal
2026-02-09 23:19:14.620067,Berlin-1cb8,-14,62,Normal
2026-02-09 23:19:15.620067,Berlin-1cb8,3,59,Normal
2026-02-09 23:19:16.620067,Berlin-1cb8,33,88,Normal
2026-02-09 23:19:17.620067,Berlin-1cb8,-21,11,Normal
2026-02-09 23:19:18.620067,Berlin-1cb8,29,96,Normal
2026-02-09 23:19:19.620067,Berlin-1cb8,17,75,Normal
2026-02-09 23:19:20.620067,Berlin-1cb8,-4,43,Normal
2026-02-09 23:19:21.620067,Berlin-1cb8,30,54,Normal
2026-02-09 23:19:22.620067,Berlin-1cb8,36,26,Normal
2026-02-09 23:19:23.620067,Berlin-1cb8,33,79,Normal
2026-02-09 23:19:24.620067,Berlin-1cb8,31,74,Normal
2026-02-09 23:19:25.620067,Berlin-1cb8,-12,36,Normal
2026-02-09 23:19:26.620067,Berlin-1cb8,-16,48,Normal
2026-02-09 23:19:27.620067,Berlin-1cb8,6,59,Normal
2026-02-09 23:19:28.620067,Berlin-1cb8,10,1,Normal
2026-02-09 23:19:29.620067,Berlin-1cb8,46,97,Normal
2026-02-09 23:19:30.620067,Berlin-1cb8,34,75,Normal
2026-02-09 23:19:31.620067,Berlin-1cb8,24,34,Normal
2026-02-09 23:19:32.620067,Berlin-1cb8,40,49,Normal
2026-02-09 23:19:33.620067,Berlin-1cb8,1,93,Normal
2026-02-09 23:19:34.620067,Berlin-1cb8,-27,8,Normal
2026-02-09 23:19:35.620067,Berlin-1cb8,19,36,Normal
2026-02-09 23:19:36.620067,Berlin-1cb8,-28,4,Normal
2026-02-09 23:19:37.620067,Berlin-1cb8,-27,92,Normal
2026-02-09 23:19:38.620067,Berlin-1cb8,-28,18,Normal
2026-02-09 23:19:39.620067,Berlin-1cb8,-5,3,Normal
2026-02-09 23:19:40.620067,Berlin-1cb8,-21,47,Normal
2026-02-09 23:19:41.620067,Berlin-1cb8,22,81,Normal
2026-02-09 23:19:42.620067,Berlin-1cb8,42,66,Normal
2026-02-09 23:19:43.620067,Berlin-1cb8,-18,57,Normal
2026-02-09 23:19:44.620067,Berlin-1cb8,6,67,Normal
2026-02-09 23:19:45.620067,Berlin-1cb8,-15,27,Normal
2026-02-09 23:19:46.620067,Berlin-1cb8,-29,82,Normal
2026-02-09 23:19:47.620067,Berlin-1cb8,18,88,Normal
2026-02-09 23:19:48.620067,Berlin-1cb8,16,52,Normal
2026-02-09 23:19:49.620067,Berlin-1cb8,4,95,Normal
2026-02-09 23:19:50.620067,Berlin-1cb8,-15,65,Normal
2026-02-09 23:19:51.620067,Berlin-1cb8,-6,55,Normal
2026-02-09 23:19:52.620067,Berlin-1cb8,49,97,Normal
2026-02-09 23:19:53.620067,Berlin-1cb8,-13,62,Normal
2026-02-09 23:19:54.620067,Berlin-1cb8,34,70,Normal
2026-02-09 23:19:55.620067,Berlin-1cb8,1,94,Normal
2026-02-09 23:19:56.620067,Berlin-1cb8,-11,64,Normal
2026-02-09 23:19:57.620067,Berlin-1cb8,-20,54,Normal
2026-02-09 23:19:58.620067,Berlin-1cb8,2,12,Normal
2026-02-09 23:19:59.620067,Berlin-1cb8,27,4,Normal
2026-02-09 23:20:00.620067,Berlin-1cb8,-24,72,Normal
2026-02-09 23:20:01.620067,Berlin-1cb8,-5,59,Normal
2026-02-09 23:20:02.620067,Berlin-1cb8,13,49,Normal
2026-02-09 23:20:03.620067,Berlin-1cb8,16,83,Normal
2026-02-09 23:20:04.620067,Berlin-1cb8,36,22,Normal
2026-02-09 23:20:05.620067,Berlin-1cb8,-3,31,Normal
2026-02-09 23:20:06.620067,Berlin-1cb8,-12,1,Normal
2026-02-09 23:20:07.620067,Berlin-1cb8,-25,39,Normal
2026-02-09 23:20:08.620067,Berlin-1cb8,35,83,Normal
2026-02-09 23:20:09.620067,Berlin-1cb8,-26,48,Normal
2026-02-09 23:20:10.620067,Berlin-1cb8,-13,68,Normal
2026-02-09 23:20:11.620067,Berlin-1cb8,43,41,Normal
2026-02-09 23:20:12.620067,Berlin-1cb8,-4,90,Normal
2026-02-09 23:20:13.620067,Berlin-1cb8,-22,24,Normal
2026-02-09 23:20:14.620067,Berlin-1cb8,-8,34,Normal
2026-02-09 23:20:15.620067,Berlin-1cb8,-27,31,Normal
2026-02-09 23:20:16.620067,Berlin-1cb8,1,77,Normal
2026-02-09 23:20:17.620067,Berlin-1cb8,15,5,Normal
2026-02-09 23:20:18.620067,Berlin-1cb8,-8,87,Normal
2026-02-09 23:20:19.620067,Berlin-1cb8,24,81,Normal
2026-02-09 23:20:20.620067,Berlin-1cb8,25,82,Normal
2026-02-09 23:20:21.620067,Berlin-1cb8,-22,46,Normal
2026-02-09 23:20:22.620067,Berlin-1cb8,39,81,Normal
2026-02-09 23:20:23.620067,Berlin-1cb8,-17,98,Normal
2026-02-09 23:20:24.620067,Berlin-1cb8,38,27,Normal
2026-02-09 23:20:25.620067,Berlin-1cb8,49,5,Normal
2026-02-09 23:20:26.620067,Berlin-1cb8,39,47,Normal
2026-02-09 23:20:27.620067,Berlin-1cb8,36,49,Normal
2026-02-09 23:20:28.620067,Berlin-1cb8,-10,29,Normal
2026-02-09 23:20:29.620067,Berlin-1cb8,-27,9,Normal
2026-02-09 23:20:30.620067,Berlin-1cb8,34,0,Normal
2026-02-09 23:20:31.620067,Berlin-1cb8,-14,13,Normal
2026-02-09 23:20:32.620067,Berlin-1cb8,-9,59,Normal
2026-02-09 23:20:33.620067,Berlin-1cb8,21,35,Normal
2026-02-09 23:20:34.620067,Berlin-1cb8,7,67,Normal
2026-02-09 23:20:35.620067,Berlin-1cb8,-30,53,Normal
2026-02-09 23:20:36.620067,Berlin-1cb8,9,50,Normal
2026-02-09 23:20:37.620067,Berlin-1cb8,47,19,Normal
2026-02-09 23:20:38.620067,Berlin-1cb8,49,55,Normal
2026-02-09 23:20:39.620067,Berlin-1cb8,4,13,Normal
2026-02-09 23:20:40.620067,Berlin-1cb8,30,54,Normal
2026-02-09 23:20:41.620067,Berlin-1cb8,21,82,Normal
2026-02-09 23:20:42.620067,Berlin-1cb8,26,42,Normal
2026-02-09 23:20:43.620067,Berlin-1cb8,-5,62,Normal
2026-02-09 23:20:44.620067,Berlin-1cb8,29,55,Normal
2026-02-09 23:20:45.620067,Berlin-1cb8,42,28,Normal
2026-02-09 23:20:46.620067,Berlin-1cb8,14,40,Normal
2026-02-09 23:20:47.620067,Berlin-1cb8,-21,75,Normal
2026-02-09 23:20:48.620067,Berlin-1cb8,26,28,Normal
2026-02-09 23:20:49.620067,Berlin-1cb8,35,98,Normal
2026-02-09 23:20:50.620067,Berlin-1cb8,-18,81,Normal
2026-02-09 23:20:51.620067,Berlin-1cb8,18,57,Normal
2026-02-09 23:20:52.620067,Berlin-1cb8,5,73,Normal
2026-02-09 23:20:53.620067,Berlin-1cb8,-14,60,Normal
2026-02-09 23:20:54.620067,Berlin-1cb8,-24,78,Normal
2026-02-09 23:20:55.620067,Berlin-1cb8,17,14,Normal
2026-02-09 23:20:56.620067,Berlin-1cb8,47,40,Normal
2026-02-09 23:20:57.620067,Berlin-1cb8,-2,2,Normal
2026-02-09 23:20:58.620067,Berlin-1cb8,41,41,Normal
2026-02-09 23:20:59.620067,Berlin-1cb8,33,38,Normal
2026-02-09 23:21:00.620067,Berlin-1cb8,4,67,Normal
2026-02-09 23:21:01.620067,Berlin-1cb8,31,88,Normal
2026-02-09 23:21:02.620067,Berlin-1cb8,-24,97,Normal
2026-02-09 23:21:03.620067,Berlin-1cb8,38,53,Normal
2026-02-09 23:21:04.620067,Berlin-1cb8,42,43,Normal
2026-02-09 23:21:05.620067,Berlin-1cb8,-16,87,Normal
2026-02-09 23:21:06.620067,Berlin-1cb8,48,44,Normal
2026-02-09 23:21:07.620067,Berlin-1cb8,-14,72,Normal
2026-02-09 23:21:08.620067,Berlin-1cb8,-26,83,Normal
2026-02-09 23:21:09.620067,Berlin-1cb8,32,20,Normal
2026-02-09 23:21:10.620067,Berlin-1cb8,45,84,Normal
2026-02-09 23:21:11.620067,Berlin-1cb8,0,53,Normal
2026-02-09 23:21:12.620067,Berlin-1cb8,-21,96,Normal
2026-02-09 23:21:13.620067,Berlin-1cb8,10,22,Normal
2026-02-09 23:21:14.620067,Berlin-1cb8,-15,73,Normal
2026-02-09 23:21:15.620067,Berlin-1cb8,26,23,Normal
2026-02-09 23:21:16.620067,Berlin-1cb8,2,6,Normal
2026-02-09 23:21:17.620067,Berlin-1cb8,15,51,Normal
2026-02-09 23:21:18.620067,Berlin-1cb8,-21,10,Normal
2026-02-09 23:21:19.620067,Berlin-1cb8,10,65,Normal
2026-02-09 23:21:20.620067,Berlin-1cb8,-1,100,Normal
2026-02-09 23:21:21.620067,Berlin-1cb8,42,11,Normal
2026-02-09 23:21:22.620067,Berlin-1cb8,-20,14,Normal
2026-02-09 23:21:23.620067,Berlin-1cb8,13,17,Normal
2026-02-09 23:21:24.620067,Berlin-1cb8,48,23,Normal
2026-02-09 23:21:25.620067,Berlin-1cb8,35,61,Normal
2026-02-09 23:21:26.620067,Berlin-1cb8,-8,51,Normal
2026-02-09 23:21:27.620067,Berlin-1cb8,38,80,Normal
2026-02-09 23:21:28.620067,Berlin-1cb8,7,2,Normal
2026-02-09 23:21:29.620067,Berlin-1cb8,-10,41,Normal
2026-02-09 23:21:30.620067,Berlin-1cb8,-2,27,Normal
2026-02-09 23:21:31.620067,Berlin-1cb8,23,53,Normal
2026-02-09 23:21:32.620067,Berlin-1cb8,-19,54,Normal
2026-02-09 23:21:33.620067,Berlin-1cb8,33,74,Normal
2026-02-09 23:21:34.620067,Berlin-1cb8,0,72,Normal
2026-02-09 23:21:35.620067,Berlin-1cb8,39,43,Normal
2026-02-09 23:21:36.620067,Berlin-1cb8,46,0,Normal
2026-02-09 23:21:37.620067,Berlin-1cb8,47,9,Normal
2026-02-09 23:21:38.620067,Berlin-1cb8,-7,63,Normal
2026-02-09 23:21:39.620067,Berlin-1cb8,44,60,Normal
2026-02-09 23:21:40.620067,Berlin-1cb8,7,95,Normal
2026-02-09 23:21:41.620067,Berlin-1cb8,6,54,Normal
2026-02-09 23:21:42.620067,Berlin-1cb8,10,26,Normal
2026-02-09 23:21:43.620067,Berlin-1cb8,-30,36,Normal
2026-02-09 23:21:44.620067,Berlin-1cb8,41,21,Normal
2026-02-09 23:21:45.620067,Berlin-1cb8,29,82,Normal
2026-02-09 23:21:46.620067,Berlin-1cb8,-3,2,Normal
2026-02-09 23:21:47.620067,Berlin-1cb8,-28,9,Normal
2026-02-09 23:21:48.620067,Berlin-1cb8,-19,30,Normal
2026-02-09 23:21:49.620067,Berlin-1cb8,-15,35,Normal
2026-02-09 23:21:50.620067,Berlin-1cb8,6,90,Normal
2026-02-09 23:21:51.620067,Berlin-1cb8,-20,71,Normal
2026-02-09 23:21:52.620067,Berlin-1cb8,4,4,Normal
2026-02-09 23:21:53.620067,Berlin-1cb8,13,12,Normal
2026-02-09 23:21:54.620067,Berlin-1cb8,28,76,Normal
2026-02-09 23:21:55.620067,Berlin-1cb8,-4,33,Normal
2026-02-09 23:21:56.620067,Berlin-1cb8,43,96,Normal
2026-02-09 23:21:57.620067,Berlin-1cb8,35,47,Normal
2026-02-09 23:21:58.620067,Berlin-1cb8,-1,22,Normal
2026-02-09 23:21:59.620067,Berlin-1cb8,1,77,Normal
2026-02-09 23:22:00.620067,Berlin-1cb8,33,25,Normal
2026-02-09 23:22:01.620067,Berlin-1cb8,21,0,Normal
2026-02-09 23:22:02.620067,Berlin-1cb8,37,68,Normal
2026-02-09 23:22:03.620067,Berlin-1cb8,35,43,Normal
2026-02-09 23:22:04.620067,Berlin-1cb8,15,87,Normal
2026-02-09 23:22:05.620067,Berlin-1cb8,9,70,Normal
2026-02-09 23:22:06.620067,Berlin-1cb8,30,56,Normal
2026-02-09 23:22:07.620067,Berlin-1cb8,-4,56,Normal
2026-02-09 23:22:08.620067,Berlin-1cb8,29,51,Normal
2026-02-09 23:22:09.620067,Berlin-1cb8,28,57,Normal
2026-02-09 23:22:10.620067,Berlin-1cb8,5,2,Normal
2026-02-09 23:22:11.620067,Berlin-1cb8,6,35,Normal
2026-02-09 23:22:12.620067,Berlin-1cb8,33,35,Normal
2026-02-09 23:22:13.620067,Berlin-1cb8,-15,71,Normal
2026-02-09 23:22:14.620067,Berlin-1cb8,23,55,Normal
2026-02-09 23:22:15.620067,Berlin-1cb8,-10,23,Normal
2026-02-09 23:22:16.620067,Berlin-1cb8,-2,25,Normal
2026-02-09 23:22:17.620067,Berlin-1cb8,13,24,Normal
2026-02-09 23:22:18.620067,Berlin-1cb8,-7,23,Normal
2026-02-09 23:22:19.620067,Berlin-1cb8,-9,89,Normal
2026-02-09 23:22:20.620067,Berlin-1cb8,14,18,Normal
2026-02-09 23:22:21.620067,Berlin-1cb8,2,6,Normal
2026-02-09 23:22:22.620067,Berlin-1cb8,-11,47,Normal
2026-02-09 23:22:23.620067,Berlin-1cb8,-3,71,Normal
2026-02-09 23:22:24.620067,Berlin-1cb8,-28,4,Normal
2026-02-09 23:22:25.620067,Berlin-1cb8,21,77,Normal
2026-02-09 23:22:26.620067,Berlin-1cb8,20,60,Normal
2026-02-09 23:22:27.620067,Berlin-1cb8,43,37,Normal
2026-02-09 23:22:28.620067,Berlin-1cb8,-4,25,Normal
2026-02-09 23:22:29.620067,Berlin-1cb8,48,71,Normal
2026-02-09 23:22:30.620067,Berlin-1cb8,-5,57,Normal
2026-02-09 23:22:31.620067,Berlin-1cb8,29,8,Normal
2026-02-09 23:22:32.620067,Berlin-1cb8,41,54,Normal
2026-02-09 23:22:33.620067,Berlin-1cb8,28,79,Normal
2026-02-09 23:22:34.620067,Berlin-1cb8,-5,13,Normal
2026-02-09 23:22:35.620067,Berlin-1cb8,4,61,Normal
2026-02-09 23:22:36.620067,Berlin-1cb8,46,35,Normal
2026-02-09 23:22:37.620067,Berlin-1cb8,-18,4,Normal
2026-02-09 23:22:38.620067,Berlin-1cb8,-11,96,Normal
2026-02-09 23:22:39.620067,Berlin-1cb8,-9,97,Normal
2026-02-09 23:22:40.620067,Berlin-1cb8,-10,24,Normal
2026-02-09 23:22:41.620067,Berlin-1cb8,-29,91,Normal
2026-02-09 23:22:42.620067,Berlin-1cb8,37,82,Normal
2026-02-09 23:22:43.620067,Berlin-1cb8,-30,14,Normal
2026-02-09 23:22:44.620067,Berlin-1cb8,27,24,Normal
2026-02-09 23:22:45.620067,Berlin-1cb8,-11,24,Normal
2026-02-09 23:22:46.620067,Berlin-1cb8,27,19,Normal
2026-02-09 23:22:47.620067,Berlin-1cb8,46,61,Normal
2026-02-09 23:22:48.620067,Berlin-1cb8,-30,4,Normal
2026-02-09 23:22:49.620067,Berlin-1cb8,-5,27,Normal
2026-02-09 23:22:50.620067,Berlin-1cb8,23,90,Normal
2026-02-09 23:22:51.620067,Berlin-1cb8,31,63,Normal
2026-02-09 23:22:52.620067,Berlin-1cb8,-27,71,Normal
2026-02-09 23:22:53.620067,Berlin-1cb8,39,90,Normal
2026-02-09 23:22:54.620067,Berlin-1cb8,14,32,Normal
2026-02-09 23:22:55.620067,Berlin-1cb8,20,97,Normal
2026-02-09 23:22:56.620067,Berlin-1cb8,28,18,Normal
2026-02-09 23:22:57.620067,Berlin-1cb8,3,4,Normal
2026-02-09 23:22:58.620067,Berlin-1cb8,-17,7,Normal
2026-02-09 23:22:59.620067,Berlin-1cb8,45,10,Normal
2026-02-09 23:23:00.620067,Berlin-1cb8,-17,97,Normal
2026-02-09 23:23:01.620067,Berlin-1cb8,50,31,Normal
2026-02-09 23:23:02.620067,Berlin-1cb8,-3,29,Normal
2026-02-09 23:23:03.620067,Berlin-1cb8,8,55,Normal
2026-02-09 23:23:04.620067,Berlin-1cb8,-1,58,Normal
2026-02-09 23:23:05.620067,Berlin-1cb8,22,20,Normal
2026-02-09 23:23:06.620067,Berlin-1cb8,33,38,Normal
2026-02-09 23:23:07.620067,Berlin-1cb8,31,6,Normal
2026-02-09 23:23:08.620067,Berlin-1cb8,0,15,Normal
2026-02-09 23:23:09.620067,Berlin-1cb8,39,42,Normal
2026-02-09 23:23:10.620067,Berlin-1cb8,-17,7,Normal
2026-02-09 23:23:11.620067,Berlin-1cb8,-26,69,Normal
2026-02-09 23:23:12.620067,Berlin-1cb8,34,91,Normal
2026-02-09 23:23:13.620067,Berlin-1cb8,40,4,Normal
2026-02-09 23:23:14.620067,Berlin-1cb8,8,21,Normal
2026-02-09 23:23:15.620067,Berlin-1cb8,-1,50,Normal
2026-02-09 23:23:16.620067,Berlin-1cb8,30,30,Normal
2026-02-09 23:23:17.620067,Berlin-1cb8,38,98,Normal
2026-02-09 23:23:18.620067,Berlin-1cb8,6,7,Normal
2026-02-09 23:23:19.620067,Berlin-1cb8,27,95,Normal
2026-02-09 23:23:20.620067,Berlin-1cb8,24,80,Normal
2026-02-09 23:23:21.620067,Berlin-1cb8,32,98,Normal
2026-02-09 23:23:22.620067,Berlin-1cb8,49,10,Normal
2026-02-09 23:23:23.620067,Berlin-1cb8,35,92,Normal
2026-02-09 23:23:24.620067,Berlin-1cb8,38,50,Normal
2026-02-09 23:23:25.620067,Berlin-1cb8,-30,18,Normal
2026-02-09 23:23:26.620067,Berlin-1cb8,21,70,Normal
2026-02-09 23:23:27.620067,Berlin-1cb8,9,41,Normal
2026-02-09 23:23:28.620067,Berlin-1cb8,-14,65,Normal
2026-02-09 23:23:29.620067,Berlin-1cb8,20,47,Normal
2026-02-09 23:23:30.620067,Berlin-1cb8,42,92,Normal
2026-02-09 23:23:31.620067,Berlin-1cb8,-2,3,Normal
2026-02-09 23:23:32.620067,Berlin-1cb8,-8,5,Normal
2026-02-09 23:23:33.620067,Berlin-1cb8,-14,61,Normal
2026-02-09 23:23:34.620067,Berlin-1cb8,-29,93,Normal
2026-02-09 23:23:35.620067,Berlin-1cb8,14,57,Normal
2026-02-09 23:23:36.620067,Berlin-1cb8,43,60,Normal
2026-02-09 23:23:37.620067,Berlin-1cb8,8,36,Normal
2026-02-09 23:23:38.620067,Berlin-1cb8,-21,5,Normal
2026-02-09 23:23:39.620067,Berlin-1cb8,7,62,Normal
2026-02-09 23:23:40.620067,Berlin-1cb8,-19,13,Normal
2026-02-09 23:23:41.620067,Berlin-1cb8,11,34,Normal
2026-02-09 23:23:42.620067,Berlin-1cb8,-30,17,Normal
2026-02-09 23:23:43.620067,Berlin-1cb8,18,70,Normal
2026-02-09 23:23:44.620067,Berlin-1cb8,-23,63,Normal
2026-02-09 23:23:45.620067,Berlin-1cb8,-2,21,Normal
2026-02-09 23:23:46.620067,Berlin-1cb8,-25,78,Normal
2026-02-09 23:23:47.620067,Berlin-1cb8,39,31,Normal
2026-02-09 23:23:48.620067,Berlin-1cb8,41,7,Normal
2026-02-09 23:23:49.620067,Berlin-1cb8,33,65,Normal
2026-02-09 23:23:50.620067,Berlin-1cb8,31,59,Normal
2026-02-09 23:23:51.620067,Berlin-1cb8,15,59,Normal
2026-02-09 23:23:52.620067,Berlin-1cb8,40,4,Normal
2026-02-09 23:23:53.620067,Berlin-1cb8,-10,64,Normal
2026-02-09 23:23:54.620067,Berlin-1cb8,5,29,Normal
2026-02-09 23:23:55.620067,Berlin-1cb8,4,11,Normal
2026-02-09 23:23:56.620067,Berlin-1cb8,-8,53,Normal
2026-02-09 23:23:57.620067,Berlin-1cb8,30,64,Normal
2026-02-09 23:23:58.620067,Berlin-1cb8,29,99,Normal
2026-02-09 23:23:59.620067,Berlin-1cb8,40,41,Normal
2026-02-09 23:24:00.620067,Berlin-1cb8,16,65,Normal
2026-02-09 23:24:01.620067,Berlin-1cb8,40,19,Normal
2026-02-09 23:24:02.620067,Berlin-1cb8,26,23,Normal
2026-02-09 23:24:03.620067,Berlin-1cb8,35,1,Normal
2026-02-09 23:24:04.620067,Berlin-1cb8,-19,65,Normal
2026-02-09 23:24:05.620067,Berlin-1cb8,-30,48,Normal
2026-02-09 23:24:06.620067,Berlin-1cb8,-29,28,Normal
2026-02-09 23:24:07.620067,Berlin-1cb8,33,71,Normal
2026-02-09 23:24:08.620067,Berlin-1cb8,38,70,Normal
2026-02-09 23:24:09.620067,Berlin-1cb8,15,74,Normal
2026-02-09 23:24:10.620067,Berlin-1cb8,50,40,Normal
2026-02-09 23:24:11.620067,Berlin-1cb8,6,3,Normal
2026-02-09 23:24:12.620067,Berlin-1cb8,50,19,Normal
2026-02-09 23:24:13.620067,Berlin-1cb8,6,33,Normal
2026-02-09 23:24:14.620067,Berlin-1cb8,17,62,Normal
2026-02-09 23:24:15.620067,Berlin-1cb8,28,85,Normal
2026-02-09 23:24:16.620067,Berlin-1cb8,49,92,Normal
2026-02-09 23:24:17.620067,Berlin-1cb8,1,13,Normal
2026-02-09 23:24:18.620067,Berlin-1cb8,12,95,Normal
2026-02-09 23:24:19.620067,Berlin-1cb8,16,96,Normal
2026-02-09 23:24:20.620067,Berlin-1cb8,20,18,Normal
2026-02-09 23:24:21.620067,Berlin-1cb8,-21,35,Normal
2026-02-09 23:24:22.620067,Berlin-1cb8,8,17,Normal
2026-02-09 23:24:23.620067,Berlin-1cb8,38,44,Normal
2026-02-09 23:24:24.620067,Berlin-1cb8,-9,18,Normal
2026-02-09 23:24:25.620067,Berlin-1cb8,38,87,Normal
2026-02-09 23:24:26.620067,Berlin-1cb8,50,88,Normal
2026-02-09 23:24:27.620067,Berlin-1cb8,46,20,Normal
2026-02-09 23:24:28.620067,Berlin-1cb8,-28,0,Normal
2026-02-09 23:24:29.620067,Berlin-1cb8,1,48,Normal
2026-02-09 23:24:30.620067,Berlin-1cb8,31,47,Normal
2026-02-09 23:24:31.620067,Berlin-1cb8,32,91,Normal
2026-02-09 23:24:32.620067,Berlin-1cb8,45,45,Normal
2026-02-09 23:24:33.620067,Berlin-1cb8,-21,30,Normal
2026-02-09 23:24:34.620067,Berlin-1cb8,24,13,Normal
2026-02-09 23:24:35.620067,Berlin-1cb8,41,43,Normal
2026-02-09 23:24:36.620067,Berlin-1cb8,15,55,Normal
2026-02-09 23:24:37.620067,Berlin-1cb8,31,100,Normal
2026-02-09 23:24:38.620067,Berlin-1cb8,-29,40,Normal
2026-02-09 23:24:39.620067,Berlin-1cb8,43,4,Normal
2026-02-09 23:24:40.620067,Berlin-1cb8,44,94,Normal
2026-02-09 23:24:41.620067,Berlin-1cb8,39,15,Normal
2026-02-09 23:24:42.620067,Berlin-1cb8,-4,44,Normal
2026-02-09 23:24:43.620067,Berlin-1cb8,-13,94,Normal
2026-02-09 23:24:44.620067,Berlin-1cb8,-2,27,Normal
2026-02-09 23:24:45.620067,Berlin-1cb8,-17,38,Normal
2026-02-09 23:24:46.620067,Berlin-1cb8,-22,67,Normal
2026-02-09 23:24:47.620067,Berlin-1cb8,49,94,Normal
2026-02-09 23:24:48.620067,Berlin-1cb8,46,81,Normal
2026-02-09 23:24:49.620067,Berlin-1cb8,38,27,Normal
2026-02-09 23:24:50.620067,Berlin-1cb8,-30,94,Normal
2026-02-09 23:24:51.620067,Berlin-1cb8,11,4,Normal
2026-02-09 23:24:52.620067,Berlin-1cb8,35,70,Normal
2026-02-09 23:24:53.620067,Berlin-1cb8,22,44,Normal
2026-02-09 23:24:54.620067,Berlin-1cb8,-16,10,Normal
2026-02-09 23:24:55.620067,Berlin-1cb8,-14,37,Normal
2026-02-09 23:24:56.620067,Berlin-1cb8,-12,8,Normal
2026-02-09 23:24:57.620067,Berlin-1cb8,32,53,Normal
2026-02-09 23:24:58.620067,Berlin-1cb8,30,52,Normal
2026-02-09 23:24:59.620067,Berlin-1cb8,37,35,Normal
2026-02-09 23:25:00.620067,Berlin-1cb8,49,41,Normal
2026-02-09 23:25:01.620067,Berlin-1cb8,16,50,Normal
2026-02-09 23:25:02.620067,Berlin-1cb8,36,44,Normal
2026-02-09 23:25:03.620067,Berlin-1cb8,-5,76,Normal
2026-02-09 23:25:04.620067,Berlin-1cb8,16,4,Normal
2026-02-09 23:25:05.620067,Berlin-1cb8,7,77,Normal
2026-02-09 23:25:06.620067,Berlin-1cb8,34,4,Normal
2026-02-09 23:25:07.620067,Berlin-1cb8,-9,97,Normal
2026-02-09 23:25:08.620067,Berlin-1cb8,20,11,Normal
2026-02-09 23:25:09.620067,Berlin-1cb8,27,11,Normal
2026-02-09 23:25:10.620067,Berlin-1cb8,27,71,Normal
2026-02-09 23:25:11.620067,Berlin-1cb8,5,53,Normal
2026-02-09 23:25:12.620067,Berlin-1cb8,-23,64,Normal
2026-02-09 23:25:13.620067,Berlin-1cb8,-2,45,Normal
2026-02-09 23:25:14.620067,Berlin-1cb8,19,30,Normal
2026-02-09 23:25:15.620067,Berlin-1cb8,-20,26,Normal
2026-02-09 23:25:16.620067,Berlin-1cb8,-9,76,Normal
2026-02-09 23:25:17.620067,Berlin-1cb8,-17,1,Normal
2026-02-09 23:25:18.620067,Berlin-1cb8,4,73,Normal
2026-02-09 23:25:19.620067,Berlin-1cb8,-3,64,Normal
2026-02-09 23:25:20.620067,Berlin-1cb8,-23,100,Normal
2026-02-09 23:25:21.620067,Berlin-1cb8,9,62,Normal
2026-02-09 23:25:22.620067,Berlin-1cb8,-15,27,Normal
2026-02-09 23:25:23.620067,Berlin-1cb8,23,8,Normal
2026-02-09 23:25:24.620067,Berlin-1cb8,49,96,Normal
2026-02-09 23:25:25.620067,Berlin-1cb8,9,9,Normal
2026-02-09 23:25:26.620067,Berlin-1cb8,14,72,Normal
2026-02-09 23:25:27.620067,Berlin-1cb8,37,33,Normal
2026-02-09 23:25:28.620067,Berlin-1cb8,-4,14,Normal
2026-02-09 23:25:29.620067,Berlin-1cb8,13,19,Normal
2026-02-09 23:25:30.620067,Berlin-1cb8,-21,92,Normal
2026-02-09 23:25:31.620067,Berlin-1cb8,42,57,Normal
2026-02-09 23:25:32.620067,Berlin-1cb8,10,62,Normal
2026-02-09 23:25:33.620067,Berlin-1cb8,-18,90,Normal
2026-02-09 23:25:34.620067,Berlin-1cb8,-13,51,Normal
2026-02-09 23:25:35.620067,Berlin-1cb8,35,26,Normal
2026-02-09 23:25:36.620067,Berlin-1cb8,35,70,Normal
2026-02-09 23:25:37.620067,Berlin-1cb8,26,43,Normal
2026-02-09 23:25:38.620067,Berlin-1cb8,-7,72,Normal
2026-02-09 23:25:39.620067,Berlin-1cb8,25,17,Normal
2026-02-09 23:25:40.620067,Berlin-1cb8,47,53,Normal
2026-02-09 23:25:41.620067,Berlin-1cb8,-15,7,Normal
2026-02-09 23:25:42.620067,Berlin-1cb8,-2,35,Normal
2026-02-09 23:25:43.620067,Berlin-1cb8,-15,96,Normal
2026-02-09 23:25:44.620067,Berlin-1cb8,-4,11,Normal
2026-02-09 23:25:45.620067,Berlin-1cb8,19,59,Normal
2026-02-09 23:25:46.620067,Berlin-1cb8,27,29,Normal
2026-02-09 23:25:47.620067,Berlin-1cb8,-21,76,Normal
2026-02-09 23:25:48.620067,Berlin-1cb8,-27,29,Normal
2026-02-09 23:25:49.620067,Berlin-1cb8,45,11,Normal
2026-02-09 23:25:50.620067,Berlin-1cb8,-15,62,Normal
2026-02-09 23:25:51.620067,Berlin-1cb8,21,44,Normal
2026-02-09 23:25:52.620067,Berlin-1cb8,-19,51,Normal
2026-02-09 23:25:53.620067,Berlin-1cb8,-19,63,Normal
2026-02-09 23:25:54.620067,Berlin-1cb8,36,75,Normal
2026-02-09 23:25:55.620067,Berlin-1cb8,3,25,Normal
2026-02-09 23:25:56.620067,Berlin-1cb8,47,34,Normal
2026-02-09 23:25:57.620067,Berlin-1cb8,45,1,Normal
2026-02-09 23:25:58.620067,Berlin-1cb8,-28,91,Normal
2026-02-09 23:25:59.620067,Berlin-1cb8,5,60,Normal
2026-02-09 23:26:00.620067,Berlin-1cb8,-22,36,Normal
2026-02-09 23:26:01.620067,Berlin-1cb8,-11,2,Normal
2026-02-09 23:26:02.620067,Berlin-1cb8,-28,63,Normal
2026-02-09 23:26:03.620067,Berlin-1cb8,-20,86,Normal
2026-02-09 23:26:04.620067,Berlin-1cb8,45,83,Normal
2026-02-09 23:26:05.620067,Berlin-1cb8,19,90,Normal
2026-02-09 23:26:06.620067,Berlin-1cb8,-29,51,Normal
2026-02-09 23:26:07.620067,Berlin-1cb8,31,89,Normal
2026-02-09 23:26:08.620067,Berlin-1cb8,39,12,Normal
2026-02-09 23:26:09.620067,Berlin-1cb8,-13,14,Normal
2026-02-09 23:26:10.620067,Berlin-1cb8,21,12,Normal
2026-02-09 23:26:11.620067,Berlin-1cb8,38,72,Normal
2026-02-09 23:26:12.620067,Berlin-1cb8,29,72,Normal
2026-02-09 23:26:13.620067,Berlin-1cb8,27,74,Normal
2026-02-09 23:26:14.620067,Berlin-1cb8,29,90,Normal
2026-02-09 23:26:15.620067,Berlin-1cb8,16,74,Normal
2026-02-09 23:26:16.620067,Berlin-1cb8,-14,10,Normal
2026-02-09 23:26:17.620067,Berlin-1cb8,32,57,Normal
2026-02-09 23:26:18.620067,Berlin-1cb8,29,20,Normal
2026-02-09 23:26:19.620067,Berlin-1cb8,-2,3,Normal
2026-02-09 23:26:20.620067,Berlin-1cb8,-4,83,Normal
2026-02-09 23:26:21.620067,Berlin-1cb8,20,93,Normal
2026-02-09 23:26:22.620067,Berlin-1cb8,18,10,Normal
2026-02-09 23:26:23.620067,Berlin-1cb8,23,28,Normal
2026-02-09 23:26:24.620067,Berlin-1cb8,44,46,Normal
2026-02-09 23:26:25.620067,Berlin-1cb8,-3,71,Normal
2026-02-09 23:26:26.620067,Berlin-1cb8,-7,54,Normal
2026-02-09 23:26:27.620067,Berlin-1cb8,19,99,Normal
2026-02-09 23:26:28.620067,Berlin-1cb8,-8,81,Normal
2026-02-09 23:26:29.620067,Berlin-1cb8,-4,79,Normal
2026-02-09 23:26:30.620067,Berlin-1cb8,16,61,Normal
2026-02-09 23:26:31.620067,Berlin-1cb8,48,82,Normal
2026-02-09 23:26:32.620067,Berlin-1cb8,-7,94,Normal
2026-02-09 23:26:33.620067,Berlin-1cb8,31,42,Normal
2026-02-09 23:26:34.620067,Berlin-1cb8,7,27,Normal
2026-02-09 23:26:35.620067,Berlin-1cb8,43,68,Normal
2026-02-09 23:26:36.620067,Berlin-1cb8,3,74,Normal
2026-02-09 23:26:37.620067,Berlin-1cb8,12,100,Normal
2026-02-09 23:26:38.620067,Berlin-1cb8,29,81,Normal
2026-02-09 23:26:39.620067,Berlin-1cb8,18,51,Normal
2026-02-09 23:26:40.620067,Berlin-1cb8,-4,71,Normal
2026-02-09 23:26:41.620067,Berlin-1cb8,-22,38,Normal
2026-02-09 23:26:42.620067,Berlin-1cb8,-22,77,Normal
2026-02-09 23:26:43.620067,Berlin-1cb8,-9,80,Normal
2026-02-09 23:26:44.620067,Berlin-1cb8,-3,71,Normal
2026-02-09 23:26:45.620067,Berlin-1cb8,38,7,Normal
2026-02-09 23:26:46.620067,Berlin-1cb8,-1,61,Normal
2026-02-09 23:26:47.620067,Berlin-1cb8,-25,76,Normal
2026-02-09 23:26:48.620067,Berlin-1cb8,5,76,Normal
2026-02-09 23:26:49.620067,Berlin-1cb8,20,57,Normal
2026-02-09 23:26:50.620067,Berlin-1cb8,40,39,Normal
2026-02-09 23:26:51.620067,Berlin-1cb8,-22,8,Normal
2026-02-09 23:26:52.620067,Berlin-1cb8,30,77,Normal
2026-02-09 23:26:53.620067,Berlin-1cb8,3,28,Normal
2026-02-09 23:26:54.620067,Berlin-1cb8,28,14,Normal
2026-02-09 23:26:55.620067,Berlin-1cb8,-14,39,Normal
2026-02-09 23:26:56.620067,Berlin-1cb8,3,79,Normal
2026-02-09 23:26:57.620067,Berlin-1cb8,45,4,Normal
2026-02-09 23:26:58.620067,Berlin-1cb8,-16,39,Normal
2026-02-09 23:26:59.620067,Berlin-1cb8,-5,64,Normal
2026-02-09 23:27:00.620067,Berlin-1cb8,26,30,Normal
2026-02-09 23:27:01.620067,Berlin-1cb8,-26,99,Normal
2026-02-09 23:27:02.620067,Berlin-1cb8,22,21,Normal
2026-02-09 23:27:03.620067,Berlin-1cb8,44,85,Normal
2026-02-09 23:27:04.620067,Berlin-1cb8,20,73,Normal
2026-02-09 23:27:05.620067,Berlin-1cb8,9,47,Normal
2026-02-09 23:27:06.620067,Berlin-1cb8,20,18,Normal
2026-02-09 23:27:07.620067,Berlin-1cb8,-5,75,Normal
2026-02-09 23:27:08.620067,Berlin-1cb8,18,26,Normal
2026-02-09 23:27:09.620067,Berlin-1cb8,-9,16,Normal
2026-02-09 23:27:10.620067,Berlin-1cb8,12,5,Normal
2026-02-09 23:27:11.620067,Berlin-1cb8,17,77,Normal
2026-02-09 23:27:12.620067,Berlin-1cb8,32,54,Normal
2026-02-09 23:27:13.620067,Berlin-1cb8,31,10,Normal
2026-02-09 23:27:14.620067,Berlin-1cb8,13,1,Normal
2026-02-09 23:27:15.620067,Berlin-1cb8,-2,49,Normal
2026-02-09 23:27:16.620067,Berlin-1cb8,-28,11,Normal
2026-02-09 23:27:17.620067,Berlin-1cb8,-18,19,Normal
2026-02-09 23:27:18.620067,Berlin-1cb8,-9,21,Normal
2026-02-09 23:27:19.620067,Berlin-1cb8,-20,49,Normal
2026-02-09 23:27:20.620067,Berlin-1cb8,30,0,Normal
2026-02-09 23:27:21.620067,Berlin-1cb8,1,80,Normal
2026-02-09 23:27:22.620067,Berlin-1cb8,17,73,Normal
2026-02-09 23:27:23.620067,Berlin-1cb8,18,26,Normal
2026-02-09 23:27:24.620067,Berlin-1cb8,6,43,Normal
2026-02-09 23:27:25.620067,Berlin-1cb8,-23,44,Normal
2026-02-09 23:27:26.620067,Berlin-1cb8,-8,73,Normal
2026-02-09 23:27:27.620067,Berlin-1cb8,42,65,Normal
2026-02-09 23:27:28.620067,Berlin-1cb8,41,8,Normal
2026-02-09 23:27:29.620067,Berlin-1cb8,-5,60,Normal
2026-02-09 23:27:30.620067,Berlin-1cb8,12,55,Normal
2026-02-09 23:27:31.620067,Berlin-1cb8,32,33,Normal
2026-02-09 23:27:32.620067,Berlin-1cb8,34,71,Normal
2026-02-09 23:27:33.620067,Berlin-1cb8,25,72,Normal
2026-02-09 23:27:34.620067,Berlin-1cb8,-16,34,Normal
2026-02-09 23:27:35.620067,Berlin-1cb8,-11,80,Normal
2026-02-09 23:27:36.620067,Berlin-1cb8,10,43,Normal
2026-02-09 23:27:37.620067,Berlin-1cb8,1,95,Normal
2026-02-09 23:27:38.620067,Berlin-1cb8,-7,64,Normal
2026-02-09 23:27:39.620067,Berlin-1cb8,36,3,Normal
2026-02-09 23:27:40.620067,Berlin-1cb8,-9,0,Normal
2026-02-09 23:27:41.620067,Berlin-1cb8,19,88,Normal
2026-02-09 23:27:42.620067,Berlin-1cb8,36,7,Normal
2026-02-09 23:27:43.620067,Berlin-1cb8,12,24,Normal
2026-02-09 23:27:44.620067,Berlin-1cb8,-2,17,Normal
2026-02-09 23:27:45.620067,Berlin-1cb8,24,64,Normal
2026-02-09 23:27:46.620067,Berlin-1cb8,25,71,Normal
2026-02-09 23:27:47.620067,Berlin-1cb8,-18,47,Normal
2026-02-09 23:27:48.620067,Berlin-1cb8,-1,40,Normal
2026-02-09 23:27:49.620067,Berlin-1cb8,1,53,Normal
2026-02-09 23:27:50.620067,Berlin-1cb8,-17,32,Normal
2026-02-09 23:27:51.620067,Berlin-1cb8,-25,56,Normal
2026-02-09 23:27:52.620067,Berlin-1cb8,-30,27,Normal
2026-02-09 23:27:53.620067,Berlin-1cb8,19,37,Normal
2026-02-09 23:27:54.620067,Berlin-1cb8,33,6,Normal
2026-02-09 23:27:55.620067,Berlin-1cb8,-29,3,Normal
2026-02-09 23:27:56.620067,Berlin-1cb8,43,29,Normal
2026-02-09 23:27:57.620067,Berlin-1cb8,43,49,Normal
2026-02-09 23:27:58.620067,Berlin-1cb8,22,30,Normal
2026-02-09 23:27:59.620067,Berlin-1cb8,16,59,Normal
2026-02-09 23:28:00.620067,Berlin-1cb8,17,33,Normal
2026-02-09 23:28:01.620067,Berlin-1cb8,13,3,Normal
2026-02-09 23:28:02.620067,Berlin-1cb8,-30,33,Normal
2026-02-09 23:28:03.620067,Berlin-1cb8,-17,68,Normal
2026-02-09 23:28:04.620067,Berlin-1cb8,19,63,Normal
2026-02-09 23:28:05.620067,Berlin-1cb8,-13,78,Normal
2026-02-09 23:28:06.620067,Berlin-1cb8,14,53,Normal
2026-02-09 23:28:07.620067,Berlin-1cb8,17,89,Normal
2026-02-09 23:28:08.620067,Berlin-1cb8,22,28,Normal
2026-02-09 23:28:09.620067,Berlin-1cb8,44,67,Normal
2026-02-09 23:28:10.620067,Berlin-1cb8,-4,1,Normal
2026-02-09 23:28:11.620067,Berlin-1cb8,24,93,Normal
2026-02-09 23:28:12.620067,Berlin-1cb8,32,37,Normal
2026-02-09 23:28:13.620067,Berlin-1cb8,-14,31,Normal
2026-02-09 23:28:14.620067,Berlin-1cb8,-13,24,Normal
2026-02-09 23:28:15.620067,Berlin-1cb8,38,17,Normal
2026-02-09 23:28:16.620067,Berlin-1cb8,47,15,Normal
2026-02-09 23:28:17.620067,Berlin-1cb8,33,5,Normal
2026-02-09 23:28:18.620067,Berlin-1cb8,50,66,Normal
2026-02-09 23:28:19.620067,Berlin-1cb8,-15,52,Normal
2026-02-09 23:28:20.620067,Berlin-1cb8,-21,66,Normal
2026-02-09 23:28:21.620067,Berlin-1cb8,28,96,Normal
2026-02-09 23:28:22.620067,Berlin-1cb8,-8,74,Normal
2026-02-09 23:28:23.620067,Berlin-1cb8,-11,23,Normal
2026-02-09 23:28:24.620067,Berlin-1cb8,49,100,Normal
2026-02-09 23:28:25.620067,Berlin-1cb8,24,67,Normal
2026-02-09 23:28:26.620067,Berlin-1cb8,-28,58,Normal
2026-02-09 23:28:27.620067,Berlin-1cb8,43,98,Normal
2026-02-09 23:28:28.620067,Berlin-1cb8,-25,43,Normal
2026-02-09 23:28:29.620067,Berlin-1cb8,-17,47,Normal
2026-02-09 23:28:30.620067,Berlin-1cb8,21,66,Normal
2026-02-09 23:28:31.620067,Berlin-1cb8,-7,26,Normal
2026-02-09 23:28:32.620067,Berlin-1cb8,-12,54,Normal
2026-02-09 23:28:33.620067,Berlin-1cb8,47,63,Normal
2026-02-09 23:28:34.620067,Berlin-1cb8,3,7,Normal
2026-02-09 23:28:35.620067,Berlin-1cb8,23,86,Normal
2026-02-09 23:28:36.620067,Berlin-1cb8,21,6,Normal
2026-02-09 23:28:37.620067,Berlin-1cb8,11,60,Normal
2026-02-09 23:28:38.620067,Berlin-1cb8,7,67,Normal
2026-02-09 23:28:39.620067,Berlin-1cb8,17,73,Normal
2026-02-09 23:28:40.620067,Berlin-1cb8,-13,70,Normal
2026-02-09 23:28:41.620067,Berlin-1cb8,45,81,Normal
2026-02-09 23:28:42.620067,Berlin-1cb8,48,57,Normal
2026-02-09 23:28:43.620067,Berlin-1cb8,-20,4,Normal
2026-02-09 23:28:44.620067,Berlin-1cb8,-26,7,Normal
2026-02-09 23:28:45.620067,Berlin-1cb8,16,0,Normal
2026-02-09 23:28:46.620067,Berlin-1cb8,-28,15,Normal
2026-02-09 23:28:47.620067,Berlin-1cb8,2,95,Normal
2026-02-09 23:28:48.620067,Berlin-1cb8,-4,14,Normal
2026-02-09 23:28:49.620067,Berlin-1cb8,-28,0,Normal
2026-02-09 23:28:50.620067,Berlin-1cb8,-18,82,Normal
2026-02-09 23:28:51.620067,Berlin-1cb8,-15,64,Normal
2026-02-09 23:28:52.620067,Berlin-1cb8,-5,32,Normal
2026-02-09 23:28:53.620067,Berlin-1cb8,-2,87,Normal
2026-02-09 23:28:54.620067,Berlin-1cb8,29,30,Normal
2026-02-09 23:28:55.620067,Berlin-1cb8,-6,92,Normal
2026-02-09 23:28:56.620067,Berlin-1cb8,-15,7,Normal
2026-02-09 23:28:57.620067,Berlin-1cb8,40,96,Normal
2026-02-09 23:28:58.620067,Berlin-1cb8,9,55,Normal
2026-02-09 23:28:59.620067,Berlin-1cb8,-12,22,Normal
2026-02-09 23:29:00.620067,Berlin-1cb8,35,58,Normal
2026-02-09 23:29:01.620067,Berlin-1cb8,23,6,Normal
2026-02-09 23:29:02.620067,Berlin-1cb8,9,32,Normal
2026-02-09 23:29:03.620067,Berlin-1cb8,-1,98,Normal
2026-02-09 23:29:04.620067,Berlin-1cb8,35,42,Normal
2026-02-09 23:29:05.620067,Berlin-1cb8,37,43,Normal
2026-02-09 23:29:06.620067,Berlin-1cb8,29,41,Normal
2026-02-09 23:29:07.620067,Berlin-1cb8,3,54,Normal
2026-02-09 23:29:08.620067,Berlin-1cb8,-23,6,Normal
2026-02-09 23:29:09.620067,Berlin-1cb8,42,29,Normal
2026-02-09 23:29:10.620067,Berlin-1cb8,-24,17,Normal
2026-02-09 23:29:11.620067,Berlin-1cb8,-8,62,Normal
2026-02-09 23:29:12.620067,Berlin-1cb8,-9,12,Normal
2026-02-09 23:29:13.620067,Berlin-1cb8,30,57,Normal
2026-02-09 23:29:14.620067,Berlin-1cb8,4,35,Normal
2026-02-09 23:29:15.620067,Berlin-1cb8,37,23,Normal
2026-02-09 23:29:16.620067,Berlin-1cb8,-8,19,Normal
2026-02-09 23:29:17.620067,Berlin-1cb8,41,24,Normal
2026-02-09 23:29:18.620067,Berlin-1cb8,19,3,Normal
2026-02-09 23:29:19.620067,Berlin-1cb8,10,46,Normal
2026-02-09 23:29:20.620067,Berlin-1cb8,30,78,Normal
2026-02-09 23:29:21.620067,Berlin-1cb8,1,63,Normal
2026-02-09 23:29:22.620067,Berlin-1cb8,6,38,Normal
2026-02-09 23:29:23.620067,Berlin-1cb8,27,57,Normal
2026-02-09 23:29:24.620067,Berlin-1cb8,-10,30,Normal
2026-02-09 23:29:25.620067,Berlin-1cb8,-20,75,Normal
2026-02-09 23:29:26.620067,Berlin-1cb8,-26,45,Normal
2026-02-09 23:29:27.620067,Berlin-1cb8,-2,58,Normal
2026-02-09 23:29:28.620067,Berlin-1cb8,44,35,Normal
2026-02-09 23:29:29.620067,Berlin-1cb8,-20,54,Normal
2026-02-09 23:29:30.620067,Berlin-1cb8,25,57,Normal
2026-02-09 23:29:31.620067,Berlin-1cb8,-10,97,Normal
2026-02-09 23:29:32.620067,Berlin-1cb8,-25,67,Normal
2026-02-09 23:29:33.620067,Berlin-1cb8,-17,83,Normal
2026-02-09 23:29:34.620067,Berlin-1cb8,-3,33,Normal
2026-02-09 23:29:35.620067,Berlin-1cb8,15,41,Normal
2026-02-09 23:29:36.620067,Berlin-1cb8,0,19,Normal
2026-02-09 23:29:37.620067,Berlin-1cb8,29,9,Normal
2026-02-09 23:29:38.620067,Berlin-1cb8,37,27,Normal
2026-02-09 23:29:39.620067,Berlin-1cb8,39,0,Normal
2026-02-09 23:29:40.620067,Berlin-1cb8,50,74,Normal
2026-02-09 23:29:41.620067,Berlin-1cb8,16,93,Normal
2026-02-09 23:29:42.620067,Berlin-1cb8,-1,77,Normal
2026-02-09 23:29:43.620067,Berlin-1cb8,14,9,Normal
2026-02-09 23:29:44.620067,Berlin-1cb8,-15,2,Normal
2026-02-09 23:29:45.620067,Berlin-1cb8,37,49,Normal
2026-02-09 23:29:46.620067,Berlin-1cb8,-4,32,Normal
2026-02-09 23:29:47.620067,Berlin-1cb8,16,61,Normal
2026-02-09 23:29:48.620067,Berlin-1cb8,25,85,Normal
2026-02-09 23:29:49.620067,Berlin-1cb8,26,52,Normal
2026-02-09 23:29:50.620067,Berlin-1cb8,-15,11,Normal
2026-02-09 23:29:51.620067,Berlin-1cb8,-28,100,Normal
2026-02-09 23:29:52.620067,Berlin-1cb8,-10,84,Normal
2026-02-09 23:29:53.620067,Berlin-1cb8,-12,86,Normal
2026-02-09 23:29:54.620067,Berlin-1cb8,36,21,Normal
2026-02-09 23:29:55.620067,Berlin-1cb8,-20,61,Normal
2026-02-09 23:29:56.620067,Berlin-1cb8,-3,97,Normal
2026-02-09 23:29:57.620067,Berlin-1cb8,36,69,Normal
2026-02-09 23:29:58.620067,Berlin-1cb8,-10,74,Normal
2026-02-09 23:29:59.620067,Berlin-1cb8,41,70,Normal
2026-02-09 23:30:00.620067,Berlin-1cb8,-3,38,Normal
2026-02-09 23:30:01.620067,Berlin-1cb8,40,87,Normal
2026-02-09 23:30:02.620067,Berlin-1cb8,31,37,Normal
2026-02-09 23:30:03.620067,Berlin-1cb8,-19,35,Normal
2026-02-09 23:30:04.620067,Berlin-1cb8,-19,21,Normal
2026-02-09 23:30:05.620067,Berlin-1cb8,-7,78,Normal
2026-02-09 23:30:06.620067,Berlin-1cb8,28,85,Normal
2026-02-09 23:30:07.620067,Berlin-1cb8,23,87,Normal
2026-02-09 23:30:08.620067,Berlin-1cb8,35,100,Normal
2026-02-09 23:30:09.620067,Berlin-1cb8,10,3,Normal
2026-02-09 23:30:10.620067,Berlin-1cb8,-3,48,Normal
2026-02-09 23:30:11.620067,Berlin-1cb8,28,76,Normal
2026-02-09 23:30:12.620067,Berlin-1cb8,-10,82,Normal
2026-02-09 23:30:13.620067,Berlin-1cb8,35,96,Normal
2026-02-09 23:30:14.620067,Berlin-1cb8,-18,48,Normal
2026-02-09 23:30:15.620067,Berlin-1cb8,-17,91,Normal
2026-02-09 23:30:16.620067,Berlin-1cb8,-9,91,Normal
2026-02-09 23:30:17.620067,Berlin-1cb8,-22,4,Normal
2026-02-09 23:30:18.620067,Berlin-1cb8,4,56,Normal
2026-02-09 23:30:19.620067,Berlin-1cb8,8,75,Normal
2026-02-09 23:30:20.620067,Berlin-1cb8,11,16,Normal
2026-02-09 23:30:21.620067,Berlin-1cb8,9,85,Normal
2026-02-09 23:30:22.620067,Berlin-1cb8,-8,22,Normal
2026-02-09 23:30:23.620067,Berlin-1cb8,46,48,Normal
2026-02-09 23:30:24.620067,Berlin-1cb8,23,52,Normal
2026-02-09 23:30:25.620067,Berlin-1cb8,2,46,Normal
2026-02-09 23:30:26.620067,Berlin-1cb8,21,62,Normal
2026-02-09 23:30:27.620067,Berlin-1cb8,25,74,Normal
2026-02-09 23:30:28.620067,Berlin-1cb8,-30,51,Normal
2026-02-09 23:30:29.620067,Berlin-1cb8,-14,34,Normal
2026-02-09 23:30:30.620067,Berlin-1cb8,-6,36,Normal
2026-02-09 23:30:31.620067,Berlin-1cb8,3,87,Normal
2026-02-09 23:30:32.620067,Berlin-1cb8,-8,82,Normal
2026-02-09 23:30:33.620067,Berlin-1cb8,43,21,Normal
2026-02-09 23:30:34.620067,Berlin-1cb8,-14,79,Normal
2026-02-09 23:30:35.620067,Berlin-1cb8,37,73,Normal
2026-02-09 23:30:36.620067,Berlin-1cb8,48,62,Normal
2026-02-09 23:30:37.620067,Berlin-1cb8,-7,84,Normal
2026-02-09 23:30:38.620067,Berlin-1cb8,-27,77,Normal
2026-02-09 23:30:39.620067,Berlin-1cb8,-15,25,Normal
2026-02-09 23:30:40.620067,Berlin-1cb8,15,52,Normal
2026-02-09 23:30:41.620067,Berlin-1cb8,31,9,Normal
2026-02-09 23:30:42.620067,Berlin-1cb8,-6,87,Normal
2026-02-09 23:30:43.620067,Berlin-1cb8,8,35,Normal
2026-02-09 23:30:44.620067,Berlin-1cb8,3,15,Normal
2026-02-09 23:30:45.620067,Berlin-1cb8,11,21,Normal
2026-02-09 23:30:46.620067,Berlin-1cb8,40,81,Normal
2026-02-09 23:30:47.620067,Berlin-1cb8,-7,36,Normal
2026-02-09 23:30:48.620067,Berlin-1cb8,-29,10,Normal
2026-02-09 23:30:49.620067,Berlin-1cb8,10,54,Normal
2026-02-09 23:30:50.620067,Berlin-1cb8,7,39,Normal
2026-02-09 23:30:51.620067,Berlin-1cb8,30,67,Normal
2026-02-09 23:30:52.620067,Berlin-1cb8,-7,55,Normal
2026-02-09 23:30:53.620067,Berlin-1cb8,15,78,Normal
2026-02-09 23:30:54.620067,Berlin-1cb8,45,43,Normal
2026-02-09 23:30:55.620067,Berlin-1cb8,-15,11,Normal
2026-02-09 23:30:56.620067,Berlin-1cb8,7,57,Normal
2026-02-09 23:30:57.620067,Berlin-1cb8,-14,15,Normal
2026-02-09 23:30:58.620067,Berlin-1cb8,32,46,Normal
2026-02-09 23:30:59.620067,Berlin-1cb8,-25,1,Normal
2026-02-09 23:31:00.620067,Berlin-1cb8,32,49,Normal
2026-02-09 23:31:01.620067,Berlin-1cb8,27,36,Normal
2026-02-09 23:31:02.620067,Berlin-1cb8,-26,20,Normal
2026-02-09 23:31:03.620067,Berlin-1cb8,-26,16,Normal
2026-02-09 23:31:04.620067,Berlin-1cb8,27,16,Normal
2026-02-09 23:31:05.620067,Berlin-1cb8,25,58,Normal
2026-02-09 23:31:06.620067,Berlin-1cb8,-8,32,Normal
2026-02-09 23:31:07.620067,Berlin-1cb8,-18,99,Normal
2026-02-09 23:31:08.620067,Berlin-1cb8,48,3,Normal
2026-02-09 23:31:09.620067,Berlin-1cb8,-8,43,Normal
2026-02-09 23:31:10.620067,Berlin-1cb8,31,81,Normal
2026-02-09 23:31:11.620067,Berlin-1cb8,39,55,Normal
2026-02-09 23:31:12.620067,Berlin-1cb8,-12,98,Normal
2026-02-09 23:31:13.620067,Berlin-1cb8,-21,48,Normal
2026-02-09 23:31:14.620067,Berlin-1cb8,40,65,Normal
2026-02-09 23:31:15.620067,Berlin-1cb8,-9,48,Normal
2026-02-09 23:31:16.620067,Berlin-1cb8,9,46,Normal
2026-02-09 23:31:17.620067,Berlin-1cb8,-8,84,Normal
2026-02-09 23:31:18.620067,Berlin-1cb8,23,94,Normal
2026-02-09 23:31:19.620067,Berlin-1cb8,-15,5,Normal
2026-02-09 23:31:20.620067,Berlin-1cb8,14,81,Normal
2026-02-09 23:31:21.620067,Berlin-1cb8,16,65,Normal
2026-02-09 23:31:22.620067,Berlin-1cb8,0,18,Normal
2026-02-09 23:31:23.620067,Berlin-1cb8,-2,84,Normal
2026-02-09 23:31:24.620067,Berlin-1cb8,-13,50,Normal
2026-02-09 23:31:25.620067,Berlin-1cb8,34,64,Normal
2026-02-09 23:31:26.620067,Berlin-1cb8,29,14,Normal
2026-02-09 23:31:27.620067,Berlin-1cb8,-5,93,Normal
2026-02-09 23:31:28.620067,Berlin-1cb8,4,88,Normal
2026-02-09 23:31:29.620067,Berlin-1cb8,14,79,Normal
2026-02-09 23:31:30.620067,Berlin-1cb8,-8,13,Normal
2026-02-09 23:31:31.620067,Berlin-1cb8,-23,60,Normal
2026-02-09 23:31:32.620067,Berlin-1cb8,9,43,Normal
2026-02-09 23:31:33.620067,Berlin-1cb8,-7,67,Normal
2026-02-09 23:31:34.620067,Berlin-1cb8,12,64,Normal
2026-02-09 23:31:35.620067,Berlin-1cb8,41,39,Normal
2026-02-09 23:31:36.620067,Berlin-1cb8,-19,30,Normal
2026-02-09 23:31:37.620067,Berlin-1cb8,33,83,Normal
2026-02-09 23:31:38.620067,Berlin-1cb8,-7,83,Normal
2026-02-09 23:31:39.620067,Berlin-1cb8,29,76,Normal
2026-02-09 23:31:40.620067,Berlin-1cb8,-23,29,Normal
2026-02-09 23:31:41.620067,Berlin-1cb8,46,20,Normal
2026-02-09 23:31:42.620067,Berlin-1cb8,-29,68,Normal
2026-02-09 23:31:43.620067,Berlin-1cb8,18,68,Normal
2026-02-09 23:31:44.620067,Berlin-1cb8,17,58,Normal
2026-02-09 23:31:45.620067,Berlin-1cb8,44,38,Normal
2026-02-09 23:31:46.620067,Berlin-1cb8,38,66,Normal
2026-02-09 23:31:47.620067,Berlin-1cb8,39,79,Normal
2026-02-09 23:31:48.620067,Berlin-1cb8,3,94,Normal
2026-02-09 23:31:49.620067,Berlin-1cb8,-28,0,Normal
2026-02-09 23:31:50.620067,Berlin-1cb8,10,69,Normal
2026-02-09 23:31:51.620067,Berlin-1cb8,31,18,Normal
2026-02-09 23:31:52.620067,Berlin-1cb8,34,5,Normal
2026-02-09 23:31:53.620067,Berlin-1cb8,-22,55,Normal
2026-02-09 23:31:54.620067,Berlin-1cb8,29,80,Normal
2026-02-09 23:31:55.620067,Berlin-1cb8,19,47,Normal
2026-02-09 23:31:56.620067,Berlin-1cb8,43,23,Normal
2026-02-09 23:31:57.620067,Berlin-1cb8,32,81,Normal
2026-02-09 23:31:58.620067,Berlin-1cb8,-28,89,Normal
2026-02-09 23:31:59.620067,Berlin-1cb8,-19,82,Normal
2026-02-09 23:32:00.620067,Berlin-1cb8,27,22,Normal
2026-02-09 23:32:01.620067,Berlin-1cb8,-6,55,Normal
2026-02-09 23:32:02.620067,Berlin-1cb8,0,66,Normal
2026-02-09 23:32:03.620067,Berlin-1cb8,-20,43,Normal
2026-02-09 23:32:04.620067,Berlin-1cb8,-17,45,Normal
2026-02-09 23:32:05.620067,Berlin-1cb8,-5,44,Normal
2026-02-09 23:32:06.620067,Berlin-1cb8,34,37,Normal
2026-02-09 23:32:07.620067,Berlin-1cb8,5,27,Normal
2026-02-09 23:32:08.620067,Berlin-1cb8,49,54,Normal
2026-02-09 23:32:09.620067,Berlin-1cb8,-3,2,Normal
2026-02-09 23:32:10.620067,Berlin-1cb8,-2,85,Normal
2026-02-09 23:32:11.620067,Berlin-1cb8,-14,53,Normal
2026-02-09 23:32:12.620067,Berlin-1cb8,-15,78,Normal
2026-02-09 23:32:13.620067,Berlin-1cb8,8,81,Normal
2026-02-09 23:32:14.620067,Berlin-1cb8,-18,1,Normal
2026-02-09 23:32:15.620067,Berlin-1cb8,42,80,Normal
2026-02-09 23:32:16.620067,Berlin-1cb8,-2,77,Normal
2026-02-09 23:32:17.620067,Berlin-1cb8,45,13,Normal
2026-02-09 23:32:18.620067,Berlin-1cb8,-12,68,Normal
2026-02-09 23:32:19.620067,Berlin-1cb8,4,7,Normal
2026-02-09 23:32:20.620067,Berlin-1cb8,20,88,Normal
2026-02-09 23:32:21.620067,Berlin-1cb8,-29,98,Normal
2026-02-09 23:32:22.620067,Berlin-1cb8,4,80,Normal
2026-02-09 23:32:23.620067,Berlin-1cb8,-20,42,Normal
2026-02-09 23:32:24.620067,Berlin-1cb8,11,47,Normal
2026-02-09 23:32:25.620067,Berlin-1cb8,-20,47,Normal
2026-02-09 23:32:26.620067,Berlin-1cb8,-15,34,Normal
2026-02-09 23:32:27.620067,Berlin-1cb8,-5,35,Normal
2026-02-09 23:32:28.620067,Berlin-1cb8,30,56,Normal
2026-02-09 23:32:29.620067,Berlin-1cb8,17,100,Normal
2026-02-09 23:32:30.620067,Berlin-1cb8,-11,44,Normal
2026-02-09 23:32:31.620067,Berlin-1cb8,35,2,Normal
2026-02-09 23:32:32.620067,Berlin-1cb8,-20,4,Normal
2026-02-09 23:32:33.620067,Berlin-1cb8,7,25,Normal
2026-02-09 23:32:34.620067,Berlin-1cb8,8,77,Normal
2026-02-09 23:32:35.620067,Berlin-1cb8,-7,96,Normal
2026-02-09 23:32:36.620067,Berlin-1cb8,48,28,Normal
2026-02-09 23:32:37.620067,Berlin-1cb8,15,57,Normal
2026-02-09 23:32:38.620067,Berlin-1cb8,10,83,Normal
2026-02-09 23:32:39.620067,Berlin-1cb8,-4,77,Normal
2026-02-09 23:32:40.620067,Berlin-1cb8,44,99,Normal
2026-02-09 23:32:41.620067,Berlin-1cb8,7,93,Normal
2026-02-09 23:32:42.620067,Berlin-1cb8,-10,62,Normal
2026-02-09 23:32:43.620067,Berlin-1cb8,-24,83,Normal
2026-02-09 23:32:44.620067,Berlin-1cb8,-11,5,Normal
2026-02-09 23:32:45.620067,Berlin-1cb8,-17,80,Normal
2026-02-09 23:32:46.620067,Berlin-1cb8,25,76,Normal
2026-02-09 23:32:47.620067,Berlin-1cb8,42,48,Normal
2026-02-09 23:32:48.620067,Berlin-1cb8,12,79,Normal
2026-02-09 23:32:49.620067,Berlin-1cb8,20,100,Normal
2026-02-09 23:32:50.620067,Berlin-1cb8,-2,1,Normal
2026-02-09 23:32:51.620067,Berlin-1cb8,-10,99,Normal
2026-02-09 23:32:52.620067,Berlin-1cb8,13,7,Normal
2026-02-09 23:32:53.620067,Berlin-1cb8,41,68,Normal
2026-02-09 23:32:54.620067,Berlin-1cb8,38,51,Normal
2026-02-09 23:32:55.620067,Berlin-1cb8,8,73,Normal
2026-02-09 23:32:56.620067,Berlin-1cb8,44,9,Normal
2026-02-09 23:32:57.620067,Berlin-1cb8,18,27,Normal
2026-02-09 23:32:58.620067,Berlin-1cb8,-4,44,Normal
2026-02-09 23:32:59.620067,Berlin-1cb8,9,70,Normal
2026-02-09 23:33:00.620067,Berlin-1cb8,9,10,Normal
2026-02-09 23:33:01.620067,Berlin-1cb8,11,25,Normal
2026-02-09 23:33:02.620067,Berlin-1cb8,-29,76,Normal
2026-02-09 23:33:03.620067,Berlin-1cb8,2,13,Normal
2026-02-09 23:33:04.620067,Berlin-1cb8,-26,91,Normal
2026-02-09 23:33:05.620067,Berlin-1cb8,40,69,Normal
2026-02-09 23:33:06.620067,Berlin-1cb8,42,10,Normal
2026-02-09 23:33:07.620067,Berlin-1cb8,28,6,Normal
2026-02-09 23:33:08.620067,Berlin-1cb8,6,1,Normal
2026-02-09 23:33:09.620067,Berlin-1cb8,-11,80,Normal
2026-02-09 23:33:10.620067,Berlin-1cb8,33,22,Normal
2026-02-09 23:33:11.620067,Berlin-1cb8,-13,52,Normal
2026-02-09 23:33:12.620067,Berlin-1cb8,10,76,Normal
2026-02-09 23:33:13.620067,Berlin-1cb8,-11,9,Normal
2026-02-09 23:33:14.620067,Berlin-1cb8,-10,58,Normal
2026-02-09 23:33:15.620067,Berlin-1cb8,37,29,Normal
2026-02-09 23:33:16.620067,Berlin-1cb8,25,19,Normal
2026-02-09 23:33:17.620067,Berlin-1cb8,-5,37,Normal
2026-02-09 23:33:18.620067,Berlin-1cb8,-5,84,Normal
2026-02-09 23:33:19.620067,Berlin-1cb8,18,97,Normal
2026-02-09 23:33:20.620067,Berlin-1cb8,-6,30,Normal
2026-02-09 23:33:21.620067,Berlin-1cb8,21,66,Normal
2026-02-09 23:33:22.620067,Berlin-1cb8,49,6,Normal
2026-02-09 23:33:23.620067,Berlin-1cb8,34,6,Normal
2026-02-09 23:33:24.620067,Berlin-1cb8,38,4,Normal
2026-02-09 23:33:25.620067,Berlin-1cb8,39,91,Normal
2026-02-09 23:33:26.620067,Berlin-1cb8,17,15,Normal
2026-02-09 23:33:27.620067,Berlin-1cb8,17,8,Normal
2026-02-09 23:33:28.620067,Berlin-1cb8,-10,28,Normal
2026-02-09 23:33:29.620067,Berlin-1cb8,-13,19,Normal
2026-02-09 23:33:30.620067,Berlin-1cb8,20,72,Normal
2026-02-09 23:33:31.620067,Berlin-1cb8,44,7,Normal
2026-02-09 23:33:32.620067,Berlin-1cb8,20,94,Normal
2026-02-09 23:33:33.620067,Berlin-1cb8,-29,56,Normal
2026-02-09 23:33:34.620067,Berlin-1cb8,30,67,Normal
2026-02-09 23:33:35.620067,Berlin-1cb8,15,33,Normal
2026-02-09 23:33:36.620067,Berlin-1cb8,39,40,Normal
2026-02-09 23:33:37.620067,Berlin-1cb8,41,76,Normal
2026-02-09 23:33:38.620067,Berlin-1cb8,8,22,Normal
2026-02-09 23:33:39.620067,Berlin-1cb8,46,60,Normal
2026-02-09 23:33:40.620067,Berlin-1cb8,-7,68,Normal
2026-02-09 23:33:41.620067,Berlin-1cb8,49,12,Normal
2026-02-09 23:33:42.620067,Berlin-1cb8,37,98,Normal
2026-02-09 23:33:43.620067,Berlin-1cb8,15,72,Normal
2026-02-09 23:33:44.620067,Berlin-1cb8,-26,40,Normal
2026-02-09 23:33:45.620067,Berlin-1cb8,-21,11,Normal
2026-02-09 23:33:46.620067,Berlin-1cb8,-4,82,Normal
2026-02-09 23:33:47.620067,Berlin-1cb8,29,8,Normal
2026-02-09 23:33:48.620067,Berlin-1cb8,15,6,Normal
2026-02-09 23:33:49.620067,Berlin-1cb8,49,62,Normal
2026-02-09 23:33:50.620067,Berlin-1cb8,-6,6,Normal
2026-02-09 23:33:51.620067,Berlin-1cb8,42,44,Normal
2026-02-09 23:33:52.620067,Berlin-1cb8,35,38,Normal
2026-02-09 23:33:53.620067,Berlin-1cb8,23,32,Normal
2026-02-09 23:33:54.620067,Berlin-1cb8,-10,70,Normal
2026-02-09 23:33:55.620067,Berlin-1cb8,-25,66,Normal
2026-02-09 23:33:56.620067,Berlin-1cb8,6,40,Normal
2026-02-09 23:33:57.620067,Berlin-1cb8,43,82,Normal
2026-02-09 23:33:58.620067,Berlin-1cb8,46,97,Normal
2026-02-09 23:33:59.620067,Berlin-1cb8,26,57,Normal
2026-02-09 23:34:00.620067,Berlin-1cb8,36,70,Normal
2026-02-09 23:34:01.620067,Berlin-1cb8,38,93,Normal
2026-02-09 23:34:02.620067,Berlin-1cb8,47,60,Normal
2026-02-09 23:34:03.620067,Berlin-1cb8,32,19,Normal
2026-02-09 23:34:04.620067,Berlin-1cb8,14,43,Normal
2026-02-09 23:34:05.620067,Berlin-1cb8,-5,59,Normal
2026-02-09 23:34:06.620067,Berlin-1cb8,4,18,Normal
2026-02-09 23:34:07.620067,Berlin-1cb8,10,5,Normal
2026-02-09 23:34:08.620067,Berlin-1cb8,-2,32,Normal
2026-02-09 23:34:09.620067,Berlin-1cb8,25,54,Normal
2026-02-09 23:34:10.620067,Berlin-1cb8,30,36,Normal
2026-02-09 23:34:11.620067,Berlin-1cb8,15,40,Normal
2026-02-09 23:34:12.620067,Berlin-1cb8,-5,93,Normal
2026-02-09 23:34:13.620067,Berlin-1cb8,-9,11,Normal
2026-02-09 23:34:14.620067,Berlin-1cb8,-17,42,Normal
2026-02-09 23:34:15.620067,Berlin-1cb8,34,8,Normal
2026-02-09 23:34:16.620067,Berlin-1cb8,33,12,Normal
2026-02-09 23:34:17.620067,Berlin-1cb8,37,67,Normal
2026-02-09 23:34:18.620067,Berlin-1cb8,-2,94,Normal
2026-02-09 23:34:19.620067,Berlin-1cb8,24,58,Normal
2026-02-09 23:34:20.620067,Berlin-1cb8,44,92,Normal
2026-02-09 23:34:21.620067,Berlin-1cb8,8,6,Normal
2026-02-09 23:34:22.620067,Berlin-1cb8,14,69,Normal
2026-02-09 23:34:23.620067,Berlin-1cb8,47,97,Normal
2026-02-09 23:34:24.620067,Berlin-1cb8,-8,0,Normal
2026-02-09 23:34:25.620067,Berlin-1cb8,-19,55,Normal
2026-02-09 23:34:26.620067,Berlin-1cb8,-24,26,Normal
2026-02-09 23:34:27.620067,Berlin-1cb8,48,66,Normal
2026-02-09 23:34:28.620067,Berlin-1cb8,6,89,Normal
2026-02-09 23:34:29.620067,Berlin-1cb8,34,24,Normal
2026-02-09 23:34:30.620067,Berlin-1cb8,7,18,Normal
2026-02-09 23:34:31.620067,Berlin-1cb8,44,77,Normal
2026-02-09 23:34:32.620067,Berlin-1cb8,13,48,Normal
2026-02-09 23:34:33.620067,Berlin-1cb8,-11,59,Normal
2026-02-09 23:34:34.620067,Berlin-1cb8,31,55,Normal
2026-02-09 23:34:35.620067,Berlin-1cb8,-18,66,Normal
2026-02-09 23:34:36.620067,Berlin-1cb8,18,71,Normal
2026-02-09 23:34:37.620067,Berlin-1cb8,-29,30,Normal
2026-02-09 23:34:38.620067,Berlin-1cb8,-20,29,Normal
2026-02-09 23:34:39.620067,Berlin-1cb8,39,88,Normal
2026-02-09 23:34:40.620067,Berlin-1cb8,-13,12,Normal
2026-02-09 23:34:41.620067,Berlin-1cb8,-9,26,Normal
2026-02-09 23:34:42.620067,Berlin-1cb8,-30,20,Normal
2026-02-09 23:34:43.620067,Berlin-1cb8,-20,51,Normal
2026-02-09 23:34:44.620067,Berlin-1cb8,33,44,Normal
2026-02-09 23:34:45.620067,Berlin-1cb8,31,48,Normal
2026-02-09 23:34:46.620067,Berlin-1cb8,-24,3,Normal
2026-02-09 23:34:47.620067,Berlin-1cb8,-17,4,Normal
2026-02-09 23:34:48.620067,Berlin-1cb8,-1,1,Normal
2026-02-09 23:34:49.620067,Berlin-1cb8,17,6,Normal
2026-02-09 23:34:50.620067,Berlin-1cb8,24,0,Normal
2026-02-09 23:34:51.620067,Berlin-1cb8,-21,40,Normal
2026-02-09 23:34:52.620067,Berlin-1cb8,20,42,Normal
2026-02-09 23:34:53.620067,Berlin-1cb8,-11,17,Normal
2026-02-09 23:34:54.620067,Berlin-1cb8,36,41,Normal
2026-02-09 23:34:55.620067,Berlin-1cb8,-5,71,Normal
2026-02-09 23:34:56.620067,Berlin-1cb8,22,15,Normal
2026-02-09 23:34:57.620067,Berlin-1cb8,46,44,Normal
2026-02-09 23:34:58.620067,Berlin-1cb8,-25,50,Normal
2026-02-09 23:34:59.620067,Berlin-1cb8,-6,83,Normal
2026-02-09 23:35:00.620067,Berlin-1cb8,4,78,Normal
2026-02-09 23:35:01.620067,Berlin-1cb8,27,58,Normal
2026-02-09 23:35:02.620067,Berlin-1cb8,41,61,Normal
2026-02-09 23:35:03.620067,Berlin-1cb8,-6,53,Normal
2026-02-09 23:35:04.620067,Berlin-1cb8,41,50,Normal
2026-02-09 23:35:05.620067,Berlin-1cb8,-7,3,Normal
2026-02-09 23:35:06.620067,Berlin-1cb8,39,93,Normal
2026-02-09 23:35:07.620067,Berlin-1cb8,43,58,Normal
2026-02-09 23:35:08.620067,Berlin-1cb8,40,98,Normal
2026-02-09 23:35:09.620067,Berlin-1cb8,-9,14,Normal
2026-02-09 23:35:10.620067,Berlin-1cb8,-13,9,Normal
2026-02-09 23:35:11.620067,Berlin-1cb8,-17,76,Normal
2026-02-09 23:35:12.620067,Berlin-1cb8,16,45,Normal
2026-02-09 23:35:13.620067,Berlin-1cb8,46,66,Normal
2026-02-09 23:35:14.620067,Berlin-1cb8,2,74,Normal
2026-02-09 23:35:15.620067,Berlin-1cb8,-6,22,Normal
2026-02-09 23:35:16.620067,Berlin-1cb8,40,98,Normal
2026-02-09 23:35:17.620067,Berlin-1cb8,12,55,Normal
2026-02-09 23:35:18.620067,Berlin-1cb8,39,34,Normal
2026-02-09 23:35:19.620067,Berlin-1cb8,10,4,Normal
2026-02-09 23:35:20.620067,Berlin-1cb8,-1,36,Normal
2026-02-09 23:35:21.620067,Berlin-1cb8,43,9,Normal
2026-02-09 23:35:22.620067,Berlin-1cb8,-13,79,Normal
2026-02-09 23:35:23.620067,Berlin-1cb8,-7,44,Normal
2026-02-09 23:35:24.620067,Berlin-1cb8,-25,5,Normal
2026-02-09 23:35:25.620067,Berlin-1cb8,-15,96,Normal
2026-02-09 23:35:26.620067,Berlin-1cb8,12,98,Normal
2026-02-09 23:35:27.620067,Berlin-1cb8,28,35,Normal
2026-02-09 23:35:28.620067,Berlin-1cb8,12,72,Normal
2026-02-09 23:35:29.620067,Berlin-1cb8,-3,65,Normal
2026-02-09 23:35:30.620067,Berlin-1cb8,8,6,Normal
2026-02-09 23:35:31.620067,Berlin-1cb8,-10,88,Normal
2026-02-09 23:35:32.620067,Berlin-1cb8,-9,36,Normal
2026-02-09 23:35:33.620067,Berlin-1cb8,28,39,Normal
2026-02-09 23:35:34.620067,Berlin-1cb8,-28,36,Normal
2026-02-09 23:35:35.620067,Berlin-1cb8,-22,89,Normal
2026-02-09 23:35:36.620067,Berlin-1cb8,-14,51,Normal
2026-02-09 23:35:37.620067,Berlin-1cb8,-25,34,Normal
2026-02-09 23:35:38.620067,Berlin-1cb8,22,32,Normal
2026-02-09 23:35:39.620067,Berlin-1cb8,22,20,Normal
2026-02-09 23:35:40.620067,Berlin-1cb8,41,20,Normal
2026-02-09 23:35:41.620067,Berlin-1cb8,-5,38,Normal
2026-02-09 23:35:42.620067,Berlin-1cb8,42,81,Normal
2026-02-09 23:35:43.620067,Berlin-1cb8,11,7,Normal
2026-02-09 23:35:44.620067,Berlin-1cb8,22,97,Normal
2026-02-09 23:35:45.620067,Berlin-1cb8,38,90,Normal
2026-02-09 23:35:46.620067,Berlin-1cb8,-12,46,Normal
2026-02-09 23:35:47.620067,Berlin-1cb8,15,50,Normal
2026-02-09 23:35:48.620067,Berlin-1cb8,-18,85,Normal
2026-02-09 23:35:49.620067,Berlin-1cb8,7,86,Normal
2026-02-09 23:35:50.620067,Berlin-1cb8,7,16,Normal
2026-02-09 23:35:51.620067,Berlin-1cb8,50,57,Normal
2026-02-09 23:35:52.620067,Berlin-1cb8,28,31,Normal
2026-02-09 23:35:53.620067,Berlin-1cb8,22,76,Normal
2026-02-09 23:35:54.620067,Berlin-1cb8,-7,75,Normal
2026-02-09 23:35:55.620067,Berlin-1cb8,-22,68,Normal
2026-02-09 23:35:56.620067,Berlin-1cb8,50,27,Normal
2026-02-09 23:35:57.620067,Berlin-1cb8,-8,56,Normal
2026-02-09 23:35:58.620067,Berlin-1cb8,30,36,Normal
2026-02-09 23:35:59.620067,Berlin-1cb8,-8,56,Normal
2026-02-09 23:36:00.620067,Berlin-1cb8,45,44,Normal
2026-02-09 23:36:01.620067,Berlin-1cb8,45,31,Normal
2026-02-09 23:36:02.620067,Berlin-1cb8,-3,36,Normal
2026-02-09 23:36:03.620067,Berlin-1cb8,-1,86,Normal
2026-02-09 23:36:04.620067,Berlin-1cb8,39,79,Normal
2026-02-09 23:36:05.620067,Berlin-1cb8,28,62,Normal
2026-02-09 23:36:06.620067,Berlin-1cb8,14,48,Normal
2026-02-09 23:36:07.620067,Berlin-1cb8,-20,10,Normal
2026-02-09 23:36:08.620067,Berlin-1cb8,-21,37,Normal
2026-02-09 23:36:09.620067,Berlin-1cb8,32,57,Normal
2026-02-09 23:36:10.620067,Berlin-1cb8,13,32,Normal
2026-02-09 23:36:11.620067,Berlin-1cb8,0,81,Normal
2026-02-09 23:36:12.620067,Berlin-1cb8,23,19,Normal
2026-02-09 23:36:13.620067,Berlin-1cb8,3,36,Normal
2026-02-09 23:36:14.620067,Berlin-1cb8,28,48,Normal
2026-02-09 23:36:15.620067,Berlin-1cb8,13,36,Normal
2026-02-09 23:36:16.620067,Berlin-1cb8,24,21,Normal
2026-02-09 23:36:17.620067,Berlin-1cb8,-5,70,Normal
2026-02-09 23:36:18.620067,Berlin-1cb8,36,74,Normal
2026-02-09 23:36:19.620067,Berlin-1cb8,42,95,Normal
2026-02-09 23:36:20.620067,Berlin-1cb8,-1,64,Normal
2026-02-09 23:36:21.620067,Berlin-1cb8,23,27,Normal
2026-02-09 23:36:22.620067,Berlin-1cb8,5,85,Normal
2026-02-09 23:36:23.620067,Berlin-1cb8,41,0,Normal
2026-02-09 23:36:24.620067,Berlin-1cb8,25,64,Normal
2026-02-09 23:36:25.620067,Berlin-1cb8,40,3,Normal
2026-02-09 23:36:26.620067,Berlin-1cb8,40,74,Normal
2026-02-09 23:36:27.620067,Berlin-1cb8,-19,55,Normal
2026-02-09 23:36:28.620067,Berlin-1cb8,21,69,Normal
2026-02-09 23:36:29.620067,Berlin-1cb8,-26,55,Normal
2026-02-09 23:36:30.620067,Berlin-1cb8,-2,63,Normal
2026-02-09 23:36:31.620067,Berlin-1cb8,10,72,Normal
2026-02-09 23:36:32.620067,Berlin-1cb8,28,20,Normal
2026-02-09 23:36:33.620067,Berlin-1cb8,-25,39,Normal
2026-02-09 23:36:34.620067,Berlin-1cb8,37,66,Normal
2026-02-09 23:36:35.620067,Berlin-1cb8,38,36,Normal
2026-02-09 23:36:36.620067,Berlin-1cb8,21,9,Normal
2026-02-09 23:36:37.620067,Berlin-1cb8,-20,8,Normal
2026-02-09 23:36:38.620067,Berlin-1cb8,-23,61,Normal
2026-02-09 23:36:39.620067,Berlin-1cb8,-24,37,Normal
2026-02-09 23:36:40.620067,Berlin-1cb8,50,77,Normal
2026-02-09 23:36:41.620067,Berlin-1cb8,46,6,Normal
2026-02-09 23:36:42.620067,Berlin-1cb8,16,72,Normal
2026-02-09 23:36:43.620067,Berlin-1cb8,3,21,Normal
2026-02-09 23:36:44.620067,Berlin-1cb8,8,6,Normal
2026-02-09 23:36:45.620067,Berlin-1cb8,-5,31,Normal
2026-02-09 23:36:46.620067,Berlin-1cb8,14,82,Normal
2026-02-09 23:36:47.620067,Berlin-1cb8,-1,66,Normal
2026-02-09 23:36:48.620067,Berlin-1cb8,-29,91,Normal
2026-02-09 23:36:49.620067,Berlin-1cb8,37,32,Normal
2026-02-09 23:36:50.620067,Berlin-1cb8,19,0,Normal
2026-02-09 23:36:51.620067,Berlin-1cb8,10,84,Normal
2026-02-09 23:36:52.620067,Berlin-1cb8,-15,40,Normal
2026-02-09 23:36:53.620067,Berlin-1cb8,32,76,Normal
2026-02-09 23:36:54.620067,Berlin-1cb8,-8,77,Normal
2026-02-09 23:36:55.620067,Berlin-1cb8,16,8,Normal
2026-02-09 23:36:56.620067,Berlin-1cb8,18,45,Normal
2026-02-09 23:36:57.620067,Berlin-1cb8,4,97,Normal
2026-02-09 23:36:58.620067,Berlin-1cb8,39,94,Normal
2026-02-09 23:36:59.620067,Berlin-1cb8,20,8,Normal
2026-02-09 23:37:00.620067,Berlin-1cb8,-1,23,Normal
2026-02-09 23:37:01.620067,Berlin-1cb8,34,0,Normal
2026-02-09 23:37:02.620067,Berlin-1cb8,-2,80,Normal
2026-02-09 23:37:03.620067,Berlin-1cb8,-18,67,Normal
2026-02-09 23:37:04.620067,Berlin-1cb8,25,55,Normal
2026-02-09 23:37:05.620067,Berlin-1cb8,11,52,Normal
2026-02-09 23:37:06.620067,Berlin-1cb8,31,12,Normal
2026-02-09 23:37:07.620067,Berlin-1cb8,10,97,Normal
2026-02-09 23:37:08.620067,Berlin-1cb8,-14,95,Normal
2026-02-09 23:37:09.620067,Berlin-1cb8,-21,20,Normal
2026-02-09 23:37:10.620067,Berlin-1cb8,-19,32,Normal
2026-02-09 23:37:11.620067,Berlin-1cb8,9,89,Normal
2026-02-09 23:37:12.620067,Berlin-1cb8,48,21,Normal
2026-02-09 23:37:13.620067,Berlin-1cb8,20,63,Normal
2026-02-09 23:37:14.620067,Berlin-1cb8,-7,52,Normal
2026-02-09 23:37:15.620067,Berlin-1cb8,-25,29,Normal
2026-02-09 23:37:16.620067,Berlin-1cb8,49,30,Normal
2026-02-09 23:37:17.620067,Berlin-1cb8,5,37,Normal
2026-02-09 23:37:18.620067,Berlin-1cb8,-3,9,Normal
2026-02-09 23:37:19.620067,Berlin-1cb8,30,89,Normal
2026-02-09 23:37:20.620067,Berlin-1cb8,5,52,Normal
2026-02-09 23:37:21.620067,Berlin-1cb8,40,68,Normal
2026-02-09 23:37:22.620067,Berlin-1cb8,45,64,Normal
2026-02-09 23:37:23.620067,Berlin-1cb8,-12,86,Normal
2026-02-09 23:37:24.620067,Berlin-1cb8,17,3,Normal
2026-02-09 23:37:25.620067,Berlin-1cb8,23,47,Normal
2026-02-09 23:37:26.620067,Berlin-1cb8,25,51,Normal
2026-02-09 23:37:27.620067,Berlin-1cb8,11,85,Normal
2026-02-09 23:37:28.620067,Berlin-1cb8,-28,35,Normal
2026-02-09 23:37:29.620067,Berlin-1cb8,36,69,Normal
2026-02-09 23:37:30.620067,Berlin-1cb8,31,17,Normal
2026-02-09 23:37:31.620067,Berlin-1cb8,-9,100,Normal
2026-02-09 23:37:32.620067,Berlin-1cb8,-6,98,Normal
2026-02-09 23:37:33.620067,Berlin-1cb8,-4,59,Normal
2026-02-09 23:37:34.620067,Berlin-1cb8,10,15,Normal
2026-02-09 23:37:35.620067,Berlin-1cb8,-27,46,Normal
2026-02-09 23:37:36.620067,Berlin-1cb8,9,86,Normal
2026-02-09 23:37:37.620067,Berlin-1cb8,42,49,Normal
2026-02-09 23:37:38.620067,Berlin-1cb8,17,34,Normal
2026-02-09 23:37:39.620067,Berlin-1cb8,20,64,Normal
2026-02-09 23:37:40.620067,Berlin-1cb8,49,89,Normal
2026-02-09 23:37:41.620067,Berlin-1cb8,11,7,Normal
2026-02-09 23:37:42.620067,Berlin-1cb8,34,88,Normal
2026-02-09 23:37:43.620067,Berlin-1cb8,7,2,Normal
2026-02-09 23:37:44.620067,Berlin-1cb8,45,80,Normal
2026-02-09 23:37:45.620067,Berlin-1cb8,50,27,Normal
2026-02-09 23:37:46.620067,Berlin-1cb8,-26,65,Normal
2026-02-09 23:37:47.620067,Berlin-1cb8,43,39,Normal
2026-02-09 23:37:48.620067,Berlin-1cb8,-8,94,Normal
2026-02-09 23:37:49.620067,Berlin-1cb8,31,29,Normal
2026-02-09 23:37:50.620067,Berlin-1cb8,44,94,Normal
2026-02-09 23:37:51.620067,Berlin-1cb8,-26,11,Normal
2026-02-09 23:37:52.620067,Berlin-1cb8,2,81,Normal
2026-02-09 23:37:53.620067,Berlin-1cb8,-30,70,Normal
2026-02-09 23:37:54.620067,Berlin-1cb8,-21,31,Normal
2026-02-09 23:37:55.620067,Berlin-1cb8,-27,1,Normal
2026-02-09 23:37:56.620067,Berlin-1cb8,37,18,Normal
2026-02-09 23:37:57.620067,Berlin-1cb8,-15,22,Normal
2026-02-09 23:37:58.620067,Berlin-1cb8,50,47,Normal
2026-02-09 23:37:59.620067,Berlin-1cb8,32,6,Normal
2026-02-09 23:38:00.620067,Berlin-1cb8,39,55,Normal
2026-02-09 23:38:01.620067,Berlin-1cb8,47,93,Normal
2026-02-09 23:38:02.620067,Berlin-1cb8,33,65,Normal
2026-02-09 23:38:03.620067,Berlin-1cb8,-16,81,Normal
2026-02-09 23:38:04.620067,Berlin-1cb8,42,72,Normal
2026-02-09 23:38:05.620067,Berlin-1cb8,31,5,Normal
2026-02-09 23:38:06.620067,Berlin-1cb8,-6,31,Normal
2026-02-09 23:38:07.620067,Berlin-1cb8,-18,70,Normal
2026-02-09 23:38:08.620067,Berlin-1cb8,-15,86,Normal
2026-02-09 23:38:09.620067,Berlin-1cb8,-28,21,Normal
2026-02-09 23:38:10.620067,Berlin-1cb8,27,51,Normal
2026-02-09 23:38:11.620067,Berlin-1cb8,31,26,Normal
2026-02-09 23:38:12.620067,Berlin-1cb8,-5,64,Normal
2026-02-09 23:38:13.620067,Berlin-1cb8,-15,31,Normal
2026-02-09 23:38:14.620067,Berlin-1cb8,-19,51,Normal
2026-02-09 23:38:15.620067,Berlin-1cb8,-14,15,Normal
2026-02-09 23:38:16.620067,Berlin-1cb8,3,91,Normal
2026-02-09 23:38:17.620067,Berlin-1cb8,-25,57,Normal
2026-02-09 23:38:18.620067,Berlin-1cb8,-26,8,Normal
2026-02-09 23:38:19.620067,Berlin-1cb8,50,88,Normal
2026-02-09 23:38:20.620067,Berlin-1cb8,3,63,Normal
2026-02-09 23:38:21.620067,Berlin-1cb8,12,55,Normal
2026-02-09 23:38:22.620067,Berlin-1cb8,-29,64,Normal
2026-02-09 23:38:23.620067,Berlin-1cb8,5,94,Normal
2026-02-09 23:38:24.620067,Berlin-1cb8,45,27,Normal
2026-02-09 23:38:25.620067,Berlin-1cb8,13,50,Normal
2026-02-09 23:38:26.620067,Berlin-1cb8,16,81,Normal
2026-02-09 23:38:27.620067,Berlin-1cb8,42,64,Normal
2026-02-09 23:38:28.620067,Berlin-1cb8,-24,41,Normal
2026-02-09 23:38:29.620067,Berlin-1cb8,31,30,Normal
2026-02-09 23:38:30.620067,Berlin-1cb8,-29,21,Normal
2026-02-09 23:38:31.620067,Berlin-1cb8,-9,11,Normal
2026-02-09 23:38:32.620067,Berlin-1cb8,39,10,Normal
2026-02-09 23:38:33.620067,Berlin-1cb8,11,80,Normal
2026-02-09 23:38:34.620067,Berlin-1cb8,-26,99,Normal
2026-02-09 23:38:35.620067,Berlin-1cb8,15,9,Normal
2026-02-09 23:38:36.620067,Berlin-1cb8,35,22,Normal
2026-02-09 23:38:37.620067,Berlin-1cb8,-17,11,Normal
2026-02-09 23:38:38.620067,Berlin-1cb8,33,31,Normal
2026-02-09 23:38:39.620067,Berlin-1cb8,1,93,Normal
2026-02-09 23:38:40.620067,Berlin-1cb8,36,77,Normal
2026-02-09 23:38:41.620067,Berlin-1cb8,50,79,Normal
2026-02-09 23:38:42.620067,Berlin-1cb8,16,33,Normal
2026-02-09 23:38:43.620067,Berlin-1cb8,42,74,Normal
2026-02-09 23:38:44.620067,Berlin-1cb8,-14,33,Normal
2026-02-09 23:38:45.620067,Berlin-1cb8,9,28,Normal
2026-02-09 23:38:46.620067,Berlin-1cb8,37,3,Normal
2026-02-09 23:38:47.620067,Berlin-1cb8,-17,77,Normal
2026-02-09 23:38:48.620067,Berlin-1cb8,19,65,Normal
2026-02-09 23:38:49.620067,Berlin-1cb8,1,81,Normal
2026-02-09 23:38:50.620067,Berlin-1cb8,18,68,Normal
2026-02-09 23:38:51.620067,Berlin-1cb8,7,9,Normal
2026-02-09 23:38:52.620067,Berlin-1cb8,33,22,Normal
2026-02-09 23:38:53.620067,Berlin-1cb8,25,36,Normal
2026-02-09 23:38:54.620067,Berlin-1cb8,6,90,Normal
2026-02-09 23:38:55.620067,Berlin-1cb8,47,58,Normal
2026-02-09 23:38:56.620067,Berlin-1cb8,3,88,Normal
2026-02-09 23:38:57.620067,Berlin-1cb8,21,37,Normal
2026-02-09 23:38:58.620067,Berlin-1cb8,-12,40,Normal
2026-02-09 23:38:59.620067,Berlin-1cb8,13,28,Normal
2026-02-09 23:39:00.620067,Berlin-1cb8,26,78,Normal
2026-02-09 23:39:01.620067,Berlin-1cb8,-6,57,Normal
2026-02-09 23:39:02.620067,Berlin-1cb8,-12,38,Normal
2026-02-09 23:39:03.620067,Berlin-1cb8,35,65,Normal
2026-02-09 23:39:04.620067,Berlin-1cb8,-4,2,Normal
2026-02-09 23:39:05.620067,Berlin-1cb8,35,62,Normal
2026-02-09 23:39:06.620067,Berlin-1cb8,-11,11,Normal
2026-02-09 23:39:07.620067,Berlin-1cb8,31,23,Normal
2026-02-09 23:39:08.620067,Berlin-1cb8,26,77,Normal
2026-02-09 23:39:09.620067,Berlin-1cb8,2,49,Normal
2026-02-09 23:39:10.620067,Berlin-1cb8,0,60,Normal
2026-02-09 23:39:11.620067,Berlin-1cb8,36,97,Normal
2026-02-09 23:39:12.620067,Berlin-1cb8,-16,64,Normal
2026-02-09 23:39:13.620067,Berlin-1cb8,14,76,Normal
2026-02-09 23:39:14.620067,Berlin-1cb8,20,28,Normal
2026-02-09 23:39:15.620067,Berlin-1cb8,2,27,Normal
2026-02-09 23:39:16.620067,Berlin-1cb8,46,74,Normal
2026-02-09 23:39:17.620067,Berlin-1cb8,4,68,Normal
2026-02-09 23:39:18.620067,Berlin-1cb8,-27,55,Normal
2026-02-09 23:39:19.620067,Berlin-1cb8,10,76,Normal
2026-02-09 23:39:20.620067,Berlin-1cb8,-6,53,Normal
2026-02-09 23:39:21.620067,Berlin-1cb8,9,87,Normal
2026-02-09 23:39:22.620067,Berlin-1cb8,-12,33,Normal
2026-02-09 23:39:23.620067,Berlin-1cb8,49,31,Normal
2026-02-09 23:39:24.620067,Berlin-1cb8,-3,87,Normal
2026-02-09 23:39:25.620067,Berlin-1cb8,23,45,Normal
2026-02-09 23:39:26.620067,Berlin-1cb8,22,31,Normal
2026-02-09 23:39:27.620067,Berlin-1cb8,-23,21,Normal
2026-02-09 23:39:28.620067,Berlin-1cb8,50,13,Normal
2026-02-09 23:39:29.620067,Berlin-1cb8,30,96,Normal
2026-02-09 23:39:30.620067,Berlin-1cb8,-24,76,Normal
2026-02-09 23:39:31.620067,Berlin-1cb8,4,70,Normal
2026-02-09 23:39:32.620067,Berlin-1cb8,3,9,Normal
2026-02-09 23:39:33.620067,Berlin-1cb8,38,81,Normal
2026-02-09 23:39:34.620067,Berlin-1cb8,-27,98,Normal
2026-02-09 23:39:35.620067,Berlin-1cb8,39,52,Normal
2026-02-09 23:39:36.620067,Berlin-1cb8,16,30,Normal
2026-02-09 23:39:37.620067,Berlin-1cb8,34,32,Normal
2026-02-09 23:39:38.620067,Berlin-1cb8,21,42,Normal
2026-02-09 23:39:39.620067,Berlin-1cb8,-6,63,Normal
2026-02-09 23:39:40.620067,Berlin-1cb8,0,51,Normal
2026-02-09 23:39:41.620067,Berlin-1cb8,-14,0,Normal
2026-02-09 23:39:42.620067,Berlin-1cb8,-13,15,Normal
2026-02-09 23:39:43.620067,Berlin-1cb8,42,7,Normal
2026-02-09 23:39:44.620067,Berlin-1cb8,3,24,Normal
2026-02-09 23:39:45.620067,Berlin-1cb8,50,19,Normal
2026-02-09 23:39:46.620067,Berlin-1cb8,5,86,Normal
2026-02-09 23:39:47.620067,Berlin-1cb8,-11,61,Normal
2026-02-09 23:39:48.620067,Berlin-1cb8,-13,99,Normal
2026-02-09 23:39:49.620067,Berlin-1cb8,27,11,Normal
2026-02-09 23:39:50.620067,Berlin-1cb8,32,78,Normal
2026-02-09 23:39:51.620067,Berlin-1cb8,-23,25,Normal
2026-02-09 23:39:52.620067,Berlin-1cb8,45,83,Normal
2026-02-09 23:39:53.620067,Berlin-1cb8,46,93,Normal
2026-02-09 23:39:54.620067,Berlin-1cb8,1,100,Normal
2026-02-09 23:39:55.620067,Berlin-1cb8,29,18,Normal
2026-02-09 23:39:56.620067,Berlin-1cb8,-2,51,Normal
2026-02-09 23:39:57.620067,Berlin-1cb8,1,54,Normal
2026-02-09 23:39:58.620067,Berlin-1cb8,44,1,Normal
2026-02-09 23:39:59.620067,Berlin-1cb8,-10,67,Normal
2026-02-09 23:40:00.620067,Berlin-1cb8,41,25,Normal
2026-02-09 23:40:01.620067,Berlin-1cb8,2,4,Normal
2026-02-09 23:40:02.620067,Berlin-1cb8,24,6,Normal
2026-02-09 23:40:03.620067,Berlin-1cb8,40,42,Normal
2026-02-09 23:40:04.620067,Berlin-1cb8,-30,58,Normal
2026-02-09 23:40:05.620067,Berlin-1cb8,-2,85,Normal
2026-02-09 23:40:06.620067,Berlin-1cb8,-5,11,Normal
2026-02-09 23:40:07.620067,Berlin-1cb8,-10,62,Normal
2026-02-09 23:40:08.620067,Berlin-1cb8,-11,28,Normal
2026-02-09 23:40:09.620067,Berlin-1cb8,-17,31,Normal
2026-02-09 23:40:10.620067,Berlin-1cb8,-21,20,Normal
2026-02-09 23:40:11.620067,Berlin-1cb8,4,90,Normal
2026-02-09 23:40:12.620067,Berlin-1cb8,15,14,Normal
2026-02-09 23:40:13.620067,Berlin-1cb8,39,19,Normal
2026-02-09 23:40:14.620067,Berlin-1cb8,-22,83,Normal
2026-02-09 23:40:15.620067,Berlin-1cb8,41,48,Normal
2026-02-09 23:40:16.620067,Berlin-1cb8,27,26,Normal
2026-02-09 23:40:17.620067,Berlin-1cb8,43,97,Normal
2026-02-09 23:40:18.620067,Berlin-1cb8,-10,53,Normal
2026-02-09 23:40:19.620067,Berlin-1cb8,7,14,Normal
2026-02-09 23:40:20.620067,Berlin-1cb8,1,11,Normal
2026-02-09 23:40:21.620067,Berlin-1cb8,-21,13,Normal
2026-02-09 23:40:22.620067,Berlin-1cb8,-8,11,Normal
2026-02-09 23:40:23.620067,Berlin-1cb8,-30,24,Normal
2026-02-09 23:40:24.620067,Berlin-1cb8,2,52,Normal
2026-02-09 23:40:25.620067,Berlin-1cb8,-22,3,Normal
2026-02-09 23:40:26.620067,Berlin-1cb8,12,66,Normal
2026-02-09 23:40:27.620067,Berlin-1cb8,22,69,Normal
2026-02-09 23:40:28.620067,Berlin-1cb8,-15,53,Normal
2026-02-09 23:40:29.620067,Berlin-1cb8,15,31,Normal
2026-02-09 23:40:30.620067,Berlin-1cb8,14,82,Normal
2026-02-09 23:40:31.620067,Berlin-1cb8,33,5,Normal
2026-02-09 23:40:32.620067,Berlin-1cb8,29,3,Normal
2026-02-09 23:40:33.620067,Berlin-1cb8,-7,94,Normal
2026-02-09 23:40:34.620067,Berlin-1cb8,1,52,Normal
2026-02-09 23:40:35.620067,Berlin-1cb8,2,89,Normal
2026-02-09 23:40:36.620067,Berlin-1cb8,16,45,Normal
2026-02-09 23:40:37.620067,Berlin-1cb8,-26,21,Normal
2026-02-09 23:40:38.620067,Berlin-1cb8,29,23,Normal
2026-02-09 23:40:39.620067,Berlin-1cb8,48,28,Normal
2026-02-09 23:40:40.620067,Berlin-1cb8,39,35,Normal
2026-02-09 23:40:41.620067,Berlin-1cb8,46,35,Normal
2026-02-09 23:40:42.620067,Berlin-1cb8,-11,81,Normal
2026-02-09 23:40:43.620067,Berlin-1cb8,44,38,Normal
2026-02-09 23:40:44.620067,Berlin-1cb8,43,15,Normal
2026-02-09 23:40:45.620067,Berlin-1cb8,43,43,Normal
2026-02-09 23:40:46.620067,Berlin-1cb8,-20,39,Normal
2026-02-09 23:40:47.620067,Berlin-1cb8,-7,24,Normal
2026-02-09 23:40:48.620067,Berlin-1cb8,-11,30,Normal
2026-02-09 23:40:49.620067,Berlin-1cb8,-21,42,Normal
2026-02-09 23:40:50.620067,Berlin-1cb8,-12,75,Normal
2026-02-09 23:40:51.620067,Berlin-1cb8,33,69,Normal
2026-02-09 23:40:52.620067,Berlin-1cb8,14,36,Normal
2026-02-09 23:40:53.620067,Berlin-1cb8,25,65,Normal
2026-02-09 23:40:54.620067,Berlin-1cb8,7,85,Normal
2026-02-09 23:40:55.620067,Berlin-1cb8,-18,100,Normal
2026-02-09 23:40:56.620067,Berlin-1cb8,-15,99,Normal
2026-02-09 23:40:57.620067,Berlin-1cb8,-29,3,Normal
2026-02-09 23:40:58.620067,Berlin-1cb8,44,39,Normal
2026-02-09 23:40:59.620067,Berlin-1cb8,21,92,Normal
2026-02-09 23:41:00.620067,Berlin-1cb8,26,60,Normal
2026-02-09 23:41:01.620067,Berlin-1cb8,10,70,Normal
2026-02-09 23:41:02.620067,Berlin-1cb8,3,88,Normal
2026-02-09 23:41:03.620067,Berlin-1cb8,5,40,Normal
2026-02-09 23:41:04.620067,Berlin-1cb8,12,83,Normal
2026-02-09 23:41:05.620067,Berlin-1cb8,-7,73,Normal
2026-02-09 23:41:06.620067,Berlin-1cb8,13,88,Normal
2026-02-09 23:41:07.620067,Berlin-1cb8,15,6,Normal
2026-02-09 23:41:08.620067,Berlin-1cb8,-15,33,Normal
2026-02-09 23:41:09.620067,Berlin-1cb8,30,0,Normal
2026-02-09 23:41:10.620067,Berlin-1cb8,15,71,Normal
2026-02-09 23:41:11.620067,Berlin-1cb8,5,17,Normal
2026-02-09 23:41:12.620067,Berlin-1cb8,32,71,Normal
2026-02-09 23:41:13.620067,Berlin-1cb8,32,16,Normal
2026-02-09 23:41:14.620067,Berlin-1cb8,24,85,Normal
2026-02-09 23:41:15.620067,Berlin-1cb8,-8,48,Normal
2026-02-09 23:41:16.620067,Berlin-1cb8,0,42,Normal
2026-02-09 23:41:17.620067,Berlin-1cb8,36,87,Normal
2026-02-09 23:41:18.620067,Berlin-1cb8,48,36,Normal
2026-02-09 23:41:19.620067,Berlin-1cb8,-17,90,Normal
2026-02-09 23:41:20.620067,Berlin-1cb8,48,76,Normal
2026-02-09 23:41:21.620067,Berlin-1cb8,-27,80,Normal
2026-02-09 23:41:22.620067,Berlin-1cb8,-1,79,Normal
2026-02-09 23:41:23.620067,Berlin-1cb8,12,26,Normal
2026-02-09 23:41:24.620067,Berlin-1cb8,-21,4,Normal
2026-02-09 23:41:25.620067,Berlin-1cb8,21,65,Normal
2026-02-09 23:41:26.620067,Berlin-1cb8,7,87,Normal
2026-02-09 23:41:27.620067,Berlin-1cb8,15,64,Normal
2026-02-09 23:41:28.620067,Berlin-1cb8,31,85,Normal
2026-02-09 23:41:29.620067,Berlin-1cb8,10,41,Normal
2026-02-09 23:41:30.620067,Berlin-1cb8,30,100,Normal
2026-02-09 23:41:31.620067,Berlin-1cb8,17,65,Normal
2026-02-09 23:41:32.620067,Berlin-1cb8,25,83,Normal
2026-02-09 23:41:33.620067,Berlin-1cb8,-26,26,Normal
2026-02-09 23:41:34.620067,Berlin-1cb8,-3,14,Normal
2026-02-09 23:41:35.620067,Berlin-1cb8,41,87,Normal
2026-02-09 23:41:36.620067,Berlin-1cb8,-25,3,Normal
2026-02-09 23:41:37.620067,Berlin-1cb8,34,48,Normal
2026-02-09 23:41:38.620067,Berlin-1cb8,0,22,Normal
2026-02-09 23:41:39.620067,Berlin-1cb8,-4,82,Normal
2026-02-09 23:41:40.620067,Berlin-1cb8,8,46,Normal
2026-02-09 23:41:41.620067,Berlin-1cb8,-29,17,Normal
2026-02-09 23:41:42.620067,Berlin-1cb8,35,78,Normal
2026-02-09 23:41:43.620067,Berlin-1cb8,-20,73,Normal
2026-02-09 23:41:44.620067,Berlin-1cb8,-13,30,Normal
2026-02-09 23:41:45.620067,Berlin-1cb8,50,73,Normal
2026-02-09 23:41:46.620067,Berlin-1cb8,10,96,Normal
2026-02-09 23:41:47.620067,Berlin-1cb8,1,59,Normal
2026-02-09 23:41:48.620067,Berlin-1cb8,4,85,Normal
2026-02-09 23:41:49.620067,Berlin-1cb8,7,41,Normal
2026-02-09 23:41:50.620067,Berlin-1cb8,36,47,Normal
2026-02-09 23:41:51.620067,Berlin-1cb8,9,88,Normal
2026-02-09 23:41:52.620067,Berlin-1cb8,-7,96,Normal
2026-02-09 23:41:53.620067,Berlin-1cb8,15,70,Normal
2026-02-09 23:41:54.620067,Berlin-1cb8,37,50,Normal
2026-02-09 23:41:55.620067,Berlin-1cb8,3,81,Normal
2026-02-09 23:41:56.620067,Berlin-1cb8,42,30,Normal
2026-02-09 23:41:57.620067,Berlin-1cb8,9,76,Normal
2026-02-09 23:41:58.620067,Berlin-1cb8,11,35,Normal
2026-02-09 23:41:59.620067,Berlin-1cb8,-1,88,Normal
2026-02-09 23:42:00.620067,Berlin-1cb8,3,63,Normal
2026-02-09 23:42:01.620067,Berlin-1cb8,15,41,Normal
2026-02-09 23:42:02.620067,Berlin-1cb8,31,75,Normal
2026-02-09 23:42:03.620067,Berlin-1cb8,-26,89,Normal
2026-02-09 23:42:04.620067,Berlin-1cb8,-10,20,Normal
2026-02-09 23:42:05.620067,Berlin-1cb8,5,90,Normal
2026-02-09 23:42:06.620067,Berlin-1cb8,-28,23,Normal
2026-02-09 23:42:07.620067,Berlin-1cb8,-25,2,Normal
2026-02-09 23:42:08.620067,Berlin-1cb8,-3,38,Normal
2026-02-09 23:42:09.620067,Berlin-1cb8,-3,48,Normal
2026-02-09 23:42:10.620067,Berlin-1cb8,-7,47,Normal
2026-02-09 23:42:11.620067,Berlin-1cb8,-4,32,Normal
2026-02-09 23:42:12.620067,Berlin-1cb8,48,44,Normal
2026-02-09 23:42:13.620067,Berlin-1cb8,46,20,Normal
2026-02-09 23:42:14.620067,Berlin-1cb8,32,10,Normal
2026-02-09 23:42:15.620067,Berlin-1cb8,44,36,Normal
2026-02-09 23:42:16.620067,Berlin-1cb8,3,79,Normal
2026-02-09 23:42:17.620067,Berlin-1cb8,-26,14,Normal
2026-02-09 23:42:18.620067,Berlin-1cb8,31,93,Normal
2026-02-09 23:42:19.620067,Berlin-1cb8,24,8,Normal
2026-02-09 23:42:20.620067,Berlin-1cb8,36,47,Normal
2026-02-09 23:42:21.620067,Berlin-1cb8,2,75,Normal
2026-02-09 23:42:22.620067,Berlin-1cb8,-24,82,Normal
2026-02-09 23:42:23.620067,Berlin-1cb8,48,38,Normal
2026-02-09 23:42:24.620067,Berlin-1cb8,35,6,Normal
2026-02-09 23:42:25.620067,Berlin-1cb8,47,10,Normal
2026-02-09 23:42:26.620067,Berlin-1cb8,12,84,Normal
2026-02-09 23:42:27.620067,Berlin-1cb8,31,15,Normal
2026-02-09 23:42:28.620067,Berlin-1cb8,25,41,Normal
2026-02-09 23:42:29.620067,Berlin-1cb8,-9,42,Normal
2026-02-09 23:42:30.620067,Berlin-1cb8,25,59,Normal
2026-02-09 23:42:31.620067,Berlin-1cb8,-17,68,Normal
2026-02-09 23:42:32.620067,Berlin-1cb8,12,0,Normal
2026-02-09 23:42:33.620067,Berlin-1cb8,7,39,Normal
2026-02-09 23:42:34.620067,Berlin-1cb8,19,44,Normal
2026-02-09 23:42:35.620067,Berlin-1cb8,-5,47,Normal
2026-02-09 23:42:36.620067,Berlin-1cb8,-17,40,Normal
2026-02-09 23:42:37.620067,Berlin-1cb8,-27,50,Normal
2026-02-09 23:42:38.620067,Berlin-1cb8,32,94,Normal
2026-02-09 23:42:39.620067,Berlin-1cb8,-23,49,Normal
2026-02-09 23:42:40.620067,Berlin-1cb8,19,65,Normal
2026-02-09 23:42:41.620067,Berlin-1cb8,-11,16,Normal
2026-02-09 23:42:42.620067,Berlin-1cb8,20,35,Normal
2026-02-09 23:42:43.620067,Berlin-1cb8,-29,87,Normal
2026-02-09 23:42:44.620067,Berlin-1cb8,-21,4,Normal
2026-02-09 23:42:45.620067,Berlin-1cb8,48,21,Normal
2026-02-09 23:42:46.620067,Berlin-1cb8,44,50,Normal
2026-02-09 23:42:47.620067,Berlin-1cb8,20,28,Normal
2026-02-09 23:42:48.620067,Berlin-1cb8,27,87,Normal
2026-02-09 23:42:49.620067,Berlin-1cb8,37,89,Normal
2026-02-09 23:42:50.620067,Berlin-1cb8,25,58,Normal
2026-02-09 23:42:51.620067,Berlin-1cb8,10,71,Normal
2026-02-09 23:42:52.620067,Berlin-1cb8,-1,3,Normal
2026-02-09 23:42:53.620067,Berlin-1cb8,26,62,Normal
2026-02-09 23:42:54.620067,Berlin-1cb8,-23,32,Normal
2026-02-09 23:42:55.620067,Berlin-1cb8,13,63,Normal
2026-02-09 23:42:56.620067,Berlin-1cb8,12,55,Normal
2026-02-09 23:42:57.620067,Berlin-1cb8,-12,64,Normal
2026-02-09 23:42:58.620067,Berlin-1cb8,32,40,Normal
2026-02-09 23:42:59.620067,Berlin-1cb8,14,26,Normal
2026-02-09 23:43:00.620067,Berlin-1cb8,50,18,Normal
2026-02-09 23:43:01.620067,Berlin-1cb8,-4,60,Normal
2026-02-09 23:43:02.620067,Berlin-1cb8,45,100,Normal
2026-02-09 23:43:03.620067,Berlin-1cb8,13,64,Normal
2026-02-09 23:43:04.620067,Berlin-1cb8,21,90,Normal
2026-02-09 23:43:05.620067,Berlin-1cb8,15,29,Normal
2026-02-09 23:43:06.620067,Berlin-1cb8,-28,92,Normal
2026-02-09 23:43:07.620067,Berlin-1cb8,20,66,Normal
2026-02-09 23:43:08.620067,Berlin-1cb8,49,42,Normal
2026-02-09 23:43:09.620067,Berlin-1cb8,24,34,Normal
2026-02-09 23:43:10.620067,Berlin-1cb8,26,73,Normal
2026-02-09 23:43:11.620067,Berlin-1cb8,-4,18,Normal
2026-02-09 23:43:12.620067,Berlin-1cb8,17,58,Normal
2026-02-09 23:43:13.620067,Berlin-1cb8,32,18,Normal
2026-02-09 23:43:14.620067,Berlin-1cb8,50,56,Normal
2026-02-09 23:43:15.620067,Berlin-1cb8,44,94,Normal
2026-02-09 23:43:16.620067,Berlin-1cb8,-10,23,Normal
2026-02-09 23:43:17.620067,Berlin-1cb8,-2,15,Normal
2026-02-09 23:43:18.620067,Berlin-1cb8,-21,98,Normal
2026-02-09 23:43:19.620067,Berlin-1cb8,-6,34,Normal
2026-02-09 23:43:20.620067,Berlin-1cb8,14,83,Normal
2026-02-09 23:43:21.620067,Berlin-1cb8,-22,22,Normal
2026-02-09 23:43:22.620067,Berlin-1cb8,-18,93,Normal
2026-02-09 23:43:23.620067,Berlin-1cb8,-26,87,Normal
2026-02-09 23:43:24.620067,Berlin-1cb8,-23,19,Normal
2026-02-09 23:43:25.620067,Berlin-1cb8,-17,1,Normal
2026-02-09 23:43:26.620067,Berlin-1cb8,-8,74,Normal
2026-02-09 23:43:27.620067,Berlin-1cb8,43,64,Normal
2026-02-09 23:43:28.620067,Berlin-1cb8,15,10,Normal
2026-02-09 23:43:29.620067,Berlin-1cb8,-13,86,Normal
2026-02-09 23:43:30.620067,Berlin-1cb8,37,19,Normal
2026-02-09 23:43:31.620067,Berlin-1cb8,33,29,Normal
2026-02-09 23:43:32.620067,Berlin-1cb8,11,77,Normal
2026-02-09 23:43:33.620067,Berlin-1cb8,39,11,Normal
2026-02-09 23:43:34.620067,Berlin-1cb8,10,34,Normal
2026-02-09 23:43:35.620067,Berlin-1cb8,-22,28,Normal
2026-02-09 23:43:36.620067,Berlin-1cb8,-6,23,Normal
2026-02-09 23:43:37.620067,Berlin-1cb8,-26,57,Normal
2026-02-09 23:43:38.620067,Berlin-1cb8,-21,89,Normal
2026-02-09 23:43:39.620067,Berlin-1cb8,11,46,Normal
2026-02-09 23:43:40.620067,Berlin-1cb8,-6,30,Normal
2026-02-09 23:43:41.620067,Berlin-1cb8,7,8,Normal
2026-02-09 23:43:42.620067,Berlin-1cb8,-9,18,Normal
2026-02-09 23:43:43.620067,Berlin-1cb8,44,51,Normal
2026-02-09 23:43:44.620067,Berlin-1cb8,28,71,Normal
2026-02-09 23:43:45.620067,Berlin-1cb8,15,60,Normal
2026-02-09 23:43:46.620067,Berlin-1cb8,35,94,Normal
2026-02-09 23:43:47.620067,Berlin-1cb8,41,32,Normal
2026-02-09 23:43:48.620067,Berlin-1cb8,40,25,Normal
2026-02-09 23:43:49.620067,Berlin-1cb8,35,15,Normal
2026-02-09 23:43:50.620067,Berlin-1cb8,8,25,Normal
2026-02-09 23:43:51.620067,Berlin-1cb8,-22,77,Normal
2026-02-09 23:43:52.620067,Berlin-1cb8,6,43,Normal
2026-02-09 23:43:53.620067,Berlin-1cb8,-28,90,Normal
2026-02-09 23:43:54.620067,Berlin-1cb8,-28,18,Normal
2026-02-09 23:43:55.620067,Berlin-1cb8,-20,93,Normal
2026-02-09 23:43:56.620067,Berlin-1cb8,-10,1,Normal
2026-02-09 23:43:57.620067,Berlin-1cb8,22,38,Normal
2026-02-09 23:43:58.620067,Berlin-1cb8,-18,50,Normal
2026-02-09 23:43:59.620067,Berlin-1cb8,24,93,Normal
2026-02-09 23:44:00.620067,Berlin-1cb8,38,71,Normal
2026-02-09 23:44:01.620067,Berlin-1cb8,-24,55,Normal
2026-02-09 23:44:02.620067,Berlin-1cb8,45,2,Normal
2026-02-09 23:44:03.620067,Berlin-1cb8,49,10,Normal
2026-02-09 23:44:04.620067,Berlin-1cb8,34,52,Normal
2026-02-09 23:44:05.620067,Berlin-1cb8,43,17,Normal
2026-02-09 23:44:06.620067,Berlin-1cb8,12,78,Normal
2026-02-09 23:44:07.620067,Berlin-1cb8,-22,56,Normal
2026-02-09 23:44:08.620067,Berlin-1cb8,10,50,Normal
2026-02-09 23:44:09.620067,Berlin-1cb8,25,59,Normal
2026-02-09 23:44:10.620067,Berlin-1cb8,-25,3,Normal
2026-02-09 23:44:11.620067,Berlin-1cb8,-4,90,Normal
2026-02-09 23:44:12.620067,Berlin-1cb8,14,49,Normal
2026-02-09 23:44:13.620067,Berlin-1cb8,-18,69,Normal
2026-02-09 23:44:14.620067,Berlin-1cb8,49,40,Normal
2026-02-09 23:44:15.620067,Berlin-1cb8,-30,46,Normal
2026-02-09 23:44:16.620067,Berlin-1cb8,23,85,Normal
2026-02-09 23:44:17.620067,Berlin-1cb8,-26,93,Normal
2026-02-09 23:44:18.620067,Berlin-1cb8,44,42,Normal
2026-02-09 23:44:19.620067,Berlin-1cb8,26,99,Normal
2026-02-09 23:44:20.620067,Berlin-1cb8,20,84,Normal
2026-02-09 23:44:21.620067,Berlin-1cb8,35,40,Normal
2026-02-09 23:44:22.620067,Berlin-1cb8,36,72,Normal
2026-02-09 23:44:23.620067,Berlin-1cb8,35,85,Normal
2026-02-09 23:44:24.620067,Berlin-1cb8,-6,79,Normal
2026-02-09 23:44:25.620067,Berlin-1cb8,34,30,Normal
2026-02-09 23:44:26.620067,Berlin-1cb8,3,52,Normal
2026-02-09 23:44:27.620067,Berlin-1cb8,-12,63,Normal
2026-02-09 23:44:28.620067,Berlin-1cb8,27,29,Normal
2026-02-09 23:44:29.620067,Berlin-1cb8,45,87,Normal
2026-02-09 23:44:30.620067,Berlin-1cb8,25,78,Normal
2026-02-09 23:44:31.620067,Berlin-1cb8,16,96,Normal
2026-02-09 23:44:32.620067,Berlin-1cb8,47,37,Normal
2026-02-09 23:44:33.620067,Berlin-1cb8,37,2,Normal
2026-02-09 23:44:34.620067,Berlin-1cb8,-1,52,Normal
2026-02-09 23:44:35.620067,Berlin-1cb8,9,84,Normal
2026-02-09 23:44:36.620067,Berlin-1cb8,19,90,Normal
2026-02-09 23:44:37.620067,Berlin-1cb8,-24,95,Normal
2026-02-09 23:44:38.620067,Berlin-1cb8,-8,85,Normal
2026-02-09 23:44:39.620067,Berlin-1cb8,-6,12,Normal
2026-02-09 23:44:40.620067,Berlin-1cb8,9,80,Normal
2026-02-09 23:44:41.620067,Berlin-1cb8,42,72,Normal
2026-02-09 23:44:42.620067,Berlin-1cb8,-9,69,Normal
2026-02-09 23:44:43.620067,Berlin-1cb8,20,94,Normal
2026-02-09 23:44:44.620067,Berlin-1cb8,-11,24,Normal
2026-02-09 23:44:45.620067,Berlin-1cb8,6,70,Normal
2026-02-09 23:44:46.620067,Berlin-1cb8,-27,93,Normal
2026-02-09 23:44:47.620067,Berlin-1cb8,-7,37,Normal
2026-02-09 23:44:48.620067,Berlin-1cb8,-21,37,Normal
2026-02-09 23:44:49.620067,Berlin-1cb8,-22,7,Normal
2026-02-09 23:44:50.620067,Berlin-1cb8,-12,30,Normal
2026-02-09 23:44:51.620067,Berlin-1cb8,-6,52,Normal
2026-02-09 23:44:52.620067,Berlin-1cb8,40,49,Normal
2026-02-09 23:44:53.620067,Berlin-1cb8,36,62,Normal
2026-02-09 23:44:54.620067,Berlin-1cb8,36,84,Normal
2026-02-09 23:44:55.620067,Berlin-1cb8,-20,89,Normal
2026-02-09 23:44:56.620067,Berlin-1cb8,2,94,Normal
2026-02-09 23:44:57.620067,Berlin-1cb8,-15,26,Normal
2026-02-09 23:44:58.620067,Berlin-1cb8,-26,8,Normal
2026-02-09 23:44:59.620067,Berlin-1cb8,12,72,Normal
2026-02-09 23:45:00.620067,Berlin-1cb8,25,96,Normal
2026-02-09 23:45:01.620067,Berlin-1cb8,-13,24,Normal
2026-02-09 23:45:02.620067,Berlin-1cb8,45,100,Normal
2026-02-09 23:45:03.620067,Berlin-1cb8,-5,80,Normal
2026-02-09 23:45:04.620067,Berlin-1cb8,11,29,Normal
2026-02-09 23:45:05.620067,Berlin-1cb8,-22,41,Normal
2026-02-09 23:45:06.620067,Berlin-1cb8,43,59,Normal
2026-02-09 23:45:07.620067,Berlin-1cb8,0,15,Normal
2026-02-09 23:45:08.620067,Berlin-1cb8,0,52,Normal
2026-02-09 23:45:09.620067,Berlin-1cb8,42,52,Normal
2026-02-09 23:45:10.620067,Berlin-1cb8,40,50,Normal
2026-02-09 23:45:11.620067,Berlin-1cb8,32,3,Normal
2026-02-09 23:45:12.620067,Berlin-1cb8,40,93,Normal
2026-02-09 23:45:13.620067,Berlin-1cb8,47,59,Normal
2026-02-09 23:45:14.620067,Berlin-1cb8,15,82,Normal
2026-02-09 23:45:15.620067,Berlin-1cb8,7,44,Normal
2026-02-09 23:45:16.620067,Berlin-1cb8,13,82,Normal
2026-02-09 23:45:17.620067,Berlin-1cb8,-15,99,Normal
2026-02-09 23:45:18.620067,Berlin-1cb8,-9,95,Normal
2026-02-09 23:45:19.620067,Berlin-1cb8,37,26,Normal
2026-02-09 23:45:20.620067,Berlin-1cb8,1,0,Normal
2026-02-09 23:45:21.620067,Berlin-1cb8,3,56,Normal
2026-02-09 23:45:22.620067,Berlin-1cb8,-17,65,Normal
2026-02-09 23:45:23.620067,Berlin-1cb8,-23,55,Normal
2026-02-09 23:45:24.620067,Berlin-1cb8,9,48,Normal
2026-02-09 23:45:25.620067,Berlin-1cb8,45,89,Normal
2026-02-09 23:45:26.620067,Berlin-1cb8,-28,88,Normal
2026-02-09 23:45:27.620067,Berlin-1cb8,-7,96,Normal
2026-02-09 23:45:28.620067,Berlin-1cb8,30,64,Normal
2026-02-09 23:45:29.620067,Berlin-1cb8,-19,41,Normal
2026-02-09 23:45:30.620067,Berlin-1cb8,-8,33,Normal
2026-02-09 23:45:31.620067,Berlin-1cb8,-18,53,Normal
2026-02-09 23:45:32.620067,Berlin-1cb8,-21,72,Normal
2026-02-09 23:45:33.620067,Berlin-1cb8,18,53,Normal
2026-02-09 23:45:34.620067,Berlin-1cb8,-16,11,Normal
2026-02-09 23:45:35.620067,Berlin-1cb8,-17,38,Normal
2026-02-09 23:45:36.620067,Berlin-1cb8,7,36,Normal
2026-02-09 23:45:37.620067,Berlin-1cb8,-21,29,Normal
2026-02-09 23:45:38.620067,Berlin-1cb8,-29,68,Normal
2026-02-09 23:45:39.620067,Berlin-1cb8,41,23,Normal
2026-02-09 23:45:40.620067,Berlin-1cb8,49,38,Normal
