timestamp,station_id,temp,humid,condition
2026-02-15 16:24:05.416283,Toronto-e58b,43,1,Normal
2026-02-15 16:24:06.416283,Toronto-e58b,-11,94,Normal
2026-02-15 16:24:07.416283,Toronto-e58b,-27,39,Normal
2026-02-15 16:24:08.416283,Toronto-e58b,22,89,Normal
2026-02-15 16:24:09.416283,Toronto-e58b,4,1,Normal
2026-02-15 16:24:10.416283,Toronto-e58b,-26,71,Normal
2026-02-15 16:24:11.416283,Toronto-e58b,40,89,Normal
2026-02-15 16:24:12.416283,Toronto-e58b,-24,33,Normal
2026-02-15 16:24:13.416283,Toronto-e58b,25,46,Normal
2026-02-15 16:24:14.416283,Toronto-e58b,12,39,Normal
2026-02-15 16:24:15.416283,Toronto-e58b,-16,62,Normal
2026-02-15 16:24:16.416283,Toronto-e58b,17,71,Normal
2026-02-15 16:24:17.416283,Toronto-e58b,18,32,Normal
2026-02-15 16:24:18.416283,Toronto-e58b,2,14,Normal
2026-02-15 16:24:19.416283,Toronto-e58b,-28,45,Normal
2026-02-15 16:24:20.416283,Toronto-e58b,-12,46,Normal
2026-02-15 16:24:21.416283,Toronto-e58b,-16,94,Normal
2026-02-15 16:24:22.416283,Toronto-e58b,33,45,Normal
2026-02-15 16:24:23.416283,Toronto-e58b,7,16,Normal
2026-02-15 16:24:24.416283,Toronto-e58b,7,25,Normal
2026-02-15 16:24:25.416283,Toronto-e58b,37,81,Normal
2026-02-15 16:24:26.416283,Toronto-e58b,6,29,Normal
2026-02-15 16:24:27.416283,Toronto-e58b,-22,88,Normal
2026-02-15 16:24:28.416283,Toronto-e58b,-17,82,Normal
2026-02-15 16:24:29.416283,Toronto-e58b,-13,35,Normal
2026-02-15 16:24:30.416283,Toronto-e58b,20,21,Normal
2026-02-15 16:24:31.416283,Toronto-e58b,7,37,Normal
2026-02-15 16:24:32.416283,Toronto-e58b,23,15,Normal
2026-02-15 16:24:33.416283,Toronto-e58b,43,10,Normal
2026-02-15 16:24:34.416283,Toronto-e58b,32,61,Normal
2026-02-15 16:24:35.416283,Toronto-e58b,16,61,Normal
2026-02-15 16:24:36.416283,Toronto-e58b,-22,92,Normal
2026-02-15 16:24:37.416283,Toronto-e58b,-12,9,Normal
2026-02-15 16:24:38.416283,Toronto-e58b,-16,27,Normal
2026-02-15 16:24:39.416283,Toronto-e58b,-7,45,Normal
2026-02-15 16:24:40.416283,Toronto-e58b,46,27,Normal
2026-02-15 16:24:41.416283,Toronto-e58b,-21,22,Normal
2026-02-15 16:24:42.416283,Toronto-e58b,39,54,Normal
2026-02-15 16:24:43.416283,Toronto-e58b,-4,19,Normal
2026-02-15 16:24:44.416283,Toronto-e58b,32,42,Normal
2026-02-15 16:24:45.416283,Toronto-e58b,20,56,Normal
2026-02-15 16:24:46.416283,Toronto-e58b,36,18,Normal
2026-02-15 16:24:47.416283,Toronto-e58b,50,42,Normal
2026-02-15 16:24:48.416283,Toronto-e58b,8,65,Normal
2026-02-15 16:24:49.416283,Toronto-e58b,36,51,Normal
2026-02-15 16:24:50.416283,Toronto-e58b,4,30,Normal
2026-02-15 16:24:51.416283,Toronto-e58b,21,24,Normal
2026-02-15 16:24:52.416283,Toronto-e58b,15,40,Normal
2026-02-15 16:24:53.416283,Toronto-e58b,-18,94,Normal
2026-02-15 16:24:54.416283,Toronto-e58b,-28,18,Normal
2026-02-15 16:24:55.416283,Toronto-e58b,25,52,Normal
2026-02-15 16:24:56.416283,Toronto-e58b,34,47,Normal
2026-02-15 16:24:57.416283,Toronto-e58b,9,44,Normal
2026-02-15 16:24:58.416283,Toronto-e58b,0,61,Normal
2026-02-15 16:24:59.416283,Toronto-e58b,47,43,Normal
2026-02-15 16:25:00.416283,Toronto-e58b,18,89,Normal
2026-02-15 16:25:01.416283,Toronto-e58b,-27,84,Normal
2026-02-15 16:25:02.416283,Toronto-e58b,-17,13,Normal
2026-02-15 16:25:03.416283,Toronto-e58b,-16,54,Normal
2026-02-15 16:25:04.416283,Toronto-e58b,-11,7,Normal
2026-02-15 16:25:05.416283,Toronto-e58b,7,23,Normal
2026-02-15 16:25:06.416283,Toronto-e58b,-8,68,Normal
2026-02-15 16:25:07.416283,Toronto-e58b,-26,44,Normal
2026-02-15 16:25:08.416283,Toronto-e58b,11,24,Normal
2026-02-15 16:25:09.416283,Toronto-e58b,-15,14,Normal
2026-02-15 16:25:10.416283,Toronto-e58b,-22,86,Normal
2026-02-15 16:25:11.416283,Toronto-e58b,-25,48,Normal
2026-02-15 16:25:12.416283,Toronto-e58b,-29,69,Normal
2026-02-15 16:25:13.416283,Toronto-e58b,22,17,Normal
2026-02-15 16:25:14.416283,Toronto-e58b,21,18,Normal
2026-02-15 16:25:15.416283,Toronto-e58b,-18,16,Normal
2026-02-15 16:25:16.416283,Toronto-e58b,-23,10,Normal
2026-02-15 16:25:17.416283,Toronto-e58b,7,1,Normal
2026-02-15 16:25:18.416283,Toronto-e58b,39,15,Normal
2026-02-15 16:25:19.416283,Toronto-e58b,14,90,Normal
2026-02-15 16:25:20.416283,Toronto-e58b,36,25,Normal
2026-02-15 16:25:21.416283,Toronto-e58b,28,5,Normal
2026-02-15 16:25:22.416283,Toronto-e58b,43,25,Normal
2026-02-15 16:25:23.416283,Toronto-e58b,-2,76,Normal
2026-02-15 16:25:24.416283,Toronto-e58b,21,64,Normal
2026-02-15 16:25:25.416283,Toronto-e58b,23,89,Normal
2026-02-15 16:25:26.416283,Toronto-e58b,-24,71,Normal
2026-02-15 16:25:27.416283,Toronto-e58b,25,69,Normal
2026-02-15 16:25:28.416283,Toronto-e58b,34,39,Normal
2026-02-15 16:25:29.416283,Toronto-e58b,-6,49,Normal
2026-02-15 16:25:30.416283,Toronto-e58b,30,47,Normal
2026-02-15 16:25:31.416283,Toronto-e58b,43,18,Normal
2026-02-15 16:25:32.416283,Toronto-e58b,40,75,Normal
2026-02-15 16:25:33.416283,Toronto-e58b,10,87,Normal
2026-02-15 16:25:34.416283,Toronto-e58b,45,77,Normal
2026-02-15 16:25:35.416283,Toronto-e58b,19,76,Normal
2026-02-15 16:25:36.416283,Toronto-e58b,25,100,Normal
2026-02-15 16:25:37.416283,Toronto-e58b,-18,25,Normal
2026-02-15 16:25:38.416283,Toronto-e58b,40,33,Normal
2026-02-15 16:25:39.416283,Toronto-e58b,10,91,Normal
2026-02-15 16:25:40.416283,Toronto-e58b,21,64,Normal
2026-02-15 16:25:41.416283,Toronto-e58b,-29,74,Normal
2026-02-15 16:25:42.416283,Toronto-e58b,-7,2,Normal
2026-02-15 16:25:43.416283,Toronto-e58b,-5,28,Normal
2026-02-15 16:25:44.416283,Toronto-e58b,34,51,Normal
2026-02-15 16:25:45.416283,Toronto-e58b,9,53,Normal
2026-02-15 16:25:46.416283,Toronto-e58b,-11,9,Normal
2026-02-15 16:25:47.416283,Toronto-e58b,27,31,Normal
2026-02-15 16:25:48.416283,Toronto-e58b,45,44,Normal
2026-02-15 16:25:49.416283,Toronto-e58b,18,40,Normal
2026-02-15 16:25:50.416283,Toronto-e58b,-15,64,Normal
2026-02-15 16:25:51.416283,Toronto-e58b,21,56,Normal
2026-02-15 16:25:52.416283,Toronto-e58b,-15,90,Normal
2026-02-15 16:25:53.416283,Toronto-e58b,-16,1,Normal
2026-02-15 16:25:54.416283,Toronto-e58b,41,100,Normal
2026-02-15 16:25:55.416283,Toronto-e58b,2,75,Normal
2026-02-15 16:25:56.416283,Toronto-e58b,32,40,Normal
2026-02-15 16:25:57.416283,Toronto-e58b,-23,12,Normal
2026-02-15 16:25:58.416283,Toronto-e58b,33,35,Normal
2026-02-15 16:25:59.416283,Toronto-e58b,-17,96,Normal
2026-02-15 16:26:00.416283,Toronto-e58b,-7,69,Normal
2026-02-15 16:26:01.416283,Toronto-e58b,49,66,Normal
2026-02-15 16:26:02.416283,Toronto-e58b,-24,12,Normal
2026-02-15 16:26:03.416283,Toronto-e58b,-12,9,Normal
2026-02-15 16:26:04.416283,Toronto-e58b,-3,83,Normal
2026-02-15 16:26:05.416283,Toronto-e58b,38,83,Normal
2026-02-15 16:26:06.416283,Toronto-e58b,4,73,Normal
2026-02-15 16:26:07.416283,Toronto-e58b,38,71,Normal
2026-02-15 16:26:08.416283,Toronto-e58b,13,30,Normal
2026-02-15 16:26:09.416283,Toronto-e58b,-10,68,Normal
2026-02-15 16:26:10.416283,Toronto-e58b,49,87,Normal
2026-02-15 16:26:11.416283,Toronto-e58b,29,94,Normal
2026-02-15 16:26:12.416283,Toronto-e58b,50,13,Normal
2026-02-15 16:26:13.416283,Toronto-e58b,-26,23,Normal
2026-02-15 16:26:14.416283,Toronto-e58b,48,13,Normal
2026-02-15 16:26:15.416283,Toronto-e58b,-18,67,Normal
2026-02-15 16:26:16.416283,Toronto-e58b,23,23,Normal
2026-02-15 16:26:17.416283,Toronto-e58b,39,64,Normal
2026-02-15 16:26:18.416283,Toronto-e58b,-11,14,Normal
2026-02-15 16:26:19.416283,Toronto-e58b,45,52,Normal
2026-02-15 16:26:20.416283,Toronto-e58b,25,13,Normal
2026-02-15 16:26:21.416283,Toronto-e58b,-17,21,Normal
2026-02-15 16:26:22.416283,Toronto-e58b,45,13,Normal
2026-02-15 16:26:23.416283,Toronto-e58b,-6,4,Normal
2026-02-15 16:26:24.416283,Toronto-e58b,28,38,Normal
2026-02-15 16:26:25.416283,Toronto-e58b,30,72,Normal
2026-02-15 16:26:26.416283,Toronto-e58b,37,61,Normal
2026-02-15 16:26:27.416283,Toronto-e58b,16,59,Normal
2026-02-15 16:26:28.416283,Toronto-e58b,16,17,Normal
2026-02-15 16:26:29.416283,Toronto-e58b,20,64,Normal
2026-02-15 16:26:30.416283,Toronto-e58b,33,64,Normal
2026-02-15 16:26:31.416283,Toronto-e58b,-6,25,Normal
2026-02-15 16:26:32.416283,Toronto-e58b,11,67,Normal
2026-02-15 16:26:33.416283,Toronto-e58b,-4,15,Normal
2026-02-15 16:26:34.416283,Toronto-e58b,-20,10,Normal
2026-02-15 16:26:35.416283,Toronto-e58b,22,11,Normal
2026-02-15 16:26:36.416283,Toronto-e58b,1,4,Normal
2026-02-15 16:26:37.416283,Toronto-e58b,-29,63,Normal
2026-02-15 16:26:38.416283,Toronto-e58b,1,50,Normal
2026-02-15 16:26:39.416283,Toronto-e58b,24,97,Normal
2026-02-15 16:26:40.416283,Toronto-e58b,-3,38,Normal
2026-02-15 16:26:41.416283,Toronto-e58b,42,91,Normal
2026-02-15 16:26:42.416283,Toronto-e58b,11,16,Normal
2026-02-15 16:26:43.416283,Toronto-e58b,21,11,Normal
2026-02-15 16:26:44.416283,Toronto-e58b,49,49,Normal
2026-02-15 16:26:45.416283,Toronto-e58b,0,92,Normal
2026-02-15 16:26:46.416283,Toronto-e58b,-30,12,Normal
2026-02-15 16:26:47.416283,Toronto-e58b,-29,74,Normal
2026-02-15 16:26:48.416283,Toronto-e58b,40,0,Normal
2026-02-15 16:26:49.416283,Toronto-e58b,-10,53,Normal
2026-02-15 16:26:50.416283,Toronto-e58b,-9,58,Normal
2026-02-15 16:26:51.416283,Toronto-e58b,47,60,Normal
2026-02-15 16:26:52.416283,Toronto-e58b,-3,86,Normal
2026-02-15 16:26:53.416283,Toronto-e58b,15,60,Normal
2026-02-15 16:26:54.416283,Toronto-e58b,48,67,Normal
2026-02-15 16:26:55.416283,Toronto-e58b,-6,69,Normal
2026-02-15 16:26:56.416283,Toronto-e58b,-24,38,Normal
2026-02-15 16:26:57.416283,Toronto-e58b,17,86,Normal
2026-02-15 16:26:58.416283,Toronto-e58b,3,0,Normal
2026-02-15 16:26:59.416283,Toronto-e58b,44,8,Normal
2026-02-15 16:27:00.416283,Toronto-e58b,18,86,Normal
2026-02-15 16:27:01.416283,Toronto-e58b,-6,9,Normal
2026-02-15 16:27:02.416283,Toronto-e58b,43,88,Normal
2026-02-15 16:27:03.416283,Toronto-e58b,32,35,Normal
2026-02-15 16:27:04.416283,Toronto-e58b,6,9,Normal
2026-02-15 16:27:05.416283,Toronto-e58b,6,83,Normal
2026-02-15 16:27:06.416283,Toronto-e58b,-23,72,Normal
2026-02-15 16:27:07.416283,Toronto-e58b,15,45,Normal
2026-02-15 16:27:08.416283,Toronto-e58b,-2,82,Normal
2026-02-15 16:27:09.416283,Toronto-e58b,-8,28,Normal
2026-02-15 16:27:10.416283,Toronto-e58b,-5,50,Normal
2026-02-15 16:27:11.416283,Toronto-e58b,-1,3,Normal
2026-02-15 16:27:12.416283,Toronto-e58b,-24,13,Normal
2026-02-15 16:27:13.416283,Toronto-e58b,16,80,Normal
2026-02-15 16:27:14.416283,Toronto-e58b,-8,35,Normal
2026-02-15 16:27:15.416283,Toronto-e58b,-24,64,Normal
2026-02-15 16:27:16.416283,Toronto-e58b,23,14,Normal
2026-02-15 16:27:17.416283,Toronto-e58b,-13,84,Normal
2026-02-15 16:27:18.416283,Toronto-e58b,27,63,Normal
2026-02-15 16:27:19.416283,Toronto-e58b,27,78,Normal
2026-02-15 16:27:20.416283,Toronto-e58b,1,51,Normal
2026-02-15 16:27:21.416283,Toronto-e58b,-30,56,Normal
2026-02-15 16:27:22.416283,Toronto-e58b,44,63,Normal
2026-02-15 16:27:23.416283,Toronto-e58b,12,25,Normal
2026-02-15 16:27:24.416283,Toronto-e58b,21,97,Normal
2026-02-15 16:27:25.416283,Toronto-e58b,-7,28,Normal
2026-02-15 16:27:26.416283,Toronto-e58b,-15,35,Normal
2026-02-15 16:27:27.416283,Toronto-e58b,39,73,Normal
2026-02-15 16:27:28.416283,Toronto-e58b,-27,70,Normal
2026-02-15 16:27:29.416283,Toronto-e58b,23,94,Normal
2026-02-15 16:27:30.416283,Toronto-e58b,11,16,Normal
2026-02-15 16:27:31.416283,Toronto-e58b,-28,64,Normal
2026-02-15 16:27:32.416283,Toronto-e58b,-6,83,Normal
2026-02-15 16:27:33.416283,Toronto-e58b,30,3,Normal
2026-02-15 16:27:34.416283,Toronto-e58b,8,5,Normal
2026-02-15 16:27:35.416283,Toronto-e58b,25,97,Normal
2026-02-15 16:27:36.416283,Toronto-e58b,21,23,Normal
2026-02-15 16:27:37.416283,Toronto-e58b,-9,26,Normal
2026-02-15 16:27:38.416283,Toronto-e58b,29,35,Normal
2026-02-15 16:27:39.416283,Toronto-e58b,-4,67,Normal
2026-02-15 16:27:40.416283,Toronto-e58b,18,0,Normal
2026-02-15 16:27:41.416283,Toronto-e58b,-14,34,Normal
2026-02-15 16:27:42.416283,Toronto-e58b,-15,8,Normal
2026-02-15 16:27:43.416283,Toronto-e58b,47,88,Normal
2026-02-15 16:27:44.416283,Toronto-e58b,-14,95,Normal
2026-02-15 16:27:45.416283,Toronto-e58b,33,80,Normal
2026-02-15 16:27:46.416283,Toronto-e58b,-21,10,Normal
2026-02-15 16:27:47.416283,Toronto-e58b,-24,72,Normal
2026-02-15 16:27:48.416283,Toronto-e58b,2,28,Normal
2026-02-15 16:27:49.416283,Toronto-e58b,-22,1,Normal
2026-02-15 16:27:50.416283,Toronto-e58b,35,36,Normal
2026-02-15 16:27:51.416283,Toronto-e58b,-28,70,Normal
2026-02-15 16:27:52.416283,Toronto-e58b,23,78,Normal
2026-02-15 16:27:53.416283,Toronto-e58b,30,9,Normal
2026-02-15 16:27:54.416283,Toronto-e58b,21,78,Normal
2026-02-15 16:27:55.416283,Toronto-e58b,0,62,Normal
2026-02-15 16:27:56.416283,Toronto-e58b,-28,86,Normal
2026-02-15 16:27:57.416283,Toronto-e58b,3,96,Normal
2026-02-15 16:27:58.416283,Toronto-e58b,26,41,Normal
2026-02-15 16:27:59.416283,Toronto-e58b,9,33,Normal
2026-02-15 16:28:00.416283,Toronto-e58b,30,0,Normal
2026-02-15 16:28:01.416283,Toronto-e58b,26,51,Normal
2026-02-15 16:28:02.416283,Toronto-e58b,-20,9,Normal
2026-02-15 16:28:03.416283,Toronto-e58b,17,83,Normal
2026-02-15 16:28:04.416283,Toronto-e58b,-14,28,Normal
2026-02-15 16:28:05.416283,Toronto-e58b,23,35,Normal
2026-02-15 16:28:06.416283,Toronto-e58b,6,25,Normal
2026-02-15 16:28:07.416283,Toronto-e58b,-27,24,Normal
2026-02-15 16:28:08.416283,Toronto-e58b,2,31,Normal
2026-02-15 16:28:09.416283,Toronto-e58b,5,25,Normal
2026-02-15 16:28:10.416283,Toronto-e58b,15,13,Normal
2026-02-15 16:28:11.416283,Toronto-e58b,30,98,Normal
2026-02-15 16:28:12.416283,Toronto-e58b,12,96,Normal
2026-02-15 16:28:13.416283,Toronto-e58b,35,24,Normal
2026-02-15 16:28:14.416283,Toronto-e58b,28,76,Normal
2026-02-15 16:28:15.416283,Toronto-e58b,22,92,Normal
2026-02-15 16:28:16.416283,Toronto-e58b,-1,74,Normal
2026-02-15 16:28:17.416283,Toronto-e58b,31,48,Normal
2026-02-15 16:28:18.416283,Toronto-e58b,47,70,Normal
2026-02-15 16:28:19.416283,Toronto-e58b,-24,7,Normal
2026-02-15 16:28:20.416283,Toronto-e58b,34,7,Normal
2026-02-15 16:28:21.416283,Toronto-e58b,15,88,Normal
2026-02-15 16:28:22.416283,Toronto-e58b,6,78,Normal
2026-02-15 16:28:23.416283,Toronto-e58b,13,42,Normal
2026-02-15 16:28:24.416283,Toronto-e58b,25,42,Normal
2026-02-15 16:28:25.416283,Toronto-e58b,38,57,Normal
2026-02-15 16:28:26.416283,Toronto-e58b,0,7,Normal
2026-02-15 16:28:27.416283,Toronto-e58b,34,81,Normal
2026-02-15 16:28:28.416283,Toronto-e58b,38,49,Normal
2026-02-15 16:28:29.416283,Toronto-e58b,48,34,Normal
2026-02-15 16:28:30.416283,Toronto-e58b,43,37,Normal
2026-02-15 16:28:31.416283,Toronto-e58b,24,28,Normal
2026-02-15 16:28:32.416283,Toronto-e58b,-17,6,Normal
2026-02-15 16:28:33.416283,Toronto-e58b,-14,12,Normal
2026-02-15 16:28:34.416283,Toronto-e58b,25,80,Normal
2026-02-15 16:28:35.416283,Toronto-e58b,11,66,Normal
2026-02-15 16:28:36.416283,Toronto-e58b,41,1,Normal
2026-02-15 16:28:37.416283,Toronto-e58b,33,39,Normal
2026-02-15 16:28:38.416283,Toronto-e58b,17,50,Normal
2026-02-15 16:28:39.416283,Toronto-e58b,15,4,Normal
2026-02-15 16:28:40.416283,Toronto-e58b,9,84,Normal
2026-02-15 16:28:41.416283,Toronto-e58b,-16,30,Normal
2026-02-15 16:28:42.416283,Toronto-e58b,-9,8,Normal
2026-02-15 16:28:43.416283,Toronto-e58b,-10,18,Normal
2026-02-15 16:28:44.416283,Toronto-e58b,33,13,Normal
2026-02-15 16:28:45.416283,Toronto-e58b,-13,28,Normal
2026-02-15 16:28:46.416283,Toronto-e58b,49,79,Normal
2026-02-15 16:28:47.416283,Toronto-e58b,-25,6,Normal
2026-02-15 16:28:48.416283,Toronto-e58b,-22,99,Normal
2026-02-15 16:28:49.416283,Toronto-e58b,-10,75,Normal
2026-02-15 16:28:50.416283,Toronto-e58b,-13,90,Normal
2026-02-15 16:28:51.416283,Toronto-e58b,42,23,Normal
2026-02-15 16:28:52.416283,Toronto-e58b,-8,16,Normal
2026-02-15 16:28:53.416283,Toronto-e58b,23,43,Normal
2026-02-15 16:28:54.416283,Toronto-e58b,-20,79,Normal
2026-02-15 16:28:55.416283,Toronto-e58b,14,32,Normal
2026-02-15 16:28:56.416283,Toronto-e58b,36,18,Normal
2026-02-15 16:28:57.416283,Toronto-e58b,33,62,Normal
2026-02-15 16:28:58.416283,Toronto-e58b,15,73,Normal
2026-02-15 16:28:59.416283,Toronto-e58b,-8,81,Normal
2026-02-15 16:29:00.416283,Toronto-e58b,-28,85,Normal
2026-02-15 16:29:01.416283,Toronto-e58b,29,18,Normal
2026-02-15 16:29:02.416283,Toronto-e58b,28,67,Normal
2026-02-15 16:29:03.416283,Toronto-e58b,-4,72,Normal
2026-02-15 16:29:04.416283,Toronto-e58b,46,17,Normal
2026-02-15 16:29:05.416283,Toronto-e58b,18,37,Normal
2026-02-15 16:29:06.416283,Toronto-e58b,-17,0,Normal
2026-02-15 16:29:07.416283,Toronto-e58b,40,44,Normal
2026-02-15 16:29:08.416283,Toronto-e58b,-18,41,Normal
2026-02-15 16:29:09.416283,Toronto-e58b,2,97,Normal
2026-02-15 16:29:10.416283,Toronto-e58b,-1,81,Normal
2026-02-15 16:29:11.416283,Toronto-e58b,30,82,Normal
2026-02-15 16:29:12.416283,Toronto-e58b,-29,17,Normal
2026-02-15 16:29:13.416283,Toronto-e58b,-3,65,Normal
2026-02-15 16:29:14.416283,Toronto-e58b,12,29,Normal
2026-02-15 16:29:15.416283,Toronto-e58b,-2,52,Normal
2026-02-15 16:29:16.416283,Toronto-e58b,-20,19,Normal
2026-02-15 16:29:17.416283,Toronto-e58b,-4,90,Normal
2026-02-15 16:29:18.416283,Toronto-e58b,-17,36,Normal
2026-02-15 16:29:19.416283,Toronto-e58b,28,98,Normal
2026-02-15 16:29:20.416283,Toronto-e58b,23,25,Normal
2026-02-15 16:29:21.416283,Toronto-e58b,-14,16,Normal
2026-02-15 16:29:22.416283,Toronto-e58b,42,19,Normal
2026-02-15 16:29:23.416283,Toronto-e58b,-10,92,Normal
2026-02-15 16:29:24.416283,Toronto-e58b,9,89,Normal
2026-02-15 16:29:25.416283,Toronto-e58b,18,66,Normal
2026-02-15 16:29:26.416283,Toronto-e58b,7,71,Normal
2026-02-15 16:29:27.416283,Toronto-e58b,9,33,Normal
2026-02-15 16:29:28.416283,Toronto-e58b,49,46,Normal
2026-02-15 16:29:29.416283,Toronto-e58b,48,48,Normal
2026-02-15 16:29:30.416283,Toronto-e58b,28,4,Normal
2026-02-15 16:29:31.416283,Toronto-e58b,30,98,Normal
2026-02-15 16:29:32.416283,Toronto-e58b,-7,39,Normal
2026-02-15 16:29:33.416283,Toronto-e58b,27,86,Normal
2026-02-15 16:29:34.416283,Toronto-e58b,6,35,Normal
2026-02-15 16:29:35.416283,Toronto-e58b,29,24,Normal
2026-02-15 16:29:36.416283,Toronto-e58b,43,37,Normal
2026-02-15 16:29:37.416283,Toronto-e58b,-1,41,Normal
2026-02-15 16:29:38.416283,Toronto-e58b,27,53,Normal
2026-02-15 16:29:39.416283,Toronto-e58b,44,63,Normal
2026-02-15 16:29:40.416283,Toronto-e58b,25,100,Normal
2026-02-15 16:29:41.416283,Toronto-e58b,49,11,Normal
2026-02-15 16:29:42.416283,Toronto-e58b,28,87,Normal
2026-02-15 16:29:43.416283,Toronto-e58b,-5,95,Normal
2026-02-15 16:29:44.416283,Toronto-e58b,16,55,Normal
2026-02-15 16:29:45.416283,Toronto-e58b,-7,89,Normal
2026-02-15 16:29:46.416283,Toronto-e58b,-27,24,Normal
2026-02-15 16:29:47.416283,Toronto-e58b,-8,37,Normal
2026-02-15 16:29:48.416283,Toronto-e58b,-23,91,Normal
2026-02-15 16:29:49.416283,Toronto-e58b,30,64,Normal
2026-02-15 16:29:50.416283,Toronto-e58b,46,4,Normal
2026-02-15 16:29:51.416283,Toronto-e58b,44,37,Normal
2026-02-15 16:29:52.416283,Toronto-e58b,21,73,Normal
2026-02-15 16:29:53.416283,Toronto-e58b,41,91,Normal
2026-02-15 16:29:54.416283,Toronto-e58b,7,85,Normal
2026-02-15 16:29:55.416283,Toronto-e58b,-4,59,Normal
2026-02-15 16:29:56.416283,Toronto-e58b,31,62,Normal
2026-02-15 16:29:57.416283,Toronto-e58b,-22,78,Normal
2026-02-15 16:29:58.416283,Toronto-e58b,28,41,Normal
2026-02-15 16:29:59.416283,Toronto-e58b,44,58,Normal
2026-02-15 16:30:00.416283,Toronto-e58b,-14,88,Normal
2026-02-15 16:30:01.416283,Toronto-e58b,-27,18,Normal
2026-02-15 16:30:02.416283,Toronto-e58b,34,24,Normal
2026-02-15 16:30:03.416283,Toronto-e58b,-16,38,Normal
2026-02-15 16:30:04.416283,Toronto-e58b,-7,55,Normal
2026-02-15 16:30:05.416283,Toronto-e58b,24,79,Normal
2026-02-15 16:30:06.416283,Toronto-e58b,45,15,Normal
2026-02-15 16:30:07.416283,Toronto-e58b,8,47,Normal
2026-02-15 16:30:08.416283,Toronto-e58b,11,62,Normal
2026-02-15 16:30:09.416283,Toronto-e58b,29,18,Normal
2026-02-15 16:30:10.416283,Toronto-e58b,-28,78,Normal
2026-02-15 16:30:11.416283,Toronto-e58b,12,56,Normal
2026-02-15 16:30:12.416283,Toronto-e58b,-9,43,Normal
2026-02-15 16:30:13.416283,Toronto-e58b,-6,100,Normal
2026-02-15 16:30:14.416283,Toronto-e58b,23,24,Normal
2026-02-15 16:30:15.416283,Toronto-e58b,-22,23,Normal
2026-02-15 16:30:16.416283,Toronto-e58b,18,82,Normal
2026-02-15 16:30:17.416283,Toronto-e58b,-29,80,Normal
2026-02-15 16:30:18.416283,Toronto-e58b,-20,2,Normal
2026-02-15 16:30:19.416283,Toronto-e58b,25,87,Normal
2026-02-15 16:30:20.416283,Toronto-e58b,47,74,Normal
2026-02-15 16:30:21.416283,Toronto-e58b,13,6,Normal
2026-02-15 16:30:22.416283,Toronto-e58b,7,78,Normal
2026-02-15 16:30:23.416283,Toronto-e58b,43,68,Normal
2026-02-15 16:30:24.416283,Toronto-e58b,28,20,Normal
2026-02-15 16:30:25.416283,Toronto-e58b,-29,91,Normal
2026-02-15 16:30:26.416283,Toronto-e58b,19,44,Normal
2026-02-15 16:30:27.416283,Toronto-e58b,-11,66,Normal
2026-02-15 16:30:28.416283,Toronto-e58b,37,69,Normal
2026-02-15 16:30:29.416283,Toronto-e58b,48,99,Normal
2026-02-15 16:30:30.416283,Toronto-e58b,43,88,Normal
2026-02-15 16:30:31.416283,Toronto-e58b,23,73,Normal
2026-02-15 16:30:32.416283,Toronto-e58b,49,5,Normal
2026-02-15 16:30:33.416283,Toronto-e58b,18,80,Normal
2026-02-15 16:30:34.416283,Toronto-e58b,37,33,Normal
2026-02-15 16:30:35.416283,Toronto-e58b,-6,74,Normal
2026-02-15 16:30:36.416283,Toronto-e58b,1,27,Normal
2026-02-15 16:30:37.416283,Toronto-e58b,2,28,Normal
2026-02-15 16:30:38.416283,Toronto-e58b,48,27,Normal
2026-02-15 16:30:39.416283,Toronto-e58b,34,12,Normal
2026-02-15 16:30:40.416283,Toronto-e58b,24,69,Normal
2026-02-15 16:30:41.416283,Toronto-e58b,17,12,Normal
2026-02-15 16:30:42.416283,Toronto-e58b,27,5,Normal
2026-02-15 16:30:43.416283,Toronto-e58b,11,69,Normal
2026-02-15 16:30:44.416283,Toronto-e58b,49,81,Normal
2026-02-15 16:30:45.416283,Toronto-e58b,47,13,Normal
2026-02-15 16:30:46.416283,Toronto-e58b,-16,4,Normal
2026-02-15 16:30:47.416283,Toronto-e58b,-6,43,Normal
2026-02-15 16:30:48.416283,Toronto-e58b,35,49,Normal
2026-02-15 16:30:49.416283,Toronto-e58b,-5,63,Normal
2026-02-15 16:30:50.416283,Toronto-e58b,17,5,Normal
2026-02-15 16:30:51.416283,Toronto-e58b,-28,43,Normal
2026-02-15 16:30:52.416283,Toronto-e58b,-8,63,Normal
2026-02-15 16:30:53.416283,Toronto-e58b,26,11,Normal
2026-02-15 16:30:54.416283,Toronto-e58b,-20,74,Normal
2026-02-15 16:30:55.416283,Toronto-e58b,-4,7,Normal
2026-02-15 16:30:56.416283,Toronto-e58b,44,29,Normal
2026-02-15 16:30:57.416283,Toronto-e58b,-26,88,Normal
2026-02-15 16:30:58.416283,Toronto-e58b,7,18,Normal
2026-02-15 16:30:59.416283,Toronto-e58b,-5,48,Normal
2026-02-15 16:31:00.416283,Toronto-e58b,12,56,Normal
2026-02-15 16:31:01.416283,Toronto-e58b,31,19,Normal
2026-02-15 16:31:02.416283,Toronto-e58b,-16,78,Normal
2026-02-15 16:31:03.416283,Toronto-e58b,42,58,Normal
2026-02-15 16:31:04.416283,Toronto-e58b,4,85,Normal
2026-02-15 16:31:05.416283,Toronto-e58b,-9,79,Normal
2026-02-15 16:31:06.416283,Toronto-e58b,24,24,Normal
2026-02-15 16:31:07.416283,Toronto-e58b,-23,19,Normal
2026-02-15 16:31:08.416283,Toronto-e58b,32,76,Normal
2026-02-15 16:31:09.416283,Toronto-e58b,-1,35,Normal
2026-02-15 16:31:10.416283,Toronto-e58b,4,55,Normal
2026-02-15 16:31:11.416283,Toronto-e58b,-26,46,Normal
2026-02-15 16:31:12.416283,Toronto-e58b,-5,79,Normal
2026-02-15 16:31:13.416283,Toronto-e58b,-2,67,Normal
2026-02-15 16:31:14.416283,Toronto-e58b,30,42,Normal
2026-02-15 16:31:15.416283,Toronto-e58b,40,54,Normal
2026-02-15 16:31:16.416283,Toronto-e58b,-7,15,Normal
2026-02-15 16:31:17.416283,Toronto-e58b,45,53,Normal
2026-02-15 16:31:18.416283,Toronto-e58b,47,91,Normal
2026-02-15 16:31:19.416283,Toronto-e58b,-9,94,Normal
2026-02-15 16:31:20.416283,Toronto-e58b,44,33,Normal
2026-02-15 16:31:21.416283,Toronto-e58b,-13,18,Normal
2026-02-15 16:31:22.416283,Toronto-e58b,38,51,Normal
2026-02-15 16:31:23.416283,Toronto-e58b,-22,83,Normal
2026-02-15 16:31:24.416283,Toronto-e58b,46,96,Normal
2026-02-15 16:31:25.416283,Toronto-e58b,38,29,Normal
2026-02-15 16:31:26.416283,Toronto-e58b,20,83,Normal
2026-02-15 16:31:27.416283,Toronto-e58b,3,40,Normal
2026-02-15 16:31:28.416283,Toronto-e58b,30,28,Normal
2026-02-15 16:31:29.416283,Toronto-e58b,18,60,Normal
2026-02-15 16:31:30.416283,Toronto-e58b,-12,48,Normal
2026-02-15 16:31:31.416283,Toronto-e58b,26,81,Normal
2026-02-15 16:31:32.416283,Toronto-e58b,-24,92,Normal
2026-02-15 16:31:33.416283,Toronto-e58b,12,35,Normal
2026-02-15 16:31:34.416283,Toronto-e58b,5,32,Normal
2026-02-15 16:31:35.416283,Toronto-e58b,27,47,Normal
2026-02-15 16:31:36.416283,Toronto-e58b,-6,93,Normal
2026-02-15 16:31:37.416283,Toronto-e58b,40,38,Normal
2026-02-15 16:31:38.416283,Toronto-e58b,-27,77,Normal
2026-02-15 16:31:39.416283,Toronto-e58b,7,75,Normal
2026-02-15 16:31:40.416283,Toronto-e58b,-22,24,Normal
2026-02-15 16:31:41.416283,Toronto-e58b,38,24,Normal
2026-02-15 16:31:42.416283,Toronto-e58b,48,77,Normal
2026-02-15 16:31:43.416283,Toronto-e58b,33,41,Normal
2026-02-15 16:31:44.416283,Toronto-e58b,48,88,Normal
2026-02-15 16:31:45.416283,Toronto-e58b,23,43,Normal
2026-02-15 16:31:46.416283,Toronto-e58b,12,14,Normal
2026-02-15 16:31:47.416283,Toronto-e58b,3,62,Normal
2026-02-15 16:31:48.416283,Toronto-e58b,-1,95,Normal
2026-02-15 16:31:49.416283,Toronto-e58b,-26,91,Normal
2026-02-15 16:31:50.416283,Toronto-e58b,22,11,Normal
2026-02-15 16:31:51.416283,Toronto-e58b,23,40,Normal
2026-02-15 16:31:52.416283,Toronto-e58b,43,24,Normal
2026-02-15 16:31:53.416283,Toronto-e58b,20,12,Normal
2026-02-15 16:31:54.416283,Toronto-e58b,34,34,Normal
2026-02-15 16:31:55.416283,Toronto-e58b,43,3,Normal
2026-02-15 16:31:56.416283,Toronto-e58b,36,54,Normal
2026-02-15 16:31:57.416283,Toronto-e58b,10,60,Normal
2026-02-15 16:31:58.416283,Toronto-e58b,-15,6,Normal
2026-02-15 16:31:59.416283,Toronto-e58b,35,17,Normal
2026-02-15 16:32:00.416283,Toronto-e58b,23,45,Normal
2026-02-15 16:32:01.416283,Toronto-e58b,46,94,Normal
2026-02-15 16:32:02.416283,Toronto-e58b,-13,33,Normal
2026-02-15 16:32:03.416283,Toronto-e58b,30,22,Normal
2026-02-15 16:32:04.416283,Toronto-e58b,-29,37,Normal
2026-02-15 16:32:05.416283,Toronto-e58b,33,71,Normal
2026-02-15 16:32:06.416283,Toronto-e58b,19,0,Normal
2026-02-15 16:32:07.416283,Toronto-e58b,-26,52,Normal
2026-02-15 16:32:08.416283,Toronto-e58b,-11,76,Normal
2026-02-15 16:32:09.416283,Toronto-e58b,37,9,Normal
2026-02-15 16:32:10.416283,Toronto-e58b,30,66,Normal
2026-02-15 16:32:11.416283,Toronto-e58b,-29,40,Normal
2026-02-15 16:32:12.416283,Toronto-e58b,0,60,Normal
2026-02-15 16:32:13.416283,Toronto-e58b,-11,28,Normal
2026-02-15 16:32:14.416283,Toronto-e58b,-30,35,Normal
2026-02-15 16:32:15.416283,Toronto-e58b,6,89,Normal
2026-02-15 16:32:16.416283,Toronto-e58b,-1,96,Normal
2026-02-15 16:32:17.416283,Toronto-e58b,0,49,Normal
2026-02-15 16:32:18.416283,Toronto-e58b,-21,71,Normal
2026-02-15 16:32:19.416283,Toronto-e58b,20,95,Normal
2026-02-15 16:32:20.416283,Toronto-e58b,24,81,Normal
2026-02-15 16:32:21.416283,Toronto-e58b,30,30,Normal
2026-02-15 16:32:22.416283,Toronto-e58b,-23,14,Normal
2026-02-15 16:32:23.416283,Toronto-e58b,14,36,Normal
2026-02-15 16:32:24.416283,Toronto-e58b,-7,19,Normal
2026-02-15 16:32:25.416283,Toronto-e58b,-27,53,Normal
2026-02-15 16:32:26.416283,Toronto-e58b,16,92,Normal
2026-02-15 16:32:27.416283,Toronto-e58b,28,32,Normal
2026-02-15 16:32:28.416283,Toronto-e58b,-29,60,Normal
2026-02-15 16:32:29.416283,Toronto-e58b,9,50,Normal
2026-02-15 16:32:30.416283,Toronto-e58b,-4,89,Normal
2026-02-15 16:32:31.416283,Toronto-e58b,-4,8,Normal
2026-02-15 16:32:32.416283,Toronto-e58b,-14,96,Normal
2026-02-15 16:32:33.416283,Toronto-e58b,24,2,Normal
2026-02-15 16:32:34.416283,Toronto-e58b,16,40,Normal
2026-02-15 16:32:35.416283,Toronto-e58b,36,65,Normal
2026-02-15 16:32:36.416283,Toronto-e58b,7,73,Normal
2026-02-15 16:32:37.416283,Toronto-e58b,24,61,Normal
2026-02-15 16:32:38.416283,Toronto-e58b,5,76,Normal
2026-02-15 16:32:39.416283,Toronto-e58b,40,87,Normal
2026-02-15 16:32:40.416283,Toronto-e58b,-1,66,Normal
2026-02-15 16:32:41.416283,Toronto-e58b,-13,80,Normal
2026-02-15 16:32:42.416283,Toronto-e58b,-4,65,Normal
2026-02-15 16:32:43.416283,Toronto-e58b,9,83,Normal
2026-02-15 16:32:44.416283,Toronto-e58b,-4,68,Normal
2026-02-15 16:32:45.416283,Toronto-e58b,0,79,Normal
2026-02-15 16:32:46.416283,Toronto-e58b,37,60,Normal
2026-02-15 16:32:47.416283,Toronto-e58b,35,4,Normal
2026-02-15 16:32:48.416283,Toronto-e58b,5,53,Normal
2026-02-15 16:32:49.416283,Toronto-e58b,22,69,Normal
2026-02-15 16:32:50.416283,Toronto-e58b,21,78,Normal
2026-02-15 16:32:51.416283,Toronto-e58b,13,98,Normal
2026-02-15 16:32:52.416283,Toronto-e58b,-4,41,Normal
2026-02-15 16:32:53.416283,Toronto-e58b,19,29,Normal
2026-02-15 16:32:54.416283,Toronto-e58b,-13,56,Normal
2026-02-15 16:32:55.416283,Toronto-e58b,-19,52,Normal
2026-02-15 16:32:56.416283,Toronto-e58b,-21,76,Normal
2026-02-15 16:32:57.416283,Toronto-e58b,-23,73,Normal
2026-02-15 16:32:58.416283,Toronto-e58b,-1,78,Normal
2026-02-15 16:32:59.416283,Toronto-e58b,-29,99,Normal
2026-02-15 16:33:00.416283,Toronto-e58b,0,16,Normal
2026-02-15 16:33:01.416283,Toronto-e58b,18,23,Normal
2026-02-15 16:33:02.416283,Toronto-e58b,49,67,Normal
2026-02-15 16:33:03.416283,Toronto-e58b,-24,50,Normal
2026-02-15 16:33:04.416283,Toronto-e58b,28,74,Normal
2026-02-15 16:33:05.416283,Toronto-e58b,0,41,Normal
2026-02-15 16:33:06.416283,Toronto-e58b,-29,3,Normal
2026-02-15 16:33:07.416283,Toronto-e58b,-26,48,Normal
2026-02-15 16:33:08.416283,Toronto-e58b,12,78,Normal
2026-02-15 16:33:09.416283,Toronto-e58b,7,70,Normal
2026-02-15 16:33:10.416283,Toronto-e58b,-29,86,Normal
2026-02-15 16:33:11.416283,Toronto-e58b,45,100,Normal
2026-02-15 16:33:12.416283,Toronto-e58b,38,99,Normal
2026-02-15 16:33:13.416283,Toronto-e58b,12,65,Normal
2026-02-15 16:33:14.416283,Toronto-e58b,19,91,Normal
2026-02-15 16:33:15.416283,Toronto-e58b,31,19,Normal
2026-02-15 16:33:16.416283,Toronto-e58b,26,75,Normal
2026-02-15 16:33:17.416283,Toronto-e58b,19,55,Normal
2026-02-15 16:33:18.416283,Toronto-e58b,-7,32,Normal
2026-02-15 16:33:19.416283,Toronto-e58b,10,65,Normal
2026-02-15 16:33:20.416283,Toronto-e58b,-18,28,Normal
2026-02-15 16:33:21.416283,Toronto-e58b,-4,90,Normal
2026-02-15 16:33:22.416283,Toronto-e58b,-30,56,Normal
2026-02-15 16:33:23.416283,Toronto-e58b,39,99,Normal
2026-02-15 16:33:24.416283,Toronto-e58b,-24,27,Normal
2026-02-15 16:33:25.416283,Toronto-e58b,1,52,Normal
2026-02-15 16:33:26.416283,Toronto-e58b,43,77,Normal
2026-02-15 16:33:27.416283,Toronto-e58b,-20,90,Normal
2026-02-15 16:33:28.416283,Toronto-e58b,-10,50,Normal
2026-02-15 16:33:29.416283,Toronto-e58b,-14,27,Normal
2026-02-15 16:33:30.416283,Toronto-e58b,38,77,Normal
2026-02-15 16:33:31.416283,Toronto-e58b,-2,61,Normal
2026-02-15 16:33:32.416283,Toronto-e58b,-19,83,Normal
2026-02-15 16:33:33.416283,Toronto-e58b,-8,77,Normal
2026-02-15 16:33:34.416283,Toronto-e58b,-22,55,Normal
2026-02-15 16:33:35.416283,Toronto-e58b,-6,85,Normal
2026-02-15 16:33:36.416283,Toronto-e58b,-14,93,Normal
2026-02-15 16:33:37.416283,Toronto-e58b,47,21,Normal
2026-02-15 16:33:38.416283,Toronto-e58b,30,90,Normal
2026-02-15 16:33:39.416283,Toronto-e58b,5,63,Normal
2026-02-15 16:33:40.416283,Toronto-e58b,42,77,Normal
2026-02-15 16:33:41.416283,Toronto-e58b,33,8,Normal
2026-02-15 16:33:42.416283,Toronto-e58b,43,73,Normal
2026-02-15 16:33:43.416283,Toronto-e58b,47,72,Normal
2026-02-15 16:33:44.416283,Toronto-e58b,29,67,Normal
2026-02-15 16:33:45.416283,Toronto-e58b,23,65,Normal
2026-02-15 16:33:46.416283,Toronto-e58b,31,73,Normal
2026-02-15 16:33:47.416283,Toronto-e58b,46,4,Normal
2026-02-15 16:33:48.416283,Toronto-e58b,19,74,Normal
2026-02-15 16:33:49.416283,Toronto-e58b,42,11,Normal
2026-02-15 16:33:50.416283,Toronto-e58b,12,23,Normal
2026-02-15 16:33:51.416283,Toronto-e58b,-5,75,Normal
2026-02-15 16:33:52.416283,Toronto-e58b,14,51,Normal
2026-02-15 16:33:53.416283,Toronto-e58b,39,33,Normal
2026-02-15 16:33:54.416283,Toronto-e58b,-17,23,Normal
2026-02-15 16:33:55.416283,Toronto-e58b,27,72,Normal
2026-02-15 16:33:56.416283,Toronto-e58b,-9,8,Normal
2026-02-15 16:33:57.416283,Toronto-e58b,14,83,Normal
2026-02-15 16:33:58.416283,Toronto-e58b,-21,93,Normal
2026-02-15 16:33:59.416283,Toronto-e58b,-29,81,Normal
2026-02-15 16:34:00.416283,Toronto-e58b,49,38,Normal
2026-02-15 16:34:01.416283,Toronto-e58b,-29,70,Normal
2026-02-15 16:34:02.416283,Toronto-e58b,35,66,Normal
2026-02-15 16:34:03.416283,Toronto-e58b,21,34,Normal
2026-02-15 16:34:04.416283,Toronto-e58b,-22,75,Normal
2026-02-15 16:34:05.416283,Toronto-e58b,7,0,Normal
2026-02-15 16:34:06.416283,Toronto-e58b,1,0,Normal
2026-02-15 16:34:07.416283,Toronto-e58b,-15,32,Normal
2026-02-15 16:34:08.416283,Toronto-e58b,15,59,Normal
2026-02-15 16:34:09.416283,Toronto-e58b,15,24,Normal
2026-02-15 16:34:10.416283,Toronto-e58b,-30,45,Normal
2026-02-15 16:34:11.416283,Toronto-e58b,26,97,Normal
2026-02-15 16:34:12.416283,Toronto-e58b,30,76,Normal
2026-02-15 16:34:13.416283,Toronto-e58b,-8,38,Normal
2026-02-15 16:34:14.416283,Toronto-e58b,50,45,Normal
2026-02-15 16:34:15.416283,Toronto-e58b,14,27,Normal
2026-02-15 16:34:16.416283,Toronto-e58b,41,60,Normal
2026-02-15 16:34:17.416283,Toronto-e58b,5,21,Normal
2026-02-15 16:34:18.416283,Toronto-e58b,14,8,Normal
2026-02-15 16:34:19.416283,Toronto-e58b,-10,12,Normal
2026-02-15 16:34:20.416283,Toronto-e58b,-24,40,Normal
2026-02-15 16:34:21.416283,Toronto-e58b,7,43,Normal
2026-02-15 16:34:22.416283,Toronto-e58b,-28,54,Normal
2026-02-15 16:34:23.416283,Toronto-e58b,49,15,Normal
2026-02-15 16:34:24.416283,Toronto-e58b,-21,17,Normal
2026-02-15 16:34:25.416283,Toronto-e58b,-9,83,Normal
2026-02-15 16:34:26.416283,Toronto-e58b,35,75,Normal
2026-02-15 16:34:27.416283,Toronto-e58b,-3,36,Normal
2026-02-15 16:34:28.416283,Toronto-e58b,21,75,Normal
2026-02-15 16:34:29.416283,Toronto-e58b,34,39,Normal
2026-02-15 16:34:30.416283,Toronto-e58b,-12,30,Normal
2026-02-15 16:34:31.416283,Toronto-e58b,13,51,Normal
2026-02-15 16:34:32.416283,Toronto-e58b,8,44,Normal
2026-02-15 16:34:33.416283,Toronto-e58b,29,90,Normal
2026-02-15 16:34:34.416283,Toronto-e58b,0,38,Normal
2026-02-15 16:34:35.416283,Toronto-e58b,19,75,Normal
2026-02-15 16:34:36.416283,Toronto-e58b,21,70,Normal
2026-02-15 16:34:37.416283,Toronto-e58b,-4,99,Normal
2026-02-15 16:34:38.416283,Toronto-e58b,2,67,Normal
2026-02-15 16:34:39.416283,Toronto-e58b,21,52,Normal
2026-02-15 16:34:40.416283,Toronto-e58b,35,35,Normal
2026-02-15 16:34:41.416283,Toronto-e58b,17,65,Normal
2026-02-15 16:34:42.416283,Toronto-e58b,-11,50,Normal
2026-02-15 16:34:43.416283,Toronto-e58b,-13,90,Normal
2026-02-15 16:34:44.416283,Toronto-e58b,-26,72,Normal
2026-02-15 16:34:45.416283,Toronto-e58b,37,83,Normal
2026-02-15 16:34:46.416283,Toronto-e58b,3,28,Normal
2026-02-15 16:34:47.416283,Toronto-e58b,-26,43,Normal
2026-02-15 16:34:48.416283,Toronto-e58b,13,0,Normal
2026-02-15 16:34:49.416283,Toronto-e58b,-5,23,Normal
2026-02-15 16:34:50.416283,Toronto-e58b,27,49,Normal
2026-02-15 16:34:51.416283,Toronto-e58b,17,52,Normal
2026-02-15 16:34:52.416283,Toronto-e58b,-8,9,Normal
2026-02-15 16:34:53.416283,Toronto-e58b,25,16,Normal
2026-02-15 16:34:54.416283,Toronto-e58b,28,86,Normal
2026-02-15 16:34:55.416283,Toronto-e58b,11,33,Normal
2026-02-15 16:34:56.416283,Toronto-e58b,32,45,Normal
2026-02-15 16:34:57.416283,Toronto-e58b,18,5,Normal
2026-02-15 16:34:58.416283,Toronto-e58b,1,39,Normal
2026-02-15 16:34:59.416283,Toronto-e58b,18,85,Normal
2026-02-15 16:35:00.416283,Toronto-e58b,26,47,Normal
2026-02-15 16:35:01.416283,Toronto-e58b,19,2,Normal
2026-02-15 16:35:02.416283,Toronto-e58b,50,71,Normal
2026-02-15 16:35:03.416283,Toronto-e58b,16,44,Normal
2026-02-15 16:35:04.416283,Toronto-e58b,29,38,Normal
2026-02-15 16:35:05.416283,Toronto-e58b,-26,17,Normal
2026-02-15 16:35:06.416283,Toronto-e58b,17,64,Normal
2026-02-15 16:35:07.416283,Toronto-e58b,-20,43,Normal
2026-02-15 16:35:08.416283,Toronto-e58b,-7,74,Normal
2026-02-15 16:35:09.416283,Toronto-e58b,-28,56,Normal
2026-02-15 16:35:10.416283,Toronto-e58b,34,41,Normal
2026-02-15 16:35:11.416283,Toronto-e58b,-18,4,Normal
2026-02-15 16:35:12.416283,Toronto-e58b,31,17,Normal
2026-02-15 16:35:13.416283,Toronto-e58b,-18,24,Normal
2026-02-15 16:35:14.416283,Toronto-e58b,3,22,Normal
2026-02-15 16:35:15.416283,Toronto-e58b,20,18,Normal
2026-02-15 16:35:16.416283,Toronto-e58b,-27,100,Normal
2026-02-15 16:35:17.416283,Toronto-e58b,-26,75,Normal
2026-02-15 16:35:18.416283,Toronto-e58b,-13,90,Normal
2026-02-15 16:35:19.416283,Toronto-e58b,-15,28,Normal
2026-02-15 16:35:20.416283,Toronto-e58b,6,8,Normal
2026-02-15 16:35:21.416283,Toronto-e58b,50,60,Normal
2026-02-15 16:35:22.416283,Toronto-e58b,22,60,Normal
2026-02-15 16:35:23.416283,Toronto-e58b,34,21,Normal
2026-02-15 16:35:24.416283,Toronto-e58b,-1,49,Normal
2026-02-15 16:35:25.416283,Toronto-e58b,-18,86,Normal
2026-02-15 16:35:26.416283,Toronto-e58b,-2,11,Normal
2026-02-15 16:35:27.416283,Toronto-e58b,-26,82,Normal
2026-02-15 16:35:28.416283,Toronto-e58b,-27,3,Normal
2026-02-15 16:35:29.416283,Toronto-e58b,-15,44,Normal
2026-02-15 16:35:30.416283,Toronto-e58b,3,21,Normal
2026-02-15 16:35:31.416283,Toronto-e58b,25,20,Normal
2026-02-15 16:35:32.416283,Toronto-e58b,-26,6,Normal
2026-02-15 16:35:33.416283,Toronto-e58b,-7,99,Normal
2026-02-15 16:35:34.416283,Toronto-e58b,-19,94,Normal
2026-02-15 16:35:35.416283,Toronto-e58b,2,32,Normal
2026-02-15 16:35:36.416283,Toronto-e58b,-6,6,Normal
2026-02-15 16:35:37.416283,Toronto-e58b,37,60,Normal
2026-02-15 16:35:38.416283,Toronto-e58b,44,66,Normal
2026-02-15 16:35:39.416283,Toronto-e58b,-13,96,Normal
2026-02-15 16:35:40.416283,Toronto-e58b,33,58,Normal
2026-02-15 16:35:41.416283,Toronto-e58b,28,12,Normal
2026-02-15 16:35:42.416283,Toronto-e58b,-22,69,Normal
2026-02-15 16:35:43.416283,Toronto-e58b,-22,88,Normal
2026-02-15 16:35:44.416283,Toronto-e58b,18,1,Normal
2026-02-15 16:35:45.416283,Toronto-e58b,47,65,Normal
2026-02-15 16:35:46.416283,Toronto-e58b,14,37,Normal
2026-02-15 16:35:47.416283,Toronto-e58b,-2,48,Normal
2026-02-15 16:35:48.416283,Toronto-e58b,-25,22,Normal
2026-02-15 16:35:49.416283,Toronto-e58b,15,7,Normal
2026-02-15 16:35:50.416283,Toronto-e58b,1,60,Normal
2026-02-15 16:35:51.416283,Toronto-e58b,36,39,Normal
2026-02-15 16:35:52.416283,Toronto-e58b,-19,48,Normal
2026-02-15 16:35:53.416283,Toronto-e58b,42,92,Normal
2026-02-15 16:35:54.416283,Toronto-e58b,18,63,Normal
2026-02-15 16:35:55.416283,Toronto-e58b,8,29,Normal
2026-02-15 16:35:56.416283,Toronto-e58b,49,10,Normal
2026-02-15 16:35:57.416283,Toronto-e58b,9,18,Normal
2026-02-15 16:35:58.416283,Toronto-e58b,15,95,Normal
2026-02-15 16:35:59.416283,Toronto-e58b,-1,26,Normal
2026-02-15 16:36:00.416283,Toronto-e58b,1,77,Normal
2026-02-15 16:36:01.416283,Toronto-e58b,12,41,Normal
2026-02-15 16:36:02.416283,Toronto-e58b,-24,72,Normal
2026-02-15 16:36:03.416283,Toronto-e58b,-12,7,Normal
2026-02-15 16:36:04.416283,Toronto-e58b,17,30,Normal
2026-02-15 16:36:05.416283,Toronto-e58b,11,54,Normal
2026-02-15 16:36:06.416283,Toronto-e58b,-28,48,Normal
2026-02-15 16:36:07.416283,Toronto-e58b,8,98,Normal
2026-02-15 16:36:08.416283,Toronto-e58b,-13,25,Normal
2026-02-15 16:36:09.416283,Toronto-e58b,3,64,Normal
2026-02-15 16:36:10.416283,Toronto-e58b,-17,26,Normal
2026-02-15 16:36:11.416283,Toronto-e58b,-26,42,Normal
2026-02-15 16:36:12.416283,Toronto-e58b,9,24,Normal
2026-02-15 16:36:13.416283,Toronto-e58b,22,84,Normal
2026-02-15 16:36:14.416283,Toronto-e58b,33,91,Normal
2026-02-15 16:36:15.416283,Toronto-e58b,-27,100,Normal
2026-02-15 16:36:16.416283,Toronto-e58b,42,22,Normal
2026-02-15 16:36:17.416283,Toronto-e58b,4,26,Normal
2026-02-15 16:36:18.416283,Toronto-e58b,30,36,Normal
2026-02-15 16:36:19.416283,Toronto-e58b,-11,3,Normal
2026-02-15 16:36:20.416283,Toronto-e58b,20,97,Normal
2026-02-15 16:36:21.416283,Toronto-e58b,15,14,Normal
2026-02-15 16:36:22.416283,Toronto-e58b,-11,31,Normal
2026-02-15 16:36:23.416283,Toronto-e58b,19,25,Normal
2026-02-15 16:36:24.416283,Toronto-e58b,32,63,Normal
2026-02-15 16:36:25.416283,Toronto-e58b,12,72,Normal
2026-02-15 16:36:26.416283,Toronto-e58b,-3,56,Normal
2026-02-15 16:36:27.416283,Toronto-e58b,28,71,Normal
2026-02-15 16:36:28.416283,Toronto-e58b,-7,59,Normal
2026-02-15 16:36:29.416283,Toronto-e58b,4,84,Normal
2026-02-15 16:36:30.416283,Toronto-e58b,-17,55,Normal
2026-02-15 16:36:31.416283,Toronto-e58b,-1,69,Normal
2026-02-15 16:36:32.416283,Toronto-e58b,-24,80,Normal
2026-02-15 16:36:33.416283,Toronto-e58b,29,79,Normal
2026-02-15 16:36:34.416283,Toronto-e58b,38,44,Normal
2026-02-15 16:36:35.416283,Toronto-e58b,27,37,Normal
2026-02-15 16:36:36.416283,Toronto-e58b,44,22,Normal
2026-02-15 16:36:37.416283,Toronto-e58b,-25,48,Normal
2026-02-15 16:36:38.416283,Toronto-e58b,-8,11,Normal
2026-02-15 16:36:39.416283,Toronto-e58b,-26,17,Normal
2026-02-15 16:36:40.416283,Toronto-e58b,13,4,Normal
2026-02-15 16:36:41.416283,Toronto-e58b,35,49,Normal
2026-02-15 16:36:42.416283,Toronto-e58b,0,18,Normal
2026-02-15 16:36:43.416283,Toronto-e58b,38,7,Normal
2026-02-15 16:36:44.416283,Toronto-e58b,-4,36,Normal
2026-02-15 16:36:45.416283,Toronto-e58b,25,8,Normal
2026-02-15 16:36:46.416283,Toronto-e58b,25,21,Normal
2026-02-15 16:36:47.416283,Toronto-e58b,9,33,Normal
2026-02-15 16:36:48.416283,Toronto-e58b,17,22,Normal
2026-02-15 16:36:49.416283,Toronto-e58b,-2,39,Normal
2026-02-15 16:36:50.416283,Toronto-e58b,7,41,Normal
2026-02-15 16:36:51.416283,Toronto-e58b,-6,1,Normal
2026-02-15 16:36:52.416283,Toronto-e58b,38,34,Normal
2026-02-15 16:36:53.416283,Toronto-e58b,40,26,Normal
2026-02-15 16:36:54.416283,Toronto-e58b,1,96,Normal
2026-02-15 16:36:55.416283,Toronto-e58b,45,49,Normal
2026-02-15 16:36:56.416283,Toronto-e58b,49,57,Normal
2026-02-15 16:36:57.416283,Toronto-e58b,28,49,Normal
2026-02-15 16:36:58.416283,Toronto-e58b,-26,78,Normal
2026-02-15 16:36:59.416283,Toronto-e58b,21,46,Normal
2026-02-15 16:37:00.416283,Toronto-e58b,41,15,Normal
2026-02-15 16:37:01.416283,Toronto-e58b,40,72,Normal
2026-02-15 16:37:02.416283,Toronto-e58b,-1,70,Normal
2026-02-15 16:37:03.416283,Toronto-e58b,-27,70,Normal
2026-02-15 16:37:04.416283,Toronto-e58b,46,0,Normal
2026-02-15 16:37:05.416283,Toronto-e58b,29,100,Normal
2026-02-15 16:37:06.416283,Toronto-e58b,33,85,Normal
2026-02-15 16:37:07.416283,Toronto-e58b,44,69,Normal
2026-02-15 16:37:08.416283,Toronto-e58b,23,10,Normal
2026-02-15 16:37:09.416283,Toronto-e58b,30,94,Normal
2026-02-15 16:37:10.416283,Toronto-e58b,-12,66,Normal
2026-02-15 16:37:11.416283,Toronto-e58b,29,89,Normal
2026-02-15 16:37:12.416283,Toronto-e58b,14,86,Normal
2026-02-15 16:37:13.416283,Toronto-e58b,24,42,Normal
2026-02-15 16:37:14.416283,Toronto-e58b,41,89,Normal
2026-02-15 16:37:15.416283,Toronto-e58b,-26,47,Normal
2026-02-15 16:37:16.416283,Toronto-e58b,35,35,Normal
2026-02-15 16:37:17.416283,Toronto-e58b,43,47,Normal
2026-02-15 16:37:18.416283,Toronto-e58b,1,23,Normal
2026-02-15 16:37:19.416283,Toronto-e58b,41,58,Normal
2026-02-15 16:37:20.416283,Toronto-e58b,-14,10,Normal
2026-02-15 16:37:21.416283,Toronto-e58b,-25,70,Normal
2026-02-15 16:37:22.416283,Toronto-e58b,48,18,Normal
2026-02-15 16:37:23.416283,Toronto-e58b,10,52,Normal
2026-02-15 16:37:24.416283,Toronto-e58b,24,71,Normal
2026-02-15 16:37:25.416283,Toronto-e58b,41,97,Normal
2026-02-15 16:37:26.416283,Toronto-e58b,34,37,Normal
2026-02-15 16:37:27.416283,Toronto-e58b,32,60,Normal
2026-02-15 16:37:28.416283,Toronto-e58b,-20,58,Normal
2026-02-15 16:37:29.416283,Toronto-e58b,-18,51,Normal
2026-02-15 16:37:30.416283,Toronto-e58b,-18,54,Normal
2026-02-15 16:37:31.416283,Toronto-e58b,41,49,Normal
2026-02-15 16:37:32.416283,Toronto-e58b,-9,29,Normal
2026-02-15 16:37:33.416283,Toronto-e58b,50,57,Normal
2026-02-15 16:37:34.416283,Toronto-e58b,-30,6,Normal
2026-02-15 16:37:35.416283,Toronto-e58b,-11,18,Normal
2026-02-15 16:37:36.416283,Toronto-e58b,1,91,Normal
2026-02-15 16:37:37.416283,Toronto-e58b,6,90,Normal
2026-02-15 16:37:38.416283,Toronto-e58b,-29,30,Normal
2026-02-15 16:37:39.416283,Toronto-e58b,21,67,Normal
2026-02-15 16:37:40.416283,Toronto-e58b,13,93,Normal
2026-02-15 16:37:41.416283,Toronto-e58b,-22,35,Normal
2026-02-15 16:37:42.416283,Toronto-e58b,24,90,Normal
2026-02-15 16:37:43.416283,Toronto-e58b,31,16,Normal
2026-02-15 16:37:44.416283,Toronto-e58b,8,46,Normal
2026-02-15 16:37:45.416283,Toronto-e58b,-19,98,Normal
2026-02-15 16:37:46.416283,Toronto-e58b,20,19,Normal
2026-02-15 16:37:47.416283,Toronto-e58b,-1,97,Normal
2026-02-15 16:37:48.416283,Toronto-e58b,37,27,Normal
2026-02-15 16:37:49.416283,Toronto-e58b,31,55,Normal
2026-02-15 16:37:50.416283,Toronto-e58b,-6,27,Normal
2026-02-15 16:37:51.416283,Toronto-e58b,6,13,Normal
2026-02-15 16:37:52.416283,Toronto-e58b,36,27,Normal
2026-02-15 16:37:53.416283,Toronto-e58b,1,7,Normal
2026-02-15 16:37:54.416283,Toronto-e58b,29,31,Normal
2026-02-15 16:37:55.416283,Toronto-e58b,35,72,Normal
2026-02-15 16:37:56.416283,Toronto-e58b,-21,69,Normal
2026-02-15 16:37:57.416283,Toronto-e58b,42,22,Normal
2026-02-15 16:37:58.416283,Toronto-e58b,22,65,Normal
2026-02-15 16:37:59.416283,Toronto-e58b,-7,14,Normal
2026-02-15 16:38:00.416283,Toronto-e58b,-19,49,Normal
2026-02-15 16:38:01.416283,Toronto-e58b,1,20,Normal
2026-02-15 16:38:02.416283,Toronto-e58b,-9,70,Normal
2026-02-15 16:38:03.416283,Toronto-e58b,45,13,Normal
2026-02-15 16:38:04.416283,Toronto-e58b,42,35,Normal
2026-02-15 16:38:05.416283,Toronto-e58b,-21,4,Normal
2026-02-15 16:38:06.416283,Toronto-e58b,17,57,Normal
2026-02-15 16:38:07.416283,Toronto-e58b,43,19,Normal
2026-02-15 16:38:08.416283,Toronto-e58b,-15,64,Normal
2026-02-15 16:38:09.416283,Toronto-e58b,41,75,Normal
2026-02-15 16:38:10.416283,Toronto-e58b,-7,82,Normal
2026-02-15 16:38:11.416283,Toronto-e58b,14,46,Normal
2026-02-15 16:38:12.416283,Toronto-e58b,50,58,Normal
2026-02-15 16:38:13.416283,Toronto-e58b,4,79,Normal
2026-02-15 16:38:14.416283,Toronto-e58b,11,41,Normal
2026-02-15 16:38:15.416283,Toronto-e58b,19,34,Normal
2026-02-15 16:38:16.416283,Toronto-e58b,-30,23,Normal
2026-02-15 16:38:17.416283,Toronto-e58b,19,68,Normal
2026-02-15 16:38:18.416283,Toronto-e58b,21,14,Normal
2026-02-15 16:38:19.416283,Toronto-e58b,34,41,Normal
2026-02-15 16:38:20.416283,Toronto-e58b,29,47,Normal
2026-02-15 16:38:21.416283,Toronto-e58b,30,61,Normal
2026-02-15 16:38:22.416283,Toronto-e58b,26,61,Normal
2026-02-15 16:38:23.416283,Toronto-e58b,29,64,Normal
2026-02-15 16:38:24.416283,Toronto-e58b,42,34,Normal
2026-02-15 16:38:25.416283,Toronto-e58b,0,16,Normal
2026-02-15 16:38:26.416283,Toronto-e58b,15,67,Normal
2026-02-15 16:38:27.416283,Toronto-e58b,16,39,Normal
2026-02-15 16:38:28.416283,Toronto-e58b,4,46,Normal
2026-02-15 16:38:29.416283,Toronto-e58b,43,1,Normal
2026-02-15 16:38:30.416283,Toronto-e58b,42,47,Normal
2026-02-15 16:38:31.416283,Toronto-e58b,40,7,Normal
2026-02-15 16:38:32.416283,Toronto-e58b,48,33,Normal
2026-02-15 16:38:33.416283,Toronto-e58b,43,90,Normal
2026-02-15 16:38:34.416283,Toronto-e58b,-9,67,Normal
2026-02-15 16:38:35.416283,Toronto-e58b,23,20,Normal
2026-02-15 16:38:36.416283,Toronto-e58b,-9,37,Normal
2026-02-15 16:38:37.416283,Toronto-e58b,27,13,Normal
2026-02-15 16:38:38.416283,Toronto-e58b,23,51,Normal
2026-02-15 16:38:39.416283,Toronto-e58b,4,58,Normal
2026-02-15 16:38:40.416283,Toronto-e58b,-28,59,Normal
2026-02-15 16:38:41.416283,Toronto-e58b,6,18,Normal
2026-02-15 16:38:42.416283,Toronto-e58b,-1,77,Normal
2026-02-15 16:38:43.416283,Toronto-e58b,34,68,Normal
2026-02-15 16:38:44.416283,Toronto-e58b,-13,98,Normal
2026-02-15 16:38:45.416283,Toronto-e58b,37,99,Normal
2026-02-15 16:38:46.416283,Toronto-e58b,30,43,Normal
2026-02-15 16:38:47.416283,Toronto-e58b,1,18,Normal
2026-02-15 16:38:48.416283,Toronto-e58b,-20,57,Normal
2026-02-15 16:38:49.416283,Toronto-e58b,12,64,Normal
2026-02-15 16:38:50.416283,Toronto-e58b,18,3,Normal
2026-02-15 16:38:51.416283,Toronto-e58b,49,5,Normal
2026-02-15 16:38:52.416283,Toronto-e58b,45,53,Normal
2026-02-15 16:38:53.416283,Toronto-e58b,33,53,Normal
2026-02-15 16:38:54.416283,Toronto-e58b,16,82,Normal
2026-02-15 16:38:55.416283,Toronto-e58b,-6,46,Normal
2026-02-15 16:38:56.416283,Toronto-e58b,-27,64,Normal
2026-02-15 16:38:57.416283,Toronto-e58b,-30,81,Normal
2026-02-15 16:38:58.416283,Toronto-e58b,50,84,Normal
2026-02-15 16:38:59.416283,Toronto-e58b,46,1,Normal
2026-02-15 16:39:00.416283,Toronto-e58b,-3,24,Normal
2026-02-15 16:39:01.416283,Toronto-e58b,47,26,Normal
2026-02-15 16:39:02.416283,Toronto-e58b,38,96,Normal
2026-02-15 16:39:03.416283,Toronto-e58b,-4,34,Normal
2026-02-15 16:39:04.416283,Toronto-e58b,-22,73,Normal
2026-02-15 16:39:05.416283,Toronto-e58b,-23,18,Normal
2026-02-15 16:39:06.416283,Toronto-e58b,-22,38,Normal
2026-02-15 16:39:07.416283,Toronto-e58b,29,43,Normal
2026-02-15 16:39:08.416283,Toronto-e58b,-14,19,Normal
2026-02-15 16:39:09.416283,Toronto-e58b,31,78,Normal
2026-02-15 16:39:10.416283,Toronto-e58b,48,82,Normal
2026-02-15 16:39:11.416283,Toronto-e58b,9,67,Normal
2026-02-15 16:39:12.416283,Toronto-e58b,-4,85,Normal
2026-02-15 16:39:13.416283,Toronto-e58b,24,42,Normal
2026-02-15 16:39:14.416283,Toronto-e58b,-3,53,Normal
2026-02-15 16:39:15.416283,Toronto-e58b,49,94,Normal
2026-02-15 16:39:16.416283,Toronto-e58b,-17,19,Normal
2026-02-15 16:39:17.416283,Toronto-e58b,47,91,Normal
2026-02-15 16:39:18.416283,Toronto-e58b,13,7,Normal
2026-02-15 16:39:19.416283,Toronto-e58b,44,74,Normal
2026-02-15 16:39:20.416283,Toronto-e58b,41,56,Normal
2026-02-15 16:39:21.416283,Toronto-e58b,-11,53,Normal
2026-02-15 16:39:22.416283,Toronto-e58b,5,12,Normal
2026-02-15 16:39:23.416283,Toronto-e58b,-13,72,Normal
2026-02-15 16:39:24.416283,Toronto-e58b,18,11,Normal
2026-02-15 16:39:25.416283,Toronto-e58b,9,24,Normal
2026-02-15 16:39:26.416283,Toronto-e58b,7,96,Normal
2026-02-15 16:39:27.416283,Toronto-e58b,-13,75,Normal
2026-02-15 16:39:28.416283,Toronto-e58b,31,57,Normal
2026-02-15 16:39:29.416283,Toronto-e58b,38,9,Normal
2026-02-15 16:39:30.416283,Toronto-e58b,-26,73,Normal
2026-02-15 16:39:31.416283,Toronto-e58b,7,43,Normal
2026-02-15 16:39:32.416283,Toronto-e58b,45,58,Normal
2026-02-15 16:39:33.416283,Toronto-e58b,5,73,Normal
2026-02-15 16:39:34.416283,Toronto-e58b,17,77,Normal
2026-02-15 16:39:35.416283,Toronto-e58b,-1,72,Normal
2026-02-15 16:39:36.416283,Toronto-e58b,49,48,Normal
2026-02-15 16:39:37.416283,Toronto-e58b,-5,60,Normal
2026-02-15 16:39:38.416283,Toronto-e58b,23,92,Normal
2026-02-15 16:39:39.416283,Toronto-e58b,37,94,Normal
2026-02-15 16:39:40.416283,Toronto-e58b,-19,19,Normal
2026-02-15 16:39:41.416283,Toronto-e58b,-25,93,Normal
2026-02-15 16:39:42.416283,Toronto-e58b,-15,2,Normal
2026-02-15 16:39:43.416283,Toronto-e58b,-23,59,Normal
2026-02-15 16:39:44.416283,Toronto-e58b,35,51,Normal
2026-02-15 16:39:45.416283,Toronto-e58b,-24,97,Normal
2026-02-15 16:39:46.416283,Toronto-e58b,47,33,Normal
2026-02-15 16:39:47.416283,Toronto-e58b,1,59,Normal
2026-02-15 16:39:48.416283,Toronto-e58b,28,91,Normal
2026-02-15 16:39:49.416283,Toronto-e58b,-7,99,Normal
2026-02-15 16:39:50.416283,Toronto-e58b,6,86,Normal
2026-02-15 16:39:51.416283,Toronto-e58b,33,42,Normal
2026-02-15 16:39:52.416283,Toronto-e58b,29,91,Normal
2026-02-15 16:39:53.416283,Toronto-e58b,17,5,Normal
2026-02-15 16:39:54.416283,Toronto-e58b,24,67,Normal
2026-02-15 16:39:55.416283,Toronto-e58b,32,53,Normal
2026-02-15 16:39:56.416283,Toronto-e58b,30,3,Normal
2026-02-15 16:39:57.416283,Toronto-e58b,-20,96,Normal
2026-02-15 16:39:58.416283,Toronto-e58b,-2,30,Normal
2026-02-15 16:39:59.416283,Toronto-e58b,7,69,Normal
2026-02-15 16:40:00.416283,Toronto-e58b,-19,42,Normal
2026-02-15 16:40:01.416283,Toronto-e58b,39,96,Normal
2026-02-15 16:40:02.416283,Toronto-e58b,11,12,Normal
2026-02-15 16:40:03.416283,Toronto-e58b,39,13,Normal
2026-02-15 16:40:04.416283,Toronto-e58b,5,20,Normal
2026-02-15 16:40:05.416283,Toronto-e58b,46,41,Normal
2026-02-15 16:40:06.416283,Toronto-e58b,12,27,Normal
2026-02-15 16:40:07.416283,Toronto-e58b,-7,89,Normal
2026-02-15 16:40:08.416283,Toronto-e58b,10,13,Normal
2026-02-15 16:40:09.416283,Toronto-e58b,48,76,Normal
2026-02-15 16:40:10.416283,Toronto-e58b,32,51,Normal
2026-02-15 16:40:11.416283,Toronto-e58b,28,71,Normal
2026-02-15 16:40:12.416283,Toronto-e58b,47,81,Normal
2026-02-15 16:40:13.416283,Toronto-e58b,33,8,Normal
2026-02-15 16:40:14.416283,Toronto-e58b,-5,38,Normal
2026-02-15 16:40:15.416283,Toronto-e58b,3,53,Normal
2026-02-15 16:40:16.416283,Toronto-e58b,5,18,Normal
2026-02-15 16:40:17.416283,Toronto-e58b,-9,28,Normal
2026-02-15 16:40:18.416283,Toronto-e58b,-13,84,Normal
2026-02-15 16:40:19.416283,Toronto-e58b,12,5,Normal
2026-02-15 16:40:20.416283,Toronto-e58b,48,62,Normal
2026-02-15 16:40:21.416283,Toronto-e58b,22,49,Normal
2026-02-15 16:40:22.416283,Toronto-e58b,-27,24,Normal
2026-02-15 16:40:23.416283,Toronto-e58b,-26,92,Normal
2026-02-15 16:40:24.416283,Toronto-e58b,18,10,Normal
2026-02-15 16:40:25.416283,Toronto-e58b,6,5,Normal
2026-02-15 16:40:26.416283,Toronto-e58b,30,1,Normal
2026-02-15 16:40:27.416283,Toronto-e58b,-21,77,Normal
2026-02-15 16:40:28.416283,Toronto-e58b,37,28,Normal
2026-02-15 16:40:29.416283,Toronto-e58b,16,58,Normal
2026-02-15 16:40:30.416283,Toronto-e58b,24,80,Normal
2026-02-15 16:40:31.416283,Toronto-e58b,-17,48,Normal
2026-02-15 16:40:32.416283,Toronto-e58b,7,18,Normal
2026-02-15 16:40:33.416283,Toronto-e58b,9,3,Normal
2026-02-15 16:40:34.416283,Toronto-e58b,29,63,Normal
2026-02-15 16:40:35.416283,Toronto-e58b,-10,67,Normal
2026-02-15 16:40:36.416283,Toronto-e58b,47,35,Normal
2026-02-15 16:40:37.416283,Toronto-e58b,-1,15,Normal
2026-02-15 16:40:38.416283,Toronto-e58b,5,97,Normal
2026-02-15 16:40:39.416283,Toronto-e58b,-20,54,Normal
2026-02-15 16:40:40.416283,Toronto-e58b,2,18,Normal
2026-02-15 16:40:41.416283,Toronto-e58b,9,97,Normal
2026-02-15 16:40:42.416283,Toronto-e58b,-30,60,Normal
2026-02-15 16:40:43.416283,Toronto-e58b,18,30,Normal
2026-02-15 16:40:44.416283,Toronto-e58b,14,65,Normal
2026-02-15 16:40:45.416283,Toronto-e58b,-27,100,Normal
2026-02-15 16:40:46.416283,Toronto-e58b,49,20,Normal
2026-02-15 16:40:47.416283,Toronto-e58b,-20,29,Normal
2026-02-15 16:40:48.416283,Toronto-e58b,20,26,Normal
2026-02-15 16:40:49.416283,Toronto-e58b,-3,41,Normal
2026-02-15 16:40:50.416283,Toronto-e58b,13,57,Normal
2026-02-15 16:40:51.416283,Toronto-e58b,-2,0,Normal
2026-02-15 16:40:52.416283,Toronto-e58b,36,79,Normal
2026-02-15 16:40:53.416283,Toronto-e58b,-28,2,Normal
2026-02-15 16:40:54.416283,Toronto-e58b,47,70,Normal
2026-02-15 16:40:55.416283,Toronto-e58b,21,45,Normal
2026-02-15 16:40:56.416283,Toronto-e58b,-15,68,Normal
2026-02-15 16:40:57.416283,Toronto-e58b,22,79,Normal
2026-02-15 16:40:58.416283,Toronto-e58b,-25,89,Normal
2026-02-15 16:40:59.416283,Toronto-e58b,40,2,Normal
2026-02-15 16:41:00.416283,Toronto-e58b,-29,21,Normal
2026-02-15 16:41:01.416283,Toronto-e58b,10,37,Normal
2026-02-15 16:41:02.416283,Toronto-e58b,43,72,Normal
2026-02-15 16:41:03.416283,Toronto-e58b,40,46,Normal
2026-02-15 16:41:04.416283,Toronto-e58b,3,71,Normal
2026-02-15 16:41:05.416283,Toronto-e58b,41,18,Normal
2026-02-15 16:41:06.416283,Toronto-e58b,-11,24,Normal
2026-02-15 16:41:07.416283,Toronto-e58b,31,59,Normal
2026-02-15 16:41:08.416283,Toronto-e58b,-1,35,Normal
2026-02-15 16:41:09.416283,Toronto-e58b,29,68,Normal
2026-02-15 16:41:10.416283,Toronto-e58b,19,40,Normal
2026-02-15 16:41:11.416283,Toronto-e58b,-14,75,Normal
2026-02-15 16:41:12.416283,Toronto-e58b,-24,91,Normal
2026-02-15 16:41:13.416283,Toronto-e58b,-20,34,Normal
2026-02-15 16:41:14.416283,Toronto-e58b,-3,99,Normal
2026-02-15 16:41:15.416283,Toronto-e58b,12,2,Normal
2026-02-15 16:41:16.416283,Toronto-e58b,50,47,Normal
2026-02-15 16:41:17.416283,Toronto-e58b,44,24,Normal
2026-02-15 16:41:18.416283,Toronto-e58b,-22,4,Normal
2026-02-15 16:41:19.416283,Toronto-e58b,3,1,Normal
2026-02-15 16:41:20.416283,Toronto-e58b,17,46,Normal
2026-02-15 16:41:21.416283,Toronto-e58b,49,32,Normal
2026-02-15 16:41:22.416283,Toronto-e58b,-21,67,Normal
2026-02-15 16:41:23.416283,Toronto-e58b,33,47,Normal
2026-02-15 16:41:24.416283,Toronto-e58b,20,4,Normal
2026-02-15 16:41:25.416283,Toronto-e58b,-19,37,Normal
2026-02-15 16:41:26.416283,Toronto-e58b,29,7,Normal
2026-02-15 16:41:27.416283,Toronto-e58b,28,38,Normal
2026-02-15 16:41:28.416283,Toronto-e58b,-6,65,Normal
2026-02-15 16:41:29.416283,Toronto-e58b,7,85,Normal
2026-02-15 16:41:30.416283,Toronto-e58b,31,1,Normal
2026-02-15 16:41:31.416283,Toronto-e58b,13,79,Normal
2026-02-15 16:41:32.416283,Toronto-e58b,-17,28,Normal
2026-02-15 16:41:33.416283,Toronto-e58b,18,90,Normal
2026-02-15 16:41:34.416283,Toronto-e58b,35,77,Normal
2026-02-15 16:41:35.416283,Toronto-e58b,-3,98,Normal
2026-02-15 16:41:36.416283,Toronto-e58b,9,54,Normal
2026-02-15 16:41:37.416283,Toronto-e58b,31,22,Normal
2026-02-15 16:41:38.416283,Toronto-e58b,-4,98,Normal
2026-02-15 16:41:39.416283,Toronto-e58b,1,50,Normal
2026-02-15 16:41:40.416283,Toronto-e58b,29,22,Normal
2026-02-15 16:41:41.416283,Toronto-e58b,28,46,Normal
2026-02-15 16:41:42.416283,Toronto-e58b,-7,3,Normal
2026-02-15 16:41:43.416283,Toronto-e58b,-3,84,Normal
2026-02-15 16:41:44.416283,Toronto-e58b,-27,84,Normal
2026-02-15 16:41:45.416283,Toronto-e58b,47,48,Normal
2026-02-15 16:41:46.416283,Toronto-e58b,20,65,Normal
2026-02-15 16:41:47.416283,Toronto-e58b,24,2,Normal
2026-02-15 16:41:48.416283,Toronto-e58b,-21,13,Normal
2026-02-15 16:41:49.416283,Toronto-e58b,49,98,Normal
2026-02-15 16:41:50.416283,Toronto-e58b,25,95,Normal
2026-02-15 16:41:51.416283,Toronto-e58b,46,99,Normal
2026-02-15 16:41:52.416283,Toronto-e58b,16,63,Normal
2026-02-15 16:41:53.416283,Toronto-e58b,5,86,Normal
2026-02-15 16:41:54.416283,Toronto-e58b,18,39,Normal
2026-02-15 16:41:55.416283,Toronto-e58b,41,94,Normal
2026-02-15 16:41:56.416283,Toronto-e58b,-8,54,Normal
2026-02-15 16:41:57.416283,Toronto-e58b,17,99,Normal
2026-02-15 16:41:58.416283,Toronto-e58b,-15,52,Normal
2026-02-15 16:41:59.416283,Toronto-e58b,-5,66,Normal
2026-02-15 16:42:00.416283,Toronto-e58b,-17,11,Normal
2026-02-15 16:42:01.416283,Toronto-e58b,26,31,Normal
2026-02-15 16:42:02.416283,Toronto-e58b,-22,74,Normal
2026-02-15 16:42:03.416283,Toronto-e58b,-5,30,Normal
2026-02-15 16:42:04.416283,Toronto-e58b,-14,40,Normal
2026-02-15 16:42:05.416283,Toronto-e58b,-18,64,Normal
2026-02-15 16:42:06.416283,Toronto-e58b,-19,28,Normal
2026-02-15 16:42:07.416283,Toronto-e58b,44,100,Normal
2026-02-15 16:42:08.416283,Toronto-e58b,2,9,Normal
2026-02-15 16:42:09.416283,Toronto-e58b,32,4,Normal
2026-02-15 16:42:10.416283,Toronto-e58b,39,7,Normal
2026-02-15 16:42:11.416283,Toronto-e58b,16,86,Normal
2026-02-15 16:42:12.416283,Toronto-e58b,19,100,Normal
2026-02-15 16:42:13.416283,Toronto-e58b,-24,28,Normal
2026-02-15 16:42:14.416283,Toronto-e58b,20,76,Normal
2026-02-15 16:42:15.416283,Toronto-e58b,27,12,Normal
2026-02-15 16:42:16.416283,Toronto-e58b,-4,4,Normal
2026-02-15 16:42:17.416283,Toronto-e58b,14,18,Normal
2026-02-15 16:42:18.416283,Toronto-e58b,47,62,Normal
2026-02-15 16:42:19.416283,Toronto-e58b,21,93,Normal
2026-02-15 16:42:20.416283,Toronto-e58b,-23,4,Normal
2026-02-15 16:42:21.416283,Toronto-e58b,-19,96,Normal
2026-02-15 16:42:22.416283,Toronto-e58b,34,0,Normal
2026-02-15 16:42:23.416283,Toronto-e58b,33,33,Normal
2026-02-15 16:42:24.416283,Toronto-e58b,-1,11,Normal
2026-02-15 16:42:25.416283,Toronto-e58b,25,61,Normal
2026-02-15 16:42:26.416283,Toronto-e58b,45,82,Normal
2026-02-15 16:42:27.416283,Toronto-e58b,-18,60,Normal
2026-02-15 16:42:28.416283,Toronto-e58b,12,74,Normal
2026-02-15 16:42:29.416283,Toronto-e58b,50,68,Normal
2026-02-15 16:42:30.416283,Toronto-e58b,18,82,Normal
2026-02-15 16:42:31.416283,Toronto-e58b,31,58,Normal
2026-02-15 16:42:32.416283,Toronto-e58b,23,70,Normal
2026-02-15 16:42:33.416283,Toronto-e58b,32,1,Normal
2026-02-15 16:42:34.416283,Toronto-e58b,-3,51,Normal
2026-02-15 16:42:35.416283,Toronto-e58b,2,87,Normal
2026-02-15 16:42:36.416283,Toronto-e58b,25,85,Normal
2026-02-15 16:42:37.416283,Toronto-e58b,-19,74,Normal
2026-02-15 16:42:38.416283,Toronto-e58b,37,42,Normal
2026-02-15 16:42:39.416283,Toronto-e58b,-23,24,Normal
2026-02-15 16:42:40.416283,Toronto-e58b,44,21,Normal
2026-02-15 16:42:41.416283,Toronto-e58b,40,8,Normal
2026-02-15 16:42:42.416283,Toronto-e58b,9,51,Normal
2026-02-15 16:42:43.416283,Toronto-e58b,-30,18,Normal
2026-02-15 16:42:44.416283,Toronto-e58b,45,97,Normal
2026-02-15 16:42:45.416283,Toronto-e58b,-4,36,Normal
2026-02-15 16:42:46.416283,Toronto-e58b,37,34,Normal
2026-02-15 16:42:47.416283,Toronto-e58b,40,78,Normal
2026-02-15 16:42:48.416283,Toronto-e58b,4,34,Normal
2026-02-15 16:42:49.416283,Toronto-e58b,35,55,Normal
2026-02-15 16:42:50.416283,Toronto-e58b,-10,70,Normal
2026-02-15 16:42:51.416283,Toronto-e58b,30,16,Normal
2026-02-15 16:42:52.416283,Toronto-e58b,20,55,Normal
2026-02-15 16:42:53.416283,Toronto-e58b,26,69,Normal
2026-02-15 16:42:54.416283,Toronto-e58b,-23,30,Normal
2026-02-15 16:42:55.416283,Toronto-e58b,20,0,Normal
2026-02-15 16:42:56.416283,Toronto-e58b,10,19,Normal
2026-02-15 16:42:57.416283,Toronto-e58b,27,45,Normal
2026-02-15 16:42:58.416283,Toronto-e58b,7,36,Normal
2026-02-15 16:42:59.416283,Toronto-e58b,47,61,Normal
2026-02-15 16:43:00.416283,Toronto-e58b,-11,69,Normal
2026-02-15 16:43:01.416283,Toronto-e58b,-13,56,Normal
2026-02-15 16:43:02.416283,Toronto-e58b,13,77,Normal
2026-02-15 16:43:03.416283,Toronto-e58b,-5,15,Normal
2026-02-15 16:43:04.416283,Toronto-e58b,14,7,Normal
2026-02-15 16:43:05.416283,Toronto-e58b,47,54,Normal
2026-02-15 16:43:06.416283,Toronto-e58b,21,78,Normal
2026-02-15 16:43:07.416283,Toronto-e58b,-24,65,Normal
2026-02-15 16:43:08.416283,Toronto-e58b,38,3,Normal
2026-02-15 16:43:09.416283,Toronto-e58b,21,75,Normal
2026-02-15 16:43:10.416283,Toronto-e58b,19,13,Normal
2026-02-15 16:43:11.416283,Toronto-e58b,-10,54,Normal
2026-02-15 16:43:12.416283,Toronto-e58b,47,47,Normal
2026-02-15 16:43:13.416283,Toronto-e58b,8,34,Normal
2026-02-15 16:43:14.416283,Toronto-e58b,4,95,Normal
2026-02-15 16:43:15.416283,Toronto-e58b,-19,33,Normal
2026-02-15 16:43:16.416283,Toronto-e58b,14,19,Normal
2026-02-15 16:43:17.416283,Toronto-e58b,-3,52,Normal
2026-02-15 16:43:18.416283,Toronto-e58b,2,63,Normal
2026-02-15 16:43:19.416283,Toronto-e58b,46,87,Normal
2026-02-15 16:43:20.416283,Toronto-e58b,49,57,Normal
2026-02-15 16:43:21.416283,Toronto-e58b,3,95,Normal
2026-02-15 16:43:22.416283,Toronto-e58b,-11,60,Normal
2026-02-15 16:43:23.416283,Toronto-e58b,34,92,Normal
2026-02-15 16:43:24.416283,Toronto-e58b,5,99,Normal
2026-02-15 16:43:25.416283,Toronto-e58b,-15,44,Normal
2026-02-15 16:43:26.416283,Toronto-e58b,49,68,Normal
2026-02-15 16:43:27.416283,Toronto-e58b,-23,71,Normal
2026-02-15 16:43:28.416283,Toronto-e58b,-14,62,Normal
2026-02-15 16:43:29.416283,Toronto-e58b,-12,97,Normal
2026-02-15 16:43:30.416283,Toronto-e58b,26,41,Normal
2026-02-15 16:43:31.416283,Toronto-e58b,18,48,Normal
2026-02-15 16:43:32.416283,Toronto-e58b,13,75,Normal
2026-02-15 16:43:33.416283,Toronto-e58b,-27,17,Normal
2026-02-15 16:43:34.416283,Toronto-e58b,6,41,Normal
2026-02-15 16:43:35.416283,Toronto-e58b,-12,48,Normal
2026-02-15 16:43:36.416283,Toronto-e58b,21,99,Normal
2026-02-15 16:43:37.416283,Toronto-e58b,13,88,Normal
2026-02-15 16:43:38.416283,Toronto-e58b,12,25,Normal
2026-02-15 16:43:39.416283,Toronto-e58b,48,38,Normal
2026-02-15 16:43:40.416283,Toronto-e58b,-13,81,Normal
2026-02-15 16:43:41.416283,Toronto-e58b,-24,29,Normal
2026-02-15 16:43:42.416283,Toronto-e58b,47,92,Normal
2026-02-15 16:43:43.416283,Toronto-e58b,10,45,Normal
2026-02-15 16:43:44.416283,Toronto-e58b,9,92,Normal
2026-02-15 16:43:45.416283,Toronto-e58b,5,70,Normal
2026-02-15 16:43:46.416283,Toronto-e58b,29,79,Normal
2026-02-15 16:43:47.416283,Toronto-e58b,37,94,Normal
2026-02-15 16:43:48.416283,Toronto-e58b,29,79,Normal
2026-02-15 16:43:49.416283,Toronto-e58b,18,2,Normal
2026-02-15 16:43:50.416283,Toronto-e58b,50,82,Normal
2026-02-15 16:43:51.416283,Toronto-e58b,-22,14,Normal
2026-02-15 16:43:52.416283,Toronto-e58b,34,30,Normal
2026-02-15 16:43:53.416283,Toronto-e58b,8,39,Normal
2026-02-15 16:43:54.416283,Toronto-e58b,46,84,Normal
2026-02-15 16:43:55.416283,Toronto-e58b,32,65,Normal
2026-02-15 16:43:56.416283,Toronto-e58b,-1,59,Normal
2026-02-15 16:43:57.416283,Toronto-e58b,-17,28,Normal
2026-02-15 16:43:58.416283,Toronto-e58b,-25,43,Normal
2026-02-15 16:43:59.416283,Toronto-e58b,-28,6,Normal
2026-02-15 16:44:00.416283,Toronto-e58b,46,87,Normal
2026-02-15 16:44:01.416283,Toronto-e58b,-9,94,Normal
2026-02-15 16:44:02.416283,Toronto-e58b,9,85,Normal
2026-02-15 16:44:03.416283,Toronto-e58b,-27,11,Normal
2026-02-15 16:44:04.416283,Toronto-e58b,-16,33,Normal
2026-02-15 16:44:05.416283,Toronto-e58b,-1,4,Normal
2026-02-15 16:44:06.416283,Toronto-e58b,-21,97,Normal
2026-02-15 16:44:07.416283,Toronto-e58b,18,63,Normal
2026-02-15 16:44:08.416283,Toronto-e58b,34,74,Normal
2026-02-15 16:44:09.416283,Toronto-e58b,5,10,Normal
2026-02-15 16:44:10.416283,Toronto-e58b,47,77,Normal
2026-02-15 16:44:11.416283,Toronto-e58b,33,27,Normal
2026-02-15 16:44:12.416283,Toronto-e58b,5,32,Normal
2026-02-15 16:44:13.416283,Toronto-e58b,9,15,Normal
2026-02-15 16:44:14.416283,Toronto-e58b,-8,90,Normal
2026-02-15 16:44:15.416283,Toronto-e58b,38,15,Normal
2026-02-15 16:44:16.416283,Toronto-e58b,32,85,Normal
2026-02-15 16:44:17.416283,Toronto-e58b,-6,84,Normal
2026-02-15 16:44:18.416283,Toronto-e58b,28,8,Normal
2026-02-15 16:44:19.416283,Toronto-e58b,10,94,Normal
2026-02-15 16:44:20.416283,Toronto-e58b,37,91,Normal
2026-02-15 16:44:21.416283,Toronto-e58b,5,73,Normal
2026-02-15 16:44:22.416283,Toronto-e58b,48,85,Normal
2026-02-15 16:44:23.416283,Toronto-e58b,-3,5,Normal
2026-02-15 16:44:24.416283,Toronto-e58b,47,92,Normal
2026-02-15 16:44:25.416283,Toronto-e58b,-10,38,Normal
2026-02-15 16:44:26.416283,Toronto-e58b,16,87,Normal
2026-02-15 16:44:27.416283,Toronto-e58b,-5,66,Normal
2026-02-15 16:44:28.416283,Toronto-e58b,-29,27,Normal
2026-02-15 16:44:29.416283,Toronto-e58b,41,81,Normal
2026-02-15 16:44:30.416283,Toronto-e58b,-11,79,Normal
2026-02-15 16:44:31.416283,Toronto-e58b,-1,78,Normal
2026-02-15 16:44:32.416283,Toronto-e58b,36,56,Normal
2026-02-15 16:44:33.416283,Toronto-e58b,-12,93,Normal
2026-02-15 16:44:34.416283,Toronto-e58b,-19,71,Normal
2026-02-15 16:44:35.416283,Toronto-e58b,20,43,Normal
2026-02-15 16:44:36.416283,Toronto-e58b,41,77,Normal
2026-02-15 16:44:37.416283,Toronto-e58b,47,87,Normal
2026-02-15 16:44:38.416283,Toronto-e58b,23,60,Normal
2026-02-15 16:44:39.416283,Toronto-e58b,-30,36,Normal
2026-02-15 16:44:40.416283,Toronto-e58b,6,87,Normal
2026-02-15 16:44:41.416283,Toronto-e58b,39,1,Normal
2026-02-15 16:44:42.416283,Toronto-e58b,11,76,Normal
2026-02-15 16:44:43.416283,Toronto-e58b,14,0,Normal
2026-02-15 16:44:44.416283,Toronto-e58b,31,57,Normal
2026-02-15 16:44:45.416283,Toronto-e58b,4,57,Normal
2026-02-15 16:44:46.416283,Toronto-e58b,32,64,Normal
2026-02-15 16:44:47.416283,Toronto-e58b,33,75,Normal
2026-02-15 16:44:48.416283,Toronto-e58b,35,62,Normal
2026-02-15 16:44:49.416283,Toronto-e58b,33,91,Normal
2026-02-15 16:44:50.416283,Toronto-e58b,32,98,Normal
2026-02-15 16:44:51.416283,Toronto-e58b,43,27,Normal
2026-02-15 16:44:52.416283,Toronto-e58b,23,99,Normal
2026-02-15 16:44:53.416283,Toronto-e58b,-26,81,Normal
2026-02-15 16:44:54.416283,Toronto-e58b,36,30,Normal
2026-02-15 16:44:55.416283,Toronto-e58b,38,53,Normal
2026-02-15 16:44:56.416283,Toronto-e58b,-4,47,Normal
2026-02-15 16:44:57.416283,Toronto-e58b,-17,68,Normal
2026-02-15 16:44:58.416283,Toronto-e58b,30,82,Normal
2026-02-15 16:44:59.416283,Toronto-e58b,47,13,Normal
2026-02-15 16:45:00.416283,Toronto-e58b,27,93,Normal
2026-02-15 16:45:01.416283,Toronto-e58b,-16,64,Normal
2026-02-15 16:45:02.416283,Toronto-e58b,26,76,Normal
2026-02-15 16:45:03.416283,Toronto-e58b,-5,46,Normal
2026-02-15 16:45:04.416283,Toronto-e58b,-10,49,Normal
2026-02-15 16:45:05.416283,Toronto-e58b,-3,32,Normal
2026-02-15 16:45:06.416283,Toronto-e58b,29,6,Normal
2026-02-15 16:45:07.416283,Toronto-e58b,45,100,Normal
2026-02-15 16:45:08.416283,Toronto-e58b,-7,99,Normal
2026-02-15 16:45:09.416283,Toronto-e58b,35,82,Normal
2026-02-15 16:45:10.416283,Toronto-e58b,-27,38,Normal
2026-02-15 16:45:11.416283,Toronto-e58b,22,14,Normal
2026-02-15 16:45:12.416283,Toronto-e58b,28,29,Normal
2026-02-15 16:45:13.416283,Toronto-e58b,-10,7,Normal
2026-02-15 16:45:14.416283,Toronto-e58b,46,98,Normal
2026-02-15 16:45:15.416283,Toronto-e58b,25,44,Normal
2026-02-15 16:45:16.416283,Toronto-e58b,50,75,Normal
2026-02-15 16:45:17.416283,Toronto-e58b,17,87,Normal
2026-02-15 16:45:18.416283,Toronto-e58b,31,19,Normal
2026-02-15 16:45:19.416283,Toronto-e58b,-7,87,Normal
2026-02-15 16:45:20.416283,Toronto-e58b,45,63,Normal
2026-02-15 16:45:21.416283,Toronto-e58b,2,54,Normal
2026-02-15 16:45:22.416283,Toronto-e58b,-5,15,Normal
2026-02-15 16:45:23.416283,Toronto-e58b,-13,91,Normal
2026-02-15 16:45:24.416283,Toronto-e58b,-4,89,Normal
2026-02-15 16:45:25.416283,Toronto-e58b,21,44,Normal
2026-02-15 16:45:26.416283,Toronto-e58b,23,96,Normal
2026-02-15 16:45:27.416283,Toronto-e58b,19,24,Normal
2026-02-15 16:45:28.416283,Toronto-e58b,17,47,Normal
2026-02-15 16:45:29.416283,Toronto-e58b,42,55,Normal
2026-02-15 16:45:30.416283,Toronto-e58b,10,86,Normal
2026-02-15 16:45:31.416283,Toronto-e58b,13,17,Normal
2026-02-15 16:45:32.416283,Toronto-e58b,24,97,Normal
2026-02-15 16:45:33.416283,Toronto-e58b,45,20,Normal
2026-02-15 16:45:34.416283,Toronto-e58b,4,25,Normal
2026-02-15 16:45:35.416283,Toronto-e58b,-23,58,Normal
2026-02-15 16:45:36.416283,Toronto-e58b,21,38,Normal
2026-02-15 16:45:37.416283,Toronto-e58b,-27,60,Normal
2026-02-15 16:45:38.416283,Toronto-e58b,8,41,Normal
2026-02-15 16:45:39.416283,Toronto-e58b,-20,41,Normal
2026-02-15 16:45:40.416283,Toronto-e58b,37,73,Normal
2026-02-15 16:45:41.416283,Toronto-e58b,17,6,Normal
2026-02-15 16:45:42.416283,Toronto-e58b,-9,0,Normal
2026-02-15 16:45:43.416283,Toronto-e58b,1,54,Normal
2026-02-15 16:45:44.416283,Toronto-e58b,17,17,Normal
2026-02-15 16:45:45.416283,Toronto-e58b,29,74,Normal
2026-02-15 16:45:46.416283,Toronto-e58b,-26,55,Normal
2026-02-15 16:45:47.416283,Toronto-e58b,10,44,Normal
2026-02-15 16:45:48.416283,Toronto-e58b,43,17,Normal
2026-02-15 16:45:49.416283,Toronto-e58b,-25,24,Normal
2026-02-15 16:45:50.416283,Toronto-e58b,-20,58,Normal
2026-02-15 16:45:51.416283,Toronto-e58b,28,32,Normal
2026-02-15 16:45:52.416283,Toronto-e58b,0,80,Normal
2026-02-15 16:45:53.416283,Toronto-e58b,27,66,Normal
2026-02-15 16:45:54.416283,Toronto-e58b,16,74,Normal
2026-02-15 16:45:55.416283,Toronto-e58b,11,4,Normal
2026-02-15 16:45:56.416283,Toronto-e58b,-29,15,Normal
2026-02-15 16:45:57.416283,Toronto-e58b,-27,87,Normal
2026-02-15 16:45:58.416283,Toronto-e58b,25,91,Normal
2026-02-15 16:45:59.416283,Toronto-e58b,14,74,Normal
2026-02-15 16:46:00.416283,Toronto-e58b,-9,27,Normal
2026-02-15 16:46:01.416283,Toronto-e58b,-22,84,Normal
2026-02-15 16:46:02.416283,Toronto-e58b,-12,13,Normal
2026-02-15 16:46:03.416283,Toronto-e58b,-25,25,Normal
2026-02-15 16:46:04.416283,Toronto-e58b,-6,54,Normal
2026-02-15 16:46:05.416283,Toronto-e58b,-24,16,Normal
2026-02-15 16:46:06.416283,Toronto-e58b,21,43,Normal
2026-02-15 16:46:07.416283,Toronto-e58b,-25,48,Normal
2026-02-15 16:46:08.416283,Toronto-e58b,-28,91,Normal
2026-02-15 16:46:09.416283,Toronto-e58b,-12,85,Normal
2026-02-15 16:46:10.416283,Toronto-e58b,44,58,Normal
2026-02-15 16:46:11.416283,Toronto-e58b,-11,85,Normal
2026-02-15 16:46:12.416283,Toronto-e58b,48,38,Normal
2026-02-15 16:46:13.416283,Toronto-e58b,28,81,Normal
2026-02-15 16:46:14.416283,Toronto-e58b,-29,23,Normal
2026-02-15 16:46:15.416283,Toronto-e58b,47,36,Normal
2026-02-15 16:46:16.416283,Toronto-e58b,11,44,Normal
2026-02-15 16:46:17.416283,Toronto-e58b,43,74,Normal
2026-02-15 16:46:18.416283,Toronto-e58b,20,16,Normal
2026-02-15 16:46:19.416283,Toronto-e58b,50,46,Normal
2026-02-15 16:46:20.416283,Toronto-e58b,7,13,Normal
2026-02-15 16:46:21.416283,Toronto-e58b,-13,96,Normal
2026-02-15 16:46:22.416283,Toronto-e58b,-8,21,Normal
2026-02-15 16:46:23.416283,Toronto-e58b,34,7,Normal
2026-02-15 16:46:24.416283,Toronto-e58b,41,22,Normal
2026-02-15 16:46:25.416283,Toronto-e58b,36,61,Normal
2026-02-15 16:46:26.416283,Toronto-e58b,-8,35,Normal
2026-02-15 16:46:27.416283,Toronto-e58b,21,33,Normal
2026-02-15 16:46:28.416283,Toronto-e58b,-27,73,Normal
2026-02-15 16:46:29.416283,Toronto-e58b,3,57,Normal
2026-02-15 16:46:30.416283,Toronto-e58b,-1,1,Normal
2026-02-15 16:46:31.416283,Toronto-e58b,-3,52,Normal
2026-02-15 16:46:32.416283,Toronto-e58b,13,71,Normal
2026-02-15 16:46:33.416283,Toronto-e58b,11,56,Normal
2026-02-15 16:46:34.416283,Toronto-e58b,36,11,Normal
2026-02-15 16:46:35.416283,Toronto-e58b,33,58,Normal
2026-02-15 16:46:36.416283,Toronto-e58b,-18,98,Normal
2026-02-15 16:46:37.416283,Toronto-e58b,-2,50,Normal
2026-02-15 16:46:38.416283,Toronto-e58b,-24,80,Normal
2026-02-15 16:46:39.416283,Toronto-e58b,-10,25,Normal
2026-02-15 16:46:40.416283,Toronto-e58b,-21,48,Normal
2026-02-15 16:46:41.416283,Toronto-e58b,40,37,Normal
2026-02-15 16:46:42.416283,Toronto-e58b,-15,62,Normal
2026-02-15 16:46:43.416283,Toronto-e58b,9,66,Normal
2026-02-15 16:46:44.416283,Toronto-e58b,-2,75,Normal
2026-02-15 16:46:45.416283,Toronto-e58b,6,59,Normal
2026-02-15 16:46:46.416283,Toronto-e58b,34,1,Normal
2026-02-15 16:46:47.416283,Toronto-e58b,13,62,Normal
2026-02-15 16:46:48.416283,Toronto-e58b,2,33,Normal
2026-02-15 16:46:49.416283,Toronto-e58b,-5,21,Normal
2026-02-15 16:46:50.416283,Toronto-e58b,-6,59,Normal
2026-02-15 16:46:51.416283,Toronto-e58b,-1,74,Normal
2026-02-15 16:46:52.416283,Toronto-e58b,20,11,Normal
2026-02-15 16:46:53.416283,Toronto-e58b,6,81,Normal
2026-02-15 16:46:54.416283,Toronto-e58b,-7,24,Normal
2026-02-15 16:46:55.416283,Toronto-e58b,37,87,Normal
2026-02-15 16:46:56.416283,Toronto-e58b,17,30,Normal
2026-02-15 16:46:57.416283,Toronto-e58b,7,70,Normal
2026-02-15 16:46:58.416283,Toronto-e58b,-30,65,Normal
2026-02-15 16:46:59.416283,Toronto-e58b,0,46,Normal
2026-02-15 16:47:00.416283,Toronto-e58b,16,25,Normal
2026-02-15 16:47:01.416283,Toronto-e58b,-17,91,Normal
2026-02-15 16:47:02.416283,Toronto-e58b,9,71,Normal
2026-02-15 16:47:03.416283,Toronto-e58b,-17,49,Normal
2026-02-15 16:47:04.416283,Toronto-e58b,20,32,Normal
2026-02-15 16:47:05.416283,Toronto-e58b,34,13,Normal
2026-02-15 16:47:06.416283,Toronto-e58b,44,89,Normal
2026-02-15 16:47:07.416283,Toronto-e58b,42,3,Normal
2026-02-15 16:47:08.416283,Toronto-e58b,-6,98,Normal
2026-02-15 16:47:09.416283,Toronto-e58b,-5,31,Normal
2026-02-15 16:47:10.416283,Toronto-e58b,-20,25,Normal
2026-02-15 16:47:11.416283,Toronto-e58b,3,78,Normal
2026-02-15 16:47:12.416283,Toronto-e58b,25,24,Normal
2026-02-15 16:47:13.416283,Toronto-e58b,-23,47,Normal
2026-02-15 16:47:14.416283,Toronto-e58b,-25,96,Normal
2026-02-15 16:47:15.416283,Toronto-e58b,-9,88,Normal
2026-02-15 16:47:16.416283,Toronto-e58b,47,9,Normal
2026-02-15 16:47:17.416283,Toronto-e58b,36,52,Normal
2026-02-15 16:47:18.416283,Toronto-e58b,-10,46,Normal
2026-02-15 16:47:19.416283,Toronto-e58b,33,88,Normal
2026-02-15 16:47:20.416283,Toronto-e58b,31,32,Normal
2026-02-15 16:47:21.416283,Toronto-e58b,25,87,Normal
2026-02-15 16:47:22.416283,Toronto-e58b,-19,42,Normal
2026-02-15 16:47:23.416283,Toronto-e58b,41,45,Normal
2026-02-15 16:47:24.416283,Toronto-e58b,2,42,Normal
2026-02-15 16:47:25.416283,Toronto-e58b,-28,31,Normal
2026-02-15 16:47:26.416283,Toronto-e58b,26,61,Normal
2026-02-15 16:47:27.416283,Toronto-e58b,3,53,Normal
2026-02-15 16:47:28.416283,Toronto-e58b,6,0,Normal
2026-02-15 16:47:29.416283,Toronto-e58b,11,27,Normal
2026-02-15 16:47:30.416283,Toronto-e58b,45,81,Normal
2026-02-15 16:47:31.416283,Toronto-e58b,31,91,Normal
2026-02-15 16:47:32.416283,Toronto-e58b,47,62,Normal
2026-02-15 16:47:33.416283,Toronto-e58b,0,43,Normal
2026-02-15 16:47:34.416283,Toronto-e58b,-23,79,Normal
2026-02-15 16:47:35.416283,Toronto-e58b,50,76,Normal
2026-02-15 16:47:36.416283,Toronto-e58b,29,77,Normal
2026-02-15 16:47:37.416283,Toronto-e58b,50,78,Normal
2026-02-15 16:47:38.416283,Toronto-e58b,-17,67,Normal
2026-02-15 16:47:39.416283,Toronto-e58b,-3,69,Normal
2026-02-15 16:47:40.416283,Toronto-e58b,-8,70,Normal
2026-02-15 16:47:41.416283,Toronto-e58b,-19,100,Normal
2026-02-15 16:47:42.416283,Toronto-e58b,-10,47,Normal
2026-02-15 16:47:43.416283,Toronto-e58b,33,33,Normal
2026-02-15 16:47:44.416283,Toronto-e58b,37,0,Normal
2026-02-15 16:47:45.416283,Toronto-e58b,-27,67,Normal
2026-02-15 16:47:46.416283,Toronto-e58b,3,94,Normal
2026-02-15 16:47:47.416283,Toronto-e58b,16,11,Normal
2026-02-15 16:47:48.416283,Toronto-e58b,-28,8,Normal
2026-02-15 16:47:49.416283,Toronto-e58b,13,16,Normal
2026-02-15 16:47:50.416283,Toronto-e58b,17,23,Normal
2026-02-15 16:47:51.416283,Toronto-e58b,-8,71,Normal
2026-02-15 16:47:52.416283,Toronto-e58b,-4,53,Normal
2026-02-15 16:47:53.416283,Toronto-e58b,-17,39,Normal
2026-02-15 16:47:54.416283,Toronto-e58b,-24,78,Normal
2026-02-15 16:47:55.416283,Toronto-e58b,-28,61,Normal
2026-02-15 16:47:56.416283,Toronto-e58b,9,29,Normal
2026-02-15 16:47:57.416283,Toronto-e58b,12,62,Normal
2026-02-15 16:47:58.416283,Toronto-e58b,-17,44,Normal
2026-02-15 16:47:59.416283,Toronto-e58b,-27,66,Normal
2026-02-15 16:48:00.416283,Toronto-e58b,22,80,Normal
2026-02-15 16:48:01.416283,Toronto-e58b,49,83,Normal
2026-02-15 16:48:02.416283,Toronto-e58b,6,98,Normal
2026-02-15 16:48:03.416283,Toronto-e58b,-14,20,Normal
2026-02-15 16:48:04.416283,Toronto-e58b,-30,68,Normal
2026-02-15 16:48:05.416283,Toronto-e58b,19,35,Normal
2026-02-15 16:48:06.416283,Toronto-e58b,10,85,Normal
2026-02-15 16:48:07.416283,Toronto-e58b,47,41,Normal
2026-02-15 16:48:08.416283,Toronto-e58b,4,39,Normal
2026-02-15 16:48:09.416283,Toronto-e58b,19,50,Normal
2026-02-15 16:48:10.416283,Toronto-e58b,-23,11,Normal
2026-02-15 16:48:11.416283,Toronto-e58b,-11,9,Normal
2026-02-15 16:48:12.416283,Toronto-e58b,-10,90,Normal
2026-02-15 16:48:13.416283,Toronto-e58b,45,75,Normal
2026-02-15 16:48:14.416283,Toronto-e58b,16,4,Normal
2026-02-15 16:48:15.416283,Toronto-e58b,-29,49,Normal
2026-02-15 16:48:16.416283,Toronto-e58b,-29,21,Normal
2026-02-15 16:48:17.416283,Toronto-e58b,-26,19,Normal
2026-02-15 16:48:18.416283,Toronto-e58b,-10,86,Normal
2026-02-15 16:48:19.416283,Toronto-e58b,28,86,Normal
2026-02-15 16:48:20.416283,Toronto-e58b,48,54,Normal
2026-02-15 16:48:21.416283,Toronto-e58b,-10,46,Normal
2026-02-15 16:48:22.416283,Toronto-e58b,-12,80,Normal
2026-02-15 16:48:23.416283,Toronto-e58b,8,12,Normal
2026-02-15 16:48:24.416283,Toronto-e58b,-9,6,Normal
2026-02-15 16:48:25.416283,Toronto-e58b,-9,28,Normal
2026-02-15 16:48:26.416283,Toronto-e58b,41,50,Normal
2026-02-15 16:48:27.416283,Toronto-e58b,-17,44,Normal
2026-02-15 16:48:28.416283,Toronto-e58b,34,22,Normal
2026-02-15 16:48:29.416283,Toronto-e58b,33,85,Normal
2026-02-15 16:48:30.416283,Toronto-e58b,45,1,Normal
2026-02-15 16:48:31.416283,Toronto-e58b,38,95,Normal
2026-02-15 16:48:32.416283,Toronto-e58b,-1,90,Normal
2026-02-15 16:48:33.416283,Toronto-e58b,24,35,Normal
2026-02-15 16:48:34.416283,Toronto-e58b,5,94,Normal
2026-02-15 16:48:35.416283,Toronto-e58b,35,43,Normal
2026-02-15 16:48:36.416283,Toronto-e58b,13,11,Normal
2026-02-15 16:48:37.416283,Toronto-e58b,46,24,Normal
2026-02-15 16:48:38.416283,Toronto-e58b,43,23,Normal
2026-02-15 16:48:39.416283,Toronto-e58b,24,17,Normal
2026-02-15 16:48:40.416283,Toronto-e58b,19,40,Normal
2026-02-15 16:48:41.416283,Toronto-e58b,14,49,Normal
2026-02-15 16:48:42.416283,Toronto-e58b,0,29,Normal
2026-02-15 16:48:43.416283,Toronto-e58b,27,97,Normal
2026-02-15 16:48:44.416283,Toronto-e58b,5,12,Normal
2026-02-15 16:48:45.416283,Toronto-e58b,-25,2,Normal
2026-02-15 16:48:46.416283,Toronto-e58b,46,91,Normal
2026-02-15 16:48:47.416283,Toronto-e58b,-23,52,Normal
2026-02-15 16:48:48.416283,Toronto-e58b,1,68,Normal
2026-02-15 16:48:49.416283,Toronto-e58b,-4,89,Normal
2026-02-15 16:48:50.416283,Toronto-e58b,-1,7,Normal
2026-02-15 16:48:51.416283,Toronto-e58b,31,36,Normal
2026-02-15 16:48:52.416283,Toronto-e58b,-28,36,Normal
2026-02-15 16:48:53.416283,Toronto-e58b,46,79,Normal
2026-02-15 16:48:54.416283,Toronto-e58b,-26,73,Normal
2026-02-15 16:48:55.416283,Toronto-e58b,-17,24,Normal
2026-02-15 16:48:56.416283,Toronto-e58b,-16,84,Normal
2026-02-15 16:48:57.416283,Toronto-e58b,42,10,Normal
2026-02-15 16:48:58.416283,Toronto-e58b,-23,19,Normal
2026-02-15 16:48:59.416283,Toronto-e58b,-3,68,Normal
2026-02-15 16:49:00.416283,Toronto-e58b,15,84,Normal
2026-02-15 16:49:01.416283,Toronto-e58b,19,94,Normal
2026-02-15 16:49:02.416283,Toronto-e58b,-11,58,Normal
2026-02-15 16:49:03.416283,Toronto-e58b,49,57,Normal
2026-02-15 16:49:04.416283,Toronto-e58b,49,35,Normal
2026-02-15 16:49:05.416283,Toronto-e58b,15,59,Normal
2026-02-15 16:49:06.416283,Toronto-e58b,-14,21,Normal
2026-02-15 16:49:07.416283,Toronto-e58b,26,62,Normal
2026-02-15 16:49:08.416283,Toronto-e58b,-19,54,Normal
2026-02-15 16:49:09.416283,Toronto-e58b,-20,65,Normal
2026-02-15 16:49:10.416283,Toronto-e58b,-10,85,Normal
2026-02-15 16:49:11.416283,Toronto-e58b,49,19,Normal
2026-02-15 16:49:12.416283,Toronto-e58b,13,70,Normal
2026-02-15 16:49:13.416283,Toronto-e58b,18,90,Normal
2026-02-15 16:49:14.416283,Toronto-e58b,36,17,Normal
2026-02-15 16:49:15.416283,Toronto-e58b,3,92,Normal
2026-02-15 16:49:16.416283,Toronto-e58b,6,14,Normal
2026-02-15 16:49:17.416283,Toronto-e58b,-1,6,Normal
2026-02-15 16:49:18.416283,Toronto-e58b,44,3,Normal
2026-02-15 16:49:19.416283,Toronto-e58b,36,51,Normal
2026-02-15 16:49:20.416283,Toronto-e58b,35,41,Normal
2026-02-15 16:49:21.416283,Toronto-e58b,32,15,Normal
2026-02-15 16:49:22.416283,Toronto-e58b,46,74,Normal
2026-02-15 16:49:23.416283,Toronto-e58b,41,32,Normal
2026-02-15 16:49:24.416283,Toronto-e58b,-13,83,Normal
2026-02-15 16:49:25.416283,Toronto-e58b,34,22,Normal
2026-02-15 16:49:26.416283,Toronto-e58b,37,3,Normal
2026-02-15 16:49:27.416283,Toronto-e58b,8,99,Normal
2026-02-15 16:49:28.416283,Toronto-e58b,-23,71,Normal
2026-02-15 16:49:29.416283,Toronto-e58b,42,65,Normal
2026-02-15 16:49:30.416283,Toronto-e58b,21,44,Normal
2026-02-15 16:49:31.416283,Toronto-e58b,9,7,Normal
2026-02-15 16:49:32.416283,Toronto-e58b,-11,59,Normal
2026-02-15 16:49:33.416283,Toronto-e58b,30,84,Normal
2026-02-15 16:49:34.416283,Toronto-e58b,50,9,Normal
2026-02-15 16:49:35.416283,Toronto-e58b,44,16,Normal
2026-02-15 16:49:36.416283,Toronto-e58b,23,85,Normal
2026-02-15 16:49:37.416283,Toronto-e58b,25,43,Normal
2026-02-15 16:49:38.416283,Toronto-e58b,20,49,Normal
2026-02-15 16:49:39.416283,Toronto-e58b,-10,51,Normal
2026-02-15 16:49:40.416283,Toronto-e58b,19,83,Normal
2026-02-15 16:49:41.416283,Toronto-e58b,20,9,Normal
2026-02-15 16:49:42.416283,Toronto-e58b,-23,85,Normal
2026-02-15 16:49:43.416283,Toronto-e58b,-20,55,Normal
2026-02-15 16:49:44.416283,Toronto-e58b,19,3,Normal
2026-02-15 16:49:45.416283,Toronto-e58b,29,11,Normal
2026-02-15 16:49:46.416283,Toronto-e58b,17,20,Normal
2026-02-15 16:49:47.416283,Toronto-e58b,15,93,Normal
2026-02-15 16:49:48.416283,Toronto-e58b,-21,97,Normal
2026-02-15 16:49:49.416283,Toronto-e58b,36,40,Normal
2026-02-15 16:49:50.416283,Toronto-e58b,-5,1,Normal
2026-02-15 16:49:51.416283,Toronto-e58b,48,28,Normal
2026-02-15 16:49:52.416283,Toronto-e58b,23,63,Normal
2026-02-15 16:49:53.416283,Toronto-e58b,1,55,Normal
2026-02-15 16:49:54.416283,Toronto-e58b,5,78,Normal
2026-02-15 16:49:55.416283,Toronto-e58b,46,14,Normal
2026-02-15 16:49:56.416283,Toronto-e58b,25,63,Normal
2026-02-15 16:49:57.416283,Toronto-e58b,-14,58,Normal
2026-02-15 16:49:58.416283,Toronto-e58b,4,61,Normal
2026-02-15 16:49:59.416283,Toronto-e58b,17,62,Normal
2026-02-15 16:50:00.416283,Toronto-e58b,27,30,Normal
2026-02-15 16:50:01.416283,Toronto-e58b,-27,30,Normal
2026-02-15 16:50:02.416283,Toronto-e58b,32,74,Normal
2026-02-15 16:50:03.416283,Toronto-e58b,-17,53,Normal
2026-02-15 16:50:04.416283,Toronto-e58b,40,99,Normal
2026-02-15 16:50:05.416283,Toronto-e58b,-26,19,Normal
2026-02-15 16:50:06.416283,Toronto-e58b,-7,30,Normal
2026-02-15 16:50:07.416283,Toronto-e58b,44,97,Normal
2026-02-15 16:50:08.416283,Toronto-e58b,23,86,Normal
2026-02-15 16:50:09.416283,Toronto-e58b,-18,65,Normal
2026-02-15 16:50:10.416283,Toronto-e58b,5,40,Normal
2026-02-15 16:50:11.416283,Toronto-e58b,-16,2,Normal
2026-02-15 16:50:12.416283,Toronto-e58b,-12,36,Normal
2026-02-15 16:50:13.416283,Toronto-e58b,33,28,Normal
2026-02-15 16:50:14.416283,Toronto-e58b,42,75,Normal
2026-02-15 16:50:15.416283,Toronto-e58b,42,64,Normal
2026-02-15 16:50:16.416283,Toronto-e58b,19,75,Normal
2026-02-15 16:50:17.416283,Toronto-e58b,8,60,Normal
2026-02-15 16:50:18.416283,Toronto-e58b,47,27,Normal
2026-02-15 16:50:19.416283,Toronto-e58b,11,10,Normal
2026-02-15 16:50:20.416283,Toronto-e58b,43,8,Normal
2026-02-15 16:50:21.416283,Toronto-e58b,-10,83,Normal
2026-02-15 16:50:22.416283,Toronto-e58b,-10,41,Normal
2026-02-15 16:50:23.416283,Toronto-e58b,-21,8,Normal
2026-02-15 16:50:24.416283,Toronto-e58b,-25,97,Normal
2026-02-15 16:50:25.416283,Toronto-e58b,-4,43,Normal
2026-02-15 16:50:26.416283,Toronto-e58b,42,72,Normal
2026-02-15 16:50:27.416283,Toronto-e58b,-18,76,Normal
2026-02-15 16:50:28.416283,Toronto-e58b,-28,59,Normal
2026-02-15 16:50:29.416283,Toronto-e58b,9,67,Normal
2026-02-15 16:50:30.416283,Toronto-e58b,50,21,Normal
2026-02-15 16:50:31.416283,Toronto-e58b,39,27,Normal
2026-02-15 16:50:32.416283,Toronto-e58b,40,60,Normal
2026-02-15 16:50:33.416283,Toronto-e58b,19,47,Normal
2026-02-15 16:50:34.416283,Toronto-e58b,13,52,Normal
2026-02-15 16:50:35.416283,Toronto-e58b,43,48,Normal
2026-02-15 16:50:36.416283,Toronto-e58b,-30,21,Normal
2026-02-15 16:50:37.416283,Toronto-e58b,-12,42,Normal
2026-02-15 16:50:38.416283,Toronto-e58b,20,58,Normal
2026-02-15 16:50:39.416283,Toronto-e58b,-20,5,Normal
2026-02-15 16:50:40.416283,Toronto-e58b,30,99,Normal
2026-02-15 16:50:41.416283,Toronto-e58b,22,52,Normal
2026-02-15 16:50:42.416283,Toronto-e58b,-7,99,Normal
2026-02-15 16:50:43.416283,Toronto-e58b,37,82,Normal
2026-02-15 16:50:44.416283,Toronto-e58b,25,48,Normal
2026-02-15 16:50:45.416283,Toronto-e58b,43,23,Normal
2026-02-15 16:50:46.416283,Toronto-e58b,-26,1,Normal
2026-02-15 16:50:47.416283,Toronto-e58b,47,29,Normal
2026-02-15 16:50:48.416283,Toronto-e58b,5,15,Normal
2026-02-15 16:50:49.416283,Toronto-e58b,45,46,Normal
2026-02-15 16:50:50.416283,Toronto-e58b,-8,4,Normal
2026-02-15 16:50:51.416283,Toronto-e58b,50,32,Normal
2026-02-15 16:50:52.416283,Toronto-e58b,15,25,Normal
2026-02-15 16:50:53.416283,Toronto-e58b,-15,84,Normal
2026-02-15 16:50:54.416283,Toronto-e58b,2,78,Normal
2026-02-15 16:50:55.416283,Toronto-e58b,2,9,Normal
2026-02-15 16:50:56.416283,Toronto-e58b,17,14,Normal
2026-02-15 16:50:57.416283,Toronto-e58b,11,48,Normal
2026-02-15 16:50:58.416283,Toronto-e58b,0,100,Normal
2026-02-15 16:50:59.416283,Toronto-e58b,-13,25,Normal
2026-02-15 16:51:00.416283,Toronto-e58b,-21,96,Normal
2026-02-15 16:51:01.416283,Toronto-e58b,-8,7,Normal
2026-02-15 16:51:02.416283,Toronto-e58b,30,36,Normal
2026-02-15 16:51:03.416283,Toronto-e58b,5,28,Normal
2026-02-15 16:51:04.416283,Toronto-e58b,-19,57,Normal
2026-02-15 16:51:05.416283,Toronto-e58b,-16,97,Normal
2026-02-15 16:51:06.416283,Toronto-e58b,0,17,Normal
2026-02-15 16:51:07.416283,Toronto-e58b,17,1,Normal
2026-02-15 16:51:08.416283,Toronto-e58b,-27,54,Normal
2026-02-15 16:51:09.416283,Toronto-e58b,4,2,Normal
2026-02-15 16:51:10.416283,Toronto-e58b,-12,99,Normal
2026-02-15 16:51:11.416283,Toronto-e58b,22,89,Normal
2026-02-15 16:51:12.416283,Toronto-e58b,47,4,Normal
2026-02-15 16:51:13.416283,Toronto-e58b,3,50,Normal
2026-02-15 16:51:14.416283,Toronto-e58b,-3,80,Normal
2026-02-15 16:51:15.416283,Toronto-e58b,-4,58,Normal
2026-02-15 16:51:16.416283,Toronto-e58b,34,62,Normal
2026-02-15 16:51:17.416283,Toronto-e58b,50,63,Normal
2026-02-15 16:51:18.416283,Toronto-e58b,1,5,Normal
2026-02-15 16:51:19.416283,Toronto-e58b,11,25,Normal
2026-02-15 16:51:20.416283,Toronto-e58b,-12,46,Normal
2026-02-15 16:51:21.416283,Toronto-e58b,24,61,Normal
2026-02-15 16:51:22.416283,Toronto-e58b,-9,97,Normal
2026-02-15 16:51:23.416283,Toronto-e58b,-5,66,Normal
2026-02-15 16:51:24.416283,Toronto-e58b,39,80,Normal
2026-02-15 16:51:25.416283,Toronto-e58b,14,0,Normal
2026-02-15 16:51:26.416283,Toronto-e58b,1,7,Normal
2026-02-15 16:51:27.416283,Toronto-e58b,-5,9,Normal
2026-02-15 16:51:28.416283,Toronto-e58b,6,99,Normal
2026-02-15 16:51:29.416283,Toronto-e58b,46,55,Normal
2026-02-15 16:51:30.416283,Toronto-e58b,-4,86,Normal
2026-02-15 16:51:31.416283,Toronto-e58b,17,52,Normal
2026-02-15 16:51:32.416283,Toronto-e58b,15,67,Normal
2026-02-15 16:51:33.416283,Toronto-e58b,1,54,Normal
2026-02-15 16:51:34.416283,Toronto-e58b,41,13,Normal
2026-02-15 16:51:35.416283,Toronto-e58b,45,36,Normal
2026-02-15 16:51:36.416283,Toronto-e58b,-3,61,Normal
2026-02-15 16:51:37.416283,Toronto-e58b,4,1,Normal
2026-02-15 16:51:38.416283,Toronto-e58b,7,0,Normal
2026-02-15 16:51:39.416283,Toronto-e58b,50,97,Normal
2026-02-15 16:51:40.416283,Toronto-e58b,-18,84,Normal
2026-02-15 16:51:41.416283,Toronto-e58b,43,40,Normal
2026-02-15 16:51:42.416283,Toronto-e58b,49,86,Normal
2026-02-15 16:51:43.416283,Toronto-e58b,13,51,Normal
2026-02-15 16:51:44.416283,Toronto-e58b,26,49,Normal
2026-02-15 16:51:45.416283,Toronto-e58b,17,16,Normal
2026-02-15 16:51:46.416283,Toronto-e58b,13,29,Normal
2026-02-15 16:51:47.416283,Toronto-e58b,17,84,Normal
2026-02-15 16:51:48.416283,Toronto-e58b,-10,73,Normal
2026-02-15 16:51:49.416283,Toronto-e58b,-27,89,Normal
2026-02-15 16:51:50.416283,Toronto-e58b,-2,87,Normal
2026-02-15 16:51:51.416283,Toronto-e58b,46,12,Normal
2026-02-15 16:51:52.416283,Toronto-e58b,40,89,Normal
2026-02-15 16:51:53.416283,Toronto-e58b,-4,0,Normal
2026-02-15 16:51:54.416283,Toronto-e58b,31,80,Normal
2026-02-15 16:51:55.416283,Toronto-e58b,13,53,Normal
2026-02-15 16:51:56.416283,Toronto-e58b,3,5,Normal
2026-02-15 16:51:57.416283,Toronto-e58b,-25,17,Normal
2026-02-15 16:51:58.416283,Toronto-e58b,43,20,Normal
2026-02-15 16:51:59.416283,Toronto-e58b,11,18,Normal
2026-02-15 16:52:00.416283,Toronto-e58b,50,87,Normal
2026-02-15 16:52:01.416283,Toronto-e58b,39,19,Normal
2026-02-15 16:52:02.416283,Toronto-e58b,36,76,Normal
2026-02-15 16:52:03.416283,Toronto-e58b,-2,57,Normal
2026-02-15 16:52:04.416283,Toronto-e58b,-18,83,Normal
2026-02-15 16:52:05.416283,Toronto-e58b,48,47,Normal
2026-02-15 16:52:06.416283,Toronto-e58b,43,50,Normal
2026-02-15 16:52:07.416283,Toronto-e58b,-29,76,Normal
2026-02-15 16:52:08.416283,Toronto-e58b,-23,61,Normal
2026-02-15 16:52:09.416283,Toronto-e58b,24,40,Normal
2026-02-15 16:52:10.416283,Toronto-e58b,25,62,Normal
2026-02-15 16:52:11.416283,Toronto-e58b,26,87,Normal
2026-02-15 16:52:12.416283,Toronto-e58b,-13,14,Normal
2026-02-15 16:52:13.416283,Toronto-e58b,6,4,Normal
2026-02-15 16:52:14.416283,Toronto-e58b,5,89,Normal
2026-02-15 16:52:15.416283,Toronto-e58b,35,93,Normal
2026-02-15 16:52:16.416283,Toronto-e58b,-10,84,Normal
2026-02-15 16:52:17.416283,Toronto-e58b,-12,80,Normal
2026-02-15 16:52:18.416283,Toronto-e58b,8,4,Normal
2026-02-15 16:52:19.416283,Toronto-e58b,-19,13,Normal
2026-02-15 16:52:20.416283,Toronto-e58b,-28,48,Normal
2026-02-15 16:52:21.416283,Toronto-e58b,-15,67,Normal
2026-02-15 16:52:22.416283,Toronto-e58b,46,90,Normal
2026-02-15 16:52:23.416283,Toronto-e58b,9,77,Normal
2026-02-15 16:52:24.416283,Toronto-e58b,24,48,Normal
2026-02-15 16:52:25.416283,Toronto-e58b,1,21,Normal
2026-02-15 16:52:26.416283,Toronto-e58b,41,15,Normal
2026-02-15 16:52:27.416283,Toronto-e58b,47,57,Normal
2026-02-15 16:52:28.416283,Toronto-e58b,-5,86,Normal
2026-02-15 16:52:29.416283,Toronto-e58b,11,84,Normal
2026-02-15 16:52:30.416283,Toronto-e58b,-13,5,Normal
2026-02-15 16:52:31.416283,Toronto-e58b,48,94,Normal
2026-02-15 16:52:32.416283,Toronto-e58b,-3,30,Normal
2026-02-15 16:52:33.416283,Toronto-e58b,47,4,Normal
2026-02-15 16:52:34.416283,Toronto-e58b,19,94,Normal
2026-02-15 16:52:35.416283,Toronto-e58b,-21,42,Normal
2026-02-15 16:52:36.416283,Toronto-e58b,35,20,Normal
2026-02-15 16:52:37.416283,Toronto-e58b,30,97,Normal
2026-02-15 16:52:38.416283,Toronto-e58b,-18,23,Normal
2026-02-15 16:52:39.416283,Toronto-e58b,-13,14,Normal
2026-02-15 16:52:40.416283,Toronto-e58b,-22,32,Normal
2026-02-15 16:52:41.416283,Toronto-e58b,11,84,Normal
2026-02-15 16:52:42.416283,Toronto-e58b,6,98,Normal
2026-02-15 16:52:43.416283,Toronto-e58b,-14,0,Normal
2026-02-15 16:52:44.416283,Toronto-e58b,-7,2,Normal
2026-02-15 16:52:45.416283,Toronto-e58b,48,90,Normal
2026-02-15 16:52:46.416283,Toronto-e58b,17,96,Normal
2026-02-15 16:52:47.416283,Toronto-e58b,-13,71,Normal
2026-02-15 16:52:48.416283,Toronto-e58b,-16,35,Normal
2026-02-15 16:52:49.416283,Toronto-e58b,16,24,Normal
2026-02-15 16:52:50.416283,Toronto-e58b,1,54,Normal
2026-02-15 16:52:51.416283,Toronto-e58b,-18,58,Normal
2026-02-15 16:52:52.416283,Toronto-e58b,17,47,Normal
2026-02-15 16:52:53.416283,Toronto-e58b,-12,79,Normal
2026-02-15 16:52:54.416283,Toronto-e58b,-22,64,Normal
2026-02-15 16:52:55.416283,Toronto-e58b,12,94,Normal
2026-02-15 16:52:56.416283,Toronto-e58b,-26,19,Normal
2026-02-15 16:52:57.416283,Toronto-e58b,-3,5,Normal
2026-02-15 16:52:58.416283,Toronto-e58b,-21,40,Normal
2026-02-15 16:52:59.416283,Toronto-e58b,24,15,Normal
2026-02-15 16:53:00.416283,Toronto-e58b,-1,80,Normal
2026-02-15 16:53:01.416283,Toronto-e58b,24,72,Normal
2026-02-15 16:53:02.416283,Toronto-e58b,44,18,Normal
2026-02-15 16:53:03.416283,Toronto-e58b,4,24,Normal
2026-02-15 16:53:04.416283,Toronto-e58b,43,27,Normal
2026-02-15 16:53:05.416283,Toronto-e58b,38,92,Normal
2026-02-15 16:53:06.416283,Toronto-e58b,19,28,Normal
2026-02-15 16:53:07.416283,Toronto-e58b,22,0,Normal
2026-02-15 16:53:08.416283,Toronto-e58b,16,98,Normal
2026-02-15 16:53:09.416283,Toronto-e58b,4,35,Normal
2026-02-15 16:53:10.416283,Toronto-e58b,30,89,Normal
2026-02-15 16:53:11.416283,Toronto-e58b,-10,50,Normal
2026-02-15 16:53:12.416283,Toronto-e58b,7,77,Normal
2026-02-15 16:53:13.416283,Toronto-e58b,40,27,Normal
2026-02-15 16:53:14.416283,Toronto-e58b,50,49,Normal
2026-02-15 16:53:15.416283,Toronto-e58b,-8,84,Normal
2026-02-15 16:53:16.416283,Toronto-e58b,41,38,Normal
2026-02-15 16:53:17.416283,Toronto-e58b,50,95,Normal
2026-02-15 16:53:18.416283,Toronto-e58b,37,18,Normal
2026-02-15 16:53:19.416283,Toronto-e58b,-25,58,Normal
2026-02-15 16:53:20.416283,Toronto-e58b,5,65,Normal
2026-02-15 16:53:21.416283,Toronto-e58b,30,98,Normal
2026-02-15 16:53:22.416283,Toronto-e58b,12,76,Normal
2026-02-15 16:53:23.416283,Toronto-e58b,0,78,Normal
2026-02-15 16:53:24.416283,Toronto-e58b,17,58,Normal
2026-02-15 16:53:25.416283,Toronto-e58b,3,47,Normal
2026-02-15 16:53:26.416283,Toronto-e58b,14,92,Normal
2026-02-15 16:53:27.416283,Toronto-e58b,48,49,Normal
2026-02-15 16:53:28.416283,Toronto-e58b,-6,39,Normal
2026-02-15 16:53:29.416283,Toronto-e58b,-21,3,Normal
2026-02-15 16:53:30.416283,Toronto-e58b,-12,79,Normal
2026-02-15 16:53:31.416283,Toronto-e58b,6,34,Normal
2026-02-15 16:53:32.416283,Toronto-e58b,11,97,Normal
2026-02-15 16:53:33.416283,Toronto-e58b,-3,68,Normal
2026-02-15 16:53:34.416283,Toronto-e58b,-24,40,Normal
2026-02-15 16:53:35.416283,Toronto-e58b,-30,4,Normal
2026-02-15 16:53:36.416283,Toronto-e58b,1,61,Normal
2026-02-15 16:53:37.416283,Toronto-e58b,-25,96,Normal
2026-02-15 16:53:38.416283,Toronto-e58b,15,42,Normal
2026-02-15 16:53:39.416283,Toronto-e58b,-8,66,Normal
2026-02-15 16:53:40.416283,Toronto-e58b,-9,35,Normal
2026-02-15 16:53:41.416283,Toronto-e58b,-8,0,Normal
2026-02-15 16:53:42.416283,Toronto-e58b,23,100,Normal
2026-02-15 16:53:43.416283,Toronto-e58b,-9,56,Normal
2026-02-15 16:53:44.416283,Toronto-e58b,-21,40,Normal
2026-02-15 16:53:45.416283,Toronto-e58b,-8,10,Normal
2026-02-15 16:53:46.416283,Toronto-e58b,-23,24,Normal
2026-02-15 16:53:47.416283,Toronto-e58b,48,3,Normal
2026-02-15 16:53:48.416283,Toronto-e58b,-9,49,Normal
2026-02-15 16:53:49.416283,Toronto-e58b,14,86,Normal
2026-02-15 16:53:50.416283,Toronto-e58b,-4,42,Normal
2026-02-15 16:53:51.416283,Toronto-e58b,34,66,Normal
2026-02-15 16:53:52.416283,Toronto-e58b,7,63,Normal
2026-02-15 16:53:53.416283,Toronto-e58b,8,47,Normal
2026-02-15 16:53:54.416283,Toronto-e58b,-29,78,Normal
2026-02-15 16:53:55.416283,Toronto-e58b,-27,68,Normal
2026-02-15 16:53:56.416283,Toronto-e58b,44,41,Normal
2026-02-15 16:53:57.416283,Toronto-e58b,15,42,Normal
2026-02-15 16:53:58.416283,Toronto-e58b,2,45,Normal
2026-02-15 16:53:59.416283,Toronto-e58b,-2,61,Normal
2026-02-15 16:54:00.416283,Toronto-e58b,29,98,Normal
2026-02-15 16:54:01.416283,Toronto-e58b,-1,0,Normal
2026-02-15 16:54:02.416283,Toronto-e58b,47,53,Normal
2026-02-15 16:54:03.416283,Toronto-e58b,25,31,Normal
2026-02-15 16:54:04.416283,Toronto-e58b,38,53,Normal
2026-02-15 16:54:05.416283,Toronto-e58b,-17,24,Normal
2026-02-15 16:54:06.416283,Toronto-e58b,40,66,Normal
2026-02-15 16:54:07.416283,Toronto-e58b,3,57,Normal
2026-02-15 16:54:08.416283,Toronto-e58b,24,65,Normal
2026-02-15 16:54:09.416283,Toronto-e58b,-13,73,Normal
2026-02-15 16:54:10.416283,Toronto-e58b,48,92,Normal
2026-02-15 16:54:11.416283,Toronto-e58b,24,62,Normal
2026-02-15 16:54:12.416283,Toronto-e58b,-24,50,Normal
2026-02-15 16:54:13.416283,Toronto-e58b,-25,43,Normal
2026-02-15 16:54:14.416283,Toronto-e58b,21,1,Normal
2026-02-15 16:54:15.416283,Toronto-e58b,32,92,Normal
2026-02-15 16:54:16.416283,Toronto-e58b,15,97,Normal
2026-02-15 16:54:17.416283,Toronto-e58b,14,29,Normal
2026-02-15 16:54:18.416283,Toronto-e58b,16,89,Normal
2026-02-15 16:54:19.416283,Toronto-e58b,-2,26,Normal
2026-02-15 16:54:20.416283,Toronto-e58b,-7,38,Normal
2026-02-15 16:54:21.416283,Toronto-e58b,13,87,Normal
2026-02-15 16:54:22.416283,Toronto-e58b,-15,40,Normal
2026-02-15 16:54:23.416283,Toronto-e58b,34,70,Normal
2026-02-15 16:54:24.416283,Toronto-e58b,-3,29,Normal
2026-02-15 16:54:25.416283,Toronto-e58b,-7,27,Normal
2026-02-15 16:54:26.416283,Toronto-e58b,2,4,Normal
2026-02-15 16:54:27.416283,Toronto-e58b,9,80,Normal
2026-02-15 16:54:28.416283,Toronto-e58b,38,1,Normal
2026-02-15 16:54:29.416283,Toronto-e58b,20,16,Normal
2026-02-15 16:54:30.416283,Toronto-e58b,-20,16,Normal
2026-02-15 16:54:31.416283,Toronto-e58b,15,98,Normal
2026-02-15 16:54:32.416283,Toronto-e58b,-29,9,Normal
2026-02-15 16:54:33.416283,Toronto-e58b,31,8,Normal
2026-02-15 16:54:34.416283,Toronto-e58b,-5,57,Normal
2026-02-15 16:54:35.416283,Toronto-e58b,-20,2,Normal
2026-02-15 16:54:36.416283,Toronto-e58b,31,51,Normal
2026-02-15 16:54:37.416283,Toronto-e58b,-27,52,Normal
2026-02-15 16:54:38.416283,Toronto-e58b,11,25,Normal
2026-02-15 16:54:39.416283,Toronto-e58b,31,43,Normal
2026-02-15 16:54:40.416283,Toronto-e58b,-22,91,Normal
2026-02-15 16:54:41.416283,Toronto-e58b,-9,70,Normal
2026-02-15 16:54:42.416283,Toronto-e58b,13,25,Normal
2026-02-15 16:54:43.416283,Toronto-e58b,5,36,Normal
2026-02-15 16:54:44.416283,Toronto-e58b,50,52,Normal
2026-02-15 16:54:45.416283,Toronto-e58b,-11,48,Normal
2026-02-15 16:54:46.416283,Toronto-e58b,-25,92,Normal
2026-02-15 16:54:47.416283,Toronto-e58b,20,83,Normal
2026-02-15 16:54:48.416283,Toronto-e58b,50,61,Normal
2026-02-15 16:54:49.416283,Toronto-e58b,18,17,Normal
2026-02-15 16:54:50.416283,Toronto-e58b,7,46,Normal
2026-02-15 16:54:51.416283,Toronto-e58b,23,91,Normal
2026-02-15 16:54:52.416283,Toronto-e58b,39,33,Normal
2026-02-15 16:54:53.416283,Toronto-e58b,34,17,Normal
2026-02-15 16:54:54.416283,Toronto-e58b,-1,64,Normal
2026-02-15 16:54:55.416283,Toronto-e58b,-14,28,Normal
2026-02-15 16:54:56.416283,Toronto-e58b,6,46,Normal
2026-02-15 16:54:57.416283,Toronto-e58b,-16,59,Normal
2026-02-15 16:54:58.416283,Toronto-e58b,50,48,Normal
2026-02-15 16:54:59.416283,Toronto-e58b,-15,97,Normal
2026-02-15 16:55:00.416283,Toronto-e58b,-11,13,Normal
2026-02-15 16:55:01.416283,Toronto-e58b,47,14,Normal
2026-02-15 16:55:02.416283,Toronto-e58b,46,0,Normal
2026-02-15 16:55:03.416283,Toronto-e58b,2,27,Normal
2026-02-15 16:55:04.416283,Toronto-e58b,-3,62,Normal
2026-02-15 16:55:05.416283,Toronto-e58b,39,87,Normal
2026-02-15 16:55:06.416283,Toronto-e58b,44,95,Normal
2026-02-15 16:55:07.416283,Toronto-e58b,50,57,Normal
2026-02-15 16:55:08.416283,Toronto-e58b,11,26,Normal
2026-02-15 16:55:09.416283,Toronto-e58b,-7,33,Normal
2026-02-15 16:55:10.416283,Toronto-e58b,31,0,Normal
2026-02-15 16:55:11.416283,Toronto-e58b,49,17,Normal
2026-02-15 16:55:12.416283,Toronto-e58b,28,36,Normal
2026-02-15 16:55:13.416283,Toronto-e58b,1,5,Normal
2026-02-15 16:55:14.416283,Toronto-e58b,22,48,Normal
2026-02-15 16:55:15.416283,Toronto-e58b,24,14,Normal
2026-02-15 16:55:16.416283,Toronto-e58b,5,54,Normal
2026-02-15 16:55:17.416283,Toronto-e58b,-10,42,Normal
2026-02-15 16:55:18.416283,Toronto-e58b,4,32,Normal
2026-02-15 16:55:19.416283,Toronto-e58b,8,22,Normal
2026-02-15 16:55:20.416283,Toronto-e58b,25,84,Normal
2026-02-15 16:55:21.416283,Toronto-e58b,-19,16,Normal
2026-02-15 16:55:22.416283,Toronto-e58b,17,58,Normal
2026-02-15 16:55:23.416283,Toronto-e58b,-12,89,Normal
2026-02-15 16:55:24.416283,Toronto-e58b,38,32,Normal
2026-02-15 16:55:25.416283,Toronto-e58b,13,32,Normal
2026-02-15 16:55:26.416283,Toronto-e58b,42,90,Normal
2026-02-15 16:55:27.416283,Toronto-e58b,44,2,Normal
2026-02-15 16:55:28.416283,Toronto-e58b,5,7,Normal
2026-02-15 16:55:29.416283,Toronto-e58b,33,31,Normal
2026-02-15 16:55:30.416283,Toronto-e58b,43,46,Normal
2026-02-15 16:55:31.416283,Toronto-e58b,-8,12,Normal
2026-02-15 16:55:32.416283,Toronto-e58b,45,36,Normal
2026-02-15 16:55:33.416283,Toronto-e58b,-16,79,Normal
2026-02-15 16:55:34.416283,Toronto-e58b,20,37,Normal
2026-02-15 16:55:35.416283,Toronto-e58b,-17,14,Normal
2026-02-15 16:55:36.416283,Toronto-e58b,27,20,Normal
2026-02-15 16:55:37.416283,Toronto-e58b,16,27,Normal
2026-02-15 16:55:38.416283,Toronto-e58b,10,59,Normal
2026-02-15 16:55:39.416283,Toronto-e58b,43,2,Normal
2026-02-15 16:55:40.416283,Toronto-e58b,43,49,Normal
2026-02-15 16:55:41.416283,Toronto-e58b,40,60,Normal
2026-02-15 16:55:42.416283,Toronto-e58b,47,82,Normal
2026-02-15 16:55:43.416283,Toronto-e58b,15,87,Normal
2026-02-15 16:55:44.416283,Toronto-e58b,-29,52,Normal
2026-02-15 16:55:45.416283,Toronto-e58b,-26,86,Normal
2026-02-15 16:55:46.416283,Toronto-e58b,31,54,Normal
2026-02-15 16:55:47.416283,Toronto-e58b,31,35,Normal
2026-02-15 16:55:48.416283,Toronto-e58b,25,14,Normal
2026-02-15 16:55:49.416283,Toronto-e58b,8,12,Normal
2026-02-15 16:55:50.416283,Toronto-e58b,-16,24,Normal
2026-02-15 16:55:51.416283,Toronto-e58b,27,38,Normal
2026-02-15 16:55:52.416283,Toronto-e58b,-10,59,Normal
2026-02-15 16:55:53.416283,Toronto-e58b,24,81,Normal
2026-02-15 16:55:54.416283,Toronto-e58b,27,56,Normal
2026-02-15 16:55:55.416283,Toronto-e58b,1,10,Normal
2026-02-15 16:55:56.416283,Toronto-e58b,26,74,Normal
2026-02-15 16:55:57.416283,Toronto-e58b,-23,7,Normal
2026-02-15 16:55:58.416283,Toronto-e58b,48,36,Normal
2026-02-15 16:55:59.416283,Toronto-e58b,-18,22,Normal
2026-02-15 16:56:00.416283,Toronto-e58b,38,21,Normal
2026-02-15 16:56:01.416283,Toronto-e58b,-3,49,Normal
2026-02-15 16:56:02.416283,Toronto-e58b,-13,30,Normal
2026-02-15 16:56:03.416283,Toronto-e58b,49,26,Normal
2026-02-15 16:56:04.416283,Toronto-e58b,27,96,Normal
2026-02-15 16:56:05.416283,Toronto-e58b,-28,82,Normal
2026-02-15 16:56:06.416283,Toronto-e58b,43,42,Normal
2026-02-15 16:56:07.416283,Toronto-e58b,24,62,Normal
2026-02-15 16:56:08.416283,Toronto-e58b,34,58,Normal
2026-02-15 16:56:09.416283,Toronto-e58b,29,20,Normal
2026-02-15 16:56:10.416283,Toronto-e58b,-13,87,Normal
2026-02-15 16:56:11.416283,Toronto-e58b,-14,14,Normal
2026-02-15 16:56:12.416283,Toronto-e58b,-26,84,Normal
2026-02-15 16:56:13.416283,Toronto-e58b,-21,17,Normal
2026-02-15 16:56:14.416283,Toronto-e58b,26,77,Normal
2026-02-15 16:56:15.416283,Toronto-e58b,3,73,Normal
2026-02-15 16:56:16.416283,Toronto-e58b,6,46,Normal
2026-02-15 16:56:17.416283,Toronto-e58b,18,81,Normal
2026-02-15 16:56:18.416283,Toronto-e58b,31,94,Normal
2026-02-15 16:56:19.416283,Toronto-e58b,-24,56,Normal
2026-02-15 16:56:20.416283,Toronto-e58b,32,40,Normal
2026-02-15 16:56:21.416283,Toronto-e58b,19,27,Normal
2026-02-15 16:56:22.416283,Toronto-e58b,42,35,Normal
2026-02-15 16:56:23.416283,Toronto-e58b,-30,79,Normal
2026-02-15 16:56:24.416283,Toronto-e58b,13,16,Normal
2026-02-15 16:56:25.416283,Toronto-e58b,-19,19,Normal
2026-02-15 16:56:26.416283,Toronto-e58b,-1,62,Normal
2026-02-15 16:56:27.416283,Toronto-e58b,28,26,Normal
2026-02-15 16:56:28.416283,Toronto-e58b,41,51,Normal
2026-02-15 16:56:29.416283,Toronto-e58b,50,99,Normal
2026-02-15 16:56:30.416283,Toronto-e58b,-9,100,Normal
2026-02-15 16:56:31.416283,Toronto-e58b,18,58,Normal
2026-02-15 16:56:32.416283,Toronto-e58b,20,85,Normal
2026-02-15 16:56:33.416283,Toronto-e58b,46,13,Normal
2026-02-15 16:56:34.416283,Toronto-e58b,11,47,Normal
2026-02-15 16:56:35.416283,Toronto-e58b,-17,40,Normal
2026-02-15 16:56:36.416283,Toronto-e58b,5,23,Normal
2026-02-15 16:56:37.416283,Toronto-e58b,-26,8,Normal
2026-02-15 16:56:38.416283,Toronto-e58b,20,32,Normal
2026-02-15 16:56:39.416283,Toronto-e58b,-13,70,Normal
2026-02-15 16:56:40.416283,Toronto-e58b,1,24,Normal
2026-02-15 16:56:41.416283,Toronto-e58b,1,87,Normal
2026-02-15 16:56:42.416283,Toronto-e58b,12,4,Normal
2026-02-15 16:56:43.416283,Toronto-e58b,13,62,Normal
2026-02-15 16:56:44.416283,Toronto-e58b,18,35,Normal
2026-02-15 16:56:45.416283,Toronto-e58b,22,79,Normal
2026-02-15 16:56:46.416283,Toronto-e58b,8,7,Normal
2026-02-15 16:56:47.416283,Toronto-e58b,40,58,Normal
2026-02-15 16:56:48.416283,Toronto-e58b,31,36,Normal
2026-02-15 16:56:49.416283,Toronto-e58b,44,96,Normal
2026-02-15 16:56:50.416283,Toronto-e58b,-16,82,Normal
2026-02-15 16:56:51.416283,Toronto-e58b,-17,65,Normal
2026-02-15 16:56:52.416283,Toronto-e58b,25,78,Normal
2026-02-15 16:56:53.416283,Toronto-e58b,-25,18,Normal
2026-02-15 16:56:54.416283,Toronto-e58b,-16,69,Normal
2026-02-15 16:56:55.416283,Toronto-e58b,42,49,Normal
2026-02-15 16:56:56.416283,Toronto-e58b,24,12,Normal
2026-02-15 16:56:57.416283,Toronto-e58b,-6,8,Normal
2026-02-15 16:56:58.416283,Toronto-e58b,24,51,Normal
2026-02-15 16:56:59.416283,Toronto-e58b,-2,68,Normal
2026-02-15 16:57:00.416283,Toronto-e58b,31,95,Normal
2026-02-15 16:57:01.416283,Toronto-e58b,-9,97,Normal
2026-02-15 16:57:02.416283,Toronto-e58b,-27,95,Normal
2026-02-15 16:57:03.416283,Toronto-e58b,23,25,Normal
2026-02-15 16:57:04.416283,Toronto-e58b,15,45,Normal
2026-02-15 16:57:05.416283,Toronto-e58b,29,75,Normal
2026-02-15 16:57:06.416283,Toronto-e58b,-3,94,Normal
2026-02-15 16:57:07.416283,Toronto-e58b,32,4,Normal
2026-02-15 16:57:08.416283,Toronto-e58b,34,89,Normal
2026-02-15 16:57:09.416283,Toronto-e58b,14,81,Normal
2026-02-15 16:57:10.416283,Toronto-e58b,8,61,Normal
2026-02-15 16:57:11.416283,Toronto-e58b,-3,74,Normal
2026-02-15 16:57:12.416283,Toronto-e58b,35,54,Normal
2026-02-15 16:57:13.416283,Toronto-e58b,36,0,Normal
2026-02-15 16:57:14.416283,Toronto-e58b,-20,46,Normal
2026-02-15 16:57:15.416283,Toronto-e58b,35,94,Normal
2026-02-15 16:57:16.416283,Toronto-e58b,-18,5,Normal
2026-02-15 16:57:17.416283,Toronto-e58b,15,9,Normal
2026-02-15 16:57:18.416283,Toronto-e58b,24,15,Normal
2026-02-15 16:57:19.416283,Toronto-e58b,-18,51,Normal
2026-02-15 16:57:20.416283,Toronto-e58b,-29,73,Normal
2026-02-15 16:57:21.416283,Toronto-e58b,-17,38,Normal
2026-02-15 16:57:22.416283,Toronto-e58b,-15,13,Normal
2026-02-15 16:57:23.416283,Toronto-e58b,5,39,Normal
2026-02-15 16:57:24.416283,Toronto-e58b,32,65,Normal
