timestamp,station_id,temp,humid,condition
2026-02-08 05:16:54.193766,Berlin-d42c,-13,30,Normal
2026-02-08 05:16:55.193766,Berlin-d42c,2,93,Normal
2026-02-08 05:16:56.193766,Berlin-d42c,36,32,Normal
2026-02-08 05:16:57.193766,Berlin-d42c,-26,1,Normal
2026-02-08 05:16:58.193766,Berlin-d42c,8,0,Normal
2026-02-08 05:16:59.193766,Berlin-d42c,-12,48,Normal
2026-02-08 05:17:00.193766,Berlin-d42c,29,31,Normal
2026-02-08 05:17:01.193766,Berlin-d42c,-30,3,Normal
2026-02-08 05:17:02.193766,Berlin-d42c,40,23,Normal
2026-02-08 05:17:03.193766,Berlin-d42c,2,98,Normal
2026-02-08 05:17:04.193766,Berlin-d42c,11,3,Normal
2026-02-08 05:17:05.193766,Berlin-d42c,-3,33,Normal
2026-02-08 05:17:06.193766,Berlin-d42c,9,64,Normal
2026-02-08 05:17:07.193766,Berlin-d42c,32,43,Normal
2026-02-08 05:17:08.193766,Berlin-d42c,11,64,Normal
2026-02-08 05:17:09.193766,Berlin-d42c,42,17,Normal
2026-02-08 05:17:10.193766,Berlin-d42c,-12,17,Normal
2026-02-08 05:17:11.193766,Berlin-d42c,30,48,Normal
2026-02-08 05:17:12.193766,Berlin-d42c,-16,45,Normal
2026-02-08 05:17:13.193766,Berlin-d42c,21,38,Normal
2026-02-08 05:17:14.193766,Berlin-d42c,-29,15,Normal
2026-02-08 05:17:15.193766,Berlin-d42c,-5,11,Normal
2026-02-08 05:17:16.193766,Berlin-d42c,47,99,Normal
2026-02-08 05:17:17.193766,Berlin-d42c,-16,24,Normal
2026-02-08 05:17:18.193766,Berlin-d42c,8,55,Normal
2026-02-08 05:17:19.193766,Berlin-d42c,3,93,Normal
2026-02-08 05:17:20.193766,Berlin-d42c,-5,42,Normal
2026-02-08 05:17:21.193766,Berlin-d42c,33,74,Normal
2026-02-08 05:17:22.193766,Berlin-d42c,-22,0,Normal
2026-02-08 05:17:23.193766,Berlin-d42c,44,11,Normal
2026-02-08 05:17:24.193766,Berlin-d42c,9,62,Normal
2026-02-08 05:17:25.193766,Berlin-d42c,25,51,Normal
2026-02-08 05:17:26.193766,Berlin-d42c,-19,56,Normal
2026-02-08 05:17:27.193766,Berlin-d42c,33,48,Normal
2026-02-08 05:17:28.193766,Berlin-d42c,41,38,Normal
2026-02-08 05:17:29.193766,Berlin-d42c,0,80,Normal
2026-02-08 05:17:30.193766,Berlin-d42c,6,14,Normal
2026-02-08 05:17:31.193766,Berlin-d42c,27,54,Normal
2026-02-08 05:17:32.193766,Berlin-d42c,11,93,Normal
2026-02-08 05:17:33.193766,Berlin-d42c,21,46,Normal
2026-02-08 05:17:34.193766,Berlin-d42c,17,99,Normal
2026-02-08 05:17:35.193766,Berlin-d42c,35,96,Normal
2026-02-08 05:17:36.193766,Berlin-d42c,5,17,Normal
2026-02-08 05:17:37.193766,Berlin-d42c,34,61,Normal
2026-02-08 05:17:38.193766,Berlin-d42c,23,55,Normal
2026-02-08 05:17:39.193766,Berlin-d42c,34,90,Normal
2026-02-08 05:17:40.193766,Berlin-d42c,22,3,Normal
2026-02-08 05:17:41.193766,Berlin-d42c,-5,4,Normal
2026-02-08 05:17:42.193766,Berlin-d42c,-16,85,Normal
2026-02-08 05:17:43.193766,Berlin-d42c,-7,90,Normal
2026-02-08 05:17:44.193766,Berlin-d42c,38,56,Normal
2026-02-08 05:17:45.193766,Berlin-d42c,2,99,Normal
2026-02-08 05:17:46.193766,Berlin-d42c,7,7,Normal
2026-02-08 05:17:47.193766,Berlin-d42c,50,67,Normal
2026-02-08 05:17:48.193766,Berlin-d42c,-4,59,Normal
2026-02-08 05:17:49.193766,Berlin-d42c,17,5,Normal
2026-02-08 05:17:50.193766,Berlin-d42c,0,94,Normal
2026-02-08 05:17:51.193766,Berlin-d42c,31,89,Normal
2026-02-08 05:17:52.193766,Berlin-d42c,10,16,Normal
2026-02-08 05:17:53.193766,Berlin-d42c,-24,40,Normal
2026-02-08 05:17:54.193766,Berlin-d42c,1,81,Normal
2026-02-08 05:17:55.193766,Berlin-d42c,-13,52,Normal
2026-02-08 05:17:56.193766,Berlin-d42c,-11,48,Normal
2026-02-08 05:17:57.193766,Berlin-d42c,-26,87,Normal
2026-02-08 05:17:58.193766,Berlin-d42c,-24,90,Normal
2026-02-08 05:17:59.193766,Berlin-d42c,11,60,Normal
2026-02-08 05:18:00.193766,Berlin-d42c,-29,18,Normal
2026-02-08 05:18:01.193766,Berlin-d42c,36,49,Normal
2026-02-08 05:18:02.193766,Berlin-d42c,15,0,Normal
2026-02-08 05:18:03.193766,Berlin-d42c,-7,38,Normal
2026-02-08 05:18:04.193766,Berlin-d42c,3,55,Normal
2026-02-08 05:18:05.193766,Berlin-d42c,43,96,Normal
2026-02-08 05:18:06.193766,Berlin-d42c,-5,58,Normal
2026-02-08 05:18:07.193766,Berlin-d42c,29,28,Normal
2026-02-08 05:18:08.193766,Berlin-d42c,22,40,Normal
2026-02-08 05:18:09.193766,Berlin-d42c,36,92,Normal
2026-02-08 05:18:10.193766,Berlin-d42c,30,42,Normal
2026-02-08 05:18:11.193766,Berlin-d42c,-3,65,Normal
2026-02-08 05:18:12.193766,Berlin-d42c,-27,78,Normal
2026-02-08 05:18:13.193766,Berlin-d42c,33,100,Normal
2026-02-08 05:18:14.193766,Berlin-d42c,-5,75,Normal
2026-02-08 05:18:15.193766,Berlin-d42c,20,43,Normal
2026-02-08 05:18:16.193766,Berlin-d42c,-22,7,Normal
2026-02-08 05:18:17.193766,Berlin-d42c,41,96,Normal
2026-02-08 05:18:18.193766,Berlin-d42c,-19,0,Normal
2026-02-08 05:18:19.193766,Berlin-d42c,-25,75,Normal
2026-02-08 05:18:20.193766,Berlin-d42c,-1,88,Normal
2026-02-08 05:18:21.193766,Berlin-d42c,28,97,Normal
2026-02-08 05:18:22.193766,Berlin-d42c,-5,93,Normal
2026-02-08 05:18:23.193766,Berlin-d42c,-26,64,Normal
2026-02-08 05:18:24.193766,Berlin-d42c,13,50,Normal
2026-02-08 05:18:25.193766,Berlin-d42c,7,11,Normal
2026-02-08 05:18:26.193766,Berlin-d42c,15,23,Normal
2026-02-08 05:18:27.193766,Berlin-d42c,44,74,Normal
2026-02-08 05:18:28.193766,Berlin-d42c,30,90,Normal
2026-02-08 05:18:29.193766,Berlin-d42c,0,63,Normal
2026-02-08 05:18:30.193766,Berlin-d42c,-7,99,Normal
2026-02-08 05:18:31.193766,Berlin-d42c,45,74,Normal
2026-02-08 05:18:32.193766,Berlin-d42c,-16,31,Normal
2026-02-08 05:18:33.193766,Berlin-d42c,22,15,Normal
2026-02-08 05:18:34.193766,Berlin-d42c,41,37,Normal
2026-02-08 05:18:35.193766,Berlin-d42c,49,5,Normal
2026-02-08 05:18:36.193766,Berlin-d42c,20,73,Normal
2026-02-08 05:18:37.193766,Berlin-d42c,46,89,Normal
2026-02-08 05:18:38.193766,Berlin-d42c,-7,60,Normal
2026-02-08 05:18:39.193766,Berlin-d42c,5,56,Normal
2026-02-08 05:18:40.193766,Berlin-d42c,-14,3,Normal
2026-02-08 05:18:41.193766,Berlin-d42c,7,30,Normal
2026-02-08 05:18:42.193766,Berlin-d42c,-24,85,Normal
2026-02-08 05:18:43.193766,Berlin-d42c,-8,40,Normal
2026-02-08 05:18:44.193766,Berlin-d42c,39,41,Normal
2026-02-08 05:18:45.193766,Berlin-d42c,8,81,Normal
2026-02-08 05:18:46.193766,Berlin-d42c,14,43,Normal
2026-02-08 05:18:47.193766,Berlin-d42c,-18,54,Normal
2026-02-08 05:18:48.193766,Berlin-d42c,26,61,Normal
2026-02-08 05:18:49.193766,Berlin-d42c,35,13,Normal
2026-02-08 05:18:50.193766,Berlin-d42c,-6,70,Normal
2026-02-08 05:18:51.193766,Berlin-d42c,-25,80,Normal
2026-02-08 05:18:52.193766,Berlin-d42c,22,44,Normal
2026-02-08 05:18:53.193766,Berlin-d42c,19,29,Normal
2026-02-08 05:18:54.193766,Berlin-d42c,5,8,Normal
2026-02-08 05:18:55.193766,Berlin-d42c,5,16,Normal
2026-02-08 05:18:56.193766,Berlin-d42c,28,61,Normal
2026-02-08 05:18:57.193766,Berlin-d42c,20,62,Normal
2026-02-08 05:18:58.193766,Berlin-d42c,-26,56,Normal
2026-02-08 05:18:59.193766,Berlin-d42c,36,20,Normal
2026-02-08 05:19:00.193766,Berlin-d42c,8,17,Normal
2026-02-08 05:19:01.193766,Berlin-d42c,-2,56,Normal
2026-02-08 05:19:02.193766,Berlin-d42c,44,46,Normal
2026-02-08 05:19:03.193766,Berlin-d42c,-7,65,Normal
2026-02-08 05:19:04.193766,Berlin-d42c,-10,93,Normal
2026-02-08 05:19:05.193766,Berlin-d42c,50,83,Normal
2026-02-08 05:19:06.193766,Berlin-d42c,-20,86,Normal
2026-02-08 05:19:07.193766,Berlin-d42c,33,7,Normal
2026-02-08 05:19:08.193766,Berlin-d42c,46,79,Normal
2026-02-08 05:19:09.193766,Berlin-d42c,50,11,Normal
2026-02-08 05:19:10.193766,Berlin-d42c,25,100,Normal
2026-02-08 05:19:11.193766,Berlin-d42c,-28,59,Normal
2026-02-08 05:19:12.193766,Berlin-d42c,1,43,Normal
2026-02-08 05:19:13.193766,Berlin-d42c,22,43,Normal
2026-02-08 05:19:14.193766,Berlin-d42c,30,40,Normal
2026-02-08 05:19:15.193766,Berlin-d42c,34,28,Normal
2026-02-08 05:19:16.193766,Berlin-d42c,-15,98,Normal
2026-02-08 05:19:17.193766,Berlin-d42c,-10,68,Normal
2026-02-08 05:19:18.193766,Berlin-d42c,-5,98,Normal
2026-02-08 05:19:19.193766,Berlin-d42c,-6,73,Normal
2026-02-08 05:19:20.193766,Berlin-d42c,-14,41,Normal
2026-02-08 05:19:21.193766,Berlin-d42c,-2,24,Normal
2026-02-08 05:19:22.193766,Berlin-d42c,4,63,Normal
2026-02-08 05:19:23.193766,Berlin-d42c,-17,35,Normal
2026-02-08 05:19:24.193766,Berlin-d42c,-5,96,Normal
2026-02-08 05:19:25.193766,Berlin-d42c,-24,64,Normal
2026-02-08 05:19:26.193766,Berlin-d42c,35,91,Normal
2026-02-08 05:19:27.193766,Berlin-d42c,12,63,Normal
2026-02-08 05:19:28.193766,Berlin-d42c,-30,77,Normal
2026-02-08 05:19:29.193766,Berlin-d42c,17,75,Normal
2026-02-08 05:19:30.193766,Berlin-d42c,24,47,Normal
2026-02-08 05:19:31.193766,Berlin-d42c,0,1,Normal
2026-02-08 05:19:32.193766,Berlin-d42c,27,6,Normal
2026-02-08 05:19:33.193766,Berlin-d42c,-16,77,Normal
2026-02-08 05:19:34.193766,Berlin-d42c,-21,70,Normal
2026-02-08 05:19:35.193766,Berlin-d42c,30,41,Normal
2026-02-08 05:19:36.193766,Berlin-d42c,41,44,Normal
2026-02-08 05:19:37.193766,Berlin-d42c,41,13,Normal
2026-02-08 05:19:38.193766,Berlin-d42c,46,3,Normal
2026-02-08 05:19:39.193766,Berlin-d42c,5,65,Normal
2026-02-08 05:19:40.193766,Berlin-d42c,38,34,Normal
2026-02-08 05:19:41.193766,Berlin-d42c,47,6,Normal
2026-02-08 05:19:42.193766,Berlin-d42c,34,43,Normal
2026-02-08 05:19:43.193766,Berlin-d42c,-11,89,Normal
2026-02-08 05:19:44.193766,Berlin-d42c,23,82,Normal
2026-02-08 05:19:45.193766,Berlin-d42c,16,29,Normal
2026-02-08 05:19:46.193766,Berlin-d42c,50,99,Normal
2026-02-08 05:19:47.193766,Berlin-d42c,-22,94,Normal
2026-02-08 05:19:48.193766,Berlin-d42c,29,98,Normal
2026-02-08 05:19:49.193766,Berlin-d42c,22,0,Normal
2026-02-08 05:19:50.193766,Berlin-d42c,37,9,Normal
2026-02-08 05:19:51.193766,Berlin-d42c,28,88,Normal
2026-02-08 05:19:52.193766,Berlin-d42c,24,70,Normal
2026-02-08 05:19:53.193766,Berlin-d42c,-5,1,Normal
2026-02-08 05:19:54.193766,Berlin-d42c,31,55,Normal
2026-02-08 05:19:55.193766,Berlin-d42c,-23,50,Normal
2026-02-08 05:19:56.193766,Berlin-d42c,0,27,Normal
2026-02-08 05:19:57.193766,Berlin-d42c,36,34,Normal
2026-02-08 05:19:58.193766,Berlin-d42c,7,88,Normal
2026-02-08 05:19:59.193766,Berlin-d42c,3,99,Normal
2026-02-08 05:20:00.193766,Berlin-d42c,-26,63,Normal
2026-02-08 05:20:01.193766,Berlin-d42c,16,64,Normal
2026-02-08 05:20:02.193766,Berlin-d42c,39,50,Normal
2026-02-08 05:20:03.193766,Berlin-d42c,-1,92,Normal
2026-02-08 05:20:04.193766,Berlin-d42c,9,46,Normal
2026-02-08 05:20:05.193766,Berlin-d42c,-11,44,Normal
2026-02-08 05:20:06.193766,Berlin-d42c,1,7,Normal
2026-02-08 05:20:07.193766,Berlin-d42c,-27,6,Normal
2026-02-08 05:20:08.193766,Berlin-d42c,8,50,Normal
2026-02-08 05:20:09.193766,Berlin-d42c,7,85,Normal
2026-02-08 05:20:10.193766,Berlin-d42c,-22,11,Normal
2026-02-08 05:20:11.193766,Berlin-d42c,-17,10,Normal
2026-02-08 05:20:12.193766,Berlin-d42c,-6,12,Normal
2026-02-08 05:20:13.193766,Berlin-d42c,-10,90,Normal
2026-02-08 05:20:14.193766,Berlin-d42c,34,48,Normal
2026-02-08 05:20:15.193766,Berlin-d42c,47,73,Normal
2026-02-08 05:20:16.193766,Berlin-d42c,50,16,Normal
2026-02-08 05:20:17.193766,Berlin-d42c,9,63,Normal
2026-02-08 05:20:18.193766,Berlin-d42c,28,59,Normal
2026-02-08 05:20:19.193766,Berlin-d42c,28,84,Normal
2026-02-08 05:20:20.193766,Berlin-d42c,-21,92,Normal
2026-02-08 05:20:21.193766,Berlin-d42c,31,81,Normal
2026-02-08 05:20:22.193766,Berlin-d42c,16,59,Normal
2026-02-08 05:20:23.193766,Berlin-d42c,-20,90,Normal
2026-02-08 05:20:24.193766,Berlin-d42c,-26,30,Normal
2026-02-08 05:20:25.193766,Berlin-d42c,25,33,Normal
2026-02-08 05:20:26.193766,Berlin-d42c,39,19,Normal
2026-02-08 05:20:27.193766,Berlin-d42c,22,23,Normal
2026-02-08 05:20:28.193766,Berlin-d42c,27,79,Normal
2026-02-08 05:20:29.193766,Berlin-d42c,-21,46,Normal
2026-02-08 05:20:30.193766,Berlin-d42c,0,73,Normal
2026-02-08 05:20:31.193766,Berlin-d42c,11,67,Normal
2026-02-08 05:20:32.193766,Berlin-d42c,-11,86,Normal
2026-02-08 05:20:33.193766,Berlin-d42c,13,24,Normal
2026-02-08 05:20:34.193766,Berlin-d42c,21,32,Normal
2026-02-08 05:20:35.193766,Berlin-d42c,17,49,Normal
2026-02-08 05:20:36.193766,Berlin-d42c,7,42,Normal
2026-02-08 05:20:37.193766,Berlin-d42c,2,84,Normal
2026-02-08 05:20:38.193766,Berlin-d42c,-2,84,Normal
2026-02-08 05:20:39.193766,Berlin-d42c,-8,96,Normal
2026-02-08 05:20:40.193766,Berlin-d42c,-17,30,Normal
2026-02-08 05:20:41.193766,Berlin-d42c,49,10,Normal
2026-02-08 05:20:42.193766,Berlin-d42c,40,89,Normal
2026-02-08 05:20:43.193766,Berlin-d42c,31,21,Normal
2026-02-08 05:20:44.193766,Berlin-d42c,34,89,Normal
2026-02-08 05:20:45.193766,Berlin-d42c,-17,80,Normal
2026-02-08 05:20:46.193766,Berlin-d42c,11,79,Normal
2026-02-08 05:20:47.193766,Berlin-d42c,20,69,Normal
2026-02-08 05:20:48.193766,Berlin-d42c,25,51,Normal
2026-02-08 05:20:49.193766,Berlin-d42c,31,60,Normal
2026-02-08 05:20:50.193766,Berlin-d42c,-4,49,Normal
2026-02-08 05:20:51.193766,Berlin-d42c,48,79,Normal
2026-02-08 05:20:52.193766,Berlin-d42c,-21,31,Normal
2026-02-08 05:20:53.193766,Berlin-d42c,9,40,Normal
2026-02-08 05:20:54.193766,Berlin-d42c,-27,16,Normal
2026-02-08 05:20:55.193766,Berlin-d42c,28,49,Normal
2026-02-08 05:20:56.193766,Berlin-d42c,36,45,Normal
2026-02-08 05:20:57.193766,Berlin-d42c,48,36,Normal
2026-02-08 05:20:58.193766,Berlin-d42c,-5,21,Normal
2026-02-08 05:20:59.193766,Berlin-d42c,-3,92,Normal
2026-02-08 05:21:00.193766,Berlin-d42c,40,81,Normal
2026-02-08 05:21:01.193766,Berlin-d42c,-9,42,Normal
2026-02-08 05:21:02.193766,Berlin-d42c,2,74,Normal
2026-02-08 05:21:03.193766,Berlin-d42c,27,3,Normal
2026-02-08 05:21:04.193766,Berlin-d42c,34,17,Normal
2026-02-08 05:21:05.193766,Berlin-d42c,18,59,Normal
2026-02-08 05:21:06.193766,Berlin-d42c,10,49,Normal
2026-02-08 05:21:07.193766,Berlin-d42c,34,84,Normal
2026-02-08 05:21:08.193766,Berlin-d42c,48,65,Normal
2026-02-08 05:21:09.193766,Berlin-d42c,-12,5,Normal
2026-02-08 05:21:10.193766,Berlin-d42c,27,44,Normal
2026-02-08 05:21:11.193766,Berlin-d42c,11,97,Normal
2026-02-08 05:21:12.193766,Berlin-d42c,4,24,Normal
2026-02-08 05:21:13.193766,Berlin-d42c,-9,100,Normal
2026-02-08 05:21:14.193766,Berlin-d42c,-29,55,Normal
2026-02-08 05:21:15.193766,Berlin-d42c,16,56,Normal
2026-02-08 05:21:16.193766,Berlin-d42c,42,89,Normal
2026-02-08 05:21:17.193766,Berlin-d42c,44,59,Normal
2026-02-08 05:21:18.193766,Berlin-d42c,-11,84,Normal
2026-02-08 05:21:19.193766,Berlin-d42c,10,67,Normal
2026-02-08 05:21:20.193766,Berlin-d42c,7,6,Normal
2026-02-08 05:21:21.193766,Berlin-d42c,18,72,Normal
2026-02-08 05:21:22.193766,Berlin-d42c,-30,52,Normal
2026-02-08 05:21:23.193766,Berlin-d42c,-24,18,Normal
2026-02-08 05:21:24.193766,Berlin-d42c,8,38,Normal
2026-02-08 05:21:25.193766,Berlin-d42c,12,42,Normal
2026-02-08 05:21:26.193766,Berlin-d42c,15,8,Normal
2026-02-08 05:21:27.193766,Berlin-d42c,12,29,Normal
2026-02-08 05:21:28.193766,Berlin-d42c,17,41,Normal
2026-02-08 05:21:29.193766,Berlin-d42c,-18,34,Normal
2026-02-08 05:21:30.193766,Berlin-d42c,48,19,Normal
2026-02-08 05:21:31.193766,Berlin-d42c,18,50,Normal
2026-02-08 05:21:32.193766,Berlin-d42c,50,30,Normal
2026-02-08 05:21:33.193766,Berlin-d42c,8,46,Normal
2026-02-08 05:21:34.193766,Berlin-d42c,-24,32,Normal
2026-02-08 05:21:35.193766,Berlin-d42c,41,65,Normal
2026-02-08 05:21:36.193766,Berlin-d42c,29,77,Normal
2026-02-08 05:21:37.193766,Berlin-d42c,-21,68,Normal
2026-02-08 05:21:38.193766,Berlin-d42c,23,5,Normal
2026-02-08 05:21:39.193766,Berlin-d42c,44,97,Normal
2026-02-08 05:21:40.193766,Berlin-d42c,46,97,Normal
2026-02-08 05:21:41.193766,Berlin-d42c,48,84,Normal
2026-02-08 05:21:42.193766,Berlin-d42c,-17,27,Normal
2026-02-08 05:21:43.193766,Berlin-d42c,-30,85,Normal
2026-02-08 05:21:44.193766,Berlin-d42c,-27,23,Normal
2026-02-08 05:21:45.193766,Berlin-d42c,-29,6,Normal
2026-02-08 05:21:46.193766,Berlin-d42c,-3,84,Normal
2026-02-08 05:21:47.193766,Berlin-d42c,-5,65,Normal
2026-02-08 05:21:48.193766,Berlin-d42c,36,23,Normal
2026-02-08 05:21:49.193766,Berlin-d42c,22,44,Normal
2026-02-08 05:21:50.193766,Berlin-d42c,17,33,Normal
2026-02-08 05:21:51.193766,Berlin-d42c,-30,5,Normal
2026-02-08 05:21:52.193766,Berlin-d42c,12,9,Normal
2026-02-08 05:21:53.193766,Berlin-d42c,0,35,Normal
2026-02-08 05:21:54.193766,Berlin-d42c,-15,17,Normal
2026-02-08 05:21:55.193766,Berlin-d42c,41,94,Normal
2026-02-08 05:21:56.193766,Berlin-d42c,-29,73,Normal
2026-02-08 05:21:57.193766,Berlin-d42c,27,56,Normal
2026-02-08 05:21:58.193766,Berlin-d42c,33,81,Normal
2026-02-08 05:21:59.193766,Berlin-d42c,15,75,Normal
2026-02-08 05:22:00.193766,Berlin-d42c,-21,85,Normal
2026-02-08 05:22:01.193766,Berlin-d42c,44,59,Normal
2026-02-08 05:22:02.193766,Berlin-d42c,-3,57,Normal
2026-02-08 05:22:03.193766,Berlin-d42c,25,0,Normal
2026-02-08 05:22:04.193766,Berlin-d42c,-9,91,Normal
2026-02-08 05:22:05.193766,Berlin-d42c,-16,25,Normal
2026-02-08 05:22:06.193766,Berlin-d42c,-1,16,Normal
2026-02-08 05:22:07.193766,Berlin-d42c,-17,95,Normal
2026-02-08 05:22:08.193766,Berlin-d42c,-29,5,Normal
2026-02-08 05:22:09.193766,Berlin-d42c,36,95,Normal
2026-02-08 05:22:10.193766,Berlin-d42c,30,48,Normal
2026-02-08 05:22:11.193766,Berlin-d42c,19,90,Normal
2026-02-08 05:22:12.193766,Berlin-d42c,39,81,Normal
2026-02-08 05:22:13.193766,Berlin-d42c,47,32,Normal
2026-02-08 05:22:14.193766,Berlin-d42c,-6,56,Normal
2026-02-08 05:22:15.193766,Berlin-d42c,4,55,Normal
2026-02-08 05:22:16.193766,Berlin-d42c,-26,72,Normal
2026-02-08 05:22:17.193766,Berlin-d42c,2,84,Normal
2026-02-08 05:22:18.193766,Berlin-d42c,-27,42,Normal
2026-02-08 05:22:19.193766,Berlin-d42c,26,55,Normal
2026-02-08 05:22:20.193766,Berlin-d42c,49,39,Normal
2026-02-08 05:22:21.193766,Berlin-d42c,34,40,Normal
2026-02-08 05:22:22.193766,Berlin-d42c,5,82,Normal
2026-02-08 05:22:23.193766,Berlin-d42c,37,12,Normal
2026-02-08 05:22:24.193766,Berlin-d42c,-15,49,Normal
2026-02-08 05:22:25.193766,Berlin-d42c,30,58,Normal
2026-02-08 05:22:26.193766,Berlin-d42c,48,19,Normal
2026-02-08 05:22:27.193766,Berlin-d42c,-25,28,Normal
2026-02-08 05:22:28.193766,Berlin-d42c,32,37,Normal
2026-02-08 05:22:29.193766,Berlin-d42c,-10,59,Normal
2026-02-08 05:22:30.193766,Berlin-d42c,-24,25,Normal
2026-02-08 05:22:31.193766,Berlin-d42c,3,70,Normal
2026-02-08 05:22:32.193766,Berlin-d42c,38,92,Normal
2026-02-08 05:22:33.193766,Berlin-d42c,8,30,Normal
2026-02-08 05:22:34.193766,Berlin-d42c,20,77,Normal
2026-02-08 05:22:35.193766,Berlin-d42c,-11,13,Normal
2026-02-08 05:22:36.193766,Berlin-d42c,38,11,Normal
2026-02-08 05:22:37.193766,Berlin-d42c,7,91,Normal
2026-02-08 05:22:38.193766,Berlin-d42c,-14,96,Normal
2026-02-08 05:22:39.193766,Berlin-d42c,-2,77,Normal
2026-02-08 05:22:40.193766,Berlin-d42c,21,24,Normal
2026-02-08 05:22:41.193766,Berlin-d42c,42,35,Normal
2026-02-08 05:22:42.193766,Berlin-d42c,48,12,Normal
2026-02-08 05:22:43.193766,Berlin-d42c,44,75,Normal
2026-02-08 05:22:44.193766,Berlin-d42c,25,18,Normal
2026-02-08 05:22:45.193766,Berlin-d42c,-19,32,Normal
2026-02-08 05:22:46.193766,Berlin-d42c,-9,21,Normal
2026-02-08 05:22:47.193766,Berlin-d42c,-3,96,Normal
2026-02-08 05:22:48.193766,Berlin-d42c,43,56,Normal
2026-02-08 05:22:49.193766,Berlin-d42c,45,63,Normal
2026-02-08 05:22:50.193766,Berlin-d42c,-22,57,Normal
2026-02-08 05:22:51.193766,Berlin-d42c,4,25,Normal
2026-02-08 05:22:52.193766,Berlin-d42c,-18,95,Normal
2026-02-08 05:22:53.193766,Berlin-d42c,45,57,Normal
2026-02-08 05:22:54.193766,Berlin-d42c,11,50,Normal
2026-02-08 05:22:55.193766,Berlin-d42c,45,83,Normal
2026-02-08 05:22:56.193766,Berlin-d42c,1,48,Normal
2026-02-08 05:22:57.193766,Berlin-d42c,-4,90,Normal
2026-02-08 05:22:58.193766,Berlin-d42c,12,26,Normal
2026-02-08 05:22:59.193766,Berlin-d42c,-17,31,Normal
2026-02-08 05:23:00.193766,Berlin-d42c,-3,89,Normal
2026-02-08 05:23:01.193766,Berlin-d42c,7,69,Normal
2026-02-08 05:23:02.193766,Berlin-d42c,34,92,Normal
2026-02-08 05:23:03.193766,Berlin-d42c,23,37,Normal
2026-02-08 05:23:04.193766,Berlin-d42c,41,19,Normal
2026-02-08 05:23:05.193766,Berlin-d42c,39,37,Normal
2026-02-08 05:23:06.193766,Berlin-d42c,-15,9,Normal
2026-02-08 05:23:07.193766,Berlin-d42c,-5,82,Normal
2026-02-08 05:23:08.193766,Berlin-d42c,8,77,Normal
2026-02-08 05:23:09.193766,Berlin-d42c,-13,88,Normal
2026-02-08 05:23:10.193766,Berlin-d42c,1,16,Normal
2026-02-08 05:23:11.193766,Berlin-d42c,38,6,Normal
2026-02-08 05:23:12.193766,Berlin-d42c,-1,13,Normal
2026-02-08 05:23:13.193766,Berlin-d42c,22,31,Normal
2026-02-08 05:23:14.193766,Berlin-d42c,-8,26,Normal
2026-02-08 05:23:15.193766,Berlin-d42c,19,36,Normal
2026-02-08 05:23:16.193766,Berlin-d42c,4,35,Normal
2026-02-08 05:23:17.193766,Berlin-d42c,-4,39,Normal
2026-02-08 05:23:18.193766,Berlin-d42c,38,15,Normal
2026-02-08 05:23:19.193766,Berlin-d42c,20,52,Normal
2026-02-08 05:23:20.193766,Berlin-d42c,-22,33,Normal
2026-02-08 05:23:21.193766,Berlin-d42c,32,72,Normal
2026-02-08 05:23:22.193766,Berlin-d42c,47,64,Normal
2026-02-08 05:23:23.193766,Berlin-d42c,-23,34,Normal
2026-02-08 05:23:24.193766,Berlin-d42c,17,52,Normal
2026-02-08 05:23:25.193766,Berlin-d42c,-19,90,Normal
2026-02-08 05:23:26.193766,Berlin-d42c,19,43,Normal
2026-02-08 05:23:27.193766,Berlin-d42c,19,5,Normal
2026-02-08 05:23:28.193766,Berlin-d42c,13,42,Normal
2026-02-08 05:23:29.193766,Berlin-d42c,4,78,Normal
2026-02-08 05:23:30.193766,Berlin-d42c,1,6,Normal
2026-02-08 05:23:31.193766,Berlin-d42c,14,84,Normal
2026-02-08 05:23:32.193766,Berlin-d42c,21,41,Normal
2026-02-08 05:23:33.193766,Berlin-d42c,-26,89,Normal
2026-02-08 05:23:34.193766,Berlin-d42c,30,84,Normal
2026-02-08 05:23:35.193766,Berlin-d42c,-13,32,Normal
2026-02-08 05:23:36.193766,Berlin-d42c,-24,81,Normal
2026-02-08 05:23:37.193766,Berlin-d42c,-25,81,Normal
2026-02-08 05:23:38.193766,Berlin-d42c,32,18,Normal
2026-02-08 05:23:39.193766,Berlin-d42c,-24,18,Normal
2026-02-08 05:23:40.193766,Berlin-d42c,34,5,Normal
2026-02-08 05:23:41.193766,Berlin-d42c,9,64,Normal
2026-02-08 05:23:42.193766,Berlin-d42c,22,83,Normal
2026-02-08 05:23:43.193766,Berlin-d42c,49,64,Normal
2026-02-08 05:23:44.193766,Berlin-d42c,22,91,Normal
2026-02-08 05:23:45.193766,Berlin-d42c,-12,94,Normal
2026-02-08 05:23:46.193766,Berlin-d42c,-3,44,Normal
2026-02-08 05:23:47.193766,Berlin-d42c,22,43,Normal
2026-02-08 05:23:48.193766,Berlin-d42c,-11,59,Normal
2026-02-08 05:23:49.193766,Berlin-d42c,17,74,Normal
2026-02-08 05:23:50.193766,Berlin-d42c,30,29,Normal
2026-02-08 05:23:51.193766,Berlin-d42c,6,87,Normal
2026-02-08 05:23:52.193766,Berlin-d42c,5,88,Normal
2026-02-08 05:23:53.193766,Berlin-d42c,-17,58,Normal
2026-02-08 05:23:54.193766,Berlin-d42c,-3,54,Normal
2026-02-08 05:23:55.193766,Berlin-d42c,44,90,Normal
2026-02-08 05:23:56.193766,Berlin-d42c,-22,33,Normal
2026-02-08 05:23:57.193766,Berlin-d42c,-25,33,Normal
2026-02-08 05:23:58.193766,Berlin-d42c,-17,28,Normal
2026-02-08 05:23:59.193766,Berlin-d42c,44,48,Normal
2026-02-08 05:24:00.193766,Berlin-d42c,28,46,Normal
2026-02-08 05:24:01.193766,Berlin-d42c,45,55,Normal
2026-02-08 05:24:02.193766,Berlin-d42c,-11,93,Normal
2026-02-08 05:24:03.193766,Berlin-d42c,-10,76,Normal
2026-02-08 05:24:04.193766,Berlin-d42c,31,21,Normal
2026-02-08 05:24:05.193766,Berlin-d42c,4,43,Normal
2026-02-08 05:24:06.193766,Berlin-d42c,-1,33,Normal
2026-02-08 05:24:07.193766,Berlin-d42c,30,62,Normal
2026-02-08 05:24:08.193766,Berlin-d42c,-13,71,Normal
2026-02-08 05:24:09.193766,Berlin-d42c,17,84,Normal
2026-02-08 05:24:10.193766,Berlin-d42c,-28,51,Normal
2026-02-08 05:24:11.193766,Berlin-d42c,50,28,Normal
2026-02-08 05:24:12.193766,Berlin-d42c,22,19,Normal
2026-02-08 05:24:13.193766,Berlin-d42c,-6,67,Normal
2026-02-08 05:24:14.193766,Berlin-d42c,-25,41,Normal
2026-02-08 05:24:15.193766,Berlin-d42c,14,100,Normal
2026-02-08 05:24:16.193766,Berlin-d42c,24,88,Normal
2026-02-08 05:24:17.193766,Berlin-d42c,44,83,Normal
2026-02-08 05:24:18.193766,Berlin-d42c,-26,36,Normal
2026-02-08 05:24:19.193766,Berlin-d42c,-14,59,Normal
2026-02-08 05:24:20.193766,Berlin-d42c,-7,32,Normal
2026-02-08 05:24:21.193766,Berlin-d42c,10,18,Normal
2026-02-08 05:24:22.193766,Berlin-d42c,32,5,Normal
2026-02-08 05:24:23.193766,Berlin-d42c,26,39,Normal
2026-02-08 05:24:24.193766,Berlin-d42c,2,45,Normal
2026-02-08 05:24:25.193766,Berlin-d42c,-28,41,Normal
2026-02-08 05:24:26.193766,Berlin-d42c,-9,40,Normal
2026-02-08 05:24:27.193766,Berlin-d42c,-3,56,Normal
2026-02-08 05:24:28.193766,Berlin-d42c,-18,2,Normal
2026-02-08 05:24:29.193766,Berlin-d42c,-16,74,Normal
2026-02-08 05:24:30.193766,Berlin-d42c,-10,42,Normal
2026-02-08 05:24:31.193766,Berlin-d42c,-6,60,Normal
2026-02-08 05:24:32.193766,Berlin-d42c,22,30,Normal
2026-02-08 05:24:33.193766,Berlin-d42c,30,80,Normal
2026-02-08 05:24:34.193766,Berlin-d42c,5,4,Normal
2026-02-08 05:24:35.193766,Berlin-d42c,-8,88,Normal
2026-02-08 05:24:36.193766,Berlin-d42c,2,64,Normal
2026-02-08 05:24:37.193766,Berlin-d42c,47,2,Normal
2026-02-08 05:24:38.193766,Berlin-d42c,11,51,Normal
2026-02-08 05:24:39.193766,Berlin-d42c,2,7,Normal
2026-02-08 05:24:40.193766,Berlin-d42c,-1,79,Normal
2026-02-08 05:24:41.193766,Berlin-d42c,22,19,Normal
2026-02-08 05:24:42.193766,Berlin-d42c,27,89,Normal
2026-02-08 05:24:43.193766,Berlin-d42c,26,16,Normal
2026-02-08 05:24:44.193766,Berlin-d42c,-11,87,Normal
2026-02-08 05:24:45.193766,Berlin-d42c,29,4,Normal
2026-02-08 05:24:46.193766,Berlin-d42c,9,24,Normal
2026-02-08 05:24:47.193766,Berlin-d42c,-1,31,Normal
2026-02-08 05:24:48.193766,Berlin-d42c,4,59,Normal
2026-02-08 05:24:49.193766,Berlin-d42c,38,18,Normal
2026-02-08 05:24:50.193766,Berlin-d42c,19,40,Normal
2026-02-08 05:24:51.193766,Berlin-d42c,29,3,Normal
2026-02-08 05:24:52.193766,Berlin-d42c,-14,2,Normal
2026-02-08 05:24:53.193766,Berlin-d42c,28,29,Normal
2026-02-08 05:24:54.193766,Berlin-d42c,-29,90,Normal
2026-02-08 05:24:55.193766,Berlin-d42c,-20,4,Normal
2026-02-08 05:24:56.193766,Berlin-d42c,4,96,Normal
2026-02-08 05:24:57.193766,Berlin-d42c,33,7,Normal
2026-02-08 05:24:58.193766,Berlin-d42c,-5,33,Normal
2026-02-08 05:24:59.193766,Berlin-d42c,12,60,Normal
2026-02-08 05:25:00.193766,Berlin-d42c,11,66,Normal
2026-02-08 05:25:01.193766,Berlin-d42c,-19,10,Normal
2026-02-08 05:25:02.193766,Berlin-d42c,27,39,Normal
2026-02-08 05:25:03.193766,Berlin-d42c,47,57,Normal
2026-02-08 05:25:04.193766,Berlin-d42c,-23,15,Normal
2026-02-08 05:25:05.193766,Berlin-d42c,21,7,Normal
2026-02-08 05:25:06.193766,Berlin-d42c,9,51,Normal
2026-02-08 05:25:07.193766,Berlin-d42c,10,81,Normal
2026-02-08 05:25:08.193766,Berlin-d42c,38,65,Normal
2026-02-08 05:25:09.193766,Berlin-d42c,50,26,Normal
2026-02-08 05:25:10.193766,Berlin-d42c,10,92,Normal
2026-02-08 05:25:11.193766,Berlin-d42c,15,16,Normal
2026-02-08 05:25:12.193766,Berlin-d42c,-21,48,Normal
2026-02-08 05:25:13.193766,Berlin-d42c,37,32,Normal
2026-02-08 05:25:14.193766,Berlin-d42c,-15,85,Normal
2026-02-08 05:25:15.193766,Berlin-d42c,-12,6,Normal
2026-02-08 05:25:16.193766,Berlin-d42c,31,71,Normal
2026-02-08 05:25:17.193766,Berlin-d42c,25,74,Normal
2026-02-08 05:25:18.193766,Berlin-d42c,42,38,Normal
2026-02-08 05:25:19.193766,Berlin-d42c,-23,40,Normal
2026-02-08 05:25:20.193766,Berlin-d42c,32,24,Normal
2026-02-08 05:25:21.193766,Berlin-d42c,0,34,Normal
2026-02-08 05:25:22.193766,Berlin-d42c,48,54,Normal
2026-02-08 05:25:23.193766,Berlin-d42c,22,56,Normal
2026-02-08 05:25:24.193766,Berlin-d42c,-11,32,Normal
2026-02-08 05:25:25.193766,Berlin-d42c,34,31,Normal
2026-02-08 05:25:26.193766,Berlin-d42c,-20,65,Normal
2026-02-08 05:25:27.193766,Berlin-d42c,14,52,Normal
2026-02-08 05:25:28.193766,Berlin-d42c,-15,95,Normal
2026-02-08 05:25:29.193766,Berlin-d42c,26,39,Normal
2026-02-08 05:25:30.193766,Berlin-d42c,38,24,Normal
2026-02-08 05:25:31.193766,Berlin-d42c,1,34,Normal
2026-02-08 05:25:32.193766,Berlin-d42c,20,60,Normal
2026-02-08 05:25:33.193766,Berlin-d42c,25,57,Normal
2026-02-08 05:25:34.193766,Berlin-d42c,-17,52,Normal
2026-02-08 05:25:35.193766,Berlin-d42c,19,40,Normal
2026-02-08 05:25:36.193766,Berlin-d42c,-27,88,Normal
2026-02-08 05:25:37.193766,Berlin-d42c,-29,87,Normal
2026-02-08 05:25:38.193766,Berlin-d42c,27,97,Normal
2026-02-08 05:25:39.193766,Berlin-d42c,43,88,Normal
2026-02-08 05:25:40.193766,Berlin-d42c,-13,52,Normal
2026-02-08 05:25:41.193766,Berlin-d42c,-10,26,Normal
2026-02-08 05:25:42.193766,Berlin-d42c,7,22,Normal
2026-02-08 05:25:43.193766,Berlin-d42c,2,75,Normal
2026-02-08 05:25:44.193766,Berlin-d42c,-24,61,Normal
2026-02-08 05:25:45.193766,Berlin-d42c,1,24,Normal
2026-02-08 05:25:46.193766,Berlin-d42c,-22,56,Normal
2026-02-08 05:25:47.193766,Berlin-d42c,39,2,Normal
2026-02-08 05:25:48.193766,Berlin-d42c,9,64,Normal
2026-02-08 05:25:49.193766,Berlin-d42c,29,96,Normal
2026-02-08 05:25:50.193766,Berlin-d42c,-17,59,Normal
2026-02-08 05:25:51.193766,Berlin-d42c,45,20,Normal
2026-02-08 05:25:52.193766,Berlin-d42c,34,30,Normal
2026-02-08 05:25:53.193766,Berlin-d42c,30,75,Normal
2026-02-08 05:25:54.193766,Berlin-d42c,45,66,Normal
2026-02-08 05:25:55.193766,Berlin-d42c,26,45,Normal
2026-02-08 05:25:56.193766,Berlin-d42c,4,94,Normal
2026-02-08 05:25:57.193766,Berlin-d42c,6,78,Normal
2026-02-08 05:25:58.193766,Berlin-d42c,-1,10,Normal
2026-02-08 05:25:59.193766,Berlin-d42c,7,94,Normal
2026-02-08 05:26:00.193766,Berlin-d42c,-15,19,Normal
2026-02-08 05:26:01.193766,Berlin-d42c,16,98,Normal
2026-02-08 05:26:02.193766,Berlin-d42c,46,44,Normal
2026-02-08 05:26:03.193766,Berlin-d42c,31,50,Normal
2026-02-08 05:26:04.193766,Berlin-d42c,-26,29,Normal
2026-02-08 05:26:05.193766,Berlin-d42c,-15,96,Normal
2026-02-08 05:26:06.193766,Berlin-d42c,27,3,Normal
2026-02-08 05:26:07.193766,Berlin-d42c,-30,84,Normal
2026-02-08 05:26:08.193766,Berlin-d42c,3,48,Normal
2026-02-08 05:26:09.193766,Berlin-d42c,-15,84,Normal
2026-02-08 05:26:10.193766,Berlin-d42c,24,61,Normal
2026-02-08 05:26:11.193766,Berlin-d42c,2,2,Normal
2026-02-08 05:26:12.193766,Berlin-d42c,44,29,Normal
2026-02-08 05:26:13.193766,Berlin-d42c,-13,68,Normal
2026-02-08 05:26:14.193766,Berlin-d42c,-20,91,Normal
2026-02-08 05:26:15.193766,Berlin-d42c,45,65,Normal
2026-02-08 05:26:16.193766,Berlin-d42c,1,100,Normal
2026-02-08 05:26:17.193766,Berlin-d42c,-19,7,Normal
2026-02-08 05:26:18.193766,Berlin-d42c,3,5,Normal
2026-02-08 05:26:19.193766,Berlin-d42c,18,75,Normal
2026-02-08 05:26:20.193766,Berlin-d42c,20,46,Normal
2026-02-08 05:26:21.193766,Berlin-d42c,47,83,Normal
2026-02-08 05:26:22.193766,Berlin-d42c,47,51,Normal
2026-02-08 05:26:23.193766,Berlin-d42c,-4,9,Normal
2026-02-08 05:26:24.193766,Berlin-d42c,36,28,Normal
2026-02-08 05:26:25.193766,Berlin-d42c,-29,85,Normal
2026-02-08 05:26:26.193766,Berlin-d42c,42,9,Normal
2026-02-08 05:26:27.193766,Berlin-d42c,-17,21,Normal
2026-02-08 05:26:28.193766,Berlin-d42c,17,44,Normal
2026-02-08 05:26:29.193766,Berlin-d42c,44,27,Normal
2026-02-08 05:26:30.193766,Berlin-d42c,24,30,Normal
2026-02-08 05:26:31.193766,Berlin-d42c,-23,56,Normal
2026-02-08 05:26:32.193766,Berlin-d42c,-2,33,Normal
2026-02-08 05:26:33.193766,Berlin-d42c,49,78,Normal
2026-02-08 05:26:34.193766,Berlin-d42c,49,35,Normal
2026-02-08 05:26:35.193766,Berlin-d42c,1,77,Normal
2026-02-08 05:26:36.193766,Berlin-d42c,29,94,Normal
2026-02-08 05:26:37.193766,Berlin-d42c,-27,44,Normal
2026-02-08 05:26:38.193766,Berlin-d42c,21,50,Normal
2026-02-08 05:26:39.193766,Berlin-d42c,20,36,Normal
2026-02-08 05:26:40.193766,Berlin-d42c,-25,83,Normal
2026-02-08 05:26:41.193766,Berlin-d42c,-19,59,Normal
2026-02-08 05:26:42.193766,Berlin-d42c,27,40,Normal
2026-02-08 05:26:43.193766,Berlin-d42c,31,0,Normal
2026-02-08 05:26:44.193766,Berlin-d42c,44,55,Normal
2026-02-08 05:26:45.193766,Berlin-d42c,16,52,Normal
2026-02-08 05:26:46.193766,Berlin-d42c,30,4,Normal
2026-02-08 05:26:47.193766,Berlin-d42c,8,78,Normal
2026-02-08 05:26:48.193766,Berlin-d42c,31,85,Normal
2026-02-08 05:26:49.193766,Berlin-d42c,-17,21,Normal
2026-02-08 05:26:50.193766,Berlin-d42c,-24,85,Normal
2026-02-08 05:26:51.193766,Berlin-d42c,20,37,Normal
2026-02-08 05:26:52.193766,Berlin-d42c,-30,13,Normal
2026-02-08 05:26:53.193766,Berlin-d42c,-24,26,Normal
2026-02-08 05:26:54.193766,Berlin-d42c,38,77,Normal
2026-02-08 05:26:55.193766,Berlin-d42c,45,70,Normal
2026-02-08 05:26:56.193766,Berlin-d42c,-30,76,Normal
2026-02-08 05:26:57.193766,Berlin-d42c,-27,47,Normal
2026-02-08 05:26:58.193766,Berlin-d42c,1,97,Normal
2026-02-08 05:26:59.193766,Berlin-d42c,24,85,Normal
2026-02-08 05:27:00.193766,Berlin-d42c,-25,88,Normal
2026-02-08 05:27:01.193766,Berlin-d42c,41,43,Normal
2026-02-08 05:27:02.193766,Berlin-d42c,-21,84,Normal
2026-02-08 05:27:03.193766,Berlin-d42c,-4,16,Normal
2026-02-08 05:27:04.193766,Berlin-d42c,6,32,Normal
2026-02-08 05:27:05.193766,Berlin-d42c,-13,14,Normal
2026-02-08 05:27:06.193766,Berlin-d42c,15,12,Normal
2026-02-08 05:27:07.193766,Berlin-d42c,-26,94,Normal
2026-02-08 05:27:08.193766,Berlin-d42c,46,53,Normal
2026-02-08 05:27:09.193766,Berlin-d42c,18,85,Normal
2026-02-08 05:27:10.193766,Berlin-d42c,-20,51,Normal
2026-02-08 05:27:11.193766,Berlin-d42c,16,68,Normal
2026-02-08 05:27:12.193766,Berlin-d42c,2,99,Normal
2026-02-08 05:27:13.193766,Berlin-d42c,46,42,Normal
2026-02-08 05:27:14.193766,Berlin-d42c,44,55,Normal
2026-02-08 05:27:15.193766,Berlin-d42c,34,97,Normal
2026-02-08 05:27:16.193766,Berlin-d42c,31,36,Normal
2026-02-08 05:27:17.193766,Berlin-d42c,-6,75,Normal
2026-02-08 05:27:18.193766,Berlin-d42c,-8,30,Normal
2026-02-08 05:27:19.193766,Berlin-d42c,32,55,Normal
2026-02-08 05:27:20.193766,Berlin-d42c,-15,64,Normal
2026-02-08 05:27:21.193766,Berlin-d42c,46,21,Normal
2026-02-08 05:27:22.193766,Berlin-d42c,21,52,Normal
2026-02-08 05:27:23.193766,Berlin-d42c,-14,83,Normal
2026-02-08 05:27:24.193766,Berlin-d42c,6,10,Normal
2026-02-08 05:27:25.193766,Berlin-d42c,38,43,Normal
2026-02-08 05:27:26.193766,Berlin-d42c,23,42,Normal
2026-02-08 05:27:27.193766,Berlin-d42c,-21,91,Normal
2026-02-08 05:27:28.193766,Berlin-d42c,36,31,Normal
2026-02-08 05:27:29.193766,Berlin-d42c,-6,73,Normal
2026-02-08 05:27:30.193766,Berlin-d42c,-10,88,Normal
2026-02-08 05:27:31.193766,Berlin-d42c,-26,12,Normal
2026-02-08 05:27:32.193766,Berlin-d42c,-23,58,Normal
2026-02-08 05:27:33.193766,Berlin-d42c,-11,29,Normal
2026-02-08 05:27:34.193766,Berlin-d42c,-27,65,Normal
2026-02-08 05:27:35.193766,Berlin-d42c,10,3,Normal
2026-02-08 05:27:36.193766,Berlin-d42c,36,52,Normal
2026-02-08 05:27:37.193766,Berlin-d42c,18,99,Normal
2026-02-08 05:27:38.193766,Berlin-d42c,-9,37,Normal
2026-02-08 05:27:39.193766,Berlin-d42c,-10,61,Normal
2026-02-08 05:27:40.193766,Berlin-d42c,-2,34,Normal
2026-02-08 05:27:41.193766,Berlin-d42c,30,61,Normal
2026-02-08 05:27:42.193766,Berlin-d42c,-16,92,Normal
2026-02-08 05:27:43.193766,Berlin-d42c,16,94,Normal
2026-02-08 05:27:44.193766,Berlin-d42c,44,24,Normal
2026-02-08 05:27:45.193766,Berlin-d42c,-26,35,Normal
2026-02-08 05:27:46.193766,Berlin-d42c,39,28,Normal
2026-02-08 05:27:47.193766,Berlin-d42c,-2,60,Normal
2026-02-08 05:27:48.193766,Berlin-d42c,-12,98,Normal
2026-02-08 05:27:49.193766,Berlin-d42c,36,51,Normal
2026-02-08 05:27:50.193766,Berlin-d42c,26,42,Normal
2026-02-08 05:27:51.193766,Berlin-d42c,44,56,Normal
2026-02-08 05:27:52.193766,Berlin-d42c,-11,45,Normal
2026-02-08 05:27:53.193766,Berlin-d42c,-17,15,Normal
2026-02-08 05:27:54.193766,Berlin-d42c,49,81,Normal
2026-02-08 05:27:55.193766,Berlin-d42c,11,98,Normal
2026-02-08 05:27:56.193766,Berlin-d42c,-9,99,Normal
2026-02-08 05:27:57.193766,Berlin-d42c,42,59,Normal
2026-02-08 05:27:58.193766,Berlin-d42c,-12,38,Normal
2026-02-08 05:27:59.193766,Berlin-d42c,1,69,Normal
2026-02-08 05:28:00.193766,Berlin-d42c,38,97,Normal
2026-02-08 05:28:01.193766,Berlin-d42c,-14,49,Normal
2026-02-08 05:28:02.193766,Berlin-d42c,42,88,Normal
2026-02-08 05:28:03.193766,Berlin-d42c,47,27,Normal
2026-02-08 05:28:04.193766,Berlin-d42c,-15,92,Normal
2026-02-08 05:28:05.193766,Berlin-d42c,-27,42,Normal
2026-02-08 05:28:06.193766,Berlin-d42c,6,44,Normal
2026-02-08 05:28:07.193766,Berlin-d42c,34,81,Normal
2026-02-08 05:28:08.193766,Berlin-d42c,32,58,Normal
2026-02-08 05:28:09.193766,Berlin-d42c,-13,38,Normal
2026-02-08 05:28:10.193766,Berlin-d42c,8,8,Normal
2026-02-08 05:28:11.193766,Berlin-d42c,-30,78,Normal
2026-02-08 05:28:12.193766,Berlin-d42c,46,3,Normal
2026-02-08 05:28:13.193766,Berlin-d42c,42,25,Normal
2026-02-08 05:28:14.193766,Berlin-d42c,34,55,Normal
2026-02-08 05:28:15.193766,Berlin-d42c,17,51,Normal
2026-02-08 05:28:16.193766,Berlin-d42c,28,86,Normal
2026-02-08 05:28:17.193766,Berlin-d42c,9,66,Normal
2026-02-08 05:28:18.193766,Berlin-d42c,-16,94,Normal
2026-02-08 05:28:19.193766,Berlin-d42c,31,4,Normal
2026-02-08 05:28:20.193766,Berlin-d42c,-27,76,Normal
2026-02-08 05:28:21.193766,Berlin-d42c,-8,59,Normal
2026-02-08 05:28:22.193766,Berlin-d42c,32,45,Normal
2026-02-08 05:28:23.193766,Berlin-d42c,0,37,Normal
2026-02-08 05:28:24.193766,Berlin-d42c,-10,44,Normal
2026-02-08 05:28:25.193766,Berlin-d42c,-16,35,Normal
2026-02-08 05:28:26.193766,Berlin-d42c,18,49,Normal
2026-02-08 05:28:27.193766,Berlin-d42c,7,28,Normal
2026-02-08 05:28:28.193766,Berlin-d42c,48,48,Normal
2026-02-08 05:28:29.193766,Berlin-d42c,-4,26,Normal
2026-02-08 05:28:30.193766,Berlin-d42c,22,14,Normal
2026-02-08 05:28:31.193766,Berlin-d42c,7,30,Normal
2026-02-08 05:28:32.193766,Berlin-d42c,6,39,Normal
2026-02-08 05:28:33.193766,Berlin-d42c,-15,41,Normal
2026-02-08 05:28:34.193766,Berlin-d42c,20,33,Normal
2026-02-08 05:28:35.193766,Berlin-d42c,4,96,Normal
2026-02-08 05:28:36.193766,Berlin-d42c,36,26,Normal
2026-02-08 05:28:37.193766,Berlin-d42c,32,23,Normal
2026-02-08 05:28:38.193766,Berlin-d42c,43,1,Normal
2026-02-08 05:28:39.193766,Berlin-d42c,-8,32,Normal
2026-02-08 05:28:40.193766,Berlin-d42c,38,66,Normal
2026-02-08 05:28:41.193766,Berlin-d42c,27,71,Normal
2026-02-08 05:28:42.193766,Berlin-d42c,12,38,Normal
2026-02-08 05:28:43.193766,Berlin-d42c,0,99,Normal
2026-02-08 05:28:44.193766,Berlin-d42c,46,6,Normal
2026-02-08 05:28:45.193766,Berlin-d42c,2,14,Normal
2026-02-08 05:28:46.193766,Berlin-d42c,-6,39,Normal
2026-02-08 05:28:47.193766,Berlin-d42c,46,43,Normal
2026-02-08 05:28:48.193766,Berlin-d42c,-2,16,Normal
2026-02-08 05:28:49.193766,Berlin-d42c,25,11,Normal
2026-02-08 05:28:50.193766,Berlin-d42c,-10,21,Normal
2026-02-08 05:28:51.193766,Berlin-d42c,29,57,Normal
2026-02-08 05:28:52.193766,Berlin-d42c,-20,2,Normal
2026-02-08 05:28:53.193766,Berlin-d42c,-1,19,Normal
2026-02-08 05:28:54.193766,Berlin-d42c,29,7,Normal
2026-02-08 05:28:55.193766,Berlin-d42c,32,80,Normal
2026-02-08 05:28:56.193766,Berlin-d42c,13,87,Normal
2026-02-08 05:28:57.193766,Berlin-d42c,46,64,Normal
2026-02-08 05:28:58.193766,Berlin-d42c,-18,14,Normal
2026-02-08 05:28:59.193766,Berlin-d42c,16,55,Normal
2026-02-08 05:29:00.193766,Berlin-d42c,12,71,Normal
2026-02-08 05:29:01.193766,Berlin-d42c,35,80,Normal
2026-02-08 05:29:02.193766,Berlin-d42c,4,80,Normal
2026-02-08 05:29:03.193766,Berlin-d42c,15,84,Normal
2026-02-08 05:29:04.193766,Berlin-d42c,-9,89,Normal
2026-02-08 05:29:05.193766,Berlin-d42c,-16,75,Normal
2026-02-08 05:29:06.193766,Berlin-d42c,35,30,Normal
2026-02-08 05:29:07.193766,Berlin-d42c,-16,25,Normal
2026-02-08 05:29:08.193766,Berlin-d42c,37,73,Normal
2026-02-08 05:29:09.193766,Berlin-d42c,18,31,Normal
2026-02-08 05:29:10.193766,Berlin-d42c,25,93,Normal
2026-02-08 05:29:11.193766,Berlin-d42c,45,33,Normal
2026-02-08 05:29:12.193766,Berlin-d42c,40,18,Normal
2026-02-08 05:29:13.193766,Berlin-d42c,-24,87,Normal
2026-02-08 05:29:14.193766,Berlin-d42c,23,49,Normal
2026-02-08 05:29:15.193766,Berlin-d42c,-22,7,Normal
2026-02-08 05:29:16.193766,Berlin-d42c,13,47,Normal
2026-02-08 05:29:17.193766,Berlin-d42c,-20,93,Normal
2026-02-08 05:29:18.193766,Berlin-d42c,-13,1,Normal
2026-02-08 05:29:19.193766,Berlin-d42c,37,63,Normal
2026-02-08 05:29:20.193766,Berlin-d42c,1,59,Normal
2026-02-08 05:29:21.193766,Berlin-d42c,-28,9,Normal
2026-02-08 05:29:22.193766,Berlin-d42c,-21,30,Normal
2026-02-08 05:29:23.193766,Berlin-d42c,1,56,Normal
2026-02-08 05:29:24.193766,Berlin-d42c,9,51,Normal
2026-02-08 05:29:25.193766,Berlin-d42c,41,84,Normal
2026-02-08 05:29:26.193766,Berlin-d42c,27,80,Normal
2026-02-08 05:29:27.193766,Berlin-d42c,-9,45,Normal
2026-02-08 05:29:28.193766,Berlin-d42c,7,33,Normal
2026-02-08 05:29:29.193766,Berlin-d42c,-21,50,Normal
2026-02-08 05:29:30.193766,Berlin-d42c,29,85,Normal
2026-02-08 05:29:31.193766,Berlin-d42c,-25,47,Normal
2026-02-08 05:29:32.193766,Berlin-d42c,45,87,Normal
2026-02-08 05:29:33.193766,Berlin-d42c,44,62,Normal
2026-02-08 05:29:34.193766,Berlin-d42c,18,90,Normal
2026-02-08 05:29:35.193766,Berlin-d42c,9,99,Normal
2026-02-08 05:29:36.193766,Berlin-d42c,0,42,Normal
2026-02-08 05:29:37.193766,Berlin-d42c,22,23,Normal
2026-02-08 05:29:38.193766,Berlin-d42c,46,66,Normal
2026-02-08 05:29:39.193766,Berlin-d42c,-14,74,Normal
2026-02-08 05:29:40.193766,Berlin-d42c,43,5,Normal
2026-02-08 05:29:41.193766,Berlin-d42c,-8,64,Normal
2026-02-08 05:29:42.193766,Berlin-d42c,15,14,Normal
2026-02-08 05:29:43.193766,Berlin-d42c,44,57,Normal
2026-02-08 05:29:44.193766,Berlin-d42c,22,15,Normal
2026-02-08 05:29:45.193766,Berlin-d42c,-2,14,Normal
2026-02-08 05:29:46.193766,Berlin-d42c,-28,48,Normal
2026-02-08 05:29:47.193766,Berlin-d42c,-26,17,Normal
2026-02-08 05:29:48.193766,Berlin-d42c,16,79,Normal
2026-02-08 05:29:49.193766,Berlin-d42c,-4,58,Normal
2026-02-08 05:29:50.193766,Berlin-d42c,17,77,Normal
2026-02-08 05:29:51.193766,Berlin-d42c,-5,39,Normal
2026-02-08 05:29:52.193766,Berlin-d42c,16,92,Normal
2026-02-08 05:29:53.193766,Berlin-d42c,39,94,Normal
2026-02-08 05:29:54.193766,Berlin-d42c,43,7,Normal
2026-02-08 05:29:55.193766,Berlin-d42c,30,7,Normal
2026-02-08 05:29:56.193766,Berlin-d42c,-26,45,Normal
2026-02-08 05:29:57.193766,Berlin-d42c,20,9,Normal
2026-02-08 05:29:58.193766,Berlin-d42c,11,3,Normal
2026-02-08 05:29:59.193766,Berlin-d42c,-24,19,Normal
2026-02-08 05:30:00.193766,Berlin-d42c,23,24,Normal
2026-02-08 05:30:01.193766,Berlin-d42c,-18,8,Normal
2026-02-08 05:30:02.193766,Berlin-d42c,-21,59,Normal
2026-02-08 05:30:03.193766,Berlin-d42c,14,19,Normal
2026-02-08 05:30:04.193766,Berlin-d42c,16,100,Normal
2026-02-08 05:30:05.193766,Berlin-d42c,-19,37,Normal
2026-02-08 05:30:06.193766,Berlin-d42c,36,24,Normal
2026-02-08 05:30:07.193766,Berlin-d42c,29,45,Normal
2026-02-08 05:30:08.193766,Berlin-d42c,-11,47,Normal
2026-02-08 05:30:09.193766,Berlin-d42c,28,75,Normal
2026-02-08 05:30:10.193766,Berlin-d42c,-16,84,Normal
2026-02-08 05:30:11.193766,Berlin-d42c,17,74,Normal
2026-02-08 05:30:12.193766,Berlin-d42c,14,26,Normal
2026-02-08 05:30:13.193766,Berlin-d42c,19,92,Normal
2026-02-08 05:30:14.193766,Berlin-d42c,50,37,Normal
2026-02-08 05:30:15.193766,Berlin-d42c,0,27,Normal
2026-02-08 05:30:16.193766,Berlin-d42c,-2,13,Normal
2026-02-08 05:30:17.193766,Berlin-d42c,9,45,Normal
2026-02-08 05:30:18.193766,Berlin-d42c,36,74,Normal
2026-02-08 05:30:19.193766,Berlin-d42c,-26,14,Normal
2026-02-08 05:30:20.193766,Berlin-d42c,45,92,Normal
2026-02-08 05:30:21.193766,Berlin-d42c,34,73,Normal
2026-02-08 05:30:22.193766,Berlin-d42c,-18,20,Normal
2026-02-08 05:30:23.193766,Berlin-d42c,-20,46,Normal
2026-02-08 05:30:24.193766,Berlin-d42c,-6,7,Normal
2026-02-08 05:30:25.193766,Berlin-d42c,23,60,Normal
2026-02-08 05:30:26.193766,Berlin-d42c,-10,62,Normal
2026-02-08 05:30:27.193766,Berlin-d42c,31,16,Normal
2026-02-08 05:30:28.193766,Berlin-d42c,48,70,Normal
2026-02-08 05:30:29.193766,Berlin-d42c,16,49,Normal
2026-02-08 05:30:30.193766,Berlin-d42c,-18,16,Normal
2026-02-08 05:30:31.193766,Berlin-d42c,8,46,Normal
2026-02-08 05:30:32.193766,Berlin-d42c,28,13,Normal
2026-02-08 05:30:33.193766,Berlin-d42c,20,27,Normal
2026-02-08 05:30:34.193766,Berlin-d42c,-5,60,Normal
2026-02-08 05:30:35.193766,Berlin-d42c,38,75,Normal
2026-02-08 05:30:36.193766,Berlin-d42c,13,47,Normal
2026-02-08 05:30:37.193766,Berlin-d42c,18,28,Normal
2026-02-08 05:30:38.193766,Berlin-d42c,20,15,Normal
2026-02-08 05:30:39.193766,Berlin-d42c,38,76,Normal
2026-02-08 05:30:40.193766,Berlin-d42c,44,98,Normal
2026-02-08 05:30:41.193766,Berlin-d42c,2,87,Normal
2026-02-08 05:30:42.193766,Berlin-d42c,40,19,Normal
2026-02-08 05:30:43.193766,Berlin-d42c,48,33,Normal
2026-02-08 05:30:44.193766,Berlin-d42c,9,55,Normal
2026-02-08 05:30:45.193766,Berlin-d42c,21,27,Normal
2026-02-08 05:30:46.193766,Berlin-d42c,-8,45,Normal
2026-02-08 05:30:47.193766,Berlin-d42c,32,32,Normal
2026-02-08 05:30:48.193766,Berlin-d42c,33,5,Normal
2026-02-08 05:30:49.193766,Berlin-d42c,13,57,Normal
2026-02-08 05:30:50.193766,Berlin-d42c,10,10,Normal
2026-02-08 05:30:51.193766,Berlin-d42c,-29,42,Normal
2026-02-08 05:30:52.193766,Berlin-d42c,37,56,Normal
2026-02-08 05:30:53.193766,Berlin-d42c,3,70,Normal
2026-02-08 05:30:54.193766,Berlin-d42c,-14,63,Normal
2026-02-08 05:30:55.193766,Berlin-d42c,23,87,Normal
2026-02-08 05:30:56.193766,Berlin-d42c,-14,37,Normal
2026-02-08 05:30:57.193766,Berlin-d42c,5,28,Normal
2026-02-08 05:30:58.193766,Berlin-d42c,45,94,Normal
2026-02-08 05:30:59.193766,Berlin-d42c,9,22,Normal
2026-02-08 05:31:00.193766,Berlin-d42c,28,25,Normal
2026-02-08 05:31:01.193766,Berlin-d42c,-29,63,Normal
2026-02-08 05:31:02.193766,Berlin-d42c,15,47,Normal
2026-02-08 05:31:03.193766,Berlin-d42c,31,73,Normal
2026-02-08 05:31:04.193766,Berlin-d42c,22,34,Normal
2026-02-08 05:31:05.193766,Berlin-d42c,23,80,Normal
2026-02-08 05:31:06.193766,Berlin-d42c,-20,83,Normal
2026-02-08 05:31:07.193766,Berlin-d42c,-28,11,Normal
2026-02-08 05:31:08.193766,Berlin-d42c,-21,61,Normal
2026-02-08 05:31:09.193766,Berlin-d42c,32,76,Normal
2026-02-08 05:31:10.193766,Berlin-d42c,7,30,Normal
2026-02-08 05:31:11.193766,Berlin-d42c,12,71,Normal
2026-02-08 05:31:12.193766,Berlin-d42c,36,22,Normal
2026-02-08 05:31:13.193766,Berlin-d42c,-10,42,Normal
2026-02-08 05:31:14.193766,Berlin-d42c,-22,78,Normal
2026-02-08 05:31:15.193766,Berlin-d42c,31,40,Normal
2026-02-08 05:31:16.193766,Berlin-d42c,4,91,Normal
2026-02-08 05:31:17.193766,Berlin-d42c,6,91,Normal
2026-02-08 05:31:18.193766,Berlin-d42c,8,94,Normal
2026-02-08 05:31:19.193766,Berlin-d42c,6,0,Normal
2026-02-08 05:31:20.193766,Berlin-d42c,-25,83,Normal
2026-02-08 05:31:21.193766,Berlin-d42c,35,51,Normal
2026-02-08 05:31:22.193766,Berlin-d42c,25,47,Normal
2026-02-08 05:31:23.193766,Berlin-d42c,36,36,Normal
2026-02-08 05:31:24.193766,Berlin-d42c,4,68,Normal
2026-02-08 05:31:25.193766,Berlin-d42c,-14,93,Normal
2026-02-08 05:31:26.193766,Berlin-d42c,1,7,Normal
2026-02-08 05:31:27.193766,Berlin-d42c,7,73,Normal
2026-02-08 05:31:28.193766,Berlin-d42c,-27,90,Normal
2026-02-08 05:31:29.193766,Berlin-d42c,44,29,Normal
2026-02-08 05:31:30.193766,Berlin-d42c,-18,33,Normal
2026-02-08 05:31:31.193766,Berlin-d42c,-19,67,Normal
2026-02-08 05:31:32.193766,Berlin-d42c,48,81,Normal
2026-02-08 05:31:33.193766,Berlin-d42c,43,7,Normal
2026-02-08 05:31:34.193766,Berlin-d42c,-19,93,Normal
2026-02-08 05:31:35.193766,Berlin-d42c,31,77,Normal
2026-02-08 05:31:36.193766,Berlin-d42c,10,53,Normal
2026-02-08 05:31:37.193766,Berlin-d42c,-16,25,Normal
2026-02-08 05:31:38.193766,Berlin-d42c,11,77,Normal
2026-02-08 05:31:39.193766,Berlin-d42c,16,36,Normal
2026-02-08 05:31:40.193766,Berlin-d42c,-8,18,Normal
2026-02-08 05:31:41.193766,Berlin-d42c,15,42,Normal
2026-02-08 05:31:42.193766,Berlin-d42c,-9,100,Normal
2026-02-08 05:31:43.193766,Berlin-d42c,13,58,Normal
2026-02-08 05:31:44.193766,Berlin-d42c,47,88,Normal
2026-02-08 05:31:45.193766,Berlin-d42c,15,82,Normal
2026-02-08 05:31:46.193766,Berlin-d42c,33,62,Normal
2026-02-08 05:31:47.193766,Berlin-d42c,0,98,Normal
2026-02-08 05:31:48.193766,Berlin-d42c,3,55,Normal
2026-02-08 05:31:49.193766,Berlin-d42c,-30,79,Normal
2026-02-08 05:31:50.193766,Berlin-d42c,16,1,Normal
2026-02-08 05:31:51.193766,Berlin-d42c,15,94,Normal
2026-02-08 05:31:52.193766,Berlin-d42c,-7,92,Normal
2026-02-08 05:31:53.193766,Berlin-d42c,-14,52,Normal
2026-02-08 05:31:54.193766,Berlin-d42c,-14,81,Normal
2026-02-08 05:31:55.193766,Berlin-d42c,39,100,Normal
2026-02-08 05:31:56.193766,Berlin-d42c,29,93,Normal
2026-02-08 05:31:57.193766,Berlin-d42c,25,65,Normal
2026-02-08 05:31:58.193766,Berlin-d42c,40,98,Normal
2026-02-08 05:31:59.193766,Berlin-d42c,-13,36,Normal
2026-02-08 05:32:00.193766,Berlin-d42c,46,23,Normal
2026-02-08 05:32:01.193766,Berlin-d42c,33,12,Normal
2026-02-08 05:32:02.193766,Berlin-d42c,48,41,Normal
2026-02-08 05:32:03.193766,Berlin-d42c,10,58,Normal
2026-02-08 05:32:04.193766,Berlin-d42c,43,93,Normal
2026-02-08 05:32:05.193766,Berlin-d42c,-19,43,Normal
2026-02-08 05:32:06.193766,Berlin-d42c,46,68,Normal
2026-02-08 05:32:07.193766,Berlin-d42c,12,97,Normal
2026-02-08 05:32:08.193766,Berlin-d42c,26,46,Normal
2026-02-08 05:32:09.193766,Berlin-d42c,-14,67,Normal
2026-02-08 05:32:10.193766,Berlin-d42c,37,9,Normal
2026-02-08 05:32:11.193766,Berlin-d42c,29,0,Normal
2026-02-08 05:32:12.193766,Berlin-d42c,48,100,Normal
2026-02-08 05:32:13.193766,Berlin-d42c,8,16,Normal
2026-02-08 05:32:14.193766,Berlin-d42c,-20,63,Normal
2026-02-08 05:32:15.193766,Berlin-d42c,0,76,Normal
2026-02-08 05:32:16.193766,Berlin-d42c,26,59,Normal
2026-02-08 05:32:17.193766,Berlin-d42c,-19,22,Normal
2026-02-08 05:32:18.193766,Berlin-d42c,2,63,Normal
2026-02-08 05:32:19.193766,Berlin-d42c,9,84,Normal
2026-02-08 05:32:20.193766,Berlin-d42c,24,52,Normal
2026-02-08 05:32:21.193766,Berlin-d42c,-16,96,Normal
2026-02-08 05:32:22.193766,Berlin-d42c,41,8,Normal
2026-02-08 05:32:23.193766,Berlin-d42c,10,16,Normal
2026-02-08 05:32:24.193766,Berlin-d42c,-3,30,Normal
2026-02-08 05:32:25.193766,Berlin-d42c,39,49,Normal
2026-02-08 05:32:26.193766,Berlin-d42c,25,6,Normal
2026-02-08 05:32:27.193766,Berlin-d42c,-27,8,Normal
2026-02-08 05:32:28.193766,Berlin-d42c,29,4,Normal
2026-02-08 05:32:29.193766,Berlin-d42c,39,94,Normal
2026-02-08 05:32:30.193766,Berlin-d42c,34,90,Normal
2026-02-08 05:32:31.193766,Berlin-d42c,-13,77,Normal
2026-02-08 05:32:32.193766,Berlin-d42c,35,75,Normal
2026-02-08 05:32:33.193766,Berlin-d42c,31,13,Normal
2026-02-08 05:32:34.193766,Berlin-d42c,3,13,Normal
2026-02-08 05:32:35.193766,Berlin-d42c,23,39,Normal
2026-02-08 05:32:36.193766,Berlin-d42c,23,56,Normal
2026-02-08 05:32:37.193766,Berlin-d42c,30,64,Normal
2026-02-08 05:32:38.193766,Berlin-d42c,-11,55,Normal
2026-02-08 05:32:39.193766,Berlin-d42c,-17,73,Normal
2026-02-08 05:32:40.193766,Berlin-d42c,3,39,Normal
2026-02-08 05:32:41.193766,Berlin-d42c,-22,1,Normal
2026-02-08 05:32:42.193766,Berlin-d42c,23,75,Normal
2026-02-08 05:32:43.193766,Berlin-d42c,-17,82,Normal
2026-02-08 05:32:44.193766,Berlin-d42c,25,10,Normal
2026-02-08 05:32:45.193766,Berlin-d42c,-7,24,Normal
2026-02-08 05:32:46.193766,Berlin-d42c,17,20,Normal
2026-02-08 05:32:47.193766,Berlin-d42c,-24,79,Normal
2026-02-08 05:32:48.193766,Berlin-d42c,29,33,Normal
2026-02-08 05:32:49.193766,Berlin-d42c,-25,44,Normal
2026-02-08 05:32:50.193766,Berlin-d42c,-26,97,Normal
2026-02-08 05:32:51.193766,Berlin-d42c,20,38,Normal
2026-02-08 05:32:52.193766,Berlin-d42c,41,80,Normal
2026-02-08 05:32:53.193766,Berlin-d42c,16,56,Normal
2026-02-08 05:32:54.193766,Berlin-d42c,-5,28,Normal
2026-02-08 05:32:55.193766,Berlin-d42c,-13,89,Normal
2026-02-08 05:32:56.193766,Berlin-d42c,31,74,Normal
2026-02-08 05:32:57.193766,Berlin-d42c,43,58,Normal
2026-02-08 05:32:58.193766,Berlin-d42c,-27,83,Normal
2026-02-08 05:32:59.193766,Berlin-d42c,5,32,Normal
2026-02-08 05:33:00.193766,Berlin-d42c,-21,21,Normal
2026-02-08 05:33:01.193766,Berlin-d42c,-21,82,Normal
2026-02-08 05:33:02.193766,Berlin-d42c,15,21,Normal
2026-02-08 05:33:03.193766,Berlin-d42c,34,85,Normal
2026-02-08 05:33:04.193766,Berlin-d42c,36,64,Normal
2026-02-08 05:33:05.193766,Berlin-d42c,19,69,Normal
2026-02-08 05:33:06.193766,Berlin-d42c,50,30,Normal
2026-02-08 05:33:07.193766,Berlin-d42c,-30,80,Normal
2026-02-08 05:33:08.193766,Berlin-d42c,-29,56,Normal
2026-02-08 05:33:09.193766,Berlin-d42c,-16,96,Normal
2026-02-08 05:33:10.193766,Berlin-d42c,-13,69,Normal
2026-02-08 05:33:11.193766,Berlin-d42c,3,29,Normal
2026-02-08 05:33:12.193766,Berlin-d42c,32,5,Normal
2026-02-08 05:33:13.193766,Berlin-d42c,44,92,Normal
2026-02-08 05:33:14.193766,Berlin-d42c,18,27,Normal
2026-02-08 05:33:15.193766,Berlin-d42c,33,53,Normal
2026-02-08 05:33:16.193766,Berlin-d42c,-4,40,Normal
2026-02-08 05:33:17.193766,Berlin-d42c,-20,9,Normal
2026-02-08 05:33:18.193766,Berlin-d42c,37,17,Normal
2026-02-08 05:33:19.193766,Berlin-d42c,23,90,Normal
2026-02-08 05:33:20.193766,Berlin-d42c,20,96,Normal
2026-02-08 05:33:21.193766,Berlin-d42c,24,36,Normal
2026-02-08 05:33:22.193766,Berlin-d42c,11,52,Normal
2026-02-08 05:33:23.193766,Berlin-d42c,19,4,Normal
2026-02-08 05:33:24.193766,Berlin-d42c,46,41,Normal
2026-02-08 05:33:25.193766,Berlin-d42c,-13,25,Normal
2026-02-08 05:33:26.193766,Berlin-d42c,28,2,Normal
2026-02-08 05:33:27.193766,Berlin-d42c,-2,11,Normal
2026-02-08 05:33:28.193766,Berlin-d42c,-9,7,Normal
2026-02-08 05:33:29.193766,Berlin-d42c,-27,52,Normal
2026-02-08 05:33:30.193766,Berlin-d42c,-22,26,Normal
2026-02-08 05:33:31.193766,Berlin-d42c,4,100,Normal
2026-02-08 05:33:32.193766,Berlin-d42c,29,2,Normal
2026-02-08 05:33:33.193766,Berlin-d42c,23,42,Normal
2026-02-08 05:33:34.193766,Berlin-d42c,29,75,Normal
2026-02-08 05:33:35.193766,Berlin-d42c,-4,97,Normal
2026-02-08 05:33:36.193766,Berlin-d42c,10,68,Normal
2026-02-08 05:33:37.193766,Berlin-d42c,-29,30,Normal
2026-02-08 05:33:38.193766,Berlin-d42c,43,45,Normal
2026-02-08 05:33:39.193766,Berlin-d42c,6,17,Normal
2026-02-08 05:33:40.193766,Berlin-d42c,-13,77,Normal
2026-02-08 05:33:41.193766,Berlin-d42c,-25,42,Normal
2026-02-08 05:33:42.193766,Berlin-d42c,31,33,Normal
2026-02-08 05:33:43.193766,Berlin-d42c,42,58,Normal
2026-02-08 05:33:44.193766,Berlin-d42c,24,42,Normal
2026-02-08 05:33:45.193766,Berlin-d42c,27,31,Normal
2026-02-08 05:33:46.193766,Berlin-d42c,9,59,Normal
2026-02-08 05:33:47.193766,Berlin-d42c,7,26,Normal
2026-02-08 05:33:48.193766,Berlin-d42c,10,43,Normal
2026-02-08 05:33:49.193766,Berlin-d42c,35,15,Normal
2026-02-08 05:33:50.193766,Berlin-d42c,28,20,Normal
2026-02-08 05:33:51.193766,Berlin-d42c,7,1,Normal
2026-02-08 05:33:52.193766,Berlin-d42c,34,2,Normal
2026-02-08 05:33:53.193766,Berlin-d42c,37,66,Normal
2026-02-08 05:33:54.193766,Berlin-d42c,39,27,Normal
2026-02-08 05:33:55.193766,Berlin-d42c,8,86,Normal
2026-02-08 05:33:56.193766,Berlin-d42c,10,53,Normal
2026-02-08 05:33:57.193766,Berlin-d42c,27,12,Normal
2026-02-08 05:33:58.193766,Berlin-d42c,35,86,Normal
2026-02-08 05:33:59.193766,Berlin-d42c,28,10,Normal
2026-02-08 05:34:00.193766,Berlin-d42c,3,12,Normal
2026-02-08 05:34:01.193766,Berlin-d42c,1,13,Normal
2026-02-08 05:34:02.193766,Berlin-d42c,31,90,Normal
2026-02-08 05:34:03.193766,Berlin-d42c,-9,82,Normal
2026-02-08 05:34:04.193766,Berlin-d42c,49,56,Normal
2026-02-08 05:34:05.193766,Berlin-d42c,28,94,Normal
2026-02-08 05:34:06.193766,Berlin-d42c,18,33,Normal
2026-02-08 05:34:07.193766,Berlin-d42c,45,54,Normal
2026-02-08 05:34:08.193766,Berlin-d42c,-7,95,Normal
2026-02-08 05:34:09.193766,Berlin-d42c,-12,66,Normal
2026-02-08 05:34:10.193766,Berlin-d42c,-8,78,Normal
2026-02-08 05:34:11.193766,Berlin-d42c,43,2,Normal
2026-02-08 05:34:12.193766,Berlin-d42c,33,36,Normal
2026-02-08 05:34:13.193766,Berlin-d42c,-27,39,Normal
2026-02-08 05:34:14.193766,Berlin-d42c,-16,53,Normal
2026-02-08 05:34:15.193766,Berlin-d42c,0,26,Normal
2026-02-08 05:34:16.193766,Berlin-d42c,44,10,Normal
2026-02-08 05:34:17.193766,Berlin-d42c,-27,48,Normal
2026-02-08 05:34:18.193766,Berlin-d42c,28,65,Normal
2026-02-08 05:34:19.193766,Berlin-d42c,31,27,Normal
2026-02-08 05:34:20.193766,Berlin-d42c,8,56,Normal
2026-02-08 05:34:21.193766,Berlin-d42c,-12,64,Normal
2026-02-08 05:34:22.193766,Berlin-d42c,-29,20,Normal
2026-02-08 05:34:23.193766,Berlin-d42c,8,61,Normal
2026-02-08 05:34:24.193766,Berlin-d42c,2,48,Normal
2026-02-08 05:34:25.193766,Berlin-d42c,39,63,Normal
2026-02-08 05:34:26.193766,Berlin-d42c,47,78,Normal
2026-02-08 05:34:27.193766,Berlin-d42c,43,9,Normal
2026-02-08 05:34:28.193766,Berlin-d42c,35,75,Normal
2026-02-08 05:34:29.193766,Berlin-d42c,7,84,Normal
2026-02-08 05:34:30.193766,Berlin-d42c,0,69,Normal
2026-02-08 05:34:31.193766,Berlin-d42c,-13,27,Normal
2026-02-08 05:34:32.193766,Berlin-d42c,25,77,Normal
2026-02-08 05:34:33.193766,Berlin-d42c,-21,22,Normal
2026-02-08 05:34:34.193766,Berlin-d42c,31,3,Normal
2026-02-08 05:34:35.193766,Berlin-d42c,2,55,Normal
2026-02-08 05:34:36.193766,Berlin-d42c,30,29,Normal
2026-02-08 05:34:37.193766,Berlin-d42c,-8,18,Normal
2026-02-08 05:34:38.193766,Berlin-d42c,-14,45,Normal
2026-02-08 05:34:39.193766,Berlin-d42c,-20,72,Normal
2026-02-08 05:34:40.193766,Berlin-d42c,-30,70,Normal
2026-02-08 05:34:41.193766,Berlin-d42c,50,69,Normal
2026-02-08 05:34:42.193766,Berlin-d42c,9,76,Normal
2026-02-08 05:34:43.193766,Berlin-d42c,-7,57,Normal
2026-02-08 05:34:44.193766,Berlin-d42c,-26,37,Normal
2026-02-08 05:34:45.193766,Berlin-d42c,38,67,Normal
2026-02-08 05:34:46.193766,Berlin-d42c,32,56,Normal
2026-02-08 05:34:47.193766,Berlin-d42c,-28,2,Normal
2026-02-08 05:34:48.193766,Berlin-d42c,9,2,Normal
2026-02-08 05:34:49.193766,Berlin-d42c,44,64,Normal
2026-02-08 05:34:50.193766,Berlin-d42c,26,37,Normal
2026-02-08 05:34:51.193766,Berlin-d42c,14,83,Normal
2026-02-08 05:34:52.193766,Berlin-d42c,-6,25,Normal
2026-02-08 05:34:53.193766,Berlin-d42c,40,50,Normal
2026-02-08 05:34:54.193766,Berlin-d42c,22,14,Normal
2026-02-08 05:34:55.193766,Berlin-d42c,-1,44,Normal
2026-02-08 05:34:56.193766,Berlin-d42c,-4,62,Normal
2026-02-08 05:34:57.193766,Berlin-d42c,16,3,Normal
2026-02-08 05:34:58.193766,Berlin-d42c,-3,68,Normal
2026-02-08 05:34:59.193766,Berlin-d42c,-2,28,Normal
2026-02-08 05:35:00.193766,Berlin-d42c,17,95,Normal
2026-02-08 05:35:01.193766,Berlin-d42c,-19,90,Normal
2026-02-08 05:35:02.193766,Berlin-d42c,-20,44,Normal
2026-02-08 05:35:03.193766,Berlin-d42c,-18,29,Normal
2026-02-08 05:35:04.193766,Berlin-d42c,3,49,Normal
2026-02-08 05:35:05.193766,Berlin-d42c,14,80,Normal
2026-02-08 05:35:06.193766,Berlin-d42c,32,37,Normal
2026-02-08 05:35:07.193766,Berlin-d42c,30,87,Normal
2026-02-08 05:35:08.193766,Berlin-d42c,-23,20,Normal
2026-02-08 05:35:09.193766,Berlin-d42c,46,78,Normal
2026-02-08 05:35:10.193766,Berlin-d42c,37,69,Normal
2026-02-08 05:35:11.193766,Berlin-d42c,-9,1,Normal
2026-02-08 05:35:12.193766,Berlin-d42c,-25,89,Normal
2026-02-08 05:35:13.193766,Berlin-d42c,-29,28,Normal
2026-02-08 05:35:14.193766,Berlin-d42c,3,98,Normal
2026-02-08 05:35:15.193766,Berlin-d42c,11,34,Normal
2026-02-08 05:35:16.193766,Berlin-d42c,49,19,Normal
2026-02-08 05:35:17.193766,Berlin-d42c,-26,39,Normal
2026-02-08 05:35:18.193766,Berlin-d42c,-24,65,Normal
2026-02-08 05:35:19.193766,Berlin-d42c,46,66,Normal
2026-02-08 05:35:20.193766,Berlin-d42c,-28,29,Normal
2026-02-08 05:35:21.193766,Berlin-d42c,42,82,Normal
2026-02-08 05:35:22.193766,Berlin-d42c,-13,20,Normal
2026-02-08 05:35:23.193766,Berlin-d42c,8,54,Normal
2026-02-08 05:35:24.193766,Berlin-d42c,25,91,Normal
2026-02-08 05:35:25.193766,Berlin-d42c,43,0,Normal
2026-02-08 05:35:26.193766,Berlin-d42c,31,22,Normal
2026-02-08 05:35:27.193766,Berlin-d42c,45,64,Normal
2026-02-08 05:35:28.193766,Berlin-d42c,25,42,Normal
2026-02-08 05:35:29.193766,Berlin-d42c,-20,68,Normal
2026-02-08 05:35:30.193766,Berlin-d42c,42,47,Normal
2026-02-08 05:35:31.193766,Berlin-d42c,-27,53,Normal
2026-02-08 05:35:32.193766,Berlin-d42c,40,62,Normal
2026-02-08 05:35:33.193766,Berlin-d42c,-19,78,Normal
2026-02-08 05:35:34.193766,Berlin-d42c,33,1,Normal
2026-02-08 05:35:35.193766,Berlin-d42c,10,41,Normal
2026-02-08 05:35:36.193766,Berlin-d42c,-22,99,Normal
2026-02-08 05:35:37.193766,Berlin-d42c,25,85,Normal
2026-02-08 05:35:38.193766,Berlin-d42c,19,8,Normal
2026-02-08 05:35:39.193766,Berlin-d42c,11,84,Normal
2026-02-08 05:35:40.193766,Berlin-d42c,4,48,Normal
2026-02-08 05:35:41.193766,Berlin-d42c,-26,91,Normal
2026-02-08 05:35:42.193766,Berlin-d42c,13,48,Normal
2026-02-08 05:35:43.193766,Berlin-d42c,50,37,Normal
2026-02-08 05:35:44.193766,Berlin-d42c,34,78,Normal
2026-02-08 05:35:45.193766,Berlin-d42c,-16,90,Normal
2026-02-08 05:35:46.193766,Berlin-d42c,35,7,Normal
2026-02-08 05:35:47.193766,Berlin-d42c,33,5,Normal
2026-02-08 05:35:48.193766,Berlin-d42c,5,61,Normal
2026-02-08 05:35:49.193766,Berlin-d42c,-21,3,Normal
2026-02-08 05:35:50.193766,Berlin-d42c,42,4,Normal
2026-02-08 05:35:51.193766,Berlin-d42c,2,92,Normal
2026-02-08 05:35:52.193766,Berlin-d42c,2,96,Normal
2026-02-08 05:35:53.193766,Berlin-d42c,49,95,Normal
2026-02-08 05:35:54.193766,Berlin-d42c,48,28,Normal
2026-02-08 05:35:55.193766,Berlin-d42c,38,47,Normal
2026-02-08 05:35:56.193766,Berlin-d42c,5,88,Normal
2026-02-08 05:35:57.193766,Berlin-d42c,-11,93,Normal
2026-02-08 05:35:58.193766,Berlin-d42c,35,76,Normal
2026-02-08 05:35:59.193766,Berlin-d42c,-10,12,Normal
2026-02-08 05:36:00.193766,Berlin-d42c,10,61,Normal
2026-02-08 05:36:01.193766,Berlin-d42c,-23,37,Normal
2026-02-08 05:36:02.193766,Berlin-d42c,-16,96,Normal
2026-02-08 05:36:03.193766,Berlin-d42c,39,5,Normal
2026-02-08 05:36:04.193766,Berlin-d42c,22,57,Normal
2026-02-08 05:36:05.193766,Berlin-d42c,45,78,Normal
2026-02-08 05:36:06.193766,Berlin-d42c,40,86,Normal
2026-02-08 05:36:07.193766,Berlin-d42c,43,89,Normal
2026-02-08 05:36:08.193766,Berlin-d42c,18,29,Normal
2026-02-08 05:36:09.193766,Berlin-d42c,8,92,Normal
2026-02-08 05:36:10.193766,Berlin-d42c,20,86,Normal
2026-02-08 05:36:11.193766,Berlin-d42c,17,7,Normal
2026-02-08 05:36:12.193766,Berlin-d42c,28,39,Normal
2026-02-08 05:36:13.193766,Berlin-d42c,-13,42,Normal
2026-02-08 05:36:14.193766,Berlin-d42c,22,31,Normal
2026-02-08 05:36:15.193766,Berlin-d42c,-9,20,Normal
2026-02-08 05:36:16.193766,Berlin-d42c,39,35,Normal
2026-02-08 05:36:17.193766,Berlin-d42c,9,9,Normal
2026-02-08 05:36:18.193766,Berlin-d42c,35,7,Normal
2026-02-08 05:36:19.193766,Berlin-d42c,-8,87,Normal
2026-02-08 05:36:20.193766,Berlin-d42c,-12,64,Normal
2026-02-08 05:36:21.193766,Berlin-d42c,-29,46,Normal
2026-02-08 05:36:22.193766,Berlin-d42c,-3,42,Normal
2026-02-08 05:36:23.193766,Berlin-d42c,35,69,Normal
2026-02-08 05:36:24.193766,Berlin-d42c,25,82,Normal
2026-02-08 05:36:25.193766,Berlin-d42c,-23,37,Normal
2026-02-08 05:36:26.193766,Berlin-d42c,11,30,Normal
2026-02-08 05:36:27.193766,Berlin-d42c,-13,30,Normal
2026-02-08 05:36:28.193766,Berlin-d42c,7,79,Normal
2026-02-08 05:36:29.193766,Berlin-d42c,-13,49,Normal
2026-02-08 05:36:30.193766,Berlin-d42c,34,65,Normal
2026-02-08 05:36:31.193766,Berlin-d42c,9,53,Normal
2026-02-08 05:36:32.193766,Berlin-d42c,6,2,Normal
2026-02-08 05:36:33.193766,Berlin-d42c,-19,7,Normal
2026-02-08 05:36:34.193766,Berlin-d42c,-8,68,Normal
2026-02-08 05:36:35.193766,Berlin-d42c,42,59,Normal
2026-02-08 05:36:36.193766,Berlin-d42c,31,52,Normal
2026-02-08 05:36:37.193766,Berlin-d42c,50,33,Normal
2026-02-08 05:36:38.193766,Berlin-d42c,30,79,Normal
2026-02-08 05:36:39.193766,Berlin-d42c,9,8,Normal
2026-02-08 05:36:40.193766,Berlin-d42c,6,46,Normal
2026-02-08 05:36:41.193766,Berlin-d42c,38,0,Normal
2026-02-08 05:36:42.193766,Berlin-d42c,-24,88,Normal
2026-02-08 05:36:43.193766,Berlin-d42c,15,97,Normal
2026-02-08 05:36:44.193766,Berlin-d42c,22,52,Normal
2026-02-08 05:36:45.193766,Berlin-d42c,-11,41,Normal
2026-02-08 05:36:46.193766,Berlin-d42c,-22,83,Normal
2026-02-08 05:36:47.193766,Berlin-d42c,23,78,Normal
2026-02-08 05:36:48.193766,Berlin-d42c,22,34,Normal
2026-02-08 05:36:49.193766,Berlin-d42c,47,13,Normal
2026-02-08 05:36:50.193766,Berlin-d42c,25,87,Normal
2026-02-08 05:36:51.193766,Berlin-d42c,3,83,Normal
2026-02-08 05:36:52.193766,Berlin-d42c,9,99,Normal
2026-02-08 05:36:53.193766,Berlin-d42c,0,49,Normal
2026-02-08 05:36:54.193766,Berlin-d42c,26,7,Normal
2026-02-08 05:36:55.193766,Berlin-d42c,10,37,Normal
2026-02-08 05:36:56.193766,Berlin-d42c,2,97,Normal
2026-02-08 05:36:57.193766,Berlin-d42c,18,10,Normal
2026-02-08 05:36:58.193766,Berlin-d42c,11,68,Normal
2026-02-08 05:36:59.193766,Berlin-d42c,-30,19,Normal
2026-02-08 05:37:00.193766,Berlin-d42c,-29,56,Normal
2026-02-08 05:37:01.193766,Berlin-d42c,8,55,Normal
2026-02-08 05:37:02.193766,Berlin-d42c,4,74,Normal
2026-02-08 05:37:03.193766,Berlin-d42c,11,13,Normal
2026-02-08 05:37:04.193766,Berlin-d42c,35,65,Normal
2026-02-08 05:37:05.193766,Berlin-d42c,38,85,Normal
2026-02-08 05:37:06.193766,Berlin-d42c,40,91,Normal
2026-02-08 05:37:07.193766,Berlin-d42c,31,91,Normal
2026-02-08 05:37:08.193766,Berlin-d42c,42,79,Normal
2026-02-08 05:37:09.193766,Berlin-d42c,44,7,Normal
2026-02-08 05:37:10.193766,Berlin-d42c,16,60,Normal
2026-02-08 05:37:11.193766,Berlin-d42c,-27,41,Normal
2026-02-08 05:37:12.193766,Berlin-d42c,-30,38,Normal
2026-02-08 05:37:13.193766,Berlin-d42c,40,34,Normal
2026-02-08 05:37:14.193766,Berlin-d42c,-24,19,Normal
2026-02-08 05:37:15.193766,Berlin-d42c,49,69,Normal
2026-02-08 05:37:16.193766,Berlin-d42c,33,7,Normal
2026-02-08 05:37:17.193766,Berlin-d42c,42,23,Normal
2026-02-08 05:37:18.193766,Berlin-d42c,29,65,Normal
2026-02-08 05:37:19.193766,Berlin-d42c,-23,92,Normal
2026-02-08 05:37:20.193766,Berlin-d42c,-13,46,Normal
2026-02-08 05:37:21.193766,Berlin-d42c,-3,1,Normal
2026-02-08 05:37:22.193766,Berlin-d42c,19,28,Normal
2026-02-08 05:37:23.193766,Berlin-d42c,-22,41,Normal
2026-02-08 05:37:24.193766,Berlin-d42c,43,35,Normal
2026-02-08 05:37:25.193766,Berlin-d42c,-11,86,Normal
2026-02-08 05:37:26.193766,Berlin-d42c,-8,44,Normal
2026-02-08 05:37:27.193766,Berlin-d42c,20,38,Normal
2026-02-08 05:37:28.193766,Berlin-d42c,38,11,Normal
2026-02-08 05:37:29.193766,Berlin-d42c,-4,79,Normal
2026-02-08 05:37:30.193766,Berlin-d42c,8,51,Normal
2026-02-08 05:37:31.193766,Berlin-d42c,49,17,Normal
2026-02-08 05:37:32.193766,Berlin-d42c,-11,60,Normal
2026-02-08 05:37:33.193766,Berlin-d42c,8,91,Normal
2026-02-08 05:37:34.193766,Berlin-d42c,21,16,Normal
2026-02-08 05:37:35.193766,Berlin-d42c,-26,49,Normal
2026-02-08 05:37:36.193766,Berlin-d42c,20,54,Normal
2026-02-08 05:37:37.193766,Berlin-d42c,-19,45,Normal
2026-02-08 05:37:38.193766,Berlin-d42c,21,95,Normal
2026-02-08 05:37:39.193766,Berlin-d42c,10,67,Normal
2026-02-08 05:37:40.193766,Berlin-d42c,43,39,Normal
2026-02-08 05:37:41.193766,Berlin-d42c,27,45,Normal
2026-02-08 05:37:42.193766,Berlin-d42c,-5,74,Normal
2026-02-08 05:37:43.193766,Berlin-d42c,-14,13,Normal
2026-02-08 05:37:44.193766,Berlin-d42c,-9,80,Normal
2026-02-08 05:37:45.193766,Berlin-d42c,39,45,Normal
2026-02-08 05:37:46.193766,Berlin-d42c,42,6,Normal
2026-02-08 05:37:47.193766,Berlin-d42c,40,22,Normal
2026-02-08 05:37:48.193766,Berlin-d42c,-11,42,Normal
2026-02-08 05:37:49.193766,Berlin-d42c,7,8,Normal
2026-02-08 05:37:50.193766,Berlin-d42c,-8,32,Normal
2026-02-08 05:37:51.193766,Berlin-d42c,8,56,Normal
2026-02-08 05:37:52.193766,Berlin-d42c,14,73,Normal
2026-02-08 05:37:53.193766,Berlin-d42c,-30,74,Normal
2026-02-08 05:37:54.193766,Berlin-d42c,-26,28,Normal
2026-02-08 05:37:55.193766,Berlin-d42c,-8,53,Normal
2026-02-08 05:37:56.193766,Berlin-d42c,17,81,Normal
2026-02-08 05:37:57.193766,Berlin-d42c,-29,95,Normal
2026-02-08 05:37:58.193766,Berlin-d42c,-26,80,Normal
2026-02-08 05:37:59.193766,Berlin-d42c,20,46,Normal
2026-02-08 05:38:00.193766,Berlin-d42c,-13,97,Normal
2026-02-08 05:38:01.193766,Berlin-d42c,35,57,Normal
2026-02-08 05:38:02.193766,Berlin-d42c,-12,95,Normal
2026-02-08 05:38:03.193766,Berlin-d42c,-2,93,Normal
2026-02-08 05:38:04.193766,Berlin-d42c,16,1,Normal
2026-02-08 05:38:05.193766,Berlin-d42c,-24,74,Normal
2026-02-08 05:38:06.193766,Berlin-d42c,-24,73,Normal
2026-02-08 05:38:07.193766,Berlin-d42c,20,57,Normal
2026-02-08 05:38:08.193766,Berlin-d42c,47,59,Normal
2026-02-08 05:38:09.193766,Berlin-d42c,0,8,Normal
2026-02-08 05:38:10.193766,Berlin-d42c,50,61,Normal
2026-02-08 05:38:11.193766,Berlin-d42c,15,47,Normal
2026-02-08 05:38:12.193766,Berlin-d42c,29,56,Normal
2026-02-08 05:38:13.193766,Berlin-d42c,-21,29,Normal
2026-02-08 05:38:14.193766,Berlin-d42c,25,97,Normal
2026-02-08 05:38:15.193766,Berlin-d42c,47,21,Normal
2026-02-08 05:38:16.193766,Berlin-d42c,-24,68,Normal
2026-02-08 05:38:17.193766,Berlin-d42c,11,16,Normal
2026-02-08 05:38:18.193766,Berlin-d42c,26,58,Normal
2026-02-08 05:38:19.193766,Berlin-d42c,0,63,Normal
2026-02-08 05:38:20.193766,Berlin-d42c,25,30,Normal
2026-02-08 05:38:21.193766,Berlin-d42c,-22,1,Normal
2026-02-08 05:38:22.193766,Berlin-d42c,7,86,Normal
2026-02-08 05:38:23.193766,Berlin-d42c,19,77,Normal
2026-02-08 05:38:24.193766,Berlin-d42c,-12,52,Normal
2026-02-08 05:38:25.193766,Berlin-d42c,5,25,Normal
2026-02-08 05:38:26.193766,Berlin-d42c,40,23,Normal
2026-02-08 05:38:27.193766,Berlin-d42c,8,20,Normal
2026-02-08 05:38:28.193766,Berlin-d42c,23,27,Normal
2026-02-08 05:38:29.193766,Berlin-d42c,-30,76,Normal
2026-02-08 05:38:30.193766,Berlin-d42c,26,33,Normal
2026-02-08 05:38:31.193766,Berlin-d42c,38,33,Normal
2026-02-08 05:38:32.193766,Berlin-d42c,40,37,Normal
2026-02-08 05:38:33.193766,Berlin-d42c,29,36,Normal
2026-02-08 05:38:34.193766,Berlin-d42c,-18,67,Normal
2026-02-08 05:38:35.193766,Berlin-d42c,18,59,Normal
2026-02-08 05:38:36.193766,Berlin-d42c,-3,42,Normal
2026-02-08 05:38:37.193766,Berlin-d42c,2,73,Normal
2026-02-08 05:38:38.193766,Berlin-d42c,10,14,Normal
2026-02-08 05:38:39.193766,Berlin-d42c,5,27,Normal
2026-02-08 05:38:40.193766,Berlin-d42c,-14,63,Normal
2026-02-08 05:38:41.193766,Berlin-d42c,13,88,Normal
2026-02-08 05:38:42.193766,Berlin-d42c,-17,16,Normal
2026-02-08 05:38:43.193766,Berlin-d42c,-1,53,Normal
2026-02-08 05:38:44.193766,Berlin-d42c,21,68,Normal
2026-02-08 05:38:45.193766,Berlin-d42c,-9,40,Normal
2026-02-08 05:38:46.193766,Berlin-d42c,23,26,Normal
2026-02-08 05:38:47.193766,Berlin-d42c,-19,59,Normal
2026-02-08 05:38:48.193766,Berlin-d42c,47,87,Normal
2026-02-08 05:38:49.193766,Berlin-d42c,-4,19,Normal
2026-02-08 05:38:50.193766,Berlin-d42c,12,0,Normal
2026-02-08 05:38:51.193766,Berlin-d42c,36,36,Normal
2026-02-08 05:38:52.193766,Berlin-d42c,40,93,Normal
2026-02-08 05:38:53.193766,Berlin-d42c,18,91,Normal
2026-02-08 05:38:54.193766,Berlin-d42c,-5,65,Normal
2026-02-08 05:38:55.193766,Berlin-d42c,21,8,Normal
2026-02-08 05:38:56.193766,Berlin-d42c,-27,64,Normal
2026-02-08 05:38:57.193766,Berlin-d42c,-9,38,Normal
2026-02-08 05:38:58.193766,Berlin-d42c,48,66,Normal
2026-02-08 05:38:59.193766,Berlin-d42c,-17,11,Normal
2026-02-08 05:39:00.193766,Berlin-d42c,-11,90,Normal
2026-02-08 05:39:01.193766,Berlin-d42c,-20,83,Normal
2026-02-08 05:39:02.193766,Berlin-d42c,-10,52,Normal
2026-02-08 05:39:03.193766,Berlin-d42c,13,41,Normal
2026-02-08 05:39:04.193766,Berlin-d42c,-19,61,Normal
2026-02-08 05:39:05.193766,Berlin-d42c,-18,16,Normal
2026-02-08 05:39:06.193766,Berlin-d42c,20,58,Normal
2026-02-08 05:39:07.193766,Berlin-d42c,35,85,Normal
2026-02-08 05:39:08.193766,Berlin-d42c,29,94,Normal
2026-02-08 05:39:09.193766,Berlin-d42c,18,57,Normal
2026-02-08 05:39:10.193766,Berlin-d42c,13,98,Normal
2026-02-08 05:39:11.193766,Berlin-d42c,-1,4,Normal
2026-02-08 05:39:12.193766,Berlin-d42c,11,23,Normal
2026-02-08 05:39:13.193766,Berlin-d42c,35,72,Normal
2026-02-08 05:39:14.193766,Berlin-d42c,44,70,Normal
2026-02-08 05:39:15.193766,Berlin-d42c,44,95,Normal
2026-02-08 05:39:16.193766,Berlin-d42c,18,80,Normal
2026-02-08 05:39:17.193766,Berlin-d42c,11,100,Normal
2026-02-08 05:39:18.193766,Berlin-d42c,-29,27,Normal
2026-02-08 05:39:19.193766,Berlin-d42c,-25,8,Normal
2026-02-08 05:39:20.193766,Berlin-d42c,-2,48,Normal
2026-02-08 05:39:21.193766,Berlin-d42c,-14,14,Normal
2026-02-08 05:39:22.193766,Berlin-d42c,-4,21,Normal
2026-02-08 05:39:23.193766,Berlin-d42c,10,93,Normal
2026-02-08 05:39:24.193766,Berlin-d42c,11,56,Normal
2026-02-08 05:39:25.193766,Berlin-d42c,-2,55,Normal
2026-02-08 05:39:26.193766,Berlin-d42c,18,48,Normal
2026-02-08 05:39:27.193766,Berlin-d42c,38,69,Normal
2026-02-08 05:39:28.193766,Berlin-d42c,9,42,Normal
2026-02-08 05:39:29.193766,Berlin-d42c,36,86,Normal
2026-02-08 05:39:30.193766,Berlin-d42c,-1,29,Normal
2026-02-08 05:39:31.193766,Berlin-d42c,18,23,Normal
2026-02-08 05:39:32.193766,Berlin-d42c,-3,4,Normal
2026-02-08 05:39:33.193766,Berlin-d42c,17,35,Normal
2026-02-08 05:39:34.193766,Berlin-d42c,-1,15,Normal
2026-02-08 05:39:35.193766,Berlin-d42c,18,2,Normal
2026-02-08 05:39:36.193766,Berlin-d42c,-17,31,Normal
2026-02-08 05:39:37.193766,Berlin-d42c,20,34,Normal
2026-02-08 05:39:38.193766,Berlin-d42c,22,43,Normal
2026-02-08 05:39:39.193766,Berlin-d42c,-3,31,Normal
2026-02-08 05:39:40.193766,Berlin-d42c,-17,9,Normal
2026-02-08 05:39:41.193766,Berlin-d42c,20,32,Normal
2026-02-08 05:39:42.193766,Berlin-d42c,-2,61,Normal
2026-02-08 05:39:43.193766,Berlin-d42c,32,72,Normal
2026-02-08 05:39:44.193766,Berlin-d42c,-13,64,Normal
2026-02-08 05:39:45.193766,Berlin-d42c,-19,22,Normal
2026-02-08 05:39:46.193766,Berlin-d42c,44,59,Normal
2026-02-08 05:39:47.193766,Berlin-d42c,36,44,Normal
2026-02-08 05:39:48.193766,Berlin-d42c,17,33,Normal
2026-02-08 05:39:49.193766,Berlin-d42c,45,100,Normal
2026-02-08 05:39:50.193766,Berlin-d42c,-25,16,Normal
2026-02-08 05:39:51.193766,Berlin-d42c,22,0,Normal
2026-02-08 05:39:52.193766,Berlin-d42c,23,46,Normal
2026-02-08 05:39:53.193766,Berlin-d42c,31,92,Normal
2026-02-08 05:39:54.193766,Berlin-d42c,16,48,Normal
2026-02-08 05:39:55.193766,Berlin-d42c,15,44,Normal
2026-02-08 05:39:56.193766,Berlin-d42c,-28,63,Normal
2026-02-08 05:39:57.193766,Berlin-d42c,-23,6,Normal
2026-02-08 05:39:58.193766,Berlin-d42c,45,50,Normal
2026-02-08 05:39:59.193766,Berlin-d42c,46,69,Normal
2026-02-08 05:40:00.193766,Berlin-d42c,47,43,Normal
2026-02-08 05:40:01.193766,Berlin-d42c,-8,40,Normal
2026-02-08 05:40:02.193766,Berlin-d42c,30,36,Normal
2026-02-08 05:40:03.193766,Berlin-d42c,16,47,Normal
2026-02-08 05:40:04.193766,Berlin-d42c,-21,74,Normal
2026-02-08 05:40:05.193766,Berlin-d42c,-25,21,Normal
2026-02-08 05:40:06.193766,Berlin-d42c,23,3,Normal
2026-02-08 05:40:07.193766,Berlin-d42c,13,62,Normal
2026-02-08 05:40:08.193766,Berlin-d42c,15,23,Normal
2026-02-08 05:40:09.193766,Berlin-d42c,10,8,Normal
2026-02-08 05:40:10.193766,Berlin-d42c,4,63,Normal
2026-02-08 05:40:11.193766,Berlin-d42c,15,80,Normal
2026-02-08 05:40:12.193766,Berlin-d42c,-28,38,Normal
2026-02-08 05:40:13.193766,Berlin-d42c,23,50,Normal
2026-02-08 05:40:14.193766,Berlin-d42c,14,65,Normal
2026-02-08 05:40:15.193766,Berlin-d42c,44,3,Normal
2026-02-08 05:40:16.193766,Berlin-d42c,0,10,Normal
2026-02-08 05:40:17.193766,Berlin-d42c,-15,59,Normal
2026-02-08 05:40:18.193766,Berlin-d42c,-14,95,Normal
2026-02-08 05:40:19.193766,Berlin-d42c,6,42,Normal
2026-02-08 05:40:20.193766,Berlin-d42c,3,68,Normal
2026-02-08 05:40:21.193766,Berlin-d42c,19,45,Normal
2026-02-08 05:40:22.193766,Berlin-d42c,-28,40,Normal
2026-02-08 05:40:23.193766,Berlin-d42c,44,84,Normal
2026-02-08 05:40:24.193766,Berlin-d42c,24,98,Normal
2026-02-08 05:40:25.193766,Berlin-d42c,30,59,Normal
2026-02-08 05:40:26.193766,Berlin-d42c,-5,61,Normal
2026-02-08 05:40:27.193766,Berlin-d42c,17,71,Normal
2026-02-08 05:40:28.193766,Berlin-d42c,-23,97,Normal
2026-02-08 05:40:29.193766,Berlin-d42c,34,75,Normal
2026-02-08 05:40:30.193766,Berlin-d42c,-23,79,Normal
2026-02-08 05:40:31.193766,Berlin-d42c,14,57,Normal
2026-02-08 05:40:32.193766,Berlin-d42c,-18,41,Normal
2026-02-08 05:40:33.193766,Berlin-d42c,25,22,Normal
2026-02-08 05:40:34.193766,Berlin-d42c,49,42,Normal
2026-02-08 05:40:35.193766,Berlin-d42c,14,18,Normal
2026-02-08 05:40:36.193766,Berlin-d42c,-26,9,Normal
2026-02-08 05:40:37.193766,Berlin-d42c,21,55,Normal
2026-02-08 05:40:38.193766,Berlin-d42c,20,26,Normal
2026-02-08 05:40:39.193766,Berlin-d42c,2,36,Normal
2026-02-08 05:40:40.193766,Berlin-d42c,-5,39,Normal
2026-02-08 05:40:41.193766,Berlin-d42c,-3,1,Normal
2026-02-08 05:40:42.193766,Berlin-d42c,8,0,Normal
2026-02-08 05:40:43.193766,Berlin-d42c,-24,86,Normal
2026-02-08 05:40:44.193766,Berlin-d42c,17,76,Normal
2026-02-08 05:40:45.193766,Berlin-d42c,-16,57,Normal
2026-02-08 05:40:46.193766,Berlin-d42c,-28,89,Normal
2026-02-08 05:40:47.193766,Berlin-d42c,33,64,Normal
2026-02-08 05:40:48.193766,Berlin-d42c,-15,25,Normal
2026-02-08 05:40:49.193766,Berlin-d42c,27,86,Normal
2026-02-08 05:40:50.193766,Berlin-d42c,-27,2,Normal
2026-02-08 05:40:51.193766,Berlin-d42c,1,51,Normal
2026-02-08 05:40:52.193766,Berlin-d42c,21,67,Normal
2026-02-08 05:40:53.193766,Berlin-d42c,25,91,Normal
2026-02-08 05:40:54.193766,Berlin-d42c,7,67,Normal
2026-02-08 05:40:55.193766,Berlin-d42c,-17,44,Normal
2026-02-08 05:40:56.193766,Berlin-d42c,-10,8,Normal
2026-02-08 05:40:57.193766,Berlin-d42c,-22,36,Normal
2026-02-08 05:40:58.193766,Berlin-d42c,-27,64,Normal
2026-02-08 05:40:59.193766,Berlin-d42c,-25,44,Normal
2026-02-08 05:41:00.193766,Berlin-d42c,-25,20,Normal
2026-02-08 05:41:01.193766,Berlin-d42c,27,86,Normal
2026-02-08 05:41:02.193766,Berlin-d42c,-18,17,Normal
2026-02-08 05:41:03.193766,Berlin-d42c,-8,56,Normal
2026-02-08 05:41:04.193766,Berlin-d42c,-9,19,Normal
2026-02-08 05:41:05.193766,Berlin-d42c,35,68,Normal
2026-02-08 05:41:06.193766,Berlin-d42c,-7,90,Normal
2026-02-08 05:41:07.193766,Berlin-d42c,16,91,Normal
2026-02-08 05:41:08.193766,Berlin-d42c,6,12,Normal
2026-02-08 05:41:09.193766,Berlin-d42c,7,5,Normal
2026-02-08 05:41:10.193766,Berlin-d42c,40,37,Normal
2026-02-08 05:41:11.193766,Berlin-d42c,-23,98,Normal
2026-02-08 05:41:12.193766,Berlin-d42c,35,45,Normal
2026-02-08 05:41:13.193766,Berlin-d42c,16,82,Normal
2026-02-08 05:41:14.193766,Berlin-d42c,47,60,Normal
2026-02-08 05:41:15.193766,Berlin-d42c,-19,2,Normal
2026-02-08 05:41:16.193766,Berlin-d42c,27,68,Normal
2026-02-08 05:41:17.193766,Berlin-d42c,39,48,Normal
2026-02-08 05:41:18.193766,Berlin-d42c,25,79,Normal
2026-02-08 05:41:19.193766,Berlin-d42c,15,0,Normal
2026-02-08 05:41:20.193766,Berlin-d42c,-9,68,Normal
2026-02-08 05:41:21.193766,Berlin-d42c,30,98,Normal
2026-02-08 05:41:22.193766,Berlin-d42c,43,3,Normal
2026-02-08 05:41:23.193766,Berlin-d42c,41,59,Normal
2026-02-08 05:41:24.193766,Berlin-d42c,-11,31,Normal
2026-02-08 05:41:25.193766,Berlin-d42c,37,96,Normal
2026-02-08 05:41:26.193766,Berlin-d42c,40,88,Normal
2026-02-08 05:41:27.193766,Berlin-d42c,42,11,Normal
2026-02-08 05:41:28.193766,Berlin-d42c,29,39,Normal
2026-02-08 05:41:29.193766,Berlin-d42c,-7,77,Normal
2026-02-08 05:41:30.193766,Berlin-d42c,-23,56,Normal
2026-02-08 05:41:31.193766,Berlin-d42c,33,85,Normal
2026-02-08 05:41:32.193766,Berlin-d42c,8,94,Normal
2026-02-08 05:41:33.193766,Berlin-d42c,3,4,Normal
2026-02-08 05:41:34.193766,Berlin-d42c,-11,98,Normal
2026-02-08 05:41:35.193766,Berlin-d42c,-18,31,Normal
2026-02-08 05:41:36.193766,Berlin-d42c,11,1,Normal
2026-02-08 05:41:37.193766,Berlin-d42c,25,31,Normal
2026-02-08 05:41:38.193766,Berlin-d42c,36,62,Normal
2026-02-08 05:41:39.193766,Berlin-d42c,-20,36,Normal
2026-02-08 05:41:40.193766,Berlin-d42c,0,30,Normal
2026-02-08 05:41:41.193766,Berlin-d42c,-2,11,Normal
2026-02-08 05:41:42.193766,Berlin-d42c,-10,100,Normal
2026-02-08 05:41:43.193766,Berlin-d42c,-15,34,Normal
2026-02-08 05:41:44.193766,Berlin-d42c,4,24,Normal
2026-02-08 05:41:45.193766,Berlin-d42c,38,25,Normal
2026-02-08 05:41:46.193766,Berlin-d42c,33,78,Normal
2026-02-08 05:41:47.193766,Berlin-d42c,29,45,Normal
2026-02-08 05:41:48.193766,Berlin-d42c,12,40,Normal
2026-02-08 05:41:49.193766,Berlin-d42c,-2,86,Normal
2026-02-08 05:41:50.193766,Berlin-d42c,1,49,Normal
2026-02-08 05:41:51.193766,Berlin-d42c,-13,75,Normal
2026-02-08 05:41:52.193766,Berlin-d42c,-6,86,Normal
2026-02-08 05:41:53.193766,Berlin-d42c,2,26,Normal
2026-02-08 05:41:54.193766,Berlin-d42c,-20,67,Normal
2026-02-08 05:41:55.193766,Berlin-d42c,-23,9,Normal
2026-02-08 05:41:56.193766,Berlin-d42c,-8,0,Normal
2026-02-08 05:41:57.193766,Berlin-d42c,1,17,Normal
2026-02-08 05:41:58.193766,Berlin-d42c,-9,18,Normal
2026-02-08 05:41:59.193766,Berlin-d42c,-1,45,Normal
2026-02-08 05:42:00.193766,Berlin-d42c,3,21,Normal
2026-02-08 05:42:01.193766,Berlin-d42c,-8,32,Normal
2026-02-08 05:42:02.193766,Berlin-d42c,25,2,Normal
2026-02-08 05:42:03.193766,Berlin-d42c,1,10,Normal
2026-02-08 05:42:04.193766,Berlin-d42c,34,67,Normal
2026-02-08 05:42:05.193766,Berlin-d42c,2,92,Normal
2026-02-08 05:42:06.193766,Berlin-d42c,11,89,Normal
2026-02-08 05:42:07.193766,Berlin-d42c,-13,8,Normal
2026-02-08 05:42:08.193766,Berlin-d42c,4,70,Normal
2026-02-08 05:42:09.193766,Berlin-d42c,-13,37,Normal
2026-02-08 05:42:10.193766,Berlin-d42c,14,29,Normal
2026-02-08 05:42:11.193766,Berlin-d42c,-22,27,Normal
2026-02-08 05:42:12.193766,Berlin-d42c,-25,1,Normal
2026-02-08 05:42:13.193766,Berlin-d42c,31,39,Normal
2026-02-08 05:42:14.193766,Berlin-d42c,7,52,Normal
2026-02-08 05:42:15.193766,Berlin-d42c,29,0,Normal
2026-02-08 05:42:16.193766,Berlin-d42c,26,76,Normal
2026-02-08 05:42:17.193766,Berlin-d42c,-5,90,Normal
2026-02-08 05:42:18.193766,Berlin-d42c,-19,30,Normal
2026-02-08 05:42:19.193766,Berlin-d42c,34,46,Normal
2026-02-08 05:42:20.193766,Berlin-d42c,47,4,Normal
2026-02-08 05:42:21.193766,Berlin-d42c,16,65,Normal
2026-02-08 05:42:22.193766,Berlin-d42c,44,7,Normal
2026-02-08 05:42:23.193766,Berlin-d42c,36,92,Normal
2026-02-08 05:42:24.193766,Berlin-d42c,5,32,Normal
2026-02-08 05:42:25.193766,Berlin-d42c,-13,24,Normal
2026-02-08 05:42:26.193766,Berlin-d42c,-8,66,Normal
2026-02-08 05:42:27.193766,Berlin-d42c,42,58,Normal
2026-02-08 05:42:28.193766,Berlin-d42c,27,0,Normal
2026-02-08 05:42:29.193766,Berlin-d42c,11,16,Normal
2026-02-08 05:42:30.193766,Berlin-d42c,-25,14,Normal
2026-02-08 05:42:31.193766,Berlin-d42c,-13,34,Normal
2026-02-08 05:42:32.193766,Berlin-d42c,-17,97,Normal
2026-02-08 05:42:33.193766,Berlin-d42c,11,94,Normal
2026-02-08 05:42:34.193766,Berlin-d42c,-23,37,Normal
2026-02-08 05:42:35.193766,Berlin-d42c,12,29,Normal
2026-02-08 05:42:36.193766,Berlin-d42c,8,52,Normal
2026-02-08 05:42:37.193766,Berlin-d42c,17,24,Normal
2026-02-08 05:42:38.193766,Berlin-d42c,17,81,Normal
2026-02-08 05:42:39.193766,Berlin-d42c,-17,60,Normal
2026-02-08 05:42:40.193766,Berlin-d42c,48,30,Normal
2026-02-08 05:42:41.193766,Berlin-d42c,-14,68,Normal
2026-02-08 05:42:42.193766,Berlin-d42c,47,91,Normal
2026-02-08 05:42:43.193766,Berlin-d42c,27,55,Normal
2026-02-08 05:42:44.193766,Berlin-d42c,42,50,Normal
2026-02-08 05:42:45.193766,Berlin-d42c,39,5,Normal
2026-02-08 05:42:46.193766,Berlin-d42c,20,28,Normal
2026-02-08 05:42:47.193766,Berlin-d42c,13,7,Normal
2026-02-08 05:42:48.193766,Berlin-d42c,28,99,Normal
2026-02-08 05:42:49.193766,Berlin-d42c,-19,17,Normal
2026-02-08 05:42:50.193766,Berlin-d42c,19,31,Normal
2026-02-08 05:42:51.193766,Berlin-d42c,-13,78,Normal
2026-02-08 05:42:52.193766,Berlin-d42c,-30,43,Normal
2026-02-08 05:42:53.193766,Berlin-d42c,-28,65,Normal
2026-02-08 05:42:54.193766,Berlin-d42c,34,97,Normal
2026-02-08 05:42:55.193766,Berlin-d42c,27,13,Normal
2026-02-08 05:42:56.193766,Berlin-d42c,-26,83,Normal
2026-02-08 05:42:57.193766,Berlin-d42c,-11,55,Normal
2026-02-08 05:42:58.193766,Berlin-d42c,-10,10,Normal
2026-02-08 05:42:59.193766,Berlin-d42c,-1,7,Normal
2026-02-08 05:43:00.193766,Berlin-d42c,-29,33,Normal
2026-02-08 05:43:01.193766,Berlin-d42c,25,42,Normal
2026-02-08 05:43:02.193766,Berlin-d42c,-28,8,Normal
2026-02-08 05:43:03.193766,Berlin-d42c,-19,39,Normal
2026-02-08 05:43:04.193766,Berlin-d42c,50,39,Normal
2026-02-08 05:43:05.193766,Berlin-d42c,36,20,Normal
2026-02-08 05:43:06.193766,Berlin-d42c,25,80,Normal
2026-02-08 05:43:07.193766,Berlin-d42c,14,82,Normal
2026-02-08 05:43:08.193766,Berlin-d42c,45,65,Normal
2026-02-08 05:43:09.193766,Berlin-d42c,30,45,Normal
2026-02-08 05:43:10.193766,Berlin-d42c,-30,87,Normal
2026-02-08 05:43:11.193766,Berlin-d42c,-5,92,Normal
2026-02-08 05:43:12.193766,Berlin-d42c,-17,84,Normal
2026-02-08 05:43:13.193766,Berlin-d42c,29,11,Normal
2026-02-08 05:43:14.193766,Berlin-d42c,-13,12,Normal
2026-02-08 05:43:15.193766,Berlin-d42c,0,74,Normal
2026-02-08 05:43:16.193766,Berlin-d42c,35,69,Normal
2026-02-08 05:43:17.193766,Berlin-d42c,-14,10,Normal
2026-02-08 05:43:18.193766,Berlin-d42c,39,1,Normal
2026-02-08 05:43:19.193766,Berlin-d42c,-10,1,Normal
2026-02-08 05:43:20.193766,Berlin-d42c,9,43,Normal
2026-02-08 05:43:21.193766,Berlin-d42c,27,26,Normal
2026-02-08 05:43:22.193766,Berlin-d42c,49,19,Normal
2026-02-08 05:43:23.193766,Berlin-d42c,13,99,Normal
2026-02-08 05:43:24.193766,Berlin-d42c,31,14,Normal
2026-02-08 05:43:25.193766,Berlin-d42c,-5,3,Normal
2026-02-08 05:43:26.193766,Berlin-d42c,4,39,Normal
2026-02-08 05:43:27.193766,Berlin-d42c,43,35,Normal
2026-02-08 05:43:28.193766,Berlin-d42c,47,90,Normal
2026-02-08 05:43:29.193766,Berlin-d42c,37,25,Normal
2026-02-08 05:43:30.193766,Berlin-d42c,32,90,Normal
2026-02-08 05:43:31.193766,Berlin-d42c,32,92,Normal
2026-02-08 05:43:32.193766,Berlin-d42c,18,29,Normal
2026-02-08 05:43:33.193766,Berlin-d42c,37,40,Normal
2026-02-08 05:43:34.193766,Berlin-d42c,34,28,Normal
2026-02-08 05:43:35.193766,Berlin-d42c,34,67,Normal
2026-02-08 05:43:36.193766,Berlin-d42c,-26,61,Normal
2026-02-08 05:43:37.193766,Berlin-d42c,9,77,Normal
2026-02-08 05:43:38.193766,Berlin-d42c,-8,72,Normal
2026-02-08 05:43:39.193766,Berlin-d42c,-17,66,Normal
2026-02-08 05:43:40.193766,Berlin-d42c,-6,63,Normal
2026-02-08 05:43:41.193766,Berlin-d42c,-22,37,Normal
2026-02-08 05:43:42.193766,Berlin-d42c,39,7,Normal
2026-02-08 05:43:43.193766,Berlin-d42c,30,22,Normal
2026-02-08 05:43:44.193766,Berlin-d42c,35,11,Normal
2026-02-08 05:43:45.193766,Berlin-d42c,31,60,Normal
2026-02-08 05:43:46.193766,Berlin-d42c,35,34,Normal
2026-02-08 05:43:47.193766,Berlin-d42c,13,77,Normal
2026-02-08 05:43:48.193766,Berlin-d42c,36,47,Normal
2026-02-08 05:43:49.193766,Berlin-d42c,42,38,Normal
2026-02-08 05:43:50.193766,Berlin-d42c,10,33,Normal
2026-02-08 05:43:51.193766,Berlin-d42c,13,66,Normal
2026-02-08 05:43:52.193766,Berlin-d42c,35,89,Normal
2026-02-08 05:43:53.193766,Berlin-d42c,-19,84,Normal
2026-02-08 05:43:54.193766,Berlin-d42c,9,38,Normal
2026-02-08 05:43:55.193766,Berlin-d42c,-4,81,Normal
2026-02-08 05:43:56.193766,Berlin-d42c,-20,36,Normal
2026-02-08 05:43:57.193766,Berlin-d42c,40,84,Normal
2026-02-08 05:43:58.193766,Berlin-d42c,31,18,Normal
2026-02-08 05:43:59.193766,Berlin-d42c,50,33,Normal
2026-02-08 05:44:00.193766,Berlin-d42c,49,68,Normal
2026-02-08 05:44:01.193766,Berlin-d42c,16,5,Normal
2026-02-08 05:44:02.193766,Berlin-d42c,-16,81,Normal
2026-02-08 05:44:03.193766,Berlin-d42c,-30,57,Normal
2026-02-08 05:44:04.193766,Berlin-d42c,5,66,Normal
2026-02-08 05:44:05.193766,Berlin-d42c,14,56,Normal
2026-02-08 05:44:06.193766,Berlin-d42c,-9,56,Normal
2026-02-08 05:44:07.193766,Berlin-d42c,-15,42,Normal
2026-02-08 05:44:08.193766,Berlin-d42c,-14,36,Normal
2026-02-08 05:44:09.193766,Berlin-d42c,-21,11,Normal
2026-02-08 05:44:10.193766,Berlin-d42c,17,0,Normal
2026-02-08 05:44:11.193766,Berlin-d42c,-30,76,Normal
2026-02-08 05:44:12.193766,Berlin-d42c,-2,36,Normal
2026-02-08 05:44:13.193766,Berlin-d42c,11,50,Normal
2026-02-08 05:44:14.193766,Berlin-d42c,5,26,Normal
2026-02-08 05:44:15.193766,Berlin-d42c,7,14,Normal
2026-02-08 05:44:16.193766,Berlin-d42c,31,42,Normal
2026-02-08 05:44:17.193766,Berlin-d42c,12,42,Normal
2026-02-08 05:44:18.193766,Berlin-d42c,-8,87,Normal
2026-02-08 05:44:19.193766,Berlin-d42c,-26,68,Normal
2026-02-08 05:44:20.193766,Berlin-d42c,-4,85,Normal
2026-02-08 05:44:21.193766,Berlin-d42c,-6,43,Normal
2026-02-08 05:44:22.193766,Berlin-d42c,38,8,Normal
2026-02-08 05:44:23.193766,Berlin-d42c,-20,31,Normal
2026-02-08 05:44:24.193766,Berlin-d42c,7,3,Normal
2026-02-08 05:44:25.193766,Berlin-d42c,44,17,Normal
2026-02-08 05:44:26.193766,Berlin-d42c,11,93,Normal
2026-02-08 05:44:27.193766,Berlin-d42c,-1,19,Normal
2026-02-08 05:44:28.193766,Berlin-d42c,-3,8,Normal
2026-02-08 05:44:29.193766,Berlin-d42c,22,79,Normal
2026-02-08 05:44:30.193766,Berlin-d42c,-5,49,Normal
2026-02-08 05:44:31.193766,Berlin-d42c,47,61,Normal
2026-02-08 05:44:32.193766,Berlin-d42c,4,100,Normal
2026-02-08 05:44:33.193766,Berlin-d42c,39,84,Normal
2026-02-08 05:44:34.193766,Berlin-d42c,1,58,Normal
2026-02-08 05:44:35.193766,Berlin-d42c,23,86,Normal
2026-02-08 05:44:36.193766,Berlin-d42c,9,23,Normal
2026-02-08 05:44:37.193766,Berlin-d42c,0,90,Normal
2026-02-08 05:44:38.193766,Berlin-d42c,-7,52,Normal
2026-02-08 05:44:39.193766,Berlin-d42c,35,61,Normal
2026-02-08 05:44:40.193766,Berlin-d42c,-12,15,Normal
2026-02-08 05:44:41.193766,Berlin-d42c,38,67,Normal
2026-02-08 05:44:42.193766,Berlin-d42c,30,43,Normal
2026-02-08 05:44:43.193766,Berlin-d42c,7,28,Normal
2026-02-08 05:44:44.193766,Berlin-d42c,12,7,Normal
2026-02-08 05:44:45.193766,Berlin-d42c,38,29,Normal
2026-02-08 05:44:46.193766,Berlin-d42c,21,73,Normal
2026-02-08 05:44:47.193766,Berlin-d42c,-26,54,Normal
2026-02-08 05:44:48.193766,Berlin-d42c,20,33,Normal
2026-02-08 05:44:49.193766,Berlin-d42c,13,30,Normal
2026-02-08 05:44:50.193766,Berlin-d42c,14,90,Normal
2026-02-08 05:44:51.193766,Berlin-d42c,6,95,Normal
2026-02-08 05:44:52.193766,Berlin-d42c,17,50,Normal
2026-02-08 05:44:53.193766,Berlin-d42c,-23,56,Normal
2026-02-08 05:44:54.193766,Berlin-d42c,-4,14,Normal
2026-02-08 05:44:55.193766,Berlin-d42c,48,57,Normal
2026-02-08 05:44:56.193766,Berlin-d42c,-2,34,Normal
2026-02-08 05:44:57.193766,Berlin-d42c,41,12,Normal
2026-02-08 05:44:58.193766,Berlin-d42c,7,29,Normal
2026-02-08 05:44:59.193766,Berlin-d42c,3,67,Normal
2026-02-08 05:45:00.193766,Berlin-d42c,-13,79,Normal
2026-02-08 05:45:01.193766,Berlin-d42c,42,38,Normal
2026-02-08 05:45:02.193766,Berlin-d42c,0,5,Normal
2026-02-08 05:45:03.193766,Berlin-d42c,-17,17,Normal
2026-02-08 05:45:04.193766,Berlin-d42c,-12,65,Normal
2026-02-08 05:45:05.193766,Berlin-d42c,-19,63,Normal
2026-02-08 05:45:06.193766,Berlin-d42c,-23,8,Normal
2026-02-08 05:45:07.193766,Berlin-d42c,13,0,Normal
2026-02-08 05:45:08.193766,Berlin-d42c,33,71,Normal
2026-02-08 05:45:09.193766,Berlin-d42c,17,55,Normal
2026-02-08 05:45:10.193766,Berlin-d42c,15,49,Normal
2026-02-08 05:45:11.193766,Berlin-d42c,47,62,Normal
2026-02-08 05:45:12.193766,Berlin-d42c,-18,51,Normal
2026-02-08 05:45:13.193766,Berlin-d42c,-30,49,Normal
2026-02-08 05:45:14.193766,Berlin-d42c,1,86,Normal
2026-02-08 05:45:15.193766,Berlin-d42c,-4,95,Normal
2026-02-08 05:45:16.193766,Berlin-d42c,15,84,Normal
2026-02-08 05:45:17.193766,Berlin-d42c,33,78,Normal
2026-02-08 05:45:18.193766,Berlin-d42c,13,72,Normal
2026-02-08 05:45:19.193766,Berlin-d42c,34,70,Normal
2026-02-08 05:45:20.193766,Berlin-d42c,43,93,Normal
2026-02-08 05:45:21.193766,Berlin-d42c,38,68,Normal
2026-02-08 05:45:22.193766,Berlin-d42c,29,10,Normal
2026-02-08 05:45:23.193766,Berlin-d42c,6,25,Normal
2026-02-08 05:45:24.193766,Berlin-d42c,11,100,Normal
2026-02-08 05:45:25.193766,Berlin-d42c,41,16,Normal
2026-02-08 05:45:26.193766,Berlin-d42c,10,65,Normal
2026-02-08 05:45:27.193766,Berlin-d42c,34,87,Normal
2026-02-08 05:45:28.193766,Berlin-d42c,27,16,Normal
2026-02-08 05:45:29.193766,Berlin-d42c,-26,87,Normal
2026-02-08 05:45:30.193766,Berlin-d42c,-24,49,Normal
2026-02-08 05:45:31.193766,Berlin-d42c,-22,24,Normal
2026-02-08 05:45:32.193766,Berlin-d42c,-12,34,Normal
2026-02-08 05:45:33.193766,Berlin-d42c,45,18,Normal
2026-02-08 05:45:34.193766,Berlin-d42c,-21,10,Normal
2026-02-08 05:45:35.193766,Berlin-d42c,-13,82,Normal
2026-02-08 05:45:36.193766,Berlin-d42c,3,21,Normal
2026-02-08 05:45:37.193766,Berlin-d42c,-14,65,Normal
2026-02-08 05:45:38.193766,Berlin-d42c,-14,85,Normal
2026-02-08 05:45:39.193766,Berlin-d42c,7,62,Normal
2026-02-08 05:45:40.193766,Berlin-d42c,20,88,Normal
2026-02-08 05:45:41.193766,Berlin-d42c,26,14,Normal
2026-02-08 05:45:42.193766,Berlin-d42c,0,37,Normal
2026-02-08 05:45:43.193766,Berlin-d42c,11,53,Normal
2026-02-08 05:45:44.193766,Berlin-d42c,17,10,Normal
2026-02-08 05:45:45.193766,Berlin-d42c,9,13,Normal
2026-02-08 05:45:46.193766,Berlin-d42c,-30,7,Normal
2026-02-08 05:45:47.193766,Berlin-d42c,-23,59,Normal
2026-02-08 05:45:48.193766,Berlin-d42c,35,14,Normal
2026-02-08 05:45:49.193766,Berlin-d42c,23,5,Normal
2026-02-08 05:45:50.193766,Berlin-d42c,-13,28,Normal
2026-02-08 05:45:51.193766,Berlin-d42c,3,34,Normal
2026-02-08 05:45:52.193766,Berlin-d42c,-24,81,Normal
2026-02-08 05:45:53.193766,Berlin-d42c,8,39,Normal
2026-02-08 05:45:54.193766,Berlin-d42c,41,97,Normal
2026-02-08 05:45:55.193766,Berlin-d42c,13,37,Normal
2026-02-08 05:45:56.193766,Berlin-d42c,6,89,Normal
2026-02-08 05:45:57.193766,Berlin-d42c,37,45,Normal
2026-02-08 05:45:58.193766,Berlin-d42c,37,53,Normal
2026-02-08 05:45:59.193766,Berlin-d42c,-10,44,Normal
2026-02-08 05:46:00.193766,Berlin-d42c,41,41,Normal
2026-02-08 05:46:01.193766,Berlin-d42c,-2,59,Normal
2026-02-08 05:46:02.193766,Berlin-d42c,50,31,Normal
2026-02-08 05:46:03.193766,Berlin-d42c,-30,92,Normal
2026-02-08 05:46:04.193766,Berlin-d42c,-22,15,Normal
2026-02-08 05:46:05.193766,Berlin-d42c,-4,93,Normal
2026-02-08 05:46:06.193766,Berlin-d42c,27,74,Normal
2026-02-08 05:46:07.193766,Berlin-d42c,-22,15,Normal
2026-02-08 05:46:08.193766,Berlin-d42c,-15,36,Normal
2026-02-08 05:46:09.193766,Berlin-d42c,4,59,Normal
2026-02-08 05:46:10.193766,Berlin-d42c,45,100,Normal
2026-02-08 05:46:11.193766,Berlin-d42c,39,46,Normal
2026-02-08 05:46:12.193766,Berlin-d42c,-22,87,Normal
2026-02-08 05:46:13.193766,Berlin-d42c,16,20,Normal
2026-02-08 05:46:14.193766,Berlin-d42c,-19,27,Normal
2026-02-08 05:46:15.193766,Berlin-d42c,13,95,Normal
2026-02-08 05:46:16.193766,Berlin-d42c,-29,83,Normal
2026-02-08 05:46:17.193766,Berlin-d42c,-3,96,Normal
2026-02-08 05:46:18.193766,Berlin-d42c,45,58,Normal
2026-02-08 05:46:19.193766,Berlin-d42c,47,69,Normal
2026-02-08 05:46:20.193766,Berlin-d42c,-11,46,Normal
2026-02-08 05:46:21.193766,Berlin-d42c,-5,15,Normal
2026-02-08 05:46:22.193766,Berlin-d42c,-19,97,Normal
2026-02-08 05:46:23.193766,Berlin-d42c,47,55,Normal
2026-02-08 05:46:24.193766,Berlin-d42c,10,81,Normal
2026-02-08 05:46:25.193766,Berlin-d42c,16,96,Normal
2026-02-08 05:46:26.193766,Berlin-d42c,34,89,Normal
2026-02-08 05:46:27.193766,Berlin-d42c,-14,58,Normal
2026-02-08 05:46:28.193766,Berlin-d42c,-21,3,Normal
2026-02-08 05:46:29.193766,Berlin-d42c,-21,7,Normal
2026-02-08 05:46:30.193766,Berlin-d42c,-21,41,Normal
2026-02-08 05:46:31.193766,Berlin-d42c,24,2,Normal
2026-02-08 05:46:32.193766,Berlin-d42c,3,55,Normal
2026-02-08 05:46:33.193766,Berlin-d42c,-18,94,Normal
2026-02-08 05:46:34.193766,Berlin-d42c,-20,41,Normal
2026-02-08 05:46:35.193766,Berlin-d42c,43,67,Normal
2026-02-08 05:46:36.193766,Berlin-d42c,-13,16,Normal
2026-02-08 05:46:37.193766,Berlin-d42c,-27,76,Normal
2026-02-08 05:46:38.193766,Berlin-d42c,-8,39,Normal
2026-02-08 05:46:39.193766,Berlin-d42c,24,75,Normal
2026-02-08 05:46:40.193766,Berlin-d42c,13,41,Normal
2026-02-08 05:46:41.193766,Berlin-d42c,-12,11,Normal
2026-02-08 05:46:42.193766,Berlin-d42c,45,19,Normal
2026-02-08 05:46:43.193766,Berlin-d42c,-24,16,Normal
2026-02-08 05:46:44.193766,Berlin-d42c,21,61,Normal
2026-02-08 05:46:45.193766,Berlin-d42c,9,51,Normal
2026-02-08 05:46:46.193766,Berlin-d42c,34,90,Normal
2026-02-08 05:46:47.193766,Berlin-d42c,18,55,Normal
2026-02-08 05:46:48.193766,Berlin-d42c,-19,8,Normal
2026-02-08 05:46:49.193766,Berlin-d42c,41,17,Normal
2026-02-08 05:46:50.193766,Berlin-d42c,4,51,Normal
2026-02-08 05:46:51.193766,Berlin-d42c,17,26,Normal
2026-02-08 05:46:52.193766,Berlin-d42c,25,73,Normal
2026-02-08 05:46:53.193766,Berlin-d42c,24,53,Normal
2026-02-08 05:46:54.193766,Berlin-d42c,44,65,Normal
2026-02-08 05:46:55.193766,Berlin-d42c,47,9,Normal
2026-02-08 05:46:56.193766,Berlin-d42c,3,45,Normal
2026-02-08 05:46:57.193766,Berlin-d42c,-27,57,Normal
2026-02-08 05:46:58.193766,Berlin-d42c,-26,44,Normal
2026-02-08 05:46:59.193766,Berlin-d42c,26,5,Normal
2026-02-08 05:47:00.193766,Berlin-d42c,-19,73,Normal
2026-02-08 05:47:01.193766,Berlin-d42c,-28,17,Normal
2026-02-08 05:47:02.193766,Berlin-d42c,15,77,Normal
2026-02-08 05:47:03.193766,Berlin-d42c,8,12,Normal
2026-02-08 05:47:04.193766,Berlin-d42c,-13,64,Normal
2026-02-08 05:47:05.193766,Berlin-d42c,17,6,Normal
2026-02-08 05:47:06.193766,Berlin-d42c,34,94,Normal
2026-02-08 05:47:07.193766,Berlin-d42c,22,48,Normal
2026-02-08 05:47:08.193766,Berlin-d42c,16,71,Normal
2026-02-08 05:47:09.193766,Berlin-d42c,32,84,Normal
2026-02-08 05:47:10.193766,Berlin-d42c,32,10,Normal
2026-02-08 05:47:11.193766,Berlin-d42c,4,86,Normal
2026-02-08 05:47:12.193766,Berlin-d42c,28,18,Normal
2026-02-08 05:47:13.193766,Berlin-d42c,8,69,Normal
2026-02-08 05:47:14.193766,Berlin-d42c,-3,54,Normal
2026-02-08 05:47:15.193766,Berlin-d42c,48,94,Normal
2026-02-08 05:47:16.193766,Berlin-d42c,15,51,Normal
2026-02-08 05:47:17.193766,Berlin-d42c,10,84,Normal
2026-02-08 05:47:18.193766,Berlin-d42c,16,26,Normal
2026-02-08 05:47:19.193766,Berlin-d42c,44,8,Normal
2026-02-08 05:47:20.193766,Berlin-d42c,-8,12,Normal
2026-02-08 05:47:21.193766,Berlin-d42c,14,10,Normal
2026-02-08 05:47:22.193766,Berlin-d42c,38,23,Normal
2026-02-08 05:47:23.193766,Berlin-d42c,31,25,Normal
2026-02-08 05:47:24.193766,Berlin-d42c,42,79,Normal
2026-02-08 05:47:25.193766,Berlin-d42c,5,45,Normal
2026-02-08 05:47:26.193766,Berlin-d42c,7,96,Normal
2026-02-08 05:47:27.193766,Berlin-d42c,48,2,Normal
2026-02-08 05:47:28.193766,Berlin-d42c,-21,26,Normal
2026-02-08 05:47:29.193766,Berlin-d42c,-23,62,Normal
2026-02-08 05:47:30.193766,Berlin-d42c,47,65,Normal
2026-02-08 05:47:31.193766,Berlin-d42c,22,89,Normal
2026-02-08 05:47:32.193766,Berlin-d42c,50,100,Normal
2026-02-08 05:47:33.193766,Berlin-d42c,-30,76,Normal
2026-02-08 05:47:34.193766,Berlin-d42c,2,100,Normal
2026-02-08 05:47:35.193766,Berlin-d42c,-24,52,Normal
2026-02-08 05:47:36.193766,Berlin-d42c,35,71,Normal
2026-02-08 05:47:37.193766,Berlin-d42c,32,64,Normal
2026-02-08 05:47:38.193766,Berlin-d42c,-26,41,Normal
2026-02-08 05:47:39.193766,Berlin-d42c,37,37,Normal
2026-02-08 05:47:40.193766,Berlin-d42c,24,22,Normal
2026-02-08 05:47:41.193766,Berlin-d42c,-23,2,Normal
2026-02-08 05:47:42.193766,Berlin-d42c,27,55,Normal
2026-02-08 05:47:43.193766,Berlin-d42c,-3,80,Normal
2026-02-08 05:47:44.193766,Berlin-d42c,44,68,Normal
2026-02-08 05:47:45.193766,Berlin-d42c,-17,60,Normal
2026-02-08 05:47:46.193766,Berlin-d42c,-19,25,Normal
2026-02-08 05:47:47.193766,Berlin-d42c,-4,63,Normal
2026-02-08 05:47:48.193766,Berlin-d42c,46,27,Normal
2026-02-08 05:47:49.193766,Berlin-d42c,21,27,Normal
2026-02-08 05:47:50.193766,Berlin-d42c,-29,58,Normal
2026-02-08 05:47:51.193766,Berlin-d42c,-28,27,Normal
2026-02-08 05:47:52.193766,Berlin-d42c,-9,95,Normal
2026-02-08 05:47:53.193766,Berlin-d42c,22,72,Normal
2026-02-08 05:47:54.193766,Berlin-d42c,36,11,Normal
2026-02-08 05:47:55.193766,Berlin-d42c,-18,13,Normal
2026-02-08 05:47:56.193766,Berlin-d42c,41,93,Normal
2026-02-08 05:47:57.193766,Berlin-d42c,50,80,Normal
2026-02-08 05:47:58.193766,Berlin-d42c,20,56,Normal
2026-02-08 05:47:59.193766,Berlin-d42c,3,53,Normal
2026-02-08 05:48:00.193766,Berlin-d42c,40,81,Normal
2026-02-08 05:48:01.193766,Berlin-d42c,42,19,Normal
2026-02-08 05:48:02.193766,Berlin-d42c,25,20,Normal
2026-02-08 05:48:03.193766,Berlin-d42c,21,94,Normal
2026-02-08 05:48:04.193766,Berlin-d42c,14,15,Normal
2026-02-08 05:48:05.193766,Berlin-d42c,7,49,Normal
2026-02-08 05:48:06.193766,Berlin-d42c,-21,89,Normal
2026-02-08 05:48:07.193766,Berlin-d42c,5,94,Normal
2026-02-08 05:48:08.193766,Berlin-d42c,47,65,Normal
2026-02-08 05:48:09.193766,Berlin-d42c,-6,18,Normal
2026-02-08 05:48:10.193766,Berlin-d42c,-24,80,Normal
2026-02-08 05:48:11.193766,Berlin-d42c,-11,28,Normal
2026-02-08 05:48:12.193766,Berlin-d42c,-7,42,Normal
2026-02-08 05:48:13.193766,Berlin-d42c,9,49,Normal
2026-02-08 05:48:14.193766,Berlin-d42c,37,20,Normal
2026-02-08 05:48:15.193766,Berlin-d42c,32,53,Normal
2026-02-08 05:48:16.193766,Berlin-d42c,18,63,Normal
2026-02-08 05:48:17.193766,Berlin-d42c,1,74,Normal
2026-02-08 05:48:18.193766,Berlin-d42c,-27,75,Normal
2026-02-08 05:48:19.193766,Berlin-d42c,36,48,Normal
2026-02-08 05:48:20.193766,Berlin-d42c,35,52,Normal
2026-02-08 05:48:21.193766,Berlin-d42c,-17,23,Normal
2026-02-08 05:48:22.193766,Berlin-d42c,2,5,Normal
2026-02-08 05:48:23.193766,Berlin-d42c,-16,41,Normal
2026-02-08 05:48:24.193766,Berlin-d42c,24,48,Normal
2026-02-08 05:48:25.193766,Berlin-d42c,-11,16,Normal
2026-02-08 05:48:26.193766,Berlin-d42c,10,69,Normal
2026-02-08 05:48:27.193766,Berlin-d42c,-25,87,Normal
2026-02-08 05:48:28.193766,Berlin-d42c,16,63,Normal
2026-02-08 05:48:29.193766,Berlin-d42c,40,46,Normal
2026-02-08 05:48:30.193766,Berlin-d42c,10,8,Normal
2026-02-08 05:48:31.193766,Berlin-d42c,11,75,Normal
2026-02-08 05:48:32.193766,Berlin-d42c,-13,96,Normal
2026-02-08 05:48:33.193766,Berlin-d42c,-3,25,Normal
2026-02-08 05:48:34.193766,Berlin-d42c,6,90,Normal
2026-02-08 05:48:35.193766,Berlin-d42c,-11,40,Normal
2026-02-08 05:48:36.193766,Berlin-d42c,8,56,Normal
2026-02-08 05:48:37.193766,Berlin-d42c,33,94,Normal
2026-02-08 05:48:38.193766,Berlin-d42c,36,42,Normal
2026-02-08 05:48:39.193766,Berlin-d42c,-16,97,Normal
2026-02-08 05:48:40.193766,Berlin-d42c,-23,17,Normal
2026-02-08 05:48:41.193766,Berlin-d42c,-26,34,Normal
2026-02-08 05:48:42.193766,Berlin-d42c,10,43,Normal
2026-02-08 05:48:43.193766,Berlin-d42c,-3,76,Normal
2026-02-08 05:48:44.193766,Berlin-d42c,31,80,Normal
2026-02-08 05:48:45.193766,Berlin-d42c,-8,42,Normal
2026-02-08 05:48:46.193766,Berlin-d42c,-30,42,Normal
2026-02-08 05:48:47.193766,Berlin-d42c,-17,25,Normal
2026-02-08 05:48:48.193766,Berlin-d42c,1,21,Normal
2026-02-08 05:48:49.193766,Berlin-d42c,-16,86,Normal
2026-02-08 05:48:50.193766,Berlin-d42c,18,2,Normal
2026-02-08 05:48:51.193766,Berlin-d42c,-25,85,Normal
2026-02-08 05:48:52.193766,Berlin-d42c,49,6,Normal
2026-02-08 05:48:53.193766,Berlin-d42c,19,36,Normal
2026-02-08 05:48:54.193766,Berlin-d42c,47,93,Normal
2026-02-08 05:48:55.193766,Berlin-d42c,-9,89,Normal
2026-02-08 05:48:56.193766,Berlin-d42c,7,19,Normal
2026-02-08 05:48:57.193766,Berlin-d42c,-5,96,Normal
2026-02-08 05:48:58.193766,Berlin-d42c,37,40,Normal
2026-02-08 05:48:59.193766,Berlin-d42c,-22,10,Normal
2026-02-08 05:49:00.193766,Berlin-d42c,-7,28,Normal
2026-02-08 05:49:01.193766,Berlin-d42c,-6,53,Normal
2026-02-08 05:49:02.193766,Berlin-d42c,-24,97,Normal
2026-02-08 05:49:03.193766,Berlin-d42c,12,24,Normal
2026-02-08 05:49:04.193766,Berlin-d42c,-4,20,Normal
2026-02-08 05:49:05.193766,Berlin-d42c,-21,71,Normal
2026-02-08 05:49:06.193766,Berlin-d42c,-26,43,Normal
2026-02-08 05:49:07.193766,Berlin-d42c,-17,40,Normal
2026-02-08 05:49:08.193766,Berlin-d42c,42,52,Normal
2026-02-08 05:49:09.193766,Berlin-d42c,-26,44,Normal
2026-02-08 05:49:10.193766,Berlin-d42c,11,13,Normal
2026-02-08 05:49:11.193766,Berlin-d42c,-22,3,Normal
2026-02-08 05:49:12.193766,Berlin-d42c,5,2,Normal
2026-02-08 05:49:13.193766,Berlin-d42c,31,26,Normal
2026-02-08 05:49:14.193766,Berlin-d42c,-16,16,Normal
2026-02-08 05:49:15.193766,Berlin-d42c,29,93,Normal
2026-02-08 05:49:16.193766,Berlin-d42c,23,19,Normal
2026-02-08 05:49:17.193766,Berlin-d42c,-29,78,Normal
2026-02-08 05:49:18.193766,Berlin-d42c,-10,57,Normal
2026-02-08 05:49:19.193766,Berlin-d42c,-4,55,Normal
2026-02-08 05:49:20.193766,Berlin-d42c,8,79,Normal
2026-02-08 05:49:21.193766,Berlin-d42c,44,21,Normal
2026-02-08 05:49:22.193766,Berlin-d42c,41,15,Normal
2026-02-08 05:49:23.193766,Berlin-d42c,19,23,Normal
2026-02-08 05:49:24.193766,Berlin-d42c,-13,85,Normal
2026-02-08 05:49:25.193766,Berlin-d42c,29,47,Normal
2026-02-08 05:49:26.193766,Berlin-d42c,-19,38,Normal
2026-02-08 05:49:27.193766,Berlin-d42c,27,25,Normal
2026-02-08 05:49:28.193766,Berlin-d42c,19,38,Normal
2026-02-08 05:49:29.193766,Berlin-d42c,6,95,Normal
2026-02-08 05:49:30.193766,Berlin-d42c,-6,95,Normal
2026-02-08 05:49:31.193766,Berlin-d42c,2,59,Normal
2026-02-08 05:49:32.193766,Berlin-d42c,19,4,Normal
2026-02-08 05:49:33.193766,Berlin-d42c,-8,61,Normal
2026-02-08 05:49:34.193766,Berlin-d42c,-26,97,Normal
2026-02-08 05:49:35.193766,Berlin-d42c,-6,18,Normal
2026-02-08 05:49:36.193766,Berlin-d42c,-10,14,Normal
2026-02-08 05:49:37.193766,Berlin-d42c,36,73,Normal
2026-02-08 05:49:38.193766,Berlin-d42c,15,51,Normal
2026-02-08 05:49:39.193766,Berlin-d42c,40,5,Normal
2026-02-08 05:49:40.193766,Berlin-d42c,6,12,Normal
2026-02-08 05:49:41.193766,Berlin-d42c,37,61,Normal
2026-02-08 05:49:42.193766,Berlin-d42c,4,26,Normal
2026-02-08 05:49:43.193766,Berlin-d42c,4,95,Normal
2026-02-08 05:49:44.193766,Berlin-d42c,-5,55,Normal
2026-02-08 05:49:45.193766,Berlin-d42c,-1,42,Normal
2026-02-08 05:49:46.193766,Berlin-d42c,-8,28,Normal
2026-02-08 05:49:47.193766,Berlin-d42c,-24,26,Normal
2026-02-08 05:49:48.193766,Berlin-d42c,-7,85,Normal
2026-02-08 05:49:49.193766,Berlin-d42c,2,88,Normal
2026-02-08 05:49:50.193766,Berlin-d42c,8,36,Normal
2026-02-08 05:49:51.193766,Berlin-d42c,-11,33,Normal
2026-02-08 05:49:52.193766,Berlin-d42c,28,14,Normal
2026-02-08 05:49:53.193766,Berlin-d42c,20,32,Normal
2026-02-08 05:49:54.193766,Berlin-d42c,-15,25,Normal
2026-02-08 05:49:55.193766,Berlin-d42c,-11,48,Normal
2026-02-08 05:49:56.193766,Berlin-d42c,22,50,Normal
2026-02-08 05:49:57.193766,Berlin-d42c,5,68,Normal
2026-02-08 05:49:58.193766,Berlin-d42c,16,34,Normal
2026-02-08 05:49:59.193766,Berlin-d42c,28,54,Normal
2026-02-08 05:50:00.193766,Berlin-d42c,-29,67,Normal
2026-02-08 05:50:01.193766,Berlin-d42c,19,37,Normal
2026-02-08 05:50:02.193766,Berlin-d42c,2,49,Normal
2026-02-08 05:50:03.193766,Berlin-d42c,-25,36,Normal
2026-02-08 05:50:04.193766,Berlin-d42c,11,70,Normal
2026-02-08 05:50:05.193766,Berlin-d42c,-28,60,Normal
2026-02-08 05:50:06.193766,Berlin-d42c,34,38,Normal
2026-02-08 05:50:07.193766,Berlin-d42c,-21,82,Normal
2026-02-08 05:50:08.193766,Berlin-d42c,50,36,Normal
2026-02-08 05:50:09.193766,Berlin-d42c,18,27,Normal
2026-02-08 05:50:10.193766,Berlin-d42c,-10,67,Normal
2026-02-08 05:50:11.193766,Berlin-d42c,14,74,Normal
2026-02-08 05:50:12.193766,Berlin-d42c,13,12,Normal
2026-02-08 05:50:13.193766,Berlin-d42c,1,53,Normal
