timestamp,station_id,temp,humid,condition
2026-02-16 16:04:26.749236,Berlin-e07f,-3,64,Normal
2026-02-16 16:04:27.749236,Berlin-e07f,46,59,Normal
2026-02-16 16:04:28.749236,Berlin-e07f,20,31,Normal
2026-02-16 16:04:29.749236,Berlin-e07f,22,58,Normal
2026-02-16 16:04:30.749236,Berlin-e07f,34,13,Normal
2026-02-16 16:04:31.749236,Berlin-e07f,10,33,Normal
2026-02-16 16:04:32.749236,Berlin-e07f,6,1,Normal
2026-02-16 16:04:33.749236,Berlin-e07f,6,56,Normal
2026-02-16 16:04:34.749236,Berlin-e07f,-20,14,Normal
2026-02-16 16:04:35.749236,Berlin-e07f,-11,67,Normal
2026-02-16 16:04:36.749236,Berlin-e07f,16,12,Normal
2026-02-16 16:04:37.749236,Berlin-e07f,-12,50,Normal
2026-02-16 16:04:38.749236,Berlin-e07f,13,31,Normal
2026-02-16 16:04:39.749236,Berlin-e07f,-15,14,Normal
2026-02-16 16:04:40.749236,Berlin-e07f,-12,91,Normal
2026-02-16 16:04:41.749236,Berlin-e07f,-19,12,Normal
2026-02-16 16:04:42.749236,Berlin-e07f,30,89,Normal
2026-02-16 16:04:43.749236,Berlin-e07f,19,17,Normal
2026-02-16 16:04:44.749236,Berlin-e07f,3,6,Normal
2026-02-16 16:04:45.749236,Berlin-e07f,-4,47,Normal
2026-02-16 16:04:46.749236,Berlin-e07f,-21,45,Normal
2026-02-16 16:04:47.749236,Berlin-e07f,36,44,Normal
2026-02-16 16:04:48.749236,Berlin-e07f,43,34,Normal
2026-02-16 16:04:49.749236,Berlin-e07f,26,95,Normal
2026-02-16 16:04:50.749236,Berlin-e07f,47,14,Normal
2026-02-16 16:04:51.749236,Berlin-e07f,19,50,Normal
2026-02-16 16:04:52.749236,Berlin-e07f,7,93,Normal
2026-02-16 16:04:53.749236,Berlin-e07f,16,58,Normal
2026-02-16 16:04:54.749236,Berlin-e07f,43,22,Normal
2026-02-16 16:04:55.749236,Berlin-e07f,-28,69,Normal
2026-02-16 16:04:56.749236,Berlin-e07f,13,41,Normal
2026-02-16 16:04:57.749236,Berlin-e07f,-8,72,Normal
2026-02-16 16:04:58.749236,Berlin-e07f,22,90,Normal
2026-02-16 16:04:59.749236,Berlin-e07f,-29,57,Normal
2026-02-16 16:05:00.749236,Berlin-e07f,33,65,Normal
2026-02-16 16:05:01.749236,Berlin-e07f,42,20,Normal
2026-02-16 16:05:02.749236,Berlin-e07f,-13,56,Normal
2026-02-16 16:05:03.749236,Berlin-e07f,4,5,Normal
2026-02-16 16:05:04.749236,Berlin-e07f,37,38,Normal
2026-02-16 16:05:05.749236,Berlin-e07f,21,61,Normal
2026-02-16 16:05:06.749236,Berlin-e07f,-6,14,Normal
2026-02-16 16:05:07.749236,Berlin-e07f,25,56,Normal
2026-02-16 16:05:08.749236,Berlin-e07f,21,10,Normal
2026-02-16 16:05:09.749236,Berlin-e07f,-26,6,Normal
2026-02-16 16:05:10.749236,Berlin-e07f,46,51,Normal
2026-02-16 16:05:11.749236,Berlin-e07f,-26,63,Normal
2026-02-16 16:05:12.749236,Berlin-e07f,-28,3,Normal
2026-02-16 16:05:13.749236,Berlin-e07f,13,36,Normal
2026-02-16 16:05:14.749236,Berlin-e07f,-14,41,Normal
2026-02-16 16:05:15.749236,Berlin-e07f,24,4,Normal
2026-02-16 16:05:16.749236,Berlin-e07f,15,96,Normal
2026-02-16 16:05:17.749236,Berlin-e07f,48,47,Normal
2026-02-16 16:05:18.749236,Berlin-e07f,-22,64,Normal
2026-02-16 16:05:19.749236,Berlin-e07f,-22,8,Normal
2026-02-16 16:05:20.749236,Berlin-e07f,50,35,Normal
2026-02-16 16:05:21.749236,Berlin-e07f,-14,26,Normal
2026-02-16 16:05:22.749236,Berlin-e07f,-9,0,Normal
2026-02-16 16:05:23.749236,Berlin-e07f,-12,25,Normal
2026-02-16 16:05:24.749236,Berlin-e07f,-22,75,Normal
2026-02-16 16:05:25.749236,Berlin-e07f,-15,47,Normal
2026-02-16 16:05:26.749236,Berlin-e07f,25,3,Normal
2026-02-16 16:05:27.749236,Berlin-e07f,17,85,Normal
2026-02-16 16:05:28.749236,Berlin-e07f,8,24,Normal
2026-02-16 16:05:29.749236,Berlin-e07f,-6,86,Normal
2026-02-16 16:05:30.749236,Berlin-e07f,-26,100,Normal
2026-02-16 16:05:31.749236,Berlin-e07f,35,91,Normal
2026-02-16 16:05:32.749236,Berlin-e07f,-25,46,Normal
2026-02-16 16:05:33.749236,Berlin-e07f,-17,4,Normal
2026-02-16 16:05:34.749236,Berlin-e07f,33,89,Normal
2026-02-16 16:05:35.749236,Berlin-e07f,-1,24,Normal
2026-02-16 16:05:36.749236,Berlin-e07f,-30,8,Normal
2026-02-16 16:05:37.749236,Berlin-e07f,16,35,Normal
2026-02-16 16:05:38.749236,Berlin-e07f,-30,74,Normal
2026-02-16 16:05:39.749236,Berlin-e07f,7,38,Normal
2026-02-16 16:05:40.749236,Berlin-e07f,17,37,Normal
2026-02-16 16:05:41.749236,Berlin-e07f,49,79,Normal
2026-02-16 16:05:42.749236,Berlin-e07f,18,91,Normal
2026-02-16 16:05:43.749236,Berlin-e07f,43,56,Normal
2026-02-16 16:05:44.749236,Berlin-e07f,-13,33,Normal
2026-02-16 16:05:45.749236,Berlin-e07f,-11,51,Normal
2026-02-16 16:05:46.749236,Berlin-e07f,5,17,Normal
2026-02-16 16:05:47.749236,Berlin-e07f,18,24,Normal
2026-02-16 16:05:48.749236,Berlin-e07f,46,85,Normal
2026-02-16 16:05:49.749236,Berlin-e07f,16,42,Normal
2026-02-16 16:05:50.749236,Berlin-e07f,26,56,Normal
2026-02-16 16:05:51.749236,Berlin-e07f,5,13,Normal
2026-02-16 16:05:52.749236,Berlin-e07f,31,40,Normal
2026-02-16 16:05:53.749236,Berlin-e07f,-8,96,Normal
2026-02-16 16:05:54.749236,Berlin-e07f,41,100,Normal
2026-02-16 16:05:55.749236,Berlin-e07f,-16,82,Normal
2026-02-16 16:05:56.749236,Berlin-e07f,-1,29,Normal
2026-02-16 16:05:57.749236,Berlin-e07f,19,32,Normal
2026-02-16 16:05:58.749236,Berlin-e07f,-12,79,Normal
2026-02-16 16:05:59.749236,Berlin-e07f,45,72,Normal
2026-02-16 16:06:00.749236,Berlin-e07f,-29,46,Normal
2026-02-16 16:06:01.749236,Berlin-e07f,3,44,Normal
2026-02-16 16:06:02.749236,Berlin-e07f,6,42,Normal
2026-02-16 16:06:03.749236,Berlin-e07f,-2,27,Normal
2026-02-16 16:06:04.749236,Berlin-e07f,28,85,Normal
2026-02-16 16:06:05.749236,Berlin-e07f,17,13,Normal
2026-02-16 16:06:06.749236,Berlin-e07f,-17,19,Normal
2026-02-16 16:06:07.749236,Berlin-e07f,30,52,Normal
2026-02-16 16:06:08.749236,Berlin-e07f,39,44,Normal
2026-02-16 16:06:09.749236,Berlin-e07f,39,31,Normal
2026-02-16 16:06:10.749236,Berlin-e07f,33,31,Normal
2026-02-16 16:06:11.749236,Berlin-e07f,-18,76,Normal
2026-02-16 16:06:12.749236,Berlin-e07f,24,85,Normal
2026-02-16 16:06:13.749236,Berlin-e07f,3,7,Normal
2026-02-16 16:06:14.749236,Berlin-e07f,-28,86,Normal
2026-02-16 16:06:15.749236,Berlin-e07f,34,5,Normal
2026-02-16 16:06:16.749236,Berlin-e07f,17,70,Normal
2026-02-16 16:06:17.749236,Berlin-e07f,17,82,Normal
2026-02-16 16:06:18.749236,Berlin-e07f,-30,3,Normal
2026-02-16 16:06:19.749236,Berlin-e07f,40,66,Normal
2026-02-16 16:06:20.749236,Berlin-e07f,-22,67,Normal
2026-02-16 16:06:21.749236,Berlin-e07f,14,37,Normal
2026-02-16 16:06:22.749236,Berlin-e07f,40,77,Normal
2026-02-16 16:06:23.749236,Berlin-e07f,-15,97,Normal
2026-02-16 16:06:24.749236,Berlin-e07f,-23,67,Normal
2026-02-16 16:06:25.749236,Berlin-e07f,-22,27,Normal
2026-02-16 16:06:26.749236,Berlin-e07f,19,21,Normal
2026-02-16 16:06:27.749236,Berlin-e07f,5,38,Normal
2026-02-16 16:06:28.749236,Berlin-e07f,20,81,Normal
2026-02-16 16:06:29.749236,Berlin-e07f,0,39,Normal
2026-02-16 16:06:30.749236,Berlin-e07f,-22,34,Normal
2026-02-16 16:06:31.749236,Berlin-e07f,3,52,Normal
2026-02-16 16:06:32.749236,Berlin-e07f,-11,43,Normal
2026-02-16 16:06:33.749236,Berlin-e07f,12,67,Normal
2026-02-16 16:06:34.749236,Berlin-e07f,3,2,Normal
2026-02-16 16:06:35.749236,Berlin-e07f,9,82,Normal
2026-02-16 16:06:36.749236,Berlin-e07f,-3,61,Normal
2026-02-16 16:06:37.749236,Berlin-e07f,25,35,Normal
2026-02-16 16:06:38.749236,Berlin-e07f,11,11,Normal
2026-02-16 16:06:39.749236,Berlin-e07f,37,77,Normal
2026-02-16 16:06:40.749236,Berlin-e07f,13,88,Normal
2026-02-16 16:06:41.749236,Berlin-e07f,29,79,Normal
2026-02-16 16:06:42.749236,Berlin-e07f,44,21,Normal
2026-02-16 16:06:43.749236,Berlin-e07f,-13,60,Normal
2026-02-16 16:06:44.749236,Berlin-e07f,33,78,Normal
2026-02-16 16:06:45.749236,Berlin-e07f,11,47,Normal
2026-02-16 16:06:46.749236,Berlin-e07f,-12,80,Normal
2026-02-16 16:06:47.749236,Berlin-e07f,3,68,Normal
2026-02-16 16:06:48.749236,Berlin-e07f,-14,87,Normal
2026-02-16 16:06:49.749236,Berlin-e07f,43,40,Normal
2026-02-16 16:06:50.749236,Berlin-e07f,18,56,Normal
2026-02-16 16:06:51.749236,Berlin-e07f,46,46,Normal
2026-02-16 16:06:52.749236,Berlin-e07f,40,25,Normal
2026-02-16 16:06:53.749236,Berlin-e07f,42,44,Normal
2026-02-16 16:06:54.749236,Berlin-e07f,-27,81,Normal
2026-02-16 16:06:55.749236,Berlin-e07f,43,29,Normal
2026-02-16 16:06:56.749236,Berlin-e07f,-12,76,Normal
2026-02-16 16:06:57.749236,Berlin-e07f,39,62,Normal
2026-02-16 16:06:58.749236,Berlin-e07f,32,70,Normal
2026-02-16 16:06:59.749236,Berlin-e07f,11,59,Normal
2026-02-16 16:07:00.749236,Berlin-e07f,16,51,Normal
2026-02-16 16:07:01.749236,Berlin-e07f,37,96,Normal
2026-02-16 16:07:02.749236,Berlin-e07f,36,19,Normal
2026-02-16 16:07:03.749236,Berlin-e07f,-17,99,Normal
2026-02-16 16:07:04.749236,Berlin-e07f,-22,9,Normal
2026-02-16 16:07:05.749236,Berlin-e07f,40,79,Normal
2026-02-16 16:07:06.749236,Berlin-e07f,1,99,Normal
2026-02-16 16:07:07.749236,Berlin-e07f,-15,37,Normal
2026-02-16 16:07:08.749236,Berlin-e07f,16,66,Normal
2026-02-16 16:07:09.749236,Berlin-e07f,3,73,Normal
2026-02-16 16:07:10.749236,Berlin-e07f,-25,23,Normal
2026-02-16 16:07:11.749236,Berlin-e07f,32,94,Normal
2026-02-16 16:07:12.749236,Berlin-e07f,5,8,Normal
2026-02-16 16:07:13.749236,Berlin-e07f,48,17,Normal
2026-02-16 16:07:14.749236,Berlin-e07f,22,75,Normal
2026-02-16 16:07:15.749236,Berlin-e07f,5,82,Normal
2026-02-16 16:07:16.749236,Berlin-e07f,43,8,Normal
2026-02-16 16:07:17.749236,Berlin-e07f,22,97,Normal
2026-02-16 16:07:18.749236,Berlin-e07f,31,14,Normal
2026-02-16 16:07:19.749236,Berlin-e07f,42,47,Normal
2026-02-16 16:07:20.749236,Berlin-e07f,43,11,Normal
2026-02-16 16:07:21.749236,Berlin-e07f,30,99,Normal
2026-02-16 16:07:22.749236,Berlin-e07f,-30,12,Normal
2026-02-16 16:07:23.749236,Berlin-e07f,-29,35,Normal
2026-02-16 16:07:24.749236,Berlin-e07f,-4,25,Normal
2026-02-16 16:07:25.749236,Berlin-e07f,7,28,Normal
2026-02-16 16:07:26.749236,Berlin-e07f,-11,29,Normal
2026-02-16 16:07:27.749236,Berlin-e07f,39,95,Normal
2026-02-16 16:07:28.749236,Berlin-e07f,42,43,Normal
2026-02-16 16:07:29.749236,Berlin-e07f,47,57,Normal
2026-02-16 16:07:30.749236,Berlin-e07f,17,56,Normal
2026-02-16 16:07:31.749236,Berlin-e07f,11,98,Normal
2026-02-16 16:07:32.749236,Berlin-e07f,0,12,Normal
2026-02-16 16:07:33.749236,Berlin-e07f,25,63,Normal
2026-02-16 16:07:34.749236,Berlin-e07f,18,26,Normal
2026-02-16 16:07:35.749236,Berlin-e07f,-18,56,Normal
2026-02-16 16:07:36.749236,Berlin-e07f,28,71,Normal
2026-02-16 16:07:37.749236,Berlin-e07f,8,25,Normal
2026-02-16 16:07:38.749236,Berlin-e07f,42,25,Normal
2026-02-16 16:07:39.749236,Berlin-e07f,29,65,Normal
2026-02-16 16:07:40.749236,Berlin-e07f,26,80,Normal
2026-02-16 16:07:41.749236,Berlin-e07f,39,24,Normal
2026-02-16 16:07:42.749236,Berlin-e07f,-22,24,Normal
2026-02-16 16:07:43.749236,Berlin-e07f,6,63,Normal
2026-02-16 16:07:44.749236,Berlin-e07f,-11,4,Normal
2026-02-16 16:07:45.749236,Berlin-e07f,-23,58,Normal
2026-02-16 16:07:46.749236,Berlin-e07f,4,9,Normal
2026-02-16 16:07:47.749236,Berlin-e07f,-14,68,Normal
2026-02-16 16:07:48.749236,Berlin-e07f,-9,82,Normal
2026-02-16 16:07:49.749236,Berlin-e07f,-5,48,Normal
2026-02-16 16:07:50.749236,Berlin-e07f,6,55,Normal
2026-02-16 16:07:51.749236,Berlin-e07f,2,13,Normal
2026-02-16 16:07:52.749236,Berlin-e07f,-20,45,Normal
2026-02-16 16:07:53.749236,Berlin-e07f,-3,31,Normal
2026-02-16 16:07:54.749236,Berlin-e07f,2,4,Normal
2026-02-16 16:07:55.749236,Berlin-e07f,22,24,Normal
2026-02-16 16:07:56.749236,Berlin-e07f,0,4,Normal
2026-02-16 16:07:57.749236,Berlin-e07f,23,63,Normal
2026-02-16 16:07:58.749236,Berlin-e07f,48,67,Normal
2026-02-16 16:07:59.749236,Berlin-e07f,30,23,Normal
2026-02-16 16:08:00.749236,Berlin-e07f,35,68,Normal
2026-02-16 16:08:01.749236,Berlin-e07f,9,81,Normal
2026-02-16 16:08:02.749236,Berlin-e07f,10,35,Normal
2026-02-16 16:08:03.749236,Berlin-e07f,37,84,Normal
2026-02-16 16:08:04.749236,Berlin-e07f,46,95,Normal
2026-02-16 16:08:05.749236,Berlin-e07f,17,62,Normal
2026-02-16 16:08:06.749236,Berlin-e07f,35,72,Normal
2026-02-16 16:08:07.749236,Berlin-e07f,-20,73,Normal
2026-02-16 16:08:08.749236,Berlin-e07f,19,81,Normal
2026-02-16 16:08:09.749236,Berlin-e07f,18,13,Normal
2026-02-16 16:08:10.749236,Berlin-e07f,-18,10,Normal
2026-02-16 16:08:11.749236,Berlin-e07f,34,64,Normal
2026-02-16 16:08:12.749236,Berlin-e07f,-15,51,Normal
2026-02-16 16:08:13.749236,Berlin-e07f,24,51,Normal
2026-02-16 16:08:14.749236,Berlin-e07f,45,65,Normal
2026-02-16 16:08:15.749236,Berlin-e07f,35,83,Normal
2026-02-16 16:08:16.749236,Berlin-e07f,11,34,Normal
2026-02-16 16:08:17.749236,Berlin-e07f,43,39,Normal
2026-02-16 16:08:18.749236,Berlin-e07f,15,1,Normal
2026-02-16 16:08:19.749236,Berlin-e07f,-2,89,Normal
2026-02-16 16:08:20.749236,Berlin-e07f,26,6,Normal
2026-02-16 16:08:21.749236,Berlin-e07f,1,39,Normal
2026-02-16 16:08:22.749236,Berlin-e07f,15,68,Normal
2026-02-16 16:08:23.749236,Berlin-e07f,31,28,Normal
2026-02-16 16:08:24.749236,Berlin-e07f,4,13,Normal
2026-02-16 16:08:25.749236,Berlin-e07f,-30,36,Normal
2026-02-16 16:08:26.749236,Berlin-e07f,-10,39,Normal
2026-02-16 16:08:27.749236,Berlin-e07f,-24,61,Normal
2026-02-16 16:08:28.749236,Berlin-e07f,36,18,Normal
2026-02-16 16:08:29.749236,Berlin-e07f,11,70,Normal
2026-02-16 16:08:30.749236,Berlin-e07f,34,35,Normal
2026-02-16 16:08:31.749236,Berlin-e07f,47,80,Normal
2026-02-16 16:08:32.749236,Berlin-e07f,19,85,Normal
2026-02-16 16:08:33.749236,Berlin-e07f,13,56,Normal
2026-02-16 16:08:34.749236,Berlin-e07f,-4,38,Normal
2026-02-16 16:08:35.749236,Berlin-e07f,-8,98,Normal
2026-02-16 16:08:36.749236,Berlin-e07f,9,45,Normal
2026-02-16 16:08:37.749236,Berlin-e07f,-5,29,Normal
2026-02-16 16:08:38.749236,Berlin-e07f,24,27,Normal
2026-02-16 16:08:39.749236,Berlin-e07f,1,58,Normal
2026-02-16 16:08:40.749236,Berlin-e07f,1,97,Normal
2026-02-16 16:08:41.749236,Berlin-e07f,18,6,Normal
2026-02-16 16:08:42.749236,Berlin-e07f,50,30,Normal
2026-02-16 16:08:43.749236,Berlin-e07f,-18,26,Normal
2026-02-16 16:08:44.749236,Berlin-e07f,26,12,Normal
2026-02-16 16:08:45.749236,Berlin-e07f,0,16,Normal
2026-02-16 16:08:46.749236,Berlin-e07f,-27,50,Normal
2026-02-16 16:08:47.749236,Berlin-e07f,26,36,Normal
2026-02-16 16:08:48.749236,Berlin-e07f,26,25,Normal
2026-02-16 16:08:49.749236,Berlin-e07f,12,8,Normal
2026-02-16 16:08:50.749236,Berlin-e07f,-21,81,Normal
2026-02-16 16:08:51.749236,Berlin-e07f,-17,66,Normal
2026-02-16 16:08:52.749236,Berlin-e07f,-18,86,Normal
2026-02-16 16:08:53.749236,Berlin-e07f,-21,0,Normal
2026-02-16 16:08:54.749236,Berlin-e07f,36,0,Normal
2026-02-16 16:08:55.749236,Berlin-e07f,31,54,Normal
2026-02-16 16:08:56.749236,Berlin-e07f,-3,71,Normal
2026-02-16 16:08:57.749236,Berlin-e07f,32,10,Normal
2026-02-16 16:08:58.749236,Berlin-e07f,49,42,Normal
2026-02-16 16:08:59.749236,Berlin-e07f,-26,59,Normal
2026-02-16 16:09:00.749236,Berlin-e07f,48,15,Normal
2026-02-16 16:09:01.749236,Berlin-e07f,34,66,Normal
2026-02-16 16:09:02.749236,Berlin-e07f,38,95,Normal
2026-02-16 16:09:03.749236,Berlin-e07f,16,38,Normal
2026-02-16 16:09:04.749236,Berlin-e07f,-18,8,Normal
2026-02-16 16:09:05.749236,Berlin-e07f,-23,62,Normal
2026-02-16 16:09:06.749236,Berlin-e07f,14,13,Normal
2026-02-16 16:09:07.749236,Berlin-e07f,-25,70,Normal
2026-02-16 16:09:08.749236,Berlin-e07f,12,23,Normal
2026-02-16 16:09:09.749236,Berlin-e07f,3,49,Normal
2026-02-16 16:09:10.749236,Berlin-e07f,-30,42,Normal
2026-02-16 16:09:11.749236,Berlin-e07f,8,56,Normal
2026-02-16 16:09:12.749236,Berlin-e07f,-7,47,Normal
2026-02-16 16:09:13.749236,Berlin-e07f,46,57,Normal
2026-02-16 16:09:14.749236,Berlin-e07f,-24,8,Normal
2026-02-16 16:09:15.749236,Berlin-e07f,-3,91,Normal
2026-02-16 16:09:16.749236,Berlin-e07f,-2,46,Normal
2026-02-16 16:09:17.749236,Berlin-e07f,-27,86,Normal
2026-02-16 16:09:18.749236,Berlin-e07f,-6,5,Normal
2026-02-16 16:09:19.749236,Berlin-e07f,40,50,Normal
2026-02-16 16:09:20.749236,Berlin-e07f,-25,16,Normal
2026-02-16 16:09:21.749236,Berlin-e07f,4,8,Normal
2026-02-16 16:09:22.749236,Berlin-e07f,-5,39,Normal
2026-02-16 16:09:23.749236,Berlin-e07f,41,81,Normal
2026-02-16 16:09:24.749236,Berlin-e07f,20,11,Normal
2026-02-16 16:09:25.749236,Berlin-e07f,46,17,Normal
2026-02-16 16:09:26.749236,Berlin-e07f,23,15,Normal
2026-02-16 16:09:27.749236,Berlin-e07f,-21,84,Normal
2026-02-16 16:09:28.749236,Berlin-e07f,11,81,Normal
2026-02-16 16:09:29.749236,Berlin-e07f,-12,96,Normal
2026-02-16 16:09:30.749236,Berlin-e07f,12,59,Normal
2026-02-16 16:09:31.749236,Berlin-e07f,-22,57,Normal
2026-02-16 16:09:32.749236,Berlin-e07f,-7,92,Normal
2026-02-16 16:09:33.749236,Berlin-e07f,24,6,Normal
2026-02-16 16:09:34.749236,Berlin-e07f,6,77,Normal
2026-02-16 16:09:35.749236,Berlin-e07f,-20,26,Normal
2026-02-16 16:09:36.749236,Berlin-e07f,37,75,Normal
2026-02-16 16:09:37.749236,Berlin-e07f,9,22,Normal
2026-02-16 16:09:38.749236,Berlin-e07f,-24,24,Normal
2026-02-16 16:09:39.749236,Berlin-e07f,-30,30,Normal
2026-02-16 16:09:40.749236,Berlin-e07f,-30,85,Normal
2026-02-16 16:09:41.749236,Berlin-e07f,26,99,Normal
2026-02-16 16:09:42.749236,Berlin-e07f,32,43,Normal
2026-02-16 16:09:43.749236,Berlin-e07f,12,57,Normal
2026-02-16 16:09:44.749236,Berlin-e07f,-4,35,Normal
2026-02-16 16:09:45.749236,Berlin-e07f,-8,70,Normal
2026-02-16 16:09:46.749236,Berlin-e07f,31,4,Normal
2026-02-16 16:09:47.749236,Berlin-e07f,18,24,Normal
2026-02-16 16:09:48.749236,Berlin-e07f,45,46,Normal
2026-02-16 16:09:49.749236,Berlin-e07f,-30,20,Normal
2026-02-16 16:09:50.749236,Berlin-e07f,-20,51,Normal
2026-02-16 16:09:51.749236,Berlin-e07f,-25,71,Normal
2026-02-16 16:09:52.749236,Berlin-e07f,22,34,Normal
2026-02-16 16:09:53.749236,Berlin-e07f,32,34,Normal
2026-02-16 16:09:54.749236,Berlin-e07f,-22,74,Normal
2026-02-16 16:09:55.749236,Berlin-e07f,-16,58,Normal
2026-02-16 16:09:56.749236,Berlin-e07f,-22,76,Normal
2026-02-16 16:09:57.749236,Berlin-e07f,-6,52,Normal
2026-02-16 16:09:58.749236,Berlin-e07f,17,51,Normal
2026-02-16 16:09:59.749236,Berlin-e07f,14,88,Normal
2026-02-16 16:10:00.749236,Berlin-e07f,-19,69,Normal
2026-02-16 16:10:01.749236,Berlin-e07f,19,1,Normal
2026-02-16 16:10:02.749236,Berlin-e07f,2,89,Normal
2026-02-16 16:10:03.749236,Berlin-e07f,-30,18,Normal
2026-02-16 16:10:04.749236,Berlin-e07f,24,29,Normal
2026-02-16 16:10:05.749236,Berlin-e07f,22,54,Normal
2026-02-16 16:10:06.749236,Berlin-e07f,21,6,Normal
2026-02-16 16:10:07.749236,Berlin-e07f,6,72,Normal
2026-02-16 16:10:08.749236,Berlin-e07f,0,94,Normal
2026-02-16 16:10:09.749236,Berlin-e07f,16,48,Normal
2026-02-16 16:10:10.749236,Berlin-e07f,-17,89,Normal
2026-02-16 16:10:11.749236,Berlin-e07f,27,3,Normal
2026-02-16 16:10:12.749236,Berlin-e07f,-3,86,Normal
2026-02-16 16:10:13.749236,Berlin-e07f,-5,79,Normal
2026-02-16 16:10:14.749236,Berlin-e07f,2,47,Normal
2026-02-16 16:10:15.749236,Berlin-e07f,-1,71,Normal
2026-02-16 16:10:16.749236,Berlin-e07f,8,77,Normal
2026-02-16 16:10:17.749236,Berlin-e07f,-30,92,Normal
2026-02-16 16:10:18.749236,Berlin-e07f,-5,57,Normal
2026-02-16 16:10:19.749236,Berlin-e07f,45,91,Normal
2026-02-16 16:10:20.749236,Berlin-e07f,-17,20,Normal
2026-02-16 16:10:21.749236,Berlin-e07f,47,56,Normal
2026-02-16 16:10:22.749236,Berlin-e07f,-22,95,Normal
2026-02-16 16:10:23.749236,Berlin-e07f,23,93,Normal
2026-02-16 16:10:24.749236,Berlin-e07f,-16,39,Normal
2026-02-16 16:10:25.749236,Berlin-e07f,-18,14,Normal
2026-02-16 16:10:26.749236,Berlin-e07f,39,43,Normal
2026-02-16 16:10:27.749236,Berlin-e07f,2,43,Normal
2026-02-16 16:10:28.749236,Berlin-e07f,-2,41,Normal
2026-02-16 16:10:29.749236,Berlin-e07f,-20,0,Normal
2026-02-16 16:10:30.749236,Berlin-e07f,-21,3,Normal
2026-02-16 16:10:31.749236,Berlin-e07f,45,72,Normal
2026-02-16 16:10:32.749236,Berlin-e07f,-1,71,Normal
2026-02-16 16:10:33.749236,Berlin-e07f,22,41,Normal
2026-02-16 16:10:34.749236,Berlin-e07f,10,12,Normal
2026-02-16 16:10:35.749236,Berlin-e07f,36,13,Normal
2026-02-16 16:10:36.749236,Berlin-e07f,6,16,Normal
2026-02-16 16:10:37.749236,Berlin-e07f,18,52,Normal
2026-02-16 16:10:38.749236,Berlin-e07f,22,62,Normal
2026-02-16 16:10:39.749236,Berlin-e07f,7,24,Normal
2026-02-16 16:10:40.749236,Berlin-e07f,-28,37,Normal
2026-02-16 16:10:41.749236,Berlin-e07f,50,43,Normal
2026-02-16 16:10:42.749236,Berlin-e07f,40,6,Normal
2026-02-16 16:10:43.749236,Berlin-e07f,-29,21,Normal
2026-02-16 16:10:44.749236,Berlin-e07f,44,61,Normal
2026-02-16 16:10:45.749236,Berlin-e07f,-10,46,Normal
2026-02-16 16:10:46.749236,Berlin-e07f,47,79,Normal
2026-02-16 16:10:47.749236,Berlin-e07f,14,43,Normal
2026-02-16 16:10:48.749236,Berlin-e07f,12,100,Normal
2026-02-16 16:10:49.749236,Berlin-e07f,8,34,Normal
2026-02-16 16:10:50.749236,Berlin-e07f,34,33,Normal
2026-02-16 16:10:51.749236,Berlin-e07f,25,38,Normal
2026-02-16 16:10:52.749236,Berlin-e07f,2,83,Normal
2026-02-16 16:10:53.749236,Berlin-e07f,-25,63,Normal
2026-02-16 16:10:54.749236,Berlin-e07f,-23,87,Normal
2026-02-16 16:10:55.749236,Berlin-e07f,-21,93,Normal
2026-02-16 16:10:56.749236,Berlin-e07f,40,22,Normal
2026-02-16 16:10:57.749236,Berlin-e07f,47,38,Normal
2026-02-16 16:10:58.749236,Berlin-e07f,-26,3,Normal
2026-02-16 16:10:59.749236,Berlin-e07f,6,38,Normal
2026-02-16 16:11:00.749236,Berlin-e07f,-25,81,Normal
2026-02-16 16:11:01.749236,Berlin-e07f,44,42,Normal
2026-02-16 16:11:02.749236,Berlin-e07f,4,98,Normal
2026-02-16 16:11:03.749236,Berlin-e07f,-30,76,Normal
2026-02-16 16:11:04.749236,Berlin-e07f,1,36,Normal
2026-02-16 16:11:05.749236,Berlin-e07f,12,35,Normal
2026-02-16 16:11:06.749236,Berlin-e07f,17,82,Normal
2026-02-16 16:11:07.749236,Berlin-e07f,21,20,Normal
2026-02-16 16:11:08.749236,Berlin-e07f,35,41,Normal
2026-02-16 16:11:09.749236,Berlin-e07f,-7,38,Normal
2026-02-16 16:11:10.749236,Berlin-e07f,45,58,Normal
2026-02-16 16:11:11.749236,Berlin-e07f,50,1,Normal
2026-02-16 16:11:12.749236,Berlin-e07f,36,29,Normal
2026-02-16 16:11:13.749236,Berlin-e07f,-15,89,Normal
2026-02-16 16:11:14.749236,Berlin-e07f,-11,36,Normal
2026-02-16 16:11:15.749236,Berlin-e07f,3,36,Normal
2026-02-16 16:11:16.749236,Berlin-e07f,22,42,Normal
2026-02-16 16:11:17.749236,Berlin-e07f,-8,5,Normal
2026-02-16 16:11:18.749236,Berlin-e07f,15,79,Normal
2026-02-16 16:11:19.749236,Berlin-e07f,-9,3,Normal
2026-02-16 16:11:20.749236,Berlin-e07f,37,53,Normal
2026-02-16 16:11:21.749236,Berlin-e07f,46,19,Normal
2026-02-16 16:11:22.749236,Berlin-e07f,6,9,Normal
2026-02-16 16:11:23.749236,Berlin-e07f,-22,36,Normal
2026-02-16 16:11:24.749236,Berlin-e07f,40,43,Normal
2026-02-16 16:11:25.749236,Berlin-e07f,-20,89,Normal
2026-02-16 16:11:26.749236,Berlin-e07f,15,99,Normal
2026-02-16 16:11:27.749236,Berlin-e07f,4,42,Normal
2026-02-16 16:11:28.749236,Berlin-e07f,41,40,Normal
2026-02-16 16:11:29.749236,Berlin-e07f,-21,20,Normal
2026-02-16 16:11:30.749236,Berlin-e07f,10,79,Normal
2026-02-16 16:11:31.749236,Berlin-e07f,40,80,Normal
2026-02-16 16:11:32.749236,Berlin-e07f,2,65,Normal
2026-02-16 16:11:33.749236,Berlin-e07f,6,25,Normal
2026-02-16 16:11:34.749236,Berlin-e07f,-29,77,Normal
2026-02-16 16:11:35.749236,Berlin-e07f,1,51,Normal
2026-02-16 16:11:36.749236,Berlin-e07f,31,64,Normal
2026-02-16 16:11:37.749236,Berlin-e07f,47,60,Normal
2026-02-16 16:11:38.749236,Berlin-e07f,-11,65,Normal
2026-02-16 16:11:39.749236,Berlin-e07f,3,86,Normal
2026-02-16 16:11:40.749236,Berlin-e07f,-21,76,Normal
2026-02-16 16:11:41.749236,Berlin-e07f,-28,25,Normal
2026-02-16 16:11:42.749236,Berlin-e07f,20,7,Normal
2026-02-16 16:11:43.749236,Berlin-e07f,-27,2,Normal
2026-02-16 16:11:44.749236,Berlin-e07f,16,79,Normal
2026-02-16 16:11:45.749236,Berlin-e07f,20,97,Normal
2026-02-16 16:11:46.749236,Berlin-e07f,-6,59,Normal
2026-02-16 16:11:47.749236,Berlin-e07f,-24,88,Normal
2026-02-16 16:11:48.749236,Berlin-e07f,7,40,Normal
2026-02-16 16:11:49.749236,Berlin-e07f,6,77,Normal
2026-02-16 16:11:50.749236,Berlin-e07f,-10,84,Normal
2026-02-16 16:11:51.749236,Berlin-e07f,19,53,Normal
2026-02-16 16:11:52.749236,Berlin-e07f,39,18,Normal
2026-02-16 16:11:53.749236,Berlin-e07f,21,17,Normal
2026-02-16 16:11:54.749236,Berlin-e07f,46,86,Normal
2026-02-16 16:11:55.749236,Berlin-e07f,46,12,Normal
2026-02-16 16:11:56.749236,Berlin-e07f,12,76,Normal
2026-02-16 16:11:57.749236,Berlin-e07f,13,69,Normal
2026-02-16 16:11:58.749236,Berlin-e07f,-2,62,Normal
2026-02-16 16:11:59.749236,Berlin-e07f,27,30,Normal
2026-02-16 16:12:00.749236,Berlin-e07f,-7,82,Normal
2026-02-16 16:12:01.749236,Berlin-e07f,-13,13,Normal
2026-02-16 16:12:02.749236,Berlin-e07f,12,68,Normal
2026-02-16 16:12:03.749236,Berlin-e07f,-6,37,Normal
2026-02-16 16:12:04.749236,Berlin-e07f,25,53,Normal
2026-02-16 16:12:05.749236,Berlin-e07f,36,31,Normal
2026-02-16 16:12:06.749236,Berlin-e07f,-27,71,Normal
2026-02-16 16:12:07.749236,Berlin-e07f,10,53,Normal
2026-02-16 16:12:08.749236,Berlin-e07f,32,36,Normal
2026-02-16 16:12:09.749236,Berlin-e07f,46,33,Normal
2026-02-16 16:12:10.749236,Berlin-e07f,47,41,Normal
2026-02-16 16:12:11.749236,Berlin-e07f,-4,85,Normal
2026-02-16 16:12:12.749236,Berlin-e07f,-28,95,Normal
2026-02-16 16:12:13.749236,Berlin-e07f,44,81,Normal
2026-02-16 16:12:14.749236,Berlin-e07f,38,74,Normal
2026-02-16 16:12:15.749236,Berlin-e07f,-23,56,Normal
2026-02-16 16:12:16.749236,Berlin-e07f,24,93,Normal
2026-02-16 16:12:17.749236,Berlin-e07f,33,28,Normal
2026-02-16 16:12:18.749236,Berlin-e07f,31,37,Normal
2026-02-16 16:12:19.749236,Berlin-e07f,42,4,Normal
2026-02-16 16:12:20.749236,Berlin-e07f,10,54,Normal
2026-02-16 16:12:21.749236,Berlin-e07f,-2,63,Normal
2026-02-16 16:12:22.749236,Berlin-e07f,36,76,Normal
2026-02-16 16:12:23.749236,Berlin-e07f,-15,32,Normal
2026-02-16 16:12:24.749236,Berlin-e07f,24,30,Normal
2026-02-16 16:12:25.749236,Berlin-e07f,44,21,Normal
2026-02-16 16:12:26.749236,Berlin-e07f,-10,1,Normal
2026-02-16 16:12:27.749236,Berlin-e07f,21,49,Normal
2026-02-16 16:12:28.749236,Berlin-e07f,-18,52,Normal
2026-02-16 16:12:29.749236,Berlin-e07f,-21,83,Normal
2026-02-16 16:12:30.749236,Berlin-e07f,13,14,Normal
2026-02-16 16:12:31.749236,Berlin-e07f,-5,70,Normal
2026-02-16 16:12:32.749236,Berlin-e07f,4,17,Normal
2026-02-16 16:12:33.749236,Berlin-e07f,41,28,Normal
2026-02-16 16:12:34.749236,Berlin-e07f,15,63,Normal
2026-02-16 16:12:35.749236,Berlin-e07f,13,97,Normal
2026-02-16 16:12:36.749236,Berlin-e07f,15,19,Normal
2026-02-16 16:12:37.749236,Berlin-e07f,-26,17,Normal
2026-02-16 16:12:38.749236,Berlin-e07f,35,6,Normal
2026-02-16 16:12:39.749236,Berlin-e07f,8,70,Normal
2026-02-16 16:12:40.749236,Berlin-e07f,-6,54,Normal
2026-02-16 16:12:41.749236,Berlin-e07f,-29,5,Normal
2026-02-16 16:12:42.749236,Berlin-e07f,21,42,Normal
2026-02-16 16:12:43.749236,Berlin-e07f,17,34,Normal
2026-02-16 16:12:44.749236,Berlin-e07f,-22,36,Normal
2026-02-16 16:12:45.749236,Berlin-e07f,-15,4,Normal
2026-02-16 16:12:46.749236,Berlin-e07f,26,60,Normal
2026-02-16 16:12:47.749236,Berlin-e07f,35,79,Normal
2026-02-16 16:12:48.749236,Berlin-e07f,15,58,Normal
2026-02-16 16:12:49.749236,Berlin-e07f,34,89,Normal
2026-02-16 16:12:50.749236,Berlin-e07f,-20,90,Normal
2026-02-16 16:12:51.749236,Berlin-e07f,-24,27,Normal
2026-02-16 16:12:52.749236,Berlin-e07f,48,79,Normal
2026-02-16 16:12:53.749236,Berlin-e07f,-17,57,Normal
2026-02-16 16:12:54.749236,Berlin-e07f,14,13,Normal
2026-02-16 16:12:55.749236,Berlin-e07f,33,44,Normal
2026-02-16 16:12:56.749236,Berlin-e07f,2,30,Normal
2026-02-16 16:12:57.749236,Berlin-e07f,2,83,Normal
2026-02-16 16:12:58.749236,Berlin-e07f,40,20,Normal
2026-02-16 16:12:59.749236,Berlin-e07f,7,65,Normal
2026-02-16 16:13:00.749236,Berlin-e07f,-12,75,Normal
2026-02-16 16:13:01.749236,Berlin-e07f,13,40,Normal
2026-02-16 16:13:02.749236,Berlin-e07f,25,32,Normal
2026-02-16 16:13:03.749236,Berlin-e07f,48,67,Normal
2026-02-16 16:13:04.749236,Berlin-e07f,17,85,Normal
2026-02-16 16:13:05.749236,Berlin-e07f,22,47,Normal
2026-02-16 16:13:06.749236,Berlin-e07f,-24,86,Normal
2026-02-16 16:13:07.749236,Berlin-e07f,3,28,Normal
2026-02-16 16:13:08.749236,Berlin-e07f,5,24,Normal
2026-02-16 16:13:09.749236,Berlin-e07f,-12,4,Normal
2026-02-16 16:13:10.749236,Berlin-e07f,23,83,Normal
2026-02-16 16:13:11.749236,Berlin-e07f,11,59,Normal
2026-02-16 16:13:12.749236,Berlin-e07f,10,31,Normal
2026-02-16 16:13:13.749236,Berlin-e07f,-28,58,Normal
2026-02-16 16:13:14.749236,Berlin-e07f,-20,73,Normal
2026-02-16 16:13:15.749236,Berlin-e07f,-18,81,Normal
2026-02-16 16:13:16.749236,Berlin-e07f,-28,77,Normal
2026-02-16 16:13:17.749236,Berlin-e07f,28,35,Normal
2026-02-16 16:13:18.749236,Berlin-e07f,36,48,Normal
2026-02-16 16:13:19.749236,Berlin-e07f,20,70,Normal
2026-02-16 16:13:20.749236,Berlin-e07f,-24,72,Normal
2026-02-16 16:13:21.749236,Berlin-e07f,11,77,Normal
2026-02-16 16:13:22.749236,Berlin-e07f,-21,20,Normal
2026-02-16 16:13:23.749236,Berlin-e07f,-5,29,Normal
2026-02-16 16:13:24.749236,Berlin-e07f,1,97,Normal
2026-02-16 16:13:25.749236,Berlin-e07f,-29,44,Normal
2026-02-16 16:13:26.749236,Berlin-e07f,-29,31,Normal
2026-02-16 16:13:27.749236,Berlin-e07f,18,63,Normal
2026-02-16 16:13:28.749236,Berlin-e07f,-11,90,Normal
2026-02-16 16:13:29.749236,Berlin-e07f,14,14,Normal
2026-02-16 16:13:30.749236,Berlin-e07f,-11,75,Normal
2026-02-16 16:13:31.749236,Berlin-e07f,-16,17,Normal
2026-02-16 16:13:32.749236,Berlin-e07f,8,34,Normal
2026-02-16 16:13:33.749236,Berlin-e07f,6,46,Normal
2026-02-16 16:13:34.749236,Berlin-e07f,15,67,Normal
2026-02-16 16:13:35.749236,Berlin-e07f,-16,26,Normal
2026-02-16 16:13:36.749236,Berlin-e07f,-21,53,Normal
2026-02-16 16:13:37.749236,Berlin-e07f,40,26,Normal
2026-02-16 16:13:38.749236,Berlin-e07f,4,42,Normal
2026-02-16 16:13:39.749236,Berlin-e07f,34,25,Normal
2026-02-16 16:13:40.749236,Berlin-e07f,11,3,Normal
2026-02-16 16:13:41.749236,Berlin-e07f,37,37,Normal
2026-02-16 16:13:42.749236,Berlin-e07f,5,2,Normal
2026-02-16 16:13:43.749236,Berlin-e07f,-14,40,Normal
2026-02-16 16:13:44.749236,Berlin-e07f,23,46,Normal
2026-02-16 16:13:45.749236,Berlin-e07f,9,47,Normal
2026-02-16 16:13:46.749236,Berlin-e07f,11,77,Normal
2026-02-16 16:13:47.749236,Berlin-e07f,-10,32,Normal
2026-02-16 16:13:48.749236,Berlin-e07f,47,37,Normal
2026-02-16 16:13:49.749236,Berlin-e07f,15,15,Normal
2026-02-16 16:13:50.749236,Berlin-e07f,-17,68,Normal
2026-02-16 16:13:51.749236,Berlin-e07f,28,51,Normal
2026-02-16 16:13:52.749236,Berlin-e07f,8,43,Normal
2026-02-16 16:13:53.749236,Berlin-e07f,50,68,Normal
2026-02-16 16:13:54.749236,Berlin-e07f,-13,58,Normal
2026-02-16 16:13:55.749236,Berlin-e07f,46,40,Normal
2026-02-16 16:13:56.749236,Berlin-e07f,20,0,Normal
2026-02-16 16:13:57.749236,Berlin-e07f,41,90,Normal
2026-02-16 16:13:58.749236,Berlin-e07f,-19,43,Normal
2026-02-16 16:13:59.749236,Berlin-e07f,-8,1,Normal
2026-02-16 16:14:00.749236,Berlin-e07f,49,82,Normal
2026-02-16 16:14:01.749236,Berlin-e07f,22,93,Normal
2026-02-16 16:14:02.749236,Berlin-e07f,40,42,Normal
2026-02-16 16:14:03.749236,Berlin-e07f,-14,89,Normal
2026-02-16 16:14:04.749236,Berlin-e07f,-28,31,Normal
2026-02-16 16:14:05.749236,Berlin-e07f,36,83,Normal
2026-02-16 16:14:06.749236,Berlin-e07f,-20,100,Normal
2026-02-16 16:14:07.749236,Berlin-e07f,22,83,Normal
2026-02-16 16:14:08.749236,Berlin-e07f,-19,31,Normal
2026-02-16 16:14:09.749236,Berlin-e07f,-3,70,Normal
2026-02-16 16:14:10.749236,Berlin-e07f,-11,40,Normal
2026-02-16 16:14:11.749236,Berlin-e07f,19,64,Normal
2026-02-16 16:14:12.749236,Berlin-e07f,-17,69,Normal
2026-02-16 16:14:13.749236,Berlin-e07f,18,83,Normal
2026-02-16 16:14:14.749236,Berlin-e07f,-22,23,Normal
2026-02-16 16:14:15.749236,Berlin-e07f,-10,82,Normal
2026-02-16 16:14:16.749236,Berlin-e07f,0,86,Normal
2026-02-16 16:14:17.749236,Berlin-e07f,22,99,Normal
2026-02-16 16:14:18.749236,Berlin-e07f,-14,40,Normal
2026-02-16 16:14:19.749236,Berlin-e07f,23,84,Normal
2026-02-16 16:14:20.749236,Berlin-e07f,49,40,Normal
2026-02-16 16:14:21.749236,Berlin-e07f,33,43,Normal
2026-02-16 16:14:22.749236,Berlin-e07f,39,29,Normal
2026-02-16 16:14:23.749236,Berlin-e07f,22,37,Normal
2026-02-16 16:14:24.749236,Berlin-e07f,-7,16,Normal
2026-02-16 16:14:25.749236,Berlin-e07f,27,13,Normal
2026-02-16 16:14:26.749236,Berlin-e07f,-8,24,Normal
2026-02-16 16:14:27.749236,Berlin-e07f,-15,53,Normal
2026-02-16 16:14:28.749236,Berlin-e07f,20,60,Normal
2026-02-16 16:14:29.749236,Berlin-e07f,37,58,Normal
2026-02-16 16:14:30.749236,Berlin-e07f,49,43,Normal
2026-02-16 16:14:31.749236,Berlin-e07f,-27,26,Normal
2026-02-16 16:14:32.749236,Berlin-e07f,-23,47,Normal
2026-02-16 16:14:33.749236,Berlin-e07f,39,94,Normal
2026-02-16 16:14:34.749236,Berlin-e07f,5,68,Normal
2026-02-16 16:14:35.749236,Berlin-e07f,46,61,Normal
2026-02-16 16:14:36.749236,Berlin-e07f,12,15,Normal
2026-02-16 16:14:37.749236,Berlin-e07f,15,98,Normal
2026-02-16 16:14:38.749236,Berlin-e07f,-18,31,Normal
2026-02-16 16:14:39.749236,Berlin-e07f,11,88,Normal
2026-02-16 16:14:40.749236,Berlin-e07f,50,33,Normal
2026-02-16 16:14:41.749236,Berlin-e07f,28,24,Normal
2026-02-16 16:14:42.749236,Berlin-e07f,6,84,Normal
2026-02-16 16:14:43.749236,Berlin-e07f,19,31,Normal
2026-02-16 16:14:44.749236,Berlin-e07f,27,61,Normal
2026-02-16 16:14:45.749236,Berlin-e07f,23,67,Normal
2026-02-16 16:14:46.749236,Berlin-e07f,47,20,Normal
2026-02-16 16:14:47.749236,Berlin-e07f,5,58,Normal
2026-02-16 16:14:48.749236,Berlin-e07f,10,54,Normal
2026-02-16 16:14:49.749236,Berlin-e07f,19,34,Normal
2026-02-16 16:14:50.749236,Berlin-e07f,34,47,Normal
2026-02-16 16:14:51.749236,Berlin-e07f,17,100,Normal
2026-02-16 16:14:52.749236,Berlin-e07f,38,38,Normal
2026-02-16 16:14:53.749236,Berlin-e07f,5,72,Normal
2026-02-16 16:14:54.749236,Berlin-e07f,-7,3,Normal
2026-02-16 16:14:55.749236,Berlin-e07f,-15,51,Normal
2026-02-16 16:14:56.749236,Berlin-e07f,48,10,Normal
2026-02-16 16:14:57.749236,Berlin-e07f,-24,88,Normal
2026-02-16 16:14:58.749236,Berlin-e07f,19,91,Normal
2026-02-16 16:14:59.749236,Berlin-e07f,-19,0,Normal
2026-02-16 16:15:00.749236,Berlin-e07f,-21,19,Normal
2026-02-16 16:15:01.749236,Berlin-e07f,-9,64,Normal
2026-02-16 16:15:02.749236,Berlin-e07f,2,5,Normal
2026-02-16 16:15:03.749236,Berlin-e07f,20,20,Normal
2026-02-16 16:15:04.749236,Berlin-e07f,32,86,Normal
2026-02-16 16:15:05.749236,Berlin-e07f,-1,74,Normal
2026-02-16 16:15:06.749236,Berlin-e07f,-9,61,Normal
2026-02-16 16:15:07.749236,Berlin-e07f,43,36,Normal
2026-02-16 16:15:08.749236,Berlin-e07f,2,67,Normal
2026-02-16 16:15:09.749236,Berlin-e07f,-13,26,Normal
2026-02-16 16:15:10.749236,Berlin-e07f,19,19,Normal
2026-02-16 16:15:11.749236,Berlin-e07f,-26,36,Normal
2026-02-16 16:15:12.749236,Berlin-e07f,-14,11,Normal
2026-02-16 16:15:13.749236,Berlin-e07f,41,21,Normal
2026-02-16 16:15:14.749236,Berlin-e07f,33,79,Normal
2026-02-16 16:15:15.749236,Berlin-e07f,32,92,Normal
2026-02-16 16:15:16.749236,Berlin-e07f,-1,88,Normal
2026-02-16 16:15:17.749236,Berlin-e07f,36,38,Normal
2026-02-16 16:15:18.749236,Berlin-e07f,15,57,Normal
2026-02-16 16:15:19.749236,Berlin-e07f,-16,24,Normal
2026-02-16 16:15:20.749236,Berlin-e07f,17,52,Normal
2026-02-16 16:15:21.749236,Berlin-e07f,24,70,Normal
2026-02-16 16:15:22.749236,Berlin-e07f,-2,32,Normal
2026-02-16 16:15:23.749236,Berlin-e07f,-23,28,Normal
2026-02-16 16:15:24.749236,Berlin-e07f,41,69,Normal
2026-02-16 16:15:25.749236,Berlin-e07f,-9,64,Normal
2026-02-16 16:15:26.749236,Berlin-e07f,-26,88,Normal
2026-02-16 16:15:27.749236,Berlin-e07f,-27,14,Normal
2026-02-16 16:15:28.749236,Berlin-e07f,-1,67,Normal
2026-02-16 16:15:29.749236,Berlin-e07f,3,25,Normal
2026-02-16 16:15:30.749236,Berlin-e07f,12,46,Normal
2026-02-16 16:15:31.749236,Berlin-e07f,-17,10,Normal
2026-02-16 16:15:32.749236,Berlin-e07f,22,22,Normal
2026-02-16 16:15:33.749236,Berlin-e07f,43,60,Normal
2026-02-16 16:15:34.749236,Berlin-e07f,-25,10,Normal
2026-02-16 16:15:35.749236,Berlin-e07f,-1,41,Normal
2026-02-16 16:15:36.749236,Berlin-e07f,24,95,Normal
2026-02-16 16:15:37.749236,Berlin-e07f,35,20,Normal
2026-02-16 16:15:38.749236,Berlin-e07f,42,73,Normal
2026-02-16 16:15:39.749236,Berlin-e07f,11,97,Normal
2026-02-16 16:15:40.749236,Berlin-e07f,20,44,Normal
2026-02-16 16:15:41.749236,Berlin-e07f,-23,76,Normal
2026-02-16 16:15:42.749236,Berlin-e07f,-29,55,Normal
2026-02-16 16:15:43.749236,Berlin-e07f,29,37,Normal
2026-02-16 16:15:44.749236,Berlin-e07f,-5,21,Normal
2026-02-16 16:15:45.749236,Berlin-e07f,28,91,Normal
2026-02-16 16:15:46.749236,Berlin-e07f,29,68,Normal
2026-02-16 16:15:47.749236,Berlin-e07f,48,100,Normal
2026-02-16 16:15:48.749236,Berlin-e07f,2,95,Normal
2026-02-16 16:15:49.749236,Berlin-e07f,-2,83,Normal
2026-02-16 16:15:50.749236,Berlin-e07f,-4,47,Normal
2026-02-16 16:15:51.749236,Berlin-e07f,37,9,Normal
2026-02-16 16:15:52.749236,Berlin-e07f,44,65,Normal
2026-02-16 16:15:53.749236,Berlin-e07f,16,57,Normal
2026-02-16 16:15:54.749236,Berlin-e07f,3,6,Normal
2026-02-16 16:15:55.749236,Berlin-e07f,-29,41,Normal
2026-02-16 16:15:56.749236,Berlin-e07f,28,65,Normal
2026-02-16 16:15:57.749236,Berlin-e07f,33,8,Normal
2026-02-16 16:15:58.749236,Berlin-e07f,20,18,Normal
2026-02-16 16:15:59.749236,Berlin-e07f,-20,42,Normal
2026-02-16 16:16:00.749236,Berlin-e07f,40,15,Normal
2026-02-16 16:16:01.749236,Berlin-e07f,41,10,Normal
2026-02-16 16:16:02.749236,Berlin-e07f,34,92,Normal
2026-02-16 16:16:03.749236,Berlin-e07f,4,79,Normal
2026-02-16 16:16:04.749236,Berlin-e07f,-8,78,Normal
2026-02-16 16:16:05.749236,Berlin-e07f,-1,33,Normal
2026-02-16 16:16:06.749236,Berlin-e07f,-17,70,Normal
2026-02-16 16:16:07.749236,Berlin-e07f,9,77,Normal
2026-02-16 16:16:08.749236,Berlin-e07f,12,8,Normal
2026-02-16 16:16:09.749236,Berlin-e07f,0,79,Normal
2026-02-16 16:16:10.749236,Berlin-e07f,42,48,Normal
2026-02-16 16:16:11.749236,Berlin-e07f,-12,1,Normal
2026-02-16 16:16:12.749236,Berlin-e07f,-17,25,Normal
2026-02-16 16:16:13.749236,Berlin-e07f,50,51,Normal
2026-02-16 16:16:14.749236,Berlin-e07f,-3,8,Normal
2026-02-16 16:16:15.749236,Berlin-e07f,-9,82,Normal
2026-02-16 16:16:16.749236,Berlin-e07f,5,63,Normal
2026-02-16 16:16:17.749236,Berlin-e07f,-6,53,Normal
2026-02-16 16:16:18.749236,Berlin-e07f,22,43,Normal
2026-02-16 16:16:19.749236,Berlin-e07f,1,39,Normal
2026-02-16 16:16:20.749236,Berlin-e07f,12,58,Normal
2026-02-16 16:16:21.749236,Berlin-e07f,40,58,Normal
2026-02-16 16:16:22.749236,Berlin-e07f,45,37,Normal
2026-02-16 16:16:23.749236,Berlin-e07f,36,33,Normal
2026-02-16 16:16:24.749236,Berlin-e07f,-19,86,Normal
2026-02-16 16:16:25.749236,Berlin-e07f,27,15,Normal
2026-02-16 16:16:26.749236,Berlin-e07f,49,53,Normal
2026-02-16 16:16:27.749236,Berlin-e07f,9,31,Normal
2026-02-16 16:16:28.749236,Berlin-e07f,9,33,Normal
2026-02-16 16:16:29.749236,Berlin-e07f,-19,88,Normal
2026-02-16 16:16:30.749236,Berlin-e07f,41,69,Normal
2026-02-16 16:16:31.749236,Berlin-e07f,2,84,Normal
2026-02-16 16:16:32.749236,Berlin-e07f,-16,86,Normal
2026-02-16 16:16:33.749236,Berlin-e07f,14,23,Normal
2026-02-16 16:16:34.749236,Berlin-e07f,2,11,Normal
2026-02-16 16:16:35.749236,Berlin-e07f,6,0,Normal
2026-02-16 16:16:36.749236,Berlin-e07f,-20,50,Normal
2026-02-16 16:16:37.749236,Berlin-e07f,5,17,Normal
2026-02-16 16:16:38.749236,Berlin-e07f,1,70,Normal
2026-02-16 16:16:39.749236,Berlin-e07f,-27,91,Normal
2026-02-16 16:16:40.749236,Berlin-e07f,35,3,Normal
2026-02-16 16:16:41.749236,Berlin-e07f,32,74,Normal
2026-02-16 16:16:42.749236,Berlin-e07f,-25,100,Normal
2026-02-16 16:16:43.749236,Berlin-e07f,-15,83,Normal
2026-02-16 16:16:44.749236,Berlin-e07f,-5,68,Normal
2026-02-16 16:16:45.749236,Berlin-e07f,4,44,Normal
2026-02-16 16:16:46.749236,Berlin-e07f,-19,62,Normal
2026-02-16 16:16:47.749236,Berlin-e07f,1,52,Normal
2026-02-16 16:16:48.749236,Berlin-e07f,22,21,Normal
2026-02-16 16:16:49.749236,Berlin-e07f,14,30,Normal
2026-02-16 16:16:50.749236,Berlin-e07f,45,19,Normal
2026-02-16 16:16:51.749236,Berlin-e07f,-21,9,Normal
2026-02-16 16:16:52.749236,Berlin-e07f,-28,37,Normal
2026-02-16 16:16:53.749236,Berlin-e07f,-6,65,Normal
2026-02-16 16:16:54.749236,Berlin-e07f,8,62,Normal
2026-02-16 16:16:55.749236,Berlin-e07f,7,71,Normal
2026-02-16 16:16:56.749236,Berlin-e07f,-14,44,Normal
2026-02-16 16:16:57.749236,Berlin-e07f,-9,47,Normal
2026-02-16 16:16:58.749236,Berlin-e07f,25,41,Normal
2026-02-16 16:16:59.749236,Berlin-e07f,19,91,Normal
2026-02-16 16:17:00.749236,Berlin-e07f,5,83,Normal
2026-02-16 16:17:01.749236,Berlin-e07f,-21,39,Normal
2026-02-16 16:17:02.749236,Berlin-e07f,10,10,Normal
2026-02-16 16:17:03.749236,Berlin-e07f,-21,3,Normal
2026-02-16 16:17:04.749236,Berlin-e07f,31,44,Normal
2026-02-16 16:17:05.749236,Berlin-e07f,-4,2,Normal
2026-02-16 16:17:06.749236,Berlin-e07f,11,100,Normal
2026-02-16 16:17:07.749236,Berlin-e07f,29,57,Normal
2026-02-16 16:17:08.749236,Berlin-e07f,10,59,Normal
2026-02-16 16:17:09.749236,Berlin-e07f,-22,32,Normal
2026-02-16 16:17:10.749236,Berlin-e07f,11,13,Normal
2026-02-16 16:17:11.749236,Berlin-e07f,21,41,Normal
2026-02-16 16:17:12.749236,Berlin-e07f,42,69,Normal
2026-02-16 16:17:13.749236,Berlin-e07f,-20,24,Normal
2026-02-16 16:17:14.749236,Berlin-e07f,22,61,Normal
2026-02-16 16:17:15.749236,Berlin-e07f,-7,32,Normal
2026-02-16 16:17:16.749236,Berlin-e07f,-16,52,Normal
2026-02-16 16:17:17.749236,Berlin-e07f,-8,5,Normal
2026-02-16 16:17:18.749236,Berlin-e07f,0,45,Normal
2026-02-16 16:17:19.749236,Berlin-e07f,-10,74,Normal
2026-02-16 16:17:20.749236,Berlin-e07f,-26,54,Normal
2026-02-16 16:17:21.749236,Berlin-e07f,-30,50,Normal
2026-02-16 16:17:22.749236,Berlin-e07f,13,32,Normal
2026-02-16 16:17:23.749236,Berlin-e07f,47,66,Normal
2026-02-16 16:17:24.749236,Berlin-e07f,43,58,Normal
2026-02-16 16:17:25.749236,Berlin-e07f,21,2,Normal
2026-02-16 16:17:26.749236,Berlin-e07f,-17,4,Normal
2026-02-16 16:17:27.749236,Berlin-e07f,25,78,Normal
2026-02-16 16:17:28.749236,Berlin-e07f,29,33,Normal
2026-02-16 16:17:29.749236,Berlin-e07f,-1,66,Normal
2026-02-16 16:17:30.749236,Berlin-e07f,26,43,Normal
2026-02-16 16:17:31.749236,Berlin-e07f,37,50,Normal
2026-02-16 16:17:32.749236,Berlin-e07f,2,16,Normal
2026-02-16 16:17:33.749236,Berlin-e07f,-22,4,Normal
2026-02-16 16:17:34.749236,Berlin-e07f,39,63,Normal
2026-02-16 16:17:35.749236,Berlin-e07f,19,47,Normal
2026-02-16 16:17:36.749236,Berlin-e07f,14,56,Normal
2026-02-16 16:17:37.749236,Berlin-e07f,18,39,Normal
2026-02-16 16:17:38.749236,Berlin-e07f,45,41,Normal
2026-02-16 16:17:39.749236,Berlin-e07f,25,92,Normal
2026-02-16 16:17:40.749236,Berlin-e07f,24,62,Normal
2026-02-16 16:17:41.749236,Berlin-e07f,25,18,Normal
2026-02-16 16:17:42.749236,Berlin-e07f,37,78,Normal
2026-02-16 16:17:43.749236,Berlin-e07f,-24,77,Normal
2026-02-16 16:17:44.749236,Berlin-e07f,-2,90,Normal
2026-02-16 16:17:45.749236,Berlin-e07f,-27,26,Normal
2026-02-16 16:17:46.749236,Berlin-e07f,-3,19,Normal
2026-02-16 16:17:47.749236,Berlin-e07f,31,64,Normal
2026-02-16 16:17:48.749236,Berlin-e07f,-8,0,Normal
2026-02-16 16:17:49.749236,Berlin-e07f,-6,84,Normal
2026-02-16 16:17:50.749236,Berlin-e07f,48,37,Normal
2026-02-16 16:17:51.749236,Berlin-e07f,50,18,Normal
2026-02-16 16:17:52.749236,Berlin-e07f,17,87,Normal
2026-02-16 16:17:53.749236,Berlin-e07f,31,42,Normal
2026-02-16 16:17:54.749236,Berlin-e07f,-24,15,Normal
2026-02-16 16:17:55.749236,Berlin-e07f,46,76,Normal
2026-02-16 16:17:56.749236,Berlin-e07f,49,26,Normal
2026-02-16 16:17:57.749236,Berlin-e07f,-1,9,Normal
2026-02-16 16:17:58.749236,Berlin-e07f,34,98,Normal
2026-02-16 16:17:59.749236,Berlin-e07f,7,71,Normal
2026-02-16 16:18:00.749236,Berlin-e07f,16,15,Normal
2026-02-16 16:18:01.749236,Berlin-e07f,45,89,Normal
2026-02-16 16:18:02.749236,Berlin-e07f,1,10,Normal
2026-02-16 16:18:03.749236,Berlin-e07f,28,84,Normal
2026-02-16 16:18:04.749236,Berlin-e07f,-17,12,Normal
2026-02-16 16:18:05.749236,Berlin-e07f,13,78,Normal
2026-02-16 16:18:06.749236,Berlin-e07f,20,38,Normal
2026-02-16 16:18:07.749236,Berlin-e07f,-27,7,Normal
2026-02-16 16:18:08.749236,Berlin-e07f,-13,76,Normal
2026-02-16 16:18:09.749236,Berlin-e07f,12,31,Normal
2026-02-16 16:18:10.749236,Berlin-e07f,22,9,Normal
2026-02-16 16:18:11.749236,Berlin-e07f,1,39,Normal
2026-02-16 16:18:12.749236,Berlin-e07f,10,66,Normal
2026-02-16 16:18:13.749236,Berlin-e07f,-30,35,Normal
2026-02-16 16:18:14.749236,Berlin-e07f,47,48,Normal
2026-02-16 16:18:15.749236,Berlin-e07f,-19,84,Normal
2026-02-16 16:18:16.749236,Berlin-e07f,35,87,Normal
2026-02-16 16:18:17.749236,Berlin-e07f,0,3,Normal
2026-02-16 16:18:18.749236,Berlin-e07f,41,67,Normal
2026-02-16 16:18:19.749236,Berlin-e07f,36,6,Normal
2026-02-16 16:18:20.749236,Berlin-e07f,6,3,Normal
2026-02-16 16:18:21.749236,Berlin-e07f,-11,70,Normal
2026-02-16 16:18:22.749236,Berlin-e07f,-24,76,Normal
2026-02-16 16:18:23.749236,Berlin-e07f,33,78,Normal
2026-02-16 16:18:24.749236,Berlin-e07f,50,93,Normal
2026-02-16 16:18:25.749236,Berlin-e07f,49,39,Normal
2026-02-16 16:18:26.749236,Berlin-e07f,35,84,Normal
2026-02-16 16:18:27.749236,Berlin-e07f,-4,100,Normal
2026-02-16 16:18:28.749236,Berlin-e07f,-22,77,Normal
2026-02-16 16:18:29.749236,Berlin-e07f,28,27,Normal
2026-02-16 16:18:30.749236,Berlin-e07f,-29,25,Normal
2026-02-16 16:18:31.749236,Berlin-e07f,-1,16,Normal
2026-02-16 16:18:32.749236,Berlin-e07f,47,75,Normal
2026-02-16 16:18:33.749236,Berlin-e07f,-24,50,Normal
2026-02-16 16:18:34.749236,Berlin-e07f,-27,66,Normal
2026-02-16 16:18:35.749236,Berlin-e07f,14,79,Normal
2026-02-16 16:18:36.749236,Berlin-e07f,31,3,Normal
2026-02-16 16:18:37.749236,Berlin-e07f,3,36,Normal
2026-02-16 16:18:38.749236,Berlin-e07f,-11,53,Normal
2026-02-16 16:18:39.749236,Berlin-e07f,49,85,Normal
2026-02-16 16:18:40.749236,Berlin-e07f,2,74,Normal
2026-02-16 16:18:41.749236,Berlin-e07f,9,37,Normal
2026-02-16 16:18:42.749236,Berlin-e07f,-30,76,Normal
2026-02-16 16:18:43.749236,Berlin-e07f,-11,30,Normal
2026-02-16 16:18:44.749236,Berlin-e07f,-3,31,Normal
2026-02-16 16:18:45.749236,Berlin-e07f,11,82,Normal
2026-02-16 16:18:46.749236,Berlin-e07f,-12,91,Normal
2026-02-16 16:18:47.749236,Berlin-e07f,39,24,Normal
2026-02-16 16:18:48.749236,Berlin-e07f,33,71,Normal
2026-02-16 16:18:49.749236,Berlin-e07f,11,38,Normal
2026-02-16 16:18:50.749236,Berlin-e07f,-7,45,Normal
2026-02-16 16:18:51.749236,Berlin-e07f,41,8,Normal
2026-02-16 16:18:52.749236,Berlin-e07f,24,91,Normal
2026-02-16 16:18:53.749236,Berlin-e07f,48,83,Normal
2026-02-16 16:18:54.749236,Berlin-e07f,-10,55,Normal
2026-02-16 16:18:55.749236,Berlin-e07f,41,34,Normal
2026-02-16 16:18:56.749236,Berlin-e07f,2,54,Normal
2026-02-16 16:18:57.749236,Berlin-e07f,-29,98,Normal
2026-02-16 16:18:58.749236,Berlin-e07f,4,72,Normal
2026-02-16 16:18:59.749236,Berlin-e07f,24,28,Normal
2026-02-16 16:19:00.749236,Berlin-e07f,32,99,Normal
2026-02-16 16:19:01.749236,Berlin-e07f,28,73,Normal
2026-02-16 16:19:02.749236,Berlin-e07f,17,12,Normal
2026-02-16 16:19:03.749236,Berlin-e07f,18,21,Normal
2026-02-16 16:19:04.749236,Berlin-e07f,7,33,Normal
2026-02-16 16:19:05.749236,Berlin-e07f,38,68,Normal
2026-02-16 16:19:06.749236,Berlin-e07f,26,98,Normal
2026-02-16 16:19:07.749236,Berlin-e07f,23,75,Normal
2026-02-16 16:19:08.749236,Berlin-e07f,-14,100,Normal
2026-02-16 16:19:09.749236,Berlin-e07f,35,38,Normal
2026-02-16 16:19:10.749236,Berlin-e07f,3,92,Normal
2026-02-16 16:19:11.749236,Berlin-e07f,27,32,Normal
2026-02-16 16:19:12.749236,Berlin-e07f,33,15,Normal
2026-02-16 16:19:13.749236,Berlin-e07f,26,25,Normal
2026-02-16 16:19:14.749236,Berlin-e07f,3,100,Normal
2026-02-16 16:19:15.749236,Berlin-e07f,16,59,Normal
2026-02-16 16:19:16.749236,Berlin-e07f,38,76,Normal
2026-02-16 16:19:17.749236,Berlin-e07f,7,77,Normal
2026-02-16 16:19:18.749236,Berlin-e07f,-22,67,Normal
2026-02-16 16:19:19.749236,Berlin-e07f,38,92,Normal
2026-02-16 16:19:20.749236,Berlin-e07f,1,40,Normal
2026-02-16 16:19:21.749236,Berlin-e07f,3,96,Normal
2026-02-16 16:19:22.749236,Berlin-e07f,14,39,Normal
2026-02-16 16:19:23.749236,Berlin-e07f,13,85,Normal
2026-02-16 16:19:24.749236,Berlin-e07f,21,8,Normal
2026-02-16 16:19:25.749236,Berlin-e07f,18,40,Normal
2026-02-16 16:19:26.749236,Berlin-e07f,-23,88,Normal
2026-02-16 16:19:27.749236,Berlin-e07f,35,89,Normal
2026-02-16 16:19:28.749236,Berlin-e07f,47,91,Normal
2026-02-16 16:19:29.749236,Berlin-e07f,27,32,Normal
2026-02-16 16:19:30.749236,Berlin-e07f,-28,35,Normal
2026-02-16 16:19:31.749236,Berlin-e07f,27,3,Normal
2026-02-16 16:19:32.749236,Berlin-e07f,25,73,Normal
2026-02-16 16:19:33.749236,Berlin-e07f,-14,26,Normal
2026-02-16 16:19:34.749236,Berlin-e07f,-11,14,Normal
2026-02-16 16:19:35.749236,Berlin-e07f,-12,7,Normal
2026-02-16 16:19:36.749236,Berlin-e07f,27,61,Normal
2026-02-16 16:19:37.749236,Berlin-e07f,-11,18,Normal
2026-02-16 16:19:38.749236,Berlin-e07f,-12,8,Normal
2026-02-16 16:19:39.749236,Berlin-e07f,-12,59,Normal
2026-02-16 16:19:40.749236,Berlin-e07f,-18,74,Normal
2026-02-16 16:19:41.749236,Berlin-e07f,42,83,Normal
2026-02-16 16:19:42.749236,Berlin-e07f,14,96,Normal
2026-02-16 16:19:43.749236,Berlin-e07f,-16,17,Normal
2026-02-16 16:19:44.749236,Berlin-e07f,3,80,Normal
2026-02-16 16:19:45.749236,Berlin-e07f,19,42,Normal
2026-02-16 16:19:46.749236,Berlin-e07f,11,92,Normal
2026-02-16 16:19:47.749236,Berlin-e07f,32,14,Normal
2026-02-16 16:19:48.749236,Berlin-e07f,1,65,Normal
2026-02-16 16:19:49.749236,Berlin-e07f,-15,9,Normal
2026-02-16 16:19:50.749236,Berlin-e07f,22,50,Normal
2026-02-16 16:19:51.749236,Berlin-e07f,1,55,Normal
2026-02-16 16:19:52.749236,Berlin-e07f,50,37,Normal
2026-02-16 16:19:53.749236,Berlin-e07f,36,34,Normal
2026-02-16 16:19:54.749236,Berlin-e07f,47,88,Normal
2026-02-16 16:19:55.749236,Berlin-e07f,-22,53,Normal
2026-02-16 16:19:56.749236,Berlin-e07f,-1,8,Normal
2026-02-16 16:19:57.749236,Berlin-e07f,-21,38,Normal
2026-02-16 16:19:58.749236,Berlin-e07f,31,37,Normal
2026-02-16 16:19:59.749236,Berlin-e07f,0,98,Normal
2026-02-16 16:20:00.749236,Berlin-e07f,44,64,Normal
2026-02-16 16:20:01.749236,Berlin-e07f,47,64,Normal
2026-02-16 16:20:02.749236,Berlin-e07f,4,97,Normal
2026-02-16 16:20:03.749236,Berlin-e07f,2,89,Normal
2026-02-16 16:20:04.749236,Berlin-e07f,0,24,Normal
2026-02-16 16:20:05.749236,Berlin-e07f,17,56,Normal
2026-02-16 16:20:06.749236,Berlin-e07f,38,10,Normal
2026-02-16 16:20:07.749236,Berlin-e07f,48,22,Normal
2026-02-16 16:20:08.749236,Berlin-e07f,0,26,Normal
2026-02-16 16:20:09.749236,Berlin-e07f,-23,44,Normal
2026-02-16 16:20:10.749236,Berlin-e07f,-27,47,Normal
2026-02-16 16:20:11.749236,Berlin-e07f,34,66,Normal
2026-02-16 16:20:12.749236,Berlin-e07f,28,40,Normal
2026-02-16 16:20:13.749236,Berlin-e07f,36,29,Normal
2026-02-16 16:20:14.749236,Berlin-e07f,36,87,Normal
2026-02-16 16:20:15.749236,Berlin-e07f,40,76,Normal
2026-02-16 16:20:16.749236,Berlin-e07f,47,50,Normal
2026-02-16 16:20:17.749236,Berlin-e07f,-24,50,Normal
2026-02-16 16:20:18.749236,Berlin-e07f,29,29,Normal
2026-02-16 16:20:19.749236,Berlin-e07f,-8,69,Normal
2026-02-16 16:20:20.749236,Berlin-e07f,-9,32,Normal
2026-02-16 16:20:21.749236,Berlin-e07f,-5,65,Normal
2026-02-16 16:20:22.749236,Berlin-e07f,13,8,Normal
2026-02-16 16:20:23.749236,Berlin-e07f,-11,29,Normal
2026-02-16 16:20:24.749236,Berlin-e07f,-17,19,Normal
2026-02-16 16:20:25.749236,Berlin-e07f,-22,25,Normal
2026-02-16 16:20:26.749236,Berlin-e07f,41,7,Normal
2026-02-16 16:20:27.749236,Berlin-e07f,-6,56,Normal
2026-02-16 16:20:28.749236,Berlin-e07f,-11,96,Normal
2026-02-16 16:20:29.749236,Berlin-e07f,42,89,Normal
2026-02-16 16:20:30.749236,Berlin-e07f,17,3,Normal
2026-02-16 16:20:31.749236,Berlin-e07f,5,86,Normal
2026-02-16 16:20:32.749236,Berlin-e07f,-21,76,Normal
2026-02-16 16:20:33.749236,Berlin-e07f,30,40,Normal
2026-02-16 16:20:34.749236,Berlin-e07f,-5,85,Normal
2026-02-16 16:20:35.749236,Berlin-e07f,21,88,Normal
2026-02-16 16:20:36.749236,Berlin-e07f,25,29,Normal
2026-02-16 16:20:37.749236,Berlin-e07f,33,45,Normal
2026-02-16 16:20:38.749236,Berlin-e07f,-14,50,Normal
2026-02-16 16:20:39.749236,Berlin-e07f,5,4,Normal
2026-02-16 16:20:40.749236,Berlin-e07f,50,39,Normal
2026-02-16 16:20:41.749236,Berlin-e07f,46,63,Normal
2026-02-16 16:20:42.749236,Berlin-e07f,16,90,Normal
2026-02-16 16:20:43.749236,Berlin-e07f,-9,12,Normal
2026-02-16 16:20:44.749236,Berlin-e07f,38,19,Normal
2026-02-16 16:20:45.749236,Berlin-e07f,48,72,Normal
2026-02-16 16:20:46.749236,Berlin-e07f,47,9,Normal
2026-02-16 16:20:47.749236,Berlin-e07f,29,7,Normal
2026-02-16 16:20:48.749236,Berlin-e07f,25,43,Normal
2026-02-16 16:20:49.749236,Berlin-e07f,1,10,Normal
2026-02-16 16:20:50.749236,Berlin-e07f,32,78,Normal
2026-02-16 16:20:51.749236,Berlin-e07f,-26,20,Normal
2026-02-16 16:20:52.749236,Berlin-e07f,3,80,Normal
2026-02-16 16:20:53.749236,Berlin-e07f,-6,57,Normal
2026-02-16 16:20:54.749236,Berlin-e07f,37,65,Normal
2026-02-16 16:20:55.749236,Berlin-e07f,10,91,Normal
2026-02-16 16:20:56.749236,Berlin-e07f,17,62,Normal
2026-02-16 16:20:57.749236,Berlin-e07f,-10,33,Normal
2026-02-16 16:20:58.749236,Berlin-e07f,-14,41,Normal
2026-02-16 16:20:59.749236,Berlin-e07f,28,6,Normal
2026-02-16 16:21:00.749236,Berlin-e07f,33,70,Normal
2026-02-16 16:21:01.749236,Berlin-e07f,-18,65,Normal
2026-02-16 16:21:02.749236,Berlin-e07f,48,73,Normal
2026-02-16 16:21:03.749236,Berlin-e07f,-18,86,Normal
2026-02-16 16:21:04.749236,Berlin-e07f,14,90,Normal
2026-02-16 16:21:05.749236,Berlin-e07f,3,1,Normal
2026-02-16 16:21:06.749236,Berlin-e07f,44,31,Normal
2026-02-16 16:21:07.749236,Berlin-e07f,27,19,Normal
2026-02-16 16:21:08.749236,Berlin-e07f,9,28,Normal
2026-02-16 16:21:09.749236,Berlin-e07f,33,8,Normal
2026-02-16 16:21:10.749236,Berlin-e07f,32,10,Normal
2026-02-16 16:21:11.749236,Berlin-e07f,48,10,Normal
2026-02-16 16:21:12.749236,Berlin-e07f,15,97,Normal
2026-02-16 16:21:13.749236,Berlin-e07f,-3,12,Normal
2026-02-16 16:21:14.749236,Berlin-e07f,-15,44,Normal
2026-02-16 16:21:15.749236,Berlin-e07f,-10,65,Normal
2026-02-16 16:21:16.749236,Berlin-e07f,-28,75,Normal
2026-02-16 16:21:17.749236,Berlin-e07f,22,6,Normal
2026-02-16 16:21:18.749236,Berlin-e07f,-29,18,Normal
2026-02-16 16:21:19.749236,Berlin-e07f,17,44,Normal
2026-02-16 16:21:20.749236,Berlin-e07f,-27,24,Normal
2026-02-16 16:21:21.749236,Berlin-e07f,-15,10,Normal
2026-02-16 16:21:22.749236,Berlin-e07f,42,94,Normal
2026-02-16 16:21:23.749236,Berlin-e07f,9,47,Normal
2026-02-16 16:21:24.749236,Berlin-e07f,-10,23,Normal
2026-02-16 16:21:25.749236,Berlin-e07f,47,29,Normal
2026-02-16 16:21:26.749236,Berlin-e07f,49,84,Normal
2026-02-16 16:21:27.749236,Berlin-e07f,4,59,Normal
2026-02-16 16:21:28.749236,Berlin-e07f,17,60,Normal
2026-02-16 16:21:29.749236,Berlin-e07f,15,42,Normal
2026-02-16 16:21:30.749236,Berlin-e07f,33,63,Normal
2026-02-16 16:21:31.749236,Berlin-e07f,-18,14,Normal
2026-02-16 16:21:32.749236,Berlin-e07f,7,38,Normal
2026-02-16 16:21:33.749236,Berlin-e07f,48,98,Normal
2026-02-16 16:21:34.749236,Berlin-e07f,-15,31,Normal
2026-02-16 16:21:35.749236,Berlin-e07f,17,10,Normal
2026-02-16 16:21:36.749236,Berlin-e07f,22,97,Normal
2026-02-16 16:21:37.749236,Berlin-e07f,33,34,Normal
2026-02-16 16:21:38.749236,Berlin-e07f,-5,64,Normal
2026-02-16 16:21:39.749236,Berlin-e07f,2,72,Normal
2026-02-16 16:21:40.749236,Berlin-e07f,3,3,Normal
2026-02-16 16:21:41.749236,Berlin-e07f,-17,17,Normal
2026-02-16 16:21:42.749236,Berlin-e07f,16,16,Normal
2026-02-16 16:21:43.749236,Berlin-e07f,22,61,Normal
2026-02-16 16:21:44.749236,Berlin-e07f,-24,20,Normal
2026-02-16 16:21:45.749236,Berlin-e07f,5,34,Normal
2026-02-16 16:21:46.749236,Berlin-e07f,39,79,Normal
2026-02-16 16:21:47.749236,Berlin-e07f,47,13,Normal
2026-02-16 16:21:48.749236,Berlin-e07f,9,88,Normal
2026-02-16 16:21:49.749236,Berlin-e07f,31,33,Normal
2026-02-16 16:21:50.749236,Berlin-e07f,-16,66,Normal
2026-02-16 16:21:51.749236,Berlin-e07f,43,81,Normal
2026-02-16 16:21:52.749236,Berlin-e07f,8,1,Normal
2026-02-16 16:21:53.749236,Berlin-e07f,3,97,Normal
2026-02-16 16:21:54.749236,Berlin-e07f,-15,22,Normal
2026-02-16 16:21:55.749236,Berlin-e07f,-5,91,Normal
2026-02-16 16:21:56.749236,Berlin-e07f,31,76,Normal
2026-02-16 16:21:57.749236,Berlin-e07f,11,80,Normal
2026-02-16 16:21:58.749236,Berlin-e07f,-16,79,Normal
2026-02-16 16:21:59.749236,Berlin-e07f,41,93,Normal
2026-02-16 16:22:00.749236,Berlin-e07f,45,21,Normal
2026-02-16 16:22:01.749236,Berlin-e07f,-26,11,Normal
2026-02-16 16:22:02.749236,Berlin-e07f,39,3,Normal
2026-02-16 16:22:03.749236,Berlin-e07f,-9,47,Normal
2026-02-16 16:22:04.749236,Berlin-e07f,-18,11,Normal
2026-02-16 16:22:05.749236,Berlin-e07f,48,27,Normal
2026-02-16 16:22:06.749236,Berlin-e07f,4,68,Normal
2026-02-16 16:22:07.749236,Berlin-e07f,32,3,Normal
2026-02-16 16:22:08.749236,Berlin-e07f,9,84,Normal
2026-02-16 16:22:09.749236,Berlin-e07f,-27,58,Normal
2026-02-16 16:22:10.749236,Berlin-e07f,-5,83,Normal
2026-02-16 16:22:11.749236,Berlin-e07f,16,38,Normal
2026-02-16 16:22:12.749236,Berlin-e07f,11,27,Normal
2026-02-16 16:22:13.749236,Berlin-e07f,-27,4,Normal
2026-02-16 16:22:14.749236,Berlin-e07f,-28,71,Normal
2026-02-16 16:22:15.749236,Berlin-e07f,-18,41,Normal
2026-02-16 16:22:16.749236,Berlin-e07f,45,79,Normal
2026-02-16 16:22:17.749236,Berlin-e07f,-11,86,Normal
2026-02-16 16:22:18.749236,Berlin-e07f,4,27,Normal
2026-02-16 16:22:19.749236,Berlin-e07f,-13,38,Normal
2026-02-16 16:22:20.749236,Berlin-e07f,12,3,Normal
2026-02-16 16:22:21.749236,Berlin-e07f,5,2,Normal
2026-02-16 16:22:22.749236,Berlin-e07f,6,1,Normal
2026-02-16 16:22:23.749236,Berlin-e07f,48,8,Normal
2026-02-16 16:22:24.749236,Berlin-e07f,-21,58,Normal
2026-02-16 16:22:25.749236,Berlin-e07f,-9,56,Normal
2026-02-16 16:22:26.749236,Berlin-e07f,5,26,Normal
2026-02-16 16:22:27.749236,Berlin-e07f,48,51,Normal
2026-02-16 16:22:28.749236,Berlin-e07f,-14,45,Normal
2026-02-16 16:22:29.749236,Berlin-e07f,-11,5,Normal
2026-02-16 16:22:30.749236,Berlin-e07f,6,38,Normal
2026-02-16 16:22:31.749236,Berlin-e07f,-2,60,Normal
2026-02-16 16:22:32.749236,Berlin-e07f,40,26,Normal
2026-02-16 16:22:33.749236,Berlin-e07f,-5,38,Normal
2026-02-16 16:22:34.749236,Berlin-e07f,-10,73,Normal
2026-02-16 16:22:35.749236,Berlin-e07f,31,11,Normal
2026-02-16 16:22:36.749236,Berlin-e07f,18,15,Normal
2026-02-16 16:22:37.749236,Berlin-e07f,-19,92,Normal
2026-02-16 16:22:38.749236,Berlin-e07f,29,39,Normal
2026-02-16 16:22:39.749236,Berlin-e07f,1,89,Normal
2026-02-16 16:22:40.749236,Berlin-e07f,19,28,Normal
2026-02-16 16:22:41.749236,Berlin-e07f,-24,63,Normal
2026-02-16 16:22:42.749236,Berlin-e07f,22,0,Normal
2026-02-16 16:22:43.749236,Berlin-e07f,22,16,Normal
2026-02-16 16:22:44.749236,Berlin-e07f,36,83,Normal
2026-02-16 16:22:45.749236,Berlin-e07f,13,76,Normal
2026-02-16 16:22:46.749236,Berlin-e07f,-16,35,Normal
2026-02-16 16:22:47.749236,Berlin-e07f,46,74,Normal
2026-02-16 16:22:48.749236,Berlin-e07f,19,93,Normal
2026-02-16 16:22:49.749236,Berlin-e07f,11,76,Normal
2026-02-16 16:22:50.749236,Berlin-e07f,-1,6,Normal
2026-02-16 16:22:51.749236,Berlin-e07f,5,47,Normal
2026-02-16 16:22:52.749236,Berlin-e07f,1,13,Normal
2026-02-16 16:22:53.749236,Berlin-e07f,45,34,Normal
2026-02-16 16:22:54.749236,Berlin-e07f,37,50,Normal
2026-02-16 16:22:55.749236,Berlin-e07f,-12,73,Normal
2026-02-16 16:22:56.749236,Berlin-e07f,1,30,Normal
2026-02-16 16:22:57.749236,Berlin-e07f,50,7,Normal
2026-02-16 16:22:58.749236,Berlin-e07f,-12,76,Normal
2026-02-16 16:22:59.749236,Berlin-e07f,18,71,Normal
2026-02-16 16:23:00.749236,Berlin-e07f,-17,57,Normal
2026-02-16 16:23:01.749236,Berlin-e07f,38,3,Normal
2026-02-16 16:23:02.749236,Berlin-e07f,44,4,Normal
2026-02-16 16:23:03.749236,Berlin-e07f,0,89,Normal
2026-02-16 16:23:04.749236,Berlin-e07f,-28,16,Normal
2026-02-16 16:23:05.749236,Berlin-e07f,-29,28,Normal
2026-02-16 16:23:06.749236,Berlin-e07f,-10,22,Normal
2026-02-16 16:23:07.749236,Berlin-e07f,0,60,Normal
2026-02-16 16:23:08.749236,Berlin-e07f,-28,43,Normal
2026-02-16 16:23:09.749236,Berlin-e07f,42,49,Normal
2026-02-16 16:23:10.749236,Berlin-e07f,13,2,Normal
2026-02-16 16:23:11.749236,Berlin-e07f,25,6,Normal
2026-02-16 16:23:12.749236,Berlin-e07f,-3,97,Normal
2026-02-16 16:23:13.749236,Berlin-e07f,-20,53,Normal
2026-02-16 16:23:14.749236,Berlin-e07f,16,23,Normal
2026-02-16 16:23:15.749236,Berlin-e07f,14,78,Normal
2026-02-16 16:23:16.749236,Berlin-e07f,-23,56,Normal
2026-02-16 16:23:17.749236,Berlin-e07f,-2,20,Normal
2026-02-16 16:23:18.749236,Berlin-e07f,35,49,Normal
2026-02-16 16:23:19.749236,Berlin-e07f,27,32,Normal
2026-02-16 16:23:20.749236,Berlin-e07f,4,62,Normal
2026-02-16 16:23:21.749236,Berlin-e07f,-17,53,Normal
2026-02-16 16:23:22.749236,Berlin-e07f,11,1,Normal
2026-02-16 16:23:23.749236,Berlin-e07f,7,51,Normal
2026-02-16 16:23:24.749236,Berlin-e07f,5,86,Normal
2026-02-16 16:23:25.749236,Berlin-e07f,2,65,Normal
2026-02-16 16:23:26.749236,Berlin-e07f,-9,87,Normal
2026-02-16 16:23:27.749236,Berlin-e07f,-29,79,Normal
2026-02-16 16:23:28.749236,Berlin-e07f,-18,73,Normal
2026-02-16 16:23:29.749236,Berlin-e07f,-26,95,Normal
2026-02-16 16:23:30.749236,Berlin-e07f,3,4,Normal
2026-02-16 16:23:31.749236,Berlin-e07f,17,67,Normal
2026-02-16 16:23:32.749236,Berlin-e07f,4,42,Normal
2026-02-16 16:23:33.749236,Berlin-e07f,49,3,Normal
2026-02-16 16:23:34.749236,Berlin-e07f,33,35,Normal
2026-02-16 16:23:35.749236,Berlin-e07f,31,50,Normal
2026-02-16 16:23:36.749236,Berlin-e07f,-12,64,Normal
2026-02-16 16:23:37.749236,Berlin-e07f,35,89,Normal
2026-02-16 16:23:38.749236,Berlin-e07f,49,94,Normal
2026-02-16 16:23:39.749236,Berlin-e07f,21,84,Normal
2026-02-16 16:23:40.749236,Berlin-e07f,6,33,Normal
2026-02-16 16:23:41.749236,Berlin-e07f,21,47,Normal
2026-02-16 16:23:42.749236,Berlin-e07f,36,35,Normal
2026-02-16 16:23:43.749236,Berlin-e07f,29,27,Normal
2026-02-16 16:23:44.749236,Berlin-e07f,21,30,Normal
2026-02-16 16:23:45.749236,Berlin-e07f,45,13,Normal
2026-02-16 16:23:46.749236,Berlin-e07f,-6,90,Normal
2026-02-16 16:23:47.749236,Berlin-e07f,9,93,Normal
2026-02-16 16:23:48.749236,Berlin-e07f,-29,22,Normal
2026-02-16 16:23:49.749236,Berlin-e07f,42,56,Normal
2026-02-16 16:23:50.749236,Berlin-e07f,-27,75,Normal
2026-02-16 16:23:51.749236,Berlin-e07f,-8,9,Normal
2026-02-16 16:23:52.749236,Berlin-e07f,25,37,Normal
2026-02-16 16:23:53.749236,Berlin-e07f,27,81,Normal
2026-02-16 16:23:54.749236,Berlin-e07f,-24,3,Normal
2026-02-16 16:23:55.749236,Berlin-e07f,47,10,Normal
2026-02-16 16:23:56.749236,Berlin-e07f,44,77,Normal
2026-02-16 16:23:57.749236,Berlin-e07f,-10,51,Normal
2026-02-16 16:23:58.749236,Berlin-e07f,-22,60,Normal
2026-02-16 16:23:59.749236,Berlin-e07f,19,46,Normal
2026-02-16 16:24:00.749236,Berlin-e07f,-27,91,Normal
2026-02-16 16:24:01.749236,Berlin-e07f,31,21,Normal
2026-02-16 16:24:02.749236,Berlin-e07f,-17,11,Normal
2026-02-16 16:24:03.749236,Berlin-e07f,4,68,Normal
2026-02-16 16:24:04.749236,Berlin-e07f,22,56,Normal
2026-02-16 16:24:05.749236,Berlin-e07f,46,52,Normal
2026-02-16 16:24:06.749236,Berlin-e07f,13,54,Normal
2026-02-16 16:24:07.749236,Berlin-e07f,-4,43,Normal
2026-02-16 16:24:08.749236,Berlin-e07f,40,51,Normal
2026-02-16 16:24:09.749236,Berlin-e07f,9,47,Normal
2026-02-16 16:24:10.749236,Berlin-e07f,37,90,Normal
2026-02-16 16:24:11.749236,Berlin-e07f,45,98,Normal
2026-02-16 16:24:12.749236,Berlin-e07f,35,99,Normal
2026-02-16 16:24:13.749236,Berlin-e07f,-11,41,Normal
2026-02-16 16:24:14.749236,Berlin-e07f,-10,76,Normal
2026-02-16 16:24:15.749236,Berlin-e07f,32,32,Normal
2026-02-16 16:24:16.749236,Berlin-e07f,-1,44,Normal
2026-02-16 16:24:17.749236,Berlin-e07f,-30,47,Normal
2026-02-16 16:24:18.749236,Berlin-e07f,18,86,Normal
2026-02-16 16:24:19.749236,Berlin-e07f,-25,20,Normal
2026-02-16 16:24:20.749236,Berlin-e07f,35,26,Normal
2026-02-16 16:24:21.749236,Berlin-e07f,42,96,Normal
2026-02-16 16:24:22.749236,Berlin-e07f,6,42,Normal
2026-02-16 16:24:23.749236,Berlin-e07f,-17,1,Normal
2026-02-16 16:24:24.749236,Berlin-e07f,46,83,Normal
2026-02-16 16:24:25.749236,Berlin-e07f,49,23,Normal
2026-02-16 16:24:26.749236,Berlin-e07f,-19,95,Normal
2026-02-16 16:24:27.749236,Berlin-e07f,11,43,Normal
2026-02-16 16:24:28.749236,Berlin-e07f,19,100,Normal
2026-02-16 16:24:29.749236,Berlin-e07f,-21,33,Normal
2026-02-16 16:24:30.749236,Berlin-e07f,6,55,Normal
2026-02-16 16:24:31.749236,Berlin-e07f,19,48,Normal
2026-02-16 16:24:32.749236,Berlin-e07f,28,11,Normal
2026-02-16 16:24:33.749236,Berlin-e07f,4,6,Normal
2026-02-16 16:24:34.749236,Berlin-e07f,31,58,Normal
2026-02-16 16:24:35.749236,Berlin-e07f,-27,42,Normal
2026-02-16 16:24:36.749236,Berlin-e07f,50,77,Normal
2026-02-16 16:24:37.749236,Berlin-e07f,-24,95,Normal
2026-02-16 16:24:38.749236,Berlin-e07f,32,31,Normal
2026-02-16 16:24:39.749236,Berlin-e07f,46,58,Normal
2026-02-16 16:24:40.749236,Berlin-e07f,-2,14,Normal
2026-02-16 16:24:41.749236,Berlin-e07f,19,9,Normal
2026-02-16 16:24:42.749236,Berlin-e07f,25,55,Normal
2026-02-16 16:24:43.749236,Berlin-e07f,0,18,Normal
2026-02-16 16:24:44.749236,Berlin-e07f,48,44,Normal
2026-02-16 16:24:45.749236,Berlin-e07f,-3,57,Normal
2026-02-16 16:24:46.749236,Berlin-e07f,-18,97,Normal
2026-02-16 16:24:47.749236,Berlin-e07f,30,21,Normal
2026-02-16 16:24:48.749236,Berlin-e07f,-5,26,Normal
2026-02-16 16:24:49.749236,Berlin-e07f,21,88,Normal
2026-02-16 16:24:50.749236,Berlin-e07f,-12,8,Normal
2026-02-16 16:24:51.749236,Berlin-e07f,-1,68,Normal
2026-02-16 16:24:52.749236,Berlin-e07f,-5,23,Normal
2026-02-16 16:24:53.749236,Berlin-e07f,28,29,Normal
2026-02-16 16:24:54.749236,Berlin-e07f,43,97,Normal
2026-02-16 16:24:55.749236,Berlin-e07f,-8,3,Normal
2026-02-16 16:24:56.749236,Berlin-e07f,-20,46,Normal
2026-02-16 16:24:57.749236,Berlin-e07f,-28,56,Normal
2026-02-16 16:24:58.749236,Berlin-e07f,-28,46,Normal
2026-02-16 16:24:59.749236,Berlin-e07f,32,97,Normal
2026-02-16 16:25:00.749236,Berlin-e07f,26,42,Normal
2026-02-16 16:25:01.749236,Berlin-e07f,38,58,Normal
2026-02-16 16:25:02.749236,Berlin-e07f,39,13,Normal
2026-02-16 16:25:03.749236,Berlin-e07f,12,46,Normal
2026-02-16 16:25:04.749236,Berlin-e07f,24,55,Normal
2026-02-16 16:25:05.749236,Berlin-e07f,23,71,Normal
2026-02-16 16:25:06.749236,Berlin-e07f,-16,49,Normal
2026-02-16 16:25:07.749236,Berlin-e07f,1,10,Normal
2026-02-16 16:25:08.749236,Berlin-e07f,-11,90,Normal
2026-02-16 16:25:09.749236,Berlin-e07f,-11,53,Normal
2026-02-16 16:25:10.749236,Berlin-e07f,10,97,Normal
2026-02-16 16:25:11.749236,Berlin-e07f,5,70,Normal
2026-02-16 16:25:12.749236,Berlin-e07f,-6,81,Normal
2026-02-16 16:25:13.749236,Berlin-e07f,-7,47,Normal
2026-02-16 16:25:14.749236,Berlin-e07f,2,52,Normal
2026-02-16 16:25:15.749236,Berlin-e07f,0,72,Normal
2026-02-16 16:25:16.749236,Berlin-e07f,-14,25,Normal
2026-02-16 16:25:17.749236,Berlin-e07f,6,87,Normal
2026-02-16 16:25:18.749236,Berlin-e07f,34,73,Normal
2026-02-16 16:25:19.749236,Berlin-e07f,23,19,Normal
2026-02-16 16:25:20.749236,Berlin-e07f,22,38,Normal
2026-02-16 16:25:21.749236,Berlin-e07f,41,6,Normal
2026-02-16 16:25:22.749236,Berlin-e07f,-16,82,Normal
2026-02-16 16:25:23.749236,Berlin-e07f,-10,56,Normal
2026-02-16 16:25:24.749236,Berlin-e07f,23,30,Normal
2026-02-16 16:25:25.749236,Berlin-e07f,-20,91,Normal
2026-02-16 16:25:26.749236,Berlin-e07f,47,16,Normal
2026-02-16 16:25:27.749236,Berlin-e07f,-1,52,Normal
2026-02-16 16:25:28.749236,Berlin-e07f,19,48,Normal
2026-02-16 16:25:29.749236,Berlin-e07f,-1,13,Normal
2026-02-16 16:25:30.749236,Berlin-e07f,-12,86,Normal
2026-02-16 16:25:31.749236,Berlin-e07f,20,2,Normal
2026-02-16 16:25:32.749236,Berlin-e07f,45,59,Normal
2026-02-16 16:25:33.749236,Berlin-e07f,6,52,Normal
2026-02-16 16:25:34.749236,Berlin-e07f,20,75,Normal
2026-02-16 16:25:35.749236,Berlin-e07f,-3,19,Normal
2026-02-16 16:25:36.749236,Berlin-e07f,-5,62,Normal
2026-02-16 16:25:37.749236,Berlin-e07f,50,32,Normal
2026-02-16 16:25:38.749236,Berlin-e07f,30,16,Normal
2026-02-16 16:25:39.749236,Berlin-e07f,44,77,Normal
2026-02-16 16:25:40.749236,Berlin-e07f,29,85,Normal
2026-02-16 16:25:41.749236,Berlin-e07f,-14,96,Normal
2026-02-16 16:25:42.749236,Berlin-e07f,33,35,Normal
2026-02-16 16:25:43.749236,Berlin-e07f,48,24,Normal
2026-02-16 16:25:44.749236,Berlin-e07f,-20,63,Normal
2026-02-16 16:25:45.749236,Berlin-e07f,16,70,Normal
2026-02-16 16:25:46.749236,Berlin-e07f,45,27,Normal
2026-02-16 16:25:47.749236,Berlin-e07f,-27,49,Normal
2026-02-16 16:25:48.749236,Berlin-e07f,50,24,Normal
2026-02-16 16:25:49.749236,Berlin-e07f,47,59,Normal
2026-02-16 16:25:50.749236,Berlin-e07f,-16,81,Normal
2026-02-16 16:25:51.749236,Berlin-e07f,7,38,Normal
2026-02-16 16:25:52.749236,Berlin-e07f,17,63,Normal
2026-02-16 16:25:53.749236,Berlin-e07f,1,60,Normal
2026-02-16 16:25:54.749236,Berlin-e07f,32,18,Normal
2026-02-16 16:25:55.749236,Berlin-e07f,-3,55,Normal
2026-02-16 16:25:56.749236,Berlin-e07f,-6,70,Normal
2026-02-16 16:25:57.749236,Berlin-e07f,-18,99,Normal
2026-02-16 16:25:58.749236,Berlin-e07f,50,15,Normal
2026-02-16 16:25:59.749236,Berlin-e07f,49,57,Normal
2026-02-16 16:26:00.749236,Berlin-e07f,36,79,Normal
2026-02-16 16:26:01.749236,Berlin-e07f,45,49,Normal
2026-02-16 16:26:02.749236,Berlin-e07f,24,99,Normal
2026-02-16 16:26:03.749236,Berlin-e07f,39,77,Normal
2026-02-16 16:26:04.749236,Berlin-e07f,26,70,Normal
2026-02-16 16:26:05.749236,Berlin-e07f,-9,82,Normal
2026-02-16 16:26:06.749236,Berlin-e07f,18,7,Normal
2026-02-16 16:26:07.749236,Berlin-e07f,9,74,Normal
2026-02-16 16:26:08.749236,Berlin-e07f,0,10,Normal
2026-02-16 16:26:09.749236,Berlin-e07f,35,40,Normal
2026-02-16 16:26:10.749236,Berlin-e07f,13,50,Normal
2026-02-16 16:26:11.749236,Berlin-e07f,-20,76,Normal
2026-02-16 16:26:12.749236,Berlin-e07f,34,66,Normal
2026-02-16 16:26:13.749236,Berlin-e07f,27,92,Normal
2026-02-16 16:26:14.749236,Berlin-e07f,50,53,Normal
2026-02-16 16:26:15.749236,Berlin-e07f,19,18,Normal
2026-02-16 16:26:16.749236,Berlin-e07f,6,5,Normal
2026-02-16 16:26:17.749236,Berlin-e07f,-26,23,Normal
2026-02-16 16:26:18.749236,Berlin-e07f,13,74,Normal
2026-02-16 16:26:19.749236,Berlin-e07f,1,61,Normal
2026-02-16 16:26:20.749236,Berlin-e07f,-30,37,Normal
2026-02-16 16:26:21.749236,Berlin-e07f,-8,43,Normal
2026-02-16 16:26:22.749236,Berlin-e07f,-26,14,Normal
2026-02-16 16:26:23.749236,Berlin-e07f,-26,25,Normal
2026-02-16 16:26:24.749236,Berlin-e07f,46,93,Normal
2026-02-16 16:26:25.749236,Berlin-e07f,-24,86,Normal
2026-02-16 16:26:26.749236,Berlin-e07f,-22,95,Normal
2026-02-16 16:26:27.749236,Berlin-e07f,-30,6,Normal
2026-02-16 16:26:28.749236,Berlin-e07f,-25,38,Normal
2026-02-16 16:26:29.749236,Berlin-e07f,26,84,Normal
2026-02-16 16:26:30.749236,Berlin-e07f,35,0,Normal
2026-02-16 16:26:31.749236,Berlin-e07f,34,13,Normal
2026-02-16 16:26:32.749236,Berlin-e07f,-1,18,Normal
2026-02-16 16:26:33.749236,Berlin-e07f,28,64,Normal
2026-02-16 16:26:34.749236,Berlin-e07f,44,17,Normal
2026-02-16 16:26:35.749236,Berlin-e07f,32,0,Normal
2026-02-16 16:26:36.749236,Berlin-e07f,31,21,Normal
2026-02-16 16:26:37.749236,Berlin-e07f,9,87,Normal
2026-02-16 16:26:38.749236,Berlin-e07f,9,26,Normal
2026-02-16 16:26:39.749236,Berlin-e07f,25,58,Normal
2026-02-16 16:26:40.749236,Berlin-e07f,8,64,Normal
2026-02-16 16:26:41.749236,Berlin-e07f,13,99,Normal
2026-02-16 16:26:42.749236,Berlin-e07f,-29,56,Normal
2026-02-16 16:26:43.749236,Berlin-e07f,8,15,Normal
2026-02-16 16:26:44.749236,Berlin-e07f,50,45,Normal
2026-02-16 16:26:45.749236,Berlin-e07f,10,84,Normal
2026-02-16 16:26:46.749236,Berlin-e07f,38,83,Normal
2026-02-16 16:26:47.749236,Berlin-e07f,19,24,Normal
2026-02-16 16:26:48.749236,Berlin-e07f,-17,89,Normal
2026-02-16 16:26:49.749236,Berlin-e07f,-24,12,Normal
2026-02-16 16:26:50.749236,Berlin-e07f,-29,32,Normal
2026-02-16 16:26:51.749236,Berlin-e07f,48,95,Normal
2026-02-16 16:26:52.749236,Berlin-e07f,48,11,Normal
2026-02-16 16:26:53.749236,Berlin-e07f,6,69,Normal
2026-02-16 16:26:54.749236,Berlin-e07f,-5,92,Normal
2026-02-16 16:26:55.749236,Berlin-e07f,45,43,Normal
2026-02-16 16:26:56.749236,Berlin-e07f,-18,2,Normal
2026-02-16 16:26:57.749236,Berlin-e07f,28,9,Normal
2026-02-16 16:26:58.749236,Berlin-e07f,-24,47,Normal
2026-02-16 16:26:59.749236,Berlin-e07f,13,11,Normal
2026-02-16 16:27:00.749236,Berlin-e07f,50,26,Normal
2026-02-16 16:27:01.749236,Berlin-e07f,38,90,Normal
2026-02-16 16:27:02.749236,Berlin-e07f,50,46,Normal
2026-02-16 16:27:03.749236,Berlin-e07f,-25,100,Normal
2026-02-16 16:27:04.749236,Berlin-e07f,-11,6,Normal
2026-02-16 16:27:05.749236,Berlin-e07f,-7,37,Normal
2026-02-16 16:27:06.749236,Berlin-e07f,50,55,Normal
2026-02-16 16:27:07.749236,Berlin-e07f,34,42,Normal
2026-02-16 16:27:08.749236,Berlin-e07f,34,66,Normal
2026-02-16 16:27:09.749236,Berlin-e07f,37,25,Normal
2026-02-16 16:27:10.749236,Berlin-e07f,-5,70,Normal
2026-02-16 16:27:11.749236,Berlin-e07f,37,51,Normal
2026-02-16 16:27:12.749236,Berlin-e07f,18,5,Normal
2026-02-16 16:27:13.749236,Berlin-e07f,13,85,Normal
2026-02-16 16:27:14.749236,Berlin-e07f,11,57,Normal
2026-02-16 16:27:15.749236,Berlin-e07f,13,82,Normal
2026-02-16 16:27:16.749236,Berlin-e07f,-29,20,Normal
2026-02-16 16:27:17.749236,Berlin-e07f,-15,64,Normal
2026-02-16 16:27:18.749236,Berlin-e07f,9,79,Normal
2026-02-16 16:27:19.749236,Berlin-e07f,5,43,Normal
2026-02-16 16:27:20.749236,Berlin-e07f,40,53,Normal
2026-02-16 16:27:21.749236,Berlin-e07f,-28,47,Normal
2026-02-16 16:27:22.749236,Berlin-e07f,36,45,Normal
2026-02-16 16:27:23.749236,Berlin-e07f,-23,25,Normal
2026-02-16 16:27:24.749236,Berlin-e07f,10,40,Normal
2026-02-16 16:27:25.749236,Berlin-e07f,-28,49,Normal
2026-02-16 16:27:26.749236,Berlin-e07f,18,39,Normal
2026-02-16 16:27:27.749236,Berlin-e07f,2,7,Normal
2026-02-16 16:27:28.749236,Berlin-e07f,29,42,Normal
2026-02-16 16:27:29.749236,Berlin-e07f,-27,89,Normal
2026-02-16 16:27:30.749236,Berlin-e07f,-6,38,Normal
2026-02-16 16:27:31.749236,Berlin-e07f,-21,64,Normal
2026-02-16 16:27:32.749236,Berlin-e07f,-8,47,Normal
2026-02-16 16:27:33.749236,Berlin-e07f,36,81,Normal
2026-02-16 16:27:34.749236,Berlin-e07f,-23,72,Normal
2026-02-16 16:27:35.749236,Berlin-e07f,15,94,Normal
2026-02-16 16:27:36.749236,Berlin-e07f,-7,36,Normal
2026-02-16 16:27:37.749236,Berlin-e07f,-3,98,Normal
2026-02-16 16:27:38.749236,Berlin-e07f,41,0,Normal
2026-02-16 16:27:39.749236,Berlin-e07f,49,70,Normal
2026-02-16 16:27:40.749236,Berlin-e07f,27,57,Normal
2026-02-16 16:27:41.749236,Berlin-e07f,24,64,Normal
2026-02-16 16:27:42.749236,Berlin-e07f,17,49,Normal
2026-02-16 16:27:43.749236,Berlin-e07f,44,56,Normal
2026-02-16 16:27:44.749236,Berlin-e07f,27,33,Normal
2026-02-16 16:27:45.749236,Berlin-e07f,-12,81,Normal
2026-02-16 16:27:46.749236,Berlin-e07f,-9,11,Normal
2026-02-16 16:27:47.749236,Berlin-e07f,18,37,Normal
2026-02-16 16:27:48.749236,Berlin-e07f,32,62,Normal
2026-02-16 16:27:49.749236,Berlin-e07f,-5,69,Normal
2026-02-16 16:27:50.749236,Berlin-e07f,45,76,Normal
2026-02-16 16:27:51.749236,Berlin-e07f,-9,90,Normal
2026-02-16 16:27:52.749236,Berlin-e07f,13,37,Normal
2026-02-16 16:27:53.749236,Berlin-e07f,22,67,Normal
2026-02-16 16:27:54.749236,Berlin-e07f,7,37,Normal
2026-02-16 16:27:55.749236,Berlin-e07f,6,98,Normal
2026-02-16 16:27:56.749236,Berlin-e07f,-14,35,Normal
2026-02-16 16:27:57.749236,Berlin-e07f,0,25,Normal
2026-02-16 16:27:58.749236,Berlin-e07f,-26,13,Normal
2026-02-16 16:27:59.749236,Berlin-e07f,-27,15,Normal
2026-02-16 16:28:00.749236,Berlin-e07f,36,17,Normal
2026-02-16 16:28:01.749236,Berlin-e07f,-13,22,Normal
2026-02-16 16:28:02.749236,Berlin-e07f,15,87,Normal
2026-02-16 16:28:03.749236,Berlin-e07f,6,44,Normal
2026-02-16 16:28:04.749236,Berlin-e07f,5,18,Normal
2026-02-16 16:28:05.749236,Berlin-e07f,-22,39,Normal
2026-02-16 16:28:06.749236,Berlin-e07f,-2,30,Normal
2026-02-16 16:28:07.749236,Berlin-e07f,1,68,Normal
2026-02-16 16:28:08.749236,Berlin-e07f,27,97,Normal
2026-02-16 16:28:09.749236,Berlin-e07f,-8,74,Normal
2026-02-16 16:28:10.749236,Berlin-e07f,-28,24,Normal
2026-02-16 16:28:11.749236,Berlin-e07f,16,58,Normal
2026-02-16 16:28:12.749236,Berlin-e07f,39,17,Normal
2026-02-16 16:28:13.749236,Berlin-e07f,21,57,Normal
2026-02-16 16:28:14.749236,Berlin-e07f,16,24,Normal
2026-02-16 16:28:15.749236,Berlin-e07f,-12,8,Normal
2026-02-16 16:28:16.749236,Berlin-e07f,-10,31,Normal
2026-02-16 16:28:17.749236,Berlin-e07f,-13,47,Normal
2026-02-16 16:28:18.749236,Berlin-e07f,-6,82,Normal
2026-02-16 16:28:19.749236,Berlin-e07f,2,4,Normal
2026-02-16 16:28:20.749236,Berlin-e07f,40,92,Normal
2026-02-16 16:28:21.749236,Berlin-e07f,12,54,Normal
2026-02-16 16:28:22.749236,Berlin-e07f,35,53,Normal
2026-02-16 16:28:23.749236,Berlin-e07f,13,92,Normal
2026-02-16 16:28:24.749236,Berlin-e07f,6,53,Normal
2026-02-16 16:28:25.749236,Berlin-e07f,40,85,Normal
2026-02-16 16:28:26.749236,Berlin-e07f,-12,18,Normal
2026-02-16 16:28:27.749236,Berlin-e07f,4,33,Normal
2026-02-16 16:28:28.749236,Berlin-e07f,48,45,Normal
2026-02-16 16:28:29.749236,Berlin-e07f,-17,72,Normal
2026-02-16 16:28:30.749236,Berlin-e07f,0,83,Normal
2026-02-16 16:28:31.749236,Berlin-e07f,-26,66,Normal
2026-02-16 16:28:32.749236,Berlin-e07f,-21,59,Normal
2026-02-16 16:28:33.749236,Berlin-e07f,-4,81,Normal
2026-02-16 16:28:34.749236,Berlin-e07f,47,49,Normal
2026-02-16 16:28:35.749236,Berlin-e07f,-25,28,Normal
2026-02-16 16:28:36.749236,Berlin-e07f,-2,45,Normal
2026-02-16 16:28:37.749236,Berlin-e07f,38,5,Normal
2026-02-16 16:28:38.749236,Berlin-e07f,3,21,Normal
2026-02-16 16:28:39.749236,Berlin-e07f,45,13,Normal
2026-02-16 16:28:40.749236,Berlin-e07f,38,100,Normal
2026-02-16 16:28:41.749236,Berlin-e07f,23,72,Normal
2026-02-16 16:28:42.749236,Berlin-e07f,-13,97,Normal
2026-02-16 16:28:43.749236,Berlin-e07f,-30,83,Normal
2026-02-16 16:28:44.749236,Berlin-e07f,-14,33,Normal
2026-02-16 16:28:45.749236,Berlin-e07f,49,9,Normal
2026-02-16 16:28:46.749236,Berlin-e07f,32,11,Normal
2026-02-16 16:28:47.749236,Berlin-e07f,14,47,Normal
2026-02-16 16:28:48.749236,Berlin-e07f,44,16,Normal
2026-02-16 16:28:49.749236,Berlin-e07f,44,72,Normal
2026-02-16 16:28:50.749236,Berlin-e07f,-5,61,Normal
2026-02-16 16:28:51.749236,Berlin-e07f,-2,39,Normal
2026-02-16 16:28:52.749236,Berlin-e07f,13,14,Normal
2026-02-16 16:28:53.749236,Berlin-e07f,-25,90,Normal
2026-02-16 16:28:54.749236,Berlin-e07f,46,40,Normal
2026-02-16 16:28:55.749236,Berlin-e07f,-23,23,Normal
2026-02-16 16:28:56.749236,Berlin-e07f,12,10,Normal
2026-02-16 16:28:57.749236,Berlin-e07f,-12,72,Normal
2026-02-16 16:28:58.749236,Berlin-e07f,3,45,Normal
2026-02-16 16:28:59.749236,Berlin-e07f,-28,13,Normal
2026-02-16 16:29:00.749236,Berlin-e07f,8,25,Normal
2026-02-16 16:29:01.749236,Berlin-e07f,-26,11,Normal
2026-02-16 16:29:02.749236,Berlin-e07f,0,35,Normal
2026-02-16 16:29:03.749236,Berlin-e07f,-10,92,Normal
2026-02-16 16:29:04.749236,Berlin-e07f,-8,58,Normal
2026-02-16 16:29:05.749236,Berlin-e07f,10,19,Normal
2026-02-16 16:29:06.749236,Berlin-e07f,-11,59,Normal
2026-02-16 16:29:07.749236,Berlin-e07f,38,62,Normal
2026-02-16 16:29:08.749236,Berlin-e07f,3,7,Normal
2026-02-16 16:29:09.749236,Berlin-e07f,4,30,Normal
2026-02-16 16:29:10.749236,Berlin-e07f,-19,95,Normal
2026-02-16 16:29:11.749236,Berlin-e07f,5,98,Normal
2026-02-16 16:29:12.749236,Berlin-e07f,-14,75,Normal
2026-02-16 16:29:13.749236,Berlin-e07f,43,7,Normal
2026-02-16 16:29:14.749236,Berlin-e07f,-25,74,Normal
2026-02-16 16:29:15.749236,Berlin-e07f,35,96,Normal
2026-02-16 16:29:16.749236,Berlin-e07f,43,13,Normal
2026-02-16 16:29:17.749236,Berlin-e07f,50,60,Normal
2026-02-16 16:29:18.749236,Berlin-e07f,40,3,Normal
2026-02-16 16:29:19.749236,Berlin-e07f,14,18,Normal
2026-02-16 16:29:20.749236,Berlin-e07f,-26,84,Normal
2026-02-16 16:29:21.749236,Berlin-e07f,41,73,Normal
2026-02-16 16:29:22.749236,Berlin-e07f,0,86,Normal
2026-02-16 16:29:23.749236,Berlin-e07f,-6,8,Normal
2026-02-16 16:29:24.749236,Berlin-e07f,25,20,Normal
2026-02-16 16:29:25.749236,Berlin-e07f,14,30,Normal
2026-02-16 16:29:26.749236,Berlin-e07f,-23,73,Normal
2026-02-16 16:29:27.749236,Berlin-e07f,-25,48,Normal
2026-02-16 16:29:28.749236,Berlin-e07f,47,71,Normal
2026-02-16 16:29:29.749236,Berlin-e07f,16,50,Normal
2026-02-16 16:29:30.749236,Berlin-e07f,-5,98,Normal
2026-02-16 16:29:31.749236,Berlin-e07f,-27,15,Normal
2026-02-16 16:29:32.749236,Berlin-e07f,20,40,Normal
2026-02-16 16:29:33.749236,Berlin-e07f,30,90,Normal
2026-02-16 16:29:34.749236,Berlin-e07f,-18,63,Normal
2026-02-16 16:29:35.749236,Berlin-e07f,12,35,Normal
2026-02-16 16:29:36.749236,Berlin-e07f,-5,96,Normal
2026-02-16 16:29:37.749236,Berlin-e07f,50,47,Normal
2026-02-16 16:29:38.749236,Berlin-e07f,-28,98,Normal
2026-02-16 16:29:39.749236,Berlin-e07f,6,11,Normal
2026-02-16 16:29:40.749236,Berlin-e07f,-27,98,Normal
2026-02-16 16:29:41.749236,Berlin-e07f,45,84,Normal
2026-02-16 16:29:42.749236,Berlin-e07f,15,12,Normal
2026-02-16 16:29:43.749236,Berlin-e07f,-27,2,Normal
2026-02-16 16:29:44.749236,Berlin-e07f,-8,10,Normal
2026-02-16 16:29:45.749236,Berlin-e07f,-15,21,Normal
2026-02-16 16:29:46.749236,Berlin-e07f,-2,24,Normal
2026-02-16 16:29:47.749236,Berlin-e07f,-2,51,Normal
2026-02-16 16:29:48.749236,Berlin-e07f,44,35,Normal
2026-02-16 16:29:49.749236,Berlin-e07f,22,51,Normal
2026-02-16 16:29:50.749236,Berlin-e07f,-21,51,Normal
2026-02-16 16:29:51.749236,Berlin-e07f,22,0,Normal
2026-02-16 16:29:52.749236,Berlin-e07f,-9,56,Normal
2026-02-16 16:29:53.749236,Berlin-e07f,1,15,Normal
2026-02-16 16:29:54.749236,Berlin-e07f,-28,74,Normal
2026-02-16 16:29:55.749236,Berlin-e07f,-17,20,Normal
2026-02-16 16:29:56.749236,Berlin-e07f,48,88,Normal
2026-02-16 16:29:57.749236,Berlin-e07f,38,47,Normal
2026-02-16 16:29:58.749236,Berlin-e07f,47,24,Normal
2026-02-16 16:29:59.749236,Berlin-e07f,17,33,Normal
2026-02-16 16:30:00.749236,Berlin-e07f,4,24,Normal
2026-02-16 16:30:01.749236,Berlin-e07f,-21,93,Normal
2026-02-16 16:30:02.749236,Berlin-e07f,11,42,Normal
2026-02-16 16:30:03.749236,Berlin-e07f,-9,98,Normal
2026-02-16 16:30:04.749236,Berlin-e07f,16,31,Normal
2026-02-16 16:30:05.749236,Berlin-e07f,-4,17,Normal
2026-02-16 16:30:06.749236,Berlin-e07f,0,84,Normal
2026-02-16 16:30:07.749236,Berlin-e07f,24,35,Normal
2026-02-16 16:30:08.749236,Berlin-e07f,-3,24,Normal
2026-02-16 16:30:09.749236,Berlin-e07f,34,22,Normal
2026-02-16 16:30:10.749236,Berlin-e07f,30,97,Normal
2026-02-16 16:30:11.749236,Berlin-e07f,34,95,Normal
2026-02-16 16:30:12.749236,Berlin-e07f,26,60,Normal
2026-02-16 16:30:13.749236,Berlin-e07f,5,39,Normal
2026-02-16 16:30:14.749236,Berlin-e07f,47,41,Normal
2026-02-16 16:30:15.749236,Berlin-e07f,-26,20,Normal
2026-02-16 16:30:16.749236,Berlin-e07f,0,52,Normal
2026-02-16 16:30:17.749236,Berlin-e07f,29,11,Normal
2026-02-16 16:30:18.749236,Berlin-e07f,-8,82,Normal
2026-02-16 16:30:19.749236,Berlin-e07f,15,45,Normal
2026-02-16 16:30:20.749236,Berlin-e07f,37,72,Normal
2026-02-16 16:30:21.749236,Berlin-e07f,-27,91,Normal
2026-02-16 16:30:22.749236,Berlin-e07f,-25,92,Normal
2026-02-16 16:30:23.749236,Berlin-e07f,22,70,Normal
2026-02-16 16:30:24.749236,Berlin-e07f,-2,57,Normal
2026-02-16 16:30:25.749236,Berlin-e07f,0,3,Normal
2026-02-16 16:30:26.749236,Berlin-e07f,-29,100,Normal
2026-02-16 16:30:27.749236,Berlin-e07f,-16,81,Normal
2026-02-16 16:30:28.749236,Berlin-e07f,30,52,Normal
2026-02-16 16:30:29.749236,Berlin-e07f,1,27,Normal
2026-02-16 16:30:30.749236,Berlin-e07f,-19,90,Normal
2026-02-16 16:30:31.749236,Berlin-e07f,40,50,Normal
2026-02-16 16:30:32.749236,Berlin-e07f,-26,4,Normal
2026-02-16 16:30:33.749236,Berlin-e07f,-18,71,Normal
2026-02-16 16:30:34.749236,Berlin-e07f,44,0,Normal
2026-02-16 16:30:35.749236,Berlin-e07f,18,16,Normal
2026-02-16 16:30:36.749236,Berlin-e07f,28,62,Normal
2026-02-16 16:30:37.749236,Berlin-e07f,-15,75,Normal
2026-02-16 16:30:38.749236,Berlin-e07f,9,14,Normal
2026-02-16 16:30:39.749236,Berlin-e07f,18,10,Normal
2026-02-16 16:30:40.749236,Berlin-e07f,16,19,Normal
2026-02-16 16:30:41.749236,Berlin-e07f,-5,85,Normal
2026-02-16 16:30:42.749236,Berlin-e07f,10,44,Normal
2026-02-16 16:30:43.749236,Berlin-e07f,-18,49,Normal
2026-02-16 16:30:44.749236,Berlin-e07f,6,18,Normal
2026-02-16 16:30:45.749236,Berlin-e07f,-17,25,Normal
2026-02-16 16:30:46.749236,Berlin-e07f,-24,39,Normal
2026-02-16 16:30:47.749236,Berlin-e07f,10,70,Normal
2026-02-16 16:30:48.749236,Berlin-e07f,-17,41,Normal
2026-02-16 16:30:49.749236,Berlin-e07f,37,63,Normal
2026-02-16 16:30:50.749236,Berlin-e07f,14,20,Normal
2026-02-16 16:30:51.749236,Berlin-e07f,31,57,Normal
2026-02-16 16:30:52.749236,Berlin-e07f,13,63,Normal
2026-02-16 16:30:53.749236,Berlin-e07f,-23,68,Normal
2026-02-16 16:30:54.749236,Berlin-e07f,-11,66,Normal
2026-02-16 16:30:55.749236,Berlin-e07f,40,89,Normal
2026-02-16 16:30:56.749236,Berlin-e07f,15,6,Normal
2026-02-16 16:30:57.749236,Berlin-e07f,26,54,Normal
2026-02-16 16:30:58.749236,Berlin-e07f,-19,18,Normal
2026-02-16 16:30:59.749236,Berlin-e07f,27,59,Normal
2026-02-16 16:31:00.749236,Berlin-e07f,-23,97,Normal
2026-02-16 16:31:01.749236,Berlin-e07f,14,57,Normal
2026-02-16 16:31:02.749236,Berlin-e07f,-21,87,Normal
2026-02-16 16:31:03.749236,Berlin-e07f,41,90,Normal
2026-02-16 16:31:04.749236,Berlin-e07f,-18,15,Normal
2026-02-16 16:31:05.749236,Berlin-e07f,-25,78,Normal
2026-02-16 16:31:06.749236,Berlin-e07f,22,2,Normal
2026-02-16 16:31:07.749236,Berlin-e07f,-13,89,Normal
2026-02-16 16:31:08.749236,Berlin-e07f,4,83,Normal
2026-02-16 16:31:09.749236,Berlin-e07f,-5,26,Normal
2026-02-16 16:31:10.749236,Berlin-e07f,-20,21,Normal
2026-02-16 16:31:11.749236,Berlin-e07f,24,33,Normal
2026-02-16 16:31:12.749236,Berlin-e07f,7,56,Normal
2026-02-16 16:31:13.749236,Berlin-e07f,-30,51,Normal
2026-02-16 16:31:14.749236,Berlin-e07f,-14,92,Normal
2026-02-16 16:31:15.749236,Berlin-e07f,-15,64,Normal
2026-02-16 16:31:16.749236,Berlin-e07f,32,41,Normal
2026-02-16 16:31:17.749236,Berlin-e07f,34,49,Normal
2026-02-16 16:31:18.749236,Berlin-e07f,-20,32,Normal
2026-02-16 16:31:19.749236,Berlin-e07f,12,51,Normal
2026-02-16 16:31:20.749236,Berlin-e07f,-2,84,Normal
2026-02-16 16:31:21.749236,Berlin-e07f,22,75,Normal
2026-02-16 16:31:22.749236,Berlin-e07f,31,0,Normal
2026-02-16 16:31:23.749236,Berlin-e07f,0,65,Normal
2026-02-16 16:31:24.749236,Berlin-e07f,12,76,Normal
2026-02-16 16:31:25.749236,Berlin-e07f,-23,68,Normal
2026-02-16 16:31:26.749236,Berlin-e07f,-24,14,Normal
2026-02-16 16:31:27.749236,Berlin-e07f,-4,34,Normal
2026-02-16 16:31:28.749236,Berlin-e07f,-25,57,Normal
2026-02-16 16:31:29.749236,Berlin-e07f,-30,55,Normal
2026-02-16 16:31:30.749236,Berlin-e07f,-15,24,Normal
2026-02-16 16:31:31.749236,Berlin-e07f,11,76,Normal
2026-02-16 16:31:32.749236,Berlin-e07f,-27,60,Normal
2026-02-16 16:31:33.749236,Berlin-e07f,29,0,Normal
2026-02-16 16:31:34.749236,Berlin-e07f,35,100,Normal
2026-02-16 16:31:35.749236,Berlin-e07f,28,24,Normal
2026-02-16 16:31:36.749236,Berlin-e07f,40,4,Normal
2026-02-16 16:31:37.749236,Berlin-e07f,-27,33,Normal
2026-02-16 16:31:38.749236,Berlin-e07f,38,3,Normal
2026-02-16 16:31:39.749236,Berlin-e07f,29,22,Normal
2026-02-16 16:31:40.749236,Berlin-e07f,7,83,Normal
2026-02-16 16:31:41.749236,Berlin-e07f,-29,50,Normal
2026-02-16 16:31:42.749236,Berlin-e07f,21,8,Normal
2026-02-16 16:31:43.749236,Berlin-e07f,22,71,Normal
2026-02-16 16:31:44.749236,Berlin-e07f,-22,57,Normal
2026-02-16 16:31:45.749236,Berlin-e07f,13,0,Normal
2026-02-16 16:31:46.749236,Berlin-e07f,45,51,Normal
2026-02-16 16:31:47.749236,Berlin-e07f,5,36,Normal
2026-02-16 16:31:48.749236,Berlin-e07f,27,60,Normal
2026-02-16 16:31:49.749236,Berlin-e07f,24,58,Normal
2026-02-16 16:31:50.749236,Berlin-e07f,6,33,Normal
2026-02-16 16:31:51.749236,Berlin-e07f,18,16,Normal
2026-02-16 16:31:52.749236,Berlin-e07f,17,37,Normal
2026-02-16 16:31:53.749236,Berlin-e07f,23,36,Normal
2026-02-16 16:31:54.749236,Berlin-e07f,-14,28,Normal
2026-02-16 16:31:55.749236,Berlin-e07f,26,36,Normal
2026-02-16 16:31:56.749236,Berlin-e07f,-2,80,Normal
2026-02-16 16:31:57.749236,Berlin-e07f,26,37,Normal
2026-02-16 16:31:58.749236,Berlin-e07f,31,28,Normal
2026-02-16 16:31:59.749236,Berlin-e07f,18,4,Normal
2026-02-16 16:32:00.749236,Berlin-e07f,4,66,Normal
2026-02-16 16:32:01.749236,Berlin-e07f,-12,18,Normal
2026-02-16 16:32:02.749236,Berlin-e07f,31,23,Normal
2026-02-16 16:32:03.749236,Berlin-e07f,7,43,Normal
2026-02-16 16:32:04.749236,Berlin-e07f,-16,45,Normal
2026-02-16 16:32:05.749236,Berlin-e07f,-20,40,Normal
2026-02-16 16:32:06.749236,Berlin-e07f,-18,84,Normal
2026-02-16 16:32:07.749236,Berlin-e07f,24,61,Normal
2026-02-16 16:32:08.749236,Berlin-e07f,17,68,Normal
2026-02-16 16:32:09.749236,Berlin-e07f,-30,100,Normal
2026-02-16 16:32:10.749236,Berlin-e07f,2,84,Normal
2026-02-16 16:32:11.749236,Berlin-e07f,-14,100,Normal
2026-02-16 16:32:12.749236,Berlin-e07f,1,47,Normal
2026-02-16 16:32:13.749236,Berlin-e07f,14,100,Normal
2026-02-16 16:32:14.749236,Berlin-e07f,9,37,Normal
2026-02-16 16:32:15.749236,Berlin-e07f,50,40,Normal
2026-02-16 16:32:16.749236,Berlin-e07f,-4,4,Normal
2026-02-16 16:32:17.749236,Berlin-e07f,-29,75,Normal
2026-02-16 16:32:18.749236,Berlin-e07f,50,46,Normal
2026-02-16 16:32:19.749236,Berlin-e07f,14,58,Normal
2026-02-16 16:32:20.749236,Berlin-e07f,44,5,Normal
2026-02-16 16:32:21.749236,Berlin-e07f,12,42,Normal
2026-02-16 16:32:22.749236,Berlin-e07f,28,76,Normal
2026-02-16 16:32:23.749236,Berlin-e07f,12,60,Normal
2026-02-16 16:32:24.749236,Berlin-e07f,-30,32,Normal
2026-02-16 16:32:25.749236,Berlin-e07f,-8,95,Normal
2026-02-16 16:32:26.749236,Berlin-e07f,40,42,Normal
2026-02-16 16:32:27.749236,Berlin-e07f,2,48,Normal
2026-02-16 16:32:28.749236,Berlin-e07f,23,10,Normal
2026-02-16 16:32:29.749236,Berlin-e07f,9,33,Normal
2026-02-16 16:32:30.749236,Berlin-e07f,18,81,Normal
2026-02-16 16:32:31.749236,Berlin-e07f,-5,55,Normal
2026-02-16 16:32:32.749236,Berlin-e07f,19,100,Normal
2026-02-16 16:32:33.749236,Berlin-e07f,44,79,Normal
2026-02-16 16:32:34.749236,Berlin-e07f,17,37,Normal
2026-02-16 16:32:35.749236,Berlin-e07f,-15,88,Normal
2026-02-16 16:32:36.749236,Berlin-e07f,2,80,Normal
2026-02-16 16:32:37.749236,Berlin-e07f,26,81,Normal
2026-02-16 16:32:38.749236,Berlin-e07f,6,77,Normal
2026-02-16 16:32:39.749236,Berlin-e07f,42,24,Normal
2026-02-16 16:32:40.749236,Berlin-e07f,-14,54,Normal
2026-02-16 16:32:41.749236,Berlin-e07f,49,40,Normal
2026-02-16 16:32:42.749236,Berlin-e07f,6,88,Normal
2026-02-16 16:32:43.749236,Berlin-e07f,-25,93,Normal
2026-02-16 16:32:44.749236,Berlin-e07f,36,3,Normal
2026-02-16 16:32:45.749236,Berlin-e07f,-21,44,Normal
2026-02-16 16:32:46.749236,Berlin-e07f,10,13,Normal
2026-02-16 16:32:47.749236,Berlin-e07f,43,65,Normal
2026-02-16 16:32:48.749236,Berlin-e07f,-1,54,Normal
2026-02-16 16:32:49.749236,Berlin-e07f,-4,11,Normal
2026-02-16 16:32:50.749236,Berlin-e07f,46,25,Normal
2026-02-16 16:32:51.749236,Berlin-e07f,24,4,Normal
2026-02-16 16:32:52.749236,Berlin-e07f,20,71,Normal
2026-02-16 16:32:53.749236,Berlin-e07f,-21,58,Normal
2026-02-16 16:32:54.749236,Berlin-e07f,47,30,Normal
2026-02-16 16:32:55.749236,Berlin-e07f,-15,45,Normal
2026-02-16 16:32:56.749236,Berlin-e07f,21,67,Normal
2026-02-16 16:32:57.749236,Berlin-e07f,31,38,Normal
2026-02-16 16:32:58.749236,Berlin-e07f,36,72,Normal
2026-02-16 16:32:59.749236,Berlin-e07f,-6,8,Normal
2026-02-16 16:33:00.749236,Berlin-e07f,-13,88,Normal
2026-02-16 16:33:01.749236,Berlin-e07f,-29,91,Normal
2026-02-16 16:33:02.749236,Berlin-e07f,-19,96,Normal
2026-02-16 16:33:03.749236,Berlin-e07f,49,56,Normal
2026-02-16 16:33:04.749236,Berlin-e07f,50,12,Normal
2026-02-16 16:33:05.749236,Berlin-e07f,40,28,Normal
2026-02-16 16:33:06.749236,Berlin-e07f,14,81,Normal
2026-02-16 16:33:07.749236,Berlin-e07f,24,75,Normal
2026-02-16 16:33:08.749236,Berlin-e07f,26,13,Normal
2026-02-16 16:33:09.749236,Berlin-e07f,17,20,Normal
2026-02-16 16:33:10.749236,Berlin-e07f,3,21,Normal
2026-02-16 16:33:11.749236,Berlin-e07f,8,66,Normal
2026-02-16 16:33:12.749236,Berlin-e07f,-4,85,Normal
2026-02-16 16:33:13.749236,Berlin-e07f,5,92,Normal
2026-02-16 16:33:14.749236,Berlin-e07f,-1,35,Normal
2026-02-16 16:33:15.749236,Berlin-e07f,-22,31,Normal
2026-02-16 16:33:16.749236,Berlin-e07f,39,35,Normal
2026-02-16 16:33:17.749236,Berlin-e07f,-18,83,Normal
2026-02-16 16:33:18.749236,Berlin-e07f,5,20,Normal
2026-02-16 16:33:19.749236,Berlin-e07f,10,96,Normal
2026-02-16 16:33:20.749236,Berlin-e07f,3,68,Normal
2026-02-16 16:33:21.749236,Berlin-e07f,10,20,Normal
2026-02-16 16:33:22.749236,Berlin-e07f,-1,28,Normal
2026-02-16 16:33:23.749236,Berlin-e07f,22,59,Normal
2026-02-16 16:33:24.749236,Berlin-e07f,23,36,Normal
2026-02-16 16:33:25.749236,Berlin-e07f,28,62,Normal
2026-02-16 16:33:26.749236,Berlin-e07f,-21,12,Normal
2026-02-16 16:33:27.749236,Berlin-e07f,-23,10,Normal
2026-02-16 16:33:28.749236,Berlin-e07f,8,77,Normal
2026-02-16 16:33:29.749236,Berlin-e07f,17,3,Normal
2026-02-16 16:33:30.749236,Berlin-e07f,23,21,Normal
2026-02-16 16:33:31.749236,Berlin-e07f,-25,99,Normal
2026-02-16 16:33:32.749236,Berlin-e07f,26,72,Normal
2026-02-16 16:33:33.749236,Berlin-e07f,49,66,Normal
2026-02-16 16:33:34.749236,Berlin-e07f,-25,25,Normal
2026-02-16 16:33:35.749236,Berlin-e07f,-7,72,Normal
2026-02-16 16:33:36.749236,Berlin-e07f,-28,26,Normal
2026-02-16 16:33:37.749236,Berlin-e07f,-28,47,Normal
2026-02-16 16:33:38.749236,Berlin-e07f,-23,60,Normal
2026-02-16 16:33:39.749236,Berlin-e07f,26,43,Normal
2026-02-16 16:33:40.749236,Berlin-e07f,-14,42,Normal
2026-02-16 16:33:41.749236,Berlin-e07f,28,31,Normal
2026-02-16 16:33:42.749236,Berlin-e07f,19,51,Normal
2026-02-16 16:33:43.749236,Berlin-e07f,10,94,Normal
2026-02-16 16:33:44.749236,Berlin-e07f,50,86,Normal
2026-02-16 16:33:45.749236,Berlin-e07f,21,91,Normal
2026-02-16 16:33:46.749236,Berlin-e07f,0,71,Normal
2026-02-16 16:33:47.749236,Berlin-e07f,28,77,Normal
2026-02-16 16:33:48.749236,Berlin-e07f,-7,41,Normal
2026-02-16 16:33:49.749236,Berlin-e07f,23,54,Normal
2026-02-16 16:33:50.749236,Berlin-e07f,-19,71,Normal
2026-02-16 16:33:51.749236,Berlin-e07f,12,70,Normal
2026-02-16 16:33:52.749236,Berlin-e07f,-12,69,Normal
2026-02-16 16:33:53.749236,Berlin-e07f,-4,63,Normal
2026-02-16 16:33:54.749236,Berlin-e07f,-18,5,Normal
2026-02-16 16:33:55.749236,Berlin-e07f,-21,98,Normal
2026-02-16 16:33:56.749236,Berlin-e07f,-7,62,Normal
2026-02-16 16:33:57.749236,Berlin-e07f,1,39,Normal
2026-02-16 16:33:58.749236,Berlin-e07f,-20,75,Normal
2026-02-16 16:33:59.749236,Berlin-e07f,21,80,Normal
2026-02-16 16:34:00.749236,Berlin-e07f,-16,86,Normal
2026-02-16 16:34:01.749236,Berlin-e07f,-21,13,Normal
2026-02-16 16:34:02.749236,Berlin-e07f,-14,42,Normal
2026-02-16 16:34:03.749236,Berlin-e07f,38,86,Normal
2026-02-16 16:34:04.749236,Berlin-e07f,-18,8,Normal
2026-02-16 16:34:05.749236,Berlin-e07f,31,14,Normal
2026-02-16 16:34:06.749236,Berlin-e07f,-29,54,Normal
2026-02-16 16:34:07.749236,Berlin-e07f,-14,96,Normal
2026-02-16 16:34:08.749236,Berlin-e07f,3,71,Normal
2026-02-16 16:34:09.749236,Berlin-e07f,6,75,Normal
2026-02-16 16:34:10.749236,Berlin-e07f,29,54,Normal
2026-02-16 16:34:11.749236,Berlin-e07f,43,60,Normal
2026-02-16 16:34:12.749236,Berlin-e07f,2,86,Normal
2026-02-16 16:34:13.749236,Berlin-e07f,27,100,Normal
2026-02-16 16:34:14.749236,Berlin-e07f,-1,2,Normal
2026-02-16 16:34:15.749236,Berlin-e07f,1,66,Normal
2026-02-16 16:34:16.749236,Berlin-e07f,-28,21,Normal
2026-02-16 16:34:17.749236,Berlin-e07f,11,38,Normal
2026-02-16 16:34:18.749236,Berlin-e07f,-19,29,Normal
2026-02-16 16:34:19.749236,Berlin-e07f,-6,55,Normal
2026-02-16 16:34:20.749236,Berlin-e07f,-6,91,Normal
2026-02-16 16:34:21.749236,Berlin-e07f,-30,80,Normal
2026-02-16 16:34:22.749236,Berlin-e07f,26,40,Normal
2026-02-16 16:34:23.749236,Berlin-e07f,-9,99,Normal
2026-02-16 16:34:24.749236,Berlin-e07f,1,44,Normal
2026-02-16 16:34:25.749236,Berlin-e07f,0,25,Normal
2026-02-16 16:34:26.749236,Berlin-e07f,49,76,Normal
2026-02-16 16:34:27.749236,Berlin-e07f,48,79,Normal
2026-02-16 16:34:28.749236,Berlin-e07f,12,50,Normal
2026-02-16 16:34:29.749236,Berlin-e07f,36,100,Normal
2026-02-16 16:34:30.749236,Berlin-e07f,-18,80,Normal
2026-02-16 16:34:31.749236,Berlin-e07f,18,51,Normal
2026-02-16 16:34:32.749236,Berlin-e07f,12,27,Normal
2026-02-16 16:34:33.749236,Berlin-e07f,-7,4,Normal
2026-02-16 16:34:34.749236,Berlin-e07f,-16,73,Normal
2026-02-16 16:34:35.749236,Berlin-e07f,-6,49,Normal
2026-02-16 16:34:36.749236,Berlin-e07f,-5,48,Normal
2026-02-16 16:34:37.749236,Berlin-e07f,21,0,Normal
2026-02-16 16:34:38.749236,Berlin-e07f,1,63,Normal
2026-02-16 16:34:39.749236,Berlin-e07f,-2,49,Normal
2026-02-16 16:34:40.749236,Berlin-e07f,-15,28,Normal
2026-02-16 16:34:41.749236,Berlin-e07f,31,78,Normal
2026-02-16 16:34:42.749236,Berlin-e07f,46,97,Normal
2026-02-16 16:34:43.749236,Berlin-e07f,41,16,Normal
2026-02-16 16:34:44.749236,Berlin-e07f,46,81,Normal
2026-02-16 16:34:45.749236,Berlin-e07f,-7,54,Normal
2026-02-16 16:34:46.749236,Berlin-e07f,4,18,Normal
2026-02-16 16:34:47.749236,Berlin-e07f,-8,48,Normal
2026-02-16 16:34:48.749236,Berlin-e07f,8,65,Normal
2026-02-16 16:34:49.749236,Berlin-e07f,19,90,Normal
2026-02-16 16:34:50.749236,Berlin-e07f,3,4,Normal
2026-02-16 16:34:51.749236,Berlin-e07f,5,88,Normal
2026-02-16 16:34:52.749236,Berlin-e07f,-30,4,Normal
2026-02-16 16:34:53.749236,Berlin-e07f,34,47,Normal
2026-02-16 16:34:54.749236,Berlin-e07f,23,59,Normal
2026-02-16 16:34:55.749236,Berlin-e07f,11,7,Normal
2026-02-16 16:34:56.749236,Berlin-e07f,30,10,Normal
2026-02-16 16:34:57.749236,Berlin-e07f,-30,65,Normal
2026-02-16 16:34:58.749236,Berlin-e07f,-13,32,Normal
2026-02-16 16:34:59.749236,Berlin-e07f,-20,48,Normal
2026-02-16 16:35:00.749236,Berlin-e07f,-6,33,Normal
2026-02-16 16:35:01.749236,Berlin-e07f,30,68,Normal
2026-02-16 16:35:02.749236,Berlin-e07f,11,5,Normal
2026-02-16 16:35:03.749236,Berlin-e07f,-1,6,Normal
2026-02-16 16:35:04.749236,Berlin-e07f,-12,100,Normal
2026-02-16 16:35:05.749236,Berlin-e07f,-5,28,Normal
2026-02-16 16:35:06.749236,Berlin-e07f,27,44,Normal
2026-02-16 16:35:07.749236,Berlin-e07f,-11,18,Normal
2026-02-16 16:35:08.749236,Berlin-e07f,-1,40,Normal
2026-02-16 16:35:09.749236,Berlin-e07f,-2,23,Normal
2026-02-16 16:35:10.749236,Berlin-e07f,40,12,Normal
2026-02-16 16:35:11.749236,Berlin-e07f,-1,16,Normal
2026-02-16 16:35:12.749236,Berlin-e07f,5,23,Normal
2026-02-16 16:35:13.749236,Berlin-e07f,-21,25,Normal
2026-02-16 16:35:14.749236,Berlin-e07f,-20,61,Normal
2026-02-16 16:35:15.749236,Berlin-e07f,20,50,Normal
2026-02-16 16:35:16.749236,Berlin-e07f,10,33,Normal
2026-02-16 16:35:17.749236,Berlin-e07f,9,78,Normal
2026-02-16 16:35:18.749236,Berlin-e07f,8,36,Normal
2026-02-16 16:35:19.749236,Berlin-e07f,37,6,Normal
2026-02-16 16:35:20.749236,Berlin-e07f,42,54,Normal
2026-02-16 16:35:21.749236,Berlin-e07f,17,41,Normal
2026-02-16 16:35:22.749236,Berlin-e07f,2,25,Normal
2026-02-16 16:35:23.749236,Berlin-e07f,-15,35,Normal
2026-02-16 16:35:24.749236,Berlin-e07f,20,70,Normal
2026-02-16 16:35:25.749236,Berlin-e07f,17,56,Normal
2026-02-16 16:35:26.749236,Berlin-e07f,16,42,Normal
2026-02-16 16:35:27.749236,Berlin-e07f,-26,70,Normal
2026-02-16 16:35:28.749236,Berlin-e07f,31,15,Normal
2026-02-16 16:35:29.749236,Berlin-e07f,23,76,Normal
2026-02-16 16:35:30.749236,Berlin-e07f,1,19,Normal
2026-02-16 16:35:31.749236,Berlin-e07f,-4,72,Normal
2026-02-16 16:35:32.749236,Berlin-e07f,-24,41,Normal
2026-02-16 16:35:33.749236,Berlin-e07f,9,90,Normal
2026-02-16 16:35:34.749236,Berlin-e07f,-8,81,Normal
2026-02-16 16:35:35.749236,Berlin-e07f,47,90,Normal
2026-02-16 16:35:36.749236,Berlin-e07f,-22,6,Normal
2026-02-16 16:35:37.749236,Berlin-e07f,8,41,Normal
2026-02-16 16:35:38.749236,Berlin-e07f,-3,99,Normal
2026-02-16 16:35:39.749236,Berlin-e07f,7,67,Normal
2026-02-16 16:35:40.749236,Berlin-e07f,20,1,Normal
2026-02-16 16:35:41.749236,Berlin-e07f,27,60,Normal
2026-02-16 16:35:42.749236,Berlin-e07f,36,54,Normal
2026-02-16 16:35:43.749236,Berlin-e07f,19,32,Normal
2026-02-16 16:35:44.749236,Berlin-e07f,-6,73,Normal
2026-02-16 16:35:45.749236,Berlin-e07f,19,55,Normal
2026-02-16 16:35:46.749236,Berlin-e07f,20,41,Normal
2026-02-16 16:35:47.749236,Berlin-e07f,-12,73,Normal
2026-02-16 16:35:48.749236,Berlin-e07f,36,21,Normal
2026-02-16 16:35:49.749236,Berlin-e07f,45,19,Normal
2026-02-16 16:35:50.749236,Berlin-e07f,9,82,Normal
2026-02-16 16:35:51.749236,Berlin-e07f,2,42,Normal
2026-02-16 16:35:52.749236,Berlin-e07f,-22,39,Normal
2026-02-16 16:35:53.749236,Berlin-e07f,7,22,Normal
2026-02-16 16:35:54.749236,Berlin-e07f,33,58,Normal
2026-02-16 16:35:55.749236,Berlin-e07f,-23,41,Normal
2026-02-16 16:35:56.749236,Berlin-e07f,-5,12,Normal
2026-02-16 16:35:57.749236,Berlin-e07f,20,46,Normal
2026-02-16 16:35:58.749236,Berlin-e07f,-10,91,Normal
2026-02-16 16:35:59.749236,Berlin-e07f,8,31,Normal
2026-02-16 16:36:00.749236,Berlin-e07f,-4,67,Normal
2026-02-16 16:36:01.749236,Berlin-e07f,20,86,Normal
2026-02-16 16:36:02.749236,Berlin-e07f,36,48,Normal
2026-02-16 16:36:03.749236,Berlin-e07f,-27,2,Normal
2026-02-16 16:36:04.749236,Berlin-e07f,-8,75,Normal
2026-02-16 16:36:05.749236,Berlin-e07f,-17,82,Normal
2026-02-16 16:36:06.749236,Berlin-e07f,4,22,Normal
2026-02-16 16:36:07.749236,Berlin-e07f,18,89,Normal
2026-02-16 16:36:08.749236,Berlin-e07f,-16,10,Normal
2026-02-16 16:36:09.749236,Berlin-e07f,36,72,Normal
2026-02-16 16:36:10.749236,Berlin-e07f,48,77,Normal
2026-02-16 16:36:11.749236,Berlin-e07f,46,89,Normal
2026-02-16 16:36:12.749236,Berlin-e07f,5,22,Normal
2026-02-16 16:36:13.749236,Berlin-e07f,29,42,Normal
2026-02-16 16:36:14.749236,Berlin-e07f,45,78,Normal
2026-02-16 16:36:15.749236,Berlin-e07f,-1,67,Normal
2026-02-16 16:36:16.749236,Berlin-e07f,25,70,Normal
2026-02-16 16:36:17.749236,Berlin-e07f,22,76,Normal
2026-02-16 16:36:18.749236,Berlin-e07f,-21,75,Normal
2026-02-16 16:36:19.749236,Berlin-e07f,43,60,Normal
2026-02-16 16:36:20.749236,Berlin-e07f,10,86,Normal
2026-02-16 16:36:21.749236,Berlin-e07f,-15,22,Normal
2026-02-16 16:36:22.749236,Berlin-e07f,-9,53,Normal
2026-02-16 16:36:23.749236,Berlin-e07f,24,96,Normal
2026-02-16 16:36:24.749236,Berlin-e07f,17,39,Normal
2026-02-16 16:36:25.749236,Berlin-e07f,22,62,Normal
2026-02-16 16:36:26.749236,Berlin-e07f,13,77,Normal
2026-02-16 16:36:27.749236,Berlin-e07f,-8,82,Normal
2026-02-16 16:36:28.749236,Berlin-e07f,10,38,Normal
2026-02-16 16:36:29.749236,Berlin-e07f,14,36,Normal
2026-02-16 16:36:30.749236,Berlin-e07f,0,19,Normal
2026-02-16 16:36:31.749236,Berlin-e07f,21,43,Normal
2026-02-16 16:36:32.749236,Berlin-e07f,22,98,Normal
2026-02-16 16:36:33.749236,Berlin-e07f,-27,66,Normal
2026-02-16 16:36:34.749236,Berlin-e07f,17,1,Normal
2026-02-16 16:36:35.749236,Berlin-e07f,-19,71,Normal
2026-02-16 16:36:36.749236,Berlin-e07f,7,3,Normal
2026-02-16 16:36:37.749236,Berlin-e07f,-21,66,Normal
2026-02-16 16:36:38.749236,Berlin-e07f,-4,2,Normal
2026-02-16 16:36:39.749236,Berlin-e07f,19,5,Normal
2026-02-16 16:36:40.749236,Berlin-e07f,20,99,Normal
2026-02-16 16:36:41.749236,Berlin-e07f,38,33,Normal
2026-02-16 16:36:42.749236,Berlin-e07f,50,6,Normal
2026-02-16 16:36:43.749236,Berlin-e07f,46,34,Normal
2026-02-16 16:36:44.749236,Berlin-e07f,47,67,Normal
2026-02-16 16:36:45.749236,Berlin-e07f,50,12,Normal
2026-02-16 16:36:46.749236,Berlin-e07f,1,53,Normal
2026-02-16 16:36:47.749236,Berlin-e07f,45,38,Normal
2026-02-16 16:36:48.749236,Berlin-e07f,26,13,Normal
2026-02-16 16:36:49.749236,Berlin-e07f,-14,31,Normal
2026-02-16 16:36:50.749236,Berlin-e07f,45,98,Normal
2026-02-16 16:36:51.749236,Berlin-e07f,-14,76,Normal
2026-02-16 16:36:52.749236,Berlin-e07f,48,80,Normal
2026-02-16 16:36:53.749236,Berlin-e07f,39,56,Normal
2026-02-16 16:36:54.749236,Berlin-e07f,-4,18,Normal
2026-02-16 16:36:55.749236,Berlin-e07f,7,4,Normal
2026-02-16 16:36:56.749236,Berlin-e07f,20,7,Normal
2026-02-16 16:36:57.749236,Berlin-e07f,0,46,Normal
2026-02-16 16:36:58.749236,Berlin-e07f,2,0,Normal
2026-02-16 16:36:59.749236,Berlin-e07f,25,85,Normal
2026-02-16 16:37:00.749236,Berlin-e07f,-30,46,Normal
2026-02-16 16:37:01.749236,Berlin-e07f,26,23,Normal
2026-02-16 16:37:02.749236,Berlin-e07f,2,81,Normal
2026-02-16 16:37:03.749236,Berlin-e07f,25,66,Normal
2026-02-16 16:37:04.749236,Berlin-e07f,40,29,Normal
2026-02-16 16:37:05.749236,Berlin-e07f,-10,2,Normal
2026-02-16 16:37:06.749236,Berlin-e07f,21,64,Normal
2026-02-16 16:37:07.749236,Berlin-e07f,20,37,Normal
2026-02-16 16:37:08.749236,Berlin-e07f,-28,73,Normal
2026-02-16 16:37:09.749236,Berlin-e07f,26,38,Normal
2026-02-16 16:37:10.749236,Berlin-e07f,-25,51,Normal
2026-02-16 16:37:11.749236,Berlin-e07f,40,7,Normal
2026-02-16 16:37:12.749236,Berlin-e07f,29,17,Normal
2026-02-16 16:37:13.749236,Berlin-e07f,24,75,Normal
2026-02-16 16:37:14.749236,Berlin-e07f,7,46,Normal
2026-02-16 16:37:15.749236,Berlin-e07f,40,61,Normal
2026-02-16 16:37:16.749236,Berlin-e07f,27,33,Normal
2026-02-16 16:37:17.749236,Berlin-e07f,-11,36,Normal
2026-02-16 16:37:18.749236,Berlin-e07f,22,25,Normal
2026-02-16 16:37:19.749236,Berlin-e07f,14,32,Normal
2026-02-16 16:37:20.749236,Berlin-e07f,41,66,Normal
2026-02-16 16:37:21.749236,Berlin-e07f,15,98,Normal
2026-02-16 16:37:22.749236,Berlin-e07f,-16,66,Normal
2026-02-16 16:37:23.749236,Berlin-e07f,-30,79,Normal
2026-02-16 16:37:24.749236,Berlin-e07f,24,86,Normal
2026-02-16 16:37:25.749236,Berlin-e07f,6,6,Normal
2026-02-16 16:37:26.749236,Berlin-e07f,13,12,Normal
2026-02-16 16:37:27.749236,Berlin-e07f,-18,65,Normal
2026-02-16 16:37:28.749236,Berlin-e07f,-17,73,Normal
2026-02-16 16:37:29.749236,Berlin-e07f,39,88,Normal
2026-02-16 16:37:30.749236,Berlin-e07f,-4,92,Normal
2026-02-16 16:37:31.749236,Berlin-e07f,30,74,Normal
2026-02-16 16:37:32.749236,Berlin-e07f,1,84,Normal
2026-02-16 16:37:33.749236,Berlin-e07f,-28,31,Normal
2026-02-16 16:37:34.749236,Berlin-e07f,-13,91,Normal
2026-02-16 16:37:35.749236,Berlin-e07f,-25,10,Normal
2026-02-16 16:37:36.749236,Berlin-e07f,-10,91,Normal
2026-02-16 16:37:37.749236,Berlin-e07f,-23,61,Normal
2026-02-16 16:37:38.749236,Berlin-e07f,-27,64,Normal
2026-02-16 16:37:39.749236,Berlin-e07f,-2,96,Normal
2026-02-16 16:37:40.749236,Berlin-e07f,1,72,Normal
2026-02-16 16:37:41.749236,Berlin-e07f,48,65,Normal
2026-02-16 16:37:42.749236,Berlin-e07f,29,20,Normal
2026-02-16 16:37:43.749236,Berlin-e07f,-22,53,Normal
2026-02-16 16:37:44.749236,Berlin-e07f,-10,75,Normal
2026-02-16 16:37:45.749236,Berlin-e07f,39,5,Normal
