timestamp,station_id,temp,humid,condition
2026-02-15 15:23:06.706446,NewYork-b3d2,49,72,Normal
2026-02-15 15:23:07.706446,NewYork-b3d2,22,11,Normal
2026-02-15 15:23:08.706446,NewYork-b3d2,34,19,Normal
2026-02-15 15:23:09.706446,NewYork-b3d2,4,37,Normal
2026-02-15 15:23:10.706446,NewYork-b3d2,16,43,Normal
2026-02-15 15:23:11.706446,NewYork-b3d2,14,56,Normal
2026-02-15 15:23:12.706446,NewYork-b3d2,-5,23,Normal
2026-02-15 15:23:13.706446,NewYork-b3d2,11,93,Normal
2026-02-15 15:23:14.706446,NewYork-b3d2,31,17,Normal
2026-02-15 15:23:15.706446,NewYork-b3d2,-2,46,Normal
2026-02-15 15:23:16.706446,NewYork-b3d2,-6,18,Normal
2026-02-15 15:23:17.706446,NewYork-b3d2,12,8,Normal
2026-02-15 15:23:18.706446,NewYork-b3d2,6,57,Normal
2026-02-15 15:23:19.706446,NewYork-b3d2,46,41,Normal
2026-02-15 15:23:20.706446,NewYork-b3d2,11,56,Normal
2026-02-15 15:23:21.706446,NewYork-b3d2,45,19,Normal
2026-02-15 15:23:22.706446,NewYork-b3d2,47,46,Normal
2026-02-15 15:23:23.706446,NewYork-b3d2,-8,65,Normal
2026-02-15 15:23:24.706446,NewYork-b3d2,41,44,Normal
2026-02-15 15:23:25.706446,NewYork-b3d2,32,36,Normal
2026-02-15 15:23:26.706446,NewYork-b3d2,-25,94,Normal
2026-02-15 15:23:27.706446,NewYork-b3d2,41,55,Normal
2026-02-15 15:23:28.706446,NewYork-b3d2,-17,66,Normal
2026-02-15 15:23:29.706446,NewYork-b3d2,14,36,Normal
2026-02-15 15:23:30.706446,NewYork-b3d2,42,46,Normal
2026-02-15 15:23:31.706446,NewYork-b3d2,-26,34,Normal
2026-02-15 15:23:32.706446,NewYork-b3d2,-6,5,Normal
2026-02-15 15:23:33.706446,NewYork-b3d2,20,67,Normal
2026-02-15 15:23:34.706446,NewYork-b3d2,46,67,Normal
2026-02-15 15:23:35.706446,NewYork-b3d2,11,24,Normal
2026-02-15 15:23:36.706446,NewYork-b3d2,47,39,Normal
2026-02-15 15:23:37.706446,NewYork-b3d2,24,25,Normal
2026-02-15 15:23:38.706446,NewYork-b3d2,-23,79,Normal
2026-02-15 15:23:39.706446,NewYork-b3d2,2,98,Normal
2026-02-15 15:23:40.706446,NewYork-b3d2,6,58,Normal
2026-02-15 15:23:41.706446,NewYork-b3d2,28,54,Normal
2026-02-15 15:23:42.706446,NewYork-b3d2,-27,33,Normal
2026-02-15 15:23:43.706446,NewYork-b3d2,-2,61,Normal
2026-02-15 15:23:44.706446,NewYork-b3d2,1,20,Normal
2026-02-15 15:23:45.706446,NewYork-b3d2,-27,93,Normal
2026-02-15 15:23:46.706446,NewYork-b3d2,42,60,Normal
2026-02-15 15:23:47.706446,NewYork-b3d2,29,23,Normal
2026-02-15 15:23:48.706446,NewYork-b3d2,11,64,Normal
2026-02-15 15:23:49.706446,NewYork-b3d2,-17,47,Normal
2026-02-15 15:23:50.706446,NewYork-b3d2,-28,57,Normal
2026-02-15 15:23:51.706446,NewYork-b3d2,11,6,Normal
2026-02-15 15:23:52.706446,NewYork-b3d2,38,2,Normal
2026-02-15 15:23:53.706446,NewYork-b3d2,-11,67,Normal
2026-02-15 15:23:54.706446,NewYork-b3d2,-21,48,Normal
2026-02-15 15:23:55.706446,NewYork-b3d2,45,45,Normal
2026-02-15 15:23:56.706446,NewYork-b3d2,41,10,Normal
2026-02-15 15:23:57.706446,NewYork-b3d2,50,41,Normal
2026-02-15 15:23:58.706446,NewYork-b3d2,37,47,Normal
2026-02-15 15:23:59.706446,NewYork-b3d2,-13,19,Normal
2026-02-15 15:24:00.706446,NewYork-b3d2,49,66,Normal
2026-02-15 15:24:01.706446,NewYork-b3d2,13,0,Normal
2026-02-15 15:24:02.706446,NewYork-b3d2,40,99,Normal
2026-02-15 15:24:03.706446,NewYork-b3d2,-17,20,Normal
2026-02-15 15:24:04.706446,NewYork-b3d2,-21,0,Normal
2026-02-15 15:24:05.706446,NewYork-b3d2,38,45,Normal
2026-02-15 15:24:06.706446,NewYork-b3d2,-5,45,Normal
2026-02-15 15:24:07.706446,NewYork-b3d2,-5,74,Normal
2026-02-15 15:24:08.706446,NewYork-b3d2,-11,94,Normal
2026-02-15 15:24:09.706446,NewYork-b3d2,-14,53,Normal
2026-02-15 15:24:10.706446,NewYork-b3d2,-7,47,Normal
2026-02-15 15:24:11.706446,NewYork-b3d2,22,86,Normal
2026-02-15 15:24:12.706446,NewYork-b3d2,23,72,Normal
2026-02-15 15:24:13.706446,NewYork-b3d2,40,64,Normal
2026-02-15 15:24:14.706446,NewYork-b3d2,-13,10,Normal
2026-02-15 15:24:15.706446,NewYork-b3d2,16,19,Normal
2026-02-15 15:24:16.706446,NewYork-b3d2,15,73,Normal
2026-02-15 15:24:17.706446,NewYork-b3d2,4,62,Normal
2026-02-15 15:24:18.706446,NewYork-b3d2,26,13,Normal
2026-02-15 15:24:19.706446,NewYork-b3d2,-18,57,Normal
2026-02-15 15:24:20.706446,NewYork-b3d2,21,89,Normal
2026-02-15 15:24:21.706446,NewYork-b3d2,-20,31,Normal
2026-02-15 15:24:22.706446,NewYork-b3d2,38,28,Normal
2026-02-15 15:24:23.706446,NewYork-b3d2,16,84,Normal
2026-02-15 15:24:24.706446,NewYork-b3d2,12,88,Normal
2026-02-15 15:24:25.706446,NewYork-b3d2,-20,91,Normal
2026-02-15 15:24:26.706446,NewYork-b3d2,-11,16,Normal
2026-02-15 15:24:27.706446,NewYork-b3d2,27,6,Normal
2026-02-15 15:24:28.706446,NewYork-b3d2,-12,82,Normal
2026-02-15 15:24:29.706446,NewYork-b3d2,36,69,Normal
2026-02-15 15:24:30.706446,NewYork-b3d2,12,85,Normal
2026-02-15 15:24:31.706446,NewYork-b3d2,-8,16,Normal
2026-02-15 15:24:32.706446,NewYork-b3d2,36,5,Normal
2026-02-15 15:24:33.706446,NewYork-b3d2,-9,5,Normal
2026-02-15 15:24:34.706446,NewYork-b3d2,4,50,Normal
2026-02-15 15:24:35.706446,NewYork-b3d2,-14,84,Normal
2026-02-15 15:24:36.706446,NewYork-b3d2,44,84,Normal
2026-02-15 15:24:37.706446,NewYork-b3d2,-29,49,Normal
2026-02-15 15:24:38.706446,NewYork-b3d2,-30,82,Normal
2026-02-15 15:24:39.706446,NewYork-b3d2,-28,86,Normal
2026-02-15 15:24:40.706446,NewYork-b3d2,33,25,Normal
2026-02-15 15:24:41.706446,NewYork-b3d2,28,25,Normal
2026-02-15 15:24:42.706446,NewYork-b3d2,-11,9,Normal
2026-02-15 15:24:43.706446,NewYork-b3d2,-5,4,Normal
2026-02-15 15:24:44.706446,NewYork-b3d2,2,76,Normal
2026-02-15 15:24:45.706446,NewYork-b3d2,-25,25,Normal
2026-02-15 15:24:46.706446,NewYork-b3d2,2,38,Normal
2026-02-15 15:24:47.706446,NewYork-b3d2,-26,56,Normal
2026-02-15 15:24:48.706446,NewYork-b3d2,-2,11,Normal
2026-02-15 15:24:49.706446,NewYork-b3d2,12,21,Normal
2026-02-15 15:24:50.706446,NewYork-b3d2,41,47,Normal
2026-02-15 15:24:51.706446,NewYork-b3d2,-11,30,Normal
2026-02-15 15:24:52.706446,NewYork-b3d2,-2,34,Normal
2026-02-15 15:24:53.706446,NewYork-b3d2,16,43,Normal
2026-02-15 15:24:54.706446,NewYork-b3d2,39,41,Normal
2026-02-15 15:24:55.706446,NewYork-b3d2,5,61,Normal
2026-02-15 15:24:56.706446,NewYork-b3d2,8,24,Normal
2026-02-15 15:24:57.706446,NewYork-b3d2,-28,96,Normal
2026-02-15 15:24:58.706446,NewYork-b3d2,-4,100,Normal
2026-02-15 15:24:59.706446,NewYork-b3d2,44,14,Normal
2026-02-15 15:25:00.706446,NewYork-b3d2,-29,75,Normal
2026-02-15 15:25:01.706446,NewYork-b3d2,-7,63,Normal
2026-02-15 15:25:02.706446,NewYork-b3d2,-19,36,Normal
2026-02-15 15:25:03.706446,NewYork-b3d2,-26,50,Normal
2026-02-15 15:25:04.706446,NewYork-b3d2,8,42,Normal
2026-02-15 15:25:05.706446,NewYork-b3d2,22,65,Normal
2026-02-15 15:25:06.706446,NewYork-b3d2,-16,8,Normal
2026-02-15 15:25:07.706446,NewYork-b3d2,-16,94,Normal
2026-02-15 15:25:08.706446,NewYork-b3d2,-30,11,Normal
2026-02-15 15:25:09.706446,NewYork-b3d2,14,67,Normal
2026-02-15 15:25:10.706446,NewYork-b3d2,-1,95,Normal
2026-02-15 15:25:11.706446,NewYork-b3d2,-9,88,Normal
2026-02-15 15:25:12.706446,NewYork-b3d2,36,39,Normal
2026-02-15 15:25:13.706446,NewYork-b3d2,-29,85,Normal
2026-02-15 15:25:14.706446,NewYork-b3d2,0,91,Normal
2026-02-15 15:25:15.706446,NewYork-b3d2,37,16,Normal
2026-02-15 15:25:16.706446,NewYork-b3d2,42,44,Normal
2026-02-15 15:25:17.706446,NewYork-b3d2,-1,59,Normal
2026-02-15 15:25:18.706446,NewYork-b3d2,-18,40,Normal
2026-02-15 15:25:19.706446,NewYork-b3d2,11,49,Normal
2026-02-15 15:25:20.706446,NewYork-b3d2,-14,30,Normal
2026-02-15 15:25:21.706446,NewYork-b3d2,-3,15,Normal
2026-02-15 15:25:22.706446,NewYork-b3d2,-19,5,Normal
2026-02-15 15:25:23.706446,NewYork-b3d2,16,22,Normal
2026-02-15 15:25:24.706446,NewYork-b3d2,49,0,Normal
2026-02-15 15:25:25.706446,NewYork-b3d2,-26,47,Normal
2026-02-15 15:25:26.706446,NewYork-b3d2,20,62,Normal
2026-02-15 15:25:27.706446,NewYork-b3d2,-27,25,Normal
2026-02-15 15:25:28.706446,NewYork-b3d2,-5,92,Normal
2026-02-15 15:25:29.706446,NewYork-b3d2,20,60,Normal
2026-02-15 15:25:30.706446,NewYork-b3d2,1,11,Normal
2026-02-15 15:25:31.706446,NewYork-b3d2,-30,51,Normal
2026-02-15 15:25:32.706446,NewYork-b3d2,40,11,Normal
2026-02-15 15:25:33.706446,NewYork-b3d2,4,52,Normal
2026-02-15 15:25:34.706446,NewYork-b3d2,47,26,Normal
2026-02-15 15:25:35.706446,NewYork-b3d2,-30,90,Normal
2026-02-15 15:25:36.706446,NewYork-b3d2,-20,10,Normal
2026-02-15 15:25:37.706446,NewYork-b3d2,32,37,Normal
2026-02-15 15:25:38.706446,NewYork-b3d2,-15,36,Normal
2026-02-15 15:25:39.706446,NewYork-b3d2,-12,65,Normal
2026-02-15 15:25:40.706446,NewYork-b3d2,-8,79,Normal
2026-02-15 15:25:41.706446,NewYork-b3d2,-15,28,Normal
2026-02-15 15:25:42.706446,NewYork-b3d2,0,85,Normal
2026-02-15 15:25:43.706446,NewYork-b3d2,-9,43,Normal
2026-02-15 15:25:44.706446,NewYork-b3d2,-15,47,Normal
2026-02-15 15:25:45.706446,NewYork-b3d2,11,50,Normal
2026-02-15 15:25:46.706446,NewYork-b3d2,-13,88,Normal
2026-02-15 15:25:47.706446,NewYork-b3d2,-15,71,Normal
2026-02-15 15:25:48.706446,NewYork-b3d2,12,90,Normal
2026-02-15 15:25:49.706446,NewYork-b3d2,21,51,Normal
2026-02-15 15:25:50.706446,NewYork-b3d2,15,31,Normal
2026-02-15 15:25:51.706446,NewYork-b3d2,-4,78,Normal
2026-02-15 15:25:52.706446,NewYork-b3d2,-14,88,Normal
2026-02-15 15:25:53.706446,NewYork-b3d2,-26,75,Normal
2026-02-15 15:25:54.706446,NewYork-b3d2,0,55,Normal
2026-02-15 15:25:55.706446,NewYork-b3d2,-2,91,Normal
2026-02-15 15:25:56.706446,NewYork-b3d2,32,9,Normal
2026-02-15 15:25:57.706446,NewYork-b3d2,15,84,Normal
2026-02-15 15:25:58.706446,NewYork-b3d2,28,78,Normal
2026-02-15 15:25:59.706446,NewYork-b3d2,17,30,Normal
2026-02-15 15:26:00.706446,NewYork-b3d2,-5,96,Normal
2026-02-15 15:26:01.706446,NewYork-b3d2,-23,8,Normal
2026-02-15 15:26:02.706446,NewYork-b3d2,40,35,Normal
2026-02-15 15:26:03.706446,NewYork-b3d2,-22,87,Normal
2026-02-15 15:26:04.706446,NewYork-b3d2,49,91,Normal
2026-02-15 15:26:05.706446,NewYork-b3d2,39,39,Normal
2026-02-15 15:26:06.706446,NewYork-b3d2,43,14,Normal
2026-02-15 15:26:07.706446,NewYork-b3d2,-19,72,Normal
2026-02-15 15:26:08.706446,NewYork-b3d2,-30,57,Normal
2026-02-15 15:26:09.706446,NewYork-b3d2,33,81,Normal
2026-02-15 15:26:10.706446,NewYork-b3d2,33,87,Normal
2026-02-15 15:26:11.706446,NewYork-b3d2,29,64,Normal
2026-02-15 15:26:12.706446,NewYork-b3d2,-4,77,Normal
2026-02-15 15:26:13.706446,NewYork-b3d2,-7,92,Normal
2026-02-15 15:26:14.706446,NewYork-b3d2,30,82,Normal
2026-02-15 15:26:15.706446,NewYork-b3d2,-14,61,Normal
2026-02-15 15:26:16.706446,NewYork-b3d2,-19,87,Normal
2026-02-15 15:26:17.706446,NewYork-b3d2,3,68,Normal
2026-02-15 15:26:18.706446,NewYork-b3d2,-1,100,Normal
2026-02-15 15:26:19.706446,NewYork-b3d2,7,21,Normal
2026-02-15 15:26:20.706446,NewYork-b3d2,5,26,Normal
2026-02-15 15:26:21.706446,NewYork-b3d2,-21,49,Normal
2026-02-15 15:26:22.706446,NewYork-b3d2,6,100,Normal
2026-02-15 15:26:23.706446,NewYork-b3d2,28,71,Normal
2026-02-15 15:26:24.706446,NewYork-b3d2,-9,86,Normal
2026-02-15 15:26:25.706446,NewYork-b3d2,-11,50,Normal
2026-02-15 15:26:26.706446,NewYork-b3d2,-29,12,Normal
2026-02-15 15:26:27.706446,NewYork-b3d2,30,35,Normal
2026-02-15 15:26:28.706446,NewYork-b3d2,-17,41,Normal
2026-02-15 15:26:29.706446,NewYork-b3d2,20,97,Normal
2026-02-15 15:26:30.706446,NewYork-b3d2,-3,43,Normal
2026-02-15 15:26:31.706446,NewYork-b3d2,48,2,Normal
2026-02-15 15:26:32.706446,NewYork-b3d2,-30,16,Normal
2026-02-15 15:26:33.706446,NewYork-b3d2,-2,30,Normal
2026-02-15 15:26:34.706446,NewYork-b3d2,8,45,Normal
2026-02-15 15:26:35.706446,NewYork-b3d2,-25,99,Normal
2026-02-15 15:26:36.706446,NewYork-b3d2,15,43,Normal
2026-02-15 15:26:37.706446,NewYork-b3d2,44,64,Normal
2026-02-15 15:26:38.706446,NewYork-b3d2,27,91,Normal
2026-02-15 15:26:39.706446,NewYork-b3d2,27,61,Normal
2026-02-15 15:26:40.706446,NewYork-b3d2,43,37,Normal
2026-02-15 15:26:41.706446,NewYork-b3d2,-10,66,Normal
2026-02-15 15:26:42.706446,NewYork-b3d2,32,34,Normal
2026-02-15 15:26:43.706446,NewYork-b3d2,19,64,Normal
2026-02-15 15:26:44.706446,NewYork-b3d2,31,45,Normal
2026-02-15 15:26:45.706446,NewYork-b3d2,-25,51,Normal
2026-02-15 15:26:46.706446,NewYork-b3d2,24,72,Normal
2026-02-15 15:26:47.706446,NewYork-b3d2,31,72,Normal
2026-02-15 15:26:48.706446,NewYork-b3d2,34,77,Normal
2026-02-15 15:26:49.706446,NewYork-b3d2,44,95,Normal
2026-02-15 15:26:50.706446,NewYork-b3d2,37,67,Normal
2026-02-15 15:26:51.706446,NewYork-b3d2,22,55,Normal
2026-02-15 15:26:52.706446,NewYork-b3d2,-30,1,Normal
2026-02-15 15:26:53.706446,NewYork-b3d2,25,4,Normal
2026-02-15 15:26:54.706446,NewYork-b3d2,-15,36,Normal
2026-02-15 15:26:55.706446,NewYork-b3d2,-12,94,Normal
2026-02-15 15:26:56.706446,NewYork-b3d2,41,94,Normal
2026-02-15 15:26:57.706446,NewYork-b3d2,-4,45,Normal
2026-02-15 15:26:58.706446,NewYork-b3d2,-29,77,Normal
2026-02-15 15:26:59.706446,NewYork-b3d2,-11,69,Normal
2026-02-15 15:27:00.706446,NewYork-b3d2,18,31,Normal
2026-02-15 15:27:01.706446,NewYork-b3d2,48,79,Normal
2026-02-15 15:27:02.706446,NewYork-b3d2,29,1,Normal
2026-02-15 15:27:03.706446,NewYork-b3d2,30,6,Normal
2026-02-15 15:27:04.706446,NewYork-b3d2,50,36,Normal
2026-02-15 15:27:05.706446,NewYork-b3d2,14,58,Normal
2026-02-15 15:27:06.706446,NewYork-b3d2,-19,69,Normal
2026-02-15 15:27:07.706446,NewYork-b3d2,50,30,Normal
2026-02-15 15:27:08.706446,NewYork-b3d2,-13,40,Normal
2026-02-15 15:27:09.706446,NewYork-b3d2,0,7,Normal
2026-02-15 15:27:10.706446,NewYork-b3d2,26,92,Normal
2026-02-15 15:27:11.706446,NewYork-b3d2,-17,1,Normal
2026-02-15 15:27:12.706446,NewYork-b3d2,8,56,Normal
2026-02-15 15:27:13.706446,NewYork-b3d2,38,85,Normal
2026-02-15 15:27:14.706446,NewYork-b3d2,36,11,Normal
2026-02-15 15:27:15.706446,NewYork-b3d2,12,25,Normal
2026-02-15 15:27:16.706446,NewYork-b3d2,40,97,Normal
2026-02-15 15:27:17.706446,NewYork-b3d2,45,80,Normal
2026-02-15 15:27:18.706446,NewYork-b3d2,-2,93,Normal
2026-02-15 15:27:19.706446,NewYork-b3d2,16,24,Normal
2026-02-15 15:27:20.706446,NewYork-b3d2,-8,21,Normal
2026-02-15 15:27:21.706446,NewYork-b3d2,23,77,Normal
2026-02-15 15:27:22.706446,NewYork-b3d2,0,7,Normal
2026-02-15 15:27:23.706446,NewYork-b3d2,24,28,Normal
2026-02-15 15:27:24.706446,NewYork-b3d2,22,85,Normal
2026-02-15 15:27:25.706446,NewYork-b3d2,1,66,Normal
2026-02-15 15:27:26.706446,NewYork-b3d2,39,21,Normal
2026-02-15 15:27:27.706446,NewYork-b3d2,2,59,Normal
2026-02-15 15:27:28.706446,NewYork-b3d2,-24,63,Normal
2026-02-15 15:27:29.706446,NewYork-b3d2,12,38,Normal
2026-02-15 15:27:30.706446,NewYork-b3d2,35,5,Normal
2026-02-15 15:27:31.706446,NewYork-b3d2,-11,25,Normal
2026-02-15 15:27:32.706446,NewYork-b3d2,-2,14,Normal
2026-02-15 15:27:33.706446,NewYork-b3d2,48,81,Normal
2026-02-15 15:27:34.706446,NewYork-b3d2,9,8,Normal
2026-02-15 15:27:35.706446,NewYork-b3d2,27,40,Normal
2026-02-15 15:27:36.706446,NewYork-b3d2,-5,7,Normal
2026-02-15 15:27:37.706446,NewYork-b3d2,-21,26,Normal
2026-02-15 15:27:38.706446,NewYork-b3d2,-22,16,Normal
2026-02-15 15:27:39.706446,NewYork-b3d2,7,96,Normal
2026-02-15 15:27:40.706446,NewYork-b3d2,37,21,Normal
2026-02-15 15:27:41.706446,NewYork-b3d2,-8,46,Normal
2026-02-15 15:27:42.706446,NewYork-b3d2,-8,57,Normal
2026-02-15 15:27:43.706446,NewYork-b3d2,50,32,Normal
2026-02-15 15:27:44.706446,NewYork-b3d2,24,85,Normal
2026-02-15 15:27:45.706446,NewYork-b3d2,37,30,Normal
2026-02-15 15:27:46.706446,NewYork-b3d2,-4,100,Normal
2026-02-15 15:27:47.706446,NewYork-b3d2,22,69,Normal
2026-02-15 15:27:48.706446,NewYork-b3d2,-9,41,Normal
2026-02-15 15:27:49.706446,NewYork-b3d2,13,3,Normal
2026-02-15 15:27:50.706446,NewYork-b3d2,2,35,Normal
2026-02-15 15:27:51.706446,NewYork-b3d2,16,20,Normal
2026-02-15 15:27:52.706446,NewYork-b3d2,5,23,Normal
2026-02-15 15:27:53.706446,NewYork-b3d2,23,93,Normal
2026-02-15 15:27:54.706446,NewYork-b3d2,8,39,Normal
2026-02-15 15:27:55.706446,NewYork-b3d2,45,9,Normal
2026-02-15 15:27:56.706446,NewYork-b3d2,-26,77,Normal
2026-02-15 15:27:57.706446,NewYork-b3d2,-22,31,Normal
2026-02-15 15:27:58.706446,NewYork-b3d2,-12,24,Normal
2026-02-15 15:27:59.706446,NewYork-b3d2,-24,0,Normal
2026-02-15 15:28:00.706446,NewYork-b3d2,39,14,Normal
2026-02-15 15:28:01.706446,NewYork-b3d2,-3,20,Normal
2026-02-15 15:28:02.706446,NewYork-b3d2,10,13,Normal
2026-02-15 15:28:03.706446,NewYork-b3d2,1,74,Normal
2026-02-15 15:28:04.706446,NewYork-b3d2,-8,48,Normal
2026-02-15 15:28:05.706446,NewYork-b3d2,2,70,Normal
2026-02-15 15:28:06.706446,NewYork-b3d2,-4,6,Normal
2026-02-15 15:28:07.706446,NewYork-b3d2,31,69,Normal
2026-02-15 15:28:08.706446,NewYork-b3d2,39,31,Normal
2026-02-15 15:28:09.706446,NewYork-b3d2,12,97,Normal
2026-02-15 15:28:10.706446,NewYork-b3d2,13,42,Normal
2026-02-15 15:28:11.706446,NewYork-b3d2,47,27,Normal
2026-02-15 15:28:12.706446,NewYork-b3d2,32,66,Normal
2026-02-15 15:28:13.706446,NewYork-b3d2,25,48,Normal
2026-02-15 15:28:14.706446,NewYork-b3d2,-8,21,Normal
2026-02-15 15:28:15.706446,NewYork-b3d2,25,16,Normal
2026-02-15 15:28:16.706446,NewYork-b3d2,-29,97,Normal
2026-02-15 15:28:17.706446,NewYork-b3d2,32,7,Normal
2026-02-15 15:28:18.706446,NewYork-b3d2,34,67,Normal
2026-02-15 15:28:19.706446,NewYork-b3d2,46,40,Normal
2026-02-15 15:28:20.706446,NewYork-b3d2,22,62,Normal
2026-02-15 15:28:21.706446,NewYork-b3d2,1,63,Normal
2026-02-15 15:28:22.706446,NewYork-b3d2,38,82,Normal
2026-02-15 15:28:23.706446,NewYork-b3d2,8,28,Normal
2026-02-15 15:28:24.706446,NewYork-b3d2,-24,61,Normal
2026-02-15 15:28:25.706446,NewYork-b3d2,25,68,Normal
2026-02-15 15:28:26.706446,NewYork-b3d2,-12,41,Normal
2026-02-15 15:28:27.706446,NewYork-b3d2,27,18,Normal
2026-02-15 15:28:28.706446,NewYork-b3d2,-19,89,Normal
2026-02-15 15:28:29.706446,NewYork-b3d2,19,7,Normal
2026-02-15 15:28:30.706446,NewYork-b3d2,-10,7,Normal
2026-02-15 15:28:31.706446,NewYork-b3d2,-26,85,Normal
2026-02-15 15:28:32.706446,NewYork-b3d2,32,19,Normal
2026-02-15 15:28:33.706446,NewYork-b3d2,21,62,Normal
2026-02-15 15:28:34.706446,NewYork-b3d2,14,38,Normal
2026-02-15 15:28:35.706446,NewYork-b3d2,17,6,Normal
2026-02-15 15:28:36.706446,NewYork-b3d2,-12,55,Normal
2026-02-15 15:28:37.706446,NewYork-b3d2,31,32,Normal
2026-02-15 15:28:38.706446,NewYork-b3d2,-4,92,Normal
2026-02-15 15:28:39.706446,NewYork-b3d2,39,23,Normal
2026-02-15 15:28:40.706446,NewYork-b3d2,5,10,Normal
2026-02-15 15:28:41.706446,NewYork-b3d2,27,63,Normal
2026-02-15 15:28:42.706446,NewYork-b3d2,-18,0,Normal
2026-02-15 15:28:43.706446,NewYork-b3d2,46,0,Normal
2026-02-15 15:28:44.706446,NewYork-b3d2,13,14,Normal
2026-02-15 15:28:45.706446,NewYork-b3d2,14,25,Normal
2026-02-15 15:28:46.706446,NewYork-b3d2,47,46,Normal
2026-02-15 15:28:47.706446,NewYork-b3d2,43,36,Normal
2026-02-15 15:28:48.706446,NewYork-b3d2,50,49,Normal
2026-02-15 15:28:49.706446,NewYork-b3d2,-25,18,Normal
2026-02-15 15:28:50.706446,NewYork-b3d2,49,8,Normal
2026-02-15 15:28:51.706446,NewYork-b3d2,45,88,Normal
2026-02-15 15:28:52.706446,NewYork-b3d2,-19,83,Normal
2026-02-15 15:28:53.706446,NewYork-b3d2,49,49,Normal
2026-02-15 15:28:54.706446,NewYork-b3d2,6,73,Normal
2026-02-15 15:28:55.706446,NewYork-b3d2,7,84,Normal
2026-02-15 15:28:56.706446,NewYork-b3d2,35,98,Normal
2026-02-15 15:28:57.706446,NewYork-b3d2,6,49,Normal
2026-02-15 15:28:58.706446,NewYork-b3d2,18,83,Normal
2026-02-15 15:28:59.706446,NewYork-b3d2,29,51,Normal
2026-02-15 15:29:00.706446,NewYork-b3d2,-1,96,Normal
2026-02-15 15:29:01.706446,NewYork-b3d2,10,8,Normal
2026-02-15 15:29:02.706446,NewYork-b3d2,47,12,Normal
2026-02-15 15:29:03.706446,NewYork-b3d2,-27,20,Normal
2026-02-15 15:29:04.706446,NewYork-b3d2,39,15,Normal
2026-02-15 15:29:05.706446,NewYork-b3d2,41,45,Normal
2026-02-15 15:29:06.706446,NewYork-b3d2,-26,55,Normal
2026-02-15 15:29:07.706446,NewYork-b3d2,-1,69,Normal
2026-02-15 15:29:08.706446,NewYork-b3d2,-22,81,Normal
2026-02-15 15:29:09.706446,NewYork-b3d2,-2,46,Normal
2026-02-15 15:29:10.706446,NewYork-b3d2,4,73,Normal
2026-02-15 15:29:11.706446,NewYork-b3d2,3,52,Normal
2026-02-15 15:29:12.706446,NewYork-b3d2,-15,95,Normal
2026-02-15 15:29:13.706446,NewYork-b3d2,-17,43,Normal
2026-02-15 15:29:14.706446,NewYork-b3d2,-22,58,Normal
2026-02-15 15:29:15.706446,NewYork-b3d2,6,31,Normal
2026-02-15 15:29:16.706446,NewYork-b3d2,40,60,Normal
2026-02-15 15:29:17.706446,NewYork-b3d2,-6,33,Normal
2026-02-15 15:29:18.706446,NewYork-b3d2,11,81,Normal
2026-02-15 15:29:19.706446,NewYork-b3d2,19,55,Normal
2026-02-15 15:29:20.706446,NewYork-b3d2,35,6,Normal
2026-02-15 15:29:21.706446,NewYork-b3d2,7,50,Normal
2026-02-15 15:29:22.706446,NewYork-b3d2,-9,8,Normal
2026-02-15 15:29:23.706446,NewYork-b3d2,-10,44,Normal
2026-02-15 15:29:24.706446,NewYork-b3d2,-23,62,Normal
2026-02-15 15:29:25.706446,NewYork-b3d2,-24,44,Normal
2026-02-15 15:29:26.706446,NewYork-b3d2,-15,65,Normal
2026-02-15 15:29:27.706446,NewYork-b3d2,-12,38,Normal
2026-02-15 15:29:28.706446,NewYork-b3d2,34,22,Normal
2026-02-15 15:29:29.706446,NewYork-b3d2,-24,70,Normal
2026-02-15 15:29:30.706446,NewYork-b3d2,27,39,Normal
2026-02-15 15:29:31.706446,NewYork-b3d2,-2,27,Normal
2026-02-15 15:29:32.706446,NewYork-b3d2,-28,16,Normal
2026-02-15 15:29:33.706446,NewYork-b3d2,-27,44,Normal
2026-02-15 15:29:34.706446,NewYork-b3d2,-15,36,Normal
2026-02-15 15:29:35.706446,NewYork-b3d2,-3,57,Normal
2026-02-15 15:29:36.706446,NewYork-b3d2,-3,98,Normal
2026-02-15 15:29:37.706446,NewYork-b3d2,-9,45,Normal
2026-02-15 15:29:38.706446,NewYork-b3d2,-10,20,Normal
2026-02-15 15:29:39.706446,NewYork-b3d2,46,61,Normal
2026-02-15 15:29:40.706446,NewYork-b3d2,35,69,Normal
2026-02-15 15:29:41.706446,NewYork-b3d2,49,70,Normal
2026-02-15 15:29:42.706446,NewYork-b3d2,47,8,Normal
2026-02-15 15:29:43.706446,NewYork-b3d2,-11,81,Normal
2026-02-15 15:29:44.706446,NewYork-b3d2,40,40,Normal
2026-02-15 15:29:45.706446,NewYork-b3d2,34,42,Normal
2026-02-15 15:29:46.706446,NewYork-b3d2,9,7,Normal
2026-02-15 15:29:47.706446,NewYork-b3d2,42,7,Normal
2026-02-15 15:29:48.706446,NewYork-b3d2,-12,15,Normal
2026-02-15 15:29:49.706446,NewYork-b3d2,-25,92,Normal
2026-02-15 15:29:50.706446,NewYork-b3d2,-24,1,Normal
2026-02-15 15:29:51.706446,NewYork-b3d2,-27,40,Normal
2026-02-15 15:29:52.706446,NewYork-b3d2,6,90,Normal
2026-02-15 15:29:53.706446,NewYork-b3d2,-29,64,Normal
2026-02-15 15:29:54.706446,NewYork-b3d2,-30,38,Normal
2026-02-15 15:29:55.706446,NewYork-b3d2,5,19,Normal
2026-02-15 15:29:56.706446,NewYork-b3d2,37,69,Normal
2026-02-15 15:29:57.706446,NewYork-b3d2,-22,64,Normal
2026-02-15 15:29:58.706446,NewYork-b3d2,50,79,Normal
2026-02-15 15:29:59.706446,NewYork-b3d2,-23,44,Normal
2026-02-15 15:30:00.706446,NewYork-b3d2,11,41,Normal
2026-02-15 15:30:01.706446,NewYork-b3d2,24,8,Normal
2026-02-15 15:30:02.706446,NewYork-b3d2,8,25,Normal
2026-02-15 15:30:03.706446,NewYork-b3d2,-9,82,Normal
2026-02-15 15:30:04.706446,NewYork-b3d2,-21,80,Normal
2026-02-15 15:30:05.706446,NewYork-b3d2,-11,36,Normal
2026-02-15 15:30:06.706446,NewYork-b3d2,42,74,Normal
2026-02-15 15:30:07.706446,NewYork-b3d2,-29,95,Normal
2026-02-15 15:30:08.706446,NewYork-b3d2,-27,43,Normal
2026-02-15 15:30:09.706446,NewYork-b3d2,38,38,Normal
2026-02-15 15:30:10.706446,NewYork-b3d2,-7,11,Normal
2026-02-15 15:30:11.706446,NewYork-b3d2,42,26,Normal
2026-02-15 15:30:12.706446,NewYork-b3d2,-25,55,Normal
2026-02-15 15:30:13.706446,NewYork-b3d2,-5,82,Normal
2026-02-15 15:30:14.706446,NewYork-b3d2,7,26,Normal
2026-02-15 15:30:15.706446,NewYork-b3d2,30,18,Normal
2026-02-15 15:30:16.706446,NewYork-b3d2,-6,5,Normal
2026-02-15 15:30:17.706446,NewYork-b3d2,32,83,Normal
2026-02-15 15:30:18.706446,NewYork-b3d2,42,3,Normal
2026-02-15 15:30:19.706446,NewYork-b3d2,4,84,Normal
2026-02-15 15:30:20.706446,NewYork-b3d2,-12,44,Normal
2026-02-15 15:30:21.706446,NewYork-b3d2,-23,16,Normal
2026-02-15 15:30:22.706446,NewYork-b3d2,14,34,Normal
2026-02-15 15:30:23.706446,NewYork-b3d2,-4,4,Normal
2026-02-15 15:30:24.706446,NewYork-b3d2,-22,73,Normal
2026-02-15 15:30:25.706446,NewYork-b3d2,-19,64,Normal
2026-02-15 15:30:26.706446,NewYork-b3d2,-30,40,Normal
2026-02-15 15:30:27.706446,NewYork-b3d2,20,16,Normal
2026-02-15 15:30:28.706446,NewYork-b3d2,-30,69,Normal
2026-02-15 15:30:29.706446,NewYork-b3d2,50,77,Normal
2026-02-15 15:30:30.706446,NewYork-b3d2,-17,71,Normal
2026-02-15 15:30:31.706446,NewYork-b3d2,2,25,Normal
2026-02-15 15:30:32.706446,NewYork-b3d2,-30,43,Normal
2026-02-15 15:30:33.706446,NewYork-b3d2,43,91,Normal
2026-02-15 15:30:34.706446,NewYork-b3d2,44,47,Normal
2026-02-15 15:30:35.706446,NewYork-b3d2,-5,78,Normal
2026-02-15 15:30:36.706446,NewYork-b3d2,-4,30,Normal
2026-02-15 15:30:37.706446,NewYork-b3d2,23,82,Normal
2026-02-15 15:30:38.706446,NewYork-b3d2,-21,26,Normal
2026-02-15 15:30:39.706446,NewYork-b3d2,23,45,Normal
2026-02-15 15:30:40.706446,NewYork-b3d2,37,89,Normal
2026-02-15 15:30:41.706446,NewYork-b3d2,13,46,Normal
2026-02-15 15:30:42.706446,NewYork-b3d2,16,26,Normal
2026-02-15 15:30:43.706446,NewYork-b3d2,-9,72,Normal
2026-02-15 15:30:44.706446,NewYork-b3d2,-29,73,Normal
2026-02-15 15:30:45.706446,NewYork-b3d2,9,28,Normal
2026-02-15 15:30:46.706446,NewYork-b3d2,16,1,Normal
2026-02-15 15:30:47.706446,NewYork-b3d2,-19,11,Normal
2026-02-15 15:30:48.706446,NewYork-b3d2,47,43,Normal
2026-02-15 15:30:49.706446,NewYork-b3d2,32,10,Normal
2026-02-15 15:30:50.706446,NewYork-b3d2,40,13,Normal
2026-02-15 15:30:51.706446,NewYork-b3d2,8,72,Normal
2026-02-15 15:30:52.706446,NewYork-b3d2,-22,31,Normal
2026-02-15 15:30:53.706446,NewYork-b3d2,1,9,Normal
2026-02-15 15:30:54.706446,NewYork-b3d2,7,27,Normal
2026-02-15 15:30:55.706446,NewYork-b3d2,39,23,Normal
2026-02-15 15:30:56.706446,NewYork-b3d2,32,65,Normal
2026-02-15 15:30:57.706446,NewYork-b3d2,46,99,Normal
2026-02-15 15:30:58.706446,NewYork-b3d2,31,41,Normal
2026-02-15 15:30:59.706446,NewYork-b3d2,33,91,Normal
2026-02-15 15:31:00.706446,NewYork-b3d2,39,44,Normal
2026-02-15 15:31:01.706446,NewYork-b3d2,4,3,Normal
2026-02-15 15:31:02.706446,NewYork-b3d2,-10,47,Normal
2026-02-15 15:31:03.706446,NewYork-b3d2,44,7,Normal
2026-02-15 15:31:04.706446,NewYork-b3d2,49,95,Normal
2026-02-15 15:31:05.706446,NewYork-b3d2,-20,60,Normal
2026-02-15 15:31:06.706446,NewYork-b3d2,-23,92,Normal
2026-02-15 15:31:07.706446,NewYork-b3d2,23,3,Normal
2026-02-15 15:31:08.706446,NewYork-b3d2,5,27,Normal
2026-02-15 15:31:09.706446,NewYork-b3d2,19,86,Normal
2026-02-15 15:31:10.706446,NewYork-b3d2,-2,13,Normal
2026-02-15 15:31:11.706446,NewYork-b3d2,5,96,Normal
2026-02-15 15:31:12.706446,NewYork-b3d2,-3,12,Normal
2026-02-15 15:31:13.706446,NewYork-b3d2,25,10,Normal
2026-02-15 15:31:14.706446,NewYork-b3d2,-28,52,Normal
2026-02-15 15:31:15.706446,NewYork-b3d2,-16,35,Normal
2026-02-15 15:31:16.706446,NewYork-b3d2,5,19,Normal
2026-02-15 15:31:17.706446,NewYork-b3d2,-2,60,Normal
2026-02-15 15:31:18.706446,NewYork-b3d2,39,4,Normal
2026-02-15 15:31:19.706446,NewYork-b3d2,-9,67,Normal
2026-02-15 15:31:20.706446,NewYork-b3d2,20,36,Normal
2026-02-15 15:31:21.706446,NewYork-b3d2,-28,16,Normal
2026-02-15 15:31:22.706446,NewYork-b3d2,24,51,Normal
2026-02-15 15:31:23.706446,NewYork-b3d2,1,29,Normal
2026-02-15 15:31:24.706446,NewYork-b3d2,43,85,Normal
2026-02-15 15:31:25.706446,NewYork-b3d2,38,98,Normal
2026-02-15 15:31:26.706446,NewYork-b3d2,47,40,Normal
2026-02-15 15:31:27.706446,NewYork-b3d2,-11,52,Normal
2026-02-15 15:31:28.706446,NewYork-b3d2,-9,90,Normal
2026-02-15 15:31:29.706446,NewYork-b3d2,36,25,Normal
2026-02-15 15:31:30.706446,NewYork-b3d2,-12,89,Normal
2026-02-15 15:31:31.706446,NewYork-b3d2,41,45,Normal
2026-02-15 15:31:32.706446,NewYork-b3d2,8,82,Normal
2026-02-15 15:31:33.706446,NewYork-b3d2,26,58,Normal
2026-02-15 15:31:34.706446,NewYork-b3d2,-4,92,Normal
2026-02-15 15:31:35.706446,NewYork-b3d2,50,36,Normal
2026-02-15 15:31:36.706446,NewYork-b3d2,50,73,Normal
2026-02-15 15:31:37.706446,NewYork-b3d2,30,60,Normal
2026-02-15 15:31:38.706446,NewYork-b3d2,16,0,Normal
2026-02-15 15:31:39.706446,NewYork-b3d2,-26,13,Normal
2026-02-15 15:31:40.706446,NewYork-b3d2,24,36,Normal
2026-02-15 15:31:41.706446,NewYork-b3d2,45,86,Normal
2026-02-15 15:31:42.706446,NewYork-b3d2,25,59,Normal
2026-02-15 15:31:43.706446,NewYork-b3d2,44,51,Normal
2026-02-15 15:31:44.706446,NewYork-b3d2,-24,87,Normal
2026-02-15 15:31:45.706446,NewYork-b3d2,13,25,Normal
2026-02-15 15:31:46.706446,NewYork-b3d2,33,68,Normal
2026-02-15 15:31:47.706446,NewYork-b3d2,-23,31,Normal
2026-02-15 15:31:48.706446,NewYork-b3d2,-21,62,Normal
2026-02-15 15:31:49.706446,NewYork-b3d2,-29,68,Normal
2026-02-15 15:31:50.706446,NewYork-b3d2,-4,30,Normal
2026-02-15 15:31:51.706446,NewYork-b3d2,42,33,Normal
2026-02-15 15:31:52.706446,NewYork-b3d2,46,13,Normal
2026-02-15 15:31:53.706446,NewYork-b3d2,-5,3,Normal
2026-02-15 15:31:54.706446,NewYork-b3d2,-30,23,Normal
2026-02-15 15:31:55.706446,NewYork-b3d2,42,17,Normal
2026-02-15 15:31:56.706446,NewYork-b3d2,49,55,Normal
2026-02-15 15:31:57.706446,NewYork-b3d2,50,99,Normal
2026-02-15 15:31:58.706446,NewYork-b3d2,22,84,Normal
2026-02-15 15:31:59.706446,NewYork-b3d2,40,35,Normal
2026-02-15 15:32:00.706446,NewYork-b3d2,13,89,Normal
2026-02-15 15:32:01.706446,NewYork-b3d2,-18,32,Normal
2026-02-15 15:32:02.706446,NewYork-b3d2,42,54,Normal
2026-02-15 15:32:03.706446,NewYork-b3d2,15,65,Normal
2026-02-15 15:32:04.706446,NewYork-b3d2,1,65,Normal
2026-02-15 15:32:05.706446,NewYork-b3d2,24,11,Normal
2026-02-15 15:32:06.706446,NewYork-b3d2,-16,60,Normal
2026-02-15 15:32:07.706446,NewYork-b3d2,-5,33,Normal
2026-02-15 15:32:08.706446,NewYork-b3d2,-30,40,Normal
2026-02-15 15:32:09.706446,NewYork-b3d2,21,18,Normal
2026-02-15 15:32:10.706446,NewYork-b3d2,-26,30,Normal
2026-02-15 15:32:11.706446,NewYork-b3d2,-23,4,Normal
2026-02-15 15:32:12.706446,NewYork-b3d2,15,69,Normal
2026-02-15 15:32:13.706446,NewYork-b3d2,18,82,Normal
2026-02-15 15:32:14.706446,NewYork-b3d2,23,15,Normal
2026-02-15 15:32:15.706446,NewYork-b3d2,32,39,Normal
2026-02-15 15:32:16.706446,NewYork-b3d2,-25,73,Normal
2026-02-15 15:32:17.706446,NewYork-b3d2,46,84,Normal
2026-02-15 15:32:18.706446,NewYork-b3d2,3,88,Normal
2026-02-15 15:32:19.706446,NewYork-b3d2,21,38,Normal
2026-02-15 15:32:20.706446,NewYork-b3d2,1,32,Normal
2026-02-15 15:32:21.706446,NewYork-b3d2,16,37,Normal
2026-02-15 15:32:22.706446,NewYork-b3d2,33,85,Normal
2026-02-15 15:32:23.706446,NewYork-b3d2,-19,51,Normal
2026-02-15 15:32:24.706446,NewYork-b3d2,48,98,Normal
2026-02-15 15:32:25.706446,NewYork-b3d2,-22,85,Normal
2026-02-15 15:32:26.706446,NewYork-b3d2,6,80,Normal
2026-02-15 15:32:27.706446,NewYork-b3d2,-25,92,Normal
2026-02-15 15:32:28.706446,NewYork-b3d2,-11,83,Normal
2026-02-15 15:32:29.706446,NewYork-b3d2,42,74,Normal
2026-02-15 15:32:30.706446,NewYork-b3d2,-22,29,Normal
2026-02-15 15:32:31.706446,NewYork-b3d2,29,78,Normal
2026-02-15 15:32:32.706446,NewYork-b3d2,23,26,Normal
2026-02-15 15:32:33.706446,NewYork-b3d2,11,21,Normal
2026-02-15 15:32:34.706446,NewYork-b3d2,-26,32,Normal
2026-02-15 15:32:35.706446,NewYork-b3d2,35,17,Normal
2026-02-15 15:32:36.706446,NewYork-b3d2,-15,29,Normal
2026-02-15 15:32:37.706446,NewYork-b3d2,32,69,Normal
2026-02-15 15:32:38.706446,NewYork-b3d2,28,16,Normal
2026-02-15 15:32:39.706446,NewYork-b3d2,-28,16,Normal
2026-02-15 15:32:40.706446,NewYork-b3d2,7,25,Normal
2026-02-15 15:32:41.706446,NewYork-b3d2,27,14,Normal
2026-02-15 15:32:42.706446,NewYork-b3d2,46,65,Normal
2026-02-15 15:32:43.706446,NewYork-b3d2,-21,14,Normal
2026-02-15 15:32:44.706446,NewYork-b3d2,-29,27,Normal
2026-02-15 15:32:45.706446,NewYork-b3d2,18,63,Normal
2026-02-15 15:32:46.706446,NewYork-b3d2,-11,94,Normal
2026-02-15 15:32:47.706446,NewYork-b3d2,44,56,Normal
2026-02-15 15:32:48.706446,NewYork-b3d2,48,30,Normal
2026-02-15 15:32:49.706446,NewYork-b3d2,-3,68,Normal
2026-02-15 15:32:50.706446,NewYork-b3d2,45,0,Normal
2026-02-15 15:32:51.706446,NewYork-b3d2,33,21,Normal
2026-02-15 15:32:52.706446,NewYork-b3d2,11,82,Normal
2026-02-15 15:32:53.706446,NewYork-b3d2,19,44,Normal
2026-02-15 15:32:54.706446,NewYork-b3d2,-14,99,Normal
2026-02-15 15:32:55.706446,NewYork-b3d2,17,98,Normal
2026-02-15 15:32:56.706446,NewYork-b3d2,-1,0,Normal
2026-02-15 15:32:57.706446,NewYork-b3d2,-18,83,Normal
2026-02-15 15:32:58.706446,NewYork-b3d2,-23,91,Normal
2026-02-15 15:32:59.706446,NewYork-b3d2,21,2,Normal
2026-02-15 15:33:00.706446,NewYork-b3d2,41,31,Normal
2026-02-15 15:33:01.706446,NewYork-b3d2,-18,44,Normal
2026-02-15 15:33:02.706446,NewYork-b3d2,-24,21,Normal
2026-02-15 15:33:03.706446,NewYork-b3d2,-3,34,Normal
2026-02-15 15:33:04.706446,NewYork-b3d2,20,62,Normal
2026-02-15 15:33:05.706446,NewYork-b3d2,35,60,Normal
2026-02-15 15:33:06.706446,NewYork-b3d2,18,41,Normal
2026-02-15 15:33:07.706446,NewYork-b3d2,17,36,Normal
2026-02-15 15:33:08.706446,NewYork-b3d2,7,70,Normal
2026-02-15 15:33:09.706446,NewYork-b3d2,4,43,Normal
2026-02-15 15:33:10.706446,NewYork-b3d2,-13,5,Normal
2026-02-15 15:33:11.706446,NewYork-b3d2,23,63,Normal
2026-02-15 15:33:12.706446,NewYork-b3d2,33,30,Normal
2026-02-15 15:33:13.706446,NewYork-b3d2,28,76,Normal
2026-02-15 15:33:14.706446,NewYork-b3d2,18,27,Normal
2026-02-15 15:33:15.706446,NewYork-b3d2,48,33,Normal
2026-02-15 15:33:16.706446,NewYork-b3d2,-18,10,Normal
2026-02-15 15:33:17.706446,NewYork-b3d2,38,97,Normal
2026-02-15 15:33:18.706446,NewYork-b3d2,-2,21,Normal
2026-02-15 15:33:19.706446,NewYork-b3d2,-10,39,Normal
2026-02-15 15:33:20.706446,NewYork-b3d2,-9,84,Normal
2026-02-15 15:33:21.706446,NewYork-b3d2,-5,68,Normal
2026-02-15 15:33:22.706446,NewYork-b3d2,2,75,Normal
2026-02-15 15:33:23.706446,NewYork-b3d2,-7,18,Normal
2026-02-15 15:33:24.706446,NewYork-b3d2,33,9,Normal
2026-02-15 15:33:25.706446,NewYork-b3d2,-19,16,Normal
2026-02-15 15:33:26.706446,NewYork-b3d2,34,20,Normal
2026-02-15 15:33:27.706446,NewYork-b3d2,-24,98,Normal
2026-02-15 15:33:28.706446,NewYork-b3d2,3,41,Normal
2026-02-15 15:33:29.706446,NewYork-b3d2,32,85,Normal
2026-02-15 15:33:30.706446,NewYork-b3d2,9,32,Normal
2026-02-15 15:33:31.706446,NewYork-b3d2,7,45,Normal
2026-02-15 15:33:32.706446,NewYork-b3d2,9,44,Normal
2026-02-15 15:33:33.706446,NewYork-b3d2,48,56,Normal
2026-02-15 15:33:34.706446,NewYork-b3d2,-7,66,Normal
2026-02-15 15:33:35.706446,NewYork-b3d2,-23,6,Normal
2026-02-15 15:33:36.706446,NewYork-b3d2,14,64,Normal
2026-02-15 15:33:37.706446,NewYork-b3d2,-30,38,Normal
2026-02-15 15:33:38.706446,NewYork-b3d2,12,57,Normal
2026-02-15 15:33:39.706446,NewYork-b3d2,41,22,Normal
2026-02-15 15:33:40.706446,NewYork-b3d2,17,84,Normal
2026-02-15 15:33:41.706446,NewYork-b3d2,-22,89,Normal
2026-02-15 15:33:42.706446,NewYork-b3d2,22,23,Normal
2026-02-15 15:33:43.706446,NewYork-b3d2,43,1,Normal
2026-02-15 15:33:44.706446,NewYork-b3d2,10,54,Normal
2026-02-15 15:33:45.706446,NewYork-b3d2,50,66,Normal
2026-02-15 15:33:46.706446,NewYork-b3d2,-13,35,Normal
2026-02-15 15:33:47.706446,NewYork-b3d2,1,98,Normal
2026-02-15 15:33:48.706446,NewYork-b3d2,-10,38,Normal
2026-02-15 15:33:49.706446,NewYork-b3d2,-24,10,Normal
2026-02-15 15:33:50.706446,NewYork-b3d2,26,31,Normal
2026-02-15 15:33:51.706446,NewYork-b3d2,6,1,Normal
2026-02-15 15:33:52.706446,NewYork-b3d2,16,20,Normal
2026-02-15 15:33:53.706446,NewYork-b3d2,28,68,Normal
2026-02-15 15:33:54.706446,NewYork-b3d2,48,99,Normal
2026-02-15 15:33:55.706446,NewYork-b3d2,-13,79,Normal
2026-02-15 15:33:56.706446,NewYork-b3d2,42,84,Normal
2026-02-15 15:33:57.706446,NewYork-b3d2,31,51,Normal
2026-02-15 15:33:58.706446,NewYork-b3d2,20,32,Normal
2026-02-15 15:33:59.706446,NewYork-b3d2,22,67,Normal
2026-02-15 15:34:00.706446,NewYork-b3d2,46,23,Normal
2026-02-15 15:34:01.706446,NewYork-b3d2,-4,37,Normal
2026-02-15 15:34:02.706446,NewYork-b3d2,-2,29,Normal
2026-02-15 15:34:03.706446,NewYork-b3d2,26,76,Normal
2026-02-15 15:34:04.706446,NewYork-b3d2,-20,77,Normal
2026-02-15 15:34:05.706446,NewYork-b3d2,-2,87,Normal
2026-02-15 15:34:06.706446,NewYork-b3d2,1,59,Normal
2026-02-15 15:34:07.706446,NewYork-b3d2,13,88,Normal
2026-02-15 15:34:08.706446,NewYork-b3d2,2,67,Normal
2026-02-15 15:34:09.706446,NewYork-b3d2,37,95,Normal
2026-02-15 15:34:10.706446,NewYork-b3d2,28,40,Normal
2026-02-15 15:34:11.706446,NewYork-b3d2,-26,37,Normal
2026-02-15 15:34:12.706446,NewYork-b3d2,24,79,Normal
2026-02-15 15:34:13.706446,NewYork-b3d2,9,11,Normal
2026-02-15 15:34:14.706446,NewYork-b3d2,-9,88,Normal
2026-02-15 15:34:15.706446,NewYork-b3d2,-13,32,Normal
2026-02-15 15:34:16.706446,NewYork-b3d2,5,87,Normal
2026-02-15 15:34:17.706446,NewYork-b3d2,43,85,Normal
2026-02-15 15:34:18.706446,NewYork-b3d2,-3,69,Normal
2026-02-15 15:34:19.706446,NewYork-b3d2,-14,8,Normal
2026-02-15 15:34:20.706446,NewYork-b3d2,-4,29,Normal
2026-02-15 15:34:21.706446,NewYork-b3d2,-22,72,Normal
2026-02-15 15:34:22.706446,NewYork-b3d2,17,47,Normal
2026-02-15 15:34:23.706446,NewYork-b3d2,13,87,Normal
2026-02-15 15:34:24.706446,NewYork-b3d2,44,66,Normal
2026-02-15 15:34:25.706446,NewYork-b3d2,-29,56,Normal
2026-02-15 15:34:26.706446,NewYork-b3d2,44,96,Normal
2026-02-15 15:34:27.706446,NewYork-b3d2,43,61,Normal
2026-02-15 15:34:28.706446,NewYork-b3d2,17,61,Normal
2026-02-15 15:34:29.706446,NewYork-b3d2,-10,24,Normal
2026-02-15 15:34:30.706446,NewYork-b3d2,13,53,Normal
2026-02-15 15:34:31.706446,NewYork-b3d2,-27,12,Normal
2026-02-15 15:34:32.706446,NewYork-b3d2,-8,79,Normal
2026-02-15 15:34:33.706446,NewYork-b3d2,15,30,Normal
2026-02-15 15:34:34.706446,NewYork-b3d2,-30,25,Normal
2026-02-15 15:34:35.706446,NewYork-b3d2,-26,83,Normal
2026-02-15 15:34:36.706446,NewYork-b3d2,-25,65,Normal
2026-02-15 15:34:37.706446,NewYork-b3d2,-1,54,Normal
2026-02-15 15:34:38.706446,NewYork-b3d2,12,44,Normal
2026-02-15 15:34:39.706446,NewYork-b3d2,-17,10,Normal
2026-02-15 15:34:40.706446,NewYork-b3d2,25,6,Normal
2026-02-15 15:34:41.706446,NewYork-b3d2,-6,82,Normal
2026-02-15 15:34:42.706446,NewYork-b3d2,42,54,Normal
2026-02-15 15:34:43.706446,NewYork-b3d2,36,6,Normal
2026-02-15 15:34:44.706446,NewYork-b3d2,40,62,Normal
2026-02-15 15:34:45.706446,NewYork-b3d2,10,94,Normal
2026-02-15 15:34:46.706446,NewYork-b3d2,23,52,Normal
2026-02-15 15:34:47.706446,NewYork-b3d2,47,61,Normal
2026-02-15 15:34:48.706446,NewYork-b3d2,11,19,Normal
2026-02-15 15:34:49.706446,NewYork-b3d2,-28,1,Normal
2026-02-15 15:34:50.706446,NewYork-b3d2,6,83,Normal
2026-02-15 15:34:51.706446,NewYork-b3d2,41,71,Normal
2026-02-15 15:34:52.706446,NewYork-b3d2,49,59,Normal
2026-02-15 15:34:53.706446,NewYork-b3d2,35,65,Normal
2026-02-15 15:34:54.706446,NewYork-b3d2,-12,12,Normal
2026-02-15 15:34:55.706446,NewYork-b3d2,43,100,Normal
2026-02-15 15:34:56.706446,NewYork-b3d2,-30,80,Normal
2026-02-15 15:34:57.706446,NewYork-b3d2,3,78,Normal
2026-02-15 15:34:58.706446,NewYork-b3d2,25,92,Normal
2026-02-15 15:34:59.706446,NewYork-b3d2,50,83,Normal
2026-02-15 15:35:00.706446,NewYork-b3d2,-11,78,Normal
2026-02-15 15:35:01.706446,NewYork-b3d2,1,92,Normal
2026-02-15 15:35:02.706446,NewYork-b3d2,-4,86,Normal
2026-02-15 15:35:03.706446,NewYork-b3d2,-4,14,Normal
2026-02-15 15:35:04.706446,NewYork-b3d2,14,61,Normal
2026-02-15 15:35:05.706446,NewYork-b3d2,16,10,Normal
2026-02-15 15:35:06.706446,NewYork-b3d2,42,23,Normal
2026-02-15 15:35:07.706446,NewYork-b3d2,35,77,Normal
2026-02-15 15:35:08.706446,NewYork-b3d2,2,61,Normal
2026-02-15 15:35:09.706446,NewYork-b3d2,-7,87,Normal
2026-02-15 15:35:10.706446,NewYork-b3d2,40,2,Normal
2026-02-15 15:35:11.706446,NewYork-b3d2,-16,90,Normal
2026-02-15 15:35:12.706446,NewYork-b3d2,36,14,Normal
2026-02-15 15:35:13.706446,NewYork-b3d2,1,83,Normal
2026-02-15 15:35:14.706446,NewYork-b3d2,-21,19,Normal
2026-02-15 15:35:15.706446,NewYork-b3d2,26,12,Normal
2026-02-15 15:35:16.706446,NewYork-b3d2,33,40,Normal
2026-02-15 15:35:17.706446,NewYork-b3d2,29,9,Normal
2026-02-15 15:35:18.706446,NewYork-b3d2,24,82,Normal
2026-02-15 15:35:19.706446,NewYork-b3d2,31,98,Normal
2026-02-15 15:35:20.706446,NewYork-b3d2,2,82,Normal
2026-02-15 15:35:21.706446,NewYork-b3d2,28,82,Normal
2026-02-15 15:35:22.706446,NewYork-b3d2,16,83,Normal
2026-02-15 15:35:23.706446,NewYork-b3d2,43,29,Normal
2026-02-15 15:35:24.706446,NewYork-b3d2,-24,49,Normal
2026-02-15 15:35:25.706446,NewYork-b3d2,29,25,Normal
2026-02-15 15:35:26.706446,NewYork-b3d2,-18,50,Normal
2026-02-15 15:35:27.706446,NewYork-b3d2,-22,82,Normal
2026-02-15 15:35:28.706446,NewYork-b3d2,31,8,Normal
2026-02-15 15:35:29.706446,NewYork-b3d2,24,96,Normal
2026-02-15 15:35:30.706446,NewYork-b3d2,-14,31,Normal
2026-02-15 15:35:31.706446,NewYork-b3d2,-14,64,Normal
2026-02-15 15:35:32.706446,NewYork-b3d2,42,20,Normal
2026-02-15 15:35:33.706446,NewYork-b3d2,5,42,Normal
2026-02-15 15:35:34.706446,NewYork-b3d2,-3,59,Normal
2026-02-15 15:35:35.706446,NewYork-b3d2,49,43,Normal
2026-02-15 15:35:36.706446,NewYork-b3d2,24,71,Normal
2026-02-15 15:35:37.706446,NewYork-b3d2,19,42,Normal
2026-02-15 15:35:38.706446,NewYork-b3d2,5,36,Normal
2026-02-15 15:35:39.706446,NewYork-b3d2,-6,65,Normal
2026-02-15 15:35:40.706446,NewYork-b3d2,-8,59,Normal
2026-02-15 15:35:41.706446,NewYork-b3d2,-2,55,Normal
2026-02-15 15:35:42.706446,NewYork-b3d2,49,0,Normal
2026-02-15 15:35:43.706446,NewYork-b3d2,2,68,Normal
2026-02-15 15:35:44.706446,NewYork-b3d2,-6,70,Normal
2026-02-15 15:35:45.706446,NewYork-b3d2,4,40,Normal
2026-02-15 15:35:46.706446,NewYork-b3d2,-17,1,Normal
2026-02-15 15:35:47.706446,NewYork-b3d2,50,4,Normal
2026-02-15 15:35:48.706446,NewYork-b3d2,5,44,Normal
2026-02-15 15:35:49.706446,NewYork-b3d2,29,34,Normal
2026-02-15 15:35:50.706446,NewYork-b3d2,8,74,Normal
2026-02-15 15:35:51.706446,NewYork-b3d2,32,56,Normal
2026-02-15 15:35:52.706446,NewYork-b3d2,-27,64,Normal
2026-02-15 15:35:53.706446,NewYork-b3d2,45,81,Normal
2026-02-15 15:35:54.706446,NewYork-b3d2,31,22,Normal
2026-02-15 15:35:55.706446,NewYork-b3d2,50,32,Normal
2026-02-15 15:35:56.706446,NewYork-b3d2,34,16,Normal
2026-02-15 15:35:57.706446,NewYork-b3d2,50,26,Normal
2026-02-15 15:35:58.706446,NewYork-b3d2,0,26,Normal
2026-02-15 15:35:59.706446,NewYork-b3d2,-11,79,Normal
2026-02-15 15:36:00.706446,NewYork-b3d2,41,51,Normal
2026-02-15 15:36:01.706446,NewYork-b3d2,3,56,Normal
2026-02-15 15:36:02.706446,NewYork-b3d2,-16,7,Normal
2026-02-15 15:36:03.706446,NewYork-b3d2,45,25,Normal
2026-02-15 15:36:04.706446,NewYork-b3d2,-24,82,Normal
2026-02-15 15:36:05.706446,NewYork-b3d2,-20,27,Normal
2026-02-15 15:36:06.706446,NewYork-b3d2,18,25,Normal
2026-02-15 15:36:07.706446,NewYork-b3d2,21,22,Normal
2026-02-15 15:36:08.706446,NewYork-b3d2,8,15,Normal
2026-02-15 15:36:09.706446,NewYork-b3d2,-12,59,Normal
2026-02-15 15:36:10.706446,NewYork-b3d2,38,95,Normal
2026-02-15 15:36:11.706446,NewYork-b3d2,19,12,Normal
2026-02-15 15:36:12.706446,NewYork-b3d2,-6,27,Normal
2026-02-15 15:36:13.706446,NewYork-b3d2,-4,96,Normal
2026-02-15 15:36:14.706446,NewYork-b3d2,-4,43,Normal
2026-02-15 15:36:15.706446,NewYork-b3d2,37,24,Normal
2026-02-15 15:36:16.706446,NewYork-b3d2,-27,4,Normal
2026-02-15 15:36:17.706446,NewYork-b3d2,29,49,Normal
2026-02-15 15:36:18.706446,NewYork-b3d2,-20,93,Normal
2026-02-15 15:36:19.706446,NewYork-b3d2,-24,48,Normal
2026-02-15 15:36:20.706446,NewYork-b3d2,-22,67,Normal
2026-02-15 15:36:21.706446,NewYork-b3d2,-23,66,Normal
2026-02-15 15:36:22.706446,NewYork-b3d2,-14,41,Normal
2026-02-15 15:36:23.706446,NewYork-b3d2,48,62,Normal
2026-02-15 15:36:24.706446,NewYork-b3d2,-29,17,Normal
2026-02-15 15:36:25.706446,NewYork-b3d2,39,61,Normal
2026-02-15 15:36:26.706446,NewYork-b3d2,3,71,Normal
2026-02-15 15:36:27.706446,NewYork-b3d2,-25,42,Normal
2026-02-15 15:36:28.706446,NewYork-b3d2,-28,27,Normal
2026-02-15 15:36:29.706446,NewYork-b3d2,-9,44,Normal
2026-02-15 15:36:30.706446,NewYork-b3d2,-22,19,Normal
2026-02-15 15:36:31.706446,NewYork-b3d2,-21,53,Normal
2026-02-15 15:36:32.706446,NewYork-b3d2,-12,13,Normal
2026-02-15 15:36:33.706446,NewYork-b3d2,20,36,Normal
2026-02-15 15:36:34.706446,NewYork-b3d2,45,65,Normal
2026-02-15 15:36:35.706446,NewYork-b3d2,47,63,Normal
2026-02-15 15:36:36.706446,NewYork-b3d2,2,22,Normal
2026-02-15 15:36:37.706446,NewYork-b3d2,-25,94,Normal
2026-02-15 15:36:38.706446,NewYork-b3d2,6,47,Normal
2026-02-15 15:36:39.706446,NewYork-b3d2,-26,46,Normal
2026-02-15 15:36:40.706446,NewYork-b3d2,35,11,Normal
2026-02-15 15:36:41.706446,NewYork-b3d2,-16,12,Normal
2026-02-15 15:36:42.706446,NewYork-b3d2,-9,66,Normal
2026-02-15 15:36:43.706446,NewYork-b3d2,34,43,Normal
2026-02-15 15:36:44.706446,NewYork-b3d2,-7,79,Normal
2026-02-15 15:36:45.706446,NewYork-b3d2,21,82,Normal
2026-02-15 15:36:46.706446,NewYork-b3d2,-22,62,Normal
2026-02-15 15:36:47.706446,NewYork-b3d2,11,57,Normal
2026-02-15 15:36:48.706446,NewYork-b3d2,45,96,Normal
2026-02-15 15:36:49.706446,NewYork-b3d2,-13,91,Normal
2026-02-15 15:36:50.706446,NewYork-b3d2,-14,89,Normal
2026-02-15 15:36:51.706446,NewYork-b3d2,37,20,Normal
2026-02-15 15:36:52.706446,NewYork-b3d2,22,47,Normal
2026-02-15 15:36:53.706446,NewYork-b3d2,-1,71,Normal
2026-02-15 15:36:54.706446,NewYork-b3d2,14,8,Normal
2026-02-15 15:36:55.706446,NewYork-b3d2,5,51,Normal
2026-02-15 15:36:56.706446,NewYork-b3d2,37,1,Normal
2026-02-15 15:36:57.706446,NewYork-b3d2,44,63,Normal
2026-02-15 15:36:58.706446,NewYork-b3d2,-7,53,Normal
2026-02-15 15:36:59.706446,NewYork-b3d2,-25,94,Normal
2026-02-15 15:37:00.706446,NewYork-b3d2,5,85,Normal
2026-02-15 15:37:01.706446,NewYork-b3d2,1,27,Normal
2026-02-15 15:37:02.706446,NewYork-b3d2,-27,91,Normal
2026-02-15 15:37:03.706446,NewYork-b3d2,49,46,Normal
2026-02-15 15:37:04.706446,NewYork-b3d2,-23,58,Normal
2026-02-15 15:37:05.706446,NewYork-b3d2,38,99,Normal
2026-02-15 15:37:06.706446,NewYork-b3d2,-19,83,Normal
2026-02-15 15:37:07.706446,NewYork-b3d2,-13,98,Normal
2026-02-15 15:37:08.706446,NewYork-b3d2,-1,72,Normal
2026-02-15 15:37:09.706446,NewYork-b3d2,32,85,Normal
2026-02-15 15:37:10.706446,NewYork-b3d2,48,25,Normal
2026-02-15 15:37:11.706446,NewYork-b3d2,15,76,Normal
2026-02-15 15:37:12.706446,NewYork-b3d2,-29,41,Normal
2026-02-15 15:37:13.706446,NewYork-b3d2,24,79,Normal
2026-02-15 15:37:14.706446,NewYork-b3d2,50,82,Normal
2026-02-15 15:37:15.706446,NewYork-b3d2,39,8,Normal
2026-02-15 15:37:16.706446,NewYork-b3d2,48,44,Normal
2026-02-15 15:37:17.706446,NewYork-b3d2,12,13,Normal
2026-02-15 15:37:18.706446,NewYork-b3d2,2,66,Normal
2026-02-15 15:37:19.706446,NewYork-b3d2,-3,6,Normal
2026-02-15 15:37:20.706446,NewYork-b3d2,43,97,Normal
2026-02-15 15:37:21.706446,NewYork-b3d2,24,53,Normal
2026-02-15 15:37:22.706446,NewYork-b3d2,-24,72,Normal
2026-02-15 15:37:23.706446,NewYork-b3d2,44,62,Normal
2026-02-15 15:37:24.706446,NewYork-b3d2,31,73,Normal
2026-02-15 15:37:25.706446,NewYork-b3d2,-18,83,Normal
2026-02-15 15:37:26.706446,NewYork-b3d2,33,19,Normal
2026-02-15 15:37:27.706446,NewYork-b3d2,-11,40,Normal
2026-02-15 15:37:28.706446,NewYork-b3d2,8,52,Normal
2026-02-15 15:37:29.706446,NewYork-b3d2,-9,28,Normal
2026-02-15 15:37:30.706446,NewYork-b3d2,43,4,Normal
2026-02-15 15:37:31.706446,NewYork-b3d2,16,78,Normal
2026-02-15 15:37:32.706446,NewYork-b3d2,18,86,Normal
2026-02-15 15:37:33.706446,NewYork-b3d2,-1,42,Normal
2026-02-15 15:37:34.706446,NewYork-b3d2,35,44,Normal
2026-02-15 15:37:35.706446,NewYork-b3d2,6,27,Normal
2026-02-15 15:37:36.706446,NewYork-b3d2,34,26,Normal
2026-02-15 15:37:37.706446,NewYork-b3d2,-6,11,Normal
2026-02-15 15:37:38.706446,NewYork-b3d2,-7,29,Normal
2026-02-15 15:37:39.706446,NewYork-b3d2,1,3,Normal
2026-02-15 15:37:40.706446,NewYork-b3d2,-20,91,Normal
2026-02-15 15:37:41.706446,NewYork-b3d2,-26,5,Normal
2026-02-15 15:37:42.706446,NewYork-b3d2,0,82,Normal
2026-02-15 15:37:43.706446,NewYork-b3d2,-27,63,Normal
2026-02-15 15:37:44.706446,NewYork-b3d2,22,94,Normal
2026-02-15 15:37:45.706446,NewYork-b3d2,-5,95,Normal
2026-02-15 15:37:46.706446,NewYork-b3d2,32,28,Normal
2026-02-15 15:37:47.706446,NewYork-b3d2,-2,31,Normal
2026-02-15 15:37:48.706446,NewYork-b3d2,-4,88,Normal
2026-02-15 15:37:49.706446,NewYork-b3d2,33,40,Normal
2026-02-15 15:37:50.706446,NewYork-b3d2,45,29,Normal
2026-02-15 15:37:51.706446,NewYork-b3d2,31,49,Normal
2026-02-15 15:37:52.706446,NewYork-b3d2,43,24,Normal
2026-02-15 15:37:53.706446,NewYork-b3d2,9,31,Normal
2026-02-15 15:37:54.706446,NewYork-b3d2,-19,45,Normal
2026-02-15 15:37:55.706446,NewYork-b3d2,24,57,Normal
2026-02-15 15:37:56.706446,NewYork-b3d2,5,71,Normal
2026-02-15 15:37:57.706446,NewYork-b3d2,15,42,Normal
2026-02-15 15:37:58.706446,NewYork-b3d2,42,12,Normal
2026-02-15 15:37:59.706446,NewYork-b3d2,46,45,Normal
2026-02-15 15:38:00.706446,NewYork-b3d2,-19,56,Normal
2026-02-15 15:38:01.706446,NewYork-b3d2,-11,48,Normal
2026-02-15 15:38:02.706446,NewYork-b3d2,14,74,Normal
2026-02-15 15:38:03.706446,NewYork-b3d2,-5,87,Normal
2026-02-15 15:38:04.706446,NewYork-b3d2,1,19,Normal
2026-02-15 15:38:05.706446,NewYork-b3d2,-19,63,Normal
2026-02-15 15:38:06.706446,NewYork-b3d2,-8,53,Normal
2026-02-15 15:38:07.706446,NewYork-b3d2,-12,40,Normal
2026-02-15 15:38:08.706446,NewYork-b3d2,1,12,Normal
2026-02-15 15:38:09.706446,NewYork-b3d2,7,50,Normal
2026-02-15 15:38:10.706446,NewYork-b3d2,-9,7,Normal
2026-02-15 15:38:11.706446,NewYork-b3d2,49,34,Normal
2026-02-15 15:38:12.706446,NewYork-b3d2,-11,72,Normal
2026-02-15 15:38:13.706446,NewYork-b3d2,-12,78,Normal
2026-02-15 15:38:14.706446,NewYork-b3d2,9,37,Normal
2026-02-15 15:38:15.706446,NewYork-b3d2,25,65,Normal
2026-02-15 15:38:16.706446,NewYork-b3d2,14,5,Normal
2026-02-15 15:38:17.706446,NewYork-b3d2,14,97,Normal
2026-02-15 15:38:18.706446,NewYork-b3d2,8,69,Normal
2026-02-15 15:38:19.706446,NewYork-b3d2,8,43,Normal
2026-02-15 15:38:20.706446,NewYork-b3d2,-29,60,Normal
2026-02-15 15:38:21.706446,NewYork-b3d2,-27,65,Normal
2026-02-15 15:38:22.706446,NewYork-b3d2,7,87,Normal
2026-02-15 15:38:23.706446,NewYork-b3d2,-9,87,Normal
2026-02-15 15:38:24.706446,NewYork-b3d2,-7,18,Normal
2026-02-15 15:38:25.706446,NewYork-b3d2,23,78,Normal
2026-02-15 15:38:26.706446,NewYork-b3d2,-14,72,Normal
2026-02-15 15:38:27.706446,NewYork-b3d2,-8,72,Normal
2026-02-15 15:38:28.706446,NewYork-b3d2,-13,73,Normal
2026-02-15 15:38:29.706446,NewYork-b3d2,20,51,Normal
2026-02-15 15:38:30.706446,NewYork-b3d2,7,78,Normal
2026-02-15 15:38:31.706446,NewYork-b3d2,-14,35,Normal
2026-02-15 15:38:32.706446,NewYork-b3d2,-16,44,Normal
2026-02-15 15:38:33.706446,NewYork-b3d2,14,34,Normal
2026-02-15 15:38:34.706446,NewYork-b3d2,-22,31,Normal
2026-02-15 15:38:35.706446,NewYork-b3d2,0,9,Normal
2026-02-15 15:38:36.706446,NewYork-b3d2,-1,95,Normal
2026-02-15 15:38:37.706446,NewYork-b3d2,-6,83,Normal
2026-02-15 15:38:38.706446,NewYork-b3d2,-29,40,Normal
2026-02-15 15:38:39.706446,NewYork-b3d2,12,26,Normal
2026-02-15 15:38:40.706446,NewYork-b3d2,-7,19,Normal
2026-02-15 15:38:41.706446,NewYork-b3d2,-12,91,Normal
2026-02-15 15:38:42.706446,NewYork-b3d2,11,78,Normal
2026-02-15 15:38:43.706446,NewYork-b3d2,32,3,Normal
2026-02-15 15:38:44.706446,NewYork-b3d2,-12,94,Normal
2026-02-15 15:38:45.706446,NewYork-b3d2,-17,58,Normal
2026-02-15 15:38:46.706446,NewYork-b3d2,-2,29,Normal
2026-02-15 15:38:47.706446,NewYork-b3d2,11,71,Normal
2026-02-15 15:38:48.706446,NewYork-b3d2,10,55,Normal
2026-02-15 15:38:49.706446,NewYork-b3d2,21,65,Normal
2026-02-15 15:38:50.706446,NewYork-b3d2,-30,77,Normal
2026-02-15 15:38:51.706446,NewYork-b3d2,40,13,Normal
2026-02-15 15:38:52.706446,NewYork-b3d2,-26,62,Normal
2026-02-15 15:38:53.706446,NewYork-b3d2,2,55,Normal
2026-02-15 15:38:54.706446,NewYork-b3d2,41,75,Normal
2026-02-15 15:38:55.706446,NewYork-b3d2,35,99,Normal
2026-02-15 15:38:56.706446,NewYork-b3d2,27,53,Normal
2026-02-15 15:38:57.706446,NewYork-b3d2,38,18,Normal
2026-02-15 15:38:58.706446,NewYork-b3d2,-28,34,Normal
2026-02-15 15:38:59.706446,NewYork-b3d2,-11,64,Normal
2026-02-15 15:39:00.706446,NewYork-b3d2,31,73,Normal
2026-02-15 15:39:01.706446,NewYork-b3d2,15,96,Normal
2026-02-15 15:39:02.706446,NewYork-b3d2,35,42,Normal
2026-02-15 15:39:03.706446,NewYork-b3d2,30,67,Normal
2026-02-15 15:39:04.706446,NewYork-b3d2,25,57,Normal
2026-02-15 15:39:05.706446,NewYork-b3d2,-9,42,Normal
2026-02-15 15:39:06.706446,NewYork-b3d2,13,50,Normal
2026-02-15 15:39:07.706446,NewYork-b3d2,49,8,Normal
2026-02-15 15:39:08.706446,NewYork-b3d2,-23,84,Normal
2026-02-15 15:39:09.706446,NewYork-b3d2,48,49,Normal
2026-02-15 15:39:10.706446,NewYork-b3d2,39,69,Normal
2026-02-15 15:39:11.706446,NewYork-b3d2,21,37,Normal
2026-02-15 15:39:12.706446,NewYork-b3d2,26,58,Normal
2026-02-15 15:39:13.706446,NewYork-b3d2,22,52,Normal
2026-02-15 15:39:14.706446,NewYork-b3d2,2,13,Normal
2026-02-15 15:39:15.706446,NewYork-b3d2,33,17,Normal
2026-02-15 15:39:16.706446,NewYork-b3d2,-12,48,Normal
2026-02-15 15:39:17.706446,NewYork-b3d2,-1,67,Normal
2026-02-15 15:39:18.706446,NewYork-b3d2,7,74,Normal
2026-02-15 15:39:19.706446,NewYork-b3d2,9,25,Normal
2026-02-15 15:39:20.706446,NewYork-b3d2,-26,57,Normal
2026-02-15 15:39:21.706446,NewYork-b3d2,-7,48,Normal
2026-02-15 15:39:22.706446,NewYork-b3d2,31,58,Normal
2026-02-15 15:39:23.706446,NewYork-b3d2,-28,15,Normal
2026-02-15 15:39:24.706446,NewYork-b3d2,-1,17,Normal
2026-02-15 15:39:25.706446,NewYork-b3d2,15,67,Normal
2026-02-15 15:39:26.706446,NewYork-b3d2,29,99,Normal
2026-02-15 15:39:27.706446,NewYork-b3d2,-12,39,Normal
2026-02-15 15:39:28.706446,NewYork-b3d2,-25,17,Normal
2026-02-15 15:39:29.706446,NewYork-b3d2,-2,83,Normal
2026-02-15 15:39:30.706446,NewYork-b3d2,15,22,Normal
2026-02-15 15:39:31.706446,NewYork-b3d2,49,98,Normal
2026-02-15 15:39:32.706446,NewYork-b3d2,-5,84,Normal
2026-02-15 15:39:33.706446,NewYork-b3d2,50,59,Normal
2026-02-15 15:39:34.706446,NewYork-b3d2,11,25,Normal
2026-02-15 15:39:35.706446,NewYork-b3d2,4,26,Normal
2026-02-15 15:39:36.706446,NewYork-b3d2,41,26,Normal
2026-02-15 15:39:37.706446,NewYork-b3d2,-17,39,Normal
2026-02-15 15:39:38.706446,NewYork-b3d2,2,80,Normal
2026-02-15 15:39:39.706446,NewYork-b3d2,12,23,Normal
2026-02-15 15:39:40.706446,NewYork-b3d2,45,95,Normal
2026-02-15 15:39:41.706446,NewYork-b3d2,21,9,Normal
2026-02-15 15:39:42.706446,NewYork-b3d2,2,35,Normal
2026-02-15 15:39:43.706446,NewYork-b3d2,32,47,Normal
2026-02-15 15:39:44.706446,NewYork-b3d2,46,37,Normal
2026-02-15 15:39:45.706446,NewYork-b3d2,-28,11,Normal
2026-02-15 15:39:46.706446,NewYork-b3d2,29,40,Normal
2026-02-15 15:39:47.706446,NewYork-b3d2,-25,55,Normal
2026-02-15 15:39:48.706446,NewYork-b3d2,-17,54,Normal
2026-02-15 15:39:49.706446,NewYork-b3d2,8,56,Normal
2026-02-15 15:39:50.706446,NewYork-b3d2,45,69,Normal
2026-02-15 15:39:51.706446,NewYork-b3d2,44,92,Normal
2026-02-15 15:39:52.706446,NewYork-b3d2,36,69,Normal
2026-02-15 15:39:53.706446,NewYork-b3d2,43,43,Normal
2026-02-15 15:39:54.706446,NewYork-b3d2,-7,82,Normal
2026-02-15 15:39:55.706446,NewYork-b3d2,-6,73,Normal
2026-02-15 15:39:56.706446,NewYork-b3d2,-1,85,Normal
2026-02-15 15:39:57.706446,NewYork-b3d2,-9,38,Normal
2026-02-15 15:39:58.706446,NewYork-b3d2,-15,16,Normal
2026-02-15 15:39:59.706446,NewYork-b3d2,-25,99,Normal
2026-02-15 15:40:00.706446,NewYork-b3d2,29,28,Normal
2026-02-15 15:40:01.706446,NewYork-b3d2,-9,72,Normal
2026-02-15 15:40:02.706446,NewYork-b3d2,13,66,Normal
2026-02-15 15:40:03.706446,NewYork-b3d2,-25,100,Normal
2026-02-15 15:40:04.706446,NewYork-b3d2,11,18,Normal
2026-02-15 15:40:05.706446,NewYork-b3d2,-4,49,Normal
2026-02-15 15:40:06.706446,NewYork-b3d2,38,20,Normal
2026-02-15 15:40:07.706446,NewYork-b3d2,21,20,Normal
2026-02-15 15:40:08.706446,NewYork-b3d2,6,1,Normal
2026-02-15 15:40:09.706446,NewYork-b3d2,49,66,Normal
2026-02-15 15:40:10.706446,NewYork-b3d2,-4,39,Normal
2026-02-15 15:40:11.706446,NewYork-b3d2,28,80,Normal
2026-02-15 15:40:12.706446,NewYork-b3d2,47,1,Normal
2026-02-15 15:40:13.706446,NewYork-b3d2,-30,99,Normal
2026-02-15 15:40:14.706446,NewYork-b3d2,-15,87,Normal
2026-02-15 15:40:15.706446,NewYork-b3d2,-24,6,Normal
2026-02-15 15:40:16.706446,NewYork-b3d2,16,18,Normal
2026-02-15 15:40:17.706446,NewYork-b3d2,27,59,Normal
2026-02-15 15:40:18.706446,NewYork-b3d2,-20,95,Normal
2026-02-15 15:40:19.706446,NewYork-b3d2,21,27,Normal
2026-02-15 15:40:20.706446,NewYork-b3d2,-8,59,Normal
2026-02-15 15:40:21.706446,NewYork-b3d2,18,2,Normal
2026-02-15 15:40:22.706446,NewYork-b3d2,1,1,Normal
2026-02-15 15:40:23.706446,NewYork-b3d2,22,17,Normal
2026-02-15 15:40:24.706446,NewYork-b3d2,-5,100,Normal
2026-02-15 15:40:25.706446,NewYork-b3d2,18,10,Normal
2026-02-15 15:40:26.706446,NewYork-b3d2,10,75,Normal
2026-02-15 15:40:27.706446,NewYork-b3d2,40,81,Normal
2026-02-15 15:40:28.706446,NewYork-b3d2,17,61,Normal
2026-02-15 15:40:29.706446,NewYork-b3d2,36,32,Normal
2026-02-15 15:40:30.706446,NewYork-b3d2,-30,82,Normal
2026-02-15 15:40:31.706446,NewYork-b3d2,43,18,Normal
2026-02-15 15:40:32.706446,NewYork-b3d2,4,54,Normal
2026-02-15 15:40:33.706446,NewYork-b3d2,43,22,Normal
2026-02-15 15:40:34.706446,NewYork-b3d2,24,83,Normal
2026-02-15 15:40:35.706446,NewYork-b3d2,12,40,Normal
2026-02-15 15:40:36.706446,NewYork-b3d2,-8,57,Normal
2026-02-15 15:40:37.706446,NewYork-b3d2,-23,63,Normal
2026-02-15 15:40:38.706446,NewYork-b3d2,50,90,Normal
2026-02-15 15:40:39.706446,NewYork-b3d2,39,42,Normal
2026-02-15 15:40:40.706446,NewYork-b3d2,4,12,Normal
2026-02-15 15:40:41.706446,NewYork-b3d2,15,66,Normal
2026-02-15 15:40:42.706446,NewYork-b3d2,16,35,Normal
2026-02-15 15:40:43.706446,NewYork-b3d2,-3,99,Normal
2026-02-15 15:40:44.706446,NewYork-b3d2,-3,45,Normal
2026-02-15 15:40:45.706446,NewYork-b3d2,38,55,Normal
2026-02-15 15:40:46.706446,NewYork-b3d2,-4,88,Normal
2026-02-15 15:40:47.706446,NewYork-b3d2,25,1,Normal
2026-02-15 15:40:48.706446,NewYork-b3d2,-20,9,Normal
2026-02-15 15:40:49.706446,NewYork-b3d2,18,6,Normal
2026-02-15 15:40:50.706446,NewYork-b3d2,-3,70,Normal
2026-02-15 15:40:51.706446,NewYork-b3d2,12,81,Normal
2026-02-15 15:40:52.706446,NewYork-b3d2,9,77,Normal
2026-02-15 15:40:53.706446,NewYork-b3d2,30,12,Normal
2026-02-15 15:40:54.706446,NewYork-b3d2,8,87,Normal
2026-02-15 15:40:55.706446,NewYork-b3d2,22,89,Normal
2026-02-15 15:40:56.706446,NewYork-b3d2,24,16,Normal
2026-02-15 15:40:57.706446,NewYork-b3d2,-10,9,Normal
2026-02-15 15:40:58.706446,NewYork-b3d2,-29,5,Normal
2026-02-15 15:40:59.706446,NewYork-b3d2,-19,93,Normal
2026-02-15 15:41:00.706446,NewYork-b3d2,10,14,Normal
2026-02-15 15:41:01.706446,NewYork-b3d2,23,19,Normal
2026-02-15 15:41:02.706446,NewYork-b3d2,30,57,Normal
2026-02-15 15:41:03.706446,NewYork-b3d2,-22,75,Normal
2026-02-15 15:41:04.706446,NewYork-b3d2,-10,93,Normal
2026-02-15 15:41:05.706446,NewYork-b3d2,-15,42,Normal
2026-02-15 15:41:06.706446,NewYork-b3d2,-12,22,Normal
2026-02-15 15:41:07.706446,NewYork-b3d2,11,83,Normal
2026-02-15 15:41:08.706446,NewYork-b3d2,47,35,Normal
2026-02-15 15:41:09.706446,NewYork-b3d2,-10,40,Normal
2026-02-15 15:41:10.706446,NewYork-b3d2,-27,34,Normal
2026-02-15 15:41:11.706446,NewYork-b3d2,28,73,Normal
2026-02-15 15:41:12.706446,NewYork-b3d2,-8,19,Normal
2026-02-15 15:41:13.706446,NewYork-b3d2,8,37,Normal
2026-02-15 15:41:14.706446,NewYork-b3d2,48,72,Normal
2026-02-15 15:41:15.706446,NewYork-b3d2,-16,57,Normal
2026-02-15 15:41:16.706446,NewYork-b3d2,-16,41,Normal
2026-02-15 15:41:17.706446,NewYork-b3d2,10,85,Normal
2026-02-15 15:41:18.706446,NewYork-b3d2,43,13,Normal
2026-02-15 15:41:19.706446,NewYork-b3d2,-2,24,Normal
2026-02-15 15:41:20.706446,NewYork-b3d2,44,34,Normal
2026-02-15 15:41:21.706446,NewYork-b3d2,32,36,Normal
2026-02-15 15:41:22.706446,NewYork-b3d2,19,67,Normal
2026-02-15 15:41:23.706446,NewYork-b3d2,23,84,Normal
2026-02-15 15:41:24.706446,NewYork-b3d2,50,20,Normal
2026-02-15 15:41:25.706446,NewYork-b3d2,-17,16,Normal
2026-02-15 15:41:26.706446,NewYork-b3d2,43,49,Normal
2026-02-15 15:41:27.706446,NewYork-b3d2,-16,58,Normal
2026-02-15 15:41:28.706446,NewYork-b3d2,6,77,Normal
2026-02-15 15:41:29.706446,NewYork-b3d2,-17,30,Normal
2026-02-15 15:41:30.706446,NewYork-b3d2,9,59,Normal
2026-02-15 15:41:31.706446,NewYork-b3d2,32,83,Normal
2026-02-15 15:41:32.706446,NewYork-b3d2,41,51,Normal
2026-02-15 15:41:33.706446,NewYork-b3d2,-28,74,Normal
2026-02-15 15:41:34.706446,NewYork-b3d2,-17,40,Normal
2026-02-15 15:41:35.706446,NewYork-b3d2,37,8,Normal
2026-02-15 15:41:36.706446,NewYork-b3d2,21,37,Normal
2026-02-15 15:41:37.706446,NewYork-b3d2,-22,65,Normal
2026-02-15 15:41:38.706446,NewYork-b3d2,27,79,Normal
2026-02-15 15:41:39.706446,NewYork-b3d2,-2,98,Normal
2026-02-15 15:41:40.706446,NewYork-b3d2,19,10,Normal
2026-02-15 15:41:41.706446,NewYork-b3d2,26,90,Normal
2026-02-15 15:41:42.706446,NewYork-b3d2,8,68,Normal
2026-02-15 15:41:43.706446,NewYork-b3d2,17,90,Normal
2026-02-15 15:41:44.706446,NewYork-b3d2,-10,38,Normal
2026-02-15 15:41:45.706446,NewYork-b3d2,31,72,Normal
2026-02-15 15:41:46.706446,NewYork-b3d2,26,66,Normal
2026-02-15 15:41:47.706446,NewYork-b3d2,46,61,Normal
2026-02-15 15:41:48.706446,NewYork-b3d2,-6,58,Normal
2026-02-15 15:41:49.706446,NewYork-b3d2,38,71,Normal
2026-02-15 15:41:50.706446,NewYork-b3d2,-3,14,Normal
2026-02-15 15:41:51.706446,NewYork-b3d2,35,33,Normal
2026-02-15 15:41:52.706446,NewYork-b3d2,-24,76,Normal
2026-02-15 15:41:53.706446,NewYork-b3d2,42,86,Normal
2026-02-15 15:41:54.706446,NewYork-b3d2,32,57,Normal
2026-02-15 15:41:55.706446,NewYork-b3d2,-27,20,Normal
2026-02-15 15:41:56.706446,NewYork-b3d2,10,12,Normal
2026-02-15 15:41:57.706446,NewYork-b3d2,24,53,Normal
2026-02-15 15:41:58.706446,NewYork-b3d2,35,10,Normal
2026-02-15 15:41:59.706446,NewYork-b3d2,-4,69,Normal
2026-02-15 15:42:00.706446,NewYork-b3d2,15,99,Normal
2026-02-15 15:42:01.706446,NewYork-b3d2,50,87,Normal
2026-02-15 15:42:02.706446,NewYork-b3d2,39,86,Normal
2026-02-15 15:42:03.706446,NewYork-b3d2,-9,12,Normal
2026-02-15 15:42:04.706446,NewYork-b3d2,47,91,Normal
2026-02-15 15:42:05.706446,NewYork-b3d2,48,27,Normal
2026-02-15 15:42:06.706446,NewYork-b3d2,-1,28,Normal
2026-02-15 15:42:07.706446,NewYork-b3d2,18,57,Normal
2026-02-15 15:42:08.706446,NewYork-b3d2,34,62,Normal
2026-02-15 15:42:09.706446,NewYork-b3d2,3,99,Normal
2026-02-15 15:42:10.706446,NewYork-b3d2,23,51,Normal
2026-02-15 15:42:11.706446,NewYork-b3d2,44,83,Normal
2026-02-15 15:42:12.706446,NewYork-b3d2,-30,98,Normal
2026-02-15 15:42:13.706446,NewYork-b3d2,43,32,Normal
2026-02-15 15:42:14.706446,NewYork-b3d2,-1,79,Normal
2026-02-15 15:42:15.706446,NewYork-b3d2,12,50,Normal
2026-02-15 15:42:16.706446,NewYork-b3d2,-2,14,Normal
2026-02-15 15:42:17.706446,NewYork-b3d2,-9,74,Normal
2026-02-15 15:42:18.706446,NewYork-b3d2,45,18,Normal
2026-02-15 15:42:19.706446,NewYork-b3d2,24,62,Normal
2026-02-15 15:42:20.706446,NewYork-b3d2,12,88,Normal
2026-02-15 15:42:21.706446,NewYork-b3d2,-15,46,Normal
2026-02-15 15:42:22.706446,NewYork-b3d2,23,58,Normal
2026-02-15 15:42:23.706446,NewYork-b3d2,46,12,Normal
2026-02-15 15:42:24.706446,NewYork-b3d2,-18,78,Normal
2026-02-15 15:42:25.706446,NewYork-b3d2,46,27,Normal
2026-02-15 15:42:26.706446,NewYork-b3d2,43,11,Normal
2026-02-15 15:42:27.706446,NewYork-b3d2,-11,30,Normal
2026-02-15 15:42:28.706446,NewYork-b3d2,-18,51,Normal
2026-02-15 15:42:29.706446,NewYork-b3d2,-19,73,Normal
2026-02-15 15:42:30.706446,NewYork-b3d2,24,9,Normal
2026-02-15 15:42:31.706446,NewYork-b3d2,23,34,Normal
2026-02-15 15:42:32.706446,NewYork-b3d2,44,78,Normal
2026-02-15 15:42:33.706446,NewYork-b3d2,0,39,Normal
2026-02-15 15:42:34.706446,NewYork-b3d2,21,76,Normal
2026-02-15 15:42:35.706446,NewYork-b3d2,8,81,Normal
2026-02-15 15:42:36.706446,NewYork-b3d2,44,81,Normal
2026-02-15 15:42:37.706446,NewYork-b3d2,50,11,Normal
2026-02-15 15:42:38.706446,NewYork-b3d2,-26,72,Normal
2026-02-15 15:42:39.706446,NewYork-b3d2,21,70,Normal
2026-02-15 15:42:40.706446,NewYork-b3d2,-15,89,Normal
2026-02-15 15:42:41.706446,NewYork-b3d2,15,21,Normal
2026-02-15 15:42:42.706446,NewYork-b3d2,-6,0,Normal
2026-02-15 15:42:43.706446,NewYork-b3d2,4,3,Normal
2026-02-15 15:42:44.706446,NewYork-b3d2,-29,63,Normal
2026-02-15 15:42:45.706446,NewYork-b3d2,-28,42,Normal
2026-02-15 15:42:46.706446,NewYork-b3d2,43,75,Normal
2026-02-15 15:42:47.706446,NewYork-b3d2,7,31,Normal
2026-02-15 15:42:48.706446,NewYork-b3d2,24,76,Normal
2026-02-15 15:42:49.706446,NewYork-b3d2,-6,95,Normal
2026-02-15 15:42:50.706446,NewYork-b3d2,-25,24,Normal
2026-02-15 15:42:51.706446,NewYork-b3d2,-4,47,Normal
2026-02-15 15:42:52.706446,NewYork-b3d2,48,68,Normal
2026-02-15 15:42:53.706446,NewYork-b3d2,6,49,Normal
2026-02-15 15:42:54.706446,NewYork-b3d2,38,57,Normal
2026-02-15 15:42:55.706446,NewYork-b3d2,-12,55,Normal
2026-02-15 15:42:56.706446,NewYork-b3d2,-30,82,Normal
2026-02-15 15:42:57.706446,NewYork-b3d2,46,19,Normal
2026-02-15 15:42:58.706446,NewYork-b3d2,36,58,Normal
2026-02-15 15:42:59.706446,NewYork-b3d2,-15,19,Normal
2026-02-15 15:43:00.706446,NewYork-b3d2,-15,74,Normal
2026-02-15 15:43:01.706446,NewYork-b3d2,25,81,Normal
2026-02-15 15:43:02.706446,NewYork-b3d2,12,24,Normal
2026-02-15 15:43:03.706446,NewYork-b3d2,-15,81,Normal
2026-02-15 15:43:04.706446,NewYork-b3d2,-21,84,Normal
2026-02-15 15:43:05.706446,NewYork-b3d2,38,2,Normal
2026-02-15 15:43:06.706446,NewYork-b3d2,21,82,Normal
2026-02-15 15:43:07.706446,NewYork-b3d2,34,78,Normal
2026-02-15 15:43:08.706446,NewYork-b3d2,-24,8,Normal
2026-02-15 15:43:09.706446,NewYork-b3d2,12,12,Normal
2026-02-15 15:43:10.706446,NewYork-b3d2,20,22,Normal
2026-02-15 15:43:11.706446,NewYork-b3d2,-24,31,Normal
2026-02-15 15:43:12.706446,NewYork-b3d2,0,61,Normal
2026-02-15 15:43:13.706446,NewYork-b3d2,22,63,Normal
2026-02-15 15:43:14.706446,NewYork-b3d2,32,59,Normal
2026-02-15 15:43:15.706446,NewYork-b3d2,40,2,Normal
2026-02-15 15:43:16.706446,NewYork-b3d2,3,37,Normal
2026-02-15 15:43:17.706446,NewYork-b3d2,-28,67,Normal
2026-02-15 15:43:18.706446,NewYork-b3d2,-16,61,Normal
2026-02-15 15:43:19.706446,NewYork-b3d2,29,8,Normal
2026-02-15 15:43:20.706446,NewYork-b3d2,0,21,Normal
2026-02-15 15:43:21.706446,NewYork-b3d2,-24,6,Normal
2026-02-15 15:43:22.706446,NewYork-b3d2,38,86,Normal
2026-02-15 15:43:23.706446,NewYork-b3d2,-24,87,Normal
2026-02-15 15:43:24.706446,NewYork-b3d2,-4,79,Normal
2026-02-15 15:43:25.706446,NewYork-b3d2,-19,22,Normal
2026-02-15 15:43:26.706446,NewYork-b3d2,24,34,Normal
2026-02-15 15:43:27.706446,NewYork-b3d2,-7,82,Normal
2026-02-15 15:43:28.706446,NewYork-b3d2,42,50,Normal
2026-02-15 15:43:29.706446,NewYork-b3d2,29,0,Normal
2026-02-15 15:43:30.706446,NewYork-b3d2,-20,53,Normal
2026-02-15 15:43:31.706446,NewYork-b3d2,-1,45,Normal
2026-02-15 15:43:32.706446,NewYork-b3d2,46,54,Normal
2026-02-15 15:43:33.706446,NewYork-b3d2,4,46,Normal
2026-02-15 15:43:34.706446,NewYork-b3d2,-23,7,Normal
2026-02-15 15:43:35.706446,NewYork-b3d2,-25,1,Normal
2026-02-15 15:43:36.706446,NewYork-b3d2,-27,27,Normal
2026-02-15 15:43:37.706446,NewYork-b3d2,-29,52,Normal
2026-02-15 15:43:38.706446,NewYork-b3d2,-9,57,Normal
2026-02-15 15:43:39.706446,NewYork-b3d2,-7,93,Normal
2026-02-15 15:43:40.706446,NewYork-b3d2,-21,8,Normal
2026-02-15 15:43:41.706446,NewYork-b3d2,19,19,Normal
2026-02-15 15:43:42.706446,NewYork-b3d2,29,48,Normal
2026-02-15 15:43:43.706446,NewYork-b3d2,31,9,Normal
2026-02-15 15:43:44.706446,NewYork-b3d2,35,87,Normal
2026-02-15 15:43:45.706446,NewYork-b3d2,27,77,Normal
2026-02-15 15:43:46.706446,NewYork-b3d2,-15,29,Normal
2026-02-15 15:43:47.706446,NewYork-b3d2,3,94,Normal
2026-02-15 15:43:48.706446,NewYork-b3d2,49,48,Normal
2026-02-15 15:43:49.706446,NewYork-b3d2,-20,65,Normal
2026-02-15 15:43:50.706446,NewYork-b3d2,25,5,Normal
2026-02-15 15:43:51.706446,NewYork-b3d2,34,91,Normal
2026-02-15 15:43:52.706446,NewYork-b3d2,-10,25,Normal
2026-02-15 15:43:53.706446,NewYork-b3d2,-25,28,Normal
2026-02-15 15:43:54.706446,NewYork-b3d2,9,34,Normal
2026-02-15 15:43:55.706446,NewYork-b3d2,25,98,Normal
2026-02-15 15:43:56.706446,NewYork-b3d2,12,35,Normal
2026-02-15 15:43:57.706446,NewYork-b3d2,11,54,Normal
2026-02-15 15:43:58.706446,NewYork-b3d2,22,88,Normal
2026-02-15 15:43:59.706446,NewYork-b3d2,-6,39,Normal
2026-02-15 15:44:00.706446,NewYork-b3d2,45,14,Normal
2026-02-15 15:44:01.706446,NewYork-b3d2,24,88,Normal
2026-02-15 15:44:02.706446,NewYork-b3d2,20,57,Normal
2026-02-15 15:44:03.706446,NewYork-b3d2,5,69,Normal
2026-02-15 15:44:04.706446,NewYork-b3d2,-21,83,Normal
2026-02-15 15:44:05.706446,NewYork-b3d2,10,36,Normal
2026-02-15 15:44:06.706446,NewYork-b3d2,1,48,Normal
2026-02-15 15:44:07.706446,NewYork-b3d2,28,70,Normal
2026-02-15 15:44:08.706446,NewYork-b3d2,19,12,Normal
2026-02-15 15:44:09.706446,NewYork-b3d2,-29,57,Normal
2026-02-15 15:44:10.706446,NewYork-b3d2,25,98,Normal
2026-02-15 15:44:11.706446,NewYork-b3d2,42,61,Normal
2026-02-15 15:44:12.706446,NewYork-b3d2,6,86,Normal
2026-02-15 15:44:13.706446,NewYork-b3d2,-25,91,Normal
2026-02-15 15:44:14.706446,NewYork-b3d2,-14,77,Normal
2026-02-15 15:44:15.706446,NewYork-b3d2,-16,70,Normal
2026-02-15 15:44:16.706446,NewYork-b3d2,-3,89,Normal
2026-02-15 15:44:17.706446,NewYork-b3d2,19,85,Normal
2026-02-15 15:44:18.706446,NewYork-b3d2,5,60,Normal
2026-02-15 15:44:19.706446,NewYork-b3d2,29,76,Normal
2026-02-15 15:44:20.706446,NewYork-b3d2,33,50,Normal
2026-02-15 15:44:21.706446,NewYork-b3d2,18,53,Normal
2026-02-15 15:44:22.706446,NewYork-b3d2,29,98,Normal
2026-02-15 15:44:23.706446,NewYork-b3d2,-25,2,Normal
2026-02-15 15:44:24.706446,NewYork-b3d2,6,17,Normal
2026-02-15 15:44:25.706446,NewYork-b3d2,23,90,Normal
2026-02-15 15:44:26.706446,NewYork-b3d2,0,18,Normal
2026-02-15 15:44:27.706446,NewYork-b3d2,-19,11,Normal
2026-02-15 15:44:28.706446,NewYork-b3d2,37,56,Normal
2026-02-15 15:44:29.706446,NewYork-b3d2,6,56,Normal
2026-02-15 15:44:30.706446,NewYork-b3d2,34,28,Normal
2026-02-15 15:44:31.706446,NewYork-b3d2,-1,71,Normal
2026-02-15 15:44:32.706446,NewYork-b3d2,42,26,Normal
2026-02-15 15:44:33.706446,NewYork-b3d2,36,59,Normal
2026-02-15 15:44:34.706446,NewYork-b3d2,-10,7,Normal
2026-02-15 15:44:35.706446,NewYork-b3d2,32,44,Normal
2026-02-15 15:44:36.706446,NewYork-b3d2,22,35,Normal
2026-02-15 15:44:37.706446,NewYork-b3d2,-17,9,Normal
2026-02-15 15:44:38.706446,NewYork-b3d2,-25,26,Normal
2026-02-15 15:44:39.706446,NewYork-b3d2,17,78,Normal
2026-02-15 15:44:40.706446,NewYork-b3d2,-18,91,Normal
2026-02-15 15:44:41.706446,NewYork-b3d2,20,65,Normal
2026-02-15 15:44:42.706446,NewYork-b3d2,35,9,Normal
2026-02-15 15:44:43.706446,NewYork-b3d2,6,82,Normal
2026-02-15 15:44:44.706446,NewYork-b3d2,15,64,Normal
2026-02-15 15:44:45.706446,NewYork-b3d2,-4,49,Normal
2026-02-15 15:44:46.706446,NewYork-b3d2,40,54,Normal
2026-02-15 15:44:47.706446,NewYork-b3d2,47,72,Normal
2026-02-15 15:44:48.706446,NewYork-b3d2,47,66,Normal
2026-02-15 15:44:49.706446,NewYork-b3d2,38,10,Normal
2026-02-15 15:44:50.706446,NewYork-b3d2,-6,61,Normal
2026-02-15 15:44:51.706446,NewYork-b3d2,19,80,Normal
2026-02-15 15:44:52.706446,NewYork-b3d2,41,93,Normal
2026-02-15 15:44:53.706446,NewYork-b3d2,-21,17,Normal
2026-02-15 15:44:54.706446,NewYork-b3d2,-28,47,Normal
2026-02-15 15:44:55.706446,NewYork-b3d2,45,34,Normal
2026-02-15 15:44:56.706446,NewYork-b3d2,38,14,Normal
2026-02-15 15:44:57.706446,NewYork-b3d2,36,2,Normal
2026-02-15 15:44:58.706446,NewYork-b3d2,26,33,Normal
2026-02-15 15:44:59.706446,NewYork-b3d2,23,8,Normal
2026-02-15 15:45:00.706446,NewYork-b3d2,8,48,Normal
2026-02-15 15:45:01.706446,NewYork-b3d2,6,51,Normal
2026-02-15 15:45:02.706446,NewYork-b3d2,3,68,Normal
2026-02-15 15:45:03.706446,NewYork-b3d2,36,56,Normal
2026-02-15 15:45:04.706446,NewYork-b3d2,-13,94,Normal
2026-02-15 15:45:05.706446,NewYork-b3d2,14,93,Normal
2026-02-15 15:45:06.706446,NewYork-b3d2,16,49,Normal
2026-02-15 15:45:07.706446,NewYork-b3d2,40,58,Normal
2026-02-15 15:45:08.706446,NewYork-b3d2,16,15,Normal
2026-02-15 15:45:09.706446,NewYork-b3d2,-6,47,Normal
2026-02-15 15:45:10.706446,NewYork-b3d2,25,51,Normal
2026-02-15 15:45:11.706446,NewYork-b3d2,-3,33,Normal
2026-02-15 15:45:12.706446,NewYork-b3d2,46,40,Normal
2026-02-15 15:45:13.706446,NewYork-b3d2,-18,93,Normal
2026-02-15 15:45:14.706446,NewYork-b3d2,-27,49,Normal
2026-02-15 15:45:15.706446,NewYork-b3d2,20,57,Normal
2026-02-15 15:45:16.706446,NewYork-b3d2,-10,10,Normal
2026-02-15 15:45:17.706446,NewYork-b3d2,10,33,Normal
2026-02-15 15:45:18.706446,NewYork-b3d2,48,21,Normal
2026-02-15 15:45:19.706446,NewYork-b3d2,38,19,Normal
2026-02-15 15:45:20.706446,NewYork-b3d2,-4,36,Normal
2026-02-15 15:45:21.706446,NewYork-b3d2,-22,61,Normal
2026-02-15 15:45:22.706446,NewYork-b3d2,-25,52,Normal
2026-02-15 15:45:23.706446,NewYork-b3d2,28,74,Normal
2026-02-15 15:45:24.706446,NewYork-b3d2,-5,91,Normal
2026-02-15 15:45:25.706446,NewYork-b3d2,-29,18,Normal
2026-02-15 15:45:26.706446,NewYork-b3d2,19,76,Normal
2026-02-15 15:45:27.706446,NewYork-b3d2,42,39,Normal
2026-02-15 15:45:28.706446,NewYork-b3d2,27,69,Normal
2026-02-15 15:45:29.706446,NewYork-b3d2,-24,60,Normal
2026-02-15 15:45:30.706446,NewYork-b3d2,37,79,Normal
2026-02-15 15:45:31.706446,NewYork-b3d2,-19,86,Normal
2026-02-15 15:45:32.706446,NewYork-b3d2,46,3,Normal
2026-02-15 15:45:33.706446,NewYork-b3d2,24,1,Normal
2026-02-15 15:45:34.706446,NewYork-b3d2,-14,5,Normal
2026-02-15 15:45:35.706446,NewYork-b3d2,35,97,Normal
2026-02-15 15:45:36.706446,NewYork-b3d2,48,50,Normal
2026-02-15 15:45:37.706446,NewYork-b3d2,22,9,Normal
2026-02-15 15:45:38.706446,NewYork-b3d2,-5,18,Normal
2026-02-15 15:45:39.706446,NewYork-b3d2,14,66,Normal
2026-02-15 15:45:40.706446,NewYork-b3d2,40,65,Normal
2026-02-15 15:45:41.706446,NewYork-b3d2,-8,23,Normal
2026-02-15 15:45:42.706446,NewYork-b3d2,-19,9,Normal
2026-02-15 15:45:43.706446,NewYork-b3d2,11,27,Normal
2026-02-15 15:45:44.706446,NewYork-b3d2,10,70,Normal
2026-02-15 15:45:45.706446,NewYork-b3d2,-23,36,Normal
2026-02-15 15:45:46.706446,NewYork-b3d2,2,1,Normal
2026-02-15 15:45:47.706446,NewYork-b3d2,17,70,Normal
2026-02-15 15:45:48.706446,NewYork-b3d2,-1,31,Normal
2026-02-15 15:45:49.706446,NewYork-b3d2,-9,85,Normal
2026-02-15 15:45:50.706446,NewYork-b3d2,33,46,Normal
2026-02-15 15:45:51.706446,NewYork-b3d2,-18,75,Normal
2026-02-15 15:45:52.706446,NewYork-b3d2,34,65,Normal
2026-02-15 15:45:53.706446,NewYork-b3d2,22,68,Normal
2026-02-15 15:45:54.706446,NewYork-b3d2,-10,91,Normal
2026-02-15 15:45:55.706446,NewYork-b3d2,33,48,Normal
2026-02-15 15:45:56.706446,NewYork-b3d2,47,57,Normal
2026-02-15 15:45:57.706446,NewYork-b3d2,29,52,Normal
2026-02-15 15:45:58.706446,NewYork-b3d2,-28,62,Normal
2026-02-15 15:45:59.706446,NewYork-b3d2,-22,68,Normal
2026-02-15 15:46:00.706446,NewYork-b3d2,41,92,Normal
2026-02-15 15:46:01.706446,NewYork-b3d2,27,79,Normal
2026-02-15 15:46:02.706446,NewYork-b3d2,-29,6,Normal
2026-02-15 15:46:03.706446,NewYork-b3d2,12,88,Normal
2026-02-15 15:46:04.706446,NewYork-b3d2,-14,8,Normal
2026-02-15 15:46:05.706446,NewYork-b3d2,18,49,Normal
2026-02-15 15:46:06.706446,NewYork-b3d2,-3,68,Normal
2026-02-15 15:46:07.706446,NewYork-b3d2,-27,33,Normal
2026-02-15 15:46:08.706446,NewYork-b3d2,-18,56,Normal
2026-02-15 15:46:09.706446,NewYork-b3d2,6,84,Normal
2026-02-15 15:46:10.706446,NewYork-b3d2,18,5,Normal
2026-02-15 15:46:11.706446,NewYork-b3d2,-2,79,Normal
2026-02-15 15:46:12.706446,NewYork-b3d2,-7,5,Normal
2026-02-15 15:46:13.706446,NewYork-b3d2,-22,40,Normal
2026-02-15 15:46:14.706446,NewYork-b3d2,20,80,Normal
2026-02-15 15:46:15.706446,NewYork-b3d2,-5,70,Normal
2026-02-15 15:46:16.706446,NewYork-b3d2,31,59,Normal
2026-02-15 15:46:17.706446,NewYork-b3d2,-22,86,Normal
2026-02-15 15:46:18.706446,NewYork-b3d2,-17,95,Normal
2026-02-15 15:46:19.706446,NewYork-b3d2,35,70,Normal
2026-02-15 15:46:20.706446,NewYork-b3d2,31,70,Normal
2026-02-15 15:46:21.706446,NewYork-b3d2,29,30,Normal
2026-02-15 15:46:22.706446,NewYork-b3d2,-15,5,Normal
2026-02-15 15:46:23.706446,NewYork-b3d2,6,55,Normal
2026-02-15 15:46:24.706446,NewYork-b3d2,30,28,Normal
2026-02-15 15:46:25.706446,NewYork-b3d2,1,100,Normal
2026-02-15 15:46:26.706446,NewYork-b3d2,31,84,Normal
2026-02-15 15:46:27.706446,NewYork-b3d2,17,96,Normal
2026-02-15 15:46:28.706446,NewYork-b3d2,44,47,Normal
2026-02-15 15:46:29.706446,NewYork-b3d2,21,98,Normal
2026-02-15 15:46:30.706446,NewYork-b3d2,-9,70,Normal
2026-02-15 15:46:31.706446,NewYork-b3d2,18,42,Normal
2026-02-15 15:46:32.706446,NewYork-b3d2,17,72,Normal
2026-02-15 15:46:33.706446,NewYork-b3d2,2,50,Normal
2026-02-15 15:46:34.706446,NewYork-b3d2,15,31,Normal
2026-02-15 15:46:35.706446,NewYork-b3d2,23,35,Normal
2026-02-15 15:46:36.706446,NewYork-b3d2,17,74,Normal
2026-02-15 15:46:37.706446,NewYork-b3d2,-9,20,Normal
2026-02-15 15:46:38.706446,NewYork-b3d2,41,73,Normal
2026-02-15 15:46:39.706446,NewYork-b3d2,4,39,Normal
2026-02-15 15:46:40.706446,NewYork-b3d2,-6,98,Normal
2026-02-15 15:46:41.706446,NewYork-b3d2,24,80,Normal
2026-02-15 15:46:42.706446,NewYork-b3d2,48,81,Normal
2026-02-15 15:46:43.706446,NewYork-b3d2,23,39,Normal
2026-02-15 15:46:44.706446,NewYork-b3d2,0,30,Normal
2026-02-15 15:46:45.706446,NewYork-b3d2,-28,47,Normal
2026-02-15 15:46:46.706446,NewYork-b3d2,-28,2,Normal
2026-02-15 15:46:47.706446,NewYork-b3d2,30,65,Normal
2026-02-15 15:46:48.706446,NewYork-b3d2,46,63,Normal
2026-02-15 15:46:49.706446,NewYork-b3d2,23,44,Normal
2026-02-15 15:46:50.706446,NewYork-b3d2,-2,51,Normal
2026-02-15 15:46:51.706446,NewYork-b3d2,27,73,Normal
2026-02-15 15:46:52.706446,NewYork-b3d2,3,24,Normal
2026-02-15 15:46:53.706446,NewYork-b3d2,16,45,Normal
2026-02-15 15:46:54.706446,NewYork-b3d2,29,64,Normal
2026-02-15 15:46:55.706446,NewYork-b3d2,25,66,Normal
2026-02-15 15:46:56.706446,NewYork-b3d2,-18,18,Normal
2026-02-15 15:46:57.706446,NewYork-b3d2,-1,97,Normal
2026-02-15 15:46:58.706446,NewYork-b3d2,1,24,Normal
2026-02-15 15:46:59.706446,NewYork-b3d2,43,4,Normal
2026-02-15 15:47:00.706446,NewYork-b3d2,46,46,Normal
2026-02-15 15:47:01.706446,NewYork-b3d2,30,58,Normal
2026-02-15 15:47:02.706446,NewYork-b3d2,-25,69,Normal
2026-02-15 15:47:03.706446,NewYork-b3d2,29,73,Normal
2026-02-15 15:47:04.706446,NewYork-b3d2,-20,34,Normal
2026-02-15 15:47:05.706446,NewYork-b3d2,8,95,Normal
2026-02-15 15:47:06.706446,NewYork-b3d2,12,3,Normal
2026-02-15 15:47:07.706446,NewYork-b3d2,36,34,Normal
2026-02-15 15:47:08.706446,NewYork-b3d2,-22,89,Normal
2026-02-15 15:47:09.706446,NewYork-b3d2,39,53,Normal
2026-02-15 15:47:10.706446,NewYork-b3d2,48,90,Normal
2026-02-15 15:47:11.706446,NewYork-b3d2,11,64,Normal
2026-02-15 15:47:12.706446,NewYork-b3d2,-28,97,Normal
2026-02-15 15:47:13.706446,NewYork-b3d2,-30,43,Normal
2026-02-15 15:47:14.706446,NewYork-b3d2,-7,97,Normal
2026-02-15 15:47:15.706446,NewYork-b3d2,26,70,Normal
2026-02-15 15:47:16.706446,NewYork-b3d2,-18,56,Normal
2026-02-15 15:47:17.706446,NewYork-b3d2,7,3,Normal
2026-02-15 15:47:18.706446,NewYork-b3d2,2,13,Normal
2026-02-15 15:47:19.706446,NewYork-b3d2,21,30,Normal
2026-02-15 15:47:20.706446,NewYork-b3d2,-15,59,Normal
2026-02-15 15:47:21.706446,NewYork-b3d2,-16,81,Normal
2026-02-15 15:47:22.706446,NewYork-b3d2,36,89,Normal
2026-02-15 15:47:23.706446,NewYork-b3d2,-22,49,Normal
2026-02-15 15:47:24.706446,NewYork-b3d2,49,60,Normal
2026-02-15 15:47:25.706446,NewYork-b3d2,23,69,Normal
2026-02-15 15:47:26.706446,NewYork-b3d2,11,8,Normal
2026-02-15 15:47:27.706446,NewYork-b3d2,11,97,Normal
2026-02-15 15:47:28.706446,NewYork-b3d2,-9,19,Normal
2026-02-15 15:47:29.706446,NewYork-b3d2,-22,21,Normal
2026-02-15 15:47:30.706446,NewYork-b3d2,8,14,Normal
2026-02-15 15:47:31.706446,NewYork-b3d2,22,76,Normal
2026-02-15 15:47:32.706446,NewYork-b3d2,0,73,Normal
2026-02-15 15:47:33.706446,NewYork-b3d2,-25,0,Normal
2026-02-15 15:47:34.706446,NewYork-b3d2,49,11,Normal
2026-02-15 15:47:35.706446,NewYork-b3d2,-15,3,Normal
2026-02-15 15:47:36.706446,NewYork-b3d2,25,47,Normal
2026-02-15 15:47:37.706446,NewYork-b3d2,-30,2,Normal
2026-02-15 15:47:38.706446,NewYork-b3d2,-27,80,Normal
2026-02-15 15:47:39.706446,NewYork-b3d2,36,61,Normal
2026-02-15 15:47:40.706446,NewYork-b3d2,28,57,Normal
2026-02-15 15:47:41.706446,NewYork-b3d2,0,97,Normal
2026-02-15 15:47:42.706446,NewYork-b3d2,-17,67,Normal
2026-02-15 15:47:43.706446,NewYork-b3d2,20,94,Normal
2026-02-15 15:47:44.706446,NewYork-b3d2,-27,87,Normal
2026-02-15 15:47:45.706446,NewYork-b3d2,46,71,Normal
2026-02-15 15:47:46.706446,NewYork-b3d2,-5,66,Normal
2026-02-15 15:47:47.706446,NewYork-b3d2,42,23,Normal
2026-02-15 15:47:48.706446,NewYork-b3d2,20,47,Normal
2026-02-15 15:47:49.706446,NewYork-b3d2,5,26,Normal
2026-02-15 15:47:50.706446,NewYork-b3d2,-13,100,Normal
2026-02-15 15:47:51.706446,NewYork-b3d2,-19,44,Normal
2026-02-15 15:47:52.706446,NewYork-b3d2,19,96,Normal
2026-02-15 15:47:53.706446,NewYork-b3d2,36,78,Normal
2026-02-15 15:47:54.706446,NewYork-b3d2,1,61,Normal
2026-02-15 15:47:55.706446,NewYork-b3d2,29,28,Normal
2026-02-15 15:47:56.706446,NewYork-b3d2,26,89,Normal
2026-02-15 15:47:57.706446,NewYork-b3d2,-21,66,Normal
2026-02-15 15:47:58.706446,NewYork-b3d2,15,72,Normal
2026-02-15 15:47:59.706446,NewYork-b3d2,33,29,Normal
2026-02-15 15:48:00.706446,NewYork-b3d2,45,74,Normal
2026-02-15 15:48:01.706446,NewYork-b3d2,11,65,Normal
2026-02-15 15:48:02.706446,NewYork-b3d2,-18,18,Normal
2026-02-15 15:48:03.706446,NewYork-b3d2,-13,89,Normal
2026-02-15 15:48:04.706446,NewYork-b3d2,-13,16,Normal
2026-02-15 15:48:05.706446,NewYork-b3d2,1,24,Normal
2026-02-15 15:48:06.706446,NewYork-b3d2,-22,6,Normal
2026-02-15 15:48:07.706446,NewYork-b3d2,5,61,Normal
2026-02-15 15:48:08.706446,NewYork-b3d2,43,93,Normal
2026-02-15 15:48:09.706446,NewYork-b3d2,27,30,Normal
2026-02-15 15:48:10.706446,NewYork-b3d2,16,50,Normal
2026-02-15 15:48:11.706446,NewYork-b3d2,22,27,Normal
2026-02-15 15:48:12.706446,NewYork-b3d2,-16,90,Normal
2026-02-15 15:48:13.706446,NewYork-b3d2,49,92,Normal
2026-02-15 15:48:14.706446,NewYork-b3d2,-19,75,Normal
2026-02-15 15:48:15.706446,NewYork-b3d2,50,48,Normal
2026-02-15 15:48:16.706446,NewYork-b3d2,-19,75,Normal
2026-02-15 15:48:17.706446,NewYork-b3d2,-8,62,Normal
2026-02-15 15:48:18.706446,NewYork-b3d2,6,52,Normal
2026-02-15 15:48:19.706446,NewYork-b3d2,19,77,Normal
2026-02-15 15:48:20.706446,NewYork-b3d2,42,82,Normal
2026-02-15 15:48:21.706446,NewYork-b3d2,-3,25,Normal
2026-02-15 15:48:22.706446,NewYork-b3d2,37,58,Normal
2026-02-15 15:48:23.706446,NewYork-b3d2,40,7,Normal
2026-02-15 15:48:24.706446,NewYork-b3d2,-5,64,Normal
2026-02-15 15:48:25.706446,NewYork-b3d2,44,8,Normal
2026-02-15 15:48:26.706446,NewYork-b3d2,-7,1,Normal
2026-02-15 15:48:27.706446,NewYork-b3d2,-3,47,Normal
2026-02-15 15:48:28.706446,NewYork-b3d2,-11,34,Normal
2026-02-15 15:48:29.706446,NewYork-b3d2,20,49,Normal
2026-02-15 15:48:30.706446,NewYork-b3d2,48,98,Normal
2026-02-15 15:48:31.706446,NewYork-b3d2,43,72,Normal
2026-02-15 15:48:32.706446,NewYork-b3d2,24,59,Normal
2026-02-15 15:48:33.706446,NewYork-b3d2,24,100,Normal
2026-02-15 15:48:34.706446,NewYork-b3d2,44,97,Normal
2026-02-15 15:48:35.706446,NewYork-b3d2,21,98,Normal
2026-02-15 15:48:36.706446,NewYork-b3d2,-21,35,Normal
2026-02-15 15:48:37.706446,NewYork-b3d2,20,19,Normal
2026-02-15 15:48:38.706446,NewYork-b3d2,-21,11,Normal
2026-02-15 15:48:39.706446,NewYork-b3d2,22,95,Normal
2026-02-15 15:48:40.706446,NewYork-b3d2,-30,9,Normal
2026-02-15 15:48:41.706446,NewYork-b3d2,-15,2,Normal
2026-02-15 15:48:42.706446,NewYork-b3d2,32,78,Normal
2026-02-15 15:48:43.706446,NewYork-b3d2,-25,91,Normal
2026-02-15 15:48:44.706446,NewYork-b3d2,44,10,Normal
2026-02-15 15:48:45.706446,NewYork-b3d2,49,97,Normal
2026-02-15 15:48:46.706446,NewYork-b3d2,-13,63,Normal
2026-02-15 15:48:47.706446,NewYork-b3d2,41,88,Normal
2026-02-15 15:48:48.706446,NewYork-b3d2,48,42,Normal
2026-02-15 15:48:49.706446,NewYork-b3d2,-14,46,Normal
2026-02-15 15:48:50.706446,NewYork-b3d2,-15,92,Normal
2026-02-15 15:48:51.706446,NewYork-b3d2,-15,20,Normal
2026-02-15 15:48:52.706446,NewYork-b3d2,44,18,Normal
2026-02-15 15:48:53.706446,NewYork-b3d2,-13,98,Normal
2026-02-15 15:48:54.706446,NewYork-b3d2,-24,69,Normal
2026-02-15 15:48:55.706446,NewYork-b3d2,-20,69,Normal
2026-02-15 15:48:56.706446,NewYork-b3d2,44,49,Normal
2026-02-15 15:48:57.706446,NewYork-b3d2,50,64,Normal
2026-02-15 15:48:58.706446,NewYork-b3d2,-24,16,Normal
2026-02-15 15:48:59.706446,NewYork-b3d2,-19,27,Normal
2026-02-15 15:49:00.706446,NewYork-b3d2,-29,44,Normal
2026-02-15 15:49:01.706446,NewYork-b3d2,42,79,Normal
2026-02-15 15:49:02.706446,NewYork-b3d2,-18,44,Normal
2026-02-15 15:49:03.706446,NewYork-b3d2,27,83,Normal
2026-02-15 15:49:04.706446,NewYork-b3d2,-9,87,Normal
2026-02-15 15:49:05.706446,NewYork-b3d2,1,18,Normal
2026-02-15 15:49:06.706446,NewYork-b3d2,17,21,Normal
2026-02-15 15:49:07.706446,NewYork-b3d2,-30,67,Normal
2026-02-15 15:49:08.706446,NewYork-b3d2,29,67,Normal
2026-02-15 15:49:09.706446,NewYork-b3d2,23,62,Normal
2026-02-15 15:49:10.706446,NewYork-b3d2,40,82,Normal
2026-02-15 15:49:11.706446,NewYork-b3d2,-30,36,Normal
2026-02-15 15:49:12.706446,NewYork-b3d2,45,18,Normal
2026-02-15 15:49:13.706446,NewYork-b3d2,-21,56,Normal
2026-02-15 15:49:14.706446,NewYork-b3d2,-12,81,Normal
2026-02-15 15:49:15.706446,NewYork-b3d2,34,83,Normal
2026-02-15 15:49:16.706446,NewYork-b3d2,13,2,Normal
2026-02-15 15:49:17.706446,NewYork-b3d2,-4,21,Normal
2026-02-15 15:49:18.706446,NewYork-b3d2,46,62,Normal
2026-02-15 15:49:19.706446,NewYork-b3d2,-1,62,Normal
2026-02-15 15:49:20.706446,NewYork-b3d2,-3,9,Normal
2026-02-15 15:49:21.706446,NewYork-b3d2,-12,51,Normal
2026-02-15 15:49:22.706446,NewYork-b3d2,19,46,Normal
2026-02-15 15:49:23.706446,NewYork-b3d2,-17,27,Normal
2026-02-15 15:49:24.706446,NewYork-b3d2,48,97,Normal
2026-02-15 15:49:25.706446,NewYork-b3d2,49,17,Normal
2026-02-15 15:49:26.706446,NewYork-b3d2,-29,57,Normal
2026-02-15 15:49:27.706446,NewYork-b3d2,35,2,Normal
2026-02-15 15:49:28.706446,NewYork-b3d2,34,84,Normal
2026-02-15 15:49:29.706446,NewYork-b3d2,42,61,Normal
2026-02-15 15:49:30.706446,NewYork-b3d2,33,6,Normal
2026-02-15 15:49:31.706446,NewYork-b3d2,48,14,Normal
2026-02-15 15:49:32.706446,NewYork-b3d2,-9,12,Normal
2026-02-15 15:49:33.706446,NewYork-b3d2,7,6,Normal
2026-02-15 15:49:34.706446,NewYork-b3d2,42,59,Normal
2026-02-15 15:49:35.706446,NewYork-b3d2,2,41,Normal
2026-02-15 15:49:36.706446,NewYork-b3d2,47,31,Normal
2026-02-15 15:49:37.706446,NewYork-b3d2,37,82,Normal
2026-02-15 15:49:38.706446,NewYork-b3d2,-7,77,Normal
2026-02-15 15:49:39.706446,NewYork-b3d2,-3,24,Normal
2026-02-15 15:49:40.706446,NewYork-b3d2,10,39,Normal
2026-02-15 15:49:41.706446,NewYork-b3d2,50,34,Normal
2026-02-15 15:49:42.706446,NewYork-b3d2,36,90,Normal
2026-02-15 15:49:43.706446,NewYork-b3d2,-25,43,Normal
2026-02-15 15:49:44.706446,NewYork-b3d2,34,36,Normal
2026-02-15 15:49:45.706446,NewYork-b3d2,44,15,Normal
2026-02-15 15:49:46.706446,NewYork-b3d2,23,22,Normal
2026-02-15 15:49:47.706446,NewYork-b3d2,20,33,Normal
2026-02-15 15:49:48.706446,NewYork-b3d2,4,77,Normal
2026-02-15 15:49:49.706446,NewYork-b3d2,30,73,Normal
2026-02-15 15:49:50.706446,NewYork-b3d2,27,23,Normal
2026-02-15 15:49:51.706446,NewYork-b3d2,-20,75,Normal
2026-02-15 15:49:52.706446,NewYork-b3d2,-11,3,Normal
2026-02-15 15:49:53.706446,NewYork-b3d2,43,21,Normal
2026-02-15 15:49:54.706446,NewYork-b3d2,-7,66,Normal
2026-02-15 15:49:55.706446,NewYork-b3d2,-18,22,Normal
2026-02-15 15:49:56.706446,NewYork-b3d2,29,78,Normal
2026-02-15 15:49:57.706446,NewYork-b3d2,38,87,Normal
2026-02-15 15:49:58.706446,NewYork-b3d2,19,71,Normal
2026-02-15 15:49:59.706446,NewYork-b3d2,-11,51,Normal
2026-02-15 15:50:00.706446,NewYork-b3d2,47,79,Normal
2026-02-15 15:50:01.706446,NewYork-b3d2,27,3,Normal
2026-02-15 15:50:02.706446,NewYork-b3d2,18,44,Normal
2026-02-15 15:50:03.706446,NewYork-b3d2,46,62,Normal
2026-02-15 15:50:04.706446,NewYork-b3d2,41,80,Normal
2026-02-15 15:50:05.706446,NewYork-b3d2,-22,96,Normal
2026-02-15 15:50:06.706446,NewYork-b3d2,20,16,Normal
2026-02-15 15:50:07.706446,NewYork-b3d2,-10,61,Normal
2026-02-15 15:50:08.706446,NewYork-b3d2,-23,75,Normal
2026-02-15 15:50:09.706446,NewYork-b3d2,7,34,Normal
2026-02-15 15:50:10.706446,NewYork-b3d2,9,33,Normal
2026-02-15 15:50:11.706446,NewYork-b3d2,10,92,Normal
2026-02-15 15:50:12.706446,NewYork-b3d2,29,25,Normal
2026-02-15 15:50:13.706446,NewYork-b3d2,-4,14,Normal
2026-02-15 15:50:14.706446,NewYork-b3d2,5,76,Normal
2026-02-15 15:50:15.706446,NewYork-b3d2,13,90,Normal
2026-02-15 15:50:16.706446,NewYork-b3d2,-30,89,Normal
2026-02-15 15:50:17.706446,NewYork-b3d2,-24,11,Normal
2026-02-15 15:50:18.706446,NewYork-b3d2,40,19,Normal
2026-02-15 15:50:19.706446,NewYork-b3d2,0,4,Normal
2026-02-15 15:50:20.706446,NewYork-b3d2,43,6,Normal
2026-02-15 15:50:21.706446,NewYork-b3d2,-19,42,Normal
2026-02-15 15:50:22.706446,NewYork-b3d2,-3,81,Normal
2026-02-15 15:50:23.706446,NewYork-b3d2,-28,3,Normal
2026-02-15 15:50:24.706446,NewYork-b3d2,34,63,Normal
2026-02-15 15:50:25.706446,NewYork-b3d2,-5,59,Normal
2026-02-15 15:50:26.706446,NewYork-b3d2,22,69,Normal
2026-02-15 15:50:27.706446,NewYork-b3d2,-4,85,Normal
2026-02-15 15:50:28.706446,NewYork-b3d2,-21,41,Normal
2026-02-15 15:50:29.706446,NewYork-b3d2,-1,68,Normal
2026-02-15 15:50:30.706446,NewYork-b3d2,43,12,Normal
2026-02-15 15:50:31.706446,NewYork-b3d2,30,78,Normal
2026-02-15 15:50:32.706446,NewYork-b3d2,50,33,Normal
2026-02-15 15:50:33.706446,NewYork-b3d2,-29,81,Normal
2026-02-15 15:50:34.706446,NewYork-b3d2,4,72,Normal
2026-02-15 15:50:35.706446,NewYork-b3d2,-26,54,Normal
2026-02-15 15:50:36.706446,NewYork-b3d2,50,73,Normal
2026-02-15 15:50:37.706446,NewYork-b3d2,-6,31,Normal
2026-02-15 15:50:38.706446,NewYork-b3d2,-7,88,Normal
2026-02-15 15:50:39.706446,NewYork-b3d2,18,98,Normal
2026-02-15 15:50:40.706446,NewYork-b3d2,24,85,Normal
2026-02-15 15:50:41.706446,NewYork-b3d2,24,33,Normal
2026-02-15 15:50:42.706446,NewYork-b3d2,16,35,Normal
2026-02-15 15:50:43.706446,NewYork-b3d2,27,61,Normal
2026-02-15 15:50:44.706446,NewYork-b3d2,22,50,Normal
2026-02-15 15:50:45.706446,NewYork-b3d2,-25,96,Normal
2026-02-15 15:50:46.706446,NewYork-b3d2,-22,83,Normal
2026-02-15 15:50:47.706446,NewYork-b3d2,-10,12,Normal
2026-02-15 15:50:48.706446,NewYork-b3d2,-28,4,Normal
2026-02-15 15:50:49.706446,NewYork-b3d2,50,100,Normal
2026-02-15 15:50:50.706446,NewYork-b3d2,3,81,Normal
2026-02-15 15:50:51.706446,NewYork-b3d2,43,82,Normal
2026-02-15 15:50:52.706446,NewYork-b3d2,-11,93,Normal
2026-02-15 15:50:53.706446,NewYork-b3d2,0,66,Normal
2026-02-15 15:50:54.706446,NewYork-b3d2,20,5,Normal
2026-02-15 15:50:55.706446,NewYork-b3d2,-12,49,Normal
2026-02-15 15:50:56.706446,NewYork-b3d2,-11,6,Normal
2026-02-15 15:50:57.706446,NewYork-b3d2,22,12,Normal
2026-02-15 15:50:58.706446,NewYork-b3d2,45,84,Normal
2026-02-15 15:50:59.706446,NewYork-b3d2,45,17,Normal
2026-02-15 15:51:00.706446,NewYork-b3d2,32,75,Normal
2026-02-15 15:51:01.706446,NewYork-b3d2,40,38,Normal
2026-02-15 15:51:02.706446,NewYork-b3d2,25,75,Normal
2026-02-15 15:51:03.706446,NewYork-b3d2,3,46,Normal
2026-02-15 15:51:04.706446,NewYork-b3d2,36,75,Normal
2026-02-15 15:51:05.706446,NewYork-b3d2,2,75,Normal
2026-02-15 15:51:06.706446,NewYork-b3d2,36,76,Normal
2026-02-15 15:51:07.706446,NewYork-b3d2,49,47,Normal
2026-02-15 15:51:08.706446,NewYork-b3d2,31,42,Normal
2026-02-15 15:51:09.706446,NewYork-b3d2,18,8,Normal
2026-02-15 15:51:10.706446,NewYork-b3d2,34,52,Normal
2026-02-15 15:51:11.706446,NewYork-b3d2,38,26,Normal
2026-02-15 15:51:12.706446,NewYork-b3d2,-13,76,Normal
2026-02-15 15:51:13.706446,NewYork-b3d2,-6,7,Normal
2026-02-15 15:51:14.706446,NewYork-b3d2,16,67,Normal
2026-02-15 15:51:15.706446,NewYork-b3d2,-20,68,Normal
2026-02-15 15:51:16.706446,NewYork-b3d2,28,90,Normal
2026-02-15 15:51:17.706446,NewYork-b3d2,23,66,Normal
2026-02-15 15:51:18.706446,NewYork-b3d2,-15,33,Normal
2026-02-15 15:51:19.706446,NewYork-b3d2,1,90,Normal
2026-02-15 15:51:20.706446,NewYork-b3d2,-26,10,Normal
2026-02-15 15:51:21.706446,NewYork-b3d2,14,57,Normal
2026-02-15 15:51:22.706446,NewYork-b3d2,44,52,Normal
2026-02-15 15:51:23.706446,NewYork-b3d2,38,33,Normal
2026-02-15 15:51:24.706446,NewYork-b3d2,11,23,Normal
2026-02-15 15:51:25.706446,NewYork-b3d2,-11,19,Normal
2026-02-15 15:51:26.706446,NewYork-b3d2,7,89,Normal
2026-02-15 15:51:27.706446,NewYork-b3d2,-23,80,Normal
2026-02-15 15:51:28.706446,NewYork-b3d2,7,76,Normal
2026-02-15 15:51:29.706446,NewYork-b3d2,-22,7,Normal
2026-02-15 15:51:30.706446,NewYork-b3d2,-13,63,Normal
2026-02-15 15:51:31.706446,NewYork-b3d2,30,72,Normal
2026-02-15 15:51:32.706446,NewYork-b3d2,44,31,Normal
2026-02-15 15:51:33.706446,NewYork-b3d2,3,0,Normal
2026-02-15 15:51:34.706446,NewYork-b3d2,15,36,Normal
2026-02-15 15:51:35.706446,NewYork-b3d2,44,69,Normal
2026-02-15 15:51:36.706446,NewYork-b3d2,22,69,Normal
2026-02-15 15:51:37.706446,NewYork-b3d2,-24,93,Normal
2026-02-15 15:51:38.706446,NewYork-b3d2,16,7,Normal
2026-02-15 15:51:39.706446,NewYork-b3d2,-1,47,Normal
2026-02-15 15:51:40.706446,NewYork-b3d2,2,57,Normal
2026-02-15 15:51:41.706446,NewYork-b3d2,47,27,Normal
2026-02-15 15:51:42.706446,NewYork-b3d2,13,3,Normal
2026-02-15 15:51:43.706446,NewYork-b3d2,-11,55,Normal
2026-02-15 15:51:44.706446,NewYork-b3d2,36,95,Normal
2026-02-15 15:51:45.706446,NewYork-b3d2,0,27,Normal
2026-02-15 15:51:46.706446,NewYork-b3d2,-22,15,Normal
2026-02-15 15:51:47.706446,NewYork-b3d2,-25,10,Normal
2026-02-15 15:51:48.706446,NewYork-b3d2,46,25,Normal
2026-02-15 15:51:49.706446,NewYork-b3d2,6,11,Normal
2026-02-15 15:51:50.706446,NewYork-b3d2,-16,1,Normal
2026-02-15 15:51:51.706446,NewYork-b3d2,46,79,Normal
2026-02-15 15:51:52.706446,NewYork-b3d2,21,15,Normal
2026-02-15 15:51:53.706446,NewYork-b3d2,36,52,Normal
2026-02-15 15:51:54.706446,NewYork-b3d2,41,52,Normal
2026-02-15 15:51:55.706446,NewYork-b3d2,7,41,Normal
2026-02-15 15:51:56.706446,NewYork-b3d2,-29,25,Normal
2026-02-15 15:51:57.706446,NewYork-b3d2,26,69,Normal
2026-02-15 15:51:58.706446,NewYork-b3d2,-6,99,Normal
2026-02-15 15:51:59.706446,NewYork-b3d2,47,95,Normal
2026-02-15 15:52:00.706446,NewYork-b3d2,13,76,Normal
2026-02-15 15:52:01.706446,NewYork-b3d2,36,36,Normal
2026-02-15 15:52:02.706446,NewYork-b3d2,31,98,Normal
2026-02-15 15:52:03.706446,NewYork-b3d2,10,86,Normal
2026-02-15 15:52:04.706446,NewYork-b3d2,-8,90,Normal
2026-02-15 15:52:05.706446,NewYork-b3d2,1,23,Normal
2026-02-15 15:52:06.706446,NewYork-b3d2,-20,23,Normal
2026-02-15 15:52:07.706446,NewYork-b3d2,-12,81,Normal
2026-02-15 15:52:08.706446,NewYork-b3d2,37,83,Normal
2026-02-15 15:52:09.706446,NewYork-b3d2,42,50,Normal
2026-02-15 15:52:10.706446,NewYork-b3d2,2,20,Normal
2026-02-15 15:52:11.706446,NewYork-b3d2,-13,7,Normal
2026-02-15 15:52:12.706446,NewYork-b3d2,19,86,Normal
2026-02-15 15:52:13.706446,NewYork-b3d2,22,76,Normal
2026-02-15 15:52:14.706446,NewYork-b3d2,-18,56,Normal
2026-02-15 15:52:15.706446,NewYork-b3d2,-12,30,Normal
2026-02-15 15:52:16.706446,NewYork-b3d2,41,53,Normal
2026-02-15 15:52:17.706446,NewYork-b3d2,10,0,Normal
2026-02-15 15:52:18.706446,NewYork-b3d2,0,78,Normal
2026-02-15 15:52:19.706446,NewYork-b3d2,34,33,Normal
2026-02-15 15:52:20.706446,NewYork-b3d2,-18,13,Normal
2026-02-15 15:52:21.706446,NewYork-b3d2,-26,68,Normal
2026-02-15 15:52:22.706446,NewYork-b3d2,0,13,Normal
2026-02-15 15:52:23.706446,NewYork-b3d2,34,60,Normal
2026-02-15 15:52:24.706446,NewYork-b3d2,37,75,Normal
2026-02-15 15:52:25.706446,NewYork-b3d2,43,40,Normal
2026-02-15 15:52:26.706446,NewYork-b3d2,39,18,Normal
2026-02-15 15:52:27.706446,NewYork-b3d2,1,78,Normal
2026-02-15 15:52:28.706446,NewYork-b3d2,49,20,Normal
2026-02-15 15:52:29.706446,NewYork-b3d2,4,55,Normal
2026-02-15 15:52:30.706446,NewYork-b3d2,-2,79,Normal
2026-02-15 15:52:31.706446,NewYork-b3d2,30,92,Normal
2026-02-15 15:52:32.706446,NewYork-b3d2,32,42,Normal
2026-02-15 15:52:33.706446,NewYork-b3d2,-3,33,Normal
2026-02-15 15:52:34.706446,NewYork-b3d2,39,8,Normal
2026-02-15 15:52:35.706446,NewYork-b3d2,44,42,Normal
2026-02-15 15:52:36.706446,NewYork-b3d2,8,71,Normal
2026-02-15 15:52:37.706446,NewYork-b3d2,24,6,Normal
2026-02-15 15:52:38.706446,NewYork-b3d2,-26,35,Normal
2026-02-15 15:52:39.706446,NewYork-b3d2,34,86,Normal
2026-02-15 15:52:40.706446,NewYork-b3d2,41,9,Normal
2026-02-15 15:52:41.706446,NewYork-b3d2,37,9,Normal
2026-02-15 15:52:42.706446,NewYork-b3d2,3,5,Normal
2026-02-15 15:52:43.706446,NewYork-b3d2,-15,19,Normal
2026-02-15 15:52:44.706446,NewYork-b3d2,45,87,Normal
2026-02-15 15:52:45.706446,NewYork-b3d2,-7,5,Normal
2026-02-15 15:52:46.706446,NewYork-b3d2,32,34,Normal
2026-02-15 15:52:47.706446,NewYork-b3d2,42,54,Normal
2026-02-15 15:52:48.706446,NewYork-b3d2,-13,12,Normal
2026-02-15 15:52:49.706446,NewYork-b3d2,26,22,Normal
2026-02-15 15:52:50.706446,NewYork-b3d2,13,79,Normal
2026-02-15 15:52:51.706446,NewYork-b3d2,40,79,Normal
2026-02-15 15:52:52.706446,NewYork-b3d2,35,0,Normal
2026-02-15 15:52:53.706446,NewYork-b3d2,23,80,Normal
2026-02-15 15:52:54.706446,NewYork-b3d2,44,46,Normal
2026-02-15 15:52:55.706446,NewYork-b3d2,-30,98,Normal
2026-02-15 15:52:56.706446,NewYork-b3d2,50,39,Normal
2026-02-15 15:52:57.706446,NewYork-b3d2,-26,5,Normal
2026-02-15 15:52:58.706446,NewYork-b3d2,15,73,Normal
2026-02-15 15:52:59.706446,NewYork-b3d2,50,31,Normal
2026-02-15 15:53:00.706446,NewYork-b3d2,-16,35,Normal
2026-02-15 15:53:01.706446,NewYork-b3d2,-1,45,Normal
2026-02-15 15:53:02.706446,NewYork-b3d2,20,21,Normal
2026-02-15 15:53:03.706446,NewYork-b3d2,35,57,Normal
2026-02-15 15:53:04.706446,NewYork-b3d2,48,71,Normal
2026-02-15 15:53:05.706446,NewYork-b3d2,24,83,Normal
2026-02-15 15:53:06.706446,NewYork-b3d2,37,55,Normal
2026-02-15 15:53:07.706446,NewYork-b3d2,6,50,Normal
2026-02-15 15:53:08.706446,NewYork-b3d2,-15,58,Normal
2026-02-15 15:53:09.706446,NewYork-b3d2,10,29,Normal
2026-02-15 15:53:10.706446,NewYork-b3d2,19,98,Normal
2026-02-15 15:53:11.706446,NewYork-b3d2,-24,1,Normal
2026-02-15 15:53:12.706446,NewYork-b3d2,-6,18,Normal
2026-02-15 15:53:13.706446,NewYork-b3d2,37,1,Normal
2026-02-15 15:53:14.706446,NewYork-b3d2,-5,71,Normal
2026-02-15 15:53:15.706446,NewYork-b3d2,-21,86,Normal
2026-02-15 15:53:16.706446,NewYork-b3d2,24,9,Normal
2026-02-15 15:53:17.706446,NewYork-b3d2,22,95,Normal
2026-02-15 15:53:18.706446,NewYork-b3d2,-27,94,Normal
2026-02-15 15:53:19.706446,NewYork-b3d2,-16,78,Normal
2026-02-15 15:53:20.706446,NewYork-b3d2,-4,73,Normal
2026-02-15 15:53:21.706446,NewYork-b3d2,-9,27,Normal
2026-02-15 15:53:22.706446,NewYork-b3d2,35,77,Normal
2026-02-15 15:53:23.706446,NewYork-b3d2,45,56,Normal
2026-02-15 15:53:24.706446,NewYork-b3d2,28,10,Normal
2026-02-15 15:53:25.706446,NewYork-b3d2,-28,45,Normal
2026-02-15 15:53:26.706446,NewYork-b3d2,8,77,Normal
2026-02-15 15:53:27.706446,NewYork-b3d2,43,12,Normal
2026-02-15 15:53:28.706446,NewYork-b3d2,36,79,Normal
2026-02-15 15:53:29.706446,NewYork-b3d2,16,74,Normal
2026-02-15 15:53:30.706446,NewYork-b3d2,15,5,Normal
2026-02-15 15:53:31.706446,NewYork-b3d2,41,33,Normal
2026-02-15 15:53:32.706446,NewYork-b3d2,15,93,Normal
2026-02-15 15:53:33.706446,NewYork-b3d2,27,40,Normal
2026-02-15 15:53:34.706446,NewYork-b3d2,22,85,Normal
2026-02-15 15:53:35.706446,NewYork-b3d2,6,92,Normal
2026-02-15 15:53:36.706446,NewYork-b3d2,-25,52,Normal
2026-02-15 15:53:37.706446,NewYork-b3d2,21,95,Normal
2026-02-15 15:53:38.706446,NewYork-b3d2,12,3,Normal
2026-02-15 15:53:39.706446,NewYork-b3d2,43,81,Normal
2026-02-15 15:53:40.706446,NewYork-b3d2,43,28,Normal
2026-02-15 15:53:41.706446,NewYork-b3d2,21,24,Normal
2026-02-15 15:53:42.706446,NewYork-b3d2,44,45,Normal
2026-02-15 15:53:43.706446,NewYork-b3d2,43,44,Normal
2026-02-15 15:53:44.706446,NewYork-b3d2,29,87,Normal
2026-02-15 15:53:45.706446,NewYork-b3d2,20,39,Normal
2026-02-15 15:53:46.706446,NewYork-b3d2,16,66,Normal
2026-02-15 15:53:47.706446,NewYork-b3d2,31,44,Normal
2026-02-15 15:53:48.706446,NewYork-b3d2,-14,71,Normal
2026-02-15 15:53:49.706446,NewYork-b3d2,-14,30,Normal
2026-02-15 15:53:50.706446,NewYork-b3d2,23,77,Normal
2026-02-15 15:53:51.706446,NewYork-b3d2,-12,60,Normal
2026-02-15 15:53:52.706446,NewYork-b3d2,45,14,Normal
2026-02-15 15:53:53.706446,NewYork-b3d2,-9,33,Normal
2026-02-15 15:53:54.706446,NewYork-b3d2,-23,58,Normal
2026-02-15 15:53:55.706446,NewYork-b3d2,-20,70,Normal
2026-02-15 15:53:56.706446,NewYork-b3d2,-13,77,Normal
2026-02-15 15:53:57.706446,NewYork-b3d2,21,97,Normal
2026-02-15 15:53:58.706446,NewYork-b3d2,-30,15,Normal
2026-02-15 15:53:59.706446,NewYork-b3d2,24,9,Normal
2026-02-15 15:54:00.706446,NewYork-b3d2,1,31,Normal
2026-02-15 15:54:01.706446,NewYork-b3d2,48,46,Normal
2026-02-15 15:54:02.706446,NewYork-b3d2,48,30,Normal
2026-02-15 15:54:03.706446,NewYork-b3d2,-30,1,Normal
2026-02-15 15:54:04.706446,NewYork-b3d2,35,27,Normal
2026-02-15 15:54:05.706446,NewYork-b3d2,3,78,Normal
2026-02-15 15:54:06.706446,NewYork-b3d2,27,80,Normal
2026-02-15 15:54:07.706446,NewYork-b3d2,-9,1,Normal
2026-02-15 15:54:08.706446,NewYork-b3d2,-29,97,Normal
2026-02-15 15:54:09.706446,NewYork-b3d2,-26,19,Normal
2026-02-15 15:54:10.706446,NewYork-b3d2,-2,59,Normal
2026-02-15 15:54:11.706446,NewYork-b3d2,46,71,Normal
2026-02-15 15:54:12.706446,NewYork-b3d2,2,0,Normal
2026-02-15 15:54:13.706446,NewYork-b3d2,14,75,Normal
2026-02-15 15:54:14.706446,NewYork-b3d2,43,46,Normal
2026-02-15 15:54:15.706446,NewYork-b3d2,-21,87,Normal
2026-02-15 15:54:16.706446,NewYork-b3d2,-20,68,Normal
2026-02-15 15:54:17.706446,NewYork-b3d2,-10,51,Normal
2026-02-15 15:54:18.706446,NewYork-b3d2,17,75,Normal
2026-02-15 15:54:19.706446,NewYork-b3d2,18,64,Normal
2026-02-15 15:54:20.706446,NewYork-b3d2,21,96,Normal
2026-02-15 15:54:21.706446,NewYork-b3d2,-12,36,Normal
2026-02-15 15:54:22.706446,NewYork-b3d2,3,50,Normal
2026-02-15 15:54:23.706446,NewYork-b3d2,-23,81,Normal
2026-02-15 15:54:24.706446,NewYork-b3d2,19,50,Normal
2026-02-15 15:54:25.706446,NewYork-b3d2,15,10,Normal
2026-02-15 15:54:26.706446,NewYork-b3d2,43,27,Normal
2026-02-15 15:54:27.706446,NewYork-b3d2,-9,61,Normal
2026-02-15 15:54:28.706446,NewYork-b3d2,-26,24,Normal
2026-02-15 15:54:29.706446,NewYork-b3d2,-22,37,Normal
2026-02-15 15:54:30.706446,NewYork-b3d2,-22,21,Normal
2026-02-15 15:54:31.706446,NewYork-b3d2,47,83,Normal
2026-02-15 15:54:32.706446,NewYork-b3d2,36,9,Normal
2026-02-15 15:54:33.706446,NewYork-b3d2,-30,56,Normal
2026-02-15 15:54:34.706446,NewYork-b3d2,-18,89,Normal
2026-02-15 15:54:35.706446,NewYork-b3d2,10,89,Normal
2026-02-15 15:54:36.706446,NewYork-b3d2,-28,37,Normal
2026-02-15 15:54:37.706446,NewYork-b3d2,5,56,Normal
2026-02-15 15:54:38.706446,NewYork-b3d2,48,2,Normal
2026-02-15 15:54:39.706446,NewYork-b3d2,0,64,Normal
2026-02-15 15:54:40.706446,NewYork-b3d2,41,55,Normal
2026-02-15 15:54:41.706446,NewYork-b3d2,-7,24,Normal
2026-02-15 15:54:42.706446,NewYork-b3d2,-9,11,Normal
2026-02-15 15:54:43.706446,NewYork-b3d2,-28,31,Normal
2026-02-15 15:54:44.706446,NewYork-b3d2,7,26,Normal
2026-02-15 15:54:45.706446,NewYork-b3d2,29,31,Normal
2026-02-15 15:54:46.706446,NewYork-b3d2,-3,88,Normal
2026-02-15 15:54:47.706446,NewYork-b3d2,-3,39,Normal
2026-02-15 15:54:48.706446,NewYork-b3d2,47,79,Normal
2026-02-15 15:54:49.706446,NewYork-b3d2,34,94,Normal
2026-02-15 15:54:50.706446,NewYork-b3d2,18,26,Normal
2026-02-15 15:54:51.706446,NewYork-b3d2,46,11,Normal
2026-02-15 15:54:52.706446,NewYork-b3d2,-15,95,Normal
2026-02-15 15:54:53.706446,NewYork-b3d2,-18,22,Normal
2026-02-15 15:54:54.706446,NewYork-b3d2,33,12,Normal
2026-02-15 15:54:55.706446,NewYork-b3d2,5,91,Normal
2026-02-15 15:54:56.706446,NewYork-b3d2,-24,87,Normal
2026-02-15 15:54:57.706446,NewYork-b3d2,-10,69,Normal
2026-02-15 15:54:58.706446,NewYork-b3d2,30,38,Normal
2026-02-15 15:54:59.706446,NewYork-b3d2,-27,97,Normal
2026-02-15 15:55:00.706446,NewYork-b3d2,44,19,Normal
2026-02-15 15:55:01.706446,NewYork-b3d2,-27,52,Normal
2026-02-15 15:55:02.706446,NewYork-b3d2,-15,93,Normal
2026-02-15 15:55:03.706446,NewYork-b3d2,38,0,Normal
2026-02-15 15:55:04.706446,NewYork-b3d2,19,21,Normal
2026-02-15 15:55:05.706446,NewYork-b3d2,19,28,Normal
2026-02-15 15:55:06.706446,NewYork-b3d2,28,13,Normal
2026-02-15 15:55:07.706446,NewYork-b3d2,-22,90,Normal
2026-02-15 15:55:08.706446,NewYork-b3d2,49,17,Normal
2026-02-15 15:55:09.706446,NewYork-b3d2,32,68,Normal
2026-02-15 15:55:10.706446,NewYork-b3d2,-16,82,Normal
2026-02-15 15:55:11.706446,NewYork-b3d2,11,99,Normal
2026-02-15 15:55:12.706446,NewYork-b3d2,44,0,Normal
2026-02-15 15:55:13.706446,NewYork-b3d2,-20,74,Normal
2026-02-15 15:55:14.706446,NewYork-b3d2,27,87,Normal
2026-02-15 15:55:15.706446,NewYork-b3d2,7,56,Normal
2026-02-15 15:55:16.706446,NewYork-b3d2,15,84,Normal
2026-02-15 15:55:17.706446,NewYork-b3d2,-11,42,Normal
2026-02-15 15:55:18.706446,NewYork-b3d2,31,7,Normal
2026-02-15 15:55:19.706446,NewYork-b3d2,36,5,Normal
2026-02-15 15:55:20.706446,NewYork-b3d2,16,92,Normal
2026-02-15 15:55:21.706446,NewYork-b3d2,25,37,Normal
2026-02-15 15:55:22.706446,NewYork-b3d2,24,11,Normal
2026-02-15 15:55:23.706446,NewYork-b3d2,48,9,Normal
2026-02-15 15:55:24.706446,NewYork-b3d2,8,89,Normal
2026-02-15 15:55:25.706446,NewYork-b3d2,-30,39,Normal
2026-02-15 15:55:26.706446,NewYork-b3d2,24,9,Normal
2026-02-15 15:55:27.706446,NewYork-b3d2,47,44,Normal
2026-02-15 15:55:28.706446,NewYork-b3d2,26,5,Normal
2026-02-15 15:55:29.706446,NewYork-b3d2,16,73,Normal
2026-02-15 15:55:30.706446,NewYork-b3d2,-13,26,Normal
2026-02-15 15:55:31.706446,NewYork-b3d2,-10,87,Normal
2026-02-15 15:55:32.706446,NewYork-b3d2,14,53,Normal
2026-02-15 15:55:33.706446,NewYork-b3d2,17,56,Normal
2026-02-15 15:55:34.706446,NewYork-b3d2,-26,63,Normal
2026-02-15 15:55:35.706446,NewYork-b3d2,4,77,Normal
2026-02-15 15:55:36.706446,NewYork-b3d2,6,34,Normal
2026-02-15 15:55:37.706446,NewYork-b3d2,-1,87,Normal
2026-02-15 15:55:38.706446,NewYork-b3d2,-11,44,Normal
2026-02-15 15:55:39.706446,NewYork-b3d2,45,39,Normal
2026-02-15 15:55:40.706446,NewYork-b3d2,20,42,Normal
2026-02-15 15:55:41.706446,NewYork-b3d2,-27,66,Normal
2026-02-15 15:55:42.706446,NewYork-b3d2,42,25,Normal
2026-02-15 15:55:43.706446,NewYork-b3d2,2,82,Normal
2026-02-15 15:55:44.706446,NewYork-b3d2,19,41,Normal
2026-02-15 15:55:45.706446,NewYork-b3d2,-29,56,Normal
2026-02-15 15:55:46.706446,NewYork-b3d2,33,22,Normal
2026-02-15 15:55:47.706446,NewYork-b3d2,-6,16,Normal
2026-02-15 15:55:48.706446,NewYork-b3d2,19,24,Normal
2026-02-15 15:55:49.706446,NewYork-b3d2,22,22,Normal
2026-02-15 15:55:50.706446,NewYork-b3d2,7,54,Normal
2026-02-15 15:55:51.706446,NewYork-b3d2,26,21,Normal
2026-02-15 15:55:52.706446,NewYork-b3d2,-1,21,Normal
2026-02-15 15:55:53.706446,NewYork-b3d2,-4,14,Normal
2026-02-15 15:55:54.706446,NewYork-b3d2,6,97,Normal
2026-02-15 15:55:55.706446,NewYork-b3d2,-16,66,Normal
2026-02-15 15:55:56.706446,NewYork-b3d2,49,47,Normal
2026-02-15 15:55:57.706446,NewYork-b3d2,-29,42,Normal
2026-02-15 15:55:58.706446,NewYork-b3d2,-12,73,Normal
2026-02-15 15:55:59.706446,NewYork-b3d2,-4,85,Normal
2026-02-15 15:56:00.706446,NewYork-b3d2,-13,49,Normal
2026-02-15 15:56:01.706446,NewYork-b3d2,-17,92,Normal
2026-02-15 15:56:02.706446,NewYork-b3d2,9,84,Normal
2026-02-15 15:56:03.706446,NewYork-b3d2,-4,64,Normal
2026-02-15 15:56:04.706446,NewYork-b3d2,-4,16,Normal
2026-02-15 15:56:05.706446,NewYork-b3d2,48,12,Normal
2026-02-15 15:56:06.706446,NewYork-b3d2,39,1,Normal
2026-02-15 15:56:07.706446,NewYork-b3d2,-13,75,Normal
2026-02-15 15:56:08.706446,NewYork-b3d2,14,1,Normal
2026-02-15 15:56:09.706446,NewYork-b3d2,-11,14,Normal
2026-02-15 15:56:10.706446,NewYork-b3d2,27,54,Normal
2026-02-15 15:56:11.706446,NewYork-b3d2,7,95,Normal
2026-02-15 15:56:12.706446,NewYork-b3d2,2,20,Normal
2026-02-15 15:56:13.706446,NewYork-b3d2,-27,12,Normal
2026-02-15 15:56:14.706446,NewYork-b3d2,-29,5,Normal
2026-02-15 15:56:15.706446,NewYork-b3d2,27,44,Normal
2026-02-15 15:56:16.706446,NewYork-b3d2,23,67,Normal
2026-02-15 15:56:17.706446,NewYork-b3d2,23,70,Normal
2026-02-15 15:56:18.706446,NewYork-b3d2,27,74,Normal
2026-02-15 15:56:19.706446,NewYork-b3d2,36,25,Normal
2026-02-15 15:56:20.706446,NewYork-b3d2,15,20,Normal
2026-02-15 15:56:21.706446,NewYork-b3d2,3,33,Normal
2026-02-15 15:56:22.706446,NewYork-b3d2,-30,3,Normal
2026-02-15 15:56:23.706446,NewYork-b3d2,25,29,Normal
2026-02-15 15:56:24.706446,NewYork-b3d2,28,39,Normal
2026-02-15 15:56:25.706446,NewYork-b3d2,10,19,Normal
