timestamp,station_id,temp,humid,condition
2026-02-13 02:59:21.954636,Berlin-6475,-16,39,Normal
2026-02-13 02:59:22.954636,Berlin-6475,46,8,Normal
2026-02-13 02:59:23.954636,Berlin-6475,-14,19,Normal
2026-02-13 02:59:24.954636,Berlin-6475,-14,52,Normal
2026-02-13 02:59:25.954636,Berlin-6475,43,72,Normal
2026-02-13 02:59:26.954636,Berlin-6475,-17,16,Normal
2026-02-13 02:59:27.954636,Berlin-6475,-25,41,Normal
2026-02-13 02:59:28.954636,Berlin-6475,37,16,Normal
2026-02-13 02:59:29.954636,Berlin-6475,43,56,Normal
2026-02-13 02:59:30.954636,Berlin-6475,30,80,Normal
2026-02-13 02:59:31.954636,Berlin-6475,-18,71,Normal
2026-02-13 02:59:32.954636,Berlin-6475,0,15,Normal
2026-02-13 02:59:33.954636,Berlin-6475,-23,96,Normal
2026-02-13 02:59:34.954636,Berlin-6475,5,64,Normal
2026-02-13 02:59:35.954636,Berlin-6475,3,92,Normal
2026-02-13 02:59:36.954636,Berlin-6475,-22,26,Normal
2026-02-13 02:59:37.954636,Berlin-6475,4,94,Normal
2026-02-13 02:59:38.954636,Berlin-6475,45,56,Normal
2026-02-13 02:59:39.954636,Berlin-6475,-24,24,Normal
2026-02-13 02:59:40.954636,Berlin-6475,6,43,Normal
2026-02-13 02:59:41.954636,Berlin-6475,3,42,Normal
2026-02-13 02:59:42.954636,Berlin-6475,5,61,Normal
2026-02-13 02:59:43.954636,Berlin-6475,5,73,Normal
2026-02-13 02:59:44.954636,Berlin-6475,32,86,Normal
2026-02-13 02:59:45.954636,Berlin-6475,-30,4,Normal
2026-02-13 02:59:46.954636,Berlin-6475,-10,73,Normal
2026-02-13 02:59:47.954636,Berlin-6475,-18,64,Normal
2026-02-13 02:59:48.954636,Berlin-6475,-16,22,Normal
2026-02-13 02:59:49.954636,Berlin-6475,-3,45,Normal
2026-02-13 02:59:50.954636,Berlin-6475,-1,47,Normal
2026-02-13 02:59:51.954636,Berlin-6475,-7,35,Normal
2026-02-13 02:59:52.954636,Berlin-6475,23,89,Normal
2026-02-13 02:59:53.954636,Berlin-6475,30,12,Normal
2026-02-13 02:59:54.954636,Berlin-6475,18,57,Normal
2026-02-13 02:59:55.954636,Berlin-6475,11,40,Normal
2026-02-13 02:59:56.954636,Berlin-6475,30,2,Normal
2026-02-13 02:59:57.954636,Berlin-6475,-9,79,Normal
2026-02-13 02:59:58.954636,Berlin-6475,7,17,Normal
2026-02-13 02:59:59.954636,Berlin-6475,37,1,Normal
2026-02-13 03:00:00.954636,Berlin-6475,31,43,Normal
2026-02-13 03:00:01.954636,Berlin-6475,6,15,Normal
2026-02-13 03:00:02.954636,Berlin-6475,23,28,Normal
2026-02-13 03:00:03.954636,Berlin-6475,50,45,Normal
2026-02-13 03:00:04.954636,Berlin-6475,17,33,Normal
2026-02-13 03:00:05.954636,Berlin-6475,6,95,Normal
2026-02-13 03:00:06.954636,Berlin-6475,-17,91,Normal
2026-02-13 03:00:07.954636,Berlin-6475,8,10,Normal
2026-02-13 03:00:08.954636,Berlin-6475,30,94,Normal
2026-02-13 03:00:09.954636,Berlin-6475,-30,75,Normal
2026-02-13 03:00:10.954636,Berlin-6475,32,54,Normal
2026-02-13 03:00:11.954636,Berlin-6475,9,39,Normal
2026-02-13 03:00:12.954636,Berlin-6475,23,61,Normal
2026-02-13 03:00:13.954636,Berlin-6475,-3,95,Normal
2026-02-13 03:00:14.954636,Berlin-6475,-20,28,Normal
2026-02-13 03:00:15.954636,Berlin-6475,-22,80,Normal
2026-02-13 03:00:16.954636,Berlin-6475,41,85,Normal
2026-02-13 03:00:17.954636,Berlin-6475,26,34,Normal
2026-02-13 03:00:18.954636,Berlin-6475,-28,74,Normal
2026-02-13 03:00:19.954636,Berlin-6475,14,40,Normal
2026-02-13 03:00:20.954636,Berlin-6475,-17,27,Normal
2026-02-13 03:00:21.954636,Berlin-6475,-17,5,Normal
2026-02-13 03:00:22.954636,Berlin-6475,-21,56,Normal
2026-02-13 03:00:23.954636,Berlin-6475,0,28,Normal
2026-02-13 03:00:24.954636,Berlin-6475,33,64,Normal
2026-02-13 03:00:25.954636,Berlin-6475,-7,40,Normal
2026-02-13 03:00:26.954636,Berlin-6475,-15,51,Normal
2026-02-13 03:00:27.954636,Berlin-6475,27,100,Normal
2026-02-13 03:00:28.954636,Berlin-6475,32,87,Normal
2026-02-13 03:00:29.954636,Berlin-6475,2,57,Normal
2026-02-13 03:00:30.954636,Berlin-6475,11,56,Normal
2026-02-13 03:00:31.954636,Berlin-6475,26,0,Normal
2026-02-13 03:00:32.954636,Berlin-6475,17,74,Normal
2026-02-13 03:00:33.954636,Berlin-6475,-1,15,Normal
2026-02-13 03:00:34.954636,Berlin-6475,0,69,Normal
2026-02-13 03:00:35.954636,Berlin-6475,11,26,Normal
2026-02-13 03:00:36.954636,Berlin-6475,-1,55,Normal
2026-02-13 03:00:37.954636,Berlin-6475,22,80,Normal
2026-02-13 03:00:38.954636,Berlin-6475,33,40,Normal
2026-02-13 03:00:39.954636,Berlin-6475,18,27,Normal
2026-02-13 03:00:40.954636,Berlin-6475,-3,57,Normal
2026-02-13 03:00:41.954636,Berlin-6475,35,53,Normal
2026-02-13 03:00:42.954636,Berlin-6475,36,76,Normal
2026-02-13 03:00:43.954636,Berlin-6475,23,56,Normal
2026-02-13 03:00:44.954636,Berlin-6475,-5,80,Normal
2026-02-13 03:00:45.954636,Berlin-6475,32,53,Normal
2026-02-13 03:00:46.954636,Berlin-6475,28,57,Normal
2026-02-13 03:00:47.954636,Berlin-6475,25,21,Normal
2026-02-13 03:00:48.954636,Berlin-6475,-10,72,Normal
2026-02-13 03:00:49.954636,Berlin-6475,33,22,Normal
2026-02-13 03:00:50.954636,Berlin-6475,50,66,Normal
2026-02-13 03:00:51.954636,Berlin-6475,12,46,Normal
2026-02-13 03:00:52.954636,Berlin-6475,29,67,Normal
2026-02-13 03:00:53.954636,Berlin-6475,2,96,Normal
2026-02-13 03:00:54.954636,Berlin-6475,20,36,Normal
2026-02-13 03:00:55.954636,Berlin-6475,6,91,Normal
2026-02-13 03:00:56.954636,Berlin-6475,45,3,Normal
2026-02-13 03:00:57.954636,Berlin-6475,22,61,Normal
2026-02-13 03:00:58.954636,Berlin-6475,30,19,Normal
2026-02-13 03:00:59.954636,Berlin-6475,47,65,Normal
2026-02-13 03:01:00.954636,Berlin-6475,-8,73,Normal
2026-02-13 03:01:01.954636,Berlin-6475,18,68,Normal
2026-02-13 03:01:02.954636,Berlin-6475,47,46,Normal
2026-02-13 03:01:03.954636,Berlin-6475,10,85,Normal
2026-02-13 03:01:04.954636,Berlin-6475,35,11,Normal
2026-02-13 03:01:05.954636,Berlin-6475,37,91,Normal
2026-02-13 03:01:06.954636,Berlin-6475,-1,6,Normal
2026-02-13 03:01:07.954636,Berlin-6475,10,92,Normal
2026-02-13 03:01:08.954636,Berlin-6475,5,19,Normal
2026-02-13 03:01:09.954636,Berlin-6475,15,60,Normal
2026-02-13 03:01:10.954636,Berlin-6475,-30,93,Normal
2026-02-13 03:01:11.954636,Berlin-6475,40,54,Normal
2026-02-13 03:01:12.954636,Berlin-6475,46,44,Normal
2026-02-13 03:01:13.954636,Berlin-6475,19,57,Normal
2026-02-13 03:01:14.954636,Berlin-6475,36,32,Normal
2026-02-13 03:01:15.954636,Berlin-6475,2,93,Normal
2026-02-13 03:01:16.954636,Berlin-6475,9,1,Normal
2026-02-13 03:01:17.954636,Berlin-6475,36,88,Normal
2026-02-13 03:01:18.954636,Berlin-6475,20,12,Normal
2026-02-13 03:01:19.954636,Berlin-6475,-23,37,Normal
2026-02-13 03:01:20.954636,Berlin-6475,4,63,Normal
2026-02-13 03:01:21.954636,Berlin-6475,-4,11,Normal
2026-02-13 03:01:22.954636,Berlin-6475,39,11,Normal
2026-02-13 03:01:23.954636,Berlin-6475,42,77,Normal
2026-02-13 03:01:24.954636,Berlin-6475,-29,98,Normal
2026-02-13 03:01:25.954636,Berlin-6475,21,18,Normal
2026-02-13 03:01:26.954636,Berlin-6475,38,47,Normal
2026-02-13 03:01:27.954636,Berlin-6475,-17,70,Normal
2026-02-13 03:01:28.954636,Berlin-6475,-22,72,Normal
2026-02-13 03:01:29.954636,Berlin-6475,-29,13,Normal
2026-02-13 03:01:30.954636,Berlin-6475,26,5,Normal
2026-02-13 03:01:31.954636,Berlin-6475,31,87,Normal
2026-02-13 03:01:32.954636,Berlin-6475,6,71,Normal
2026-02-13 03:01:33.954636,Berlin-6475,49,22,Normal
2026-02-13 03:01:34.954636,Berlin-6475,37,94,Normal
2026-02-13 03:01:35.954636,Berlin-6475,50,49,Normal
2026-02-13 03:01:36.954636,Berlin-6475,-20,89,Normal
2026-02-13 03:01:37.954636,Berlin-6475,-23,4,Normal
2026-02-13 03:01:38.954636,Berlin-6475,39,94,Normal
2026-02-13 03:01:39.954636,Berlin-6475,-28,51,Normal
2026-02-13 03:01:40.954636,Berlin-6475,-23,78,Normal
2026-02-13 03:01:41.954636,Berlin-6475,-14,90,Normal
2026-02-13 03:01:42.954636,Berlin-6475,0,35,Normal
2026-02-13 03:01:43.954636,Berlin-6475,-3,45,Normal
2026-02-13 03:01:44.954636,Berlin-6475,37,62,Normal
2026-02-13 03:01:45.954636,Berlin-6475,-24,16,Normal
2026-02-13 03:01:46.954636,Berlin-6475,30,81,Normal
2026-02-13 03:01:47.954636,Berlin-6475,4,80,Normal
2026-02-13 03:01:48.954636,Berlin-6475,20,43,Normal
2026-02-13 03:01:49.954636,Berlin-6475,4,58,Normal
2026-02-13 03:01:50.954636,Berlin-6475,37,92,Normal
2026-02-13 03:01:51.954636,Berlin-6475,-17,12,Normal
2026-02-13 03:01:52.954636,Berlin-6475,37,97,Normal
2026-02-13 03:01:53.954636,Berlin-6475,0,99,Normal
2026-02-13 03:01:54.954636,Berlin-6475,10,14,Normal
2026-02-13 03:01:55.954636,Berlin-6475,42,12,Normal
2026-02-13 03:01:56.954636,Berlin-6475,8,91,Normal
2026-02-13 03:01:57.954636,Berlin-6475,-1,86,Normal
2026-02-13 03:01:58.954636,Berlin-6475,50,97,Normal
2026-02-13 03:01:59.954636,Berlin-6475,11,0,Normal
2026-02-13 03:02:00.954636,Berlin-6475,-25,25,Normal
2026-02-13 03:02:01.954636,Berlin-6475,-18,59,Normal
2026-02-13 03:02:02.954636,Berlin-6475,34,55,Normal
2026-02-13 03:02:03.954636,Berlin-6475,-7,1,Normal
2026-02-13 03:02:04.954636,Berlin-6475,-13,20,Normal
2026-02-13 03:02:05.954636,Berlin-6475,29,1,Normal
2026-02-13 03:02:06.954636,Berlin-6475,46,19,Normal
2026-02-13 03:02:07.954636,Berlin-6475,1,17,Normal
2026-02-13 03:02:08.954636,Berlin-6475,-27,67,Normal
2026-02-13 03:02:09.954636,Berlin-6475,25,33,Normal
2026-02-13 03:02:10.954636,Berlin-6475,-14,20,Normal
2026-02-13 03:02:11.954636,Berlin-6475,-25,60,Normal
2026-02-13 03:02:12.954636,Berlin-6475,-26,67,Normal
2026-02-13 03:02:13.954636,Berlin-6475,-27,62,Normal
2026-02-13 03:02:14.954636,Berlin-6475,49,43,Normal
2026-02-13 03:02:15.954636,Berlin-6475,14,16,Normal
2026-02-13 03:02:16.954636,Berlin-6475,27,15,Normal
2026-02-13 03:02:17.954636,Berlin-6475,-21,69,Normal
2026-02-13 03:02:18.954636,Berlin-6475,15,11,Normal
2026-02-13 03:02:19.954636,Berlin-6475,42,67,Normal
2026-02-13 03:02:20.954636,Berlin-6475,-30,53,Normal
2026-02-13 03:02:21.954636,Berlin-6475,24,71,Normal
2026-02-13 03:02:22.954636,Berlin-6475,7,37,Normal
2026-02-13 03:02:23.954636,Berlin-6475,-20,79,Normal
2026-02-13 03:02:24.954636,Berlin-6475,-7,51,Normal
2026-02-13 03:02:25.954636,Berlin-6475,19,82,Normal
2026-02-13 03:02:26.954636,Berlin-6475,1,89,Normal
2026-02-13 03:02:27.954636,Berlin-6475,29,73,Normal
2026-02-13 03:02:28.954636,Berlin-6475,-15,43,Normal
2026-02-13 03:02:29.954636,Berlin-6475,-30,38,Normal
2026-02-13 03:02:30.954636,Berlin-6475,8,44,Normal
2026-02-13 03:02:31.954636,Berlin-6475,8,28,Normal
2026-02-13 03:02:32.954636,Berlin-6475,46,44,Normal
2026-02-13 03:02:33.954636,Berlin-6475,-17,1,Normal
2026-02-13 03:02:34.954636,Berlin-6475,-25,34,Normal
2026-02-13 03:02:35.954636,Berlin-6475,17,51,Normal
2026-02-13 03:02:36.954636,Berlin-6475,26,65,Normal
2026-02-13 03:02:37.954636,Berlin-6475,-24,9,Normal
2026-02-13 03:02:38.954636,Berlin-6475,35,41,Normal
2026-02-13 03:02:39.954636,Berlin-6475,25,63,Normal
2026-02-13 03:02:40.954636,Berlin-6475,16,53,Normal
2026-02-13 03:02:41.954636,Berlin-6475,19,55,Normal
2026-02-13 03:02:42.954636,Berlin-6475,33,3,Normal
2026-02-13 03:02:43.954636,Berlin-6475,9,79,Normal
2026-02-13 03:02:44.954636,Berlin-6475,28,75,Normal
2026-02-13 03:02:45.954636,Berlin-6475,-4,27,Normal
2026-02-13 03:02:46.954636,Berlin-6475,-26,96,Normal
2026-02-13 03:02:47.954636,Berlin-6475,-9,90,Normal
2026-02-13 03:02:48.954636,Berlin-6475,36,81,Normal
2026-02-13 03:02:49.954636,Berlin-6475,32,53,Normal
2026-02-13 03:02:50.954636,Berlin-6475,3,60,Normal
2026-02-13 03:02:51.954636,Berlin-6475,-23,1,Normal
2026-02-13 03:02:52.954636,Berlin-6475,2,80,Normal
2026-02-13 03:02:53.954636,Berlin-6475,-4,13,Normal
2026-02-13 03:02:54.954636,Berlin-6475,-18,71,Normal
2026-02-13 03:02:55.954636,Berlin-6475,-14,89,Normal
2026-02-13 03:02:56.954636,Berlin-6475,43,78,Normal
2026-02-13 03:02:57.954636,Berlin-6475,37,90,Normal
2026-02-13 03:02:58.954636,Berlin-6475,27,59,Normal
2026-02-13 03:02:59.954636,Berlin-6475,-7,7,Normal
2026-02-13 03:03:00.954636,Berlin-6475,18,71,Normal
2026-02-13 03:03:01.954636,Berlin-6475,40,49,Normal
2026-02-13 03:03:02.954636,Berlin-6475,13,84,Normal
2026-02-13 03:03:03.954636,Berlin-6475,48,17,Normal
2026-02-13 03:03:04.954636,Berlin-6475,-9,40,Normal
2026-02-13 03:03:05.954636,Berlin-6475,-28,8,Normal
2026-02-13 03:03:06.954636,Berlin-6475,47,48,Normal
2026-02-13 03:03:07.954636,Berlin-6475,-24,16,Normal
2026-02-13 03:03:08.954636,Berlin-6475,-15,70,Normal
2026-02-13 03:03:09.954636,Berlin-6475,46,82,Normal
2026-02-13 03:03:10.954636,Berlin-6475,-10,60,Normal
2026-02-13 03:03:11.954636,Berlin-6475,-13,40,Normal
2026-02-13 03:03:12.954636,Berlin-6475,38,70,Normal
2026-02-13 03:03:13.954636,Berlin-6475,-25,41,Normal
2026-02-13 03:03:14.954636,Berlin-6475,-22,3,Normal
2026-02-13 03:03:15.954636,Berlin-6475,-20,66,Normal
2026-02-13 03:03:16.954636,Berlin-6475,11,70,Normal
2026-02-13 03:03:17.954636,Berlin-6475,33,69,Normal
2026-02-13 03:03:18.954636,Berlin-6475,19,97,Normal
2026-02-13 03:03:19.954636,Berlin-6475,43,43,Normal
2026-02-13 03:03:20.954636,Berlin-6475,50,28,Normal
2026-02-13 03:03:21.954636,Berlin-6475,-21,45,Normal
2026-02-13 03:03:22.954636,Berlin-6475,-30,2,Normal
2026-02-13 03:03:23.954636,Berlin-6475,11,8,Normal
2026-02-13 03:03:24.954636,Berlin-6475,37,51,Normal
2026-02-13 03:03:25.954636,Berlin-6475,33,13,Normal
2026-02-13 03:03:26.954636,Berlin-6475,46,96,Normal
2026-02-13 03:03:27.954636,Berlin-6475,26,28,Normal
2026-02-13 03:03:28.954636,Berlin-6475,50,85,Normal
2026-02-13 03:03:29.954636,Berlin-6475,45,9,Normal
2026-02-13 03:03:30.954636,Berlin-6475,19,18,Normal
2026-02-13 03:03:31.954636,Berlin-6475,-21,31,Normal
2026-02-13 03:03:32.954636,Berlin-6475,-20,27,Normal
2026-02-13 03:03:33.954636,Berlin-6475,-13,28,Normal
2026-02-13 03:03:34.954636,Berlin-6475,-15,42,Normal
2026-02-13 03:03:35.954636,Berlin-6475,-4,49,Normal
2026-02-13 03:03:36.954636,Berlin-6475,-20,6,Normal
2026-02-13 03:03:37.954636,Berlin-6475,46,3,Normal
2026-02-13 03:03:38.954636,Berlin-6475,0,27,Normal
2026-02-13 03:03:39.954636,Berlin-6475,-16,15,Normal
2026-02-13 03:03:40.954636,Berlin-6475,-30,52,Normal
2026-02-13 03:03:41.954636,Berlin-6475,-28,68,Normal
2026-02-13 03:03:42.954636,Berlin-6475,31,95,Normal
2026-02-13 03:03:43.954636,Berlin-6475,8,40,Normal
2026-02-13 03:03:44.954636,Berlin-6475,2,20,Normal
2026-02-13 03:03:45.954636,Berlin-6475,39,66,Normal
2026-02-13 03:03:46.954636,Berlin-6475,-6,87,Normal
2026-02-13 03:03:47.954636,Berlin-6475,36,94,Normal
2026-02-13 03:03:48.954636,Berlin-6475,18,9,Normal
2026-02-13 03:03:49.954636,Berlin-6475,-5,63,Normal
2026-02-13 03:03:50.954636,Berlin-6475,49,42,Normal
2026-02-13 03:03:51.954636,Berlin-6475,17,83,Normal
2026-02-13 03:03:52.954636,Berlin-6475,33,32,Normal
2026-02-13 03:03:53.954636,Berlin-6475,11,99,Normal
2026-02-13 03:03:54.954636,Berlin-6475,43,88,Normal
2026-02-13 03:03:55.954636,Berlin-6475,27,43,Normal
2026-02-13 03:03:56.954636,Berlin-6475,7,15,Normal
2026-02-13 03:03:57.954636,Berlin-6475,-12,71,Normal
2026-02-13 03:03:58.954636,Berlin-6475,45,98,Normal
2026-02-13 03:03:59.954636,Berlin-6475,1,31,Normal
2026-02-13 03:04:00.954636,Berlin-6475,7,91,Normal
2026-02-13 03:04:01.954636,Berlin-6475,-26,59,Normal
2026-02-13 03:04:02.954636,Berlin-6475,4,89,Normal
2026-02-13 03:04:03.954636,Berlin-6475,29,91,Normal
2026-02-13 03:04:04.954636,Berlin-6475,-7,100,Normal
2026-02-13 03:04:05.954636,Berlin-6475,-22,46,Normal
2026-02-13 03:04:06.954636,Berlin-6475,25,62,Normal
2026-02-13 03:04:07.954636,Berlin-6475,48,82,Normal
2026-02-13 03:04:08.954636,Berlin-6475,37,33,Normal
2026-02-13 03:04:09.954636,Berlin-6475,29,71,Normal
2026-02-13 03:04:10.954636,Berlin-6475,-8,61,Normal
2026-02-13 03:04:11.954636,Berlin-6475,-27,39,Normal
2026-02-13 03:04:12.954636,Berlin-6475,25,72,Normal
2026-02-13 03:04:13.954636,Berlin-6475,29,61,Normal
2026-02-13 03:04:14.954636,Berlin-6475,14,47,Normal
2026-02-13 03:04:15.954636,Berlin-6475,-11,75,Normal
2026-02-13 03:04:16.954636,Berlin-6475,-16,16,Normal
2026-02-13 03:04:17.954636,Berlin-6475,21,55,Normal
2026-02-13 03:04:18.954636,Berlin-6475,17,16,Normal
2026-02-13 03:04:19.954636,Berlin-6475,39,4,Normal
2026-02-13 03:04:20.954636,Berlin-6475,27,51,Normal
2026-02-13 03:04:21.954636,Berlin-6475,5,56,Normal
2026-02-13 03:04:22.954636,Berlin-6475,21,61,Normal
2026-02-13 03:04:23.954636,Berlin-6475,49,47,Normal
2026-02-13 03:04:24.954636,Berlin-6475,34,63,Normal
2026-02-13 03:04:25.954636,Berlin-6475,20,67,Normal
2026-02-13 03:04:26.954636,Berlin-6475,-7,71,Normal
2026-02-13 03:04:27.954636,Berlin-6475,-15,12,Normal
2026-02-13 03:04:28.954636,Berlin-6475,-3,62,Normal
2026-02-13 03:04:29.954636,Berlin-6475,-27,33,Normal
2026-02-13 03:04:30.954636,Berlin-6475,24,14,Normal
2026-02-13 03:04:31.954636,Berlin-6475,-14,37,Normal
2026-02-13 03:04:32.954636,Berlin-6475,-28,35,Normal
2026-02-13 03:04:33.954636,Berlin-6475,15,16,Normal
2026-02-13 03:04:34.954636,Berlin-6475,5,20,Normal
2026-02-13 03:04:35.954636,Berlin-6475,9,41,Normal
2026-02-13 03:04:36.954636,Berlin-6475,21,56,Normal
2026-02-13 03:04:37.954636,Berlin-6475,37,39,Normal
2026-02-13 03:04:38.954636,Berlin-6475,7,36,Normal
2026-02-13 03:04:39.954636,Berlin-6475,39,1,Normal
2026-02-13 03:04:40.954636,Berlin-6475,24,97,Normal
2026-02-13 03:04:41.954636,Berlin-6475,25,58,Normal
2026-02-13 03:04:42.954636,Berlin-6475,22,64,Normal
2026-02-13 03:04:43.954636,Berlin-6475,44,59,Normal
2026-02-13 03:04:44.954636,Berlin-6475,-20,64,Normal
2026-02-13 03:04:45.954636,Berlin-6475,47,67,Normal
2026-02-13 03:04:46.954636,Berlin-6475,39,18,Normal
2026-02-13 03:04:47.954636,Berlin-6475,-19,25,Normal
2026-02-13 03:04:48.954636,Berlin-6475,-25,73,Normal
2026-02-13 03:04:49.954636,Berlin-6475,43,58,Normal
2026-02-13 03:04:50.954636,Berlin-6475,-2,17,Normal
2026-02-13 03:04:51.954636,Berlin-6475,-9,62,Normal
2026-02-13 03:04:52.954636,Berlin-6475,-30,10,Normal
2026-02-13 03:04:53.954636,Berlin-6475,-25,40,Normal
2026-02-13 03:04:54.954636,Berlin-6475,-4,25,Normal
2026-02-13 03:04:55.954636,Berlin-6475,-24,20,Normal
2026-02-13 03:04:56.954636,Berlin-6475,27,82,Normal
2026-02-13 03:04:57.954636,Berlin-6475,7,75,Normal
2026-02-13 03:04:58.954636,Berlin-6475,8,11,Normal
2026-02-13 03:04:59.954636,Berlin-6475,-28,53,Normal
2026-02-13 03:05:00.954636,Berlin-6475,-20,92,Normal
2026-02-13 03:05:01.954636,Berlin-6475,-1,87,Normal
2026-02-13 03:05:02.954636,Berlin-6475,-26,98,Normal
2026-02-13 03:05:03.954636,Berlin-6475,8,22,Normal
2026-02-13 03:05:04.954636,Berlin-6475,-26,56,Normal
2026-02-13 03:05:05.954636,Berlin-6475,11,33,Normal
2026-02-13 03:05:06.954636,Berlin-6475,23,23,Normal
2026-02-13 03:05:07.954636,Berlin-6475,17,6,Normal
2026-02-13 03:05:08.954636,Berlin-6475,-6,69,Normal
2026-02-13 03:05:09.954636,Berlin-6475,-11,92,Normal
2026-02-13 03:05:10.954636,Berlin-6475,14,77,Normal
2026-02-13 03:05:11.954636,Berlin-6475,32,16,Normal
2026-02-13 03:05:12.954636,Berlin-6475,16,70,Normal
2026-02-13 03:05:13.954636,Berlin-6475,-4,80,Normal
2026-02-13 03:05:14.954636,Berlin-6475,-6,87,Normal
2026-02-13 03:05:15.954636,Berlin-6475,-5,70,Normal
2026-02-13 03:05:16.954636,Berlin-6475,9,42,Normal
2026-02-13 03:05:17.954636,Berlin-6475,-21,39,Normal
2026-02-13 03:05:18.954636,Berlin-6475,12,39,Normal
2026-02-13 03:05:19.954636,Berlin-6475,-27,25,Normal
2026-02-13 03:05:20.954636,Berlin-6475,-18,18,Normal
2026-02-13 03:05:21.954636,Berlin-6475,13,31,Normal
2026-02-13 03:05:22.954636,Berlin-6475,-4,81,Normal
2026-02-13 03:05:23.954636,Berlin-6475,34,84,Normal
2026-02-13 03:05:24.954636,Berlin-6475,-9,77,Normal
2026-02-13 03:05:25.954636,Berlin-6475,-9,83,Normal
2026-02-13 03:05:26.954636,Berlin-6475,-8,96,Normal
2026-02-13 03:05:27.954636,Berlin-6475,-5,52,Normal
2026-02-13 03:05:28.954636,Berlin-6475,34,20,Normal
2026-02-13 03:05:29.954636,Berlin-6475,25,11,Normal
2026-02-13 03:05:30.954636,Berlin-6475,17,94,Normal
2026-02-13 03:05:31.954636,Berlin-6475,42,53,Normal
2026-02-13 03:05:32.954636,Berlin-6475,-5,78,Normal
2026-02-13 03:05:33.954636,Berlin-6475,35,94,Normal
2026-02-13 03:05:34.954636,Berlin-6475,17,23,Normal
2026-02-13 03:05:35.954636,Berlin-6475,-24,96,Normal
2026-02-13 03:05:36.954636,Berlin-6475,2,93,Normal
2026-02-13 03:05:37.954636,Berlin-6475,-30,97,Normal
2026-02-13 03:05:38.954636,Berlin-6475,9,51,Normal
2026-02-13 03:05:39.954636,Berlin-6475,42,39,Normal
2026-02-13 03:05:40.954636,Berlin-6475,9,36,Normal
2026-02-13 03:05:41.954636,Berlin-6475,22,11,Normal
2026-02-13 03:05:42.954636,Berlin-6475,42,17,Normal
2026-02-13 03:05:43.954636,Berlin-6475,26,71,Normal
2026-02-13 03:05:44.954636,Berlin-6475,-17,44,Normal
2026-02-13 03:05:45.954636,Berlin-6475,47,44,Normal
2026-02-13 03:05:46.954636,Berlin-6475,-19,90,Normal
2026-02-13 03:05:47.954636,Berlin-6475,16,16,Normal
2026-02-13 03:05:48.954636,Berlin-6475,21,34,Normal
2026-02-13 03:05:49.954636,Berlin-6475,35,15,Normal
2026-02-13 03:05:50.954636,Berlin-6475,20,56,Normal
2026-02-13 03:05:51.954636,Berlin-6475,-18,2,Normal
2026-02-13 03:05:52.954636,Berlin-6475,45,76,Normal
2026-02-13 03:05:53.954636,Berlin-6475,39,76,Normal
2026-02-13 03:05:54.954636,Berlin-6475,12,61,Normal
2026-02-13 03:05:55.954636,Berlin-6475,41,14,Normal
2026-02-13 03:05:56.954636,Berlin-6475,19,53,Normal
2026-02-13 03:05:57.954636,Berlin-6475,-21,65,Normal
2026-02-13 03:05:58.954636,Berlin-6475,28,52,Normal
2026-02-13 03:05:59.954636,Berlin-6475,-12,36,Normal
2026-02-13 03:06:00.954636,Berlin-6475,-20,37,Normal
2026-02-13 03:06:01.954636,Berlin-6475,-8,75,Normal
2026-02-13 03:06:02.954636,Berlin-6475,26,19,Normal
2026-02-13 03:06:03.954636,Berlin-6475,37,65,Normal
2026-02-13 03:06:04.954636,Berlin-6475,-27,53,Normal
2026-02-13 03:06:05.954636,Berlin-6475,-5,24,Normal
2026-02-13 03:06:06.954636,Berlin-6475,34,23,Normal
2026-02-13 03:06:07.954636,Berlin-6475,23,40,Normal
2026-02-13 03:06:08.954636,Berlin-6475,-3,57,Normal
2026-02-13 03:06:09.954636,Berlin-6475,29,34,Normal
2026-02-13 03:06:10.954636,Berlin-6475,-20,45,Normal
2026-02-13 03:06:11.954636,Berlin-6475,-14,23,Normal
2026-02-13 03:06:12.954636,Berlin-6475,-29,18,Normal
2026-02-13 03:06:13.954636,Berlin-6475,6,91,Normal
2026-02-13 03:06:14.954636,Berlin-6475,35,68,Normal
2026-02-13 03:06:15.954636,Berlin-6475,-16,40,Normal
2026-02-13 03:06:16.954636,Berlin-6475,-7,41,Normal
2026-02-13 03:06:17.954636,Berlin-6475,-9,24,Normal
2026-02-13 03:06:18.954636,Berlin-6475,10,7,Normal
2026-02-13 03:06:19.954636,Berlin-6475,-30,72,Normal
2026-02-13 03:06:20.954636,Berlin-6475,23,5,Normal
2026-02-13 03:06:21.954636,Berlin-6475,45,23,Normal
2026-02-13 03:06:22.954636,Berlin-6475,-11,37,Normal
2026-02-13 03:06:23.954636,Berlin-6475,17,25,Normal
2026-02-13 03:06:24.954636,Berlin-6475,-5,75,Normal
2026-02-13 03:06:25.954636,Berlin-6475,-27,63,Normal
2026-02-13 03:06:26.954636,Berlin-6475,42,10,Normal
2026-02-13 03:06:27.954636,Berlin-6475,38,0,Normal
2026-02-13 03:06:28.954636,Berlin-6475,-18,53,Normal
2026-02-13 03:06:29.954636,Berlin-6475,-21,81,Normal
2026-02-13 03:06:30.954636,Berlin-6475,-1,82,Normal
2026-02-13 03:06:31.954636,Berlin-6475,-18,48,Normal
2026-02-13 03:06:32.954636,Berlin-6475,7,7,Normal
2026-02-13 03:06:33.954636,Berlin-6475,17,88,Normal
2026-02-13 03:06:34.954636,Berlin-6475,20,2,Normal
2026-02-13 03:06:35.954636,Berlin-6475,6,5,Normal
2026-02-13 03:06:36.954636,Berlin-6475,-9,76,Normal
2026-02-13 03:06:37.954636,Berlin-6475,12,8,Normal
2026-02-13 03:06:38.954636,Berlin-6475,10,39,Normal
2026-02-13 03:06:39.954636,Berlin-6475,-27,90,Normal
2026-02-13 03:06:40.954636,Berlin-6475,35,47,Normal
2026-02-13 03:06:41.954636,Berlin-6475,22,58,Normal
2026-02-13 03:06:42.954636,Berlin-6475,-19,27,Normal
2026-02-13 03:06:43.954636,Berlin-6475,-23,29,Normal
2026-02-13 03:06:44.954636,Berlin-6475,-2,10,Normal
2026-02-13 03:06:45.954636,Berlin-6475,-13,74,Normal
2026-02-13 03:06:46.954636,Berlin-6475,50,46,Normal
2026-02-13 03:06:47.954636,Berlin-6475,21,33,Normal
2026-02-13 03:06:48.954636,Berlin-6475,14,89,Normal
2026-02-13 03:06:49.954636,Berlin-6475,37,17,Normal
2026-02-13 03:06:50.954636,Berlin-6475,25,39,Normal
2026-02-13 03:06:51.954636,Berlin-6475,23,7,Normal
2026-02-13 03:06:52.954636,Berlin-6475,-14,1,Normal
2026-02-13 03:06:53.954636,Berlin-6475,-4,44,Normal
2026-02-13 03:06:54.954636,Berlin-6475,13,26,Normal
2026-02-13 03:06:55.954636,Berlin-6475,11,18,Normal
2026-02-13 03:06:56.954636,Berlin-6475,19,64,Normal
2026-02-13 03:06:57.954636,Berlin-6475,7,24,Normal
2026-02-13 03:06:58.954636,Berlin-6475,32,91,Normal
2026-02-13 03:06:59.954636,Berlin-6475,44,40,Normal
2026-02-13 03:07:00.954636,Berlin-6475,-24,31,Normal
2026-02-13 03:07:01.954636,Berlin-6475,-6,52,Normal
2026-02-13 03:07:02.954636,Berlin-6475,10,15,Normal
2026-02-13 03:07:03.954636,Berlin-6475,-19,98,Normal
2026-02-13 03:07:04.954636,Berlin-6475,6,65,Normal
2026-02-13 03:07:05.954636,Berlin-6475,-27,93,Normal
2026-02-13 03:07:06.954636,Berlin-6475,23,46,Normal
2026-02-13 03:07:07.954636,Berlin-6475,-14,35,Normal
2026-02-13 03:07:08.954636,Berlin-6475,40,40,Normal
2026-02-13 03:07:09.954636,Berlin-6475,21,42,Normal
2026-02-13 03:07:10.954636,Berlin-6475,8,58,Normal
2026-02-13 03:07:11.954636,Berlin-6475,27,99,Normal
2026-02-13 03:07:12.954636,Berlin-6475,-7,91,Normal
2026-02-13 03:07:13.954636,Berlin-6475,-5,77,Normal
2026-02-13 03:07:14.954636,Berlin-6475,4,24,Normal
2026-02-13 03:07:15.954636,Berlin-6475,-30,92,Normal
2026-02-13 03:07:16.954636,Berlin-6475,12,79,Normal
2026-02-13 03:07:17.954636,Berlin-6475,50,56,Normal
2026-02-13 03:07:18.954636,Berlin-6475,-22,63,Normal
2026-02-13 03:07:19.954636,Berlin-6475,39,87,Normal
2026-02-13 03:07:20.954636,Berlin-6475,13,99,Normal
2026-02-13 03:07:21.954636,Berlin-6475,14,81,Normal
2026-02-13 03:07:22.954636,Berlin-6475,0,97,Normal
2026-02-13 03:07:23.954636,Berlin-6475,38,48,Normal
2026-02-13 03:07:24.954636,Berlin-6475,-6,5,Normal
2026-02-13 03:07:25.954636,Berlin-6475,49,37,Normal
2026-02-13 03:07:26.954636,Berlin-6475,21,51,Normal
2026-02-13 03:07:27.954636,Berlin-6475,5,38,Normal
2026-02-13 03:07:28.954636,Berlin-6475,22,38,Normal
2026-02-13 03:07:29.954636,Berlin-6475,-23,95,Normal
2026-02-13 03:07:30.954636,Berlin-6475,-29,33,Normal
2026-02-13 03:07:31.954636,Berlin-6475,-14,18,Normal
2026-02-13 03:07:32.954636,Berlin-6475,-14,89,Normal
2026-02-13 03:07:33.954636,Berlin-6475,1,77,Normal
2026-02-13 03:07:34.954636,Berlin-6475,8,36,Normal
2026-02-13 03:07:35.954636,Berlin-6475,-6,83,Normal
2026-02-13 03:07:36.954636,Berlin-6475,-21,45,Normal
2026-02-13 03:07:37.954636,Berlin-6475,-17,3,Normal
2026-02-13 03:07:38.954636,Berlin-6475,-18,18,Normal
2026-02-13 03:07:39.954636,Berlin-6475,29,33,Normal
2026-02-13 03:07:40.954636,Berlin-6475,17,48,Normal
2026-02-13 03:07:41.954636,Berlin-6475,-11,96,Normal
2026-02-13 03:07:42.954636,Berlin-6475,-27,36,Normal
2026-02-13 03:07:43.954636,Berlin-6475,24,2,Normal
2026-02-13 03:07:44.954636,Berlin-6475,49,95,Normal
2026-02-13 03:07:45.954636,Berlin-6475,34,72,Normal
2026-02-13 03:07:46.954636,Berlin-6475,13,60,Normal
2026-02-13 03:07:47.954636,Berlin-6475,35,49,Normal
2026-02-13 03:07:48.954636,Berlin-6475,2,59,Normal
2026-02-13 03:07:49.954636,Berlin-6475,34,38,Normal
2026-02-13 03:07:50.954636,Berlin-6475,34,81,Normal
2026-02-13 03:07:51.954636,Berlin-6475,24,65,Normal
2026-02-13 03:07:52.954636,Berlin-6475,-15,53,Normal
2026-02-13 03:07:53.954636,Berlin-6475,48,68,Normal
2026-02-13 03:07:54.954636,Berlin-6475,7,10,Normal
2026-02-13 03:07:55.954636,Berlin-6475,38,30,Normal
2026-02-13 03:07:56.954636,Berlin-6475,-13,72,Normal
2026-02-13 03:07:57.954636,Berlin-6475,-23,63,Normal
2026-02-13 03:07:58.954636,Berlin-6475,40,86,Normal
2026-02-13 03:07:59.954636,Berlin-6475,39,47,Normal
2026-02-13 03:08:00.954636,Berlin-6475,-30,57,Normal
2026-02-13 03:08:01.954636,Berlin-6475,-12,28,Normal
2026-02-13 03:08:02.954636,Berlin-6475,-9,58,Normal
2026-02-13 03:08:03.954636,Berlin-6475,19,89,Normal
2026-02-13 03:08:04.954636,Berlin-6475,-26,48,Normal
2026-02-13 03:08:05.954636,Berlin-6475,-8,46,Normal
2026-02-13 03:08:06.954636,Berlin-6475,36,17,Normal
2026-02-13 03:08:07.954636,Berlin-6475,47,84,Normal
2026-02-13 03:08:08.954636,Berlin-6475,0,1,Normal
2026-02-13 03:08:09.954636,Berlin-6475,27,23,Normal
2026-02-13 03:08:10.954636,Berlin-6475,44,75,Normal
2026-02-13 03:08:11.954636,Berlin-6475,-2,45,Normal
2026-02-13 03:08:12.954636,Berlin-6475,-27,8,Normal
2026-02-13 03:08:13.954636,Berlin-6475,-6,6,Normal
2026-02-13 03:08:14.954636,Berlin-6475,-29,42,Normal
2026-02-13 03:08:15.954636,Berlin-6475,-3,10,Normal
2026-02-13 03:08:16.954636,Berlin-6475,-13,9,Normal
2026-02-13 03:08:17.954636,Berlin-6475,-11,80,Normal
2026-02-13 03:08:18.954636,Berlin-6475,-17,57,Normal
2026-02-13 03:08:19.954636,Berlin-6475,-1,75,Normal
2026-02-13 03:08:20.954636,Berlin-6475,14,75,Normal
2026-02-13 03:08:21.954636,Berlin-6475,3,71,Normal
2026-02-13 03:08:22.954636,Berlin-6475,33,20,Normal
2026-02-13 03:08:23.954636,Berlin-6475,-12,5,Normal
2026-02-13 03:08:24.954636,Berlin-6475,46,91,Normal
2026-02-13 03:08:25.954636,Berlin-6475,22,52,Normal
2026-02-13 03:08:26.954636,Berlin-6475,44,94,Normal
2026-02-13 03:08:27.954636,Berlin-6475,39,46,Normal
2026-02-13 03:08:28.954636,Berlin-6475,-23,46,Normal
2026-02-13 03:08:29.954636,Berlin-6475,13,28,Normal
2026-02-13 03:08:30.954636,Berlin-6475,-5,36,Normal
2026-02-13 03:08:31.954636,Berlin-6475,-19,70,Normal
2026-02-13 03:08:32.954636,Berlin-6475,46,42,Normal
2026-02-13 03:08:33.954636,Berlin-6475,-28,66,Normal
2026-02-13 03:08:34.954636,Berlin-6475,21,40,Normal
2026-02-13 03:08:35.954636,Berlin-6475,-4,16,Normal
2026-02-13 03:08:36.954636,Berlin-6475,-20,67,Normal
2026-02-13 03:08:37.954636,Berlin-6475,25,58,Normal
2026-02-13 03:08:38.954636,Berlin-6475,13,98,Normal
2026-02-13 03:08:39.954636,Berlin-6475,4,2,Normal
2026-02-13 03:08:40.954636,Berlin-6475,36,91,Normal
2026-02-13 03:08:41.954636,Berlin-6475,41,9,Normal
2026-02-13 03:08:42.954636,Berlin-6475,-26,7,Normal
2026-02-13 03:08:43.954636,Berlin-6475,8,70,Normal
2026-02-13 03:08:44.954636,Berlin-6475,27,24,Normal
2026-02-13 03:08:45.954636,Berlin-6475,-14,12,Normal
2026-02-13 03:08:46.954636,Berlin-6475,15,95,Normal
2026-02-13 03:08:47.954636,Berlin-6475,21,52,Normal
2026-02-13 03:08:48.954636,Berlin-6475,27,85,Normal
2026-02-13 03:08:49.954636,Berlin-6475,47,83,Normal
2026-02-13 03:08:50.954636,Berlin-6475,-13,80,Normal
2026-02-13 03:08:51.954636,Berlin-6475,43,74,Normal
2026-02-13 03:08:52.954636,Berlin-6475,47,98,Normal
2026-02-13 03:08:53.954636,Berlin-6475,0,98,Normal
2026-02-13 03:08:54.954636,Berlin-6475,3,13,Normal
2026-02-13 03:08:55.954636,Berlin-6475,27,54,Normal
2026-02-13 03:08:56.954636,Berlin-6475,33,94,Normal
2026-02-13 03:08:57.954636,Berlin-6475,38,6,Normal
2026-02-13 03:08:58.954636,Berlin-6475,4,39,Normal
2026-02-13 03:08:59.954636,Berlin-6475,14,84,Normal
2026-02-13 03:09:00.954636,Berlin-6475,-8,100,Normal
2026-02-13 03:09:01.954636,Berlin-6475,-13,48,Normal
2026-02-13 03:09:02.954636,Berlin-6475,25,48,Normal
2026-02-13 03:09:03.954636,Berlin-6475,7,65,Normal
2026-02-13 03:09:04.954636,Berlin-6475,29,53,Normal
2026-02-13 03:09:05.954636,Berlin-6475,8,25,Normal
2026-02-13 03:09:06.954636,Berlin-6475,-24,46,Normal
2026-02-13 03:09:07.954636,Berlin-6475,-10,56,Normal
2026-02-13 03:09:08.954636,Berlin-6475,25,30,Normal
2026-02-13 03:09:09.954636,Berlin-6475,-22,52,Normal
2026-02-13 03:09:10.954636,Berlin-6475,32,91,Normal
2026-02-13 03:09:11.954636,Berlin-6475,44,16,Normal
2026-02-13 03:09:12.954636,Berlin-6475,25,59,Normal
2026-02-13 03:09:13.954636,Berlin-6475,8,81,Normal
2026-02-13 03:09:14.954636,Berlin-6475,11,81,Normal
2026-02-13 03:09:15.954636,Berlin-6475,20,12,Normal
2026-02-13 03:09:16.954636,Berlin-6475,12,98,Normal
2026-02-13 03:09:17.954636,Berlin-6475,-1,79,Normal
2026-02-13 03:09:18.954636,Berlin-6475,39,43,Normal
2026-02-13 03:09:19.954636,Berlin-6475,50,73,Normal
2026-02-13 03:09:20.954636,Berlin-6475,-9,53,Normal
2026-02-13 03:09:21.954636,Berlin-6475,44,6,Normal
2026-02-13 03:09:22.954636,Berlin-6475,17,14,Normal
2026-02-13 03:09:23.954636,Berlin-6475,34,54,Normal
2026-02-13 03:09:24.954636,Berlin-6475,-18,49,Normal
2026-02-13 03:09:25.954636,Berlin-6475,-29,55,Normal
2026-02-13 03:09:26.954636,Berlin-6475,-8,55,Normal
2026-02-13 03:09:27.954636,Berlin-6475,48,2,Normal
2026-02-13 03:09:28.954636,Berlin-6475,21,30,Normal
2026-02-13 03:09:29.954636,Berlin-6475,-11,24,Normal
2026-02-13 03:09:30.954636,Berlin-6475,26,52,Normal
2026-02-13 03:09:31.954636,Berlin-6475,9,27,Normal
2026-02-13 03:09:32.954636,Berlin-6475,-6,92,Normal
2026-02-13 03:09:33.954636,Berlin-6475,-5,0,Normal
2026-02-13 03:09:34.954636,Berlin-6475,8,79,Normal
2026-02-13 03:09:35.954636,Berlin-6475,-23,53,Normal
2026-02-13 03:09:36.954636,Berlin-6475,40,73,Normal
2026-02-13 03:09:37.954636,Berlin-6475,1,97,Normal
2026-02-13 03:09:38.954636,Berlin-6475,25,77,Normal
2026-02-13 03:09:39.954636,Berlin-6475,-23,6,Normal
2026-02-13 03:09:40.954636,Berlin-6475,35,42,Normal
2026-02-13 03:09:41.954636,Berlin-6475,30,71,Normal
2026-02-13 03:09:42.954636,Berlin-6475,7,46,Normal
2026-02-13 03:09:43.954636,Berlin-6475,29,66,Normal
2026-02-13 03:09:44.954636,Berlin-6475,23,53,Normal
2026-02-13 03:09:45.954636,Berlin-6475,41,12,Normal
2026-02-13 03:09:46.954636,Berlin-6475,14,52,Normal
2026-02-13 03:09:47.954636,Berlin-6475,-30,81,Normal
2026-02-13 03:09:48.954636,Berlin-6475,-20,19,Normal
2026-02-13 03:09:49.954636,Berlin-6475,30,70,Normal
2026-02-13 03:09:50.954636,Berlin-6475,-18,76,Normal
2026-02-13 03:09:51.954636,Berlin-6475,25,56,Normal
2026-02-13 03:09:52.954636,Berlin-6475,-17,54,Normal
2026-02-13 03:09:53.954636,Berlin-6475,-4,67,Normal
2026-02-13 03:09:54.954636,Berlin-6475,7,79,Normal
2026-02-13 03:09:55.954636,Berlin-6475,22,61,Normal
2026-02-13 03:09:56.954636,Berlin-6475,-11,9,Normal
2026-02-13 03:09:57.954636,Berlin-6475,17,100,Normal
2026-02-13 03:09:58.954636,Berlin-6475,3,63,Normal
2026-02-13 03:09:59.954636,Berlin-6475,5,49,Normal
2026-02-13 03:10:00.954636,Berlin-6475,-9,5,Normal
2026-02-13 03:10:01.954636,Berlin-6475,-29,6,Normal
2026-02-13 03:10:02.954636,Berlin-6475,16,32,Normal
2026-02-13 03:10:03.954636,Berlin-6475,16,54,Normal
2026-02-13 03:10:04.954636,Berlin-6475,-15,86,Normal
2026-02-13 03:10:05.954636,Berlin-6475,14,19,Normal
2026-02-13 03:10:06.954636,Berlin-6475,47,33,Normal
2026-02-13 03:10:07.954636,Berlin-6475,26,79,Normal
2026-02-13 03:10:08.954636,Berlin-6475,30,48,Normal
2026-02-13 03:10:09.954636,Berlin-6475,37,52,Normal
2026-02-13 03:10:10.954636,Berlin-6475,-23,3,Normal
2026-02-13 03:10:11.954636,Berlin-6475,-19,32,Normal
2026-02-13 03:10:12.954636,Berlin-6475,15,82,Normal
2026-02-13 03:10:13.954636,Berlin-6475,23,21,Normal
2026-02-13 03:10:14.954636,Berlin-6475,6,67,Normal
2026-02-13 03:10:15.954636,Berlin-6475,-26,65,Normal
2026-02-13 03:10:16.954636,Berlin-6475,15,53,Normal
2026-02-13 03:10:17.954636,Berlin-6475,19,77,Normal
2026-02-13 03:10:18.954636,Berlin-6475,8,82,Normal
2026-02-13 03:10:19.954636,Berlin-6475,-6,43,Normal
2026-02-13 03:10:20.954636,Berlin-6475,12,36,Normal
2026-02-13 03:10:21.954636,Berlin-6475,30,56,Normal
2026-02-13 03:10:22.954636,Berlin-6475,-11,42,Normal
2026-02-13 03:10:23.954636,Berlin-6475,40,95,Normal
2026-02-13 03:10:24.954636,Berlin-6475,10,89,Normal
2026-02-13 03:10:25.954636,Berlin-6475,-11,59,Normal
2026-02-13 03:10:26.954636,Berlin-6475,16,45,Normal
2026-02-13 03:10:27.954636,Berlin-6475,46,77,Normal
2026-02-13 03:10:28.954636,Berlin-6475,35,40,Normal
2026-02-13 03:10:29.954636,Berlin-6475,43,71,Normal
2026-02-13 03:10:30.954636,Berlin-6475,-8,74,Normal
2026-02-13 03:10:31.954636,Berlin-6475,12,25,Normal
2026-02-13 03:10:32.954636,Berlin-6475,-13,97,Normal
2026-02-13 03:10:33.954636,Berlin-6475,8,10,Normal
2026-02-13 03:10:34.954636,Berlin-6475,15,4,Normal
2026-02-13 03:10:35.954636,Berlin-6475,-5,26,Normal
2026-02-13 03:10:36.954636,Berlin-6475,3,49,Normal
2026-02-13 03:10:37.954636,Berlin-6475,37,71,Normal
2026-02-13 03:10:38.954636,Berlin-6475,-24,47,Normal
2026-02-13 03:10:39.954636,Berlin-6475,33,64,Normal
2026-02-13 03:10:40.954636,Berlin-6475,-4,6,Normal
2026-02-13 03:10:41.954636,Berlin-6475,-26,96,Normal
2026-02-13 03:10:42.954636,Berlin-6475,41,74,Normal
2026-02-13 03:10:43.954636,Berlin-6475,-12,35,Normal
2026-02-13 03:10:44.954636,Berlin-6475,22,21,Normal
2026-02-13 03:10:45.954636,Berlin-6475,-21,14,Normal
2026-02-13 03:10:46.954636,Berlin-6475,-17,25,Normal
2026-02-13 03:10:47.954636,Berlin-6475,8,98,Normal
2026-02-13 03:10:48.954636,Berlin-6475,7,66,Normal
2026-02-13 03:10:49.954636,Berlin-6475,34,28,Normal
2026-02-13 03:10:50.954636,Berlin-6475,16,91,Normal
2026-02-13 03:10:51.954636,Berlin-6475,36,39,Normal
2026-02-13 03:10:52.954636,Berlin-6475,41,54,Normal
2026-02-13 03:10:53.954636,Berlin-6475,-4,91,Normal
2026-02-13 03:10:54.954636,Berlin-6475,5,37,Normal
2026-02-13 03:10:55.954636,Berlin-6475,39,69,Normal
2026-02-13 03:10:56.954636,Berlin-6475,16,91,Normal
2026-02-13 03:10:57.954636,Berlin-6475,41,13,Normal
2026-02-13 03:10:58.954636,Berlin-6475,2,53,Normal
2026-02-13 03:10:59.954636,Berlin-6475,44,70,Normal
2026-02-13 03:11:00.954636,Berlin-6475,-13,54,Normal
2026-02-13 03:11:01.954636,Berlin-6475,-19,75,Normal
2026-02-13 03:11:02.954636,Berlin-6475,47,65,Normal
2026-02-13 03:11:03.954636,Berlin-6475,48,14,Normal
2026-02-13 03:11:04.954636,Berlin-6475,-26,24,Normal
2026-02-13 03:11:05.954636,Berlin-6475,-8,12,Normal
2026-02-13 03:11:06.954636,Berlin-6475,20,8,Normal
2026-02-13 03:11:07.954636,Berlin-6475,18,34,Normal
2026-02-13 03:11:08.954636,Berlin-6475,26,92,Normal
2026-02-13 03:11:09.954636,Berlin-6475,11,87,Normal
2026-02-13 03:11:10.954636,Berlin-6475,16,53,Normal
2026-02-13 03:11:11.954636,Berlin-6475,22,16,Normal
2026-02-13 03:11:12.954636,Berlin-6475,50,51,Normal
2026-02-13 03:11:13.954636,Berlin-6475,19,4,Normal
2026-02-13 03:11:14.954636,Berlin-6475,7,22,Normal
2026-02-13 03:11:15.954636,Berlin-6475,6,69,Normal
2026-02-13 03:11:16.954636,Berlin-6475,-27,51,Normal
2026-02-13 03:11:17.954636,Berlin-6475,31,4,Normal
2026-02-13 03:11:18.954636,Berlin-6475,-1,45,Normal
2026-02-13 03:11:19.954636,Berlin-6475,41,35,Normal
2026-02-13 03:11:20.954636,Berlin-6475,14,72,Normal
2026-02-13 03:11:21.954636,Berlin-6475,23,67,Normal
2026-02-13 03:11:22.954636,Berlin-6475,-12,25,Normal
2026-02-13 03:11:23.954636,Berlin-6475,-7,50,Normal
2026-02-13 03:11:24.954636,Berlin-6475,-9,63,Normal
2026-02-13 03:11:25.954636,Berlin-6475,2,28,Normal
2026-02-13 03:11:26.954636,Berlin-6475,-9,95,Normal
2026-02-13 03:11:27.954636,Berlin-6475,0,73,Normal
2026-02-13 03:11:28.954636,Berlin-6475,4,43,Normal
2026-02-13 03:11:29.954636,Berlin-6475,-7,59,Normal
2026-02-13 03:11:30.954636,Berlin-6475,49,20,Normal
2026-02-13 03:11:31.954636,Berlin-6475,39,63,Normal
2026-02-13 03:11:32.954636,Berlin-6475,32,48,Normal
2026-02-13 03:11:33.954636,Berlin-6475,-2,73,Normal
2026-02-13 03:11:34.954636,Berlin-6475,-12,75,Normal
2026-02-13 03:11:35.954636,Berlin-6475,15,71,Normal
2026-02-13 03:11:36.954636,Berlin-6475,21,67,Normal
2026-02-13 03:11:37.954636,Berlin-6475,8,81,Normal
2026-02-13 03:11:38.954636,Berlin-6475,41,20,Normal
2026-02-13 03:11:39.954636,Berlin-6475,-23,55,Normal
2026-02-13 03:11:40.954636,Berlin-6475,-19,28,Normal
2026-02-13 03:11:41.954636,Berlin-6475,-11,99,Normal
2026-02-13 03:11:42.954636,Berlin-6475,-29,97,Normal
2026-02-13 03:11:43.954636,Berlin-6475,-22,48,Normal
2026-02-13 03:11:44.954636,Berlin-6475,-25,80,Normal
2026-02-13 03:11:45.954636,Berlin-6475,45,48,Normal
2026-02-13 03:11:46.954636,Berlin-6475,-19,79,Normal
2026-02-13 03:11:47.954636,Berlin-6475,-6,69,Normal
2026-02-13 03:11:48.954636,Berlin-6475,33,30,Normal
2026-02-13 03:11:49.954636,Berlin-6475,21,64,Normal
2026-02-13 03:11:50.954636,Berlin-6475,5,56,Normal
2026-02-13 03:11:51.954636,Berlin-6475,-22,6,Normal
2026-02-13 03:11:52.954636,Berlin-6475,50,24,Normal
2026-02-13 03:11:53.954636,Berlin-6475,-5,8,Normal
2026-02-13 03:11:54.954636,Berlin-6475,26,96,Normal
2026-02-13 03:11:55.954636,Berlin-6475,17,25,Normal
2026-02-13 03:11:56.954636,Berlin-6475,17,4,Normal
2026-02-13 03:11:57.954636,Berlin-6475,3,9,Normal
2026-02-13 03:11:58.954636,Berlin-6475,22,34,Normal
2026-02-13 03:11:59.954636,Berlin-6475,23,43,Normal
2026-02-13 03:12:00.954636,Berlin-6475,-5,1,Normal
2026-02-13 03:12:01.954636,Berlin-6475,4,45,Normal
2026-02-13 03:12:02.954636,Berlin-6475,-8,55,Normal
2026-02-13 03:12:03.954636,Berlin-6475,-14,8,Normal
2026-02-13 03:12:04.954636,Berlin-6475,23,29,Normal
2026-02-13 03:12:05.954636,Berlin-6475,-12,24,Normal
2026-02-13 03:12:06.954636,Berlin-6475,-6,63,Normal
2026-02-13 03:12:07.954636,Berlin-6475,15,84,Normal
2026-02-13 03:12:08.954636,Berlin-6475,48,56,Normal
2026-02-13 03:12:09.954636,Berlin-6475,-3,3,Normal
2026-02-13 03:12:10.954636,Berlin-6475,8,10,Normal
2026-02-13 03:12:11.954636,Berlin-6475,-8,36,Normal
2026-02-13 03:12:12.954636,Berlin-6475,7,15,Normal
2026-02-13 03:12:13.954636,Berlin-6475,21,45,Normal
2026-02-13 03:12:14.954636,Berlin-6475,-7,55,Normal
2026-02-13 03:12:15.954636,Berlin-6475,-27,24,Normal
2026-02-13 03:12:16.954636,Berlin-6475,3,77,Normal
2026-02-13 03:12:17.954636,Berlin-6475,0,81,Normal
2026-02-13 03:12:18.954636,Berlin-6475,12,11,Normal
2026-02-13 03:12:19.954636,Berlin-6475,14,92,Normal
2026-02-13 03:12:20.954636,Berlin-6475,7,77,Normal
2026-02-13 03:12:21.954636,Berlin-6475,2,52,Normal
2026-02-13 03:12:22.954636,Berlin-6475,9,10,Normal
2026-02-13 03:12:23.954636,Berlin-6475,-26,94,Normal
2026-02-13 03:12:24.954636,Berlin-6475,-24,37,Normal
2026-02-13 03:12:25.954636,Berlin-6475,-7,92,Normal
2026-02-13 03:12:26.954636,Berlin-6475,3,93,Normal
2026-02-13 03:12:27.954636,Berlin-6475,-28,11,Normal
2026-02-13 03:12:28.954636,Berlin-6475,33,100,Normal
2026-02-13 03:12:29.954636,Berlin-6475,25,74,Normal
2026-02-13 03:12:30.954636,Berlin-6475,-1,13,Normal
2026-02-13 03:12:31.954636,Berlin-6475,-14,35,Normal
2026-02-13 03:12:32.954636,Berlin-6475,-3,69,Normal
2026-02-13 03:12:33.954636,Berlin-6475,22,50,Normal
2026-02-13 03:12:34.954636,Berlin-6475,6,86,Normal
2026-02-13 03:12:35.954636,Berlin-6475,4,89,Normal
2026-02-13 03:12:36.954636,Berlin-6475,43,78,Normal
2026-02-13 03:12:37.954636,Berlin-6475,-17,7,Normal
2026-02-13 03:12:38.954636,Berlin-6475,9,63,Normal
2026-02-13 03:12:39.954636,Berlin-6475,-18,27,Normal
2026-02-13 03:12:40.954636,Berlin-6475,45,84,Normal
2026-02-13 03:12:41.954636,Berlin-6475,38,98,Normal
2026-02-13 03:12:42.954636,Berlin-6475,26,4,Normal
2026-02-13 03:12:43.954636,Berlin-6475,-30,18,Normal
2026-02-13 03:12:44.954636,Berlin-6475,-28,96,Normal
2026-02-13 03:12:45.954636,Berlin-6475,1,54,Normal
2026-02-13 03:12:46.954636,Berlin-6475,-8,73,Normal
2026-02-13 03:12:47.954636,Berlin-6475,-29,79,Normal
2026-02-13 03:12:48.954636,Berlin-6475,40,20,Normal
2026-02-13 03:12:49.954636,Berlin-6475,11,49,Normal
2026-02-13 03:12:50.954636,Berlin-6475,17,25,Normal
2026-02-13 03:12:51.954636,Berlin-6475,43,38,Normal
2026-02-13 03:12:52.954636,Berlin-6475,48,42,Normal
2026-02-13 03:12:53.954636,Berlin-6475,-20,81,Normal
2026-02-13 03:12:54.954636,Berlin-6475,47,9,Normal
2026-02-13 03:12:55.954636,Berlin-6475,50,11,Normal
2026-02-13 03:12:56.954636,Berlin-6475,-3,88,Normal
2026-02-13 03:12:57.954636,Berlin-6475,5,16,Normal
2026-02-13 03:12:58.954636,Berlin-6475,38,89,Normal
2026-02-13 03:12:59.954636,Berlin-6475,48,80,Normal
2026-02-13 03:13:00.954636,Berlin-6475,19,63,Normal
2026-02-13 03:13:01.954636,Berlin-6475,-19,34,Normal
2026-02-13 03:13:02.954636,Berlin-6475,47,2,Normal
2026-02-13 03:13:03.954636,Berlin-6475,-10,45,Normal
2026-02-13 03:13:04.954636,Berlin-6475,38,31,Normal
2026-02-13 03:13:05.954636,Berlin-6475,40,91,Normal
2026-02-13 03:13:06.954636,Berlin-6475,38,81,Normal
2026-02-13 03:13:07.954636,Berlin-6475,31,91,Normal
2026-02-13 03:13:08.954636,Berlin-6475,7,2,Normal
2026-02-13 03:13:09.954636,Berlin-6475,-14,47,Normal
2026-02-13 03:13:10.954636,Berlin-6475,30,2,Normal
2026-02-13 03:13:11.954636,Berlin-6475,0,19,Normal
2026-02-13 03:13:12.954636,Berlin-6475,-1,30,Normal
2026-02-13 03:13:13.954636,Berlin-6475,20,70,Normal
2026-02-13 03:13:14.954636,Berlin-6475,-21,72,Normal
2026-02-13 03:13:15.954636,Berlin-6475,-16,76,Normal
2026-02-13 03:13:16.954636,Berlin-6475,21,86,Normal
2026-02-13 03:13:17.954636,Berlin-6475,11,67,Normal
2026-02-13 03:13:18.954636,Berlin-6475,27,52,Normal
2026-02-13 03:13:19.954636,Berlin-6475,32,9,Normal
2026-02-13 03:13:20.954636,Berlin-6475,28,44,Normal
2026-02-13 03:13:21.954636,Berlin-6475,-30,73,Normal
2026-02-13 03:13:22.954636,Berlin-6475,3,71,Normal
2026-02-13 03:13:23.954636,Berlin-6475,18,17,Normal
2026-02-13 03:13:24.954636,Berlin-6475,28,58,Normal
2026-02-13 03:13:25.954636,Berlin-6475,47,9,Normal
2026-02-13 03:13:26.954636,Berlin-6475,-17,74,Normal
2026-02-13 03:13:27.954636,Berlin-6475,11,84,Normal
2026-02-13 03:13:28.954636,Berlin-6475,4,53,Normal
2026-02-13 03:13:29.954636,Berlin-6475,-30,24,Normal
2026-02-13 03:13:30.954636,Berlin-6475,28,70,Normal
2026-02-13 03:13:31.954636,Berlin-6475,50,51,Normal
2026-02-13 03:13:32.954636,Berlin-6475,39,41,Normal
2026-02-13 03:13:33.954636,Berlin-6475,10,44,Normal
2026-02-13 03:13:34.954636,Berlin-6475,33,9,Normal
2026-02-13 03:13:35.954636,Berlin-6475,-23,10,Normal
2026-02-13 03:13:36.954636,Berlin-6475,9,13,Normal
2026-02-13 03:13:37.954636,Berlin-6475,-21,65,Normal
2026-02-13 03:13:38.954636,Berlin-6475,20,11,Normal
2026-02-13 03:13:39.954636,Berlin-6475,27,89,Normal
2026-02-13 03:13:40.954636,Berlin-6475,1,12,Normal
2026-02-13 03:13:41.954636,Berlin-6475,11,76,Normal
2026-02-13 03:13:42.954636,Berlin-6475,-19,31,Normal
2026-02-13 03:13:43.954636,Berlin-6475,23,73,Normal
2026-02-13 03:13:44.954636,Berlin-6475,7,81,Normal
2026-02-13 03:13:45.954636,Berlin-6475,-21,21,Normal
2026-02-13 03:13:46.954636,Berlin-6475,38,28,Normal
2026-02-13 03:13:47.954636,Berlin-6475,-7,81,Normal
2026-02-13 03:13:48.954636,Berlin-6475,-4,3,Normal
2026-02-13 03:13:49.954636,Berlin-6475,-5,33,Normal
2026-02-13 03:13:50.954636,Berlin-6475,-21,79,Normal
2026-02-13 03:13:51.954636,Berlin-6475,49,22,Normal
2026-02-13 03:13:52.954636,Berlin-6475,7,8,Normal
2026-02-13 03:13:53.954636,Berlin-6475,13,78,Normal
2026-02-13 03:13:54.954636,Berlin-6475,-11,95,Normal
2026-02-13 03:13:55.954636,Berlin-6475,30,95,Normal
2026-02-13 03:13:56.954636,Berlin-6475,1,20,Normal
2026-02-13 03:13:57.954636,Berlin-6475,-15,47,Normal
2026-02-13 03:13:58.954636,Berlin-6475,18,24,Normal
2026-02-13 03:13:59.954636,Berlin-6475,-1,77,Normal
2026-02-13 03:14:00.954636,Berlin-6475,29,9,Normal
2026-02-13 03:14:01.954636,Berlin-6475,-9,86,Normal
2026-02-13 03:14:02.954636,Berlin-6475,37,70,Normal
2026-02-13 03:14:03.954636,Berlin-6475,29,81,Normal
2026-02-13 03:14:04.954636,Berlin-6475,0,36,Normal
2026-02-13 03:14:05.954636,Berlin-6475,2,28,Normal
2026-02-13 03:14:06.954636,Berlin-6475,28,56,Normal
2026-02-13 03:14:07.954636,Berlin-6475,13,72,Normal
2026-02-13 03:14:08.954636,Berlin-6475,-1,96,Normal
2026-02-13 03:14:09.954636,Berlin-6475,39,5,Normal
2026-02-13 03:14:10.954636,Berlin-6475,-13,72,Normal
2026-02-13 03:14:11.954636,Berlin-6475,24,86,Normal
2026-02-13 03:14:12.954636,Berlin-6475,13,55,Normal
2026-02-13 03:14:13.954636,Berlin-6475,-12,91,Normal
2026-02-13 03:14:14.954636,Berlin-6475,15,89,Normal
2026-02-13 03:14:15.954636,Berlin-6475,10,41,Normal
2026-02-13 03:14:16.954636,Berlin-6475,18,82,Normal
2026-02-13 03:14:17.954636,Berlin-6475,30,16,Normal
2026-02-13 03:14:18.954636,Berlin-6475,36,35,Normal
2026-02-13 03:14:19.954636,Berlin-6475,29,36,Normal
2026-02-13 03:14:20.954636,Berlin-6475,-21,67,Normal
2026-02-13 03:14:21.954636,Berlin-6475,-18,63,Normal
2026-02-13 03:14:22.954636,Berlin-6475,40,93,Normal
2026-02-13 03:14:23.954636,Berlin-6475,-4,40,Normal
2026-02-13 03:14:24.954636,Berlin-6475,43,90,Normal
2026-02-13 03:14:25.954636,Berlin-6475,-15,29,Normal
2026-02-13 03:14:26.954636,Berlin-6475,10,29,Normal
2026-02-13 03:14:27.954636,Berlin-6475,24,99,Normal
2026-02-13 03:14:28.954636,Berlin-6475,25,25,Normal
2026-02-13 03:14:29.954636,Berlin-6475,-3,11,Normal
2026-02-13 03:14:30.954636,Berlin-6475,-20,30,Normal
2026-02-13 03:14:31.954636,Berlin-6475,30,29,Normal
2026-02-13 03:14:32.954636,Berlin-6475,8,46,Normal
2026-02-13 03:14:33.954636,Berlin-6475,5,64,Normal
2026-02-13 03:14:34.954636,Berlin-6475,-18,0,Normal
2026-02-13 03:14:35.954636,Berlin-6475,-11,83,Normal
2026-02-13 03:14:36.954636,Berlin-6475,36,7,Normal
2026-02-13 03:14:37.954636,Berlin-6475,19,41,Normal
2026-02-13 03:14:38.954636,Berlin-6475,1,76,Normal
2026-02-13 03:14:39.954636,Berlin-6475,-10,19,Normal
2026-02-13 03:14:40.954636,Berlin-6475,-8,82,Normal
2026-02-13 03:14:41.954636,Berlin-6475,27,56,Normal
2026-02-13 03:14:42.954636,Berlin-6475,29,97,Normal
2026-02-13 03:14:43.954636,Berlin-6475,-25,24,Normal
2026-02-13 03:14:44.954636,Berlin-6475,43,21,Normal
2026-02-13 03:14:45.954636,Berlin-6475,-8,21,Normal
2026-02-13 03:14:46.954636,Berlin-6475,-8,91,Normal
2026-02-13 03:14:47.954636,Berlin-6475,38,61,Normal
2026-02-13 03:14:48.954636,Berlin-6475,1,65,Normal
2026-02-13 03:14:49.954636,Berlin-6475,3,32,Normal
2026-02-13 03:14:50.954636,Berlin-6475,34,29,Normal
2026-02-13 03:14:51.954636,Berlin-6475,39,69,Normal
2026-02-13 03:14:52.954636,Berlin-6475,39,86,Normal
2026-02-13 03:14:53.954636,Berlin-6475,7,34,Normal
2026-02-13 03:14:54.954636,Berlin-6475,-20,13,Normal
2026-02-13 03:14:55.954636,Berlin-6475,38,99,Normal
2026-02-13 03:14:56.954636,Berlin-6475,-19,16,Normal
2026-02-13 03:14:57.954636,Berlin-6475,26,59,Normal
2026-02-13 03:14:58.954636,Berlin-6475,22,80,Normal
2026-02-13 03:14:59.954636,Berlin-6475,18,56,Normal
2026-02-13 03:15:00.954636,Berlin-6475,12,52,Normal
2026-02-13 03:15:01.954636,Berlin-6475,-22,23,Normal
2026-02-13 03:15:02.954636,Berlin-6475,0,16,Normal
2026-02-13 03:15:03.954636,Berlin-6475,-20,21,Normal
2026-02-13 03:15:04.954636,Berlin-6475,-19,32,Normal
2026-02-13 03:15:05.954636,Berlin-6475,22,14,Normal
2026-02-13 03:15:06.954636,Berlin-6475,-20,88,Normal
2026-02-13 03:15:07.954636,Berlin-6475,26,3,Normal
2026-02-13 03:15:08.954636,Berlin-6475,-21,44,Normal
2026-02-13 03:15:09.954636,Berlin-6475,33,93,Normal
2026-02-13 03:15:10.954636,Berlin-6475,39,38,Normal
2026-02-13 03:15:11.954636,Berlin-6475,28,55,Normal
2026-02-13 03:15:12.954636,Berlin-6475,6,44,Normal
2026-02-13 03:15:13.954636,Berlin-6475,43,38,Normal
2026-02-13 03:15:14.954636,Berlin-6475,43,26,Normal
2026-02-13 03:15:15.954636,Berlin-6475,20,66,Normal
2026-02-13 03:15:16.954636,Berlin-6475,14,83,Normal
2026-02-13 03:15:17.954636,Berlin-6475,-29,28,Normal
2026-02-13 03:15:18.954636,Berlin-6475,38,86,Normal
2026-02-13 03:15:19.954636,Berlin-6475,0,18,Normal
2026-02-13 03:15:20.954636,Berlin-6475,1,84,Normal
2026-02-13 03:15:21.954636,Berlin-6475,-18,68,Normal
2026-02-13 03:15:22.954636,Berlin-6475,-23,63,Normal
2026-02-13 03:15:23.954636,Berlin-6475,-12,93,Normal
2026-02-13 03:15:24.954636,Berlin-6475,20,21,Normal
2026-02-13 03:15:25.954636,Berlin-6475,30,2,Normal
2026-02-13 03:15:26.954636,Berlin-6475,48,41,Normal
2026-02-13 03:15:27.954636,Berlin-6475,11,3,Normal
2026-02-13 03:15:28.954636,Berlin-6475,45,86,Normal
2026-02-13 03:15:29.954636,Berlin-6475,21,84,Normal
2026-02-13 03:15:30.954636,Berlin-6475,37,93,Normal
2026-02-13 03:15:31.954636,Berlin-6475,-13,42,Normal
2026-02-13 03:15:32.954636,Berlin-6475,-5,39,Normal
2026-02-13 03:15:33.954636,Berlin-6475,-5,1,Normal
2026-02-13 03:15:34.954636,Berlin-6475,24,83,Normal
2026-02-13 03:15:35.954636,Berlin-6475,13,64,Normal
2026-02-13 03:15:36.954636,Berlin-6475,5,76,Normal
2026-02-13 03:15:37.954636,Berlin-6475,31,21,Normal
2026-02-13 03:15:38.954636,Berlin-6475,-30,84,Normal
2026-02-13 03:15:39.954636,Berlin-6475,28,83,Normal
2026-02-13 03:15:40.954636,Berlin-6475,11,94,Normal
2026-02-13 03:15:41.954636,Berlin-6475,6,53,Normal
2026-02-13 03:15:42.954636,Berlin-6475,48,91,Normal
2026-02-13 03:15:43.954636,Berlin-6475,7,79,Normal
2026-02-13 03:15:44.954636,Berlin-6475,-1,83,Normal
2026-02-13 03:15:45.954636,Berlin-6475,36,78,Normal
2026-02-13 03:15:46.954636,Berlin-6475,49,27,Normal
2026-02-13 03:15:47.954636,Berlin-6475,38,11,Normal
2026-02-13 03:15:48.954636,Berlin-6475,50,60,Normal
2026-02-13 03:15:49.954636,Berlin-6475,23,51,Normal
2026-02-13 03:15:50.954636,Berlin-6475,-17,79,Normal
2026-02-13 03:15:51.954636,Berlin-6475,48,81,Normal
2026-02-13 03:15:52.954636,Berlin-6475,32,92,Normal
2026-02-13 03:15:53.954636,Berlin-6475,8,91,Normal
2026-02-13 03:15:54.954636,Berlin-6475,-4,98,Normal
2026-02-13 03:15:55.954636,Berlin-6475,34,30,Normal
2026-02-13 03:15:56.954636,Berlin-6475,43,48,Normal
2026-02-13 03:15:57.954636,Berlin-6475,-7,86,Normal
2026-02-13 03:15:58.954636,Berlin-6475,48,28,Normal
2026-02-13 03:15:59.954636,Berlin-6475,24,25,Normal
2026-02-13 03:16:00.954636,Berlin-6475,44,100,Normal
2026-02-13 03:16:01.954636,Berlin-6475,-17,24,Normal
2026-02-13 03:16:02.954636,Berlin-6475,49,49,Normal
2026-02-13 03:16:03.954636,Berlin-6475,25,10,Normal
2026-02-13 03:16:04.954636,Berlin-6475,50,98,Normal
2026-02-13 03:16:05.954636,Berlin-6475,-13,35,Normal
2026-02-13 03:16:06.954636,Berlin-6475,29,68,Normal
2026-02-13 03:16:07.954636,Berlin-6475,14,62,Normal
2026-02-13 03:16:08.954636,Berlin-6475,32,31,Normal
2026-02-13 03:16:09.954636,Berlin-6475,46,8,Normal
2026-02-13 03:16:10.954636,Berlin-6475,5,42,Normal
2026-02-13 03:16:11.954636,Berlin-6475,24,7,Normal
2026-02-13 03:16:12.954636,Berlin-6475,-13,29,Normal
2026-02-13 03:16:13.954636,Berlin-6475,-15,33,Normal
2026-02-13 03:16:14.954636,Berlin-6475,-4,9,Normal
2026-02-13 03:16:15.954636,Berlin-6475,7,69,Normal
2026-02-13 03:16:16.954636,Berlin-6475,39,13,Normal
2026-02-13 03:16:17.954636,Berlin-6475,20,10,Normal
2026-02-13 03:16:18.954636,Berlin-6475,-6,83,Normal
2026-02-13 03:16:19.954636,Berlin-6475,12,28,Normal
2026-02-13 03:16:20.954636,Berlin-6475,50,56,Normal
2026-02-13 03:16:21.954636,Berlin-6475,3,64,Normal
2026-02-13 03:16:22.954636,Berlin-6475,13,44,Normal
2026-02-13 03:16:23.954636,Berlin-6475,27,12,Normal
2026-02-13 03:16:24.954636,Berlin-6475,44,97,Normal
2026-02-13 03:16:25.954636,Berlin-6475,49,76,Normal
2026-02-13 03:16:26.954636,Berlin-6475,-18,78,Normal
2026-02-13 03:16:27.954636,Berlin-6475,41,88,Normal
2026-02-13 03:16:28.954636,Berlin-6475,-8,92,Normal
2026-02-13 03:16:29.954636,Berlin-6475,-13,13,Normal
2026-02-13 03:16:30.954636,Berlin-6475,-10,22,Normal
2026-02-13 03:16:31.954636,Berlin-6475,-12,75,Normal
2026-02-13 03:16:32.954636,Berlin-6475,7,11,Normal
2026-02-13 03:16:33.954636,Berlin-6475,33,68,Normal
2026-02-13 03:16:34.954636,Berlin-6475,-10,87,Normal
2026-02-13 03:16:35.954636,Berlin-6475,33,90,Normal
2026-02-13 03:16:36.954636,Berlin-6475,12,53,Normal
2026-02-13 03:16:37.954636,Berlin-6475,-28,61,Normal
2026-02-13 03:16:38.954636,Berlin-6475,-11,45,Normal
2026-02-13 03:16:39.954636,Berlin-6475,-23,63,Normal
2026-02-13 03:16:40.954636,Berlin-6475,24,1,Normal
2026-02-13 03:16:41.954636,Berlin-6475,37,32,Normal
2026-02-13 03:16:42.954636,Berlin-6475,25,89,Normal
2026-02-13 03:16:43.954636,Berlin-6475,-28,22,Normal
2026-02-13 03:16:44.954636,Berlin-6475,-30,59,Normal
2026-02-13 03:16:45.954636,Berlin-6475,6,18,Normal
2026-02-13 03:16:46.954636,Berlin-6475,26,20,Normal
2026-02-13 03:16:47.954636,Berlin-6475,30,51,Normal
2026-02-13 03:16:48.954636,Berlin-6475,44,69,Normal
2026-02-13 03:16:49.954636,Berlin-6475,22,28,Normal
2026-02-13 03:16:50.954636,Berlin-6475,24,15,Normal
2026-02-13 03:16:51.954636,Berlin-6475,38,8,Normal
2026-02-13 03:16:52.954636,Berlin-6475,11,95,Normal
2026-02-13 03:16:53.954636,Berlin-6475,26,93,Normal
2026-02-13 03:16:54.954636,Berlin-6475,-22,44,Normal
2026-02-13 03:16:55.954636,Berlin-6475,23,7,Normal
2026-02-13 03:16:56.954636,Berlin-6475,1,18,Normal
2026-02-13 03:16:57.954636,Berlin-6475,33,59,Normal
2026-02-13 03:16:58.954636,Berlin-6475,50,34,Normal
2026-02-13 03:16:59.954636,Berlin-6475,46,71,Normal
2026-02-13 03:17:00.954636,Berlin-6475,-12,45,Normal
2026-02-13 03:17:01.954636,Berlin-6475,25,1,Normal
2026-02-13 03:17:02.954636,Berlin-6475,26,1,Normal
2026-02-13 03:17:03.954636,Berlin-6475,17,68,Normal
2026-02-13 03:17:04.954636,Berlin-6475,40,35,Normal
2026-02-13 03:17:05.954636,Berlin-6475,41,76,Normal
2026-02-13 03:17:06.954636,Berlin-6475,6,55,Normal
2026-02-13 03:17:07.954636,Berlin-6475,12,46,Normal
2026-02-13 03:17:08.954636,Berlin-6475,-4,74,Normal
2026-02-13 03:17:09.954636,Berlin-6475,-10,27,Normal
2026-02-13 03:17:10.954636,Berlin-6475,-24,52,Normal
2026-02-13 03:17:11.954636,Berlin-6475,-29,55,Normal
2026-02-13 03:17:12.954636,Berlin-6475,34,97,Normal
2026-02-13 03:17:13.954636,Berlin-6475,18,58,Normal
2026-02-13 03:17:14.954636,Berlin-6475,7,32,Normal
2026-02-13 03:17:15.954636,Berlin-6475,-6,49,Normal
2026-02-13 03:17:16.954636,Berlin-6475,-10,48,Normal
2026-02-13 03:17:17.954636,Berlin-6475,-3,81,Normal
2026-02-13 03:17:18.954636,Berlin-6475,24,33,Normal
2026-02-13 03:17:19.954636,Berlin-6475,-24,82,Normal
2026-02-13 03:17:20.954636,Berlin-6475,23,25,Normal
2026-02-13 03:17:21.954636,Berlin-6475,27,50,Normal
2026-02-13 03:17:22.954636,Berlin-6475,31,97,Normal
2026-02-13 03:17:23.954636,Berlin-6475,2,5,Normal
2026-02-13 03:17:24.954636,Berlin-6475,-1,46,Normal
2026-02-13 03:17:25.954636,Berlin-6475,-19,81,Normal
2026-02-13 03:17:26.954636,Berlin-6475,7,96,Normal
2026-02-13 03:17:27.954636,Berlin-6475,7,17,Normal
2026-02-13 03:17:28.954636,Berlin-6475,-14,81,Normal
2026-02-13 03:17:29.954636,Berlin-6475,9,94,Normal
2026-02-13 03:17:30.954636,Berlin-6475,-16,62,Normal
2026-02-13 03:17:31.954636,Berlin-6475,-23,61,Normal
2026-02-13 03:17:32.954636,Berlin-6475,48,75,Normal
2026-02-13 03:17:33.954636,Berlin-6475,14,50,Normal
2026-02-13 03:17:34.954636,Berlin-6475,39,78,Normal
2026-02-13 03:17:35.954636,Berlin-6475,17,100,Normal
2026-02-13 03:17:36.954636,Berlin-6475,-30,1,Normal
2026-02-13 03:17:37.954636,Berlin-6475,-11,84,Normal
2026-02-13 03:17:38.954636,Berlin-6475,17,22,Normal
2026-02-13 03:17:39.954636,Berlin-6475,23,78,Normal
2026-02-13 03:17:40.954636,Berlin-6475,-30,45,Normal
2026-02-13 03:17:41.954636,Berlin-6475,3,85,Normal
2026-02-13 03:17:42.954636,Berlin-6475,-6,14,Normal
2026-02-13 03:17:43.954636,Berlin-6475,33,85,Normal
2026-02-13 03:17:44.954636,Berlin-6475,-9,1,Normal
2026-02-13 03:17:45.954636,Berlin-6475,32,45,Normal
2026-02-13 03:17:46.954636,Berlin-6475,6,76,Normal
2026-02-13 03:17:47.954636,Berlin-6475,-15,75,Normal
2026-02-13 03:17:48.954636,Berlin-6475,-12,65,Normal
2026-02-13 03:17:49.954636,Berlin-6475,15,88,Normal
2026-02-13 03:17:50.954636,Berlin-6475,37,4,Normal
2026-02-13 03:17:51.954636,Berlin-6475,41,23,Normal
2026-02-13 03:17:52.954636,Berlin-6475,14,9,Normal
2026-02-13 03:17:53.954636,Berlin-6475,17,44,Normal
2026-02-13 03:17:54.954636,Berlin-6475,-2,55,Normal
2026-02-13 03:17:55.954636,Berlin-6475,15,14,Normal
2026-02-13 03:17:56.954636,Berlin-6475,21,91,Normal
2026-02-13 03:17:57.954636,Berlin-6475,38,36,Normal
2026-02-13 03:17:58.954636,Berlin-6475,40,66,Normal
2026-02-13 03:17:59.954636,Berlin-6475,32,61,Normal
2026-02-13 03:18:00.954636,Berlin-6475,-8,34,Normal
2026-02-13 03:18:01.954636,Berlin-6475,26,58,Normal
2026-02-13 03:18:02.954636,Berlin-6475,15,29,Normal
2026-02-13 03:18:03.954636,Berlin-6475,-17,25,Normal
2026-02-13 03:18:04.954636,Berlin-6475,-26,60,Normal
2026-02-13 03:18:05.954636,Berlin-6475,33,55,Normal
2026-02-13 03:18:06.954636,Berlin-6475,-20,20,Normal
2026-02-13 03:18:07.954636,Berlin-6475,-19,5,Normal
2026-02-13 03:18:08.954636,Berlin-6475,-23,33,Normal
2026-02-13 03:18:09.954636,Berlin-6475,5,74,Normal
2026-02-13 03:18:10.954636,Berlin-6475,50,4,Normal
2026-02-13 03:18:11.954636,Berlin-6475,-12,77,Normal
2026-02-13 03:18:12.954636,Berlin-6475,-16,22,Normal
2026-02-13 03:18:13.954636,Berlin-6475,35,45,Normal
2026-02-13 03:18:14.954636,Berlin-6475,27,28,Normal
2026-02-13 03:18:15.954636,Berlin-6475,32,2,Normal
2026-02-13 03:18:16.954636,Berlin-6475,-17,55,Normal
2026-02-13 03:18:17.954636,Berlin-6475,10,39,Normal
2026-02-13 03:18:18.954636,Berlin-6475,1,80,Normal
2026-02-13 03:18:19.954636,Berlin-6475,0,90,Normal
2026-02-13 03:18:20.954636,Berlin-6475,-20,45,Normal
2026-02-13 03:18:21.954636,Berlin-6475,46,32,Normal
2026-02-13 03:18:22.954636,Berlin-6475,-9,17,Normal
2026-02-13 03:18:23.954636,Berlin-6475,-24,91,Normal
2026-02-13 03:18:24.954636,Berlin-6475,14,92,Normal
2026-02-13 03:18:25.954636,Berlin-6475,-24,6,Normal
2026-02-13 03:18:26.954636,Berlin-6475,6,30,Normal
2026-02-13 03:18:27.954636,Berlin-6475,33,88,Normal
2026-02-13 03:18:28.954636,Berlin-6475,-18,53,Normal
2026-02-13 03:18:29.954636,Berlin-6475,27,25,Normal
2026-02-13 03:18:30.954636,Berlin-6475,48,29,Normal
2026-02-13 03:18:31.954636,Berlin-6475,18,63,Normal
2026-02-13 03:18:32.954636,Berlin-6475,38,52,Normal
2026-02-13 03:18:33.954636,Berlin-6475,39,7,Normal
2026-02-13 03:18:34.954636,Berlin-6475,-13,19,Normal
2026-02-13 03:18:35.954636,Berlin-6475,-11,62,Normal
2026-02-13 03:18:36.954636,Berlin-6475,9,63,Normal
2026-02-13 03:18:37.954636,Berlin-6475,38,46,Normal
2026-02-13 03:18:38.954636,Berlin-6475,-12,61,Normal
2026-02-13 03:18:39.954636,Berlin-6475,50,56,Normal
2026-02-13 03:18:40.954636,Berlin-6475,-5,9,Normal
2026-02-13 03:18:41.954636,Berlin-6475,8,0,Normal
2026-02-13 03:18:42.954636,Berlin-6475,-10,49,Normal
2026-02-13 03:18:43.954636,Berlin-6475,0,14,Normal
2026-02-13 03:18:44.954636,Berlin-6475,-13,87,Normal
2026-02-13 03:18:45.954636,Berlin-6475,14,3,Normal
2026-02-13 03:18:46.954636,Berlin-6475,28,45,Normal
2026-02-13 03:18:47.954636,Berlin-6475,0,43,Normal
2026-02-13 03:18:48.954636,Berlin-6475,34,76,Normal
2026-02-13 03:18:49.954636,Berlin-6475,45,79,Normal
2026-02-13 03:18:50.954636,Berlin-6475,1,59,Normal
2026-02-13 03:18:51.954636,Berlin-6475,-26,57,Normal
2026-02-13 03:18:52.954636,Berlin-6475,2,62,Normal
2026-02-13 03:18:53.954636,Berlin-6475,-16,73,Normal
2026-02-13 03:18:54.954636,Berlin-6475,13,83,Normal
2026-02-13 03:18:55.954636,Berlin-6475,-17,78,Normal
2026-02-13 03:18:56.954636,Berlin-6475,-22,53,Normal
2026-02-13 03:18:57.954636,Berlin-6475,42,96,Normal
2026-02-13 03:18:58.954636,Berlin-6475,-13,68,Normal
2026-02-13 03:18:59.954636,Berlin-6475,44,96,Normal
2026-02-13 03:19:00.954636,Berlin-6475,39,11,Normal
2026-02-13 03:19:01.954636,Berlin-6475,-3,66,Normal
2026-02-13 03:19:02.954636,Berlin-6475,-21,81,Normal
2026-02-13 03:19:03.954636,Berlin-6475,7,20,Normal
2026-02-13 03:19:04.954636,Berlin-6475,23,81,Normal
2026-02-13 03:19:05.954636,Berlin-6475,36,35,Normal
2026-02-13 03:19:06.954636,Berlin-6475,24,34,Normal
2026-02-13 03:19:07.954636,Berlin-6475,15,15,Normal
2026-02-13 03:19:08.954636,Berlin-6475,38,60,Normal
2026-02-13 03:19:09.954636,Berlin-6475,-19,56,Normal
2026-02-13 03:19:10.954636,Berlin-6475,47,84,Normal
2026-02-13 03:19:11.954636,Berlin-6475,0,8,Normal
2026-02-13 03:19:12.954636,Berlin-6475,-24,11,Normal
2026-02-13 03:19:13.954636,Berlin-6475,30,85,Normal
2026-02-13 03:19:14.954636,Berlin-6475,3,46,Normal
2026-02-13 03:19:15.954636,Berlin-6475,0,54,Normal
2026-02-13 03:19:16.954636,Berlin-6475,32,45,Normal
2026-02-13 03:19:17.954636,Berlin-6475,-18,25,Normal
2026-02-13 03:19:18.954636,Berlin-6475,7,97,Normal
2026-02-13 03:19:19.954636,Berlin-6475,30,76,Normal
2026-02-13 03:19:20.954636,Berlin-6475,46,50,Normal
2026-02-13 03:19:21.954636,Berlin-6475,18,73,Normal
2026-02-13 03:19:22.954636,Berlin-6475,38,54,Normal
2026-02-13 03:19:23.954636,Berlin-6475,32,60,Normal
2026-02-13 03:19:24.954636,Berlin-6475,15,7,Normal
2026-02-13 03:19:25.954636,Berlin-6475,-3,32,Normal
2026-02-13 03:19:26.954636,Berlin-6475,21,1,Normal
2026-02-13 03:19:27.954636,Berlin-6475,31,26,Normal
2026-02-13 03:19:28.954636,Berlin-6475,4,91,Normal
2026-02-13 03:19:29.954636,Berlin-6475,48,100,Normal
2026-02-13 03:19:30.954636,Berlin-6475,18,78,Normal
2026-02-13 03:19:31.954636,Berlin-6475,14,8,Normal
2026-02-13 03:19:32.954636,Berlin-6475,-27,51,Normal
2026-02-13 03:19:33.954636,Berlin-6475,-9,58,Normal
2026-02-13 03:19:34.954636,Berlin-6475,39,60,Normal
2026-02-13 03:19:35.954636,Berlin-6475,31,61,Normal
2026-02-13 03:19:36.954636,Berlin-6475,-3,19,Normal
2026-02-13 03:19:37.954636,Berlin-6475,4,35,Normal
2026-02-13 03:19:38.954636,Berlin-6475,40,75,Normal
2026-02-13 03:19:39.954636,Berlin-6475,-2,55,Normal
2026-02-13 03:19:40.954636,Berlin-6475,-27,53,Normal
2026-02-13 03:19:41.954636,Berlin-6475,-28,47,Normal
2026-02-13 03:19:42.954636,Berlin-6475,-22,39,Normal
2026-02-13 03:19:43.954636,Berlin-6475,33,73,Normal
2026-02-13 03:19:44.954636,Berlin-6475,35,7,Normal
2026-02-13 03:19:45.954636,Berlin-6475,-9,32,Normal
2026-02-13 03:19:46.954636,Berlin-6475,-21,33,Normal
2026-02-13 03:19:47.954636,Berlin-6475,-15,82,Normal
2026-02-13 03:19:48.954636,Berlin-6475,45,9,Normal
2026-02-13 03:19:49.954636,Berlin-6475,6,15,Normal
2026-02-13 03:19:50.954636,Berlin-6475,11,87,Normal
2026-02-13 03:19:51.954636,Berlin-6475,42,31,Normal
2026-02-13 03:19:52.954636,Berlin-6475,-5,21,Normal
2026-02-13 03:19:53.954636,Berlin-6475,46,13,Normal
2026-02-13 03:19:54.954636,Berlin-6475,39,31,Normal
2026-02-13 03:19:55.954636,Berlin-6475,29,12,Normal
2026-02-13 03:19:56.954636,Berlin-6475,33,55,Normal
2026-02-13 03:19:57.954636,Berlin-6475,-25,78,Normal
2026-02-13 03:19:58.954636,Berlin-6475,18,49,Normal
2026-02-13 03:19:59.954636,Berlin-6475,41,16,Normal
2026-02-13 03:20:00.954636,Berlin-6475,38,69,Normal
2026-02-13 03:20:01.954636,Berlin-6475,48,46,Normal
2026-02-13 03:20:02.954636,Berlin-6475,31,97,Normal
2026-02-13 03:20:03.954636,Berlin-6475,47,50,Normal
2026-02-13 03:20:04.954636,Berlin-6475,49,34,Normal
2026-02-13 03:20:05.954636,Berlin-6475,12,46,Normal
2026-02-13 03:20:06.954636,Berlin-6475,-16,34,Normal
2026-02-13 03:20:07.954636,Berlin-6475,34,18,Normal
2026-02-13 03:20:08.954636,Berlin-6475,-21,80,Normal
2026-02-13 03:20:09.954636,Berlin-6475,-4,32,Normal
2026-02-13 03:20:10.954636,Berlin-6475,3,75,Normal
2026-02-13 03:20:11.954636,Berlin-6475,-20,17,Normal
2026-02-13 03:20:12.954636,Berlin-6475,1,87,Normal
2026-02-13 03:20:13.954636,Berlin-6475,19,69,Normal
2026-02-13 03:20:14.954636,Berlin-6475,-16,94,Normal
2026-02-13 03:20:15.954636,Berlin-6475,11,63,Normal
2026-02-13 03:20:16.954636,Berlin-6475,15,16,Normal
2026-02-13 03:20:17.954636,Berlin-6475,17,8,Normal
2026-02-13 03:20:18.954636,Berlin-6475,21,14,Normal
2026-02-13 03:20:19.954636,Berlin-6475,-25,91,Normal
2026-02-13 03:20:20.954636,Berlin-6475,46,79,Normal
2026-02-13 03:20:21.954636,Berlin-6475,-9,94,Normal
2026-02-13 03:20:22.954636,Berlin-6475,28,61,Normal
2026-02-13 03:20:23.954636,Berlin-6475,-3,51,Normal
2026-02-13 03:20:24.954636,Berlin-6475,-17,18,Normal
2026-02-13 03:20:25.954636,Berlin-6475,-7,1,Normal
2026-02-13 03:20:26.954636,Berlin-6475,50,96,Normal
2026-02-13 03:20:27.954636,Berlin-6475,1,57,Normal
2026-02-13 03:20:28.954636,Berlin-6475,5,85,Normal
2026-02-13 03:20:29.954636,Berlin-6475,2,41,Normal
2026-02-13 03:20:30.954636,Berlin-6475,-3,43,Normal
2026-02-13 03:20:31.954636,Berlin-6475,32,61,Normal
2026-02-13 03:20:32.954636,Berlin-6475,24,97,Normal
2026-02-13 03:20:33.954636,Berlin-6475,47,17,Normal
2026-02-13 03:20:34.954636,Berlin-6475,-5,15,Normal
2026-02-13 03:20:35.954636,Berlin-6475,15,4,Normal
2026-02-13 03:20:36.954636,Berlin-6475,34,73,Normal
2026-02-13 03:20:37.954636,Berlin-6475,-18,57,Normal
2026-02-13 03:20:38.954636,Berlin-6475,-18,97,Normal
2026-02-13 03:20:39.954636,Berlin-6475,-20,83,Normal
2026-02-13 03:20:40.954636,Berlin-6475,-8,47,Normal
2026-02-13 03:20:41.954636,Berlin-6475,47,80,Normal
2026-02-13 03:20:42.954636,Berlin-6475,16,33,Normal
2026-02-13 03:20:43.954636,Berlin-6475,25,96,Normal
2026-02-13 03:20:44.954636,Berlin-6475,13,48,Normal
2026-02-13 03:20:45.954636,Berlin-6475,39,17,Normal
2026-02-13 03:20:46.954636,Berlin-6475,25,35,Normal
2026-02-13 03:20:47.954636,Berlin-6475,-26,40,Normal
2026-02-13 03:20:48.954636,Berlin-6475,31,49,Normal
2026-02-13 03:20:49.954636,Berlin-6475,41,100,Normal
2026-02-13 03:20:50.954636,Berlin-6475,32,15,Normal
2026-02-13 03:20:51.954636,Berlin-6475,38,40,Normal
2026-02-13 03:20:52.954636,Berlin-6475,-20,0,Normal
2026-02-13 03:20:53.954636,Berlin-6475,-12,16,Normal
2026-02-13 03:20:54.954636,Berlin-6475,43,74,Normal
2026-02-13 03:20:55.954636,Berlin-6475,44,90,Normal
2026-02-13 03:20:56.954636,Berlin-6475,39,36,Normal
2026-02-13 03:20:57.954636,Berlin-6475,-6,99,Normal
2026-02-13 03:20:58.954636,Berlin-6475,-25,20,Normal
2026-02-13 03:20:59.954636,Berlin-6475,34,90,Normal
2026-02-13 03:21:00.954636,Berlin-6475,21,86,Normal
2026-02-13 03:21:01.954636,Berlin-6475,-28,22,Normal
2026-02-13 03:21:02.954636,Berlin-6475,-12,29,Normal
2026-02-13 03:21:03.954636,Berlin-6475,-15,45,Normal
2026-02-13 03:21:04.954636,Berlin-6475,21,61,Normal
2026-02-13 03:21:05.954636,Berlin-6475,11,71,Normal
2026-02-13 03:21:06.954636,Berlin-6475,22,36,Normal
2026-02-13 03:21:07.954636,Berlin-6475,3,80,Normal
2026-02-13 03:21:08.954636,Berlin-6475,19,6,Normal
2026-02-13 03:21:09.954636,Berlin-6475,-14,0,Normal
2026-02-13 03:21:10.954636,Berlin-6475,2,66,Normal
2026-02-13 03:21:11.954636,Berlin-6475,-16,100,Normal
2026-02-13 03:21:12.954636,Berlin-6475,25,86,Normal
2026-02-13 03:21:13.954636,Berlin-6475,17,45,Normal
2026-02-13 03:21:14.954636,Berlin-6475,-19,95,Normal
2026-02-13 03:21:15.954636,Berlin-6475,-20,65,Normal
2026-02-13 03:21:16.954636,Berlin-6475,-23,24,Normal
2026-02-13 03:21:17.954636,Berlin-6475,39,29,Normal
2026-02-13 03:21:18.954636,Berlin-6475,0,39,Normal
2026-02-13 03:21:19.954636,Berlin-6475,-9,72,Normal
2026-02-13 03:21:20.954636,Berlin-6475,-16,16,Normal
2026-02-13 03:21:21.954636,Berlin-6475,33,63,Normal
2026-02-13 03:21:22.954636,Berlin-6475,23,55,Normal
2026-02-13 03:21:23.954636,Berlin-6475,37,48,Normal
2026-02-13 03:21:24.954636,Berlin-6475,3,60,Normal
2026-02-13 03:21:25.954636,Berlin-6475,21,66,Normal
2026-02-13 03:21:26.954636,Berlin-6475,44,52,Normal
2026-02-13 03:21:27.954636,Berlin-6475,10,29,Normal
2026-02-13 03:21:28.954636,Berlin-6475,5,59,Normal
2026-02-13 03:21:29.954636,Berlin-6475,45,71,Normal
2026-02-13 03:21:30.954636,Berlin-6475,26,61,Normal
2026-02-13 03:21:31.954636,Berlin-6475,30,64,Normal
2026-02-13 03:21:32.954636,Berlin-6475,44,59,Normal
2026-02-13 03:21:33.954636,Berlin-6475,14,19,Normal
2026-02-13 03:21:34.954636,Berlin-6475,33,53,Normal
2026-02-13 03:21:35.954636,Berlin-6475,0,36,Normal
2026-02-13 03:21:36.954636,Berlin-6475,-21,72,Normal
2026-02-13 03:21:37.954636,Berlin-6475,5,16,Normal
2026-02-13 03:21:38.954636,Berlin-6475,-22,16,Normal
2026-02-13 03:21:39.954636,Berlin-6475,-27,87,Normal
2026-02-13 03:21:40.954636,Berlin-6475,-18,25,Normal
2026-02-13 03:21:41.954636,Berlin-6475,46,58,Normal
2026-02-13 03:21:42.954636,Berlin-6475,42,66,Normal
2026-02-13 03:21:43.954636,Berlin-6475,-14,100,Normal
2026-02-13 03:21:44.954636,Berlin-6475,9,3,Normal
2026-02-13 03:21:45.954636,Berlin-6475,-25,15,Normal
2026-02-13 03:21:46.954636,Berlin-6475,31,40,Normal
2026-02-13 03:21:47.954636,Berlin-6475,-5,25,Normal
2026-02-13 03:21:48.954636,Berlin-6475,40,41,Normal
2026-02-13 03:21:49.954636,Berlin-6475,-14,12,Normal
2026-02-13 03:21:50.954636,Berlin-6475,44,73,Normal
2026-02-13 03:21:51.954636,Berlin-6475,24,51,Normal
2026-02-13 03:21:52.954636,Berlin-6475,17,54,Normal
2026-02-13 03:21:53.954636,Berlin-6475,28,74,Normal
2026-02-13 03:21:54.954636,Berlin-6475,-1,30,Normal
2026-02-13 03:21:55.954636,Berlin-6475,-6,62,Normal
2026-02-13 03:21:56.954636,Berlin-6475,24,95,Normal
2026-02-13 03:21:57.954636,Berlin-6475,37,76,Normal
2026-02-13 03:21:58.954636,Berlin-6475,35,0,Normal
2026-02-13 03:21:59.954636,Berlin-6475,27,62,Normal
2026-02-13 03:22:00.954636,Berlin-6475,31,37,Normal
2026-02-13 03:22:01.954636,Berlin-6475,21,17,Normal
2026-02-13 03:22:02.954636,Berlin-6475,46,21,Normal
2026-02-13 03:22:03.954636,Berlin-6475,27,21,Normal
2026-02-13 03:22:04.954636,Berlin-6475,-29,23,Normal
2026-02-13 03:22:05.954636,Berlin-6475,-14,55,Normal
2026-02-13 03:22:06.954636,Berlin-6475,-28,13,Normal
2026-02-13 03:22:07.954636,Berlin-6475,46,52,Normal
2026-02-13 03:22:08.954636,Berlin-6475,-11,62,Normal
2026-02-13 03:22:09.954636,Berlin-6475,16,45,Normal
2026-02-13 03:22:10.954636,Berlin-6475,32,32,Normal
2026-02-13 03:22:11.954636,Berlin-6475,9,54,Normal
2026-02-13 03:22:12.954636,Berlin-6475,-25,20,Normal
2026-02-13 03:22:13.954636,Berlin-6475,24,10,Normal
2026-02-13 03:22:14.954636,Berlin-6475,27,47,Normal
2026-02-13 03:22:15.954636,Berlin-6475,-22,15,Normal
2026-02-13 03:22:16.954636,Berlin-6475,43,36,Normal
2026-02-13 03:22:17.954636,Berlin-6475,44,84,Normal
2026-02-13 03:22:18.954636,Berlin-6475,13,89,Normal
2026-02-13 03:22:19.954636,Berlin-6475,35,62,Normal
2026-02-13 03:22:20.954636,Berlin-6475,-18,20,Normal
2026-02-13 03:22:21.954636,Berlin-6475,8,80,Normal
2026-02-13 03:22:22.954636,Berlin-6475,33,45,Normal
2026-02-13 03:22:23.954636,Berlin-6475,31,53,Normal
2026-02-13 03:22:24.954636,Berlin-6475,6,66,Normal
2026-02-13 03:22:25.954636,Berlin-6475,10,52,Normal
2026-02-13 03:22:26.954636,Berlin-6475,30,69,Normal
2026-02-13 03:22:27.954636,Berlin-6475,-25,94,Normal
2026-02-13 03:22:28.954636,Berlin-6475,50,47,Normal
2026-02-13 03:22:29.954636,Berlin-6475,-21,6,Normal
2026-02-13 03:22:30.954636,Berlin-6475,5,2,Normal
2026-02-13 03:22:31.954636,Berlin-6475,-30,41,Normal
2026-02-13 03:22:32.954636,Berlin-6475,7,42,Normal
2026-02-13 03:22:33.954636,Berlin-6475,41,59,Normal
2026-02-13 03:22:34.954636,Berlin-6475,39,18,Normal
2026-02-13 03:22:35.954636,Berlin-6475,-12,61,Normal
2026-02-13 03:22:36.954636,Berlin-6475,-20,82,Normal
2026-02-13 03:22:37.954636,Berlin-6475,4,59,Normal
2026-02-13 03:22:38.954636,Berlin-6475,-2,50,Normal
2026-02-13 03:22:39.954636,Berlin-6475,-1,40,Normal
2026-02-13 03:22:40.954636,Berlin-6475,-13,74,Normal
2026-02-13 03:22:41.954636,Berlin-6475,37,92,Normal
2026-02-13 03:22:42.954636,Berlin-6475,-16,6,Normal
2026-02-13 03:22:43.954636,Berlin-6475,-2,91,Normal
2026-02-13 03:22:44.954636,Berlin-6475,14,0,Normal
2026-02-13 03:22:45.954636,Berlin-6475,-17,55,Normal
2026-02-13 03:22:46.954636,Berlin-6475,-25,83,Normal
2026-02-13 03:22:47.954636,Berlin-6475,21,97,Normal
2026-02-13 03:22:48.954636,Berlin-6475,-19,61,Normal
2026-02-13 03:22:49.954636,Berlin-6475,23,66,Normal
2026-02-13 03:22:50.954636,Berlin-6475,23,39,Normal
2026-02-13 03:22:51.954636,Berlin-6475,28,23,Normal
2026-02-13 03:22:52.954636,Berlin-6475,-8,70,Normal
2026-02-13 03:22:53.954636,Berlin-6475,25,97,Normal
2026-02-13 03:22:54.954636,Berlin-6475,25,29,Normal
2026-02-13 03:22:55.954636,Berlin-6475,23,48,Normal
2026-02-13 03:22:56.954636,Berlin-6475,27,51,Normal
2026-02-13 03:22:57.954636,Berlin-6475,34,37,Normal
2026-02-13 03:22:58.954636,Berlin-6475,36,65,Normal
2026-02-13 03:22:59.954636,Berlin-6475,50,67,Normal
2026-02-13 03:23:00.954636,Berlin-6475,14,43,Normal
2026-02-13 03:23:01.954636,Berlin-6475,-23,14,Normal
2026-02-13 03:23:02.954636,Berlin-6475,50,10,Normal
2026-02-13 03:23:03.954636,Berlin-6475,5,90,Normal
2026-02-13 03:23:04.954636,Berlin-6475,6,6,Normal
2026-02-13 03:23:05.954636,Berlin-6475,35,10,Normal
2026-02-13 03:23:06.954636,Berlin-6475,46,57,Normal
2026-02-13 03:23:07.954636,Berlin-6475,-29,11,Normal
2026-02-13 03:23:08.954636,Berlin-6475,16,67,Normal
2026-02-13 03:23:09.954636,Berlin-6475,7,52,Normal
2026-02-13 03:23:10.954636,Berlin-6475,26,47,Normal
2026-02-13 03:23:11.954636,Berlin-6475,13,87,Normal
2026-02-13 03:23:12.954636,Berlin-6475,33,7,Normal
2026-02-13 03:23:13.954636,Berlin-6475,31,36,Normal
2026-02-13 03:23:14.954636,Berlin-6475,-2,16,Normal
2026-02-13 03:23:15.954636,Berlin-6475,9,89,Normal
2026-02-13 03:23:16.954636,Berlin-6475,31,18,Normal
2026-02-13 03:23:17.954636,Berlin-6475,-6,34,Normal
2026-02-13 03:23:18.954636,Berlin-6475,-5,94,Normal
2026-02-13 03:23:19.954636,Berlin-6475,39,56,Normal
2026-02-13 03:23:20.954636,Berlin-6475,15,0,Normal
2026-02-13 03:23:21.954636,Berlin-6475,-15,64,Normal
2026-02-13 03:23:22.954636,Berlin-6475,-7,25,Normal
2026-02-13 03:23:23.954636,Berlin-6475,30,59,Normal
2026-02-13 03:23:24.954636,Berlin-6475,-5,10,Normal
2026-02-13 03:23:25.954636,Berlin-6475,7,55,Normal
2026-02-13 03:23:26.954636,Berlin-6475,-9,72,Normal
2026-02-13 03:23:27.954636,Berlin-6475,17,65,Normal
2026-02-13 03:23:28.954636,Berlin-6475,22,54,Normal
2026-02-13 03:23:29.954636,Berlin-6475,-22,91,Normal
2026-02-13 03:23:30.954636,Berlin-6475,-1,5,Normal
2026-02-13 03:23:31.954636,Berlin-6475,23,1,Normal
2026-02-13 03:23:32.954636,Berlin-6475,40,9,Normal
2026-02-13 03:23:33.954636,Berlin-6475,17,65,Normal
2026-02-13 03:23:34.954636,Berlin-6475,-13,89,Normal
2026-02-13 03:23:35.954636,Berlin-6475,19,95,Normal
2026-02-13 03:23:36.954636,Berlin-6475,29,61,Normal
2026-02-13 03:23:37.954636,Berlin-6475,28,21,Normal
2026-02-13 03:23:38.954636,Berlin-6475,27,18,Normal
2026-02-13 03:23:39.954636,Berlin-6475,-25,24,Normal
2026-02-13 03:23:40.954636,Berlin-6475,-16,24,Normal
2026-02-13 03:23:41.954636,Berlin-6475,44,85,Normal
2026-02-13 03:23:42.954636,Berlin-6475,-9,3,Normal
2026-02-13 03:23:43.954636,Berlin-6475,43,3,Normal
2026-02-13 03:23:44.954636,Berlin-6475,21,75,Normal
2026-02-13 03:23:45.954636,Berlin-6475,-19,79,Normal
2026-02-13 03:23:46.954636,Berlin-6475,42,71,Normal
2026-02-13 03:23:47.954636,Berlin-6475,-1,38,Normal
2026-02-13 03:23:48.954636,Berlin-6475,49,19,Normal
2026-02-13 03:23:49.954636,Berlin-6475,-28,19,Normal
2026-02-13 03:23:50.954636,Berlin-6475,16,51,Normal
2026-02-13 03:23:51.954636,Berlin-6475,5,87,Normal
2026-02-13 03:23:52.954636,Berlin-6475,-15,23,Normal
2026-02-13 03:23:53.954636,Berlin-6475,30,1,Normal
2026-02-13 03:23:54.954636,Berlin-6475,27,78,Normal
2026-02-13 03:23:55.954636,Berlin-6475,10,92,Normal
2026-02-13 03:23:56.954636,Berlin-6475,20,19,Normal
2026-02-13 03:23:57.954636,Berlin-6475,45,85,Normal
2026-02-13 03:23:58.954636,Berlin-6475,41,21,Normal
2026-02-13 03:23:59.954636,Berlin-6475,-23,79,Normal
2026-02-13 03:24:00.954636,Berlin-6475,35,1,Normal
2026-02-13 03:24:01.954636,Berlin-6475,-28,91,Normal
2026-02-13 03:24:02.954636,Berlin-6475,38,82,Normal
2026-02-13 03:24:03.954636,Berlin-6475,26,21,Normal
2026-02-13 03:24:04.954636,Berlin-6475,8,93,Normal
2026-02-13 03:24:05.954636,Berlin-6475,26,92,Normal
2026-02-13 03:24:06.954636,Berlin-6475,39,90,Normal
2026-02-13 03:24:07.954636,Berlin-6475,-26,57,Normal
2026-02-13 03:24:08.954636,Berlin-6475,47,56,Normal
2026-02-13 03:24:09.954636,Berlin-6475,0,64,Normal
2026-02-13 03:24:10.954636,Berlin-6475,18,25,Normal
2026-02-13 03:24:11.954636,Berlin-6475,-23,84,Normal
2026-02-13 03:24:12.954636,Berlin-6475,14,97,Normal
2026-02-13 03:24:13.954636,Berlin-6475,-8,51,Normal
2026-02-13 03:24:14.954636,Berlin-6475,11,50,Normal
2026-02-13 03:24:15.954636,Berlin-6475,-6,68,Normal
2026-02-13 03:24:16.954636,Berlin-6475,35,96,Normal
2026-02-13 03:24:17.954636,Berlin-6475,25,16,Normal
2026-02-13 03:24:18.954636,Berlin-6475,-6,63,Normal
2026-02-13 03:24:19.954636,Berlin-6475,18,61,Normal
2026-02-13 03:24:20.954636,Berlin-6475,-23,31,Normal
2026-02-13 03:24:21.954636,Berlin-6475,30,63,Normal
2026-02-13 03:24:22.954636,Berlin-6475,49,32,Normal
2026-02-13 03:24:23.954636,Berlin-6475,-29,39,Normal
2026-02-13 03:24:24.954636,Berlin-6475,2,99,Normal
2026-02-13 03:24:25.954636,Berlin-6475,24,86,Normal
2026-02-13 03:24:26.954636,Berlin-6475,14,99,Normal
2026-02-13 03:24:27.954636,Berlin-6475,-22,45,Normal
2026-02-13 03:24:28.954636,Berlin-6475,48,19,Normal
2026-02-13 03:24:29.954636,Berlin-6475,7,15,Normal
2026-02-13 03:24:30.954636,Berlin-6475,14,51,Normal
2026-02-13 03:24:31.954636,Berlin-6475,13,18,Normal
2026-02-13 03:24:32.954636,Berlin-6475,-11,25,Normal
2026-02-13 03:24:33.954636,Berlin-6475,10,78,Normal
2026-02-13 03:24:34.954636,Berlin-6475,-9,35,Normal
2026-02-13 03:24:35.954636,Berlin-6475,11,1,Normal
2026-02-13 03:24:36.954636,Berlin-6475,24,15,Normal
2026-02-13 03:24:37.954636,Berlin-6475,-21,4,Normal
2026-02-13 03:24:38.954636,Berlin-6475,31,63,Normal
2026-02-13 03:24:39.954636,Berlin-6475,27,30,Normal
2026-02-13 03:24:40.954636,Berlin-6475,16,72,Normal
2026-02-13 03:24:41.954636,Berlin-6475,-25,45,Normal
2026-02-13 03:24:42.954636,Berlin-6475,32,93,Normal
2026-02-13 03:24:43.954636,Berlin-6475,5,65,Normal
2026-02-13 03:24:44.954636,Berlin-6475,-5,78,Normal
2026-02-13 03:24:45.954636,Berlin-6475,37,1,Normal
2026-02-13 03:24:46.954636,Berlin-6475,47,63,Normal
2026-02-13 03:24:47.954636,Berlin-6475,37,32,Normal
2026-02-13 03:24:48.954636,Berlin-6475,-2,55,Normal
2026-02-13 03:24:49.954636,Berlin-6475,48,81,Normal
2026-02-13 03:24:50.954636,Berlin-6475,-11,50,Normal
2026-02-13 03:24:51.954636,Berlin-6475,20,78,Normal
2026-02-13 03:24:52.954636,Berlin-6475,48,72,Normal
2026-02-13 03:24:53.954636,Berlin-6475,17,85,Normal
2026-02-13 03:24:54.954636,Berlin-6475,-10,87,Normal
2026-02-13 03:24:55.954636,Berlin-6475,37,64,Normal
2026-02-13 03:24:56.954636,Berlin-6475,43,73,Normal
2026-02-13 03:24:57.954636,Berlin-6475,28,16,Normal
2026-02-13 03:24:58.954636,Berlin-6475,-17,65,Normal
2026-02-13 03:24:59.954636,Berlin-6475,-9,79,Normal
2026-02-13 03:25:00.954636,Berlin-6475,6,85,Normal
2026-02-13 03:25:01.954636,Berlin-6475,15,79,Normal
2026-02-13 03:25:02.954636,Berlin-6475,5,20,Normal
2026-02-13 03:25:03.954636,Berlin-6475,34,17,Normal
2026-02-13 03:25:04.954636,Berlin-6475,-27,99,Normal
2026-02-13 03:25:05.954636,Berlin-6475,40,10,Normal
2026-02-13 03:25:06.954636,Berlin-6475,41,78,Normal
2026-02-13 03:25:07.954636,Berlin-6475,-21,77,Normal
2026-02-13 03:25:08.954636,Berlin-6475,30,78,Normal
2026-02-13 03:25:09.954636,Berlin-6475,9,35,Normal
2026-02-13 03:25:10.954636,Berlin-6475,14,66,Normal
2026-02-13 03:25:11.954636,Berlin-6475,34,68,Normal
2026-02-13 03:25:12.954636,Berlin-6475,-1,51,Normal
2026-02-13 03:25:13.954636,Berlin-6475,49,2,Normal
2026-02-13 03:25:14.954636,Berlin-6475,35,10,Normal
2026-02-13 03:25:15.954636,Berlin-6475,12,9,Normal
2026-02-13 03:25:16.954636,Berlin-6475,-8,61,Normal
2026-02-13 03:25:17.954636,Berlin-6475,-3,1,Normal
2026-02-13 03:25:18.954636,Berlin-6475,32,42,Normal
2026-02-13 03:25:19.954636,Berlin-6475,5,62,Normal
2026-02-13 03:25:20.954636,Berlin-6475,-19,4,Normal
2026-02-13 03:25:21.954636,Berlin-6475,-28,66,Normal
2026-02-13 03:25:22.954636,Berlin-6475,44,13,Normal
2026-02-13 03:25:23.954636,Berlin-6475,-12,70,Normal
2026-02-13 03:25:24.954636,Berlin-6475,44,22,Normal
2026-02-13 03:25:25.954636,Berlin-6475,-20,96,Normal
2026-02-13 03:25:26.954636,Berlin-6475,-20,37,Normal
2026-02-13 03:25:27.954636,Berlin-6475,-10,45,Normal
2026-02-13 03:25:28.954636,Berlin-6475,-11,45,Normal
2026-02-13 03:25:29.954636,Berlin-6475,10,99,Normal
2026-02-13 03:25:30.954636,Berlin-6475,49,58,Normal
2026-02-13 03:25:31.954636,Berlin-6475,7,87,Normal
2026-02-13 03:25:32.954636,Berlin-6475,9,52,Normal
2026-02-13 03:25:33.954636,Berlin-6475,-17,34,Normal
2026-02-13 03:25:34.954636,Berlin-6475,14,83,Normal
2026-02-13 03:25:35.954636,Berlin-6475,-13,16,Normal
2026-02-13 03:25:36.954636,Berlin-6475,-16,81,Normal
2026-02-13 03:25:37.954636,Berlin-6475,5,19,Normal
2026-02-13 03:25:38.954636,Berlin-6475,27,65,Normal
2026-02-13 03:25:39.954636,Berlin-6475,44,48,Normal
2026-02-13 03:25:40.954636,Berlin-6475,-1,77,Normal
2026-02-13 03:25:41.954636,Berlin-6475,-6,24,Normal
2026-02-13 03:25:42.954636,Berlin-6475,-12,73,Normal
2026-02-13 03:25:43.954636,Berlin-6475,-3,81,Normal
2026-02-13 03:25:44.954636,Berlin-6475,-28,34,Normal
2026-02-13 03:25:45.954636,Berlin-6475,-19,61,Normal
2026-02-13 03:25:46.954636,Berlin-6475,-4,35,Normal
2026-02-13 03:25:47.954636,Berlin-6475,-27,25,Normal
2026-02-13 03:25:48.954636,Berlin-6475,27,42,Normal
2026-02-13 03:25:49.954636,Berlin-6475,0,62,Normal
2026-02-13 03:25:50.954636,Berlin-6475,-1,92,Normal
2026-02-13 03:25:51.954636,Berlin-6475,-1,28,Normal
2026-02-13 03:25:52.954636,Berlin-6475,-21,33,Normal
2026-02-13 03:25:53.954636,Berlin-6475,-8,48,Normal
2026-02-13 03:25:54.954636,Berlin-6475,33,2,Normal
2026-02-13 03:25:55.954636,Berlin-6475,36,53,Normal
2026-02-13 03:25:56.954636,Berlin-6475,36,88,Normal
2026-02-13 03:25:57.954636,Berlin-6475,5,63,Normal
2026-02-13 03:25:58.954636,Berlin-6475,-9,42,Normal
2026-02-13 03:25:59.954636,Berlin-6475,15,19,Normal
2026-02-13 03:26:00.954636,Berlin-6475,20,62,Normal
2026-02-13 03:26:01.954636,Berlin-6475,-4,100,Normal
2026-02-13 03:26:02.954636,Berlin-6475,-20,54,Normal
2026-02-13 03:26:03.954636,Berlin-6475,-16,55,Normal
2026-02-13 03:26:04.954636,Berlin-6475,3,61,Normal
2026-02-13 03:26:05.954636,Berlin-6475,-7,0,Normal
2026-02-13 03:26:06.954636,Berlin-6475,34,14,Normal
2026-02-13 03:26:07.954636,Berlin-6475,46,52,Normal
2026-02-13 03:26:08.954636,Berlin-6475,1,78,Normal
2026-02-13 03:26:09.954636,Berlin-6475,-6,0,Normal
2026-02-13 03:26:10.954636,Berlin-6475,-9,87,Normal
2026-02-13 03:26:11.954636,Berlin-6475,40,54,Normal
2026-02-13 03:26:12.954636,Berlin-6475,33,99,Normal
2026-02-13 03:26:13.954636,Berlin-6475,-3,60,Normal
2026-02-13 03:26:14.954636,Berlin-6475,8,24,Normal
2026-02-13 03:26:15.954636,Berlin-6475,19,73,Normal
2026-02-13 03:26:16.954636,Berlin-6475,48,97,Normal
2026-02-13 03:26:17.954636,Berlin-6475,-3,69,Normal
2026-02-13 03:26:18.954636,Berlin-6475,-29,63,Normal
2026-02-13 03:26:19.954636,Berlin-6475,3,83,Normal
2026-02-13 03:26:20.954636,Berlin-6475,-21,92,Normal
2026-02-13 03:26:21.954636,Berlin-6475,8,23,Normal
2026-02-13 03:26:22.954636,Berlin-6475,1,15,Normal
2026-02-13 03:26:23.954636,Berlin-6475,8,9,Normal
2026-02-13 03:26:24.954636,Berlin-6475,37,93,Normal
2026-02-13 03:26:25.954636,Berlin-6475,9,49,Normal
2026-02-13 03:26:26.954636,Berlin-6475,17,44,Normal
2026-02-13 03:26:27.954636,Berlin-6475,23,75,Normal
2026-02-13 03:26:28.954636,Berlin-6475,-27,17,Normal
2026-02-13 03:26:29.954636,Berlin-6475,10,65,Normal
2026-02-13 03:26:30.954636,Berlin-6475,13,35,Normal
2026-02-13 03:26:31.954636,Berlin-6475,45,29,Normal
2026-02-13 03:26:32.954636,Berlin-6475,30,53,Normal
2026-02-13 03:26:33.954636,Berlin-6475,37,43,Normal
2026-02-13 03:26:34.954636,Berlin-6475,20,99,Normal
2026-02-13 03:26:35.954636,Berlin-6475,-29,62,Normal
2026-02-13 03:26:36.954636,Berlin-6475,-17,18,Normal
2026-02-13 03:26:37.954636,Berlin-6475,38,74,Normal
2026-02-13 03:26:38.954636,Berlin-6475,-26,43,Normal
2026-02-13 03:26:39.954636,Berlin-6475,-3,65,Normal
2026-02-13 03:26:40.954636,Berlin-6475,-21,65,Normal
2026-02-13 03:26:41.954636,Berlin-6475,-28,74,Normal
2026-02-13 03:26:42.954636,Berlin-6475,4,78,Normal
2026-02-13 03:26:43.954636,Berlin-6475,-22,5,Normal
2026-02-13 03:26:44.954636,Berlin-6475,16,84,Normal
2026-02-13 03:26:45.954636,Berlin-6475,-11,76,Normal
2026-02-13 03:26:46.954636,Berlin-6475,13,26,Normal
2026-02-13 03:26:47.954636,Berlin-6475,-5,71,Normal
2026-02-13 03:26:48.954636,Berlin-6475,4,61,Normal
2026-02-13 03:26:49.954636,Berlin-6475,37,85,Normal
2026-02-13 03:26:50.954636,Berlin-6475,27,97,Normal
2026-02-13 03:26:51.954636,Berlin-6475,-10,73,Normal
2026-02-13 03:26:52.954636,Berlin-6475,2,68,Normal
2026-02-13 03:26:53.954636,Berlin-6475,48,6,Normal
2026-02-13 03:26:54.954636,Berlin-6475,25,49,Normal
2026-02-13 03:26:55.954636,Berlin-6475,3,95,Normal
2026-02-13 03:26:56.954636,Berlin-6475,3,45,Normal
2026-02-13 03:26:57.954636,Berlin-6475,33,90,Normal
2026-02-13 03:26:58.954636,Berlin-6475,-26,60,Normal
2026-02-13 03:26:59.954636,Berlin-6475,48,52,Normal
2026-02-13 03:27:00.954636,Berlin-6475,35,25,Normal
2026-02-13 03:27:01.954636,Berlin-6475,46,26,Normal
2026-02-13 03:27:02.954636,Berlin-6475,-8,56,Normal
2026-02-13 03:27:03.954636,Berlin-6475,25,73,Normal
2026-02-13 03:27:04.954636,Berlin-6475,30,82,Normal
2026-02-13 03:27:05.954636,Berlin-6475,-8,11,Normal
2026-02-13 03:27:06.954636,Berlin-6475,25,0,Normal
2026-02-13 03:27:07.954636,Berlin-6475,20,75,Normal
2026-02-13 03:27:08.954636,Berlin-6475,-8,48,Normal
2026-02-13 03:27:09.954636,Berlin-6475,3,50,Normal
2026-02-13 03:27:10.954636,Berlin-6475,-15,90,Normal
2026-02-13 03:27:11.954636,Berlin-6475,50,9,Normal
2026-02-13 03:27:12.954636,Berlin-6475,-3,32,Normal
2026-02-13 03:27:13.954636,Berlin-6475,23,53,Normal
2026-02-13 03:27:14.954636,Berlin-6475,6,37,Normal
2026-02-13 03:27:15.954636,Berlin-6475,38,43,Normal
2026-02-13 03:27:16.954636,Berlin-6475,1,12,Normal
2026-02-13 03:27:17.954636,Berlin-6475,33,36,Normal
2026-02-13 03:27:18.954636,Berlin-6475,42,18,Normal
2026-02-13 03:27:19.954636,Berlin-6475,28,74,Normal
2026-02-13 03:27:20.954636,Berlin-6475,9,40,Normal
2026-02-13 03:27:21.954636,Berlin-6475,-6,33,Normal
2026-02-13 03:27:22.954636,Berlin-6475,-10,45,Normal
2026-02-13 03:27:23.954636,Berlin-6475,-19,74,Normal
2026-02-13 03:27:24.954636,Berlin-6475,-3,35,Normal
2026-02-13 03:27:25.954636,Berlin-6475,36,4,Normal
2026-02-13 03:27:26.954636,Berlin-6475,17,88,Normal
2026-02-13 03:27:27.954636,Berlin-6475,18,11,Normal
2026-02-13 03:27:28.954636,Berlin-6475,18,40,Normal
2026-02-13 03:27:29.954636,Berlin-6475,-24,56,Normal
2026-02-13 03:27:30.954636,Berlin-6475,9,97,Normal
2026-02-13 03:27:31.954636,Berlin-6475,-19,45,Normal
2026-02-13 03:27:32.954636,Berlin-6475,48,26,Normal
2026-02-13 03:27:33.954636,Berlin-6475,-17,75,Normal
2026-02-13 03:27:34.954636,Berlin-6475,-13,44,Normal
2026-02-13 03:27:35.954636,Berlin-6475,25,8,Normal
2026-02-13 03:27:36.954636,Berlin-6475,34,30,Normal
2026-02-13 03:27:37.954636,Berlin-6475,-22,63,Normal
2026-02-13 03:27:38.954636,Berlin-6475,-27,50,Normal
2026-02-13 03:27:39.954636,Berlin-6475,-18,36,Normal
2026-02-13 03:27:40.954636,Berlin-6475,-25,77,Normal
2026-02-13 03:27:41.954636,Berlin-6475,24,16,Normal
2026-02-13 03:27:42.954636,Berlin-6475,-20,84,Normal
2026-02-13 03:27:43.954636,Berlin-6475,-19,76,Normal
2026-02-13 03:27:44.954636,Berlin-6475,30,88,Normal
2026-02-13 03:27:45.954636,Berlin-6475,-10,90,Normal
2026-02-13 03:27:46.954636,Berlin-6475,-18,79,Normal
2026-02-13 03:27:47.954636,Berlin-6475,28,69,Normal
2026-02-13 03:27:48.954636,Berlin-6475,27,79,Normal
2026-02-13 03:27:49.954636,Berlin-6475,-24,16,Normal
2026-02-13 03:27:50.954636,Berlin-6475,42,83,Normal
2026-02-13 03:27:51.954636,Berlin-6475,21,99,Normal
2026-02-13 03:27:52.954636,Berlin-6475,36,23,Normal
2026-02-13 03:27:53.954636,Berlin-6475,-19,35,Normal
2026-02-13 03:27:54.954636,Berlin-6475,14,40,Normal
2026-02-13 03:27:55.954636,Berlin-6475,18,23,Normal
2026-02-13 03:27:56.954636,Berlin-6475,-29,51,Normal
2026-02-13 03:27:57.954636,Berlin-6475,37,23,Normal
2026-02-13 03:27:58.954636,Berlin-6475,-26,96,Normal
2026-02-13 03:27:59.954636,Berlin-6475,7,97,Normal
2026-02-13 03:28:00.954636,Berlin-6475,5,34,Normal
2026-02-13 03:28:01.954636,Berlin-6475,37,21,Normal
2026-02-13 03:28:02.954636,Berlin-6475,50,6,Normal
2026-02-13 03:28:03.954636,Berlin-6475,0,26,Normal
2026-02-13 03:28:04.954636,Berlin-6475,6,92,Normal
2026-02-13 03:28:05.954636,Berlin-6475,41,58,Normal
2026-02-13 03:28:06.954636,Berlin-6475,44,60,Normal
2026-02-13 03:28:07.954636,Berlin-6475,34,25,Normal
2026-02-13 03:28:08.954636,Berlin-6475,41,37,Normal
2026-02-13 03:28:09.954636,Berlin-6475,-21,100,Normal
2026-02-13 03:28:10.954636,Berlin-6475,-27,63,Normal
2026-02-13 03:28:11.954636,Berlin-6475,-24,7,Normal
2026-02-13 03:28:12.954636,Berlin-6475,40,16,Normal
2026-02-13 03:28:13.954636,Berlin-6475,7,95,Normal
2026-02-13 03:28:14.954636,Berlin-6475,-23,80,Normal
2026-02-13 03:28:15.954636,Berlin-6475,-10,98,Normal
2026-02-13 03:28:16.954636,Berlin-6475,17,34,Normal
2026-02-13 03:28:17.954636,Berlin-6475,-2,98,Normal
2026-02-13 03:28:18.954636,Berlin-6475,6,9,Normal
2026-02-13 03:28:19.954636,Berlin-6475,14,80,Normal
2026-02-13 03:28:20.954636,Berlin-6475,50,91,Normal
2026-02-13 03:28:21.954636,Berlin-6475,-1,47,Normal
2026-02-13 03:28:22.954636,Berlin-6475,-14,66,Normal
2026-02-13 03:28:23.954636,Berlin-6475,0,68,Normal
2026-02-13 03:28:24.954636,Berlin-6475,36,43,Normal
2026-02-13 03:28:25.954636,Berlin-6475,-14,7,Normal
2026-02-13 03:28:26.954636,Berlin-6475,-2,87,Normal
2026-02-13 03:28:27.954636,Berlin-6475,9,62,Normal
2026-02-13 03:28:28.954636,Berlin-6475,43,49,Normal
2026-02-13 03:28:29.954636,Berlin-6475,0,34,Normal
2026-02-13 03:28:30.954636,Berlin-6475,15,19,Normal
2026-02-13 03:28:31.954636,Berlin-6475,-6,72,Normal
2026-02-13 03:28:32.954636,Berlin-6475,44,95,Normal
2026-02-13 03:28:33.954636,Berlin-6475,-24,99,Normal
2026-02-13 03:28:34.954636,Berlin-6475,-7,32,Normal
2026-02-13 03:28:35.954636,Berlin-6475,-4,21,Normal
2026-02-13 03:28:36.954636,Berlin-6475,-12,63,Normal
2026-02-13 03:28:37.954636,Berlin-6475,1,9,Normal
2026-02-13 03:28:38.954636,Berlin-6475,47,98,Normal
2026-02-13 03:28:39.954636,Berlin-6475,-29,10,Normal
2026-02-13 03:28:40.954636,Berlin-6475,28,69,Normal
2026-02-13 03:28:41.954636,Berlin-6475,20,79,Normal
2026-02-13 03:28:42.954636,Berlin-6475,39,81,Normal
2026-02-13 03:28:43.954636,Berlin-6475,36,16,Normal
2026-02-13 03:28:44.954636,Berlin-6475,-20,4,Normal
2026-02-13 03:28:45.954636,Berlin-6475,31,72,Normal
2026-02-13 03:28:46.954636,Berlin-6475,-7,27,Normal
2026-02-13 03:28:47.954636,Berlin-6475,14,59,Normal
2026-02-13 03:28:48.954636,Berlin-6475,16,62,Normal
2026-02-13 03:28:49.954636,Berlin-6475,-10,34,Normal
2026-02-13 03:28:50.954636,Berlin-6475,-12,5,Normal
2026-02-13 03:28:51.954636,Berlin-6475,2,86,Normal
2026-02-13 03:28:52.954636,Berlin-6475,-27,75,Normal
2026-02-13 03:28:53.954636,Berlin-6475,26,19,Normal
2026-02-13 03:28:54.954636,Berlin-6475,-12,82,Normal
2026-02-13 03:28:55.954636,Berlin-6475,-21,11,Normal
2026-02-13 03:28:56.954636,Berlin-6475,7,40,Normal
2026-02-13 03:28:57.954636,Berlin-6475,-22,82,Normal
2026-02-13 03:28:58.954636,Berlin-6475,4,100,Normal
2026-02-13 03:28:59.954636,Berlin-6475,-30,76,Normal
2026-02-13 03:29:00.954636,Berlin-6475,5,1,Normal
2026-02-13 03:29:01.954636,Berlin-6475,46,37,Normal
2026-02-13 03:29:02.954636,Berlin-6475,31,45,Normal
2026-02-13 03:29:03.954636,Berlin-6475,34,100,Normal
2026-02-13 03:29:04.954636,Berlin-6475,-7,21,Normal
2026-02-13 03:29:05.954636,Berlin-6475,-10,73,Normal
2026-02-13 03:29:06.954636,Berlin-6475,-5,79,Normal
2026-02-13 03:29:07.954636,Berlin-6475,-26,71,Normal
2026-02-13 03:29:08.954636,Berlin-6475,-7,66,Normal
2026-02-13 03:29:09.954636,Berlin-6475,37,50,Normal
2026-02-13 03:29:10.954636,Berlin-6475,-9,11,Normal
2026-02-13 03:29:11.954636,Berlin-6475,48,60,Normal
2026-02-13 03:29:12.954636,Berlin-6475,-16,21,Normal
2026-02-13 03:29:13.954636,Berlin-6475,9,18,Normal
2026-02-13 03:29:14.954636,Berlin-6475,48,7,Normal
2026-02-13 03:29:15.954636,Berlin-6475,-12,7,Normal
2026-02-13 03:29:16.954636,Berlin-6475,41,89,Normal
2026-02-13 03:29:17.954636,Berlin-6475,-28,1,Normal
2026-02-13 03:29:18.954636,Berlin-6475,3,52,Normal
2026-02-13 03:29:19.954636,Berlin-6475,-10,46,Normal
2026-02-13 03:29:20.954636,Berlin-6475,0,46,Normal
2026-02-13 03:29:21.954636,Berlin-6475,35,1,Normal
2026-02-13 03:29:22.954636,Berlin-6475,-3,5,Normal
2026-02-13 03:29:23.954636,Berlin-6475,-20,51,Normal
2026-02-13 03:29:24.954636,Berlin-6475,10,53,Normal
2026-02-13 03:29:25.954636,Berlin-6475,-6,92,Normal
2026-02-13 03:29:26.954636,Berlin-6475,42,2,Normal
2026-02-13 03:29:27.954636,Berlin-6475,43,97,Normal
2026-02-13 03:29:28.954636,Berlin-6475,4,85,Normal
2026-02-13 03:29:29.954636,Berlin-6475,31,25,Normal
2026-02-13 03:29:30.954636,Berlin-6475,24,63,Normal
2026-02-13 03:29:31.954636,Berlin-6475,15,38,Normal
2026-02-13 03:29:32.954636,Berlin-6475,48,89,Normal
2026-02-13 03:29:33.954636,Berlin-6475,-15,60,Normal
2026-02-13 03:29:34.954636,Berlin-6475,-17,33,Normal
2026-02-13 03:29:35.954636,Berlin-6475,14,60,Normal
2026-02-13 03:29:36.954636,Berlin-6475,-8,72,Normal
2026-02-13 03:29:37.954636,Berlin-6475,-5,56,Normal
2026-02-13 03:29:38.954636,Berlin-6475,47,64,Normal
2026-02-13 03:29:39.954636,Berlin-6475,-21,48,Normal
2026-02-13 03:29:40.954636,Berlin-6475,27,21,Normal
2026-02-13 03:29:41.954636,Berlin-6475,12,78,Normal
2026-02-13 03:29:42.954636,Berlin-6475,-28,17,Normal
2026-02-13 03:29:43.954636,Berlin-6475,47,13,Normal
2026-02-13 03:29:44.954636,Berlin-6475,-13,26,Normal
2026-02-13 03:29:45.954636,Berlin-6475,-5,46,Normal
2026-02-13 03:29:46.954636,Berlin-6475,-6,78,Normal
2026-02-13 03:29:47.954636,Berlin-6475,-17,77,Normal
2026-02-13 03:29:48.954636,Berlin-6475,-27,2,Normal
2026-02-13 03:29:49.954636,Berlin-6475,32,1,Normal
2026-02-13 03:29:50.954636,Berlin-6475,-12,55,Normal
2026-02-13 03:29:51.954636,Berlin-6475,41,7,Normal
2026-02-13 03:29:52.954636,Berlin-6475,25,84,Normal
2026-02-13 03:29:53.954636,Berlin-6475,-22,7,Normal
2026-02-13 03:29:54.954636,Berlin-6475,32,70,Normal
2026-02-13 03:29:55.954636,Berlin-6475,49,9,Normal
2026-02-13 03:29:56.954636,Berlin-6475,40,95,Normal
2026-02-13 03:29:57.954636,Berlin-6475,46,44,Normal
2026-02-13 03:29:58.954636,Berlin-6475,-27,60,Normal
2026-02-13 03:29:59.954636,Berlin-6475,31,43,Normal
2026-02-13 03:30:00.954636,Berlin-6475,49,2,Normal
2026-02-13 03:30:01.954636,Berlin-6475,24,96,Normal
2026-02-13 03:30:02.954636,Berlin-6475,-5,82,Normal
2026-02-13 03:30:03.954636,Berlin-6475,-13,32,Normal
2026-02-13 03:30:04.954636,Berlin-6475,-8,99,Normal
2026-02-13 03:30:05.954636,Berlin-6475,29,96,Normal
2026-02-13 03:30:06.954636,Berlin-6475,15,48,Normal
2026-02-13 03:30:07.954636,Berlin-6475,24,34,Normal
2026-02-13 03:30:08.954636,Berlin-6475,12,100,Normal
2026-02-13 03:30:09.954636,Berlin-6475,38,4,Normal
2026-02-13 03:30:10.954636,Berlin-6475,17,8,Normal
2026-02-13 03:30:11.954636,Berlin-6475,11,25,Normal
2026-02-13 03:30:12.954636,Berlin-6475,13,5,Normal
2026-02-13 03:30:13.954636,Berlin-6475,21,0,Normal
2026-02-13 03:30:14.954636,Berlin-6475,-27,14,Normal
2026-02-13 03:30:15.954636,Berlin-6475,37,82,Normal
2026-02-13 03:30:16.954636,Berlin-6475,2,57,Normal
2026-02-13 03:30:17.954636,Berlin-6475,-16,14,Normal
2026-02-13 03:30:18.954636,Berlin-6475,19,25,Normal
2026-02-13 03:30:19.954636,Berlin-6475,4,83,Normal
2026-02-13 03:30:20.954636,Berlin-6475,-15,4,Normal
2026-02-13 03:30:21.954636,Berlin-6475,-11,73,Normal
2026-02-13 03:30:22.954636,Berlin-6475,-4,82,Normal
2026-02-13 03:30:23.954636,Berlin-6475,45,14,Normal
2026-02-13 03:30:24.954636,Berlin-6475,6,17,Normal
2026-02-13 03:30:25.954636,Berlin-6475,2,34,Normal
2026-02-13 03:30:26.954636,Berlin-6475,-6,44,Normal
2026-02-13 03:30:27.954636,Berlin-6475,6,71,Normal
2026-02-13 03:30:28.954636,Berlin-6475,22,90,Normal
2026-02-13 03:30:29.954636,Berlin-6475,-11,6,Normal
2026-02-13 03:30:30.954636,Berlin-6475,-15,34,Normal
2026-02-13 03:30:31.954636,Berlin-6475,9,10,Normal
2026-02-13 03:30:32.954636,Berlin-6475,-3,17,Normal
2026-02-13 03:30:33.954636,Berlin-6475,-6,48,Normal
2026-02-13 03:30:34.954636,Berlin-6475,6,50,Normal
2026-02-13 03:30:35.954636,Berlin-6475,6,3,Normal
2026-02-13 03:30:36.954636,Berlin-6475,-2,71,Normal
2026-02-13 03:30:37.954636,Berlin-6475,31,60,Normal
2026-02-13 03:30:38.954636,Berlin-6475,-8,25,Normal
2026-02-13 03:30:39.954636,Berlin-6475,10,16,Normal
2026-02-13 03:30:40.954636,Berlin-6475,-6,75,Normal
2026-02-13 03:30:41.954636,Berlin-6475,29,97,Normal
2026-02-13 03:30:42.954636,Berlin-6475,-4,87,Normal
2026-02-13 03:30:43.954636,Berlin-6475,-17,24,Normal
2026-02-13 03:30:44.954636,Berlin-6475,22,71,Normal
2026-02-13 03:30:45.954636,Berlin-6475,-23,95,Normal
2026-02-13 03:30:46.954636,Berlin-6475,-24,60,Normal
2026-02-13 03:30:47.954636,Berlin-6475,17,9,Normal
2026-02-13 03:30:48.954636,Berlin-6475,-29,34,Normal
2026-02-13 03:30:49.954636,Berlin-6475,-25,71,Normal
2026-02-13 03:30:50.954636,Berlin-6475,-29,72,Normal
2026-02-13 03:30:51.954636,Berlin-6475,41,3,Normal
2026-02-13 03:30:52.954636,Berlin-6475,49,45,Normal
2026-02-13 03:30:53.954636,Berlin-6475,49,47,Normal
2026-02-13 03:30:54.954636,Berlin-6475,47,98,Normal
2026-02-13 03:30:55.954636,Berlin-6475,48,13,Normal
2026-02-13 03:30:56.954636,Berlin-6475,-21,13,Normal
2026-02-13 03:30:57.954636,Berlin-6475,-1,63,Normal
2026-02-13 03:30:58.954636,Berlin-6475,42,10,Normal
2026-02-13 03:30:59.954636,Berlin-6475,-6,35,Normal
2026-02-13 03:31:00.954636,Berlin-6475,-5,84,Normal
2026-02-13 03:31:01.954636,Berlin-6475,5,33,Normal
2026-02-13 03:31:02.954636,Berlin-6475,-7,37,Normal
2026-02-13 03:31:03.954636,Berlin-6475,41,46,Normal
2026-02-13 03:31:04.954636,Berlin-6475,8,70,Normal
2026-02-13 03:31:05.954636,Berlin-6475,-22,16,Normal
2026-02-13 03:31:06.954636,Berlin-6475,-1,15,Normal
2026-02-13 03:31:07.954636,Berlin-6475,36,93,Normal
2026-02-13 03:31:08.954636,Berlin-6475,48,70,Normal
2026-02-13 03:31:09.954636,Berlin-6475,-12,31,Normal
2026-02-13 03:31:10.954636,Berlin-6475,-19,78,Normal
2026-02-13 03:31:11.954636,Berlin-6475,-29,76,Normal
2026-02-13 03:31:12.954636,Berlin-6475,5,16,Normal
2026-02-13 03:31:13.954636,Berlin-6475,-24,86,Normal
2026-02-13 03:31:14.954636,Berlin-6475,41,9,Normal
2026-02-13 03:31:15.954636,Berlin-6475,36,85,Normal
2026-02-13 03:31:16.954636,Berlin-6475,-22,29,Normal
2026-02-13 03:31:17.954636,Berlin-6475,45,44,Normal
2026-02-13 03:31:18.954636,Berlin-6475,-16,20,Normal
2026-02-13 03:31:19.954636,Berlin-6475,12,65,Normal
2026-02-13 03:31:20.954636,Berlin-6475,15,35,Normal
2026-02-13 03:31:21.954636,Berlin-6475,-16,92,Normal
2026-02-13 03:31:22.954636,Berlin-6475,41,81,Normal
2026-02-13 03:31:23.954636,Berlin-6475,-27,73,Normal
2026-02-13 03:31:24.954636,Berlin-6475,15,99,Normal
2026-02-13 03:31:25.954636,Berlin-6475,-21,99,Normal
2026-02-13 03:31:26.954636,Berlin-6475,49,0,Normal
2026-02-13 03:31:27.954636,Berlin-6475,50,97,Normal
2026-02-13 03:31:28.954636,Berlin-6475,10,43,Normal
2026-02-13 03:31:29.954636,Berlin-6475,24,20,Normal
2026-02-13 03:31:30.954636,Berlin-6475,-30,74,Normal
2026-02-13 03:31:31.954636,Berlin-6475,-27,14,Normal
2026-02-13 03:31:32.954636,Berlin-6475,9,85,Normal
2026-02-13 03:31:33.954636,Berlin-6475,48,56,Normal
2026-02-13 03:31:34.954636,Berlin-6475,22,61,Normal
2026-02-13 03:31:35.954636,Berlin-6475,37,81,Normal
2026-02-13 03:31:36.954636,Berlin-6475,36,81,Normal
2026-02-13 03:31:37.954636,Berlin-6475,-10,68,Normal
2026-02-13 03:31:38.954636,Berlin-6475,4,68,Normal
2026-02-13 03:31:39.954636,Berlin-6475,25,21,Normal
2026-02-13 03:31:40.954636,Berlin-6475,-25,55,Normal
2026-02-13 03:31:41.954636,Berlin-6475,13,84,Normal
2026-02-13 03:31:42.954636,Berlin-6475,-16,44,Normal
2026-02-13 03:31:43.954636,Berlin-6475,42,49,Normal
2026-02-13 03:31:44.954636,Berlin-6475,3,5,Normal
2026-02-13 03:31:45.954636,Berlin-6475,24,27,Normal
2026-02-13 03:31:46.954636,Berlin-6475,7,79,Normal
2026-02-13 03:31:47.954636,Berlin-6475,16,3,Normal
2026-02-13 03:31:48.954636,Berlin-6475,45,25,Normal
2026-02-13 03:31:49.954636,Berlin-6475,36,66,Normal
2026-02-13 03:31:50.954636,Berlin-6475,32,70,Normal
2026-02-13 03:31:51.954636,Berlin-6475,-16,88,Normal
2026-02-13 03:31:52.954636,Berlin-6475,43,82,Normal
2026-02-13 03:31:53.954636,Berlin-6475,50,17,Normal
2026-02-13 03:31:54.954636,Berlin-6475,-28,88,Normal
2026-02-13 03:31:55.954636,Berlin-6475,-21,38,Normal
2026-02-13 03:31:56.954636,Berlin-6475,48,6,Normal
2026-02-13 03:31:57.954636,Berlin-6475,0,5,Normal
2026-02-13 03:31:58.954636,Berlin-6475,5,72,Normal
2026-02-13 03:31:59.954636,Berlin-6475,27,27,Normal
2026-02-13 03:32:00.954636,Berlin-6475,-9,18,Normal
2026-02-13 03:32:01.954636,Berlin-6475,-30,31,Normal
2026-02-13 03:32:02.954636,Berlin-6475,-8,13,Normal
2026-02-13 03:32:03.954636,Berlin-6475,40,83,Normal
2026-02-13 03:32:04.954636,Berlin-6475,27,19,Normal
2026-02-13 03:32:05.954636,Berlin-6475,11,72,Normal
2026-02-13 03:32:06.954636,Berlin-6475,9,71,Normal
2026-02-13 03:32:07.954636,Berlin-6475,32,6,Normal
2026-02-13 03:32:08.954636,Berlin-6475,10,33,Normal
2026-02-13 03:32:09.954636,Berlin-6475,17,97,Normal
2026-02-13 03:32:10.954636,Berlin-6475,29,44,Normal
2026-02-13 03:32:11.954636,Berlin-6475,6,32,Normal
2026-02-13 03:32:12.954636,Berlin-6475,29,66,Normal
2026-02-13 03:32:13.954636,Berlin-6475,39,67,Normal
2026-02-13 03:32:14.954636,Berlin-6475,45,95,Normal
2026-02-13 03:32:15.954636,Berlin-6475,-6,97,Normal
2026-02-13 03:32:16.954636,Berlin-6475,26,10,Normal
2026-02-13 03:32:17.954636,Berlin-6475,31,28,Normal
2026-02-13 03:32:18.954636,Berlin-6475,17,20,Normal
2026-02-13 03:32:19.954636,Berlin-6475,43,59,Normal
2026-02-13 03:32:20.954636,Berlin-6475,-16,65,Normal
2026-02-13 03:32:21.954636,Berlin-6475,18,51,Normal
2026-02-13 03:32:22.954636,Berlin-6475,3,81,Normal
2026-02-13 03:32:23.954636,Berlin-6475,31,68,Normal
2026-02-13 03:32:24.954636,Berlin-6475,21,78,Normal
2026-02-13 03:32:25.954636,Berlin-6475,25,9,Normal
2026-02-13 03:32:26.954636,Berlin-6475,17,74,Normal
2026-02-13 03:32:27.954636,Berlin-6475,-26,81,Normal
2026-02-13 03:32:28.954636,Berlin-6475,-1,22,Normal
2026-02-13 03:32:29.954636,Berlin-6475,42,22,Normal
2026-02-13 03:32:30.954636,Berlin-6475,40,95,Normal
2026-02-13 03:32:31.954636,Berlin-6475,29,23,Normal
2026-02-13 03:32:32.954636,Berlin-6475,-16,52,Normal
2026-02-13 03:32:33.954636,Berlin-6475,32,32,Normal
2026-02-13 03:32:34.954636,Berlin-6475,18,27,Normal
2026-02-13 03:32:35.954636,Berlin-6475,-28,52,Normal
2026-02-13 03:32:36.954636,Berlin-6475,-8,67,Normal
2026-02-13 03:32:37.954636,Berlin-6475,-27,46,Normal
2026-02-13 03:32:38.954636,Berlin-6475,26,29,Normal
2026-02-13 03:32:39.954636,Berlin-6475,-4,29,Normal
2026-02-13 03:32:40.954636,Berlin-6475,49,13,Normal
