timestamp,station_id,temp,humid,condition
2026-04-27 19:53:33.524500,NewYork-8fe7,16,69,Normal
2026-04-27 19:53:34.524500,NewYork-8fe7,-9,70,Normal
2026-04-27 19:53:35.524500,NewYork-8fe7,38,57,Normal
2026-04-27 19:53:36.524500,NewYork-8fe7,-30,54,Normal
2026-04-27 19:53:37.524500,NewYork-8fe7,19,76,Normal
2026-04-27 19:53:38.524500,NewYork-8fe7,6,98,Normal
2026-04-27 19:53:39.524500,NewYork-8fe7,-8,15,Normal
2026-04-27 19:53:40.524500,NewYork-8fe7,37,1,Normal
2026-04-27 19:53:41.524500,NewYork-8fe7,18,97,Normal
2026-04-27 19:53:42.524500,NewYork-8fe7,50,55,Normal
2026-04-27 19:53:43.524500,NewYork-8fe7,-12,24,Normal
2026-04-27 19:53:44.524500,NewYork-8fe7,-18,73,Normal
2026-04-27 19:53:45.524500,NewYork-8fe7,22,48,Normal
2026-04-27 19:53:46.524500,NewYork-8fe7,20,37,Normal
2026-04-27 19:53:47.524500,NewYork-8fe7,32,61,Normal
2026-04-27 19:53:48.524500,NewYork-8fe7,44,25,Normal
2026-04-27 19:53:49.524500,NewYork-8fe7,17,91,Normal
2026-04-27 19:53:50.524500,NewYork-8fe7,17,35,Normal
2026-04-27 19:53:51.524500,NewYork-8fe7,-12,42,Normal
2026-04-27 19:53:52.524500,NewYork-8fe7,-16,83,Normal
2026-04-27 19:53:53.524500,NewYork-8fe7,35,16,Normal
2026-04-27 19:53:54.524500,NewYork-8fe7,-12,38,Normal
2026-04-27 19:53:55.524500,NewYork-8fe7,46,37,Normal
2026-04-27 19:53:56.524500,NewYork-8fe7,19,89,Normal
2026-04-27 19:53:57.524500,NewYork-8fe7,-1,30,Normal
2026-04-27 19:53:58.524500,NewYork-8fe7,-5,81,Normal
2026-04-27 19:53:59.524500,NewYork-8fe7,-2,54,Normal
2026-04-27 19:54:00.524500,NewYork-8fe7,-4,70,Normal
2026-04-27 19:54:01.524500,NewYork-8fe7,-11,23,Normal
2026-04-27 19:54:02.524500,NewYork-8fe7,26,25,Normal
2026-04-27 19:54:03.524500,NewYork-8fe7,-29,89,Normal
2026-04-27 19:54:04.524500,NewYork-8fe7,44,24,Normal
2026-04-27 19:54:05.524500,NewYork-8fe7,-6,94,Normal
2026-04-27 19:54:06.524500,NewYork-8fe7,-23,80,Normal
2026-04-27 19:54:07.524500,NewYork-8fe7,-17,62,Normal
2026-04-27 19:54:08.524500,NewYork-8fe7,-10,16,Normal
2026-04-27 19:54:09.524500,NewYork-8fe7,23,36,Normal
2026-04-27 19:54:10.524500,NewYork-8fe7,7,44,Normal
2026-04-27 19:54:11.524500,NewYork-8fe7,33,75,Normal
2026-04-27 19:54:12.524500,NewYork-8fe7,-5,74,Normal
2026-04-27 19:54:13.524500,NewYork-8fe7,7,19,Normal
2026-04-27 19:54:14.524500,NewYork-8fe7,28,33,Normal
2026-04-27 19:54:15.524500,NewYork-8fe7,-2,92,Normal
2026-04-27 19:54:16.524500,NewYork-8fe7,31,17,Normal
2026-04-27 19:54:17.524500,NewYork-8fe7,15,80,Normal
2026-04-27 19:54:18.524500,NewYork-8fe7,-17,94,Normal
2026-04-27 19:54:19.524500,NewYork-8fe7,5,77,Normal
2026-04-27 19:54:20.524500,NewYork-8fe7,5,77,Normal
2026-04-27 19:54:21.524500,NewYork-8fe7,22,35,Normal
2026-04-27 19:54:22.524500,NewYork-8fe7,47,28,Normal
2026-04-27 19:54:23.524500,NewYork-8fe7,12,72,Normal
2026-04-27 19:54:24.524500,NewYork-8fe7,7,59,Normal
2026-04-27 19:54:25.524500,NewYork-8fe7,34,48,Normal
2026-04-27 19:54:26.524500,NewYork-8fe7,-19,44,Normal
2026-04-27 19:54:27.524500,NewYork-8fe7,45,2,Normal
2026-04-27 19:54:28.524500,NewYork-8fe7,16,64,Normal
2026-04-27 19:54:29.524500,NewYork-8fe7,-4,92,Normal
2026-04-27 19:54:30.524500,NewYork-8fe7,40,90,Normal
2026-04-27 19:54:31.524500,NewYork-8fe7,23,57,Normal
2026-04-27 19:54:32.524500,NewYork-8fe7,19,74,Normal
2026-04-27 19:54:33.524500,NewYork-8fe7,-24,24,Normal
2026-04-27 19:54:34.524500,NewYork-8fe7,36,32,Normal
2026-04-27 19:54:35.524500,NewYork-8fe7,5,77,Normal
2026-04-27 19:54:36.524500,NewYork-8fe7,26,3,Normal
2026-04-27 19:54:37.524500,NewYork-8fe7,-22,81,Normal
2026-04-27 19:54:38.524500,NewYork-8fe7,12,5,Normal
2026-04-27 19:54:39.524500,NewYork-8fe7,-19,37,Normal
2026-04-27 19:54:40.524500,NewYork-8fe7,40,65,Normal
2026-04-27 19:54:41.524500,NewYork-8fe7,46,12,Normal
2026-04-27 19:54:42.524500,NewYork-8fe7,-2,3,Normal
2026-04-27 19:54:43.524500,NewYork-8fe7,31,23,Normal
2026-04-27 19:54:44.524500,NewYork-8fe7,37,93,Normal
2026-04-27 19:54:45.524500,NewYork-8fe7,24,90,Normal
2026-04-27 19:54:46.524500,NewYork-8fe7,13,72,Normal
2026-04-27 19:54:47.524500,NewYork-8fe7,17,18,Normal
2026-04-27 19:54:48.524500,NewYork-8fe7,31,20,Normal
2026-04-27 19:54:49.524500,NewYork-8fe7,22,47,Normal
2026-04-27 19:54:50.524500,NewYork-8fe7,-15,62,Normal
2026-04-27 19:54:51.524500,NewYork-8fe7,-6,72,Normal
2026-04-27 19:54:52.524500,NewYork-8fe7,-30,39,Normal
2026-04-27 19:54:53.524500,NewYork-8fe7,-8,6,Normal
2026-04-27 19:54:54.524500,NewYork-8fe7,1,24,Normal
2026-04-27 19:54:55.524500,NewYork-8fe7,15,75,Normal
2026-04-27 19:54:56.524500,NewYork-8fe7,-18,45,Normal
2026-04-27 19:54:57.524500,NewYork-8fe7,38,6,Normal
2026-04-27 19:54:58.524500,NewYork-8fe7,-21,80,Normal
2026-04-27 19:54:59.524500,NewYork-8fe7,-4,65,Normal
2026-04-27 19:55:00.524500,NewYork-8fe7,27,77,Normal
2026-04-27 19:55:01.524500,NewYork-8fe7,-20,45,Normal
2026-04-27 19:55:02.524500,NewYork-8fe7,-19,8,Normal
2026-04-27 19:55:03.524500,NewYork-8fe7,50,59,Normal
2026-04-27 19:55:04.524500,NewYork-8fe7,42,7,Normal
2026-04-27 19:55:05.524500,NewYork-8fe7,7,10,Normal
2026-04-27 19:55:06.524500,NewYork-8fe7,24,47,Normal
2026-04-27 19:55:07.524500,NewYork-8fe7,31,12,Normal
2026-04-27 19:55:08.524500,NewYork-8fe7,43,17,Normal
2026-04-27 19:55:09.524500,NewYork-8fe7,38,8,Normal
2026-04-27 19:55:10.524500,NewYork-8fe7,-25,72,Normal
2026-04-27 19:55:11.524500,NewYork-8fe7,-28,46,Normal
2026-04-27 19:55:12.524500,NewYork-8fe7,35,39,Normal
2026-04-27 19:55:13.524500,NewYork-8fe7,49,62,Normal
2026-04-27 19:55:14.524500,NewYork-8fe7,-18,51,Normal
2026-04-27 19:55:15.524500,NewYork-8fe7,13,62,Normal
2026-04-27 19:55:16.524500,NewYork-8fe7,-11,63,Normal
2026-04-27 19:55:17.524500,NewYork-8fe7,36,60,Normal
2026-04-27 19:55:18.524500,NewYork-8fe7,19,59,Normal
2026-04-27 19:55:19.524500,NewYork-8fe7,-16,99,Normal
2026-04-27 19:55:20.524500,NewYork-8fe7,-18,45,Normal
2026-04-27 19:55:21.524500,NewYork-8fe7,-20,30,Normal
2026-04-27 19:55:22.524500,NewYork-8fe7,29,16,Normal
2026-04-27 19:55:23.524500,NewYork-8fe7,-2,40,Normal
2026-04-27 19:55:24.524500,NewYork-8fe7,26,23,Normal
2026-04-27 19:55:25.524500,NewYork-8fe7,18,48,Normal
2026-04-27 19:55:26.524500,NewYork-8fe7,4,28,Normal
2026-04-27 19:55:27.524500,NewYork-8fe7,-22,52,Normal
2026-04-27 19:55:28.524500,NewYork-8fe7,19,43,Normal
2026-04-27 19:55:29.524500,NewYork-8fe7,38,99,Normal
2026-04-27 19:55:30.524500,NewYork-8fe7,13,88,Normal
2026-04-27 19:55:31.524500,NewYork-8fe7,-14,85,Normal
2026-04-27 19:55:32.524500,NewYork-8fe7,-28,31,Normal
2026-04-27 19:55:33.524500,NewYork-8fe7,7,50,Normal
2026-04-27 19:55:34.524500,NewYork-8fe7,33,57,Normal
2026-04-27 19:55:35.524500,NewYork-8fe7,-25,60,Normal
2026-04-27 19:55:36.524500,NewYork-8fe7,17,32,Normal
2026-04-27 19:55:37.524500,NewYork-8fe7,9,27,Normal
2026-04-27 19:55:38.524500,NewYork-8fe7,-18,35,Normal
2026-04-27 19:55:39.524500,NewYork-8fe7,13,67,Normal
2026-04-27 19:55:40.524500,NewYork-8fe7,-22,86,Normal
2026-04-27 19:55:41.524500,NewYork-8fe7,46,74,Normal
2026-04-27 19:55:42.524500,NewYork-8fe7,50,15,Normal
2026-04-27 19:55:43.524500,NewYork-8fe7,-28,65,Normal
2026-04-27 19:55:44.524500,NewYork-8fe7,15,99,Normal
2026-04-27 19:55:45.524500,NewYork-8fe7,6,14,Normal
2026-04-27 19:55:46.524500,NewYork-8fe7,37,82,Normal
2026-04-27 19:55:47.524500,NewYork-8fe7,-11,67,Normal
2026-04-27 19:55:48.524500,NewYork-8fe7,-1,17,Normal
2026-04-27 19:55:49.524500,NewYork-8fe7,-28,99,Normal
2026-04-27 19:55:50.524500,NewYork-8fe7,15,13,Normal
2026-04-27 19:55:51.524500,NewYork-8fe7,-8,48,Normal
2026-04-27 19:55:52.524500,NewYork-8fe7,48,25,Normal
2026-04-27 19:55:53.524500,NewYork-8fe7,31,22,Normal
2026-04-27 19:55:54.524500,NewYork-8fe7,36,85,Normal
2026-04-27 19:55:55.524500,NewYork-8fe7,-1,7,Normal
2026-04-27 19:55:56.524500,NewYork-8fe7,46,93,Normal
2026-04-27 19:55:57.524500,NewYork-8fe7,42,59,Normal
2026-04-27 19:55:58.524500,NewYork-8fe7,40,45,Normal
2026-04-27 19:55:59.524500,NewYork-8fe7,-1,53,Normal
2026-04-27 19:56:00.524500,NewYork-8fe7,19,8,Normal
2026-04-27 19:56:01.524500,NewYork-8fe7,6,68,Normal
2026-04-27 19:56:02.524500,NewYork-8fe7,-15,14,Normal
2026-04-27 19:56:03.524500,NewYork-8fe7,27,40,Normal
2026-04-27 19:56:04.524500,NewYork-8fe7,-13,99,Normal
2026-04-27 19:56:05.524500,NewYork-8fe7,9,34,Normal
2026-04-27 19:56:06.524500,NewYork-8fe7,31,34,Normal
2026-04-27 19:56:07.524500,NewYork-8fe7,-13,24,Normal
2026-04-27 19:56:08.524500,NewYork-8fe7,-22,62,Normal
2026-04-27 19:56:09.524500,NewYork-8fe7,-1,38,Normal
2026-04-27 19:56:10.524500,NewYork-8fe7,22,0,Normal
2026-04-27 19:56:11.524500,NewYork-8fe7,12,89,Normal
2026-04-27 19:56:12.524500,NewYork-8fe7,24,81,Normal
2026-04-27 19:56:13.524500,NewYork-8fe7,-7,47,Normal
2026-04-27 19:56:14.524500,NewYork-8fe7,41,53,Normal
2026-04-27 19:56:15.524500,NewYork-8fe7,26,89,Normal
2026-04-27 19:56:16.524500,NewYork-8fe7,25,96,Normal
2026-04-27 19:56:17.524500,NewYork-8fe7,-13,25,Normal
2026-04-27 19:56:18.524500,NewYork-8fe7,39,91,Normal
2026-04-27 19:56:19.524500,NewYork-8fe7,21,100,Normal
2026-04-27 19:56:20.524500,NewYork-8fe7,9,21,Normal
2026-04-27 19:56:21.524500,NewYork-8fe7,44,64,Normal
2026-04-27 19:56:22.524500,NewYork-8fe7,19,89,Normal
2026-04-27 19:56:23.524500,NewYork-8fe7,-27,35,Normal
2026-04-27 19:56:24.524500,NewYork-8fe7,4,62,Normal
2026-04-27 19:56:25.524500,NewYork-8fe7,35,56,Normal
2026-04-27 19:56:26.524500,NewYork-8fe7,0,17,Normal
2026-04-27 19:56:27.524500,NewYork-8fe7,49,87,Normal
2026-04-27 19:56:28.524500,NewYork-8fe7,-3,18,Normal
2026-04-27 19:56:29.524500,NewYork-8fe7,29,14,Normal
2026-04-27 19:56:30.524500,NewYork-8fe7,46,5,Normal
2026-04-27 19:56:31.524500,NewYork-8fe7,23,79,Normal
2026-04-27 19:56:32.524500,NewYork-8fe7,10,40,Normal
2026-04-27 19:56:33.524500,NewYork-8fe7,44,37,Normal
2026-04-27 19:56:34.524500,NewYork-8fe7,22,20,Normal
2026-04-27 19:56:35.524500,NewYork-8fe7,6,11,Normal
2026-04-27 19:56:36.524500,NewYork-8fe7,14,75,Normal
2026-04-27 19:56:37.524500,NewYork-8fe7,43,55,Normal
2026-04-27 19:56:38.524500,NewYork-8fe7,23,60,Normal
2026-04-27 19:56:39.524500,NewYork-8fe7,-10,53,Normal
2026-04-27 19:56:40.524500,NewYork-8fe7,-24,53,Normal
2026-04-27 19:56:41.524500,NewYork-8fe7,23,82,Normal
2026-04-27 19:56:42.524500,NewYork-8fe7,16,83,Normal
2026-04-27 19:56:43.524500,NewYork-8fe7,13,11,Normal
2026-04-27 19:56:44.524500,NewYork-8fe7,11,96,Normal
2026-04-27 19:56:45.524500,NewYork-8fe7,-11,70,Normal
2026-04-27 19:56:46.524500,NewYork-8fe7,31,81,Normal
2026-04-27 19:56:47.524500,NewYork-8fe7,48,44,Normal
2026-04-27 19:56:48.524500,NewYork-8fe7,24,0,Normal
2026-04-27 19:56:49.524500,NewYork-8fe7,9,35,Normal
2026-04-27 19:56:50.524500,NewYork-8fe7,-25,90,Normal
2026-04-27 19:56:51.524500,NewYork-8fe7,-30,39,Normal
2026-04-27 19:56:52.524500,NewYork-8fe7,38,92,Normal
2026-04-27 19:56:53.524500,NewYork-8fe7,9,49,Normal
2026-04-27 19:56:54.524500,NewYork-8fe7,7,86,Normal
2026-04-27 19:56:55.524500,NewYork-8fe7,30,49,Normal
2026-04-27 19:56:56.524500,NewYork-8fe7,6,10,Normal
2026-04-27 19:56:57.524500,NewYork-8fe7,-24,86,Normal
2026-04-27 19:56:58.524500,NewYork-8fe7,8,72,Normal
2026-04-27 19:56:59.524500,NewYork-8fe7,-10,75,Normal
2026-04-27 19:57:00.524500,NewYork-8fe7,31,13,Normal
2026-04-27 19:57:01.524500,NewYork-8fe7,37,4,Normal
2026-04-27 19:57:02.524500,NewYork-8fe7,9,42,Normal
2026-04-27 19:57:03.524500,NewYork-8fe7,-15,95,Normal
2026-04-27 19:57:04.524500,NewYork-8fe7,33,38,Normal
2026-04-27 19:57:05.524500,NewYork-8fe7,23,63,Normal
2026-04-27 19:57:06.524500,NewYork-8fe7,35,49,Normal
2026-04-27 19:57:07.524500,NewYork-8fe7,17,4,Normal
2026-04-27 19:57:08.524500,NewYork-8fe7,-14,52,Normal
2026-04-27 19:57:09.524500,NewYork-8fe7,-20,38,Normal
2026-04-27 19:57:10.524500,NewYork-8fe7,44,24,Normal
2026-04-27 19:57:11.524500,NewYork-8fe7,2,12,Normal
2026-04-27 19:57:12.524500,NewYork-8fe7,-18,72,Normal
2026-04-27 19:57:13.524500,NewYork-8fe7,-25,6,Normal
2026-04-27 19:57:14.524500,NewYork-8fe7,-8,33,Normal
2026-04-27 19:57:15.524500,NewYork-8fe7,-30,79,Normal
2026-04-27 19:57:16.524500,NewYork-8fe7,-20,60,Normal
2026-04-27 19:57:17.524500,NewYork-8fe7,41,41,Normal
2026-04-27 19:57:18.524500,NewYork-8fe7,8,36,Normal
2026-04-27 19:57:19.524500,NewYork-8fe7,18,25,Normal
2026-04-27 19:57:20.524500,NewYork-8fe7,-16,14,Normal
2026-04-27 19:57:21.524500,NewYork-8fe7,37,24,Normal
2026-04-27 19:57:22.524500,NewYork-8fe7,35,10,Normal
2026-04-27 19:57:23.524500,NewYork-8fe7,-14,91,Normal
2026-04-27 19:57:24.524500,NewYork-8fe7,4,33,Normal
2026-04-27 19:57:25.524500,NewYork-8fe7,41,52,Normal
2026-04-27 19:57:26.524500,NewYork-8fe7,-9,1,Normal
2026-04-27 19:57:27.524500,NewYork-8fe7,-1,34,Normal
2026-04-27 19:57:28.524500,NewYork-8fe7,-30,74,Normal
2026-04-27 19:57:29.524500,NewYork-8fe7,0,5,Normal
2026-04-27 19:57:30.524500,NewYork-8fe7,40,76,Normal
2026-04-27 19:57:31.524500,NewYork-8fe7,41,20,Normal
2026-04-27 19:57:32.524500,NewYork-8fe7,10,91,Normal
2026-04-27 19:57:33.524500,NewYork-8fe7,49,29,Normal
2026-04-27 19:57:34.524500,NewYork-8fe7,3,87,Normal
2026-04-27 19:57:35.524500,NewYork-8fe7,-23,41,Normal
2026-04-27 19:57:36.524500,NewYork-8fe7,10,52,Normal
2026-04-27 19:57:37.524500,NewYork-8fe7,1,28,Normal
2026-04-27 19:57:38.524500,NewYork-8fe7,32,38,Normal
2026-04-27 19:57:39.524500,NewYork-8fe7,-18,30,Normal
2026-04-27 19:57:40.524500,NewYork-8fe7,-5,18,Normal
2026-04-27 19:57:41.524500,NewYork-8fe7,6,48,Normal
2026-04-27 19:57:42.524500,NewYork-8fe7,37,88,Normal
2026-04-27 19:57:43.524500,NewYork-8fe7,-6,57,Normal
2026-04-27 19:57:44.524500,NewYork-8fe7,3,86,Normal
2026-04-27 19:57:45.524500,NewYork-8fe7,13,80,Normal
2026-04-27 19:57:46.524500,NewYork-8fe7,36,42,Normal
2026-04-27 19:57:47.524500,NewYork-8fe7,14,76,Normal
2026-04-27 19:57:48.524500,NewYork-8fe7,-28,76,Normal
2026-04-27 19:57:49.524500,NewYork-8fe7,46,91,Normal
2026-04-27 19:57:50.524500,NewYork-8fe7,-14,3,Normal
2026-04-27 19:57:51.524500,NewYork-8fe7,44,95,Normal
2026-04-27 19:57:52.524500,NewYork-8fe7,31,61,Normal
2026-04-27 19:57:53.524500,NewYork-8fe7,28,47,Normal
2026-04-27 19:57:54.524500,NewYork-8fe7,43,43,Normal
2026-04-27 19:57:55.524500,NewYork-8fe7,29,64,Normal
2026-04-27 19:57:56.524500,NewYork-8fe7,19,79,Normal
2026-04-27 19:57:57.524500,NewYork-8fe7,-30,87,Normal
2026-04-27 19:57:58.524500,NewYork-8fe7,23,31,Normal
2026-04-27 19:57:59.524500,NewYork-8fe7,2,19,Normal
2026-04-27 19:58:00.524500,NewYork-8fe7,-13,20,Normal
2026-04-27 19:58:01.524500,NewYork-8fe7,40,33,Normal
2026-04-27 19:58:02.524500,NewYork-8fe7,18,50,Normal
2026-04-27 19:58:03.524500,NewYork-8fe7,-1,75,Normal
2026-04-27 19:58:04.524500,NewYork-8fe7,33,8,Normal
2026-04-27 19:58:05.524500,NewYork-8fe7,-22,58,Normal
2026-04-27 19:58:06.524500,NewYork-8fe7,-6,2,Normal
2026-04-27 19:58:07.524500,NewYork-8fe7,44,59,Normal
2026-04-27 19:58:08.524500,NewYork-8fe7,20,98,Normal
2026-04-27 19:58:09.524500,NewYork-8fe7,38,60,Normal
2026-04-27 19:58:10.524500,NewYork-8fe7,-21,40,Normal
2026-04-27 19:58:11.524500,NewYork-8fe7,22,5,Normal
2026-04-27 19:58:12.524500,NewYork-8fe7,30,17,Normal
2026-04-27 19:58:13.524500,NewYork-8fe7,37,100,Normal
2026-04-27 19:58:14.524500,NewYork-8fe7,29,13,Normal
2026-04-27 19:58:15.524500,NewYork-8fe7,44,54,Normal
2026-04-27 19:58:16.524500,NewYork-8fe7,-20,78,Normal
2026-04-27 19:58:17.524500,NewYork-8fe7,29,57,Normal
2026-04-27 19:58:18.524500,NewYork-8fe7,14,33,Normal
2026-04-27 19:58:19.524500,NewYork-8fe7,-4,58,Normal
2026-04-27 19:58:20.524500,NewYork-8fe7,22,26,Normal
2026-04-27 19:58:21.524500,NewYork-8fe7,15,6,Normal
2026-04-27 19:58:22.524500,NewYork-8fe7,45,20,Normal
2026-04-27 19:58:23.524500,NewYork-8fe7,48,0,Normal
2026-04-27 19:58:24.524500,NewYork-8fe7,25,100,Normal
2026-04-27 19:58:25.524500,NewYork-8fe7,44,98,Normal
2026-04-27 19:58:26.524500,NewYork-8fe7,-3,96,Normal
2026-04-27 19:58:27.524500,NewYork-8fe7,0,72,Normal
2026-04-27 19:58:28.524500,NewYork-8fe7,12,26,Normal
2026-04-27 19:58:29.524500,NewYork-8fe7,42,78,Normal
2026-04-27 19:58:30.524500,NewYork-8fe7,19,52,Normal
2026-04-27 19:58:31.524500,NewYork-8fe7,34,44,Normal
2026-04-27 19:58:32.524500,NewYork-8fe7,-8,7,Normal
2026-04-27 19:58:33.524500,NewYork-8fe7,37,53,Normal
2026-04-27 19:58:34.524500,NewYork-8fe7,50,55,Normal
2026-04-27 19:58:35.524500,NewYork-8fe7,14,81,Normal
2026-04-27 19:58:36.524500,NewYork-8fe7,45,98,Normal
2026-04-27 19:58:37.524500,NewYork-8fe7,-10,94,Normal
2026-04-27 19:58:38.524500,NewYork-8fe7,25,97,Normal
2026-04-27 19:58:39.524500,NewYork-8fe7,44,33,Normal
2026-04-27 19:58:40.524500,NewYork-8fe7,37,40,Normal
2026-04-27 19:58:41.524500,NewYork-8fe7,-8,47,Normal
2026-04-27 19:58:42.524500,NewYork-8fe7,42,53,Normal
2026-04-27 19:58:43.524500,NewYork-8fe7,-25,1,Normal
2026-04-27 19:58:44.524500,NewYork-8fe7,38,41,Normal
2026-04-27 19:58:45.524500,NewYork-8fe7,-10,78,Normal
2026-04-27 19:58:46.524500,NewYork-8fe7,9,54,Normal
2026-04-27 19:58:47.524500,NewYork-8fe7,-6,54,Normal
2026-04-27 19:58:48.524500,NewYork-8fe7,18,58,Normal
2026-04-27 19:58:49.524500,NewYork-8fe7,8,80,Normal
2026-04-27 19:58:50.524500,NewYork-8fe7,-29,49,Normal
2026-04-27 19:58:51.524500,NewYork-8fe7,-16,97,Normal
2026-04-27 19:58:52.524500,NewYork-8fe7,7,44,Normal
2026-04-27 19:58:53.524500,NewYork-8fe7,-13,97,Normal
2026-04-27 19:58:54.524500,NewYork-8fe7,32,38,Normal
2026-04-27 19:58:55.524500,NewYork-8fe7,38,55,Normal
2026-04-27 19:58:56.524500,NewYork-8fe7,26,28,Normal
2026-04-27 19:58:57.524500,NewYork-8fe7,3,92,Normal
2026-04-27 19:58:58.524500,NewYork-8fe7,-15,92,Normal
2026-04-27 19:58:59.524500,NewYork-8fe7,-12,96,Normal
2026-04-27 19:59:00.524500,NewYork-8fe7,-30,27,Normal
2026-04-27 19:59:01.524500,NewYork-8fe7,31,47,Normal
2026-04-27 19:59:02.524500,NewYork-8fe7,-5,84,Normal
2026-04-27 19:59:03.524500,NewYork-8fe7,29,25,Normal
2026-04-27 19:59:04.524500,NewYork-8fe7,-8,28,Normal
2026-04-27 19:59:05.524500,NewYork-8fe7,-14,25,Normal
2026-04-27 19:59:06.524500,NewYork-8fe7,9,58,Normal
2026-04-27 19:59:07.524500,NewYork-8fe7,-6,35,Normal
2026-04-27 19:59:08.524500,NewYork-8fe7,5,48,Normal
2026-04-27 19:59:09.524500,NewYork-8fe7,40,37,Normal
2026-04-27 19:59:10.524500,NewYork-8fe7,-19,88,Normal
2026-04-27 19:59:11.524500,NewYork-8fe7,26,45,Normal
2026-04-27 19:59:12.524500,NewYork-8fe7,50,74,Normal
2026-04-27 19:59:13.524500,NewYork-8fe7,-19,60,Normal
2026-04-27 19:59:14.524500,NewYork-8fe7,44,0,Normal
2026-04-27 19:59:15.524500,NewYork-8fe7,14,72,Normal
2026-04-27 19:59:16.524500,NewYork-8fe7,-11,44,Normal
2026-04-27 19:59:17.524500,NewYork-8fe7,7,95,Normal
2026-04-27 19:59:18.524500,NewYork-8fe7,25,95,Normal
2026-04-27 19:59:19.524500,NewYork-8fe7,14,42,Normal
2026-04-27 19:59:20.524500,NewYork-8fe7,-22,5,Normal
2026-04-27 19:59:21.524500,NewYork-8fe7,-8,76,Normal
2026-04-27 19:59:22.524500,NewYork-8fe7,43,46,Normal
2026-04-27 19:59:23.524500,NewYork-8fe7,8,28,Normal
2026-04-27 19:59:24.524500,NewYork-8fe7,-26,23,Normal
2026-04-27 19:59:25.524500,NewYork-8fe7,24,65,Normal
2026-04-27 19:59:26.524500,NewYork-8fe7,3,28,Normal
2026-04-27 19:59:27.524500,NewYork-8fe7,43,6,Normal
2026-04-27 19:59:28.524500,NewYork-8fe7,49,15,Normal
2026-04-27 19:59:29.524500,NewYork-8fe7,33,92,Normal
2026-04-27 19:59:30.524500,NewYork-8fe7,43,26,Normal
2026-04-27 19:59:31.524500,NewYork-8fe7,-30,67,Normal
2026-04-27 19:59:32.524500,NewYork-8fe7,18,76,Normal
2026-04-27 19:59:33.524500,NewYork-8fe7,-9,3,Normal
2026-04-27 19:59:34.524500,NewYork-8fe7,28,4,Normal
2026-04-27 19:59:35.524500,NewYork-8fe7,-27,100,Normal
2026-04-27 19:59:36.524500,NewYork-8fe7,18,92,Normal
2026-04-27 19:59:37.524500,NewYork-8fe7,-12,88,Normal
2026-04-27 19:59:38.524500,NewYork-8fe7,39,10,Normal
2026-04-27 19:59:39.524500,NewYork-8fe7,-18,81,Normal
2026-04-27 19:59:40.524500,NewYork-8fe7,-5,81,Normal
2026-04-27 19:59:41.524500,NewYork-8fe7,7,77,Normal
2026-04-27 19:59:42.524500,NewYork-8fe7,37,13,Normal
2026-04-27 19:59:43.524500,NewYork-8fe7,-8,89,Normal
2026-04-27 19:59:44.524500,NewYork-8fe7,-4,91,Normal
2026-04-27 19:59:45.524500,NewYork-8fe7,23,18,Normal
2026-04-27 19:59:46.524500,NewYork-8fe7,-29,74,Normal
2026-04-27 19:59:47.524500,NewYork-8fe7,23,87,Normal
2026-04-27 19:59:48.524500,NewYork-8fe7,-15,1,Normal
2026-04-27 19:59:49.524500,NewYork-8fe7,39,25,Normal
2026-04-27 19:59:50.524500,NewYork-8fe7,-19,30,Normal
2026-04-27 19:59:51.524500,NewYork-8fe7,43,39,Normal
2026-04-27 19:59:52.524500,NewYork-8fe7,3,96,Normal
2026-04-27 19:59:53.524500,NewYork-8fe7,15,37,Normal
2026-04-27 19:59:54.524500,NewYork-8fe7,48,36,Normal
2026-04-27 19:59:55.524500,NewYork-8fe7,46,7,Normal
2026-04-27 19:59:56.524500,NewYork-8fe7,-4,93,Normal
2026-04-27 19:59:57.524500,NewYork-8fe7,25,76,Normal
2026-04-27 19:59:58.524500,NewYork-8fe7,-30,26,Normal
2026-04-27 19:59:59.524500,NewYork-8fe7,35,68,Normal
2026-04-27 20:00:00.524500,NewYork-8fe7,-17,48,Normal
2026-04-27 20:00:01.524500,NewYork-8fe7,43,69,Normal
2026-04-27 20:00:02.524500,NewYork-8fe7,14,58,Normal
2026-04-27 20:00:03.524500,NewYork-8fe7,34,10,Normal
2026-04-27 20:00:04.524500,NewYork-8fe7,28,83,Normal
2026-04-27 20:00:05.524500,NewYork-8fe7,12,22,Normal
2026-04-27 20:00:06.524500,NewYork-8fe7,37,2,Normal
2026-04-27 20:00:07.524500,NewYork-8fe7,-25,86,Normal
2026-04-27 20:00:08.524500,NewYork-8fe7,13,27,Normal
2026-04-27 20:00:09.524500,NewYork-8fe7,-3,91,Normal
2026-04-27 20:00:10.524500,NewYork-8fe7,-27,38,Normal
2026-04-27 20:00:11.524500,NewYork-8fe7,-13,75,Normal
2026-04-27 20:00:12.524500,NewYork-8fe7,-6,26,Normal
2026-04-27 20:00:13.524500,NewYork-8fe7,38,88,Normal
2026-04-27 20:00:14.524500,NewYork-8fe7,-22,79,Normal
2026-04-27 20:00:15.524500,NewYork-8fe7,5,55,Normal
2026-04-27 20:00:16.524500,NewYork-8fe7,24,98,Normal
2026-04-27 20:00:17.524500,NewYork-8fe7,43,87,Normal
2026-04-27 20:00:18.524500,NewYork-8fe7,48,7,Normal
2026-04-27 20:00:19.524500,NewYork-8fe7,9,98,Normal
2026-04-27 20:00:20.524500,NewYork-8fe7,-10,0,Normal
2026-04-27 20:00:21.524500,NewYork-8fe7,-20,87,Normal
2026-04-27 20:00:22.524500,NewYork-8fe7,-30,24,Normal
2026-04-27 20:00:23.524500,NewYork-8fe7,42,73,Normal
2026-04-27 20:00:24.524500,NewYork-8fe7,-29,25,Normal
2026-04-27 20:00:25.524500,NewYork-8fe7,38,33,Normal
2026-04-27 20:00:26.524500,NewYork-8fe7,36,17,Normal
2026-04-27 20:00:27.524500,NewYork-8fe7,4,92,Normal
2026-04-27 20:00:28.524500,NewYork-8fe7,41,95,Normal
2026-04-27 20:00:29.524500,NewYork-8fe7,39,0,Normal
2026-04-27 20:00:30.524500,NewYork-8fe7,20,92,Normal
2026-04-27 20:00:31.524500,NewYork-8fe7,8,3,Normal
2026-04-27 20:00:32.524500,NewYork-8fe7,3,12,Normal
2026-04-27 20:00:33.524500,NewYork-8fe7,25,57,Normal
2026-04-27 20:00:34.524500,NewYork-8fe7,-18,81,Normal
2026-04-27 20:00:35.524500,NewYork-8fe7,-11,49,Normal
2026-04-27 20:00:36.524500,NewYork-8fe7,28,14,Normal
2026-04-27 20:00:37.524500,NewYork-8fe7,3,6,Normal
2026-04-27 20:00:38.524500,NewYork-8fe7,47,66,Normal
2026-04-27 20:00:39.524500,NewYork-8fe7,17,36,Normal
2026-04-27 20:00:40.524500,NewYork-8fe7,2,11,Normal
2026-04-27 20:00:41.524500,NewYork-8fe7,17,54,Normal
2026-04-27 20:00:42.524500,NewYork-8fe7,38,81,Normal
2026-04-27 20:00:43.524500,NewYork-8fe7,-10,69,Normal
2026-04-27 20:00:44.524500,NewYork-8fe7,-3,24,Normal
2026-04-27 20:00:45.524500,NewYork-8fe7,43,53,Normal
2026-04-27 20:00:46.524500,NewYork-8fe7,35,80,Normal
2026-04-27 20:00:47.524500,NewYork-8fe7,49,19,Normal
2026-04-27 20:00:48.524500,NewYork-8fe7,2,79,Normal
2026-04-27 20:00:49.524500,NewYork-8fe7,-23,0,Normal
2026-04-27 20:00:50.524500,NewYork-8fe7,37,8,Normal
2026-04-27 20:00:51.524500,NewYork-8fe7,9,3,Normal
2026-04-27 20:00:52.524500,NewYork-8fe7,-26,85,Normal
2026-04-27 20:00:53.524500,NewYork-8fe7,38,4,Normal
2026-04-27 20:00:54.524500,NewYork-8fe7,32,27,Normal
2026-04-27 20:00:55.524500,NewYork-8fe7,30,66,Normal
2026-04-27 20:00:56.524500,NewYork-8fe7,35,30,Normal
2026-04-27 20:00:57.524500,NewYork-8fe7,39,53,Normal
2026-04-27 20:00:58.524500,NewYork-8fe7,18,23,Normal
2026-04-27 20:00:59.524500,NewYork-8fe7,20,26,Normal
2026-04-27 20:01:00.524500,NewYork-8fe7,27,7,Normal
2026-04-27 20:01:01.524500,NewYork-8fe7,48,65,Normal
2026-04-27 20:01:02.524500,NewYork-8fe7,15,100,Normal
2026-04-27 20:01:03.524500,NewYork-8fe7,2,45,Normal
2026-04-27 20:01:04.524500,NewYork-8fe7,-18,39,Normal
2026-04-27 20:01:05.524500,NewYork-8fe7,5,41,Normal
2026-04-27 20:01:06.524500,NewYork-8fe7,-8,17,Normal
2026-04-27 20:01:07.524500,NewYork-8fe7,-10,21,Normal
2026-04-27 20:01:08.524500,NewYork-8fe7,26,77,Normal
2026-04-27 20:01:09.524500,NewYork-8fe7,-20,85,Normal
2026-04-27 20:01:10.524500,NewYork-8fe7,3,74,Normal
2026-04-27 20:01:11.524500,NewYork-8fe7,13,60,Normal
2026-04-27 20:01:12.524500,NewYork-8fe7,9,18,Normal
2026-04-27 20:01:13.524500,NewYork-8fe7,28,68,Normal
2026-04-27 20:01:14.524500,NewYork-8fe7,44,5,Normal
2026-04-27 20:01:15.524500,NewYork-8fe7,-24,90,Normal
2026-04-27 20:01:16.524500,NewYork-8fe7,17,67,Normal
2026-04-27 20:01:17.524500,NewYork-8fe7,36,55,Normal
2026-04-27 20:01:18.524500,NewYork-8fe7,20,74,Normal
2026-04-27 20:01:19.524500,NewYork-8fe7,25,23,Normal
2026-04-27 20:01:20.524500,NewYork-8fe7,10,42,Normal
2026-04-27 20:01:21.524500,NewYork-8fe7,32,85,Normal
2026-04-27 20:01:22.524500,NewYork-8fe7,29,33,Normal
2026-04-27 20:01:23.524500,NewYork-8fe7,34,10,Normal
2026-04-27 20:01:24.524500,NewYork-8fe7,23,0,Normal
2026-04-27 20:01:25.524500,NewYork-8fe7,-8,9,Normal
2026-04-27 20:01:26.524500,NewYork-8fe7,4,95,Normal
2026-04-27 20:01:27.524500,NewYork-8fe7,40,92,Normal
2026-04-27 20:01:28.524500,NewYork-8fe7,-25,0,Normal
2026-04-27 20:01:29.524500,NewYork-8fe7,42,55,Normal
2026-04-27 20:01:30.524500,NewYork-8fe7,-14,41,Normal
2026-04-27 20:01:31.524500,NewYork-8fe7,49,53,Normal
2026-04-27 20:01:32.524500,NewYork-8fe7,33,52,Normal
2026-04-27 20:01:33.524500,NewYork-8fe7,44,97,Normal
2026-04-27 20:01:34.524500,NewYork-8fe7,43,59,Normal
2026-04-27 20:01:35.524500,NewYork-8fe7,-10,92,Normal
2026-04-27 20:01:36.524500,NewYork-8fe7,-29,8,Normal
2026-04-27 20:01:37.524500,NewYork-8fe7,2,79,Normal
2026-04-27 20:01:38.524500,NewYork-8fe7,-12,17,Normal
2026-04-27 20:01:39.524500,NewYork-8fe7,8,58,Normal
2026-04-27 20:01:40.524500,NewYork-8fe7,14,41,Normal
2026-04-27 20:01:41.524500,NewYork-8fe7,5,15,Normal
2026-04-27 20:01:42.524500,NewYork-8fe7,-22,45,Normal
2026-04-27 20:01:43.524500,NewYork-8fe7,49,18,Normal
2026-04-27 20:01:44.524500,NewYork-8fe7,-30,88,Normal
2026-04-27 20:01:45.524500,NewYork-8fe7,23,7,Normal
2026-04-27 20:01:46.524500,NewYork-8fe7,27,71,Normal
2026-04-27 20:01:47.524500,NewYork-8fe7,40,5,Normal
2026-04-27 20:01:48.524500,NewYork-8fe7,20,80,Normal
2026-04-27 20:01:49.524500,NewYork-8fe7,-28,58,Normal
2026-04-27 20:01:50.524500,NewYork-8fe7,-21,47,Normal
2026-04-27 20:01:51.524500,NewYork-8fe7,22,1,Normal
2026-04-27 20:01:52.524500,NewYork-8fe7,-30,13,Normal
2026-04-27 20:01:53.524500,NewYork-8fe7,-5,60,Normal
2026-04-27 20:01:54.524500,NewYork-8fe7,15,15,Normal
2026-04-27 20:01:55.524500,NewYork-8fe7,-17,46,Normal
2026-04-27 20:01:56.524500,NewYork-8fe7,13,10,Normal
2026-04-27 20:01:57.524500,NewYork-8fe7,17,99,Normal
2026-04-27 20:01:58.524500,NewYork-8fe7,42,78,Normal
2026-04-27 20:01:59.524500,NewYork-8fe7,8,99,Normal
2026-04-27 20:02:00.524500,NewYork-8fe7,47,28,Normal
2026-04-27 20:02:01.524500,NewYork-8fe7,12,1,Normal
2026-04-27 20:02:02.524500,NewYork-8fe7,-23,30,Normal
2026-04-27 20:02:03.524500,NewYork-8fe7,-12,2,Normal
2026-04-27 20:02:04.524500,NewYork-8fe7,-14,0,Normal
2026-04-27 20:02:05.524500,NewYork-8fe7,38,24,Normal
2026-04-27 20:02:06.524500,NewYork-8fe7,-15,40,Normal
2026-04-27 20:02:07.524500,NewYork-8fe7,-19,61,Normal
2026-04-27 20:02:08.524500,NewYork-8fe7,19,19,Normal
2026-04-27 20:02:09.524500,NewYork-8fe7,43,46,Normal
2026-04-27 20:02:10.524500,NewYork-8fe7,40,63,Normal
2026-04-27 20:02:11.524500,NewYork-8fe7,41,94,Normal
2026-04-27 20:02:12.524500,NewYork-8fe7,-5,6,Normal
2026-04-27 20:02:13.524500,NewYork-8fe7,32,95,Normal
2026-04-27 20:02:14.524500,NewYork-8fe7,30,22,Normal
2026-04-27 20:02:15.524500,NewYork-8fe7,-30,0,Normal
2026-04-27 20:02:16.524500,NewYork-8fe7,19,76,Normal
2026-04-27 20:02:17.524500,NewYork-8fe7,-7,37,Normal
2026-04-27 20:02:18.524500,NewYork-8fe7,7,1,Normal
2026-04-27 20:02:19.524500,NewYork-8fe7,3,15,Normal
2026-04-27 20:02:20.524500,NewYork-8fe7,-7,43,Normal
2026-04-27 20:02:21.524500,NewYork-8fe7,33,11,Normal
2026-04-27 20:02:22.524500,NewYork-8fe7,36,90,Normal
2026-04-27 20:02:23.524500,NewYork-8fe7,35,31,Normal
2026-04-27 20:02:24.524500,NewYork-8fe7,30,52,Normal
2026-04-27 20:02:25.524500,NewYork-8fe7,-29,92,Normal
2026-04-27 20:02:26.524500,NewYork-8fe7,39,63,Normal
2026-04-27 20:02:27.524500,NewYork-8fe7,33,11,Normal
2026-04-27 20:02:28.524500,NewYork-8fe7,-24,67,Normal
2026-04-27 20:02:29.524500,NewYork-8fe7,-26,40,Normal
2026-04-27 20:02:30.524500,NewYork-8fe7,30,5,Normal
2026-04-27 20:02:31.524500,NewYork-8fe7,20,35,Normal
2026-04-27 20:02:32.524500,NewYork-8fe7,16,65,Normal
2026-04-27 20:02:33.524500,NewYork-8fe7,28,92,Normal
2026-04-27 20:02:34.524500,NewYork-8fe7,-6,44,Normal
2026-04-27 20:02:35.524500,NewYork-8fe7,9,32,Normal
2026-04-27 20:02:36.524500,NewYork-8fe7,35,41,Normal
2026-04-27 20:02:37.524500,NewYork-8fe7,45,49,Normal
2026-04-27 20:02:38.524500,NewYork-8fe7,-27,69,Normal
2026-04-27 20:02:39.524500,NewYork-8fe7,-30,7,Normal
2026-04-27 20:02:40.524500,NewYork-8fe7,47,55,Normal
2026-04-27 20:02:41.524500,NewYork-8fe7,-4,23,Normal
2026-04-27 20:02:42.524500,NewYork-8fe7,-20,96,Normal
2026-04-27 20:02:43.524500,NewYork-8fe7,6,74,Normal
2026-04-27 20:02:44.524500,NewYork-8fe7,-9,83,Normal
2026-04-27 20:02:45.524500,NewYork-8fe7,-27,87,Normal
2026-04-27 20:02:46.524500,NewYork-8fe7,-15,67,Normal
2026-04-27 20:02:47.524500,NewYork-8fe7,-28,60,Normal
2026-04-27 20:02:48.524500,NewYork-8fe7,24,39,Normal
2026-04-27 20:02:49.524500,NewYork-8fe7,-12,50,Normal
2026-04-27 20:02:50.524500,NewYork-8fe7,8,31,Normal
2026-04-27 20:02:51.524500,NewYork-8fe7,-18,87,Normal
2026-04-27 20:02:52.524500,NewYork-8fe7,31,23,Normal
2026-04-27 20:02:53.524500,NewYork-8fe7,32,79,Normal
2026-04-27 20:02:54.524500,NewYork-8fe7,-24,80,Normal
2026-04-27 20:02:55.524500,NewYork-8fe7,5,3,Normal
2026-04-27 20:02:56.524500,NewYork-8fe7,18,73,Normal
2026-04-27 20:02:57.524500,NewYork-8fe7,45,34,Normal
2026-04-27 20:02:58.524500,NewYork-8fe7,20,74,Normal
2026-04-27 20:02:59.524500,NewYork-8fe7,0,29,Normal
2026-04-27 20:03:00.524500,NewYork-8fe7,22,74,Normal
2026-04-27 20:03:01.524500,NewYork-8fe7,-26,69,Normal
2026-04-27 20:03:02.524500,NewYork-8fe7,-14,26,Normal
2026-04-27 20:03:03.524500,NewYork-8fe7,-30,15,Normal
2026-04-27 20:03:04.524500,NewYork-8fe7,7,25,Normal
2026-04-27 20:03:05.524500,NewYork-8fe7,-20,10,Normal
2026-04-27 20:03:06.524500,NewYork-8fe7,0,61,Normal
2026-04-27 20:03:07.524500,NewYork-8fe7,-22,6,Normal
2026-04-27 20:03:08.524500,NewYork-8fe7,11,47,Normal
2026-04-27 20:03:09.524500,NewYork-8fe7,12,87,Normal
2026-04-27 20:03:10.524500,NewYork-8fe7,34,56,Normal
2026-04-27 20:03:11.524500,NewYork-8fe7,31,91,Normal
2026-04-27 20:03:12.524500,NewYork-8fe7,-11,32,Normal
2026-04-27 20:03:13.524500,NewYork-8fe7,-1,33,Normal
2026-04-27 20:03:14.524500,NewYork-8fe7,-8,55,Normal
2026-04-27 20:03:15.524500,NewYork-8fe7,44,78,Normal
2026-04-27 20:03:16.524500,NewYork-8fe7,-25,20,Normal
2026-04-27 20:03:17.524500,NewYork-8fe7,22,37,Normal
2026-04-27 20:03:18.524500,NewYork-8fe7,15,82,Normal
2026-04-27 20:03:19.524500,NewYork-8fe7,31,9,Normal
2026-04-27 20:03:20.524500,NewYork-8fe7,-5,48,Normal
2026-04-27 20:03:21.524500,NewYork-8fe7,-2,41,Normal
2026-04-27 20:03:22.524500,NewYork-8fe7,17,89,Normal
2026-04-27 20:03:23.524500,NewYork-8fe7,-10,24,Normal
2026-04-27 20:03:24.524500,NewYork-8fe7,37,85,Normal
2026-04-27 20:03:25.524500,NewYork-8fe7,38,56,Normal
2026-04-27 20:03:26.524500,NewYork-8fe7,-10,10,Normal
2026-04-27 20:03:27.524500,NewYork-8fe7,-6,47,Normal
2026-04-27 20:03:28.524500,NewYork-8fe7,26,56,Normal
2026-04-27 20:03:29.524500,NewYork-8fe7,28,3,Normal
2026-04-27 20:03:30.524500,NewYork-8fe7,42,58,Normal
2026-04-27 20:03:31.524500,NewYork-8fe7,-15,80,Normal
2026-04-27 20:03:32.524500,NewYork-8fe7,-25,44,Normal
2026-04-27 20:03:33.524500,NewYork-8fe7,1,54,Normal
2026-04-27 20:03:34.524500,NewYork-8fe7,-1,5,Normal
2026-04-27 20:03:35.524500,NewYork-8fe7,9,10,Normal
2026-04-27 20:03:36.524500,NewYork-8fe7,-26,52,Normal
2026-04-27 20:03:37.524500,NewYork-8fe7,-26,6,Normal
2026-04-27 20:03:38.524500,NewYork-8fe7,-30,10,Normal
2026-04-27 20:03:39.524500,NewYork-8fe7,29,5,Normal
2026-04-27 20:03:40.524500,NewYork-8fe7,-24,63,Normal
2026-04-27 20:03:41.524500,NewYork-8fe7,-10,79,Normal
2026-04-27 20:03:42.524500,NewYork-8fe7,19,95,Normal
2026-04-27 20:03:43.524500,NewYork-8fe7,-2,87,Normal
2026-04-27 20:03:44.524500,NewYork-8fe7,23,51,Normal
2026-04-27 20:03:45.524500,NewYork-8fe7,36,84,Normal
2026-04-27 20:03:46.524500,NewYork-8fe7,41,76,Normal
2026-04-27 20:03:47.524500,NewYork-8fe7,50,78,Normal
2026-04-27 20:03:48.524500,NewYork-8fe7,-30,28,Normal
2026-04-27 20:03:49.524500,NewYork-8fe7,36,12,Normal
2026-04-27 20:03:50.524500,NewYork-8fe7,23,76,Normal
2026-04-27 20:03:51.524500,NewYork-8fe7,32,50,Normal
2026-04-27 20:03:52.524500,NewYork-8fe7,-11,25,Normal
2026-04-27 20:03:53.524500,NewYork-8fe7,46,83,Normal
2026-04-27 20:03:54.524500,NewYork-8fe7,-13,98,Normal
2026-04-27 20:03:55.524500,NewYork-8fe7,-13,77,Normal
2026-04-27 20:03:56.524500,NewYork-8fe7,16,64,Normal
2026-04-27 20:03:57.524500,NewYork-8fe7,23,98,Normal
2026-04-27 20:03:58.524500,NewYork-8fe7,12,36,Normal
2026-04-27 20:03:59.524500,NewYork-8fe7,-24,66,Normal
2026-04-27 20:04:00.524500,NewYork-8fe7,-11,61,Normal
2026-04-27 20:04:01.524500,NewYork-8fe7,-21,0,Normal
2026-04-27 20:04:02.524500,NewYork-8fe7,17,61,Normal
2026-04-27 20:04:03.524500,NewYork-8fe7,17,52,Normal
2026-04-27 20:04:04.524500,NewYork-8fe7,14,56,Normal
2026-04-27 20:04:05.524500,NewYork-8fe7,48,82,Normal
2026-04-27 20:04:06.524500,NewYork-8fe7,-26,91,Normal
2026-04-27 20:04:07.524500,NewYork-8fe7,27,14,Normal
2026-04-27 20:04:08.524500,NewYork-8fe7,-15,74,Normal
2026-04-27 20:04:09.524500,NewYork-8fe7,17,28,Normal
2026-04-27 20:04:10.524500,NewYork-8fe7,36,0,Normal
2026-04-27 20:04:11.524500,NewYork-8fe7,26,72,Normal
2026-04-27 20:04:12.524500,NewYork-8fe7,26,73,Normal
2026-04-27 20:04:13.524500,NewYork-8fe7,44,35,Normal
2026-04-27 20:04:14.524500,NewYork-8fe7,-25,75,Normal
2026-04-27 20:04:15.524500,NewYork-8fe7,-14,7,Normal
2026-04-27 20:04:16.524500,NewYork-8fe7,-19,17,Normal
2026-04-27 20:04:17.524500,NewYork-8fe7,-13,78,Normal
2026-04-27 20:04:18.524500,NewYork-8fe7,4,35,Normal
2026-04-27 20:04:19.524500,NewYork-8fe7,26,35,Normal
2026-04-27 20:04:20.524500,NewYork-8fe7,-27,47,Normal
2026-04-27 20:04:21.524500,NewYork-8fe7,-4,24,Normal
2026-04-27 20:04:22.524500,NewYork-8fe7,47,86,Normal
2026-04-27 20:04:23.524500,NewYork-8fe7,4,17,Normal
2026-04-27 20:04:24.524500,NewYork-8fe7,11,65,Normal
2026-04-27 20:04:25.524500,NewYork-8fe7,50,95,Normal
2026-04-27 20:04:26.524500,NewYork-8fe7,2,4,Normal
2026-04-27 20:04:27.524500,NewYork-8fe7,-24,11,Normal
2026-04-27 20:04:28.524500,NewYork-8fe7,-13,100,Normal
2026-04-27 20:04:29.524500,NewYork-8fe7,22,84,Normal
2026-04-27 20:04:30.524500,NewYork-8fe7,3,99,Normal
2026-04-27 20:04:31.524500,NewYork-8fe7,29,94,Normal
2026-04-27 20:04:32.524500,NewYork-8fe7,44,53,Normal
2026-04-27 20:04:33.524500,NewYork-8fe7,9,55,Normal
2026-04-27 20:04:34.524500,NewYork-8fe7,-30,96,Normal
2026-04-27 20:04:35.524500,NewYork-8fe7,11,10,Normal
2026-04-27 20:04:36.524500,NewYork-8fe7,34,28,Normal
2026-04-27 20:04:37.524500,NewYork-8fe7,-18,31,Normal
2026-04-27 20:04:38.524500,NewYork-8fe7,18,60,Normal
2026-04-27 20:04:39.524500,NewYork-8fe7,-17,35,Normal
2026-04-27 20:04:40.524500,NewYork-8fe7,-1,28,Normal
2026-04-27 20:04:41.524500,NewYork-8fe7,6,30,Normal
2026-04-27 20:04:42.524500,NewYork-8fe7,-17,76,Normal
2026-04-27 20:04:43.524500,NewYork-8fe7,-5,78,Normal
2026-04-27 20:04:44.524500,NewYork-8fe7,40,74,Normal
2026-04-27 20:04:45.524500,NewYork-8fe7,-29,54,Normal
2026-04-27 20:04:46.524500,NewYork-8fe7,42,36,Normal
2026-04-27 20:04:47.524500,NewYork-8fe7,-13,87,Normal
2026-04-27 20:04:48.524500,NewYork-8fe7,48,64,Normal
2026-04-27 20:04:49.524500,NewYork-8fe7,3,84,Normal
2026-04-27 20:04:50.524500,NewYork-8fe7,26,59,Normal
2026-04-27 20:04:51.524500,NewYork-8fe7,-12,76,Normal
2026-04-27 20:04:52.524500,NewYork-8fe7,-3,48,Normal
2026-04-27 20:04:53.524500,NewYork-8fe7,25,18,Normal
2026-04-27 20:04:54.524500,NewYork-8fe7,22,29,Normal
2026-04-27 20:04:55.524500,NewYork-8fe7,43,82,Normal
2026-04-27 20:04:56.524500,NewYork-8fe7,-14,28,Normal
2026-04-27 20:04:57.524500,NewYork-8fe7,31,17,Normal
2026-04-27 20:04:58.524500,NewYork-8fe7,21,5,Normal
2026-04-27 20:04:59.524500,NewYork-8fe7,16,92,Normal
2026-04-27 20:05:00.524500,NewYork-8fe7,-2,26,Normal
2026-04-27 20:05:01.524500,NewYork-8fe7,27,92,Normal
2026-04-27 20:05:02.524500,NewYork-8fe7,-23,51,Normal
2026-04-27 20:05:03.524500,NewYork-8fe7,-14,58,Normal
2026-04-27 20:05:04.524500,NewYork-8fe7,1,25,Normal
2026-04-27 20:05:05.524500,NewYork-8fe7,-2,0,Normal
2026-04-27 20:05:06.524500,NewYork-8fe7,-26,24,Normal
2026-04-27 20:05:07.524500,NewYork-8fe7,45,83,Normal
2026-04-27 20:05:08.524500,NewYork-8fe7,8,72,Normal
2026-04-27 20:05:09.524500,NewYork-8fe7,37,43,Normal
2026-04-27 20:05:10.524500,NewYork-8fe7,-1,92,Normal
2026-04-27 20:05:11.524500,NewYork-8fe7,45,64,Normal
2026-04-27 20:05:12.524500,NewYork-8fe7,41,4,Normal
2026-04-27 20:05:13.524500,NewYork-8fe7,19,61,Normal
2026-04-27 20:05:14.524500,NewYork-8fe7,14,93,Normal
2026-04-27 20:05:15.524500,NewYork-8fe7,46,39,Normal
2026-04-27 20:05:16.524500,NewYork-8fe7,-20,81,Normal
2026-04-27 20:05:17.524500,NewYork-8fe7,-25,15,Normal
2026-04-27 20:05:18.524500,NewYork-8fe7,11,3,Normal
2026-04-27 20:05:19.524500,NewYork-8fe7,15,77,Normal
2026-04-27 20:05:20.524500,NewYork-8fe7,-18,15,Normal
2026-04-27 20:05:21.524500,NewYork-8fe7,2,16,Normal
2026-04-27 20:05:22.524500,NewYork-8fe7,13,84,Normal
2026-04-27 20:05:23.524500,NewYork-8fe7,34,8,Normal
2026-04-27 20:05:24.524500,NewYork-8fe7,-4,66,Normal
2026-04-27 20:05:25.524500,NewYork-8fe7,15,75,Normal
2026-04-27 20:05:26.524500,NewYork-8fe7,21,29,Normal
2026-04-27 20:05:27.524500,NewYork-8fe7,-26,34,Normal
2026-04-27 20:05:28.524500,NewYork-8fe7,3,67,Normal
2026-04-27 20:05:29.524500,NewYork-8fe7,-9,8,Normal
2026-04-27 20:05:30.524500,NewYork-8fe7,41,39,Normal
2026-04-27 20:05:31.524500,NewYork-8fe7,36,99,Normal
2026-04-27 20:05:32.524500,NewYork-8fe7,33,96,Normal
2026-04-27 20:05:33.524500,NewYork-8fe7,12,73,Normal
2026-04-27 20:05:34.524500,NewYork-8fe7,20,58,Normal
2026-04-27 20:05:35.524500,NewYork-8fe7,-17,36,Normal
2026-04-27 20:05:36.524500,NewYork-8fe7,38,59,Normal
2026-04-27 20:05:37.524500,NewYork-8fe7,22,96,Normal
2026-04-27 20:05:38.524500,NewYork-8fe7,-15,82,Normal
2026-04-27 20:05:39.524500,NewYork-8fe7,-22,40,Normal
2026-04-27 20:05:40.524500,NewYork-8fe7,-16,41,Normal
2026-04-27 20:05:41.524500,NewYork-8fe7,26,32,Normal
2026-04-27 20:05:42.524500,NewYork-8fe7,-18,8,Normal
2026-04-27 20:05:43.524500,NewYork-8fe7,-27,76,Normal
2026-04-27 20:05:44.524500,NewYork-8fe7,-18,91,Normal
2026-04-27 20:05:45.524500,NewYork-8fe7,15,96,Normal
2026-04-27 20:05:46.524500,NewYork-8fe7,24,91,Normal
2026-04-27 20:05:47.524500,NewYork-8fe7,-22,16,Normal
2026-04-27 20:05:48.524500,NewYork-8fe7,1,44,Normal
2026-04-27 20:05:49.524500,NewYork-8fe7,-19,44,Normal
2026-04-27 20:05:50.524500,NewYork-8fe7,-13,2,Normal
2026-04-27 20:05:51.524500,NewYork-8fe7,4,24,Normal
2026-04-27 20:05:52.524500,NewYork-8fe7,11,54,Normal
2026-04-27 20:05:53.524500,NewYork-8fe7,-1,5,Normal
2026-04-27 20:05:54.524500,NewYork-8fe7,14,30,Normal
2026-04-27 20:05:55.524500,NewYork-8fe7,47,15,Normal
2026-04-27 20:05:56.524500,NewYork-8fe7,-5,78,Normal
2026-04-27 20:05:57.524500,NewYork-8fe7,-4,43,Normal
2026-04-27 20:05:58.524500,NewYork-8fe7,39,14,Normal
2026-04-27 20:05:59.524500,NewYork-8fe7,38,15,Normal
2026-04-27 20:06:00.524500,NewYork-8fe7,6,60,Normal
2026-04-27 20:06:01.524500,NewYork-8fe7,50,3,Normal
2026-04-27 20:06:02.524500,NewYork-8fe7,12,24,Normal
2026-04-27 20:06:03.524500,NewYork-8fe7,-21,33,Normal
2026-04-27 20:06:04.524500,NewYork-8fe7,-15,78,Normal
2026-04-27 20:06:05.524500,NewYork-8fe7,31,36,Normal
2026-04-27 20:06:06.524500,NewYork-8fe7,28,92,Normal
2026-04-27 20:06:07.524500,NewYork-8fe7,6,38,Normal
2026-04-27 20:06:08.524500,NewYork-8fe7,26,39,Normal
2026-04-27 20:06:09.524500,NewYork-8fe7,1,56,Normal
2026-04-27 20:06:10.524500,NewYork-8fe7,44,61,Normal
2026-04-27 20:06:11.524500,NewYork-8fe7,-28,88,Normal
2026-04-27 20:06:12.524500,NewYork-8fe7,-5,64,Normal
2026-04-27 20:06:13.524500,NewYork-8fe7,-9,50,Normal
2026-04-27 20:06:14.524500,NewYork-8fe7,45,84,Normal
2026-04-27 20:06:15.524500,NewYork-8fe7,-21,58,Normal
2026-04-27 20:06:16.524500,NewYork-8fe7,20,32,Normal
2026-04-27 20:06:17.524500,NewYork-8fe7,-5,36,Normal
2026-04-27 20:06:18.524500,NewYork-8fe7,32,81,Normal
2026-04-27 20:06:19.524500,NewYork-8fe7,-26,33,Normal
2026-04-27 20:06:20.524500,NewYork-8fe7,-30,89,Normal
2026-04-27 20:06:21.524500,NewYork-8fe7,-5,5,Normal
2026-04-27 20:06:22.524500,NewYork-8fe7,-10,69,Normal
2026-04-27 20:06:23.524500,NewYork-8fe7,7,57,Normal
2026-04-27 20:06:24.524500,NewYork-8fe7,48,56,Normal
2026-04-27 20:06:25.524500,NewYork-8fe7,0,81,Normal
2026-04-27 20:06:26.524500,NewYork-8fe7,14,76,Normal
2026-04-27 20:06:27.524500,NewYork-8fe7,-3,85,Normal
2026-04-27 20:06:28.524500,NewYork-8fe7,46,98,Normal
2026-04-27 20:06:29.524500,NewYork-8fe7,0,27,Normal
2026-04-27 20:06:30.524500,NewYork-8fe7,7,83,Normal
2026-04-27 20:06:31.524500,NewYork-8fe7,9,23,Normal
2026-04-27 20:06:32.524500,NewYork-8fe7,-15,57,Normal
2026-04-27 20:06:33.524500,NewYork-8fe7,14,86,Normal
2026-04-27 20:06:34.524500,NewYork-8fe7,-23,68,Normal
2026-04-27 20:06:35.524500,NewYork-8fe7,11,59,Normal
2026-04-27 20:06:36.524500,NewYork-8fe7,1,25,Normal
2026-04-27 20:06:37.524500,NewYork-8fe7,23,60,Normal
2026-04-27 20:06:38.524500,NewYork-8fe7,44,78,Normal
2026-04-27 20:06:39.524500,NewYork-8fe7,16,90,Normal
2026-04-27 20:06:40.524500,NewYork-8fe7,12,93,Normal
2026-04-27 20:06:41.524500,NewYork-8fe7,48,72,Normal
2026-04-27 20:06:42.524500,NewYork-8fe7,-30,80,Normal
2026-04-27 20:06:43.524500,NewYork-8fe7,12,51,Normal
2026-04-27 20:06:44.524500,NewYork-8fe7,39,72,Normal
2026-04-27 20:06:45.524500,NewYork-8fe7,-6,46,Normal
2026-04-27 20:06:46.524500,NewYork-8fe7,13,39,Normal
2026-04-27 20:06:47.524500,NewYork-8fe7,16,44,Normal
2026-04-27 20:06:48.524500,NewYork-8fe7,9,30,Normal
2026-04-27 20:06:49.524500,NewYork-8fe7,-21,27,Normal
2026-04-27 20:06:50.524500,NewYork-8fe7,3,4,Normal
2026-04-27 20:06:51.524500,NewYork-8fe7,1,67,Normal
2026-04-27 20:06:52.524500,NewYork-8fe7,35,52,Normal
2026-04-27 20:06:53.524500,NewYork-8fe7,1,81,Normal
2026-04-27 20:06:54.524500,NewYork-8fe7,-25,85,Normal
2026-04-27 20:06:55.524500,NewYork-8fe7,-28,38,Normal
2026-04-27 20:06:56.524500,NewYork-8fe7,47,0,Normal
2026-04-27 20:06:57.524500,NewYork-8fe7,44,38,Normal
2026-04-27 20:06:58.524500,NewYork-8fe7,31,32,Normal
2026-04-27 20:06:59.524500,NewYork-8fe7,1,91,Normal
2026-04-27 20:07:00.524500,NewYork-8fe7,14,86,Normal
2026-04-27 20:07:01.524500,NewYork-8fe7,43,26,Normal
2026-04-27 20:07:02.524500,NewYork-8fe7,25,25,Normal
2026-04-27 20:07:03.524500,NewYork-8fe7,7,15,Normal
2026-04-27 20:07:04.524500,NewYork-8fe7,-7,12,Normal
2026-04-27 20:07:05.524500,NewYork-8fe7,17,40,Normal
2026-04-27 20:07:06.524500,NewYork-8fe7,-3,47,Normal
2026-04-27 20:07:07.524500,NewYork-8fe7,17,48,Normal
2026-04-27 20:07:08.524500,NewYork-8fe7,41,2,Normal
2026-04-27 20:07:09.524500,NewYork-8fe7,-30,89,Normal
2026-04-27 20:07:10.524500,NewYork-8fe7,50,19,Normal
2026-04-27 20:07:11.524500,NewYork-8fe7,-29,80,Normal
2026-04-27 20:07:12.524500,NewYork-8fe7,9,83,Normal
2026-04-27 20:07:13.524500,NewYork-8fe7,27,53,Normal
2026-04-27 20:07:14.524500,NewYork-8fe7,-7,94,Normal
2026-04-27 20:07:15.524500,NewYork-8fe7,-18,43,Normal
2026-04-27 20:07:16.524500,NewYork-8fe7,20,51,Normal
2026-04-27 20:07:17.524500,NewYork-8fe7,31,89,Normal
2026-04-27 20:07:18.524500,NewYork-8fe7,26,94,Normal
2026-04-27 20:07:19.524500,NewYork-8fe7,10,83,Normal
2026-04-27 20:07:20.524500,NewYork-8fe7,16,2,Normal
2026-04-27 20:07:21.524500,NewYork-8fe7,11,89,Normal
2026-04-27 20:07:22.524500,NewYork-8fe7,-7,25,Normal
2026-04-27 20:07:23.524500,NewYork-8fe7,6,0,Normal
2026-04-27 20:07:24.524500,NewYork-8fe7,4,19,Normal
2026-04-27 20:07:25.524500,NewYork-8fe7,-12,52,Normal
2026-04-27 20:07:26.524500,NewYork-8fe7,2,15,Normal
2026-04-27 20:07:27.524500,NewYork-8fe7,32,88,Normal
2026-04-27 20:07:28.524500,NewYork-8fe7,46,29,Normal
2026-04-27 20:07:29.524500,NewYork-8fe7,-27,64,Normal
2026-04-27 20:07:30.524500,NewYork-8fe7,20,11,Normal
2026-04-27 20:07:31.524500,NewYork-8fe7,10,36,Normal
2026-04-27 20:07:32.524500,NewYork-8fe7,18,33,Normal
2026-04-27 20:07:33.524500,NewYork-8fe7,-26,3,Normal
2026-04-27 20:07:34.524500,NewYork-8fe7,6,84,Normal
2026-04-27 20:07:35.524500,NewYork-8fe7,33,55,Normal
2026-04-27 20:07:36.524500,NewYork-8fe7,33,1,Normal
2026-04-27 20:07:37.524500,NewYork-8fe7,49,68,Normal
2026-04-27 20:07:38.524500,NewYork-8fe7,-7,21,Normal
2026-04-27 20:07:39.524500,NewYork-8fe7,-15,10,Normal
2026-04-27 20:07:40.524500,NewYork-8fe7,11,64,Normal
2026-04-27 20:07:41.524500,NewYork-8fe7,3,95,Normal
2026-04-27 20:07:42.524500,NewYork-8fe7,36,42,Normal
2026-04-27 20:07:43.524500,NewYork-8fe7,-28,60,Normal
2026-04-27 20:07:44.524500,NewYork-8fe7,-18,79,Normal
2026-04-27 20:07:45.524500,NewYork-8fe7,8,28,Normal
2026-04-27 20:07:46.524500,NewYork-8fe7,6,83,Normal
2026-04-27 20:07:47.524500,NewYork-8fe7,27,81,Normal
2026-04-27 20:07:48.524500,NewYork-8fe7,-13,85,Normal
2026-04-27 20:07:49.524500,NewYork-8fe7,-14,82,Normal
2026-04-27 20:07:50.524500,NewYork-8fe7,2,84,Normal
2026-04-27 20:07:51.524500,NewYork-8fe7,34,0,Normal
2026-04-27 20:07:52.524500,NewYork-8fe7,-15,1,Normal
2026-04-27 20:07:53.524500,NewYork-8fe7,15,37,Normal
2026-04-27 20:07:54.524500,NewYork-8fe7,41,88,Normal
2026-04-27 20:07:55.524500,NewYork-8fe7,-17,0,Normal
2026-04-27 20:07:56.524500,NewYork-8fe7,33,42,Normal
2026-04-27 20:07:57.524500,NewYork-8fe7,7,62,Normal
2026-04-27 20:07:58.524500,NewYork-8fe7,-13,15,Normal
2026-04-27 20:07:59.524500,NewYork-8fe7,-20,68,Normal
2026-04-27 20:08:00.524500,NewYork-8fe7,3,2,Normal
2026-04-27 20:08:01.524500,NewYork-8fe7,4,27,Normal
2026-04-27 20:08:02.524500,NewYork-8fe7,-22,3,Normal
2026-04-27 20:08:03.524500,NewYork-8fe7,-12,40,Normal
2026-04-27 20:08:04.524500,NewYork-8fe7,24,31,Normal
2026-04-27 20:08:05.524500,NewYork-8fe7,2,28,Normal
2026-04-27 20:08:06.524500,NewYork-8fe7,-29,89,Normal
2026-04-27 20:08:07.524500,NewYork-8fe7,3,82,Normal
2026-04-27 20:08:08.524500,NewYork-8fe7,-18,49,Normal
2026-04-27 20:08:09.524500,NewYork-8fe7,35,100,Normal
2026-04-27 20:08:10.524500,NewYork-8fe7,21,95,Normal
2026-04-27 20:08:11.524500,NewYork-8fe7,40,12,Normal
2026-04-27 20:08:12.524500,NewYork-8fe7,15,90,Normal
2026-04-27 20:08:13.524500,NewYork-8fe7,35,75,Normal
2026-04-27 20:08:14.524500,NewYork-8fe7,25,7,Normal
2026-04-27 20:08:15.524500,NewYork-8fe7,-12,95,Normal
2026-04-27 20:08:16.524500,NewYork-8fe7,2,56,Normal
2026-04-27 20:08:17.524500,NewYork-8fe7,-27,72,Normal
2026-04-27 20:08:18.524500,NewYork-8fe7,25,20,Normal
2026-04-27 20:08:19.524500,NewYork-8fe7,49,40,Normal
2026-04-27 20:08:20.524500,NewYork-8fe7,2,89,Normal
2026-04-27 20:08:21.524500,NewYork-8fe7,8,97,Normal
2026-04-27 20:08:22.524500,NewYork-8fe7,13,95,Normal
2026-04-27 20:08:23.524500,NewYork-8fe7,-14,83,Normal
2026-04-27 20:08:24.524500,NewYork-8fe7,-30,74,Normal
2026-04-27 20:08:25.524500,NewYork-8fe7,24,88,Normal
2026-04-27 20:08:26.524500,NewYork-8fe7,10,67,Normal
2026-04-27 20:08:27.524500,NewYork-8fe7,15,51,Normal
2026-04-27 20:08:28.524500,NewYork-8fe7,-30,12,Normal
2026-04-27 20:08:29.524500,NewYork-8fe7,-30,96,Normal
2026-04-27 20:08:30.524500,NewYork-8fe7,29,90,Normal
2026-04-27 20:08:31.524500,NewYork-8fe7,33,100,Normal
2026-04-27 20:08:32.524500,NewYork-8fe7,39,13,Normal
2026-04-27 20:08:33.524500,NewYork-8fe7,-15,80,Normal
2026-04-27 20:08:34.524500,NewYork-8fe7,46,17,Normal
2026-04-27 20:08:35.524500,NewYork-8fe7,27,95,Normal
2026-04-27 20:08:36.524500,NewYork-8fe7,-23,73,Normal
2026-04-27 20:08:37.524500,NewYork-8fe7,40,84,Normal
2026-04-27 20:08:38.524500,NewYork-8fe7,41,79,Normal
2026-04-27 20:08:39.524500,NewYork-8fe7,37,100,Normal
2026-04-27 20:08:40.524500,NewYork-8fe7,14,32,Normal
2026-04-27 20:08:41.524500,NewYork-8fe7,0,74,Normal
2026-04-27 20:08:42.524500,NewYork-8fe7,29,6,Normal
2026-04-27 20:08:43.524500,NewYork-8fe7,-4,73,Normal
2026-04-27 20:08:44.524500,NewYork-8fe7,15,28,Normal
2026-04-27 20:08:45.524500,NewYork-8fe7,16,79,Normal
2026-04-27 20:08:46.524500,NewYork-8fe7,36,51,Normal
2026-04-27 20:08:47.524500,NewYork-8fe7,42,43,Normal
2026-04-27 20:08:48.524500,NewYork-8fe7,10,46,Normal
2026-04-27 20:08:49.524500,NewYork-8fe7,-25,70,Normal
2026-04-27 20:08:50.524500,NewYork-8fe7,-7,68,Normal
2026-04-27 20:08:51.524500,NewYork-8fe7,45,95,Normal
2026-04-27 20:08:52.524500,NewYork-8fe7,-3,49,Normal
2026-04-27 20:08:53.524500,NewYork-8fe7,-10,2,Normal
2026-04-27 20:08:54.524500,NewYork-8fe7,-20,73,Normal
2026-04-27 20:08:55.524500,NewYork-8fe7,-5,72,Normal
2026-04-27 20:08:56.524500,NewYork-8fe7,-11,56,Normal
2026-04-27 20:08:57.524500,NewYork-8fe7,15,88,Normal
2026-04-27 20:08:58.524500,NewYork-8fe7,-23,33,Normal
2026-04-27 20:08:59.524500,NewYork-8fe7,42,76,Normal
2026-04-27 20:09:00.524500,NewYork-8fe7,14,40,Normal
2026-04-27 20:09:01.524500,NewYork-8fe7,45,11,Normal
2026-04-27 20:09:02.524500,NewYork-8fe7,-26,61,Normal
2026-04-27 20:09:03.524500,NewYork-8fe7,41,84,Normal
2026-04-27 20:09:04.524500,NewYork-8fe7,48,31,Normal
2026-04-27 20:09:05.524500,NewYork-8fe7,-20,15,Normal
2026-04-27 20:09:06.524500,NewYork-8fe7,-29,64,Normal
2026-04-27 20:09:07.524500,NewYork-8fe7,28,36,Normal
2026-04-27 20:09:08.524500,NewYork-8fe7,30,10,Normal
2026-04-27 20:09:09.524500,NewYork-8fe7,-29,7,Normal
2026-04-27 20:09:10.524500,NewYork-8fe7,21,11,Normal
2026-04-27 20:09:11.524500,NewYork-8fe7,13,16,Normal
2026-04-27 20:09:12.524500,NewYork-8fe7,49,21,Normal
2026-04-27 20:09:13.524500,NewYork-8fe7,-13,58,Normal
2026-04-27 20:09:14.524500,NewYork-8fe7,-6,65,Normal
2026-04-27 20:09:15.524500,NewYork-8fe7,20,31,Normal
2026-04-27 20:09:16.524500,NewYork-8fe7,-18,71,Normal
2026-04-27 20:09:17.524500,NewYork-8fe7,36,15,Normal
2026-04-27 20:09:18.524500,NewYork-8fe7,17,96,Normal
2026-04-27 20:09:19.524500,NewYork-8fe7,15,62,Normal
2026-04-27 20:09:20.524500,NewYork-8fe7,23,86,Normal
2026-04-27 20:09:21.524500,NewYork-8fe7,4,71,Normal
2026-04-27 20:09:22.524500,NewYork-8fe7,-28,97,Normal
2026-04-27 20:09:23.524500,NewYork-8fe7,-17,77,Normal
2026-04-27 20:09:24.524500,NewYork-8fe7,26,99,Normal
2026-04-27 20:09:25.524500,NewYork-8fe7,-29,0,Normal
2026-04-27 20:09:26.524500,NewYork-8fe7,19,17,Normal
2026-04-27 20:09:27.524500,NewYork-8fe7,-16,70,Normal
2026-04-27 20:09:28.524500,NewYork-8fe7,18,4,Normal
2026-04-27 20:09:29.524500,NewYork-8fe7,25,75,Normal
2026-04-27 20:09:30.524500,NewYork-8fe7,33,91,Normal
2026-04-27 20:09:31.524500,NewYork-8fe7,-18,36,Normal
2026-04-27 20:09:32.524500,NewYork-8fe7,-13,10,Normal
2026-04-27 20:09:33.524500,NewYork-8fe7,-23,0,Normal
2026-04-27 20:09:34.524500,NewYork-8fe7,-20,14,Normal
2026-04-27 20:09:35.524500,NewYork-8fe7,-19,21,Normal
2026-04-27 20:09:36.524500,NewYork-8fe7,-16,49,Normal
2026-04-27 20:09:37.524500,NewYork-8fe7,8,17,Normal
2026-04-27 20:09:38.524500,NewYork-8fe7,-13,95,Normal
2026-04-27 20:09:39.524500,NewYork-8fe7,-6,10,Normal
2026-04-27 20:09:40.524500,NewYork-8fe7,37,100,Normal
2026-04-27 20:09:41.524500,NewYork-8fe7,20,6,Normal
2026-04-27 20:09:42.524500,NewYork-8fe7,-22,32,Normal
2026-04-27 20:09:43.524500,NewYork-8fe7,27,8,Normal
2026-04-27 20:09:44.524500,NewYork-8fe7,35,42,Normal
2026-04-27 20:09:45.524500,NewYork-8fe7,35,73,Normal
2026-04-27 20:09:46.524500,NewYork-8fe7,11,40,Normal
2026-04-27 20:09:47.524500,NewYork-8fe7,-19,93,Normal
2026-04-27 20:09:48.524500,NewYork-8fe7,40,76,Normal
2026-04-27 20:09:49.524500,NewYork-8fe7,2,0,Normal
2026-04-27 20:09:50.524500,NewYork-8fe7,-25,31,Normal
2026-04-27 20:09:51.524500,NewYork-8fe7,-30,21,Normal
2026-04-27 20:09:52.524500,NewYork-8fe7,21,84,Normal
2026-04-27 20:09:53.524500,NewYork-8fe7,49,27,Normal
2026-04-27 20:09:54.524500,NewYork-8fe7,50,39,Normal
2026-04-27 20:09:55.524500,NewYork-8fe7,-14,25,Normal
2026-04-27 20:09:56.524500,NewYork-8fe7,23,91,Normal
2026-04-27 20:09:57.524500,NewYork-8fe7,-24,50,Normal
2026-04-27 20:09:58.524500,NewYork-8fe7,16,68,Normal
2026-04-27 20:09:59.524500,NewYork-8fe7,6,82,Normal
2026-04-27 20:10:00.524500,NewYork-8fe7,-4,18,Normal
2026-04-27 20:10:01.524500,NewYork-8fe7,22,20,Normal
2026-04-27 20:10:02.524500,NewYork-8fe7,8,3,Normal
2026-04-27 20:10:03.524500,NewYork-8fe7,9,11,Normal
2026-04-27 20:10:04.524500,NewYork-8fe7,4,96,Normal
2026-04-27 20:10:05.524500,NewYork-8fe7,22,96,Normal
2026-04-27 20:10:06.524500,NewYork-8fe7,-2,84,Normal
2026-04-27 20:10:07.524500,NewYork-8fe7,9,76,Normal
2026-04-27 20:10:08.524500,NewYork-8fe7,27,2,Normal
2026-04-27 20:10:09.524500,NewYork-8fe7,36,95,Normal
2026-04-27 20:10:10.524500,NewYork-8fe7,22,67,Normal
2026-04-27 20:10:11.524500,NewYork-8fe7,10,52,Normal
2026-04-27 20:10:12.524500,NewYork-8fe7,16,98,Normal
2026-04-27 20:10:13.524500,NewYork-8fe7,8,72,Normal
2026-04-27 20:10:14.524500,NewYork-8fe7,37,31,Normal
2026-04-27 20:10:15.524500,NewYork-8fe7,-25,28,Normal
2026-04-27 20:10:16.524500,NewYork-8fe7,-10,59,Normal
2026-04-27 20:10:17.524500,NewYork-8fe7,-27,23,Normal
2026-04-27 20:10:18.524500,NewYork-8fe7,38,17,Normal
2026-04-27 20:10:19.524500,NewYork-8fe7,-27,71,Normal
2026-04-27 20:10:20.524500,NewYork-8fe7,7,11,Normal
2026-04-27 20:10:21.524500,NewYork-8fe7,13,0,Normal
2026-04-27 20:10:22.524500,NewYork-8fe7,39,25,Normal
2026-04-27 20:10:23.524500,NewYork-8fe7,-18,100,Normal
2026-04-27 20:10:24.524500,NewYork-8fe7,-22,44,Normal
2026-04-27 20:10:25.524500,NewYork-8fe7,8,35,Normal
2026-04-27 20:10:26.524500,NewYork-8fe7,46,28,Normal
2026-04-27 20:10:27.524500,NewYork-8fe7,39,26,Normal
2026-04-27 20:10:28.524500,NewYork-8fe7,40,28,Normal
2026-04-27 20:10:29.524500,NewYork-8fe7,40,59,Normal
2026-04-27 20:10:30.524500,NewYork-8fe7,17,28,Normal
2026-04-27 20:10:31.524500,NewYork-8fe7,-27,31,Normal
2026-04-27 20:10:32.524500,NewYork-8fe7,5,54,Normal
2026-04-27 20:10:33.524500,NewYork-8fe7,-5,81,Normal
2026-04-27 20:10:34.524500,NewYork-8fe7,-26,16,Normal
2026-04-27 20:10:35.524500,NewYork-8fe7,-17,70,Normal
2026-04-27 20:10:36.524500,NewYork-8fe7,33,55,Normal
2026-04-27 20:10:37.524500,NewYork-8fe7,-3,99,Normal
2026-04-27 20:10:38.524500,NewYork-8fe7,-10,39,Normal
2026-04-27 20:10:39.524500,NewYork-8fe7,-8,56,Normal
2026-04-27 20:10:40.524500,NewYork-8fe7,-25,19,Normal
2026-04-27 20:10:41.524500,NewYork-8fe7,4,17,Normal
2026-04-27 20:10:42.524500,NewYork-8fe7,4,8,Normal
2026-04-27 20:10:43.524500,NewYork-8fe7,33,22,Normal
2026-04-27 20:10:44.524500,NewYork-8fe7,44,26,Normal
2026-04-27 20:10:45.524500,NewYork-8fe7,43,11,Normal
2026-04-27 20:10:46.524500,NewYork-8fe7,19,82,Normal
2026-04-27 20:10:47.524500,NewYork-8fe7,-30,30,Normal
2026-04-27 20:10:48.524500,NewYork-8fe7,9,22,Normal
2026-04-27 20:10:49.524500,NewYork-8fe7,48,53,Normal
2026-04-27 20:10:50.524500,NewYork-8fe7,18,6,Normal
2026-04-27 20:10:51.524500,NewYork-8fe7,30,85,Normal
2026-04-27 20:10:52.524500,NewYork-8fe7,15,77,Normal
2026-04-27 20:10:53.524500,NewYork-8fe7,37,22,Normal
2026-04-27 20:10:54.524500,NewYork-8fe7,-22,89,Normal
2026-04-27 20:10:55.524500,NewYork-8fe7,-1,27,Normal
2026-04-27 20:10:56.524500,NewYork-8fe7,-30,76,Normal
2026-04-27 20:10:57.524500,NewYork-8fe7,-20,38,Normal
2026-04-27 20:10:58.524500,NewYork-8fe7,5,17,Normal
2026-04-27 20:10:59.524500,NewYork-8fe7,38,35,Normal
2026-04-27 20:11:00.524500,NewYork-8fe7,-30,80,Normal
2026-04-27 20:11:01.524500,NewYork-8fe7,-13,6,Normal
2026-04-27 20:11:02.524500,NewYork-8fe7,32,17,Normal
2026-04-27 20:11:03.524500,NewYork-8fe7,24,43,Normal
2026-04-27 20:11:04.524500,NewYork-8fe7,37,61,Normal
2026-04-27 20:11:05.524500,NewYork-8fe7,-1,34,Normal
2026-04-27 20:11:06.524500,NewYork-8fe7,25,95,Normal
2026-04-27 20:11:07.524500,NewYork-8fe7,49,58,Normal
2026-04-27 20:11:08.524500,NewYork-8fe7,-18,4,Normal
2026-04-27 20:11:09.524500,NewYork-8fe7,14,1,Normal
2026-04-27 20:11:10.524500,NewYork-8fe7,20,87,Normal
2026-04-27 20:11:11.524500,NewYork-8fe7,42,25,Normal
2026-04-27 20:11:12.524500,NewYork-8fe7,-13,38,Normal
2026-04-27 20:11:13.524500,NewYork-8fe7,9,10,Normal
2026-04-27 20:11:14.524500,NewYork-8fe7,30,72,Normal
2026-04-27 20:11:15.524500,NewYork-8fe7,40,82,Normal
2026-04-27 20:11:16.524500,NewYork-8fe7,21,95,Normal
2026-04-27 20:11:17.524500,NewYork-8fe7,29,15,Normal
2026-04-27 20:11:18.524500,NewYork-8fe7,4,26,Normal
2026-04-27 20:11:19.524500,NewYork-8fe7,20,3,Normal
2026-04-27 20:11:20.524500,NewYork-8fe7,37,71,Normal
2026-04-27 20:11:21.524500,NewYork-8fe7,25,55,Normal
2026-04-27 20:11:22.524500,NewYork-8fe7,18,45,Normal
2026-04-27 20:11:23.524500,NewYork-8fe7,-4,64,Normal
2026-04-27 20:11:24.524500,NewYork-8fe7,34,54,Normal
2026-04-27 20:11:25.524500,NewYork-8fe7,33,40,Normal
2026-04-27 20:11:26.524500,NewYork-8fe7,-11,88,Normal
2026-04-27 20:11:27.524500,NewYork-8fe7,-8,56,Normal
2026-04-27 20:11:28.524500,NewYork-8fe7,-3,12,Normal
2026-04-27 20:11:29.524500,NewYork-8fe7,-6,87,Normal
2026-04-27 20:11:30.524500,NewYork-8fe7,-6,89,Normal
2026-04-27 20:11:31.524500,NewYork-8fe7,-11,6,Normal
2026-04-27 20:11:32.524500,NewYork-8fe7,-9,51,Normal
2026-04-27 20:11:33.524500,NewYork-8fe7,42,42,Normal
2026-04-27 20:11:34.524500,NewYork-8fe7,45,14,Normal
2026-04-27 20:11:35.524500,NewYork-8fe7,-5,40,Normal
2026-04-27 20:11:36.524500,NewYork-8fe7,-13,56,Normal
2026-04-27 20:11:37.524500,NewYork-8fe7,-19,35,Normal
2026-04-27 20:11:38.524500,NewYork-8fe7,4,8,Normal
2026-04-27 20:11:39.524500,NewYork-8fe7,-1,89,Normal
2026-04-27 20:11:40.524500,NewYork-8fe7,-14,74,Normal
2026-04-27 20:11:41.524500,NewYork-8fe7,24,38,Normal
2026-04-27 20:11:42.524500,NewYork-8fe7,37,33,Normal
2026-04-27 20:11:43.524500,NewYork-8fe7,-30,58,Normal
2026-04-27 20:11:44.524500,NewYork-8fe7,-6,17,Normal
2026-04-27 20:11:45.524500,NewYork-8fe7,5,82,Normal
2026-04-27 20:11:46.524500,NewYork-8fe7,-9,67,Normal
2026-04-27 20:11:47.524500,NewYork-8fe7,35,42,Normal
2026-04-27 20:11:48.524500,NewYork-8fe7,6,35,Normal
2026-04-27 20:11:49.524500,NewYork-8fe7,-16,63,Normal
2026-04-27 20:11:50.524500,NewYork-8fe7,-17,29,Normal
2026-04-27 20:11:51.524500,NewYork-8fe7,45,61,Normal
2026-04-27 20:11:52.524500,NewYork-8fe7,32,69,Normal
2026-04-27 20:11:53.524500,NewYork-8fe7,-19,75,Normal
2026-04-27 20:11:54.524500,NewYork-8fe7,16,49,Normal
2026-04-27 20:11:55.524500,NewYork-8fe7,16,89,Normal
2026-04-27 20:11:56.524500,NewYork-8fe7,9,20,Normal
2026-04-27 20:11:57.524500,NewYork-8fe7,49,62,Normal
2026-04-27 20:11:58.524500,NewYork-8fe7,34,11,Normal
2026-04-27 20:11:59.524500,NewYork-8fe7,43,32,Normal
2026-04-27 20:12:00.524500,NewYork-8fe7,20,51,Normal
2026-04-27 20:12:01.524500,NewYork-8fe7,42,64,Normal
2026-04-27 20:12:02.524500,NewYork-8fe7,32,12,Normal
2026-04-27 20:12:03.524500,NewYork-8fe7,48,69,Normal
2026-04-27 20:12:04.524500,NewYork-8fe7,1,73,Normal
2026-04-27 20:12:05.524500,NewYork-8fe7,25,66,Normal
2026-04-27 20:12:06.524500,NewYork-8fe7,48,44,Normal
2026-04-27 20:12:07.524500,NewYork-8fe7,22,5,Normal
2026-04-27 20:12:08.524500,NewYork-8fe7,29,54,Normal
2026-04-27 20:12:09.524500,NewYork-8fe7,5,8,Normal
2026-04-27 20:12:10.524500,NewYork-8fe7,14,79,Normal
2026-04-27 20:12:11.524500,NewYork-8fe7,44,15,Normal
2026-04-27 20:12:12.524500,NewYork-8fe7,29,34,Normal
2026-04-27 20:12:13.524500,NewYork-8fe7,10,35,Normal
2026-04-27 20:12:14.524500,NewYork-8fe7,29,44,Normal
2026-04-27 20:12:15.524500,NewYork-8fe7,38,11,Normal
2026-04-27 20:12:16.524500,NewYork-8fe7,-14,55,Normal
2026-04-27 20:12:17.524500,NewYork-8fe7,46,66,Normal
2026-04-27 20:12:18.524500,NewYork-8fe7,24,39,Normal
2026-04-27 20:12:19.524500,NewYork-8fe7,6,21,Normal
2026-04-27 20:12:20.524500,NewYork-8fe7,26,39,Normal
2026-04-27 20:12:21.524500,NewYork-8fe7,24,83,Normal
2026-04-27 20:12:22.524500,NewYork-8fe7,31,81,Normal
2026-04-27 20:12:23.524500,NewYork-8fe7,-12,45,Normal
2026-04-27 20:12:24.524500,NewYork-8fe7,-1,70,Normal
2026-04-27 20:12:25.524500,NewYork-8fe7,48,47,Normal
2026-04-27 20:12:26.524500,NewYork-8fe7,29,45,Normal
2026-04-27 20:12:27.524500,NewYork-8fe7,45,55,Normal
2026-04-27 20:12:28.524500,NewYork-8fe7,-26,35,Normal
2026-04-27 20:12:29.524500,NewYork-8fe7,40,49,Normal
2026-04-27 20:12:30.524500,NewYork-8fe7,30,17,Normal
2026-04-27 20:12:31.524500,NewYork-8fe7,-30,97,Normal
2026-04-27 20:12:32.524500,NewYork-8fe7,11,64,Normal
2026-04-27 20:12:33.524500,NewYork-8fe7,-17,16,Normal
2026-04-27 20:12:34.524500,NewYork-8fe7,15,35,Normal
2026-04-27 20:12:35.524500,NewYork-8fe7,-11,40,Normal
2026-04-27 20:12:36.524500,NewYork-8fe7,-6,83,Normal
2026-04-27 20:12:37.524500,NewYork-8fe7,17,45,Normal
2026-04-27 20:12:38.524500,NewYork-8fe7,15,55,Normal
2026-04-27 20:12:39.524500,NewYork-8fe7,2,2,Normal
2026-04-27 20:12:40.524500,NewYork-8fe7,30,19,Normal
2026-04-27 20:12:41.524500,NewYork-8fe7,11,52,Normal
2026-04-27 20:12:42.524500,NewYork-8fe7,17,16,Normal
2026-04-27 20:12:43.524500,NewYork-8fe7,-23,94,Normal
2026-04-27 20:12:44.524500,NewYork-8fe7,-12,33,Normal
2026-04-27 20:12:45.524500,NewYork-8fe7,9,98,Normal
2026-04-27 20:12:46.524500,NewYork-8fe7,4,75,Normal
2026-04-27 20:12:47.524500,NewYork-8fe7,5,64,Normal
2026-04-27 20:12:48.524500,NewYork-8fe7,-11,34,Normal
2026-04-27 20:12:49.524500,NewYork-8fe7,-9,79,Normal
2026-04-27 20:12:50.524500,NewYork-8fe7,49,62,Normal
2026-04-27 20:12:51.524500,NewYork-8fe7,49,36,Normal
2026-04-27 20:12:52.524500,NewYork-8fe7,41,13,Normal
2026-04-27 20:12:53.524500,NewYork-8fe7,46,74,Normal
2026-04-27 20:12:54.524500,NewYork-8fe7,13,81,Normal
2026-04-27 20:12:55.524500,NewYork-8fe7,-4,73,Normal
2026-04-27 20:12:56.524500,NewYork-8fe7,-2,95,Normal
2026-04-27 20:12:57.524500,NewYork-8fe7,29,59,Normal
2026-04-27 20:12:58.524500,NewYork-8fe7,48,27,Normal
2026-04-27 20:12:59.524500,NewYork-8fe7,24,56,Normal
2026-04-27 20:13:00.524500,NewYork-8fe7,-4,3,Normal
2026-04-27 20:13:01.524500,NewYork-8fe7,-24,23,Normal
2026-04-27 20:13:02.524500,NewYork-8fe7,42,44,Normal
2026-04-27 20:13:03.524500,NewYork-8fe7,-1,10,Normal
2026-04-27 20:13:04.524500,NewYork-8fe7,38,12,Normal
2026-04-27 20:13:05.524500,NewYork-8fe7,42,24,Normal
2026-04-27 20:13:06.524500,NewYork-8fe7,43,62,Normal
2026-04-27 20:13:07.524500,NewYork-8fe7,37,51,Normal
2026-04-27 20:13:08.524500,NewYork-8fe7,-7,15,Normal
2026-04-27 20:13:09.524500,NewYork-8fe7,36,75,Normal
2026-04-27 20:13:10.524500,NewYork-8fe7,8,67,Normal
2026-04-27 20:13:11.524500,NewYork-8fe7,24,49,Normal
2026-04-27 20:13:12.524500,NewYork-8fe7,37,40,Normal
2026-04-27 20:13:13.524500,NewYork-8fe7,46,59,Normal
2026-04-27 20:13:14.524500,NewYork-8fe7,-5,16,Normal
2026-04-27 20:13:15.524500,NewYork-8fe7,-6,18,Normal
2026-04-27 20:13:16.524500,NewYork-8fe7,47,100,Normal
2026-04-27 20:13:17.524500,NewYork-8fe7,-3,83,Normal
2026-04-27 20:13:18.524500,NewYork-8fe7,46,59,Normal
2026-04-27 20:13:19.524500,NewYork-8fe7,39,0,Normal
2026-04-27 20:13:20.524500,NewYork-8fe7,31,100,Normal
2026-04-27 20:13:21.524500,NewYork-8fe7,40,39,Normal
2026-04-27 20:13:22.524500,NewYork-8fe7,6,34,Normal
2026-04-27 20:13:23.524500,NewYork-8fe7,28,97,Normal
2026-04-27 20:13:24.524500,NewYork-8fe7,32,66,Normal
2026-04-27 20:13:25.524500,NewYork-8fe7,25,6,Normal
2026-04-27 20:13:26.524500,NewYork-8fe7,-1,27,Normal
2026-04-27 20:13:27.524500,NewYork-8fe7,18,52,Normal
2026-04-27 20:13:28.524500,NewYork-8fe7,5,68,Normal
2026-04-27 20:13:29.524500,NewYork-8fe7,-27,54,Normal
2026-04-27 20:13:30.524500,NewYork-8fe7,35,88,Normal
2026-04-27 20:13:31.524500,NewYork-8fe7,-22,69,Normal
2026-04-27 20:13:32.524500,NewYork-8fe7,28,56,Normal
2026-04-27 20:13:33.524500,NewYork-8fe7,42,23,Normal
2026-04-27 20:13:34.524500,NewYork-8fe7,48,63,Normal
2026-04-27 20:13:35.524500,NewYork-8fe7,1,42,Normal
2026-04-27 20:13:36.524500,NewYork-8fe7,32,52,Normal
2026-04-27 20:13:37.524500,NewYork-8fe7,29,52,Normal
2026-04-27 20:13:38.524500,NewYork-8fe7,7,33,Normal
2026-04-27 20:13:39.524500,NewYork-8fe7,-12,83,Normal
2026-04-27 20:13:40.524500,NewYork-8fe7,-22,81,Normal
2026-04-27 20:13:41.524500,NewYork-8fe7,-18,75,Normal
2026-04-27 20:13:42.524500,NewYork-8fe7,5,3,Normal
2026-04-27 20:13:43.524500,NewYork-8fe7,-14,1,Normal
2026-04-27 20:13:44.524500,NewYork-8fe7,-15,72,Normal
2026-04-27 20:13:45.524500,NewYork-8fe7,17,22,Normal
2026-04-27 20:13:46.524500,NewYork-8fe7,27,23,Normal
2026-04-27 20:13:47.524500,NewYork-8fe7,-24,20,Normal
2026-04-27 20:13:48.524500,NewYork-8fe7,35,96,Normal
2026-04-27 20:13:49.524500,NewYork-8fe7,-8,99,Normal
2026-04-27 20:13:50.524500,NewYork-8fe7,43,94,Normal
2026-04-27 20:13:51.524500,NewYork-8fe7,-10,8,Normal
2026-04-27 20:13:52.524500,NewYork-8fe7,14,10,Normal
2026-04-27 20:13:53.524500,NewYork-8fe7,23,99,Normal
2026-04-27 20:13:54.524500,NewYork-8fe7,16,21,Normal
2026-04-27 20:13:55.524500,NewYork-8fe7,1,5,Normal
2026-04-27 20:13:56.524500,NewYork-8fe7,-30,18,Normal
2026-04-27 20:13:57.524500,NewYork-8fe7,8,36,Normal
2026-04-27 20:13:58.524500,NewYork-8fe7,50,60,Normal
2026-04-27 20:13:59.524500,NewYork-8fe7,43,69,Normal
2026-04-27 20:14:00.524500,NewYork-8fe7,-2,95,Normal
2026-04-27 20:14:01.524500,NewYork-8fe7,2,36,Normal
2026-04-27 20:14:02.524500,NewYork-8fe7,12,77,Normal
2026-04-27 20:14:03.524500,NewYork-8fe7,-8,72,Normal
2026-04-27 20:14:04.524500,NewYork-8fe7,36,62,Normal
2026-04-27 20:14:05.524500,NewYork-8fe7,-10,33,Normal
2026-04-27 20:14:06.524500,NewYork-8fe7,16,37,Normal
2026-04-27 20:14:07.524500,NewYork-8fe7,42,70,Normal
2026-04-27 20:14:08.524500,NewYork-8fe7,44,18,Normal
2026-04-27 20:14:09.524500,NewYork-8fe7,6,100,Normal
2026-04-27 20:14:10.524500,NewYork-8fe7,26,52,Normal
2026-04-27 20:14:11.524500,NewYork-8fe7,28,65,Normal
2026-04-27 20:14:12.524500,NewYork-8fe7,0,76,Normal
2026-04-27 20:14:13.524500,NewYork-8fe7,-22,1,Normal
2026-04-27 20:14:14.524500,NewYork-8fe7,-21,13,Normal
2026-04-27 20:14:15.524500,NewYork-8fe7,3,68,Normal
2026-04-27 20:14:16.524500,NewYork-8fe7,6,99,Normal
2026-04-27 20:14:17.524500,NewYork-8fe7,31,87,Normal
2026-04-27 20:14:18.524500,NewYork-8fe7,-27,27,Normal
2026-04-27 20:14:19.524500,NewYork-8fe7,9,71,Normal
2026-04-27 20:14:20.524500,NewYork-8fe7,29,16,Normal
2026-04-27 20:14:21.524500,NewYork-8fe7,41,95,Normal
2026-04-27 20:14:22.524500,NewYork-8fe7,-30,68,Normal
2026-04-27 20:14:23.524500,NewYork-8fe7,-28,46,Normal
2026-04-27 20:14:24.524500,NewYork-8fe7,6,74,Normal
2026-04-27 20:14:25.524500,NewYork-8fe7,3,54,Normal
2026-04-27 20:14:26.524500,NewYork-8fe7,30,43,Normal
2026-04-27 20:14:27.524500,NewYork-8fe7,-21,100,Normal
2026-04-27 20:14:28.524500,NewYork-8fe7,0,86,Normal
2026-04-27 20:14:29.524500,NewYork-8fe7,-28,73,Normal
2026-04-27 20:14:30.524500,NewYork-8fe7,-24,66,Normal
2026-04-27 20:14:31.524500,NewYork-8fe7,-10,80,Normal
2026-04-27 20:14:32.524500,NewYork-8fe7,46,49,Normal
2026-04-27 20:14:33.524500,NewYork-8fe7,3,58,Normal
2026-04-27 20:14:34.524500,NewYork-8fe7,-18,44,Normal
2026-04-27 20:14:35.524500,NewYork-8fe7,-25,75,Normal
2026-04-27 20:14:36.524500,NewYork-8fe7,-30,89,Normal
2026-04-27 20:14:37.524500,NewYork-8fe7,-13,8,Normal
2026-04-27 20:14:38.524500,NewYork-8fe7,-18,60,Normal
2026-04-27 20:14:39.524500,NewYork-8fe7,38,8,Normal
2026-04-27 20:14:40.524500,NewYork-8fe7,-20,5,Normal
2026-04-27 20:14:41.524500,NewYork-8fe7,-13,99,Normal
2026-04-27 20:14:42.524500,NewYork-8fe7,-10,40,Normal
2026-04-27 20:14:43.524500,NewYork-8fe7,49,0,Normal
2026-04-27 20:14:44.524500,NewYork-8fe7,0,35,Normal
2026-04-27 20:14:45.524500,NewYork-8fe7,-24,86,Normal
2026-04-27 20:14:46.524500,NewYork-8fe7,11,63,Normal
2026-04-27 20:14:47.524500,NewYork-8fe7,48,90,Normal
2026-04-27 20:14:48.524500,NewYork-8fe7,32,77,Normal
2026-04-27 20:14:49.524500,NewYork-8fe7,35,26,Normal
2026-04-27 20:14:50.524500,NewYork-8fe7,31,50,Normal
2026-04-27 20:14:51.524500,NewYork-8fe7,5,38,Normal
2026-04-27 20:14:52.524500,NewYork-8fe7,4,22,Normal
2026-04-27 20:14:53.524500,NewYork-8fe7,0,82,Normal
2026-04-27 20:14:54.524500,NewYork-8fe7,0,47,Normal
2026-04-27 20:14:55.524500,NewYork-8fe7,12,59,Normal
2026-04-27 20:14:56.524500,NewYork-8fe7,-3,71,Normal
2026-04-27 20:14:57.524500,NewYork-8fe7,-23,47,Normal
2026-04-27 20:14:58.524500,NewYork-8fe7,48,16,Normal
2026-04-27 20:14:59.524500,NewYork-8fe7,44,27,Normal
2026-04-27 20:15:00.524500,NewYork-8fe7,27,38,Normal
2026-04-27 20:15:01.524500,NewYork-8fe7,-29,97,Normal
2026-04-27 20:15:02.524500,NewYork-8fe7,50,40,Normal
2026-04-27 20:15:03.524500,NewYork-8fe7,-23,1,Normal
2026-04-27 20:15:04.524500,NewYork-8fe7,6,26,Normal
2026-04-27 20:15:05.524500,NewYork-8fe7,18,31,Normal
2026-04-27 20:15:06.524500,NewYork-8fe7,48,69,Normal
2026-04-27 20:15:07.524500,NewYork-8fe7,10,76,Normal
2026-04-27 20:15:08.524500,NewYork-8fe7,-17,78,Normal
2026-04-27 20:15:09.524500,NewYork-8fe7,-17,56,Normal
2026-04-27 20:15:10.524500,NewYork-8fe7,35,74,Normal
2026-04-27 20:15:11.524500,NewYork-8fe7,-26,67,Normal
2026-04-27 20:15:12.524500,NewYork-8fe7,-25,39,Normal
2026-04-27 20:15:13.524500,NewYork-8fe7,47,18,Normal
2026-04-27 20:15:14.524500,NewYork-8fe7,-3,90,Normal
2026-04-27 20:15:15.524500,NewYork-8fe7,16,67,Normal
2026-04-27 20:15:16.524500,NewYork-8fe7,29,76,Normal
2026-04-27 20:15:17.524500,NewYork-8fe7,46,26,Normal
2026-04-27 20:15:18.524500,NewYork-8fe7,47,31,Normal
2026-04-27 20:15:19.524500,NewYork-8fe7,-2,54,Normal
2026-04-27 20:15:20.524500,NewYork-8fe7,19,6,Normal
2026-04-27 20:15:21.524500,NewYork-8fe7,-16,18,Normal
2026-04-27 20:15:22.524500,NewYork-8fe7,2,52,Normal
2026-04-27 20:15:23.524500,NewYork-8fe7,37,46,Normal
2026-04-27 20:15:24.524500,NewYork-8fe7,45,75,Normal
2026-04-27 20:15:25.524500,NewYork-8fe7,50,20,Normal
2026-04-27 20:15:26.524500,NewYork-8fe7,16,86,Normal
2026-04-27 20:15:27.524500,NewYork-8fe7,20,7,Normal
2026-04-27 20:15:28.524500,NewYork-8fe7,3,92,Normal
2026-04-27 20:15:29.524500,NewYork-8fe7,-25,59,Normal
2026-04-27 20:15:30.524500,NewYork-8fe7,4,67,Normal
2026-04-27 20:15:31.524500,NewYork-8fe7,6,2,Normal
2026-04-27 20:15:32.524500,NewYork-8fe7,11,76,Normal
2026-04-27 20:15:33.524500,NewYork-8fe7,19,90,Normal
2026-04-27 20:15:34.524500,NewYork-8fe7,19,53,Normal
2026-04-27 20:15:35.524500,NewYork-8fe7,29,53,Normal
2026-04-27 20:15:36.524500,NewYork-8fe7,4,17,Normal
2026-04-27 20:15:37.524500,NewYork-8fe7,29,20,Normal
2026-04-27 20:15:38.524500,NewYork-8fe7,47,52,Normal
2026-04-27 20:15:39.524500,NewYork-8fe7,-4,94,Normal
2026-04-27 20:15:40.524500,NewYork-8fe7,-13,2,Normal
2026-04-27 20:15:41.524500,NewYork-8fe7,-20,23,Normal
2026-04-27 20:15:42.524500,NewYork-8fe7,8,71,Normal
2026-04-27 20:15:43.524500,NewYork-8fe7,47,38,Normal
2026-04-27 20:15:44.524500,NewYork-8fe7,-28,42,Normal
2026-04-27 20:15:45.524500,NewYork-8fe7,-24,38,Normal
2026-04-27 20:15:46.524500,NewYork-8fe7,48,20,Normal
2026-04-27 20:15:47.524500,NewYork-8fe7,22,84,Normal
2026-04-27 20:15:48.524500,NewYork-8fe7,-20,5,Normal
2026-04-27 20:15:49.524500,NewYork-8fe7,14,34,Normal
2026-04-27 20:15:50.524500,NewYork-8fe7,22,64,Normal
2026-04-27 20:15:51.524500,NewYork-8fe7,35,23,Normal
2026-04-27 20:15:52.524500,NewYork-8fe7,19,21,Normal
2026-04-27 20:15:53.524500,NewYork-8fe7,26,2,Normal
2026-04-27 20:15:54.524500,NewYork-8fe7,11,42,Normal
2026-04-27 20:15:55.524500,NewYork-8fe7,-24,15,Normal
2026-04-27 20:15:56.524500,NewYork-8fe7,28,88,Normal
2026-04-27 20:15:57.524500,NewYork-8fe7,-8,64,Normal
2026-04-27 20:15:58.524500,NewYork-8fe7,49,48,Normal
2026-04-27 20:15:59.524500,NewYork-8fe7,5,37,Normal
2026-04-27 20:16:00.524500,NewYork-8fe7,37,28,Normal
2026-04-27 20:16:01.524500,NewYork-8fe7,47,68,Normal
2026-04-27 20:16:02.524500,NewYork-8fe7,-21,12,Normal
2026-04-27 20:16:03.524500,NewYork-8fe7,20,65,Normal
2026-04-27 20:16:04.524500,NewYork-8fe7,48,24,Normal
2026-04-27 20:16:05.524500,NewYork-8fe7,30,33,Normal
2026-04-27 20:16:06.524500,NewYork-8fe7,46,86,Normal
2026-04-27 20:16:07.524500,NewYork-8fe7,17,35,Normal
2026-04-27 20:16:08.524500,NewYork-8fe7,-30,88,Normal
2026-04-27 20:16:09.524500,NewYork-8fe7,-19,8,Normal
2026-04-27 20:16:10.524500,NewYork-8fe7,-25,87,Normal
2026-04-27 20:16:11.524500,NewYork-8fe7,-16,22,Normal
2026-04-27 20:16:12.524500,NewYork-8fe7,42,66,Normal
2026-04-27 20:16:13.524500,NewYork-8fe7,-1,46,Normal
2026-04-27 20:16:14.524500,NewYork-8fe7,22,79,Normal
2026-04-27 20:16:15.524500,NewYork-8fe7,5,37,Normal
2026-04-27 20:16:16.524500,NewYork-8fe7,-8,21,Normal
2026-04-27 20:16:17.524500,NewYork-8fe7,29,40,Normal
2026-04-27 20:16:18.524500,NewYork-8fe7,32,96,Normal
2026-04-27 20:16:19.524500,NewYork-8fe7,48,9,Normal
2026-04-27 20:16:20.524500,NewYork-8fe7,-19,40,Normal
2026-04-27 20:16:21.524500,NewYork-8fe7,-30,12,Normal
2026-04-27 20:16:22.524500,NewYork-8fe7,-6,97,Normal
2026-04-27 20:16:23.524500,NewYork-8fe7,10,46,Normal
2026-04-27 20:16:24.524500,NewYork-8fe7,46,95,Normal
2026-04-27 20:16:25.524500,NewYork-8fe7,18,65,Normal
2026-04-27 20:16:26.524500,NewYork-8fe7,8,25,Normal
2026-04-27 20:16:27.524500,NewYork-8fe7,26,27,Normal
2026-04-27 20:16:28.524500,NewYork-8fe7,-3,92,Normal
2026-04-27 20:16:29.524500,NewYork-8fe7,-28,78,Normal
2026-04-27 20:16:30.524500,NewYork-8fe7,18,82,Normal
2026-04-27 20:16:31.524500,NewYork-8fe7,30,74,Normal
2026-04-27 20:16:32.524500,NewYork-8fe7,1,87,Normal
2026-04-27 20:16:33.524500,NewYork-8fe7,28,63,Normal
2026-04-27 20:16:34.524500,NewYork-8fe7,42,21,Normal
2026-04-27 20:16:35.524500,NewYork-8fe7,24,61,Normal
2026-04-27 20:16:36.524500,NewYork-8fe7,39,27,Normal
2026-04-27 20:16:37.524500,NewYork-8fe7,-24,71,Normal
2026-04-27 20:16:38.524500,NewYork-8fe7,1,100,Normal
2026-04-27 20:16:39.524500,NewYork-8fe7,31,12,Normal
2026-04-27 20:16:40.524500,NewYork-8fe7,2,93,Normal
2026-04-27 20:16:41.524500,NewYork-8fe7,-19,80,Normal
2026-04-27 20:16:42.524500,NewYork-8fe7,43,42,Normal
2026-04-27 20:16:43.524500,NewYork-8fe7,-4,63,Normal
2026-04-27 20:16:44.524500,NewYork-8fe7,24,3,Normal
2026-04-27 20:16:45.524500,NewYork-8fe7,38,85,Normal
2026-04-27 20:16:46.524500,NewYork-8fe7,25,71,Normal
2026-04-27 20:16:47.524500,NewYork-8fe7,28,59,Normal
2026-04-27 20:16:48.524500,NewYork-8fe7,30,9,Normal
2026-04-27 20:16:49.524500,NewYork-8fe7,-13,47,Normal
2026-04-27 20:16:50.524500,NewYork-8fe7,1,36,Normal
2026-04-27 20:16:51.524500,NewYork-8fe7,-12,41,Normal
2026-04-27 20:16:52.524500,NewYork-8fe7,-9,53,Normal
2026-04-27 20:16:53.524500,NewYork-8fe7,6,40,Normal
2026-04-27 20:16:54.524500,NewYork-8fe7,-8,14,Normal
2026-04-27 20:16:55.524500,NewYork-8fe7,45,70,Normal
2026-04-27 20:16:56.524500,NewYork-8fe7,-2,38,Normal
2026-04-27 20:16:57.524500,NewYork-8fe7,-27,53,Normal
2026-04-27 20:16:58.524500,NewYork-8fe7,-25,44,Normal
2026-04-27 20:16:59.524500,NewYork-8fe7,-16,76,Normal
2026-04-27 20:17:00.524500,NewYork-8fe7,11,86,Normal
2026-04-27 20:17:01.524500,NewYork-8fe7,6,76,Normal
2026-04-27 20:17:02.524500,NewYork-8fe7,21,37,Normal
2026-04-27 20:17:03.524500,NewYork-8fe7,2,35,Normal
2026-04-27 20:17:04.524500,NewYork-8fe7,-18,1,Normal
2026-04-27 20:17:05.524500,NewYork-8fe7,22,10,Normal
2026-04-27 20:17:06.524500,NewYork-8fe7,33,53,Normal
2026-04-27 20:17:07.524500,NewYork-8fe7,27,49,Normal
2026-04-27 20:17:08.524500,NewYork-8fe7,-17,65,Normal
2026-04-27 20:17:09.524500,NewYork-8fe7,-29,24,Normal
2026-04-27 20:17:10.524500,NewYork-8fe7,41,6,Normal
2026-04-27 20:17:11.524500,NewYork-8fe7,29,75,Normal
2026-04-27 20:17:12.524500,NewYork-8fe7,35,84,Normal
2026-04-27 20:17:13.524500,NewYork-8fe7,20,98,Normal
2026-04-27 20:17:14.524500,NewYork-8fe7,-7,85,Normal
2026-04-27 20:17:15.524500,NewYork-8fe7,44,60,Normal
2026-04-27 20:17:16.524500,NewYork-8fe7,-27,94,Normal
2026-04-27 20:17:17.524500,NewYork-8fe7,23,72,Normal
2026-04-27 20:17:18.524500,NewYork-8fe7,39,38,Normal
2026-04-27 20:17:19.524500,NewYork-8fe7,43,48,Normal
2026-04-27 20:17:20.524500,NewYork-8fe7,48,7,Normal
2026-04-27 20:17:21.524500,NewYork-8fe7,-16,49,Normal
2026-04-27 20:17:22.524500,NewYork-8fe7,29,51,Normal
2026-04-27 20:17:23.524500,NewYork-8fe7,14,85,Normal
2026-04-27 20:17:24.524500,NewYork-8fe7,-20,44,Normal
2026-04-27 20:17:25.524500,NewYork-8fe7,6,43,Normal
2026-04-27 20:17:26.524500,NewYork-8fe7,41,28,Normal
2026-04-27 20:17:27.524500,NewYork-8fe7,-2,20,Normal
2026-04-27 20:17:28.524500,NewYork-8fe7,49,18,Normal
2026-04-27 20:17:29.524500,NewYork-8fe7,34,8,Normal
2026-04-27 20:17:30.524500,NewYork-8fe7,34,73,Normal
2026-04-27 20:17:31.524500,NewYork-8fe7,38,72,Normal
2026-04-27 20:17:32.524500,NewYork-8fe7,23,34,Normal
2026-04-27 20:17:33.524500,NewYork-8fe7,25,91,Normal
2026-04-27 20:17:34.524500,NewYork-8fe7,16,44,Normal
2026-04-27 20:17:35.524500,NewYork-8fe7,47,79,Normal
2026-04-27 20:17:36.524500,NewYork-8fe7,-2,45,Normal
2026-04-27 20:17:37.524500,NewYork-8fe7,30,84,Normal
2026-04-27 20:17:38.524500,NewYork-8fe7,15,36,Normal
2026-04-27 20:17:39.524500,NewYork-8fe7,39,26,Normal
2026-04-27 20:17:40.524500,NewYork-8fe7,11,51,Normal
2026-04-27 20:17:41.524500,NewYork-8fe7,4,13,Normal
2026-04-27 20:17:42.524500,NewYork-8fe7,3,18,Normal
2026-04-27 20:17:43.524500,NewYork-8fe7,15,46,Normal
2026-04-27 20:17:44.524500,NewYork-8fe7,33,94,Normal
2026-04-27 20:17:45.524500,NewYork-8fe7,47,59,Normal
2026-04-27 20:17:46.524500,NewYork-8fe7,-10,86,Normal
2026-04-27 20:17:47.524500,NewYork-8fe7,5,57,Normal
2026-04-27 20:17:48.524500,NewYork-8fe7,1,100,Normal
2026-04-27 20:17:49.524500,NewYork-8fe7,24,66,Normal
2026-04-27 20:17:50.524500,NewYork-8fe7,35,32,Normal
2026-04-27 20:17:51.524500,NewYork-8fe7,35,84,Normal
2026-04-27 20:17:52.524500,NewYork-8fe7,22,50,Normal
2026-04-27 20:17:53.524500,NewYork-8fe7,-3,70,Normal
2026-04-27 20:17:54.524500,NewYork-8fe7,-20,70,Normal
2026-04-27 20:17:55.524500,NewYork-8fe7,46,30,Normal
2026-04-27 20:17:56.524500,NewYork-8fe7,-21,41,Normal
2026-04-27 20:17:57.524500,NewYork-8fe7,37,69,Normal
2026-04-27 20:17:58.524500,NewYork-8fe7,-9,28,Normal
2026-04-27 20:17:59.524500,NewYork-8fe7,11,6,Normal
2026-04-27 20:18:00.524500,NewYork-8fe7,-24,87,Normal
2026-04-27 20:18:01.524500,NewYork-8fe7,50,79,Normal
2026-04-27 20:18:02.524500,NewYork-8fe7,-20,7,Normal
2026-04-27 20:18:03.524500,NewYork-8fe7,12,40,Normal
2026-04-27 20:18:04.524500,NewYork-8fe7,36,33,Normal
2026-04-27 20:18:05.524500,NewYork-8fe7,19,54,Normal
2026-04-27 20:18:06.524500,NewYork-8fe7,28,48,Normal
2026-04-27 20:18:07.524500,NewYork-8fe7,0,2,Normal
2026-04-27 20:18:08.524500,NewYork-8fe7,42,67,Normal
2026-04-27 20:18:09.524500,NewYork-8fe7,4,33,Normal
2026-04-27 20:18:10.524500,NewYork-8fe7,27,94,Normal
2026-04-27 20:18:11.524500,NewYork-8fe7,-30,85,Normal
2026-04-27 20:18:12.524500,NewYork-8fe7,0,79,Normal
2026-04-27 20:18:13.524500,NewYork-8fe7,19,60,Normal
2026-04-27 20:18:14.524500,NewYork-8fe7,43,63,Normal
2026-04-27 20:18:15.524500,NewYork-8fe7,32,89,Normal
2026-04-27 20:18:16.524500,NewYork-8fe7,-18,75,Normal
2026-04-27 20:18:17.524500,NewYork-8fe7,-13,59,Normal
2026-04-27 20:18:18.524500,NewYork-8fe7,-3,51,Normal
2026-04-27 20:18:19.524500,NewYork-8fe7,-26,36,Normal
2026-04-27 20:18:20.524500,NewYork-8fe7,10,83,Normal
2026-04-27 20:18:21.524500,NewYork-8fe7,46,31,Normal
2026-04-27 20:18:22.524500,NewYork-8fe7,43,33,Normal
2026-04-27 20:18:23.524500,NewYork-8fe7,-16,16,Normal
2026-04-27 20:18:24.524500,NewYork-8fe7,1,87,Normal
2026-04-27 20:18:25.524500,NewYork-8fe7,-28,6,Normal
2026-04-27 20:18:26.524500,NewYork-8fe7,30,38,Normal
2026-04-27 20:18:27.524500,NewYork-8fe7,-27,79,Normal
2026-04-27 20:18:28.524500,NewYork-8fe7,11,8,Normal
2026-04-27 20:18:29.524500,NewYork-8fe7,18,36,Normal
2026-04-27 20:18:30.524500,NewYork-8fe7,-8,71,Normal
2026-04-27 20:18:31.524500,NewYork-8fe7,-15,10,Normal
2026-04-27 20:18:32.524500,NewYork-8fe7,36,87,Normal
2026-04-27 20:18:33.524500,NewYork-8fe7,-5,72,Normal
2026-04-27 20:18:34.524500,NewYork-8fe7,41,100,Normal
2026-04-27 20:18:35.524500,NewYork-8fe7,45,19,Normal
2026-04-27 20:18:36.524500,NewYork-8fe7,17,27,Normal
2026-04-27 20:18:37.524500,NewYork-8fe7,46,16,Normal
2026-04-27 20:18:38.524500,NewYork-8fe7,7,8,Normal
2026-04-27 20:18:39.524500,NewYork-8fe7,9,65,Normal
2026-04-27 20:18:40.524500,NewYork-8fe7,47,30,Normal
2026-04-27 20:18:41.524500,NewYork-8fe7,-9,94,Normal
2026-04-27 20:18:42.524500,NewYork-8fe7,22,48,Normal
2026-04-27 20:18:43.524500,NewYork-8fe7,16,73,Normal
2026-04-27 20:18:44.524500,NewYork-8fe7,2,10,Normal
2026-04-27 20:18:45.524500,NewYork-8fe7,-4,100,Normal
2026-04-27 20:18:46.524500,NewYork-8fe7,26,65,Normal
2026-04-27 20:18:47.524500,NewYork-8fe7,-15,72,Normal
2026-04-27 20:18:48.524500,NewYork-8fe7,23,72,Normal
2026-04-27 20:18:49.524500,NewYork-8fe7,42,21,Normal
2026-04-27 20:18:50.524500,NewYork-8fe7,4,28,Normal
2026-04-27 20:18:51.524500,NewYork-8fe7,20,41,Normal
2026-04-27 20:18:52.524500,NewYork-8fe7,-3,86,Normal
2026-04-27 20:18:53.524500,NewYork-8fe7,17,72,Normal
2026-04-27 20:18:54.524500,NewYork-8fe7,12,4,Normal
2026-04-27 20:18:55.524500,NewYork-8fe7,24,45,Normal
2026-04-27 20:18:56.524500,NewYork-8fe7,42,0,Normal
2026-04-27 20:18:57.524500,NewYork-8fe7,11,4,Normal
2026-04-27 20:18:58.524500,NewYork-8fe7,8,94,Normal
2026-04-27 20:18:59.524500,NewYork-8fe7,-15,90,Normal
2026-04-27 20:19:00.524500,NewYork-8fe7,-19,76,Normal
2026-04-27 20:19:01.524500,NewYork-8fe7,-23,62,Normal
2026-04-27 20:19:02.524500,NewYork-8fe7,26,30,Normal
2026-04-27 20:19:03.524500,NewYork-8fe7,-9,78,Normal
2026-04-27 20:19:04.524500,NewYork-8fe7,34,46,Normal
2026-04-27 20:19:05.524500,NewYork-8fe7,26,8,Normal
2026-04-27 20:19:06.524500,NewYork-8fe7,36,16,Normal
2026-04-27 20:19:07.524500,NewYork-8fe7,9,75,Normal
2026-04-27 20:19:08.524500,NewYork-8fe7,13,88,Normal
2026-04-27 20:19:09.524500,NewYork-8fe7,40,28,Normal
2026-04-27 20:19:10.524500,NewYork-8fe7,-29,72,Normal
2026-04-27 20:19:11.524500,NewYork-8fe7,9,61,Normal
2026-04-27 20:19:12.524500,NewYork-8fe7,-6,41,Normal
2026-04-27 20:19:13.524500,NewYork-8fe7,45,42,Normal
2026-04-27 20:19:14.524500,NewYork-8fe7,-17,29,Normal
2026-04-27 20:19:15.524500,NewYork-8fe7,30,71,Normal
2026-04-27 20:19:16.524500,NewYork-8fe7,33,35,Normal
2026-04-27 20:19:17.524500,NewYork-8fe7,-1,77,Normal
2026-04-27 20:19:18.524500,NewYork-8fe7,47,15,Normal
2026-04-27 20:19:19.524500,NewYork-8fe7,12,4,Normal
2026-04-27 20:19:20.524500,NewYork-8fe7,34,59,Normal
2026-04-27 20:19:21.524500,NewYork-8fe7,-22,16,Normal
2026-04-27 20:19:22.524500,NewYork-8fe7,31,8,Normal
2026-04-27 20:19:23.524500,NewYork-8fe7,-16,34,Normal
2026-04-27 20:19:24.524500,NewYork-8fe7,19,93,Normal
2026-04-27 20:19:25.524500,NewYork-8fe7,11,82,Normal
2026-04-27 20:19:26.524500,NewYork-8fe7,41,28,Normal
2026-04-27 20:19:27.524500,NewYork-8fe7,15,89,Normal
2026-04-27 20:19:28.524500,NewYork-8fe7,-25,60,Normal
2026-04-27 20:19:29.524500,NewYork-8fe7,28,19,Normal
2026-04-27 20:19:30.524500,NewYork-8fe7,43,52,Normal
2026-04-27 20:19:31.524500,NewYork-8fe7,24,80,Normal
2026-04-27 20:19:32.524500,NewYork-8fe7,20,80,Normal
2026-04-27 20:19:33.524500,NewYork-8fe7,-7,21,Normal
2026-04-27 20:19:34.524500,NewYork-8fe7,-3,9,Normal
2026-04-27 20:19:35.524500,NewYork-8fe7,49,31,Normal
2026-04-27 20:19:36.524500,NewYork-8fe7,-14,46,Normal
2026-04-27 20:19:37.524500,NewYork-8fe7,7,47,Normal
2026-04-27 20:19:38.524500,NewYork-8fe7,-6,93,Normal
2026-04-27 20:19:39.524500,NewYork-8fe7,-10,9,Normal
2026-04-27 20:19:40.524500,NewYork-8fe7,-10,66,Normal
2026-04-27 20:19:41.524500,NewYork-8fe7,31,47,Normal
2026-04-27 20:19:42.524500,NewYork-8fe7,34,52,Normal
2026-04-27 20:19:43.524500,NewYork-8fe7,35,46,Normal
2026-04-27 20:19:44.524500,NewYork-8fe7,44,44,Normal
2026-04-27 20:19:45.524500,NewYork-8fe7,32,8,Normal
2026-04-27 20:19:46.524500,NewYork-8fe7,16,6,Normal
2026-04-27 20:19:47.524500,NewYork-8fe7,28,41,Normal
2026-04-27 20:19:48.524500,NewYork-8fe7,-15,73,Normal
2026-04-27 20:19:49.524500,NewYork-8fe7,36,83,Normal
2026-04-27 20:19:50.524500,NewYork-8fe7,19,73,Normal
2026-04-27 20:19:51.524500,NewYork-8fe7,6,53,Normal
2026-04-27 20:19:52.524500,NewYork-8fe7,-8,7,Normal
2026-04-27 20:19:53.524500,NewYork-8fe7,6,12,Normal
2026-04-27 20:19:54.524500,NewYork-8fe7,-20,0,Normal
2026-04-27 20:19:55.524500,NewYork-8fe7,-8,59,Normal
2026-04-27 20:19:56.524500,NewYork-8fe7,42,31,Normal
2026-04-27 20:19:57.524500,NewYork-8fe7,23,77,Normal
2026-04-27 20:19:58.524500,NewYork-8fe7,-12,73,Normal
2026-04-27 20:19:59.524500,NewYork-8fe7,44,59,Normal
2026-04-27 20:20:00.524500,NewYork-8fe7,44,16,Normal
2026-04-27 20:20:01.524500,NewYork-8fe7,-30,51,Normal
2026-04-27 20:20:02.524500,NewYork-8fe7,41,83,Normal
2026-04-27 20:20:03.524500,NewYork-8fe7,29,73,Normal
2026-04-27 20:20:04.524500,NewYork-8fe7,38,65,Normal
2026-04-27 20:20:05.524500,NewYork-8fe7,50,12,Normal
2026-04-27 20:20:06.524500,NewYork-8fe7,24,9,Normal
2026-04-27 20:20:07.524500,NewYork-8fe7,13,55,Normal
2026-04-27 20:20:08.524500,NewYork-8fe7,46,28,Normal
2026-04-27 20:20:09.524500,NewYork-8fe7,38,87,Normal
2026-04-27 20:20:10.524500,NewYork-8fe7,-3,62,Normal
2026-04-27 20:20:11.524500,NewYork-8fe7,23,89,Normal
2026-04-27 20:20:12.524500,NewYork-8fe7,-14,93,Normal
2026-04-27 20:20:13.524500,NewYork-8fe7,34,33,Normal
2026-04-27 20:20:14.524500,NewYork-8fe7,-15,5,Normal
2026-04-27 20:20:15.524500,NewYork-8fe7,-16,40,Normal
2026-04-27 20:20:16.524500,NewYork-8fe7,2,98,Normal
2026-04-27 20:20:17.524500,NewYork-8fe7,13,12,Normal
2026-04-27 20:20:18.524500,NewYork-8fe7,16,85,Normal
2026-04-27 20:20:19.524500,NewYork-8fe7,19,20,Normal
2026-04-27 20:20:20.524500,NewYork-8fe7,45,61,Normal
2026-04-27 20:20:21.524500,NewYork-8fe7,12,82,Normal
2026-04-27 20:20:22.524500,NewYork-8fe7,-30,53,Normal
2026-04-27 20:20:23.524500,NewYork-8fe7,48,0,Normal
2026-04-27 20:20:24.524500,NewYork-8fe7,-12,58,Normal
2026-04-27 20:20:25.524500,NewYork-8fe7,-23,89,Normal
2026-04-27 20:20:26.524500,NewYork-8fe7,-29,16,Normal
2026-04-27 20:20:27.524500,NewYork-8fe7,19,41,Normal
2026-04-27 20:20:28.524500,NewYork-8fe7,45,100,Normal
2026-04-27 20:20:29.524500,NewYork-8fe7,4,91,Normal
2026-04-27 20:20:30.524500,NewYork-8fe7,48,72,Normal
2026-04-27 20:20:31.524500,NewYork-8fe7,39,85,Normal
2026-04-27 20:20:32.524500,NewYork-8fe7,-18,44,Normal
2026-04-27 20:20:33.524500,NewYork-8fe7,-2,87,Normal
2026-04-27 20:20:34.524500,NewYork-8fe7,-5,6,Normal
2026-04-27 20:20:35.524500,NewYork-8fe7,-10,79,Normal
2026-04-27 20:20:36.524500,NewYork-8fe7,1,56,Normal
2026-04-27 20:20:37.524500,NewYork-8fe7,31,34,Normal
2026-04-27 20:20:38.524500,NewYork-8fe7,23,22,Normal
2026-04-27 20:20:39.524500,NewYork-8fe7,31,7,Normal
2026-04-27 20:20:40.524500,NewYork-8fe7,2,30,Normal
2026-04-27 20:20:41.524500,NewYork-8fe7,25,77,Normal
2026-04-27 20:20:42.524500,NewYork-8fe7,23,33,Normal
2026-04-27 20:20:43.524500,NewYork-8fe7,30,30,Normal
2026-04-27 20:20:44.524500,NewYork-8fe7,22,75,Normal
2026-04-27 20:20:45.524500,NewYork-8fe7,47,18,Normal
2026-04-27 20:20:46.524500,NewYork-8fe7,35,71,Normal
2026-04-27 20:20:47.524500,NewYork-8fe7,49,66,Normal
2026-04-27 20:20:48.524500,NewYork-8fe7,36,9,Normal
2026-04-27 20:20:49.524500,NewYork-8fe7,-23,18,Normal
2026-04-27 20:20:50.524500,NewYork-8fe7,5,2,Normal
2026-04-27 20:20:51.524500,NewYork-8fe7,-4,39,Normal
2026-04-27 20:20:52.524500,NewYork-8fe7,41,60,Normal
2026-04-27 20:20:53.524500,NewYork-8fe7,-23,30,Normal
2026-04-27 20:20:54.524500,NewYork-8fe7,9,96,Normal
2026-04-27 20:20:55.524500,NewYork-8fe7,13,71,Normal
2026-04-27 20:20:56.524500,NewYork-8fe7,-4,43,Normal
2026-04-27 20:20:57.524500,NewYork-8fe7,8,96,Normal
2026-04-27 20:20:58.524500,NewYork-8fe7,39,94,Normal
2026-04-27 20:20:59.524500,NewYork-8fe7,37,67,Normal
2026-04-27 20:21:00.524500,NewYork-8fe7,48,51,Normal
2026-04-27 20:21:01.524500,NewYork-8fe7,19,70,Normal
2026-04-27 20:21:02.524500,NewYork-8fe7,39,38,Normal
2026-04-27 20:21:03.524500,NewYork-8fe7,41,28,Normal
2026-04-27 20:21:04.524500,NewYork-8fe7,17,26,Normal
2026-04-27 20:21:05.524500,NewYork-8fe7,5,67,Normal
2026-04-27 20:21:06.524500,NewYork-8fe7,19,91,Normal
2026-04-27 20:21:07.524500,NewYork-8fe7,45,17,Normal
2026-04-27 20:21:08.524500,NewYork-8fe7,26,14,Normal
2026-04-27 20:21:09.524500,NewYork-8fe7,-4,12,Normal
2026-04-27 20:21:10.524500,NewYork-8fe7,31,33,Normal
2026-04-27 20:21:11.524500,NewYork-8fe7,-17,84,Normal
2026-04-27 20:21:12.524500,NewYork-8fe7,16,24,Normal
2026-04-27 20:21:13.524500,NewYork-8fe7,-23,31,Normal
2026-04-27 20:21:14.524500,NewYork-8fe7,-11,0,Normal
2026-04-27 20:21:15.524500,NewYork-8fe7,38,45,Normal
2026-04-27 20:21:16.524500,NewYork-8fe7,-4,74,Normal
2026-04-27 20:21:17.524500,NewYork-8fe7,39,18,Normal
2026-04-27 20:21:18.524500,NewYork-8fe7,-17,99,Normal
2026-04-27 20:21:19.524500,NewYork-8fe7,-24,36,Normal
2026-04-27 20:21:20.524500,NewYork-8fe7,-21,29,Normal
2026-04-27 20:21:21.524500,NewYork-8fe7,43,81,Normal
2026-04-27 20:21:22.524500,NewYork-8fe7,22,34,Normal
2026-04-27 20:21:23.524500,NewYork-8fe7,-19,30,Normal
2026-04-27 20:21:24.524500,NewYork-8fe7,-25,63,Normal
2026-04-27 20:21:25.524500,NewYork-8fe7,16,85,Normal
2026-04-27 20:21:26.524500,NewYork-8fe7,10,98,Normal
2026-04-27 20:21:27.524500,NewYork-8fe7,-28,82,Normal
2026-04-27 20:21:28.524500,NewYork-8fe7,3,65,Normal
2026-04-27 20:21:29.524500,NewYork-8fe7,-13,25,Normal
2026-04-27 20:21:30.524500,NewYork-8fe7,-27,12,Normal
2026-04-27 20:21:31.524500,NewYork-8fe7,49,28,Normal
2026-04-27 20:21:32.524500,NewYork-8fe7,22,83,Normal
2026-04-27 20:21:33.524500,NewYork-8fe7,31,35,Normal
2026-04-27 20:21:34.524500,NewYork-8fe7,25,69,Normal
2026-04-27 20:21:35.524500,NewYork-8fe7,24,1,Normal
2026-04-27 20:21:36.524500,NewYork-8fe7,15,11,Normal
2026-04-27 20:21:37.524500,NewYork-8fe7,-1,72,Normal
2026-04-27 20:21:38.524500,NewYork-8fe7,9,21,Normal
2026-04-27 20:21:39.524500,NewYork-8fe7,-7,32,Normal
2026-04-27 20:21:40.524500,NewYork-8fe7,23,81,Normal
2026-04-27 20:21:41.524500,NewYork-8fe7,-14,86,Normal
2026-04-27 20:21:42.524500,NewYork-8fe7,-16,79,Normal
2026-04-27 20:21:43.524500,NewYork-8fe7,20,21,Normal
2026-04-27 20:21:44.524500,NewYork-8fe7,23,17,Normal
2026-04-27 20:21:45.524500,NewYork-8fe7,-15,41,Normal
2026-04-27 20:21:46.524500,NewYork-8fe7,-7,33,Normal
2026-04-27 20:21:47.524500,NewYork-8fe7,17,80,Normal
2026-04-27 20:21:48.524500,NewYork-8fe7,8,3,Normal
2026-04-27 20:21:49.524500,NewYork-8fe7,-26,37,Normal
2026-04-27 20:21:50.524500,NewYork-8fe7,14,22,Normal
2026-04-27 20:21:51.524500,NewYork-8fe7,-1,11,Normal
2026-04-27 20:21:52.524500,NewYork-8fe7,-27,24,Normal
2026-04-27 20:21:53.524500,NewYork-8fe7,11,4,Normal
2026-04-27 20:21:54.524500,NewYork-8fe7,17,65,Normal
2026-04-27 20:21:55.524500,NewYork-8fe7,-23,25,Normal
2026-04-27 20:21:56.524500,NewYork-8fe7,-21,63,Normal
2026-04-27 20:21:57.524500,NewYork-8fe7,46,1,Normal
2026-04-27 20:21:58.524500,NewYork-8fe7,44,95,Normal
2026-04-27 20:21:59.524500,NewYork-8fe7,-29,76,Normal
2026-04-27 20:22:00.524500,NewYork-8fe7,32,68,Normal
2026-04-27 20:22:01.524500,NewYork-8fe7,-2,63,Normal
2026-04-27 20:22:02.524500,NewYork-8fe7,-17,92,Normal
2026-04-27 20:22:03.524500,NewYork-8fe7,0,72,Normal
2026-04-27 20:22:04.524500,NewYork-8fe7,48,74,Normal
2026-04-27 20:22:05.524500,NewYork-8fe7,5,81,Normal
2026-04-27 20:22:06.524500,NewYork-8fe7,11,51,Normal
2026-04-27 20:22:07.524500,NewYork-8fe7,10,71,Normal
2026-04-27 20:22:08.524500,NewYork-8fe7,17,95,Normal
2026-04-27 20:22:09.524500,NewYork-8fe7,-11,43,Normal
2026-04-27 20:22:10.524500,NewYork-8fe7,10,38,Normal
2026-04-27 20:22:11.524500,NewYork-8fe7,50,2,Normal
2026-04-27 20:22:12.524500,NewYork-8fe7,41,50,Normal
2026-04-27 20:22:13.524500,NewYork-8fe7,32,86,Normal
2026-04-27 20:22:14.524500,NewYork-8fe7,38,50,Normal
2026-04-27 20:22:15.524500,NewYork-8fe7,21,86,Normal
2026-04-27 20:22:16.524500,NewYork-8fe7,-10,77,Normal
2026-04-27 20:22:17.524500,NewYork-8fe7,-23,56,Normal
2026-04-27 20:22:18.524500,NewYork-8fe7,-4,67,Normal
2026-04-27 20:22:19.524500,NewYork-8fe7,-14,31,Normal
2026-04-27 20:22:20.524500,NewYork-8fe7,-15,29,Normal
2026-04-27 20:22:21.524500,NewYork-8fe7,1,76,Normal
2026-04-27 20:22:22.524500,NewYork-8fe7,41,77,Normal
2026-04-27 20:22:23.524500,NewYork-8fe7,-2,74,Normal
2026-04-27 20:22:24.524500,NewYork-8fe7,-19,100,Normal
2026-04-27 20:22:25.524500,NewYork-8fe7,20,32,Normal
2026-04-27 20:22:26.524500,NewYork-8fe7,46,53,Normal
2026-04-27 20:22:27.524500,NewYork-8fe7,49,6,Normal
2026-04-27 20:22:28.524500,NewYork-8fe7,15,14,Normal
2026-04-27 20:22:29.524500,NewYork-8fe7,-12,59,Normal
2026-04-27 20:22:30.524500,NewYork-8fe7,-26,57,Normal
2026-04-27 20:22:31.524500,NewYork-8fe7,19,59,Normal
2026-04-27 20:22:32.524500,NewYork-8fe7,39,78,Normal
2026-04-27 20:22:33.524500,NewYork-8fe7,10,98,Normal
2026-04-27 20:22:34.524500,NewYork-8fe7,47,96,Normal
2026-04-27 20:22:35.524500,NewYork-8fe7,25,70,Normal
2026-04-27 20:22:36.524500,NewYork-8fe7,-17,25,Normal
2026-04-27 20:22:37.524500,NewYork-8fe7,38,6,Normal
2026-04-27 20:22:38.524500,NewYork-8fe7,16,68,Normal
2026-04-27 20:22:39.524500,NewYork-8fe7,-4,85,Normal
2026-04-27 20:22:40.524500,NewYork-8fe7,47,58,Normal
2026-04-27 20:22:41.524500,NewYork-8fe7,47,49,Normal
2026-04-27 20:22:42.524500,NewYork-8fe7,30,48,Normal
2026-04-27 20:22:43.524500,NewYork-8fe7,-30,48,Normal
2026-04-27 20:22:44.524500,NewYork-8fe7,28,6,Normal
2026-04-27 20:22:45.524500,NewYork-8fe7,0,75,Normal
2026-04-27 20:22:46.524500,NewYork-8fe7,9,73,Normal
2026-04-27 20:22:47.524500,NewYork-8fe7,15,6,Normal
2026-04-27 20:22:48.524500,NewYork-8fe7,-6,41,Normal
2026-04-27 20:22:49.524500,NewYork-8fe7,-22,84,Normal
2026-04-27 20:22:50.524500,NewYork-8fe7,-10,31,Normal
2026-04-27 20:22:51.524500,NewYork-8fe7,24,24,Normal
2026-04-27 20:22:52.524500,NewYork-8fe7,29,84,Normal
2026-04-27 20:22:53.524500,NewYork-8fe7,-30,82,Normal
2026-04-27 20:22:54.524500,NewYork-8fe7,5,0,Normal
2026-04-27 20:22:55.524500,NewYork-8fe7,-19,28,Normal
2026-04-27 20:22:56.524500,NewYork-8fe7,8,17,Normal
2026-04-27 20:22:57.524500,NewYork-8fe7,13,45,Normal
2026-04-27 20:22:58.524500,NewYork-8fe7,-18,42,Normal
2026-04-27 20:22:59.524500,NewYork-8fe7,12,43,Normal
2026-04-27 20:23:00.524500,NewYork-8fe7,35,9,Normal
2026-04-27 20:23:01.524500,NewYork-8fe7,9,72,Normal
2026-04-27 20:23:02.524500,NewYork-8fe7,-16,54,Normal
2026-04-27 20:23:03.524500,NewYork-8fe7,28,75,Normal
2026-04-27 20:23:04.524500,NewYork-8fe7,-13,15,Normal
2026-04-27 20:23:05.524500,NewYork-8fe7,11,38,Normal
2026-04-27 20:23:06.524500,NewYork-8fe7,-15,79,Normal
2026-04-27 20:23:07.524500,NewYork-8fe7,1,7,Normal
2026-04-27 20:23:08.524500,NewYork-8fe7,-29,58,Normal
2026-04-27 20:23:09.524500,NewYork-8fe7,-29,23,Normal
2026-04-27 20:23:10.524500,NewYork-8fe7,25,86,Normal
2026-04-27 20:23:11.524500,NewYork-8fe7,25,29,Normal
2026-04-27 20:23:12.524500,NewYork-8fe7,-11,89,Normal
2026-04-27 20:23:13.524500,NewYork-8fe7,46,60,Normal
2026-04-27 20:23:14.524500,NewYork-8fe7,13,26,Normal
2026-04-27 20:23:15.524500,NewYork-8fe7,-27,100,Normal
2026-04-27 20:23:16.524500,NewYork-8fe7,27,14,Normal
2026-04-27 20:23:17.524500,NewYork-8fe7,23,12,Normal
2026-04-27 20:23:18.524500,NewYork-8fe7,45,91,Normal
2026-04-27 20:23:19.524500,NewYork-8fe7,-26,22,Normal
2026-04-27 20:23:20.524500,NewYork-8fe7,41,48,Normal
2026-04-27 20:23:21.524500,NewYork-8fe7,41,48,Normal
2026-04-27 20:23:22.524500,NewYork-8fe7,39,6,Normal
2026-04-27 20:23:23.524500,NewYork-8fe7,18,65,Normal
2026-04-27 20:23:24.524500,NewYork-8fe7,38,26,Normal
2026-04-27 20:23:25.524500,NewYork-8fe7,12,15,Normal
2026-04-27 20:23:26.524500,NewYork-8fe7,6,64,Normal
2026-04-27 20:23:27.524500,NewYork-8fe7,10,45,Normal
2026-04-27 20:23:28.524500,NewYork-8fe7,27,80,Normal
2026-04-27 20:23:29.524500,NewYork-8fe7,20,54,Normal
2026-04-27 20:23:30.524500,NewYork-8fe7,-2,91,Normal
2026-04-27 20:23:31.524500,NewYork-8fe7,-29,23,Normal
2026-04-27 20:23:32.524500,NewYork-8fe7,4,2,Normal
2026-04-27 20:23:33.524500,NewYork-8fe7,-28,80,Normal
2026-04-27 20:23:34.524500,NewYork-8fe7,1,22,Normal
2026-04-27 20:23:35.524500,NewYork-8fe7,1,11,Normal
2026-04-27 20:23:36.524500,NewYork-8fe7,18,30,Normal
2026-04-27 20:23:37.524500,NewYork-8fe7,36,89,Normal
2026-04-27 20:23:38.524500,NewYork-8fe7,-1,91,Normal
2026-04-27 20:23:39.524500,NewYork-8fe7,38,70,Normal
2026-04-27 20:23:40.524500,NewYork-8fe7,27,11,Normal
2026-04-27 20:23:41.524500,NewYork-8fe7,-24,67,Normal
2026-04-27 20:23:42.524500,NewYork-8fe7,-8,21,Normal
2026-04-27 20:23:43.524500,NewYork-8fe7,-7,3,Normal
2026-04-27 20:23:44.524500,NewYork-8fe7,17,63,Normal
2026-04-27 20:23:45.524500,NewYork-8fe7,21,25,Normal
2026-04-27 20:23:46.524500,NewYork-8fe7,32,6,Normal
2026-04-27 20:23:47.524500,NewYork-8fe7,43,70,Normal
2026-04-27 20:23:48.524500,NewYork-8fe7,7,93,Normal
2026-04-27 20:23:49.524500,NewYork-8fe7,-23,30,Normal
2026-04-27 20:23:50.524500,NewYork-8fe7,23,7,Normal
2026-04-27 20:23:51.524500,NewYork-8fe7,21,67,Normal
2026-04-27 20:23:52.524500,NewYork-8fe7,-8,47,Normal
2026-04-27 20:23:53.524500,NewYork-8fe7,2,13,Normal
2026-04-27 20:23:54.524500,NewYork-8fe7,17,4,Normal
2026-04-27 20:23:55.524500,NewYork-8fe7,13,92,Normal
2026-04-27 20:23:56.524500,NewYork-8fe7,36,92,Normal
2026-04-27 20:23:57.524500,NewYork-8fe7,47,50,Normal
2026-04-27 20:23:58.524500,NewYork-8fe7,-3,49,Normal
2026-04-27 20:23:59.524500,NewYork-8fe7,-3,68,Normal
2026-04-27 20:24:00.524500,NewYork-8fe7,-10,80,Normal
2026-04-27 20:24:01.524500,NewYork-8fe7,6,42,Normal
2026-04-27 20:24:02.524500,NewYork-8fe7,32,25,Normal
2026-04-27 20:24:03.524500,NewYork-8fe7,-9,39,Normal
2026-04-27 20:24:04.524500,NewYork-8fe7,-28,77,Normal
2026-04-27 20:24:05.524500,NewYork-8fe7,1,32,Normal
2026-04-27 20:24:06.524500,NewYork-8fe7,4,61,Normal
2026-04-27 20:24:07.524500,NewYork-8fe7,-8,76,Normal
2026-04-27 20:24:08.524500,NewYork-8fe7,-2,7,Normal
2026-04-27 20:24:09.524500,NewYork-8fe7,20,98,Normal
2026-04-27 20:24:10.524500,NewYork-8fe7,-4,65,Normal
2026-04-27 20:24:11.524500,NewYork-8fe7,41,42,Normal
2026-04-27 20:24:12.524500,NewYork-8fe7,-9,30,Normal
2026-04-27 20:24:13.524500,NewYork-8fe7,30,63,Normal
2026-04-27 20:24:14.524500,NewYork-8fe7,4,9,Normal
2026-04-27 20:24:15.524500,NewYork-8fe7,-20,27,Normal
2026-04-27 20:24:16.524500,NewYork-8fe7,22,94,Normal
2026-04-27 20:24:17.524500,NewYork-8fe7,2,86,Normal
2026-04-27 20:24:18.524500,NewYork-8fe7,-19,90,Normal
2026-04-27 20:24:19.524500,NewYork-8fe7,45,48,Normal
2026-04-27 20:24:20.524500,NewYork-8fe7,35,52,Normal
2026-04-27 20:24:21.524500,NewYork-8fe7,-16,30,Normal
2026-04-27 20:24:22.524500,NewYork-8fe7,19,64,Normal
2026-04-27 20:24:23.524500,NewYork-8fe7,0,90,Normal
2026-04-27 20:24:24.524500,NewYork-8fe7,20,65,Normal
2026-04-27 20:24:25.524500,NewYork-8fe7,15,94,Normal
2026-04-27 20:24:26.524500,NewYork-8fe7,28,38,Normal
2026-04-27 20:24:27.524500,NewYork-8fe7,48,32,Normal
2026-04-27 20:24:28.524500,NewYork-8fe7,-26,40,Normal
2026-04-27 20:24:29.524500,NewYork-8fe7,50,86,Normal
2026-04-27 20:24:30.524500,NewYork-8fe7,10,74,Normal
2026-04-27 20:24:31.524500,NewYork-8fe7,-27,0,Normal
2026-04-27 20:24:32.524500,NewYork-8fe7,32,26,Normal
2026-04-27 20:24:33.524500,NewYork-8fe7,44,16,Normal
2026-04-27 20:24:34.524500,NewYork-8fe7,-10,7,Normal
2026-04-27 20:24:35.524500,NewYork-8fe7,-7,72,Normal
2026-04-27 20:24:36.524500,NewYork-8fe7,2,74,Normal
2026-04-27 20:24:37.524500,NewYork-8fe7,-20,97,Normal
2026-04-27 20:24:38.524500,NewYork-8fe7,7,54,Normal
2026-04-27 20:24:39.524500,NewYork-8fe7,40,99,Normal
2026-04-27 20:24:40.524500,NewYork-8fe7,28,38,Normal
2026-04-27 20:24:41.524500,NewYork-8fe7,35,35,Normal
2026-04-27 20:24:42.524500,NewYork-8fe7,-3,51,Normal
2026-04-27 20:24:43.524500,NewYork-8fe7,15,78,Normal
2026-04-27 20:24:44.524500,NewYork-8fe7,38,95,Normal
2026-04-27 20:24:45.524500,NewYork-8fe7,19,34,Normal
2026-04-27 20:24:46.524500,NewYork-8fe7,-2,10,Normal
2026-04-27 20:24:47.524500,NewYork-8fe7,-14,8,Normal
2026-04-27 20:24:48.524500,NewYork-8fe7,-13,98,Normal
2026-04-27 20:24:49.524500,NewYork-8fe7,-24,8,Normal
2026-04-27 20:24:50.524500,NewYork-8fe7,-16,45,Normal
2026-04-27 20:24:51.524500,NewYork-8fe7,32,13,Normal
2026-04-27 20:24:52.524500,NewYork-8fe7,-21,94,Normal
2026-04-27 20:24:53.524500,NewYork-8fe7,-22,31,Normal
2026-04-27 20:24:54.524500,NewYork-8fe7,-20,38,Normal
2026-04-27 20:24:55.524500,NewYork-8fe7,-14,11,Normal
2026-04-27 20:24:56.524500,NewYork-8fe7,-1,15,Normal
2026-04-27 20:24:57.524500,NewYork-8fe7,40,61,Normal
2026-04-27 20:24:58.524500,NewYork-8fe7,9,68,Normal
2026-04-27 20:24:59.524500,NewYork-8fe7,-22,39,Normal
2026-04-27 20:25:00.524500,NewYork-8fe7,34,3,Normal
2026-04-27 20:25:01.524500,NewYork-8fe7,13,25,Normal
2026-04-27 20:25:02.524500,NewYork-8fe7,40,51,Normal
2026-04-27 20:25:03.524500,NewYork-8fe7,39,50,Normal
2026-04-27 20:25:04.524500,NewYork-8fe7,1,91,Normal
2026-04-27 20:25:05.524500,NewYork-8fe7,-18,72,Normal
2026-04-27 20:25:06.524500,NewYork-8fe7,32,8,Normal
2026-04-27 20:25:07.524500,NewYork-8fe7,5,29,Normal
2026-04-27 20:25:08.524500,NewYork-8fe7,44,14,Normal
2026-04-27 20:25:09.524500,NewYork-8fe7,23,5,Normal
2026-04-27 20:25:10.524500,NewYork-8fe7,-8,51,Normal
2026-04-27 20:25:11.524500,NewYork-8fe7,-6,0,Normal
2026-04-27 20:25:12.524500,NewYork-8fe7,25,89,Normal
2026-04-27 20:25:13.524500,NewYork-8fe7,-20,21,Normal
2026-04-27 20:25:14.524500,NewYork-8fe7,-29,85,Normal
2026-04-27 20:25:15.524500,NewYork-8fe7,-22,51,Normal
2026-04-27 20:25:16.524500,NewYork-8fe7,7,74,Normal
2026-04-27 20:25:17.524500,NewYork-8fe7,-22,77,Normal
2026-04-27 20:25:18.524500,NewYork-8fe7,32,98,Normal
2026-04-27 20:25:19.524500,NewYork-8fe7,25,80,Normal
2026-04-27 20:25:20.524500,NewYork-8fe7,33,77,Normal
2026-04-27 20:25:21.524500,NewYork-8fe7,19,78,Normal
2026-04-27 20:25:22.524500,NewYork-8fe7,5,7,Normal
2026-04-27 20:25:23.524500,NewYork-8fe7,-14,9,Normal
2026-04-27 20:25:24.524500,NewYork-8fe7,-11,0,Normal
2026-04-27 20:25:25.524500,NewYork-8fe7,10,53,Normal
2026-04-27 20:25:26.524500,NewYork-8fe7,47,36,Normal
2026-04-27 20:25:27.524500,NewYork-8fe7,-16,26,Normal
2026-04-27 20:25:28.524500,NewYork-8fe7,34,67,Normal
2026-04-27 20:25:29.524500,NewYork-8fe7,19,94,Normal
2026-04-27 20:25:30.524500,NewYork-8fe7,-7,20,Normal
2026-04-27 20:25:31.524500,NewYork-8fe7,29,94,Normal
2026-04-27 20:25:32.524500,NewYork-8fe7,-19,63,Normal
2026-04-27 20:25:33.524500,NewYork-8fe7,10,41,Normal
2026-04-27 20:25:34.524500,NewYork-8fe7,-11,38,Normal
2026-04-27 20:25:35.524500,NewYork-8fe7,12,100,Normal
2026-04-27 20:25:36.524500,NewYork-8fe7,-30,63,Normal
2026-04-27 20:25:37.524500,NewYork-8fe7,-6,14,Normal
2026-04-27 20:25:38.524500,NewYork-8fe7,49,60,Normal
2026-04-27 20:25:39.524500,NewYork-8fe7,5,64,Normal
2026-04-27 20:25:40.524500,NewYork-8fe7,14,73,Normal
2026-04-27 20:25:41.524500,NewYork-8fe7,34,7,Normal
2026-04-27 20:25:42.524500,NewYork-8fe7,-1,40,Normal
2026-04-27 20:25:43.524500,NewYork-8fe7,-5,40,Normal
2026-04-27 20:25:44.524500,NewYork-8fe7,35,99,Normal
2026-04-27 20:25:45.524500,NewYork-8fe7,5,71,Normal
2026-04-27 20:25:46.524500,NewYork-8fe7,32,83,Normal
2026-04-27 20:25:47.524500,NewYork-8fe7,-13,98,Normal
2026-04-27 20:25:48.524500,NewYork-8fe7,28,74,Normal
2026-04-27 20:25:49.524500,NewYork-8fe7,-8,8,Normal
2026-04-27 20:25:50.524500,NewYork-8fe7,35,90,Normal
2026-04-27 20:25:51.524500,NewYork-8fe7,-22,47,Normal
2026-04-27 20:25:52.524500,NewYork-8fe7,36,46,Normal
2026-04-27 20:25:53.524500,NewYork-8fe7,33,38,Normal
2026-04-27 20:25:54.524500,NewYork-8fe7,45,87,Normal
2026-04-27 20:25:55.524500,NewYork-8fe7,43,29,Normal
2026-04-27 20:25:56.524500,NewYork-8fe7,14,36,Normal
2026-04-27 20:25:57.524500,NewYork-8fe7,-11,99,Normal
2026-04-27 20:25:58.524500,NewYork-8fe7,-6,79,Normal
2026-04-27 20:25:59.524500,NewYork-8fe7,15,65,Normal
2026-04-27 20:26:00.524500,NewYork-8fe7,-2,78,Normal
2026-04-27 20:26:01.524500,NewYork-8fe7,21,51,Normal
2026-04-27 20:26:02.524500,NewYork-8fe7,-3,31,Normal
2026-04-27 20:26:03.524500,NewYork-8fe7,9,60,Normal
2026-04-27 20:26:04.524500,NewYork-8fe7,32,47,Normal
2026-04-27 20:26:05.524500,NewYork-8fe7,7,76,Normal
2026-04-27 20:26:06.524500,NewYork-8fe7,-30,83,Normal
2026-04-27 20:26:07.524500,NewYork-8fe7,29,1,Normal
2026-04-27 20:26:08.524500,NewYork-8fe7,5,59,Normal
2026-04-27 20:26:09.524500,NewYork-8fe7,14,52,Normal
2026-04-27 20:26:10.524500,NewYork-8fe7,-23,8,Normal
2026-04-27 20:26:11.524500,NewYork-8fe7,25,71,Normal
2026-04-27 20:26:12.524500,NewYork-8fe7,-30,51,Normal
2026-04-27 20:26:13.524500,NewYork-8fe7,-1,78,Normal
2026-04-27 20:26:14.524500,NewYork-8fe7,-24,75,Normal
2026-04-27 20:26:15.524500,NewYork-8fe7,-25,76,Normal
2026-04-27 20:26:16.524500,NewYork-8fe7,21,31,Normal
2026-04-27 20:26:17.524500,NewYork-8fe7,28,0,Normal
2026-04-27 20:26:18.524500,NewYork-8fe7,32,96,Normal
2026-04-27 20:26:19.524500,NewYork-8fe7,44,88,Normal
2026-04-27 20:26:20.524500,NewYork-8fe7,-8,13,Normal
2026-04-27 20:26:21.524500,NewYork-8fe7,13,99,Normal
2026-04-27 20:26:22.524500,NewYork-8fe7,-29,54,Normal
2026-04-27 20:26:23.524500,NewYork-8fe7,18,23,Normal
2026-04-27 20:26:24.524500,NewYork-8fe7,-18,77,Normal
2026-04-27 20:26:25.524500,NewYork-8fe7,25,56,Normal
2026-04-27 20:26:26.524500,NewYork-8fe7,17,21,Normal
2026-04-27 20:26:27.524500,NewYork-8fe7,41,5,Normal
2026-04-27 20:26:28.524500,NewYork-8fe7,17,36,Normal
2026-04-27 20:26:29.524500,NewYork-8fe7,-30,34,Normal
2026-04-27 20:26:30.524500,NewYork-8fe7,-20,68,Normal
2026-04-27 20:26:31.524500,NewYork-8fe7,16,51,Normal
2026-04-27 20:26:32.524500,NewYork-8fe7,2,61,Normal
2026-04-27 20:26:33.524500,NewYork-8fe7,8,12,Normal
2026-04-27 20:26:34.524500,NewYork-8fe7,-15,90,Normal
2026-04-27 20:26:35.524500,NewYork-8fe7,26,15,Normal
2026-04-27 20:26:36.524500,NewYork-8fe7,39,89,Normal
2026-04-27 20:26:37.524500,NewYork-8fe7,39,63,Normal
2026-04-27 20:26:38.524500,NewYork-8fe7,21,56,Normal
2026-04-27 20:26:39.524500,NewYork-8fe7,31,28,Normal
2026-04-27 20:26:40.524500,NewYork-8fe7,33,37,Normal
2026-04-27 20:26:41.524500,NewYork-8fe7,7,53,Normal
2026-04-27 20:26:42.524500,NewYork-8fe7,-1,8,Normal
2026-04-27 20:26:43.524500,NewYork-8fe7,-9,91,Normal
2026-04-27 20:26:44.524500,NewYork-8fe7,-20,98,Normal
2026-04-27 20:26:45.524500,NewYork-8fe7,-25,43,Normal
2026-04-27 20:26:46.524500,NewYork-8fe7,-26,74,Normal
2026-04-27 20:26:47.524500,NewYork-8fe7,-22,26,Normal
2026-04-27 20:26:48.524500,NewYork-8fe7,35,85,Normal
2026-04-27 20:26:49.524500,NewYork-8fe7,-25,24,Normal
2026-04-27 20:26:50.524500,NewYork-8fe7,44,90,Normal
2026-04-27 20:26:51.524500,NewYork-8fe7,11,97,Normal
2026-04-27 20:26:52.524500,NewYork-8fe7,44,23,Normal
