timestamp,station_id,temp,humid,condition
2026-02-16 12:39:06.549606,Berlin-a863,-7,7,Normal
2026-02-16 12:39:07.549606,Berlin-a863,42,7,Normal
2026-02-16 12:39:08.549606,Berlin-a863,29,94,Normal
2026-02-16 12:39:09.549606,Berlin-a863,3,42,Normal
2026-02-16 12:39:10.549606,Berlin-a863,-18,76,Normal
2026-02-16 12:39:11.549606,Berlin-a863,43,13,Normal
2026-02-16 12:39:12.549606,Berlin-a863,33,92,Normal
2026-02-16 12:39:13.549606,Berlin-a863,46,48,Normal
2026-02-16 12:39:14.549606,Berlin-a863,24,19,Normal
2026-02-16 12:39:15.549606,Berlin-a863,-1,69,Normal
2026-02-16 12:39:16.549606,Berlin-a863,-28,25,Normal
2026-02-16 12:39:17.549606,Berlin-a863,11,8,Normal
2026-02-16 12:39:18.549606,Berlin-a863,42,3,Normal
2026-02-16 12:39:19.549606,Berlin-a863,20,97,Normal
2026-02-16 12:39:20.549606,Berlin-a863,-21,12,Normal
2026-02-16 12:39:21.549606,Berlin-a863,-22,44,Normal
2026-02-16 12:39:22.549606,Berlin-a863,42,14,Normal
2026-02-16 12:39:23.549606,Berlin-a863,-2,63,Normal
2026-02-16 12:39:24.549606,Berlin-a863,16,97,Normal
2026-02-16 12:39:25.549606,Berlin-a863,-14,58,Normal
2026-02-16 12:39:26.549606,Berlin-a863,-7,56,Normal
2026-02-16 12:39:27.549606,Berlin-a863,12,13,Normal
2026-02-16 12:39:28.549606,Berlin-a863,-27,79,Normal
2026-02-16 12:39:29.549606,Berlin-a863,31,64,Normal
2026-02-16 12:39:30.549606,Berlin-a863,-13,94,Normal
2026-02-16 12:39:31.549606,Berlin-a863,-12,75,Normal
2026-02-16 12:39:32.549606,Berlin-a863,-18,0,Normal
2026-02-16 12:39:33.549606,Berlin-a863,16,70,Normal
2026-02-16 12:39:34.549606,Berlin-a863,-22,3,Normal
2026-02-16 12:39:35.549606,Berlin-a863,-12,24,Normal
2026-02-16 12:39:36.549606,Berlin-a863,7,21,Normal
2026-02-16 12:39:37.549606,Berlin-a863,-12,50,Normal
2026-02-16 12:39:38.549606,Berlin-a863,-26,31,Normal
2026-02-16 12:39:39.549606,Berlin-a863,6,32,Normal
2026-02-16 12:39:40.549606,Berlin-a863,-13,81,Normal
2026-02-16 12:39:41.549606,Berlin-a863,46,46,Normal
2026-02-16 12:39:42.549606,Berlin-a863,1,68,Normal
2026-02-16 12:39:43.549606,Berlin-a863,-28,42,Normal
2026-02-16 12:39:44.549606,Berlin-a863,-14,60,Normal
2026-02-16 12:39:45.549606,Berlin-a863,0,3,Normal
2026-02-16 12:39:46.549606,Berlin-a863,22,35,Normal
2026-02-16 12:39:47.549606,Berlin-a863,29,4,Normal
2026-02-16 12:39:48.549606,Berlin-a863,13,71,Normal
2026-02-16 12:39:49.549606,Berlin-a863,44,7,Normal
2026-02-16 12:39:50.549606,Berlin-a863,6,54,Normal
2026-02-16 12:39:51.549606,Berlin-a863,-12,88,Normal
2026-02-16 12:39:52.549606,Berlin-a863,-1,76,Normal
2026-02-16 12:39:53.549606,Berlin-a863,-18,7,Normal
2026-02-16 12:39:54.549606,Berlin-a863,22,74,Normal
2026-02-16 12:39:55.549606,Berlin-a863,34,43,Normal
2026-02-16 12:39:56.549606,Berlin-a863,43,13,Normal
2026-02-16 12:39:57.549606,Berlin-a863,20,78,Normal
2026-02-16 12:39:58.549606,Berlin-a863,3,36,Normal
2026-02-16 12:39:59.549606,Berlin-a863,26,93,Normal
2026-02-16 12:40:00.549606,Berlin-a863,-30,22,Normal
2026-02-16 12:40:01.549606,Berlin-a863,-21,81,Normal
2026-02-16 12:40:02.549606,Berlin-a863,6,88,Normal
2026-02-16 12:40:03.549606,Berlin-a863,-24,10,Normal
2026-02-16 12:40:04.549606,Berlin-a863,-3,12,Normal
2026-02-16 12:40:05.549606,Berlin-a863,25,75,Normal
2026-02-16 12:40:06.549606,Berlin-a863,12,65,Normal
2026-02-16 12:40:07.549606,Berlin-a863,3,31,Normal
2026-02-16 12:40:08.549606,Berlin-a863,16,73,Normal
2026-02-16 12:40:09.549606,Berlin-a863,48,10,Normal
2026-02-16 12:40:10.549606,Berlin-a863,-28,76,Normal
2026-02-16 12:40:11.549606,Berlin-a863,15,73,Normal
2026-02-16 12:40:12.549606,Berlin-a863,17,21,Normal
2026-02-16 12:40:13.549606,Berlin-a863,-29,79,Normal
2026-02-16 12:40:14.549606,Berlin-a863,-15,64,Normal
2026-02-16 12:40:15.549606,Berlin-a863,-17,16,Normal
2026-02-16 12:40:16.549606,Berlin-a863,41,25,Normal
2026-02-16 12:40:17.549606,Berlin-a863,22,11,Normal
2026-02-16 12:40:18.549606,Berlin-a863,8,100,Normal
2026-02-16 12:40:19.549606,Berlin-a863,-25,29,Normal
2026-02-16 12:40:20.549606,Berlin-a863,7,91,Normal
2026-02-16 12:40:21.549606,Berlin-a863,44,32,Normal
2026-02-16 12:40:22.549606,Berlin-a863,7,14,Normal
2026-02-16 12:40:23.549606,Berlin-a863,14,20,Normal
2026-02-16 12:40:24.549606,Berlin-a863,0,81,Normal
2026-02-16 12:40:25.549606,Berlin-a863,38,5,Normal
2026-02-16 12:40:26.549606,Berlin-a863,19,85,Normal
2026-02-16 12:40:27.549606,Berlin-a863,17,68,Normal
2026-02-16 12:40:28.549606,Berlin-a863,45,38,Normal
2026-02-16 12:40:29.549606,Berlin-a863,-12,38,Normal
2026-02-16 12:40:30.549606,Berlin-a863,9,96,Normal
2026-02-16 12:40:31.549606,Berlin-a863,0,25,Normal
2026-02-16 12:40:32.549606,Berlin-a863,22,11,Normal
2026-02-16 12:40:33.549606,Berlin-a863,49,55,Normal
2026-02-16 12:40:34.549606,Berlin-a863,21,25,Normal
2026-02-16 12:40:35.549606,Berlin-a863,43,97,Normal
2026-02-16 12:40:36.549606,Berlin-a863,42,18,Normal
2026-02-16 12:40:37.549606,Berlin-a863,2,78,Normal
2026-02-16 12:40:38.549606,Berlin-a863,16,77,Normal
2026-02-16 12:40:39.549606,Berlin-a863,31,55,Normal
2026-02-16 12:40:40.549606,Berlin-a863,-3,89,Normal
2026-02-16 12:40:41.549606,Berlin-a863,31,4,Normal
2026-02-16 12:40:42.549606,Berlin-a863,21,79,Normal
2026-02-16 12:40:43.549606,Berlin-a863,14,5,Normal
2026-02-16 12:40:44.549606,Berlin-a863,-22,63,Normal
2026-02-16 12:40:45.549606,Berlin-a863,9,10,Normal
2026-02-16 12:40:46.549606,Berlin-a863,-16,71,Normal
2026-02-16 12:40:47.549606,Berlin-a863,-15,51,Normal
2026-02-16 12:40:48.549606,Berlin-a863,-15,72,Normal
2026-02-16 12:40:49.549606,Berlin-a863,-3,98,Normal
2026-02-16 12:40:50.549606,Berlin-a863,-12,57,Normal
2026-02-16 12:40:51.549606,Berlin-a863,30,2,Normal
2026-02-16 12:40:52.549606,Berlin-a863,-7,58,Normal
2026-02-16 12:40:53.549606,Berlin-a863,31,100,Normal
2026-02-16 12:40:54.549606,Berlin-a863,34,40,Normal
2026-02-16 12:40:55.549606,Berlin-a863,48,9,Normal
2026-02-16 12:40:56.549606,Berlin-a863,32,81,Normal
2026-02-16 12:40:57.549606,Berlin-a863,-5,42,Normal
2026-02-16 12:40:58.549606,Berlin-a863,40,25,Normal
2026-02-16 12:40:59.549606,Berlin-a863,-20,3,Normal
2026-02-16 12:41:00.549606,Berlin-a863,6,29,Normal
2026-02-16 12:41:01.549606,Berlin-a863,-30,0,Normal
2026-02-16 12:41:02.549606,Berlin-a863,44,33,Normal
2026-02-16 12:41:03.549606,Berlin-a863,5,76,Normal
2026-02-16 12:41:04.549606,Berlin-a863,19,84,Normal
2026-02-16 12:41:05.549606,Berlin-a863,7,19,Normal
2026-02-16 12:41:06.549606,Berlin-a863,32,58,Normal
2026-02-16 12:41:07.549606,Berlin-a863,-16,95,Normal
2026-02-16 12:41:08.549606,Berlin-a863,-7,96,Normal
2026-02-16 12:41:09.549606,Berlin-a863,20,96,Normal
2026-02-16 12:41:10.549606,Berlin-a863,-20,91,Normal
2026-02-16 12:41:11.549606,Berlin-a863,50,43,Normal
2026-02-16 12:41:12.549606,Berlin-a863,33,95,Normal
2026-02-16 12:41:13.549606,Berlin-a863,-29,12,Normal
2026-02-16 12:41:14.549606,Berlin-a863,16,13,Normal
2026-02-16 12:41:15.549606,Berlin-a863,-18,68,Normal
2026-02-16 12:41:16.549606,Berlin-a863,31,83,Normal
2026-02-16 12:41:17.549606,Berlin-a863,-23,37,Normal
2026-02-16 12:41:18.549606,Berlin-a863,12,100,Normal
2026-02-16 12:41:19.549606,Berlin-a863,27,68,Normal
2026-02-16 12:41:20.549606,Berlin-a863,2,85,Normal
2026-02-16 12:41:21.549606,Berlin-a863,-21,65,Normal
2026-02-16 12:41:22.549606,Berlin-a863,18,7,Normal
2026-02-16 12:41:23.549606,Berlin-a863,24,55,Normal
2026-02-16 12:41:24.549606,Berlin-a863,28,50,Normal
2026-02-16 12:41:25.549606,Berlin-a863,39,51,Normal
2026-02-16 12:41:26.549606,Berlin-a863,6,67,Normal
2026-02-16 12:41:27.549606,Berlin-a863,49,42,Normal
2026-02-16 12:41:28.549606,Berlin-a863,35,60,Normal
2026-02-16 12:41:29.549606,Berlin-a863,13,19,Normal
2026-02-16 12:41:30.549606,Berlin-a863,31,7,Normal
2026-02-16 12:41:31.549606,Berlin-a863,20,86,Normal
2026-02-16 12:41:32.549606,Berlin-a863,9,95,Normal
2026-02-16 12:41:33.549606,Berlin-a863,35,16,Normal
2026-02-16 12:41:34.549606,Berlin-a863,35,30,Normal
2026-02-16 12:41:35.549606,Berlin-a863,-13,93,Normal
2026-02-16 12:41:36.549606,Berlin-a863,0,61,Normal
2026-02-16 12:41:37.549606,Berlin-a863,49,80,Normal
2026-02-16 12:41:38.549606,Berlin-a863,25,11,Normal
2026-02-16 12:41:39.549606,Berlin-a863,40,47,Normal
2026-02-16 12:41:40.549606,Berlin-a863,-11,86,Normal
2026-02-16 12:41:41.549606,Berlin-a863,-3,54,Normal
2026-02-16 12:41:42.549606,Berlin-a863,-19,18,Normal
2026-02-16 12:41:43.549606,Berlin-a863,25,13,Normal
2026-02-16 12:41:44.549606,Berlin-a863,-12,56,Normal
2026-02-16 12:41:45.549606,Berlin-a863,20,55,Normal
2026-02-16 12:41:46.549606,Berlin-a863,-19,67,Normal
2026-02-16 12:41:47.549606,Berlin-a863,-7,77,Normal
2026-02-16 12:41:48.549606,Berlin-a863,17,33,Normal
2026-02-16 12:41:49.549606,Berlin-a863,19,84,Normal
2026-02-16 12:41:50.549606,Berlin-a863,-28,14,Normal
2026-02-16 12:41:51.549606,Berlin-a863,38,34,Normal
2026-02-16 12:41:52.549606,Berlin-a863,33,13,Normal
2026-02-16 12:41:53.549606,Berlin-a863,1,65,Normal
2026-02-16 12:41:54.549606,Berlin-a863,-21,82,Normal
2026-02-16 12:41:55.549606,Berlin-a863,45,87,Normal
2026-02-16 12:41:56.549606,Berlin-a863,-23,7,Normal
2026-02-16 12:41:57.549606,Berlin-a863,-22,70,Normal
2026-02-16 12:41:58.549606,Berlin-a863,-24,26,Normal
2026-02-16 12:41:59.549606,Berlin-a863,10,24,Normal
2026-02-16 12:42:00.549606,Berlin-a863,-17,47,Normal
2026-02-16 12:42:01.549606,Berlin-a863,-19,1,Normal
2026-02-16 12:42:02.549606,Berlin-a863,33,41,Normal
2026-02-16 12:42:03.549606,Berlin-a863,19,28,Normal
2026-02-16 12:42:04.549606,Berlin-a863,7,56,Normal
2026-02-16 12:42:05.549606,Berlin-a863,-23,91,Normal
2026-02-16 12:42:06.549606,Berlin-a863,46,31,Normal
2026-02-16 12:42:07.549606,Berlin-a863,-29,96,Normal
2026-02-16 12:42:08.549606,Berlin-a863,2,7,Normal
2026-02-16 12:42:09.549606,Berlin-a863,-5,32,Normal
2026-02-16 12:42:10.549606,Berlin-a863,22,85,Normal
2026-02-16 12:42:11.549606,Berlin-a863,1,60,Normal
2026-02-16 12:42:12.549606,Berlin-a863,44,91,Normal
2026-02-16 12:42:13.549606,Berlin-a863,-7,85,Normal
2026-02-16 12:42:14.549606,Berlin-a863,27,58,Normal
2026-02-16 12:42:15.549606,Berlin-a863,-21,44,Normal
2026-02-16 12:42:16.549606,Berlin-a863,-11,43,Normal
2026-02-16 12:42:17.549606,Berlin-a863,0,51,Normal
2026-02-16 12:42:18.549606,Berlin-a863,44,42,Normal
2026-02-16 12:42:19.549606,Berlin-a863,23,14,Normal
2026-02-16 12:42:20.549606,Berlin-a863,10,11,Normal
2026-02-16 12:42:21.549606,Berlin-a863,1,59,Normal
2026-02-16 12:42:22.549606,Berlin-a863,-3,7,Normal
2026-02-16 12:42:23.549606,Berlin-a863,-24,12,Normal
2026-02-16 12:42:24.549606,Berlin-a863,10,49,Normal
2026-02-16 12:42:25.549606,Berlin-a863,-4,93,Normal
2026-02-16 12:42:26.549606,Berlin-a863,-11,30,Normal
2026-02-16 12:42:27.549606,Berlin-a863,14,2,Normal
2026-02-16 12:42:28.549606,Berlin-a863,-25,86,Normal
2026-02-16 12:42:29.549606,Berlin-a863,-14,31,Normal
2026-02-16 12:42:30.549606,Berlin-a863,44,30,Normal
2026-02-16 12:42:31.549606,Berlin-a863,-11,32,Normal
2026-02-16 12:42:32.549606,Berlin-a863,39,54,Normal
2026-02-16 12:42:33.549606,Berlin-a863,-28,25,Normal
2026-02-16 12:42:34.549606,Berlin-a863,5,53,Normal
2026-02-16 12:42:35.549606,Berlin-a863,16,32,Normal
2026-02-16 12:42:36.549606,Berlin-a863,15,9,Normal
2026-02-16 12:42:37.549606,Berlin-a863,17,2,Normal
2026-02-16 12:42:38.549606,Berlin-a863,6,29,Normal
2026-02-16 12:42:39.549606,Berlin-a863,35,33,Normal
2026-02-16 12:42:40.549606,Berlin-a863,4,57,Normal
2026-02-16 12:42:41.549606,Berlin-a863,-13,51,Normal
2026-02-16 12:42:42.549606,Berlin-a863,-28,56,Normal
2026-02-16 12:42:43.549606,Berlin-a863,3,14,Normal
2026-02-16 12:42:44.549606,Berlin-a863,20,48,Normal
2026-02-16 12:42:45.549606,Berlin-a863,0,92,Normal
2026-02-16 12:42:46.549606,Berlin-a863,26,41,Normal
2026-02-16 12:42:47.549606,Berlin-a863,41,45,Normal
2026-02-16 12:42:48.549606,Berlin-a863,-14,44,Normal
2026-02-16 12:42:49.549606,Berlin-a863,24,11,Normal
2026-02-16 12:42:50.549606,Berlin-a863,20,19,Normal
2026-02-16 12:42:51.549606,Berlin-a863,-16,80,Normal
2026-02-16 12:42:52.549606,Berlin-a863,-4,23,Normal
2026-02-16 12:42:53.549606,Berlin-a863,38,95,Normal
2026-02-16 12:42:54.549606,Berlin-a863,5,37,Normal
2026-02-16 12:42:55.549606,Berlin-a863,6,75,Normal
2026-02-16 12:42:56.549606,Berlin-a863,-18,69,Normal
2026-02-16 12:42:57.549606,Berlin-a863,34,85,Normal
2026-02-16 12:42:58.549606,Berlin-a863,-17,77,Normal
2026-02-16 12:42:59.549606,Berlin-a863,-12,4,Normal
2026-02-16 12:43:00.549606,Berlin-a863,4,30,Normal
2026-02-16 12:43:01.549606,Berlin-a863,26,63,Normal
2026-02-16 12:43:02.549606,Berlin-a863,-11,34,Normal
2026-02-16 12:43:03.549606,Berlin-a863,-12,23,Normal
2026-02-16 12:43:04.549606,Berlin-a863,7,33,Normal
2026-02-16 12:43:05.549606,Berlin-a863,26,74,Normal
2026-02-16 12:43:06.549606,Berlin-a863,16,24,Normal
2026-02-16 12:43:07.549606,Berlin-a863,-6,23,Normal
2026-02-16 12:43:08.549606,Berlin-a863,-2,60,Normal
2026-02-16 12:43:09.549606,Berlin-a863,26,74,Normal
2026-02-16 12:43:10.549606,Berlin-a863,36,85,Normal
2026-02-16 12:43:11.549606,Berlin-a863,47,95,Normal
2026-02-16 12:43:12.549606,Berlin-a863,46,42,Normal
2026-02-16 12:43:13.549606,Berlin-a863,36,73,Normal
2026-02-16 12:43:14.549606,Berlin-a863,-23,85,Normal
2026-02-16 12:43:15.549606,Berlin-a863,-24,2,Normal
2026-02-16 12:43:16.549606,Berlin-a863,43,73,Normal
2026-02-16 12:43:17.549606,Berlin-a863,22,81,Normal
2026-02-16 12:43:18.549606,Berlin-a863,-27,81,Normal
2026-02-16 12:43:19.549606,Berlin-a863,47,72,Normal
2026-02-16 12:43:20.549606,Berlin-a863,2,13,Normal
2026-02-16 12:43:21.549606,Berlin-a863,10,7,Normal
2026-02-16 12:43:22.549606,Berlin-a863,-4,12,Normal
2026-02-16 12:43:23.549606,Berlin-a863,-3,0,Normal
2026-02-16 12:43:24.549606,Berlin-a863,28,61,Normal
2026-02-16 12:43:25.549606,Berlin-a863,-19,45,Normal
2026-02-16 12:43:26.549606,Berlin-a863,47,95,Normal
2026-02-16 12:43:27.549606,Berlin-a863,23,17,Normal
2026-02-16 12:43:28.549606,Berlin-a863,-2,50,Normal
2026-02-16 12:43:29.549606,Berlin-a863,7,47,Normal
2026-02-16 12:43:30.549606,Berlin-a863,2,47,Normal
2026-02-16 12:43:31.549606,Berlin-a863,-10,27,Normal
2026-02-16 12:43:32.549606,Berlin-a863,13,35,Normal
2026-02-16 12:43:33.549606,Berlin-a863,37,36,Normal
2026-02-16 12:43:34.549606,Berlin-a863,-13,77,Normal
2026-02-16 12:43:35.549606,Berlin-a863,14,39,Normal
2026-02-16 12:43:36.549606,Berlin-a863,24,4,Normal
2026-02-16 12:43:37.549606,Berlin-a863,-17,57,Normal
2026-02-16 12:43:38.549606,Berlin-a863,-23,67,Normal
2026-02-16 12:43:39.549606,Berlin-a863,3,4,Normal
2026-02-16 12:43:40.549606,Berlin-a863,-16,67,Normal
2026-02-16 12:43:41.549606,Berlin-a863,44,77,Normal
2026-02-16 12:43:42.549606,Berlin-a863,-8,34,Normal
2026-02-16 12:43:43.549606,Berlin-a863,48,29,Normal
2026-02-16 12:43:44.549606,Berlin-a863,34,87,Normal
2026-02-16 12:43:45.549606,Berlin-a863,-2,45,Normal
2026-02-16 12:43:46.549606,Berlin-a863,19,68,Normal
2026-02-16 12:43:47.549606,Berlin-a863,-11,42,Normal
2026-02-16 12:43:48.549606,Berlin-a863,-1,82,Normal
2026-02-16 12:43:49.549606,Berlin-a863,45,33,Normal
2026-02-16 12:43:50.549606,Berlin-a863,-28,69,Normal
2026-02-16 12:43:51.549606,Berlin-a863,-22,39,Normal
2026-02-16 12:43:52.549606,Berlin-a863,4,40,Normal
2026-02-16 12:43:53.549606,Berlin-a863,-14,48,Normal
2026-02-16 12:43:54.549606,Berlin-a863,-29,52,Normal
2026-02-16 12:43:55.549606,Berlin-a863,19,30,Normal
2026-02-16 12:43:56.549606,Berlin-a863,14,94,Normal
2026-02-16 12:43:57.549606,Berlin-a863,-20,6,Normal
2026-02-16 12:43:58.549606,Berlin-a863,27,63,Normal
2026-02-16 12:43:59.549606,Berlin-a863,43,59,Normal
2026-02-16 12:44:00.549606,Berlin-a863,-23,31,Normal
2026-02-16 12:44:01.549606,Berlin-a863,27,41,Normal
2026-02-16 12:44:02.549606,Berlin-a863,4,52,Normal
2026-02-16 12:44:03.549606,Berlin-a863,-22,94,Normal
2026-02-16 12:44:04.549606,Berlin-a863,-2,83,Normal
2026-02-16 12:44:05.549606,Berlin-a863,47,62,Normal
2026-02-16 12:44:06.549606,Berlin-a863,21,82,Normal
2026-02-16 12:44:07.549606,Berlin-a863,18,53,Normal
2026-02-16 12:44:08.549606,Berlin-a863,37,65,Normal
2026-02-16 12:44:09.549606,Berlin-a863,22,69,Normal
2026-02-16 12:44:10.549606,Berlin-a863,6,43,Normal
2026-02-16 12:44:11.549606,Berlin-a863,-6,0,Normal
2026-02-16 12:44:12.549606,Berlin-a863,14,8,Normal
2026-02-16 12:44:13.549606,Berlin-a863,-12,98,Normal
2026-02-16 12:44:14.549606,Berlin-a863,32,82,Normal
2026-02-16 12:44:15.549606,Berlin-a863,-23,20,Normal
2026-02-16 12:44:16.549606,Berlin-a863,-18,49,Normal
2026-02-16 12:44:17.549606,Berlin-a863,-16,42,Normal
2026-02-16 12:44:18.549606,Berlin-a863,4,82,Normal
2026-02-16 12:44:19.549606,Berlin-a863,29,97,Normal
2026-02-16 12:44:20.549606,Berlin-a863,10,97,Normal
2026-02-16 12:44:21.549606,Berlin-a863,28,22,Normal
2026-02-16 12:44:22.549606,Berlin-a863,9,13,Normal
2026-02-16 12:44:23.549606,Berlin-a863,36,84,Normal
2026-02-16 12:44:24.549606,Berlin-a863,-23,99,Normal
2026-02-16 12:44:25.549606,Berlin-a863,16,45,Normal
2026-02-16 12:44:26.549606,Berlin-a863,49,99,Normal
2026-02-16 12:44:27.549606,Berlin-a863,9,16,Normal
2026-02-16 12:44:28.549606,Berlin-a863,-25,37,Normal
2026-02-16 12:44:29.549606,Berlin-a863,-16,100,Normal
2026-02-16 12:44:30.549606,Berlin-a863,-20,65,Normal
2026-02-16 12:44:31.549606,Berlin-a863,9,24,Normal
2026-02-16 12:44:32.549606,Berlin-a863,-22,2,Normal
2026-02-16 12:44:33.549606,Berlin-a863,-12,7,Normal
2026-02-16 12:44:34.549606,Berlin-a863,40,39,Normal
2026-02-16 12:44:35.549606,Berlin-a863,35,4,Normal
2026-02-16 12:44:36.549606,Berlin-a863,11,77,Normal
2026-02-16 12:44:37.549606,Berlin-a863,-23,66,Normal
2026-02-16 12:44:38.549606,Berlin-a863,49,81,Normal
2026-02-16 12:44:39.549606,Berlin-a863,10,98,Normal
2026-02-16 12:44:40.549606,Berlin-a863,41,92,Normal
2026-02-16 12:44:41.549606,Berlin-a863,6,99,Normal
2026-02-16 12:44:42.549606,Berlin-a863,41,79,Normal
2026-02-16 12:44:43.549606,Berlin-a863,-8,33,Normal
2026-02-16 12:44:44.549606,Berlin-a863,-4,29,Normal
2026-02-16 12:44:45.549606,Berlin-a863,28,25,Normal
2026-02-16 12:44:46.549606,Berlin-a863,47,25,Normal
2026-02-16 12:44:47.549606,Berlin-a863,16,77,Normal
2026-02-16 12:44:48.549606,Berlin-a863,11,17,Normal
2026-02-16 12:44:49.549606,Berlin-a863,37,83,Normal
2026-02-16 12:44:50.549606,Berlin-a863,14,73,Normal
2026-02-16 12:44:51.549606,Berlin-a863,-8,34,Normal
2026-02-16 12:44:52.549606,Berlin-a863,12,75,Normal
2026-02-16 12:44:53.549606,Berlin-a863,0,27,Normal
2026-02-16 12:44:54.549606,Berlin-a863,-21,86,Normal
2026-02-16 12:44:55.549606,Berlin-a863,-19,48,Normal
2026-02-16 12:44:56.549606,Berlin-a863,-16,93,Normal
2026-02-16 12:44:57.549606,Berlin-a863,30,24,Normal
2026-02-16 12:44:58.549606,Berlin-a863,39,44,Normal
2026-02-16 12:44:59.549606,Berlin-a863,-10,48,Normal
2026-02-16 12:45:00.549606,Berlin-a863,29,70,Normal
2026-02-16 12:45:01.549606,Berlin-a863,12,34,Normal
2026-02-16 12:45:02.549606,Berlin-a863,43,62,Normal
2026-02-16 12:45:03.549606,Berlin-a863,-7,44,Normal
2026-02-16 12:45:04.549606,Berlin-a863,-16,99,Normal
2026-02-16 12:45:05.549606,Berlin-a863,8,83,Normal
2026-02-16 12:45:06.549606,Berlin-a863,9,42,Normal
2026-02-16 12:45:07.549606,Berlin-a863,23,74,Normal
2026-02-16 12:45:08.549606,Berlin-a863,31,66,Normal
2026-02-16 12:45:09.549606,Berlin-a863,-24,5,Normal
2026-02-16 12:45:10.549606,Berlin-a863,-19,19,Normal
2026-02-16 12:45:11.549606,Berlin-a863,-24,37,Normal
2026-02-16 12:45:12.549606,Berlin-a863,-29,95,Normal
2026-02-16 12:45:13.549606,Berlin-a863,38,4,Normal
2026-02-16 12:45:14.549606,Berlin-a863,24,39,Normal
2026-02-16 12:45:15.549606,Berlin-a863,45,41,Normal
2026-02-16 12:45:16.549606,Berlin-a863,-13,48,Normal
2026-02-16 12:45:17.549606,Berlin-a863,-18,32,Normal
2026-02-16 12:45:18.549606,Berlin-a863,37,43,Normal
2026-02-16 12:45:19.549606,Berlin-a863,-22,18,Normal
2026-02-16 12:45:20.549606,Berlin-a863,-16,19,Normal
2026-02-16 12:45:21.549606,Berlin-a863,31,2,Normal
2026-02-16 12:45:22.549606,Berlin-a863,16,66,Normal
2026-02-16 12:45:23.549606,Berlin-a863,39,13,Normal
2026-02-16 12:45:24.549606,Berlin-a863,25,10,Normal
2026-02-16 12:45:25.549606,Berlin-a863,7,89,Normal
2026-02-16 12:45:26.549606,Berlin-a863,24,61,Normal
2026-02-16 12:45:27.549606,Berlin-a863,-6,100,Normal
2026-02-16 12:45:28.549606,Berlin-a863,2,14,Normal
2026-02-16 12:45:29.549606,Berlin-a863,-25,61,Normal
2026-02-16 12:45:30.549606,Berlin-a863,-17,6,Normal
2026-02-16 12:45:31.549606,Berlin-a863,39,70,Normal
2026-02-16 12:45:32.549606,Berlin-a863,-9,25,Normal
2026-02-16 12:45:33.549606,Berlin-a863,-21,98,Normal
2026-02-16 12:45:34.549606,Berlin-a863,-17,69,Normal
2026-02-16 12:45:35.549606,Berlin-a863,21,2,Normal
2026-02-16 12:45:36.549606,Berlin-a863,42,24,Normal
2026-02-16 12:45:37.549606,Berlin-a863,13,96,Normal
2026-02-16 12:45:38.549606,Berlin-a863,-19,34,Normal
2026-02-16 12:45:39.549606,Berlin-a863,2,17,Normal
2026-02-16 12:45:40.549606,Berlin-a863,22,38,Normal
2026-02-16 12:45:41.549606,Berlin-a863,24,44,Normal
2026-02-16 12:45:42.549606,Berlin-a863,-23,58,Normal
2026-02-16 12:45:43.549606,Berlin-a863,36,93,Normal
2026-02-16 12:45:44.549606,Berlin-a863,47,72,Normal
2026-02-16 12:45:45.549606,Berlin-a863,21,11,Normal
2026-02-16 12:45:46.549606,Berlin-a863,-26,99,Normal
2026-02-16 12:45:47.549606,Berlin-a863,13,16,Normal
2026-02-16 12:45:48.549606,Berlin-a863,32,59,Normal
2026-02-16 12:45:49.549606,Berlin-a863,11,46,Normal
2026-02-16 12:45:50.549606,Berlin-a863,-10,55,Normal
2026-02-16 12:45:51.549606,Berlin-a863,9,38,Normal
2026-02-16 12:45:52.549606,Berlin-a863,36,11,Normal
2026-02-16 12:45:53.549606,Berlin-a863,50,61,Normal
2026-02-16 12:45:54.549606,Berlin-a863,38,89,Normal
2026-02-16 12:45:55.549606,Berlin-a863,19,12,Normal
2026-02-16 12:45:56.549606,Berlin-a863,-4,15,Normal
2026-02-16 12:45:57.549606,Berlin-a863,25,92,Normal
2026-02-16 12:45:58.549606,Berlin-a863,29,50,Normal
2026-02-16 12:45:59.549606,Berlin-a863,27,14,Normal
2026-02-16 12:46:00.549606,Berlin-a863,30,0,Normal
2026-02-16 12:46:01.549606,Berlin-a863,22,51,Normal
2026-02-16 12:46:02.549606,Berlin-a863,29,82,Normal
2026-02-16 12:46:03.549606,Berlin-a863,24,82,Normal
2026-02-16 12:46:04.549606,Berlin-a863,24,86,Normal
2026-02-16 12:46:05.549606,Berlin-a863,-14,66,Normal
2026-02-16 12:46:06.549606,Berlin-a863,1,62,Normal
2026-02-16 12:46:07.549606,Berlin-a863,-16,96,Normal
2026-02-16 12:46:08.549606,Berlin-a863,41,2,Normal
2026-02-16 12:46:09.549606,Berlin-a863,28,55,Normal
2026-02-16 12:46:10.549606,Berlin-a863,28,46,Normal
2026-02-16 12:46:11.549606,Berlin-a863,-27,61,Normal
2026-02-16 12:46:12.549606,Berlin-a863,0,78,Normal
2026-02-16 12:46:13.549606,Berlin-a863,5,92,Normal
2026-02-16 12:46:14.549606,Berlin-a863,-18,58,Normal
2026-02-16 12:46:15.549606,Berlin-a863,-14,50,Normal
2026-02-16 12:46:16.549606,Berlin-a863,24,7,Normal
2026-02-16 12:46:17.549606,Berlin-a863,-2,84,Normal
2026-02-16 12:46:18.549606,Berlin-a863,-24,7,Normal
2026-02-16 12:46:19.549606,Berlin-a863,6,57,Normal
2026-02-16 12:46:20.549606,Berlin-a863,13,72,Normal
2026-02-16 12:46:21.549606,Berlin-a863,-9,59,Normal
2026-02-16 12:46:22.549606,Berlin-a863,27,37,Normal
2026-02-16 12:46:23.549606,Berlin-a863,-11,58,Normal
2026-02-16 12:46:24.549606,Berlin-a863,9,11,Normal
2026-02-16 12:46:25.549606,Berlin-a863,41,14,Normal
2026-02-16 12:46:26.549606,Berlin-a863,20,21,Normal
2026-02-16 12:46:27.549606,Berlin-a863,26,87,Normal
2026-02-16 12:46:28.549606,Berlin-a863,13,35,Normal
2026-02-16 12:46:29.549606,Berlin-a863,-12,37,Normal
2026-02-16 12:46:30.549606,Berlin-a863,37,3,Normal
2026-02-16 12:46:31.549606,Berlin-a863,50,26,Normal
2026-02-16 12:46:32.549606,Berlin-a863,37,5,Normal
2026-02-16 12:46:33.549606,Berlin-a863,21,24,Normal
2026-02-16 12:46:34.549606,Berlin-a863,28,91,Normal
2026-02-16 12:46:35.549606,Berlin-a863,-20,15,Normal
2026-02-16 12:46:36.549606,Berlin-a863,42,60,Normal
2026-02-16 12:46:37.549606,Berlin-a863,-17,8,Normal
2026-02-16 12:46:38.549606,Berlin-a863,24,45,Normal
2026-02-16 12:46:39.549606,Berlin-a863,19,13,Normal
2026-02-16 12:46:40.549606,Berlin-a863,-9,24,Normal
2026-02-16 12:46:41.549606,Berlin-a863,39,6,Normal
2026-02-16 12:46:42.549606,Berlin-a863,29,67,Normal
2026-02-16 12:46:43.549606,Berlin-a863,-24,31,Normal
2026-02-16 12:46:44.549606,Berlin-a863,11,96,Normal
2026-02-16 12:46:45.549606,Berlin-a863,9,52,Normal
2026-02-16 12:46:46.549606,Berlin-a863,16,100,Normal
2026-02-16 12:46:47.549606,Berlin-a863,50,5,Normal
2026-02-16 12:46:48.549606,Berlin-a863,26,16,Normal
2026-02-16 12:46:49.549606,Berlin-a863,0,49,Normal
2026-02-16 12:46:50.549606,Berlin-a863,11,64,Normal
2026-02-16 12:46:51.549606,Berlin-a863,-5,20,Normal
2026-02-16 12:46:52.549606,Berlin-a863,3,18,Normal
2026-02-16 12:46:53.549606,Berlin-a863,12,57,Normal
2026-02-16 12:46:54.549606,Berlin-a863,-2,57,Normal
2026-02-16 12:46:55.549606,Berlin-a863,6,49,Normal
2026-02-16 12:46:56.549606,Berlin-a863,10,40,Normal
2026-02-16 12:46:57.549606,Berlin-a863,37,0,Normal
2026-02-16 12:46:58.549606,Berlin-a863,-1,9,Normal
2026-02-16 12:46:59.549606,Berlin-a863,-21,48,Normal
2026-02-16 12:47:00.549606,Berlin-a863,42,79,Normal
2026-02-16 12:47:01.549606,Berlin-a863,31,45,Normal
2026-02-16 12:47:02.549606,Berlin-a863,16,10,Normal
2026-02-16 12:47:03.549606,Berlin-a863,25,1,Normal
2026-02-16 12:47:04.549606,Berlin-a863,-20,94,Normal
2026-02-16 12:47:05.549606,Berlin-a863,-30,42,Normal
2026-02-16 12:47:06.549606,Berlin-a863,-6,16,Normal
2026-02-16 12:47:07.549606,Berlin-a863,26,90,Normal
2026-02-16 12:47:08.549606,Berlin-a863,-21,77,Normal
2026-02-16 12:47:09.549606,Berlin-a863,-12,19,Normal
2026-02-16 12:47:10.549606,Berlin-a863,39,94,Normal
2026-02-16 12:47:11.549606,Berlin-a863,22,10,Normal
2026-02-16 12:47:12.549606,Berlin-a863,48,58,Normal
2026-02-16 12:47:13.549606,Berlin-a863,16,89,Normal
2026-02-16 12:47:14.549606,Berlin-a863,20,30,Normal
2026-02-16 12:47:15.549606,Berlin-a863,6,75,Normal
2026-02-16 12:47:16.549606,Berlin-a863,-11,44,Normal
2026-02-16 12:47:17.549606,Berlin-a863,13,37,Normal
2026-02-16 12:47:18.549606,Berlin-a863,50,65,Normal
2026-02-16 12:47:19.549606,Berlin-a863,49,73,Normal
2026-02-16 12:47:20.549606,Berlin-a863,-28,0,Normal
2026-02-16 12:47:21.549606,Berlin-a863,8,25,Normal
2026-02-16 12:47:22.549606,Berlin-a863,47,3,Normal
2026-02-16 12:47:23.549606,Berlin-a863,19,49,Normal
2026-02-16 12:47:24.549606,Berlin-a863,3,59,Normal
2026-02-16 12:47:25.549606,Berlin-a863,-27,68,Normal
2026-02-16 12:47:26.549606,Berlin-a863,1,98,Normal
2026-02-16 12:47:27.549606,Berlin-a863,37,14,Normal
2026-02-16 12:47:28.549606,Berlin-a863,8,97,Normal
2026-02-16 12:47:29.549606,Berlin-a863,-30,50,Normal
2026-02-16 12:47:30.549606,Berlin-a863,3,61,Normal
2026-02-16 12:47:31.549606,Berlin-a863,-3,11,Normal
2026-02-16 12:47:32.549606,Berlin-a863,-3,46,Normal
2026-02-16 12:47:33.549606,Berlin-a863,1,73,Normal
2026-02-16 12:47:34.549606,Berlin-a863,-9,92,Normal
2026-02-16 12:47:35.549606,Berlin-a863,36,82,Normal
2026-02-16 12:47:36.549606,Berlin-a863,19,99,Normal
2026-02-16 12:47:37.549606,Berlin-a863,-1,38,Normal
2026-02-16 12:47:38.549606,Berlin-a863,7,80,Normal
2026-02-16 12:47:39.549606,Berlin-a863,6,68,Normal
2026-02-16 12:47:40.549606,Berlin-a863,17,55,Normal
2026-02-16 12:47:41.549606,Berlin-a863,20,70,Normal
2026-02-16 12:47:42.549606,Berlin-a863,11,8,Normal
2026-02-16 12:47:43.549606,Berlin-a863,-23,24,Normal
2026-02-16 12:47:44.549606,Berlin-a863,37,67,Normal
2026-02-16 12:47:45.549606,Berlin-a863,22,85,Normal
2026-02-16 12:47:46.549606,Berlin-a863,31,35,Normal
2026-02-16 12:47:47.549606,Berlin-a863,17,71,Normal
2026-02-16 12:47:48.549606,Berlin-a863,39,65,Normal
2026-02-16 12:47:49.549606,Berlin-a863,23,63,Normal
2026-02-16 12:47:50.549606,Berlin-a863,40,97,Normal
2026-02-16 12:47:51.549606,Berlin-a863,47,27,Normal
2026-02-16 12:47:52.549606,Berlin-a863,-18,64,Normal
2026-02-16 12:47:53.549606,Berlin-a863,44,10,Normal
2026-02-16 12:47:54.549606,Berlin-a863,27,18,Normal
2026-02-16 12:47:55.549606,Berlin-a863,14,7,Normal
2026-02-16 12:47:56.549606,Berlin-a863,16,29,Normal
2026-02-16 12:47:57.549606,Berlin-a863,49,46,Normal
2026-02-16 12:47:58.549606,Berlin-a863,-11,96,Normal
2026-02-16 12:47:59.549606,Berlin-a863,1,63,Normal
2026-02-16 12:48:00.549606,Berlin-a863,-8,42,Normal
2026-02-16 12:48:01.549606,Berlin-a863,31,0,Normal
2026-02-16 12:48:02.549606,Berlin-a863,0,67,Normal
2026-02-16 12:48:03.549606,Berlin-a863,-24,52,Normal
2026-02-16 12:48:04.549606,Berlin-a863,40,84,Normal
2026-02-16 12:48:05.549606,Berlin-a863,7,33,Normal
2026-02-16 12:48:06.549606,Berlin-a863,5,87,Normal
2026-02-16 12:48:07.549606,Berlin-a863,-6,51,Normal
2026-02-16 12:48:08.549606,Berlin-a863,-15,43,Normal
2026-02-16 12:48:09.549606,Berlin-a863,16,4,Normal
2026-02-16 12:48:10.549606,Berlin-a863,10,65,Normal
2026-02-16 12:48:11.549606,Berlin-a863,-6,26,Normal
2026-02-16 12:48:12.549606,Berlin-a863,14,62,Normal
2026-02-16 12:48:13.549606,Berlin-a863,32,73,Normal
2026-02-16 12:48:14.549606,Berlin-a863,9,59,Normal
2026-02-16 12:48:15.549606,Berlin-a863,-13,54,Normal
2026-02-16 12:48:16.549606,Berlin-a863,-22,78,Normal
2026-02-16 12:48:17.549606,Berlin-a863,11,8,Normal
2026-02-16 12:48:18.549606,Berlin-a863,45,5,Normal
2026-02-16 12:48:19.549606,Berlin-a863,50,74,Normal
2026-02-16 12:48:20.549606,Berlin-a863,46,72,Normal
2026-02-16 12:48:21.549606,Berlin-a863,40,31,Normal
2026-02-16 12:48:22.549606,Berlin-a863,28,52,Normal
2026-02-16 12:48:23.549606,Berlin-a863,43,69,Normal
2026-02-16 12:48:24.549606,Berlin-a863,33,16,Normal
2026-02-16 12:48:25.549606,Berlin-a863,16,10,Normal
2026-02-16 12:48:26.549606,Berlin-a863,-15,2,Normal
2026-02-16 12:48:27.549606,Berlin-a863,3,72,Normal
2026-02-16 12:48:28.549606,Berlin-a863,30,43,Normal
2026-02-16 12:48:29.549606,Berlin-a863,49,28,Normal
2026-02-16 12:48:30.549606,Berlin-a863,-22,14,Normal
2026-02-16 12:48:31.549606,Berlin-a863,24,73,Normal
2026-02-16 12:48:32.549606,Berlin-a863,49,6,Normal
2026-02-16 12:48:33.549606,Berlin-a863,-27,32,Normal
2026-02-16 12:48:34.549606,Berlin-a863,-7,7,Normal
2026-02-16 12:48:35.549606,Berlin-a863,-22,67,Normal
2026-02-16 12:48:36.549606,Berlin-a863,-26,87,Normal
2026-02-16 12:48:37.549606,Berlin-a863,40,100,Normal
2026-02-16 12:48:38.549606,Berlin-a863,24,46,Normal
2026-02-16 12:48:39.549606,Berlin-a863,34,93,Normal
2026-02-16 12:48:40.549606,Berlin-a863,0,85,Normal
2026-02-16 12:48:41.549606,Berlin-a863,17,62,Normal
2026-02-16 12:48:42.549606,Berlin-a863,-23,80,Normal
2026-02-16 12:48:43.549606,Berlin-a863,-12,9,Normal
2026-02-16 12:48:44.549606,Berlin-a863,-13,53,Normal
2026-02-16 12:48:45.549606,Berlin-a863,15,64,Normal
2026-02-16 12:48:46.549606,Berlin-a863,-18,73,Normal
2026-02-16 12:48:47.549606,Berlin-a863,40,50,Normal
2026-02-16 12:48:48.549606,Berlin-a863,39,90,Normal
2026-02-16 12:48:49.549606,Berlin-a863,16,57,Normal
2026-02-16 12:48:50.549606,Berlin-a863,8,56,Normal
2026-02-16 12:48:51.549606,Berlin-a863,-2,9,Normal
2026-02-16 12:48:52.549606,Berlin-a863,-30,17,Normal
2026-02-16 12:48:53.549606,Berlin-a863,48,59,Normal
2026-02-16 12:48:54.549606,Berlin-a863,33,20,Normal
2026-02-16 12:48:55.549606,Berlin-a863,33,84,Normal
2026-02-16 12:48:56.549606,Berlin-a863,-15,43,Normal
2026-02-16 12:48:57.549606,Berlin-a863,39,56,Normal
2026-02-16 12:48:58.549606,Berlin-a863,34,72,Normal
2026-02-16 12:48:59.549606,Berlin-a863,28,23,Normal
2026-02-16 12:49:00.549606,Berlin-a863,5,15,Normal
2026-02-16 12:49:01.549606,Berlin-a863,-5,67,Normal
2026-02-16 12:49:02.549606,Berlin-a863,38,38,Normal
2026-02-16 12:49:03.549606,Berlin-a863,38,97,Normal
2026-02-16 12:49:04.549606,Berlin-a863,25,57,Normal
2026-02-16 12:49:05.549606,Berlin-a863,-9,34,Normal
2026-02-16 12:49:06.549606,Berlin-a863,-14,7,Normal
2026-02-16 12:49:07.549606,Berlin-a863,-27,41,Normal
2026-02-16 12:49:08.549606,Berlin-a863,-7,20,Normal
2026-02-16 12:49:09.549606,Berlin-a863,-22,54,Normal
2026-02-16 12:49:10.549606,Berlin-a863,30,32,Normal
2026-02-16 12:49:11.549606,Berlin-a863,-6,11,Normal
2026-02-16 12:49:12.549606,Berlin-a863,13,45,Normal
2026-02-16 12:49:13.549606,Berlin-a863,-15,5,Normal
2026-02-16 12:49:14.549606,Berlin-a863,36,90,Normal
2026-02-16 12:49:15.549606,Berlin-a863,22,17,Normal
2026-02-16 12:49:16.549606,Berlin-a863,-15,6,Normal
2026-02-16 12:49:17.549606,Berlin-a863,-15,84,Normal
2026-02-16 12:49:18.549606,Berlin-a863,-15,16,Normal
2026-02-16 12:49:19.549606,Berlin-a863,12,27,Normal
2026-02-16 12:49:20.549606,Berlin-a863,10,85,Normal
2026-02-16 12:49:21.549606,Berlin-a863,36,96,Normal
2026-02-16 12:49:22.549606,Berlin-a863,7,67,Normal
2026-02-16 12:49:23.549606,Berlin-a863,33,52,Normal
2026-02-16 12:49:24.549606,Berlin-a863,25,97,Normal
2026-02-16 12:49:25.549606,Berlin-a863,14,86,Normal
2026-02-16 12:49:26.549606,Berlin-a863,-13,36,Normal
2026-02-16 12:49:27.549606,Berlin-a863,9,82,Normal
2026-02-16 12:49:28.549606,Berlin-a863,32,65,Normal
2026-02-16 12:49:29.549606,Berlin-a863,-4,6,Normal
2026-02-16 12:49:30.549606,Berlin-a863,-2,6,Normal
2026-02-16 12:49:31.549606,Berlin-a863,28,30,Normal
2026-02-16 12:49:32.549606,Berlin-a863,-17,16,Normal
2026-02-16 12:49:33.549606,Berlin-a863,-1,2,Normal
2026-02-16 12:49:34.549606,Berlin-a863,40,77,Normal
2026-02-16 12:49:35.549606,Berlin-a863,1,62,Normal
2026-02-16 12:49:36.549606,Berlin-a863,34,70,Normal
2026-02-16 12:49:37.549606,Berlin-a863,17,40,Normal
2026-02-16 12:49:38.549606,Berlin-a863,44,47,Normal
2026-02-16 12:49:39.549606,Berlin-a863,38,40,Normal
2026-02-16 12:49:40.549606,Berlin-a863,10,91,Normal
2026-02-16 12:49:41.549606,Berlin-a863,50,54,Normal
2026-02-16 12:49:42.549606,Berlin-a863,37,58,Normal
2026-02-16 12:49:43.549606,Berlin-a863,30,85,Normal
2026-02-16 12:49:44.549606,Berlin-a863,3,49,Normal
2026-02-16 12:49:45.549606,Berlin-a863,40,57,Normal
2026-02-16 12:49:46.549606,Berlin-a863,3,23,Normal
2026-02-16 12:49:47.549606,Berlin-a863,-18,40,Normal
2026-02-16 12:49:48.549606,Berlin-a863,38,92,Normal
2026-02-16 12:49:49.549606,Berlin-a863,36,94,Normal
2026-02-16 12:49:50.549606,Berlin-a863,-7,4,Normal
2026-02-16 12:49:51.549606,Berlin-a863,41,30,Normal
2026-02-16 12:49:52.549606,Berlin-a863,-20,77,Normal
2026-02-16 12:49:53.549606,Berlin-a863,-22,49,Normal
2026-02-16 12:49:54.549606,Berlin-a863,31,70,Normal
2026-02-16 12:49:55.549606,Berlin-a863,-5,82,Normal
2026-02-16 12:49:56.549606,Berlin-a863,-6,52,Normal
2026-02-16 12:49:57.549606,Berlin-a863,-25,85,Normal
2026-02-16 12:49:58.549606,Berlin-a863,35,23,Normal
2026-02-16 12:49:59.549606,Berlin-a863,-6,60,Normal
2026-02-16 12:50:00.549606,Berlin-a863,0,25,Normal
2026-02-16 12:50:01.549606,Berlin-a863,-7,6,Normal
2026-02-16 12:50:02.549606,Berlin-a863,4,59,Normal
2026-02-16 12:50:03.549606,Berlin-a863,34,90,Normal
2026-02-16 12:50:04.549606,Berlin-a863,4,74,Normal
2026-02-16 12:50:05.549606,Berlin-a863,-2,28,Normal
2026-02-16 12:50:06.549606,Berlin-a863,35,21,Normal
2026-02-16 12:50:07.549606,Berlin-a863,10,30,Normal
2026-02-16 12:50:08.549606,Berlin-a863,-24,46,Normal
2026-02-16 12:50:09.549606,Berlin-a863,31,69,Normal
2026-02-16 12:50:10.549606,Berlin-a863,40,57,Normal
2026-02-16 12:50:11.549606,Berlin-a863,6,24,Normal
2026-02-16 12:50:12.549606,Berlin-a863,49,93,Normal
2026-02-16 12:50:13.549606,Berlin-a863,43,81,Normal
2026-02-16 12:50:14.549606,Berlin-a863,21,92,Normal
2026-02-16 12:50:15.549606,Berlin-a863,46,30,Normal
2026-02-16 12:50:16.549606,Berlin-a863,-29,20,Normal
2026-02-16 12:50:17.549606,Berlin-a863,6,11,Normal
2026-02-16 12:50:18.549606,Berlin-a863,33,23,Normal
2026-02-16 12:50:19.549606,Berlin-a863,-20,61,Normal
2026-02-16 12:50:20.549606,Berlin-a863,18,94,Normal
2026-02-16 12:50:21.549606,Berlin-a863,30,12,Normal
2026-02-16 12:50:22.549606,Berlin-a863,-1,99,Normal
2026-02-16 12:50:23.549606,Berlin-a863,42,12,Normal
2026-02-16 12:50:24.549606,Berlin-a863,-14,92,Normal
2026-02-16 12:50:25.549606,Berlin-a863,-17,61,Normal
2026-02-16 12:50:26.549606,Berlin-a863,34,100,Normal
2026-02-16 12:50:27.549606,Berlin-a863,-15,4,Normal
2026-02-16 12:50:28.549606,Berlin-a863,4,65,Normal
2026-02-16 12:50:29.549606,Berlin-a863,46,93,Normal
2026-02-16 12:50:30.549606,Berlin-a863,37,36,Normal
2026-02-16 12:50:31.549606,Berlin-a863,47,48,Normal
2026-02-16 12:50:32.549606,Berlin-a863,-17,56,Normal
2026-02-16 12:50:33.549606,Berlin-a863,-20,3,Normal
2026-02-16 12:50:34.549606,Berlin-a863,34,15,Normal
2026-02-16 12:50:35.549606,Berlin-a863,48,76,Normal
2026-02-16 12:50:36.549606,Berlin-a863,30,49,Normal
2026-02-16 12:50:37.549606,Berlin-a863,-10,82,Normal
2026-02-16 12:50:38.549606,Berlin-a863,1,56,Normal
2026-02-16 12:50:39.549606,Berlin-a863,30,69,Normal
2026-02-16 12:50:40.549606,Berlin-a863,-28,18,Normal
2026-02-16 12:50:41.549606,Berlin-a863,13,67,Normal
2026-02-16 12:50:42.549606,Berlin-a863,-6,45,Normal
2026-02-16 12:50:43.549606,Berlin-a863,-10,88,Normal
2026-02-16 12:50:44.549606,Berlin-a863,36,7,Normal
2026-02-16 12:50:45.549606,Berlin-a863,22,51,Normal
2026-02-16 12:50:46.549606,Berlin-a863,-13,44,Normal
2026-02-16 12:50:47.549606,Berlin-a863,31,13,Normal
2026-02-16 12:50:48.549606,Berlin-a863,23,13,Normal
2026-02-16 12:50:49.549606,Berlin-a863,38,43,Normal
2026-02-16 12:50:50.549606,Berlin-a863,-16,67,Normal
2026-02-16 12:50:51.549606,Berlin-a863,36,69,Normal
2026-02-16 12:50:52.549606,Berlin-a863,-19,4,Normal
2026-02-16 12:50:53.549606,Berlin-a863,-19,64,Normal
2026-02-16 12:50:54.549606,Berlin-a863,44,16,Normal
2026-02-16 12:50:55.549606,Berlin-a863,47,5,Normal
2026-02-16 12:50:56.549606,Berlin-a863,-6,68,Normal
2026-02-16 12:50:57.549606,Berlin-a863,4,30,Normal
2026-02-16 12:50:58.549606,Berlin-a863,-17,6,Normal
2026-02-16 12:50:59.549606,Berlin-a863,3,25,Normal
2026-02-16 12:51:00.549606,Berlin-a863,-20,94,Normal
2026-02-16 12:51:01.549606,Berlin-a863,0,72,Normal
2026-02-16 12:51:02.549606,Berlin-a863,11,95,Normal
2026-02-16 12:51:03.549606,Berlin-a863,-9,30,Normal
2026-02-16 12:51:04.549606,Berlin-a863,7,4,Normal
2026-02-16 12:51:05.549606,Berlin-a863,12,79,Normal
2026-02-16 12:51:06.549606,Berlin-a863,28,84,Normal
2026-02-16 12:51:07.549606,Berlin-a863,49,17,Normal
2026-02-16 12:51:08.549606,Berlin-a863,-19,62,Normal
2026-02-16 12:51:09.549606,Berlin-a863,28,65,Normal
2026-02-16 12:51:10.549606,Berlin-a863,47,60,Normal
2026-02-16 12:51:11.549606,Berlin-a863,43,38,Normal
2026-02-16 12:51:12.549606,Berlin-a863,10,51,Normal
2026-02-16 12:51:13.549606,Berlin-a863,46,85,Normal
2026-02-16 12:51:14.549606,Berlin-a863,9,48,Normal
2026-02-16 12:51:15.549606,Berlin-a863,-11,71,Normal
2026-02-16 12:51:16.549606,Berlin-a863,4,99,Normal
2026-02-16 12:51:17.549606,Berlin-a863,-8,54,Normal
2026-02-16 12:51:18.549606,Berlin-a863,-18,44,Normal
2026-02-16 12:51:19.549606,Berlin-a863,7,66,Normal
2026-02-16 12:51:20.549606,Berlin-a863,-5,59,Normal
2026-02-16 12:51:21.549606,Berlin-a863,49,87,Normal
2026-02-16 12:51:22.549606,Berlin-a863,-14,79,Normal
2026-02-16 12:51:23.549606,Berlin-a863,39,81,Normal
2026-02-16 12:51:24.549606,Berlin-a863,2,21,Normal
2026-02-16 12:51:25.549606,Berlin-a863,-24,17,Normal
2026-02-16 12:51:26.549606,Berlin-a863,-24,17,Normal
2026-02-16 12:51:27.549606,Berlin-a863,25,50,Normal
2026-02-16 12:51:28.549606,Berlin-a863,47,92,Normal
2026-02-16 12:51:29.549606,Berlin-a863,-2,62,Normal
2026-02-16 12:51:30.549606,Berlin-a863,22,76,Normal
2026-02-16 12:51:31.549606,Berlin-a863,-1,44,Normal
2026-02-16 12:51:32.549606,Berlin-a863,2,97,Normal
2026-02-16 12:51:33.549606,Berlin-a863,12,74,Normal
2026-02-16 12:51:34.549606,Berlin-a863,21,42,Normal
2026-02-16 12:51:35.549606,Berlin-a863,33,71,Normal
2026-02-16 12:51:36.549606,Berlin-a863,-13,26,Normal
2026-02-16 12:51:37.549606,Berlin-a863,37,46,Normal
2026-02-16 12:51:38.549606,Berlin-a863,-8,39,Normal
2026-02-16 12:51:39.549606,Berlin-a863,-1,51,Normal
2026-02-16 12:51:40.549606,Berlin-a863,5,2,Normal
2026-02-16 12:51:41.549606,Berlin-a863,50,71,Normal
2026-02-16 12:51:42.549606,Berlin-a863,-12,19,Normal
2026-02-16 12:51:43.549606,Berlin-a863,43,22,Normal
2026-02-16 12:51:44.549606,Berlin-a863,-28,96,Normal
2026-02-16 12:51:45.549606,Berlin-a863,-3,5,Normal
2026-02-16 12:51:46.549606,Berlin-a863,-6,17,Normal
2026-02-16 12:51:47.549606,Berlin-a863,-14,79,Normal
2026-02-16 12:51:48.549606,Berlin-a863,48,97,Normal
2026-02-16 12:51:49.549606,Berlin-a863,16,31,Normal
2026-02-16 12:51:50.549606,Berlin-a863,41,96,Normal
2026-02-16 12:51:51.549606,Berlin-a863,-10,93,Normal
2026-02-16 12:51:52.549606,Berlin-a863,44,98,Normal
2026-02-16 12:51:53.549606,Berlin-a863,-4,56,Normal
2026-02-16 12:51:54.549606,Berlin-a863,4,23,Normal
2026-02-16 12:51:55.549606,Berlin-a863,-19,85,Normal
2026-02-16 12:51:56.549606,Berlin-a863,36,6,Normal
2026-02-16 12:51:57.549606,Berlin-a863,-29,19,Normal
2026-02-16 12:51:58.549606,Berlin-a863,0,92,Normal
2026-02-16 12:51:59.549606,Berlin-a863,-26,19,Normal
2026-02-16 12:52:00.549606,Berlin-a863,15,12,Normal
2026-02-16 12:52:01.549606,Berlin-a863,-27,31,Normal
2026-02-16 12:52:02.549606,Berlin-a863,-30,49,Normal
2026-02-16 12:52:03.549606,Berlin-a863,-9,80,Normal
2026-02-16 12:52:04.549606,Berlin-a863,40,42,Normal
2026-02-16 12:52:05.549606,Berlin-a863,30,75,Normal
2026-02-16 12:52:06.549606,Berlin-a863,11,72,Normal
2026-02-16 12:52:07.549606,Berlin-a863,40,97,Normal
2026-02-16 12:52:08.549606,Berlin-a863,49,65,Normal
2026-02-16 12:52:09.549606,Berlin-a863,24,66,Normal
2026-02-16 12:52:10.549606,Berlin-a863,-28,4,Normal
2026-02-16 12:52:11.549606,Berlin-a863,-18,30,Normal
2026-02-16 12:52:12.549606,Berlin-a863,-18,76,Normal
2026-02-16 12:52:13.549606,Berlin-a863,37,69,Normal
2026-02-16 12:52:14.549606,Berlin-a863,36,8,Normal
2026-02-16 12:52:15.549606,Berlin-a863,2,73,Normal
2026-02-16 12:52:16.549606,Berlin-a863,-26,67,Normal
2026-02-16 12:52:17.549606,Berlin-a863,28,4,Normal
2026-02-16 12:52:18.549606,Berlin-a863,-29,71,Normal
2026-02-16 12:52:19.549606,Berlin-a863,4,55,Normal
2026-02-16 12:52:20.549606,Berlin-a863,-5,87,Normal
2026-02-16 12:52:21.549606,Berlin-a863,-3,27,Normal
2026-02-16 12:52:22.549606,Berlin-a863,-4,40,Normal
2026-02-16 12:52:23.549606,Berlin-a863,33,63,Normal
2026-02-16 12:52:24.549606,Berlin-a863,46,60,Normal
2026-02-16 12:52:25.549606,Berlin-a863,0,44,Normal
2026-02-16 12:52:26.549606,Berlin-a863,24,66,Normal
2026-02-16 12:52:27.549606,Berlin-a863,4,49,Normal
2026-02-16 12:52:28.549606,Berlin-a863,-8,10,Normal
2026-02-16 12:52:29.549606,Berlin-a863,-23,15,Normal
2026-02-16 12:52:30.549606,Berlin-a863,-4,13,Normal
2026-02-16 12:52:31.549606,Berlin-a863,37,36,Normal
2026-02-16 12:52:32.549606,Berlin-a863,-29,81,Normal
2026-02-16 12:52:33.549606,Berlin-a863,-7,93,Normal
2026-02-16 12:52:34.549606,Berlin-a863,35,77,Normal
2026-02-16 12:52:35.549606,Berlin-a863,-29,26,Normal
2026-02-16 12:52:36.549606,Berlin-a863,34,15,Normal
2026-02-16 12:52:37.549606,Berlin-a863,45,60,Normal
2026-02-16 12:52:38.549606,Berlin-a863,-23,61,Normal
2026-02-16 12:52:39.549606,Berlin-a863,-15,8,Normal
2026-02-16 12:52:40.549606,Berlin-a863,-15,39,Normal
2026-02-16 12:52:41.549606,Berlin-a863,30,9,Normal
2026-02-16 12:52:42.549606,Berlin-a863,2,93,Normal
2026-02-16 12:52:43.549606,Berlin-a863,-14,78,Normal
2026-02-16 12:52:44.549606,Berlin-a863,44,62,Normal
2026-02-16 12:52:45.549606,Berlin-a863,11,27,Normal
2026-02-16 12:52:46.549606,Berlin-a863,-6,36,Normal
2026-02-16 12:52:47.549606,Berlin-a863,39,51,Normal
2026-02-16 12:52:48.549606,Berlin-a863,-14,24,Normal
2026-02-16 12:52:49.549606,Berlin-a863,30,22,Normal
2026-02-16 12:52:50.549606,Berlin-a863,48,48,Normal
2026-02-16 12:52:51.549606,Berlin-a863,29,37,Normal
2026-02-16 12:52:52.549606,Berlin-a863,-11,1,Normal
2026-02-16 12:52:53.549606,Berlin-a863,6,11,Normal
2026-02-16 12:52:54.549606,Berlin-a863,-24,74,Normal
2026-02-16 12:52:55.549606,Berlin-a863,35,8,Normal
2026-02-16 12:52:56.549606,Berlin-a863,11,82,Normal
2026-02-16 12:52:57.549606,Berlin-a863,2,48,Normal
2026-02-16 12:52:58.549606,Berlin-a863,-18,95,Normal
2026-02-16 12:52:59.549606,Berlin-a863,19,15,Normal
2026-02-16 12:53:00.549606,Berlin-a863,39,63,Normal
2026-02-16 12:53:01.549606,Berlin-a863,37,26,Normal
2026-02-16 12:53:02.549606,Berlin-a863,-23,4,Normal
2026-02-16 12:53:03.549606,Berlin-a863,6,29,Normal
2026-02-16 12:53:04.549606,Berlin-a863,0,62,Normal
2026-02-16 12:53:05.549606,Berlin-a863,-29,0,Normal
2026-02-16 12:53:06.549606,Berlin-a863,-25,9,Normal
2026-02-16 12:53:07.549606,Berlin-a863,3,89,Normal
2026-02-16 12:53:08.549606,Berlin-a863,-23,25,Normal
2026-02-16 12:53:09.549606,Berlin-a863,48,41,Normal
2026-02-16 12:53:10.549606,Berlin-a863,-10,7,Normal
2026-02-16 12:53:11.549606,Berlin-a863,6,88,Normal
2026-02-16 12:53:12.549606,Berlin-a863,26,34,Normal
2026-02-16 12:53:13.549606,Berlin-a863,40,72,Normal
2026-02-16 12:53:14.549606,Berlin-a863,-5,79,Normal
2026-02-16 12:53:15.549606,Berlin-a863,-25,33,Normal
2026-02-16 12:53:16.549606,Berlin-a863,-18,53,Normal
2026-02-16 12:53:17.549606,Berlin-a863,46,17,Normal
2026-02-16 12:53:18.549606,Berlin-a863,-16,23,Normal
2026-02-16 12:53:19.549606,Berlin-a863,49,11,Normal
2026-02-16 12:53:20.549606,Berlin-a863,-8,84,Normal
2026-02-16 12:53:21.549606,Berlin-a863,18,93,Normal
2026-02-16 12:53:22.549606,Berlin-a863,-27,85,Normal
2026-02-16 12:53:23.549606,Berlin-a863,-15,33,Normal
2026-02-16 12:53:24.549606,Berlin-a863,-7,95,Normal
2026-02-16 12:53:25.549606,Berlin-a863,-20,49,Normal
2026-02-16 12:53:26.549606,Berlin-a863,28,76,Normal
2026-02-16 12:53:27.549606,Berlin-a863,-1,89,Normal
2026-02-16 12:53:28.549606,Berlin-a863,-23,18,Normal
2026-02-16 12:53:29.549606,Berlin-a863,-2,22,Normal
2026-02-16 12:53:30.549606,Berlin-a863,31,45,Normal
2026-02-16 12:53:31.549606,Berlin-a863,25,13,Normal
2026-02-16 12:53:32.549606,Berlin-a863,48,1,Normal
2026-02-16 12:53:33.549606,Berlin-a863,14,48,Normal
2026-02-16 12:53:34.549606,Berlin-a863,27,90,Normal
2026-02-16 12:53:35.549606,Berlin-a863,20,71,Normal
2026-02-16 12:53:36.549606,Berlin-a863,-6,47,Normal
2026-02-16 12:53:37.549606,Berlin-a863,-18,72,Normal
2026-02-16 12:53:38.549606,Berlin-a863,38,86,Normal
2026-02-16 12:53:39.549606,Berlin-a863,38,78,Normal
2026-02-16 12:53:40.549606,Berlin-a863,-25,32,Normal
2026-02-16 12:53:41.549606,Berlin-a863,35,89,Normal
2026-02-16 12:53:42.549606,Berlin-a863,-10,33,Normal
2026-02-16 12:53:43.549606,Berlin-a863,-5,4,Normal
2026-02-16 12:53:44.549606,Berlin-a863,-28,34,Normal
2026-02-16 12:53:45.549606,Berlin-a863,-16,87,Normal
2026-02-16 12:53:46.549606,Berlin-a863,-13,24,Normal
2026-02-16 12:53:47.549606,Berlin-a863,5,75,Normal
2026-02-16 12:53:48.549606,Berlin-a863,45,40,Normal
2026-02-16 12:53:49.549606,Berlin-a863,9,7,Normal
2026-02-16 12:53:50.549606,Berlin-a863,-7,94,Normal
2026-02-16 12:53:51.549606,Berlin-a863,-1,75,Normal
2026-02-16 12:53:52.549606,Berlin-a863,-12,24,Normal
2026-02-16 12:53:53.549606,Berlin-a863,4,43,Normal
2026-02-16 12:53:54.549606,Berlin-a863,12,47,Normal
2026-02-16 12:53:55.549606,Berlin-a863,-14,20,Normal
2026-02-16 12:53:56.549606,Berlin-a863,-6,67,Normal
2026-02-16 12:53:57.549606,Berlin-a863,-26,96,Normal
2026-02-16 12:53:58.549606,Berlin-a863,-17,94,Normal
2026-02-16 12:53:59.549606,Berlin-a863,-12,18,Normal
2026-02-16 12:54:00.549606,Berlin-a863,35,53,Normal
2026-02-16 12:54:01.549606,Berlin-a863,40,40,Normal
2026-02-16 12:54:02.549606,Berlin-a863,17,46,Normal
2026-02-16 12:54:03.549606,Berlin-a863,1,60,Normal
2026-02-16 12:54:04.549606,Berlin-a863,6,45,Normal
2026-02-16 12:54:05.549606,Berlin-a863,-23,2,Normal
2026-02-16 12:54:06.549606,Berlin-a863,35,94,Normal
2026-02-16 12:54:07.549606,Berlin-a863,42,42,Normal
2026-02-16 12:54:08.549606,Berlin-a863,33,97,Normal
2026-02-16 12:54:09.549606,Berlin-a863,20,61,Normal
2026-02-16 12:54:10.549606,Berlin-a863,48,51,Normal
2026-02-16 12:54:11.549606,Berlin-a863,-21,35,Normal
2026-02-16 12:54:12.549606,Berlin-a863,6,21,Normal
2026-02-16 12:54:13.549606,Berlin-a863,32,58,Normal
2026-02-16 12:54:14.549606,Berlin-a863,-10,33,Normal
2026-02-16 12:54:15.549606,Berlin-a863,28,83,Normal
2026-02-16 12:54:16.549606,Berlin-a863,11,89,Normal
2026-02-16 12:54:17.549606,Berlin-a863,7,60,Normal
2026-02-16 12:54:18.549606,Berlin-a863,41,34,Normal
2026-02-16 12:54:19.549606,Berlin-a863,8,98,Normal
2026-02-16 12:54:20.549606,Berlin-a863,3,18,Normal
2026-02-16 12:54:21.549606,Berlin-a863,-7,79,Normal
2026-02-16 12:54:22.549606,Berlin-a863,-21,37,Normal
2026-02-16 12:54:23.549606,Berlin-a863,16,74,Normal
2026-02-16 12:54:24.549606,Berlin-a863,8,71,Normal
2026-02-16 12:54:25.549606,Berlin-a863,21,14,Normal
2026-02-16 12:54:26.549606,Berlin-a863,49,52,Normal
2026-02-16 12:54:27.549606,Berlin-a863,-16,38,Normal
2026-02-16 12:54:28.549606,Berlin-a863,-25,46,Normal
2026-02-16 12:54:29.549606,Berlin-a863,45,59,Normal
2026-02-16 12:54:30.549606,Berlin-a863,30,69,Normal
2026-02-16 12:54:31.549606,Berlin-a863,-13,11,Normal
2026-02-16 12:54:32.549606,Berlin-a863,5,67,Normal
2026-02-16 12:54:33.549606,Berlin-a863,22,79,Normal
2026-02-16 12:54:34.549606,Berlin-a863,-21,43,Normal
2026-02-16 12:54:35.549606,Berlin-a863,-8,100,Normal
2026-02-16 12:54:36.549606,Berlin-a863,22,83,Normal
2026-02-16 12:54:37.549606,Berlin-a863,15,4,Normal
2026-02-16 12:54:38.549606,Berlin-a863,7,88,Normal
2026-02-16 12:54:39.549606,Berlin-a863,47,10,Normal
2026-02-16 12:54:40.549606,Berlin-a863,33,95,Normal
2026-02-16 12:54:41.549606,Berlin-a863,38,51,Normal
2026-02-16 12:54:42.549606,Berlin-a863,27,95,Normal
2026-02-16 12:54:43.549606,Berlin-a863,7,9,Normal
2026-02-16 12:54:44.549606,Berlin-a863,50,80,Normal
2026-02-16 12:54:45.549606,Berlin-a863,-11,12,Normal
2026-02-16 12:54:46.549606,Berlin-a863,33,57,Normal
2026-02-16 12:54:47.549606,Berlin-a863,-15,59,Normal
2026-02-16 12:54:48.549606,Berlin-a863,33,98,Normal
2026-02-16 12:54:49.549606,Berlin-a863,15,31,Normal
2026-02-16 12:54:50.549606,Berlin-a863,-7,40,Normal
2026-02-16 12:54:51.549606,Berlin-a863,49,16,Normal
2026-02-16 12:54:52.549606,Berlin-a863,46,88,Normal
2026-02-16 12:54:53.549606,Berlin-a863,36,43,Normal
2026-02-16 12:54:54.549606,Berlin-a863,13,65,Normal
2026-02-16 12:54:55.549606,Berlin-a863,47,84,Normal
2026-02-16 12:54:56.549606,Berlin-a863,43,25,Normal
2026-02-16 12:54:57.549606,Berlin-a863,-13,58,Normal
2026-02-16 12:54:58.549606,Berlin-a863,40,89,Normal
2026-02-16 12:54:59.549606,Berlin-a863,2,96,Normal
2026-02-16 12:55:00.549606,Berlin-a863,0,48,Normal
2026-02-16 12:55:01.549606,Berlin-a863,27,78,Normal
2026-02-16 12:55:02.549606,Berlin-a863,-15,41,Normal
2026-02-16 12:55:03.549606,Berlin-a863,-11,2,Normal
2026-02-16 12:55:04.549606,Berlin-a863,-1,88,Normal
2026-02-16 12:55:05.549606,Berlin-a863,43,100,Normal
2026-02-16 12:55:06.549606,Berlin-a863,9,80,Normal
2026-02-16 12:55:07.549606,Berlin-a863,44,79,Normal
2026-02-16 12:55:08.549606,Berlin-a863,-28,68,Normal
2026-02-16 12:55:09.549606,Berlin-a863,47,56,Normal
2026-02-16 12:55:10.549606,Berlin-a863,25,32,Normal
2026-02-16 12:55:11.549606,Berlin-a863,-25,14,Normal
2026-02-16 12:55:12.549606,Berlin-a863,0,26,Normal
2026-02-16 12:55:13.549606,Berlin-a863,-11,47,Normal
2026-02-16 12:55:14.549606,Berlin-a863,-4,99,Normal
2026-02-16 12:55:15.549606,Berlin-a863,15,21,Normal
2026-02-16 12:55:16.549606,Berlin-a863,37,100,Normal
2026-02-16 12:55:17.549606,Berlin-a863,50,49,Normal
2026-02-16 12:55:18.549606,Berlin-a863,-21,12,Normal
2026-02-16 12:55:19.549606,Berlin-a863,-28,17,Normal
2026-02-16 12:55:20.549606,Berlin-a863,49,89,Normal
2026-02-16 12:55:21.549606,Berlin-a863,17,92,Normal
2026-02-16 12:55:22.549606,Berlin-a863,-17,100,Normal
2026-02-16 12:55:23.549606,Berlin-a863,31,28,Normal
2026-02-16 12:55:24.549606,Berlin-a863,26,28,Normal
2026-02-16 12:55:25.549606,Berlin-a863,46,28,Normal
2026-02-16 12:55:26.549606,Berlin-a863,-22,77,Normal
2026-02-16 12:55:27.549606,Berlin-a863,3,37,Normal
2026-02-16 12:55:28.549606,Berlin-a863,-16,17,Normal
2026-02-16 12:55:29.549606,Berlin-a863,13,80,Normal
2026-02-16 12:55:30.549606,Berlin-a863,-24,13,Normal
2026-02-16 12:55:31.549606,Berlin-a863,-8,31,Normal
2026-02-16 12:55:32.549606,Berlin-a863,-11,48,Normal
2026-02-16 12:55:33.549606,Berlin-a863,22,93,Normal
2026-02-16 12:55:34.549606,Berlin-a863,-28,40,Normal
2026-02-16 12:55:35.549606,Berlin-a863,38,62,Normal
2026-02-16 12:55:36.549606,Berlin-a863,-22,15,Normal
2026-02-16 12:55:37.549606,Berlin-a863,-3,31,Normal
2026-02-16 12:55:38.549606,Berlin-a863,2,67,Normal
2026-02-16 12:55:39.549606,Berlin-a863,-14,23,Normal
2026-02-16 12:55:40.549606,Berlin-a863,5,2,Normal
2026-02-16 12:55:41.549606,Berlin-a863,-7,81,Normal
2026-02-16 12:55:42.549606,Berlin-a863,45,33,Normal
2026-02-16 12:55:43.549606,Berlin-a863,25,54,Normal
2026-02-16 12:55:44.549606,Berlin-a863,37,70,Normal
2026-02-16 12:55:45.549606,Berlin-a863,-15,29,Normal
2026-02-16 12:55:46.549606,Berlin-a863,-2,45,Normal
2026-02-16 12:55:47.549606,Berlin-a863,38,100,Normal
2026-02-16 12:55:48.549606,Berlin-a863,-25,100,Normal
2026-02-16 12:55:49.549606,Berlin-a863,9,30,Normal
2026-02-16 12:55:50.549606,Berlin-a863,-19,89,Normal
2026-02-16 12:55:51.549606,Berlin-a863,-22,35,Normal
2026-02-16 12:55:52.549606,Berlin-a863,26,57,Normal
2026-02-16 12:55:53.549606,Berlin-a863,41,94,Normal
2026-02-16 12:55:54.549606,Berlin-a863,8,22,Normal
2026-02-16 12:55:55.549606,Berlin-a863,2,20,Normal
2026-02-16 12:55:56.549606,Berlin-a863,32,19,Normal
2026-02-16 12:55:57.549606,Berlin-a863,0,92,Normal
2026-02-16 12:55:58.549606,Berlin-a863,-1,15,Normal
2026-02-16 12:55:59.549606,Berlin-a863,13,0,Normal
2026-02-16 12:56:00.549606,Berlin-a863,-16,73,Normal
2026-02-16 12:56:01.549606,Berlin-a863,14,7,Normal
2026-02-16 12:56:02.549606,Berlin-a863,47,71,Normal
2026-02-16 12:56:03.549606,Berlin-a863,-13,43,Normal
2026-02-16 12:56:04.549606,Berlin-a863,-24,35,Normal
2026-02-16 12:56:05.549606,Berlin-a863,45,60,Normal
2026-02-16 12:56:06.549606,Berlin-a863,-9,89,Normal
2026-02-16 12:56:07.549606,Berlin-a863,-10,0,Normal
2026-02-16 12:56:08.549606,Berlin-a863,-23,23,Normal
2026-02-16 12:56:09.549606,Berlin-a863,-23,59,Normal
2026-02-16 12:56:10.549606,Berlin-a863,22,12,Normal
2026-02-16 12:56:11.549606,Berlin-a863,-10,53,Normal
2026-02-16 12:56:12.549606,Berlin-a863,17,62,Normal
2026-02-16 12:56:13.549606,Berlin-a863,31,91,Normal
2026-02-16 12:56:14.549606,Berlin-a863,35,67,Normal
2026-02-16 12:56:15.549606,Berlin-a863,-6,44,Normal
2026-02-16 12:56:16.549606,Berlin-a863,27,52,Normal
2026-02-16 12:56:17.549606,Berlin-a863,-30,96,Normal
2026-02-16 12:56:18.549606,Berlin-a863,28,11,Normal
2026-02-16 12:56:19.549606,Berlin-a863,35,38,Normal
2026-02-16 12:56:20.549606,Berlin-a863,12,85,Normal
2026-02-16 12:56:21.549606,Berlin-a863,1,2,Normal
2026-02-16 12:56:22.549606,Berlin-a863,43,41,Normal
2026-02-16 12:56:23.549606,Berlin-a863,-12,4,Normal
2026-02-16 12:56:24.549606,Berlin-a863,-16,65,Normal
2026-02-16 12:56:25.549606,Berlin-a863,-7,93,Normal
2026-02-16 12:56:26.549606,Berlin-a863,38,50,Normal
2026-02-16 12:56:27.549606,Berlin-a863,-6,12,Normal
2026-02-16 12:56:28.549606,Berlin-a863,-30,67,Normal
2026-02-16 12:56:29.549606,Berlin-a863,27,52,Normal
2026-02-16 12:56:30.549606,Berlin-a863,-24,61,Normal
2026-02-16 12:56:31.549606,Berlin-a863,-14,2,Normal
2026-02-16 12:56:32.549606,Berlin-a863,9,30,Normal
2026-02-16 12:56:33.549606,Berlin-a863,-23,60,Normal
2026-02-16 12:56:34.549606,Berlin-a863,-13,59,Normal
2026-02-16 12:56:35.549606,Berlin-a863,-15,85,Normal
2026-02-16 12:56:36.549606,Berlin-a863,-23,72,Normal
2026-02-16 12:56:37.549606,Berlin-a863,-9,98,Normal
2026-02-16 12:56:38.549606,Berlin-a863,2,64,Normal
2026-02-16 12:56:39.549606,Berlin-a863,-10,44,Normal
2026-02-16 12:56:40.549606,Berlin-a863,-22,82,Normal
2026-02-16 12:56:41.549606,Berlin-a863,20,75,Normal
2026-02-16 12:56:42.549606,Berlin-a863,-18,65,Normal
2026-02-16 12:56:43.549606,Berlin-a863,-20,53,Normal
2026-02-16 12:56:44.549606,Berlin-a863,-21,72,Normal
2026-02-16 12:56:45.549606,Berlin-a863,22,4,Normal
2026-02-16 12:56:46.549606,Berlin-a863,43,1,Normal
2026-02-16 12:56:47.549606,Berlin-a863,-18,46,Normal
2026-02-16 12:56:48.549606,Berlin-a863,41,70,Normal
2026-02-16 12:56:49.549606,Berlin-a863,8,44,Normal
2026-02-16 12:56:50.549606,Berlin-a863,-25,87,Normal
2026-02-16 12:56:51.549606,Berlin-a863,49,88,Normal
2026-02-16 12:56:52.549606,Berlin-a863,-29,38,Normal
2026-02-16 12:56:53.549606,Berlin-a863,29,66,Normal
2026-02-16 12:56:54.549606,Berlin-a863,37,53,Normal
2026-02-16 12:56:55.549606,Berlin-a863,38,65,Normal
2026-02-16 12:56:56.549606,Berlin-a863,16,92,Normal
2026-02-16 12:56:57.549606,Berlin-a863,-14,94,Normal
2026-02-16 12:56:58.549606,Berlin-a863,36,26,Normal
2026-02-16 12:56:59.549606,Berlin-a863,-24,22,Normal
2026-02-16 12:57:00.549606,Berlin-a863,-5,100,Normal
2026-02-16 12:57:01.549606,Berlin-a863,-2,95,Normal
2026-02-16 12:57:02.549606,Berlin-a863,-13,0,Normal
2026-02-16 12:57:03.549606,Berlin-a863,47,88,Normal
2026-02-16 12:57:04.549606,Berlin-a863,34,23,Normal
2026-02-16 12:57:05.549606,Berlin-a863,-12,61,Normal
2026-02-16 12:57:06.549606,Berlin-a863,13,52,Normal
2026-02-16 12:57:07.549606,Berlin-a863,-3,60,Normal
2026-02-16 12:57:08.549606,Berlin-a863,-27,43,Normal
2026-02-16 12:57:09.549606,Berlin-a863,11,50,Normal
2026-02-16 12:57:10.549606,Berlin-a863,11,57,Normal
2026-02-16 12:57:11.549606,Berlin-a863,0,61,Normal
2026-02-16 12:57:12.549606,Berlin-a863,-26,5,Normal
2026-02-16 12:57:13.549606,Berlin-a863,42,22,Normal
2026-02-16 12:57:14.549606,Berlin-a863,30,40,Normal
2026-02-16 12:57:15.549606,Berlin-a863,27,32,Normal
2026-02-16 12:57:16.549606,Berlin-a863,-16,38,Normal
2026-02-16 12:57:17.549606,Berlin-a863,37,30,Normal
2026-02-16 12:57:18.549606,Berlin-a863,9,45,Normal
2026-02-16 12:57:19.549606,Berlin-a863,-9,22,Normal
2026-02-16 12:57:20.549606,Berlin-a863,-17,54,Normal
2026-02-16 12:57:21.549606,Berlin-a863,-19,34,Normal
2026-02-16 12:57:22.549606,Berlin-a863,37,53,Normal
2026-02-16 12:57:23.549606,Berlin-a863,5,68,Normal
2026-02-16 12:57:24.549606,Berlin-a863,-12,93,Normal
2026-02-16 12:57:25.549606,Berlin-a863,45,18,Normal
2026-02-16 12:57:26.549606,Berlin-a863,38,7,Normal
2026-02-16 12:57:27.549606,Berlin-a863,49,97,Normal
2026-02-16 12:57:28.549606,Berlin-a863,-6,98,Normal
2026-02-16 12:57:29.549606,Berlin-a863,-15,67,Normal
2026-02-16 12:57:30.549606,Berlin-a863,8,20,Normal
2026-02-16 12:57:31.549606,Berlin-a863,-12,74,Normal
2026-02-16 12:57:32.549606,Berlin-a863,17,18,Normal
2026-02-16 12:57:33.549606,Berlin-a863,48,95,Normal
2026-02-16 12:57:34.549606,Berlin-a863,31,20,Normal
2026-02-16 12:57:35.549606,Berlin-a863,-19,27,Normal
2026-02-16 12:57:36.549606,Berlin-a863,13,7,Normal
2026-02-16 12:57:37.549606,Berlin-a863,-9,4,Normal
2026-02-16 12:57:38.549606,Berlin-a863,-28,28,Normal
2026-02-16 12:57:39.549606,Berlin-a863,11,28,Normal
2026-02-16 12:57:40.549606,Berlin-a863,6,16,Normal
2026-02-16 12:57:41.549606,Berlin-a863,0,88,Normal
2026-02-16 12:57:42.549606,Berlin-a863,49,23,Normal
2026-02-16 12:57:43.549606,Berlin-a863,36,24,Normal
2026-02-16 12:57:44.549606,Berlin-a863,44,7,Normal
2026-02-16 12:57:45.549606,Berlin-a863,39,67,Normal
2026-02-16 12:57:46.549606,Berlin-a863,-11,88,Normal
2026-02-16 12:57:47.549606,Berlin-a863,-4,19,Normal
2026-02-16 12:57:48.549606,Berlin-a863,8,100,Normal
2026-02-16 12:57:49.549606,Berlin-a863,30,35,Normal
2026-02-16 12:57:50.549606,Berlin-a863,31,53,Normal
2026-02-16 12:57:51.549606,Berlin-a863,41,18,Normal
2026-02-16 12:57:52.549606,Berlin-a863,44,18,Normal
2026-02-16 12:57:53.549606,Berlin-a863,34,1,Normal
2026-02-16 12:57:54.549606,Berlin-a863,-25,5,Normal
2026-02-16 12:57:55.549606,Berlin-a863,18,34,Normal
2026-02-16 12:57:56.549606,Berlin-a863,25,83,Normal
2026-02-16 12:57:57.549606,Berlin-a863,39,53,Normal
2026-02-16 12:57:58.549606,Berlin-a863,2,5,Normal
2026-02-16 12:57:59.549606,Berlin-a863,50,32,Normal
2026-02-16 12:58:00.549606,Berlin-a863,29,44,Normal
2026-02-16 12:58:01.549606,Berlin-a863,0,62,Normal
2026-02-16 12:58:02.549606,Berlin-a863,40,15,Normal
2026-02-16 12:58:03.549606,Berlin-a863,36,91,Normal
2026-02-16 12:58:04.549606,Berlin-a863,-12,56,Normal
2026-02-16 12:58:05.549606,Berlin-a863,47,76,Normal
2026-02-16 12:58:06.549606,Berlin-a863,17,19,Normal
2026-02-16 12:58:07.549606,Berlin-a863,-11,7,Normal
2026-02-16 12:58:08.549606,Berlin-a863,19,12,Normal
2026-02-16 12:58:09.549606,Berlin-a863,-2,89,Normal
2026-02-16 12:58:10.549606,Berlin-a863,-3,24,Normal
2026-02-16 12:58:11.549606,Berlin-a863,-30,65,Normal
2026-02-16 12:58:12.549606,Berlin-a863,38,12,Normal
2026-02-16 12:58:13.549606,Berlin-a863,25,31,Normal
2026-02-16 12:58:14.549606,Berlin-a863,50,78,Normal
2026-02-16 12:58:15.549606,Berlin-a863,8,41,Normal
2026-02-16 12:58:16.549606,Berlin-a863,40,60,Normal
2026-02-16 12:58:17.549606,Berlin-a863,18,85,Normal
2026-02-16 12:58:18.549606,Berlin-a863,-18,36,Normal
2026-02-16 12:58:19.549606,Berlin-a863,-22,21,Normal
2026-02-16 12:58:20.549606,Berlin-a863,-4,67,Normal
2026-02-16 12:58:21.549606,Berlin-a863,33,66,Normal
2026-02-16 12:58:22.549606,Berlin-a863,-24,16,Normal
2026-02-16 12:58:23.549606,Berlin-a863,31,97,Normal
2026-02-16 12:58:24.549606,Berlin-a863,37,0,Normal
2026-02-16 12:58:25.549606,Berlin-a863,-28,68,Normal
2026-02-16 12:58:26.549606,Berlin-a863,15,31,Normal
2026-02-16 12:58:27.549606,Berlin-a863,-18,22,Normal
2026-02-16 12:58:28.549606,Berlin-a863,3,20,Normal
2026-02-16 12:58:29.549606,Berlin-a863,-22,3,Normal
2026-02-16 12:58:30.549606,Berlin-a863,30,58,Normal
2026-02-16 12:58:31.549606,Berlin-a863,-26,96,Normal
2026-02-16 12:58:32.549606,Berlin-a863,6,78,Normal
2026-02-16 12:58:33.549606,Berlin-a863,-18,62,Normal
2026-02-16 12:58:34.549606,Berlin-a863,-5,25,Normal
2026-02-16 12:58:35.549606,Berlin-a863,29,81,Normal
2026-02-16 12:58:36.549606,Berlin-a863,48,42,Normal
2026-02-16 12:58:37.549606,Berlin-a863,-14,32,Normal
2026-02-16 12:58:38.549606,Berlin-a863,-5,35,Normal
2026-02-16 12:58:39.549606,Berlin-a863,-8,85,Normal
2026-02-16 12:58:40.549606,Berlin-a863,25,48,Normal
2026-02-16 12:58:41.549606,Berlin-a863,-18,61,Normal
2026-02-16 12:58:42.549606,Berlin-a863,34,11,Normal
2026-02-16 12:58:43.549606,Berlin-a863,21,76,Normal
2026-02-16 12:58:44.549606,Berlin-a863,-7,38,Normal
2026-02-16 12:58:45.549606,Berlin-a863,15,50,Normal
2026-02-16 12:58:46.549606,Berlin-a863,45,28,Normal
2026-02-16 12:58:47.549606,Berlin-a863,45,45,Normal
2026-02-16 12:58:48.549606,Berlin-a863,-19,36,Normal
2026-02-16 12:58:49.549606,Berlin-a863,-7,38,Normal
2026-02-16 12:58:50.549606,Berlin-a863,9,32,Normal
2026-02-16 12:58:51.549606,Berlin-a863,1,89,Normal
2026-02-16 12:58:52.549606,Berlin-a863,2,76,Normal
2026-02-16 12:58:53.549606,Berlin-a863,-9,47,Normal
2026-02-16 12:58:54.549606,Berlin-a863,40,37,Normal
2026-02-16 12:58:55.549606,Berlin-a863,16,40,Normal
2026-02-16 12:58:56.549606,Berlin-a863,0,4,Normal
2026-02-16 12:58:57.549606,Berlin-a863,-17,57,Normal
2026-02-16 12:58:58.549606,Berlin-a863,-19,46,Normal
2026-02-16 12:58:59.549606,Berlin-a863,38,63,Normal
2026-02-16 12:59:00.549606,Berlin-a863,-3,72,Normal
2026-02-16 12:59:01.549606,Berlin-a863,21,35,Normal
2026-02-16 12:59:02.549606,Berlin-a863,-21,65,Normal
2026-02-16 12:59:03.549606,Berlin-a863,45,100,Normal
2026-02-16 12:59:04.549606,Berlin-a863,6,76,Normal
2026-02-16 12:59:05.549606,Berlin-a863,18,93,Normal
2026-02-16 12:59:06.549606,Berlin-a863,9,57,Normal
2026-02-16 12:59:07.549606,Berlin-a863,-24,47,Normal
2026-02-16 12:59:08.549606,Berlin-a863,39,92,Normal
2026-02-16 12:59:09.549606,Berlin-a863,-18,8,Normal
2026-02-16 12:59:10.549606,Berlin-a863,11,35,Normal
2026-02-16 12:59:11.549606,Berlin-a863,41,34,Normal
2026-02-16 12:59:12.549606,Berlin-a863,37,89,Normal
2026-02-16 12:59:13.549606,Berlin-a863,46,85,Normal
2026-02-16 12:59:14.549606,Berlin-a863,-7,29,Normal
2026-02-16 12:59:15.549606,Berlin-a863,33,17,Normal
2026-02-16 12:59:16.549606,Berlin-a863,-20,44,Normal
2026-02-16 12:59:17.549606,Berlin-a863,47,81,Normal
2026-02-16 12:59:18.549606,Berlin-a863,-1,35,Normal
2026-02-16 12:59:19.549606,Berlin-a863,30,65,Normal
2026-02-16 12:59:20.549606,Berlin-a863,23,95,Normal
2026-02-16 12:59:21.549606,Berlin-a863,-9,50,Normal
2026-02-16 12:59:22.549606,Berlin-a863,38,70,Normal
2026-02-16 12:59:23.549606,Berlin-a863,-14,59,Normal
2026-02-16 12:59:24.549606,Berlin-a863,43,55,Normal
2026-02-16 12:59:25.549606,Berlin-a863,-5,9,Normal
2026-02-16 12:59:26.549606,Berlin-a863,49,84,Normal
2026-02-16 12:59:27.549606,Berlin-a863,5,63,Normal
2026-02-16 12:59:28.549606,Berlin-a863,-10,75,Normal
2026-02-16 12:59:29.549606,Berlin-a863,20,87,Normal
2026-02-16 12:59:30.549606,Berlin-a863,18,18,Normal
2026-02-16 12:59:31.549606,Berlin-a863,11,21,Normal
2026-02-16 12:59:32.549606,Berlin-a863,44,61,Normal
2026-02-16 12:59:33.549606,Berlin-a863,40,90,Normal
2026-02-16 12:59:34.549606,Berlin-a863,10,60,Normal
2026-02-16 12:59:35.549606,Berlin-a863,-24,86,Normal
2026-02-16 12:59:36.549606,Berlin-a863,8,13,Normal
2026-02-16 12:59:37.549606,Berlin-a863,-27,33,Normal
2026-02-16 12:59:38.549606,Berlin-a863,-12,30,Normal
2026-02-16 12:59:39.549606,Berlin-a863,11,91,Normal
2026-02-16 12:59:40.549606,Berlin-a863,-20,48,Normal
2026-02-16 12:59:41.549606,Berlin-a863,12,49,Normal
2026-02-16 12:59:42.549606,Berlin-a863,0,33,Normal
2026-02-16 12:59:43.549606,Berlin-a863,7,12,Normal
2026-02-16 12:59:44.549606,Berlin-a863,7,30,Normal
2026-02-16 12:59:45.549606,Berlin-a863,13,55,Normal
2026-02-16 12:59:46.549606,Berlin-a863,-15,86,Normal
2026-02-16 12:59:47.549606,Berlin-a863,-17,86,Normal
2026-02-16 12:59:48.549606,Berlin-a863,46,77,Normal
2026-02-16 12:59:49.549606,Berlin-a863,41,34,Normal
2026-02-16 12:59:50.549606,Berlin-a863,15,69,Normal
2026-02-16 12:59:51.549606,Berlin-a863,7,56,Normal
2026-02-16 12:59:52.549606,Berlin-a863,42,24,Normal
2026-02-16 12:59:53.549606,Berlin-a863,41,5,Normal
2026-02-16 12:59:54.549606,Berlin-a863,-26,56,Normal
2026-02-16 12:59:55.549606,Berlin-a863,-12,89,Normal
2026-02-16 12:59:56.549606,Berlin-a863,-9,87,Normal
2026-02-16 12:59:57.549606,Berlin-a863,26,4,Normal
2026-02-16 12:59:58.549606,Berlin-a863,14,84,Normal
2026-02-16 12:59:59.549606,Berlin-a863,46,29,Normal
2026-02-16 13:00:00.549606,Berlin-a863,-26,25,Normal
2026-02-16 13:00:01.549606,Berlin-a863,38,99,Normal
2026-02-16 13:00:02.549606,Berlin-a863,-23,14,Normal
2026-02-16 13:00:03.549606,Berlin-a863,35,86,Normal
2026-02-16 13:00:04.549606,Berlin-a863,-8,18,Normal
2026-02-16 13:00:05.549606,Berlin-a863,31,18,Normal
2026-02-16 13:00:06.549606,Berlin-a863,-16,42,Normal
2026-02-16 13:00:07.549606,Berlin-a863,47,8,Normal
2026-02-16 13:00:08.549606,Berlin-a863,36,67,Normal
2026-02-16 13:00:09.549606,Berlin-a863,28,31,Normal
2026-02-16 13:00:10.549606,Berlin-a863,21,30,Normal
2026-02-16 13:00:11.549606,Berlin-a863,3,24,Normal
2026-02-16 13:00:12.549606,Berlin-a863,20,81,Normal
2026-02-16 13:00:13.549606,Berlin-a863,-20,79,Normal
2026-02-16 13:00:14.549606,Berlin-a863,-4,41,Normal
2026-02-16 13:00:15.549606,Berlin-a863,14,12,Normal
2026-02-16 13:00:16.549606,Berlin-a863,13,67,Normal
2026-02-16 13:00:17.549606,Berlin-a863,3,71,Normal
2026-02-16 13:00:18.549606,Berlin-a863,-29,15,Normal
2026-02-16 13:00:19.549606,Berlin-a863,-9,5,Normal
2026-02-16 13:00:20.549606,Berlin-a863,-17,43,Normal
2026-02-16 13:00:21.549606,Berlin-a863,-25,76,Normal
2026-02-16 13:00:22.549606,Berlin-a863,12,44,Normal
2026-02-16 13:00:23.549606,Berlin-a863,7,59,Normal
2026-02-16 13:00:24.549606,Berlin-a863,-20,50,Normal
2026-02-16 13:00:25.549606,Berlin-a863,40,37,Normal
2026-02-16 13:00:26.549606,Berlin-a863,37,32,Normal
2026-02-16 13:00:27.549606,Berlin-a863,-17,16,Normal
2026-02-16 13:00:28.549606,Berlin-a863,34,1,Normal
2026-02-16 13:00:29.549606,Berlin-a863,-30,53,Normal
2026-02-16 13:00:30.549606,Berlin-a863,42,97,Normal
2026-02-16 13:00:31.549606,Berlin-a863,22,64,Normal
2026-02-16 13:00:32.549606,Berlin-a863,6,75,Normal
2026-02-16 13:00:33.549606,Berlin-a863,19,24,Normal
2026-02-16 13:00:34.549606,Berlin-a863,21,50,Normal
2026-02-16 13:00:35.549606,Berlin-a863,39,50,Normal
2026-02-16 13:00:36.549606,Berlin-a863,-17,69,Normal
2026-02-16 13:00:37.549606,Berlin-a863,-1,35,Normal
2026-02-16 13:00:38.549606,Berlin-a863,45,38,Normal
2026-02-16 13:00:39.549606,Berlin-a863,-2,10,Normal
2026-02-16 13:00:40.549606,Berlin-a863,-21,69,Normal
2026-02-16 13:00:41.549606,Berlin-a863,-28,1,Normal
2026-02-16 13:00:42.549606,Berlin-a863,39,53,Normal
2026-02-16 13:00:43.549606,Berlin-a863,19,42,Normal
2026-02-16 13:00:44.549606,Berlin-a863,26,45,Normal
2026-02-16 13:00:45.549606,Berlin-a863,6,51,Normal
2026-02-16 13:00:46.549606,Berlin-a863,-5,80,Normal
2026-02-16 13:00:47.549606,Berlin-a863,-17,10,Normal
2026-02-16 13:00:48.549606,Berlin-a863,49,23,Normal
2026-02-16 13:00:49.549606,Berlin-a863,-8,26,Normal
2026-02-16 13:00:50.549606,Berlin-a863,-16,51,Normal
2026-02-16 13:00:51.549606,Berlin-a863,8,99,Normal
2026-02-16 13:00:52.549606,Berlin-a863,-21,38,Normal
2026-02-16 13:00:53.549606,Berlin-a863,16,60,Normal
2026-02-16 13:00:54.549606,Berlin-a863,43,53,Normal
2026-02-16 13:00:55.549606,Berlin-a863,-21,44,Normal
2026-02-16 13:00:56.549606,Berlin-a863,-29,61,Normal
2026-02-16 13:00:57.549606,Berlin-a863,-16,61,Normal
2026-02-16 13:00:58.549606,Berlin-a863,48,93,Normal
2026-02-16 13:00:59.549606,Berlin-a863,-16,48,Normal
2026-02-16 13:01:00.549606,Berlin-a863,-3,58,Normal
2026-02-16 13:01:01.549606,Berlin-a863,-18,80,Normal
2026-02-16 13:01:02.549606,Berlin-a863,-30,82,Normal
2026-02-16 13:01:03.549606,Berlin-a863,42,83,Normal
2026-02-16 13:01:04.549606,Berlin-a863,42,90,Normal
2026-02-16 13:01:05.549606,Berlin-a863,-19,60,Normal
2026-02-16 13:01:06.549606,Berlin-a863,40,55,Normal
2026-02-16 13:01:07.549606,Berlin-a863,-12,71,Normal
2026-02-16 13:01:08.549606,Berlin-a863,-5,77,Normal
2026-02-16 13:01:09.549606,Berlin-a863,26,60,Normal
2026-02-16 13:01:10.549606,Berlin-a863,-4,26,Normal
2026-02-16 13:01:11.549606,Berlin-a863,-15,21,Normal
2026-02-16 13:01:12.549606,Berlin-a863,-9,25,Normal
2026-02-16 13:01:13.549606,Berlin-a863,-21,57,Normal
2026-02-16 13:01:14.549606,Berlin-a863,34,26,Normal
2026-02-16 13:01:15.549606,Berlin-a863,3,75,Normal
2026-02-16 13:01:16.549606,Berlin-a863,25,27,Normal
2026-02-16 13:01:17.549606,Berlin-a863,10,82,Normal
2026-02-16 13:01:18.549606,Berlin-a863,34,59,Normal
2026-02-16 13:01:19.549606,Berlin-a863,-23,25,Normal
2026-02-16 13:01:20.549606,Berlin-a863,-17,47,Normal
2026-02-16 13:01:21.549606,Berlin-a863,41,1,Normal
2026-02-16 13:01:22.549606,Berlin-a863,-17,55,Normal
2026-02-16 13:01:23.549606,Berlin-a863,16,48,Normal
2026-02-16 13:01:24.549606,Berlin-a863,3,40,Normal
2026-02-16 13:01:25.549606,Berlin-a863,47,55,Normal
2026-02-16 13:01:26.549606,Berlin-a863,-16,8,Normal
2026-02-16 13:01:27.549606,Berlin-a863,36,19,Normal
2026-02-16 13:01:28.549606,Berlin-a863,-1,72,Normal
2026-02-16 13:01:29.549606,Berlin-a863,13,19,Normal
2026-02-16 13:01:30.549606,Berlin-a863,10,19,Normal
2026-02-16 13:01:31.549606,Berlin-a863,-1,73,Normal
2026-02-16 13:01:32.549606,Berlin-a863,8,72,Normal
2026-02-16 13:01:33.549606,Berlin-a863,46,2,Normal
2026-02-16 13:01:34.549606,Berlin-a863,-14,41,Normal
2026-02-16 13:01:35.549606,Berlin-a863,-21,7,Normal
2026-02-16 13:01:36.549606,Berlin-a863,26,16,Normal
2026-02-16 13:01:37.549606,Berlin-a863,34,94,Normal
2026-02-16 13:01:38.549606,Berlin-a863,16,88,Normal
2026-02-16 13:01:39.549606,Berlin-a863,-23,95,Normal
2026-02-16 13:01:40.549606,Berlin-a863,13,36,Normal
2026-02-16 13:01:41.549606,Berlin-a863,47,52,Normal
2026-02-16 13:01:42.549606,Berlin-a863,18,56,Normal
2026-02-16 13:01:43.549606,Berlin-a863,30,83,Normal
2026-02-16 13:01:44.549606,Berlin-a863,-30,17,Normal
2026-02-16 13:01:45.549606,Berlin-a863,33,2,Normal
2026-02-16 13:01:46.549606,Berlin-a863,-6,51,Normal
2026-02-16 13:01:47.549606,Berlin-a863,49,99,Normal
2026-02-16 13:01:48.549606,Berlin-a863,3,24,Normal
2026-02-16 13:01:49.549606,Berlin-a863,21,15,Normal
2026-02-16 13:01:50.549606,Berlin-a863,48,23,Normal
2026-02-16 13:01:51.549606,Berlin-a863,44,25,Normal
2026-02-16 13:01:52.549606,Berlin-a863,37,94,Normal
2026-02-16 13:01:53.549606,Berlin-a863,46,34,Normal
2026-02-16 13:01:54.549606,Berlin-a863,14,83,Normal
2026-02-16 13:01:55.549606,Berlin-a863,32,44,Normal
2026-02-16 13:01:56.549606,Berlin-a863,14,88,Normal
2026-02-16 13:01:57.549606,Berlin-a863,41,56,Normal
2026-02-16 13:01:58.549606,Berlin-a863,38,83,Normal
2026-02-16 13:01:59.549606,Berlin-a863,7,23,Normal
2026-02-16 13:02:00.549606,Berlin-a863,-15,72,Normal
2026-02-16 13:02:01.549606,Berlin-a863,-14,7,Normal
2026-02-16 13:02:02.549606,Berlin-a863,45,61,Normal
2026-02-16 13:02:03.549606,Berlin-a863,-6,85,Normal
2026-02-16 13:02:04.549606,Berlin-a863,2,0,Normal
2026-02-16 13:02:05.549606,Berlin-a863,-16,51,Normal
2026-02-16 13:02:06.549606,Berlin-a863,-26,20,Normal
2026-02-16 13:02:07.549606,Berlin-a863,-1,42,Normal
2026-02-16 13:02:08.549606,Berlin-a863,2,77,Normal
2026-02-16 13:02:09.549606,Berlin-a863,20,49,Normal
2026-02-16 13:02:10.549606,Berlin-a863,32,92,Normal
2026-02-16 13:02:11.549606,Berlin-a863,6,82,Normal
2026-02-16 13:02:12.549606,Berlin-a863,21,72,Normal
2026-02-16 13:02:13.549606,Berlin-a863,47,29,Normal
2026-02-16 13:02:14.549606,Berlin-a863,0,2,Normal
2026-02-16 13:02:15.549606,Berlin-a863,15,20,Normal
2026-02-16 13:02:16.549606,Berlin-a863,17,30,Normal
2026-02-16 13:02:17.549606,Berlin-a863,35,83,Normal
2026-02-16 13:02:18.549606,Berlin-a863,17,24,Normal
2026-02-16 13:02:19.549606,Berlin-a863,-22,3,Normal
2026-02-16 13:02:20.549606,Berlin-a863,-28,34,Normal
2026-02-16 13:02:21.549606,Berlin-a863,9,0,Normal
2026-02-16 13:02:22.549606,Berlin-a863,-1,6,Normal
2026-02-16 13:02:23.549606,Berlin-a863,31,72,Normal
2026-02-16 13:02:24.549606,Berlin-a863,-19,83,Normal
2026-02-16 13:02:25.549606,Berlin-a863,22,100,Normal
2026-02-16 13:02:26.549606,Berlin-a863,49,28,Normal
2026-02-16 13:02:27.549606,Berlin-a863,35,33,Normal
2026-02-16 13:02:28.549606,Berlin-a863,36,56,Normal
2026-02-16 13:02:29.549606,Berlin-a863,41,65,Normal
2026-02-16 13:02:30.549606,Berlin-a863,-2,21,Normal
2026-02-16 13:02:31.549606,Berlin-a863,-30,64,Normal
2026-02-16 13:02:32.549606,Berlin-a863,30,68,Normal
2026-02-16 13:02:33.549606,Berlin-a863,24,100,Normal
2026-02-16 13:02:34.549606,Berlin-a863,-19,44,Normal
2026-02-16 13:02:35.549606,Berlin-a863,43,62,Normal
2026-02-16 13:02:36.549606,Berlin-a863,-18,96,Normal
2026-02-16 13:02:37.549606,Berlin-a863,17,4,Normal
2026-02-16 13:02:38.549606,Berlin-a863,-1,100,Normal
2026-02-16 13:02:39.549606,Berlin-a863,25,35,Normal
2026-02-16 13:02:40.549606,Berlin-a863,-21,22,Normal
2026-02-16 13:02:41.549606,Berlin-a863,11,10,Normal
2026-02-16 13:02:42.549606,Berlin-a863,-19,31,Normal
2026-02-16 13:02:43.549606,Berlin-a863,45,85,Normal
2026-02-16 13:02:44.549606,Berlin-a863,-13,16,Normal
2026-02-16 13:02:45.549606,Berlin-a863,8,64,Normal
2026-02-16 13:02:46.549606,Berlin-a863,20,8,Normal
2026-02-16 13:02:47.549606,Berlin-a863,-25,94,Normal
2026-02-16 13:02:48.549606,Berlin-a863,-4,55,Normal
2026-02-16 13:02:49.549606,Berlin-a863,47,97,Normal
2026-02-16 13:02:50.549606,Berlin-a863,4,54,Normal
2026-02-16 13:02:51.549606,Berlin-a863,4,12,Normal
2026-02-16 13:02:52.549606,Berlin-a863,20,21,Normal
2026-02-16 13:02:53.549606,Berlin-a863,39,24,Normal
2026-02-16 13:02:54.549606,Berlin-a863,-8,85,Normal
2026-02-16 13:02:55.549606,Berlin-a863,33,5,Normal
2026-02-16 13:02:56.549606,Berlin-a863,-22,40,Normal
2026-02-16 13:02:57.549606,Berlin-a863,10,100,Normal
2026-02-16 13:02:58.549606,Berlin-a863,-15,49,Normal
2026-02-16 13:02:59.549606,Berlin-a863,34,56,Normal
2026-02-16 13:03:00.549606,Berlin-a863,49,77,Normal
2026-02-16 13:03:01.549606,Berlin-a863,38,30,Normal
2026-02-16 13:03:02.549606,Berlin-a863,-15,84,Normal
2026-02-16 13:03:03.549606,Berlin-a863,28,74,Normal
2026-02-16 13:03:04.549606,Berlin-a863,19,100,Normal
2026-02-16 13:03:05.549606,Berlin-a863,-23,88,Normal
2026-02-16 13:03:06.549606,Berlin-a863,9,70,Normal
2026-02-16 13:03:07.549606,Berlin-a863,-22,12,Normal
2026-02-16 13:03:08.549606,Berlin-a863,42,83,Normal
2026-02-16 13:03:09.549606,Berlin-a863,26,38,Normal
2026-02-16 13:03:10.549606,Berlin-a863,-28,67,Normal
2026-02-16 13:03:11.549606,Berlin-a863,25,90,Normal
2026-02-16 13:03:12.549606,Berlin-a863,-15,54,Normal
2026-02-16 13:03:13.549606,Berlin-a863,-19,5,Normal
2026-02-16 13:03:14.549606,Berlin-a863,33,60,Normal
2026-02-16 13:03:15.549606,Berlin-a863,-23,23,Normal
2026-02-16 13:03:16.549606,Berlin-a863,11,11,Normal
2026-02-16 13:03:17.549606,Berlin-a863,-15,35,Normal
2026-02-16 13:03:18.549606,Berlin-a863,20,100,Normal
2026-02-16 13:03:19.549606,Berlin-a863,-13,34,Normal
2026-02-16 13:03:20.549606,Berlin-a863,42,10,Normal
2026-02-16 13:03:21.549606,Berlin-a863,30,43,Normal
2026-02-16 13:03:22.549606,Berlin-a863,8,8,Normal
2026-02-16 13:03:23.549606,Berlin-a863,-2,76,Normal
2026-02-16 13:03:24.549606,Berlin-a863,-12,11,Normal
2026-02-16 13:03:25.549606,Berlin-a863,-3,61,Normal
2026-02-16 13:03:26.549606,Berlin-a863,18,41,Normal
2026-02-16 13:03:27.549606,Berlin-a863,43,50,Normal
2026-02-16 13:03:28.549606,Berlin-a863,-8,34,Normal
2026-02-16 13:03:29.549606,Berlin-a863,-11,30,Normal
2026-02-16 13:03:30.549606,Berlin-a863,-24,70,Normal
2026-02-16 13:03:31.549606,Berlin-a863,-18,70,Normal
2026-02-16 13:03:32.549606,Berlin-a863,10,87,Normal
2026-02-16 13:03:33.549606,Berlin-a863,-16,4,Normal
2026-02-16 13:03:34.549606,Berlin-a863,41,27,Normal
2026-02-16 13:03:35.549606,Berlin-a863,18,63,Normal
2026-02-16 13:03:36.549606,Berlin-a863,-13,42,Normal
2026-02-16 13:03:37.549606,Berlin-a863,23,1,Normal
2026-02-16 13:03:38.549606,Berlin-a863,-16,45,Normal
2026-02-16 13:03:39.549606,Berlin-a863,47,52,Normal
2026-02-16 13:03:40.549606,Berlin-a863,49,64,Normal
2026-02-16 13:03:41.549606,Berlin-a863,19,68,Normal
2026-02-16 13:03:42.549606,Berlin-a863,21,75,Normal
2026-02-16 13:03:43.549606,Berlin-a863,12,80,Normal
2026-02-16 13:03:44.549606,Berlin-a863,3,53,Normal
2026-02-16 13:03:45.549606,Berlin-a863,19,54,Normal
2026-02-16 13:03:46.549606,Berlin-a863,29,68,Normal
2026-02-16 13:03:47.549606,Berlin-a863,6,47,Normal
2026-02-16 13:03:48.549606,Berlin-a863,43,80,Normal
2026-02-16 13:03:49.549606,Berlin-a863,44,92,Normal
2026-02-16 13:03:50.549606,Berlin-a863,-16,99,Normal
2026-02-16 13:03:51.549606,Berlin-a863,-4,91,Normal
2026-02-16 13:03:52.549606,Berlin-a863,27,3,Normal
2026-02-16 13:03:53.549606,Berlin-a863,-16,41,Normal
2026-02-16 13:03:54.549606,Berlin-a863,-4,78,Normal
2026-02-16 13:03:55.549606,Berlin-a863,-25,48,Normal
2026-02-16 13:03:56.549606,Berlin-a863,0,17,Normal
2026-02-16 13:03:57.549606,Berlin-a863,15,95,Normal
2026-02-16 13:03:58.549606,Berlin-a863,-28,84,Normal
2026-02-16 13:03:59.549606,Berlin-a863,-10,25,Normal
2026-02-16 13:04:00.549606,Berlin-a863,18,77,Normal
2026-02-16 13:04:01.549606,Berlin-a863,-28,53,Normal
2026-02-16 13:04:02.549606,Berlin-a863,-22,93,Normal
2026-02-16 13:04:03.549606,Berlin-a863,3,69,Normal
2026-02-16 13:04:04.549606,Berlin-a863,40,1,Normal
2026-02-16 13:04:05.549606,Berlin-a863,-4,38,Normal
2026-02-16 13:04:06.549606,Berlin-a863,-8,15,Normal
2026-02-16 13:04:07.549606,Berlin-a863,13,90,Normal
2026-02-16 13:04:08.549606,Berlin-a863,47,85,Normal
2026-02-16 13:04:09.549606,Berlin-a863,-20,76,Normal
2026-02-16 13:04:10.549606,Berlin-a863,5,89,Normal
2026-02-16 13:04:11.549606,Berlin-a863,27,42,Normal
2026-02-16 13:04:12.549606,Berlin-a863,3,0,Normal
2026-02-16 13:04:13.549606,Berlin-a863,-9,6,Normal
2026-02-16 13:04:14.549606,Berlin-a863,35,99,Normal
2026-02-16 13:04:15.549606,Berlin-a863,46,26,Normal
2026-02-16 13:04:16.549606,Berlin-a863,-12,5,Normal
2026-02-16 13:04:17.549606,Berlin-a863,28,76,Normal
2026-02-16 13:04:18.549606,Berlin-a863,30,70,Normal
2026-02-16 13:04:19.549606,Berlin-a863,-8,62,Normal
2026-02-16 13:04:20.549606,Berlin-a863,48,87,Normal
2026-02-16 13:04:21.549606,Berlin-a863,34,6,Normal
2026-02-16 13:04:22.549606,Berlin-a863,1,28,Normal
2026-02-16 13:04:23.549606,Berlin-a863,-18,12,Normal
2026-02-16 13:04:24.549606,Berlin-a863,16,19,Normal
2026-02-16 13:04:25.549606,Berlin-a863,37,71,Normal
2026-02-16 13:04:26.549606,Berlin-a863,31,84,Normal
2026-02-16 13:04:27.549606,Berlin-a863,33,20,Normal
2026-02-16 13:04:28.549606,Berlin-a863,45,6,Normal
2026-02-16 13:04:29.549606,Berlin-a863,48,73,Normal
2026-02-16 13:04:30.549606,Berlin-a863,39,97,Normal
2026-02-16 13:04:31.549606,Berlin-a863,20,22,Normal
2026-02-16 13:04:32.549606,Berlin-a863,12,78,Normal
2026-02-16 13:04:33.549606,Berlin-a863,-5,13,Normal
2026-02-16 13:04:34.549606,Berlin-a863,18,60,Normal
2026-02-16 13:04:35.549606,Berlin-a863,43,10,Normal
2026-02-16 13:04:36.549606,Berlin-a863,26,4,Normal
2026-02-16 13:04:37.549606,Berlin-a863,-26,8,Normal
2026-02-16 13:04:38.549606,Berlin-a863,17,24,Normal
2026-02-16 13:04:39.549606,Berlin-a863,41,23,Normal
2026-02-16 13:04:40.549606,Berlin-a863,49,94,Normal
2026-02-16 13:04:41.549606,Berlin-a863,22,35,Normal
2026-02-16 13:04:42.549606,Berlin-a863,-15,45,Normal
2026-02-16 13:04:43.549606,Berlin-a863,-13,51,Normal
2026-02-16 13:04:44.549606,Berlin-a863,-14,79,Normal
2026-02-16 13:04:45.549606,Berlin-a863,6,17,Normal
2026-02-16 13:04:46.549606,Berlin-a863,-4,80,Normal
2026-02-16 13:04:47.549606,Berlin-a863,-14,8,Normal
2026-02-16 13:04:48.549606,Berlin-a863,-18,12,Normal
2026-02-16 13:04:49.549606,Berlin-a863,20,98,Normal
2026-02-16 13:04:50.549606,Berlin-a863,14,39,Normal
2026-02-16 13:04:51.549606,Berlin-a863,25,9,Normal
2026-02-16 13:04:52.549606,Berlin-a863,-20,2,Normal
2026-02-16 13:04:53.549606,Berlin-a863,-20,27,Normal
2026-02-16 13:04:54.549606,Berlin-a863,24,61,Normal
2026-02-16 13:04:55.549606,Berlin-a863,23,66,Normal
2026-02-16 13:04:56.549606,Berlin-a863,-1,71,Normal
2026-02-16 13:04:57.549606,Berlin-a863,-11,36,Normal
2026-02-16 13:04:58.549606,Berlin-a863,14,8,Normal
2026-02-16 13:04:59.549606,Berlin-a863,6,39,Normal
2026-02-16 13:05:00.549606,Berlin-a863,-5,30,Normal
2026-02-16 13:05:01.549606,Berlin-a863,45,78,Normal
2026-02-16 13:05:02.549606,Berlin-a863,36,8,Normal
2026-02-16 13:05:03.549606,Berlin-a863,-14,13,Normal
2026-02-16 13:05:04.549606,Berlin-a863,-26,77,Normal
2026-02-16 13:05:05.549606,Berlin-a863,33,94,Normal
2026-02-16 13:05:06.549606,Berlin-a863,8,82,Normal
2026-02-16 13:05:07.549606,Berlin-a863,-29,60,Normal
2026-02-16 13:05:08.549606,Berlin-a863,-24,71,Normal
2026-02-16 13:05:09.549606,Berlin-a863,-15,5,Normal
2026-02-16 13:05:10.549606,Berlin-a863,42,19,Normal
2026-02-16 13:05:11.549606,Berlin-a863,-20,71,Normal
2026-02-16 13:05:12.549606,Berlin-a863,6,17,Normal
2026-02-16 13:05:13.549606,Berlin-a863,-8,91,Normal
2026-02-16 13:05:14.549606,Berlin-a863,-1,93,Normal
2026-02-16 13:05:15.549606,Berlin-a863,35,82,Normal
2026-02-16 13:05:16.549606,Berlin-a863,12,90,Normal
2026-02-16 13:05:17.549606,Berlin-a863,-5,82,Normal
2026-02-16 13:05:18.549606,Berlin-a863,-22,16,Normal
2026-02-16 13:05:19.549606,Berlin-a863,5,63,Normal
2026-02-16 13:05:20.549606,Berlin-a863,41,27,Normal
2026-02-16 13:05:21.549606,Berlin-a863,11,87,Normal
2026-02-16 13:05:22.549606,Berlin-a863,16,16,Normal
2026-02-16 13:05:23.549606,Berlin-a863,25,38,Normal
2026-02-16 13:05:24.549606,Berlin-a863,45,0,Normal
2026-02-16 13:05:25.549606,Berlin-a863,46,35,Normal
2026-02-16 13:05:26.549606,Berlin-a863,3,82,Normal
2026-02-16 13:05:27.549606,Berlin-a863,20,95,Normal
2026-02-16 13:05:28.549606,Berlin-a863,-12,47,Normal
2026-02-16 13:05:29.549606,Berlin-a863,-5,82,Normal
2026-02-16 13:05:30.549606,Berlin-a863,5,47,Normal
2026-02-16 13:05:31.549606,Berlin-a863,36,60,Normal
2026-02-16 13:05:32.549606,Berlin-a863,-17,84,Normal
2026-02-16 13:05:33.549606,Berlin-a863,10,0,Normal
2026-02-16 13:05:34.549606,Berlin-a863,38,72,Normal
2026-02-16 13:05:35.549606,Berlin-a863,30,80,Normal
2026-02-16 13:05:36.549606,Berlin-a863,25,59,Normal
2026-02-16 13:05:37.549606,Berlin-a863,-9,10,Normal
2026-02-16 13:05:38.549606,Berlin-a863,-5,29,Normal
2026-02-16 13:05:39.549606,Berlin-a863,2,83,Normal
2026-02-16 13:05:40.549606,Berlin-a863,46,65,Normal
2026-02-16 13:05:41.549606,Berlin-a863,-18,78,Normal
2026-02-16 13:05:42.549606,Berlin-a863,31,65,Normal
2026-02-16 13:05:43.549606,Berlin-a863,2,100,Normal
2026-02-16 13:05:44.549606,Berlin-a863,-2,28,Normal
2026-02-16 13:05:45.549606,Berlin-a863,44,89,Normal
2026-02-16 13:05:46.549606,Berlin-a863,28,69,Normal
2026-02-16 13:05:47.549606,Berlin-a863,13,27,Normal
2026-02-16 13:05:48.549606,Berlin-a863,3,17,Normal
2026-02-16 13:05:49.549606,Berlin-a863,35,86,Normal
2026-02-16 13:05:50.549606,Berlin-a863,35,28,Normal
2026-02-16 13:05:51.549606,Berlin-a863,-9,92,Normal
2026-02-16 13:05:52.549606,Berlin-a863,-27,16,Normal
2026-02-16 13:05:53.549606,Berlin-a863,-13,24,Normal
2026-02-16 13:05:54.549606,Berlin-a863,-26,8,Normal
2026-02-16 13:05:55.549606,Berlin-a863,16,23,Normal
2026-02-16 13:05:56.549606,Berlin-a863,33,10,Normal
2026-02-16 13:05:57.549606,Berlin-a863,7,95,Normal
2026-02-16 13:05:58.549606,Berlin-a863,37,15,Normal
2026-02-16 13:05:59.549606,Berlin-a863,42,88,Normal
2026-02-16 13:06:00.549606,Berlin-a863,21,6,Normal
2026-02-16 13:06:01.549606,Berlin-a863,-29,20,Normal
2026-02-16 13:06:02.549606,Berlin-a863,-23,77,Normal
2026-02-16 13:06:03.549606,Berlin-a863,38,93,Normal
2026-02-16 13:06:04.549606,Berlin-a863,27,58,Normal
2026-02-16 13:06:05.549606,Berlin-a863,-21,89,Normal
2026-02-16 13:06:06.549606,Berlin-a863,-28,59,Normal
2026-02-16 13:06:07.549606,Berlin-a863,23,75,Normal
2026-02-16 13:06:08.549606,Berlin-a863,-6,5,Normal
2026-02-16 13:06:09.549606,Berlin-a863,3,8,Normal
2026-02-16 13:06:10.549606,Berlin-a863,34,19,Normal
2026-02-16 13:06:11.549606,Berlin-a863,0,54,Normal
2026-02-16 13:06:12.549606,Berlin-a863,48,62,Normal
2026-02-16 13:06:13.549606,Berlin-a863,31,9,Normal
2026-02-16 13:06:14.549606,Berlin-a863,13,95,Normal
2026-02-16 13:06:15.549606,Berlin-a863,43,43,Normal
2026-02-16 13:06:16.549606,Berlin-a863,48,46,Normal
2026-02-16 13:06:17.549606,Berlin-a863,-25,43,Normal
2026-02-16 13:06:18.549606,Berlin-a863,9,9,Normal
2026-02-16 13:06:19.549606,Berlin-a863,5,76,Normal
2026-02-16 13:06:20.549606,Berlin-a863,29,61,Normal
2026-02-16 13:06:21.549606,Berlin-a863,22,3,Normal
2026-02-16 13:06:22.549606,Berlin-a863,43,35,Normal
2026-02-16 13:06:23.549606,Berlin-a863,17,31,Normal
2026-02-16 13:06:24.549606,Berlin-a863,-20,18,Normal
2026-02-16 13:06:25.549606,Berlin-a863,6,11,Normal
2026-02-16 13:06:26.549606,Berlin-a863,25,72,Normal
2026-02-16 13:06:27.549606,Berlin-a863,27,85,Normal
2026-02-16 13:06:28.549606,Berlin-a863,29,8,Normal
2026-02-16 13:06:29.549606,Berlin-a863,26,54,Normal
2026-02-16 13:06:30.549606,Berlin-a863,-14,94,Normal
2026-02-16 13:06:31.549606,Berlin-a863,-16,78,Normal
2026-02-16 13:06:32.549606,Berlin-a863,40,2,Normal
2026-02-16 13:06:33.549606,Berlin-a863,-23,19,Normal
2026-02-16 13:06:34.549606,Berlin-a863,-10,67,Normal
2026-02-16 13:06:35.549606,Berlin-a863,40,100,Normal
2026-02-16 13:06:36.549606,Berlin-a863,-9,84,Normal
2026-02-16 13:06:37.549606,Berlin-a863,33,91,Normal
2026-02-16 13:06:38.549606,Berlin-a863,5,76,Normal
2026-02-16 13:06:39.549606,Berlin-a863,41,36,Normal
2026-02-16 13:06:40.549606,Berlin-a863,-5,73,Normal
2026-02-16 13:06:41.549606,Berlin-a863,-20,14,Normal
2026-02-16 13:06:42.549606,Berlin-a863,0,88,Normal
2026-02-16 13:06:43.549606,Berlin-a863,1,24,Normal
2026-02-16 13:06:44.549606,Berlin-a863,39,46,Normal
2026-02-16 13:06:45.549606,Berlin-a863,-2,39,Normal
2026-02-16 13:06:46.549606,Berlin-a863,-9,51,Normal
2026-02-16 13:06:47.549606,Berlin-a863,18,61,Normal
2026-02-16 13:06:48.549606,Berlin-a863,31,4,Normal
2026-02-16 13:06:49.549606,Berlin-a863,-17,31,Normal
2026-02-16 13:06:50.549606,Berlin-a863,0,10,Normal
2026-02-16 13:06:51.549606,Berlin-a863,24,41,Normal
2026-02-16 13:06:52.549606,Berlin-a863,20,33,Normal
2026-02-16 13:06:53.549606,Berlin-a863,-22,37,Normal
2026-02-16 13:06:54.549606,Berlin-a863,-11,20,Normal
2026-02-16 13:06:55.549606,Berlin-a863,37,91,Normal
2026-02-16 13:06:56.549606,Berlin-a863,16,99,Normal
2026-02-16 13:06:57.549606,Berlin-a863,18,71,Normal
2026-02-16 13:06:58.549606,Berlin-a863,30,73,Normal
2026-02-16 13:06:59.549606,Berlin-a863,20,49,Normal
2026-02-16 13:07:00.549606,Berlin-a863,17,52,Normal
2026-02-16 13:07:01.549606,Berlin-a863,-29,13,Normal
2026-02-16 13:07:02.549606,Berlin-a863,-29,89,Normal
2026-02-16 13:07:03.549606,Berlin-a863,-3,69,Normal
2026-02-16 13:07:04.549606,Berlin-a863,35,95,Normal
2026-02-16 13:07:05.549606,Berlin-a863,7,70,Normal
2026-02-16 13:07:06.549606,Berlin-a863,0,92,Normal
2026-02-16 13:07:07.549606,Berlin-a863,35,67,Normal
2026-02-16 13:07:08.549606,Berlin-a863,48,84,Normal
2026-02-16 13:07:09.549606,Berlin-a863,41,29,Normal
2026-02-16 13:07:10.549606,Berlin-a863,29,48,Normal
2026-02-16 13:07:11.549606,Berlin-a863,-21,11,Normal
2026-02-16 13:07:12.549606,Berlin-a863,19,13,Normal
2026-02-16 13:07:13.549606,Berlin-a863,31,68,Normal
2026-02-16 13:07:14.549606,Berlin-a863,-17,58,Normal
2026-02-16 13:07:15.549606,Berlin-a863,-19,86,Normal
2026-02-16 13:07:16.549606,Berlin-a863,23,63,Normal
2026-02-16 13:07:17.549606,Berlin-a863,-24,57,Normal
2026-02-16 13:07:18.549606,Berlin-a863,13,81,Normal
2026-02-16 13:07:19.549606,Berlin-a863,-3,9,Normal
2026-02-16 13:07:20.549606,Berlin-a863,14,56,Normal
2026-02-16 13:07:21.549606,Berlin-a863,-20,47,Normal
2026-02-16 13:07:22.549606,Berlin-a863,-22,40,Normal
2026-02-16 13:07:23.549606,Berlin-a863,-22,18,Normal
2026-02-16 13:07:24.549606,Berlin-a863,-30,78,Normal
2026-02-16 13:07:25.549606,Berlin-a863,-15,3,Normal
2026-02-16 13:07:26.549606,Berlin-a863,35,85,Normal
2026-02-16 13:07:27.549606,Berlin-a863,38,12,Normal
2026-02-16 13:07:28.549606,Berlin-a863,48,48,Normal
2026-02-16 13:07:29.549606,Berlin-a863,37,77,Normal
2026-02-16 13:07:30.549606,Berlin-a863,46,3,Normal
2026-02-16 13:07:31.549606,Berlin-a863,-13,93,Normal
2026-02-16 13:07:32.549606,Berlin-a863,2,55,Normal
2026-02-16 13:07:33.549606,Berlin-a863,-18,59,Normal
2026-02-16 13:07:34.549606,Berlin-a863,26,57,Normal
2026-02-16 13:07:35.549606,Berlin-a863,5,15,Normal
2026-02-16 13:07:36.549606,Berlin-a863,-1,50,Normal
2026-02-16 13:07:37.549606,Berlin-a863,11,15,Normal
2026-02-16 13:07:38.549606,Berlin-a863,37,13,Normal
2026-02-16 13:07:39.549606,Berlin-a863,13,42,Normal
2026-02-16 13:07:40.549606,Berlin-a863,30,15,Normal
2026-02-16 13:07:41.549606,Berlin-a863,4,98,Normal
2026-02-16 13:07:42.549606,Berlin-a863,32,12,Normal
2026-02-16 13:07:43.549606,Berlin-a863,-8,73,Normal
2026-02-16 13:07:44.549606,Berlin-a863,49,53,Normal
2026-02-16 13:07:45.549606,Berlin-a863,-8,17,Normal
2026-02-16 13:07:46.549606,Berlin-a863,42,49,Normal
2026-02-16 13:07:47.549606,Berlin-a863,4,32,Normal
2026-02-16 13:07:48.549606,Berlin-a863,15,21,Normal
2026-02-16 13:07:49.549606,Berlin-a863,-15,4,Normal
2026-02-16 13:07:50.549606,Berlin-a863,3,83,Normal
2026-02-16 13:07:51.549606,Berlin-a863,10,2,Normal
2026-02-16 13:07:52.549606,Berlin-a863,-10,56,Normal
2026-02-16 13:07:53.549606,Berlin-a863,49,84,Normal
2026-02-16 13:07:54.549606,Berlin-a863,-4,75,Normal
2026-02-16 13:07:55.549606,Berlin-a863,47,19,Normal
2026-02-16 13:07:56.549606,Berlin-a863,-15,36,Normal
2026-02-16 13:07:57.549606,Berlin-a863,13,17,Normal
2026-02-16 13:07:58.549606,Berlin-a863,7,90,Normal
2026-02-16 13:07:59.549606,Berlin-a863,17,40,Normal
2026-02-16 13:08:00.549606,Berlin-a863,7,96,Normal
2026-02-16 13:08:01.549606,Berlin-a863,-5,38,Normal
2026-02-16 13:08:02.549606,Berlin-a863,26,73,Normal
2026-02-16 13:08:03.549606,Berlin-a863,22,35,Normal
2026-02-16 13:08:04.549606,Berlin-a863,-8,30,Normal
2026-02-16 13:08:05.549606,Berlin-a863,17,5,Normal
2026-02-16 13:08:06.549606,Berlin-a863,-21,52,Normal
2026-02-16 13:08:07.549606,Berlin-a863,-1,81,Normal
2026-02-16 13:08:08.549606,Berlin-a863,12,35,Normal
2026-02-16 13:08:09.549606,Berlin-a863,-27,85,Normal
2026-02-16 13:08:10.549606,Berlin-a863,-24,12,Normal
2026-02-16 13:08:11.549606,Berlin-a863,-27,6,Normal
2026-02-16 13:08:12.549606,Berlin-a863,-5,43,Normal
2026-02-16 13:08:13.549606,Berlin-a863,46,74,Normal
2026-02-16 13:08:14.549606,Berlin-a863,-7,94,Normal
2026-02-16 13:08:15.549606,Berlin-a863,15,85,Normal
2026-02-16 13:08:16.549606,Berlin-a863,4,36,Normal
2026-02-16 13:08:17.549606,Berlin-a863,3,44,Normal
2026-02-16 13:08:18.549606,Berlin-a863,5,92,Normal
2026-02-16 13:08:19.549606,Berlin-a863,11,49,Normal
2026-02-16 13:08:20.549606,Berlin-a863,34,64,Normal
2026-02-16 13:08:21.549606,Berlin-a863,47,31,Normal
2026-02-16 13:08:22.549606,Berlin-a863,-19,60,Normal
2026-02-16 13:08:23.549606,Berlin-a863,-5,0,Normal
2026-02-16 13:08:24.549606,Berlin-a863,-5,79,Normal
2026-02-16 13:08:25.549606,Berlin-a863,-14,90,Normal
2026-02-16 13:08:26.549606,Berlin-a863,-27,19,Normal
2026-02-16 13:08:27.549606,Berlin-a863,-3,15,Normal
2026-02-16 13:08:28.549606,Berlin-a863,47,45,Normal
2026-02-16 13:08:29.549606,Berlin-a863,36,18,Normal
2026-02-16 13:08:30.549606,Berlin-a863,38,55,Normal
2026-02-16 13:08:31.549606,Berlin-a863,29,81,Normal
2026-02-16 13:08:32.549606,Berlin-a863,41,65,Normal
2026-02-16 13:08:33.549606,Berlin-a863,-26,89,Normal
2026-02-16 13:08:34.549606,Berlin-a863,-4,81,Normal
2026-02-16 13:08:35.549606,Berlin-a863,1,99,Normal
2026-02-16 13:08:36.549606,Berlin-a863,49,68,Normal
2026-02-16 13:08:37.549606,Berlin-a863,-19,98,Normal
2026-02-16 13:08:38.549606,Berlin-a863,38,9,Normal
2026-02-16 13:08:39.549606,Berlin-a863,46,55,Normal
2026-02-16 13:08:40.549606,Berlin-a863,-7,96,Normal
2026-02-16 13:08:41.549606,Berlin-a863,40,66,Normal
2026-02-16 13:08:42.549606,Berlin-a863,16,39,Normal
2026-02-16 13:08:43.549606,Berlin-a863,4,27,Normal
2026-02-16 13:08:44.549606,Berlin-a863,33,81,Normal
2026-02-16 13:08:45.549606,Berlin-a863,28,9,Normal
2026-02-16 13:08:46.549606,Berlin-a863,38,9,Normal
2026-02-16 13:08:47.549606,Berlin-a863,5,73,Normal
2026-02-16 13:08:48.549606,Berlin-a863,-12,92,Normal
2026-02-16 13:08:49.549606,Berlin-a863,18,88,Normal
2026-02-16 13:08:50.549606,Berlin-a863,-16,22,Normal
2026-02-16 13:08:51.549606,Berlin-a863,33,71,Normal
2026-02-16 13:08:52.549606,Berlin-a863,29,52,Normal
2026-02-16 13:08:53.549606,Berlin-a863,32,18,Normal
2026-02-16 13:08:54.549606,Berlin-a863,0,94,Normal
2026-02-16 13:08:55.549606,Berlin-a863,41,58,Normal
2026-02-16 13:08:56.549606,Berlin-a863,22,51,Normal
2026-02-16 13:08:57.549606,Berlin-a863,50,82,Normal
2026-02-16 13:08:58.549606,Berlin-a863,-30,95,Normal
2026-02-16 13:08:59.549606,Berlin-a863,28,99,Normal
2026-02-16 13:09:00.549606,Berlin-a863,-27,52,Normal
2026-02-16 13:09:01.549606,Berlin-a863,42,44,Normal
2026-02-16 13:09:02.549606,Berlin-a863,-9,88,Normal
2026-02-16 13:09:03.549606,Berlin-a863,-24,20,Normal
2026-02-16 13:09:04.549606,Berlin-a863,9,42,Normal
2026-02-16 13:09:05.549606,Berlin-a863,39,14,Normal
2026-02-16 13:09:06.549606,Berlin-a863,12,84,Normal
2026-02-16 13:09:07.549606,Berlin-a863,48,70,Normal
2026-02-16 13:09:08.549606,Berlin-a863,39,78,Normal
2026-02-16 13:09:09.549606,Berlin-a863,39,41,Normal
2026-02-16 13:09:10.549606,Berlin-a863,16,73,Normal
2026-02-16 13:09:11.549606,Berlin-a863,49,16,Normal
2026-02-16 13:09:12.549606,Berlin-a863,2,3,Normal
2026-02-16 13:09:13.549606,Berlin-a863,44,6,Normal
2026-02-16 13:09:14.549606,Berlin-a863,-8,66,Normal
2026-02-16 13:09:15.549606,Berlin-a863,28,74,Normal
2026-02-16 13:09:16.549606,Berlin-a863,-18,87,Normal
2026-02-16 13:09:17.549606,Berlin-a863,16,20,Normal
2026-02-16 13:09:18.549606,Berlin-a863,-26,72,Normal
2026-02-16 13:09:19.549606,Berlin-a863,13,22,Normal
2026-02-16 13:09:20.549606,Berlin-a863,-17,89,Normal
2026-02-16 13:09:21.549606,Berlin-a863,-30,31,Normal
2026-02-16 13:09:22.549606,Berlin-a863,39,69,Normal
2026-02-16 13:09:23.549606,Berlin-a863,38,9,Normal
2026-02-16 13:09:24.549606,Berlin-a863,14,56,Normal
2026-02-16 13:09:25.549606,Berlin-a863,28,10,Normal
2026-02-16 13:09:26.549606,Berlin-a863,49,61,Normal
2026-02-16 13:09:27.549606,Berlin-a863,4,42,Normal
2026-02-16 13:09:28.549606,Berlin-a863,-11,16,Normal
2026-02-16 13:09:29.549606,Berlin-a863,13,60,Normal
2026-02-16 13:09:30.549606,Berlin-a863,-28,8,Normal
2026-02-16 13:09:31.549606,Berlin-a863,-17,98,Normal
2026-02-16 13:09:32.549606,Berlin-a863,-27,33,Normal
2026-02-16 13:09:33.549606,Berlin-a863,-14,76,Normal
2026-02-16 13:09:34.549606,Berlin-a863,-7,54,Normal
2026-02-16 13:09:35.549606,Berlin-a863,15,83,Normal
2026-02-16 13:09:36.549606,Berlin-a863,7,76,Normal
2026-02-16 13:09:37.549606,Berlin-a863,-27,76,Normal
2026-02-16 13:09:38.549606,Berlin-a863,27,86,Normal
2026-02-16 13:09:39.549606,Berlin-a863,46,24,Normal
2026-02-16 13:09:40.549606,Berlin-a863,8,88,Normal
2026-02-16 13:09:41.549606,Berlin-a863,26,76,Normal
2026-02-16 13:09:42.549606,Berlin-a863,9,7,Normal
2026-02-16 13:09:43.549606,Berlin-a863,-24,60,Normal
2026-02-16 13:09:44.549606,Berlin-a863,34,13,Normal
2026-02-16 13:09:45.549606,Berlin-a863,20,97,Normal
2026-02-16 13:09:46.549606,Berlin-a863,20,49,Normal
2026-02-16 13:09:47.549606,Berlin-a863,24,89,Normal
2026-02-16 13:09:48.549606,Berlin-a863,49,13,Normal
2026-02-16 13:09:49.549606,Berlin-a863,25,0,Normal
2026-02-16 13:09:50.549606,Berlin-a863,-20,95,Normal
2026-02-16 13:09:51.549606,Berlin-a863,9,0,Normal
2026-02-16 13:09:52.549606,Berlin-a863,-17,93,Normal
2026-02-16 13:09:53.549606,Berlin-a863,-4,64,Normal
2026-02-16 13:09:54.549606,Berlin-a863,48,60,Normal
2026-02-16 13:09:55.549606,Berlin-a863,-12,69,Normal
2026-02-16 13:09:56.549606,Berlin-a863,-15,79,Normal
2026-02-16 13:09:57.549606,Berlin-a863,-7,17,Normal
2026-02-16 13:09:58.549606,Berlin-a863,48,34,Normal
2026-02-16 13:09:59.549606,Berlin-a863,-21,6,Normal
2026-02-16 13:10:00.549606,Berlin-a863,7,52,Normal
2026-02-16 13:10:01.549606,Berlin-a863,-22,74,Normal
2026-02-16 13:10:02.549606,Berlin-a863,47,6,Normal
2026-02-16 13:10:03.549606,Berlin-a863,40,42,Normal
2026-02-16 13:10:04.549606,Berlin-a863,12,72,Normal
2026-02-16 13:10:05.549606,Berlin-a863,26,44,Normal
2026-02-16 13:10:06.549606,Berlin-a863,-26,23,Normal
2026-02-16 13:10:07.549606,Berlin-a863,-17,42,Normal
2026-02-16 13:10:08.549606,Berlin-a863,-21,75,Normal
2026-02-16 13:10:09.549606,Berlin-a863,-7,79,Normal
2026-02-16 13:10:10.549606,Berlin-a863,-19,30,Normal
2026-02-16 13:10:11.549606,Berlin-a863,40,1,Normal
2026-02-16 13:10:12.549606,Berlin-a863,2,46,Normal
2026-02-16 13:10:13.549606,Berlin-a863,10,18,Normal
2026-02-16 13:10:14.549606,Berlin-a863,33,90,Normal
2026-02-16 13:10:15.549606,Berlin-a863,38,87,Normal
2026-02-16 13:10:16.549606,Berlin-a863,-14,10,Normal
2026-02-16 13:10:17.549606,Berlin-a863,-24,60,Normal
2026-02-16 13:10:18.549606,Berlin-a863,25,93,Normal
2026-02-16 13:10:19.549606,Berlin-a863,2,55,Normal
2026-02-16 13:10:20.549606,Berlin-a863,-16,31,Normal
2026-02-16 13:10:21.549606,Berlin-a863,-3,86,Normal
2026-02-16 13:10:22.549606,Berlin-a863,18,37,Normal
2026-02-16 13:10:23.549606,Berlin-a863,45,87,Normal
2026-02-16 13:10:24.549606,Berlin-a863,-18,4,Normal
2026-02-16 13:10:25.549606,Berlin-a863,40,25,Normal
2026-02-16 13:10:26.549606,Berlin-a863,-26,29,Normal
2026-02-16 13:10:27.549606,Berlin-a863,-8,40,Normal
2026-02-16 13:10:28.549606,Berlin-a863,47,8,Normal
2026-02-16 13:10:29.549606,Berlin-a863,29,45,Normal
2026-02-16 13:10:30.549606,Berlin-a863,-10,4,Normal
2026-02-16 13:10:31.549606,Berlin-a863,-17,14,Normal
2026-02-16 13:10:32.549606,Berlin-a863,30,23,Normal
2026-02-16 13:10:33.549606,Berlin-a863,-1,18,Normal
2026-02-16 13:10:34.549606,Berlin-a863,49,20,Normal
2026-02-16 13:10:35.549606,Berlin-a863,-19,13,Normal
2026-02-16 13:10:36.549606,Berlin-a863,39,47,Normal
2026-02-16 13:10:37.549606,Berlin-a863,-28,65,Normal
2026-02-16 13:10:38.549606,Berlin-a863,-9,66,Normal
2026-02-16 13:10:39.549606,Berlin-a863,-7,47,Normal
2026-02-16 13:10:40.549606,Berlin-a863,32,11,Normal
2026-02-16 13:10:41.549606,Berlin-a863,21,18,Normal
2026-02-16 13:10:42.549606,Berlin-a863,-6,75,Normal
2026-02-16 13:10:43.549606,Berlin-a863,50,11,Normal
2026-02-16 13:10:44.549606,Berlin-a863,-20,0,Normal
2026-02-16 13:10:45.549606,Berlin-a863,20,93,Normal
2026-02-16 13:10:46.549606,Berlin-a863,12,16,Normal
2026-02-16 13:10:47.549606,Berlin-a863,-21,1,Normal
2026-02-16 13:10:48.549606,Berlin-a863,19,63,Normal
2026-02-16 13:10:49.549606,Berlin-a863,-6,23,Normal
2026-02-16 13:10:50.549606,Berlin-a863,-2,44,Normal
2026-02-16 13:10:51.549606,Berlin-a863,45,10,Normal
2026-02-16 13:10:52.549606,Berlin-a863,42,90,Normal
2026-02-16 13:10:53.549606,Berlin-a863,-16,63,Normal
2026-02-16 13:10:54.549606,Berlin-a863,47,23,Normal
2026-02-16 13:10:55.549606,Berlin-a863,23,90,Normal
2026-02-16 13:10:56.549606,Berlin-a863,-15,79,Normal
2026-02-16 13:10:57.549606,Berlin-a863,9,90,Normal
2026-02-16 13:10:58.549606,Berlin-a863,-9,31,Normal
2026-02-16 13:10:59.549606,Berlin-a863,16,64,Normal
2026-02-16 13:11:00.549606,Berlin-a863,-28,81,Normal
2026-02-16 13:11:01.549606,Berlin-a863,-27,80,Normal
2026-02-16 13:11:02.549606,Berlin-a863,50,43,Normal
2026-02-16 13:11:03.549606,Berlin-a863,-18,68,Normal
2026-02-16 13:11:04.549606,Berlin-a863,-11,79,Normal
2026-02-16 13:11:05.549606,Berlin-a863,-6,59,Normal
2026-02-16 13:11:06.549606,Berlin-a863,31,33,Normal
2026-02-16 13:11:07.549606,Berlin-a863,-7,10,Normal
2026-02-16 13:11:08.549606,Berlin-a863,20,5,Normal
2026-02-16 13:11:09.549606,Berlin-a863,-29,11,Normal
2026-02-16 13:11:10.549606,Berlin-a863,36,56,Normal
2026-02-16 13:11:11.549606,Berlin-a863,-17,86,Normal
2026-02-16 13:11:12.549606,Berlin-a863,36,70,Normal
2026-02-16 13:11:13.549606,Berlin-a863,41,5,Normal
2026-02-16 13:11:14.549606,Berlin-a863,34,29,Normal
2026-02-16 13:11:15.549606,Berlin-a863,48,80,Normal
2026-02-16 13:11:16.549606,Berlin-a863,-11,41,Normal
2026-02-16 13:11:17.549606,Berlin-a863,-21,45,Normal
2026-02-16 13:11:18.549606,Berlin-a863,-17,68,Normal
2026-02-16 13:11:19.549606,Berlin-a863,22,32,Normal
2026-02-16 13:11:20.549606,Berlin-a863,37,43,Normal
2026-02-16 13:11:21.549606,Berlin-a863,31,16,Normal
2026-02-16 13:11:22.549606,Berlin-a863,43,72,Normal
2026-02-16 13:11:23.549606,Berlin-a863,-25,40,Normal
2026-02-16 13:11:24.549606,Berlin-a863,27,86,Normal
2026-02-16 13:11:25.549606,Berlin-a863,0,53,Normal
2026-02-16 13:11:26.549606,Berlin-a863,10,73,Normal
2026-02-16 13:11:27.549606,Berlin-a863,-7,3,Normal
2026-02-16 13:11:28.549606,Berlin-a863,-18,63,Normal
2026-02-16 13:11:29.549606,Berlin-a863,21,32,Normal
2026-02-16 13:11:30.549606,Berlin-a863,-18,95,Normal
2026-02-16 13:11:31.549606,Berlin-a863,50,43,Normal
2026-02-16 13:11:32.549606,Berlin-a863,22,30,Normal
2026-02-16 13:11:33.549606,Berlin-a863,3,94,Normal
2026-02-16 13:11:34.549606,Berlin-a863,3,96,Normal
2026-02-16 13:11:35.549606,Berlin-a863,-19,42,Normal
2026-02-16 13:11:36.549606,Berlin-a863,-17,79,Normal
2026-02-16 13:11:37.549606,Berlin-a863,-16,22,Normal
2026-02-16 13:11:38.549606,Berlin-a863,-5,60,Normal
2026-02-16 13:11:39.549606,Berlin-a863,20,6,Normal
2026-02-16 13:11:40.549606,Berlin-a863,34,47,Normal
2026-02-16 13:11:41.549606,Berlin-a863,45,24,Normal
2026-02-16 13:11:42.549606,Berlin-a863,17,73,Normal
2026-02-16 13:11:43.549606,Berlin-a863,-29,41,Normal
2026-02-16 13:11:44.549606,Berlin-a863,-11,89,Normal
2026-02-16 13:11:45.549606,Berlin-a863,20,16,Normal
2026-02-16 13:11:46.549606,Berlin-a863,21,12,Normal
2026-02-16 13:11:47.549606,Berlin-a863,-21,23,Normal
2026-02-16 13:11:48.549606,Berlin-a863,3,67,Normal
2026-02-16 13:11:49.549606,Berlin-a863,24,37,Normal
2026-02-16 13:11:50.549606,Berlin-a863,35,79,Normal
2026-02-16 13:11:51.549606,Berlin-a863,32,65,Normal
2026-02-16 13:11:52.549606,Berlin-a863,36,83,Normal
2026-02-16 13:11:53.549606,Berlin-a863,30,68,Normal
2026-02-16 13:11:54.549606,Berlin-a863,42,31,Normal
2026-02-16 13:11:55.549606,Berlin-a863,-25,58,Normal
2026-02-16 13:11:56.549606,Berlin-a863,42,81,Normal
2026-02-16 13:11:57.549606,Berlin-a863,34,20,Normal
2026-02-16 13:11:58.549606,Berlin-a863,20,58,Normal
2026-02-16 13:11:59.549606,Berlin-a863,-12,64,Normal
2026-02-16 13:12:00.549606,Berlin-a863,-9,90,Normal
2026-02-16 13:12:01.549606,Berlin-a863,-18,76,Normal
2026-02-16 13:12:02.549606,Berlin-a863,49,19,Normal
2026-02-16 13:12:03.549606,Berlin-a863,-11,100,Normal
2026-02-16 13:12:04.549606,Berlin-a863,-5,52,Normal
2026-02-16 13:12:05.549606,Berlin-a863,47,22,Normal
2026-02-16 13:12:06.549606,Berlin-a863,20,96,Normal
2026-02-16 13:12:07.549606,Berlin-a863,40,38,Normal
2026-02-16 13:12:08.549606,Berlin-a863,-27,23,Normal
2026-02-16 13:12:09.549606,Berlin-a863,49,27,Normal
2026-02-16 13:12:10.549606,Berlin-a863,11,26,Normal
2026-02-16 13:12:11.549606,Berlin-a863,40,44,Normal
2026-02-16 13:12:12.549606,Berlin-a863,-20,30,Normal
2026-02-16 13:12:13.549606,Berlin-a863,-27,22,Normal
2026-02-16 13:12:14.549606,Berlin-a863,-3,93,Normal
2026-02-16 13:12:15.549606,Berlin-a863,7,58,Normal
2026-02-16 13:12:16.549606,Berlin-a863,-15,36,Normal
2026-02-16 13:12:17.549606,Berlin-a863,-7,77,Normal
2026-02-16 13:12:18.549606,Berlin-a863,-19,61,Normal
2026-02-16 13:12:19.549606,Berlin-a863,-22,35,Normal
2026-02-16 13:12:20.549606,Berlin-a863,1,43,Normal
2026-02-16 13:12:21.549606,Berlin-a863,31,99,Normal
2026-02-16 13:12:22.549606,Berlin-a863,34,81,Normal
2026-02-16 13:12:23.549606,Berlin-a863,8,88,Normal
2026-02-16 13:12:24.549606,Berlin-a863,-11,94,Normal
2026-02-16 13:12:25.549606,Berlin-a863,5,53,Normal
