timestamp,station_id,temp,humid,condition
2026-02-08 02:49:25.927169,London-2333,34,66,Normal
2026-02-08 02:49:26.927169,London-2333,22,26,Normal
2026-02-08 02:49:27.927169,London-2333,-7,18,Normal
2026-02-08 02:49:28.927169,London-2333,-9,41,Normal
2026-02-08 02:49:29.927169,London-2333,-20,50,Normal
2026-02-08 02:49:30.927169,London-2333,-23,30,Normal
2026-02-08 02:49:31.927169,London-2333,43,58,Normal
2026-02-08 02:49:32.927169,London-2333,2,80,Normal
2026-02-08 02:49:33.927169,London-2333,7,83,Normal
2026-02-08 02:49:34.927169,London-2333,30,31,Normal
2026-02-08 02:49:35.927169,London-2333,-11,53,Normal
2026-02-08 02:49:36.927169,London-2333,25,35,Normal
2026-02-08 02:49:37.927169,London-2333,43,85,Normal
2026-02-08 02:49:38.927169,London-2333,24,87,Normal
2026-02-08 02:49:39.927169,London-2333,14,69,Normal
2026-02-08 02:49:40.927169,London-2333,-29,61,Normal
2026-02-08 02:49:41.927169,London-2333,-13,0,Normal
2026-02-08 02:49:42.927169,London-2333,35,31,Normal
2026-02-08 02:49:43.927169,London-2333,5,41,Normal
2026-02-08 02:49:44.927169,London-2333,27,37,Normal
2026-02-08 02:49:45.927169,London-2333,22,97,Normal
2026-02-08 02:49:46.927169,London-2333,39,81,Normal
2026-02-08 02:49:47.927169,London-2333,47,97,Normal
2026-02-08 02:49:48.927169,London-2333,-28,32,Normal
2026-02-08 02:49:49.927169,London-2333,15,70,Normal
2026-02-08 02:49:50.927169,London-2333,5,55,Normal
2026-02-08 02:49:51.927169,London-2333,10,46,Normal
2026-02-08 02:49:52.927169,London-2333,24,1,Normal
2026-02-08 02:49:53.927169,London-2333,14,56,Normal
2026-02-08 02:49:54.927169,London-2333,-26,91,Normal
2026-02-08 02:49:55.927169,London-2333,16,21,Normal
2026-02-08 02:49:56.927169,London-2333,-3,76,Normal
2026-02-08 02:49:57.927169,London-2333,28,50,Normal
2026-02-08 02:49:58.927169,London-2333,5,43,Normal
2026-02-08 02:49:59.927169,London-2333,31,61,Normal
2026-02-08 02:50:00.927169,London-2333,1,89,Normal
2026-02-08 02:50:01.927169,London-2333,45,5,Normal
2026-02-08 02:50:02.927169,London-2333,22,51,Normal
2026-02-08 02:50:03.927169,London-2333,17,92,Normal
2026-02-08 02:50:04.927169,London-2333,4,46,Normal
2026-02-08 02:50:05.927169,London-2333,35,26,Normal
2026-02-08 02:50:06.927169,London-2333,-17,24,Normal
2026-02-08 02:50:07.927169,London-2333,-20,51,Normal
2026-02-08 02:50:08.927169,London-2333,41,54,Normal
2026-02-08 02:50:09.927169,London-2333,17,62,Normal
2026-02-08 02:50:10.927169,London-2333,-26,13,Normal
2026-02-08 02:50:11.927169,London-2333,2,25,Normal
2026-02-08 02:50:12.927169,London-2333,7,23,Normal
2026-02-08 02:50:13.927169,London-2333,47,33,Normal
2026-02-08 02:50:14.927169,London-2333,30,92,Normal
2026-02-08 02:50:15.927169,London-2333,50,71,Normal
2026-02-08 02:50:16.927169,London-2333,5,52,Normal
2026-02-08 02:50:17.927169,London-2333,38,77,Normal
2026-02-08 02:50:18.927169,London-2333,0,84,Normal
2026-02-08 02:50:19.927169,London-2333,48,44,Normal
2026-02-08 02:50:20.927169,London-2333,-26,86,Normal
2026-02-08 02:50:21.927169,London-2333,-24,92,Normal
2026-02-08 02:50:22.927169,London-2333,17,90,Normal
2026-02-08 02:50:23.927169,London-2333,19,16,Normal
2026-02-08 02:50:24.927169,London-2333,-1,40,Normal
2026-02-08 02:50:25.927169,London-2333,12,28,Normal
2026-02-08 02:50:26.927169,London-2333,4,40,Normal
2026-02-08 02:50:27.927169,London-2333,34,36,Normal
2026-02-08 02:50:28.927169,London-2333,-21,56,Normal
2026-02-08 02:50:29.927169,London-2333,50,47,Normal
2026-02-08 02:50:30.927169,London-2333,49,51,Normal
2026-02-08 02:50:31.927169,London-2333,11,78,Normal
2026-02-08 02:50:32.927169,London-2333,29,69,Normal
2026-02-08 02:50:33.927169,London-2333,5,37,Normal
2026-02-08 02:50:34.927169,London-2333,-15,96,Normal
2026-02-08 02:50:35.927169,London-2333,30,53,Normal
2026-02-08 02:50:36.927169,London-2333,-24,85,Normal
2026-02-08 02:50:37.927169,London-2333,26,76,Normal
2026-02-08 02:50:38.927169,London-2333,26,88,Normal
2026-02-08 02:50:39.927169,London-2333,5,41,Normal
2026-02-08 02:50:40.927169,London-2333,9,48,Normal
2026-02-08 02:50:41.927169,London-2333,-15,60,Normal
2026-02-08 02:50:42.927169,London-2333,-25,33,Normal
2026-02-08 02:50:43.927169,London-2333,-30,15,Normal
2026-02-08 02:50:44.927169,London-2333,16,33,Normal
2026-02-08 02:50:45.927169,London-2333,-1,74,Normal
2026-02-08 02:50:46.927169,London-2333,-27,93,Normal
2026-02-08 02:50:47.927169,London-2333,-9,70,Normal
2026-02-08 02:50:48.927169,London-2333,23,34,Normal
2026-02-08 02:50:49.927169,London-2333,-11,51,Normal
2026-02-08 02:50:50.927169,London-2333,49,72,Normal
2026-02-08 02:50:51.927169,London-2333,27,71,Normal
2026-02-08 02:50:52.927169,London-2333,-11,24,Normal
2026-02-08 02:50:53.927169,London-2333,33,69,Normal
2026-02-08 02:50:54.927169,London-2333,-21,69,Normal
2026-02-08 02:50:55.927169,London-2333,12,44,Normal
2026-02-08 02:50:56.927169,London-2333,-20,46,Normal
2026-02-08 02:50:57.927169,London-2333,2,30,Normal
2026-02-08 02:50:58.927169,London-2333,50,45,Normal
2026-02-08 02:50:59.927169,London-2333,-21,82,Normal
2026-02-08 02:51:00.927169,London-2333,21,88,Normal
2026-02-08 02:51:01.927169,London-2333,-14,36,Normal
2026-02-08 02:51:02.927169,London-2333,21,42,Normal
2026-02-08 02:51:03.927169,London-2333,-14,35,Normal
2026-02-08 02:51:04.927169,London-2333,50,94,Normal
2026-02-08 02:51:05.927169,London-2333,-17,91,Normal
2026-02-08 02:51:06.927169,London-2333,-19,33,Normal
2026-02-08 02:51:07.927169,London-2333,36,43,Normal
2026-02-08 02:51:08.927169,London-2333,47,8,Normal
2026-02-08 02:51:09.927169,London-2333,15,6,Normal
2026-02-08 02:51:10.927169,London-2333,15,69,Normal
2026-02-08 02:51:11.927169,London-2333,-11,85,Normal
2026-02-08 02:51:12.927169,London-2333,45,8,Normal
2026-02-08 02:51:13.927169,London-2333,-22,26,Normal
2026-02-08 02:51:14.927169,London-2333,49,93,Normal
2026-02-08 02:51:15.927169,London-2333,-29,8,Normal
2026-02-08 02:51:16.927169,London-2333,49,9,Normal
2026-02-08 02:51:17.927169,London-2333,43,48,Normal
2026-02-08 02:51:18.927169,London-2333,1,50,Normal
2026-02-08 02:51:19.927169,London-2333,-26,14,Normal
2026-02-08 02:51:20.927169,London-2333,-19,34,Normal
2026-02-08 02:51:21.927169,London-2333,26,90,Normal
2026-02-08 02:51:22.927169,London-2333,-21,27,Normal
2026-02-08 02:51:23.927169,London-2333,13,55,Normal
2026-02-08 02:51:24.927169,London-2333,49,64,Normal
2026-02-08 02:51:25.927169,London-2333,4,35,Normal
2026-02-08 02:51:26.927169,London-2333,46,11,Normal
2026-02-08 02:51:27.927169,London-2333,3,87,Normal
2026-02-08 02:51:28.927169,London-2333,-20,82,Normal
2026-02-08 02:51:29.927169,London-2333,49,4,Normal
2026-02-08 02:51:30.927169,London-2333,14,90,Normal
2026-02-08 02:51:31.927169,London-2333,-6,31,Normal
2026-02-08 02:51:32.927169,London-2333,29,84,Normal
2026-02-08 02:51:33.927169,London-2333,-17,77,Normal
2026-02-08 02:51:34.927169,London-2333,-3,13,Normal
2026-02-08 02:51:35.927169,London-2333,-30,32,Normal
2026-02-08 02:51:36.927169,London-2333,-18,0,Normal
2026-02-08 02:51:37.927169,London-2333,18,66,Normal
2026-02-08 02:51:38.927169,London-2333,10,20,Normal
2026-02-08 02:51:39.927169,London-2333,4,40,Normal
2026-02-08 02:51:40.927169,London-2333,1,69,Normal
2026-02-08 02:51:41.927169,London-2333,34,37,Normal
2026-02-08 02:51:42.927169,London-2333,-17,31,Normal
2026-02-08 02:51:43.927169,London-2333,-9,67,Normal
2026-02-08 02:51:44.927169,London-2333,-11,7,Normal
2026-02-08 02:51:45.927169,London-2333,32,74,Normal
2026-02-08 02:51:46.927169,London-2333,23,44,Normal
2026-02-08 02:51:47.927169,London-2333,10,1,Normal
2026-02-08 02:51:48.927169,London-2333,-17,60,Normal
2026-02-08 02:51:49.927169,London-2333,-5,99,Normal
2026-02-08 02:51:50.927169,London-2333,-7,30,Normal
2026-02-08 02:51:51.927169,London-2333,13,78,Normal
2026-02-08 02:51:52.927169,London-2333,5,85,Normal
2026-02-08 02:51:53.927169,London-2333,-26,6,Normal
2026-02-08 02:51:54.927169,London-2333,32,70,Normal
2026-02-08 02:51:55.927169,London-2333,15,32,Normal
2026-02-08 02:51:56.927169,London-2333,21,26,Normal
2026-02-08 02:51:57.927169,London-2333,16,5,Normal
2026-02-08 02:51:58.927169,London-2333,13,15,Normal
2026-02-08 02:51:59.927169,London-2333,46,2,Normal
2026-02-08 02:52:00.927169,London-2333,20,75,Normal
2026-02-08 02:52:01.927169,London-2333,37,26,Normal
2026-02-08 02:52:02.927169,London-2333,19,21,Normal
2026-02-08 02:52:03.927169,London-2333,-11,83,Normal
2026-02-08 02:52:04.927169,London-2333,30,73,Normal
2026-02-08 02:52:05.927169,London-2333,5,84,Normal
2026-02-08 02:52:06.927169,London-2333,48,35,Normal
2026-02-08 02:52:07.927169,London-2333,-27,28,Normal
2026-02-08 02:52:08.927169,London-2333,-26,7,Normal
2026-02-08 02:52:09.927169,London-2333,-21,58,Normal
2026-02-08 02:52:10.927169,London-2333,33,69,Normal
2026-02-08 02:52:11.927169,London-2333,-6,91,Normal
2026-02-08 02:52:12.927169,London-2333,5,27,Normal
2026-02-08 02:52:13.927169,London-2333,12,36,Normal
2026-02-08 02:52:14.927169,London-2333,-13,93,Normal
2026-02-08 02:52:15.927169,London-2333,28,59,Normal
2026-02-08 02:52:16.927169,London-2333,-6,11,Normal
2026-02-08 02:52:17.927169,London-2333,33,4,Normal
2026-02-08 02:52:18.927169,London-2333,35,77,Normal
2026-02-08 02:52:19.927169,London-2333,-26,55,Normal
2026-02-08 02:52:20.927169,London-2333,6,45,Normal
2026-02-08 02:52:21.927169,London-2333,-2,37,Normal
2026-02-08 02:52:22.927169,London-2333,39,2,Normal
2026-02-08 02:52:23.927169,London-2333,13,71,Normal
2026-02-08 02:52:24.927169,London-2333,2,60,Normal
2026-02-08 02:52:25.927169,London-2333,3,64,Normal
2026-02-08 02:52:26.927169,London-2333,-21,97,Normal
2026-02-08 02:52:27.927169,London-2333,50,92,Normal
2026-02-08 02:52:28.927169,London-2333,-30,82,Normal
2026-02-08 02:52:29.927169,London-2333,-23,46,Normal
2026-02-08 02:52:30.927169,London-2333,2,43,Normal
2026-02-08 02:52:31.927169,London-2333,10,8,Normal
2026-02-08 02:52:32.927169,London-2333,-23,86,Normal
2026-02-08 02:52:33.927169,London-2333,43,24,Normal
2026-02-08 02:52:34.927169,London-2333,1,95,Normal
2026-02-08 02:52:35.927169,London-2333,-11,91,Normal
2026-02-08 02:52:36.927169,London-2333,-24,47,Normal
2026-02-08 02:52:37.927169,London-2333,-11,4,Normal
2026-02-08 02:52:38.927169,London-2333,45,86,Normal
2026-02-08 02:52:39.927169,London-2333,19,24,Normal
2026-02-08 02:52:40.927169,London-2333,22,62,Normal
2026-02-08 02:52:41.927169,London-2333,21,84,Normal
2026-02-08 02:52:42.927169,London-2333,-2,93,Normal
2026-02-08 02:52:43.927169,London-2333,31,7,Normal
2026-02-08 02:52:44.927169,London-2333,48,56,Normal
2026-02-08 02:52:45.927169,London-2333,40,58,Normal
2026-02-08 02:52:46.927169,London-2333,46,55,Normal
2026-02-08 02:52:47.927169,London-2333,22,95,Normal
2026-02-08 02:52:48.927169,London-2333,38,94,Normal
2026-02-08 02:52:49.927169,London-2333,-27,83,Normal
2026-02-08 02:52:50.927169,London-2333,29,28,Normal
2026-02-08 02:52:51.927169,London-2333,29,39,Normal
2026-02-08 02:52:52.927169,London-2333,-1,31,Normal
2026-02-08 02:52:53.927169,London-2333,18,96,Normal
2026-02-08 02:52:54.927169,London-2333,8,41,Normal
2026-02-08 02:52:55.927169,London-2333,14,58,Normal
2026-02-08 02:52:56.927169,London-2333,9,82,Normal
2026-02-08 02:52:57.927169,London-2333,-21,54,Normal
2026-02-08 02:52:58.927169,London-2333,50,39,Normal
2026-02-08 02:52:59.927169,London-2333,-25,61,Normal
2026-02-08 02:53:00.927169,London-2333,5,79,Normal
2026-02-08 02:53:01.927169,London-2333,0,31,Normal
2026-02-08 02:53:02.927169,London-2333,15,95,Normal
2026-02-08 02:53:03.927169,London-2333,42,6,Normal
2026-02-08 02:53:04.927169,London-2333,26,71,Normal
2026-02-08 02:53:05.927169,London-2333,-30,82,Normal
2026-02-08 02:53:06.927169,London-2333,12,71,Normal
2026-02-08 02:53:07.927169,London-2333,0,75,Normal
2026-02-08 02:53:08.927169,London-2333,26,69,Normal
2026-02-08 02:53:09.927169,London-2333,48,67,Normal
2026-02-08 02:53:10.927169,London-2333,12,55,Normal
2026-02-08 02:53:11.927169,London-2333,12,21,Normal
2026-02-08 02:53:12.927169,London-2333,-10,62,Normal
2026-02-08 02:53:13.927169,London-2333,38,31,Normal
2026-02-08 02:53:14.927169,London-2333,-13,69,Normal
2026-02-08 02:53:15.927169,London-2333,3,78,Normal
2026-02-08 02:53:16.927169,London-2333,-12,58,Normal
2026-02-08 02:53:17.927169,London-2333,10,27,Normal
2026-02-08 02:53:18.927169,London-2333,-15,100,Normal
2026-02-08 02:53:19.927169,London-2333,19,42,Normal
2026-02-08 02:53:20.927169,London-2333,-20,99,Normal
2026-02-08 02:53:21.927169,London-2333,7,96,Normal
2026-02-08 02:53:22.927169,London-2333,-24,40,Normal
2026-02-08 02:53:23.927169,London-2333,39,1,Normal
2026-02-08 02:53:24.927169,London-2333,-3,24,Normal
2026-02-08 02:53:25.927169,London-2333,47,20,Normal
2026-02-08 02:53:26.927169,London-2333,3,38,Normal
2026-02-08 02:53:27.927169,London-2333,19,97,Normal
2026-02-08 02:53:28.927169,London-2333,-29,55,Normal
2026-02-08 02:53:29.927169,London-2333,34,43,Normal
2026-02-08 02:53:30.927169,London-2333,-12,63,Normal
2026-02-08 02:53:31.927169,London-2333,-14,22,Normal
2026-02-08 02:53:32.927169,London-2333,30,63,Normal
2026-02-08 02:53:33.927169,London-2333,15,58,Normal
2026-02-08 02:53:34.927169,London-2333,28,41,Normal
2026-02-08 02:53:35.927169,London-2333,18,4,Normal
2026-02-08 02:53:36.927169,London-2333,46,26,Normal
2026-02-08 02:53:37.927169,London-2333,49,60,Normal
2026-02-08 02:53:38.927169,London-2333,34,34,Normal
2026-02-08 02:53:39.927169,London-2333,-16,0,Normal
2026-02-08 02:53:40.927169,London-2333,-11,7,Normal
2026-02-08 02:53:41.927169,London-2333,5,2,Normal
2026-02-08 02:53:42.927169,London-2333,47,30,Normal
2026-02-08 02:53:43.927169,London-2333,0,38,Normal
2026-02-08 02:53:44.927169,London-2333,12,38,Normal
2026-02-08 02:53:45.927169,London-2333,-13,77,Normal
2026-02-08 02:53:46.927169,London-2333,46,32,Normal
2026-02-08 02:53:47.927169,London-2333,3,55,Normal
2026-02-08 02:53:48.927169,London-2333,49,100,Normal
2026-02-08 02:53:49.927169,London-2333,-19,11,Normal
2026-02-08 02:53:50.927169,London-2333,-14,6,Normal
2026-02-08 02:53:51.927169,London-2333,-5,59,Normal
2026-02-08 02:53:52.927169,London-2333,47,18,Normal
2026-02-08 02:53:53.927169,London-2333,-3,1,Normal
2026-02-08 02:53:54.927169,London-2333,49,82,Normal
2026-02-08 02:53:55.927169,London-2333,-13,90,Normal
2026-02-08 02:53:56.927169,London-2333,-17,21,Normal
2026-02-08 02:53:57.927169,London-2333,-4,52,Normal
2026-02-08 02:53:58.927169,London-2333,47,96,Normal
2026-02-08 02:53:59.927169,London-2333,43,32,Normal
2026-02-08 02:54:00.927169,London-2333,-7,12,Normal
2026-02-08 02:54:01.927169,London-2333,-16,24,Normal
2026-02-08 02:54:02.927169,London-2333,1,79,Normal
2026-02-08 02:54:03.927169,London-2333,2,98,Normal
2026-02-08 02:54:04.927169,London-2333,9,80,Normal
2026-02-08 02:54:05.927169,London-2333,-15,69,Normal
2026-02-08 02:54:06.927169,London-2333,44,99,Normal
2026-02-08 02:54:07.927169,London-2333,40,42,Normal
2026-02-08 02:54:08.927169,London-2333,26,75,Normal
2026-02-08 02:54:09.927169,London-2333,8,8,Normal
2026-02-08 02:54:10.927169,London-2333,42,2,Normal
2026-02-08 02:54:11.927169,London-2333,4,76,Normal
2026-02-08 02:54:12.927169,London-2333,4,10,Normal
2026-02-08 02:54:13.927169,London-2333,22,11,Normal
2026-02-08 02:54:14.927169,London-2333,11,88,Normal
2026-02-08 02:54:15.927169,London-2333,41,7,Normal
2026-02-08 02:54:16.927169,London-2333,10,23,Normal
2026-02-08 02:54:17.927169,London-2333,-6,71,Normal
2026-02-08 02:54:18.927169,London-2333,39,92,Normal
2026-02-08 02:54:19.927169,London-2333,-10,98,Normal
2026-02-08 02:54:20.927169,London-2333,3,32,Normal
2026-02-08 02:54:21.927169,London-2333,30,96,Normal
2026-02-08 02:54:22.927169,London-2333,47,72,Normal
2026-02-08 02:54:23.927169,London-2333,-9,82,Normal
2026-02-08 02:54:24.927169,London-2333,16,88,Normal
2026-02-08 02:54:25.927169,London-2333,-19,5,Normal
2026-02-08 02:54:26.927169,London-2333,30,51,Normal
2026-02-08 02:54:27.927169,London-2333,-13,22,Normal
2026-02-08 02:54:28.927169,London-2333,11,90,Normal
2026-02-08 02:54:29.927169,London-2333,-11,91,Normal
2026-02-08 02:54:30.927169,London-2333,-9,66,Normal
2026-02-08 02:54:31.927169,London-2333,32,41,Normal
2026-02-08 02:54:32.927169,London-2333,41,33,Normal
2026-02-08 02:54:33.927169,London-2333,50,15,Normal
2026-02-08 02:54:34.927169,London-2333,10,99,Normal
2026-02-08 02:54:35.927169,London-2333,11,22,Normal
2026-02-08 02:54:36.927169,London-2333,17,94,Normal
2026-02-08 02:54:37.927169,London-2333,-1,58,Normal
2026-02-08 02:54:38.927169,London-2333,30,36,Normal
2026-02-08 02:54:39.927169,London-2333,14,97,Normal
2026-02-08 02:54:40.927169,London-2333,48,57,Normal
2026-02-08 02:54:41.927169,London-2333,10,100,Normal
2026-02-08 02:54:42.927169,London-2333,39,69,Normal
2026-02-08 02:54:43.927169,London-2333,-24,96,Normal
2026-02-08 02:54:44.927169,London-2333,-19,86,Normal
2026-02-08 02:54:45.927169,London-2333,-19,74,Normal
2026-02-08 02:54:46.927169,London-2333,-8,23,Normal
2026-02-08 02:54:47.927169,London-2333,-18,74,Normal
2026-02-08 02:54:48.927169,London-2333,-16,62,Normal
2026-02-08 02:54:49.927169,London-2333,-20,31,Normal
2026-02-08 02:54:50.927169,London-2333,42,50,Normal
2026-02-08 02:54:51.927169,London-2333,-17,93,Normal
2026-02-08 02:54:52.927169,London-2333,-7,97,Normal
2026-02-08 02:54:53.927169,London-2333,5,10,Normal
2026-02-08 02:54:54.927169,London-2333,10,11,Normal
2026-02-08 02:54:55.927169,London-2333,-29,6,Normal
2026-02-08 02:54:56.927169,London-2333,38,86,Normal
2026-02-08 02:54:57.927169,London-2333,44,97,Normal
2026-02-08 02:54:58.927169,London-2333,-15,38,Normal
2026-02-08 02:54:59.927169,London-2333,-18,80,Normal
2026-02-08 02:55:00.927169,London-2333,31,42,Normal
2026-02-08 02:55:01.927169,London-2333,-27,15,Normal
2026-02-08 02:55:02.927169,London-2333,-27,37,Normal
2026-02-08 02:55:03.927169,London-2333,-9,54,Normal
2026-02-08 02:55:04.927169,London-2333,-4,75,Normal
2026-02-08 02:55:05.927169,London-2333,41,40,Normal
2026-02-08 02:55:06.927169,London-2333,29,93,Normal
2026-02-08 02:55:07.927169,London-2333,-23,30,Normal
2026-02-08 02:55:08.927169,London-2333,50,54,Normal
2026-02-08 02:55:09.927169,London-2333,30,59,Normal
2026-02-08 02:55:10.927169,London-2333,0,43,Normal
2026-02-08 02:55:11.927169,London-2333,19,80,Normal
2026-02-08 02:55:12.927169,London-2333,-26,84,Normal
2026-02-08 02:55:13.927169,London-2333,45,77,Normal
2026-02-08 02:55:14.927169,London-2333,4,5,Normal
2026-02-08 02:55:15.927169,London-2333,49,71,Normal
2026-02-08 02:55:16.927169,London-2333,14,37,Normal
2026-02-08 02:55:17.927169,London-2333,-1,91,Normal
2026-02-08 02:55:18.927169,London-2333,-25,98,Normal
2026-02-08 02:55:19.927169,London-2333,35,86,Normal
2026-02-08 02:55:20.927169,London-2333,5,15,Normal
2026-02-08 02:55:21.927169,London-2333,40,17,Normal
2026-02-08 02:55:22.927169,London-2333,-16,28,Normal
2026-02-08 02:55:23.927169,London-2333,-14,65,Normal
2026-02-08 02:55:24.927169,London-2333,-14,60,Normal
2026-02-08 02:55:25.927169,London-2333,27,9,Normal
2026-02-08 02:55:26.927169,London-2333,42,68,Normal
2026-02-08 02:55:27.927169,London-2333,20,30,Normal
2026-02-08 02:55:28.927169,London-2333,4,41,Normal
2026-02-08 02:55:29.927169,London-2333,-10,53,Normal
2026-02-08 02:55:30.927169,London-2333,15,36,Normal
2026-02-08 02:55:31.927169,London-2333,-5,90,Normal
2026-02-08 02:55:32.927169,London-2333,40,21,Normal
2026-02-08 02:55:33.927169,London-2333,27,95,Normal
2026-02-08 02:55:34.927169,London-2333,-29,46,Normal
2026-02-08 02:55:35.927169,London-2333,36,54,Normal
2026-02-08 02:55:36.927169,London-2333,-24,37,Normal
2026-02-08 02:55:37.927169,London-2333,33,89,Normal
2026-02-08 02:55:38.927169,London-2333,23,54,Normal
2026-02-08 02:55:39.927169,London-2333,3,62,Normal
2026-02-08 02:55:40.927169,London-2333,-16,88,Normal
2026-02-08 02:55:41.927169,London-2333,46,98,Normal
2026-02-08 02:55:42.927169,London-2333,22,100,Normal
2026-02-08 02:55:43.927169,London-2333,-6,31,Normal
2026-02-08 02:55:44.927169,London-2333,13,22,Normal
2026-02-08 02:55:45.927169,London-2333,15,90,Normal
2026-02-08 02:55:46.927169,London-2333,-3,56,Normal
2026-02-08 02:55:47.927169,London-2333,47,4,Normal
2026-02-08 02:55:48.927169,London-2333,48,60,Normal
2026-02-08 02:55:49.927169,London-2333,34,4,Normal
2026-02-08 02:55:50.927169,London-2333,-16,88,Normal
2026-02-08 02:55:51.927169,London-2333,2,93,Normal
2026-02-08 02:55:52.927169,London-2333,-13,30,Normal
2026-02-08 02:55:53.927169,London-2333,12,98,Normal
2026-02-08 02:55:54.927169,London-2333,5,21,Normal
2026-02-08 02:55:55.927169,London-2333,-25,35,Normal
2026-02-08 02:55:56.927169,London-2333,-2,22,Normal
2026-02-08 02:55:57.927169,London-2333,-9,7,Normal
2026-02-08 02:55:58.927169,London-2333,37,23,Normal
2026-02-08 02:55:59.927169,London-2333,47,69,Normal
2026-02-08 02:56:00.927169,London-2333,15,76,Normal
2026-02-08 02:56:01.927169,London-2333,44,11,Normal
2026-02-08 02:56:02.927169,London-2333,-6,82,Normal
2026-02-08 02:56:03.927169,London-2333,44,22,Normal
2026-02-08 02:56:04.927169,London-2333,0,77,Normal
2026-02-08 02:56:05.927169,London-2333,-3,35,Normal
2026-02-08 02:56:06.927169,London-2333,35,24,Normal
2026-02-08 02:56:07.927169,London-2333,1,20,Normal
2026-02-08 02:56:08.927169,London-2333,-23,10,Normal
2026-02-08 02:56:09.927169,London-2333,-11,50,Normal
2026-02-08 02:56:10.927169,London-2333,35,75,Normal
2026-02-08 02:56:11.927169,London-2333,-3,41,Normal
2026-02-08 02:56:12.927169,London-2333,33,42,Normal
2026-02-08 02:56:13.927169,London-2333,-29,28,Normal
2026-02-08 02:56:14.927169,London-2333,42,14,Normal
2026-02-08 02:56:15.927169,London-2333,-15,41,Normal
2026-02-08 02:56:16.927169,London-2333,5,79,Normal
2026-02-08 02:56:17.927169,London-2333,47,97,Normal
2026-02-08 02:56:18.927169,London-2333,-9,74,Normal
2026-02-08 02:56:19.927169,London-2333,-30,41,Normal
2026-02-08 02:56:20.927169,London-2333,21,90,Normal
2026-02-08 02:56:21.927169,London-2333,3,44,Normal
2026-02-08 02:56:22.927169,London-2333,27,14,Normal
2026-02-08 02:56:23.927169,London-2333,-24,73,Normal
2026-02-08 02:56:24.927169,London-2333,39,16,Normal
2026-02-08 02:56:25.927169,London-2333,-23,57,Normal
2026-02-08 02:56:26.927169,London-2333,-5,52,Normal
2026-02-08 02:56:27.927169,London-2333,41,100,Normal
2026-02-08 02:56:28.927169,London-2333,25,32,Normal
2026-02-08 02:56:29.927169,London-2333,-21,77,Normal
2026-02-08 02:56:30.927169,London-2333,-12,33,Normal
2026-02-08 02:56:31.927169,London-2333,36,31,Normal
2026-02-08 02:56:32.927169,London-2333,-18,60,Normal
2026-02-08 02:56:33.927169,London-2333,13,70,Normal
2026-02-08 02:56:34.927169,London-2333,25,82,Normal
2026-02-08 02:56:35.927169,London-2333,-13,61,Normal
2026-02-08 02:56:36.927169,London-2333,20,31,Normal
2026-02-08 02:56:37.927169,London-2333,43,57,Normal
2026-02-08 02:56:38.927169,London-2333,37,56,Normal
2026-02-08 02:56:39.927169,London-2333,18,96,Normal
2026-02-08 02:56:40.927169,London-2333,48,72,Normal
2026-02-08 02:56:41.927169,London-2333,20,64,Normal
2026-02-08 02:56:42.927169,London-2333,50,62,Normal
2026-02-08 02:56:43.927169,London-2333,-28,30,Normal
2026-02-08 02:56:44.927169,London-2333,30,60,Normal
2026-02-08 02:56:45.927169,London-2333,3,6,Normal
2026-02-08 02:56:46.927169,London-2333,-22,47,Normal
2026-02-08 02:56:47.927169,London-2333,-11,54,Normal
2026-02-08 02:56:48.927169,London-2333,5,82,Normal
2026-02-08 02:56:49.927169,London-2333,17,40,Normal
2026-02-08 02:56:50.927169,London-2333,5,36,Normal
2026-02-08 02:56:51.927169,London-2333,-7,13,Normal
2026-02-08 02:56:52.927169,London-2333,18,3,Normal
2026-02-08 02:56:53.927169,London-2333,7,41,Normal
2026-02-08 02:56:54.927169,London-2333,13,73,Normal
2026-02-08 02:56:55.927169,London-2333,0,45,Normal
2026-02-08 02:56:56.927169,London-2333,-16,59,Normal
2026-02-08 02:56:57.927169,London-2333,1,24,Normal
2026-02-08 02:56:58.927169,London-2333,32,8,Normal
2026-02-08 02:56:59.927169,London-2333,-5,43,Normal
2026-02-08 02:57:00.927169,London-2333,10,29,Normal
2026-02-08 02:57:01.927169,London-2333,8,68,Normal
2026-02-08 02:57:02.927169,London-2333,-2,13,Normal
2026-02-08 02:57:03.927169,London-2333,-3,88,Normal
2026-02-08 02:57:04.927169,London-2333,20,83,Normal
2026-02-08 02:57:05.927169,London-2333,26,100,Normal
2026-02-08 02:57:06.927169,London-2333,23,57,Normal
2026-02-08 02:57:07.927169,London-2333,1,0,Normal
2026-02-08 02:57:08.927169,London-2333,13,24,Normal
2026-02-08 02:57:09.927169,London-2333,24,89,Normal
2026-02-08 02:57:10.927169,London-2333,47,45,Normal
2026-02-08 02:57:11.927169,London-2333,15,5,Normal
2026-02-08 02:57:12.927169,London-2333,-25,60,Normal
2026-02-08 02:57:13.927169,London-2333,-1,49,Normal
2026-02-08 02:57:14.927169,London-2333,29,53,Normal
2026-02-08 02:57:15.927169,London-2333,13,99,Normal
2026-02-08 02:57:16.927169,London-2333,-28,36,Normal
2026-02-08 02:57:17.927169,London-2333,-18,45,Normal
2026-02-08 02:57:18.927169,London-2333,41,27,Normal
2026-02-08 02:57:19.927169,London-2333,-6,2,Normal
2026-02-08 02:57:20.927169,London-2333,-6,48,Normal
2026-02-08 02:57:21.927169,London-2333,32,71,Normal
2026-02-08 02:57:22.927169,London-2333,22,18,Normal
2026-02-08 02:57:23.927169,London-2333,5,8,Normal
2026-02-08 02:57:24.927169,London-2333,-19,0,Normal
2026-02-08 02:57:25.927169,London-2333,1,91,Normal
2026-02-08 02:57:26.927169,London-2333,12,52,Normal
2026-02-08 02:57:27.927169,London-2333,12,36,Normal
2026-02-08 02:57:28.927169,London-2333,45,81,Normal
2026-02-08 02:57:29.927169,London-2333,-18,43,Normal
2026-02-08 02:57:30.927169,London-2333,0,28,Normal
2026-02-08 02:57:31.927169,London-2333,36,11,Normal
2026-02-08 02:57:32.927169,London-2333,38,4,Normal
2026-02-08 02:57:33.927169,London-2333,3,59,Normal
2026-02-08 02:57:34.927169,London-2333,-16,95,Normal
2026-02-08 02:57:35.927169,London-2333,7,85,Normal
2026-02-08 02:57:36.927169,London-2333,7,34,Normal
2026-02-08 02:57:37.927169,London-2333,-24,56,Normal
2026-02-08 02:57:38.927169,London-2333,-6,65,Normal
2026-02-08 02:57:39.927169,London-2333,28,84,Normal
2026-02-08 02:57:40.927169,London-2333,-3,34,Normal
2026-02-08 02:57:41.927169,London-2333,-19,87,Normal
2026-02-08 02:57:42.927169,London-2333,44,44,Normal
2026-02-08 02:57:43.927169,London-2333,35,12,Normal
2026-02-08 02:57:44.927169,London-2333,-23,73,Normal
2026-02-08 02:57:45.927169,London-2333,6,60,Normal
2026-02-08 02:57:46.927169,London-2333,-23,89,Normal
2026-02-08 02:57:47.927169,London-2333,49,96,Normal
2026-02-08 02:57:48.927169,London-2333,-20,58,Normal
2026-02-08 02:57:49.927169,London-2333,4,39,Normal
2026-02-08 02:57:50.927169,London-2333,-1,59,Normal
2026-02-08 02:57:51.927169,London-2333,-5,93,Normal
2026-02-08 02:57:52.927169,London-2333,39,47,Normal
2026-02-08 02:57:53.927169,London-2333,39,86,Normal
2026-02-08 02:57:54.927169,London-2333,-29,34,Normal
2026-02-08 02:57:55.927169,London-2333,14,58,Normal
2026-02-08 02:57:56.927169,London-2333,-13,95,Normal
2026-02-08 02:57:57.927169,London-2333,50,85,Normal
2026-02-08 02:57:58.927169,London-2333,0,27,Normal
2026-02-08 02:57:59.927169,London-2333,33,48,Normal
2026-02-08 02:58:00.927169,London-2333,22,87,Normal
2026-02-08 02:58:01.927169,London-2333,25,10,Normal
2026-02-08 02:58:02.927169,London-2333,29,9,Normal
2026-02-08 02:58:03.927169,London-2333,-20,85,Normal
2026-02-08 02:58:04.927169,London-2333,-7,64,Normal
2026-02-08 02:58:05.927169,London-2333,7,96,Normal
2026-02-08 02:58:06.927169,London-2333,-8,67,Normal
2026-02-08 02:58:07.927169,London-2333,37,27,Normal
2026-02-08 02:58:08.927169,London-2333,-16,14,Normal
2026-02-08 02:58:09.927169,London-2333,-13,14,Normal
2026-02-08 02:58:10.927169,London-2333,-11,56,Normal
2026-02-08 02:58:11.927169,London-2333,13,44,Normal
2026-02-08 02:58:12.927169,London-2333,4,56,Normal
2026-02-08 02:58:13.927169,London-2333,8,56,Normal
2026-02-08 02:58:14.927169,London-2333,22,52,Normal
2026-02-08 02:58:15.927169,London-2333,9,31,Normal
2026-02-08 02:58:16.927169,London-2333,-8,24,Normal
2026-02-08 02:58:17.927169,London-2333,34,53,Normal
2026-02-08 02:58:18.927169,London-2333,21,70,Normal
2026-02-08 02:58:19.927169,London-2333,5,50,Normal
2026-02-08 02:58:20.927169,London-2333,18,61,Normal
2026-02-08 02:58:21.927169,London-2333,30,92,Normal
2026-02-08 02:58:22.927169,London-2333,35,77,Normal
2026-02-08 02:58:23.927169,London-2333,2,32,Normal
2026-02-08 02:58:24.927169,London-2333,32,90,Normal
2026-02-08 02:58:25.927169,London-2333,45,11,Normal
2026-02-08 02:58:26.927169,London-2333,7,36,Normal
2026-02-08 02:58:27.927169,London-2333,-13,10,Normal
2026-02-08 02:58:28.927169,London-2333,-2,97,Normal
2026-02-08 02:58:29.927169,London-2333,-21,12,Normal
2026-02-08 02:58:30.927169,London-2333,16,57,Normal
2026-02-08 02:58:31.927169,London-2333,-11,91,Normal
2026-02-08 02:58:32.927169,London-2333,-21,88,Normal
2026-02-08 02:58:33.927169,London-2333,-9,7,Normal
2026-02-08 02:58:34.927169,London-2333,19,76,Normal
2026-02-08 02:58:35.927169,London-2333,18,49,Normal
2026-02-08 02:58:36.927169,London-2333,12,50,Normal
2026-02-08 02:58:37.927169,London-2333,-2,28,Normal
2026-02-08 02:58:38.927169,London-2333,-27,6,Normal
2026-02-08 02:58:39.927169,London-2333,13,5,Normal
2026-02-08 02:58:40.927169,London-2333,42,35,Normal
2026-02-08 02:58:41.927169,London-2333,-26,60,Normal
2026-02-08 02:58:42.927169,London-2333,21,87,Normal
2026-02-08 02:58:43.927169,London-2333,28,58,Normal
2026-02-08 02:58:44.927169,London-2333,38,99,Normal
2026-02-08 02:58:45.927169,London-2333,-24,75,Normal
2026-02-08 02:58:46.927169,London-2333,41,97,Normal
2026-02-08 02:58:47.927169,London-2333,-12,46,Normal
2026-02-08 02:58:48.927169,London-2333,17,60,Normal
2026-02-08 02:58:49.927169,London-2333,-30,52,Normal
2026-02-08 02:58:50.927169,London-2333,-16,37,Normal
2026-02-08 02:58:51.927169,London-2333,50,80,Normal
2026-02-08 02:58:52.927169,London-2333,33,71,Normal
2026-02-08 02:58:53.927169,London-2333,12,88,Normal
2026-02-08 02:58:54.927169,London-2333,34,23,Normal
2026-02-08 02:58:55.927169,London-2333,29,21,Normal
2026-02-08 02:58:56.927169,London-2333,-4,20,Normal
2026-02-08 02:58:57.927169,London-2333,-7,95,Normal
2026-02-08 02:58:58.927169,London-2333,21,44,Normal
2026-02-08 02:58:59.927169,London-2333,30,5,Normal
2026-02-08 02:59:00.927169,London-2333,3,71,Normal
2026-02-08 02:59:01.927169,London-2333,13,5,Normal
2026-02-08 02:59:02.927169,London-2333,14,94,Normal
2026-02-08 02:59:03.927169,London-2333,-22,8,Normal
2026-02-08 02:59:04.927169,London-2333,28,85,Normal
2026-02-08 02:59:05.927169,London-2333,0,16,Normal
2026-02-08 02:59:06.927169,London-2333,16,34,Normal
2026-02-08 02:59:07.927169,London-2333,50,72,Normal
2026-02-08 02:59:08.927169,London-2333,-8,30,Normal
2026-02-08 02:59:09.927169,London-2333,40,44,Normal
2026-02-08 02:59:10.927169,London-2333,38,13,Normal
2026-02-08 02:59:11.927169,London-2333,23,12,Normal
2026-02-08 02:59:12.927169,London-2333,-1,64,Normal
2026-02-08 02:59:13.927169,London-2333,-24,15,Normal
2026-02-08 02:59:14.927169,London-2333,-30,78,Normal
2026-02-08 02:59:15.927169,London-2333,-4,97,Normal
2026-02-08 02:59:16.927169,London-2333,16,66,Normal
2026-02-08 02:59:17.927169,London-2333,26,78,Normal
2026-02-08 02:59:18.927169,London-2333,7,1,Normal
2026-02-08 02:59:19.927169,London-2333,20,43,Normal
2026-02-08 02:59:20.927169,London-2333,40,21,Normal
2026-02-08 02:59:21.927169,London-2333,40,6,Normal
2026-02-08 02:59:22.927169,London-2333,34,45,Normal
2026-02-08 02:59:23.927169,London-2333,19,46,Normal
2026-02-08 02:59:24.927169,London-2333,33,27,Normal
2026-02-08 02:59:25.927169,London-2333,-26,88,Normal
2026-02-08 02:59:26.927169,London-2333,-24,18,Normal
2026-02-08 02:59:27.927169,London-2333,2,82,Normal
2026-02-08 02:59:28.927169,London-2333,-23,37,Normal
2026-02-08 02:59:29.927169,London-2333,5,97,Normal
2026-02-08 02:59:30.927169,London-2333,-24,86,Normal
2026-02-08 02:59:31.927169,London-2333,-18,37,Normal
2026-02-08 02:59:32.927169,London-2333,-10,33,Normal
2026-02-08 02:59:33.927169,London-2333,-20,71,Normal
2026-02-08 02:59:34.927169,London-2333,-26,53,Normal
2026-02-08 02:59:35.927169,London-2333,34,70,Normal
2026-02-08 02:59:36.927169,London-2333,-5,74,Normal
2026-02-08 02:59:37.927169,London-2333,32,53,Normal
2026-02-08 02:59:38.927169,London-2333,-24,47,Normal
2026-02-08 02:59:39.927169,London-2333,-25,38,Normal
2026-02-08 02:59:40.927169,London-2333,-28,79,Normal
2026-02-08 02:59:41.927169,London-2333,-7,79,Normal
2026-02-08 02:59:42.927169,London-2333,-9,8,Normal
2026-02-08 02:59:43.927169,London-2333,13,13,Normal
2026-02-08 02:59:44.927169,London-2333,38,21,Normal
2026-02-08 02:59:45.927169,London-2333,49,38,Normal
2026-02-08 02:59:46.927169,London-2333,25,51,Normal
2026-02-08 02:59:47.927169,London-2333,-25,40,Normal
2026-02-08 02:59:48.927169,London-2333,27,25,Normal
2026-02-08 02:59:49.927169,London-2333,48,40,Normal
2026-02-08 02:59:50.927169,London-2333,-18,34,Normal
2026-02-08 02:59:51.927169,London-2333,-19,28,Normal
2026-02-08 02:59:52.927169,London-2333,-2,63,Normal
2026-02-08 02:59:53.927169,London-2333,16,52,Normal
2026-02-08 02:59:54.927169,London-2333,24,48,Normal
2026-02-08 02:59:55.927169,London-2333,15,49,Normal
2026-02-08 02:59:56.927169,London-2333,-9,22,Normal
2026-02-08 02:59:57.927169,London-2333,41,23,Normal
2026-02-08 02:59:58.927169,London-2333,-5,5,Normal
2026-02-08 02:59:59.927169,London-2333,-14,72,Normal
2026-02-08 03:00:00.927169,London-2333,50,90,Normal
2026-02-08 03:00:01.927169,London-2333,-14,83,Normal
2026-02-08 03:00:02.927169,London-2333,33,4,Normal
2026-02-08 03:00:03.927169,London-2333,15,86,Normal
2026-02-08 03:00:04.927169,London-2333,3,14,Normal
2026-02-08 03:00:05.927169,London-2333,-30,17,Normal
2026-02-08 03:00:06.927169,London-2333,6,13,Normal
2026-02-08 03:00:07.927169,London-2333,-26,50,Normal
2026-02-08 03:00:08.927169,London-2333,39,43,Normal
2026-02-08 03:00:09.927169,London-2333,23,93,Normal
2026-02-08 03:00:10.927169,London-2333,-29,58,Normal
2026-02-08 03:00:11.927169,London-2333,5,55,Normal
2026-02-08 03:00:12.927169,London-2333,31,64,Normal
2026-02-08 03:00:13.927169,London-2333,-27,69,Normal
2026-02-08 03:00:14.927169,London-2333,-22,97,Normal
2026-02-08 03:00:15.927169,London-2333,39,87,Normal
2026-02-08 03:00:16.927169,London-2333,46,42,Normal
2026-02-08 03:00:17.927169,London-2333,48,99,Normal
2026-02-08 03:00:18.927169,London-2333,-28,31,Normal
2026-02-08 03:00:19.927169,London-2333,45,98,Normal
2026-02-08 03:00:20.927169,London-2333,-18,86,Normal
2026-02-08 03:00:21.927169,London-2333,2,26,Normal
2026-02-08 03:00:22.927169,London-2333,-11,75,Normal
2026-02-08 03:00:23.927169,London-2333,-19,31,Normal
2026-02-08 03:00:24.927169,London-2333,29,47,Normal
2026-02-08 03:00:25.927169,London-2333,-22,4,Normal
2026-02-08 03:00:26.927169,London-2333,-1,69,Normal
2026-02-08 03:00:27.927169,London-2333,-8,89,Normal
2026-02-08 03:00:28.927169,London-2333,49,52,Normal
2026-02-08 03:00:29.927169,London-2333,35,35,Normal
2026-02-08 03:00:30.927169,London-2333,27,78,Normal
2026-02-08 03:00:31.927169,London-2333,27,52,Normal
2026-02-08 03:00:32.927169,London-2333,15,29,Normal
2026-02-08 03:00:33.927169,London-2333,-13,33,Normal
2026-02-08 03:00:34.927169,London-2333,-28,98,Normal
2026-02-08 03:00:35.927169,London-2333,44,92,Normal
2026-02-08 03:00:36.927169,London-2333,-10,49,Normal
2026-02-08 03:00:37.927169,London-2333,-9,100,Normal
2026-02-08 03:00:38.927169,London-2333,33,28,Normal
2026-02-08 03:00:39.927169,London-2333,-30,50,Normal
2026-02-08 03:00:40.927169,London-2333,-28,56,Normal
2026-02-08 03:00:41.927169,London-2333,33,34,Normal
2026-02-08 03:00:42.927169,London-2333,-18,72,Normal
2026-02-08 03:00:43.927169,London-2333,-16,54,Normal
2026-02-08 03:00:44.927169,London-2333,8,42,Normal
2026-02-08 03:00:45.927169,London-2333,29,2,Normal
2026-02-08 03:00:46.927169,London-2333,16,84,Normal
2026-02-08 03:00:47.927169,London-2333,-30,86,Normal
2026-02-08 03:00:48.927169,London-2333,33,63,Normal
2026-02-08 03:00:49.927169,London-2333,13,39,Normal
2026-02-08 03:00:50.927169,London-2333,-21,13,Normal
2026-02-08 03:00:51.927169,London-2333,-14,0,Normal
2026-02-08 03:00:52.927169,London-2333,-8,4,Normal
2026-02-08 03:00:53.927169,London-2333,-25,9,Normal
2026-02-08 03:00:54.927169,London-2333,-17,92,Normal
2026-02-08 03:00:55.927169,London-2333,-12,31,Normal
2026-02-08 03:00:56.927169,London-2333,-18,31,Normal
2026-02-08 03:00:57.927169,London-2333,41,0,Normal
2026-02-08 03:00:58.927169,London-2333,49,86,Normal
2026-02-08 03:00:59.927169,London-2333,12,36,Normal
2026-02-08 03:01:00.927169,London-2333,22,54,Normal
2026-02-08 03:01:01.927169,London-2333,39,67,Normal
2026-02-08 03:01:02.927169,London-2333,35,20,Normal
2026-02-08 03:01:03.927169,London-2333,43,10,Normal
2026-02-08 03:01:04.927169,London-2333,22,60,Normal
2026-02-08 03:01:05.927169,London-2333,-17,85,Normal
2026-02-08 03:01:06.927169,London-2333,5,51,Normal
2026-02-08 03:01:07.927169,London-2333,32,43,Normal
2026-02-08 03:01:08.927169,London-2333,43,5,Normal
2026-02-08 03:01:09.927169,London-2333,-9,20,Normal
2026-02-08 03:01:10.927169,London-2333,-19,11,Normal
2026-02-08 03:01:11.927169,London-2333,39,77,Normal
2026-02-08 03:01:12.927169,London-2333,18,39,Normal
2026-02-08 03:01:13.927169,London-2333,18,30,Normal
2026-02-08 03:01:14.927169,London-2333,49,53,Normal
2026-02-08 03:01:15.927169,London-2333,47,67,Normal
2026-02-08 03:01:16.927169,London-2333,36,94,Normal
2026-02-08 03:01:17.927169,London-2333,-16,73,Normal
2026-02-08 03:01:18.927169,London-2333,40,81,Normal
2026-02-08 03:01:19.927169,London-2333,32,4,Normal
2026-02-08 03:01:20.927169,London-2333,6,65,Normal
2026-02-08 03:01:21.927169,London-2333,18,47,Normal
2026-02-08 03:01:22.927169,London-2333,23,39,Normal
2026-02-08 03:01:23.927169,London-2333,1,40,Normal
2026-02-08 03:01:24.927169,London-2333,7,82,Normal
2026-02-08 03:01:25.927169,London-2333,-27,95,Normal
2026-02-08 03:01:26.927169,London-2333,-30,36,Normal
2026-02-08 03:01:27.927169,London-2333,10,53,Normal
2026-02-08 03:01:28.927169,London-2333,15,33,Normal
2026-02-08 03:01:29.927169,London-2333,-18,66,Normal
2026-02-08 03:01:30.927169,London-2333,27,14,Normal
2026-02-08 03:01:31.927169,London-2333,10,59,Normal
2026-02-08 03:01:32.927169,London-2333,41,68,Normal
2026-02-08 03:01:33.927169,London-2333,-7,8,Normal
2026-02-08 03:01:34.927169,London-2333,-7,38,Normal
2026-02-08 03:01:35.927169,London-2333,24,9,Normal
2026-02-08 03:01:36.927169,London-2333,37,22,Normal
2026-02-08 03:01:37.927169,London-2333,8,73,Normal
2026-02-08 03:01:38.927169,London-2333,10,39,Normal
2026-02-08 03:01:39.927169,London-2333,28,97,Normal
2026-02-08 03:01:40.927169,London-2333,23,53,Normal
2026-02-08 03:01:41.927169,London-2333,46,10,Normal
2026-02-08 03:01:42.927169,London-2333,30,68,Normal
2026-02-08 03:01:43.927169,London-2333,-8,72,Normal
2026-02-08 03:01:44.927169,London-2333,39,36,Normal
2026-02-08 03:01:45.927169,London-2333,30,82,Normal
2026-02-08 03:01:46.927169,London-2333,-6,10,Normal
2026-02-08 03:01:47.927169,London-2333,-4,77,Normal
2026-02-08 03:01:48.927169,London-2333,-12,69,Normal
2026-02-08 03:01:49.927169,London-2333,17,30,Normal
2026-02-08 03:01:50.927169,London-2333,-9,61,Normal
2026-02-08 03:01:51.927169,London-2333,41,72,Normal
2026-02-08 03:01:52.927169,London-2333,23,17,Normal
2026-02-08 03:01:53.927169,London-2333,6,29,Normal
2026-02-08 03:01:54.927169,London-2333,14,31,Normal
2026-02-08 03:01:55.927169,London-2333,34,3,Normal
2026-02-08 03:01:56.927169,London-2333,-4,39,Normal
2026-02-08 03:01:57.927169,London-2333,30,12,Normal
2026-02-08 03:01:58.927169,London-2333,-11,6,Normal
2026-02-08 03:01:59.927169,London-2333,-18,30,Normal
2026-02-08 03:02:00.927169,London-2333,23,80,Normal
2026-02-08 03:02:01.927169,London-2333,-18,11,Normal
2026-02-08 03:02:02.927169,London-2333,-16,45,Normal
2026-02-08 03:02:03.927169,London-2333,47,49,Normal
2026-02-08 03:02:04.927169,London-2333,34,72,Normal
2026-02-08 03:02:05.927169,London-2333,40,32,Normal
2026-02-08 03:02:06.927169,London-2333,31,2,Normal
2026-02-08 03:02:07.927169,London-2333,50,48,Normal
2026-02-08 03:02:08.927169,London-2333,-28,96,Normal
2026-02-08 03:02:09.927169,London-2333,7,35,Normal
2026-02-08 03:02:10.927169,London-2333,24,19,Normal
2026-02-08 03:02:11.927169,London-2333,2,91,Normal
2026-02-08 03:02:12.927169,London-2333,23,88,Normal
2026-02-08 03:02:13.927169,London-2333,14,62,Normal
2026-02-08 03:02:14.927169,London-2333,4,40,Normal
2026-02-08 03:02:15.927169,London-2333,-8,28,Normal
2026-02-08 03:02:16.927169,London-2333,-30,93,Normal
2026-02-08 03:02:17.927169,London-2333,10,70,Normal
2026-02-08 03:02:18.927169,London-2333,-24,10,Normal
2026-02-08 03:02:19.927169,London-2333,-3,69,Normal
2026-02-08 03:02:20.927169,London-2333,-8,65,Normal
2026-02-08 03:02:21.927169,London-2333,38,51,Normal
2026-02-08 03:02:22.927169,London-2333,34,91,Normal
2026-02-08 03:02:23.927169,London-2333,-21,95,Normal
2026-02-08 03:02:24.927169,London-2333,8,59,Normal
2026-02-08 03:02:25.927169,London-2333,24,52,Normal
2026-02-08 03:02:26.927169,London-2333,-10,55,Normal
2026-02-08 03:02:27.927169,London-2333,-24,41,Normal
2026-02-08 03:02:28.927169,London-2333,46,100,Normal
2026-02-08 03:02:29.927169,London-2333,29,95,Normal
2026-02-08 03:02:30.927169,London-2333,35,42,Normal
2026-02-08 03:02:31.927169,London-2333,-22,92,Normal
2026-02-08 03:02:32.927169,London-2333,26,30,Normal
2026-02-08 03:02:33.927169,London-2333,47,78,Normal
2026-02-08 03:02:34.927169,London-2333,13,79,Normal
2026-02-08 03:02:35.927169,London-2333,-26,86,Normal
2026-02-08 03:02:36.927169,London-2333,20,0,Normal
2026-02-08 03:02:37.927169,London-2333,-17,38,Normal
2026-02-08 03:02:38.927169,London-2333,7,90,Normal
2026-02-08 03:02:39.927169,London-2333,22,3,Normal
2026-02-08 03:02:40.927169,London-2333,-24,65,Normal
2026-02-08 03:02:41.927169,London-2333,7,2,Normal
2026-02-08 03:02:42.927169,London-2333,-11,76,Normal
2026-02-08 03:02:43.927169,London-2333,17,82,Normal
2026-02-08 03:02:44.927169,London-2333,12,20,Normal
2026-02-08 03:02:45.927169,London-2333,18,57,Normal
2026-02-08 03:02:46.927169,London-2333,-20,99,Normal
2026-02-08 03:02:47.927169,London-2333,49,51,Normal
2026-02-08 03:02:48.927169,London-2333,10,13,Normal
2026-02-08 03:02:49.927169,London-2333,24,8,Normal
2026-02-08 03:02:50.927169,London-2333,19,32,Normal
2026-02-08 03:02:51.927169,London-2333,6,63,Normal
2026-02-08 03:02:52.927169,London-2333,19,55,Normal
2026-02-08 03:02:53.927169,London-2333,20,32,Normal
2026-02-08 03:02:54.927169,London-2333,16,59,Normal
2026-02-08 03:02:55.927169,London-2333,-21,34,Normal
2026-02-08 03:02:56.927169,London-2333,-14,20,Normal
2026-02-08 03:02:57.927169,London-2333,31,91,Normal
2026-02-08 03:02:58.927169,London-2333,-18,91,Normal
2026-02-08 03:02:59.927169,London-2333,44,48,Normal
2026-02-08 03:03:00.927169,London-2333,40,46,Normal
2026-02-08 03:03:01.927169,London-2333,-10,76,Normal
2026-02-08 03:03:02.927169,London-2333,-11,33,Normal
2026-02-08 03:03:03.927169,London-2333,-14,76,Normal
2026-02-08 03:03:04.927169,London-2333,-25,68,Normal
2026-02-08 03:03:05.927169,London-2333,-24,53,Normal
2026-02-08 03:03:06.927169,London-2333,31,96,Normal
2026-02-08 03:03:07.927169,London-2333,9,74,Normal
2026-02-08 03:03:08.927169,London-2333,45,66,Normal
2026-02-08 03:03:09.927169,London-2333,22,48,Normal
2026-02-08 03:03:10.927169,London-2333,-21,34,Normal
2026-02-08 03:03:11.927169,London-2333,34,7,Normal
2026-02-08 03:03:12.927169,London-2333,50,32,Normal
2026-02-08 03:03:13.927169,London-2333,-24,99,Normal
2026-02-08 03:03:14.927169,London-2333,-16,79,Normal
2026-02-08 03:03:15.927169,London-2333,50,47,Normal
2026-02-08 03:03:16.927169,London-2333,30,77,Normal
2026-02-08 03:03:17.927169,London-2333,-2,23,Normal
2026-02-08 03:03:18.927169,London-2333,13,56,Normal
2026-02-08 03:03:19.927169,London-2333,-26,55,Normal
2026-02-08 03:03:20.927169,London-2333,47,96,Normal
2026-02-08 03:03:21.927169,London-2333,27,40,Normal
2026-02-08 03:03:22.927169,London-2333,-25,79,Normal
2026-02-08 03:03:23.927169,London-2333,18,18,Normal
2026-02-08 03:03:24.927169,London-2333,25,51,Normal
2026-02-08 03:03:25.927169,London-2333,23,80,Normal
2026-02-08 03:03:26.927169,London-2333,-21,57,Normal
2026-02-08 03:03:27.927169,London-2333,1,55,Normal
2026-02-08 03:03:28.927169,London-2333,46,55,Normal
2026-02-08 03:03:29.927169,London-2333,2,46,Normal
2026-02-08 03:03:30.927169,London-2333,-2,54,Normal
2026-02-08 03:03:31.927169,London-2333,12,53,Normal
2026-02-08 03:03:32.927169,London-2333,-17,19,Normal
2026-02-08 03:03:33.927169,London-2333,10,25,Normal
2026-02-08 03:03:34.927169,London-2333,-8,86,Normal
2026-02-08 03:03:35.927169,London-2333,-23,73,Normal
2026-02-08 03:03:36.927169,London-2333,-13,44,Normal
2026-02-08 03:03:37.927169,London-2333,-2,47,Normal
2026-02-08 03:03:38.927169,London-2333,32,14,Normal
2026-02-08 03:03:39.927169,London-2333,-27,22,Normal
2026-02-08 03:03:40.927169,London-2333,4,49,Normal
2026-02-08 03:03:41.927169,London-2333,8,39,Normal
2026-02-08 03:03:42.927169,London-2333,31,48,Normal
2026-02-08 03:03:43.927169,London-2333,-19,55,Normal
2026-02-08 03:03:44.927169,London-2333,24,7,Normal
2026-02-08 03:03:45.927169,London-2333,-7,36,Normal
2026-02-08 03:03:46.927169,London-2333,33,18,Normal
2026-02-08 03:03:47.927169,London-2333,3,47,Normal
2026-02-08 03:03:48.927169,London-2333,-8,87,Normal
2026-02-08 03:03:49.927169,London-2333,47,70,Normal
2026-02-08 03:03:50.927169,London-2333,40,51,Normal
2026-02-08 03:03:51.927169,London-2333,-27,52,Normal
2026-02-08 03:03:52.927169,London-2333,-16,3,Normal
2026-02-08 03:03:53.927169,London-2333,1,8,Normal
2026-02-08 03:03:54.927169,London-2333,43,47,Normal
2026-02-08 03:03:55.927169,London-2333,49,9,Normal
2026-02-08 03:03:56.927169,London-2333,18,83,Normal
2026-02-08 03:03:57.927169,London-2333,14,34,Normal
2026-02-08 03:03:58.927169,London-2333,8,23,Normal
2026-02-08 03:03:59.927169,London-2333,-16,53,Normal
2026-02-08 03:04:00.927169,London-2333,-24,25,Normal
2026-02-08 03:04:01.927169,London-2333,34,31,Normal
2026-02-08 03:04:02.927169,London-2333,47,31,Normal
2026-02-08 03:04:03.927169,London-2333,47,32,Normal
2026-02-08 03:04:04.927169,London-2333,22,29,Normal
2026-02-08 03:04:05.927169,London-2333,-10,99,Normal
2026-02-08 03:04:06.927169,London-2333,41,25,Normal
2026-02-08 03:04:07.927169,London-2333,32,1,Normal
2026-02-08 03:04:08.927169,London-2333,13,10,Normal
2026-02-08 03:04:09.927169,London-2333,7,1,Normal
2026-02-08 03:04:10.927169,London-2333,-18,10,Normal
2026-02-08 03:04:11.927169,London-2333,3,49,Normal
2026-02-08 03:04:12.927169,London-2333,26,40,Normal
2026-02-08 03:04:13.927169,London-2333,18,49,Normal
2026-02-08 03:04:14.927169,London-2333,-20,31,Normal
2026-02-08 03:04:15.927169,London-2333,28,34,Normal
2026-02-08 03:04:16.927169,London-2333,-8,9,Normal
2026-02-08 03:04:17.927169,London-2333,16,35,Normal
2026-02-08 03:04:18.927169,London-2333,-17,41,Normal
2026-02-08 03:04:19.927169,London-2333,6,81,Normal
2026-02-08 03:04:20.927169,London-2333,2,0,Normal
2026-02-08 03:04:21.927169,London-2333,-29,58,Normal
2026-02-08 03:04:22.927169,London-2333,29,19,Normal
2026-02-08 03:04:23.927169,London-2333,42,91,Normal
2026-02-08 03:04:24.927169,London-2333,49,20,Normal
2026-02-08 03:04:25.927169,London-2333,-28,39,Normal
2026-02-08 03:04:26.927169,London-2333,-8,7,Normal
2026-02-08 03:04:27.927169,London-2333,5,95,Normal
2026-02-08 03:04:28.927169,London-2333,24,2,Normal
2026-02-08 03:04:29.927169,London-2333,32,39,Normal
2026-02-08 03:04:30.927169,London-2333,34,53,Normal
2026-02-08 03:04:31.927169,London-2333,32,73,Normal
2026-02-08 03:04:32.927169,London-2333,-11,25,Normal
2026-02-08 03:04:33.927169,London-2333,-30,80,Normal
2026-02-08 03:04:34.927169,London-2333,48,27,Normal
2026-02-08 03:04:35.927169,London-2333,-28,33,Normal
2026-02-08 03:04:36.927169,London-2333,-2,56,Normal
2026-02-08 03:04:37.927169,London-2333,50,13,Normal
2026-02-08 03:04:38.927169,London-2333,-11,24,Normal
2026-02-08 03:04:39.927169,London-2333,46,0,Normal
2026-02-08 03:04:40.927169,London-2333,32,0,Normal
2026-02-08 03:04:41.927169,London-2333,6,42,Normal
2026-02-08 03:04:42.927169,London-2333,-16,33,Normal
2026-02-08 03:04:43.927169,London-2333,-3,26,Normal
2026-02-08 03:04:44.927169,London-2333,-12,2,Normal
2026-02-08 03:04:45.927169,London-2333,18,16,Normal
2026-02-08 03:04:46.927169,London-2333,41,5,Normal
2026-02-08 03:04:47.927169,London-2333,-5,10,Normal
2026-02-08 03:04:48.927169,London-2333,-1,32,Normal
2026-02-08 03:04:49.927169,London-2333,46,44,Normal
2026-02-08 03:04:50.927169,London-2333,-3,10,Normal
2026-02-08 03:04:51.927169,London-2333,18,22,Normal
2026-02-08 03:04:52.927169,London-2333,42,50,Normal
2026-02-08 03:04:53.927169,London-2333,35,92,Normal
2026-02-08 03:04:54.927169,London-2333,41,75,Normal
2026-02-08 03:04:55.927169,London-2333,6,7,Normal
2026-02-08 03:04:56.927169,London-2333,-4,0,Normal
2026-02-08 03:04:57.927169,London-2333,19,50,Normal
2026-02-08 03:04:58.927169,London-2333,-9,63,Normal
2026-02-08 03:04:59.927169,London-2333,24,52,Normal
2026-02-08 03:05:00.927169,London-2333,45,64,Normal
2026-02-08 03:05:01.927169,London-2333,2,54,Normal
2026-02-08 03:05:02.927169,London-2333,48,87,Normal
2026-02-08 03:05:03.927169,London-2333,30,55,Normal
2026-02-08 03:05:04.927169,London-2333,46,82,Normal
2026-02-08 03:05:05.927169,London-2333,16,28,Normal
2026-02-08 03:05:06.927169,London-2333,29,91,Normal
2026-02-08 03:05:07.927169,London-2333,15,82,Normal
2026-02-08 03:05:08.927169,London-2333,43,36,Normal
2026-02-08 03:05:09.927169,London-2333,11,34,Normal
2026-02-08 03:05:10.927169,London-2333,39,90,Normal
2026-02-08 03:05:11.927169,London-2333,-26,41,Normal
2026-02-08 03:05:12.927169,London-2333,47,54,Normal
2026-02-08 03:05:13.927169,London-2333,25,32,Normal
2026-02-08 03:05:14.927169,London-2333,-15,95,Normal
2026-02-08 03:05:15.927169,London-2333,-30,21,Normal
2026-02-08 03:05:16.927169,London-2333,2,92,Normal
2026-02-08 03:05:17.927169,London-2333,-17,20,Normal
2026-02-08 03:05:18.927169,London-2333,-18,13,Normal
2026-02-08 03:05:19.927169,London-2333,12,91,Normal
2026-02-08 03:05:20.927169,London-2333,27,37,Normal
2026-02-08 03:05:21.927169,London-2333,41,79,Normal
2026-02-08 03:05:22.927169,London-2333,2,51,Normal
2026-02-08 03:05:23.927169,London-2333,-11,55,Normal
2026-02-08 03:05:24.927169,London-2333,-5,77,Normal
2026-02-08 03:05:25.927169,London-2333,28,81,Normal
2026-02-08 03:05:26.927169,London-2333,32,94,Normal
2026-02-08 03:05:27.927169,London-2333,15,70,Normal
2026-02-08 03:05:28.927169,London-2333,-29,32,Normal
2026-02-08 03:05:29.927169,London-2333,32,95,Normal
2026-02-08 03:05:30.927169,London-2333,35,65,Normal
2026-02-08 03:05:31.927169,London-2333,-12,61,Normal
2026-02-08 03:05:32.927169,London-2333,25,43,Normal
2026-02-08 03:05:33.927169,London-2333,6,92,Normal
2026-02-08 03:05:34.927169,London-2333,-16,80,Normal
2026-02-08 03:05:35.927169,London-2333,2,24,Normal
2026-02-08 03:05:36.927169,London-2333,3,36,Normal
2026-02-08 03:05:37.927169,London-2333,-27,11,Normal
2026-02-08 03:05:38.927169,London-2333,-27,97,Normal
2026-02-08 03:05:39.927169,London-2333,-21,87,Normal
2026-02-08 03:05:40.927169,London-2333,46,19,Normal
2026-02-08 03:05:41.927169,London-2333,14,15,Normal
2026-02-08 03:05:42.927169,London-2333,30,57,Normal
2026-02-08 03:05:43.927169,London-2333,17,54,Normal
2026-02-08 03:05:44.927169,London-2333,34,70,Normal
2026-02-08 03:05:45.927169,London-2333,15,18,Normal
2026-02-08 03:05:46.927169,London-2333,36,68,Normal
2026-02-08 03:05:47.927169,London-2333,27,40,Normal
2026-02-08 03:05:48.927169,London-2333,-21,73,Normal
2026-02-08 03:05:49.927169,London-2333,-21,29,Normal
2026-02-08 03:05:50.927169,London-2333,-22,64,Normal
2026-02-08 03:05:51.927169,London-2333,-25,69,Normal
2026-02-08 03:05:52.927169,London-2333,36,41,Normal
2026-02-08 03:05:53.927169,London-2333,30,84,Normal
2026-02-08 03:05:54.927169,London-2333,13,44,Normal
2026-02-08 03:05:55.927169,London-2333,-6,4,Normal
2026-02-08 03:05:56.927169,London-2333,-28,65,Normal
2026-02-08 03:05:57.927169,London-2333,50,92,Normal
2026-02-08 03:05:58.927169,London-2333,-2,20,Normal
2026-02-08 03:05:59.927169,London-2333,14,53,Normal
2026-02-08 03:06:00.927169,London-2333,23,73,Normal
2026-02-08 03:06:01.927169,London-2333,-6,31,Normal
2026-02-08 03:06:02.927169,London-2333,38,56,Normal
2026-02-08 03:06:03.927169,London-2333,32,87,Normal
2026-02-08 03:06:04.927169,London-2333,18,6,Normal
2026-02-08 03:06:05.927169,London-2333,-21,94,Normal
2026-02-08 03:06:06.927169,London-2333,-3,27,Normal
2026-02-08 03:06:07.927169,London-2333,40,48,Normal
2026-02-08 03:06:08.927169,London-2333,27,17,Normal
2026-02-08 03:06:09.927169,London-2333,-16,51,Normal
2026-02-08 03:06:10.927169,London-2333,32,55,Normal
2026-02-08 03:06:11.927169,London-2333,-6,74,Normal
2026-02-08 03:06:12.927169,London-2333,-24,42,Normal
2026-02-08 03:06:13.927169,London-2333,-27,15,Normal
2026-02-08 03:06:14.927169,London-2333,33,65,Normal
2026-02-08 03:06:15.927169,London-2333,-29,82,Normal
2026-02-08 03:06:16.927169,London-2333,14,58,Normal
2026-02-08 03:06:17.927169,London-2333,-2,31,Normal
2026-02-08 03:06:18.927169,London-2333,19,41,Normal
2026-02-08 03:06:19.927169,London-2333,45,13,Normal
2026-02-08 03:06:20.927169,London-2333,-19,23,Normal
2026-02-08 03:06:21.927169,London-2333,-21,86,Normal
2026-02-08 03:06:22.927169,London-2333,5,79,Normal
2026-02-08 03:06:23.927169,London-2333,33,48,Normal
2026-02-08 03:06:24.927169,London-2333,41,37,Normal
2026-02-08 03:06:25.927169,London-2333,-20,81,Normal
2026-02-08 03:06:26.927169,London-2333,38,34,Normal
2026-02-08 03:06:27.927169,London-2333,19,19,Normal
2026-02-08 03:06:28.927169,London-2333,-17,43,Normal
2026-02-08 03:06:29.927169,London-2333,38,36,Normal
2026-02-08 03:06:30.927169,London-2333,28,51,Normal
2026-02-08 03:06:31.927169,London-2333,-12,32,Normal
2026-02-08 03:06:32.927169,London-2333,-19,40,Normal
2026-02-08 03:06:33.927169,London-2333,-16,27,Normal
2026-02-08 03:06:34.927169,London-2333,8,99,Normal
2026-02-08 03:06:35.927169,London-2333,8,82,Normal
2026-02-08 03:06:36.927169,London-2333,32,59,Normal
2026-02-08 03:06:37.927169,London-2333,-5,43,Normal
2026-02-08 03:06:38.927169,London-2333,-20,50,Normal
2026-02-08 03:06:39.927169,London-2333,9,81,Normal
2026-02-08 03:06:40.927169,London-2333,30,91,Normal
2026-02-08 03:06:41.927169,London-2333,-10,19,Normal
2026-02-08 03:06:42.927169,London-2333,24,39,Normal
2026-02-08 03:06:43.927169,London-2333,-17,100,Normal
2026-02-08 03:06:44.927169,London-2333,37,42,Normal
2026-02-08 03:06:45.927169,London-2333,37,72,Normal
2026-02-08 03:06:46.927169,London-2333,25,84,Normal
2026-02-08 03:06:47.927169,London-2333,0,90,Normal
2026-02-08 03:06:48.927169,London-2333,-29,87,Normal
2026-02-08 03:06:49.927169,London-2333,-22,92,Normal
2026-02-08 03:06:50.927169,London-2333,-10,12,Normal
2026-02-08 03:06:51.927169,London-2333,42,38,Normal
2026-02-08 03:06:52.927169,London-2333,34,11,Normal
2026-02-08 03:06:53.927169,London-2333,24,38,Normal
2026-02-08 03:06:54.927169,London-2333,-3,52,Normal
2026-02-08 03:06:55.927169,London-2333,-2,30,Normal
2026-02-08 03:06:56.927169,London-2333,-21,40,Normal
2026-02-08 03:06:57.927169,London-2333,-5,65,Normal
2026-02-08 03:06:58.927169,London-2333,29,57,Normal
2026-02-08 03:06:59.927169,London-2333,20,63,Normal
2026-02-08 03:07:00.927169,London-2333,7,21,Normal
2026-02-08 03:07:01.927169,London-2333,-24,68,Normal
2026-02-08 03:07:02.927169,London-2333,42,80,Normal
2026-02-08 03:07:03.927169,London-2333,-2,19,Normal
2026-02-08 03:07:04.927169,London-2333,-5,69,Normal
2026-02-08 03:07:05.927169,London-2333,30,100,Normal
2026-02-08 03:07:06.927169,London-2333,32,6,Normal
2026-02-08 03:07:07.927169,London-2333,-29,36,Normal
2026-02-08 03:07:08.927169,London-2333,8,91,Normal
2026-02-08 03:07:09.927169,London-2333,23,22,Normal
2026-02-08 03:07:10.927169,London-2333,17,53,Normal
2026-02-08 03:07:11.927169,London-2333,16,97,Normal
2026-02-08 03:07:12.927169,London-2333,41,19,Normal
2026-02-08 03:07:13.927169,London-2333,-25,84,Normal
2026-02-08 03:07:14.927169,London-2333,38,32,Normal
2026-02-08 03:07:15.927169,London-2333,48,7,Normal
2026-02-08 03:07:16.927169,London-2333,28,99,Normal
2026-02-08 03:07:17.927169,London-2333,36,81,Normal
2026-02-08 03:07:18.927169,London-2333,10,98,Normal
2026-02-08 03:07:19.927169,London-2333,4,76,Normal
2026-02-08 03:07:20.927169,London-2333,26,62,Normal
2026-02-08 03:07:21.927169,London-2333,46,73,Normal
2026-02-08 03:07:22.927169,London-2333,-28,55,Normal
2026-02-08 03:07:23.927169,London-2333,30,33,Normal
2026-02-08 03:07:24.927169,London-2333,-28,88,Normal
2026-02-08 03:07:25.927169,London-2333,49,13,Normal
2026-02-08 03:07:26.927169,London-2333,12,58,Normal
2026-02-08 03:07:27.927169,London-2333,42,80,Normal
2026-02-08 03:07:28.927169,London-2333,26,3,Normal
2026-02-08 03:07:29.927169,London-2333,43,37,Normal
2026-02-08 03:07:30.927169,London-2333,5,25,Normal
2026-02-08 03:07:31.927169,London-2333,-7,5,Normal
2026-02-08 03:07:32.927169,London-2333,47,85,Normal
2026-02-08 03:07:33.927169,London-2333,-10,57,Normal
2026-02-08 03:07:34.927169,London-2333,36,24,Normal
2026-02-08 03:07:35.927169,London-2333,10,52,Normal
2026-02-08 03:07:36.927169,London-2333,-4,71,Normal
2026-02-08 03:07:37.927169,London-2333,-29,65,Normal
2026-02-08 03:07:38.927169,London-2333,25,63,Normal
2026-02-08 03:07:39.927169,London-2333,49,59,Normal
2026-02-08 03:07:40.927169,London-2333,-19,29,Normal
2026-02-08 03:07:41.927169,London-2333,7,18,Normal
2026-02-08 03:07:42.927169,London-2333,11,19,Normal
2026-02-08 03:07:43.927169,London-2333,-27,13,Normal
2026-02-08 03:07:44.927169,London-2333,31,50,Normal
2026-02-08 03:07:45.927169,London-2333,-3,18,Normal
2026-02-08 03:07:46.927169,London-2333,-11,41,Normal
2026-02-08 03:07:47.927169,London-2333,29,75,Normal
2026-02-08 03:07:48.927169,London-2333,-12,30,Normal
2026-02-08 03:07:49.927169,London-2333,43,97,Normal
2026-02-08 03:07:50.927169,London-2333,29,77,Normal
2026-02-08 03:07:51.927169,London-2333,17,94,Normal
2026-02-08 03:07:52.927169,London-2333,-10,62,Normal
2026-02-08 03:07:53.927169,London-2333,50,52,Normal
2026-02-08 03:07:54.927169,London-2333,1,23,Normal
2026-02-08 03:07:55.927169,London-2333,40,1,Normal
2026-02-08 03:07:56.927169,London-2333,48,13,Normal
2026-02-08 03:07:57.927169,London-2333,7,28,Normal
2026-02-08 03:07:58.927169,London-2333,9,10,Normal
2026-02-08 03:07:59.927169,London-2333,30,58,Normal
2026-02-08 03:08:00.927169,London-2333,2,80,Normal
2026-02-08 03:08:01.927169,London-2333,15,57,Normal
2026-02-08 03:08:02.927169,London-2333,-1,81,Normal
2026-02-08 03:08:03.927169,London-2333,18,15,Normal
2026-02-08 03:08:04.927169,London-2333,20,9,Normal
2026-02-08 03:08:05.927169,London-2333,-23,34,Normal
2026-02-08 03:08:06.927169,London-2333,3,87,Normal
2026-02-08 03:08:07.927169,London-2333,13,45,Normal
2026-02-08 03:08:08.927169,London-2333,18,31,Normal
2026-02-08 03:08:09.927169,London-2333,-14,54,Normal
2026-02-08 03:08:10.927169,London-2333,8,59,Normal
2026-02-08 03:08:11.927169,London-2333,-5,53,Normal
2026-02-08 03:08:12.927169,London-2333,14,91,Normal
2026-02-08 03:08:13.927169,London-2333,5,39,Normal
2026-02-08 03:08:14.927169,London-2333,46,49,Normal
2026-02-08 03:08:15.927169,London-2333,-30,1,Normal
2026-02-08 03:08:16.927169,London-2333,1,11,Normal
2026-02-08 03:08:17.927169,London-2333,17,17,Normal
2026-02-08 03:08:18.927169,London-2333,-26,32,Normal
2026-02-08 03:08:19.927169,London-2333,4,81,Normal
2026-02-08 03:08:20.927169,London-2333,47,82,Normal
2026-02-08 03:08:21.927169,London-2333,19,11,Normal
2026-02-08 03:08:22.927169,London-2333,16,75,Normal
2026-02-08 03:08:23.927169,London-2333,20,29,Normal
2026-02-08 03:08:24.927169,London-2333,8,94,Normal
2026-02-08 03:08:25.927169,London-2333,22,45,Normal
2026-02-08 03:08:26.927169,London-2333,-12,44,Normal
2026-02-08 03:08:27.927169,London-2333,-11,21,Normal
2026-02-08 03:08:28.927169,London-2333,-1,92,Normal
2026-02-08 03:08:29.927169,London-2333,2,92,Normal
2026-02-08 03:08:30.927169,London-2333,49,63,Normal
2026-02-08 03:08:31.927169,London-2333,-19,74,Normal
2026-02-08 03:08:32.927169,London-2333,21,49,Normal
2026-02-08 03:08:33.927169,London-2333,24,87,Normal
2026-02-08 03:08:34.927169,London-2333,8,4,Normal
2026-02-08 03:08:35.927169,London-2333,39,52,Normal
2026-02-08 03:08:36.927169,London-2333,30,87,Normal
2026-02-08 03:08:37.927169,London-2333,34,91,Normal
2026-02-08 03:08:38.927169,London-2333,50,74,Normal
2026-02-08 03:08:39.927169,London-2333,-27,81,Normal
2026-02-08 03:08:40.927169,London-2333,5,55,Normal
2026-02-08 03:08:41.927169,London-2333,42,50,Normal
2026-02-08 03:08:42.927169,London-2333,47,17,Normal
2026-02-08 03:08:43.927169,London-2333,15,84,Normal
2026-02-08 03:08:44.927169,London-2333,-21,81,Normal
2026-02-08 03:08:45.927169,London-2333,30,76,Normal
2026-02-08 03:08:46.927169,London-2333,15,33,Normal
2026-02-08 03:08:47.927169,London-2333,-11,16,Normal
2026-02-08 03:08:48.927169,London-2333,7,1,Normal
2026-02-08 03:08:49.927169,London-2333,40,77,Normal
2026-02-08 03:08:50.927169,London-2333,48,52,Normal
2026-02-08 03:08:51.927169,London-2333,-14,34,Normal
2026-02-08 03:08:52.927169,London-2333,-1,31,Normal
2026-02-08 03:08:53.927169,London-2333,8,72,Normal
2026-02-08 03:08:54.927169,London-2333,-27,36,Normal
2026-02-08 03:08:55.927169,London-2333,-19,94,Normal
2026-02-08 03:08:56.927169,London-2333,26,28,Normal
2026-02-08 03:08:57.927169,London-2333,31,23,Normal
2026-02-08 03:08:58.927169,London-2333,37,45,Normal
2026-02-08 03:08:59.927169,London-2333,34,56,Normal
2026-02-08 03:09:00.927169,London-2333,-7,67,Normal
2026-02-08 03:09:01.927169,London-2333,1,62,Normal
2026-02-08 03:09:02.927169,London-2333,-10,4,Normal
2026-02-08 03:09:03.927169,London-2333,4,80,Normal
2026-02-08 03:09:04.927169,London-2333,-30,99,Normal
2026-02-08 03:09:05.927169,London-2333,29,78,Normal
2026-02-08 03:09:06.927169,London-2333,15,71,Normal
2026-02-08 03:09:07.927169,London-2333,9,47,Normal
2026-02-08 03:09:08.927169,London-2333,12,26,Normal
2026-02-08 03:09:09.927169,London-2333,50,14,Normal
2026-02-08 03:09:10.927169,London-2333,42,98,Normal
2026-02-08 03:09:11.927169,London-2333,6,86,Normal
2026-02-08 03:09:12.927169,London-2333,19,13,Normal
2026-02-08 03:09:13.927169,London-2333,-24,80,Normal
2026-02-08 03:09:14.927169,London-2333,-9,48,Normal
2026-02-08 03:09:15.927169,London-2333,21,12,Normal
2026-02-08 03:09:16.927169,London-2333,45,4,Normal
2026-02-08 03:09:17.927169,London-2333,-9,0,Normal
2026-02-08 03:09:18.927169,London-2333,34,97,Normal
2026-02-08 03:09:19.927169,London-2333,13,3,Normal
2026-02-08 03:09:20.927169,London-2333,-8,83,Normal
2026-02-08 03:09:21.927169,London-2333,-15,92,Normal
2026-02-08 03:09:22.927169,London-2333,1,29,Normal
2026-02-08 03:09:23.927169,London-2333,30,64,Normal
2026-02-08 03:09:24.927169,London-2333,45,100,Normal
2026-02-08 03:09:25.927169,London-2333,-16,34,Normal
2026-02-08 03:09:26.927169,London-2333,28,19,Normal
2026-02-08 03:09:27.927169,London-2333,27,83,Normal
2026-02-08 03:09:28.927169,London-2333,17,53,Normal
2026-02-08 03:09:29.927169,London-2333,16,65,Normal
2026-02-08 03:09:30.927169,London-2333,-23,85,Normal
2026-02-08 03:09:31.927169,London-2333,20,83,Normal
2026-02-08 03:09:32.927169,London-2333,7,71,Normal
2026-02-08 03:09:33.927169,London-2333,-3,36,Normal
2026-02-08 03:09:34.927169,London-2333,25,51,Normal
2026-02-08 03:09:35.927169,London-2333,-25,24,Normal
2026-02-08 03:09:36.927169,London-2333,47,46,Normal
2026-02-08 03:09:37.927169,London-2333,-22,94,Normal
2026-02-08 03:09:38.927169,London-2333,-25,83,Normal
2026-02-08 03:09:39.927169,London-2333,25,35,Normal
2026-02-08 03:09:40.927169,London-2333,24,57,Normal
2026-02-08 03:09:41.927169,London-2333,48,84,Normal
2026-02-08 03:09:42.927169,London-2333,23,63,Normal
2026-02-08 03:09:43.927169,London-2333,-25,72,Normal
2026-02-08 03:09:44.927169,London-2333,15,24,Normal
2026-02-08 03:09:45.927169,London-2333,-3,94,Normal
2026-02-08 03:09:46.927169,London-2333,2,71,Normal
2026-02-08 03:09:47.927169,London-2333,25,30,Normal
2026-02-08 03:09:48.927169,London-2333,50,92,Normal
2026-02-08 03:09:49.927169,London-2333,10,41,Normal
2026-02-08 03:09:50.927169,London-2333,-21,99,Normal
2026-02-08 03:09:51.927169,London-2333,48,29,Normal
2026-02-08 03:09:52.927169,London-2333,-1,97,Normal
2026-02-08 03:09:53.927169,London-2333,-28,45,Normal
2026-02-08 03:09:54.927169,London-2333,37,31,Normal
2026-02-08 03:09:55.927169,London-2333,-12,44,Normal
2026-02-08 03:09:56.927169,London-2333,-1,11,Normal
2026-02-08 03:09:57.927169,London-2333,-7,27,Normal
2026-02-08 03:09:58.927169,London-2333,32,9,Normal
2026-02-08 03:09:59.927169,London-2333,44,88,Normal
2026-02-08 03:10:00.927169,London-2333,8,95,Normal
2026-02-08 03:10:01.927169,London-2333,-27,16,Normal
2026-02-08 03:10:02.927169,London-2333,0,57,Normal
2026-02-08 03:10:03.927169,London-2333,-25,61,Normal
2026-02-08 03:10:04.927169,London-2333,21,46,Normal
2026-02-08 03:10:05.927169,London-2333,-6,4,Normal
2026-02-08 03:10:06.927169,London-2333,-20,2,Normal
2026-02-08 03:10:07.927169,London-2333,0,84,Normal
2026-02-08 03:10:08.927169,London-2333,15,96,Normal
2026-02-08 03:10:09.927169,London-2333,36,10,Normal
2026-02-08 03:10:10.927169,London-2333,35,57,Normal
2026-02-08 03:10:11.927169,London-2333,37,79,Normal
2026-02-08 03:10:12.927169,London-2333,23,57,Normal
2026-02-08 03:10:13.927169,London-2333,-13,99,Normal
2026-02-08 03:10:14.927169,London-2333,-9,91,Normal
2026-02-08 03:10:15.927169,London-2333,39,79,Normal
2026-02-08 03:10:16.927169,London-2333,25,78,Normal
2026-02-08 03:10:17.927169,London-2333,36,50,Normal
2026-02-08 03:10:18.927169,London-2333,-6,81,Normal
2026-02-08 03:10:19.927169,London-2333,8,94,Normal
2026-02-08 03:10:20.927169,London-2333,5,59,Normal
2026-02-08 03:10:21.927169,London-2333,-7,20,Normal
2026-02-08 03:10:22.927169,London-2333,8,66,Normal
2026-02-08 03:10:23.927169,London-2333,-14,8,Normal
2026-02-08 03:10:24.927169,London-2333,36,52,Normal
2026-02-08 03:10:25.927169,London-2333,13,93,Normal
2026-02-08 03:10:26.927169,London-2333,-13,55,Normal
2026-02-08 03:10:27.927169,London-2333,16,15,Normal
2026-02-08 03:10:28.927169,London-2333,-27,60,Normal
2026-02-08 03:10:29.927169,London-2333,31,88,Normal
2026-02-08 03:10:30.927169,London-2333,13,69,Normal
2026-02-08 03:10:31.927169,London-2333,-17,61,Normal
2026-02-08 03:10:32.927169,London-2333,4,25,Normal
2026-02-08 03:10:33.927169,London-2333,48,40,Normal
2026-02-08 03:10:34.927169,London-2333,-12,93,Normal
2026-02-08 03:10:35.927169,London-2333,10,73,Normal
2026-02-08 03:10:36.927169,London-2333,-2,97,Normal
2026-02-08 03:10:37.927169,London-2333,-5,14,Normal
2026-02-08 03:10:38.927169,London-2333,21,10,Normal
2026-02-08 03:10:39.927169,London-2333,-16,60,Normal
2026-02-08 03:10:40.927169,London-2333,7,95,Normal
2026-02-08 03:10:41.927169,London-2333,48,60,Normal
2026-02-08 03:10:42.927169,London-2333,-26,9,Normal
2026-02-08 03:10:43.927169,London-2333,30,77,Normal
2026-02-08 03:10:44.927169,London-2333,47,100,Normal
2026-02-08 03:10:45.927169,London-2333,9,5,Normal
2026-02-08 03:10:46.927169,London-2333,27,95,Normal
2026-02-08 03:10:47.927169,London-2333,22,45,Normal
2026-02-08 03:10:48.927169,London-2333,29,17,Normal
2026-02-08 03:10:49.927169,London-2333,7,39,Normal
2026-02-08 03:10:50.927169,London-2333,-28,39,Normal
2026-02-08 03:10:51.927169,London-2333,33,84,Normal
2026-02-08 03:10:52.927169,London-2333,-30,81,Normal
2026-02-08 03:10:53.927169,London-2333,38,92,Normal
2026-02-08 03:10:54.927169,London-2333,-29,27,Normal
2026-02-08 03:10:55.927169,London-2333,-25,42,Normal
2026-02-08 03:10:56.927169,London-2333,-20,60,Normal
2026-02-08 03:10:57.927169,London-2333,32,1,Normal
2026-02-08 03:10:58.927169,London-2333,50,40,Normal
2026-02-08 03:10:59.927169,London-2333,22,34,Normal
2026-02-08 03:11:00.927169,London-2333,29,59,Normal
2026-02-08 03:11:01.927169,London-2333,44,47,Normal
2026-02-08 03:11:02.927169,London-2333,2,82,Normal
2026-02-08 03:11:03.927169,London-2333,23,96,Normal
2026-02-08 03:11:04.927169,London-2333,-8,36,Normal
2026-02-08 03:11:05.927169,London-2333,43,27,Normal
2026-02-08 03:11:06.927169,London-2333,-2,42,Normal
2026-02-08 03:11:07.927169,London-2333,-17,53,Normal
2026-02-08 03:11:08.927169,London-2333,34,92,Normal
2026-02-08 03:11:09.927169,London-2333,-21,87,Normal
2026-02-08 03:11:10.927169,London-2333,-25,51,Normal
2026-02-08 03:11:11.927169,London-2333,29,69,Normal
2026-02-08 03:11:12.927169,London-2333,-24,34,Normal
2026-02-08 03:11:13.927169,London-2333,-10,41,Normal
2026-02-08 03:11:14.927169,London-2333,-8,17,Normal
2026-02-08 03:11:15.927169,London-2333,-7,75,Normal
2026-02-08 03:11:16.927169,London-2333,-7,43,Normal
2026-02-08 03:11:17.927169,London-2333,32,13,Normal
2026-02-08 03:11:18.927169,London-2333,23,79,Normal
2026-02-08 03:11:19.927169,London-2333,-12,41,Normal
2026-02-08 03:11:20.927169,London-2333,28,20,Normal
2026-02-08 03:11:21.927169,London-2333,25,84,Normal
2026-02-08 03:11:22.927169,London-2333,45,96,Normal
2026-02-08 03:11:23.927169,London-2333,-26,8,Normal
2026-02-08 03:11:24.927169,London-2333,11,81,Normal
2026-02-08 03:11:25.927169,London-2333,8,35,Normal
2026-02-08 03:11:26.927169,London-2333,37,43,Normal
2026-02-08 03:11:27.927169,London-2333,3,24,Normal
2026-02-08 03:11:28.927169,London-2333,19,9,Normal
2026-02-08 03:11:29.927169,London-2333,-16,55,Normal
2026-02-08 03:11:30.927169,London-2333,-11,29,Normal
2026-02-08 03:11:31.927169,London-2333,24,24,Normal
2026-02-08 03:11:32.927169,London-2333,-1,80,Normal
2026-02-08 03:11:33.927169,London-2333,-17,59,Normal
2026-02-08 03:11:34.927169,London-2333,31,100,Normal
2026-02-08 03:11:35.927169,London-2333,24,40,Normal
2026-02-08 03:11:36.927169,London-2333,35,48,Normal
2026-02-08 03:11:37.927169,London-2333,42,71,Normal
2026-02-08 03:11:38.927169,London-2333,-15,52,Normal
2026-02-08 03:11:39.927169,London-2333,-19,91,Normal
2026-02-08 03:11:40.927169,London-2333,44,9,Normal
2026-02-08 03:11:41.927169,London-2333,5,84,Normal
2026-02-08 03:11:42.927169,London-2333,30,10,Normal
2026-02-08 03:11:43.927169,London-2333,-27,53,Normal
2026-02-08 03:11:44.927169,London-2333,-14,64,Normal
2026-02-08 03:11:45.927169,London-2333,32,4,Normal
2026-02-08 03:11:46.927169,London-2333,13,1,Normal
2026-02-08 03:11:47.927169,London-2333,39,93,Normal
2026-02-08 03:11:48.927169,London-2333,15,44,Normal
2026-02-08 03:11:49.927169,London-2333,-17,21,Normal
2026-02-08 03:11:50.927169,London-2333,8,9,Normal
2026-02-08 03:11:51.927169,London-2333,35,70,Normal
2026-02-08 03:11:52.927169,London-2333,-4,34,Normal
2026-02-08 03:11:53.927169,London-2333,28,33,Normal
2026-02-08 03:11:54.927169,London-2333,46,72,Normal
2026-02-08 03:11:55.927169,London-2333,-17,27,Normal
2026-02-08 03:11:56.927169,London-2333,38,30,Normal
2026-02-08 03:11:57.927169,London-2333,3,59,Normal
2026-02-08 03:11:58.927169,London-2333,26,19,Normal
2026-02-08 03:11:59.927169,London-2333,9,42,Normal
2026-02-08 03:12:00.927169,London-2333,-29,57,Normal
2026-02-08 03:12:01.927169,London-2333,50,91,Normal
2026-02-08 03:12:02.927169,London-2333,36,80,Normal
2026-02-08 03:12:03.927169,London-2333,-1,27,Normal
2026-02-08 03:12:04.927169,London-2333,-6,59,Normal
2026-02-08 03:12:05.927169,London-2333,21,24,Normal
2026-02-08 03:12:06.927169,London-2333,-12,98,Normal
2026-02-08 03:12:07.927169,London-2333,-5,9,Normal
2026-02-08 03:12:08.927169,London-2333,11,2,Normal
2026-02-08 03:12:09.927169,London-2333,3,33,Normal
2026-02-08 03:12:10.927169,London-2333,-10,98,Normal
2026-02-08 03:12:11.927169,London-2333,-26,99,Normal
2026-02-08 03:12:12.927169,London-2333,40,98,Normal
2026-02-08 03:12:13.927169,London-2333,-12,49,Normal
2026-02-08 03:12:14.927169,London-2333,-23,60,Normal
2026-02-08 03:12:15.927169,London-2333,20,27,Normal
2026-02-08 03:12:16.927169,London-2333,11,88,Normal
2026-02-08 03:12:17.927169,London-2333,24,24,Normal
2026-02-08 03:12:18.927169,London-2333,30,26,Normal
2026-02-08 03:12:19.927169,London-2333,-23,61,Normal
2026-02-08 03:12:20.927169,London-2333,48,93,Normal
2026-02-08 03:12:21.927169,London-2333,-6,6,Normal
2026-02-08 03:12:22.927169,London-2333,44,89,Normal
2026-02-08 03:12:23.927169,London-2333,37,76,Normal
2026-02-08 03:12:24.927169,London-2333,35,40,Normal
2026-02-08 03:12:25.927169,London-2333,44,4,Normal
2026-02-08 03:12:26.927169,London-2333,1,99,Normal
2026-02-08 03:12:27.927169,London-2333,-24,82,Normal
2026-02-08 03:12:28.927169,London-2333,-26,20,Normal
2026-02-08 03:12:29.927169,London-2333,-26,88,Normal
2026-02-08 03:12:30.927169,London-2333,26,31,Normal
2026-02-08 03:12:31.927169,London-2333,33,84,Normal
2026-02-08 03:12:32.927169,London-2333,19,23,Normal
2026-02-08 03:12:33.927169,London-2333,-29,65,Normal
2026-02-08 03:12:34.927169,London-2333,18,18,Normal
2026-02-08 03:12:35.927169,London-2333,8,94,Normal
2026-02-08 03:12:36.927169,London-2333,47,94,Normal
2026-02-08 03:12:37.927169,London-2333,40,44,Normal
2026-02-08 03:12:38.927169,London-2333,24,93,Normal
2026-02-08 03:12:39.927169,London-2333,-30,49,Normal
2026-02-08 03:12:40.927169,London-2333,22,94,Normal
2026-02-08 03:12:41.927169,London-2333,39,67,Normal
2026-02-08 03:12:42.927169,London-2333,3,88,Normal
2026-02-08 03:12:43.927169,London-2333,27,7,Normal
2026-02-08 03:12:44.927169,London-2333,38,46,Normal
2026-02-08 03:12:45.927169,London-2333,-12,36,Normal
2026-02-08 03:12:46.927169,London-2333,10,22,Normal
2026-02-08 03:12:47.927169,London-2333,49,54,Normal
2026-02-08 03:12:48.927169,London-2333,10,44,Normal
2026-02-08 03:12:49.927169,London-2333,32,98,Normal
2026-02-08 03:12:50.927169,London-2333,38,2,Normal
2026-02-08 03:12:51.927169,London-2333,34,17,Normal
2026-02-08 03:12:52.927169,London-2333,16,13,Normal
2026-02-08 03:12:53.927169,London-2333,46,55,Normal
2026-02-08 03:12:54.927169,London-2333,-9,49,Normal
2026-02-08 03:12:55.927169,London-2333,-11,98,Normal
2026-02-08 03:12:56.927169,London-2333,-21,60,Normal
2026-02-08 03:12:57.927169,London-2333,21,57,Normal
2026-02-08 03:12:58.927169,London-2333,18,24,Normal
2026-02-08 03:12:59.927169,London-2333,-25,31,Normal
2026-02-08 03:13:00.927169,London-2333,45,82,Normal
2026-02-08 03:13:01.927169,London-2333,-14,46,Normal
2026-02-08 03:13:02.927169,London-2333,23,1,Normal
2026-02-08 03:13:03.927169,London-2333,31,53,Normal
2026-02-08 03:13:04.927169,London-2333,-13,2,Normal
2026-02-08 03:13:05.927169,London-2333,-20,43,Normal
2026-02-08 03:13:06.927169,London-2333,32,61,Normal
2026-02-08 03:13:07.927169,London-2333,47,87,Normal
2026-02-08 03:13:08.927169,London-2333,3,74,Normal
2026-02-08 03:13:09.927169,London-2333,3,23,Normal
2026-02-08 03:13:10.927169,London-2333,17,41,Normal
2026-02-08 03:13:11.927169,London-2333,28,34,Normal
2026-02-08 03:13:12.927169,London-2333,-2,35,Normal
2026-02-08 03:13:13.927169,London-2333,-2,50,Normal
2026-02-08 03:13:14.927169,London-2333,-7,4,Normal
2026-02-08 03:13:15.927169,London-2333,-4,26,Normal
2026-02-08 03:13:16.927169,London-2333,38,12,Normal
2026-02-08 03:13:17.927169,London-2333,-13,41,Normal
2026-02-08 03:13:18.927169,London-2333,-16,91,Normal
2026-02-08 03:13:19.927169,London-2333,31,93,Normal
2026-02-08 03:13:20.927169,London-2333,47,42,Normal
2026-02-08 03:13:21.927169,London-2333,14,49,Normal
2026-02-08 03:13:22.927169,London-2333,40,95,Normal
2026-02-08 03:13:23.927169,London-2333,37,22,Normal
2026-02-08 03:13:24.927169,London-2333,30,0,Normal
2026-02-08 03:13:25.927169,London-2333,-29,12,Normal
2026-02-08 03:13:26.927169,London-2333,27,18,Normal
2026-02-08 03:13:27.927169,London-2333,7,20,Normal
2026-02-08 03:13:28.927169,London-2333,36,78,Normal
2026-02-08 03:13:29.927169,London-2333,-23,2,Normal
2026-02-08 03:13:30.927169,London-2333,11,81,Normal
2026-02-08 03:13:31.927169,London-2333,12,48,Normal
2026-02-08 03:13:32.927169,London-2333,10,83,Normal
2026-02-08 03:13:33.927169,London-2333,21,99,Normal
2026-02-08 03:13:34.927169,London-2333,-10,58,Normal
2026-02-08 03:13:35.927169,London-2333,-17,50,Normal
2026-02-08 03:13:36.927169,London-2333,-13,78,Normal
2026-02-08 03:13:37.927169,London-2333,33,51,Normal
2026-02-08 03:13:38.927169,London-2333,-15,72,Normal
2026-02-08 03:13:39.927169,London-2333,-10,28,Normal
2026-02-08 03:13:40.927169,London-2333,-22,53,Normal
2026-02-08 03:13:41.927169,London-2333,18,92,Normal
2026-02-08 03:13:42.927169,London-2333,40,68,Normal
2026-02-08 03:13:43.927169,London-2333,3,58,Normal
2026-02-08 03:13:44.927169,London-2333,18,5,Normal
2026-02-08 03:13:45.927169,London-2333,24,69,Normal
2026-02-08 03:13:46.927169,London-2333,-17,22,Normal
2026-02-08 03:13:47.927169,London-2333,-12,33,Normal
2026-02-08 03:13:48.927169,London-2333,24,63,Normal
2026-02-08 03:13:49.927169,London-2333,-14,52,Normal
2026-02-08 03:13:50.927169,London-2333,-30,26,Normal
2026-02-08 03:13:51.927169,London-2333,-21,24,Normal
2026-02-08 03:13:52.927169,London-2333,-11,100,Normal
2026-02-08 03:13:53.927169,London-2333,-3,78,Normal
2026-02-08 03:13:54.927169,London-2333,28,20,Normal
2026-02-08 03:13:55.927169,London-2333,16,93,Normal
2026-02-08 03:13:56.927169,London-2333,17,97,Normal
2026-02-08 03:13:57.927169,London-2333,-7,48,Normal
2026-02-08 03:13:58.927169,London-2333,44,56,Normal
2026-02-08 03:13:59.927169,London-2333,43,17,Normal
2026-02-08 03:14:00.927169,London-2333,10,87,Normal
2026-02-08 03:14:01.927169,London-2333,-9,66,Normal
2026-02-08 03:14:02.927169,London-2333,21,77,Normal
2026-02-08 03:14:03.927169,London-2333,46,68,Normal
2026-02-08 03:14:04.927169,London-2333,10,83,Normal
2026-02-08 03:14:05.927169,London-2333,45,99,Normal
2026-02-08 03:14:06.927169,London-2333,42,34,Normal
2026-02-08 03:14:07.927169,London-2333,-17,35,Normal
2026-02-08 03:14:08.927169,London-2333,-10,6,Normal
2026-02-08 03:14:09.927169,London-2333,19,95,Normal
2026-02-08 03:14:10.927169,London-2333,13,44,Normal
2026-02-08 03:14:11.927169,London-2333,39,59,Normal
2026-02-08 03:14:12.927169,London-2333,8,38,Normal
2026-02-08 03:14:13.927169,London-2333,26,46,Normal
2026-02-08 03:14:14.927169,London-2333,6,88,Normal
2026-02-08 03:14:15.927169,London-2333,48,63,Normal
2026-02-08 03:14:16.927169,London-2333,36,47,Normal
2026-02-08 03:14:17.927169,London-2333,-4,4,Normal
2026-02-08 03:14:18.927169,London-2333,-24,1,Normal
2026-02-08 03:14:19.927169,London-2333,7,75,Normal
2026-02-08 03:14:20.927169,London-2333,4,47,Normal
2026-02-08 03:14:21.927169,London-2333,24,41,Normal
2026-02-08 03:14:22.927169,London-2333,9,53,Normal
2026-02-08 03:14:23.927169,London-2333,17,47,Normal
2026-02-08 03:14:24.927169,London-2333,-21,47,Normal
2026-02-08 03:14:25.927169,London-2333,-9,69,Normal
2026-02-08 03:14:26.927169,London-2333,4,85,Normal
2026-02-08 03:14:27.927169,London-2333,-23,31,Normal
2026-02-08 03:14:28.927169,London-2333,-22,65,Normal
2026-02-08 03:14:29.927169,London-2333,41,61,Normal
2026-02-08 03:14:30.927169,London-2333,36,12,Normal
2026-02-08 03:14:31.927169,London-2333,27,91,Normal
2026-02-08 03:14:32.927169,London-2333,-21,73,Normal
2026-02-08 03:14:33.927169,London-2333,-20,47,Normal
2026-02-08 03:14:34.927169,London-2333,-3,44,Normal
2026-02-08 03:14:35.927169,London-2333,8,3,Normal
2026-02-08 03:14:36.927169,London-2333,30,15,Normal
2026-02-08 03:14:37.927169,London-2333,-10,97,Normal
2026-02-08 03:14:38.927169,London-2333,-14,67,Normal
2026-02-08 03:14:39.927169,London-2333,-29,4,Normal
2026-02-08 03:14:40.927169,London-2333,28,36,Normal
2026-02-08 03:14:41.927169,London-2333,5,4,Normal
2026-02-08 03:14:42.927169,London-2333,3,85,Normal
2026-02-08 03:14:43.927169,London-2333,-30,28,Normal
2026-02-08 03:14:44.927169,London-2333,-12,12,Normal
2026-02-08 03:14:45.927169,London-2333,-1,40,Normal
2026-02-08 03:14:46.927169,London-2333,30,96,Normal
2026-02-08 03:14:47.927169,London-2333,35,79,Normal
2026-02-08 03:14:48.927169,London-2333,35,12,Normal
2026-02-08 03:14:49.927169,London-2333,-8,55,Normal
2026-02-08 03:14:50.927169,London-2333,-3,96,Normal
2026-02-08 03:14:51.927169,London-2333,6,53,Normal
2026-02-08 03:14:52.927169,London-2333,2,33,Normal
2026-02-08 03:14:53.927169,London-2333,2,0,Normal
2026-02-08 03:14:54.927169,London-2333,40,7,Normal
2026-02-08 03:14:55.927169,London-2333,-20,16,Normal
2026-02-08 03:14:56.927169,London-2333,15,93,Normal
2026-02-08 03:14:57.927169,London-2333,-23,86,Normal
2026-02-08 03:14:58.927169,London-2333,29,18,Normal
2026-02-08 03:14:59.927169,London-2333,-25,40,Normal
2026-02-08 03:15:00.927169,London-2333,-23,94,Normal
2026-02-08 03:15:01.927169,London-2333,20,59,Normal
2026-02-08 03:15:02.927169,London-2333,-12,37,Normal
2026-02-08 03:15:03.927169,London-2333,-1,22,Normal
2026-02-08 03:15:04.927169,London-2333,-24,27,Normal
2026-02-08 03:15:05.927169,London-2333,35,72,Normal
2026-02-08 03:15:06.927169,London-2333,12,100,Normal
2026-02-08 03:15:07.927169,London-2333,18,34,Normal
2026-02-08 03:15:08.927169,London-2333,-16,60,Normal
2026-02-08 03:15:09.927169,London-2333,31,30,Normal
2026-02-08 03:15:10.927169,London-2333,1,0,Normal
2026-02-08 03:15:11.927169,London-2333,35,9,Normal
2026-02-08 03:15:12.927169,London-2333,-7,91,Normal
2026-02-08 03:15:13.927169,London-2333,-24,56,Normal
2026-02-08 03:15:14.927169,London-2333,-6,77,Normal
2026-02-08 03:15:15.927169,London-2333,37,47,Normal
2026-02-08 03:15:16.927169,London-2333,18,100,Normal
2026-02-08 03:15:17.927169,London-2333,6,57,Normal
2026-02-08 03:15:18.927169,London-2333,1,9,Normal
2026-02-08 03:15:19.927169,London-2333,1,92,Normal
2026-02-08 03:15:20.927169,London-2333,1,28,Normal
2026-02-08 03:15:21.927169,London-2333,23,1,Normal
2026-02-08 03:15:22.927169,London-2333,36,72,Normal
2026-02-08 03:15:23.927169,London-2333,29,68,Normal
2026-02-08 03:15:24.927169,London-2333,8,42,Normal
2026-02-08 03:15:25.927169,London-2333,24,88,Normal
2026-02-08 03:15:26.927169,London-2333,14,18,Normal
2026-02-08 03:15:27.927169,London-2333,39,47,Normal
2026-02-08 03:15:28.927169,London-2333,31,81,Normal
2026-02-08 03:15:29.927169,London-2333,26,16,Normal
2026-02-08 03:15:30.927169,London-2333,26,59,Normal
2026-02-08 03:15:31.927169,London-2333,25,76,Normal
2026-02-08 03:15:32.927169,London-2333,-10,63,Normal
2026-02-08 03:15:33.927169,London-2333,-11,51,Normal
2026-02-08 03:15:34.927169,London-2333,-4,12,Normal
2026-02-08 03:15:35.927169,London-2333,2,64,Normal
2026-02-08 03:15:36.927169,London-2333,22,57,Normal
2026-02-08 03:15:37.927169,London-2333,2,65,Normal
2026-02-08 03:15:38.927169,London-2333,2,20,Normal
2026-02-08 03:15:39.927169,London-2333,0,65,Normal
2026-02-08 03:15:40.927169,London-2333,12,46,Normal
2026-02-08 03:15:41.927169,London-2333,-29,4,Normal
2026-02-08 03:15:42.927169,London-2333,49,56,Normal
2026-02-08 03:15:43.927169,London-2333,28,58,Normal
2026-02-08 03:15:44.927169,London-2333,-14,33,Normal
2026-02-08 03:15:45.927169,London-2333,13,49,Normal
2026-02-08 03:15:46.927169,London-2333,-25,57,Normal
2026-02-08 03:15:47.927169,London-2333,20,58,Normal
2026-02-08 03:15:48.927169,London-2333,25,64,Normal
2026-02-08 03:15:49.927169,London-2333,23,38,Normal
2026-02-08 03:15:50.927169,London-2333,30,6,Normal
2026-02-08 03:15:51.927169,London-2333,49,78,Normal
2026-02-08 03:15:52.927169,London-2333,38,4,Normal
2026-02-08 03:15:53.927169,London-2333,-14,34,Normal
2026-02-08 03:15:54.927169,London-2333,37,50,Normal
2026-02-08 03:15:55.927169,London-2333,20,45,Normal
2026-02-08 03:15:56.927169,London-2333,9,1,Normal
2026-02-08 03:15:57.927169,London-2333,47,35,Normal
2026-02-08 03:15:58.927169,London-2333,-26,22,Normal
2026-02-08 03:15:59.927169,London-2333,-28,96,Normal
2026-02-08 03:16:00.927169,London-2333,41,66,Normal
2026-02-08 03:16:01.927169,London-2333,50,84,Normal
2026-02-08 03:16:02.927169,London-2333,44,91,Normal
2026-02-08 03:16:03.927169,London-2333,-27,21,Normal
2026-02-08 03:16:04.927169,London-2333,22,65,Normal
2026-02-08 03:16:05.927169,London-2333,-6,15,Normal
2026-02-08 03:16:06.927169,London-2333,-26,87,Normal
2026-02-08 03:16:07.927169,London-2333,0,51,Normal
2026-02-08 03:16:08.927169,London-2333,33,40,Normal
2026-02-08 03:16:09.927169,London-2333,29,73,Normal
2026-02-08 03:16:10.927169,London-2333,37,76,Normal
2026-02-08 03:16:11.927169,London-2333,-30,25,Normal
2026-02-08 03:16:12.927169,London-2333,2,60,Normal
2026-02-08 03:16:13.927169,London-2333,-8,96,Normal
2026-02-08 03:16:14.927169,London-2333,25,40,Normal
2026-02-08 03:16:15.927169,London-2333,1,85,Normal
2026-02-08 03:16:16.927169,London-2333,-2,14,Normal
2026-02-08 03:16:17.927169,London-2333,-12,46,Normal
2026-02-08 03:16:18.927169,London-2333,16,25,Normal
2026-02-08 03:16:19.927169,London-2333,0,73,Normal
2026-02-08 03:16:20.927169,London-2333,37,1,Normal
2026-02-08 03:16:21.927169,London-2333,10,29,Normal
2026-02-08 03:16:22.927169,London-2333,36,42,Normal
2026-02-08 03:16:23.927169,London-2333,19,22,Normal
2026-02-08 03:16:24.927169,London-2333,38,88,Normal
2026-02-08 03:16:25.927169,London-2333,-30,69,Normal
2026-02-08 03:16:26.927169,London-2333,-13,60,Normal
2026-02-08 03:16:27.927169,London-2333,29,47,Normal
2026-02-08 03:16:28.927169,London-2333,-14,60,Normal
2026-02-08 03:16:29.927169,London-2333,-8,79,Normal
2026-02-08 03:16:30.927169,London-2333,-11,17,Normal
2026-02-08 03:16:31.927169,London-2333,28,28,Normal
2026-02-08 03:16:32.927169,London-2333,5,33,Normal
2026-02-08 03:16:33.927169,London-2333,27,2,Normal
2026-02-08 03:16:34.927169,London-2333,31,33,Normal
2026-02-08 03:16:35.927169,London-2333,-11,97,Normal
2026-02-08 03:16:36.927169,London-2333,43,86,Normal
2026-02-08 03:16:37.927169,London-2333,8,81,Normal
2026-02-08 03:16:38.927169,London-2333,-29,55,Normal
2026-02-08 03:16:39.927169,London-2333,-6,10,Normal
2026-02-08 03:16:40.927169,London-2333,39,89,Normal
2026-02-08 03:16:41.927169,London-2333,-27,81,Normal
2026-02-08 03:16:42.927169,London-2333,8,89,Normal
2026-02-08 03:16:43.927169,London-2333,-13,2,Normal
2026-02-08 03:16:44.927169,London-2333,27,50,Normal
2026-02-08 03:16:45.927169,London-2333,0,83,Normal
2026-02-08 03:16:46.927169,London-2333,35,73,Normal
2026-02-08 03:16:47.927169,London-2333,5,3,Normal
2026-02-08 03:16:48.927169,London-2333,47,88,Normal
2026-02-08 03:16:49.927169,London-2333,46,29,Normal
2026-02-08 03:16:50.927169,London-2333,-24,90,Normal
2026-02-08 03:16:51.927169,London-2333,-25,13,Normal
2026-02-08 03:16:52.927169,London-2333,-4,5,Normal
2026-02-08 03:16:53.927169,London-2333,-4,95,Normal
2026-02-08 03:16:54.927169,London-2333,-8,73,Normal
2026-02-08 03:16:55.927169,London-2333,46,12,Normal
2026-02-08 03:16:56.927169,London-2333,27,1,Normal
2026-02-08 03:16:57.927169,London-2333,49,64,Normal
2026-02-08 03:16:58.927169,London-2333,41,30,Normal
2026-02-08 03:16:59.927169,London-2333,16,49,Normal
2026-02-08 03:17:00.927169,London-2333,23,15,Normal
2026-02-08 03:17:01.927169,London-2333,-29,46,Normal
2026-02-08 03:17:02.927169,London-2333,44,13,Normal
2026-02-08 03:17:03.927169,London-2333,-5,11,Normal
2026-02-08 03:17:04.927169,London-2333,34,59,Normal
2026-02-08 03:17:05.927169,London-2333,-26,90,Normal
2026-02-08 03:17:06.927169,London-2333,40,52,Normal
2026-02-08 03:17:07.927169,London-2333,13,29,Normal
2026-02-08 03:17:08.927169,London-2333,-17,86,Normal
2026-02-08 03:17:09.927169,London-2333,-11,11,Normal
2026-02-08 03:17:10.927169,London-2333,-29,20,Normal
2026-02-08 03:17:11.927169,London-2333,44,53,Normal
2026-02-08 03:17:12.927169,London-2333,50,31,Normal
2026-02-08 03:17:13.927169,London-2333,-13,11,Normal
2026-02-08 03:17:14.927169,London-2333,-18,93,Normal
2026-02-08 03:17:15.927169,London-2333,-29,37,Normal
2026-02-08 03:17:16.927169,London-2333,21,18,Normal
2026-02-08 03:17:17.927169,London-2333,50,46,Normal
2026-02-08 03:17:18.927169,London-2333,27,12,Normal
2026-02-08 03:17:19.927169,London-2333,39,15,Normal
2026-02-08 03:17:20.927169,London-2333,41,47,Normal
2026-02-08 03:17:21.927169,London-2333,47,61,Normal
2026-02-08 03:17:22.927169,London-2333,13,9,Normal
2026-02-08 03:17:23.927169,London-2333,-3,24,Normal
2026-02-08 03:17:24.927169,London-2333,23,44,Normal
2026-02-08 03:17:25.927169,London-2333,9,34,Normal
2026-02-08 03:17:26.927169,London-2333,-13,92,Normal
2026-02-08 03:17:27.927169,London-2333,4,76,Normal
2026-02-08 03:17:28.927169,London-2333,30,7,Normal
2026-02-08 03:17:29.927169,London-2333,8,77,Normal
2026-02-08 03:17:30.927169,London-2333,-26,39,Normal
2026-02-08 03:17:31.927169,London-2333,-25,11,Normal
2026-02-08 03:17:32.927169,London-2333,48,79,Normal
2026-02-08 03:17:33.927169,London-2333,-27,47,Normal
2026-02-08 03:17:34.927169,London-2333,20,10,Normal
2026-02-08 03:17:35.927169,London-2333,43,6,Normal
2026-02-08 03:17:36.927169,London-2333,12,35,Normal
2026-02-08 03:17:37.927169,London-2333,-26,2,Normal
2026-02-08 03:17:38.927169,London-2333,27,16,Normal
2026-02-08 03:17:39.927169,London-2333,29,0,Normal
2026-02-08 03:17:40.927169,London-2333,-8,10,Normal
2026-02-08 03:17:41.927169,London-2333,6,90,Normal
2026-02-08 03:17:42.927169,London-2333,49,9,Normal
2026-02-08 03:17:43.927169,London-2333,6,53,Normal
2026-02-08 03:17:44.927169,London-2333,-18,15,Normal
2026-02-08 03:17:45.927169,London-2333,38,86,Normal
2026-02-08 03:17:46.927169,London-2333,-25,60,Normal
2026-02-08 03:17:47.927169,London-2333,-19,43,Normal
2026-02-08 03:17:48.927169,London-2333,2,41,Normal
2026-02-08 03:17:49.927169,London-2333,46,24,Normal
2026-02-08 03:17:50.927169,London-2333,25,31,Normal
2026-02-08 03:17:51.927169,London-2333,8,81,Normal
2026-02-08 03:17:52.927169,London-2333,-20,33,Normal
2026-02-08 03:17:53.927169,London-2333,-9,10,Normal
2026-02-08 03:17:54.927169,London-2333,-4,78,Normal
2026-02-08 03:17:55.927169,London-2333,-2,99,Normal
2026-02-08 03:17:56.927169,London-2333,25,60,Normal
2026-02-08 03:17:57.927169,London-2333,34,13,Normal
2026-02-08 03:17:58.927169,London-2333,-27,62,Normal
2026-02-08 03:17:59.927169,London-2333,-17,86,Normal
2026-02-08 03:18:00.927169,London-2333,-9,69,Normal
2026-02-08 03:18:01.927169,London-2333,11,94,Normal
2026-02-08 03:18:02.927169,London-2333,19,4,Normal
2026-02-08 03:18:03.927169,London-2333,-18,12,Normal
2026-02-08 03:18:04.927169,London-2333,17,86,Normal
2026-02-08 03:18:05.927169,London-2333,8,100,Normal
2026-02-08 03:18:06.927169,London-2333,21,83,Normal
2026-02-08 03:18:07.927169,London-2333,12,85,Normal
2026-02-08 03:18:08.927169,London-2333,-22,53,Normal
2026-02-08 03:18:09.927169,London-2333,-25,22,Normal
2026-02-08 03:18:10.927169,London-2333,49,66,Normal
2026-02-08 03:18:11.927169,London-2333,23,47,Normal
2026-02-08 03:18:12.927169,London-2333,-20,34,Normal
2026-02-08 03:18:13.927169,London-2333,43,41,Normal
2026-02-08 03:18:14.927169,London-2333,6,94,Normal
2026-02-08 03:18:15.927169,London-2333,42,15,Normal
2026-02-08 03:18:16.927169,London-2333,-4,97,Normal
2026-02-08 03:18:17.927169,London-2333,-3,38,Normal
2026-02-08 03:18:18.927169,London-2333,34,63,Normal
2026-02-08 03:18:19.927169,London-2333,26,26,Normal
2026-02-08 03:18:20.927169,London-2333,50,31,Normal
2026-02-08 03:18:21.927169,London-2333,39,68,Normal
2026-02-08 03:18:22.927169,London-2333,23,63,Normal
2026-02-08 03:18:23.927169,London-2333,0,69,Normal
2026-02-08 03:18:24.927169,London-2333,42,98,Normal
2026-02-08 03:18:25.927169,London-2333,37,8,Normal
2026-02-08 03:18:26.927169,London-2333,-19,12,Normal
2026-02-08 03:18:27.927169,London-2333,21,36,Normal
2026-02-08 03:18:28.927169,London-2333,-24,74,Normal
2026-02-08 03:18:29.927169,London-2333,-26,13,Normal
2026-02-08 03:18:30.927169,London-2333,9,45,Normal
2026-02-08 03:18:31.927169,London-2333,16,39,Normal
2026-02-08 03:18:32.927169,London-2333,22,44,Normal
2026-02-08 03:18:33.927169,London-2333,21,65,Normal
2026-02-08 03:18:34.927169,London-2333,35,46,Normal
2026-02-08 03:18:35.927169,London-2333,-17,1,Normal
2026-02-08 03:18:36.927169,London-2333,37,22,Normal
2026-02-08 03:18:37.927169,London-2333,-2,53,Normal
2026-02-08 03:18:38.927169,London-2333,-30,44,Normal
2026-02-08 03:18:39.927169,London-2333,-19,47,Normal
2026-02-08 03:18:40.927169,London-2333,-28,12,Normal
2026-02-08 03:18:41.927169,London-2333,-11,26,Normal
2026-02-08 03:18:42.927169,London-2333,2,80,Normal
2026-02-08 03:18:43.927169,London-2333,-2,87,Normal
2026-02-08 03:18:44.927169,London-2333,45,43,Normal
2026-02-08 03:18:45.927169,London-2333,30,71,Normal
2026-02-08 03:18:46.927169,London-2333,33,87,Normal
2026-02-08 03:18:47.927169,London-2333,-11,23,Normal
2026-02-08 03:18:48.927169,London-2333,-12,4,Normal
2026-02-08 03:18:49.927169,London-2333,-14,78,Normal
2026-02-08 03:18:50.927169,London-2333,-27,43,Normal
2026-02-08 03:18:51.927169,London-2333,23,27,Normal
2026-02-08 03:18:52.927169,London-2333,49,27,Normal
2026-02-08 03:18:53.927169,London-2333,45,19,Normal
2026-02-08 03:18:54.927169,London-2333,18,55,Normal
2026-02-08 03:18:55.927169,London-2333,-16,25,Normal
2026-02-08 03:18:56.927169,London-2333,-3,34,Normal
2026-02-08 03:18:57.927169,London-2333,-13,70,Normal
2026-02-08 03:18:58.927169,London-2333,-14,60,Normal
2026-02-08 03:18:59.927169,London-2333,-8,36,Normal
2026-02-08 03:19:00.927169,London-2333,38,18,Normal
2026-02-08 03:19:01.927169,London-2333,13,85,Normal
2026-02-08 03:19:02.927169,London-2333,9,10,Normal
2026-02-08 03:19:03.927169,London-2333,3,62,Normal
2026-02-08 03:19:04.927169,London-2333,27,99,Normal
2026-02-08 03:19:05.927169,London-2333,15,71,Normal
2026-02-08 03:19:06.927169,London-2333,44,73,Normal
2026-02-08 03:19:07.927169,London-2333,21,53,Normal
2026-02-08 03:19:08.927169,London-2333,-29,7,Normal
2026-02-08 03:19:09.927169,London-2333,24,64,Normal
2026-02-08 03:19:10.927169,London-2333,8,96,Normal
2026-02-08 03:19:11.927169,London-2333,4,46,Normal
2026-02-08 03:19:12.927169,London-2333,24,76,Normal
2026-02-08 03:19:13.927169,London-2333,-19,36,Normal
2026-02-08 03:19:14.927169,London-2333,-23,8,Normal
2026-02-08 03:19:15.927169,London-2333,-20,10,Normal
2026-02-08 03:19:16.927169,London-2333,-3,27,Normal
2026-02-08 03:19:17.927169,London-2333,35,38,Normal
2026-02-08 03:19:18.927169,London-2333,10,93,Normal
2026-02-08 03:19:19.927169,London-2333,2,19,Normal
2026-02-08 03:19:20.927169,London-2333,4,95,Normal
2026-02-08 03:19:21.927169,London-2333,23,22,Normal
2026-02-08 03:19:22.927169,London-2333,-19,90,Normal
2026-02-08 03:19:23.927169,London-2333,-15,97,Normal
2026-02-08 03:19:24.927169,London-2333,38,9,Normal
2026-02-08 03:19:25.927169,London-2333,-6,45,Normal
2026-02-08 03:19:26.927169,London-2333,-24,23,Normal
2026-02-08 03:19:27.927169,London-2333,23,59,Normal
2026-02-08 03:19:28.927169,London-2333,-16,18,Normal
2026-02-08 03:19:29.927169,London-2333,50,42,Normal
2026-02-08 03:19:30.927169,London-2333,-3,9,Normal
2026-02-08 03:19:31.927169,London-2333,4,64,Normal
2026-02-08 03:19:32.927169,London-2333,12,9,Normal
2026-02-08 03:19:33.927169,London-2333,4,21,Normal
2026-02-08 03:19:34.927169,London-2333,-24,66,Normal
2026-02-08 03:19:35.927169,London-2333,0,61,Normal
2026-02-08 03:19:36.927169,London-2333,-11,10,Normal
2026-02-08 03:19:37.927169,London-2333,-26,50,Normal
2026-02-08 03:19:38.927169,London-2333,26,14,Normal
2026-02-08 03:19:39.927169,London-2333,1,78,Normal
2026-02-08 03:19:40.927169,London-2333,19,18,Normal
2026-02-08 03:19:41.927169,London-2333,26,53,Normal
2026-02-08 03:19:42.927169,London-2333,5,63,Normal
2026-02-08 03:19:43.927169,London-2333,49,21,Normal
2026-02-08 03:19:44.927169,London-2333,-30,35,Normal
2026-02-08 03:19:45.927169,London-2333,-25,74,Normal
2026-02-08 03:19:46.927169,London-2333,10,80,Normal
2026-02-08 03:19:47.927169,London-2333,-25,42,Normal
2026-02-08 03:19:48.927169,London-2333,28,60,Normal
2026-02-08 03:19:49.927169,London-2333,-1,18,Normal
2026-02-08 03:19:50.927169,London-2333,18,98,Normal
2026-02-08 03:19:51.927169,London-2333,-25,47,Normal
2026-02-08 03:19:52.927169,London-2333,37,72,Normal
2026-02-08 03:19:53.927169,London-2333,33,23,Normal
2026-02-08 03:19:54.927169,London-2333,-25,6,Normal
2026-02-08 03:19:55.927169,London-2333,-26,74,Normal
2026-02-08 03:19:56.927169,London-2333,-8,66,Normal
2026-02-08 03:19:57.927169,London-2333,-25,66,Normal
2026-02-08 03:19:58.927169,London-2333,32,36,Normal
2026-02-08 03:19:59.927169,London-2333,44,48,Normal
2026-02-08 03:20:00.927169,London-2333,46,89,Normal
2026-02-08 03:20:01.927169,London-2333,-17,16,Normal
2026-02-08 03:20:02.927169,London-2333,24,49,Normal
2026-02-08 03:20:03.927169,London-2333,32,28,Normal
2026-02-08 03:20:04.927169,London-2333,-24,41,Normal
2026-02-08 03:20:05.927169,London-2333,-2,3,Normal
2026-02-08 03:20:06.927169,London-2333,-25,27,Normal
2026-02-08 03:20:07.927169,London-2333,49,75,Normal
2026-02-08 03:20:08.927169,London-2333,42,82,Normal
2026-02-08 03:20:09.927169,London-2333,18,66,Normal
2026-02-08 03:20:10.927169,London-2333,43,26,Normal
2026-02-08 03:20:11.927169,London-2333,49,77,Normal
2026-02-08 03:20:12.927169,London-2333,19,20,Normal
2026-02-08 03:20:13.927169,London-2333,-6,54,Normal
2026-02-08 03:20:14.927169,London-2333,15,47,Normal
2026-02-08 03:20:15.927169,London-2333,7,86,Normal
2026-02-08 03:20:16.927169,London-2333,16,67,Normal
2026-02-08 03:20:17.927169,London-2333,25,85,Normal
2026-02-08 03:20:18.927169,London-2333,17,59,Normal
2026-02-08 03:20:19.927169,London-2333,9,16,Normal
2026-02-08 03:20:20.927169,London-2333,3,98,Normal
2026-02-08 03:20:21.927169,London-2333,-8,24,Normal
2026-02-08 03:20:22.927169,London-2333,29,78,Normal
2026-02-08 03:20:23.927169,London-2333,42,80,Normal
2026-02-08 03:20:24.927169,London-2333,-15,83,Normal
2026-02-08 03:20:25.927169,London-2333,-23,18,Normal
2026-02-08 03:20:26.927169,London-2333,9,53,Normal
2026-02-08 03:20:27.927169,London-2333,38,39,Normal
2026-02-08 03:20:28.927169,London-2333,-25,16,Normal
2026-02-08 03:20:29.927169,London-2333,25,39,Normal
2026-02-08 03:20:30.927169,London-2333,32,97,Normal
2026-02-08 03:20:31.927169,London-2333,1,90,Normal
2026-02-08 03:20:32.927169,London-2333,-14,44,Normal
2026-02-08 03:20:33.927169,London-2333,50,78,Normal
2026-02-08 03:20:34.927169,London-2333,5,40,Normal
2026-02-08 03:20:35.927169,London-2333,-2,24,Normal
2026-02-08 03:20:36.927169,London-2333,35,10,Normal
2026-02-08 03:20:37.927169,London-2333,-22,45,Normal
2026-02-08 03:20:38.927169,London-2333,19,19,Normal
2026-02-08 03:20:39.927169,London-2333,22,88,Normal
2026-02-08 03:20:40.927169,London-2333,17,6,Normal
2026-02-08 03:20:41.927169,London-2333,1,21,Normal
2026-02-08 03:20:42.927169,London-2333,32,87,Normal
2026-02-08 03:20:43.927169,London-2333,5,87,Normal
2026-02-08 03:20:44.927169,London-2333,25,13,Normal
2026-02-08 03:20:45.927169,London-2333,27,89,Normal
2026-02-08 03:20:46.927169,London-2333,18,56,Normal
2026-02-08 03:20:47.927169,London-2333,-15,38,Normal
2026-02-08 03:20:48.927169,London-2333,-24,91,Normal
2026-02-08 03:20:49.927169,London-2333,47,58,Normal
2026-02-08 03:20:50.927169,London-2333,34,47,Normal
2026-02-08 03:20:51.927169,London-2333,-2,1,Normal
2026-02-08 03:20:52.927169,London-2333,48,62,Normal
2026-02-08 03:20:53.927169,London-2333,20,8,Normal
2026-02-08 03:20:54.927169,London-2333,30,10,Normal
2026-02-08 03:20:55.927169,London-2333,39,84,Normal
2026-02-08 03:20:56.927169,London-2333,45,28,Normal
2026-02-08 03:20:57.927169,London-2333,-24,43,Normal
2026-02-08 03:20:58.927169,London-2333,-12,21,Normal
2026-02-08 03:20:59.927169,London-2333,-4,56,Normal
2026-02-08 03:21:00.927169,London-2333,9,61,Normal
2026-02-08 03:21:01.927169,London-2333,36,95,Normal
2026-02-08 03:21:02.927169,London-2333,49,23,Normal
2026-02-08 03:21:03.927169,London-2333,27,52,Normal
2026-02-08 03:21:04.927169,London-2333,-10,93,Normal
2026-02-08 03:21:05.927169,London-2333,-20,8,Normal
2026-02-08 03:21:06.927169,London-2333,-15,54,Normal
2026-02-08 03:21:07.927169,London-2333,-13,60,Normal
2026-02-08 03:21:08.927169,London-2333,-4,54,Normal
2026-02-08 03:21:09.927169,London-2333,39,80,Normal
2026-02-08 03:21:10.927169,London-2333,0,98,Normal
2026-02-08 03:21:11.927169,London-2333,9,5,Normal
2026-02-08 03:21:12.927169,London-2333,9,2,Normal
2026-02-08 03:21:13.927169,London-2333,8,20,Normal
2026-02-08 03:21:14.927169,London-2333,32,11,Normal
2026-02-08 03:21:15.927169,London-2333,35,72,Normal
2026-02-08 03:21:16.927169,London-2333,39,95,Normal
2026-02-08 03:21:17.927169,London-2333,-15,93,Normal
2026-02-08 03:21:18.927169,London-2333,37,33,Normal
2026-02-08 03:21:19.927169,London-2333,49,96,Normal
2026-02-08 03:21:20.927169,London-2333,-24,35,Normal
2026-02-08 03:21:21.927169,London-2333,7,79,Normal
2026-02-08 03:21:22.927169,London-2333,-16,12,Normal
2026-02-08 03:21:23.927169,London-2333,-22,3,Normal
2026-02-08 03:21:24.927169,London-2333,-29,78,Normal
2026-02-08 03:21:25.927169,London-2333,-25,54,Normal
2026-02-08 03:21:26.927169,London-2333,-5,9,Normal
2026-02-08 03:21:27.927169,London-2333,-22,38,Normal
2026-02-08 03:21:28.927169,London-2333,-24,100,Normal
2026-02-08 03:21:29.927169,London-2333,-11,21,Normal
2026-02-08 03:21:30.927169,London-2333,6,73,Normal
2026-02-08 03:21:31.927169,London-2333,13,82,Normal
2026-02-08 03:21:32.927169,London-2333,46,0,Normal
2026-02-08 03:21:33.927169,London-2333,19,16,Normal
2026-02-08 03:21:34.927169,London-2333,32,29,Normal
2026-02-08 03:21:35.927169,London-2333,-24,13,Normal
2026-02-08 03:21:36.927169,London-2333,37,79,Normal
2026-02-08 03:21:37.927169,London-2333,-11,72,Normal
2026-02-08 03:21:38.927169,London-2333,17,46,Normal
2026-02-08 03:21:39.927169,London-2333,19,20,Normal
2026-02-08 03:21:40.927169,London-2333,47,6,Normal
2026-02-08 03:21:41.927169,London-2333,25,80,Normal
2026-02-08 03:21:42.927169,London-2333,-1,19,Normal
2026-02-08 03:21:43.927169,London-2333,31,22,Normal
2026-02-08 03:21:44.927169,London-2333,42,66,Normal
2026-02-08 03:21:45.927169,London-2333,10,3,Normal
2026-02-08 03:21:46.927169,London-2333,-22,57,Normal
2026-02-08 03:21:47.927169,London-2333,14,45,Normal
2026-02-08 03:21:48.927169,London-2333,-9,36,Normal
2026-02-08 03:21:49.927169,London-2333,-30,8,Normal
2026-02-08 03:21:50.927169,London-2333,-12,34,Normal
2026-02-08 03:21:51.927169,London-2333,20,19,Normal
2026-02-08 03:21:52.927169,London-2333,11,35,Normal
2026-02-08 03:21:53.927169,London-2333,44,99,Normal
2026-02-08 03:21:54.927169,London-2333,21,80,Normal
2026-02-08 03:21:55.927169,London-2333,35,52,Normal
2026-02-08 03:21:56.927169,London-2333,44,25,Normal
2026-02-08 03:21:57.927169,London-2333,15,64,Normal
2026-02-08 03:21:58.927169,London-2333,-28,25,Normal
2026-02-08 03:21:59.927169,London-2333,0,62,Normal
2026-02-08 03:22:00.927169,London-2333,-22,49,Normal
2026-02-08 03:22:01.927169,London-2333,-17,2,Normal
2026-02-08 03:22:02.927169,London-2333,-17,72,Normal
2026-02-08 03:22:03.927169,London-2333,4,84,Normal
2026-02-08 03:22:04.927169,London-2333,-13,33,Normal
2026-02-08 03:22:05.927169,London-2333,-29,44,Normal
2026-02-08 03:22:06.927169,London-2333,-2,0,Normal
2026-02-08 03:22:07.927169,London-2333,1,36,Normal
2026-02-08 03:22:08.927169,London-2333,-3,84,Normal
2026-02-08 03:22:09.927169,London-2333,11,38,Normal
2026-02-08 03:22:10.927169,London-2333,50,19,Normal
2026-02-08 03:22:11.927169,London-2333,32,82,Normal
2026-02-08 03:22:12.927169,London-2333,36,15,Normal
2026-02-08 03:22:13.927169,London-2333,36,3,Normal
2026-02-08 03:22:14.927169,London-2333,-16,47,Normal
2026-02-08 03:22:15.927169,London-2333,-11,96,Normal
2026-02-08 03:22:16.927169,London-2333,26,14,Normal
2026-02-08 03:22:17.927169,London-2333,-29,68,Normal
2026-02-08 03:22:18.927169,London-2333,12,36,Normal
2026-02-08 03:22:19.927169,London-2333,-6,92,Normal
2026-02-08 03:22:20.927169,London-2333,-6,43,Normal
2026-02-08 03:22:21.927169,London-2333,1,25,Normal
2026-02-08 03:22:22.927169,London-2333,42,92,Normal
2026-02-08 03:22:23.927169,London-2333,13,59,Normal
2026-02-08 03:22:24.927169,London-2333,-6,79,Normal
2026-02-08 03:22:25.927169,London-2333,50,63,Normal
2026-02-08 03:22:26.927169,London-2333,-17,20,Normal
2026-02-08 03:22:27.927169,London-2333,16,62,Normal
2026-02-08 03:22:28.927169,London-2333,-29,97,Normal
2026-02-08 03:22:29.927169,London-2333,1,63,Normal
2026-02-08 03:22:30.927169,London-2333,-17,72,Normal
2026-02-08 03:22:31.927169,London-2333,-12,33,Normal
2026-02-08 03:22:32.927169,London-2333,28,5,Normal
2026-02-08 03:22:33.927169,London-2333,-25,11,Normal
2026-02-08 03:22:34.927169,London-2333,-22,30,Normal
2026-02-08 03:22:35.927169,London-2333,-30,18,Normal
2026-02-08 03:22:36.927169,London-2333,35,8,Normal
2026-02-08 03:22:37.927169,London-2333,-10,51,Normal
2026-02-08 03:22:38.927169,London-2333,25,89,Normal
2026-02-08 03:22:39.927169,London-2333,18,28,Normal
2026-02-08 03:22:40.927169,London-2333,5,70,Normal
2026-02-08 03:22:41.927169,London-2333,18,56,Normal
2026-02-08 03:22:42.927169,London-2333,10,66,Normal
2026-02-08 03:22:43.927169,London-2333,-23,2,Normal
2026-02-08 03:22:44.927169,London-2333,2,26,Normal
