timestamp,station_id,temp,humid,condition
2026-02-15 12:28:52.811423,NewYork-ca94,2,25,Normal
2026-02-15 12:28:53.811423,NewYork-ca94,48,43,Normal
2026-02-15 12:28:54.811423,NewYork-ca94,-22,87,Normal
2026-02-15 12:28:55.811423,NewYork-ca94,23,83,Normal
2026-02-15 12:28:56.811423,NewYork-ca94,-11,20,Normal
2026-02-15 12:28:57.811423,NewYork-ca94,34,82,Normal
2026-02-15 12:28:58.811423,NewYork-ca94,30,23,Normal
2026-02-15 12:28:59.811423,NewYork-ca94,25,17,Normal
2026-02-15 12:29:00.811423,NewYork-ca94,-4,19,Normal
2026-02-15 12:29:01.811423,NewYork-ca94,3,75,Normal
2026-02-15 12:29:02.811423,NewYork-ca94,49,43,Normal
2026-02-15 12:29:03.811423,NewYork-ca94,16,66,Normal
2026-02-15 12:29:04.811423,NewYork-ca94,-28,3,Normal
2026-02-15 12:29:05.811423,NewYork-ca94,42,39,Normal
2026-02-15 12:29:06.811423,NewYork-ca94,45,66,Normal
2026-02-15 12:29:07.811423,NewYork-ca94,25,69,Normal
2026-02-15 12:29:08.811423,NewYork-ca94,46,100,Normal
2026-02-15 12:29:09.811423,NewYork-ca94,30,72,Normal
2026-02-15 12:29:10.811423,NewYork-ca94,32,8,Normal
2026-02-15 12:29:11.811423,NewYork-ca94,4,26,Normal
2026-02-15 12:29:12.811423,NewYork-ca94,-17,43,Normal
2026-02-15 12:29:13.811423,NewYork-ca94,-12,29,Normal
2026-02-15 12:29:14.811423,NewYork-ca94,13,37,Normal
2026-02-15 12:29:15.811423,NewYork-ca94,-26,14,Normal
2026-02-15 12:29:16.811423,NewYork-ca94,42,85,Normal
2026-02-15 12:29:17.811423,NewYork-ca94,7,4,Normal
2026-02-15 12:29:18.811423,NewYork-ca94,48,50,Normal
2026-02-15 12:29:19.811423,NewYork-ca94,44,14,Normal
2026-02-15 12:29:20.811423,NewYork-ca94,-29,79,Normal
2026-02-15 12:29:21.811423,NewYork-ca94,11,99,Normal
2026-02-15 12:29:22.811423,NewYork-ca94,46,1,Normal
2026-02-15 12:29:23.811423,NewYork-ca94,-5,72,Normal
2026-02-15 12:29:24.811423,NewYork-ca94,6,62,Normal
2026-02-15 12:29:25.811423,NewYork-ca94,50,89,Normal
2026-02-15 12:29:26.811423,NewYork-ca94,44,59,Normal
2026-02-15 12:29:27.811423,NewYork-ca94,18,45,Normal
2026-02-15 12:29:28.811423,NewYork-ca94,-30,88,Normal
2026-02-15 12:29:29.811423,NewYork-ca94,48,85,Normal
2026-02-15 12:29:30.811423,NewYork-ca94,18,55,Normal
2026-02-15 12:29:31.811423,NewYork-ca94,22,24,Normal
2026-02-15 12:29:32.811423,NewYork-ca94,-9,4,Normal
2026-02-15 12:29:33.811423,NewYork-ca94,10,27,Normal
2026-02-15 12:29:34.811423,NewYork-ca94,26,40,Normal
2026-02-15 12:29:35.811423,NewYork-ca94,16,77,Normal
2026-02-15 12:29:36.811423,NewYork-ca94,7,45,Normal
2026-02-15 12:29:37.811423,NewYork-ca94,27,35,Normal
2026-02-15 12:29:38.811423,NewYork-ca94,22,34,Normal
2026-02-15 12:29:39.811423,NewYork-ca94,2,89,Normal
2026-02-15 12:29:40.811423,NewYork-ca94,-22,61,Normal
2026-02-15 12:29:41.811423,NewYork-ca94,-26,75,Normal
2026-02-15 12:29:42.811423,NewYork-ca94,17,24,Normal
2026-02-15 12:29:43.811423,NewYork-ca94,-8,28,Normal
2026-02-15 12:29:44.811423,NewYork-ca94,-6,18,Normal
2026-02-15 12:29:45.811423,NewYork-ca94,17,40,Normal
2026-02-15 12:29:46.811423,NewYork-ca94,-1,18,Normal
2026-02-15 12:29:47.811423,NewYork-ca94,33,6,Normal
2026-02-15 12:29:48.811423,NewYork-ca94,-29,23,Normal
2026-02-15 12:29:49.811423,NewYork-ca94,25,87,Normal
2026-02-15 12:29:50.811423,NewYork-ca94,-2,53,Normal
2026-02-15 12:29:51.811423,NewYork-ca94,-17,57,Normal
2026-02-15 12:29:52.811423,NewYork-ca94,-6,48,Normal
2026-02-15 12:29:53.811423,NewYork-ca94,-2,29,Normal
2026-02-15 12:29:54.811423,NewYork-ca94,1,83,Normal
2026-02-15 12:29:55.811423,NewYork-ca94,-28,53,Normal
2026-02-15 12:29:56.811423,NewYork-ca94,-21,54,Normal
2026-02-15 12:29:57.811423,NewYork-ca94,-24,73,Normal
2026-02-15 12:29:58.811423,NewYork-ca94,21,49,Normal
2026-02-15 12:29:59.811423,NewYork-ca94,32,93,Normal
2026-02-15 12:30:00.811423,NewYork-ca94,42,58,Normal
2026-02-15 12:30:01.811423,NewYork-ca94,12,78,Normal
2026-02-15 12:30:02.811423,NewYork-ca94,16,43,Normal
2026-02-15 12:30:03.811423,NewYork-ca94,36,87,Normal
2026-02-15 12:30:04.811423,NewYork-ca94,-19,56,Normal
2026-02-15 12:30:05.811423,NewYork-ca94,13,83,Normal
2026-02-15 12:30:06.811423,NewYork-ca94,-13,53,Normal
2026-02-15 12:30:07.811423,NewYork-ca94,35,34,Normal
2026-02-15 12:30:08.811423,NewYork-ca94,17,25,Normal
2026-02-15 12:30:09.811423,NewYork-ca94,47,85,Normal
2026-02-15 12:30:10.811423,NewYork-ca94,6,6,Normal
2026-02-15 12:30:11.811423,NewYork-ca94,31,22,Normal
2026-02-15 12:30:12.811423,NewYork-ca94,-4,27,Normal
2026-02-15 12:30:13.811423,NewYork-ca94,-21,16,Normal
2026-02-15 12:30:14.811423,NewYork-ca94,-14,84,Normal
2026-02-15 12:30:15.811423,NewYork-ca94,47,66,Normal
2026-02-15 12:30:16.811423,NewYork-ca94,9,44,Normal
2026-02-15 12:30:17.811423,NewYork-ca94,5,10,Normal
2026-02-15 12:30:18.811423,NewYork-ca94,39,19,Normal
2026-02-15 12:30:19.811423,NewYork-ca94,10,79,Normal
2026-02-15 12:30:20.811423,NewYork-ca94,-1,40,Normal
2026-02-15 12:30:21.811423,NewYork-ca94,6,28,Normal
2026-02-15 12:30:22.811423,NewYork-ca94,8,63,Normal
2026-02-15 12:30:23.811423,NewYork-ca94,23,100,Normal
2026-02-15 12:30:24.811423,NewYork-ca94,-21,55,Normal
2026-02-15 12:30:25.811423,NewYork-ca94,15,92,Normal
2026-02-15 12:30:26.811423,NewYork-ca94,-9,32,Normal
2026-02-15 12:30:27.811423,NewYork-ca94,16,48,Normal
2026-02-15 12:30:28.811423,NewYork-ca94,41,80,Normal
2026-02-15 12:30:29.811423,NewYork-ca94,14,19,Normal
2026-02-15 12:30:30.811423,NewYork-ca94,-30,90,Normal
2026-02-15 12:30:31.811423,NewYork-ca94,31,56,Normal
2026-02-15 12:30:32.811423,NewYork-ca94,-7,46,Normal
2026-02-15 12:30:33.811423,NewYork-ca94,3,80,Normal
2026-02-15 12:30:34.811423,NewYork-ca94,27,4,Normal
2026-02-15 12:30:35.811423,NewYork-ca94,-29,12,Normal
2026-02-15 12:30:36.811423,NewYork-ca94,-20,72,Normal
2026-02-15 12:30:37.811423,NewYork-ca94,23,38,Normal
2026-02-15 12:30:38.811423,NewYork-ca94,41,63,Normal
2026-02-15 12:30:39.811423,NewYork-ca94,-3,82,Normal
2026-02-15 12:30:40.811423,NewYork-ca94,-21,55,Normal
2026-02-15 12:30:41.811423,NewYork-ca94,10,43,Normal
2026-02-15 12:30:42.811423,NewYork-ca94,30,65,Normal
2026-02-15 12:30:43.811423,NewYork-ca94,8,89,Normal
2026-02-15 12:30:44.811423,NewYork-ca94,10,24,Normal
2026-02-15 12:30:45.811423,NewYork-ca94,-2,17,Normal
2026-02-15 12:30:46.811423,NewYork-ca94,16,5,Normal
2026-02-15 12:30:47.811423,NewYork-ca94,-7,76,Normal
2026-02-15 12:30:48.811423,NewYork-ca94,-28,89,Normal
2026-02-15 12:30:49.811423,NewYork-ca94,46,30,Normal
2026-02-15 12:30:50.811423,NewYork-ca94,45,21,Normal
2026-02-15 12:30:51.811423,NewYork-ca94,13,25,Normal
2026-02-15 12:30:52.811423,NewYork-ca94,-27,97,Normal
2026-02-15 12:30:53.811423,NewYork-ca94,10,87,Normal
2026-02-15 12:30:54.811423,NewYork-ca94,-22,58,Normal
2026-02-15 12:30:55.811423,NewYork-ca94,-17,92,Normal
2026-02-15 12:30:56.811423,NewYork-ca94,-8,4,Normal
2026-02-15 12:30:57.811423,NewYork-ca94,6,40,Normal
2026-02-15 12:30:58.811423,NewYork-ca94,16,52,Normal
2026-02-15 12:30:59.811423,NewYork-ca94,7,45,Normal
2026-02-15 12:31:00.811423,NewYork-ca94,9,52,Normal
2026-02-15 12:31:01.811423,NewYork-ca94,-28,81,Normal
2026-02-15 12:31:02.811423,NewYork-ca94,10,1,Normal
2026-02-15 12:31:03.811423,NewYork-ca94,14,42,Normal
2026-02-15 12:31:04.811423,NewYork-ca94,22,62,Normal
2026-02-15 12:31:05.811423,NewYork-ca94,-25,57,Normal
2026-02-15 12:31:06.811423,NewYork-ca94,36,39,Normal
2026-02-15 12:31:07.811423,NewYork-ca94,-26,45,Normal
2026-02-15 12:31:08.811423,NewYork-ca94,2,89,Normal
2026-02-15 12:31:09.811423,NewYork-ca94,-16,26,Normal
2026-02-15 12:31:10.811423,NewYork-ca94,1,89,Normal
2026-02-15 12:31:11.811423,NewYork-ca94,-17,81,Normal
2026-02-15 12:31:12.811423,NewYork-ca94,-3,65,Normal
2026-02-15 12:31:13.811423,NewYork-ca94,-11,90,Normal
2026-02-15 12:31:14.811423,NewYork-ca94,3,12,Normal
2026-02-15 12:31:15.811423,NewYork-ca94,16,33,Normal
2026-02-15 12:31:16.811423,NewYork-ca94,-23,17,Normal
2026-02-15 12:31:17.811423,NewYork-ca94,-17,4,Normal
2026-02-15 12:31:18.811423,NewYork-ca94,17,84,Normal
2026-02-15 12:31:19.811423,NewYork-ca94,-16,54,Normal
2026-02-15 12:31:20.811423,NewYork-ca94,39,89,Normal
2026-02-15 12:31:21.811423,NewYork-ca94,23,47,Normal
2026-02-15 12:31:22.811423,NewYork-ca94,4,6,Normal
2026-02-15 12:31:23.811423,NewYork-ca94,-21,100,Normal
2026-02-15 12:31:24.811423,NewYork-ca94,8,76,Normal
2026-02-15 12:31:25.811423,NewYork-ca94,32,21,Normal
2026-02-15 12:31:26.811423,NewYork-ca94,47,8,Normal
2026-02-15 12:31:27.811423,NewYork-ca94,-9,91,Normal
2026-02-15 12:31:28.811423,NewYork-ca94,-25,15,Normal
2026-02-15 12:31:29.811423,NewYork-ca94,39,62,Normal
2026-02-15 12:31:30.811423,NewYork-ca94,44,17,Normal
2026-02-15 12:31:31.811423,NewYork-ca94,38,26,Normal
2026-02-15 12:31:32.811423,NewYork-ca94,-19,13,Normal
2026-02-15 12:31:33.811423,NewYork-ca94,34,100,Normal
2026-02-15 12:31:34.811423,NewYork-ca94,22,75,Normal
2026-02-15 12:31:35.811423,NewYork-ca94,3,48,Normal
2026-02-15 12:31:36.811423,NewYork-ca94,-26,93,Normal
2026-02-15 12:31:37.811423,NewYork-ca94,33,7,Normal
2026-02-15 12:31:38.811423,NewYork-ca94,46,52,Normal
2026-02-15 12:31:39.811423,NewYork-ca94,41,65,Normal
2026-02-15 12:31:40.811423,NewYork-ca94,-11,96,Normal
2026-02-15 12:31:41.811423,NewYork-ca94,-29,86,Normal
2026-02-15 12:31:42.811423,NewYork-ca94,-6,80,Normal
2026-02-15 12:31:43.811423,NewYork-ca94,24,16,Normal
2026-02-15 12:31:44.811423,NewYork-ca94,28,86,Normal
2026-02-15 12:31:45.811423,NewYork-ca94,19,8,Normal
2026-02-15 12:31:46.811423,NewYork-ca94,-21,61,Normal
2026-02-15 12:31:47.811423,NewYork-ca94,48,11,Normal
2026-02-15 12:31:48.811423,NewYork-ca94,46,0,Normal
2026-02-15 12:31:49.811423,NewYork-ca94,-7,70,Normal
2026-02-15 12:31:50.811423,NewYork-ca94,20,22,Normal
2026-02-15 12:31:51.811423,NewYork-ca94,-13,55,Normal
2026-02-15 12:31:52.811423,NewYork-ca94,-30,54,Normal
2026-02-15 12:31:53.811423,NewYork-ca94,21,28,Normal
2026-02-15 12:31:54.811423,NewYork-ca94,-24,19,Normal
2026-02-15 12:31:55.811423,NewYork-ca94,29,28,Normal
2026-02-15 12:31:56.811423,NewYork-ca94,-7,10,Normal
2026-02-15 12:31:57.811423,NewYork-ca94,7,7,Normal
2026-02-15 12:31:58.811423,NewYork-ca94,-22,72,Normal
2026-02-15 12:31:59.811423,NewYork-ca94,-28,25,Normal
2026-02-15 12:32:00.811423,NewYork-ca94,5,52,Normal
2026-02-15 12:32:01.811423,NewYork-ca94,-11,35,Normal
2026-02-15 12:32:02.811423,NewYork-ca94,-30,7,Normal
2026-02-15 12:32:03.811423,NewYork-ca94,-28,92,Normal
2026-02-15 12:32:04.811423,NewYork-ca94,-14,56,Normal
2026-02-15 12:32:05.811423,NewYork-ca94,10,96,Normal
2026-02-15 12:32:06.811423,NewYork-ca94,21,87,Normal
2026-02-15 12:32:07.811423,NewYork-ca94,39,53,Normal
2026-02-15 12:32:08.811423,NewYork-ca94,32,24,Normal
2026-02-15 12:32:09.811423,NewYork-ca94,-21,89,Normal
2026-02-15 12:32:10.811423,NewYork-ca94,22,17,Normal
2026-02-15 12:32:11.811423,NewYork-ca94,2,4,Normal
2026-02-15 12:32:12.811423,NewYork-ca94,44,21,Normal
2026-02-15 12:32:13.811423,NewYork-ca94,15,1,Normal
2026-02-15 12:32:14.811423,NewYork-ca94,2,44,Normal
2026-02-15 12:32:15.811423,NewYork-ca94,5,3,Normal
2026-02-15 12:32:16.811423,NewYork-ca94,32,62,Normal
2026-02-15 12:32:17.811423,NewYork-ca94,4,59,Normal
2026-02-15 12:32:18.811423,NewYork-ca94,22,24,Normal
2026-02-15 12:32:19.811423,NewYork-ca94,49,74,Normal
2026-02-15 12:32:20.811423,NewYork-ca94,-15,15,Normal
2026-02-15 12:32:21.811423,NewYork-ca94,2,56,Normal
2026-02-15 12:32:22.811423,NewYork-ca94,24,56,Normal
2026-02-15 12:32:23.811423,NewYork-ca94,-29,59,Normal
2026-02-15 12:32:24.811423,NewYork-ca94,49,85,Normal
2026-02-15 12:32:25.811423,NewYork-ca94,23,48,Normal
2026-02-15 12:32:26.811423,NewYork-ca94,34,75,Normal
2026-02-15 12:32:27.811423,NewYork-ca94,50,47,Normal
2026-02-15 12:32:28.811423,NewYork-ca94,-14,28,Normal
2026-02-15 12:32:29.811423,NewYork-ca94,48,79,Normal
2026-02-15 12:32:30.811423,NewYork-ca94,38,15,Normal
2026-02-15 12:32:31.811423,NewYork-ca94,-10,51,Normal
2026-02-15 12:32:32.811423,NewYork-ca94,48,33,Normal
2026-02-15 12:32:33.811423,NewYork-ca94,-5,49,Normal
2026-02-15 12:32:34.811423,NewYork-ca94,-27,94,Normal
2026-02-15 12:32:35.811423,NewYork-ca94,-6,59,Normal
2026-02-15 12:32:36.811423,NewYork-ca94,-6,38,Normal
2026-02-15 12:32:37.811423,NewYork-ca94,46,95,Normal
2026-02-15 12:32:38.811423,NewYork-ca94,1,38,Normal
2026-02-15 12:32:39.811423,NewYork-ca94,44,5,Normal
2026-02-15 12:32:40.811423,NewYork-ca94,21,73,Normal
2026-02-15 12:32:41.811423,NewYork-ca94,-26,95,Normal
2026-02-15 12:32:42.811423,NewYork-ca94,35,47,Normal
2026-02-15 12:32:43.811423,NewYork-ca94,25,31,Normal
2026-02-15 12:32:44.811423,NewYork-ca94,-24,98,Normal
2026-02-15 12:32:45.811423,NewYork-ca94,35,18,Normal
2026-02-15 12:32:46.811423,NewYork-ca94,-17,1,Normal
2026-02-15 12:32:47.811423,NewYork-ca94,5,27,Normal
2026-02-15 12:32:48.811423,NewYork-ca94,-14,15,Normal
2026-02-15 12:32:49.811423,NewYork-ca94,36,32,Normal
2026-02-15 12:32:50.811423,NewYork-ca94,-26,87,Normal
2026-02-15 12:32:51.811423,NewYork-ca94,-24,72,Normal
2026-02-15 12:32:52.811423,NewYork-ca94,32,32,Normal
2026-02-15 12:32:53.811423,NewYork-ca94,-25,1,Normal
2026-02-15 12:32:54.811423,NewYork-ca94,-19,80,Normal
2026-02-15 12:32:55.811423,NewYork-ca94,47,22,Normal
2026-02-15 12:32:56.811423,NewYork-ca94,4,75,Normal
2026-02-15 12:32:57.811423,NewYork-ca94,30,1,Normal
2026-02-15 12:32:58.811423,NewYork-ca94,29,8,Normal
2026-02-15 12:32:59.811423,NewYork-ca94,-23,7,Normal
2026-02-15 12:33:00.811423,NewYork-ca94,49,53,Normal
2026-02-15 12:33:01.811423,NewYork-ca94,-19,39,Normal
2026-02-15 12:33:02.811423,NewYork-ca94,-28,35,Normal
2026-02-15 12:33:03.811423,NewYork-ca94,15,90,Normal
2026-02-15 12:33:04.811423,NewYork-ca94,47,9,Normal
2026-02-15 12:33:05.811423,NewYork-ca94,5,15,Normal
2026-02-15 12:33:06.811423,NewYork-ca94,46,58,Normal
2026-02-15 12:33:07.811423,NewYork-ca94,36,24,Normal
2026-02-15 12:33:08.811423,NewYork-ca94,33,10,Normal
2026-02-15 12:33:09.811423,NewYork-ca94,34,74,Normal
2026-02-15 12:33:10.811423,NewYork-ca94,39,26,Normal
2026-02-15 12:33:11.811423,NewYork-ca94,8,91,Normal
2026-02-15 12:33:12.811423,NewYork-ca94,21,60,Normal
2026-02-15 12:33:13.811423,NewYork-ca94,49,91,Normal
2026-02-15 12:33:14.811423,NewYork-ca94,31,79,Normal
2026-02-15 12:33:15.811423,NewYork-ca94,-14,97,Normal
2026-02-15 12:33:16.811423,NewYork-ca94,-29,24,Normal
2026-02-15 12:33:17.811423,NewYork-ca94,20,94,Normal
2026-02-15 12:33:18.811423,NewYork-ca94,25,6,Normal
2026-02-15 12:33:19.811423,NewYork-ca94,39,97,Normal
2026-02-15 12:33:20.811423,NewYork-ca94,5,0,Normal
2026-02-15 12:33:21.811423,NewYork-ca94,-16,72,Normal
2026-02-15 12:33:22.811423,NewYork-ca94,36,37,Normal
2026-02-15 12:33:23.811423,NewYork-ca94,18,11,Normal
2026-02-15 12:33:24.811423,NewYork-ca94,-18,63,Normal
2026-02-15 12:33:25.811423,NewYork-ca94,-19,65,Normal
2026-02-15 12:33:26.811423,NewYork-ca94,14,21,Normal
2026-02-15 12:33:27.811423,NewYork-ca94,33,62,Normal
2026-02-15 12:33:28.811423,NewYork-ca94,2,59,Normal
2026-02-15 12:33:29.811423,NewYork-ca94,-28,15,Normal
2026-02-15 12:33:30.811423,NewYork-ca94,-20,23,Normal
2026-02-15 12:33:31.811423,NewYork-ca94,12,26,Normal
2026-02-15 12:33:32.811423,NewYork-ca94,44,58,Normal
2026-02-15 12:33:33.811423,NewYork-ca94,1,2,Normal
2026-02-15 12:33:34.811423,NewYork-ca94,30,51,Normal
2026-02-15 12:33:35.811423,NewYork-ca94,-24,53,Normal
2026-02-15 12:33:36.811423,NewYork-ca94,-2,5,Normal
2026-02-15 12:33:37.811423,NewYork-ca94,32,43,Normal
2026-02-15 12:33:38.811423,NewYork-ca94,-3,98,Normal
2026-02-15 12:33:39.811423,NewYork-ca94,6,93,Normal
2026-02-15 12:33:40.811423,NewYork-ca94,-1,19,Normal
2026-02-15 12:33:41.811423,NewYork-ca94,-4,56,Normal
2026-02-15 12:33:42.811423,NewYork-ca94,-22,66,Normal
2026-02-15 12:33:43.811423,NewYork-ca94,30,78,Normal
2026-02-15 12:33:44.811423,NewYork-ca94,-4,34,Normal
2026-02-15 12:33:45.811423,NewYork-ca94,36,20,Normal
2026-02-15 12:33:46.811423,NewYork-ca94,8,67,Normal
2026-02-15 12:33:47.811423,NewYork-ca94,-30,92,Normal
2026-02-15 12:33:48.811423,NewYork-ca94,-7,47,Normal
2026-02-15 12:33:49.811423,NewYork-ca94,-1,64,Normal
2026-02-15 12:33:50.811423,NewYork-ca94,37,54,Normal
2026-02-15 12:33:51.811423,NewYork-ca94,36,21,Normal
2026-02-15 12:33:52.811423,NewYork-ca94,21,15,Normal
2026-02-15 12:33:53.811423,NewYork-ca94,29,75,Normal
2026-02-15 12:33:54.811423,NewYork-ca94,37,6,Normal
2026-02-15 12:33:55.811423,NewYork-ca94,-23,60,Normal
2026-02-15 12:33:56.811423,NewYork-ca94,-28,69,Normal
2026-02-15 12:33:57.811423,NewYork-ca94,-6,75,Normal
2026-02-15 12:33:58.811423,NewYork-ca94,-11,42,Normal
2026-02-15 12:33:59.811423,NewYork-ca94,8,54,Normal
2026-02-15 12:34:00.811423,NewYork-ca94,-27,70,Normal
2026-02-15 12:34:01.811423,NewYork-ca94,21,58,Normal
2026-02-15 12:34:02.811423,NewYork-ca94,35,15,Normal
2026-02-15 12:34:03.811423,NewYork-ca94,11,15,Normal
2026-02-15 12:34:04.811423,NewYork-ca94,26,10,Normal
2026-02-15 12:34:05.811423,NewYork-ca94,2,18,Normal
2026-02-15 12:34:06.811423,NewYork-ca94,45,46,Normal
2026-02-15 12:34:07.811423,NewYork-ca94,41,27,Normal
2026-02-15 12:34:08.811423,NewYork-ca94,-19,37,Normal
2026-02-15 12:34:09.811423,NewYork-ca94,41,73,Normal
2026-02-15 12:34:10.811423,NewYork-ca94,11,23,Normal
2026-02-15 12:34:11.811423,NewYork-ca94,21,87,Normal
2026-02-15 12:34:12.811423,NewYork-ca94,41,69,Normal
2026-02-15 12:34:13.811423,NewYork-ca94,-4,62,Normal
2026-02-15 12:34:14.811423,NewYork-ca94,47,54,Normal
2026-02-15 12:34:15.811423,NewYork-ca94,36,91,Normal
2026-02-15 12:34:16.811423,NewYork-ca94,40,82,Normal
2026-02-15 12:34:17.811423,NewYork-ca94,-9,21,Normal
2026-02-15 12:34:18.811423,NewYork-ca94,-16,55,Normal
2026-02-15 12:34:19.811423,NewYork-ca94,11,81,Normal
2026-02-15 12:34:20.811423,NewYork-ca94,-19,39,Normal
2026-02-15 12:34:21.811423,NewYork-ca94,40,84,Normal
2026-02-15 12:34:22.811423,NewYork-ca94,48,60,Normal
2026-02-15 12:34:23.811423,NewYork-ca94,10,26,Normal
2026-02-15 12:34:24.811423,NewYork-ca94,-14,18,Normal
2026-02-15 12:34:25.811423,NewYork-ca94,27,85,Normal
2026-02-15 12:34:26.811423,NewYork-ca94,8,40,Normal
2026-02-15 12:34:27.811423,NewYork-ca94,-14,59,Normal
2026-02-15 12:34:28.811423,NewYork-ca94,9,60,Normal
2026-02-15 12:34:29.811423,NewYork-ca94,-5,61,Normal
2026-02-15 12:34:30.811423,NewYork-ca94,-8,55,Normal
2026-02-15 12:34:31.811423,NewYork-ca94,49,71,Normal
2026-02-15 12:34:32.811423,NewYork-ca94,3,53,Normal
2026-02-15 12:34:33.811423,NewYork-ca94,-22,49,Normal
2026-02-15 12:34:34.811423,NewYork-ca94,41,37,Normal
2026-02-15 12:34:35.811423,NewYork-ca94,-17,26,Normal
2026-02-15 12:34:36.811423,NewYork-ca94,-24,90,Normal
2026-02-15 12:34:37.811423,NewYork-ca94,-11,92,Normal
2026-02-15 12:34:38.811423,NewYork-ca94,13,33,Normal
2026-02-15 12:34:39.811423,NewYork-ca94,24,26,Normal
2026-02-15 12:34:40.811423,NewYork-ca94,50,81,Normal
2026-02-15 12:34:41.811423,NewYork-ca94,-25,87,Normal
2026-02-15 12:34:42.811423,NewYork-ca94,37,1,Normal
2026-02-15 12:34:43.811423,NewYork-ca94,-20,36,Normal
2026-02-15 12:34:44.811423,NewYork-ca94,9,35,Normal
2026-02-15 12:34:45.811423,NewYork-ca94,-10,78,Normal
2026-02-15 12:34:46.811423,NewYork-ca94,16,0,Normal
2026-02-15 12:34:47.811423,NewYork-ca94,50,87,Normal
2026-02-15 12:34:48.811423,NewYork-ca94,5,9,Normal
2026-02-15 12:34:49.811423,NewYork-ca94,39,83,Normal
2026-02-15 12:34:50.811423,NewYork-ca94,41,69,Normal
2026-02-15 12:34:51.811423,NewYork-ca94,8,12,Normal
2026-02-15 12:34:52.811423,NewYork-ca94,41,2,Normal
2026-02-15 12:34:53.811423,NewYork-ca94,15,97,Normal
2026-02-15 12:34:54.811423,NewYork-ca94,49,86,Normal
2026-02-15 12:34:55.811423,NewYork-ca94,32,27,Normal
2026-02-15 12:34:56.811423,NewYork-ca94,2,53,Normal
2026-02-15 12:34:57.811423,NewYork-ca94,34,94,Normal
2026-02-15 12:34:58.811423,NewYork-ca94,-22,86,Normal
2026-02-15 12:34:59.811423,NewYork-ca94,-10,64,Normal
2026-02-15 12:35:00.811423,NewYork-ca94,45,66,Normal
2026-02-15 12:35:01.811423,NewYork-ca94,-18,78,Normal
2026-02-15 12:35:02.811423,NewYork-ca94,-15,8,Normal
2026-02-15 12:35:03.811423,NewYork-ca94,-3,73,Normal
2026-02-15 12:35:04.811423,NewYork-ca94,-9,6,Normal
2026-02-15 12:35:05.811423,NewYork-ca94,-20,86,Normal
2026-02-15 12:35:06.811423,NewYork-ca94,-19,80,Normal
2026-02-15 12:35:07.811423,NewYork-ca94,18,18,Normal
2026-02-15 12:35:08.811423,NewYork-ca94,48,86,Normal
2026-02-15 12:35:09.811423,NewYork-ca94,-7,14,Normal
2026-02-15 12:35:10.811423,NewYork-ca94,45,52,Normal
2026-02-15 12:35:11.811423,NewYork-ca94,-15,49,Normal
2026-02-15 12:35:12.811423,NewYork-ca94,-15,89,Normal
2026-02-15 12:35:13.811423,NewYork-ca94,21,79,Normal
2026-02-15 12:35:14.811423,NewYork-ca94,3,18,Normal
2026-02-15 12:35:15.811423,NewYork-ca94,25,22,Normal
2026-02-15 12:35:16.811423,NewYork-ca94,50,62,Normal
2026-02-15 12:35:17.811423,NewYork-ca94,-19,76,Normal
2026-02-15 12:35:18.811423,NewYork-ca94,1,97,Normal
2026-02-15 12:35:19.811423,NewYork-ca94,2,2,Normal
2026-02-15 12:35:20.811423,NewYork-ca94,-16,52,Normal
2026-02-15 12:35:21.811423,NewYork-ca94,48,80,Normal
2026-02-15 12:35:22.811423,NewYork-ca94,21,22,Normal
2026-02-15 12:35:23.811423,NewYork-ca94,14,73,Normal
2026-02-15 12:35:24.811423,NewYork-ca94,33,66,Normal
2026-02-15 12:35:25.811423,NewYork-ca94,-15,49,Normal
2026-02-15 12:35:26.811423,NewYork-ca94,11,31,Normal
2026-02-15 12:35:27.811423,NewYork-ca94,-3,19,Normal
2026-02-15 12:35:28.811423,NewYork-ca94,45,69,Normal
2026-02-15 12:35:29.811423,NewYork-ca94,3,75,Normal
2026-02-15 12:35:30.811423,NewYork-ca94,-21,54,Normal
2026-02-15 12:35:31.811423,NewYork-ca94,31,70,Normal
2026-02-15 12:35:32.811423,NewYork-ca94,-23,1,Normal
2026-02-15 12:35:33.811423,NewYork-ca94,-9,81,Normal
2026-02-15 12:35:34.811423,NewYork-ca94,3,28,Normal
2026-02-15 12:35:35.811423,NewYork-ca94,15,39,Normal
2026-02-15 12:35:36.811423,NewYork-ca94,24,66,Normal
2026-02-15 12:35:37.811423,NewYork-ca94,-4,42,Normal
2026-02-15 12:35:38.811423,NewYork-ca94,-9,65,Normal
2026-02-15 12:35:39.811423,NewYork-ca94,30,82,Normal
2026-02-15 12:35:40.811423,NewYork-ca94,33,14,Normal
2026-02-15 12:35:41.811423,NewYork-ca94,8,68,Normal
2026-02-15 12:35:42.811423,NewYork-ca94,-7,9,Normal
2026-02-15 12:35:43.811423,NewYork-ca94,-17,54,Normal
2026-02-15 12:35:44.811423,NewYork-ca94,0,52,Normal
2026-02-15 12:35:45.811423,NewYork-ca94,-28,82,Normal
2026-02-15 12:35:46.811423,NewYork-ca94,45,21,Normal
2026-02-15 12:35:47.811423,NewYork-ca94,45,56,Normal
2026-02-15 12:35:48.811423,NewYork-ca94,-21,89,Normal
2026-02-15 12:35:49.811423,NewYork-ca94,-24,49,Normal
2026-02-15 12:35:50.811423,NewYork-ca94,7,31,Normal
2026-02-15 12:35:51.811423,NewYork-ca94,-6,22,Normal
2026-02-15 12:35:52.811423,NewYork-ca94,3,15,Normal
2026-02-15 12:35:53.811423,NewYork-ca94,25,81,Normal
2026-02-15 12:35:54.811423,NewYork-ca94,-6,34,Normal
2026-02-15 12:35:55.811423,NewYork-ca94,24,40,Normal
2026-02-15 12:35:56.811423,NewYork-ca94,-20,74,Normal
2026-02-15 12:35:57.811423,NewYork-ca94,-30,92,Normal
2026-02-15 12:35:58.811423,NewYork-ca94,12,37,Normal
2026-02-15 12:35:59.811423,NewYork-ca94,-7,30,Normal
2026-02-15 12:36:00.811423,NewYork-ca94,15,27,Normal
2026-02-15 12:36:01.811423,NewYork-ca94,11,67,Normal
2026-02-15 12:36:02.811423,NewYork-ca94,-8,37,Normal
2026-02-15 12:36:03.811423,NewYork-ca94,-25,55,Normal
2026-02-15 12:36:04.811423,NewYork-ca94,0,79,Normal
2026-02-15 12:36:05.811423,NewYork-ca94,-7,20,Normal
2026-02-15 12:36:06.811423,NewYork-ca94,-5,2,Normal
2026-02-15 12:36:07.811423,NewYork-ca94,-11,7,Normal
2026-02-15 12:36:08.811423,NewYork-ca94,28,88,Normal
2026-02-15 12:36:09.811423,NewYork-ca94,14,100,Normal
2026-02-15 12:36:10.811423,NewYork-ca94,9,15,Normal
2026-02-15 12:36:11.811423,NewYork-ca94,36,47,Normal
2026-02-15 12:36:12.811423,NewYork-ca94,7,14,Normal
2026-02-15 12:36:13.811423,NewYork-ca94,-10,10,Normal
2026-02-15 12:36:14.811423,NewYork-ca94,13,43,Normal
2026-02-15 12:36:15.811423,NewYork-ca94,8,31,Normal
2026-02-15 12:36:16.811423,NewYork-ca94,17,34,Normal
2026-02-15 12:36:17.811423,NewYork-ca94,24,90,Normal
2026-02-15 12:36:18.811423,NewYork-ca94,35,82,Normal
2026-02-15 12:36:19.811423,NewYork-ca94,16,10,Normal
2026-02-15 12:36:20.811423,NewYork-ca94,0,17,Normal
2026-02-15 12:36:21.811423,NewYork-ca94,21,17,Normal
2026-02-15 12:36:22.811423,NewYork-ca94,-23,75,Normal
2026-02-15 12:36:23.811423,NewYork-ca94,-10,30,Normal
2026-02-15 12:36:24.811423,NewYork-ca94,46,6,Normal
2026-02-15 12:36:25.811423,NewYork-ca94,12,66,Normal
2026-02-15 12:36:26.811423,NewYork-ca94,38,99,Normal
2026-02-15 12:36:27.811423,NewYork-ca94,-8,14,Normal
2026-02-15 12:36:28.811423,NewYork-ca94,12,72,Normal
2026-02-15 12:36:29.811423,NewYork-ca94,28,69,Normal
2026-02-15 12:36:30.811423,NewYork-ca94,-28,17,Normal
2026-02-15 12:36:31.811423,NewYork-ca94,20,22,Normal
2026-02-15 12:36:32.811423,NewYork-ca94,25,35,Normal
2026-02-15 12:36:33.811423,NewYork-ca94,-2,98,Normal
2026-02-15 12:36:34.811423,NewYork-ca94,23,86,Normal
2026-02-15 12:36:35.811423,NewYork-ca94,-18,36,Normal
2026-02-15 12:36:36.811423,NewYork-ca94,-9,34,Normal
2026-02-15 12:36:37.811423,NewYork-ca94,27,92,Normal
2026-02-15 12:36:38.811423,NewYork-ca94,-23,74,Normal
2026-02-15 12:36:39.811423,NewYork-ca94,4,61,Normal
2026-02-15 12:36:40.811423,NewYork-ca94,-25,22,Normal
2026-02-15 12:36:41.811423,NewYork-ca94,12,100,Normal
2026-02-15 12:36:42.811423,NewYork-ca94,30,10,Normal
2026-02-15 12:36:43.811423,NewYork-ca94,24,46,Normal
2026-02-15 12:36:44.811423,NewYork-ca94,10,39,Normal
2026-02-15 12:36:45.811423,NewYork-ca94,6,56,Normal
2026-02-15 12:36:46.811423,NewYork-ca94,-1,92,Normal
2026-02-15 12:36:47.811423,NewYork-ca94,15,33,Normal
2026-02-15 12:36:48.811423,NewYork-ca94,19,64,Normal
2026-02-15 12:36:49.811423,NewYork-ca94,-15,31,Normal
2026-02-15 12:36:50.811423,NewYork-ca94,40,55,Normal
2026-02-15 12:36:51.811423,NewYork-ca94,7,96,Normal
2026-02-15 12:36:52.811423,NewYork-ca94,3,51,Normal
2026-02-15 12:36:53.811423,NewYork-ca94,3,65,Normal
2026-02-15 12:36:54.811423,NewYork-ca94,37,36,Normal
2026-02-15 12:36:55.811423,NewYork-ca94,38,92,Normal
2026-02-15 12:36:56.811423,NewYork-ca94,-22,50,Normal
2026-02-15 12:36:57.811423,NewYork-ca94,2,32,Normal
2026-02-15 12:36:58.811423,NewYork-ca94,32,51,Normal
2026-02-15 12:36:59.811423,NewYork-ca94,35,15,Normal
2026-02-15 12:37:00.811423,NewYork-ca94,12,24,Normal
2026-02-15 12:37:01.811423,NewYork-ca94,46,13,Normal
2026-02-15 12:37:02.811423,NewYork-ca94,-24,61,Normal
2026-02-15 12:37:03.811423,NewYork-ca94,-27,32,Normal
2026-02-15 12:37:04.811423,NewYork-ca94,-12,15,Normal
2026-02-15 12:37:05.811423,NewYork-ca94,48,73,Normal
2026-02-15 12:37:06.811423,NewYork-ca94,32,94,Normal
2026-02-15 12:37:07.811423,NewYork-ca94,-22,44,Normal
2026-02-15 12:37:08.811423,NewYork-ca94,-23,25,Normal
2026-02-15 12:37:09.811423,NewYork-ca94,29,7,Normal
2026-02-15 12:37:10.811423,NewYork-ca94,12,39,Normal
2026-02-15 12:37:11.811423,NewYork-ca94,-22,39,Normal
2026-02-15 12:37:12.811423,NewYork-ca94,12,7,Normal
2026-02-15 12:37:13.811423,NewYork-ca94,13,87,Normal
2026-02-15 12:37:14.811423,NewYork-ca94,-22,58,Normal
2026-02-15 12:37:15.811423,NewYork-ca94,-6,89,Normal
2026-02-15 12:37:16.811423,NewYork-ca94,-16,55,Normal
2026-02-15 12:37:17.811423,NewYork-ca94,-3,21,Normal
2026-02-15 12:37:18.811423,NewYork-ca94,38,49,Normal
2026-02-15 12:37:19.811423,NewYork-ca94,49,1,Normal
2026-02-15 12:37:20.811423,NewYork-ca94,14,73,Normal
2026-02-15 12:37:21.811423,NewYork-ca94,9,81,Normal
2026-02-15 12:37:22.811423,NewYork-ca94,-8,89,Normal
2026-02-15 12:37:23.811423,NewYork-ca94,17,4,Normal
2026-02-15 12:37:24.811423,NewYork-ca94,47,43,Normal
2026-02-15 12:37:25.811423,NewYork-ca94,45,65,Normal
2026-02-15 12:37:26.811423,NewYork-ca94,44,10,Normal
2026-02-15 12:37:27.811423,NewYork-ca94,27,73,Normal
2026-02-15 12:37:28.811423,NewYork-ca94,45,23,Normal
2026-02-15 12:37:29.811423,NewYork-ca94,41,65,Normal
2026-02-15 12:37:30.811423,NewYork-ca94,16,4,Normal
2026-02-15 12:37:31.811423,NewYork-ca94,-18,17,Normal
2026-02-15 12:37:32.811423,NewYork-ca94,-5,58,Normal
2026-02-15 12:37:33.811423,NewYork-ca94,-16,52,Normal
2026-02-15 12:37:34.811423,NewYork-ca94,-16,20,Normal
2026-02-15 12:37:35.811423,NewYork-ca94,35,73,Normal
2026-02-15 12:37:36.811423,NewYork-ca94,-24,17,Normal
2026-02-15 12:37:37.811423,NewYork-ca94,33,84,Normal
2026-02-15 12:37:38.811423,NewYork-ca94,-30,79,Normal
2026-02-15 12:37:39.811423,NewYork-ca94,32,47,Normal
2026-02-15 12:37:40.811423,NewYork-ca94,-11,56,Normal
2026-02-15 12:37:41.811423,NewYork-ca94,32,42,Normal
2026-02-15 12:37:42.811423,NewYork-ca94,-11,84,Normal
2026-02-15 12:37:43.811423,NewYork-ca94,6,57,Normal
2026-02-15 12:37:44.811423,NewYork-ca94,37,24,Normal
2026-02-15 12:37:45.811423,NewYork-ca94,-25,32,Normal
2026-02-15 12:37:46.811423,NewYork-ca94,21,94,Normal
2026-02-15 12:37:47.811423,NewYork-ca94,-30,65,Normal
2026-02-15 12:37:48.811423,NewYork-ca94,-23,28,Normal
2026-02-15 12:37:49.811423,NewYork-ca94,41,54,Normal
2026-02-15 12:37:50.811423,NewYork-ca94,-24,45,Normal
2026-02-15 12:37:51.811423,NewYork-ca94,12,72,Normal
2026-02-15 12:37:52.811423,NewYork-ca94,21,59,Normal
2026-02-15 12:37:53.811423,NewYork-ca94,-30,62,Normal
2026-02-15 12:37:54.811423,NewYork-ca94,19,92,Normal
2026-02-15 12:37:55.811423,NewYork-ca94,-15,23,Normal
2026-02-15 12:37:56.811423,NewYork-ca94,-27,51,Normal
2026-02-15 12:37:57.811423,NewYork-ca94,35,80,Normal
2026-02-15 12:37:58.811423,NewYork-ca94,-18,36,Normal
2026-02-15 12:37:59.811423,NewYork-ca94,44,48,Normal
2026-02-15 12:38:00.811423,NewYork-ca94,39,91,Normal
2026-02-15 12:38:01.811423,NewYork-ca94,22,22,Normal
2026-02-15 12:38:02.811423,NewYork-ca94,12,48,Normal
2026-02-15 12:38:03.811423,NewYork-ca94,17,91,Normal
2026-02-15 12:38:04.811423,NewYork-ca94,-26,80,Normal
2026-02-15 12:38:05.811423,NewYork-ca94,19,0,Normal
2026-02-15 12:38:06.811423,NewYork-ca94,19,73,Normal
2026-02-15 12:38:07.811423,NewYork-ca94,15,56,Normal
2026-02-15 12:38:08.811423,NewYork-ca94,-13,30,Normal
2026-02-15 12:38:09.811423,NewYork-ca94,27,93,Normal
2026-02-15 12:38:10.811423,NewYork-ca94,11,99,Normal
2026-02-15 12:38:11.811423,NewYork-ca94,37,51,Normal
2026-02-15 12:38:12.811423,NewYork-ca94,5,94,Normal
2026-02-15 12:38:13.811423,NewYork-ca94,40,35,Normal
2026-02-15 12:38:14.811423,NewYork-ca94,46,48,Normal
2026-02-15 12:38:15.811423,NewYork-ca94,16,74,Normal
2026-02-15 12:38:16.811423,NewYork-ca94,29,95,Normal
2026-02-15 12:38:17.811423,NewYork-ca94,47,24,Normal
2026-02-15 12:38:18.811423,NewYork-ca94,-27,41,Normal
2026-02-15 12:38:19.811423,NewYork-ca94,44,29,Normal
2026-02-15 12:38:20.811423,NewYork-ca94,-28,26,Normal
2026-02-15 12:38:21.811423,NewYork-ca94,-2,84,Normal
2026-02-15 12:38:22.811423,NewYork-ca94,40,64,Normal
2026-02-15 12:38:23.811423,NewYork-ca94,42,83,Normal
2026-02-15 12:38:24.811423,NewYork-ca94,-22,11,Normal
2026-02-15 12:38:25.811423,NewYork-ca94,16,24,Normal
2026-02-15 12:38:26.811423,NewYork-ca94,-6,30,Normal
2026-02-15 12:38:27.811423,NewYork-ca94,31,63,Normal
2026-02-15 12:38:28.811423,NewYork-ca94,37,42,Normal
2026-02-15 12:38:29.811423,NewYork-ca94,26,34,Normal
2026-02-15 12:38:30.811423,NewYork-ca94,9,98,Normal
2026-02-15 12:38:31.811423,NewYork-ca94,47,44,Normal
2026-02-15 12:38:32.811423,NewYork-ca94,37,69,Normal
2026-02-15 12:38:33.811423,NewYork-ca94,-26,66,Normal
2026-02-15 12:38:34.811423,NewYork-ca94,-19,10,Normal
2026-02-15 12:38:35.811423,NewYork-ca94,-14,48,Normal
2026-02-15 12:38:36.811423,NewYork-ca94,39,15,Normal
2026-02-15 12:38:37.811423,NewYork-ca94,-8,14,Normal
2026-02-15 12:38:38.811423,NewYork-ca94,22,79,Normal
2026-02-15 12:38:39.811423,NewYork-ca94,49,55,Normal
2026-02-15 12:38:40.811423,NewYork-ca94,-28,68,Normal
2026-02-15 12:38:41.811423,NewYork-ca94,35,52,Normal
2026-02-15 12:38:42.811423,NewYork-ca94,18,20,Normal
2026-02-15 12:38:43.811423,NewYork-ca94,-10,90,Normal
2026-02-15 12:38:44.811423,NewYork-ca94,34,4,Normal
2026-02-15 12:38:45.811423,NewYork-ca94,46,26,Normal
2026-02-15 12:38:46.811423,NewYork-ca94,-28,39,Normal
2026-02-15 12:38:47.811423,NewYork-ca94,37,27,Normal
2026-02-15 12:38:48.811423,NewYork-ca94,14,80,Normal
2026-02-15 12:38:49.811423,NewYork-ca94,8,85,Normal
2026-02-15 12:38:50.811423,NewYork-ca94,13,49,Normal
2026-02-15 12:38:51.811423,NewYork-ca94,16,24,Normal
2026-02-15 12:38:52.811423,NewYork-ca94,-17,10,Normal
2026-02-15 12:38:53.811423,NewYork-ca94,17,10,Normal
2026-02-15 12:38:54.811423,NewYork-ca94,-1,2,Normal
2026-02-15 12:38:55.811423,NewYork-ca94,18,61,Normal
2026-02-15 12:38:56.811423,NewYork-ca94,15,50,Normal
2026-02-15 12:38:57.811423,NewYork-ca94,-23,34,Normal
2026-02-15 12:38:58.811423,NewYork-ca94,-24,68,Normal
2026-02-15 12:38:59.811423,NewYork-ca94,-7,89,Normal
2026-02-15 12:39:00.811423,NewYork-ca94,49,37,Normal
2026-02-15 12:39:01.811423,NewYork-ca94,7,67,Normal
2026-02-15 12:39:02.811423,NewYork-ca94,-28,11,Normal
2026-02-15 12:39:03.811423,NewYork-ca94,32,84,Normal
2026-02-15 12:39:04.811423,NewYork-ca94,-12,52,Normal
2026-02-15 12:39:05.811423,NewYork-ca94,31,61,Normal
2026-02-15 12:39:06.811423,NewYork-ca94,29,71,Normal
2026-02-15 12:39:07.811423,NewYork-ca94,-13,5,Normal
2026-02-15 12:39:08.811423,NewYork-ca94,22,13,Normal
2026-02-15 12:39:09.811423,NewYork-ca94,-6,19,Normal
2026-02-15 12:39:10.811423,NewYork-ca94,-29,80,Normal
2026-02-15 12:39:11.811423,NewYork-ca94,-16,93,Normal
2026-02-15 12:39:12.811423,NewYork-ca94,41,80,Normal
2026-02-15 12:39:13.811423,NewYork-ca94,1,18,Normal
2026-02-15 12:39:14.811423,NewYork-ca94,-10,67,Normal
2026-02-15 12:39:15.811423,NewYork-ca94,-22,11,Normal
2026-02-15 12:39:16.811423,NewYork-ca94,21,15,Normal
2026-02-15 12:39:17.811423,NewYork-ca94,-21,67,Normal
2026-02-15 12:39:18.811423,NewYork-ca94,23,51,Normal
2026-02-15 12:39:19.811423,NewYork-ca94,23,43,Normal
2026-02-15 12:39:20.811423,NewYork-ca94,-3,48,Normal
2026-02-15 12:39:21.811423,NewYork-ca94,-11,46,Normal
2026-02-15 12:39:22.811423,NewYork-ca94,16,7,Normal
2026-02-15 12:39:23.811423,NewYork-ca94,-19,82,Normal
2026-02-15 12:39:24.811423,NewYork-ca94,-6,73,Normal
2026-02-15 12:39:25.811423,NewYork-ca94,39,6,Normal
2026-02-15 12:39:26.811423,NewYork-ca94,-7,71,Normal
2026-02-15 12:39:27.811423,NewYork-ca94,-4,91,Normal
2026-02-15 12:39:28.811423,NewYork-ca94,-23,99,Normal
2026-02-15 12:39:29.811423,NewYork-ca94,-2,94,Normal
2026-02-15 12:39:30.811423,NewYork-ca94,5,1,Normal
2026-02-15 12:39:31.811423,NewYork-ca94,35,15,Normal
2026-02-15 12:39:32.811423,NewYork-ca94,6,55,Normal
2026-02-15 12:39:33.811423,NewYork-ca94,-21,16,Normal
2026-02-15 12:39:34.811423,NewYork-ca94,47,36,Normal
2026-02-15 12:39:35.811423,NewYork-ca94,14,0,Normal
2026-02-15 12:39:36.811423,NewYork-ca94,-13,67,Normal
2026-02-15 12:39:37.811423,NewYork-ca94,18,68,Normal
2026-02-15 12:39:38.811423,NewYork-ca94,-1,37,Normal
2026-02-15 12:39:39.811423,NewYork-ca94,-17,74,Normal
2026-02-15 12:39:40.811423,NewYork-ca94,50,24,Normal
2026-02-15 12:39:41.811423,NewYork-ca94,9,13,Normal
2026-02-15 12:39:42.811423,NewYork-ca94,-27,22,Normal
2026-02-15 12:39:43.811423,NewYork-ca94,34,35,Normal
2026-02-15 12:39:44.811423,NewYork-ca94,-22,16,Normal
2026-02-15 12:39:45.811423,NewYork-ca94,-12,85,Normal
2026-02-15 12:39:46.811423,NewYork-ca94,18,38,Normal
2026-02-15 12:39:47.811423,NewYork-ca94,22,76,Normal
2026-02-15 12:39:48.811423,NewYork-ca94,9,52,Normal
2026-02-15 12:39:49.811423,NewYork-ca94,-20,31,Normal
2026-02-15 12:39:50.811423,NewYork-ca94,31,13,Normal
2026-02-15 12:39:51.811423,NewYork-ca94,-26,99,Normal
2026-02-15 12:39:52.811423,NewYork-ca94,-27,29,Normal
2026-02-15 12:39:53.811423,NewYork-ca94,-28,84,Normal
2026-02-15 12:39:54.811423,NewYork-ca94,-29,43,Normal
2026-02-15 12:39:55.811423,NewYork-ca94,19,98,Normal
2026-02-15 12:39:56.811423,NewYork-ca94,28,28,Normal
2026-02-15 12:39:57.811423,NewYork-ca94,20,33,Normal
2026-02-15 12:39:58.811423,NewYork-ca94,-2,37,Normal
2026-02-15 12:39:59.811423,NewYork-ca94,-8,7,Normal
2026-02-15 12:40:00.811423,NewYork-ca94,49,23,Normal
2026-02-15 12:40:01.811423,NewYork-ca94,26,99,Normal
2026-02-15 12:40:02.811423,NewYork-ca94,42,97,Normal
2026-02-15 12:40:03.811423,NewYork-ca94,0,93,Normal
2026-02-15 12:40:04.811423,NewYork-ca94,9,0,Normal
2026-02-15 12:40:05.811423,NewYork-ca94,6,11,Normal
2026-02-15 12:40:06.811423,NewYork-ca94,14,51,Normal
2026-02-15 12:40:07.811423,NewYork-ca94,-18,18,Normal
2026-02-15 12:40:08.811423,NewYork-ca94,4,68,Normal
2026-02-15 12:40:09.811423,NewYork-ca94,0,34,Normal
2026-02-15 12:40:10.811423,NewYork-ca94,-6,94,Normal
2026-02-15 12:40:11.811423,NewYork-ca94,-26,98,Normal
2026-02-15 12:40:12.811423,NewYork-ca94,43,76,Normal
2026-02-15 12:40:13.811423,NewYork-ca94,30,29,Normal
2026-02-15 12:40:14.811423,NewYork-ca94,17,97,Normal
2026-02-15 12:40:15.811423,NewYork-ca94,-2,76,Normal
2026-02-15 12:40:16.811423,NewYork-ca94,-5,4,Normal
2026-02-15 12:40:17.811423,NewYork-ca94,-27,35,Normal
2026-02-15 12:40:18.811423,NewYork-ca94,47,89,Normal
2026-02-15 12:40:19.811423,NewYork-ca94,45,0,Normal
2026-02-15 12:40:20.811423,NewYork-ca94,12,73,Normal
2026-02-15 12:40:21.811423,NewYork-ca94,-3,88,Normal
2026-02-15 12:40:22.811423,NewYork-ca94,14,53,Normal
2026-02-15 12:40:23.811423,NewYork-ca94,-13,27,Normal
2026-02-15 12:40:24.811423,NewYork-ca94,19,26,Normal
2026-02-15 12:40:25.811423,NewYork-ca94,-18,47,Normal
2026-02-15 12:40:26.811423,NewYork-ca94,-8,18,Normal
2026-02-15 12:40:27.811423,NewYork-ca94,31,88,Normal
2026-02-15 12:40:28.811423,NewYork-ca94,-19,5,Normal
2026-02-15 12:40:29.811423,NewYork-ca94,-9,66,Normal
2026-02-15 12:40:30.811423,NewYork-ca94,-3,75,Normal
2026-02-15 12:40:31.811423,NewYork-ca94,49,74,Normal
2026-02-15 12:40:32.811423,NewYork-ca94,7,69,Normal
2026-02-15 12:40:33.811423,NewYork-ca94,46,75,Normal
2026-02-15 12:40:34.811423,NewYork-ca94,-17,60,Normal
2026-02-15 12:40:35.811423,NewYork-ca94,47,91,Normal
2026-02-15 12:40:36.811423,NewYork-ca94,-5,28,Normal
2026-02-15 12:40:37.811423,NewYork-ca94,3,66,Normal
2026-02-15 12:40:38.811423,NewYork-ca94,9,53,Normal
2026-02-15 12:40:39.811423,NewYork-ca94,-26,23,Normal
2026-02-15 12:40:40.811423,NewYork-ca94,-7,92,Normal
2026-02-15 12:40:41.811423,NewYork-ca94,-1,14,Normal
2026-02-15 12:40:42.811423,NewYork-ca94,11,42,Normal
2026-02-15 12:40:43.811423,NewYork-ca94,-20,34,Normal
2026-02-15 12:40:44.811423,NewYork-ca94,-2,23,Normal
2026-02-15 12:40:45.811423,NewYork-ca94,-17,72,Normal
2026-02-15 12:40:46.811423,NewYork-ca94,27,7,Normal
2026-02-15 12:40:47.811423,NewYork-ca94,30,70,Normal
2026-02-15 12:40:48.811423,NewYork-ca94,-13,73,Normal
2026-02-15 12:40:49.811423,NewYork-ca94,-5,17,Normal
2026-02-15 12:40:50.811423,NewYork-ca94,11,16,Normal
2026-02-15 12:40:51.811423,NewYork-ca94,39,64,Normal
2026-02-15 12:40:52.811423,NewYork-ca94,-27,81,Normal
2026-02-15 12:40:53.811423,NewYork-ca94,29,57,Normal
2026-02-15 12:40:54.811423,NewYork-ca94,28,14,Normal
2026-02-15 12:40:55.811423,NewYork-ca94,13,4,Normal
2026-02-15 12:40:56.811423,NewYork-ca94,-12,98,Normal
2026-02-15 12:40:57.811423,NewYork-ca94,48,3,Normal
2026-02-15 12:40:58.811423,NewYork-ca94,-26,39,Normal
2026-02-15 12:40:59.811423,NewYork-ca94,11,90,Normal
2026-02-15 12:41:00.811423,NewYork-ca94,46,55,Normal
2026-02-15 12:41:01.811423,NewYork-ca94,-25,75,Normal
2026-02-15 12:41:02.811423,NewYork-ca94,-1,100,Normal
2026-02-15 12:41:03.811423,NewYork-ca94,20,63,Normal
2026-02-15 12:41:04.811423,NewYork-ca94,-22,23,Normal
2026-02-15 12:41:05.811423,NewYork-ca94,16,80,Normal
2026-02-15 12:41:06.811423,NewYork-ca94,41,69,Normal
2026-02-15 12:41:07.811423,NewYork-ca94,15,56,Normal
2026-02-15 12:41:08.811423,NewYork-ca94,-4,93,Normal
2026-02-15 12:41:09.811423,NewYork-ca94,32,82,Normal
2026-02-15 12:41:10.811423,NewYork-ca94,32,17,Normal
2026-02-15 12:41:11.811423,NewYork-ca94,25,37,Normal
2026-02-15 12:41:12.811423,NewYork-ca94,11,22,Normal
2026-02-15 12:41:13.811423,NewYork-ca94,31,65,Normal
2026-02-15 12:41:14.811423,NewYork-ca94,-25,17,Normal
2026-02-15 12:41:15.811423,NewYork-ca94,10,54,Normal
2026-02-15 12:41:16.811423,NewYork-ca94,-13,73,Normal
2026-02-15 12:41:17.811423,NewYork-ca94,-19,34,Normal
2026-02-15 12:41:18.811423,NewYork-ca94,12,76,Normal
2026-02-15 12:41:19.811423,NewYork-ca94,24,79,Normal
2026-02-15 12:41:20.811423,NewYork-ca94,13,82,Normal
2026-02-15 12:41:21.811423,NewYork-ca94,-29,76,Normal
2026-02-15 12:41:22.811423,NewYork-ca94,32,6,Normal
2026-02-15 12:41:23.811423,NewYork-ca94,18,10,Normal
2026-02-15 12:41:24.811423,NewYork-ca94,1,61,Normal
2026-02-15 12:41:25.811423,NewYork-ca94,46,29,Normal
2026-02-15 12:41:26.811423,NewYork-ca94,50,19,Normal
2026-02-15 12:41:27.811423,NewYork-ca94,42,79,Normal
2026-02-15 12:41:28.811423,NewYork-ca94,44,88,Normal
2026-02-15 12:41:29.811423,NewYork-ca94,32,55,Normal
2026-02-15 12:41:30.811423,NewYork-ca94,-11,37,Normal
2026-02-15 12:41:31.811423,NewYork-ca94,48,57,Normal
2026-02-15 12:41:32.811423,NewYork-ca94,48,12,Normal
2026-02-15 12:41:33.811423,NewYork-ca94,-12,77,Normal
2026-02-15 12:41:34.811423,NewYork-ca94,26,42,Normal
2026-02-15 12:41:35.811423,NewYork-ca94,32,84,Normal
2026-02-15 12:41:36.811423,NewYork-ca94,0,18,Normal
2026-02-15 12:41:37.811423,NewYork-ca94,-8,47,Normal
2026-02-15 12:41:38.811423,NewYork-ca94,23,65,Normal
2026-02-15 12:41:39.811423,NewYork-ca94,43,1,Normal
2026-02-15 12:41:40.811423,NewYork-ca94,25,52,Normal
2026-02-15 12:41:41.811423,NewYork-ca94,23,49,Normal
2026-02-15 12:41:42.811423,NewYork-ca94,22,23,Normal
2026-02-15 12:41:43.811423,NewYork-ca94,0,21,Normal
2026-02-15 12:41:44.811423,NewYork-ca94,49,19,Normal
2026-02-15 12:41:45.811423,NewYork-ca94,48,56,Normal
2026-02-15 12:41:46.811423,NewYork-ca94,-27,79,Normal
2026-02-15 12:41:47.811423,NewYork-ca94,-8,39,Normal
2026-02-15 12:41:48.811423,NewYork-ca94,-27,70,Normal
2026-02-15 12:41:49.811423,NewYork-ca94,46,33,Normal
2026-02-15 12:41:50.811423,NewYork-ca94,-19,9,Normal
2026-02-15 12:41:51.811423,NewYork-ca94,18,40,Normal
2026-02-15 12:41:52.811423,NewYork-ca94,9,52,Normal
2026-02-15 12:41:53.811423,NewYork-ca94,8,100,Normal
2026-02-15 12:41:54.811423,NewYork-ca94,-3,55,Normal
2026-02-15 12:41:55.811423,NewYork-ca94,-21,63,Normal
2026-02-15 12:41:56.811423,NewYork-ca94,5,32,Normal
2026-02-15 12:41:57.811423,NewYork-ca94,41,53,Normal
2026-02-15 12:41:58.811423,NewYork-ca94,33,75,Normal
2026-02-15 12:41:59.811423,NewYork-ca94,23,48,Normal
2026-02-15 12:42:00.811423,NewYork-ca94,-17,49,Normal
2026-02-15 12:42:01.811423,NewYork-ca94,26,40,Normal
2026-02-15 12:42:02.811423,NewYork-ca94,-11,71,Normal
2026-02-15 12:42:03.811423,NewYork-ca94,28,25,Normal
2026-02-15 12:42:04.811423,NewYork-ca94,-21,6,Normal
2026-02-15 12:42:05.811423,NewYork-ca94,5,89,Normal
2026-02-15 12:42:06.811423,NewYork-ca94,37,11,Normal
2026-02-15 12:42:07.811423,NewYork-ca94,-25,59,Normal
2026-02-15 12:42:08.811423,NewYork-ca94,2,65,Normal
2026-02-15 12:42:09.811423,NewYork-ca94,44,0,Normal
2026-02-15 12:42:10.811423,NewYork-ca94,21,7,Normal
2026-02-15 12:42:11.811423,NewYork-ca94,-4,6,Normal
2026-02-15 12:42:12.811423,NewYork-ca94,26,35,Normal
2026-02-15 12:42:13.811423,NewYork-ca94,-8,14,Normal
2026-02-15 12:42:14.811423,NewYork-ca94,-17,19,Normal
2026-02-15 12:42:15.811423,NewYork-ca94,-18,6,Normal
2026-02-15 12:42:16.811423,NewYork-ca94,-19,61,Normal
2026-02-15 12:42:17.811423,NewYork-ca94,13,6,Normal
2026-02-15 12:42:18.811423,NewYork-ca94,9,68,Normal
2026-02-15 12:42:19.811423,NewYork-ca94,14,92,Normal
2026-02-15 12:42:20.811423,NewYork-ca94,-27,80,Normal
2026-02-15 12:42:21.811423,NewYork-ca94,41,53,Normal
2026-02-15 12:42:22.811423,NewYork-ca94,15,65,Normal
2026-02-15 12:42:23.811423,NewYork-ca94,-11,13,Normal
2026-02-15 12:42:24.811423,NewYork-ca94,35,32,Normal
2026-02-15 12:42:25.811423,NewYork-ca94,-19,13,Normal
2026-02-15 12:42:26.811423,NewYork-ca94,0,70,Normal
2026-02-15 12:42:27.811423,NewYork-ca94,-26,91,Normal
2026-02-15 12:42:28.811423,NewYork-ca94,-1,12,Normal
2026-02-15 12:42:29.811423,NewYork-ca94,-12,33,Normal
2026-02-15 12:42:30.811423,NewYork-ca94,25,89,Normal
2026-02-15 12:42:31.811423,NewYork-ca94,11,18,Normal
2026-02-15 12:42:32.811423,NewYork-ca94,17,54,Normal
2026-02-15 12:42:33.811423,NewYork-ca94,-5,72,Normal
2026-02-15 12:42:34.811423,NewYork-ca94,37,68,Normal
2026-02-15 12:42:35.811423,NewYork-ca94,-21,48,Normal
2026-02-15 12:42:36.811423,NewYork-ca94,43,5,Normal
2026-02-15 12:42:37.811423,NewYork-ca94,39,98,Normal
2026-02-15 12:42:38.811423,NewYork-ca94,-29,40,Normal
2026-02-15 12:42:39.811423,NewYork-ca94,-21,95,Normal
2026-02-15 12:42:40.811423,NewYork-ca94,-7,76,Normal
2026-02-15 12:42:41.811423,NewYork-ca94,46,37,Normal
2026-02-15 12:42:42.811423,NewYork-ca94,26,85,Normal
2026-02-15 12:42:43.811423,NewYork-ca94,20,61,Normal
2026-02-15 12:42:44.811423,NewYork-ca94,1,19,Normal
2026-02-15 12:42:45.811423,NewYork-ca94,-22,21,Normal
2026-02-15 12:42:46.811423,NewYork-ca94,-10,97,Normal
2026-02-15 12:42:47.811423,NewYork-ca94,12,54,Normal
2026-02-15 12:42:48.811423,NewYork-ca94,26,10,Normal
2026-02-15 12:42:49.811423,NewYork-ca94,-12,92,Normal
2026-02-15 12:42:50.811423,NewYork-ca94,24,23,Normal
2026-02-15 12:42:51.811423,NewYork-ca94,-11,71,Normal
2026-02-15 12:42:52.811423,NewYork-ca94,50,70,Normal
2026-02-15 12:42:53.811423,NewYork-ca94,50,80,Normal
2026-02-15 12:42:54.811423,NewYork-ca94,44,5,Normal
2026-02-15 12:42:55.811423,NewYork-ca94,48,7,Normal
2026-02-15 12:42:56.811423,NewYork-ca94,31,76,Normal
2026-02-15 12:42:57.811423,NewYork-ca94,48,16,Normal
2026-02-15 12:42:58.811423,NewYork-ca94,34,65,Normal
2026-02-15 12:42:59.811423,NewYork-ca94,-21,26,Normal
2026-02-15 12:43:00.811423,NewYork-ca94,36,65,Normal
2026-02-15 12:43:01.811423,NewYork-ca94,-10,79,Normal
2026-02-15 12:43:02.811423,NewYork-ca94,-16,50,Normal
2026-02-15 12:43:03.811423,NewYork-ca94,31,54,Normal
2026-02-15 12:43:04.811423,NewYork-ca94,8,27,Normal
2026-02-15 12:43:05.811423,NewYork-ca94,14,88,Normal
2026-02-15 12:43:06.811423,NewYork-ca94,48,10,Normal
2026-02-15 12:43:07.811423,NewYork-ca94,5,61,Normal
2026-02-15 12:43:08.811423,NewYork-ca94,12,91,Normal
2026-02-15 12:43:09.811423,NewYork-ca94,-28,53,Normal
2026-02-15 12:43:10.811423,NewYork-ca94,48,100,Normal
2026-02-15 12:43:11.811423,NewYork-ca94,27,54,Normal
2026-02-15 12:43:12.811423,NewYork-ca94,-23,59,Normal
2026-02-15 12:43:13.811423,NewYork-ca94,12,82,Normal
2026-02-15 12:43:14.811423,NewYork-ca94,-8,46,Normal
2026-02-15 12:43:15.811423,NewYork-ca94,17,67,Normal
2026-02-15 12:43:16.811423,NewYork-ca94,-6,45,Normal
2026-02-15 12:43:17.811423,NewYork-ca94,-14,20,Normal
2026-02-15 12:43:18.811423,NewYork-ca94,-1,11,Normal
2026-02-15 12:43:19.811423,NewYork-ca94,33,45,Normal
2026-02-15 12:43:20.811423,NewYork-ca94,-14,81,Normal
2026-02-15 12:43:21.811423,NewYork-ca94,12,35,Normal
2026-02-15 12:43:22.811423,NewYork-ca94,11,60,Normal
2026-02-15 12:43:23.811423,NewYork-ca94,33,99,Normal
2026-02-15 12:43:24.811423,NewYork-ca94,36,6,Normal
2026-02-15 12:43:25.811423,NewYork-ca94,49,32,Normal
2026-02-15 12:43:26.811423,NewYork-ca94,6,49,Normal
2026-02-15 12:43:27.811423,NewYork-ca94,11,24,Normal
2026-02-15 12:43:28.811423,NewYork-ca94,17,2,Normal
2026-02-15 12:43:29.811423,NewYork-ca94,-17,99,Normal
2026-02-15 12:43:30.811423,NewYork-ca94,3,65,Normal
2026-02-15 12:43:31.811423,NewYork-ca94,48,29,Normal
2026-02-15 12:43:32.811423,NewYork-ca94,38,61,Normal
2026-02-15 12:43:33.811423,NewYork-ca94,45,1,Normal
2026-02-15 12:43:34.811423,NewYork-ca94,14,93,Normal
2026-02-15 12:43:35.811423,NewYork-ca94,7,56,Normal
2026-02-15 12:43:36.811423,NewYork-ca94,13,67,Normal
2026-02-15 12:43:37.811423,NewYork-ca94,-14,35,Normal
2026-02-15 12:43:38.811423,NewYork-ca94,-3,51,Normal
2026-02-15 12:43:39.811423,NewYork-ca94,27,53,Normal
2026-02-15 12:43:40.811423,NewYork-ca94,7,44,Normal
2026-02-15 12:43:41.811423,NewYork-ca94,39,35,Normal
2026-02-15 12:43:42.811423,NewYork-ca94,34,58,Normal
2026-02-15 12:43:43.811423,NewYork-ca94,-23,68,Normal
2026-02-15 12:43:44.811423,NewYork-ca94,-2,70,Normal
2026-02-15 12:43:45.811423,NewYork-ca94,-23,86,Normal
2026-02-15 12:43:46.811423,NewYork-ca94,49,28,Normal
2026-02-15 12:43:47.811423,NewYork-ca94,50,45,Normal
2026-02-15 12:43:48.811423,NewYork-ca94,-21,8,Normal
2026-02-15 12:43:49.811423,NewYork-ca94,-17,11,Normal
2026-02-15 12:43:50.811423,NewYork-ca94,25,15,Normal
2026-02-15 12:43:51.811423,NewYork-ca94,39,70,Normal
2026-02-15 12:43:52.811423,NewYork-ca94,40,68,Normal
2026-02-15 12:43:53.811423,NewYork-ca94,-26,74,Normal
2026-02-15 12:43:54.811423,NewYork-ca94,47,64,Normal
2026-02-15 12:43:55.811423,NewYork-ca94,9,56,Normal
2026-02-15 12:43:56.811423,NewYork-ca94,19,49,Normal
2026-02-15 12:43:57.811423,NewYork-ca94,47,37,Normal
2026-02-15 12:43:58.811423,NewYork-ca94,34,61,Normal
2026-02-15 12:43:59.811423,NewYork-ca94,-12,11,Normal
2026-02-15 12:44:00.811423,NewYork-ca94,-21,15,Normal
2026-02-15 12:44:01.811423,NewYork-ca94,-6,79,Normal
2026-02-15 12:44:02.811423,NewYork-ca94,15,8,Normal
2026-02-15 12:44:03.811423,NewYork-ca94,-10,25,Normal
2026-02-15 12:44:04.811423,NewYork-ca94,3,66,Normal
2026-02-15 12:44:05.811423,NewYork-ca94,35,98,Normal
2026-02-15 12:44:06.811423,NewYork-ca94,-19,27,Normal
2026-02-15 12:44:07.811423,NewYork-ca94,-21,96,Normal
2026-02-15 12:44:08.811423,NewYork-ca94,4,12,Normal
2026-02-15 12:44:09.811423,NewYork-ca94,12,19,Normal
2026-02-15 12:44:10.811423,NewYork-ca94,31,80,Normal
2026-02-15 12:44:11.811423,NewYork-ca94,-25,3,Normal
2026-02-15 12:44:12.811423,NewYork-ca94,-1,34,Normal
2026-02-15 12:44:13.811423,NewYork-ca94,8,63,Normal
2026-02-15 12:44:14.811423,NewYork-ca94,40,96,Normal
2026-02-15 12:44:15.811423,NewYork-ca94,-1,40,Normal
2026-02-15 12:44:16.811423,NewYork-ca94,31,77,Normal
2026-02-15 12:44:17.811423,NewYork-ca94,-23,73,Normal
2026-02-15 12:44:18.811423,NewYork-ca94,31,15,Normal
2026-02-15 12:44:19.811423,NewYork-ca94,-3,30,Normal
2026-02-15 12:44:20.811423,NewYork-ca94,24,48,Normal
2026-02-15 12:44:21.811423,NewYork-ca94,14,34,Normal
2026-02-15 12:44:22.811423,NewYork-ca94,48,75,Normal
2026-02-15 12:44:23.811423,NewYork-ca94,17,0,Normal
2026-02-15 12:44:24.811423,NewYork-ca94,30,16,Normal
2026-02-15 12:44:25.811423,NewYork-ca94,7,52,Normal
2026-02-15 12:44:26.811423,NewYork-ca94,-28,77,Normal
2026-02-15 12:44:27.811423,NewYork-ca94,22,38,Normal
2026-02-15 12:44:28.811423,NewYork-ca94,35,1,Normal
2026-02-15 12:44:29.811423,NewYork-ca94,5,46,Normal
2026-02-15 12:44:30.811423,NewYork-ca94,-17,10,Normal
2026-02-15 12:44:31.811423,NewYork-ca94,50,41,Normal
2026-02-15 12:44:32.811423,NewYork-ca94,33,18,Normal
2026-02-15 12:44:33.811423,NewYork-ca94,33,80,Normal
2026-02-15 12:44:34.811423,NewYork-ca94,-18,33,Normal
2026-02-15 12:44:35.811423,NewYork-ca94,43,95,Normal
2026-02-15 12:44:36.811423,NewYork-ca94,36,58,Normal
2026-02-15 12:44:37.811423,NewYork-ca94,26,90,Normal
2026-02-15 12:44:38.811423,NewYork-ca94,-23,57,Normal
2026-02-15 12:44:39.811423,NewYork-ca94,41,98,Normal
2026-02-15 12:44:40.811423,NewYork-ca94,31,50,Normal
2026-02-15 12:44:41.811423,NewYork-ca94,4,34,Normal
2026-02-15 12:44:42.811423,NewYork-ca94,-14,68,Normal
2026-02-15 12:44:43.811423,NewYork-ca94,34,16,Normal
2026-02-15 12:44:44.811423,NewYork-ca94,39,68,Normal
2026-02-15 12:44:45.811423,NewYork-ca94,-4,8,Normal
2026-02-15 12:44:46.811423,NewYork-ca94,-18,90,Normal
2026-02-15 12:44:47.811423,NewYork-ca94,-5,58,Normal
2026-02-15 12:44:48.811423,NewYork-ca94,8,57,Normal
2026-02-15 12:44:49.811423,NewYork-ca94,49,17,Normal
2026-02-15 12:44:50.811423,NewYork-ca94,0,15,Normal
2026-02-15 12:44:51.811423,NewYork-ca94,15,19,Normal
2026-02-15 12:44:52.811423,NewYork-ca94,15,58,Normal
2026-02-15 12:44:53.811423,NewYork-ca94,45,39,Normal
2026-02-15 12:44:54.811423,NewYork-ca94,-29,41,Normal
2026-02-15 12:44:55.811423,NewYork-ca94,-10,17,Normal
2026-02-15 12:44:56.811423,NewYork-ca94,25,18,Normal
2026-02-15 12:44:57.811423,NewYork-ca94,39,73,Normal
2026-02-15 12:44:58.811423,NewYork-ca94,24,66,Normal
2026-02-15 12:44:59.811423,NewYork-ca94,35,79,Normal
2026-02-15 12:45:00.811423,NewYork-ca94,5,38,Normal
2026-02-15 12:45:01.811423,NewYork-ca94,-23,84,Normal
2026-02-15 12:45:02.811423,NewYork-ca94,-29,100,Normal
2026-02-15 12:45:03.811423,NewYork-ca94,21,36,Normal
2026-02-15 12:45:04.811423,NewYork-ca94,7,79,Normal
2026-02-15 12:45:05.811423,NewYork-ca94,43,85,Normal
2026-02-15 12:45:06.811423,NewYork-ca94,44,72,Normal
2026-02-15 12:45:07.811423,NewYork-ca94,19,53,Normal
2026-02-15 12:45:08.811423,NewYork-ca94,-14,7,Normal
2026-02-15 12:45:09.811423,NewYork-ca94,-8,50,Normal
2026-02-15 12:45:10.811423,NewYork-ca94,0,39,Normal
2026-02-15 12:45:11.811423,NewYork-ca94,-6,15,Normal
2026-02-15 12:45:12.811423,NewYork-ca94,20,14,Normal
2026-02-15 12:45:13.811423,NewYork-ca94,36,69,Normal
2026-02-15 12:45:14.811423,NewYork-ca94,31,42,Normal
2026-02-15 12:45:15.811423,NewYork-ca94,16,78,Normal
2026-02-15 12:45:16.811423,NewYork-ca94,-28,30,Normal
2026-02-15 12:45:17.811423,NewYork-ca94,16,81,Normal
2026-02-15 12:45:18.811423,NewYork-ca94,-2,0,Normal
2026-02-15 12:45:19.811423,NewYork-ca94,39,28,Normal
2026-02-15 12:45:20.811423,NewYork-ca94,22,37,Normal
2026-02-15 12:45:21.811423,NewYork-ca94,-9,26,Normal
2026-02-15 12:45:22.811423,NewYork-ca94,-2,48,Normal
2026-02-15 12:45:23.811423,NewYork-ca94,-25,39,Normal
2026-02-15 12:45:24.811423,NewYork-ca94,-27,76,Normal
2026-02-15 12:45:25.811423,NewYork-ca94,-2,44,Normal
2026-02-15 12:45:26.811423,NewYork-ca94,50,25,Normal
2026-02-15 12:45:27.811423,NewYork-ca94,-12,41,Normal
2026-02-15 12:45:28.811423,NewYork-ca94,35,78,Normal
2026-02-15 12:45:29.811423,NewYork-ca94,41,99,Normal
2026-02-15 12:45:30.811423,NewYork-ca94,9,30,Normal
2026-02-15 12:45:31.811423,NewYork-ca94,9,39,Normal
2026-02-15 12:45:32.811423,NewYork-ca94,20,89,Normal
2026-02-15 12:45:33.811423,NewYork-ca94,-17,17,Normal
2026-02-15 12:45:34.811423,NewYork-ca94,-1,62,Normal
2026-02-15 12:45:35.811423,NewYork-ca94,34,67,Normal
2026-02-15 12:45:36.811423,NewYork-ca94,13,39,Normal
2026-02-15 12:45:37.811423,NewYork-ca94,43,45,Normal
2026-02-15 12:45:38.811423,NewYork-ca94,-21,22,Normal
2026-02-15 12:45:39.811423,NewYork-ca94,-3,33,Normal
2026-02-15 12:45:40.811423,NewYork-ca94,12,28,Normal
2026-02-15 12:45:41.811423,NewYork-ca94,-1,3,Normal
2026-02-15 12:45:42.811423,NewYork-ca94,-25,15,Normal
2026-02-15 12:45:43.811423,NewYork-ca94,-19,23,Normal
2026-02-15 12:45:44.811423,NewYork-ca94,47,7,Normal
2026-02-15 12:45:45.811423,NewYork-ca94,10,28,Normal
2026-02-15 12:45:46.811423,NewYork-ca94,32,69,Normal
2026-02-15 12:45:47.811423,NewYork-ca94,-7,57,Normal
2026-02-15 12:45:48.811423,NewYork-ca94,4,96,Normal
2026-02-15 12:45:49.811423,NewYork-ca94,10,28,Normal
2026-02-15 12:45:50.811423,NewYork-ca94,-16,17,Normal
2026-02-15 12:45:51.811423,NewYork-ca94,-16,98,Normal
2026-02-15 12:45:52.811423,NewYork-ca94,-16,73,Normal
2026-02-15 12:45:53.811423,NewYork-ca94,15,35,Normal
2026-02-15 12:45:54.811423,NewYork-ca94,23,100,Normal
2026-02-15 12:45:55.811423,NewYork-ca94,9,53,Normal
2026-02-15 12:45:56.811423,NewYork-ca94,-26,74,Normal
2026-02-15 12:45:57.811423,NewYork-ca94,47,66,Normal
2026-02-15 12:45:58.811423,NewYork-ca94,-13,55,Normal
2026-02-15 12:45:59.811423,NewYork-ca94,16,21,Normal
2026-02-15 12:46:00.811423,NewYork-ca94,27,6,Normal
2026-02-15 12:46:01.811423,NewYork-ca94,27,98,Normal
2026-02-15 12:46:02.811423,NewYork-ca94,-22,14,Normal
2026-02-15 12:46:03.811423,NewYork-ca94,-20,15,Normal
2026-02-15 12:46:04.811423,NewYork-ca94,30,89,Normal
2026-02-15 12:46:05.811423,NewYork-ca94,-17,56,Normal
2026-02-15 12:46:06.811423,NewYork-ca94,1,30,Normal
2026-02-15 12:46:07.811423,NewYork-ca94,-10,41,Normal
2026-02-15 12:46:08.811423,NewYork-ca94,38,56,Normal
2026-02-15 12:46:09.811423,NewYork-ca94,-29,75,Normal
2026-02-15 12:46:10.811423,NewYork-ca94,34,11,Normal
2026-02-15 12:46:11.811423,NewYork-ca94,-8,56,Normal
2026-02-15 12:46:12.811423,NewYork-ca94,-16,59,Normal
2026-02-15 12:46:13.811423,NewYork-ca94,-29,1,Normal
2026-02-15 12:46:14.811423,NewYork-ca94,6,24,Normal
2026-02-15 12:46:15.811423,NewYork-ca94,-3,71,Normal
2026-02-15 12:46:16.811423,NewYork-ca94,32,90,Normal
2026-02-15 12:46:17.811423,NewYork-ca94,11,57,Normal
2026-02-15 12:46:18.811423,NewYork-ca94,43,80,Normal
2026-02-15 12:46:19.811423,NewYork-ca94,-19,23,Normal
2026-02-15 12:46:20.811423,NewYork-ca94,-24,77,Normal
2026-02-15 12:46:21.811423,NewYork-ca94,-15,23,Normal
2026-02-15 12:46:22.811423,NewYork-ca94,-23,4,Normal
2026-02-15 12:46:23.811423,NewYork-ca94,-19,7,Normal
2026-02-15 12:46:24.811423,NewYork-ca94,-5,59,Normal
2026-02-15 12:46:25.811423,NewYork-ca94,21,89,Normal
2026-02-15 12:46:26.811423,NewYork-ca94,-26,81,Normal
2026-02-15 12:46:27.811423,NewYork-ca94,48,96,Normal
2026-02-15 12:46:28.811423,NewYork-ca94,42,42,Normal
2026-02-15 12:46:29.811423,NewYork-ca94,23,24,Normal
2026-02-15 12:46:30.811423,NewYork-ca94,-7,20,Normal
2026-02-15 12:46:31.811423,NewYork-ca94,-17,86,Normal
2026-02-15 12:46:32.811423,NewYork-ca94,17,69,Normal
2026-02-15 12:46:33.811423,NewYork-ca94,-4,69,Normal
2026-02-15 12:46:34.811423,NewYork-ca94,-17,4,Normal
2026-02-15 12:46:35.811423,NewYork-ca94,17,6,Normal
2026-02-15 12:46:36.811423,NewYork-ca94,23,76,Normal
2026-02-15 12:46:37.811423,NewYork-ca94,46,78,Normal
2026-02-15 12:46:38.811423,NewYork-ca94,-24,78,Normal
2026-02-15 12:46:39.811423,NewYork-ca94,30,27,Normal
2026-02-15 12:46:40.811423,NewYork-ca94,-28,21,Normal
2026-02-15 12:46:41.811423,NewYork-ca94,39,96,Normal
2026-02-15 12:46:42.811423,NewYork-ca94,-17,17,Normal
2026-02-15 12:46:43.811423,NewYork-ca94,13,74,Normal
2026-02-15 12:46:44.811423,NewYork-ca94,24,71,Normal
2026-02-15 12:46:45.811423,NewYork-ca94,-3,17,Normal
2026-02-15 12:46:46.811423,NewYork-ca94,30,96,Normal
2026-02-15 12:46:47.811423,NewYork-ca94,39,32,Normal
2026-02-15 12:46:48.811423,NewYork-ca94,6,26,Normal
2026-02-15 12:46:49.811423,NewYork-ca94,-16,5,Normal
2026-02-15 12:46:50.811423,NewYork-ca94,26,33,Normal
2026-02-15 12:46:51.811423,NewYork-ca94,-21,54,Normal
2026-02-15 12:46:52.811423,NewYork-ca94,9,77,Normal
2026-02-15 12:46:53.811423,NewYork-ca94,20,2,Normal
2026-02-15 12:46:54.811423,NewYork-ca94,26,0,Normal
2026-02-15 12:46:55.811423,NewYork-ca94,42,96,Normal
2026-02-15 12:46:56.811423,NewYork-ca94,41,72,Normal
2026-02-15 12:46:57.811423,NewYork-ca94,-6,60,Normal
2026-02-15 12:46:58.811423,NewYork-ca94,1,92,Normal
2026-02-15 12:46:59.811423,NewYork-ca94,-1,44,Normal
2026-02-15 12:47:00.811423,NewYork-ca94,40,91,Normal
2026-02-15 12:47:01.811423,NewYork-ca94,6,62,Normal
2026-02-15 12:47:02.811423,NewYork-ca94,26,70,Normal
2026-02-15 12:47:03.811423,NewYork-ca94,6,18,Normal
2026-02-15 12:47:04.811423,NewYork-ca94,-10,30,Normal
2026-02-15 12:47:05.811423,NewYork-ca94,46,6,Normal
2026-02-15 12:47:06.811423,NewYork-ca94,19,83,Normal
2026-02-15 12:47:07.811423,NewYork-ca94,40,65,Normal
2026-02-15 12:47:08.811423,NewYork-ca94,-2,13,Normal
2026-02-15 12:47:09.811423,NewYork-ca94,40,54,Normal
2026-02-15 12:47:10.811423,NewYork-ca94,34,93,Normal
2026-02-15 12:47:11.811423,NewYork-ca94,-5,27,Normal
2026-02-15 12:47:12.811423,NewYork-ca94,-26,95,Normal
2026-02-15 12:47:13.811423,NewYork-ca94,-12,81,Normal
2026-02-15 12:47:14.811423,NewYork-ca94,0,72,Normal
2026-02-15 12:47:15.811423,NewYork-ca94,25,90,Normal
2026-02-15 12:47:16.811423,NewYork-ca94,-23,4,Normal
2026-02-15 12:47:17.811423,NewYork-ca94,7,65,Normal
2026-02-15 12:47:18.811423,NewYork-ca94,-4,17,Normal
2026-02-15 12:47:19.811423,NewYork-ca94,32,97,Normal
2026-02-15 12:47:20.811423,NewYork-ca94,19,56,Normal
2026-02-15 12:47:21.811423,NewYork-ca94,-29,2,Normal
2026-02-15 12:47:22.811423,NewYork-ca94,22,92,Normal
2026-02-15 12:47:23.811423,NewYork-ca94,-23,7,Normal
2026-02-15 12:47:24.811423,NewYork-ca94,32,40,Normal
2026-02-15 12:47:25.811423,NewYork-ca94,33,38,Normal
2026-02-15 12:47:26.811423,NewYork-ca94,-15,16,Normal
2026-02-15 12:47:27.811423,NewYork-ca94,-10,5,Normal
2026-02-15 12:47:28.811423,NewYork-ca94,-14,16,Normal
2026-02-15 12:47:29.811423,NewYork-ca94,7,92,Normal
2026-02-15 12:47:30.811423,NewYork-ca94,5,66,Normal
2026-02-15 12:47:31.811423,NewYork-ca94,-28,35,Normal
2026-02-15 12:47:32.811423,NewYork-ca94,37,3,Normal
2026-02-15 12:47:33.811423,NewYork-ca94,49,25,Normal
2026-02-15 12:47:34.811423,NewYork-ca94,50,8,Normal
2026-02-15 12:47:35.811423,NewYork-ca94,32,74,Normal
2026-02-15 12:47:36.811423,NewYork-ca94,9,14,Normal
2026-02-15 12:47:37.811423,NewYork-ca94,-1,94,Normal
2026-02-15 12:47:38.811423,NewYork-ca94,47,93,Normal
2026-02-15 12:47:39.811423,NewYork-ca94,24,21,Normal
2026-02-15 12:47:40.811423,NewYork-ca94,13,43,Normal
2026-02-15 12:47:41.811423,NewYork-ca94,-7,0,Normal
2026-02-15 12:47:42.811423,NewYork-ca94,-2,53,Normal
2026-02-15 12:47:43.811423,NewYork-ca94,-1,56,Normal
2026-02-15 12:47:44.811423,NewYork-ca94,49,10,Normal
2026-02-15 12:47:45.811423,NewYork-ca94,2,80,Normal
2026-02-15 12:47:46.811423,NewYork-ca94,2,80,Normal
2026-02-15 12:47:47.811423,NewYork-ca94,17,10,Normal
2026-02-15 12:47:48.811423,NewYork-ca94,11,18,Normal
2026-02-15 12:47:49.811423,NewYork-ca94,21,25,Normal
2026-02-15 12:47:50.811423,NewYork-ca94,-10,95,Normal
2026-02-15 12:47:51.811423,NewYork-ca94,-23,52,Normal
2026-02-15 12:47:52.811423,NewYork-ca94,12,12,Normal
2026-02-15 12:47:53.811423,NewYork-ca94,42,78,Normal
2026-02-15 12:47:54.811423,NewYork-ca94,6,82,Normal
2026-02-15 12:47:55.811423,NewYork-ca94,34,22,Normal
2026-02-15 12:47:56.811423,NewYork-ca94,48,75,Normal
2026-02-15 12:47:57.811423,NewYork-ca94,-9,23,Normal
2026-02-15 12:47:58.811423,NewYork-ca94,27,38,Normal
2026-02-15 12:47:59.811423,NewYork-ca94,33,88,Normal
2026-02-15 12:48:00.811423,NewYork-ca94,-27,53,Normal
2026-02-15 12:48:01.811423,NewYork-ca94,35,78,Normal
2026-02-15 12:48:02.811423,NewYork-ca94,5,79,Normal
2026-02-15 12:48:03.811423,NewYork-ca94,33,28,Normal
2026-02-15 12:48:04.811423,NewYork-ca94,-2,27,Normal
2026-02-15 12:48:05.811423,NewYork-ca94,-20,85,Normal
2026-02-15 12:48:06.811423,NewYork-ca94,-15,70,Normal
2026-02-15 12:48:07.811423,NewYork-ca94,45,93,Normal
2026-02-15 12:48:08.811423,NewYork-ca94,40,73,Normal
2026-02-15 12:48:09.811423,NewYork-ca94,42,81,Normal
2026-02-15 12:48:10.811423,NewYork-ca94,0,40,Normal
2026-02-15 12:48:11.811423,NewYork-ca94,24,62,Normal
2026-02-15 12:48:12.811423,NewYork-ca94,1,30,Normal
2026-02-15 12:48:13.811423,NewYork-ca94,42,53,Normal
2026-02-15 12:48:14.811423,NewYork-ca94,14,10,Normal
2026-02-15 12:48:15.811423,NewYork-ca94,18,6,Normal
2026-02-15 12:48:16.811423,NewYork-ca94,12,45,Normal
2026-02-15 12:48:17.811423,NewYork-ca94,20,88,Normal
2026-02-15 12:48:18.811423,NewYork-ca94,8,68,Normal
2026-02-15 12:48:19.811423,NewYork-ca94,-13,65,Normal
2026-02-15 12:48:20.811423,NewYork-ca94,-3,20,Normal
2026-02-15 12:48:21.811423,NewYork-ca94,29,56,Normal
2026-02-15 12:48:22.811423,NewYork-ca94,37,57,Normal
2026-02-15 12:48:23.811423,NewYork-ca94,-18,32,Normal
2026-02-15 12:48:24.811423,NewYork-ca94,-5,47,Normal
2026-02-15 12:48:25.811423,NewYork-ca94,-11,24,Normal
2026-02-15 12:48:26.811423,NewYork-ca94,14,38,Normal
2026-02-15 12:48:27.811423,NewYork-ca94,2,76,Normal
2026-02-15 12:48:28.811423,NewYork-ca94,40,45,Normal
2026-02-15 12:48:29.811423,NewYork-ca94,-14,49,Normal
2026-02-15 12:48:30.811423,NewYork-ca94,34,74,Normal
2026-02-15 12:48:31.811423,NewYork-ca94,-13,87,Normal
2026-02-15 12:48:32.811423,NewYork-ca94,15,16,Normal
2026-02-15 12:48:33.811423,NewYork-ca94,40,50,Normal
2026-02-15 12:48:34.811423,NewYork-ca94,14,7,Normal
2026-02-15 12:48:35.811423,NewYork-ca94,1,54,Normal
2026-02-15 12:48:36.811423,NewYork-ca94,8,72,Normal
2026-02-15 12:48:37.811423,NewYork-ca94,40,50,Normal
2026-02-15 12:48:38.811423,NewYork-ca94,25,98,Normal
2026-02-15 12:48:39.811423,NewYork-ca94,33,23,Normal
2026-02-15 12:48:40.811423,NewYork-ca94,18,77,Normal
2026-02-15 12:48:41.811423,NewYork-ca94,-16,27,Normal
2026-02-15 12:48:42.811423,NewYork-ca94,-2,94,Normal
2026-02-15 12:48:43.811423,NewYork-ca94,32,10,Normal
2026-02-15 12:48:44.811423,NewYork-ca94,16,26,Normal
2026-02-15 12:48:45.811423,NewYork-ca94,-4,88,Normal
2026-02-15 12:48:46.811423,NewYork-ca94,47,73,Normal
2026-02-15 12:48:47.811423,NewYork-ca94,34,100,Normal
2026-02-15 12:48:48.811423,NewYork-ca94,-18,17,Normal
2026-02-15 12:48:49.811423,NewYork-ca94,26,52,Normal
2026-02-15 12:48:50.811423,NewYork-ca94,-20,31,Normal
2026-02-15 12:48:51.811423,NewYork-ca94,-11,88,Normal
2026-02-15 12:48:52.811423,NewYork-ca94,25,26,Normal
2026-02-15 12:48:53.811423,NewYork-ca94,27,34,Normal
2026-02-15 12:48:54.811423,NewYork-ca94,-10,98,Normal
2026-02-15 12:48:55.811423,NewYork-ca94,-16,98,Normal
2026-02-15 12:48:56.811423,NewYork-ca94,48,46,Normal
2026-02-15 12:48:57.811423,NewYork-ca94,23,27,Normal
2026-02-15 12:48:58.811423,NewYork-ca94,-7,67,Normal
2026-02-15 12:48:59.811423,NewYork-ca94,-18,3,Normal
2026-02-15 12:49:00.811423,NewYork-ca94,17,62,Normal
2026-02-15 12:49:01.811423,NewYork-ca94,13,42,Normal
2026-02-15 12:49:02.811423,NewYork-ca94,4,56,Normal
2026-02-15 12:49:03.811423,NewYork-ca94,33,84,Normal
2026-02-15 12:49:04.811423,NewYork-ca94,46,96,Normal
2026-02-15 12:49:05.811423,NewYork-ca94,-28,35,Normal
2026-02-15 12:49:06.811423,NewYork-ca94,1,81,Normal
2026-02-15 12:49:07.811423,NewYork-ca94,25,18,Normal
2026-02-15 12:49:08.811423,NewYork-ca94,-18,96,Normal
2026-02-15 12:49:09.811423,NewYork-ca94,49,19,Normal
2026-02-15 12:49:10.811423,NewYork-ca94,18,96,Normal
2026-02-15 12:49:11.811423,NewYork-ca94,-19,51,Normal
2026-02-15 12:49:12.811423,NewYork-ca94,1,30,Normal
2026-02-15 12:49:13.811423,NewYork-ca94,-30,33,Normal
2026-02-15 12:49:14.811423,NewYork-ca94,43,94,Normal
2026-02-15 12:49:15.811423,NewYork-ca94,-20,57,Normal
2026-02-15 12:49:16.811423,NewYork-ca94,6,19,Normal
2026-02-15 12:49:17.811423,NewYork-ca94,24,18,Normal
2026-02-15 12:49:18.811423,NewYork-ca94,-2,77,Normal
2026-02-15 12:49:19.811423,NewYork-ca94,9,88,Normal
2026-02-15 12:49:20.811423,NewYork-ca94,26,23,Normal
2026-02-15 12:49:21.811423,NewYork-ca94,-8,32,Normal
2026-02-15 12:49:22.811423,NewYork-ca94,3,17,Normal
2026-02-15 12:49:23.811423,NewYork-ca94,25,14,Normal
2026-02-15 12:49:24.811423,NewYork-ca94,50,1,Normal
2026-02-15 12:49:25.811423,NewYork-ca94,-13,92,Normal
2026-02-15 12:49:26.811423,NewYork-ca94,43,7,Normal
2026-02-15 12:49:27.811423,NewYork-ca94,36,69,Normal
2026-02-15 12:49:28.811423,NewYork-ca94,-8,48,Normal
2026-02-15 12:49:29.811423,NewYork-ca94,42,79,Normal
2026-02-15 12:49:30.811423,NewYork-ca94,17,45,Normal
2026-02-15 12:49:31.811423,NewYork-ca94,-9,71,Normal
2026-02-15 12:49:32.811423,NewYork-ca94,7,5,Normal
2026-02-15 12:49:33.811423,NewYork-ca94,48,12,Normal
2026-02-15 12:49:34.811423,NewYork-ca94,0,59,Normal
2026-02-15 12:49:35.811423,NewYork-ca94,17,16,Normal
2026-02-15 12:49:36.811423,NewYork-ca94,14,18,Normal
2026-02-15 12:49:37.811423,NewYork-ca94,-8,36,Normal
2026-02-15 12:49:38.811423,NewYork-ca94,37,27,Normal
2026-02-15 12:49:39.811423,NewYork-ca94,-2,67,Normal
2026-02-15 12:49:40.811423,NewYork-ca94,-1,17,Normal
2026-02-15 12:49:41.811423,NewYork-ca94,-29,63,Normal
2026-02-15 12:49:42.811423,NewYork-ca94,-20,81,Normal
2026-02-15 12:49:43.811423,NewYork-ca94,-10,19,Normal
2026-02-15 12:49:44.811423,NewYork-ca94,-5,37,Normal
2026-02-15 12:49:45.811423,NewYork-ca94,-24,56,Normal
2026-02-15 12:49:46.811423,NewYork-ca94,34,99,Normal
2026-02-15 12:49:47.811423,NewYork-ca94,29,21,Normal
2026-02-15 12:49:48.811423,NewYork-ca94,7,39,Normal
2026-02-15 12:49:49.811423,NewYork-ca94,28,67,Normal
2026-02-15 12:49:50.811423,NewYork-ca94,21,88,Normal
2026-02-15 12:49:51.811423,NewYork-ca94,8,67,Normal
2026-02-15 12:49:52.811423,NewYork-ca94,20,22,Normal
2026-02-15 12:49:53.811423,NewYork-ca94,-12,40,Normal
2026-02-15 12:49:54.811423,NewYork-ca94,-6,93,Normal
2026-02-15 12:49:55.811423,NewYork-ca94,42,15,Normal
2026-02-15 12:49:56.811423,NewYork-ca94,29,93,Normal
2026-02-15 12:49:57.811423,NewYork-ca94,30,4,Normal
2026-02-15 12:49:58.811423,NewYork-ca94,-4,52,Normal
2026-02-15 12:49:59.811423,NewYork-ca94,3,60,Normal
2026-02-15 12:50:00.811423,NewYork-ca94,-24,68,Normal
2026-02-15 12:50:01.811423,NewYork-ca94,44,29,Normal
2026-02-15 12:50:02.811423,NewYork-ca94,42,67,Normal
2026-02-15 12:50:03.811423,NewYork-ca94,-16,28,Normal
2026-02-15 12:50:04.811423,NewYork-ca94,27,68,Normal
2026-02-15 12:50:05.811423,NewYork-ca94,30,96,Normal
2026-02-15 12:50:06.811423,NewYork-ca94,10,92,Normal
2026-02-15 12:50:07.811423,NewYork-ca94,17,47,Normal
2026-02-15 12:50:08.811423,NewYork-ca94,29,95,Normal
2026-02-15 12:50:09.811423,NewYork-ca94,-4,5,Normal
2026-02-15 12:50:10.811423,NewYork-ca94,-14,22,Normal
2026-02-15 12:50:11.811423,NewYork-ca94,47,46,Normal
2026-02-15 12:50:12.811423,NewYork-ca94,-26,76,Normal
2026-02-15 12:50:13.811423,NewYork-ca94,10,75,Normal
2026-02-15 12:50:14.811423,NewYork-ca94,-20,24,Normal
2026-02-15 12:50:15.811423,NewYork-ca94,-7,33,Normal
2026-02-15 12:50:16.811423,NewYork-ca94,5,66,Normal
2026-02-15 12:50:17.811423,NewYork-ca94,-16,17,Normal
2026-02-15 12:50:18.811423,NewYork-ca94,-29,53,Normal
2026-02-15 12:50:19.811423,NewYork-ca94,35,37,Normal
2026-02-15 12:50:20.811423,NewYork-ca94,19,97,Normal
2026-02-15 12:50:21.811423,NewYork-ca94,5,15,Normal
2026-02-15 12:50:22.811423,NewYork-ca94,9,21,Normal
2026-02-15 12:50:23.811423,NewYork-ca94,4,53,Normal
2026-02-15 12:50:24.811423,NewYork-ca94,40,25,Normal
2026-02-15 12:50:25.811423,NewYork-ca94,37,16,Normal
2026-02-15 12:50:26.811423,NewYork-ca94,29,29,Normal
2026-02-15 12:50:27.811423,NewYork-ca94,29,38,Normal
2026-02-15 12:50:28.811423,NewYork-ca94,29,97,Normal
2026-02-15 12:50:29.811423,NewYork-ca94,36,28,Normal
2026-02-15 12:50:30.811423,NewYork-ca94,-9,55,Normal
2026-02-15 12:50:31.811423,NewYork-ca94,-3,3,Normal
2026-02-15 12:50:32.811423,NewYork-ca94,11,58,Normal
2026-02-15 12:50:33.811423,NewYork-ca94,-19,79,Normal
2026-02-15 12:50:34.811423,NewYork-ca94,1,42,Normal
2026-02-15 12:50:35.811423,NewYork-ca94,-16,16,Normal
2026-02-15 12:50:36.811423,NewYork-ca94,34,88,Normal
2026-02-15 12:50:37.811423,NewYork-ca94,-8,28,Normal
2026-02-15 12:50:38.811423,NewYork-ca94,23,30,Normal
2026-02-15 12:50:39.811423,NewYork-ca94,31,76,Normal
2026-02-15 12:50:40.811423,NewYork-ca94,25,85,Normal
2026-02-15 12:50:41.811423,NewYork-ca94,7,33,Normal
2026-02-15 12:50:42.811423,NewYork-ca94,-19,91,Normal
2026-02-15 12:50:43.811423,NewYork-ca94,32,68,Normal
2026-02-15 12:50:44.811423,NewYork-ca94,43,56,Normal
2026-02-15 12:50:45.811423,NewYork-ca94,-27,11,Normal
2026-02-15 12:50:46.811423,NewYork-ca94,-21,50,Normal
2026-02-15 12:50:47.811423,NewYork-ca94,16,60,Normal
2026-02-15 12:50:48.811423,NewYork-ca94,23,75,Normal
2026-02-15 12:50:49.811423,NewYork-ca94,4,96,Normal
2026-02-15 12:50:50.811423,NewYork-ca94,37,87,Normal
2026-02-15 12:50:51.811423,NewYork-ca94,-1,55,Normal
2026-02-15 12:50:52.811423,NewYork-ca94,38,22,Normal
2026-02-15 12:50:53.811423,NewYork-ca94,-17,48,Normal
2026-02-15 12:50:54.811423,NewYork-ca94,24,40,Normal
2026-02-15 12:50:55.811423,NewYork-ca94,44,50,Normal
2026-02-15 12:50:56.811423,NewYork-ca94,20,44,Normal
2026-02-15 12:50:57.811423,NewYork-ca94,49,24,Normal
2026-02-15 12:50:58.811423,NewYork-ca94,-12,66,Normal
2026-02-15 12:50:59.811423,NewYork-ca94,13,88,Normal
2026-02-15 12:51:00.811423,NewYork-ca94,19,61,Normal
2026-02-15 12:51:01.811423,NewYork-ca94,4,74,Normal
2026-02-15 12:51:02.811423,NewYork-ca94,28,36,Normal
2026-02-15 12:51:03.811423,NewYork-ca94,1,93,Normal
2026-02-15 12:51:04.811423,NewYork-ca94,34,49,Normal
2026-02-15 12:51:05.811423,NewYork-ca94,31,49,Normal
2026-02-15 12:51:06.811423,NewYork-ca94,-25,18,Normal
2026-02-15 12:51:07.811423,NewYork-ca94,-7,86,Normal
2026-02-15 12:51:08.811423,NewYork-ca94,11,65,Normal
2026-02-15 12:51:09.811423,NewYork-ca94,-5,35,Normal
2026-02-15 12:51:10.811423,NewYork-ca94,18,57,Normal
2026-02-15 12:51:11.811423,NewYork-ca94,6,99,Normal
2026-02-15 12:51:12.811423,NewYork-ca94,25,2,Normal
2026-02-15 12:51:13.811423,NewYork-ca94,15,73,Normal
2026-02-15 12:51:14.811423,NewYork-ca94,7,49,Normal
2026-02-15 12:51:15.811423,NewYork-ca94,-22,27,Normal
2026-02-15 12:51:16.811423,NewYork-ca94,-19,73,Normal
2026-02-15 12:51:17.811423,NewYork-ca94,-23,39,Normal
2026-02-15 12:51:18.811423,NewYork-ca94,-16,97,Normal
2026-02-15 12:51:19.811423,NewYork-ca94,42,30,Normal
2026-02-15 12:51:20.811423,NewYork-ca94,43,50,Normal
2026-02-15 12:51:21.811423,NewYork-ca94,-14,7,Normal
2026-02-15 12:51:22.811423,NewYork-ca94,29,38,Normal
2026-02-15 12:51:23.811423,NewYork-ca94,29,98,Normal
2026-02-15 12:51:24.811423,NewYork-ca94,49,98,Normal
2026-02-15 12:51:25.811423,NewYork-ca94,4,41,Normal
2026-02-15 12:51:26.811423,NewYork-ca94,34,94,Normal
2026-02-15 12:51:27.811423,NewYork-ca94,22,22,Normal
2026-02-15 12:51:28.811423,NewYork-ca94,22,21,Normal
2026-02-15 12:51:29.811423,NewYork-ca94,47,67,Normal
2026-02-15 12:51:30.811423,NewYork-ca94,24,98,Normal
2026-02-15 12:51:31.811423,NewYork-ca94,41,30,Normal
2026-02-15 12:51:32.811423,NewYork-ca94,47,83,Normal
2026-02-15 12:51:33.811423,NewYork-ca94,-25,35,Normal
2026-02-15 12:51:34.811423,NewYork-ca94,-20,80,Normal
2026-02-15 12:51:35.811423,NewYork-ca94,33,82,Normal
2026-02-15 12:51:36.811423,NewYork-ca94,12,27,Normal
2026-02-15 12:51:37.811423,NewYork-ca94,8,22,Normal
2026-02-15 12:51:38.811423,NewYork-ca94,14,41,Normal
2026-02-15 12:51:39.811423,NewYork-ca94,-21,52,Normal
2026-02-15 12:51:40.811423,NewYork-ca94,-28,46,Normal
2026-02-15 12:51:41.811423,NewYork-ca94,17,100,Normal
2026-02-15 12:51:42.811423,NewYork-ca94,6,88,Normal
2026-02-15 12:51:43.811423,NewYork-ca94,50,73,Normal
2026-02-15 12:51:44.811423,NewYork-ca94,-24,97,Normal
2026-02-15 12:51:45.811423,NewYork-ca94,-1,69,Normal
2026-02-15 12:51:46.811423,NewYork-ca94,-10,56,Normal
2026-02-15 12:51:47.811423,NewYork-ca94,25,34,Normal
2026-02-15 12:51:48.811423,NewYork-ca94,-21,97,Normal
2026-02-15 12:51:49.811423,NewYork-ca94,46,60,Normal
2026-02-15 12:51:50.811423,NewYork-ca94,15,76,Normal
2026-02-15 12:51:51.811423,NewYork-ca94,35,30,Normal
2026-02-15 12:51:52.811423,NewYork-ca94,-12,46,Normal
2026-02-15 12:51:53.811423,NewYork-ca94,-28,70,Normal
2026-02-15 12:51:54.811423,NewYork-ca94,-29,96,Normal
2026-02-15 12:51:55.811423,NewYork-ca94,-16,40,Normal
2026-02-15 12:51:56.811423,NewYork-ca94,-24,42,Normal
2026-02-15 12:51:57.811423,NewYork-ca94,-28,28,Normal
2026-02-15 12:51:58.811423,NewYork-ca94,-3,4,Normal
2026-02-15 12:51:59.811423,NewYork-ca94,22,93,Normal
2026-02-15 12:52:00.811423,NewYork-ca94,-10,32,Normal
2026-02-15 12:52:01.811423,NewYork-ca94,23,43,Normal
2026-02-15 12:52:02.811423,NewYork-ca94,-26,39,Normal
2026-02-15 12:52:03.811423,NewYork-ca94,0,91,Normal
2026-02-15 12:52:04.811423,NewYork-ca94,48,5,Normal
2026-02-15 12:52:05.811423,NewYork-ca94,49,34,Normal
2026-02-15 12:52:06.811423,NewYork-ca94,-7,92,Normal
2026-02-15 12:52:07.811423,NewYork-ca94,5,54,Normal
2026-02-15 12:52:08.811423,NewYork-ca94,24,52,Normal
2026-02-15 12:52:09.811423,NewYork-ca94,18,62,Normal
2026-02-15 12:52:10.811423,NewYork-ca94,19,13,Normal
2026-02-15 12:52:11.811423,NewYork-ca94,26,5,Normal
2026-02-15 12:52:12.811423,NewYork-ca94,-25,54,Normal
2026-02-15 12:52:13.811423,NewYork-ca94,15,66,Normal
2026-02-15 12:52:14.811423,NewYork-ca94,-29,12,Normal
2026-02-15 12:52:15.811423,NewYork-ca94,15,72,Normal
2026-02-15 12:52:16.811423,NewYork-ca94,9,74,Normal
2026-02-15 12:52:17.811423,NewYork-ca94,22,41,Normal
2026-02-15 12:52:18.811423,NewYork-ca94,5,38,Normal
2026-02-15 12:52:19.811423,NewYork-ca94,-6,96,Normal
2026-02-15 12:52:20.811423,NewYork-ca94,49,56,Normal
2026-02-15 12:52:21.811423,NewYork-ca94,41,27,Normal
2026-02-15 12:52:22.811423,NewYork-ca94,41,24,Normal
2026-02-15 12:52:23.811423,NewYork-ca94,50,84,Normal
2026-02-15 12:52:24.811423,NewYork-ca94,44,11,Normal
2026-02-15 12:52:25.811423,NewYork-ca94,32,37,Normal
2026-02-15 12:52:26.811423,NewYork-ca94,47,80,Normal
2026-02-15 12:52:27.811423,NewYork-ca94,3,11,Normal
2026-02-15 12:52:28.811423,NewYork-ca94,-15,63,Normal
2026-02-15 12:52:29.811423,NewYork-ca94,-4,54,Normal
2026-02-15 12:52:30.811423,NewYork-ca94,-12,33,Normal
2026-02-15 12:52:31.811423,NewYork-ca94,19,7,Normal
2026-02-15 12:52:32.811423,NewYork-ca94,22,44,Normal
2026-02-15 12:52:33.811423,NewYork-ca94,-5,71,Normal
2026-02-15 12:52:34.811423,NewYork-ca94,-16,68,Normal
2026-02-15 12:52:35.811423,NewYork-ca94,45,56,Normal
2026-02-15 12:52:36.811423,NewYork-ca94,50,59,Normal
2026-02-15 12:52:37.811423,NewYork-ca94,22,100,Normal
2026-02-15 12:52:38.811423,NewYork-ca94,14,31,Normal
2026-02-15 12:52:39.811423,NewYork-ca94,31,8,Normal
2026-02-15 12:52:40.811423,NewYork-ca94,11,62,Normal
2026-02-15 12:52:41.811423,NewYork-ca94,-8,70,Normal
2026-02-15 12:52:42.811423,NewYork-ca94,14,11,Normal
2026-02-15 12:52:43.811423,NewYork-ca94,-15,27,Normal
2026-02-15 12:52:44.811423,NewYork-ca94,-15,2,Normal
2026-02-15 12:52:45.811423,NewYork-ca94,-10,55,Normal
2026-02-15 12:52:46.811423,NewYork-ca94,31,23,Normal
2026-02-15 12:52:47.811423,NewYork-ca94,46,91,Normal
2026-02-15 12:52:48.811423,NewYork-ca94,0,82,Normal
2026-02-15 12:52:49.811423,NewYork-ca94,-27,13,Normal
2026-02-15 12:52:50.811423,NewYork-ca94,-4,10,Normal
2026-02-15 12:52:51.811423,NewYork-ca94,17,40,Normal
2026-02-15 12:52:52.811423,NewYork-ca94,39,5,Normal
2026-02-15 12:52:53.811423,NewYork-ca94,-19,19,Normal
2026-02-15 12:52:54.811423,NewYork-ca94,44,90,Normal
2026-02-15 12:52:55.811423,NewYork-ca94,-23,77,Normal
2026-02-15 12:52:56.811423,NewYork-ca94,38,91,Normal
2026-02-15 12:52:57.811423,NewYork-ca94,31,82,Normal
2026-02-15 12:52:58.811423,NewYork-ca94,46,67,Normal
2026-02-15 12:52:59.811423,NewYork-ca94,37,91,Normal
2026-02-15 12:53:00.811423,NewYork-ca94,5,14,Normal
2026-02-15 12:53:01.811423,NewYork-ca94,-20,7,Normal
2026-02-15 12:53:02.811423,NewYork-ca94,25,24,Normal
2026-02-15 12:53:03.811423,NewYork-ca94,-26,48,Normal
2026-02-15 12:53:04.811423,NewYork-ca94,-12,23,Normal
2026-02-15 12:53:05.811423,NewYork-ca94,16,78,Normal
2026-02-15 12:53:06.811423,NewYork-ca94,-20,91,Normal
2026-02-15 12:53:07.811423,NewYork-ca94,-5,98,Normal
2026-02-15 12:53:08.811423,NewYork-ca94,-30,67,Normal
2026-02-15 12:53:09.811423,NewYork-ca94,4,20,Normal
2026-02-15 12:53:10.811423,NewYork-ca94,23,12,Normal
2026-02-15 12:53:11.811423,NewYork-ca94,-19,84,Normal
2026-02-15 12:53:12.811423,NewYork-ca94,-15,33,Normal
2026-02-15 12:53:13.811423,NewYork-ca94,9,2,Normal
2026-02-15 12:53:14.811423,NewYork-ca94,49,20,Normal
2026-02-15 12:53:15.811423,NewYork-ca94,6,40,Normal
2026-02-15 12:53:16.811423,NewYork-ca94,15,27,Normal
2026-02-15 12:53:17.811423,NewYork-ca94,9,37,Normal
2026-02-15 12:53:18.811423,NewYork-ca94,16,11,Normal
2026-02-15 12:53:19.811423,NewYork-ca94,-8,8,Normal
2026-02-15 12:53:20.811423,NewYork-ca94,-3,6,Normal
2026-02-15 12:53:21.811423,NewYork-ca94,44,35,Normal
2026-02-15 12:53:22.811423,NewYork-ca94,-12,84,Normal
2026-02-15 12:53:23.811423,NewYork-ca94,50,20,Normal
2026-02-15 12:53:24.811423,NewYork-ca94,42,31,Normal
2026-02-15 12:53:25.811423,NewYork-ca94,23,75,Normal
2026-02-15 12:53:26.811423,NewYork-ca94,36,12,Normal
2026-02-15 12:53:27.811423,NewYork-ca94,-21,24,Normal
2026-02-15 12:53:28.811423,NewYork-ca94,-27,57,Normal
2026-02-15 12:53:29.811423,NewYork-ca94,44,100,Normal
2026-02-15 12:53:30.811423,NewYork-ca94,-4,11,Normal
2026-02-15 12:53:31.811423,NewYork-ca94,4,45,Normal
2026-02-15 12:53:32.811423,NewYork-ca94,11,11,Normal
2026-02-15 12:53:33.811423,NewYork-ca94,10,59,Normal
2026-02-15 12:53:34.811423,NewYork-ca94,14,53,Normal
2026-02-15 12:53:35.811423,NewYork-ca94,28,0,Normal
2026-02-15 12:53:36.811423,NewYork-ca94,48,20,Normal
2026-02-15 12:53:37.811423,NewYork-ca94,-29,90,Normal
2026-02-15 12:53:38.811423,NewYork-ca94,-29,71,Normal
2026-02-15 12:53:39.811423,NewYork-ca94,18,3,Normal
2026-02-15 12:53:40.811423,NewYork-ca94,26,52,Normal
2026-02-15 12:53:41.811423,NewYork-ca94,5,22,Normal
2026-02-15 12:53:42.811423,NewYork-ca94,41,44,Normal
2026-02-15 12:53:43.811423,NewYork-ca94,-25,4,Normal
2026-02-15 12:53:44.811423,NewYork-ca94,44,87,Normal
2026-02-15 12:53:45.811423,NewYork-ca94,-17,64,Normal
2026-02-15 12:53:46.811423,NewYork-ca94,11,60,Normal
2026-02-15 12:53:47.811423,NewYork-ca94,49,44,Normal
2026-02-15 12:53:48.811423,NewYork-ca94,44,0,Normal
2026-02-15 12:53:49.811423,NewYork-ca94,-17,11,Normal
2026-02-15 12:53:50.811423,NewYork-ca94,44,58,Normal
2026-02-15 12:53:51.811423,NewYork-ca94,35,44,Normal
2026-02-15 12:53:52.811423,NewYork-ca94,-23,64,Normal
2026-02-15 12:53:53.811423,NewYork-ca94,44,51,Normal
2026-02-15 12:53:54.811423,NewYork-ca94,7,30,Normal
2026-02-15 12:53:55.811423,NewYork-ca94,17,2,Normal
2026-02-15 12:53:56.811423,NewYork-ca94,46,23,Normal
2026-02-15 12:53:57.811423,NewYork-ca94,35,10,Normal
2026-02-15 12:53:58.811423,NewYork-ca94,27,97,Normal
2026-02-15 12:53:59.811423,NewYork-ca94,11,99,Normal
2026-02-15 12:54:00.811423,NewYork-ca94,36,11,Normal
2026-02-15 12:54:01.811423,NewYork-ca94,34,19,Normal
2026-02-15 12:54:02.811423,NewYork-ca94,16,73,Normal
2026-02-15 12:54:03.811423,NewYork-ca94,-8,45,Normal
2026-02-15 12:54:04.811423,NewYork-ca94,41,46,Normal
2026-02-15 12:54:05.811423,NewYork-ca94,16,66,Normal
2026-02-15 12:54:06.811423,NewYork-ca94,40,80,Normal
2026-02-15 12:54:07.811423,NewYork-ca94,37,15,Normal
2026-02-15 12:54:08.811423,NewYork-ca94,-11,55,Normal
2026-02-15 12:54:09.811423,NewYork-ca94,20,68,Normal
2026-02-15 12:54:10.811423,NewYork-ca94,6,66,Normal
2026-02-15 12:54:11.811423,NewYork-ca94,-29,9,Normal
2026-02-15 12:54:12.811423,NewYork-ca94,16,18,Normal
2026-02-15 12:54:13.811423,NewYork-ca94,11,1,Normal
2026-02-15 12:54:14.811423,NewYork-ca94,-13,32,Normal
2026-02-15 12:54:15.811423,NewYork-ca94,-10,1,Normal
2026-02-15 12:54:16.811423,NewYork-ca94,34,51,Normal
2026-02-15 12:54:17.811423,NewYork-ca94,2,66,Normal
2026-02-15 12:54:18.811423,NewYork-ca94,-11,38,Normal
2026-02-15 12:54:19.811423,NewYork-ca94,-19,8,Normal
2026-02-15 12:54:20.811423,NewYork-ca94,24,58,Normal
2026-02-15 12:54:21.811423,NewYork-ca94,-24,75,Normal
2026-02-15 12:54:22.811423,NewYork-ca94,49,80,Normal
2026-02-15 12:54:23.811423,NewYork-ca94,-9,0,Normal
2026-02-15 12:54:24.811423,NewYork-ca94,48,51,Normal
2026-02-15 12:54:25.811423,NewYork-ca94,24,50,Normal
2026-02-15 12:54:26.811423,NewYork-ca94,-21,91,Normal
2026-02-15 12:54:27.811423,NewYork-ca94,-19,27,Normal
2026-02-15 12:54:28.811423,NewYork-ca94,-7,5,Normal
2026-02-15 12:54:29.811423,NewYork-ca94,1,91,Normal
2026-02-15 12:54:30.811423,NewYork-ca94,12,40,Normal
2026-02-15 12:54:31.811423,NewYork-ca94,42,63,Normal
2026-02-15 12:54:32.811423,NewYork-ca94,28,15,Normal
2026-02-15 12:54:33.811423,NewYork-ca94,-13,50,Normal
2026-02-15 12:54:34.811423,NewYork-ca94,-9,79,Normal
2026-02-15 12:54:35.811423,NewYork-ca94,-15,53,Normal
2026-02-15 12:54:36.811423,NewYork-ca94,4,23,Normal
2026-02-15 12:54:37.811423,NewYork-ca94,-14,34,Normal
2026-02-15 12:54:38.811423,NewYork-ca94,24,15,Normal
2026-02-15 12:54:39.811423,NewYork-ca94,-13,45,Normal
2026-02-15 12:54:40.811423,NewYork-ca94,-13,72,Normal
2026-02-15 12:54:41.811423,NewYork-ca94,-12,81,Normal
2026-02-15 12:54:42.811423,NewYork-ca94,38,31,Normal
2026-02-15 12:54:43.811423,NewYork-ca94,19,100,Normal
2026-02-15 12:54:44.811423,NewYork-ca94,-23,46,Normal
2026-02-15 12:54:45.811423,NewYork-ca94,-12,60,Normal
2026-02-15 12:54:46.811423,NewYork-ca94,39,8,Normal
2026-02-15 12:54:47.811423,NewYork-ca94,37,48,Normal
2026-02-15 12:54:48.811423,NewYork-ca94,-27,23,Normal
2026-02-15 12:54:49.811423,NewYork-ca94,13,21,Normal
2026-02-15 12:54:50.811423,NewYork-ca94,24,29,Normal
2026-02-15 12:54:51.811423,NewYork-ca94,-16,39,Normal
2026-02-15 12:54:52.811423,NewYork-ca94,-4,87,Normal
2026-02-15 12:54:53.811423,NewYork-ca94,7,79,Normal
2026-02-15 12:54:54.811423,NewYork-ca94,-3,79,Normal
2026-02-15 12:54:55.811423,NewYork-ca94,41,75,Normal
2026-02-15 12:54:56.811423,NewYork-ca94,25,30,Normal
2026-02-15 12:54:57.811423,NewYork-ca94,-7,76,Normal
2026-02-15 12:54:58.811423,NewYork-ca94,-5,89,Normal
2026-02-15 12:54:59.811423,NewYork-ca94,28,60,Normal
2026-02-15 12:55:00.811423,NewYork-ca94,-8,85,Normal
2026-02-15 12:55:01.811423,NewYork-ca94,11,47,Normal
2026-02-15 12:55:02.811423,NewYork-ca94,-28,77,Normal
2026-02-15 12:55:03.811423,NewYork-ca94,6,48,Normal
2026-02-15 12:55:04.811423,NewYork-ca94,40,1,Normal
2026-02-15 12:55:05.811423,NewYork-ca94,28,62,Normal
2026-02-15 12:55:06.811423,NewYork-ca94,31,75,Normal
2026-02-15 12:55:07.811423,NewYork-ca94,-27,97,Normal
2026-02-15 12:55:08.811423,NewYork-ca94,-29,99,Normal
2026-02-15 12:55:09.811423,NewYork-ca94,-29,18,Normal
2026-02-15 12:55:10.811423,NewYork-ca94,44,52,Normal
2026-02-15 12:55:11.811423,NewYork-ca94,2,22,Normal
2026-02-15 12:55:12.811423,NewYork-ca94,26,76,Normal
2026-02-15 12:55:13.811423,NewYork-ca94,44,34,Normal
2026-02-15 12:55:14.811423,NewYork-ca94,1,66,Normal
2026-02-15 12:55:15.811423,NewYork-ca94,15,100,Normal
2026-02-15 12:55:16.811423,NewYork-ca94,4,28,Normal
2026-02-15 12:55:17.811423,NewYork-ca94,35,37,Normal
2026-02-15 12:55:18.811423,NewYork-ca94,37,83,Normal
2026-02-15 12:55:19.811423,NewYork-ca94,20,20,Normal
2026-02-15 12:55:20.811423,NewYork-ca94,-16,57,Normal
2026-02-15 12:55:21.811423,NewYork-ca94,50,71,Normal
2026-02-15 12:55:22.811423,NewYork-ca94,37,62,Normal
2026-02-15 12:55:23.811423,NewYork-ca94,42,2,Normal
2026-02-15 12:55:24.811423,NewYork-ca94,10,52,Normal
2026-02-15 12:55:25.811423,NewYork-ca94,-10,14,Normal
2026-02-15 12:55:26.811423,NewYork-ca94,25,96,Normal
2026-02-15 12:55:27.811423,NewYork-ca94,42,36,Normal
2026-02-15 12:55:28.811423,NewYork-ca94,-13,85,Normal
2026-02-15 12:55:29.811423,NewYork-ca94,13,10,Normal
2026-02-15 12:55:30.811423,NewYork-ca94,47,21,Normal
2026-02-15 12:55:31.811423,NewYork-ca94,16,71,Normal
2026-02-15 12:55:32.811423,NewYork-ca94,18,7,Normal
2026-02-15 12:55:33.811423,NewYork-ca94,7,91,Normal
2026-02-15 12:55:34.811423,NewYork-ca94,29,69,Normal
2026-02-15 12:55:35.811423,NewYork-ca94,-27,33,Normal
2026-02-15 12:55:36.811423,NewYork-ca94,-22,68,Normal
2026-02-15 12:55:37.811423,NewYork-ca94,8,57,Normal
2026-02-15 12:55:38.811423,NewYork-ca94,-29,62,Normal
2026-02-15 12:55:39.811423,NewYork-ca94,14,19,Normal
2026-02-15 12:55:40.811423,NewYork-ca94,-13,84,Normal
2026-02-15 12:55:41.811423,NewYork-ca94,3,55,Normal
2026-02-15 12:55:42.811423,NewYork-ca94,-20,42,Normal
2026-02-15 12:55:43.811423,NewYork-ca94,-11,82,Normal
2026-02-15 12:55:44.811423,NewYork-ca94,-16,89,Normal
2026-02-15 12:55:45.811423,NewYork-ca94,-22,77,Normal
2026-02-15 12:55:46.811423,NewYork-ca94,22,52,Normal
2026-02-15 12:55:47.811423,NewYork-ca94,47,62,Normal
2026-02-15 12:55:48.811423,NewYork-ca94,-20,53,Normal
2026-02-15 12:55:49.811423,NewYork-ca94,12,17,Normal
2026-02-15 12:55:50.811423,NewYork-ca94,18,95,Normal
2026-02-15 12:55:51.811423,NewYork-ca94,-5,11,Normal
2026-02-15 12:55:52.811423,NewYork-ca94,0,83,Normal
2026-02-15 12:55:53.811423,NewYork-ca94,1,15,Normal
2026-02-15 12:55:54.811423,NewYork-ca94,30,75,Normal
2026-02-15 12:55:55.811423,NewYork-ca94,11,55,Normal
2026-02-15 12:55:56.811423,NewYork-ca94,37,10,Normal
2026-02-15 12:55:57.811423,NewYork-ca94,49,17,Normal
2026-02-15 12:55:58.811423,NewYork-ca94,-4,96,Normal
2026-02-15 12:55:59.811423,NewYork-ca94,32,4,Normal
2026-02-15 12:56:00.811423,NewYork-ca94,46,22,Normal
2026-02-15 12:56:01.811423,NewYork-ca94,-19,66,Normal
2026-02-15 12:56:02.811423,NewYork-ca94,-8,58,Normal
2026-02-15 12:56:03.811423,NewYork-ca94,-25,19,Normal
2026-02-15 12:56:04.811423,NewYork-ca94,-22,63,Normal
2026-02-15 12:56:05.811423,NewYork-ca94,38,5,Normal
2026-02-15 12:56:06.811423,NewYork-ca94,37,26,Normal
2026-02-15 12:56:07.811423,NewYork-ca94,15,27,Normal
2026-02-15 12:56:08.811423,NewYork-ca94,44,68,Normal
2026-02-15 12:56:09.811423,NewYork-ca94,19,41,Normal
2026-02-15 12:56:10.811423,NewYork-ca94,-22,15,Normal
2026-02-15 12:56:11.811423,NewYork-ca94,-21,40,Normal
2026-02-15 12:56:12.811423,NewYork-ca94,7,71,Normal
2026-02-15 12:56:13.811423,NewYork-ca94,-2,75,Normal
2026-02-15 12:56:14.811423,NewYork-ca94,-4,63,Normal
2026-02-15 12:56:15.811423,NewYork-ca94,48,75,Normal
2026-02-15 12:56:16.811423,NewYork-ca94,10,80,Normal
2026-02-15 12:56:17.811423,NewYork-ca94,34,91,Normal
2026-02-15 12:56:18.811423,NewYork-ca94,11,20,Normal
2026-02-15 12:56:19.811423,NewYork-ca94,41,0,Normal
2026-02-15 12:56:20.811423,NewYork-ca94,-8,93,Normal
2026-02-15 12:56:21.811423,NewYork-ca94,33,72,Normal
2026-02-15 12:56:22.811423,NewYork-ca94,26,31,Normal
2026-02-15 12:56:23.811423,NewYork-ca94,26,63,Normal
2026-02-15 12:56:24.811423,NewYork-ca94,13,7,Normal
2026-02-15 12:56:25.811423,NewYork-ca94,41,74,Normal
2026-02-15 12:56:26.811423,NewYork-ca94,22,21,Normal
2026-02-15 12:56:27.811423,NewYork-ca94,34,28,Normal
2026-02-15 12:56:28.811423,NewYork-ca94,4,63,Normal
2026-02-15 12:56:29.811423,NewYork-ca94,-1,78,Normal
2026-02-15 12:56:30.811423,NewYork-ca94,1,22,Normal
2026-02-15 12:56:31.811423,NewYork-ca94,18,47,Normal
2026-02-15 12:56:32.811423,NewYork-ca94,-17,54,Normal
2026-02-15 12:56:33.811423,NewYork-ca94,7,68,Normal
2026-02-15 12:56:34.811423,NewYork-ca94,0,7,Normal
2026-02-15 12:56:35.811423,NewYork-ca94,36,84,Normal
2026-02-15 12:56:36.811423,NewYork-ca94,-1,63,Normal
2026-02-15 12:56:37.811423,NewYork-ca94,-23,37,Normal
2026-02-15 12:56:38.811423,NewYork-ca94,-25,62,Normal
2026-02-15 12:56:39.811423,NewYork-ca94,38,87,Normal
2026-02-15 12:56:40.811423,NewYork-ca94,0,27,Normal
2026-02-15 12:56:41.811423,NewYork-ca94,46,62,Normal
2026-02-15 12:56:42.811423,NewYork-ca94,-20,97,Normal
2026-02-15 12:56:43.811423,NewYork-ca94,1,2,Normal
2026-02-15 12:56:44.811423,NewYork-ca94,30,49,Normal
2026-02-15 12:56:45.811423,NewYork-ca94,18,15,Normal
2026-02-15 12:56:46.811423,NewYork-ca94,42,50,Normal
2026-02-15 12:56:47.811423,NewYork-ca94,1,84,Normal
2026-02-15 12:56:48.811423,NewYork-ca94,7,55,Normal
2026-02-15 12:56:49.811423,NewYork-ca94,46,15,Normal
2026-02-15 12:56:50.811423,NewYork-ca94,1,86,Normal
2026-02-15 12:56:51.811423,NewYork-ca94,5,93,Normal
2026-02-15 12:56:52.811423,NewYork-ca94,39,38,Normal
2026-02-15 12:56:53.811423,NewYork-ca94,3,82,Normal
2026-02-15 12:56:54.811423,NewYork-ca94,29,47,Normal
2026-02-15 12:56:55.811423,NewYork-ca94,29,33,Normal
2026-02-15 12:56:56.811423,NewYork-ca94,50,39,Normal
2026-02-15 12:56:57.811423,NewYork-ca94,35,18,Normal
2026-02-15 12:56:58.811423,NewYork-ca94,9,59,Normal
2026-02-15 12:56:59.811423,NewYork-ca94,40,68,Normal
2026-02-15 12:57:00.811423,NewYork-ca94,15,25,Normal
2026-02-15 12:57:01.811423,NewYork-ca94,47,91,Normal
2026-02-15 12:57:02.811423,NewYork-ca94,-4,6,Normal
2026-02-15 12:57:03.811423,NewYork-ca94,16,96,Normal
2026-02-15 12:57:04.811423,NewYork-ca94,-27,52,Normal
2026-02-15 12:57:05.811423,NewYork-ca94,49,9,Normal
2026-02-15 12:57:06.811423,NewYork-ca94,28,66,Normal
2026-02-15 12:57:07.811423,NewYork-ca94,-19,74,Normal
2026-02-15 12:57:08.811423,NewYork-ca94,-9,76,Normal
2026-02-15 12:57:09.811423,NewYork-ca94,30,77,Normal
2026-02-15 12:57:10.811423,NewYork-ca94,2,79,Normal
2026-02-15 12:57:11.811423,NewYork-ca94,34,39,Normal
2026-02-15 12:57:12.811423,NewYork-ca94,-27,48,Normal
2026-02-15 12:57:13.811423,NewYork-ca94,38,81,Normal
2026-02-15 12:57:14.811423,NewYork-ca94,-3,0,Normal
2026-02-15 12:57:15.811423,NewYork-ca94,12,25,Normal
2026-02-15 12:57:16.811423,NewYork-ca94,32,28,Normal
2026-02-15 12:57:17.811423,NewYork-ca94,26,76,Normal
2026-02-15 12:57:18.811423,NewYork-ca94,26,41,Normal
2026-02-15 12:57:19.811423,NewYork-ca94,3,100,Normal
2026-02-15 12:57:20.811423,NewYork-ca94,34,60,Normal
2026-02-15 12:57:21.811423,NewYork-ca94,40,95,Normal
2026-02-15 12:57:22.811423,NewYork-ca94,-2,93,Normal
2026-02-15 12:57:23.811423,NewYork-ca94,-12,11,Normal
2026-02-15 12:57:24.811423,NewYork-ca94,-30,87,Normal
2026-02-15 12:57:25.811423,NewYork-ca94,-25,24,Normal
2026-02-15 12:57:26.811423,NewYork-ca94,12,75,Normal
2026-02-15 12:57:27.811423,NewYork-ca94,-6,57,Normal
2026-02-15 12:57:28.811423,NewYork-ca94,40,77,Normal
2026-02-15 12:57:29.811423,NewYork-ca94,35,73,Normal
2026-02-15 12:57:30.811423,NewYork-ca94,-24,13,Normal
2026-02-15 12:57:31.811423,NewYork-ca94,-27,27,Normal
2026-02-15 12:57:32.811423,NewYork-ca94,31,78,Normal
2026-02-15 12:57:33.811423,NewYork-ca94,-8,91,Normal
2026-02-15 12:57:34.811423,NewYork-ca94,35,80,Normal
2026-02-15 12:57:35.811423,NewYork-ca94,-12,36,Normal
2026-02-15 12:57:36.811423,NewYork-ca94,18,74,Normal
2026-02-15 12:57:37.811423,NewYork-ca94,-5,43,Normal
2026-02-15 12:57:38.811423,NewYork-ca94,25,8,Normal
2026-02-15 12:57:39.811423,NewYork-ca94,15,74,Normal
2026-02-15 12:57:40.811423,NewYork-ca94,42,44,Normal
2026-02-15 12:57:41.811423,NewYork-ca94,0,55,Normal
2026-02-15 12:57:42.811423,NewYork-ca94,44,82,Normal
2026-02-15 12:57:43.811423,NewYork-ca94,42,97,Normal
2026-02-15 12:57:44.811423,NewYork-ca94,-28,17,Normal
2026-02-15 12:57:45.811423,NewYork-ca94,-20,88,Normal
2026-02-15 12:57:46.811423,NewYork-ca94,30,38,Normal
2026-02-15 12:57:47.811423,NewYork-ca94,-14,42,Normal
2026-02-15 12:57:48.811423,NewYork-ca94,41,40,Normal
2026-02-15 12:57:49.811423,NewYork-ca94,43,2,Normal
2026-02-15 12:57:50.811423,NewYork-ca94,-28,55,Normal
2026-02-15 12:57:51.811423,NewYork-ca94,27,58,Normal
2026-02-15 12:57:52.811423,NewYork-ca94,-7,9,Normal
2026-02-15 12:57:53.811423,NewYork-ca94,-29,59,Normal
2026-02-15 12:57:54.811423,NewYork-ca94,29,100,Normal
2026-02-15 12:57:55.811423,NewYork-ca94,44,68,Normal
2026-02-15 12:57:56.811423,NewYork-ca94,-13,5,Normal
2026-02-15 12:57:57.811423,NewYork-ca94,14,69,Normal
2026-02-15 12:57:58.811423,NewYork-ca94,5,38,Normal
2026-02-15 12:57:59.811423,NewYork-ca94,7,31,Normal
2026-02-15 12:58:00.811423,NewYork-ca94,-19,62,Normal
2026-02-15 12:58:01.811423,NewYork-ca94,-29,79,Normal
2026-02-15 12:58:02.811423,NewYork-ca94,28,2,Normal
2026-02-15 12:58:03.811423,NewYork-ca94,29,84,Normal
2026-02-15 12:58:04.811423,NewYork-ca94,40,25,Normal
2026-02-15 12:58:05.811423,NewYork-ca94,44,44,Normal
2026-02-15 12:58:06.811423,NewYork-ca94,3,44,Normal
2026-02-15 12:58:07.811423,NewYork-ca94,41,28,Normal
2026-02-15 12:58:08.811423,NewYork-ca94,-28,85,Normal
2026-02-15 12:58:09.811423,NewYork-ca94,45,53,Normal
2026-02-15 12:58:10.811423,NewYork-ca94,46,48,Normal
2026-02-15 12:58:11.811423,NewYork-ca94,26,90,Normal
2026-02-15 12:58:12.811423,NewYork-ca94,-4,5,Normal
2026-02-15 12:58:13.811423,NewYork-ca94,-10,86,Normal
2026-02-15 12:58:14.811423,NewYork-ca94,41,76,Normal
2026-02-15 12:58:15.811423,NewYork-ca94,13,76,Normal
2026-02-15 12:58:16.811423,NewYork-ca94,-2,73,Normal
2026-02-15 12:58:17.811423,NewYork-ca94,-15,13,Normal
2026-02-15 12:58:18.811423,NewYork-ca94,21,7,Normal
2026-02-15 12:58:19.811423,NewYork-ca94,5,78,Normal
2026-02-15 12:58:20.811423,NewYork-ca94,35,17,Normal
2026-02-15 12:58:21.811423,NewYork-ca94,3,52,Normal
2026-02-15 12:58:22.811423,NewYork-ca94,32,4,Normal
2026-02-15 12:58:23.811423,NewYork-ca94,34,97,Normal
2026-02-15 12:58:24.811423,NewYork-ca94,17,19,Normal
2026-02-15 12:58:25.811423,NewYork-ca94,24,17,Normal
2026-02-15 12:58:26.811423,NewYork-ca94,44,68,Normal
2026-02-15 12:58:27.811423,NewYork-ca94,-12,72,Normal
2026-02-15 12:58:28.811423,NewYork-ca94,-16,63,Normal
2026-02-15 12:58:29.811423,NewYork-ca94,22,12,Normal
2026-02-15 12:58:30.811423,NewYork-ca94,-26,49,Normal
2026-02-15 12:58:31.811423,NewYork-ca94,35,88,Normal
2026-02-15 12:58:32.811423,NewYork-ca94,1,9,Normal
2026-02-15 12:58:33.811423,NewYork-ca94,16,50,Normal
2026-02-15 12:58:34.811423,NewYork-ca94,26,47,Normal
2026-02-15 12:58:35.811423,NewYork-ca94,6,94,Normal
2026-02-15 12:58:36.811423,NewYork-ca94,23,27,Normal
2026-02-15 12:58:37.811423,NewYork-ca94,-22,75,Normal
2026-02-15 12:58:38.811423,NewYork-ca94,-17,1,Normal
2026-02-15 12:58:39.811423,NewYork-ca94,-11,54,Normal
2026-02-15 12:58:40.811423,NewYork-ca94,-10,0,Normal
2026-02-15 12:58:41.811423,NewYork-ca94,40,55,Normal
2026-02-15 12:58:42.811423,NewYork-ca94,-16,95,Normal
2026-02-15 12:58:43.811423,NewYork-ca94,-18,17,Normal
2026-02-15 12:58:44.811423,NewYork-ca94,26,99,Normal
2026-02-15 12:58:45.811423,NewYork-ca94,-6,19,Normal
2026-02-15 12:58:46.811423,NewYork-ca94,40,81,Normal
2026-02-15 12:58:47.811423,NewYork-ca94,-13,43,Normal
2026-02-15 12:58:48.811423,NewYork-ca94,34,64,Normal
2026-02-15 12:58:49.811423,NewYork-ca94,-30,93,Normal
2026-02-15 12:58:50.811423,NewYork-ca94,24,29,Normal
2026-02-15 12:58:51.811423,NewYork-ca94,-23,57,Normal
2026-02-15 12:58:52.811423,NewYork-ca94,20,100,Normal
2026-02-15 12:58:53.811423,NewYork-ca94,9,91,Normal
2026-02-15 12:58:54.811423,NewYork-ca94,-18,57,Normal
2026-02-15 12:58:55.811423,NewYork-ca94,45,1,Normal
2026-02-15 12:58:56.811423,NewYork-ca94,39,92,Normal
2026-02-15 12:58:57.811423,NewYork-ca94,35,36,Normal
2026-02-15 12:58:58.811423,NewYork-ca94,12,35,Normal
2026-02-15 12:58:59.811423,NewYork-ca94,-4,66,Normal
2026-02-15 12:59:00.811423,NewYork-ca94,7,62,Normal
2026-02-15 12:59:01.811423,NewYork-ca94,31,57,Normal
2026-02-15 12:59:02.811423,NewYork-ca94,16,59,Normal
2026-02-15 12:59:03.811423,NewYork-ca94,-28,90,Normal
2026-02-15 12:59:04.811423,NewYork-ca94,7,89,Normal
2026-02-15 12:59:05.811423,NewYork-ca94,42,55,Normal
2026-02-15 12:59:06.811423,NewYork-ca94,-16,17,Normal
2026-02-15 12:59:07.811423,NewYork-ca94,50,15,Normal
2026-02-15 12:59:08.811423,NewYork-ca94,33,56,Normal
2026-02-15 12:59:09.811423,NewYork-ca94,18,5,Normal
2026-02-15 12:59:10.811423,NewYork-ca94,26,26,Normal
2026-02-15 12:59:11.811423,NewYork-ca94,5,76,Normal
2026-02-15 12:59:12.811423,NewYork-ca94,-3,43,Normal
2026-02-15 12:59:13.811423,NewYork-ca94,-13,63,Normal
2026-02-15 12:59:14.811423,NewYork-ca94,40,68,Normal
2026-02-15 12:59:15.811423,NewYork-ca94,42,19,Normal
2026-02-15 12:59:16.811423,NewYork-ca94,41,28,Normal
2026-02-15 12:59:17.811423,NewYork-ca94,50,22,Normal
2026-02-15 12:59:18.811423,NewYork-ca94,24,93,Normal
2026-02-15 12:59:19.811423,NewYork-ca94,-29,79,Normal
2026-02-15 12:59:20.811423,NewYork-ca94,-5,74,Normal
2026-02-15 12:59:21.811423,NewYork-ca94,31,94,Normal
2026-02-15 12:59:22.811423,NewYork-ca94,-8,83,Normal
2026-02-15 12:59:23.811423,NewYork-ca94,37,70,Normal
2026-02-15 12:59:24.811423,NewYork-ca94,19,39,Normal
2026-02-15 12:59:25.811423,NewYork-ca94,5,21,Normal
2026-02-15 12:59:26.811423,NewYork-ca94,-23,82,Normal
2026-02-15 12:59:27.811423,NewYork-ca94,-12,2,Normal
2026-02-15 12:59:28.811423,NewYork-ca94,-7,31,Normal
2026-02-15 12:59:29.811423,NewYork-ca94,-10,71,Normal
2026-02-15 12:59:30.811423,NewYork-ca94,47,38,Normal
2026-02-15 12:59:31.811423,NewYork-ca94,-19,67,Normal
2026-02-15 12:59:32.811423,NewYork-ca94,-6,100,Normal
2026-02-15 12:59:33.811423,NewYork-ca94,29,72,Normal
2026-02-15 12:59:34.811423,NewYork-ca94,-14,30,Normal
2026-02-15 12:59:35.811423,NewYork-ca94,30,50,Normal
2026-02-15 12:59:36.811423,NewYork-ca94,23,26,Normal
2026-02-15 12:59:37.811423,NewYork-ca94,-20,23,Normal
2026-02-15 12:59:38.811423,NewYork-ca94,19,86,Normal
2026-02-15 12:59:39.811423,NewYork-ca94,32,24,Normal
2026-02-15 12:59:40.811423,NewYork-ca94,14,56,Normal
2026-02-15 12:59:41.811423,NewYork-ca94,6,65,Normal
2026-02-15 12:59:42.811423,NewYork-ca94,39,3,Normal
2026-02-15 12:59:43.811423,NewYork-ca94,29,82,Normal
2026-02-15 12:59:44.811423,NewYork-ca94,41,26,Normal
2026-02-15 12:59:45.811423,NewYork-ca94,41,21,Normal
2026-02-15 12:59:46.811423,NewYork-ca94,42,60,Normal
2026-02-15 12:59:47.811423,NewYork-ca94,-6,100,Normal
2026-02-15 12:59:48.811423,NewYork-ca94,37,76,Normal
2026-02-15 12:59:49.811423,NewYork-ca94,-4,18,Normal
2026-02-15 12:59:50.811423,NewYork-ca94,-6,94,Normal
2026-02-15 12:59:51.811423,NewYork-ca94,-26,99,Normal
2026-02-15 12:59:52.811423,NewYork-ca94,-17,1,Normal
2026-02-15 12:59:53.811423,NewYork-ca94,-12,1,Normal
2026-02-15 12:59:54.811423,NewYork-ca94,-6,88,Normal
2026-02-15 12:59:55.811423,NewYork-ca94,-19,36,Normal
2026-02-15 12:59:56.811423,NewYork-ca94,-7,6,Normal
2026-02-15 12:59:57.811423,NewYork-ca94,10,94,Normal
2026-02-15 12:59:58.811423,NewYork-ca94,-13,8,Normal
2026-02-15 12:59:59.811423,NewYork-ca94,0,49,Normal
2026-02-15 13:00:00.811423,NewYork-ca94,5,74,Normal
2026-02-15 13:00:01.811423,NewYork-ca94,-16,30,Normal
2026-02-15 13:00:02.811423,NewYork-ca94,25,77,Normal
2026-02-15 13:00:03.811423,NewYork-ca94,-18,26,Normal
2026-02-15 13:00:04.811423,NewYork-ca94,36,99,Normal
2026-02-15 13:00:05.811423,NewYork-ca94,6,50,Normal
2026-02-15 13:00:06.811423,NewYork-ca94,28,45,Normal
2026-02-15 13:00:07.811423,NewYork-ca94,50,65,Normal
2026-02-15 13:00:08.811423,NewYork-ca94,32,67,Normal
2026-02-15 13:00:09.811423,NewYork-ca94,-12,24,Normal
2026-02-15 13:00:10.811423,NewYork-ca94,11,14,Normal
2026-02-15 13:00:11.811423,NewYork-ca94,45,5,Normal
2026-02-15 13:00:12.811423,NewYork-ca94,40,30,Normal
2026-02-15 13:00:13.811423,NewYork-ca94,23,88,Normal
2026-02-15 13:00:14.811423,NewYork-ca94,31,20,Normal
2026-02-15 13:00:15.811423,NewYork-ca94,-6,61,Normal
2026-02-15 13:00:16.811423,NewYork-ca94,-17,60,Normal
2026-02-15 13:00:17.811423,NewYork-ca94,-26,0,Normal
2026-02-15 13:00:18.811423,NewYork-ca94,-18,2,Normal
2026-02-15 13:00:19.811423,NewYork-ca94,-25,12,Normal
2026-02-15 13:00:20.811423,NewYork-ca94,34,70,Normal
2026-02-15 13:00:21.811423,NewYork-ca94,-28,91,Normal
2026-02-15 13:00:22.811423,NewYork-ca94,6,12,Normal
2026-02-15 13:00:23.811423,NewYork-ca94,30,73,Normal
2026-02-15 13:00:24.811423,NewYork-ca94,19,6,Normal
2026-02-15 13:00:25.811423,NewYork-ca94,-5,6,Normal
2026-02-15 13:00:26.811423,NewYork-ca94,-19,62,Normal
2026-02-15 13:00:27.811423,NewYork-ca94,5,8,Normal
2026-02-15 13:00:28.811423,NewYork-ca94,-22,92,Normal
2026-02-15 13:00:29.811423,NewYork-ca94,26,93,Normal
2026-02-15 13:00:30.811423,NewYork-ca94,-17,51,Normal
2026-02-15 13:00:31.811423,NewYork-ca94,-6,44,Normal
2026-02-15 13:00:32.811423,NewYork-ca94,-5,47,Normal
2026-02-15 13:00:33.811423,NewYork-ca94,-21,37,Normal
2026-02-15 13:00:34.811423,NewYork-ca94,10,0,Normal
2026-02-15 13:00:35.811423,NewYork-ca94,44,30,Normal
2026-02-15 13:00:36.811423,NewYork-ca94,11,77,Normal
2026-02-15 13:00:37.811423,NewYork-ca94,-17,12,Normal
2026-02-15 13:00:38.811423,NewYork-ca94,4,40,Normal
2026-02-15 13:00:39.811423,NewYork-ca94,47,96,Normal
2026-02-15 13:00:40.811423,NewYork-ca94,48,97,Normal
2026-02-15 13:00:41.811423,NewYork-ca94,14,42,Normal
2026-02-15 13:00:42.811423,NewYork-ca94,17,19,Normal
2026-02-15 13:00:43.811423,NewYork-ca94,26,67,Normal
2026-02-15 13:00:44.811423,NewYork-ca94,31,6,Normal
2026-02-15 13:00:45.811423,NewYork-ca94,10,9,Normal
2026-02-15 13:00:46.811423,NewYork-ca94,-4,71,Normal
2026-02-15 13:00:47.811423,NewYork-ca94,22,86,Normal
2026-02-15 13:00:48.811423,NewYork-ca94,-19,27,Normal
2026-02-15 13:00:49.811423,NewYork-ca94,-19,57,Normal
2026-02-15 13:00:50.811423,NewYork-ca94,-2,69,Normal
2026-02-15 13:00:51.811423,NewYork-ca94,39,55,Normal
2026-02-15 13:00:52.811423,NewYork-ca94,40,86,Normal
2026-02-15 13:00:53.811423,NewYork-ca94,19,48,Normal
2026-02-15 13:00:54.811423,NewYork-ca94,10,5,Normal
2026-02-15 13:00:55.811423,NewYork-ca94,20,55,Normal
2026-02-15 13:00:56.811423,NewYork-ca94,-3,55,Normal
2026-02-15 13:00:57.811423,NewYork-ca94,34,52,Normal
2026-02-15 13:00:58.811423,NewYork-ca94,23,75,Normal
2026-02-15 13:00:59.811423,NewYork-ca94,44,3,Normal
2026-02-15 13:01:00.811423,NewYork-ca94,-15,12,Normal
2026-02-15 13:01:01.811423,NewYork-ca94,14,35,Normal
2026-02-15 13:01:02.811423,NewYork-ca94,0,30,Normal
2026-02-15 13:01:03.811423,NewYork-ca94,25,17,Normal
2026-02-15 13:01:04.811423,NewYork-ca94,3,90,Normal
2026-02-15 13:01:05.811423,NewYork-ca94,21,70,Normal
2026-02-15 13:01:06.811423,NewYork-ca94,-14,31,Normal
2026-02-15 13:01:07.811423,NewYork-ca94,-16,73,Normal
2026-02-15 13:01:08.811423,NewYork-ca94,-12,11,Normal
2026-02-15 13:01:09.811423,NewYork-ca94,30,26,Normal
2026-02-15 13:01:10.811423,NewYork-ca94,-26,42,Normal
2026-02-15 13:01:11.811423,NewYork-ca94,11,37,Normal
2026-02-15 13:01:12.811423,NewYork-ca94,-18,35,Normal
2026-02-15 13:01:13.811423,NewYork-ca94,-21,57,Normal
2026-02-15 13:01:14.811423,NewYork-ca94,-7,84,Normal
2026-02-15 13:01:15.811423,NewYork-ca94,29,0,Normal
2026-02-15 13:01:16.811423,NewYork-ca94,-12,60,Normal
2026-02-15 13:01:17.811423,NewYork-ca94,-2,13,Normal
2026-02-15 13:01:18.811423,NewYork-ca94,32,98,Normal
2026-02-15 13:01:19.811423,NewYork-ca94,0,21,Normal
2026-02-15 13:01:20.811423,NewYork-ca94,-11,98,Normal
2026-02-15 13:01:21.811423,NewYork-ca94,-7,45,Normal
2026-02-15 13:01:22.811423,NewYork-ca94,32,85,Normal
2026-02-15 13:01:23.811423,NewYork-ca94,-17,47,Normal
2026-02-15 13:01:24.811423,NewYork-ca94,3,12,Normal
2026-02-15 13:01:25.811423,NewYork-ca94,20,18,Normal
2026-02-15 13:01:26.811423,NewYork-ca94,-28,85,Normal
2026-02-15 13:01:27.811423,NewYork-ca94,16,65,Normal
2026-02-15 13:01:28.811423,NewYork-ca94,-17,73,Normal
2026-02-15 13:01:29.811423,NewYork-ca94,45,21,Normal
2026-02-15 13:01:30.811423,NewYork-ca94,-20,54,Normal
2026-02-15 13:01:31.811423,NewYork-ca94,-8,74,Normal
2026-02-15 13:01:32.811423,NewYork-ca94,37,71,Normal
2026-02-15 13:01:33.811423,NewYork-ca94,-26,15,Normal
2026-02-15 13:01:34.811423,NewYork-ca94,-1,93,Normal
2026-02-15 13:01:35.811423,NewYork-ca94,-1,67,Normal
2026-02-15 13:01:36.811423,NewYork-ca94,1,58,Normal
2026-02-15 13:01:37.811423,NewYork-ca94,-15,77,Normal
2026-02-15 13:01:38.811423,NewYork-ca94,42,96,Normal
2026-02-15 13:01:39.811423,NewYork-ca94,-19,92,Normal
2026-02-15 13:01:40.811423,NewYork-ca94,48,15,Normal
2026-02-15 13:01:41.811423,NewYork-ca94,-22,65,Normal
2026-02-15 13:01:42.811423,NewYork-ca94,-20,51,Normal
2026-02-15 13:01:43.811423,NewYork-ca94,46,69,Normal
2026-02-15 13:01:44.811423,NewYork-ca94,-3,11,Normal
2026-02-15 13:01:45.811423,NewYork-ca94,-23,15,Normal
2026-02-15 13:01:46.811423,NewYork-ca94,33,76,Normal
2026-02-15 13:01:47.811423,NewYork-ca94,35,89,Normal
2026-02-15 13:01:48.811423,NewYork-ca94,-10,73,Normal
2026-02-15 13:01:49.811423,NewYork-ca94,-27,27,Normal
2026-02-15 13:01:50.811423,NewYork-ca94,19,59,Normal
2026-02-15 13:01:51.811423,NewYork-ca94,35,53,Normal
2026-02-15 13:01:52.811423,NewYork-ca94,13,12,Normal
2026-02-15 13:01:53.811423,NewYork-ca94,32,87,Normal
2026-02-15 13:01:54.811423,NewYork-ca94,-6,87,Normal
2026-02-15 13:01:55.811423,NewYork-ca94,32,35,Normal
2026-02-15 13:01:56.811423,NewYork-ca94,14,6,Normal
2026-02-15 13:01:57.811423,NewYork-ca94,-23,53,Normal
2026-02-15 13:01:58.811423,NewYork-ca94,31,96,Normal
2026-02-15 13:01:59.811423,NewYork-ca94,-26,0,Normal
2026-02-15 13:02:00.811423,NewYork-ca94,-26,28,Normal
2026-02-15 13:02:01.811423,NewYork-ca94,14,9,Normal
2026-02-15 13:02:02.811423,NewYork-ca94,-20,69,Normal
2026-02-15 13:02:03.811423,NewYork-ca94,14,26,Normal
2026-02-15 13:02:04.811423,NewYork-ca94,25,20,Normal
2026-02-15 13:02:05.811423,NewYork-ca94,-5,35,Normal
2026-02-15 13:02:06.811423,NewYork-ca94,-21,79,Normal
2026-02-15 13:02:07.811423,NewYork-ca94,32,41,Normal
2026-02-15 13:02:08.811423,NewYork-ca94,47,37,Normal
2026-02-15 13:02:09.811423,NewYork-ca94,37,76,Normal
2026-02-15 13:02:10.811423,NewYork-ca94,-4,79,Normal
2026-02-15 13:02:11.811423,NewYork-ca94,-16,45,Normal
