timestamp,station_id,temp,humid,condition
2026-02-15 16:23:59.982232,London-95a6,-13,80,Normal
2026-02-15 16:24:00.982232,London-95a6,16,62,Normal
2026-02-15 16:24:01.982232,London-95a6,11,57,Normal
2026-02-15 16:24:02.982232,London-95a6,40,60,Normal
2026-02-15 16:24:03.982232,London-95a6,-14,89,Normal
2026-02-15 16:24:04.982232,London-95a6,-10,48,Normal
2026-02-15 16:24:05.982232,London-95a6,49,49,Normal
2026-02-15 16:24:06.982232,London-95a6,48,12,Normal
2026-02-15 16:24:07.982232,London-95a6,3,72,Normal
2026-02-15 16:24:08.982232,London-95a6,3,10,Normal
2026-02-15 16:24:09.982232,London-95a6,7,91,Normal
2026-02-15 16:24:10.982232,London-95a6,35,73,Normal
2026-02-15 16:24:11.982232,London-95a6,12,94,Normal
2026-02-15 16:24:12.982232,London-95a6,26,69,Normal
2026-02-15 16:24:13.982232,London-95a6,6,56,Normal
2026-02-15 16:24:14.982232,London-95a6,50,59,Normal
2026-02-15 16:24:15.982232,London-95a6,-12,82,Normal
2026-02-15 16:24:16.982232,London-95a6,-21,47,Normal
2026-02-15 16:24:17.982232,London-95a6,46,9,Normal
2026-02-15 16:24:18.982232,London-95a6,47,2,Normal
2026-02-15 16:24:19.982232,London-95a6,-2,72,Normal
2026-02-15 16:24:20.982232,London-95a6,27,16,Normal
2026-02-15 16:24:21.982232,London-95a6,-30,5,Normal
2026-02-15 16:24:22.982232,London-95a6,19,15,Normal
2026-02-15 16:24:23.982232,London-95a6,-7,11,Normal
2026-02-15 16:24:24.982232,London-95a6,33,95,Normal
2026-02-15 16:24:25.982232,London-95a6,-1,70,Normal
2026-02-15 16:24:26.982232,London-95a6,16,74,Normal
2026-02-15 16:24:27.982232,London-95a6,-2,7,Normal
2026-02-15 16:24:28.982232,London-95a6,6,60,Normal
2026-02-15 16:24:29.982232,London-95a6,37,25,Normal
2026-02-15 16:24:30.982232,London-95a6,36,63,Normal
2026-02-15 16:24:31.982232,London-95a6,40,71,Normal
2026-02-15 16:24:32.982232,London-95a6,-8,30,Normal
2026-02-15 16:24:33.982232,London-95a6,50,7,Normal
2026-02-15 16:24:34.982232,London-95a6,12,5,Normal
2026-02-15 16:24:35.982232,London-95a6,5,29,Normal
2026-02-15 16:24:36.982232,London-95a6,1,51,Normal
2026-02-15 16:24:37.982232,London-95a6,21,21,Normal
2026-02-15 16:24:38.982232,London-95a6,-20,60,Normal
2026-02-15 16:24:39.982232,London-95a6,-24,54,Normal
2026-02-15 16:24:40.982232,London-95a6,30,45,Normal
2026-02-15 16:24:41.982232,London-95a6,1,87,Normal
2026-02-15 16:24:42.982232,London-95a6,-23,95,Normal
2026-02-15 16:24:43.982232,London-95a6,-6,90,Normal
2026-02-15 16:24:44.982232,London-95a6,-30,75,Normal
2026-02-15 16:24:45.982232,London-95a6,6,0,Normal
2026-02-15 16:24:46.982232,London-95a6,30,81,Normal
2026-02-15 16:24:47.982232,London-95a6,42,41,Normal
2026-02-15 16:24:48.982232,London-95a6,-15,35,Normal
2026-02-15 16:24:49.982232,London-95a6,-5,80,Normal
2026-02-15 16:24:50.982232,London-95a6,38,73,Normal
2026-02-15 16:24:51.982232,London-95a6,-30,50,Normal
2026-02-15 16:24:52.982232,London-95a6,7,53,Normal
2026-02-15 16:24:53.982232,London-95a6,-15,67,Normal
2026-02-15 16:24:54.982232,London-95a6,-11,74,Normal
2026-02-15 16:24:55.982232,London-95a6,-14,93,Normal
2026-02-15 16:24:56.982232,London-95a6,49,75,Normal
2026-02-15 16:24:57.982232,London-95a6,31,82,Normal
2026-02-15 16:24:58.982232,London-95a6,-11,24,Normal
2026-02-15 16:24:59.982232,London-95a6,9,79,Normal
2026-02-15 16:25:00.982232,London-95a6,-18,38,Normal
2026-02-15 16:25:01.982232,London-95a6,-9,97,Normal
2026-02-15 16:25:02.982232,London-95a6,-1,25,Normal
2026-02-15 16:25:03.982232,London-95a6,33,42,Normal
2026-02-15 16:25:04.982232,London-95a6,-21,8,Normal
2026-02-15 16:25:05.982232,London-95a6,14,94,Normal
2026-02-15 16:25:06.982232,London-95a6,-25,6,Normal
2026-02-15 16:25:07.982232,London-95a6,40,51,Normal
2026-02-15 16:25:08.982232,London-95a6,-5,70,Normal
2026-02-15 16:25:09.982232,London-95a6,39,76,Normal
2026-02-15 16:25:10.982232,London-95a6,-18,94,Normal
2026-02-15 16:25:11.982232,London-95a6,21,67,Normal
2026-02-15 16:25:12.982232,London-95a6,35,96,Normal
2026-02-15 16:25:13.982232,London-95a6,3,23,Normal
2026-02-15 16:25:14.982232,London-95a6,17,13,Normal
2026-02-15 16:25:15.982232,London-95a6,-26,100,Normal
2026-02-15 16:25:16.982232,London-95a6,16,87,Normal
2026-02-15 16:25:17.982232,London-95a6,-20,81,Normal
2026-02-15 16:25:18.982232,London-95a6,45,14,Normal
2026-02-15 16:25:19.982232,London-95a6,-11,60,Normal
2026-02-15 16:25:20.982232,London-95a6,17,28,Normal
2026-02-15 16:25:21.982232,London-95a6,24,27,Normal
2026-02-15 16:25:22.982232,London-95a6,-16,17,Normal
2026-02-15 16:25:23.982232,London-95a6,21,63,Normal
2026-02-15 16:25:24.982232,London-95a6,36,81,Normal
2026-02-15 16:25:25.982232,London-95a6,-8,21,Normal
2026-02-15 16:25:26.982232,London-95a6,32,74,Normal
2026-02-15 16:25:27.982232,London-95a6,24,45,Normal
2026-02-15 16:25:28.982232,London-95a6,-6,48,Normal
2026-02-15 16:25:29.982232,London-95a6,-6,79,Normal
2026-02-15 16:25:30.982232,London-95a6,3,38,Normal
2026-02-15 16:25:31.982232,London-95a6,38,59,Normal
2026-02-15 16:25:32.982232,London-95a6,0,13,Normal
2026-02-15 16:25:33.982232,London-95a6,37,36,Normal
2026-02-15 16:25:34.982232,London-95a6,-9,66,Normal
2026-02-15 16:25:35.982232,London-95a6,38,57,Normal
2026-02-15 16:25:36.982232,London-95a6,34,62,Normal
2026-02-15 16:25:37.982232,London-95a6,29,29,Normal
2026-02-15 16:25:38.982232,London-95a6,7,20,Normal
2026-02-15 16:25:39.982232,London-95a6,-5,6,Normal
2026-02-15 16:25:40.982232,London-95a6,-27,89,Normal
2026-02-15 16:25:41.982232,London-95a6,-10,2,Normal
2026-02-15 16:25:42.982232,London-95a6,40,11,Normal
2026-02-15 16:25:43.982232,London-95a6,-21,69,Normal
2026-02-15 16:25:44.982232,London-95a6,23,84,Normal
2026-02-15 16:25:45.982232,London-95a6,46,35,Normal
2026-02-15 16:25:46.982232,London-95a6,43,100,Normal
2026-02-15 16:25:47.982232,London-95a6,3,59,Normal
2026-02-15 16:25:48.982232,London-95a6,5,24,Normal
2026-02-15 16:25:49.982232,London-95a6,-20,62,Normal
2026-02-15 16:25:50.982232,London-95a6,20,0,Normal
2026-02-15 16:25:51.982232,London-95a6,-28,62,Normal
2026-02-15 16:25:52.982232,London-95a6,32,82,Normal
2026-02-15 16:25:53.982232,London-95a6,-6,94,Normal
2026-02-15 16:25:54.982232,London-95a6,-1,53,Normal
2026-02-15 16:25:55.982232,London-95a6,-12,6,Normal
2026-02-15 16:25:56.982232,London-95a6,41,80,Normal
2026-02-15 16:25:57.982232,London-95a6,43,5,Normal
2026-02-15 16:25:58.982232,London-95a6,-3,84,Normal
2026-02-15 16:25:59.982232,London-95a6,25,42,Normal
2026-02-15 16:26:00.982232,London-95a6,-11,21,Normal
2026-02-15 16:26:01.982232,London-95a6,-25,96,Normal
2026-02-15 16:26:02.982232,London-95a6,6,4,Normal
2026-02-15 16:26:03.982232,London-95a6,-11,33,Normal
2026-02-15 16:26:04.982232,London-95a6,-18,68,Normal
2026-02-15 16:26:05.982232,London-95a6,43,25,Normal
2026-02-15 16:26:06.982232,London-95a6,-11,42,Normal
2026-02-15 16:26:07.982232,London-95a6,15,74,Normal
2026-02-15 16:26:08.982232,London-95a6,23,97,Normal
2026-02-15 16:26:09.982232,London-95a6,-24,97,Normal
2026-02-15 16:26:10.982232,London-95a6,12,17,Normal
2026-02-15 16:26:11.982232,London-95a6,25,83,Normal
2026-02-15 16:26:12.982232,London-95a6,-5,19,Normal
2026-02-15 16:26:13.982232,London-95a6,-28,26,Normal
2026-02-15 16:26:14.982232,London-95a6,-26,5,Normal
2026-02-15 16:26:15.982232,London-95a6,27,28,Normal
2026-02-15 16:26:16.982232,London-95a6,25,56,Normal
2026-02-15 16:26:17.982232,London-95a6,-8,35,Normal
2026-02-15 16:26:18.982232,London-95a6,-29,83,Normal
2026-02-15 16:26:19.982232,London-95a6,-21,14,Normal
2026-02-15 16:26:20.982232,London-95a6,49,48,Normal
2026-02-15 16:26:21.982232,London-95a6,-30,93,Normal
2026-02-15 16:26:22.982232,London-95a6,-13,14,Normal
2026-02-15 16:26:23.982232,London-95a6,48,11,Normal
2026-02-15 16:26:24.982232,London-95a6,33,34,Normal
2026-02-15 16:26:25.982232,London-95a6,12,11,Normal
2026-02-15 16:26:26.982232,London-95a6,7,39,Normal
2026-02-15 16:26:27.982232,London-95a6,6,1,Normal
2026-02-15 16:26:28.982232,London-95a6,-9,7,Normal
2026-02-15 16:26:29.982232,London-95a6,-17,40,Normal
2026-02-15 16:26:30.982232,London-95a6,49,26,Normal
2026-02-15 16:26:31.982232,London-95a6,-13,31,Normal
2026-02-15 16:26:32.982232,London-95a6,3,55,Normal
2026-02-15 16:26:33.982232,London-95a6,-11,85,Normal
2026-02-15 16:26:34.982232,London-95a6,-22,42,Normal
2026-02-15 16:26:35.982232,London-95a6,-7,6,Normal
2026-02-15 16:26:36.982232,London-95a6,-14,33,Normal
2026-02-15 16:26:37.982232,London-95a6,36,59,Normal
2026-02-15 16:26:38.982232,London-95a6,20,76,Normal
2026-02-15 16:26:39.982232,London-95a6,-3,90,Normal
2026-02-15 16:26:40.982232,London-95a6,29,67,Normal
2026-02-15 16:26:41.982232,London-95a6,38,83,Normal
2026-02-15 16:26:42.982232,London-95a6,12,86,Normal
2026-02-15 16:26:43.982232,London-95a6,5,65,Normal
2026-02-15 16:26:44.982232,London-95a6,23,45,Normal
2026-02-15 16:26:45.982232,London-95a6,20,37,Normal
2026-02-15 16:26:46.982232,London-95a6,-2,49,Normal
2026-02-15 16:26:47.982232,London-95a6,36,25,Normal
2026-02-15 16:26:48.982232,London-95a6,10,91,Normal
2026-02-15 16:26:49.982232,London-95a6,-20,60,Normal
2026-02-15 16:26:50.982232,London-95a6,46,71,Normal
2026-02-15 16:26:51.982232,London-95a6,-30,3,Normal
2026-02-15 16:26:52.982232,London-95a6,8,10,Normal
2026-02-15 16:26:53.982232,London-95a6,48,23,Normal
2026-02-15 16:26:54.982232,London-95a6,-29,84,Normal
2026-02-15 16:26:55.982232,London-95a6,39,22,Normal
2026-02-15 16:26:56.982232,London-95a6,-6,95,Normal
2026-02-15 16:26:57.982232,London-95a6,-26,39,Normal
2026-02-15 16:26:58.982232,London-95a6,-22,95,Normal
2026-02-15 16:26:59.982232,London-95a6,11,28,Normal
2026-02-15 16:27:00.982232,London-95a6,50,89,Normal
2026-02-15 16:27:01.982232,London-95a6,35,87,Normal
2026-02-15 16:27:02.982232,London-95a6,29,89,Normal
2026-02-15 16:27:03.982232,London-95a6,4,81,Normal
2026-02-15 16:27:04.982232,London-95a6,10,42,Normal
2026-02-15 16:27:05.982232,London-95a6,3,88,Normal
2026-02-15 16:27:06.982232,London-95a6,-10,62,Normal
2026-02-15 16:27:07.982232,London-95a6,36,77,Normal
2026-02-15 16:27:08.982232,London-95a6,43,80,Normal
2026-02-15 16:27:09.982232,London-95a6,24,79,Normal
2026-02-15 16:27:10.982232,London-95a6,1,94,Normal
2026-02-15 16:27:11.982232,London-95a6,4,46,Normal
2026-02-15 16:27:12.982232,London-95a6,12,80,Normal
2026-02-15 16:27:13.982232,London-95a6,-17,28,Normal
2026-02-15 16:27:14.982232,London-95a6,-9,26,Normal
2026-02-15 16:27:15.982232,London-95a6,46,7,Normal
2026-02-15 16:27:16.982232,London-95a6,-14,10,Normal
2026-02-15 16:27:17.982232,London-95a6,34,43,Normal
2026-02-15 16:27:18.982232,London-95a6,-12,90,Normal
2026-02-15 16:27:19.982232,London-95a6,43,91,Normal
2026-02-15 16:27:20.982232,London-95a6,-6,80,Normal
2026-02-15 16:27:21.982232,London-95a6,-11,42,Normal
2026-02-15 16:27:22.982232,London-95a6,28,40,Normal
2026-02-15 16:27:23.982232,London-95a6,11,16,Normal
2026-02-15 16:27:24.982232,London-95a6,26,58,Normal
2026-02-15 16:27:25.982232,London-95a6,-21,65,Normal
2026-02-15 16:27:26.982232,London-95a6,-16,60,Normal
2026-02-15 16:27:27.982232,London-95a6,41,82,Normal
2026-02-15 16:27:28.982232,London-95a6,30,32,Normal
2026-02-15 16:27:29.982232,London-95a6,32,97,Normal
2026-02-15 16:27:30.982232,London-95a6,43,35,Normal
2026-02-15 16:27:31.982232,London-95a6,-6,48,Normal
2026-02-15 16:27:32.982232,London-95a6,41,51,Normal
2026-02-15 16:27:33.982232,London-95a6,-21,75,Normal
2026-02-15 16:27:34.982232,London-95a6,-7,19,Normal
2026-02-15 16:27:35.982232,London-95a6,-13,46,Normal
2026-02-15 16:27:36.982232,London-95a6,40,65,Normal
2026-02-15 16:27:37.982232,London-95a6,49,70,Normal
2026-02-15 16:27:38.982232,London-95a6,-22,22,Normal
2026-02-15 16:27:39.982232,London-95a6,-10,51,Normal
2026-02-15 16:27:40.982232,London-95a6,11,3,Normal
2026-02-15 16:27:41.982232,London-95a6,-10,55,Normal
2026-02-15 16:27:42.982232,London-95a6,-19,43,Normal
2026-02-15 16:27:43.982232,London-95a6,12,70,Normal
2026-02-15 16:27:44.982232,London-95a6,0,51,Normal
2026-02-15 16:27:45.982232,London-95a6,19,77,Normal
2026-02-15 16:27:46.982232,London-95a6,36,54,Normal
2026-02-15 16:27:47.982232,London-95a6,45,93,Normal
2026-02-15 16:27:48.982232,London-95a6,-30,55,Normal
2026-02-15 16:27:49.982232,London-95a6,23,30,Normal
2026-02-15 16:27:50.982232,London-95a6,-4,32,Normal
2026-02-15 16:27:51.982232,London-95a6,45,8,Normal
2026-02-15 16:27:52.982232,London-95a6,48,17,Normal
2026-02-15 16:27:53.982232,London-95a6,-5,10,Normal
2026-02-15 16:27:54.982232,London-95a6,-5,13,Normal
2026-02-15 16:27:55.982232,London-95a6,-14,17,Normal
2026-02-15 16:27:56.982232,London-95a6,-23,23,Normal
2026-02-15 16:27:57.982232,London-95a6,31,88,Normal
2026-02-15 16:27:58.982232,London-95a6,0,89,Normal
2026-02-15 16:27:59.982232,London-95a6,-4,72,Normal
2026-02-15 16:28:00.982232,London-95a6,14,16,Normal
2026-02-15 16:28:01.982232,London-95a6,3,14,Normal
2026-02-15 16:28:02.982232,London-95a6,21,83,Normal
2026-02-15 16:28:03.982232,London-95a6,47,71,Normal
2026-02-15 16:28:04.982232,London-95a6,32,26,Normal
2026-02-15 16:28:05.982232,London-95a6,-29,75,Normal
2026-02-15 16:28:06.982232,London-95a6,13,2,Normal
2026-02-15 16:28:07.982232,London-95a6,30,0,Normal
2026-02-15 16:28:08.982232,London-95a6,20,99,Normal
2026-02-15 16:28:09.982232,London-95a6,23,27,Normal
2026-02-15 16:28:10.982232,London-95a6,33,16,Normal
2026-02-15 16:28:11.982232,London-95a6,-7,4,Normal
2026-02-15 16:28:12.982232,London-95a6,18,79,Normal
2026-02-15 16:28:13.982232,London-95a6,-3,44,Normal
2026-02-15 16:28:14.982232,London-95a6,-9,36,Normal
2026-02-15 16:28:15.982232,London-95a6,-5,25,Normal
2026-02-15 16:28:16.982232,London-95a6,1,10,Normal
2026-02-15 16:28:17.982232,London-95a6,-1,66,Normal
2026-02-15 16:28:18.982232,London-95a6,20,15,Normal
2026-02-15 16:28:19.982232,London-95a6,-4,68,Normal
2026-02-15 16:28:20.982232,London-95a6,-23,39,Normal
2026-02-15 16:28:21.982232,London-95a6,-23,29,Normal
2026-02-15 16:28:22.982232,London-95a6,37,97,Normal
2026-02-15 16:28:23.982232,London-95a6,8,27,Normal
2026-02-15 16:28:24.982232,London-95a6,30,37,Normal
2026-02-15 16:28:25.982232,London-95a6,12,77,Normal
2026-02-15 16:28:26.982232,London-95a6,40,39,Normal
2026-02-15 16:28:27.982232,London-95a6,17,46,Normal
2026-02-15 16:28:28.982232,London-95a6,41,63,Normal
2026-02-15 16:28:29.982232,London-95a6,-30,58,Normal
2026-02-15 16:28:30.982232,London-95a6,-14,13,Normal
2026-02-15 16:28:31.982232,London-95a6,35,58,Normal
2026-02-15 16:28:32.982232,London-95a6,14,85,Normal
2026-02-15 16:28:33.982232,London-95a6,-19,44,Normal
2026-02-15 16:28:34.982232,London-95a6,6,64,Normal
2026-02-15 16:28:35.982232,London-95a6,50,11,Normal
2026-02-15 16:28:36.982232,London-95a6,-6,62,Normal
2026-02-15 16:28:37.982232,London-95a6,2,49,Normal
2026-02-15 16:28:38.982232,London-95a6,1,82,Normal
2026-02-15 16:28:39.982232,London-95a6,23,90,Normal
2026-02-15 16:28:40.982232,London-95a6,31,93,Normal
2026-02-15 16:28:41.982232,London-95a6,7,54,Normal
2026-02-15 16:28:42.982232,London-95a6,-8,21,Normal
2026-02-15 16:28:43.982232,London-95a6,-23,79,Normal
2026-02-15 16:28:44.982232,London-95a6,-8,80,Normal
2026-02-15 16:28:45.982232,London-95a6,42,17,Normal
2026-02-15 16:28:46.982232,London-95a6,25,90,Normal
2026-02-15 16:28:47.982232,London-95a6,41,74,Normal
2026-02-15 16:28:48.982232,London-95a6,-26,79,Normal
2026-02-15 16:28:49.982232,London-95a6,23,32,Normal
2026-02-15 16:28:50.982232,London-95a6,11,47,Normal
2026-02-15 16:28:51.982232,London-95a6,-3,25,Normal
2026-02-15 16:28:52.982232,London-95a6,-11,86,Normal
2026-02-15 16:28:53.982232,London-95a6,37,2,Normal
2026-02-15 16:28:54.982232,London-95a6,43,99,Normal
2026-02-15 16:28:55.982232,London-95a6,29,26,Normal
2026-02-15 16:28:56.982232,London-95a6,48,27,Normal
2026-02-15 16:28:57.982232,London-95a6,27,53,Normal
2026-02-15 16:28:58.982232,London-95a6,45,27,Normal
2026-02-15 16:28:59.982232,London-95a6,-23,98,Normal
2026-02-15 16:29:00.982232,London-95a6,20,83,Normal
2026-02-15 16:29:01.982232,London-95a6,-13,47,Normal
2026-02-15 16:29:02.982232,London-95a6,-7,39,Normal
2026-02-15 16:29:03.982232,London-95a6,23,73,Normal
2026-02-15 16:29:04.982232,London-95a6,-17,51,Normal
2026-02-15 16:29:05.982232,London-95a6,-22,87,Normal
2026-02-15 16:29:06.982232,London-95a6,18,85,Normal
2026-02-15 16:29:07.982232,London-95a6,35,66,Normal
2026-02-15 16:29:08.982232,London-95a6,-9,73,Normal
2026-02-15 16:29:09.982232,London-95a6,2,69,Normal
2026-02-15 16:29:10.982232,London-95a6,3,37,Normal
2026-02-15 16:29:11.982232,London-95a6,39,3,Normal
2026-02-15 16:29:12.982232,London-95a6,37,44,Normal
2026-02-15 16:29:13.982232,London-95a6,13,71,Normal
2026-02-15 16:29:14.982232,London-95a6,18,97,Normal
2026-02-15 16:29:15.982232,London-95a6,6,45,Normal
2026-02-15 16:29:16.982232,London-95a6,7,14,Normal
2026-02-15 16:29:17.982232,London-95a6,-20,42,Normal
2026-02-15 16:29:18.982232,London-95a6,-25,16,Normal
2026-02-15 16:29:19.982232,London-95a6,-11,22,Normal
2026-02-15 16:29:20.982232,London-95a6,12,84,Normal
2026-02-15 16:29:21.982232,London-95a6,16,58,Normal
2026-02-15 16:29:22.982232,London-95a6,1,13,Normal
2026-02-15 16:29:23.982232,London-95a6,16,87,Normal
2026-02-15 16:29:24.982232,London-95a6,26,52,Normal
2026-02-15 16:29:25.982232,London-95a6,3,66,Normal
2026-02-15 16:29:26.982232,London-95a6,-2,77,Normal
2026-02-15 16:29:27.982232,London-95a6,3,66,Normal
2026-02-15 16:29:28.982232,London-95a6,-22,88,Normal
2026-02-15 16:29:29.982232,London-95a6,33,94,Normal
2026-02-15 16:29:30.982232,London-95a6,-20,53,Normal
2026-02-15 16:29:31.982232,London-95a6,-23,89,Normal
2026-02-15 16:29:32.982232,London-95a6,-12,81,Normal
2026-02-15 16:29:33.982232,London-95a6,5,26,Normal
2026-02-15 16:29:34.982232,London-95a6,-27,63,Normal
2026-02-15 16:29:35.982232,London-95a6,10,86,Normal
2026-02-15 16:29:36.982232,London-95a6,46,7,Normal
2026-02-15 16:29:37.982232,London-95a6,-7,17,Normal
2026-02-15 16:29:38.982232,London-95a6,1,59,Normal
2026-02-15 16:29:39.982232,London-95a6,40,95,Normal
2026-02-15 16:29:40.982232,London-95a6,-5,9,Normal
2026-02-15 16:29:41.982232,London-95a6,18,78,Normal
2026-02-15 16:29:42.982232,London-95a6,-5,80,Normal
2026-02-15 16:29:43.982232,London-95a6,9,13,Normal
2026-02-15 16:29:44.982232,London-95a6,24,66,Normal
2026-02-15 16:29:45.982232,London-95a6,40,51,Normal
2026-02-15 16:29:46.982232,London-95a6,49,89,Normal
2026-02-15 16:29:47.982232,London-95a6,27,73,Normal
2026-02-15 16:29:48.982232,London-95a6,18,79,Normal
2026-02-15 16:29:49.982232,London-95a6,-25,99,Normal
2026-02-15 16:29:50.982232,London-95a6,-9,20,Normal
2026-02-15 16:29:51.982232,London-95a6,-10,58,Normal
2026-02-15 16:29:52.982232,London-95a6,15,69,Normal
2026-02-15 16:29:53.982232,London-95a6,-3,49,Normal
2026-02-15 16:29:54.982232,London-95a6,8,39,Normal
2026-02-15 16:29:55.982232,London-95a6,-7,91,Normal
2026-02-15 16:29:56.982232,London-95a6,0,77,Normal
2026-02-15 16:29:57.982232,London-95a6,11,22,Normal
2026-02-15 16:29:58.982232,London-95a6,12,53,Normal
2026-02-15 16:29:59.982232,London-95a6,28,9,Normal
2026-02-15 16:30:00.982232,London-95a6,-5,52,Normal
2026-02-15 16:30:01.982232,London-95a6,46,81,Normal
2026-02-15 16:30:02.982232,London-95a6,5,37,Normal
2026-02-15 16:30:03.982232,London-95a6,17,81,Normal
2026-02-15 16:30:04.982232,London-95a6,37,94,Normal
2026-02-15 16:30:05.982232,London-95a6,22,24,Normal
2026-02-15 16:30:06.982232,London-95a6,-2,8,Normal
2026-02-15 16:30:07.982232,London-95a6,42,41,Normal
2026-02-15 16:30:08.982232,London-95a6,47,9,Normal
2026-02-15 16:30:09.982232,London-95a6,30,71,Normal
2026-02-15 16:30:10.982232,London-95a6,20,69,Normal
2026-02-15 16:30:11.982232,London-95a6,0,21,Normal
2026-02-15 16:30:12.982232,London-95a6,-4,21,Normal
2026-02-15 16:30:13.982232,London-95a6,8,3,Normal
2026-02-15 16:30:14.982232,London-95a6,-7,9,Normal
2026-02-15 16:30:15.982232,London-95a6,26,71,Normal
2026-02-15 16:30:16.982232,London-95a6,5,84,Normal
2026-02-15 16:30:17.982232,London-95a6,-23,89,Normal
2026-02-15 16:30:18.982232,London-95a6,-7,72,Normal
2026-02-15 16:30:19.982232,London-95a6,-30,88,Normal
2026-02-15 16:30:20.982232,London-95a6,-4,6,Normal
2026-02-15 16:30:21.982232,London-95a6,-17,0,Normal
2026-02-15 16:30:22.982232,London-95a6,34,33,Normal
2026-02-15 16:30:23.982232,London-95a6,4,58,Normal
2026-02-15 16:30:24.982232,London-95a6,27,25,Normal
2026-02-15 16:30:25.982232,London-95a6,22,14,Normal
2026-02-15 16:30:26.982232,London-95a6,3,90,Normal
2026-02-15 16:30:27.982232,London-95a6,33,85,Normal
2026-02-15 16:30:28.982232,London-95a6,-23,40,Normal
2026-02-15 16:30:29.982232,London-95a6,27,77,Normal
2026-02-15 16:30:30.982232,London-95a6,-27,33,Normal
2026-02-15 16:30:31.982232,London-95a6,50,57,Normal
2026-02-15 16:30:32.982232,London-95a6,17,88,Normal
2026-02-15 16:30:33.982232,London-95a6,-13,27,Normal
2026-02-15 16:30:34.982232,London-95a6,22,78,Normal
2026-02-15 16:30:35.982232,London-95a6,8,7,Normal
2026-02-15 16:30:36.982232,London-95a6,28,25,Normal
2026-02-15 16:30:37.982232,London-95a6,-30,77,Normal
2026-02-15 16:30:38.982232,London-95a6,49,23,Normal
2026-02-15 16:30:39.982232,London-95a6,15,91,Normal
2026-02-15 16:30:40.982232,London-95a6,-27,32,Normal
2026-02-15 16:30:41.982232,London-95a6,10,26,Normal
2026-02-15 16:30:42.982232,London-95a6,33,70,Normal
2026-02-15 16:30:43.982232,London-95a6,33,59,Normal
2026-02-15 16:30:44.982232,London-95a6,-23,20,Normal
2026-02-15 16:30:45.982232,London-95a6,22,39,Normal
2026-02-15 16:30:46.982232,London-95a6,27,40,Normal
2026-02-15 16:30:47.982232,London-95a6,38,70,Normal
2026-02-15 16:30:48.982232,London-95a6,39,89,Normal
2026-02-15 16:30:49.982232,London-95a6,20,51,Normal
2026-02-15 16:30:50.982232,London-95a6,12,87,Normal
2026-02-15 16:30:51.982232,London-95a6,-23,66,Normal
2026-02-15 16:30:52.982232,London-95a6,-27,81,Normal
2026-02-15 16:30:53.982232,London-95a6,-26,55,Normal
2026-02-15 16:30:54.982232,London-95a6,-17,64,Normal
2026-02-15 16:30:55.982232,London-95a6,-9,68,Normal
2026-02-15 16:30:56.982232,London-95a6,-18,3,Normal
2026-02-15 16:30:57.982232,London-95a6,-22,91,Normal
2026-02-15 16:30:58.982232,London-95a6,-19,24,Normal
2026-02-15 16:30:59.982232,London-95a6,24,80,Normal
2026-02-15 16:31:00.982232,London-95a6,7,96,Normal
2026-02-15 16:31:01.982232,London-95a6,27,33,Normal
2026-02-15 16:31:02.982232,London-95a6,5,31,Normal
2026-02-15 16:31:03.982232,London-95a6,18,60,Normal
2026-02-15 16:31:04.982232,London-95a6,-21,69,Normal
2026-02-15 16:31:05.982232,London-95a6,35,35,Normal
2026-02-15 16:31:06.982232,London-95a6,7,91,Normal
2026-02-15 16:31:07.982232,London-95a6,-4,99,Normal
2026-02-15 16:31:08.982232,London-95a6,6,92,Normal
2026-02-15 16:31:09.982232,London-95a6,8,63,Normal
2026-02-15 16:31:10.982232,London-95a6,50,11,Normal
2026-02-15 16:31:11.982232,London-95a6,-16,94,Normal
2026-02-15 16:31:12.982232,London-95a6,-19,60,Normal
2026-02-15 16:31:13.982232,London-95a6,-13,41,Normal
2026-02-15 16:31:14.982232,London-95a6,-11,51,Normal
2026-02-15 16:31:15.982232,London-95a6,19,13,Normal
2026-02-15 16:31:16.982232,London-95a6,20,60,Normal
2026-02-15 16:31:17.982232,London-95a6,3,22,Normal
2026-02-15 16:31:18.982232,London-95a6,-21,24,Normal
2026-02-15 16:31:19.982232,London-95a6,33,32,Normal
2026-02-15 16:31:20.982232,London-95a6,47,81,Normal
2026-02-15 16:31:21.982232,London-95a6,36,5,Normal
2026-02-15 16:31:22.982232,London-95a6,26,35,Normal
2026-02-15 16:31:23.982232,London-95a6,41,70,Normal
2026-02-15 16:31:24.982232,London-95a6,7,59,Normal
2026-02-15 16:31:25.982232,London-95a6,-25,50,Normal
2026-02-15 16:31:26.982232,London-95a6,0,31,Normal
2026-02-15 16:31:27.982232,London-95a6,9,63,Normal
2026-02-15 16:31:28.982232,London-95a6,-5,1,Normal
2026-02-15 16:31:29.982232,London-95a6,-13,75,Normal
2026-02-15 16:31:30.982232,London-95a6,47,47,Normal
2026-02-15 16:31:31.982232,London-95a6,-23,65,Normal
2026-02-15 16:31:32.982232,London-95a6,-21,86,Normal
2026-02-15 16:31:33.982232,London-95a6,-1,86,Normal
2026-02-15 16:31:34.982232,London-95a6,-7,77,Normal
2026-02-15 16:31:35.982232,London-95a6,-1,66,Normal
2026-02-15 16:31:36.982232,London-95a6,49,87,Normal
2026-02-15 16:31:37.982232,London-95a6,11,72,Normal
2026-02-15 16:31:38.982232,London-95a6,18,97,Normal
2026-02-15 16:31:39.982232,London-95a6,2,26,Normal
2026-02-15 16:31:40.982232,London-95a6,26,68,Normal
2026-02-15 16:31:41.982232,London-95a6,41,7,Normal
2026-02-15 16:31:42.982232,London-95a6,-7,19,Normal
2026-02-15 16:31:43.982232,London-95a6,30,90,Normal
2026-02-15 16:31:44.982232,London-95a6,-15,85,Normal
2026-02-15 16:31:45.982232,London-95a6,-8,5,Normal
2026-02-15 16:31:46.982232,London-95a6,12,23,Normal
2026-02-15 16:31:47.982232,London-95a6,-11,25,Normal
2026-02-15 16:31:48.982232,London-95a6,41,22,Normal
2026-02-15 16:31:49.982232,London-95a6,19,2,Normal
2026-02-15 16:31:50.982232,London-95a6,-30,48,Normal
2026-02-15 16:31:51.982232,London-95a6,35,70,Normal
2026-02-15 16:31:52.982232,London-95a6,5,50,Normal
2026-02-15 16:31:53.982232,London-95a6,-19,96,Normal
2026-02-15 16:31:54.982232,London-95a6,13,60,Normal
2026-02-15 16:31:55.982232,London-95a6,2,31,Normal
2026-02-15 16:31:56.982232,London-95a6,-30,35,Normal
2026-02-15 16:31:57.982232,London-95a6,-17,61,Normal
2026-02-15 16:31:58.982232,London-95a6,48,2,Normal
2026-02-15 16:31:59.982232,London-95a6,-11,29,Normal
2026-02-15 16:32:00.982232,London-95a6,-10,72,Normal
2026-02-15 16:32:01.982232,London-95a6,4,60,Normal
2026-02-15 16:32:02.982232,London-95a6,-18,39,Normal
2026-02-15 16:32:03.982232,London-95a6,43,31,Normal
2026-02-15 16:32:04.982232,London-95a6,27,72,Normal
2026-02-15 16:32:05.982232,London-95a6,33,71,Normal
2026-02-15 16:32:06.982232,London-95a6,27,45,Normal
2026-02-15 16:32:07.982232,London-95a6,-7,82,Normal
2026-02-15 16:32:08.982232,London-95a6,19,12,Normal
2026-02-15 16:32:09.982232,London-95a6,34,80,Normal
2026-02-15 16:32:10.982232,London-95a6,33,50,Normal
2026-02-15 16:32:11.982232,London-95a6,1,39,Normal
2026-02-15 16:32:12.982232,London-95a6,-17,29,Normal
2026-02-15 16:32:13.982232,London-95a6,13,79,Normal
2026-02-15 16:32:14.982232,London-95a6,12,43,Normal
2026-02-15 16:32:15.982232,London-95a6,49,95,Normal
2026-02-15 16:32:16.982232,London-95a6,0,52,Normal
2026-02-15 16:32:17.982232,London-95a6,50,69,Normal
2026-02-15 16:32:18.982232,London-95a6,-9,12,Normal
2026-02-15 16:32:19.982232,London-95a6,-2,41,Normal
2026-02-15 16:32:20.982232,London-95a6,3,12,Normal
2026-02-15 16:32:21.982232,London-95a6,1,74,Normal
2026-02-15 16:32:22.982232,London-95a6,21,51,Normal
2026-02-15 16:32:23.982232,London-95a6,-28,6,Normal
2026-02-15 16:32:24.982232,London-95a6,-20,19,Normal
2026-02-15 16:32:25.982232,London-95a6,36,82,Normal
2026-02-15 16:32:26.982232,London-95a6,6,89,Normal
2026-02-15 16:32:27.982232,London-95a6,18,12,Normal
2026-02-15 16:32:28.982232,London-95a6,19,79,Normal
2026-02-15 16:32:29.982232,London-95a6,-20,26,Normal
2026-02-15 16:32:30.982232,London-95a6,12,90,Normal
2026-02-15 16:32:31.982232,London-95a6,5,69,Normal
2026-02-15 16:32:32.982232,London-95a6,42,100,Normal
2026-02-15 16:32:33.982232,London-95a6,16,41,Normal
2026-02-15 16:32:34.982232,London-95a6,36,75,Normal
2026-02-15 16:32:35.982232,London-95a6,18,1,Normal
2026-02-15 16:32:36.982232,London-95a6,-28,41,Normal
2026-02-15 16:32:37.982232,London-95a6,18,39,Normal
2026-02-15 16:32:38.982232,London-95a6,-5,12,Normal
2026-02-15 16:32:39.982232,London-95a6,38,66,Normal
2026-02-15 16:32:40.982232,London-95a6,35,41,Normal
2026-02-15 16:32:41.982232,London-95a6,18,97,Normal
2026-02-15 16:32:42.982232,London-95a6,8,79,Normal
2026-02-15 16:32:43.982232,London-95a6,16,17,Normal
2026-02-15 16:32:44.982232,London-95a6,22,18,Normal
2026-02-15 16:32:45.982232,London-95a6,16,31,Normal
2026-02-15 16:32:46.982232,London-95a6,-23,60,Normal
2026-02-15 16:32:47.982232,London-95a6,11,39,Normal
2026-02-15 16:32:48.982232,London-95a6,-7,99,Normal
2026-02-15 16:32:49.982232,London-95a6,14,23,Normal
2026-02-15 16:32:50.982232,London-95a6,50,64,Normal
2026-02-15 16:32:51.982232,London-95a6,-27,33,Normal
2026-02-15 16:32:52.982232,London-95a6,-7,75,Normal
2026-02-15 16:32:53.982232,London-95a6,11,37,Normal
2026-02-15 16:32:54.982232,London-95a6,-7,35,Normal
2026-02-15 16:32:55.982232,London-95a6,-25,8,Normal
2026-02-15 16:32:56.982232,London-95a6,2,43,Normal
2026-02-15 16:32:57.982232,London-95a6,-8,82,Normal
2026-02-15 16:32:58.982232,London-95a6,19,10,Normal
2026-02-15 16:32:59.982232,London-95a6,21,57,Normal
2026-02-15 16:33:00.982232,London-95a6,20,1,Normal
2026-02-15 16:33:01.982232,London-95a6,9,28,Normal
2026-02-15 16:33:02.982232,London-95a6,-30,72,Normal
2026-02-15 16:33:03.982232,London-95a6,40,78,Normal
2026-02-15 16:33:04.982232,London-95a6,17,26,Normal
2026-02-15 16:33:05.982232,London-95a6,14,86,Normal
2026-02-15 16:33:06.982232,London-95a6,30,66,Normal
2026-02-15 16:33:07.982232,London-95a6,-30,56,Normal
2026-02-15 16:33:08.982232,London-95a6,32,9,Normal
2026-02-15 16:33:09.982232,London-95a6,36,52,Normal
2026-02-15 16:33:10.982232,London-95a6,-7,15,Normal
2026-02-15 16:33:11.982232,London-95a6,-17,30,Normal
2026-02-15 16:33:12.982232,London-95a6,30,9,Normal
2026-02-15 16:33:13.982232,London-95a6,-20,56,Normal
2026-02-15 16:33:14.982232,London-95a6,24,34,Normal
2026-02-15 16:33:15.982232,London-95a6,41,22,Normal
2026-02-15 16:33:16.982232,London-95a6,-2,35,Normal
2026-02-15 16:33:17.982232,London-95a6,28,18,Normal
2026-02-15 16:33:18.982232,London-95a6,-28,1,Normal
2026-02-15 16:33:19.982232,London-95a6,26,95,Normal
2026-02-15 16:33:20.982232,London-95a6,-26,78,Normal
2026-02-15 16:33:21.982232,London-95a6,-7,66,Normal
2026-02-15 16:33:22.982232,London-95a6,14,72,Normal
2026-02-15 16:33:23.982232,London-95a6,-8,40,Normal
2026-02-15 16:33:24.982232,London-95a6,38,5,Normal
2026-02-15 16:33:25.982232,London-95a6,-8,71,Normal
2026-02-15 16:33:26.982232,London-95a6,24,63,Normal
2026-02-15 16:33:27.982232,London-95a6,12,89,Normal
2026-02-15 16:33:28.982232,London-95a6,-27,67,Normal
2026-02-15 16:33:29.982232,London-95a6,-18,79,Normal
2026-02-15 16:33:30.982232,London-95a6,17,25,Normal
2026-02-15 16:33:31.982232,London-95a6,2,65,Normal
2026-02-15 16:33:32.982232,London-95a6,-12,48,Normal
2026-02-15 16:33:33.982232,London-95a6,28,63,Normal
2026-02-15 16:33:34.982232,London-95a6,8,76,Normal
2026-02-15 16:33:35.982232,London-95a6,-1,21,Normal
2026-02-15 16:33:36.982232,London-95a6,6,18,Normal
2026-02-15 16:33:37.982232,London-95a6,-9,19,Normal
2026-02-15 16:33:38.982232,London-95a6,-19,82,Normal
2026-02-15 16:33:39.982232,London-95a6,22,12,Normal
2026-02-15 16:33:40.982232,London-95a6,4,64,Normal
2026-02-15 16:33:41.982232,London-95a6,1,36,Normal
2026-02-15 16:33:42.982232,London-95a6,-9,89,Normal
2026-02-15 16:33:43.982232,London-95a6,32,34,Normal
2026-02-15 16:33:44.982232,London-95a6,-7,60,Normal
2026-02-15 16:33:45.982232,London-95a6,29,9,Normal
2026-02-15 16:33:46.982232,London-95a6,13,4,Normal
2026-02-15 16:33:47.982232,London-95a6,16,79,Normal
2026-02-15 16:33:48.982232,London-95a6,29,17,Normal
2026-02-15 16:33:49.982232,London-95a6,-2,37,Normal
2026-02-15 16:33:50.982232,London-95a6,-3,19,Normal
2026-02-15 16:33:51.982232,London-95a6,-8,69,Normal
2026-02-15 16:33:52.982232,London-95a6,20,100,Normal
2026-02-15 16:33:53.982232,London-95a6,19,57,Normal
2026-02-15 16:33:54.982232,London-95a6,-14,86,Normal
2026-02-15 16:33:55.982232,London-95a6,-5,95,Normal
2026-02-15 16:33:56.982232,London-95a6,35,71,Normal
2026-02-15 16:33:57.982232,London-95a6,25,48,Normal
2026-02-15 16:33:58.982232,London-95a6,4,19,Normal
2026-02-15 16:33:59.982232,London-95a6,6,75,Normal
2026-02-15 16:34:00.982232,London-95a6,34,99,Normal
2026-02-15 16:34:01.982232,London-95a6,-3,81,Normal
2026-02-15 16:34:02.982232,London-95a6,14,17,Normal
2026-02-15 16:34:03.982232,London-95a6,-24,66,Normal
2026-02-15 16:34:04.982232,London-95a6,16,7,Normal
2026-02-15 16:34:05.982232,London-95a6,-13,75,Normal
2026-02-15 16:34:06.982232,London-95a6,4,1,Normal
2026-02-15 16:34:07.982232,London-95a6,5,90,Normal
2026-02-15 16:34:08.982232,London-95a6,-26,26,Normal
2026-02-15 16:34:09.982232,London-95a6,50,10,Normal
2026-02-15 16:34:10.982232,London-95a6,27,95,Normal
2026-02-15 16:34:11.982232,London-95a6,27,30,Normal
2026-02-15 16:34:12.982232,London-95a6,46,81,Normal
2026-02-15 16:34:13.982232,London-95a6,46,28,Normal
2026-02-15 16:34:14.982232,London-95a6,3,78,Normal
2026-02-15 16:34:15.982232,London-95a6,13,85,Normal
2026-02-15 16:34:16.982232,London-95a6,13,45,Normal
2026-02-15 16:34:17.982232,London-95a6,-3,63,Normal
2026-02-15 16:34:18.982232,London-95a6,13,15,Normal
2026-02-15 16:34:19.982232,London-95a6,18,13,Normal
2026-02-15 16:34:20.982232,London-95a6,-23,51,Normal
2026-02-15 16:34:21.982232,London-95a6,33,81,Normal
2026-02-15 16:34:22.982232,London-95a6,11,95,Normal
2026-02-15 16:34:23.982232,London-95a6,-21,54,Normal
2026-02-15 16:34:24.982232,London-95a6,5,50,Normal
2026-02-15 16:34:25.982232,London-95a6,27,43,Normal
2026-02-15 16:34:26.982232,London-95a6,47,77,Normal
2026-02-15 16:34:27.982232,London-95a6,-27,100,Normal
2026-02-15 16:34:28.982232,London-95a6,37,41,Normal
2026-02-15 16:34:29.982232,London-95a6,23,44,Normal
2026-02-15 16:34:30.982232,London-95a6,-26,12,Normal
2026-02-15 16:34:31.982232,London-95a6,41,83,Normal
2026-02-15 16:34:32.982232,London-95a6,-10,1,Normal
2026-02-15 16:34:33.982232,London-95a6,6,64,Normal
2026-02-15 16:34:34.982232,London-95a6,34,93,Normal
2026-02-15 16:34:35.982232,London-95a6,15,37,Normal
2026-02-15 16:34:36.982232,London-95a6,25,75,Normal
2026-02-15 16:34:37.982232,London-95a6,-1,91,Normal
2026-02-15 16:34:38.982232,London-95a6,-22,100,Normal
2026-02-15 16:34:39.982232,London-95a6,20,44,Normal
2026-02-15 16:34:40.982232,London-95a6,16,43,Normal
2026-02-15 16:34:41.982232,London-95a6,-16,56,Normal
2026-02-15 16:34:42.982232,London-95a6,-27,97,Normal
2026-02-15 16:34:43.982232,London-95a6,19,88,Normal
2026-02-15 16:34:44.982232,London-95a6,-14,38,Normal
2026-02-15 16:34:45.982232,London-95a6,-3,65,Normal
2026-02-15 16:34:46.982232,London-95a6,15,66,Normal
2026-02-15 16:34:47.982232,London-95a6,3,51,Normal
2026-02-15 16:34:48.982232,London-95a6,21,37,Normal
2026-02-15 16:34:49.982232,London-95a6,-16,60,Normal
2026-02-15 16:34:50.982232,London-95a6,45,87,Normal
2026-02-15 16:34:51.982232,London-95a6,8,53,Normal
2026-02-15 16:34:52.982232,London-95a6,9,77,Normal
2026-02-15 16:34:53.982232,London-95a6,-7,13,Normal
2026-02-15 16:34:54.982232,London-95a6,22,43,Normal
2026-02-15 16:34:55.982232,London-95a6,34,30,Normal
2026-02-15 16:34:56.982232,London-95a6,36,43,Normal
2026-02-15 16:34:57.982232,London-95a6,-30,95,Normal
2026-02-15 16:34:58.982232,London-95a6,39,78,Normal
2026-02-15 16:34:59.982232,London-95a6,23,49,Normal
2026-02-15 16:35:00.982232,London-95a6,0,12,Normal
2026-02-15 16:35:01.982232,London-95a6,11,65,Normal
2026-02-15 16:35:02.982232,London-95a6,37,99,Normal
2026-02-15 16:35:03.982232,London-95a6,34,69,Normal
2026-02-15 16:35:04.982232,London-95a6,0,53,Normal
2026-02-15 16:35:05.982232,London-95a6,20,9,Normal
2026-02-15 16:35:06.982232,London-95a6,6,12,Normal
2026-02-15 16:35:07.982232,London-95a6,0,83,Normal
2026-02-15 16:35:08.982232,London-95a6,-10,42,Normal
2026-02-15 16:35:09.982232,London-95a6,38,58,Normal
2026-02-15 16:35:10.982232,London-95a6,-14,38,Normal
2026-02-15 16:35:11.982232,London-95a6,-30,98,Normal
2026-02-15 16:35:12.982232,London-95a6,49,30,Normal
2026-02-15 16:35:13.982232,London-95a6,1,47,Normal
2026-02-15 16:35:14.982232,London-95a6,20,95,Normal
2026-02-15 16:35:15.982232,London-95a6,22,52,Normal
2026-02-15 16:35:16.982232,London-95a6,-22,79,Normal
2026-02-15 16:35:17.982232,London-95a6,12,86,Normal
2026-02-15 16:35:18.982232,London-95a6,9,75,Normal
2026-02-15 16:35:19.982232,London-95a6,37,41,Normal
2026-02-15 16:35:20.982232,London-95a6,-24,73,Normal
2026-02-15 16:35:21.982232,London-95a6,42,27,Normal
2026-02-15 16:35:22.982232,London-95a6,-26,14,Normal
2026-02-15 16:35:23.982232,London-95a6,-22,16,Normal
2026-02-15 16:35:24.982232,London-95a6,-25,21,Normal
2026-02-15 16:35:25.982232,London-95a6,-11,82,Normal
2026-02-15 16:35:26.982232,London-95a6,11,91,Normal
2026-02-15 16:35:27.982232,London-95a6,8,37,Normal
2026-02-15 16:35:28.982232,London-95a6,46,100,Normal
2026-02-15 16:35:29.982232,London-95a6,19,30,Normal
2026-02-15 16:35:30.982232,London-95a6,2,72,Normal
2026-02-15 16:35:31.982232,London-95a6,48,90,Normal
2026-02-15 16:35:32.982232,London-95a6,-11,67,Normal
2026-02-15 16:35:33.982232,London-95a6,25,59,Normal
2026-02-15 16:35:34.982232,London-95a6,-2,94,Normal
2026-02-15 16:35:35.982232,London-95a6,16,4,Normal
2026-02-15 16:35:36.982232,London-95a6,31,89,Normal
2026-02-15 16:35:37.982232,London-95a6,41,35,Normal
2026-02-15 16:35:38.982232,London-95a6,36,39,Normal
2026-02-15 16:35:39.982232,London-95a6,23,27,Normal
2026-02-15 16:35:40.982232,London-95a6,36,49,Normal
2026-02-15 16:35:41.982232,London-95a6,-17,65,Normal
2026-02-15 16:35:42.982232,London-95a6,16,45,Normal
2026-02-15 16:35:43.982232,London-95a6,9,3,Normal
2026-02-15 16:35:44.982232,London-95a6,-7,84,Normal
2026-02-15 16:35:45.982232,London-95a6,37,30,Normal
2026-02-15 16:35:46.982232,London-95a6,-3,26,Normal
2026-02-15 16:35:47.982232,London-95a6,-2,5,Normal
2026-02-15 16:35:48.982232,London-95a6,-29,32,Normal
2026-02-15 16:35:49.982232,London-95a6,-2,58,Normal
2026-02-15 16:35:50.982232,London-95a6,-11,83,Normal
2026-02-15 16:35:51.982232,London-95a6,-8,70,Normal
2026-02-15 16:35:52.982232,London-95a6,40,73,Normal
2026-02-15 16:35:53.982232,London-95a6,44,35,Normal
2026-02-15 16:35:54.982232,London-95a6,9,19,Normal
2026-02-15 16:35:55.982232,London-95a6,16,38,Normal
2026-02-15 16:35:56.982232,London-95a6,1,13,Normal
2026-02-15 16:35:57.982232,London-95a6,-1,15,Normal
2026-02-15 16:35:58.982232,London-95a6,27,84,Normal
2026-02-15 16:35:59.982232,London-95a6,-18,100,Normal
2026-02-15 16:36:00.982232,London-95a6,-10,3,Normal
2026-02-15 16:36:01.982232,London-95a6,-21,22,Normal
2026-02-15 16:36:02.982232,London-95a6,7,81,Normal
2026-02-15 16:36:03.982232,London-95a6,-9,62,Normal
2026-02-15 16:36:04.982232,London-95a6,-2,21,Normal
2026-02-15 16:36:05.982232,London-95a6,16,74,Normal
2026-02-15 16:36:06.982232,London-95a6,50,46,Normal
2026-02-15 16:36:07.982232,London-95a6,45,6,Normal
2026-02-15 16:36:08.982232,London-95a6,48,19,Normal
2026-02-15 16:36:09.982232,London-95a6,-21,36,Normal
2026-02-15 16:36:10.982232,London-95a6,-2,22,Normal
2026-02-15 16:36:11.982232,London-95a6,27,49,Normal
2026-02-15 16:36:12.982232,London-95a6,-18,70,Normal
2026-02-15 16:36:13.982232,London-95a6,20,39,Normal
2026-02-15 16:36:14.982232,London-95a6,-19,69,Normal
2026-02-15 16:36:15.982232,London-95a6,8,20,Normal
2026-02-15 16:36:16.982232,London-95a6,-25,48,Normal
2026-02-15 16:36:17.982232,London-95a6,7,95,Normal
2026-02-15 16:36:18.982232,London-95a6,38,72,Normal
2026-02-15 16:36:19.982232,London-95a6,39,39,Normal
2026-02-15 16:36:20.982232,London-95a6,-10,5,Normal
2026-02-15 16:36:21.982232,London-95a6,-5,80,Normal
2026-02-15 16:36:22.982232,London-95a6,-8,24,Normal
2026-02-15 16:36:23.982232,London-95a6,-8,42,Normal
2026-02-15 16:36:24.982232,London-95a6,-29,73,Normal
2026-02-15 16:36:25.982232,London-95a6,-12,17,Normal
2026-02-15 16:36:26.982232,London-95a6,27,98,Normal
2026-02-15 16:36:27.982232,London-95a6,14,48,Normal
2026-02-15 16:36:28.982232,London-95a6,30,4,Normal
2026-02-15 16:36:29.982232,London-95a6,2,51,Normal
2026-02-15 16:36:30.982232,London-95a6,-13,86,Normal
2026-02-15 16:36:31.982232,London-95a6,49,84,Normal
2026-02-15 16:36:32.982232,London-95a6,5,74,Normal
2026-02-15 16:36:33.982232,London-95a6,-13,53,Normal
2026-02-15 16:36:34.982232,London-95a6,14,4,Normal
2026-02-15 16:36:35.982232,London-95a6,21,92,Normal
2026-02-15 16:36:36.982232,London-95a6,-18,8,Normal
2026-02-15 16:36:37.982232,London-95a6,27,86,Normal
2026-02-15 16:36:38.982232,London-95a6,14,55,Normal
2026-02-15 16:36:39.982232,London-95a6,-11,96,Normal
2026-02-15 16:36:40.982232,London-95a6,35,66,Normal
2026-02-15 16:36:41.982232,London-95a6,22,21,Normal
2026-02-15 16:36:42.982232,London-95a6,34,38,Normal
2026-02-15 16:36:43.982232,London-95a6,-13,75,Normal
2026-02-15 16:36:44.982232,London-95a6,35,80,Normal
2026-02-15 16:36:45.982232,London-95a6,2,25,Normal
2026-02-15 16:36:46.982232,London-95a6,35,79,Normal
2026-02-15 16:36:47.982232,London-95a6,35,100,Normal
2026-02-15 16:36:48.982232,London-95a6,23,65,Normal
2026-02-15 16:36:49.982232,London-95a6,15,99,Normal
2026-02-15 16:36:50.982232,London-95a6,38,70,Normal
2026-02-15 16:36:51.982232,London-95a6,-6,7,Normal
2026-02-15 16:36:52.982232,London-95a6,2,61,Normal
2026-02-15 16:36:53.982232,London-95a6,6,72,Normal
2026-02-15 16:36:54.982232,London-95a6,-3,34,Normal
2026-02-15 16:36:55.982232,London-95a6,-8,56,Normal
2026-02-15 16:36:56.982232,London-95a6,25,20,Normal
2026-02-15 16:36:57.982232,London-95a6,25,92,Normal
2026-02-15 16:36:58.982232,London-95a6,45,83,Normal
2026-02-15 16:36:59.982232,London-95a6,44,77,Normal
2026-02-15 16:37:00.982232,London-95a6,5,6,Normal
2026-02-15 16:37:01.982232,London-95a6,49,1,Normal
2026-02-15 16:37:02.982232,London-95a6,4,13,Normal
2026-02-15 16:37:03.982232,London-95a6,34,100,Normal
2026-02-15 16:37:04.982232,London-95a6,30,18,Normal
2026-02-15 16:37:05.982232,London-95a6,-7,11,Normal
2026-02-15 16:37:06.982232,London-95a6,-13,93,Normal
2026-02-15 16:37:07.982232,London-95a6,-25,77,Normal
2026-02-15 16:37:08.982232,London-95a6,-25,56,Normal
2026-02-15 16:37:09.982232,London-95a6,18,80,Normal
2026-02-15 16:37:10.982232,London-95a6,50,15,Normal
2026-02-15 16:37:11.982232,London-95a6,26,22,Normal
2026-02-15 16:37:12.982232,London-95a6,16,13,Normal
2026-02-15 16:37:13.982232,London-95a6,-30,92,Normal
2026-02-15 16:37:14.982232,London-95a6,3,3,Normal
2026-02-15 16:37:15.982232,London-95a6,24,69,Normal
2026-02-15 16:37:16.982232,London-95a6,-7,90,Normal
2026-02-15 16:37:17.982232,London-95a6,35,56,Normal
2026-02-15 16:37:18.982232,London-95a6,30,96,Normal
2026-02-15 16:37:19.982232,London-95a6,35,59,Normal
2026-02-15 16:37:20.982232,London-95a6,-10,32,Normal
2026-02-15 16:37:21.982232,London-95a6,-18,9,Normal
2026-02-15 16:37:22.982232,London-95a6,35,53,Normal
2026-02-15 16:37:23.982232,London-95a6,-19,88,Normal
2026-02-15 16:37:24.982232,London-95a6,-17,11,Normal
2026-02-15 16:37:25.982232,London-95a6,-9,68,Normal
2026-02-15 16:37:26.982232,London-95a6,-4,47,Normal
2026-02-15 16:37:27.982232,London-95a6,31,56,Normal
2026-02-15 16:37:28.982232,London-95a6,20,35,Normal
2026-02-15 16:37:29.982232,London-95a6,1,86,Normal
2026-02-15 16:37:30.982232,London-95a6,-19,71,Normal
2026-02-15 16:37:31.982232,London-95a6,-3,16,Normal
2026-02-15 16:37:32.982232,London-95a6,9,75,Normal
2026-02-15 16:37:33.982232,London-95a6,43,52,Normal
2026-02-15 16:37:34.982232,London-95a6,29,2,Normal
2026-02-15 16:37:35.982232,London-95a6,44,67,Normal
2026-02-15 16:37:36.982232,London-95a6,37,74,Normal
2026-02-15 16:37:37.982232,London-95a6,-11,56,Normal
2026-02-15 16:37:38.982232,London-95a6,-15,5,Normal
2026-02-15 16:37:39.982232,London-95a6,-7,56,Normal
2026-02-15 16:37:40.982232,London-95a6,17,47,Normal
2026-02-15 16:37:41.982232,London-95a6,25,97,Normal
2026-02-15 16:37:42.982232,London-95a6,21,30,Normal
2026-02-15 16:37:43.982232,London-95a6,26,55,Normal
2026-02-15 16:37:44.982232,London-95a6,26,86,Normal
2026-02-15 16:37:45.982232,London-95a6,-13,82,Normal
2026-02-15 16:37:46.982232,London-95a6,-5,48,Normal
2026-02-15 16:37:47.982232,London-95a6,19,29,Normal
2026-02-15 16:37:48.982232,London-95a6,9,71,Normal
2026-02-15 16:37:49.982232,London-95a6,24,6,Normal
2026-02-15 16:37:50.982232,London-95a6,31,10,Normal
2026-02-15 16:37:51.982232,London-95a6,29,64,Normal
2026-02-15 16:37:52.982232,London-95a6,43,42,Normal
2026-02-15 16:37:53.982232,London-95a6,13,44,Normal
2026-02-15 16:37:54.982232,London-95a6,24,83,Normal
2026-02-15 16:37:55.982232,London-95a6,1,43,Normal
2026-02-15 16:37:56.982232,London-95a6,27,100,Normal
2026-02-15 16:37:57.982232,London-95a6,-20,24,Normal
2026-02-15 16:37:58.982232,London-95a6,-4,81,Normal
2026-02-15 16:37:59.982232,London-95a6,36,33,Normal
2026-02-15 16:38:00.982232,London-95a6,20,27,Normal
2026-02-15 16:38:01.982232,London-95a6,1,45,Normal
2026-02-15 16:38:02.982232,London-95a6,-12,71,Normal
2026-02-15 16:38:03.982232,London-95a6,19,62,Normal
2026-02-15 16:38:04.982232,London-95a6,32,68,Normal
2026-02-15 16:38:05.982232,London-95a6,3,32,Normal
2026-02-15 16:38:06.982232,London-95a6,27,23,Normal
2026-02-15 16:38:07.982232,London-95a6,5,33,Normal
2026-02-15 16:38:08.982232,London-95a6,28,60,Normal
2026-02-15 16:38:09.982232,London-95a6,17,74,Normal
2026-02-15 16:38:10.982232,London-95a6,42,68,Normal
2026-02-15 16:38:11.982232,London-95a6,-8,60,Normal
2026-02-15 16:38:12.982232,London-95a6,42,65,Normal
2026-02-15 16:38:13.982232,London-95a6,18,95,Normal
2026-02-15 16:38:14.982232,London-95a6,-1,2,Normal
2026-02-15 16:38:15.982232,London-95a6,29,82,Normal
2026-02-15 16:38:16.982232,London-95a6,-4,39,Normal
2026-02-15 16:38:17.982232,London-95a6,8,86,Normal
2026-02-15 16:38:18.982232,London-95a6,-21,44,Normal
2026-02-15 16:38:19.982232,London-95a6,-22,11,Normal
2026-02-15 16:38:20.982232,London-95a6,-25,15,Normal
2026-02-15 16:38:21.982232,London-95a6,0,57,Normal
2026-02-15 16:38:22.982232,London-95a6,5,93,Normal
2026-02-15 16:38:23.982232,London-95a6,20,7,Normal
2026-02-15 16:38:24.982232,London-95a6,4,28,Normal
2026-02-15 16:38:25.982232,London-95a6,38,79,Normal
2026-02-15 16:38:26.982232,London-95a6,-25,9,Normal
2026-02-15 16:38:27.982232,London-95a6,28,14,Normal
2026-02-15 16:38:28.982232,London-95a6,-6,57,Normal
2026-02-15 16:38:29.982232,London-95a6,-17,1,Normal
2026-02-15 16:38:30.982232,London-95a6,-1,69,Normal
2026-02-15 16:38:31.982232,London-95a6,-8,75,Normal
2026-02-15 16:38:32.982232,London-95a6,-18,62,Normal
2026-02-15 16:38:33.982232,London-95a6,26,22,Normal
2026-02-15 16:38:34.982232,London-95a6,46,75,Normal
2026-02-15 16:38:35.982232,London-95a6,-1,76,Normal
2026-02-15 16:38:36.982232,London-95a6,39,95,Normal
2026-02-15 16:38:37.982232,London-95a6,29,57,Normal
2026-02-15 16:38:38.982232,London-95a6,1,48,Normal
2026-02-15 16:38:39.982232,London-95a6,4,86,Normal
2026-02-15 16:38:40.982232,London-95a6,-29,89,Normal
2026-02-15 16:38:41.982232,London-95a6,-10,57,Normal
2026-02-15 16:38:42.982232,London-95a6,44,99,Normal
2026-02-15 16:38:43.982232,London-95a6,-13,88,Normal
2026-02-15 16:38:44.982232,London-95a6,45,86,Normal
2026-02-15 16:38:45.982232,London-95a6,1,2,Normal
2026-02-15 16:38:46.982232,London-95a6,16,100,Normal
2026-02-15 16:38:47.982232,London-95a6,38,49,Normal
2026-02-15 16:38:48.982232,London-95a6,12,31,Normal
2026-02-15 16:38:49.982232,London-95a6,-13,35,Normal
2026-02-15 16:38:50.982232,London-95a6,1,0,Normal
2026-02-15 16:38:51.982232,London-95a6,32,79,Normal
2026-02-15 16:38:52.982232,London-95a6,-1,56,Normal
2026-02-15 16:38:53.982232,London-95a6,-28,82,Normal
2026-02-15 16:38:54.982232,London-95a6,3,23,Normal
2026-02-15 16:38:55.982232,London-95a6,21,52,Normal
2026-02-15 16:38:56.982232,London-95a6,5,8,Normal
2026-02-15 16:38:57.982232,London-95a6,30,79,Normal
2026-02-15 16:38:58.982232,London-95a6,14,65,Normal
2026-02-15 16:38:59.982232,London-95a6,-20,62,Normal
2026-02-15 16:39:00.982232,London-95a6,4,83,Normal
2026-02-15 16:39:01.982232,London-95a6,-16,74,Normal
2026-02-15 16:39:02.982232,London-95a6,49,74,Normal
2026-02-15 16:39:03.982232,London-95a6,6,6,Normal
2026-02-15 16:39:04.982232,London-95a6,-4,64,Normal
2026-02-15 16:39:05.982232,London-95a6,47,20,Normal
2026-02-15 16:39:06.982232,London-95a6,-20,77,Normal
2026-02-15 16:39:07.982232,London-95a6,15,45,Normal
2026-02-15 16:39:08.982232,London-95a6,43,42,Normal
2026-02-15 16:39:09.982232,London-95a6,13,53,Normal
2026-02-15 16:39:10.982232,London-95a6,-21,8,Normal
2026-02-15 16:39:11.982232,London-95a6,30,33,Normal
2026-02-15 16:39:12.982232,London-95a6,30,68,Normal
2026-02-15 16:39:13.982232,London-95a6,21,37,Normal
2026-02-15 16:39:14.982232,London-95a6,45,25,Normal
2026-02-15 16:39:15.982232,London-95a6,-19,32,Normal
2026-02-15 16:39:16.982232,London-95a6,35,79,Normal
2026-02-15 16:39:17.982232,London-95a6,33,11,Normal
2026-02-15 16:39:18.982232,London-95a6,38,95,Normal
2026-02-15 16:39:19.982232,London-95a6,5,40,Normal
2026-02-15 16:39:20.982232,London-95a6,9,5,Normal
2026-02-15 16:39:21.982232,London-95a6,10,1,Normal
2026-02-15 16:39:22.982232,London-95a6,-29,3,Normal
2026-02-15 16:39:23.982232,London-95a6,-5,95,Normal
2026-02-15 16:39:24.982232,London-95a6,33,0,Normal
2026-02-15 16:39:25.982232,London-95a6,42,99,Normal
2026-02-15 16:39:26.982232,London-95a6,-2,53,Normal
2026-02-15 16:39:27.982232,London-95a6,28,77,Normal
2026-02-15 16:39:28.982232,London-95a6,46,11,Normal
2026-02-15 16:39:29.982232,London-95a6,-12,95,Normal
2026-02-15 16:39:30.982232,London-95a6,44,70,Normal
2026-02-15 16:39:31.982232,London-95a6,0,83,Normal
2026-02-15 16:39:32.982232,London-95a6,40,51,Normal
2026-02-15 16:39:33.982232,London-95a6,-6,94,Normal
2026-02-15 16:39:34.982232,London-95a6,21,66,Normal
2026-02-15 16:39:35.982232,London-95a6,47,26,Normal
2026-02-15 16:39:36.982232,London-95a6,-15,29,Normal
2026-02-15 16:39:37.982232,London-95a6,45,26,Normal
2026-02-15 16:39:38.982232,London-95a6,2,100,Normal
2026-02-15 16:39:39.982232,London-95a6,-21,58,Normal
2026-02-15 16:39:40.982232,London-95a6,22,65,Normal
2026-02-15 16:39:41.982232,London-95a6,44,2,Normal
2026-02-15 16:39:42.982232,London-95a6,23,25,Normal
2026-02-15 16:39:43.982232,London-95a6,-3,7,Normal
2026-02-15 16:39:44.982232,London-95a6,9,36,Normal
2026-02-15 16:39:45.982232,London-95a6,-12,29,Normal
2026-02-15 16:39:46.982232,London-95a6,-8,18,Normal
2026-02-15 16:39:47.982232,London-95a6,0,2,Normal
2026-02-15 16:39:48.982232,London-95a6,14,48,Normal
2026-02-15 16:39:49.982232,London-95a6,-4,74,Normal
2026-02-15 16:39:50.982232,London-95a6,32,45,Normal
2026-02-15 16:39:51.982232,London-95a6,-7,24,Normal
2026-02-15 16:39:52.982232,London-95a6,22,47,Normal
2026-02-15 16:39:53.982232,London-95a6,-8,39,Normal
2026-02-15 16:39:54.982232,London-95a6,19,46,Normal
2026-02-15 16:39:55.982232,London-95a6,15,28,Normal
2026-02-15 16:39:56.982232,London-95a6,36,75,Normal
2026-02-15 16:39:57.982232,London-95a6,35,99,Normal
2026-02-15 16:39:58.982232,London-95a6,26,80,Normal
2026-02-15 16:39:59.982232,London-95a6,15,99,Normal
2026-02-15 16:40:00.982232,London-95a6,27,32,Normal
2026-02-15 16:40:01.982232,London-95a6,-15,53,Normal
2026-02-15 16:40:02.982232,London-95a6,31,18,Normal
2026-02-15 16:40:03.982232,London-95a6,39,85,Normal
2026-02-15 16:40:04.982232,London-95a6,33,43,Normal
2026-02-15 16:40:05.982232,London-95a6,31,62,Normal
2026-02-15 16:40:06.982232,London-95a6,-3,65,Normal
2026-02-15 16:40:07.982232,London-95a6,35,91,Normal
2026-02-15 16:40:08.982232,London-95a6,33,51,Normal
2026-02-15 16:40:09.982232,London-95a6,-29,58,Normal
2026-02-15 16:40:10.982232,London-95a6,15,20,Normal
2026-02-15 16:40:11.982232,London-95a6,-9,11,Normal
2026-02-15 16:40:12.982232,London-95a6,1,67,Normal
2026-02-15 16:40:13.982232,London-95a6,-6,15,Normal
2026-02-15 16:40:14.982232,London-95a6,40,34,Normal
2026-02-15 16:40:15.982232,London-95a6,-13,87,Normal
2026-02-15 16:40:16.982232,London-95a6,48,51,Normal
2026-02-15 16:40:17.982232,London-95a6,-1,41,Normal
2026-02-15 16:40:18.982232,London-95a6,37,39,Normal
2026-02-15 16:40:19.982232,London-95a6,26,62,Normal
2026-02-15 16:40:20.982232,London-95a6,-24,81,Normal
2026-02-15 16:40:21.982232,London-95a6,-12,10,Normal
2026-02-15 16:40:22.982232,London-95a6,21,83,Normal
2026-02-15 16:40:23.982232,London-95a6,9,92,Normal
2026-02-15 16:40:24.982232,London-95a6,-29,23,Normal
2026-02-15 16:40:25.982232,London-95a6,-13,52,Normal
2026-02-15 16:40:26.982232,London-95a6,45,74,Normal
2026-02-15 16:40:27.982232,London-95a6,35,97,Normal
2026-02-15 16:40:28.982232,London-95a6,-22,16,Normal
2026-02-15 16:40:29.982232,London-95a6,15,11,Normal
2026-02-15 16:40:30.982232,London-95a6,-2,9,Normal
2026-02-15 16:40:31.982232,London-95a6,15,73,Normal
2026-02-15 16:40:32.982232,London-95a6,49,61,Normal
2026-02-15 16:40:33.982232,London-95a6,14,39,Normal
2026-02-15 16:40:34.982232,London-95a6,22,57,Normal
2026-02-15 16:40:35.982232,London-95a6,-19,43,Normal
2026-02-15 16:40:36.982232,London-95a6,34,20,Normal
2026-02-15 16:40:37.982232,London-95a6,-20,13,Normal
2026-02-15 16:40:38.982232,London-95a6,23,95,Normal
2026-02-15 16:40:39.982232,London-95a6,1,2,Normal
2026-02-15 16:40:40.982232,London-95a6,39,8,Normal
2026-02-15 16:40:41.982232,London-95a6,-24,60,Normal
2026-02-15 16:40:42.982232,London-95a6,-16,43,Normal
2026-02-15 16:40:43.982232,London-95a6,-16,100,Normal
2026-02-15 16:40:44.982232,London-95a6,37,79,Normal
2026-02-15 16:40:45.982232,London-95a6,34,66,Normal
2026-02-15 16:40:46.982232,London-95a6,-17,66,Normal
2026-02-15 16:40:47.982232,London-95a6,-28,14,Normal
2026-02-15 16:40:48.982232,London-95a6,1,43,Normal
2026-02-15 16:40:49.982232,London-95a6,32,70,Normal
2026-02-15 16:40:50.982232,London-95a6,15,52,Normal
2026-02-15 16:40:51.982232,London-95a6,19,95,Normal
2026-02-15 16:40:52.982232,London-95a6,44,17,Normal
2026-02-15 16:40:53.982232,London-95a6,42,61,Normal
2026-02-15 16:40:54.982232,London-95a6,-3,59,Normal
2026-02-15 16:40:55.982232,London-95a6,-30,97,Normal
2026-02-15 16:40:56.982232,London-95a6,10,13,Normal
2026-02-15 16:40:57.982232,London-95a6,39,99,Normal
2026-02-15 16:40:58.982232,London-95a6,24,2,Normal
2026-02-15 16:40:59.982232,London-95a6,-4,34,Normal
2026-02-15 16:41:00.982232,London-95a6,5,91,Normal
2026-02-15 16:41:01.982232,London-95a6,-9,60,Normal
2026-02-15 16:41:02.982232,London-95a6,46,79,Normal
2026-02-15 16:41:03.982232,London-95a6,10,35,Normal
2026-02-15 16:41:04.982232,London-95a6,39,88,Normal
2026-02-15 16:41:05.982232,London-95a6,18,6,Normal
2026-02-15 16:41:06.982232,London-95a6,39,46,Normal
2026-02-15 16:41:07.982232,London-95a6,25,42,Normal
2026-02-15 16:41:08.982232,London-95a6,28,80,Normal
2026-02-15 16:41:09.982232,London-95a6,-23,20,Normal
2026-02-15 16:41:10.982232,London-95a6,-12,7,Normal
2026-02-15 16:41:11.982232,London-95a6,-19,76,Normal
2026-02-15 16:41:12.982232,London-95a6,8,26,Normal
2026-02-15 16:41:13.982232,London-95a6,-9,38,Normal
2026-02-15 16:41:14.982232,London-95a6,34,49,Normal
2026-02-15 16:41:15.982232,London-95a6,30,10,Normal
2026-02-15 16:41:16.982232,London-95a6,14,33,Normal
2026-02-15 16:41:17.982232,London-95a6,7,70,Normal
2026-02-15 16:41:18.982232,London-95a6,41,20,Normal
2026-02-15 16:41:19.982232,London-95a6,20,21,Normal
2026-02-15 16:41:20.982232,London-95a6,-10,24,Normal
2026-02-15 16:41:21.982232,London-95a6,-6,5,Normal
2026-02-15 16:41:22.982232,London-95a6,-9,59,Normal
2026-02-15 16:41:23.982232,London-95a6,-8,37,Normal
2026-02-15 16:41:24.982232,London-95a6,8,41,Normal
2026-02-15 16:41:25.982232,London-95a6,9,70,Normal
2026-02-15 16:41:26.982232,London-95a6,5,10,Normal
2026-02-15 16:41:27.982232,London-95a6,49,72,Normal
2026-02-15 16:41:28.982232,London-95a6,43,71,Normal
2026-02-15 16:41:29.982232,London-95a6,50,100,Normal
2026-02-15 16:41:30.982232,London-95a6,-12,6,Normal
2026-02-15 16:41:31.982232,London-95a6,-23,35,Normal
2026-02-15 16:41:32.982232,London-95a6,17,76,Normal
2026-02-15 16:41:33.982232,London-95a6,5,90,Normal
2026-02-15 16:41:34.982232,London-95a6,-28,90,Normal
2026-02-15 16:41:35.982232,London-95a6,30,12,Normal
2026-02-15 16:41:36.982232,London-95a6,-7,77,Normal
2026-02-15 16:41:37.982232,London-95a6,-25,71,Normal
2026-02-15 16:41:38.982232,London-95a6,-21,69,Normal
2026-02-15 16:41:39.982232,London-95a6,-24,65,Normal
2026-02-15 16:41:40.982232,London-95a6,33,36,Normal
2026-02-15 16:41:41.982232,London-95a6,49,1,Normal
2026-02-15 16:41:42.982232,London-95a6,-27,0,Normal
2026-02-15 16:41:43.982232,London-95a6,-4,42,Normal
2026-02-15 16:41:44.982232,London-95a6,-21,26,Normal
2026-02-15 16:41:45.982232,London-95a6,0,17,Normal
2026-02-15 16:41:46.982232,London-95a6,-3,73,Normal
2026-02-15 16:41:47.982232,London-95a6,-8,88,Normal
2026-02-15 16:41:48.982232,London-95a6,-19,20,Normal
2026-02-15 16:41:49.982232,London-95a6,37,6,Normal
2026-02-15 16:41:50.982232,London-95a6,41,40,Normal
2026-02-15 16:41:51.982232,London-95a6,-16,48,Normal
2026-02-15 16:41:52.982232,London-95a6,33,47,Normal
2026-02-15 16:41:53.982232,London-95a6,-2,78,Normal
2026-02-15 16:41:54.982232,London-95a6,2,61,Normal
2026-02-15 16:41:55.982232,London-95a6,17,93,Normal
2026-02-15 16:41:56.982232,London-95a6,-15,26,Normal
2026-02-15 16:41:57.982232,London-95a6,30,28,Normal
2026-02-15 16:41:58.982232,London-95a6,-7,75,Normal
2026-02-15 16:41:59.982232,London-95a6,24,88,Normal
2026-02-15 16:42:00.982232,London-95a6,-14,76,Normal
2026-02-15 16:42:01.982232,London-95a6,32,57,Normal
2026-02-15 16:42:02.982232,London-95a6,-7,49,Normal
2026-02-15 16:42:03.982232,London-95a6,5,76,Normal
2026-02-15 16:42:04.982232,London-95a6,-11,17,Normal
2026-02-15 16:42:05.982232,London-95a6,22,42,Normal
2026-02-15 16:42:06.982232,London-95a6,28,81,Normal
2026-02-15 16:42:07.982232,London-95a6,3,85,Normal
2026-02-15 16:42:08.982232,London-95a6,-18,16,Normal
2026-02-15 16:42:09.982232,London-95a6,8,97,Normal
2026-02-15 16:42:10.982232,London-95a6,48,80,Normal
2026-02-15 16:42:11.982232,London-95a6,11,0,Normal
2026-02-15 16:42:12.982232,London-95a6,41,98,Normal
2026-02-15 16:42:13.982232,London-95a6,33,16,Normal
2026-02-15 16:42:14.982232,London-95a6,20,36,Normal
2026-02-15 16:42:15.982232,London-95a6,38,99,Normal
2026-02-15 16:42:16.982232,London-95a6,-3,0,Normal
2026-02-15 16:42:17.982232,London-95a6,33,56,Normal
2026-02-15 16:42:18.982232,London-95a6,-27,99,Normal
2026-02-15 16:42:19.982232,London-95a6,-9,90,Normal
2026-02-15 16:42:20.982232,London-95a6,4,55,Normal
2026-02-15 16:42:21.982232,London-95a6,14,55,Normal
2026-02-15 16:42:22.982232,London-95a6,14,35,Normal
2026-02-15 16:42:23.982232,London-95a6,25,77,Normal
2026-02-15 16:42:24.982232,London-95a6,-29,72,Normal
2026-02-15 16:42:25.982232,London-95a6,-24,21,Normal
2026-02-15 16:42:26.982232,London-95a6,46,34,Normal
2026-02-15 16:42:27.982232,London-95a6,-23,24,Normal
2026-02-15 16:42:28.982232,London-95a6,-12,61,Normal
2026-02-15 16:42:29.982232,London-95a6,-8,34,Normal
2026-02-15 16:42:30.982232,London-95a6,37,51,Normal
2026-02-15 16:42:31.982232,London-95a6,-12,58,Normal
2026-02-15 16:42:32.982232,London-95a6,27,18,Normal
2026-02-15 16:42:33.982232,London-95a6,-26,72,Normal
2026-02-15 16:42:34.982232,London-95a6,-4,51,Normal
2026-02-15 16:42:35.982232,London-95a6,-18,53,Normal
2026-02-15 16:42:36.982232,London-95a6,7,96,Normal
2026-02-15 16:42:37.982232,London-95a6,3,13,Normal
2026-02-15 16:42:38.982232,London-95a6,18,95,Normal
2026-02-15 16:42:39.982232,London-95a6,32,74,Normal
2026-02-15 16:42:40.982232,London-95a6,41,35,Normal
2026-02-15 16:42:41.982232,London-95a6,48,32,Normal
2026-02-15 16:42:42.982232,London-95a6,-2,47,Normal
2026-02-15 16:42:43.982232,London-95a6,-25,88,Normal
2026-02-15 16:42:44.982232,London-95a6,14,79,Normal
2026-02-15 16:42:45.982232,London-95a6,36,83,Normal
2026-02-15 16:42:46.982232,London-95a6,41,69,Normal
2026-02-15 16:42:47.982232,London-95a6,0,31,Normal
2026-02-15 16:42:48.982232,London-95a6,15,9,Normal
2026-02-15 16:42:49.982232,London-95a6,-3,45,Normal
2026-02-15 16:42:50.982232,London-95a6,-27,5,Normal
2026-02-15 16:42:51.982232,London-95a6,-29,76,Normal
2026-02-15 16:42:52.982232,London-95a6,13,82,Normal
2026-02-15 16:42:53.982232,London-95a6,-6,93,Normal
2026-02-15 16:42:54.982232,London-95a6,38,13,Normal
2026-02-15 16:42:55.982232,London-95a6,0,25,Normal
2026-02-15 16:42:56.982232,London-95a6,47,48,Normal
2026-02-15 16:42:57.982232,London-95a6,30,71,Normal
2026-02-15 16:42:58.982232,London-95a6,42,93,Normal
2026-02-15 16:42:59.982232,London-95a6,-23,15,Normal
2026-02-15 16:43:00.982232,London-95a6,-27,56,Normal
2026-02-15 16:43:01.982232,London-95a6,6,0,Normal
2026-02-15 16:43:02.982232,London-95a6,22,94,Normal
2026-02-15 16:43:03.982232,London-95a6,20,2,Normal
2026-02-15 16:43:04.982232,London-95a6,48,94,Normal
2026-02-15 16:43:05.982232,London-95a6,13,77,Normal
2026-02-15 16:43:06.982232,London-95a6,8,21,Normal
2026-02-15 16:43:07.982232,London-95a6,-18,9,Normal
2026-02-15 16:43:08.982232,London-95a6,19,29,Normal
2026-02-15 16:43:09.982232,London-95a6,43,0,Normal
2026-02-15 16:43:10.982232,London-95a6,19,25,Normal
2026-02-15 16:43:11.982232,London-95a6,-17,79,Normal
2026-02-15 16:43:12.982232,London-95a6,-29,7,Normal
2026-02-15 16:43:13.982232,London-95a6,-5,26,Normal
2026-02-15 16:43:14.982232,London-95a6,-22,60,Normal
2026-02-15 16:43:15.982232,London-95a6,-11,99,Normal
2026-02-15 16:43:16.982232,London-95a6,-7,61,Normal
2026-02-15 16:43:17.982232,London-95a6,-17,85,Normal
2026-02-15 16:43:18.982232,London-95a6,38,91,Normal
2026-02-15 16:43:19.982232,London-95a6,50,99,Normal
2026-02-15 16:43:20.982232,London-95a6,18,95,Normal
2026-02-15 16:43:21.982232,London-95a6,-28,10,Normal
2026-02-15 16:43:22.982232,London-95a6,18,4,Normal
2026-02-15 16:43:23.982232,London-95a6,-30,35,Normal
2026-02-15 16:43:24.982232,London-95a6,-17,40,Normal
2026-02-15 16:43:25.982232,London-95a6,-13,35,Normal
2026-02-15 16:43:26.982232,London-95a6,-21,59,Normal
2026-02-15 16:43:27.982232,London-95a6,47,91,Normal
2026-02-15 16:43:28.982232,London-95a6,17,84,Normal
2026-02-15 16:43:29.982232,London-95a6,-19,12,Normal
2026-02-15 16:43:30.982232,London-95a6,42,4,Normal
2026-02-15 16:43:31.982232,London-95a6,-27,45,Normal
2026-02-15 16:43:32.982232,London-95a6,-28,87,Normal
2026-02-15 16:43:33.982232,London-95a6,-27,32,Normal
2026-02-15 16:43:34.982232,London-95a6,-26,81,Normal
2026-02-15 16:43:35.982232,London-95a6,-28,82,Normal
2026-02-15 16:43:36.982232,London-95a6,8,57,Normal
2026-02-15 16:43:37.982232,London-95a6,-22,71,Normal
2026-02-15 16:43:38.982232,London-95a6,-23,7,Normal
2026-02-15 16:43:39.982232,London-95a6,8,92,Normal
2026-02-15 16:43:40.982232,London-95a6,-7,92,Normal
2026-02-15 16:43:41.982232,London-95a6,5,5,Normal
2026-02-15 16:43:42.982232,London-95a6,21,7,Normal
2026-02-15 16:43:43.982232,London-95a6,40,81,Normal
2026-02-15 16:43:44.982232,London-95a6,-20,30,Normal
2026-02-15 16:43:45.982232,London-95a6,34,43,Normal
2026-02-15 16:43:46.982232,London-95a6,39,74,Normal
2026-02-15 16:43:47.982232,London-95a6,-22,16,Normal
2026-02-15 16:43:48.982232,London-95a6,4,61,Normal
2026-02-15 16:43:49.982232,London-95a6,-30,59,Normal
2026-02-15 16:43:50.982232,London-95a6,50,47,Normal
2026-02-15 16:43:51.982232,London-95a6,26,68,Normal
2026-02-15 16:43:52.982232,London-95a6,-29,88,Normal
2026-02-15 16:43:53.982232,London-95a6,-10,75,Normal
2026-02-15 16:43:54.982232,London-95a6,15,77,Normal
2026-02-15 16:43:55.982232,London-95a6,5,82,Normal
2026-02-15 16:43:56.982232,London-95a6,-26,33,Normal
2026-02-15 16:43:57.982232,London-95a6,35,96,Normal
2026-02-15 16:43:58.982232,London-95a6,-1,11,Normal
2026-02-15 16:43:59.982232,London-95a6,40,44,Normal
2026-02-15 16:44:00.982232,London-95a6,45,60,Normal
2026-02-15 16:44:01.982232,London-95a6,7,86,Normal
2026-02-15 16:44:02.982232,London-95a6,25,65,Normal
2026-02-15 16:44:03.982232,London-95a6,18,68,Normal
2026-02-15 16:44:04.982232,London-95a6,27,16,Normal
2026-02-15 16:44:05.982232,London-95a6,-10,17,Normal
2026-02-15 16:44:06.982232,London-95a6,34,8,Normal
2026-02-15 16:44:07.982232,London-95a6,14,19,Normal
2026-02-15 16:44:08.982232,London-95a6,-13,12,Normal
2026-02-15 16:44:09.982232,London-95a6,-15,52,Normal
2026-02-15 16:44:10.982232,London-95a6,6,81,Normal
2026-02-15 16:44:11.982232,London-95a6,-28,43,Normal
2026-02-15 16:44:12.982232,London-95a6,-27,82,Normal
2026-02-15 16:44:13.982232,London-95a6,5,30,Normal
2026-02-15 16:44:14.982232,London-95a6,-1,74,Normal
2026-02-15 16:44:15.982232,London-95a6,12,1,Normal
2026-02-15 16:44:16.982232,London-95a6,6,8,Normal
2026-02-15 16:44:17.982232,London-95a6,15,12,Normal
2026-02-15 16:44:18.982232,London-95a6,1,76,Normal
2026-02-15 16:44:19.982232,London-95a6,-30,23,Normal
2026-02-15 16:44:20.982232,London-95a6,-22,9,Normal
2026-02-15 16:44:21.982232,London-95a6,49,53,Normal
2026-02-15 16:44:22.982232,London-95a6,10,51,Normal
2026-02-15 16:44:23.982232,London-95a6,31,79,Normal
2026-02-15 16:44:24.982232,London-95a6,15,57,Normal
2026-02-15 16:44:25.982232,London-95a6,10,36,Normal
2026-02-15 16:44:26.982232,London-95a6,21,52,Normal
2026-02-15 16:44:27.982232,London-95a6,42,67,Normal
2026-02-15 16:44:28.982232,London-95a6,34,53,Normal
2026-02-15 16:44:29.982232,London-95a6,29,19,Normal
2026-02-15 16:44:30.982232,London-95a6,-27,12,Normal
2026-02-15 16:44:31.982232,London-95a6,21,59,Normal
2026-02-15 16:44:32.982232,London-95a6,-29,47,Normal
2026-02-15 16:44:33.982232,London-95a6,-20,33,Normal
2026-02-15 16:44:34.982232,London-95a6,13,73,Normal
2026-02-15 16:44:35.982232,London-95a6,-4,18,Normal
2026-02-15 16:44:36.982232,London-95a6,-5,45,Normal
2026-02-15 16:44:37.982232,London-95a6,-13,59,Normal
2026-02-15 16:44:38.982232,London-95a6,-23,96,Normal
2026-02-15 16:44:39.982232,London-95a6,25,80,Normal
2026-02-15 16:44:40.982232,London-95a6,5,21,Normal
2026-02-15 16:44:41.982232,London-95a6,43,35,Normal
2026-02-15 16:44:42.982232,London-95a6,-7,66,Normal
2026-02-15 16:44:43.982232,London-95a6,49,36,Normal
2026-02-15 16:44:44.982232,London-95a6,27,75,Normal
2026-02-15 16:44:45.982232,London-95a6,-17,33,Normal
2026-02-15 16:44:46.982232,London-95a6,44,73,Normal
2026-02-15 16:44:47.982232,London-95a6,8,19,Normal
2026-02-15 16:44:48.982232,London-95a6,-25,33,Normal
2026-02-15 16:44:49.982232,London-95a6,32,9,Normal
2026-02-15 16:44:50.982232,London-95a6,33,38,Normal
2026-02-15 16:44:51.982232,London-95a6,22,68,Normal
2026-02-15 16:44:52.982232,London-95a6,-12,10,Normal
2026-02-15 16:44:53.982232,London-95a6,-23,22,Normal
2026-02-15 16:44:54.982232,London-95a6,-16,99,Normal
2026-02-15 16:44:55.982232,London-95a6,12,61,Normal
2026-02-15 16:44:56.982232,London-95a6,0,30,Normal
2026-02-15 16:44:57.982232,London-95a6,43,65,Normal
2026-02-15 16:44:58.982232,London-95a6,-23,79,Normal
2026-02-15 16:44:59.982232,London-95a6,40,64,Normal
2026-02-15 16:45:00.982232,London-95a6,8,71,Normal
2026-02-15 16:45:01.982232,London-95a6,0,32,Normal
2026-02-15 16:45:02.982232,London-95a6,-9,98,Normal
2026-02-15 16:45:03.982232,London-95a6,-14,43,Normal
2026-02-15 16:45:04.982232,London-95a6,30,81,Normal
2026-02-15 16:45:05.982232,London-95a6,11,25,Normal
2026-02-15 16:45:06.982232,London-95a6,29,77,Normal
2026-02-15 16:45:07.982232,London-95a6,42,25,Normal
2026-02-15 16:45:08.982232,London-95a6,-14,42,Normal
2026-02-15 16:45:09.982232,London-95a6,-16,58,Normal
2026-02-15 16:45:10.982232,London-95a6,17,79,Normal
2026-02-15 16:45:11.982232,London-95a6,26,52,Normal
2026-02-15 16:45:12.982232,London-95a6,49,61,Normal
2026-02-15 16:45:13.982232,London-95a6,-23,38,Normal
2026-02-15 16:45:14.982232,London-95a6,-29,7,Normal
2026-02-15 16:45:15.982232,London-95a6,5,8,Normal
2026-02-15 16:45:16.982232,London-95a6,25,44,Normal
2026-02-15 16:45:17.982232,London-95a6,6,91,Normal
2026-02-15 16:45:18.982232,London-95a6,6,86,Normal
2026-02-15 16:45:19.982232,London-95a6,24,22,Normal
2026-02-15 16:45:20.982232,London-95a6,0,83,Normal
2026-02-15 16:45:21.982232,London-95a6,43,4,Normal
2026-02-15 16:45:22.982232,London-95a6,-25,17,Normal
2026-02-15 16:45:23.982232,London-95a6,28,12,Normal
2026-02-15 16:45:24.982232,London-95a6,-14,6,Normal
2026-02-15 16:45:25.982232,London-95a6,26,50,Normal
2026-02-15 16:45:26.982232,London-95a6,25,7,Normal
2026-02-15 16:45:27.982232,London-95a6,47,50,Normal
2026-02-15 16:45:28.982232,London-95a6,0,3,Normal
2026-02-15 16:45:29.982232,London-95a6,28,12,Normal
2026-02-15 16:45:30.982232,London-95a6,23,54,Normal
2026-02-15 16:45:31.982232,London-95a6,29,42,Normal
2026-02-15 16:45:32.982232,London-95a6,-22,35,Normal
2026-02-15 16:45:33.982232,London-95a6,22,69,Normal
2026-02-15 16:45:34.982232,London-95a6,-29,74,Normal
2026-02-15 16:45:35.982232,London-95a6,-10,68,Normal
2026-02-15 16:45:36.982232,London-95a6,50,86,Normal
2026-02-15 16:45:37.982232,London-95a6,-17,18,Normal
2026-02-15 16:45:38.982232,London-95a6,48,40,Normal
2026-02-15 16:45:39.982232,London-95a6,5,83,Normal
2026-02-15 16:45:40.982232,London-95a6,36,7,Normal
2026-02-15 16:45:41.982232,London-95a6,-18,80,Normal
2026-02-15 16:45:42.982232,London-95a6,-27,36,Normal
2026-02-15 16:45:43.982232,London-95a6,46,88,Normal
2026-02-15 16:45:44.982232,London-95a6,12,20,Normal
2026-02-15 16:45:45.982232,London-95a6,1,56,Normal
2026-02-15 16:45:46.982232,London-95a6,-9,57,Normal
2026-02-15 16:45:47.982232,London-95a6,19,84,Normal
2026-02-15 16:45:48.982232,London-95a6,2,46,Normal
2026-02-15 16:45:49.982232,London-95a6,41,69,Normal
2026-02-15 16:45:50.982232,London-95a6,-4,8,Normal
2026-02-15 16:45:51.982232,London-95a6,-17,41,Normal
2026-02-15 16:45:52.982232,London-95a6,46,87,Normal
2026-02-15 16:45:53.982232,London-95a6,13,39,Normal
2026-02-15 16:45:54.982232,London-95a6,37,73,Normal
2026-02-15 16:45:55.982232,London-95a6,1,47,Normal
2026-02-15 16:45:56.982232,London-95a6,-6,23,Normal
2026-02-15 16:45:57.982232,London-95a6,47,92,Normal
2026-02-15 16:45:58.982232,London-95a6,-17,100,Normal
2026-02-15 16:45:59.982232,London-95a6,20,75,Normal
2026-02-15 16:46:00.982232,London-95a6,22,24,Normal
2026-02-15 16:46:01.982232,London-95a6,-30,68,Normal
2026-02-15 16:46:02.982232,London-95a6,-11,27,Normal
2026-02-15 16:46:03.982232,London-95a6,-8,100,Normal
2026-02-15 16:46:04.982232,London-95a6,37,71,Normal
2026-02-15 16:46:05.982232,London-95a6,1,41,Normal
2026-02-15 16:46:06.982232,London-95a6,3,34,Normal
2026-02-15 16:46:07.982232,London-95a6,-8,81,Normal
2026-02-15 16:46:08.982232,London-95a6,-6,71,Normal
2026-02-15 16:46:09.982232,London-95a6,27,74,Normal
2026-02-15 16:46:10.982232,London-95a6,0,46,Normal
2026-02-15 16:46:11.982232,London-95a6,-10,29,Normal
2026-02-15 16:46:12.982232,London-95a6,43,14,Normal
2026-02-15 16:46:13.982232,London-95a6,20,78,Normal
2026-02-15 16:46:14.982232,London-95a6,-11,90,Normal
2026-02-15 16:46:15.982232,London-95a6,-8,59,Normal
2026-02-15 16:46:16.982232,London-95a6,-22,68,Normal
2026-02-15 16:46:17.982232,London-95a6,15,16,Normal
2026-02-15 16:46:18.982232,London-95a6,40,57,Normal
2026-02-15 16:46:19.982232,London-95a6,-13,7,Normal
2026-02-15 16:46:20.982232,London-95a6,-30,11,Normal
2026-02-15 16:46:21.982232,London-95a6,47,29,Normal
2026-02-15 16:46:22.982232,London-95a6,-22,59,Normal
2026-02-15 16:46:23.982232,London-95a6,-19,97,Normal
2026-02-15 16:46:24.982232,London-95a6,23,29,Normal
2026-02-15 16:46:25.982232,London-95a6,-29,21,Normal
2026-02-15 16:46:26.982232,London-95a6,7,100,Normal
2026-02-15 16:46:27.982232,London-95a6,-30,75,Normal
2026-02-15 16:46:28.982232,London-95a6,15,65,Normal
2026-02-15 16:46:29.982232,London-95a6,12,73,Normal
2026-02-15 16:46:30.982232,London-95a6,-8,49,Normal
2026-02-15 16:46:31.982232,London-95a6,43,47,Normal
2026-02-15 16:46:32.982232,London-95a6,24,15,Normal
2026-02-15 16:46:33.982232,London-95a6,-28,54,Normal
2026-02-15 16:46:34.982232,London-95a6,-3,100,Normal
2026-02-15 16:46:35.982232,London-95a6,49,69,Normal
2026-02-15 16:46:36.982232,London-95a6,8,14,Normal
2026-02-15 16:46:37.982232,London-95a6,-24,33,Normal
2026-02-15 16:46:38.982232,London-95a6,0,21,Normal
2026-02-15 16:46:39.982232,London-95a6,14,87,Normal
2026-02-15 16:46:40.982232,London-95a6,6,23,Normal
2026-02-15 16:46:41.982232,London-95a6,38,15,Normal
2026-02-15 16:46:42.982232,London-95a6,-7,12,Normal
2026-02-15 16:46:43.982232,London-95a6,24,40,Normal
2026-02-15 16:46:44.982232,London-95a6,35,66,Normal
2026-02-15 16:46:45.982232,London-95a6,6,78,Normal
2026-02-15 16:46:46.982232,London-95a6,-13,91,Normal
2026-02-15 16:46:47.982232,London-95a6,-24,8,Normal
2026-02-15 16:46:48.982232,London-95a6,28,62,Normal
2026-02-15 16:46:49.982232,London-95a6,23,4,Normal
2026-02-15 16:46:50.982232,London-95a6,-5,100,Normal
2026-02-15 16:46:51.982232,London-95a6,-2,13,Normal
2026-02-15 16:46:52.982232,London-95a6,-10,4,Normal
2026-02-15 16:46:53.982232,London-95a6,27,92,Normal
2026-02-15 16:46:54.982232,London-95a6,9,5,Normal
2026-02-15 16:46:55.982232,London-95a6,-17,32,Normal
2026-02-15 16:46:56.982232,London-95a6,25,97,Normal
2026-02-15 16:46:57.982232,London-95a6,-17,80,Normal
2026-02-15 16:46:58.982232,London-95a6,25,52,Normal
2026-02-15 16:46:59.982232,London-95a6,9,3,Normal
2026-02-15 16:47:00.982232,London-95a6,1,53,Normal
2026-02-15 16:47:01.982232,London-95a6,45,16,Normal
2026-02-15 16:47:02.982232,London-95a6,-22,98,Normal
2026-02-15 16:47:03.982232,London-95a6,41,78,Normal
2026-02-15 16:47:04.982232,London-95a6,-6,9,Normal
2026-02-15 16:47:05.982232,London-95a6,18,38,Normal
2026-02-15 16:47:06.982232,London-95a6,9,39,Normal
2026-02-15 16:47:07.982232,London-95a6,-20,3,Normal
2026-02-15 16:47:08.982232,London-95a6,10,98,Normal
2026-02-15 16:47:09.982232,London-95a6,19,78,Normal
2026-02-15 16:47:10.982232,London-95a6,-3,70,Normal
2026-02-15 16:47:11.982232,London-95a6,-14,36,Normal
2026-02-15 16:47:12.982232,London-95a6,30,1,Normal
2026-02-15 16:47:13.982232,London-95a6,31,22,Normal
2026-02-15 16:47:14.982232,London-95a6,-14,6,Normal
2026-02-15 16:47:15.982232,London-95a6,7,71,Normal
2026-02-15 16:47:16.982232,London-95a6,-7,66,Normal
2026-02-15 16:47:17.982232,London-95a6,-12,60,Normal
2026-02-15 16:47:18.982232,London-95a6,0,62,Normal
2026-02-15 16:47:19.982232,London-95a6,-23,55,Normal
2026-02-15 16:47:20.982232,London-95a6,37,2,Normal
2026-02-15 16:47:21.982232,London-95a6,-20,85,Normal
2026-02-15 16:47:22.982232,London-95a6,38,28,Normal
2026-02-15 16:47:23.982232,London-95a6,47,4,Normal
2026-02-15 16:47:24.982232,London-95a6,-15,5,Normal
2026-02-15 16:47:25.982232,London-95a6,-13,91,Normal
2026-02-15 16:47:26.982232,London-95a6,19,79,Normal
2026-02-15 16:47:27.982232,London-95a6,13,20,Normal
2026-02-15 16:47:28.982232,London-95a6,-28,72,Normal
2026-02-15 16:47:29.982232,London-95a6,-20,84,Normal
2026-02-15 16:47:30.982232,London-95a6,27,58,Normal
2026-02-15 16:47:31.982232,London-95a6,-15,1,Normal
2026-02-15 16:47:32.982232,London-95a6,-16,72,Normal
2026-02-15 16:47:33.982232,London-95a6,-17,74,Normal
2026-02-15 16:47:34.982232,London-95a6,31,82,Normal
2026-02-15 16:47:35.982232,London-95a6,-12,2,Normal
2026-02-15 16:47:36.982232,London-95a6,2,31,Normal
2026-02-15 16:47:37.982232,London-95a6,-2,10,Normal
2026-02-15 16:47:38.982232,London-95a6,46,7,Normal
2026-02-15 16:47:39.982232,London-95a6,-14,65,Normal
2026-02-15 16:47:40.982232,London-95a6,35,70,Normal
2026-02-15 16:47:41.982232,London-95a6,-7,74,Normal
2026-02-15 16:47:42.982232,London-95a6,37,91,Normal
2026-02-15 16:47:43.982232,London-95a6,38,8,Normal
2026-02-15 16:47:44.982232,London-95a6,-29,26,Normal
2026-02-15 16:47:45.982232,London-95a6,8,52,Normal
2026-02-15 16:47:46.982232,London-95a6,-6,35,Normal
2026-02-15 16:47:47.982232,London-95a6,10,15,Normal
2026-02-15 16:47:48.982232,London-95a6,49,85,Normal
2026-02-15 16:47:49.982232,London-95a6,-23,13,Normal
2026-02-15 16:47:50.982232,London-95a6,21,58,Normal
2026-02-15 16:47:51.982232,London-95a6,10,92,Normal
2026-02-15 16:47:52.982232,London-95a6,-30,21,Normal
2026-02-15 16:47:53.982232,London-95a6,10,43,Normal
2026-02-15 16:47:54.982232,London-95a6,9,26,Normal
2026-02-15 16:47:55.982232,London-95a6,-26,53,Normal
2026-02-15 16:47:56.982232,London-95a6,38,74,Normal
2026-02-15 16:47:57.982232,London-95a6,38,27,Normal
2026-02-15 16:47:58.982232,London-95a6,25,52,Normal
2026-02-15 16:47:59.982232,London-95a6,-24,53,Normal
2026-02-15 16:48:00.982232,London-95a6,44,65,Normal
2026-02-15 16:48:01.982232,London-95a6,-4,15,Normal
2026-02-15 16:48:02.982232,London-95a6,-13,74,Normal
2026-02-15 16:48:03.982232,London-95a6,15,90,Normal
2026-02-15 16:48:04.982232,London-95a6,-15,48,Normal
2026-02-15 16:48:05.982232,London-95a6,-12,67,Normal
2026-02-15 16:48:06.982232,London-95a6,1,79,Normal
2026-02-15 16:48:07.982232,London-95a6,42,7,Normal
2026-02-15 16:48:08.982232,London-95a6,45,86,Normal
2026-02-15 16:48:09.982232,London-95a6,16,27,Normal
2026-02-15 16:48:10.982232,London-95a6,37,2,Normal
2026-02-15 16:48:11.982232,London-95a6,5,78,Normal
2026-02-15 16:48:12.982232,London-95a6,-17,76,Normal
2026-02-15 16:48:13.982232,London-95a6,-20,74,Normal
2026-02-15 16:48:14.982232,London-95a6,-26,49,Normal
2026-02-15 16:48:15.982232,London-95a6,-28,13,Normal
2026-02-15 16:48:16.982232,London-95a6,-8,46,Normal
2026-02-15 16:48:17.982232,London-95a6,-3,50,Normal
2026-02-15 16:48:18.982232,London-95a6,36,12,Normal
2026-02-15 16:48:19.982232,London-95a6,41,78,Normal
2026-02-15 16:48:20.982232,London-95a6,-14,56,Normal
2026-02-15 16:48:21.982232,London-95a6,-11,22,Normal
2026-02-15 16:48:22.982232,London-95a6,4,11,Normal
2026-02-15 16:48:23.982232,London-95a6,13,97,Normal
2026-02-15 16:48:24.982232,London-95a6,36,69,Normal
2026-02-15 16:48:25.982232,London-95a6,33,54,Normal
2026-02-15 16:48:26.982232,London-95a6,0,55,Normal
2026-02-15 16:48:27.982232,London-95a6,50,85,Normal
2026-02-15 16:48:28.982232,London-95a6,37,23,Normal
2026-02-15 16:48:29.982232,London-95a6,-20,85,Normal
2026-02-15 16:48:30.982232,London-95a6,29,26,Normal
2026-02-15 16:48:31.982232,London-95a6,25,61,Normal
2026-02-15 16:48:32.982232,London-95a6,46,21,Normal
2026-02-15 16:48:33.982232,London-95a6,-25,19,Normal
2026-02-15 16:48:34.982232,London-95a6,40,21,Normal
2026-02-15 16:48:35.982232,London-95a6,-27,97,Normal
2026-02-15 16:48:36.982232,London-95a6,17,15,Normal
2026-02-15 16:48:37.982232,London-95a6,42,67,Normal
2026-02-15 16:48:38.982232,London-95a6,49,11,Normal
2026-02-15 16:48:39.982232,London-95a6,5,68,Normal
2026-02-15 16:48:40.982232,London-95a6,4,10,Normal
2026-02-15 16:48:41.982232,London-95a6,42,75,Normal
2026-02-15 16:48:42.982232,London-95a6,50,85,Normal
2026-02-15 16:48:43.982232,London-95a6,15,79,Normal
2026-02-15 16:48:44.982232,London-95a6,23,14,Normal
2026-02-15 16:48:45.982232,London-95a6,-14,23,Normal
2026-02-15 16:48:46.982232,London-95a6,2,57,Normal
2026-02-15 16:48:47.982232,London-95a6,43,4,Normal
2026-02-15 16:48:48.982232,London-95a6,-16,46,Normal
2026-02-15 16:48:49.982232,London-95a6,36,91,Normal
2026-02-15 16:48:50.982232,London-95a6,50,69,Normal
2026-02-15 16:48:51.982232,London-95a6,16,17,Normal
2026-02-15 16:48:52.982232,London-95a6,2,100,Normal
2026-02-15 16:48:53.982232,London-95a6,-17,86,Normal
2026-02-15 16:48:54.982232,London-95a6,11,95,Normal
2026-02-15 16:48:55.982232,London-95a6,-5,26,Normal
2026-02-15 16:48:56.982232,London-95a6,-5,64,Normal
2026-02-15 16:48:57.982232,London-95a6,28,35,Normal
2026-02-15 16:48:58.982232,London-95a6,14,12,Normal
2026-02-15 16:48:59.982232,London-95a6,44,34,Normal
2026-02-15 16:49:00.982232,London-95a6,-10,27,Normal
2026-02-15 16:49:01.982232,London-95a6,-9,85,Normal
2026-02-15 16:49:02.982232,London-95a6,4,32,Normal
2026-02-15 16:49:03.982232,London-95a6,50,12,Normal
2026-02-15 16:49:04.982232,London-95a6,-29,36,Normal
2026-02-15 16:49:05.982232,London-95a6,-28,52,Normal
2026-02-15 16:49:06.982232,London-95a6,19,99,Normal
2026-02-15 16:49:07.982232,London-95a6,1,30,Normal
2026-02-15 16:49:08.982232,London-95a6,-2,97,Normal
2026-02-15 16:49:09.982232,London-95a6,36,1,Normal
2026-02-15 16:49:10.982232,London-95a6,-26,16,Normal
2026-02-15 16:49:11.982232,London-95a6,-4,80,Normal
2026-02-15 16:49:12.982232,London-95a6,8,9,Normal
2026-02-15 16:49:13.982232,London-95a6,-29,41,Normal
2026-02-15 16:49:14.982232,London-95a6,-16,79,Normal
2026-02-15 16:49:15.982232,London-95a6,-6,36,Normal
2026-02-15 16:49:16.982232,London-95a6,-9,88,Normal
2026-02-15 16:49:17.982232,London-95a6,38,79,Normal
2026-02-15 16:49:18.982232,London-95a6,6,100,Normal
2026-02-15 16:49:19.982232,London-95a6,27,83,Normal
2026-02-15 16:49:20.982232,London-95a6,-24,100,Normal
2026-02-15 16:49:21.982232,London-95a6,-24,68,Normal
2026-02-15 16:49:22.982232,London-95a6,-11,64,Normal
2026-02-15 16:49:23.982232,London-95a6,3,51,Normal
2026-02-15 16:49:24.982232,London-95a6,-30,87,Normal
2026-02-15 16:49:25.982232,London-95a6,-26,39,Normal
2026-02-15 16:49:26.982232,London-95a6,6,54,Normal
2026-02-15 16:49:27.982232,London-95a6,29,42,Normal
2026-02-15 16:49:28.982232,London-95a6,-7,58,Normal
2026-02-15 16:49:29.982232,London-95a6,-26,54,Normal
2026-02-15 16:49:30.982232,London-95a6,38,97,Normal
2026-02-15 16:49:31.982232,London-95a6,0,81,Normal
2026-02-15 16:49:32.982232,London-95a6,17,100,Normal
2026-02-15 16:49:33.982232,London-95a6,16,50,Normal
2026-02-15 16:49:34.982232,London-95a6,10,1,Normal
2026-02-15 16:49:35.982232,London-95a6,8,16,Normal
2026-02-15 16:49:36.982232,London-95a6,-11,18,Normal
2026-02-15 16:49:37.982232,London-95a6,32,82,Normal
2026-02-15 16:49:38.982232,London-95a6,43,71,Normal
2026-02-15 16:49:39.982232,London-95a6,44,2,Normal
2026-02-15 16:49:40.982232,London-95a6,29,68,Normal
2026-02-15 16:49:41.982232,London-95a6,19,80,Normal
2026-02-15 16:49:42.982232,London-95a6,1,52,Normal
2026-02-15 16:49:43.982232,London-95a6,2,45,Normal
2026-02-15 16:49:44.982232,London-95a6,-28,72,Normal
2026-02-15 16:49:45.982232,London-95a6,14,78,Normal
2026-02-15 16:49:46.982232,London-95a6,2,28,Normal
2026-02-15 16:49:47.982232,London-95a6,-21,11,Normal
2026-02-15 16:49:48.982232,London-95a6,-19,64,Normal
2026-02-15 16:49:49.982232,London-95a6,17,12,Normal
2026-02-15 16:49:50.982232,London-95a6,37,90,Normal
2026-02-15 16:49:51.982232,London-95a6,23,50,Normal
2026-02-15 16:49:52.982232,London-95a6,-19,36,Normal
2026-02-15 16:49:53.982232,London-95a6,-10,19,Normal
2026-02-15 16:49:54.982232,London-95a6,18,16,Normal
2026-02-15 16:49:55.982232,London-95a6,-3,14,Normal
2026-02-15 16:49:56.982232,London-95a6,17,89,Normal
2026-02-15 16:49:57.982232,London-95a6,9,79,Normal
2026-02-15 16:49:58.982232,London-95a6,47,65,Normal
2026-02-15 16:49:59.982232,London-95a6,2,60,Normal
2026-02-15 16:50:00.982232,London-95a6,-25,15,Normal
2026-02-15 16:50:01.982232,London-95a6,10,84,Normal
2026-02-15 16:50:02.982232,London-95a6,-6,34,Normal
2026-02-15 16:50:03.982232,London-95a6,40,82,Normal
2026-02-15 16:50:04.982232,London-95a6,-11,14,Normal
2026-02-15 16:50:05.982232,London-95a6,-30,84,Normal
2026-02-15 16:50:06.982232,London-95a6,-8,39,Normal
2026-02-15 16:50:07.982232,London-95a6,-18,21,Normal
2026-02-15 16:50:08.982232,London-95a6,34,41,Normal
2026-02-15 16:50:09.982232,London-95a6,40,29,Normal
2026-02-15 16:50:10.982232,London-95a6,40,31,Normal
2026-02-15 16:50:11.982232,London-95a6,3,6,Normal
2026-02-15 16:50:12.982232,London-95a6,29,64,Normal
2026-02-15 16:50:13.982232,London-95a6,3,36,Normal
2026-02-15 16:50:14.982232,London-95a6,-9,60,Normal
2026-02-15 16:50:15.982232,London-95a6,8,8,Normal
2026-02-15 16:50:16.982232,London-95a6,34,93,Normal
2026-02-15 16:50:17.982232,London-95a6,-24,24,Normal
2026-02-15 16:50:18.982232,London-95a6,47,65,Normal
2026-02-15 16:50:19.982232,London-95a6,-18,69,Normal
2026-02-15 16:50:20.982232,London-95a6,-11,87,Normal
2026-02-15 16:50:21.982232,London-95a6,44,14,Normal
2026-02-15 16:50:22.982232,London-95a6,-20,4,Normal
2026-02-15 16:50:23.982232,London-95a6,20,12,Normal
2026-02-15 16:50:24.982232,London-95a6,-9,19,Normal
2026-02-15 16:50:25.982232,London-95a6,41,12,Normal
2026-02-15 16:50:26.982232,London-95a6,-21,84,Normal
2026-02-15 16:50:27.982232,London-95a6,34,88,Normal
2026-02-15 16:50:28.982232,London-95a6,41,47,Normal
2026-02-15 16:50:29.982232,London-95a6,23,78,Normal
2026-02-15 16:50:30.982232,London-95a6,36,22,Normal
2026-02-15 16:50:31.982232,London-95a6,32,51,Normal
2026-02-15 16:50:32.982232,London-95a6,19,52,Normal
2026-02-15 16:50:33.982232,London-95a6,16,16,Normal
2026-02-15 16:50:34.982232,London-95a6,42,74,Normal
2026-02-15 16:50:35.982232,London-95a6,33,21,Normal
2026-02-15 16:50:36.982232,London-95a6,15,59,Normal
2026-02-15 16:50:37.982232,London-95a6,-24,87,Normal
2026-02-15 16:50:38.982232,London-95a6,21,33,Normal
2026-02-15 16:50:39.982232,London-95a6,-2,24,Normal
2026-02-15 16:50:40.982232,London-95a6,4,45,Normal
2026-02-15 16:50:41.982232,London-95a6,-27,70,Normal
2026-02-15 16:50:42.982232,London-95a6,-21,99,Normal
2026-02-15 16:50:43.982232,London-95a6,50,65,Normal
2026-02-15 16:50:44.982232,London-95a6,38,72,Normal
2026-02-15 16:50:45.982232,London-95a6,28,67,Normal
2026-02-15 16:50:46.982232,London-95a6,23,1,Normal
2026-02-15 16:50:47.982232,London-95a6,5,10,Normal
2026-02-15 16:50:48.982232,London-95a6,3,47,Normal
2026-02-15 16:50:49.982232,London-95a6,-5,40,Normal
2026-02-15 16:50:50.982232,London-95a6,-11,16,Normal
2026-02-15 16:50:51.982232,London-95a6,7,69,Normal
2026-02-15 16:50:52.982232,London-95a6,-8,21,Normal
2026-02-15 16:50:53.982232,London-95a6,-18,11,Normal
2026-02-15 16:50:54.982232,London-95a6,-30,36,Normal
2026-02-15 16:50:55.982232,London-95a6,30,18,Normal
2026-02-15 16:50:56.982232,London-95a6,14,100,Normal
2026-02-15 16:50:57.982232,London-95a6,-2,95,Normal
2026-02-15 16:50:58.982232,London-95a6,23,0,Normal
2026-02-15 16:50:59.982232,London-95a6,-24,59,Normal
2026-02-15 16:51:00.982232,London-95a6,3,15,Normal
2026-02-15 16:51:01.982232,London-95a6,36,30,Normal
2026-02-15 16:51:02.982232,London-95a6,33,52,Normal
2026-02-15 16:51:03.982232,London-95a6,39,76,Normal
2026-02-15 16:51:04.982232,London-95a6,29,79,Normal
2026-02-15 16:51:05.982232,London-95a6,-7,32,Normal
2026-02-15 16:51:06.982232,London-95a6,3,44,Normal
2026-02-15 16:51:07.982232,London-95a6,13,62,Normal
2026-02-15 16:51:08.982232,London-95a6,41,87,Normal
2026-02-15 16:51:09.982232,London-95a6,8,68,Normal
2026-02-15 16:51:10.982232,London-95a6,25,85,Normal
2026-02-15 16:51:11.982232,London-95a6,36,11,Normal
2026-02-15 16:51:12.982232,London-95a6,50,71,Normal
2026-02-15 16:51:13.982232,London-95a6,-7,24,Normal
2026-02-15 16:51:14.982232,London-95a6,25,26,Normal
2026-02-15 16:51:15.982232,London-95a6,12,100,Normal
2026-02-15 16:51:16.982232,London-95a6,31,17,Normal
2026-02-15 16:51:17.982232,London-95a6,10,29,Normal
2026-02-15 16:51:18.982232,London-95a6,-20,8,Normal
2026-02-15 16:51:19.982232,London-95a6,-8,28,Normal
2026-02-15 16:51:20.982232,London-95a6,39,99,Normal
2026-02-15 16:51:21.982232,London-95a6,8,89,Normal
2026-02-15 16:51:22.982232,London-95a6,17,45,Normal
2026-02-15 16:51:23.982232,London-95a6,-9,73,Normal
2026-02-15 16:51:24.982232,London-95a6,31,8,Normal
2026-02-15 16:51:25.982232,London-95a6,-21,70,Normal
2026-02-15 16:51:26.982232,London-95a6,13,37,Normal
2026-02-15 16:51:27.982232,London-95a6,41,44,Normal
2026-02-15 16:51:28.982232,London-95a6,-17,88,Normal
2026-02-15 16:51:29.982232,London-95a6,2,14,Normal
2026-02-15 16:51:30.982232,London-95a6,42,20,Normal
2026-02-15 16:51:31.982232,London-95a6,43,62,Normal
2026-02-15 16:51:32.982232,London-95a6,-28,69,Normal
2026-02-15 16:51:33.982232,London-95a6,-11,31,Normal
2026-02-15 16:51:34.982232,London-95a6,-12,90,Normal
2026-02-15 16:51:35.982232,London-95a6,49,74,Normal
2026-02-15 16:51:36.982232,London-95a6,2,88,Normal
2026-02-15 16:51:37.982232,London-95a6,-30,24,Normal
2026-02-15 16:51:38.982232,London-95a6,-24,72,Normal
2026-02-15 16:51:39.982232,London-95a6,-24,90,Normal
2026-02-15 16:51:40.982232,London-95a6,49,69,Normal
2026-02-15 16:51:41.982232,London-95a6,-9,0,Normal
2026-02-15 16:51:42.982232,London-95a6,-2,10,Normal
2026-02-15 16:51:43.982232,London-95a6,20,11,Normal
2026-02-15 16:51:44.982232,London-95a6,30,12,Normal
2026-02-15 16:51:45.982232,London-95a6,3,87,Normal
2026-02-15 16:51:46.982232,London-95a6,-1,14,Normal
2026-02-15 16:51:47.982232,London-95a6,9,55,Normal
2026-02-15 16:51:48.982232,London-95a6,-16,84,Normal
2026-02-15 16:51:49.982232,London-95a6,-13,21,Normal
2026-02-15 16:51:50.982232,London-95a6,49,88,Normal
2026-02-15 16:51:51.982232,London-95a6,18,4,Normal
2026-02-15 16:51:52.982232,London-95a6,41,77,Normal
2026-02-15 16:51:53.982232,London-95a6,40,28,Normal
2026-02-15 16:51:54.982232,London-95a6,-9,93,Normal
2026-02-15 16:51:55.982232,London-95a6,14,20,Normal
2026-02-15 16:51:56.982232,London-95a6,-15,55,Normal
2026-02-15 16:51:57.982232,London-95a6,12,84,Normal
2026-02-15 16:51:58.982232,London-95a6,13,47,Normal
2026-02-15 16:51:59.982232,London-95a6,32,68,Normal
2026-02-15 16:52:00.982232,London-95a6,-15,77,Normal
2026-02-15 16:52:01.982232,London-95a6,0,54,Normal
2026-02-15 16:52:02.982232,London-95a6,18,67,Normal
2026-02-15 16:52:03.982232,London-95a6,28,41,Normal
2026-02-15 16:52:04.982232,London-95a6,30,32,Normal
2026-02-15 16:52:05.982232,London-95a6,19,50,Normal
2026-02-15 16:52:06.982232,London-95a6,13,38,Normal
2026-02-15 16:52:07.982232,London-95a6,-6,93,Normal
2026-02-15 16:52:08.982232,London-95a6,5,67,Normal
2026-02-15 16:52:09.982232,London-95a6,47,57,Normal
2026-02-15 16:52:10.982232,London-95a6,7,40,Normal
2026-02-15 16:52:11.982232,London-95a6,4,90,Normal
2026-02-15 16:52:12.982232,London-95a6,-1,74,Normal
2026-02-15 16:52:13.982232,London-95a6,29,5,Normal
2026-02-15 16:52:14.982232,London-95a6,9,65,Normal
2026-02-15 16:52:15.982232,London-95a6,-1,39,Normal
2026-02-15 16:52:16.982232,London-95a6,-13,59,Normal
2026-02-15 16:52:17.982232,London-95a6,-16,25,Normal
2026-02-15 16:52:18.982232,London-95a6,42,36,Normal
2026-02-15 16:52:19.982232,London-95a6,49,92,Normal
2026-02-15 16:52:20.982232,London-95a6,33,15,Normal
2026-02-15 16:52:21.982232,London-95a6,-23,73,Normal
2026-02-15 16:52:22.982232,London-95a6,50,75,Normal
2026-02-15 16:52:23.982232,London-95a6,16,12,Normal
2026-02-15 16:52:24.982232,London-95a6,31,54,Normal
2026-02-15 16:52:25.982232,London-95a6,46,50,Normal
2026-02-15 16:52:26.982232,London-95a6,-22,52,Normal
2026-02-15 16:52:27.982232,London-95a6,11,15,Normal
2026-02-15 16:52:28.982232,London-95a6,15,3,Normal
2026-02-15 16:52:29.982232,London-95a6,42,23,Normal
2026-02-15 16:52:30.982232,London-95a6,14,5,Normal
2026-02-15 16:52:31.982232,London-95a6,35,47,Normal
2026-02-15 16:52:32.982232,London-95a6,-28,99,Normal
2026-02-15 16:52:33.982232,London-95a6,-7,99,Normal
2026-02-15 16:52:34.982232,London-95a6,-10,47,Normal
2026-02-15 16:52:35.982232,London-95a6,-1,81,Normal
2026-02-15 16:52:36.982232,London-95a6,-13,85,Normal
2026-02-15 16:52:37.982232,London-95a6,-17,70,Normal
2026-02-15 16:52:38.982232,London-95a6,4,12,Normal
2026-02-15 16:52:39.982232,London-95a6,-19,97,Normal
2026-02-15 16:52:40.982232,London-95a6,45,50,Normal
2026-02-15 16:52:41.982232,London-95a6,13,18,Normal
2026-02-15 16:52:42.982232,London-95a6,45,14,Normal
2026-02-15 16:52:43.982232,London-95a6,38,85,Normal
2026-02-15 16:52:44.982232,London-95a6,-26,69,Normal
2026-02-15 16:52:45.982232,London-95a6,-13,73,Normal
2026-02-15 16:52:46.982232,London-95a6,46,15,Normal
2026-02-15 16:52:47.982232,London-95a6,36,20,Normal
2026-02-15 16:52:48.982232,London-95a6,-17,23,Normal
2026-02-15 16:52:49.982232,London-95a6,34,72,Normal
2026-02-15 16:52:50.982232,London-95a6,-12,15,Normal
2026-02-15 16:52:51.982232,London-95a6,26,91,Normal
2026-02-15 16:52:52.982232,London-95a6,9,22,Normal
2026-02-15 16:52:53.982232,London-95a6,-22,55,Normal
2026-02-15 16:52:54.982232,London-95a6,19,52,Normal
2026-02-15 16:52:55.982232,London-95a6,48,67,Normal
2026-02-15 16:52:56.982232,London-95a6,45,35,Normal
2026-02-15 16:52:57.982232,London-95a6,-15,84,Normal
2026-02-15 16:52:58.982232,London-95a6,49,56,Normal
2026-02-15 16:52:59.982232,London-95a6,17,34,Normal
2026-02-15 16:53:00.982232,London-95a6,27,24,Normal
2026-02-15 16:53:01.982232,London-95a6,4,7,Normal
2026-02-15 16:53:02.982232,London-95a6,7,73,Normal
2026-02-15 16:53:03.982232,London-95a6,40,74,Normal
2026-02-15 16:53:04.982232,London-95a6,21,40,Normal
2026-02-15 16:53:05.982232,London-95a6,-23,52,Normal
2026-02-15 16:53:06.982232,London-95a6,-13,34,Normal
2026-02-15 16:53:07.982232,London-95a6,37,70,Normal
2026-02-15 16:53:08.982232,London-95a6,-21,80,Normal
2026-02-15 16:53:09.982232,London-95a6,-8,46,Normal
2026-02-15 16:53:10.982232,London-95a6,32,90,Normal
2026-02-15 16:53:11.982232,London-95a6,-15,66,Normal
2026-02-15 16:53:12.982232,London-95a6,-29,73,Normal
2026-02-15 16:53:13.982232,London-95a6,6,88,Normal
2026-02-15 16:53:14.982232,London-95a6,20,80,Normal
2026-02-15 16:53:15.982232,London-95a6,23,55,Normal
2026-02-15 16:53:16.982232,London-95a6,22,78,Normal
2026-02-15 16:53:17.982232,London-95a6,47,16,Normal
2026-02-15 16:53:18.982232,London-95a6,-1,95,Normal
2026-02-15 16:53:19.982232,London-95a6,-2,13,Normal
2026-02-15 16:53:20.982232,London-95a6,-8,68,Normal
2026-02-15 16:53:21.982232,London-95a6,18,58,Normal
2026-02-15 16:53:22.982232,London-95a6,-23,32,Normal
2026-02-15 16:53:23.982232,London-95a6,3,26,Normal
2026-02-15 16:53:24.982232,London-95a6,30,88,Normal
2026-02-15 16:53:25.982232,London-95a6,33,42,Normal
2026-02-15 16:53:26.982232,London-95a6,33,70,Normal
2026-02-15 16:53:27.982232,London-95a6,-8,82,Normal
2026-02-15 16:53:28.982232,London-95a6,13,19,Normal
2026-02-15 16:53:29.982232,London-95a6,22,34,Normal
2026-02-15 16:53:30.982232,London-95a6,-15,43,Normal
2026-02-15 16:53:31.982232,London-95a6,1,42,Normal
2026-02-15 16:53:32.982232,London-95a6,-10,72,Normal
2026-02-15 16:53:33.982232,London-95a6,43,7,Normal
2026-02-15 16:53:34.982232,London-95a6,-9,43,Normal
2026-02-15 16:53:35.982232,London-95a6,11,7,Normal
2026-02-15 16:53:36.982232,London-95a6,40,5,Normal
2026-02-15 16:53:37.982232,London-95a6,35,24,Normal
2026-02-15 16:53:38.982232,London-95a6,24,44,Normal
2026-02-15 16:53:39.982232,London-95a6,-25,72,Normal
2026-02-15 16:53:40.982232,London-95a6,-29,54,Normal
2026-02-15 16:53:41.982232,London-95a6,-29,87,Normal
2026-02-15 16:53:42.982232,London-95a6,14,11,Normal
2026-02-15 16:53:43.982232,London-95a6,47,43,Normal
2026-02-15 16:53:44.982232,London-95a6,12,26,Normal
2026-02-15 16:53:45.982232,London-95a6,-29,96,Normal
2026-02-15 16:53:46.982232,London-95a6,23,80,Normal
2026-02-15 16:53:47.982232,London-95a6,-6,44,Normal
2026-02-15 16:53:48.982232,London-95a6,19,78,Normal
2026-02-15 16:53:49.982232,London-95a6,22,20,Normal
2026-02-15 16:53:50.982232,London-95a6,29,71,Normal
2026-02-15 16:53:51.982232,London-95a6,33,88,Normal
2026-02-15 16:53:52.982232,London-95a6,-4,63,Normal
2026-02-15 16:53:53.982232,London-95a6,-14,31,Normal
2026-02-15 16:53:54.982232,London-95a6,49,63,Normal
2026-02-15 16:53:55.982232,London-95a6,-27,71,Normal
2026-02-15 16:53:56.982232,London-95a6,40,82,Normal
2026-02-15 16:53:57.982232,London-95a6,0,18,Normal
2026-02-15 16:53:58.982232,London-95a6,33,67,Normal
2026-02-15 16:53:59.982232,London-95a6,28,60,Normal
2026-02-15 16:54:00.982232,London-95a6,26,100,Normal
2026-02-15 16:54:01.982232,London-95a6,-9,70,Normal
2026-02-15 16:54:02.982232,London-95a6,-10,48,Normal
2026-02-15 16:54:03.982232,London-95a6,-9,32,Normal
2026-02-15 16:54:04.982232,London-95a6,-3,38,Normal
2026-02-15 16:54:05.982232,London-95a6,-12,12,Normal
2026-02-15 16:54:06.982232,London-95a6,3,31,Normal
2026-02-15 16:54:07.982232,London-95a6,-13,12,Normal
2026-02-15 16:54:08.982232,London-95a6,11,14,Normal
2026-02-15 16:54:09.982232,London-95a6,45,98,Normal
2026-02-15 16:54:10.982232,London-95a6,24,20,Normal
2026-02-15 16:54:11.982232,London-95a6,-12,79,Normal
2026-02-15 16:54:12.982232,London-95a6,18,30,Normal
2026-02-15 16:54:13.982232,London-95a6,-16,46,Normal
2026-02-15 16:54:14.982232,London-95a6,14,39,Normal
2026-02-15 16:54:15.982232,London-95a6,6,5,Normal
2026-02-15 16:54:16.982232,London-95a6,28,76,Normal
2026-02-15 16:54:17.982232,London-95a6,-25,88,Normal
2026-02-15 16:54:18.982232,London-95a6,35,17,Normal
2026-02-15 16:54:19.982232,London-95a6,-27,66,Normal
2026-02-15 16:54:20.982232,London-95a6,-2,64,Normal
2026-02-15 16:54:21.982232,London-95a6,2,67,Normal
2026-02-15 16:54:22.982232,London-95a6,14,37,Normal
2026-02-15 16:54:23.982232,London-95a6,-3,34,Normal
2026-02-15 16:54:24.982232,London-95a6,-16,85,Normal
2026-02-15 16:54:25.982232,London-95a6,-21,36,Normal
2026-02-15 16:54:26.982232,London-95a6,-18,77,Normal
2026-02-15 16:54:27.982232,London-95a6,29,51,Normal
2026-02-15 16:54:28.982232,London-95a6,18,33,Normal
2026-02-15 16:54:29.982232,London-95a6,-9,22,Normal
2026-02-15 16:54:30.982232,London-95a6,-7,70,Normal
2026-02-15 16:54:31.982232,London-95a6,31,8,Normal
2026-02-15 16:54:32.982232,London-95a6,-30,33,Normal
2026-02-15 16:54:33.982232,London-95a6,41,14,Normal
2026-02-15 16:54:34.982232,London-95a6,4,60,Normal
2026-02-15 16:54:35.982232,London-95a6,-30,47,Normal
2026-02-15 16:54:36.982232,London-95a6,-23,4,Normal
2026-02-15 16:54:37.982232,London-95a6,46,48,Normal
2026-02-15 16:54:38.982232,London-95a6,30,53,Normal
2026-02-15 16:54:39.982232,London-95a6,1,40,Normal
2026-02-15 16:54:40.982232,London-95a6,-1,59,Normal
2026-02-15 16:54:41.982232,London-95a6,16,39,Normal
2026-02-15 16:54:42.982232,London-95a6,-27,91,Normal
2026-02-15 16:54:43.982232,London-95a6,-17,77,Normal
2026-02-15 16:54:44.982232,London-95a6,-26,30,Normal
2026-02-15 16:54:45.982232,London-95a6,-22,10,Normal
2026-02-15 16:54:46.982232,London-95a6,50,80,Normal
2026-02-15 16:54:47.982232,London-95a6,50,2,Normal
2026-02-15 16:54:48.982232,London-95a6,14,19,Normal
2026-02-15 16:54:49.982232,London-95a6,-27,73,Normal
2026-02-15 16:54:50.982232,London-95a6,7,48,Normal
2026-02-15 16:54:51.982232,London-95a6,-30,39,Normal
2026-02-15 16:54:52.982232,London-95a6,3,26,Normal
2026-02-15 16:54:53.982232,London-95a6,-24,1,Normal
2026-02-15 16:54:54.982232,London-95a6,19,96,Normal
2026-02-15 16:54:55.982232,London-95a6,22,62,Normal
2026-02-15 16:54:56.982232,London-95a6,46,35,Normal
2026-02-15 16:54:57.982232,London-95a6,40,42,Normal
2026-02-15 16:54:58.982232,London-95a6,27,10,Normal
2026-02-15 16:54:59.982232,London-95a6,6,89,Normal
2026-02-15 16:55:00.982232,London-95a6,-14,0,Normal
2026-02-15 16:55:01.982232,London-95a6,2,78,Normal
2026-02-15 16:55:02.982232,London-95a6,30,15,Normal
2026-02-15 16:55:03.982232,London-95a6,11,10,Normal
2026-02-15 16:55:04.982232,London-95a6,-28,6,Normal
2026-02-15 16:55:05.982232,London-95a6,17,23,Normal
2026-02-15 16:55:06.982232,London-95a6,47,3,Normal
2026-02-15 16:55:07.982232,London-95a6,49,55,Normal
2026-02-15 16:55:08.982232,London-95a6,14,91,Normal
2026-02-15 16:55:09.982232,London-95a6,48,18,Normal
2026-02-15 16:55:10.982232,London-95a6,-21,84,Normal
2026-02-15 16:55:11.982232,London-95a6,5,88,Normal
2026-02-15 16:55:12.982232,London-95a6,42,93,Normal
2026-02-15 16:55:13.982232,London-95a6,20,45,Normal
2026-02-15 16:55:14.982232,London-95a6,4,62,Normal
2026-02-15 16:55:15.982232,London-95a6,18,70,Normal
2026-02-15 16:55:16.982232,London-95a6,9,44,Normal
2026-02-15 16:55:17.982232,London-95a6,24,16,Normal
2026-02-15 16:55:18.982232,London-95a6,-13,72,Normal
2026-02-15 16:55:19.982232,London-95a6,14,0,Normal
2026-02-15 16:55:20.982232,London-95a6,20,46,Normal
2026-02-15 16:55:21.982232,London-95a6,-3,35,Normal
2026-02-15 16:55:22.982232,London-95a6,-14,39,Normal
2026-02-15 16:55:23.982232,London-95a6,22,2,Normal
2026-02-15 16:55:24.982232,London-95a6,34,49,Normal
2026-02-15 16:55:25.982232,London-95a6,45,64,Normal
2026-02-15 16:55:26.982232,London-95a6,32,63,Normal
2026-02-15 16:55:27.982232,London-95a6,11,89,Normal
2026-02-15 16:55:28.982232,London-95a6,11,40,Normal
2026-02-15 16:55:29.982232,London-95a6,-28,94,Normal
2026-02-15 16:55:30.982232,London-95a6,-24,78,Normal
2026-02-15 16:55:31.982232,London-95a6,3,41,Normal
2026-02-15 16:55:32.982232,London-95a6,-7,26,Normal
2026-02-15 16:55:33.982232,London-95a6,-26,0,Normal
2026-02-15 16:55:34.982232,London-95a6,29,3,Normal
2026-02-15 16:55:35.982232,London-95a6,31,36,Normal
2026-02-15 16:55:36.982232,London-95a6,2,35,Normal
2026-02-15 16:55:37.982232,London-95a6,50,0,Normal
2026-02-15 16:55:38.982232,London-95a6,-30,21,Normal
2026-02-15 16:55:39.982232,London-95a6,39,72,Normal
2026-02-15 16:55:40.982232,London-95a6,-28,29,Normal
2026-02-15 16:55:41.982232,London-95a6,40,39,Normal
2026-02-15 16:55:42.982232,London-95a6,-20,95,Normal
2026-02-15 16:55:43.982232,London-95a6,44,32,Normal
2026-02-15 16:55:44.982232,London-95a6,2,75,Normal
2026-02-15 16:55:45.982232,London-95a6,-25,9,Normal
2026-02-15 16:55:46.982232,London-95a6,35,5,Normal
2026-02-15 16:55:47.982232,London-95a6,-26,85,Normal
2026-02-15 16:55:48.982232,London-95a6,9,7,Normal
2026-02-15 16:55:49.982232,London-95a6,-21,62,Normal
2026-02-15 16:55:50.982232,London-95a6,-17,23,Normal
2026-02-15 16:55:51.982232,London-95a6,3,25,Normal
2026-02-15 16:55:52.982232,London-95a6,26,9,Normal
2026-02-15 16:55:53.982232,London-95a6,-6,57,Normal
2026-02-15 16:55:54.982232,London-95a6,-27,82,Normal
2026-02-15 16:55:55.982232,London-95a6,-5,96,Normal
2026-02-15 16:55:56.982232,London-95a6,21,1,Normal
2026-02-15 16:55:57.982232,London-95a6,-12,7,Normal
2026-02-15 16:55:58.982232,London-95a6,5,41,Normal
2026-02-15 16:55:59.982232,London-95a6,-10,45,Normal
2026-02-15 16:56:00.982232,London-95a6,-16,13,Normal
2026-02-15 16:56:01.982232,London-95a6,38,47,Normal
2026-02-15 16:56:02.982232,London-95a6,1,0,Normal
2026-02-15 16:56:03.982232,London-95a6,21,7,Normal
2026-02-15 16:56:04.982232,London-95a6,-2,72,Normal
2026-02-15 16:56:05.982232,London-95a6,17,68,Normal
2026-02-15 16:56:06.982232,London-95a6,15,27,Normal
2026-02-15 16:56:07.982232,London-95a6,35,90,Normal
2026-02-15 16:56:08.982232,London-95a6,10,55,Normal
2026-02-15 16:56:09.982232,London-95a6,50,26,Normal
2026-02-15 16:56:10.982232,London-95a6,-2,12,Normal
2026-02-15 16:56:11.982232,London-95a6,46,33,Normal
2026-02-15 16:56:12.982232,London-95a6,18,13,Normal
2026-02-15 16:56:13.982232,London-95a6,10,76,Normal
2026-02-15 16:56:14.982232,London-95a6,-30,41,Normal
2026-02-15 16:56:15.982232,London-95a6,21,85,Normal
2026-02-15 16:56:16.982232,London-95a6,25,10,Normal
2026-02-15 16:56:17.982232,London-95a6,32,40,Normal
2026-02-15 16:56:18.982232,London-95a6,38,78,Normal
2026-02-15 16:56:19.982232,London-95a6,3,41,Normal
2026-02-15 16:56:20.982232,London-95a6,-13,97,Normal
2026-02-15 16:56:21.982232,London-95a6,7,84,Normal
2026-02-15 16:56:22.982232,London-95a6,7,57,Normal
2026-02-15 16:56:23.982232,London-95a6,4,94,Normal
2026-02-15 16:56:24.982232,London-95a6,12,31,Normal
2026-02-15 16:56:25.982232,London-95a6,38,40,Normal
2026-02-15 16:56:26.982232,London-95a6,-29,28,Normal
2026-02-15 16:56:27.982232,London-95a6,-30,52,Normal
2026-02-15 16:56:28.982232,London-95a6,42,51,Normal
2026-02-15 16:56:29.982232,London-95a6,25,74,Normal
2026-02-15 16:56:30.982232,London-95a6,5,74,Normal
2026-02-15 16:56:31.982232,London-95a6,12,27,Normal
2026-02-15 16:56:32.982232,London-95a6,-8,27,Normal
2026-02-15 16:56:33.982232,London-95a6,-20,56,Normal
2026-02-15 16:56:34.982232,London-95a6,50,30,Normal
2026-02-15 16:56:35.982232,London-95a6,26,96,Normal
2026-02-15 16:56:36.982232,London-95a6,-12,8,Normal
2026-02-15 16:56:37.982232,London-95a6,-17,31,Normal
2026-02-15 16:56:38.982232,London-95a6,-17,78,Normal
2026-02-15 16:56:39.982232,London-95a6,3,1,Normal
2026-02-15 16:56:40.982232,London-95a6,-26,45,Normal
2026-02-15 16:56:41.982232,London-95a6,-7,4,Normal
2026-02-15 16:56:42.982232,London-95a6,48,40,Normal
2026-02-15 16:56:43.982232,London-95a6,-12,44,Normal
2026-02-15 16:56:44.982232,London-95a6,42,9,Normal
2026-02-15 16:56:45.982232,London-95a6,-30,56,Normal
2026-02-15 16:56:46.982232,London-95a6,-22,60,Normal
2026-02-15 16:56:47.982232,London-95a6,41,63,Normal
2026-02-15 16:56:48.982232,London-95a6,-28,74,Normal
2026-02-15 16:56:49.982232,London-95a6,13,25,Normal
2026-02-15 16:56:50.982232,London-95a6,13,44,Normal
2026-02-15 16:56:51.982232,London-95a6,21,47,Normal
2026-02-15 16:56:52.982232,London-95a6,-10,41,Normal
2026-02-15 16:56:53.982232,London-95a6,1,63,Normal
2026-02-15 16:56:54.982232,London-95a6,47,94,Normal
2026-02-15 16:56:55.982232,London-95a6,-21,43,Normal
2026-02-15 16:56:56.982232,London-95a6,-7,12,Normal
2026-02-15 16:56:57.982232,London-95a6,37,83,Normal
2026-02-15 16:56:58.982232,London-95a6,26,80,Normal
2026-02-15 16:56:59.982232,London-95a6,-24,92,Normal
2026-02-15 16:57:00.982232,London-95a6,15,32,Normal
2026-02-15 16:57:01.982232,London-95a6,8,78,Normal
2026-02-15 16:57:02.982232,London-95a6,39,66,Normal
2026-02-15 16:57:03.982232,London-95a6,20,56,Normal
2026-02-15 16:57:04.982232,London-95a6,-26,100,Normal
2026-02-15 16:57:05.982232,London-95a6,44,80,Normal
2026-02-15 16:57:06.982232,London-95a6,12,95,Normal
2026-02-15 16:57:07.982232,London-95a6,49,29,Normal
2026-02-15 16:57:08.982232,London-95a6,30,0,Normal
2026-02-15 16:57:09.982232,London-95a6,12,81,Normal
2026-02-15 16:57:10.982232,London-95a6,-3,45,Normal
2026-02-15 16:57:11.982232,London-95a6,-20,43,Normal
2026-02-15 16:57:12.982232,London-95a6,-29,54,Normal
2026-02-15 16:57:13.982232,London-95a6,4,22,Normal
2026-02-15 16:57:14.982232,London-95a6,37,20,Normal
2026-02-15 16:57:15.982232,London-95a6,15,69,Normal
2026-02-15 16:57:16.982232,London-95a6,-19,7,Normal
2026-02-15 16:57:17.982232,London-95a6,18,3,Normal
2026-02-15 16:57:18.982232,London-95a6,-29,4,Normal
