timestamp,station_id,temp,humid,condition
2026-02-11 13:32:32.349401,Toronto-dde0,-3,32,Normal
2026-02-11 13:32:33.349401,Toronto-dde0,13,0,Normal
2026-02-11 13:32:34.349401,Toronto-dde0,-19,8,Normal
2026-02-11 13:32:35.349401,Toronto-dde0,-24,89,Normal
2026-02-11 13:32:36.349401,Toronto-dde0,8,40,Normal
2026-02-11 13:32:37.349401,Toronto-dde0,1,30,Normal
2026-02-11 13:32:38.349401,Toronto-dde0,32,18,Normal
2026-02-11 13:32:39.349401,Toronto-dde0,-21,27,Normal
2026-02-11 13:32:40.349401,Toronto-dde0,39,76,Normal
2026-02-11 13:32:41.349401,Toronto-dde0,31,26,Normal
2026-02-11 13:32:42.349401,Toronto-dde0,43,48,Normal
2026-02-11 13:32:43.349401,Toronto-dde0,9,60,Normal
2026-02-11 13:32:44.349401,Toronto-dde0,-3,63,Normal
2026-02-11 13:32:45.349401,Toronto-dde0,-15,30,Normal
2026-02-11 13:32:46.349401,Toronto-dde0,-12,70,Normal
2026-02-11 13:32:47.349401,Toronto-dde0,-10,28,Normal
2026-02-11 13:32:48.349401,Toronto-dde0,-29,51,Normal
2026-02-11 13:32:49.349401,Toronto-dde0,30,68,Normal
2026-02-11 13:32:50.349401,Toronto-dde0,46,2,Normal
2026-02-11 13:32:51.349401,Toronto-dde0,28,19,Normal
2026-02-11 13:32:52.349401,Toronto-dde0,4,78,Normal
2026-02-11 13:32:53.349401,Toronto-dde0,44,30,Normal
2026-02-11 13:32:54.349401,Toronto-dde0,34,6,Normal
2026-02-11 13:32:55.349401,Toronto-dde0,26,11,Normal
2026-02-11 13:32:56.349401,Toronto-dde0,-13,43,Normal
2026-02-11 13:32:57.349401,Toronto-dde0,19,53,Normal
2026-02-11 13:32:58.349401,Toronto-dde0,43,38,Normal
2026-02-11 13:32:59.349401,Toronto-dde0,2,0,Normal
2026-02-11 13:33:00.349401,Toronto-dde0,14,72,Normal
2026-02-11 13:33:01.349401,Toronto-dde0,18,89,Normal
2026-02-11 13:33:02.349401,Toronto-dde0,43,83,Normal
2026-02-11 13:33:03.349401,Toronto-dde0,28,33,Normal
2026-02-11 13:33:04.349401,Toronto-dde0,-3,13,Normal
2026-02-11 13:33:05.349401,Toronto-dde0,-1,63,Normal
2026-02-11 13:33:06.349401,Toronto-dde0,14,100,Normal
2026-02-11 13:33:07.349401,Toronto-dde0,17,88,Normal
2026-02-11 13:33:08.349401,Toronto-dde0,-11,35,Normal
2026-02-11 13:33:09.349401,Toronto-dde0,-9,95,Normal
2026-02-11 13:33:10.349401,Toronto-dde0,21,29,Normal
2026-02-11 13:33:11.349401,Toronto-dde0,-6,60,Normal
2026-02-11 13:33:12.349401,Toronto-dde0,-3,51,Normal
2026-02-11 13:33:13.349401,Toronto-dde0,-23,22,Normal
2026-02-11 13:33:14.349401,Toronto-dde0,-29,19,Normal
2026-02-11 13:33:15.349401,Toronto-dde0,-22,64,Normal
2026-02-11 13:33:16.349401,Toronto-dde0,42,39,Normal
2026-02-11 13:33:17.349401,Toronto-dde0,37,50,Normal
2026-02-11 13:33:18.349401,Toronto-dde0,-11,48,Normal
2026-02-11 13:33:19.349401,Toronto-dde0,-24,78,Normal
2026-02-11 13:33:20.349401,Toronto-dde0,-21,58,Normal
2026-02-11 13:33:21.349401,Toronto-dde0,2,80,Normal
2026-02-11 13:33:22.349401,Toronto-dde0,20,60,Normal
2026-02-11 13:33:23.349401,Toronto-dde0,4,28,Normal
2026-02-11 13:33:24.349401,Toronto-dde0,-25,49,Normal
2026-02-11 13:33:25.349401,Toronto-dde0,19,99,Normal
2026-02-11 13:33:26.349401,Toronto-dde0,29,25,Normal
2026-02-11 13:33:27.349401,Toronto-dde0,-4,44,Normal
2026-02-11 13:33:28.349401,Toronto-dde0,43,67,Normal
2026-02-11 13:33:29.349401,Toronto-dde0,-9,56,Normal
2026-02-11 13:33:30.349401,Toronto-dde0,3,60,Normal
2026-02-11 13:33:31.349401,Toronto-dde0,20,33,Normal
2026-02-11 13:33:32.349401,Toronto-dde0,43,74,Normal
2026-02-11 13:33:33.349401,Toronto-dde0,38,69,Normal
2026-02-11 13:33:34.349401,Toronto-dde0,36,89,Normal
2026-02-11 13:33:35.349401,Toronto-dde0,-5,43,Normal
2026-02-11 13:33:36.349401,Toronto-dde0,35,75,Normal
2026-02-11 13:33:37.349401,Toronto-dde0,14,88,Normal
2026-02-11 13:33:38.349401,Toronto-dde0,6,54,Normal
2026-02-11 13:33:39.349401,Toronto-dde0,-4,59,Normal
2026-02-11 13:33:40.349401,Toronto-dde0,47,37,Normal
2026-02-11 13:33:41.349401,Toronto-dde0,41,56,Normal
2026-02-11 13:33:42.349401,Toronto-dde0,4,59,Normal
2026-02-11 13:33:43.349401,Toronto-dde0,-2,64,Normal
2026-02-11 13:33:44.349401,Toronto-dde0,1,72,Normal
2026-02-11 13:33:45.349401,Toronto-dde0,-3,73,Normal
2026-02-11 13:33:46.349401,Toronto-dde0,-18,61,Normal
2026-02-11 13:33:47.349401,Toronto-dde0,11,27,Normal
2026-02-11 13:33:48.349401,Toronto-dde0,-18,76,Normal
2026-02-11 13:33:49.349401,Toronto-dde0,29,34,Normal
2026-02-11 13:33:50.349401,Toronto-dde0,46,19,Normal
2026-02-11 13:33:51.349401,Toronto-dde0,42,30,Normal
2026-02-11 13:33:52.349401,Toronto-dde0,-24,23,Normal
2026-02-11 13:33:53.349401,Toronto-dde0,43,18,Normal
2026-02-11 13:33:54.349401,Toronto-dde0,21,81,Normal
2026-02-11 13:33:55.349401,Toronto-dde0,-10,44,Normal
2026-02-11 13:33:56.349401,Toronto-dde0,29,60,Normal
2026-02-11 13:33:57.349401,Toronto-dde0,-28,79,Normal
2026-02-11 13:33:58.349401,Toronto-dde0,26,68,Normal
2026-02-11 13:33:59.349401,Toronto-dde0,12,70,Normal
2026-02-11 13:34:00.349401,Toronto-dde0,-3,31,Normal
2026-02-11 13:34:01.349401,Toronto-dde0,30,28,Normal
2026-02-11 13:34:02.349401,Toronto-dde0,12,60,Normal
2026-02-11 13:34:03.349401,Toronto-dde0,13,18,Normal
2026-02-11 13:34:04.349401,Toronto-dde0,41,19,Normal
2026-02-11 13:34:05.349401,Toronto-dde0,49,17,Normal
2026-02-11 13:34:06.349401,Toronto-dde0,37,4,Normal
2026-02-11 13:34:07.349401,Toronto-dde0,-11,40,Normal
2026-02-11 13:34:08.349401,Toronto-dde0,16,77,Normal
2026-02-11 13:34:09.349401,Toronto-dde0,43,36,Normal
2026-02-11 13:34:10.349401,Toronto-dde0,-21,16,Normal
2026-02-11 13:34:11.349401,Toronto-dde0,8,30,Normal
2026-02-11 13:34:12.349401,Toronto-dde0,20,93,Normal
2026-02-11 13:34:13.349401,Toronto-dde0,-23,15,Normal
2026-02-11 13:34:14.349401,Toronto-dde0,16,86,Normal
2026-02-11 13:34:15.349401,Toronto-dde0,39,27,Normal
2026-02-11 13:34:16.349401,Toronto-dde0,30,28,Normal
2026-02-11 13:34:17.349401,Toronto-dde0,-14,82,Normal
2026-02-11 13:34:18.349401,Toronto-dde0,-19,7,Normal
2026-02-11 13:34:19.349401,Toronto-dde0,-28,73,Normal
2026-02-11 13:34:20.349401,Toronto-dde0,-16,98,Normal
2026-02-11 13:34:21.349401,Toronto-dde0,-15,48,Normal
2026-02-11 13:34:22.349401,Toronto-dde0,49,74,Normal
2026-02-11 13:34:23.349401,Toronto-dde0,-17,1,Normal
2026-02-11 13:34:24.349401,Toronto-dde0,-30,34,Normal
2026-02-11 13:34:25.349401,Toronto-dde0,-6,21,Normal
2026-02-11 13:34:26.349401,Toronto-dde0,-9,10,Normal
2026-02-11 13:34:27.349401,Toronto-dde0,7,12,Normal
2026-02-11 13:34:28.349401,Toronto-dde0,-7,87,Normal
2026-02-11 13:34:29.349401,Toronto-dde0,-25,39,Normal
2026-02-11 13:34:30.349401,Toronto-dde0,45,97,Normal
2026-02-11 13:34:31.349401,Toronto-dde0,-14,63,Normal
2026-02-11 13:34:32.349401,Toronto-dde0,-20,96,Normal
2026-02-11 13:34:33.349401,Toronto-dde0,13,42,Normal
2026-02-11 13:34:34.349401,Toronto-dde0,16,51,Normal
2026-02-11 13:34:35.349401,Toronto-dde0,49,60,Normal
2026-02-11 13:34:36.349401,Toronto-dde0,-26,5,Normal
2026-02-11 13:34:37.349401,Toronto-dde0,-10,7,Normal
2026-02-11 13:34:38.349401,Toronto-dde0,-13,12,Normal
2026-02-11 13:34:39.349401,Toronto-dde0,-25,3,Normal
2026-02-11 13:34:40.349401,Toronto-dde0,47,34,Normal
2026-02-11 13:34:41.349401,Toronto-dde0,45,2,Normal
2026-02-11 13:34:42.349401,Toronto-dde0,2,28,Normal
2026-02-11 13:34:43.349401,Toronto-dde0,-9,96,Normal
2026-02-11 13:34:44.349401,Toronto-dde0,-14,8,Normal
2026-02-11 13:34:45.349401,Toronto-dde0,25,77,Normal
2026-02-11 13:34:46.349401,Toronto-dde0,-6,51,Normal
2026-02-11 13:34:47.349401,Toronto-dde0,46,51,Normal
2026-02-11 13:34:48.349401,Toronto-dde0,28,23,Normal
2026-02-11 13:34:49.349401,Toronto-dde0,31,76,Normal
2026-02-11 13:34:50.349401,Toronto-dde0,7,61,Normal
2026-02-11 13:34:51.349401,Toronto-dde0,-24,6,Normal
2026-02-11 13:34:52.349401,Toronto-dde0,8,1,Normal
2026-02-11 13:34:53.349401,Toronto-dde0,34,17,Normal
2026-02-11 13:34:54.349401,Toronto-dde0,-16,41,Normal
2026-02-11 13:34:55.349401,Toronto-dde0,30,19,Normal
2026-02-11 13:34:56.349401,Toronto-dde0,30,37,Normal
2026-02-11 13:34:57.349401,Toronto-dde0,-4,83,Normal
2026-02-11 13:34:58.349401,Toronto-dde0,11,95,Normal
2026-02-11 13:34:59.349401,Toronto-dde0,18,38,Normal
2026-02-11 13:35:00.349401,Toronto-dde0,-13,59,Normal
2026-02-11 13:35:01.349401,Toronto-dde0,35,2,Normal
2026-02-11 13:35:02.349401,Toronto-dde0,22,79,Normal
2026-02-11 13:35:03.349401,Toronto-dde0,-26,88,Normal
2026-02-11 13:35:04.349401,Toronto-dde0,-7,52,Normal
2026-02-11 13:35:05.349401,Toronto-dde0,0,16,Normal
2026-02-11 13:35:06.349401,Toronto-dde0,-28,64,Normal
2026-02-11 13:35:07.349401,Toronto-dde0,-21,59,Normal
2026-02-11 13:35:08.349401,Toronto-dde0,47,89,Normal
2026-02-11 13:35:09.349401,Toronto-dde0,20,44,Normal
2026-02-11 13:35:10.349401,Toronto-dde0,50,56,Normal
2026-02-11 13:35:11.349401,Toronto-dde0,-4,62,Normal
2026-02-11 13:35:12.349401,Toronto-dde0,46,26,Normal
2026-02-11 13:35:13.349401,Toronto-dde0,8,20,Normal
2026-02-11 13:35:14.349401,Toronto-dde0,-9,28,Normal
2026-02-11 13:35:15.349401,Toronto-dde0,-24,71,Normal
2026-02-11 13:35:16.349401,Toronto-dde0,16,83,Normal
2026-02-11 13:35:17.349401,Toronto-dde0,-28,80,Normal
2026-02-11 13:35:18.349401,Toronto-dde0,12,43,Normal
2026-02-11 13:35:19.349401,Toronto-dde0,27,91,Normal
2026-02-11 13:35:20.349401,Toronto-dde0,33,52,Normal
2026-02-11 13:35:21.349401,Toronto-dde0,26,30,Normal
2026-02-11 13:35:22.349401,Toronto-dde0,15,12,Normal
2026-02-11 13:35:23.349401,Toronto-dde0,39,30,Normal
2026-02-11 13:35:24.349401,Toronto-dde0,36,67,Normal
2026-02-11 13:35:25.349401,Toronto-dde0,-26,13,Normal
2026-02-11 13:35:26.349401,Toronto-dde0,30,52,Normal
2026-02-11 13:35:27.349401,Toronto-dde0,46,18,Normal
2026-02-11 13:35:28.349401,Toronto-dde0,-7,21,Normal
2026-02-11 13:35:29.349401,Toronto-dde0,-11,43,Normal
2026-02-11 13:35:30.349401,Toronto-dde0,-19,84,Normal
2026-02-11 13:35:31.349401,Toronto-dde0,-24,46,Normal
2026-02-11 13:35:32.349401,Toronto-dde0,44,11,Normal
2026-02-11 13:35:33.349401,Toronto-dde0,-3,60,Normal
2026-02-11 13:35:34.349401,Toronto-dde0,15,67,Normal
2026-02-11 13:35:35.349401,Toronto-dde0,-14,46,Normal
2026-02-11 13:35:36.349401,Toronto-dde0,32,12,Normal
2026-02-11 13:35:37.349401,Toronto-dde0,12,88,Normal
2026-02-11 13:35:38.349401,Toronto-dde0,32,82,Normal
2026-02-11 13:35:39.349401,Toronto-dde0,-4,43,Normal
2026-02-11 13:35:40.349401,Toronto-dde0,8,2,Normal
2026-02-11 13:35:41.349401,Toronto-dde0,33,13,Normal
2026-02-11 13:35:42.349401,Toronto-dde0,9,83,Normal
2026-02-11 13:35:43.349401,Toronto-dde0,49,67,Normal
2026-02-11 13:35:44.349401,Toronto-dde0,-9,38,Normal
2026-02-11 13:35:45.349401,Toronto-dde0,44,18,Normal
2026-02-11 13:35:46.349401,Toronto-dde0,25,67,Normal
2026-02-11 13:35:47.349401,Toronto-dde0,4,23,Normal
2026-02-11 13:35:48.349401,Toronto-dde0,-2,52,Normal
2026-02-11 13:35:49.349401,Toronto-dde0,22,38,Normal
2026-02-11 13:35:50.349401,Toronto-dde0,26,16,Normal
2026-02-11 13:35:51.349401,Toronto-dde0,38,63,Normal
2026-02-11 13:35:52.349401,Toronto-dde0,43,69,Normal
2026-02-11 13:35:53.349401,Toronto-dde0,-25,90,Normal
2026-02-11 13:35:54.349401,Toronto-dde0,45,100,Normal
2026-02-11 13:35:55.349401,Toronto-dde0,9,80,Normal
2026-02-11 13:35:56.349401,Toronto-dde0,-27,68,Normal
2026-02-11 13:35:57.349401,Toronto-dde0,-14,16,Normal
2026-02-11 13:35:58.349401,Toronto-dde0,-1,25,Normal
2026-02-11 13:35:59.349401,Toronto-dde0,-1,1,Normal
2026-02-11 13:36:00.349401,Toronto-dde0,-8,82,Normal
2026-02-11 13:36:01.349401,Toronto-dde0,-30,6,Normal
2026-02-11 13:36:02.349401,Toronto-dde0,18,37,Normal
2026-02-11 13:36:03.349401,Toronto-dde0,22,20,Normal
2026-02-11 13:36:04.349401,Toronto-dde0,35,62,Normal
2026-02-11 13:36:05.349401,Toronto-dde0,25,77,Normal
2026-02-11 13:36:06.349401,Toronto-dde0,23,100,Normal
2026-02-11 13:36:07.349401,Toronto-dde0,-27,27,Normal
2026-02-11 13:36:08.349401,Toronto-dde0,7,8,Normal
2026-02-11 13:36:09.349401,Toronto-dde0,-20,21,Normal
2026-02-11 13:36:10.349401,Toronto-dde0,-12,89,Normal
2026-02-11 13:36:11.349401,Toronto-dde0,34,38,Normal
2026-02-11 13:36:12.349401,Toronto-dde0,15,70,Normal
2026-02-11 13:36:13.349401,Toronto-dde0,-17,55,Normal
2026-02-11 13:36:14.349401,Toronto-dde0,6,39,Normal
2026-02-11 13:36:15.349401,Toronto-dde0,22,32,Normal
2026-02-11 13:36:16.349401,Toronto-dde0,44,6,Normal
2026-02-11 13:36:17.349401,Toronto-dde0,1,53,Normal
2026-02-11 13:36:18.349401,Toronto-dde0,-24,87,Normal
2026-02-11 13:36:19.349401,Toronto-dde0,46,47,Normal
2026-02-11 13:36:20.349401,Toronto-dde0,-15,4,Normal
2026-02-11 13:36:21.349401,Toronto-dde0,-18,16,Normal
2026-02-11 13:36:22.349401,Toronto-dde0,-11,66,Normal
2026-02-11 13:36:23.349401,Toronto-dde0,37,49,Normal
2026-02-11 13:36:24.349401,Toronto-dde0,-18,96,Normal
2026-02-11 13:36:25.349401,Toronto-dde0,7,38,Normal
2026-02-11 13:36:26.349401,Toronto-dde0,43,49,Normal
2026-02-11 13:36:27.349401,Toronto-dde0,-26,100,Normal
2026-02-11 13:36:28.349401,Toronto-dde0,-20,86,Normal
2026-02-11 13:36:29.349401,Toronto-dde0,35,19,Normal
2026-02-11 13:36:30.349401,Toronto-dde0,45,57,Normal
2026-02-11 13:36:31.349401,Toronto-dde0,34,43,Normal
2026-02-11 13:36:32.349401,Toronto-dde0,26,20,Normal
2026-02-11 13:36:33.349401,Toronto-dde0,38,41,Normal
2026-02-11 13:36:34.349401,Toronto-dde0,-25,83,Normal
2026-02-11 13:36:35.349401,Toronto-dde0,-12,86,Normal
2026-02-11 13:36:36.349401,Toronto-dde0,30,48,Normal
2026-02-11 13:36:37.349401,Toronto-dde0,1,45,Normal
2026-02-11 13:36:38.349401,Toronto-dde0,-16,22,Normal
2026-02-11 13:36:39.349401,Toronto-dde0,-19,53,Normal
2026-02-11 13:36:40.349401,Toronto-dde0,-16,1,Normal
2026-02-11 13:36:41.349401,Toronto-dde0,-1,71,Normal
2026-02-11 13:36:42.349401,Toronto-dde0,-10,55,Normal
2026-02-11 13:36:43.349401,Toronto-dde0,10,42,Normal
2026-02-11 13:36:44.349401,Toronto-dde0,21,17,Normal
2026-02-11 13:36:45.349401,Toronto-dde0,-4,0,Normal
2026-02-11 13:36:46.349401,Toronto-dde0,-26,19,Normal
2026-02-11 13:36:47.349401,Toronto-dde0,30,68,Normal
2026-02-11 13:36:48.349401,Toronto-dde0,34,49,Normal
2026-02-11 13:36:49.349401,Toronto-dde0,-2,65,Normal
2026-02-11 13:36:50.349401,Toronto-dde0,14,2,Normal
2026-02-11 13:36:51.349401,Toronto-dde0,5,5,Normal
2026-02-11 13:36:52.349401,Toronto-dde0,47,77,Normal
2026-02-11 13:36:53.349401,Toronto-dde0,6,66,Normal
2026-02-11 13:36:54.349401,Toronto-dde0,9,85,Normal
2026-02-11 13:36:55.349401,Toronto-dde0,-6,10,Normal
2026-02-11 13:36:56.349401,Toronto-dde0,16,99,Normal
2026-02-11 13:36:57.349401,Toronto-dde0,-23,78,Normal
2026-02-11 13:36:58.349401,Toronto-dde0,13,47,Normal
2026-02-11 13:36:59.349401,Toronto-dde0,22,56,Normal
2026-02-11 13:37:00.349401,Toronto-dde0,10,7,Normal
2026-02-11 13:37:01.349401,Toronto-dde0,40,55,Normal
2026-02-11 13:37:02.349401,Toronto-dde0,4,29,Normal
2026-02-11 13:37:03.349401,Toronto-dde0,42,69,Normal
2026-02-11 13:37:04.349401,Toronto-dde0,33,77,Normal
2026-02-11 13:37:05.349401,Toronto-dde0,-7,2,Normal
2026-02-11 13:37:06.349401,Toronto-dde0,-26,78,Normal
2026-02-11 13:37:07.349401,Toronto-dde0,5,84,Normal
2026-02-11 13:37:08.349401,Toronto-dde0,43,33,Normal
2026-02-11 13:37:09.349401,Toronto-dde0,8,30,Normal
2026-02-11 13:37:10.349401,Toronto-dde0,39,80,Normal
2026-02-11 13:37:11.349401,Toronto-dde0,34,2,Normal
2026-02-11 13:37:12.349401,Toronto-dde0,1,21,Normal
2026-02-11 13:37:13.349401,Toronto-dde0,2,97,Normal
2026-02-11 13:37:14.349401,Toronto-dde0,-12,67,Normal
2026-02-11 13:37:15.349401,Toronto-dde0,38,12,Normal
2026-02-11 13:37:16.349401,Toronto-dde0,-5,0,Normal
2026-02-11 13:37:17.349401,Toronto-dde0,-4,70,Normal
2026-02-11 13:37:18.349401,Toronto-dde0,18,68,Normal
2026-02-11 13:37:19.349401,Toronto-dde0,-5,39,Normal
2026-02-11 13:37:20.349401,Toronto-dde0,-11,73,Normal
2026-02-11 13:37:21.349401,Toronto-dde0,18,81,Normal
2026-02-11 13:37:22.349401,Toronto-dde0,12,58,Normal
2026-02-11 13:37:23.349401,Toronto-dde0,31,40,Normal
2026-02-11 13:37:24.349401,Toronto-dde0,45,66,Normal
2026-02-11 13:37:25.349401,Toronto-dde0,15,13,Normal
2026-02-11 13:37:26.349401,Toronto-dde0,23,76,Normal
2026-02-11 13:37:27.349401,Toronto-dde0,29,22,Normal
2026-02-11 13:37:28.349401,Toronto-dde0,42,86,Normal
2026-02-11 13:37:29.349401,Toronto-dde0,29,99,Normal
2026-02-11 13:37:30.349401,Toronto-dde0,42,81,Normal
2026-02-11 13:37:31.349401,Toronto-dde0,-14,72,Normal
2026-02-11 13:37:32.349401,Toronto-dde0,25,39,Normal
2026-02-11 13:37:33.349401,Toronto-dde0,-17,12,Normal
2026-02-11 13:37:34.349401,Toronto-dde0,13,65,Normal
2026-02-11 13:37:35.349401,Toronto-dde0,12,37,Normal
2026-02-11 13:37:36.349401,Toronto-dde0,29,55,Normal
2026-02-11 13:37:37.349401,Toronto-dde0,11,13,Normal
2026-02-11 13:37:38.349401,Toronto-dde0,37,65,Normal
2026-02-11 13:37:39.349401,Toronto-dde0,19,75,Normal
2026-02-11 13:37:40.349401,Toronto-dde0,6,99,Normal
2026-02-11 13:37:41.349401,Toronto-dde0,3,3,Normal
2026-02-11 13:37:42.349401,Toronto-dde0,1,22,Normal
2026-02-11 13:37:43.349401,Toronto-dde0,16,81,Normal
2026-02-11 13:37:44.349401,Toronto-dde0,4,38,Normal
2026-02-11 13:37:45.349401,Toronto-dde0,26,25,Normal
2026-02-11 13:37:46.349401,Toronto-dde0,-7,28,Normal
2026-02-11 13:37:47.349401,Toronto-dde0,18,31,Normal
2026-02-11 13:37:48.349401,Toronto-dde0,1,11,Normal
2026-02-11 13:37:49.349401,Toronto-dde0,-13,30,Normal
2026-02-11 13:37:50.349401,Toronto-dde0,44,23,Normal
2026-02-11 13:37:51.349401,Toronto-dde0,-21,12,Normal
2026-02-11 13:37:52.349401,Toronto-dde0,2,8,Normal
2026-02-11 13:37:53.349401,Toronto-dde0,2,22,Normal
2026-02-11 13:37:54.349401,Toronto-dde0,49,37,Normal
2026-02-11 13:37:55.349401,Toronto-dde0,-19,30,Normal
2026-02-11 13:37:56.349401,Toronto-dde0,-1,83,Normal
2026-02-11 13:37:57.349401,Toronto-dde0,13,35,Normal
2026-02-11 13:37:58.349401,Toronto-dde0,50,97,Normal
2026-02-11 13:37:59.349401,Toronto-dde0,27,95,Normal
2026-02-11 13:38:00.349401,Toronto-dde0,37,59,Normal
2026-02-11 13:38:01.349401,Toronto-dde0,7,34,Normal
2026-02-11 13:38:02.349401,Toronto-dde0,48,56,Normal
2026-02-11 13:38:03.349401,Toronto-dde0,-24,0,Normal
2026-02-11 13:38:04.349401,Toronto-dde0,-18,17,Normal
2026-02-11 13:38:05.349401,Toronto-dde0,40,69,Normal
2026-02-11 13:38:06.349401,Toronto-dde0,0,4,Normal
2026-02-11 13:38:07.349401,Toronto-dde0,-11,97,Normal
2026-02-11 13:38:08.349401,Toronto-dde0,23,4,Normal
2026-02-11 13:38:09.349401,Toronto-dde0,-21,24,Normal
2026-02-11 13:38:10.349401,Toronto-dde0,-11,29,Normal
2026-02-11 13:38:11.349401,Toronto-dde0,46,95,Normal
2026-02-11 13:38:12.349401,Toronto-dde0,3,9,Normal
2026-02-11 13:38:13.349401,Toronto-dde0,-20,3,Normal
2026-02-11 13:38:14.349401,Toronto-dde0,3,82,Normal
2026-02-11 13:38:15.349401,Toronto-dde0,49,89,Normal
2026-02-11 13:38:16.349401,Toronto-dde0,25,86,Normal
2026-02-11 13:38:17.349401,Toronto-dde0,-15,52,Normal
2026-02-11 13:38:18.349401,Toronto-dde0,-5,49,Normal
2026-02-11 13:38:19.349401,Toronto-dde0,5,69,Normal
2026-02-11 13:38:20.349401,Toronto-dde0,5,88,Normal
2026-02-11 13:38:21.349401,Toronto-dde0,10,79,Normal
2026-02-11 13:38:22.349401,Toronto-dde0,-15,93,Normal
2026-02-11 13:38:23.349401,Toronto-dde0,-3,30,Normal
2026-02-11 13:38:24.349401,Toronto-dde0,-8,48,Normal
2026-02-11 13:38:25.349401,Toronto-dde0,28,18,Normal
2026-02-11 13:38:26.349401,Toronto-dde0,4,28,Normal
2026-02-11 13:38:27.349401,Toronto-dde0,-21,100,Normal
2026-02-11 13:38:28.349401,Toronto-dde0,44,20,Normal
2026-02-11 13:38:29.349401,Toronto-dde0,14,79,Normal
2026-02-11 13:38:30.349401,Toronto-dde0,31,3,Normal
2026-02-11 13:38:31.349401,Toronto-dde0,-2,68,Normal
2026-02-11 13:38:32.349401,Toronto-dde0,-20,40,Normal
2026-02-11 13:38:33.349401,Toronto-dde0,32,44,Normal
2026-02-11 13:38:34.349401,Toronto-dde0,-22,61,Normal
2026-02-11 13:38:35.349401,Toronto-dde0,44,53,Normal
2026-02-11 13:38:36.349401,Toronto-dde0,25,5,Normal
2026-02-11 13:38:37.349401,Toronto-dde0,31,10,Normal
2026-02-11 13:38:38.349401,Toronto-dde0,-5,19,Normal
2026-02-11 13:38:39.349401,Toronto-dde0,16,49,Normal
2026-02-11 13:38:40.349401,Toronto-dde0,-5,14,Normal
2026-02-11 13:38:41.349401,Toronto-dde0,-2,48,Normal
2026-02-11 13:38:42.349401,Toronto-dde0,-20,73,Normal
2026-02-11 13:38:43.349401,Toronto-dde0,38,63,Normal
2026-02-11 13:38:44.349401,Toronto-dde0,-2,26,Normal
2026-02-11 13:38:45.349401,Toronto-dde0,-20,14,Normal
2026-02-11 13:38:46.349401,Toronto-dde0,-12,57,Normal
2026-02-11 13:38:47.349401,Toronto-dde0,-24,84,Normal
2026-02-11 13:38:48.349401,Toronto-dde0,11,78,Normal
2026-02-11 13:38:49.349401,Toronto-dde0,10,73,Normal
2026-02-11 13:38:50.349401,Toronto-dde0,41,28,Normal
2026-02-11 13:38:51.349401,Toronto-dde0,-15,32,Normal
2026-02-11 13:38:52.349401,Toronto-dde0,13,2,Normal
2026-02-11 13:38:53.349401,Toronto-dde0,18,29,Normal
2026-02-11 13:38:54.349401,Toronto-dde0,-10,71,Normal
2026-02-11 13:38:55.349401,Toronto-dde0,-22,35,Normal
2026-02-11 13:38:56.349401,Toronto-dde0,-1,54,Normal
2026-02-11 13:38:57.349401,Toronto-dde0,-3,54,Normal
2026-02-11 13:38:58.349401,Toronto-dde0,-28,63,Normal
2026-02-11 13:38:59.349401,Toronto-dde0,-13,4,Normal
2026-02-11 13:39:00.349401,Toronto-dde0,11,60,Normal
2026-02-11 13:39:01.349401,Toronto-dde0,10,92,Normal
2026-02-11 13:39:02.349401,Toronto-dde0,38,29,Normal
2026-02-11 13:39:03.349401,Toronto-dde0,1,100,Normal
2026-02-11 13:39:04.349401,Toronto-dde0,42,0,Normal
2026-02-11 13:39:05.349401,Toronto-dde0,34,17,Normal
2026-02-11 13:39:06.349401,Toronto-dde0,8,18,Normal
2026-02-11 13:39:07.349401,Toronto-dde0,7,72,Normal
2026-02-11 13:39:08.349401,Toronto-dde0,-29,16,Normal
2026-02-11 13:39:09.349401,Toronto-dde0,30,77,Normal
2026-02-11 13:39:10.349401,Toronto-dde0,-3,26,Normal
2026-02-11 13:39:11.349401,Toronto-dde0,46,35,Normal
2026-02-11 13:39:12.349401,Toronto-dde0,-28,6,Normal
2026-02-11 13:39:13.349401,Toronto-dde0,-21,63,Normal
2026-02-11 13:39:14.349401,Toronto-dde0,-13,89,Normal
2026-02-11 13:39:15.349401,Toronto-dde0,4,53,Normal
2026-02-11 13:39:16.349401,Toronto-dde0,-15,32,Normal
2026-02-11 13:39:17.349401,Toronto-dde0,14,63,Normal
2026-02-11 13:39:18.349401,Toronto-dde0,12,33,Normal
2026-02-11 13:39:19.349401,Toronto-dde0,22,1,Normal
2026-02-11 13:39:20.349401,Toronto-dde0,-17,80,Normal
2026-02-11 13:39:21.349401,Toronto-dde0,50,10,Normal
2026-02-11 13:39:22.349401,Toronto-dde0,14,48,Normal
2026-02-11 13:39:23.349401,Toronto-dde0,23,78,Normal
2026-02-11 13:39:24.349401,Toronto-dde0,-9,32,Normal
2026-02-11 13:39:25.349401,Toronto-dde0,0,95,Normal
2026-02-11 13:39:26.349401,Toronto-dde0,-13,68,Normal
2026-02-11 13:39:27.349401,Toronto-dde0,41,6,Normal
2026-02-11 13:39:28.349401,Toronto-dde0,45,57,Normal
2026-02-11 13:39:29.349401,Toronto-dde0,43,86,Normal
2026-02-11 13:39:30.349401,Toronto-dde0,-27,16,Normal
2026-02-11 13:39:31.349401,Toronto-dde0,-18,31,Normal
2026-02-11 13:39:32.349401,Toronto-dde0,36,63,Normal
2026-02-11 13:39:33.349401,Toronto-dde0,-30,28,Normal
2026-02-11 13:39:34.349401,Toronto-dde0,-29,83,Normal
2026-02-11 13:39:35.349401,Toronto-dde0,-6,18,Normal
2026-02-11 13:39:36.349401,Toronto-dde0,21,57,Normal
2026-02-11 13:39:37.349401,Toronto-dde0,39,59,Normal
2026-02-11 13:39:38.349401,Toronto-dde0,-27,72,Normal
2026-02-11 13:39:39.349401,Toronto-dde0,-27,25,Normal
2026-02-11 13:39:40.349401,Toronto-dde0,-29,43,Normal
2026-02-11 13:39:41.349401,Toronto-dde0,-1,12,Normal
2026-02-11 13:39:42.349401,Toronto-dde0,36,16,Normal
2026-02-11 13:39:43.349401,Toronto-dde0,50,28,Normal
2026-02-11 13:39:44.349401,Toronto-dde0,44,3,Normal
2026-02-11 13:39:45.349401,Toronto-dde0,-7,41,Normal
2026-02-11 13:39:46.349401,Toronto-dde0,17,52,Normal
2026-02-11 13:39:47.349401,Toronto-dde0,40,64,Normal
2026-02-11 13:39:48.349401,Toronto-dde0,49,99,Normal
2026-02-11 13:39:49.349401,Toronto-dde0,29,81,Normal
2026-02-11 13:39:50.349401,Toronto-dde0,21,94,Normal
2026-02-11 13:39:51.349401,Toronto-dde0,-12,35,Normal
2026-02-11 13:39:52.349401,Toronto-dde0,20,74,Normal
2026-02-11 13:39:53.349401,Toronto-dde0,7,61,Normal
2026-02-11 13:39:54.349401,Toronto-dde0,-11,61,Normal
2026-02-11 13:39:55.349401,Toronto-dde0,50,3,Normal
2026-02-11 13:39:56.349401,Toronto-dde0,-16,19,Normal
2026-02-11 13:39:57.349401,Toronto-dde0,33,99,Normal
2026-02-11 13:39:58.349401,Toronto-dde0,10,34,Normal
2026-02-11 13:39:59.349401,Toronto-dde0,29,46,Normal
2026-02-11 13:40:00.349401,Toronto-dde0,-11,10,Normal
2026-02-11 13:40:01.349401,Toronto-dde0,-4,56,Normal
2026-02-11 13:40:02.349401,Toronto-dde0,-19,10,Normal
2026-02-11 13:40:03.349401,Toronto-dde0,1,43,Normal
2026-02-11 13:40:04.349401,Toronto-dde0,-1,48,Normal
2026-02-11 13:40:05.349401,Toronto-dde0,12,42,Normal
2026-02-11 13:40:06.349401,Toronto-dde0,31,40,Normal
2026-02-11 13:40:07.349401,Toronto-dde0,-19,13,Normal
2026-02-11 13:40:08.349401,Toronto-dde0,-25,39,Normal
2026-02-11 13:40:09.349401,Toronto-dde0,29,62,Normal
2026-02-11 13:40:10.349401,Toronto-dde0,-25,31,Normal
2026-02-11 13:40:11.349401,Toronto-dde0,20,83,Normal
2026-02-11 13:40:12.349401,Toronto-dde0,23,65,Normal
2026-02-11 13:40:13.349401,Toronto-dde0,25,16,Normal
2026-02-11 13:40:14.349401,Toronto-dde0,22,36,Normal
2026-02-11 13:40:15.349401,Toronto-dde0,-15,97,Normal
2026-02-11 13:40:16.349401,Toronto-dde0,-11,58,Normal
2026-02-11 13:40:17.349401,Toronto-dde0,5,84,Normal
2026-02-11 13:40:18.349401,Toronto-dde0,-5,95,Normal
2026-02-11 13:40:19.349401,Toronto-dde0,-9,42,Normal
2026-02-11 13:40:20.349401,Toronto-dde0,15,16,Normal
2026-02-11 13:40:21.349401,Toronto-dde0,46,60,Normal
2026-02-11 13:40:22.349401,Toronto-dde0,-5,17,Normal
2026-02-11 13:40:23.349401,Toronto-dde0,8,62,Normal
2026-02-11 13:40:24.349401,Toronto-dde0,13,64,Normal
2026-02-11 13:40:25.349401,Toronto-dde0,-22,3,Normal
2026-02-11 13:40:26.349401,Toronto-dde0,1,12,Normal
2026-02-11 13:40:27.349401,Toronto-dde0,14,100,Normal
2026-02-11 13:40:28.349401,Toronto-dde0,22,88,Normal
2026-02-11 13:40:29.349401,Toronto-dde0,-2,88,Normal
2026-02-11 13:40:30.349401,Toronto-dde0,2,45,Normal
2026-02-11 13:40:31.349401,Toronto-dde0,39,14,Normal
2026-02-11 13:40:32.349401,Toronto-dde0,12,30,Normal
2026-02-11 13:40:33.349401,Toronto-dde0,12,12,Normal
2026-02-11 13:40:34.349401,Toronto-dde0,44,20,Normal
2026-02-11 13:40:35.349401,Toronto-dde0,35,87,Normal
2026-02-11 13:40:36.349401,Toronto-dde0,39,84,Normal
2026-02-11 13:40:37.349401,Toronto-dde0,6,77,Normal
2026-02-11 13:40:38.349401,Toronto-dde0,47,12,Normal
2026-02-11 13:40:39.349401,Toronto-dde0,1,44,Normal
2026-02-11 13:40:40.349401,Toronto-dde0,-3,41,Normal
2026-02-11 13:40:41.349401,Toronto-dde0,42,39,Normal
2026-02-11 13:40:42.349401,Toronto-dde0,-8,65,Normal
2026-02-11 13:40:43.349401,Toronto-dde0,46,30,Normal
2026-02-11 13:40:44.349401,Toronto-dde0,37,66,Normal
2026-02-11 13:40:45.349401,Toronto-dde0,-5,75,Normal
2026-02-11 13:40:46.349401,Toronto-dde0,-9,6,Normal
2026-02-11 13:40:47.349401,Toronto-dde0,37,56,Normal
2026-02-11 13:40:48.349401,Toronto-dde0,31,98,Normal
2026-02-11 13:40:49.349401,Toronto-dde0,39,44,Normal
2026-02-11 13:40:50.349401,Toronto-dde0,38,31,Normal
2026-02-11 13:40:51.349401,Toronto-dde0,0,35,Normal
2026-02-11 13:40:52.349401,Toronto-dde0,49,40,Normal
2026-02-11 13:40:53.349401,Toronto-dde0,46,85,Normal
2026-02-11 13:40:54.349401,Toronto-dde0,29,20,Normal
2026-02-11 13:40:55.349401,Toronto-dde0,33,91,Normal
2026-02-11 13:40:56.349401,Toronto-dde0,-26,6,Normal
2026-02-11 13:40:57.349401,Toronto-dde0,4,90,Normal
2026-02-11 13:40:58.349401,Toronto-dde0,6,85,Normal
2026-02-11 13:40:59.349401,Toronto-dde0,44,8,Normal
2026-02-11 13:41:00.349401,Toronto-dde0,-6,47,Normal
2026-02-11 13:41:01.349401,Toronto-dde0,-13,77,Normal
2026-02-11 13:41:02.349401,Toronto-dde0,19,14,Normal
2026-02-11 13:41:03.349401,Toronto-dde0,12,76,Normal
2026-02-11 13:41:04.349401,Toronto-dde0,-16,77,Normal
2026-02-11 13:41:05.349401,Toronto-dde0,-10,13,Normal
2026-02-11 13:41:06.349401,Toronto-dde0,21,62,Normal
2026-02-11 13:41:07.349401,Toronto-dde0,48,72,Normal
2026-02-11 13:41:08.349401,Toronto-dde0,-24,60,Normal
2026-02-11 13:41:09.349401,Toronto-dde0,41,69,Normal
2026-02-11 13:41:10.349401,Toronto-dde0,6,53,Normal
2026-02-11 13:41:11.349401,Toronto-dde0,-12,100,Normal
2026-02-11 13:41:12.349401,Toronto-dde0,6,8,Normal
2026-02-11 13:41:13.349401,Toronto-dde0,24,33,Normal
2026-02-11 13:41:14.349401,Toronto-dde0,-12,45,Normal
2026-02-11 13:41:15.349401,Toronto-dde0,15,95,Normal
2026-02-11 13:41:16.349401,Toronto-dde0,35,48,Normal
2026-02-11 13:41:17.349401,Toronto-dde0,-19,91,Normal
2026-02-11 13:41:18.349401,Toronto-dde0,46,8,Normal
2026-02-11 13:41:19.349401,Toronto-dde0,-27,62,Normal
2026-02-11 13:41:20.349401,Toronto-dde0,-10,84,Normal
2026-02-11 13:41:21.349401,Toronto-dde0,41,30,Normal
2026-02-11 13:41:22.349401,Toronto-dde0,-6,21,Normal
2026-02-11 13:41:23.349401,Toronto-dde0,1,19,Normal
2026-02-11 13:41:24.349401,Toronto-dde0,23,62,Normal
2026-02-11 13:41:25.349401,Toronto-dde0,38,81,Normal
2026-02-11 13:41:26.349401,Toronto-dde0,-18,45,Normal
2026-02-11 13:41:27.349401,Toronto-dde0,4,35,Normal
2026-02-11 13:41:28.349401,Toronto-dde0,27,29,Normal
2026-02-11 13:41:29.349401,Toronto-dde0,31,17,Normal
2026-02-11 13:41:30.349401,Toronto-dde0,24,2,Normal
2026-02-11 13:41:31.349401,Toronto-dde0,-12,18,Normal
2026-02-11 13:41:32.349401,Toronto-dde0,13,34,Normal
2026-02-11 13:41:33.349401,Toronto-dde0,3,45,Normal
2026-02-11 13:41:34.349401,Toronto-dde0,40,77,Normal
2026-02-11 13:41:35.349401,Toronto-dde0,-2,79,Normal
2026-02-11 13:41:36.349401,Toronto-dde0,-4,82,Normal
2026-02-11 13:41:37.349401,Toronto-dde0,16,22,Normal
2026-02-11 13:41:38.349401,Toronto-dde0,-20,82,Normal
2026-02-11 13:41:39.349401,Toronto-dde0,48,87,Normal
2026-02-11 13:41:40.349401,Toronto-dde0,5,59,Normal
2026-02-11 13:41:41.349401,Toronto-dde0,48,49,Normal
2026-02-11 13:41:42.349401,Toronto-dde0,24,1,Normal
2026-02-11 13:41:43.349401,Toronto-dde0,-8,58,Normal
2026-02-11 13:41:44.349401,Toronto-dde0,-5,65,Normal
2026-02-11 13:41:45.349401,Toronto-dde0,-17,3,Normal
2026-02-11 13:41:46.349401,Toronto-dde0,-14,10,Normal
2026-02-11 13:41:47.349401,Toronto-dde0,-8,28,Normal
2026-02-11 13:41:48.349401,Toronto-dde0,33,26,Normal
2026-02-11 13:41:49.349401,Toronto-dde0,4,10,Normal
2026-02-11 13:41:50.349401,Toronto-dde0,10,6,Normal
2026-02-11 13:41:51.349401,Toronto-dde0,18,48,Normal
2026-02-11 13:41:52.349401,Toronto-dde0,4,76,Normal
2026-02-11 13:41:53.349401,Toronto-dde0,-5,48,Normal
2026-02-11 13:41:54.349401,Toronto-dde0,13,18,Normal
2026-02-11 13:41:55.349401,Toronto-dde0,36,23,Normal
2026-02-11 13:41:56.349401,Toronto-dde0,47,59,Normal
2026-02-11 13:41:57.349401,Toronto-dde0,36,65,Normal
2026-02-11 13:41:58.349401,Toronto-dde0,24,64,Normal
2026-02-11 13:41:59.349401,Toronto-dde0,-21,86,Normal
2026-02-11 13:42:00.349401,Toronto-dde0,43,92,Normal
2026-02-11 13:42:01.349401,Toronto-dde0,-4,52,Normal
2026-02-11 13:42:02.349401,Toronto-dde0,37,52,Normal
2026-02-11 13:42:03.349401,Toronto-dde0,29,97,Normal
2026-02-11 13:42:04.349401,Toronto-dde0,-19,87,Normal
2026-02-11 13:42:05.349401,Toronto-dde0,30,28,Normal
2026-02-11 13:42:06.349401,Toronto-dde0,26,60,Normal
2026-02-11 13:42:07.349401,Toronto-dde0,49,61,Normal
2026-02-11 13:42:08.349401,Toronto-dde0,0,98,Normal
2026-02-11 13:42:09.349401,Toronto-dde0,32,23,Normal
2026-02-11 13:42:10.349401,Toronto-dde0,-22,18,Normal
2026-02-11 13:42:11.349401,Toronto-dde0,28,35,Normal
2026-02-11 13:42:12.349401,Toronto-dde0,8,85,Normal
2026-02-11 13:42:13.349401,Toronto-dde0,8,57,Normal
2026-02-11 13:42:14.349401,Toronto-dde0,2,5,Normal
2026-02-11 13:42:15.349401,Toronto-dde0,-10,54,Normal
2026-02-11 13:42:16.349401,Toronto-dde0,17,92,Normal
2026-02-11 13:42:17.349401,Toronto-dde0,25,55,Normal
2026-02-11 13:42:18.349401,Toronto-dde0,-14,19,Normal
2026-02-11 13:42:19.349401,Toronto-dde0,38,24,Normal
2026-02-11 13:42:20.349401,Toronto-dde0,-7,74,Normal
2026-02-11 13:42:21.349401,Toronto-dde0,38,94,Normal
2026-02-11 13:42:22.349401,Toronto-dde0,-18,95,Normal
2026-02-11 13:42:23.349401,Toronto-dde0,-22,69,Normal
2026-02-11 13:42:24.349401,Toronto-dde0,-20,57,Normal
2026-02-11 13:42:25.349401,Toronto-dde0,-5,92,Normal
2026-02-11 13:42:26.349401,Toronto-dde0,5,54,Normal
2026-02-11 13:42:27.349401,Toronto-dde0,27,27,Normal
2026-02-11 13:42:28.349401,Toronto-dde0,-22,27,Normal
2026-02-11 13:42:29.349401,Toronto-dde0,-5,90,Normal
2026-02-11 13:42:30.349401,Toronto-dde0,29,99,Normal
2026-02-11 13:42:31.349401,Toronto-dde0,-5,67,Normal
2026-02-11 13:42:32.349401,Toronto-dde0,-23,89,Normal
2026-02-11 13:42:33.349401,Toronto-dde0,37,0,Normal
2026-02-11 13:42:34.349401,Toronto-dde0,49,11,Normal
2026-02-11 13:42:35.349401,Toronto-dde0,-11,22,Normal
2026-02-11 13:42:36.349401,Toronto-dde0,48,100,Normal
2026-02-11 13:42:37.349401,Toronto-dde0,-16,49,Normal
2026-02-11 13:42:38.349401,Toronto-dde0,-4,3,Normal
2026-02-11 13:42:39.349401,Toronto-dde0,18,64,Normal
2026-02-11 13:42:40.349401,Toronto-dde0,-6,14,Normal
2026-02-11 13:42:41.349401,Toronto-dde0,32,83,Normal
2026-02-11 13:42:42.349401,Toronto-dde0,-14,19,Normal
2026-02-11 13:42:43.349401,Toronto-dde0,-25,8,Normal
2026-02-11 13:42:44.349401,Toronto-dde0,-20,75,Normal
2026-02-11 13:42:45.349401,Toronto-dde0,39,95,Normal
2026-02-11 13:42:46.349401,Toronto-dde0,15,4,Normal
2026-02-11 13:42:47.349401,Toronto-dde0,41,51,Normal
2026-02-11 13:42:48.349401,Toronto-dde0,39,89,Normal
2026-02-11 13:42:49.349401,Toronto-dde0,-2,31,Normal
2026-02-11 13:42:50.349401,Toronto-dde0,-23,50,Normal
2026-02-11 13:42:51.349401,Toronto-dde0,43,0,Normal
2026-02-11 13:42:52.349401,Toronto-dde0,17,65,Normal
2026-02-11 13:42:53.349401,Toronto-dde0,39,58,Normal
2026-02-11 13:42:54.349401,Toronto-dde0,49,41,Normal
2026-02-11 13:42:55.349401,Toronto-dde0,-23,21,Normal
2026-02-11 13:42:56.349401,Toronto-dde0,-12,98,Normal
2026-02-11 13:42:57.349401,Toronto-dde0,-14,12,Normal
2026-02-11 13:42:58.349401,Toronto-dde0,8,4,Normal
2026-02-11 13:42:59.349401,Toronto-dde0,5,34,Normal
2026-02-11 13:43:00.349401,Toronto-dde0,13,44,Normal
2026-02-11 13:43:01.349401,Toronto-dde0,-6,70,Normal
2026-02-11 13:43:02.349401,Toronto-dde0,24,79,Normal
2026-02-11 13:43:03.349401,Toronto-dde0,-12,49,Normal
2026-02-11 13:43:04.349401,Toronto-dde0,-28,29,Normal
2026-02-11 13:43:05.349401,Toronto-dde0,-26,74,Normal
2026-02-11 13:43:06.349401,Toronto-dde0,-1,31,Normal
2026-02-11 13:43:07.349401,Toronto-dde0,16,5,Normal
2026-02-11 13:43:08.349401,Toronto-dde0,-30,35,Normal
2026-02-11 13:43:09.349401,Toronto-dde0,34,92,Normal
2026-02-11 13:43:10.349401,Toronto-dde0,30,81,Normal
2026-02-11 13:43:11.349401,Toronto-dde0,11,51,Normal
2026-02-11 13:43:12.349401,Toronto-dde0,13,36,Normal
2026-02-11 13:43:13.349401,Toronto-dde0,47,27,Normal
2026-02-11 13:43:14.349401,Toronto-dde0,14,36,Normal
2026-02-11 13:43:15.349401,Toronto-dde0,-29,34,Normal
2026-02-11 13:43:16.349401,Toronto-dde0,-11,99,Normal
2026-02-11 13:43:17.349401,Toronto-dde0,46,14,Normal
2026-02-11 13:43:18.349401,Toronto-dde0,20,3,Normal
2026-02-11 13:43:19.349401,Toronto-dde0,48,91,Normal
2026-02-11 13:43:20.349401,Toronto-dde0,-25,92,Normal
2026-02-11 13:43:21.349401,Toronto-dde0,-24,67,Normal
2026-02-11 13:43:22.349401,Toronto-dde0,5,25,Normal
2026-02-11 13:43:23.349401,Toronto-dde0,3,99,Normal
2026-02-11 13:43:24.349401,Toronto-dde0,40,70,Normal
2026-02-11 13:43:25.349401,Toronto-dde0,-11,16,Normal
2026-02-11 13:43:26.349401,Toronto-dde0,-4,26,Normal
2026-02-11 13:43:27.349401,Toronto-dde0,9,3,Normal
2026-02-11 13:43:28.349401,Toronto-dde0,15,15,Normal
2026-02-11 13:43:29.349401,Toronto-dde0,32,74,Normal
2026-02-11 13:43:30.349401,Toronto-dde0,8,66,Normal
2026-02-11 13:43:31.349401,Toronto-dde0,-19,70,Normal
2026-02-11 13:43:32.349401,Toronto-dde0,27,93,Normal
2026-02-11 13:43:33.349401,Toronto-dde0,16,94,Normal
2026-02-11 13:43:34.349401,Toronto-dde0,18,6,Normal
2026-02-11 13:43:35.349401,Toronto-dde0,-10,13,Normal
2026-02-11 13:43:36.349401,Toronto-dde0,-27,30,Normal
2026-02-11 13:43:37.349401,Toronto-dde0,1,65,Normal
2026-02-11 13:43:38.349401,Toronto-dde0,-10,55,Normal
2026-02-11 13:43:39.349401,Toronto-dde0,-17,95,Normal
2026-02-11 13:43:40.349401,Toronto-dde0,20,17,Normal
2026-02-11 13:43:41.349401,Toronto-dde0,-14,49,Normal
2026-02-11 13:43:42.349401,Toronto-dde0,32,55,Normal
2026-02-11 13:43:43.349401,Toronto-dde0,41,80,Normal
2026-02-11 13:43:44.349401,Toronto-dde0,38,58,Normal
2026-02-11 13:43:45.349401,Toronto-dde0,-21,85,Normal
2026-02-11 13:43:46.349401,Toronto-dde0,-21,76,Normal
2026-02-11 13:43:47.349401,Toronto-dde0,29,100,Normal
2026-02-11 13:43:48.349401,Toronto-dde0,7,79,Normal
2026-02-11 13:43:49.349401,Toronto-dde0,24,71,Normal
2026-02-11 13:43:50.349401,Toronto-dde0,-12,90,Normal
2026-02-11 13:43:51.349401,Toronto-dde0,4,58,Normal
2026-02-11 13:43:52.349401,Toronto-dde0,-30,93,Normal
2026-02-11 13:43:53.349401,Toronto-dde0,46,76,Normal
2026-02-11 13:43:54.349401,Toronto-dde0,37,0,Normal
2026-02-11 13:43:55.349401,Toronto-dde0,-8,2,Normal
2026-02-11 13:43:56.349401,Toronto-dde0,45,66,Normal
2026-02-11 13:43:57.349401,Toronto-dde0,-1,37,Normal
2026-02-11 13:43:58.349401,Toronto-dde0,-3,39,Normal
2026-02-11 13:43:59.349401,Toronto-dde0,-13,27,Normal
2026-02-11 13:44:00.349401,Toronto-dde0,-14,85,Normal
2026-02-11 13:44:01.349401,Toronto-dde0,46,92,Normal
2026-02-11 13:44:02.349401,Toronto-dde0,-5,88,Normal
2026-02-11 13:44:03.349401,Toronto-dde0,34,80,Normal
2026-02-11 13:44:04.349401,Toronto-dde0,36,54,Normal
2026-02-11 13:44:05.349401,Toronto-dde0,5,77,Normal
2026-02-11 13:44:06.349401,Toronto-dde0,23,52,Normal
2026-02-11 13:44:07.349401,Toronto-dde0,-15,58,Normal
2026-02-11 13:44:08.349401,Toronto-dde0,14,11,Normal
2026-02-11 13:44:09.349401,Toronto-dde0,-29,44,Normal
2026-02-11 13:44:10.349401,Toronto-dde0,13,82,Normal
2026-02-11 13:44:11.349401,Toronto-dde0,-22,42,Normal
2026-02-11 13:44:12.349401,Toronto-dde0,-27,70,Normal
2026-02-11 13:44:13.349401,Toronto-dde0,-25,38,Normal
2026-02-11 13:44:14.349401,Toronto-dde0,4,87,Normal
2026-02-11 13:44:15.349401,Toronto-dde0,-26,73,Normal
2026-02-11 13:44:16.349401,Toronto-dde0,-27,56,Normal
2026-02-11 13:44:17.349401,Toronto-dde0,-12,30,Normal
2026-02-11 13:44:18.349401,Toronto-dde0,-23,59,Normal
2026-02-11 13:44:19.349401,Toronto-dde0,7,13,Normal
2026-02-11 13:44:20.349401,Toronto-dde0,-9,88,Normal
2026-02-11 13:44:21.349401,Toronto-dde0,48,74,Normal
2026-02-11 13:44:22.349401,Toronto-dde0,46,72,Normal
2026-02-11 13:44:23.349401,Toronto-dde0,6,88,Normal
2026-02-11 13:44:24.349401,Toronto-dde0,24,79,Normal
2026-02-11 13:44:25.349401,Toronto-dde0,-1,69,Normal
2026-02-11 13:44:26.349401,Toronto-dde0,-15,76,Normal
2026-02-11 13:44:27.349401,Toronto-dde0,3,71,Normal
2026-02-11 13:44:28.349401,Toronto-dde0,-24,53,Normal
2026-02-11 13:44:29.349401,Toronto-dde0,-20,51,Normal
2026-02-11 13:44:30.349401,Toronto-dde0,-2,73,Normal
2026-02-11 13:44:31.349401,Toronto-dde0,8,20,Normal
2026-02-11 13:44:32.349401,Toronto-dde0,-2,66,Normal
2026-02-11 13:44:33.349401,Toronto-dde0,5,96,Normal
2026-02-11 13:44:34.349401,Toronto-dde0,-3,59,Normal
2026-02-11 13:44:35.349401,Toronto-dde0,-1,36,Normal
2026-02-11 13:44:36.349401,Toronto-dde0,11,85,Normal
2026-02-11 13:44:37.349401,Toronto-dde0,50,87,Normal
2026-02-11 13:44:38.349401,Toronto-dde0,23,88,Normal
2026-02-11 13:44:39.349401,Toronto-dde0,48,98,Normal
2026-02-11 13:44:40.349401,Toronto-dde0,-10,95,Normal
2026-02-11 13:44:41.349401,Toronto-dde0,45,55,Normal
2026-02-11 13:44:42.349401,Toronto-dde0,17,45,Normal
2026-02-11 13:44:43.349401,Toronto-dde0,-18,7,Normal
2026-02-11 13:44:44.349401,Toronto-dde0,1,85,Normal
2026-02-11 13:44:45.349401,Toronto-dde0,43,90,Normal
2026-02-11 13:44:46.349401,Toronto-dde0,29,56,Normal
2026-02-11 13:44:47.349401,Toronto-dde0,-14,24,Normal
2026-02-11 13:44:48.349401,Toronto-dde0,-4,30,Normal
2026-02-11 13:44:49.349401,Toronto-dde0,8,19,Normal
2026-02-11 13:44:50.349401,Toronto-dde0,4,76,Normal
2026-02-11 13:44:51.349401,Toronto-dde0,40,45,Normal
2026-02-11 13:44:52.349401,Toronto-dde0,44,55,Normal
2026-02-11 13:44:53.349401,Toronto-dde0,12,66,Normal
2026-02-11 13:44:54.349401,Toronto-dde0,48,100,Normal
2026-02-11 13:44:55.349401,Toronto-dde0,-24,46,Normal
2026-02-11 13:44:56.349401,Toronto-dde0,0,76,Normal
2026-02-11 13:44:57.349401,Toronto-dde0,36,43,Normal
2026-02-11 13:44:58.349401,Toronto-dde0,-28,68,Normal
2026-02-11 13:44:59.349401,Toronto-dde0,23,72,Normal
2026-02-11 13:45:00.349401,Toronto-dde0,17,78,Normal
2026-02-11 13:45:01.349401,Toronto-dde0,-7,2,Normal
2026-02-11 13:45:02.349401,Toronto-dde0,50,39,Normal
2026-02-11 13:45:03.349401,Toronto-dde0,16,29,Normal
2026-02-11 13:45:04.349401,Toronto-dde0,30,74,Normal
2026-02-11 13:45:05.349401,Toronto-dde0,4,92,Normal
2026-02-11 13:45:06.349401,Toronto-dde0,-21,8,Normal
2026-02-11 13:45:07.349401,Toronto-dde0,-24,39,Normal
2026-02-11 13:45:08.349401,Toronto-dde0,40,47,Normal
2026-02-11 13:45:09.349401,Toronto-dde0,13,13,Normal
2026-02-11 13:45:10.349401,Toronto-dde0,-4,34,Normal
2026-02-11 13:45:11.349401,Toronto-dde0,42,86,Normal
2026-02-11 13:45:12.349401,Toronto-dde0,-22,9,Normal
2026-02-11 13:45:13.349401,Toronto-dde0,44,55,Normal
2026-02-11 13:45:14.349401,Toronto-dde0,11,33,Normal
2026-02-11 13:45:15.349401,Toronto-dde0,-28,76,Normal
2026-02-11 13:45:16.349401,Toronto-dde0,-21,13,Normal
2026-02-11 13:45:17.349401,Toronto-dde0,9,39,Normal
2026-02-11 13:45:18.349401,Toronto-dde0,20,40,Normal
2026-02-11 13:45:19.349401,Toronto-dde0,32,66,Normal
2026-02-11 13:45:20.349401,Toronto-dde0,6,6,Normal
2026-02-11 13:45:21.349401,Toronto-dde0,15,89,Normal
2026-02-11 13:45:22.349401,Toronto-dde0,-28,55,Normal
2026-02-11 13:45:23.349401,Toronto-dde0,-22,78,Normal
2026-02-11 13:45:24.349401,Toronto-dde0,-20,26,Normal
2026-02-11 13:45:25.349401,Toronto-dde0,35,67,Normal
2026-02-11 13:45:26.349401,Toronto-dde0,5,32,Normal
2026-02-11 13:45:27.349401,Toronto-dde0,4,40,Normal
2026-02-11 13:45:28.349401,Toronto-dde0,32,64,Normal
2026-02-11 13:45:29.349401,Toronto-dde0,20,30,Normal
2026-02-11 13:45:30.349401,Toronto-dde0,-19,38,Normal
2026-02-11 13:45:31.349401,Toronto-dde0,-4,98,Normal
2026-02-11 13:45:32.349401,Toronto-dde0,46,22,Normal
2026-02-11 13:45:33.349401,Toronto-dde0,31,54,Normal
2026-02-11 13:45:34.349401,Toronto-dde0,-1,47,Normal
2026-02-11 13:45:35.349401,Toronto-dde0,-22,31,Normal
2026-02-11 13:45:36.349401,Toronto-dde0,41,56,Normal
2026-02-11 13:45:37.349401,Toronto-dde0,20,7,Normal
2026-02-11 13:45:38.349401,Toronto-dde0,-6,45,Normal
2026-02-11 13:45:39.349401,Toronto-dde0,16,27,Normal
2026-02-11 13:45:40.349401,Toronto-dde0,-30,42,Normal
2026-02-11 13:45:41.349401,Toronto-dde0,29,11,Normal
2026-02-11 13:45:42.349401,Toronto-dde0,26,45,Normal
2026-02-11 13:45:43.349401,Toronto-dde0,-1,83,Normal
2026-02-11 13:45:44.349401,Toronto-dde0,21,78,Normal
2026-02-11 13:45:45.349401,Toronto-dde0,-17,60,Normal
2026-02-11 13:45:46.349401,Toronto-dde0,18,67,Normal
2026-02-11 13:45:47.349401,Toronto-dde0,25,71,Normal
2026-02-11 13:45:48.349401,Toronto-dde0,-10,55,Normal
2026-02-11 13:45:49.349401,Toronto-dde0,2,72,Normal
2026-02-11 13:45:50.349401,Toronto-dde0,-1,4,Normal
2026-02-11 13:45:51.349401,Toronto-dde0,28,94,Normal
2026-02-11 13:45:52.349401,Toronto-dde0,50,10,Normal
2026-02-11 13:45:53.349401,Toronto-dde0,14,33,Normal
2026-02-11 13:45:54.349401,Toronto-dde0,-16,64,Normal
2026-02-11 13:45:55.349401,Toronto-dde0,-29,31,Normal
2026-02-11 13:45:56.349401,Toronto-dde0,-7,81,Normal
2026-02-11 13:45:57.349401,Toronto-dde0,8,22,Normal
2026-02-11 13:45:58.349401,Toronto-dde0,6,38,Normal
2026-02-11 13:45:59.349401,Toronto-dde0,18,32,Normal
2026-02-11 13:46:00.349401,Toronto-dde0,42,68,Normal
2026-02-11 13:46:01.349401,Toronto-dde0,-7,5,Normal
2026-02-11 13:46:02.349401,Toronto-dde0,4,67,Normal
2026-02-11 13:46:03.349401,Toronto-dde0,-9,22,Normal
2026-02-11 13:46:04.349401,Toronto-dde0,30,2,Normal
2026-02-11 13:46:05.349401,Toronto-dde0,26,69,Normal
2026-02-11 13:46:06.349401,Toronto-dde0,36,70,Normal
2026-02-11 13:46:07.349401,Toronto-dde0,-20,42,Normal
2026-02-11 13:46:08.349401,Toronto-dde0,27,13,Normal
2026-02-11 13:46:09.349401,Toronto-dde0,1,79,Normal
2026-02-11 13:46:10.349401,Toronto-dde0,-2,37,Normal
2026-02-11 13:46:11.349401,Toronto-dde0,40,20,Normal
2026-02-11 13:46:12.349401,Toronto-dde0,36,54,Normal
2026-02-11 13:46:13.349401,Toronto-dde0,-23,46,Normal
2026-02-11 13:46:14.349401,Toronto-dde0,-27,79,Normal
2026-02-11 13:46:15.349401,Toronto-dde0,-5,22,Normal
2026-02-11 13:46:16.349401,Toronto-dde0,3,91,Normal
2026-02-11 13:46:17.349401,Toronto-dde0,5,51,Normal
2026-02-11 13:46:18.349401,Toronto-dde0,42,77,Normal
2026-02-11 13:46:19.349401,Toronto-dde0,34,60,Normal
2026-02-11 13:46:20.349401,Toronto-dde0,39,59,Normal
2026-02-11 13:46:21.349401,Toronto-dde0,-28,10,Normal
2026-02-11 13:46:22.349401,Toronto-dde0,11,73,Normal
2026-02-11 13:46:23.349401,Toronto-dde0,-12,71,Normal
2026-02-11 13:46:24.349401,Toronto-dde0,36,25,Normal
2026-02-11 13:46:25.349401,Toronto-dde0,-24,31,Normal
2026-02-11 13:46:26.349401,Toronto-dde0,46,29,Normal
2026-02-11 13:46:27.349401,Toronto-dde0,-3,0,Normal
2026-02-11 13:46:28.349401,Toronto-dde0,21,42,Normal
2026-02-11 13:46:29.349401,Toronto-dde0,43,98,Normal
2026-02-11 13:46:30.349401,Toronto-dde0,-25,36,Normal
2026-02-11 13:46:31.349401,Toronto-dde0,30,62,Normal
2026-02-11 13:46:32.349401,Toronto-dde0,39,6,Normal
2026-02-11 13:46:33.349401,Toronto-dde0,-30,49,Normal
2026-02-11 13:46:34.349401,Toronto-dde0,38,70,Normal
2026-02-11 13:46:35.349401,Toronto-dde0,-12,0,Normal
2026-02-11 13:46:36.349401,Toronto-dde0,-10,34,Normal
2026-02-11 13:46:37.349401,Toronto-dde0,-1,85,Normal
2026-02-11 13:46:38.349401,Toronto-dde0,18,62,Normal
2026-02-11 13:46:39.349401,Toronto-dde0,24,63,Normal
2026-02-11 13:46:40.349401,Toronto-dde0,-24,18,Normal
2026-02-11 13:46:41.349401,Toronto-dde0,-9,63,Normal
2026-02-11 13:46:42.349401,Toronto-dde0,2,19,Normal
2026-02-11 13:46:43.349401,Toronto-dde0,6,18,Normal
2026-02-11 13:46:44.349401,Toronto-dde0,15,20,Normal
2026-02-11 13:46:45.349401,Toronto-dde0,47,19,Normal
2026-02-11 13:46:46.349401,Toronto-dde0,44,37,Normal
2026-02-11 13:46:47.349401,Toronto-dde0,-28,95,Normal
2026-02-11 13:46:48.349401,Toronto-dde0,-14,42,Normal
2026-02-11 13:46:49.349401,Toronto-dde0,38,20,Normal
2026-02-11 13:46:50.349401,Toronto-dde0,10,11,Normal
2026-02-11 13:46:51.349401,Toronto-dde0,-10,64,Normal
2026-02-11 13:46:52.349401,Toronto-dde0,7,57,Normal
2026-02-11 13:46:53.349401,Toronto-dde0,26,7,Normal
2026-02-11 13:46:54.349401,Toronto-dde0,50,87,Normal
2026-02-11 13:46:55.349401,Toronto-dde0,15,59,Normal
2026-02-11 13:46:56.349401,Toronto-dde0,-20,31,Normal
2026-02-11 13:46:57.349401,Toronto-dde0,33,83,Normal
2026-02-11 13:46:58.349401,Toronto-dde0,-12,81,Normal
2026-02-11 13:46:59.349401,Toronto-dde0,25,6,Normal
2026-02-11 13:47:00.349401,Toronto-dde0,11,89,Normal
2026-02-11 13:47:01.349401,Toronto-dde0,-5,44,Normal
2026-02-11 13:47:02.349401,Toronto-dde0,-29,17,Normal
2026-02-11 13:47:03.349401,Toronto-dde0,-9,54,Normal
2026-02-11 13:47:04.349401,Toronto-dde0,1,27,Normal
2026-02-11 13:47:05.349401,Toronto-dde0,25,13,Normal
2026-02-11 13:47:06.349401,Toronto-dde0,35,56,Normal
2026-02-11 13:47:07.349401,Toronto-dde0,11,22,Normal
2026-02-11 13:47:08.349401,Toronto-dde0,44,73,Normal
2026-02-11 13:47:09.349401,Toronto-dde0,3,31,Normal
2026-02-11 13:47:10.349401,Toronto-dde0,15,37,Normal
2026-02-11 13:47:11.349401,Toronto-dde0,-14,23,Normal
2026-02-11 13:47:12.349401,Toronto-dde0,9,20,Normal
2026-02-11 13:47:13.349401,Toronto-dde0,10,14,Normal
2026-02-11 13:47:14.349401,Toronto-dde0,-23,59,Normal
2026-02-11 13:47:15.349401,Toronto-dde0,-3,53,Normal
2026-02-11 13:47:16.349401,Toronto-dde0,-30,41,Normal
2026-02-11 13:47:17.349401,Toronto-dde0,-20,58,Normal
2026-02-11 13:47:18.349401,Toronto-dde0,9,48,Normal
2026-02-11 13:47:19.349401,Toronto-dde0,49,47,Normal
2026-02-11 13:47:20.349401,Toronto-dde0,-30,72,Normal
2026-02-11 13:47:21.349401,Toronto-dde0,-13,88,Normal
2026-02-11 13:47:22.349401,Toronto-dde0,23,21,Normal
2026-02-11 13:47:23.349401,Toronto-dde0,-15,60,Normal
2026-02-11 13:47:24.349401,Toronto-dde0,-28,24,Normal
2026-02-11 13:47:25.349401,Toronto-dde0,42,39,Normal
2026-02-11 13:47:26.349401,Toronto-dde0,-13,17,Normal
2026-02-11 13:47:27.349401,Toronto-dde0,-28,64,Normal
2026-02-11 13:47:28.349401,Toronto-dde0,-4,17,Normal
2026-02-11 13:47:29.349401,Toronto-dde0,43,74,Normal
2026-02-11 13:47:30.349401,Toronto-dde0,32,20,Normal
2026-02-11 13:47:31.349401,Toronto-dde0,39,17,Normal
2026-02-11 13:47:32.349401,Toronto-dde0,8,36,Normal
2026-02-11 13:47:33.349401,Toronto-dde0,7,79,Normal
2026-02-11 13:47:34.349401,Toronto-dde0,-24,7,Normal
2026-02-11 13:47:35.349401,Toronto-dde0,-24,85,Normal
2026-02-11 13:47:36.349401,Toronto-dde0,25,75,Normal
2026-02-11 13:47:37.349401,Toronto-dde0,-17,11,Normal
2026-02-11 13:47:38.349401,Toronto-dde0,49,82,Normal
2026-02-11 13:47:39.349401,Toronto-dde0,14,36,Normal
2026-02-11 13:47:40.349401,Toronto-dde0,-20,11,Normal
2026-02-11 13:47:41.349401,Toronto-dde0,15,36,Normal
2026-02-11 13:47:42.349401,Toronto-dde0,2,31,Normal
2026-02-11 13:47:43.349401,Toronto-dde0,9,94,Normal
2026-02-11 13:47:44.349401,Toronto-dde0,2,81,Normal
2026-02-11 13:47:45.349401,Toronto-dde0,46,57,Normal
2026-02-11 13:47:46.349401,Toronto-dde0,-26,44,Normal
2026-02-11 13:47:47.349401,Toronto-dde0,24,40,Normal
2026-02-11 13:47:48.349401,Toronto-dde0,20,61,Normal
2026-02-11 13:47:49.349401,Toronto-dde0,42,59,Normal
2026-02-11 13:47:50.349401,Toronto-dde0,13,84,Normal
2026-02-11 13:47:51.349401,Toronto-dde0,-2,72,Normal
2026-02-11 13:47:52.349401,Toronto-dde0,34,62,Normal
2026-02-11 13:47:53.349401,Toronto-dde0,27,6,Normal
2026-02-11 13:47:54.349401,Toronto-dde0,-25,34,Normal
2026-02-11 13:47:55.349401,Toronto-dde0,-15,56,Normal
2026-02-11 13:47:56.349401,Toronto-dde0,40,29,Normal
2026-02-11 13:47:57.349401,Toronto-dde0,-9,58,Normal
2026-02-11 13:47:58.349401,Toronto-dde0,8,79,Normal
2026-02-11 13:47:59.349401,Toronto-dde0,20,31,Normal
2026-02-11 13:48:00.349401,Toronto-dde0,30,85,Normal
2026-02-11 13:48:01.349401,Toronto-dde0,-9,10,Normal
2026-02-11 13:48:02.349401,Toronto-dde0,16,45,Normal
2026-02-11 13:48:03.349401,Toronto-dde0,33,99,Normal
2026-02-11 13:48:04.349401,Toronto-dde0,-28,58,Normal
2026-02-11 13:48:05.349401,Toronto-dde0,29,30,Normal
2026-02-11 13:48:06.349401,Toronto-dde0,10,27,Normal
2026-02-11 13:48:07.349401,Toronto-dde0,31,42,Normal
2026-02-11 13:48:08.349401,Toronto-dde0,4,34,Normal
2026-02-11 13:48:09.349401,Toronto-dde0,-6,14,Normal
2026-02-11 13:48:10.349401,Toronto-dde0,45,40,Normal
2026-02-11 13:48:11.349401,Toronto-dde0,-21,68,Normal
2026-02-11 13:48:12.349401,Toronto-dde0,6,77,Normal
2026-02-11 13:48:13.349401,Toronto-dde0,1,85,Normal
2026-02-11 13:48:14.349401,Toronto-dde0,41,65,Normal
2026-02-11 13:48:15.349401,Toronto-dde0,17,23,Normal
2026-02-11 13:48:16.349401,Toronto-dde0,-20,99,Normal
2026-02-11 13:48:17.349401,Toronto-dde0,13,35,Normal
2026-02-11 13:48:18.349401,Toronto-dde0,-18,90,Normal
2026-02-11 13:48:19.349401,Toronto-dde0,-15,87,Normal
2026-02-11 13:48:20.349401,Toronto-dde0,29,10,Normal
2026-02-11 13:48:21.349401,Toronto-dde0,16,19,Normal
2026-02-11 13:48:22.349401,Toronto-dde0,10,94,Normal
2026-02-11 13:48:23.349401,Toronto-dde0,24,26,Normal
2026-02-11 13:48:24.349401,Toronto-dde0,-19,39,Normal
2026-02-11 13:48:25.349401,Toronto-dde0,-10,39,Normal
2026-02-11 13:48:26.349401,Toronto-dde0,31,14,Normal
2026-02-11 13:48:27.349401,Toronto-dde0,16,77,Normal
2026-02-11 13:48:28.349401,Toronto-dde0,24,91,Normal
2026-02-11 13:48:29.349401,Toronto-dde0,-24,87,Normal
2026-02-11 13:48:30.349401,Toronto-dde0,45,72,Normal
2026-02-11 13:48:31.349401,Toronto-dde0,-17,74,Normal
2026-02-11 13:48:32.349401,Toronto-dde0,-12,66,Normal
2026-02-11 13:48:33.349401,Toronto-dde0,13,88,Normal
2026-02-11 13:48:34.349401,Toronto-dde0,-20,79,Normal
2026-02-11 13:48:35.349401,Toronto-dde0,41,93,Normal
2026-02-11 13:48:36.349401,Toronto-dde0,23,4,Normal
2026-02-11 13:48:37.349401,Toronto-dde0,-21,59,Normal
2026-02-11 13:48:38.349401,Toronto-dde0,4,36,Normal
2026-02-11 13:48:39.349401,Toronto-dde0,-23,46,Normal
2026-02-11 13:48:40.349401,Toronto-dde0,-10,79,Normal
2026-02-11 13:48:41.349401,Toronto-dde0,45,17,Normal
2026-02-11 13:48:42.349401,Toronto-dde0,-15,40,Normal
2026-02-11 13:48:43.349401,Toronto-dde0,47,97,Normal
2026-02-11 13:48:44.349401,Toronto-dde0,-16,41,Normal
2026-02-11 13:48:45.349401,Toronto-dde0,-12,77,Normal
2026-02-11 13:48:46.349401,Toronto-dde0,-2,64,Normal
2026-02-11 13:48:47.349401,Toronto-dde0,47,44,Normal
2026-02-11 13:48:48.349401,Toronto-dde0,-4,49,Normal
2026-02-11 13:48:49.349401,Toronto-dde0,12,74,Normal
2026-02-11 13:48:50.349401,Toronto-dde0,9,7,Normal
2026-02-11 13:48:51.349401,Toronto-dde0,-21,22,Normal
2026-02-11 13:48:52.349401,Toronto-dde0,26,22,Normal
2026-02-11 13:48:53.349401,Toronto-dde0,1,55,Normal
2026-02-11 13:48:54.349401,Toronto-dde0,8,74,Normal
2026-02-11 13:48:55.349401,Toronto-dde0,15,41,Normal
2026-02-11 13:48:56.349401,Toronto-dde0,-18,66,Normal
2026-02-11 13:48:57.349401,Toronto-dde0,36,80,Normal
2026-02-11 13:48:58.349401,Toronto-dde0,-28,48,Normal
2026-02-11 13:48:59.349401,Toronto-dde0,-24,64,Normal
2026-02-11 13:49:00.349401,Toronto-dde0,24,3,Normal
2026-02-11 13:49:01.349401,Toronto-dde0,-4,30,Normal
2026-02-11 13:49:02.349401,Toronto-dde0,-1,43,Normal
2026-02-11 13:49:03.349401,Toronto-dde0,21,9,Normal
2026-02-11 13:49:04.349401,Toronto-dde0,49,44,Normal
2026-02-11 13:49:05.349401,Toronto-dde0,6,5,Normal
2026-02-11 13:49:06.349401,Toronto-dde0,42,75,Normal
2026-02-11 13:49:07.349401,Toronto-dde0,12,8,Normal
2026-02-11 13:49:08.349401,Toronto-dde0,-6,9,Normal
2026-02-11 13:49:09.349401,Toronto-dde0,-26,89,Normal
2026-02-11 13:49:10.349401,Toronto-dde0,50,23,Normal
2026-02-11 13:49:11.349401,Toronto-dde0,-8,89,Normal
2026-02-11 13:49:12.349401,Toronto-dde0,29,70,Normal
2026-02-11 13:49:13.349401,Toronto-dde0,7,83,Normal
2026-02-11 13:49:14.349401,Toronto-dde0,32,89,Normal
2026-02-11 13:49:15.349401,Toronto-dde0,17,5,Normal
2026-02-11 13:49:16.349401,Toronto-dde0,-9,46,Normal
2026-02-11 13:49:17.349401,Toronto-dde0,26,58,Normal
2026-02-11 13:49:18.349401,Toronto-dde0,-16,48,Normal
2026-02-11 13:49:19.349401,Toronto-dde0,-14,6,Normal
2026-02-11 13:49:20.349401,Toronto-dde0,-29,29,Normal
2026-02-11 13:49:21.349401,Toronto-dde0,1,5,Normal
2026-02-11 13:49:22.349401,Toronto-dde0,1,63,Normal
2026-02-11 13:49:23.349401,Toronto-dde0,18,57,Normal
2026-02-11 13:49:24.349401,Toronto-dde0,-25,18,Normal
2026-02-11 13:49:25.349401,Toronto-dde0,3,55,Normal
2026-02-11 13:49:26.349401,Toronto-dde0,11,75,Normal
2026-02-11 13:49:27.349401,Toronto-dde0,27,84,Normal
2026-02-11 13:49:28.349401,Toronto-dde0,-20,66,Normal
2026-02-11 13:49:29.349401,Toronto-dde0,-1,66,Normal
2026-02-11 13:49:30.349401,Toronto-dde0,3,65,Normal
2026-02-11 13:49:31.349401,Toronto-dde0,14,74,Normal
2026-02-11 13:49:32.349401,Toronto-dde0,26,34,Normal
2026-02-11 13:49:33.349401,Toronto-dde0,26,9,Normal
2026-02-11 13:49:34.349401,Toronto-dde0,31,84,Normal
2026-02-11 13:49:35.349401,Toronto-dde0,-6,16,Normal
2026-02-11 13:49:36.349401,Toronto-dde0,19,25,Normal
2026-02-11 13:49:37.349401,Toronto-dde0,-21,24,Normal
2026-02-11 13:49:38.349401,Toronto-dde0,-5,27,Normal
2026-02-11 13:49:39.349401,Toronto-dde0,-27,92,Normal
2026-02-11 13:49:40.349401,Toronto-dde0,-30,23,Normal
2026-02-11 13:49:41.349401,Toronto-dde0,37,56,Normal
2026-02-11 13:49:42.349401,Toronto-dde0,28,53,Normal
2026-02-11 13:49:43.349401,Toronto-dde0,21,63,Normal
2026-02-11 13:49:44.349401,Toronto-dde0,28,42,Normal
2026-02-11 13:49:45.349401,Toronto-dde0,-2,56,Normal
2026-02-11 13:49:46.349401,Toronto-dde0,10,63,Normal
2026-02-11 13:49:47.349401,Toronto-dde0,0,31,Normal
2026-02-11 13:49:48.349401,Toronto-dde0,-28,99,Normal
2026-02-11 13:49:49.349401,Toronto-dde0,-25,30,Normal
2026-02-11 13:49:50.349401,Toronto-dde0,-29,66,Normal
2026-02-11 13:49:51.349401,Toronto-dde0,14,81,Normal
2026-02-11 13:49:52.349401,Toronto-dde0,1,30,Normal
2026-02-11 13:49:53.349401,Toronto-dde0,-11,82,Normal
2026-02-11 13:49:54.349401,Toronto-dde0,39,0,Normal
2026-02-11 13:49:55.349401,Toronto-dde0,-13,0,Normal
2026-02-11 13:49:56.349401,Toronto-dde0,36,2,Normal
2026-02-11 13:49:57.349401,Toronto-dde0,35,60,Normal
2026-02-11 13:49:58.349401,Toronto-dde0,22,49,Normal
2026-02-11 13:49:59.349401,Toronto-dde0,-28,99,Normal
2026-02-11 13:50:00.349401,Toronto-dde0,27,74,Normal
2026-02-11 13:50:01.349401,Toronto-dde0,27,63,Normal
2026-02-11 13:50:02.349401,Toronto-dde0,9,91,Normal
2026-02-11 13:50:03.349401,Toronto-dde0,17,46,Normal
2026-02-11 13:50:04.349401,Toronto-dde0,19,100,Normal
2026-02-11 13:50:05.349401,Toronto-dde0,44,94,Normal
2026-02-11 13:50:06.349401,Toronto-dde0,-27,96,Normal
2026-02-11 13:50:07.349401,Toronto-dde0,49,35,Normal
2026-02-11 13:50:08.349401,Toronto-dde0,-12,62,Normal
2026-02-11 13:50:09.349401,Toronto-dde0,5,84,Normal
2026-02-11 13:50:10.349401,Toronto-dde0,-18,33,Normal
2026-02-11 13:50:11.349401,Toronto-dde0,45,90,Normal
2026-02-11 13:50:12.349401,Toronto-dde0,11,23,Normal
2026-02-11 13:50:13.349401,Toronto-dde0,-2,44,Normal
2026-02-11 13:50:14.349401,Toronto-dde0,14,4,Normal
2026-02-11 13:50:15.349401,Toronto-dde0,28,14,Normal
2026-02-11 13:50:16.349401,Toronto-dde0,23,41,Normal
2026-02-11 13:50:17.349401,Toronto-dde0,25,77,Normal
2026-02-11 13:50:18.349401,Toronto-dde0,40,59,Normal
2026-02-11 13:50:19.349401,Toronto-dde0,40,32,Normal
2026-02-11 13:50:20.349401,Toronto-dde0,39,69,Normal
2026-02-11 13:50:21.349401,Toronto-dde0,-4,76,Normal
2026-02-11 13:50:22.349401,Toronto-dde0,17,76,Normal
2026-02-11 13:50:23.349401,Toronto-dde0,-8,76,Normal
2026-02-11 13:50:24.349401,Toronto-dde0,27,49,Normal
2026-02-11 13:50:25.349401,Toronto-dde0,42,78,Normal
2026-02-11 13:50:26.349401,Toronto-dde0,-19,79,Normal
2026-02-11 13:50:27.349401,Toronto-dde0,-10,34,Normal
2026-02-11 13:50:28.349401,Toronto-dde0,32,6,Normal
2026-02-11 13:50:29.349401,Toronto-dde0,40,18,Normal
2026-02-11 13:50:30.349401,Toronto-dde0,30,25,Normal
2026-02-11 13:50:31.349401,Toronto-dde0,38,31,Normal
2026-02-11 13:50:32.349401,Toronto-dde0,27,5,Normal
2026-02-11 13:50:33.349401,Toronto-dde0,-13,90,Normal
2026-02-11 13:50:34.349401,Toronto-dde0,45,30,Normal
2026-02-11 13:50:35.349401,Toronto-dde0,40,64,Normal
2026-02-11 13:50:36.349401,Toronto-dde0,21,87,Normal
2026-02-11 13:50:37.349401,Toronto-dde0,-27,9,Normal
2026-02-11 13:50:38.349401,Toronto-dde0,19,64,Normal
2026-02-11 13:50:39.349401,Toronto-dde0,-8,43,Normal
2026-02-11 13:50:40.349401,Toronto-dde0,2,97,Normal
2026-02-11 13:50:41.349401,Toronto-dde0,36,26,Normal
2026-02-11 13:50:42.349401,Toronto-dde0,-9,85,Normal
2026-02-11 13:50:43.349401,Toronto-dde0,27,20,Normal
2026-02-11 13:50:44.349401,Toronto-dde0,-25,53,Normal
2026-02-11 13:50:45.349401,Toronto-dde0,5,10,Normal
2026-02-11 13:50:46.349401,Toronto-dde0,2,1,Normal
2026-02-11 13:50:47.349401,Toronto-dde0,29,20,Normal
2026-02-11 13:50:48.349401,Toronto-dde0,31,12,Normal
2026-02-11 13:50:49.349401,Toronto-dde0,-4,27,Normal
2026-02-11 13:50:50.349401,Toronto-dde0,1,91,Normal
2026-02-11 13:50:51.349401,Toronto-dde0,-12,10,Normal
2026-02-11 13:50:52.349401,Toronto-dde0,41,55,Normal
2026-02-11 13:50:53.349401,Toronto-dde0,34,13,Normal
2026-02-11 13:50:54.349401,Toronto-dde0,37,9,Normal
2026-02-11 13:50:55.349401,Toronto-dde0,8,84,Normal
2026-02-11 13:50:56.349401,Toronto-dde0,29,9,Normal
2026-02-11 13:50:57.349401,Toronto-dde0,11,11,Normal
2026-02-11 13:50:58.349401,Toronto-dde0,-27,56,Normal
2026-02-11 13:50:59.349401,Toronto-dde0,44,15,Normal
2026-02-11 13:51:00.349401,Toronto-dde0,44,78,Normal
2026-02-11 13:51:01.349401,Toronto-dde0,27,69,Normal
2026-02-11 13:51:02.349401,Toronto-dde0,-30,85,Normal
2026-02-11 13:51:03.349401,Toronto-dde0,0,98,Normal
2026-02-11 13:51:04.349401,Toronto-dde0,-30,55,Normal
2026-02-11 13:51:05.349401,Toronto-dde0,-4,50,Normal
2026-02-11 13:51:06.349401,Toronto-dde0,-9,56,Normal
2026-02-11 13:51:07.349401,Toronto-dde0,38,0,Normal
2026-02-11 13:51:08.349401,Toronto-dde0,40,79,Normal
2026-02-11 13:51:09.349401,Toronto-dde0,-19,31,Normal
2026-02-11 13:51:10.349401,Toronto-dde0,-5,24,Normal
2026-02-11 13:51:11.349401,Toronto-dde0,34,30,Normal
2026-02-11 13:51:12.349401,Toronto-dde0,50,6,Normal
2026-02-11 13:51:13.349401,Toronto-dde0,-23,6,Normal
2026-02-11 13:51:14.349401,Toronto-dde0,18,92,Normal
2026-02-11 13:51:15.349401,Toronto-dde0,3,0,Normal
2026-02-11 13:51:16.349401,Toronto-dde0,9,78,Normal
2026-02-11 13:51:17.349401,Toronto-dde0,18,85,Normal
2026-02-11 13:51:18.349401,Toronto-dde0,-15,100,Normal
2026-02-11 13:51:19.349401,Toronto-dde0,41,19,Normal
2026-02-11 13:51:20.349401,Toronto-dde0,-8,80,Normal
2026-02-11 13:51:21.349401,Toronto-dde0,50,37,Normal
2026-02-11 13:51:22.349401,Toronto-dde0,48,72,Normal
2026-02-11 13:51:23.349401,Toronto-dde0,10,45,Normal
2026-02-11 13:51:24.349401,Toronto-dde0,0,87,Normal
2026-02-11 13:51:25.349401,Toronto-dde0,38,52,Normal
2026-02-11 13:51:26.349401,Toronto-dde0,23,74,Normal
2026-02-11 13:51:27.349401,Toronto-dde0,5,72,Normal
2026-02-11 13:51:28.349401,Toronto-dde0,20,100,Normal
2026-02-11 13:51:29.349401,Toronto-dde0,23,84,Normal
2026-02-11 13:51:30.349401,Toronto-dde0,17,24,Normal
2026-02-11 13:51:31.349401,Toronto-dde0,-15,18,Normal
2026-02-11 13:51:32.349401,Toronto-dde0,19,1,Normal
2026-02-11 13:51:33.349401,Toronto-dde0,2,37,Normal
2026-02-11 13:51:34.349401,Toronto-dde0,-25,33,Normal
2026-02-11 13:51:35.349401,Toronto-dde0,-29,64,Normal
2026-02-11 13:51:36.349401,Toronto-dde0,15,88,Normal
2026-02-11 13:51:37.349401,Toronto-dde0,43,42,Normal
2026-02-11 13:51:38.349401,Toronto-dde0,-9,49,Normal
2026-02-11 13:51:39.349401,Toronto-dde0,17,79,Normal
2026-02-11 13:51:40.349401,Toronto-dde0,8,9,Normal
2026-02-11 13:51:41.349401,Toronto-dde0,11,24,Normal
2026-02-11 13:51:42.349401,Toronto-dde0,14,45,Normal
2026-02-11 13:51:43.349401,Toronto-dde0,5,33,Normal
2026-02-11 13:51:44.349401,Toronto-dde0,8,34,Normal
2026-02-11 13:51:45.349401,Toronto-dde0,4,66,Normal
2026-02-11 13:51:46.349401,Toronto-dde0,17,43,Normal
2026-02-11 13:51:47.349401,Toronto-dde0,-29,16,Normal
2026-02-11 13:51:48.349401,Toronto-dde0,48,0,Normal
2026-02-11 13:51:49.349401,Toronto-dde0,45,86,Normal
2026-02-11 13:51:50.349401,Toronto-dde0,38,50,Normal
2026-02-11 13:51:51.349401,Toronto-dde0,3,52,Normal
2026-02-11 13:51:52.349401,Toronto-dde0,-27,51,Normal
2026-02-11 13:51:53.349401,Toronto-dde0,-9,78,Normal
2026-02-11 13:51:54.349401,Toronto-dde0,-27,3,Normal
2026-02-11 13:51:55.349401,Toronto-dde0,-17,12,Normal
2026-02-11 13:51:56.349401,Toronto-dde0,50,66,Normal
2026-02-11 13:51:57.349401,Toronto-dde0,-2,90,Normal
2026-02-11 13:51:58.349401,Toronto-dde0,9,86,Normal
2026-02-11 13:51:59.349401,Toronto-dde0,38,22,Normal
2026-02-11 13:52:00.349401,Toronto-dde0,-28,60,Normal
2026-02-11 13:52:01.349401,Toronto-dde0,0,49,Normal
2026-02-11 13:52:02.349401,Toronto-dde0,7,38,Normal
2026-02-11 13:52:03.349401,Toronto-dde0,49,49,Normal
2026-02-11 13:52:04.349401,Toronto-dde0,38,18,Normal
2026-02-11 13:52:05.349401,Toronto-dde0,-15,39,Normal
2026-02-11 13:52:06.349401,Toronto-dde0,25,0,Normal
2026-02-11 13:52:07.349401,Toronto-dde0,29,100,Normal
2026-02-11 13:52:08.349401,Toronto-dde0,-29,88,Normal
2026-02-11 13:52:09.349401,Toronto-dde0,8,29,Normal
2026-02-11 13:52:10.349401,Toronto-dde0,43,3,Normal
2026-02-11 13:52:11.349401,Toronto-dde0,3,83,Normal
2026-02-11 13:52:12.349401,Toronto-dde0,27,31,Normal
2026-02-11 13:52:13.349401,Toronto-dde0,37,97,Normal
2026-02-11 13:52:14.349401,Toronto-dde0,4,51,Normal
2026-02-11 13:52:15.349401,Toronto-dde0,-14,11,Normal
2026-02-11 13:52:16.349401,Toronto-dde0,4,4,Normal
2026-02-11 13:52:17.349401,Toronto-dde0,-6,98,Normal
2026-02-11 13:52:18.349401,Toronto-dde0,44,28,Normal
2026-02-11 13:52:19.349401,Toronto-dde0,-15,48,Normal
2026-02-11 13:52:20.349401,Toronto-dde0,35,59,Normal
2026-02-11 13:52:21.349401,Toronto-dde0,-6,93,Normal
2026-02-11 13:52:22.349401,Toronto-dde0,24,75,Normal
2026-02-11 13:52:23.349401,Toronto-dde0,7,98,Normal
2026-02-11 13:52:24.349401,Toronto-dde0,22,39,Normal
2026-02-11 13:52:25.349401,Toronto-dde0,17,60,Normal
2026-02-11 13:52:26.349401,Toronto-dde0,4,15,Normal
2026-02-11 13:52:27.349401,Toronto-dde0,-14,61,Normal
2026-02-11 13:52:28.349401,Toronto-dde0,-23,23,Normal
2026-02-11 13:52:29.349401,Toronto-dde0,41,47,Normal
2026-02-11 13:52:30.349401,Toronto-dde0,1,19,Normal
2026-02-11 13:52:31.349401,Toronto-dde0,-25,50,Normal
2026-02-11 13:52:32.349401,Toronto-dde0,29,43,Normal
2026-02-11 13:52:33.349401,Toronto-dde0,-25,64,Normal
2026-02-11 13:52:34.349401,Toronto-dde0,5,89,Normal
2026-02-11 13:52:35.349401,Toronto-dde0,-13,26,Normal
2026-02-11 13:52:36.349401,Toronto-dde0,48,41,Normal
2026-02-11 13:52:37.349401,Toronto-dde0,15,88,Normal
2026-02-11 13:52:38.349401,Toronto-dde0,16,70,Normal
2026-02-11 13:52:39.349401,Toronto-dde0,14,25,Normal
2026-02-11 13:52:40.349401,Toronto-dde0,48,61,Normal
2026-02-11 13:52:41.349401,Toronto-dde0,-10,10,Normal
2026-02-11 13:52:42.349401,Toronto-dde0,33,27,Normal
2026-02-11 13:52:43.349401,Toronto-dde0,38,53,Normal
2026-02-11 13:52:44.349401,Toronto-dde0,-6,46,Normal
2026-02-11 13:52:45.349401,Toronto-dde0,40,28,Normal
2026-02-11 13:52:46.349401,Toronto-dde0,16,21,Normal
2026-02-11 13:52:47.349401,Toronto-dde0,3,35,Normal
2026-02-11 13:52:48.349401,Toronto-dde0,40,47,Normal
2026-02-11 13:52:49.349401,Toronto-dde0,16,5,Normal
2026-02-11 13:52:50.349401,Toronto-dde0,-21,100,Normal
2026-02-11 13:52:51.349401,Toronto-dde0,41,74,Normal
2026-02-11 13:52:52.349401,Toronto-dde0,42,86,Normal
2026-02-11 13:52:53.349401,Toronto-dde0,-14,53,Normal
2026-02-11 13:52:54.349401,Toronto-dde0,19,74,Normal
2026-02-11 13:52:55.349401,Toronto-dde0,-10,77,Normal
2026-02-11 13:52:56.349401,Toronto-dde0,-17,67,Normal
2026-02-11 13:52:57.349401,Toronto-dde0,3,33,Normal
2026-02-11 13:52:58.349401,Toronto-dde0,18,57,Normal
2026-02-11 13:52:59.349401,Toronto-dde0,-19,78,Normal
2026-02-11 13:53:00.349401,Toronto-dde0,48,78,Normal
2026-02-11 13:53:01.349401,Toronto-dde0,43,15,Normal
2026-02-11 13:53:02.349401,Toronto-dde0,-3,70,Normal
2026-02-11 13:53:03.349401,Toronto-dde0,-9,12,Normal
2026-02-11 13:53:04.349401,Toronto-dde0,15,63,Normal
2026-02-11 13:53:05.349401,Toronto-dde0,1,63,Normal
2026-02-11 13:53:06.349401,Toronto-dde0,-10,30,Normal
2026-02-11 13:53:07.349401,Toronto-dde0,-25,22,Normal
2026-02-11 13:53:08.349401,Toronto-dde0,45,50,Normal
2026-02-11 13:53:09.349401,Toronto-dde0,-3,59,Normal
2026-02-11 13:53:10.349401,Toronto-dde0,33,77,Normal
2026-02-11 13:53:11.349401,Toronto-dde0,10,43,Normal
2026-02-11 13:53:12.349401,Toronto-dde0,6,47,Normal
2026-02-11 13:53:13.349401,Toronto-dde0,39,99,Normal
2026-02-11 13:53:14.349401,Toronto-dde0,-4,55,Normal
2026-02-11 13:53:15.349401,Toronto-dde0,-12,25,Normal
2026-02-11 13:53:16.349401,Toronto-dde0,-11,0,Normal
2026-02-11 13:53:17.349401,Toronto-dde0,47,80,Normal
2026-02-11 13:53:18.349401,Toronto-dde0,3,67,Normal
2026-02-11 13:53:19.349401,Toronto-dde0,36,3,Normal
2026-02-11 13:53:20.349401,Toronto-dde0,-15,36,Normal
2026-02-11 13:53:21.349401,Toronto-dde0,24,88,Normal
2026-02-11 13:53:22.349401,Toronto-dde0,32,27,Normal
2026-02-11 13:53:23.349401,Toronto-dde0,37,22,Normal
2026-02-11 13:53:24.349401,Toronto-dde0,-30,53,Normal
2026-02-11 13:53:25.349401,Toronto-dde0,-15,11,Normal
2026-02-11 13:53:26.349401,Toronto-dde0,-26,64,Normal
2026-02-11 13:53:27.349401,Toronto-dde0,-6,96,Normal
2026-02-11 13:53:28.349401,Toronto-dde0,20,88,Normal
2026-02-11 13:53:29.349401,Toronto-dde0,49,10,Normal
2026-02-11 13:53:30.349401,Toronto-dde0,4,96,Normal
2026-02-11 13:53:31.349401,Toronto-dde0,6,94,Normal
2026-02-11 13:53:32.349401,Toronto-dde0,7,53,Normal
2026-02-11 13:53:33.349401,Toronto-dde0,-22,91,Normal
2026-02-11 13:53:34.349401,Toronto-dde0,33,63,Normal
2026-02-11 13:53:35.349401,Toronto-dde0,-14,32,Normal
2026-02-11 13:53:36.349401,Toronto-dde0,-29,41,Normal
2026-02-11 13:53:37.349401,Toronto-dde0,13,13,Normal
2026-02-11 13:53:38.349401,Toronto-dde0,7,45,Normal
2026-02-11 13:53:39.349401,Toronto-dde0,49,51,Normal
2026-02-11 13:53:40.349401,Toronto-dde0,36,84,Normal
2026-02-11 13:53:41.349401,Toronto-dde0,-30,15,Normal
2026-02-11 13:53:42.349401,Toronto-dde0,42,64,Normal
2026-02-11 13:53:43.349401,Toronto-dde0,-4,74,Normal
2026-02-11 13:53:44.349401,Toronto-dde0,3,55,Normal
2026-02-11 13:53:45.349401,Toronto-dde0,21,2,Normal
2026-02-11 13:53:46.349401,Toronto-dde0,2,8,Normal
2026-02-11 13:53:47.349401,Toronto-dde0,43,97,Normal
2026-02-11 13:53:48.349401,Toronto-dde0,34,15,Normal
2026-02-11 13:53:49.349401,Toronto-dde0,-6,55,Normal
2026-02-11 13:53:50.349401,Toronto-dde0,43,11,Normal
2026-02-11 13:53:51.349401,Toronto-dde0,-13,50,Normal
2026-02-11 13:53:52.349401,Toronto-dde0,-17,22,Normal
2026-02-11 13:53:53.349401,Toronto-dde0,-25,23,Normal
2026-02-11 13:53:54.349401,Toronto-dde0,18,56,Normal
2026-02-11 13:53:55.349401,Toronto-dde0,-13,96,Normal
2026-02-11 13:53:56.349401,Toronto-dde0,49,96,Normal
2026-02-11 13:53:57.349401,Toronto-dde0,-27,29,Normal
2026-02-11 13:53:58.349401,Toronto-dde0,-11,2,Normal
2026-02-11 13:53:59.349401,Toronto-dde0,-8,90,Normal
2026-02-11 13:54:00.349401,Toronto-dde0,30,32,Normal
2026-02-11 13:54:01.349401,Toronto-dde0,34,20,Normal
2026-02-11 13:54:02.349401,Toronto-dde0,38,50,Normal
2026-02-11 13:54:03.349401,Toronto-dde0,34,55,Normal
2026-02-11 13:54:04.349401,Toronto-dde0,-13,48,Normal
2026-02-11 13:54:05.349401,Toronto-dde0,-15,83,Normal
2026-02-11 13:54:06.349401,Toronto-dde0,36,50,Normal
2026-02-11 13:54:07.349401,Toronto-dde0,-20,54,Normal
2026-02-11 13:54:08.349401,Toronto-dde0,-7,5,Normal
2026-02-11 13:54:09.349401,Toronto-dde0,-9,48,Normal
2026-02-11 13:54:10.349401,Toronto-dde0,25,57,Normal
2026-02-11 13:54:11.349401,Toronto-dde0,-23,86,Normal
2026-02-11 13:54:12.349401,Toronto-dde0,12,58,Normal
2026-02-11 13:54:13.349401,Toronto-dde0,50,100,Normal
2026-02-11 13:54:14.349401,Toronto-dde0,-11,78,Normal
2026-02-11 13:54:15.349401,Toronto-dde0,-22,93,Normal
2026-02-11 13:54:16.349401,Toronto-dde0,7,79,Normal
2026-02-11 13:54:17.349401,Toronto-dde0,27,57,Normal
2026-02-11 13:54:18.349401,Toronto-dde0,-5,59,Normal
2026-02-11 13:54:19.349401,Toronto-dde0,-21,83,Normal
2026-02-11 13:54:20.349401,Toronto-dde0,-7,9,Normal
2026-02-11 13:54:21.349401,Toronto-dde0,9,28,Normal
2026-02-11 13:54:22.349401,Toronto-dde0,-11,26,Normal
2026-02-11 13:54:23.349401,Toronto-dde0,-7,54,Normal
2026-02-11 13:54:24.349401,Toronto-dde0,-25,7,Normal
2026-02-11 13:54:25.349401,Toronto-dde0,-30,51,Normal
2026-02-11 13:54:26.349401,Toronto-dde0,21,47,Normal
2026-02-11 13:54:27.349401,Toronto-dde0,41,14,Normal
2026-02-11 13:54:28.349401,Toronto-dde0,9,7,Normal
2026-02-11 13:54:29.349401,Toronto-dde0,5,51,Normal
2026-02-11 13:54:30.349401,Toronto-dde0,36,96,Normal
2026-02-11 13:54:31.349401,Toronto-dde0,-6,10,Normal
2026-02-11 13:54:32.349401,Toronto-dde0,-20,51,Normal
2026-02-11 13:54:33.349401,Toronto-dde0,17,91,Normal
2026-02-11 13:54:34.349401,Toronto-dde0,34,21,Normal
2026-02-11 13:54:35.349401,Toronto-dde0,34,61,Normal
2026-02-11 13:54:36.349401,Toronto-dde0,24,22,Normal
2026-02-11 13:54:37.349401,Toronto-dde0,24,98,Normal
2026-02-11 13:54:38.349401,Toronto-dde0,5,11,Normal
2026-02-11 13:54:39.349401,Toronto-dde0,23,10,Normal
2026-02-11 13:54:40.349401,Toronto-dde0,46,28,Normal
2026-02-11 13:54:41.349401,Toronto-dde0,42,85,Normal
2026-02-11 13:54:42.349401,Toronto-dde0,11,88,Normal
2026-02-11 13:54:43.349401,Toronto-dde0,-16,27,Normal
2026-02-11 13:54:44.349401,Toronto-dde0,5,71,Normal
2026-02-11 13:54:45.349401,Toronto-dde0,23,13,Normal
2026-02-11 13:54:46.349401,Toronto-dde0,1,26,Normal
2026-02-11 13:54:47.349401,Toronto-dde0,16,16,Normal
2026-02-11 13:54:48.349401,Toronto-dde0,37,97,Normal
2026-02-11 13:54:49.349401,Toronto-dde0,38,98,Normal
2026-02-11 13:54:50.349401,Toronto-dde0,-11,96,Normal
2026-02-11 13:54:51.349401,Toronto-dde0,1,21,Normal
2026-02-11 13:54:52.349401,Toronto-dde0,47,12,Normal
2026-02-11 13:54:53.349401,Toronto-dde0,-9,93,Normal
2026-02-11 13:54:54.349401,Toronto-dde0,-2,33,Normal
2026-02-11 13:54:55.349401,Toronto-dde0,26,65,Normal
2026-02-11 13:54:56.349401,Toronto-dde0,37,54,Normal
2026-02-11 13:54:57.349401,Toronto-dde0,2,23,Normal
2026-02-11 13:54:58.349401,Toronto-dde0,-8,81,Normal
2026-02-11 13:54:59.349401,Toronto-dde0,41,61,Normal
2026-02-11 13:55:00.349401,Toronto-dde0,15,100,Normal
2026-02-11 13:55:01.349401,Toronto-dde0,-22,81,Normal
2026-02-11 13:55:02.349401,Toronto-dde0,34,52,Normal
2026-02-11 13:55:03.349401,Toronto-dde0,5,91,Normal
2026-02-11 13:55:04.349401,Toronto-dde0,23,40,Normal
2026-02-11 13:55:05.349401,Toronto-dde0,-27,25,Normal
2026-02-11 13:55:06.349401,Toronto-dde0,-5,33,Normal
2026-02-11 13:55:07.349401,Toronto-dde0,33,91,Normal
2026-02-11 13:55:08.349401,Toronto-dde0,36,27,Normal
2026-02-11 13:55:09.349401,Toronto-dde0,-22,94,Normal
2026-02-11 13:55:10.349401,Toronto-dde0,-14,26,Normal
2026-02-11 13:55:11.349401,Toronto-dde0,36,51,Normal
2026-02-11 13:55:12.349401,Toronto-dde0,44,21,Normal
2026-02-11 13:55:13.349401,Toronto-dde0,8,61,Normal
2026-02-11 13:55:14.349401,Toronto-dde0,43,1,Normal
2026-02-11 13:55:15.349401,Toronto-dde0,-30,25,Normal
2026-02-11 13:55:16.349401,Toronto-dde0,-4,69,Normal
2026-02-11 13:55:17.349401,Toronto-dde0,15,93,Normal
2026-02-11 13:55:18.349401,Toronto-dde0,-10,35,Normal
2026-02-11 13:55:19.349401,Toronto-dde0,12,27,Normal
2026-02-11 13:55:20.349401,Toronto-dde0,38,21,Normal
2026-02-11 13:55:21.349401,Toronto-dde0,11,89,Normal
2026-02-11 13:55:22.349401,Toronto-dde0,-8,91,Normal
2026-02-11 13:55:23.349401,Toronto-dde0,42,61,Normal
2026-02-11 13:55:24.349401,Toronto-dde0,-18,84,Normal
2026-02-11 13:55:25.349401,Toronto-dde0,45,53,Normal
2026-02-11 13:55:26.349401,Toronto-dde0,-30,78,Normal
2026-02-11 13:55:27.349401,Toronto-dde0,32,90,Normal
2026-02-11 13:55:28.349401,Toronto-dde0,30,38,Normal
2026-02-11 13:55:29.349401,Toronto-dde0,45,35,Normal
2026-02-11 13:55:30.349401,Toronto-dde0,-29,64,Normal
2026-02-11 13:55:31.349401,Toronto-dde0,33,80,Normal
2026-02-11 13:55:32.349401,Toronto-dde0,-2,99,Normal
2026-02-11 13:55:33.349401,Toronto-dde0,-3,2,Normal
2026-02-11 13:55:34.349401,Toronto-dde0,-24,50,Normal
2026-02-11 13:55:35.349401,Toronto-dde0,33,82,Normal
2026-02-11 13:55:36.349401,Toronto-dde0,49,99,Normal
2026-02-11 13:55:37.349401,Toronto-dde0,18,25,Normal
2026-02-11 13:55:38.349401,Toronto-dde0,45,42,Normal
2026-02-11 13:55:39.349401,Toronto-dde0,27,14,Normal
2026-02-11 13:55:40.349401,Toronto-dde0,-9,16,Normal
2026-02-11 13:55:41.349401,Toronto-dde0,0,39,Normal
2026-02-11 13:55:42.349401,Toronto-dde0,39,45,Normal
2026-02-11 13:55:43.349401,Toronto-dde0,46,42,Normal
2026-02-11 13:55:44.349401,Toronto-dde0,-5,37,Normal
2026-02-11 13:55:45.349401,Toronto-dde0,-12,70,Normal
2026-02-11 13:55:46.349401,Toronto-dde0,34,69,Normal
2026-02-11 13:55:47.349401,Toronto-dde0,-25,97,Normal
2026-02-11 13:55:48.349401,Toronto-dde0,-21,10,Normal
2026-02-11 13:55:49.349401,Toronto-dde0,13,57,Normal
2026-02-11 13:55:50.349401,Toronto-dde0,2,19,Normal
2026-02-11 13:55:51.349401,Toronto-dde0,14,50,Normal
2026-02-11 13:55:52.349401,Toronto-dde0,41,72,Normal
2026-02-11 13:55:53.349401,Toronto-dde0,33,4,Normal
2026-02-11 13:55:54.349401,Toronto-dde0,-22,32,Normal
2026-02-11 13:55:55.349401,Toronto-dde0,-23,90,Normal
2026-02-11 13:55:56.349401,Toronto-dde0,34,83,Normal
2026-02-11 13:55:57.349401,Toronto-dde0,-2,42,Normal
2026-02-11 13:55:58.349401,Toronto-dde0,0,3,Normal
2026-02-11 13:55:59.349401,Toronto-dde0,-19,44,Normal
2026-02-11 13:56:00.349401,Toronto-dde0,27,6,Normal
2026-02-11 13:56:01.349401,Toronto-dde0,-19,18,Normal
2026-02-11 13:56:02.349401,Toronto-dde0,7,3,Normal
2026-02-11 13:56:03.349401,Toronto-dde0,39,5,Normal
2026-02-11 13:56:04.349401,Toronto-dde0,47,32,Normal
2026-02-11 13:56:05.349401,Toronto-dde0,22,3,Normal
2026-02-11 13:56:06.349401,Toronto-dde0,-20,40,Normal
2026-02-11 13:56:07.349401,Toronto-dde0,3,59,Normal
2026-02-11 13:56:08.349401,Toronto-dde0,-25,39,Normal
2026-02-11 13:56:09.349401,Toronto-dde0,-24,97,Normal
2026-02-11 13:56:10.349401,Toronto-dde0,-29,86,Normal
2026-02-11 13:56:11.349401,Toronto-dde0,8,86,Normal
2026-02-11 13:56:12.349401,Toronto-dde0,-29,43,Normal
2026-02-11 13:56:13.349401,Toronto-dde0,-15,85,Normal
2026-02-11 13:56:14.349401,Toronto-dde0,31,49,Normal
2026-02-11 13:56:15.349401,Toronto-dde0,10,14,Normal
2026-02-11 13:56:16.349401,Toronto-dde0,-19,67,Normal
2026-02-11 13:56:17.349401,Toronto-dde0,38,79,Normal
2026-02-11 13:56:18.349401,Toronto-dde0,31,40,Normal
2026-02-11 13:56:19.349401,Toronto-dde0,37,72,Normal
2026-02-11 13:56:20.349401,Toronto-dde0,-8,94,Normal
2026-02-11 13:56:21.349401,Toronto-dde0,-10,39,Normal
2026-02-11 13:56:22.349401,Toronto-dde0,2,63,Normal
2026-02-11 13:56:23.349401,Toronto-dde0,-11,98,Normal
2026-02-11 13:56:24.349401,Toronto-dde0,-1,70,Normal
2026-02-11 13:56:25.349401,Toronto-dde0,11,37,Normal
2026-02-11 13:56:26.349401,Toronto-dde0,-14,86,Normal
2026-02-11 13:56:27.349401,Toronto-dde0,27,58,Normal
2026-02-11 13:56:28.349401,Toronto-dde0,-25,66,Normal
2026-02-11 13:56:29.349401,Toronto-dde0,31,3,Normal
2026-02-11 13:56:30.349401,Toronto-dde0,25,60,Normal
2026-02-11 13:56:31.349401,Toronto-dde0,-28,51,Normal
2026-02-11 13:56:32.349401,Toronto-dde0,-13,47,Normal
2026-02-11 13:56:33.349401,Toronto-dde0,9,91,Normal
2026-02-11 13:56:34.349401,Toronto-dde0,4,39,Normal
2026-02-11 13:56:35.349401,Toronto-dde0,-9,17,Normal
2026-02-11 13:56:36.349401,Toronto-dde0,-14,15,Normal
2026-02-11 13:56:37.349401,Toronto-dde0,15,71,Normal
2026-02-11 13:56:38.349401,Toronto-dde0,4,32,Normal
2026-02-11 13:56:39.349401,Toronto-dde0,39,6,Normal
2026-02-11 13:56:40.349401,Toronto-dde0,24,76,Normal
2026-02-11 13:56:41.349401,Toronto-dde0,-11,90,Normal
2026-02-11 13:56:42.349401,Toronto-dde0,-7,22,Normal
2026-02-11 13:56:43.349401,Toronto-dde0,-27,90,Normal
2026-02-11 13:56:44.349401,Toronto-dde0,2,16,Normal
2026-02-11 13:56:45.349401,Toronto-dde0,-8,16,Normal
2026-02-11 13:56:46.349401,Toronto-dde0,6,61,Normal
2026-02-11 13:56:47.349401,Toronto-dde0,35,94,Normal
2026-02-11 13:56:48.349401,Toronto-dde0,5,21,Normal
2026-02-11 13:56:49.349401,Toronto-dde0,-1,58,Normal
2026-02-11 13:56:50.349401,Toronto-dde0,-9,1,Normal
2026-02-11 13:56:51.349401,Toronto-dde0,44,3,Normal
2026-02-11 13:56:52.349401,Toronto-dde0,1,85,Normal
2026-02-11 13:56:53.349401,Toronto-dde0,28,96,Normal
2026-02-11 13:56:54.349401,Toronto-dde0,2,19,Normal
2026-02-11 13:56:55.349401,Toronto-dde0,19,67,Normal
2026-02-11 13:56:56.349401,Toronto-dde0,35,20,Normal
2026-02-11 13:56:57.349401,Toronto-dde0,22,68,Normal
2026-02-11 13:56:58.349401,Toronto-dde0,-26,37,Normal
2026-02-11 13:56:59.349401,Toronto-dde0,24,78,Normal
2026-02-11 13:57:00.349401,Toronto-dde0,24,99,Normal
2026-02-11 13:57:01.349401,Toronto-dde0,25,91,Normal
2026-02-11 13:57:02.349401,Toronto-dde0,-2,90,Normal
2026-02-11 13:57:03.349401,Toronto-dde0,36,72,Normal
2026-02-11 13:57:04.349401,Toronto-dde0,49,13,Normal
2026-02-11 13:57:05.349401,Toronto-dde0,50,55,Normal
2026-02-11 13:57:06.349401,Toronto-dde0,9,36,Normal
2026-02-11 13:57:07.349401,Toronto-dde0,-17,0,Normal
2026-02-11 13:57:08.349401,Toronto-dde0,13,10,Normal
2026-02-11 13:57:09.349401,Toronto-dde0,41,28,Normal
2026-02-11 13:57:10.349401,Toronto-dde0,-12,14,Normal
2026-02-11 13:57:11.349401,Toronto-dde0,-30,68,Normal
2026-02-11 13:57:12.349401,Toronto-dde0,-14,54,Normal
2026-02-11 13:57:13.349401,Toronto-dde0,32,61,Normal
2026-02-11 13:57:14.349401,Toronto-dde0,26,90,Normal
2026-02-11 13:57:15.349401,Toronto-dde0,38,47,Normal
2026-02-11 13:57:16.349401,Toronto-dde0,39,5,Normal
2026-02-11 13:57:17.349401,Toronto-dde0,-28,60,Normal
2026-02-11 13:57:18.349401,Toronto-dde0,43,12,Normal
2026-02-11 13:57:19.349401,Toronto-dde0,4,59,Normal
2026-02-11 13:57:20.349401,Toronto-dde0,7,21,Normal
2026-02-11 13:57:21.349401,Toronto-dde0,-19,14,Normal
2026-02-11 13:57:22.349401,Toronto-dde0,-22,90,Normal
2026-02-11 13:57:23.349401,Toronto-dde0,-12,53,Normal
2026-02-11 13:57:24.349401,Toronto-dde0,38,3,Normal
2026-02-11 13:57:25.349401,Toronto-dde0,-23,5,Normal
2026-02-11 13:57:26.349401,Toronto-dde0,-4,35,Normal
2026-02-11 13:57:27.349401,Toronto-dde0,-8,80,Normal
2026-02-11 13:57:28.349401,Toronto-dde0,32,99,Normal
2026-02-11 13:57:29.349401,Toronto-dde0,24,16,Normal
2026-02-11 13:57:30.349401,Toronto-dde0,-25,73,Normal
2026-02-11 13:57:31.349401,Toronto-dde0,2,94,Normal
2026-02-11 13:57:32.349401,Toronto-dde0,-6,0,Normal
2026-02-11 13:57:33.349401,Toronto-dde0,5,30,Normal
2026-02-11 13:57:34.349401,Toronto-dde0,45,66,Normal
2026-02-11 13:57:35.349401,Toronto-dde0,-28,67,Normal
2026-02-11 13:57:36.349401,Toronto-dde0,-2,13,Normal
2026-02-11 13:57:37.349401,Toronto-dde0,39,87,Normal
2026-02-11 13:57:38.349401,Toronto-dde0,-14,11,Normal
2026-02-11 13:57:39.349401,Toronto-dde0,44,92,Normal
2026-02-11 13:57:40.349401,Toronto-dde0,-23,9,Normal
2026-02-11 13:57:41.349401,Toronto-dde0,42,3,Normal
2026-02-11 13:57:42.349401,Toronto-dde0,18,56,Normal
2026-02-11 13:57:43.349401,Toronto-dde0,19,70,Normal
2026-02-11 13:57:44.349401,Toronto-dde0,1,24,Normal
2026-02-11 13:57:45.349401,Toronto-dde0,21,17,Normal
2026-02-11 13:57:46.349401,Toronto-dde0,22,89,Normal
2026-02-11 13:57:47.349401,Toronto-dde0,29,69,Normal
2026-02-11 13:57:48.349401,Toronto-dde0,16,31,Normal
2026-02-11 13:57:49.349401,Toronto-dde0,-21,37,Normal
2026-02-11 13:57:50.349401,Toronto-dde0,44,30,Normal
2026-02-11 13:57:51.349401,Toronto-dde0,6,35,Normal
2026-02-11 13:57:52.349401,Toronto-dde0,50,44,Normal
2026-02-11 13:57:53.349401,Toronto-dde0,6,98,Normal
2026-02-11 13:57:54.349401,Toronto-dde0,-9,8,Normal
2026-02-11 13:57:55.349401,Toronto-dde0,26,92,Normal
2026-02-11 13:57:56.349401,Toronto-dde0,-5,68,Normal
2026-02-11 13:57:57.349401,Toronto-dde0,47,54,Normal
2026-02-11 13:57:58.349401,Toronto-dde0,30,56,Normal
2026-02-11 13:57:59.349401,Toronto-dde0,41,70,Normal
2026-02-11 13:58:00.349401,Toronto-dde0,38,89,Normal
2026-02-11 13:58:01.349401,Toronto-dde0,30,18,Normal
2026-02-11 13:58:02.349401,Toronto-dde0,44,48,Normal
2026-02-11 13:58:03.349401,Toronto-dde0,49,63,Normal
2026-02-11 13:58:04.349401,Toronto-dde0,-22,0,Normal
2026-02-11 13:58:05.349401,Toronto-dde0,-10,71,Normal
2026-02-11 13:58:06.349401,Toronto-dde0,6,2,Normal
2026-02-11 13:58:07.349401,Toronto-dde0,20,50,Normal
2026-02-11 13:58:08.349401,Toronto-dde0,9,71,Normal
2026-02-11 13:58:09.349401,Toronto-dde0,-15,65,Normal
2026-02-11 13:58:10.349401,Toronto-dde0,45,94,Normal
2026-02-11 13:58:11.349401,Toronto-dde0,43,34,Normal
2026-02-11 13:58:12.349401,Toronto-dde0,13,29,Normal
2026-02-11 13:58:13.349401,Toronto-dde0,44,50,Normal
2026-02-11 13:58:14.349401,Toronto-dde0,-14,3,Normal
2026-02-11 13:58:15.349401,Toronto-dde0,50,41,Normal
2026-02-11 13:58:16.349401,Toronto-dde0,29,26,Normal
2026-02-11 13:58:17.349401,Toronto-dde0,4,59,Normal
2026-02-11 13:58:18.349401,Toronto-dde0,-5,96,Normal
2026-02-11 13:58:19.349401,Toronto-dde0,13,90,Normal
2026-02-11 13:58:20.349401,Toronto-dde0,0,97,Normal
2026-02-11 13:58:21.349401,Toronto-dde0,5,9,Normal
2026-02-11 13:58:22.349401,Toronto-dde0,40,18,Normal
2026-02-11 13:58:23.349401,Toronto-dde0,-17,28,Normal
2026-02-11 13:58:24.349401,Toronto-dde0,48,60,Normal
2026-02-11 13:58:25.349401,Toronto-dde0,-12,10,Normal
2026-02-11 13:58:26.349401,Toronto-dde0,42,11,Normal
2026-02-11 13:58:27.349401,Toronto-dde0,-29,76,Normal
2026-02-11 13:58:28.349401,Toronto-dde0,-1,58,Normal
2026-02-11 13:58:29.349401,Toronto-dde0,44,96,Normal
2026-02-11 13:58:30.349401,Toronto-dde0,11,19,Normal
2026-02-11 13:58:31.349401,Toronto-dde0,1,4,Normal
2026-02-11 13:58:32.349401,Toronto-dde0,26,5,Normal
2026-02-11 13:58:33.349401,Toronto-dde0,-11,21,Normal
2026-02-11 13:58:34.349401,Toronto-dde0,47,26,Normal
2026-02-11 13:58:35.349401,Toronto-dde0,29,90,Normal
2026-02-11 13:58:36.349401,Toronto-dde0,-1,30,Normal
2026-02-11 13:58:37.349401,Toronto-dde0,21,7,Normal
2026-02-11 13:58:38.349401,Toronto-dde0,36,95,Normal
2026-02-11 13:58:39.349401,Toronto-dde0,41,75,Normal
2026-02-11 13:58:40.349401,Toronto-dde0,4,60,Normal
2026-02-11 13:58:41.349401,Toronto-dde0,48,70,Normal
2026-02-11 13:58:42.349401,Toronto-dde0,9,43,Normal
2026-02-11 13:58:43.349401,Toronto-dde0,48,49,Normal
2026-02-11 13:58:44.349401,Toronto-dde0,-5,74,Normal
2026-02-11 13:58:45.349401,Toronto-dde0,-23,34,Normal
2026-02-11 13:58:46.349401,Toronto-dde0,26,2,Normal
2026-02-11 13:58:47.349401,Toronto-dde0,-21,60,Normal
2026-02-11 13:58:48.349401,Toronto-dde0,20,30,Normal
2026-02-11 13:58:49.349401,Toronto-dde0,-27,76,Normal
2026-02-11 13:58:50.349401,Toronto-dde0,33,46,Normal
2026-02-11 13:58:51.349401,Toronto-dde0,-13,37,Normal
2026-02-11 13:58:52.349401,Toronto-dde0,-1,66,Normal
2026-02-11 13:58:53.349401,Toronto-dde0,-2,49,Normal
2026-02-11 13:58:54.349401,Toronto-dde0,26,82,Normal
2026-02-11 13:58:55.349401,Toronto-dde0,-21,55,Normal
2026-02-11 13:58:56.349401,Toronto-dde0,10,50,Normal
2026-02-11 13:58:57.349401,Toronto-dde0,7,67,Normal
2026-02-11 13:58:58.349401,Toronto-dde0,-4,31,Normal
2026-02-11 13:58:59.349401,Toronto-dde0,0,14,Normal
2026-02-11 13:59:00.349401,Toronto-dde0,-5,32,Normal
2026-02-11 13:59:01.349401,Toronto-dde0,15,65,Normal
2026-02-11 13:59:02.349401,Toronto-dde0,-3,79,Normal
2026-02-11 13:59:03.349401,Toronto-dde0,14,89,Normal
2026-02-11 13:59:04.349401,Toronto-dde0,34,50,Normal
2026-02-11 13:59:05.349401,Toronto-dde0,-3,18,Normal
2026-02-11 13:59:06.349401,Toronto-dde0,33,28,Normal
2026-02-11 13:59:07.349401,Toronto-dde0,-24,67,Normal
2026-02-11 13:59:08.349401,Toronto-dde0,17,18,Normal
2026-02-11 13:59:09.349401,Toronto-dde0,42,74,Normal
2026-02-11 13:59:10.349401,Toronto-dde0,40,61,Normal
2026-02-11 13:59:11.349401,Toronto-dde0,1,16,Normal
2026-02-11 13:59:12.349401,Toronto-dde0,-11,55,Normal
2026-02-11 13:59:13.349401,Toronto-dde0,23,20,Normal
2026-02-11 13:59:14.349401,Toronto-dde0,-11,21,Normal
2026-02-11 13:59:15.349401,Toronto-dde0,27,81,Normal
2026-02-11 13:59:16.349401,Toronto-dde0,26,96,Normal
2026-02-11 13:59:17.349401,Toronto-dde0,-20,38,Normal
2026-02-11 13:59:18.349401,Toronto-dde0,-5,79,Normal
2026-02-11 13:59:19.349401,Toronto-dde0,-7,8,Normal
2026-02-11 13:59:20.349401,Toronto-dde0,43,18,Normal
2026-02-11 13:59:21.349401,Toronto-dde0,37,72,Normal
2026-02-11 13:59:22.349401,Toronto-dde0,44,86,Normal
2026-02-11 13:59:23.349401,Toronto-dde0,16,86,Normal
2026-02-11 13:59:24.349401,Toronto-dde0,36,25,Normal
2026-02-11 13:59:25.349401,Toronto-dde0,41,87,Normal
2026-02-11 13:59:26.349401,Toronto-dde0,-28,38,Normal
2026-02-11 13:59:27.349401,Toronto-dde0,1,65,Normal
2026-02-11 13:59:28.349401,Toronto-dde0,42,6,Normal
2026-02-11 13:59:29.349401,Toronto-dde0,-5,63,Normal
2026-02-11 13:59:30.349401,Toronto-dde0,8,81,Normal
2026-02-11 13:59:31.349401,Toronto-dde0,16,35,Normal
2026-02-11 13:59:32.349401,Toronto-dde0,14,19,Normal
2026-02-11 13:59:33.349401,Toronto-dde0,32,53,Normal
2026-02-11 13:59:34.349401,Toronto-dde0,32,90,Normal
2026-02-11 13:59:35.349401,Toronto-dde0,2,45,Normal
2026-02-11 13:59:36.349401,Toronto-dde0,19,93,Normal
2026-02-11 13:59:37.349401,Toronto-dde0,34,12,Normal
2026-02-11 13:59:38.349401,Toronto-dde0,31,62,Normal
2026-02-11 13:59:39.349401,Toronto-dde0,-28,77,Normal
2026-02-11 13:59:40.349401,Toronto-dde0,46,32,Normal
2026-02-11 13:59:41.349401,Toronto-dde0,-1,91,Normal
2026-02-11 13:59:42.349401,Toronto-dde0,-30,97,Normal
2026-02-11 13:59:43.349401,Toronto-dde0,24,13,Normal
2026-02-11 13:59:44.349401,Toronto-dde0,35,31,Normal
2026-02-11 13:59:45.349401,Toronto-dde0,40,17,Normal
2026-02-11 13:59:46.349401,Toronto-dde0,25,89,Normal
2026-02-11 13:59:47.349401,Toronto-dde0,9,67,Normal
2026-02-11 13:59:48.349401,Toronto-dde0,-19,75,Normal
2026-02-11 13:59:49.349401,Toronto-dde0,40,43,Normal
2026-02-11 13:59:50.349401,Toronto-dde0,-4,70,Normal
2026-02-11 13:59:51.349401,Toronto-dde0,4,95,Normal
2026-02-11 13:59:52.349401,Toronto-dde0,37,73,Normal
2026-02-11 13:59:53.349401,Toronto-dde0,1,58,Normal
2026-02-11 13:59:54.349401,Toronto-dde0,37,89,Normal
2026-02-11 13:59:55.349401,Toronto-dde0,36,38,Normal
2026-02-11 13:59:56.349401,Toronto-dde0,-4,72,Normal
2026-02-11 13:59:57.349401,Toronto-dde0,-28,42,Normal
2026-02-11 13:59:58.349401,Toronto-dde0,5,34,Normal
2026-02-11 13:59:59.349401,Toronto-dde0,20,91,Normal
2026-02-11 14:00:00.349401,Toronto-dde0,17,1,Normal
2026-02-11 14:00:01.349401,Toronto-dde0,-7,53,Normal
2026-02-11 14:00:02.349401,Toronto-dde0,-15,10,Normal
2026-02-11 14:00:03.349401,Toronto-dde0,-15,71,Normal
2026-02-11 14:00:04.349401,Toronto-dde0,29,19,Normal
2026-02-11 14:00:05.349401,Toronto-dde0,-21,11,Normal
2026-02-11 14:00:06.349401,Toronto-dde0,9,18,Normal
2026-02-11 14:00:07.349401,Toronto-dde0,37,22,Normal
2026-02-11 14:00:08.349401,Toronto-dde0,20,36,Normal
2026-02-11 14:00:09.349401,Toronto-dde0,-28,22,Normal
2026-02-11 14:00:10.349401,Toronto-dde0,40,69,Normal
2026-02-11 14:00:11.349401,Toronto-dde0,-29,12,Normal
2026-02-11 14:00:12.349401,Toronto-dde0,-5,92,Normal
2026-02-11 14:00:13.349401,Toronto-dde0,-13,79,Normal
2026-02-11 14:00:14.349401,Toronto-dde0,2,75,Normal
2026-02-11 14:00:15.349401,Toronto-dde0,16,21,Normal
2026-02-11 14:00:16.349401,Toronto-dde0,21,64,Normal
2026-02-11 14:00:17.349401,Toronto-dde0,5,31,Normal
2026-02-11 14:00:18.349401,Toronto-dde0,30,64,Normal
2026-02-11 14:00:19.349401,Toronto-dde0,50,79,Normal
2026-02-11 14:00:20.349401,Toronto-dde0,23,51,Normal
2026-02-11 14:00:21.349401,Toronto-dde0,-8,93,Normal
2026-02-11 14:00:22.349401,Toronto-dde0,-11,38,Normal
2026-02-11 14:00:23.349401,Toronto-dde0,-9,31,Normal
2026-02-11 14:00:24.349401,Toronto-dde0,-25,68,Normal
2026-02-11 14:00:25.349401,Toronto-dde0,0,45,Normal
2026-02-11 14:00:26.349401,Toronto-dde0,32,37,Normal
2026-02-11 14:00:27.349401,Toronto-dde0,33,87,Normal
2026-02-11 14:00:28.349401,Toronto-dde0,12,31,Normal
2026-02-11 14:00:29.349401,Toronto-dde0,27,94,Normal
2026-02-11 14:00:30.349401,Toronto-dde0,-26,77,Normal
2026-02-11 14:00:31.349401,Toronto-dde0,49,25,Normal
2026-02-11 14:00:32.349401,Toronto-dde0,3,6,Normal
2026-02-11 14:00:33.349401,Toronto-dde0,21,16,Normal
2026-02-11 14:00:34.349401,Toronto-dde0,-20,83,Normal
2026-02-11 14:00:35.349401,Toronto-dde0,3,97,Normal
2026-02-11 14:00:36.349401,Toronto-dde0,-15,95,Normal
2026-02-11 14:00:37.349401,Toronto-dde0,6,100,Normal
2026-02-11 14:00:38.349401,Toronto-dde0,-4,42,Normal
2026-02-11 14:00:39.349401,Toronto-dde0,35,71,Normal
2026-02-11 14:00:40.349401,Toronto-dde0,6,57,Normal
2026-02-11 14:00:41.349401,Toronto-dde0,-29,9,Normal
2026-02-11 14:00:42.349401,Toronto-dde0,38,92,Normal
2026-02-11 14:00:43.349401,Toronto-dde0,-25,5,Normal
2026-02-11 14:00:44.349401,Toronto-dde0,25,94,Normal
2026-02-11 14:00:45.349401,Toronto-dde0,-22,3,Normal
2026-02-11 14:00:46.349401,Toronto-dde0,48,3,Normal
2026-02-11 14:00:47.349401,Toronto-dde0,28,50,Normal
2026-02-11 14:00:48.349401,Toronto-dde0,-22,83,Normal
2026-02-11 14:00:49.349401,Toronto-dde0,-18,96,Normal
2026-02-11 14:00:50.349401,Toronto-dde0,16,62,Normal
2026-02-11 14:00:51.349401,Toronto-dde0,-15,12,Normal
2026-02-11 14:00:52.349401,Toronto-dde0,48,17,Normal
2026-02-11 14:00:53.349401,Toronto-dde0,-20,16,Normal
2026-02-11 14:00:54.349401,Toronto-dde0,-28,66,Normal
2026-02-11 14:00:55.349401,Toronto-dde0,-6,94,Normal
2026-02-11 14:00:56.349401,Toronto-dde0,-25,60,Normal
2026-02-11 14:00:57.349401,Toronto-dde0,-15,53,Normal
2026-02-11 14:00:58.349401,Toronto-dde0,-8,8,Normal
2026-02-11 14:00:59.349401,Toronto-dde0,-6,9,Normal
2026-02-11 14:01:00.349401,Toronto-dde0,12,3,Normal
2026-02-11 14:01:01.349401,Toronto-dde0,4,53,Normal
2026-02-11 14:01:02.349401,Toronto-dde0,20,20,Normal
2026-02-11 14:01:03.349401,Toronto-dde0,9,48,Normal
2026-02-11 14:01:04.349401,Toronto-dde0,35,72,Normal
2026-02-11 14:01:05.349401,Toronto-dde0,38,19,Normal
2026-02-11 14:01:06.349401,Toronto-dde0,-17,49,Normal
2026-02-11 14:01:07.349401,Toronto-dde0,25,71,Normal
2026-02-11 14:01:08.349401,Toronto-dde0,20,9,Normal
2026-02-11 14:01:09.349401,Toronto-dde0,31,81,Normal
2026-02-11 14:01:10.349401,Toronto-dde0,4,38,Normal
2026-02-11 14:01:11.349401,Toronto-dde0,-26,66,Normal
2026-02-11 14:01:12.349401,Toronto-dde0,40,28,Normal
2026-02-11 14:01:13.349401,Toronto-dde0,34,64,Normal
2026-02-11 14:01:14.349401,Toronto-dde0,-3,11,Normal
2026-02-11 14:01:15.349401,Toronto-dde0,18,60,Normal
2026-02-11 14:01:16.349401,Toronto-dde0,22,83,Normal
2026-02-11 14:01:17.349401,Toronto-dde0,26,84,Normal
2026-02-11 14:01:18.349401,Toronto-dde0,-19,0,Normal
2026-02-11 14:01:19.349401,Toronto-dde0,43,83,Normal
2026-02-11 14:01:20.349401,Toronto-dde0,10,4,Normal
2026-02-11 14:01:21.349401,Toronto-dde0,12,58,Normal
2026-02-11 14:01:22.349401,Toronto-dde0,16,13,Normal
2026-02-11 14:01:23.349401,Toronto-dde0,3,50,Normal
2026-02-11 14:01:24.349401,Toronto-dde0,43,65,Normal
2026-02-11 14:01:25.349401,Toronto-dde0,32,74,Normal
2026-02-11 14:01:26.349401,Toronto-dde0,34,48,Normal
2026-02-11 14:01:27.349401,Toronto-dde0,41,0,Normal
2026-02-11 14:01:28.349401,Toronto-dde0,49,82,Normal
2026-02-11 14:01:29.349401,Toronto-dde0,1,18,Normal
2026-02-11 14:01:30.349401,Toronto-dde0,-9,19,Normal
2026-02-11 14:01:31.349401,Toronto-dde0,29,2,Normal
2026-02-11 14:01:32.349401,Toronto-dde0,12,30,Normal
2026-02-11 14:01:33.349401,Toronto-dde0,-22,49,Normal
2026-02-11 14:01:34.349401,Toronto-dde0,34,30,Normal
2026-02-11 14:01:35.349401,Toronto-dde0,-8,93,Normal
2026-02-11 14:01:36.349401,Toronto-dde0,11,43,Normal
2026-02-11 14:01:37.349401,Toronto-dde0,50,39,Normal
2026-02-11 14:01:38.349401,Toronto-dde0,-19,36,Normal
2026-02-11 14:01:39.349401,Toronto-dde0,44,13,Normal
2026-02-11 14:01:40.349401,Toronto-dde0,13,13,Normal
2026-02-11 14:01:41.349401,Toronto-dde0,35,16,Normal
2026-02-11 14:01:42.349401,Toronto-dde0,14,45,Normal
2026-02-11 14:01:43.349401,Toronto-dde0,8,26,Normal
2026-02-11 14:01:44.349401,Toronto-dde0,15,65,Normal
2026-02-11 14:01:45.349401,Toronto-dde0,-16,69,Normal
2026-02-11 14:01:46.349401,Toronto-dde0,-28,46,Normal
2026-02-11 14:01:47.349401,Toronto-dde0,43,43,Normal
2026-02-11 14:01:48.349401,Toronto-dde0,-1,85,Normal
2026-02-11 14:01:49.349401,Toronto-dde0,22,77,Normal
2026-02-11 14:01:50.349401,Toronto-dde0,1,88,Normal
2026-02-11 14:01:51.349401,Toronto-dde0,-26,73,Normal
2026-02-11 14:01:52.349401,Toronto-dde0,34,96,Normal
2026-02-11 14:01:53.349401,Toronto-dde0,41,0,Normal
2026-02-11 14:01:54.349401,Toronto-dde0,-15,59,Normal
2026-02-11 14:01:55.349401,Toronto-dde0,-10,4,Normal
2026-02-11 14:01:56.349401,Toronto-dde0,-1,61,Normal
2026-02-11 14:01:57.349401,Toronto-dde0,-23,16,Normal
2026-02-11 14:01:58.349401,Toronto-dde0,40,8,Normal
2026-02-11 14:01:59.349401,Toronto-dde0,-10,96,Normal
2026-02-11 14:02:00.349401,Toronto-dde0,27,3,Normal
2026-02-11 14:02:01.349401,Toronto-dde0,-23,24,Normal
2026-02-11 14:02:02.349401,Toronto-dde0,-24,63,Normal
2026-02-11 14:02:03.349401,Toronto-dde0,44,52,Normal
2026-02-11 14:02:04.349401,Toronto-dde0,-24,17,Normal
2026-02-11 14:02:05.349401,Toronto-dde0,37,16,Normal
2026-02-11 14:02:06.349401,Toronto-dde0,41,66,Normal
2026-02-11 14:02:07.349401,Toronto-dde0,34,96,Normal
2026-02-11 14:02:08.349401,Toronto-dde0,-2,60,Normal
2026-02-11 14:02:09.349401,Toronto-dde0,18,68,Normal
2026-02-11 14:02:10.349401,Toronto-dde0,40,14,Normal
2026-02-11 14:02:11.349401,Toronto-dde0,-19,84,Normal
2026-02-11 14:02:12.349401,Toronto-dde0,18,27,Normal
2026-02-11 14:02:13.349401,Toronto-dde0,-10,52,Normal
2026-02-11 14:02:14.349401,Toronto-dde0,32,28,Normal
2026-02-11 14:02:15.349401,Toronto-dde0,9,18,Normal
2026-02-11 14:02:16.349401,Toronto-dde0,38,77,Normal
2026-02-11 14:02:17.349401,Toronto-dde0,-12,50,Normal
2026-02-11 14:02:18.349401,Toronto-dde0,4,30,Normal
2026-02-11 14:02:19.349401,Toronto-dde0,48,31,Normal
2026-02-11 14:02:20.349401,Toronto-dde0,7,24,Normal
2026-02-11 14:02:21.349401,Toronto-dde0,-14,97,Normal
2026-02-11 14:02:22.349401,Toronto-dde0,10,74,Normal
2026-02-11 14:02:23.349401,Toronto-dde0,-8,28,Normal
2026-02-11 14:02:24.349401,Toronto-dde0,26,18,Normal
2026-02-11 14:02:25.349401,Toronto-dde0,-9,30,Normal
2026-02-11 14:02:26.349401,Toronto-dde0,50,63,Normal
2026-02-11 14:02:27.349401,Toronto-dde0,26,58,Normal
2026-02-11 14:02:28.349401,Toronto-dde0,34,23,Normal
2026-02-11 14:02:29.349401,Toronto-dde0,30,32,Normal
2026-02-11 14:02:30.349401,Toronto-dde0,32,41,Normal
2026-02-11 14:02:31.349401,Toronto-dde0,30,58,Normal
2026-02-11 14:02:32.349401,Toronto-dde0,14,53,Normal
2026-02-11 14:02:33.349401,Toronto-dde0,6,50,Normal
2026-02-11 14:02:34.349401,Toronto-dde0,-19,79,Normal
2026-02-11 14:02:35.349401,Toronto-dde0,18,14,Normal
2026-02-11 14:02:36.349401,Toronto-dde0,2,55,Normal
2026-02-11 14:02:37.349401,Toronto-dde0,50,76,Normal
2026-02-11 14:02:38.349401,Toronto-dde0,42,7,Normal
2026-02-11 14:02:39.349401,Toronto-dde0,20,15,Normal
2026-02-11 14:02:40.349401,Toronto-dde0,8,7,Normal
2026-02-11 14:02:41.349401,Toronto-dde0,-20,28,Normal
2026-02-11 14:02:42.349401,Toronto-dde0,17,73,Normal
2026-02-11 14:02:43.349401,Toronto-dde0,13,59,Normal
2026-02-11 14:02:44.349401,Toronto-dde0,33,17,Normal
2026-02-11 14:02:45.349401,Toronto-dde0,-7,71,Normal
2026-02-11 14:02:46.349401,Toronto-dde0,42,54,Normal
2026-02-11 14:02:47.349401,Toronto-dde0,30,5,Normal
2026-02-11 14:02:48.349401,Toronto-dde0,4,26,Normal
2026-02-11 14:02:49.349401,Toronto-dde0,0,50,Normal
2026-02-11 14:02:50.349401,Toronto-dde0,-23,64,Normal
2026-02-11 14:02:51.349401,Toronto-dde0,33,59,Normal
2026-02-11 14:02:52.349401,Toronto-dde0,-29,75,Normal
2026-02-11 14:02:53.349401,Toronto-dde0,6,28,Normal
2026-02-11 14:02:54.349401,Toronto-dde0,50,13,Normal
2026-02-11 14:02:55.349401,Toronto-dde0,-29,77,Normal
2026-02-11 14:02:56.349401,Toronto-dde0,12,19,Normal
2026-02-11 14:02:57.349401,Toronto-dde0,8,75,Normal
2026-02-11 14:02:58.349401,Toronto-dde0,41,62,Normal
2026-02-11 14:02:59.349401,Toronto-dde0,-4,98,Normal
2026-02-11 14:03:00.349401,Toronto-dde0,50,0,Normal
2026-02-11 14:03:01.349401,Toronto-dde0,-6,81,Normal
2026-02-11 14:03:02.349401,Toronto-dde0,5,31,Normal
2026-02-11 14:03:03.349401,Toronto-dde0,-21,69,Normal
2026-02-11 14:03:04.349401,Toronto-dde0,14,92,Normal
2026-02-11 14:03:05.349401,Toronto-dde0,13,11,Normal
2026-02-11 14:03:06.349401,Toronto-dde0,-18,34,Normal
2026-02-11 14:03:07.349401,Toronto-dde0,21,60,Normal
2026-02-11 14:03:08.349401,Toronto-dde0,30,25,Normal
2026-02-11 14:03:09.349401,Toronto-dde0,-6,40,Normal
2026-02-11 14:03:10.349401,Toronto-dde0,40,100,Normal
2026-02-11 14:03:11.349401,Toronto-dde0,36,21,Normal
2026-02-11 14:03:12.349401,Toronto-dde0,14,78,Normal
2026-02-11 14:03:13.349401,Toronto-dde0,33,87,Normal
2026-02-11 14:03:14.349401,Toronto-dde0,-19,28,Normal
2026-02-11 14:03:15.349401,Toronto-dde0,-26,54,Normal
2026-02-11 14:03:16.349401,Toronto-dde0,-6,71,Normal
2026-02-11 14:03:17.349401,Toronto-dde0,26,53,Normal
2026-02-11 14:03:18.349401,Toronto-dde0,-9,2,Normal
2026-02-11 14:03:19.349401,Toronto-dde0,50,5,Normal
2026-02-11 14:03:20.349401,Toronto-dde0,10,87,Normal
2026-02-11 14:03:21.349401,Toronto-dde0,40,2,Normal
2026-02-11 14:03:22.349401,Toronto-dde0,24,24,Normal
2026-02-11 14:03:23.349401,Toronto-dde0,18,86,Normal
2026-02-11 14:03:24.349401,Toronto-dde0,-2,75,Normal
2026-02-11 14:03:25.349401,Toronto-dde0,8,73,Normal
2026-02-11 14:03:26.349401,Toronto-dde0,38,45,Normal
2026-02-11 14:03:27.349401,Toronto-dde0,-15,30,Normal
2026-02-11 14:03:28.349401,Toronto-dde0,38,39,Normal
2026-02-11 14:03:29.349401,Toronto-dde0,1,19,Normal
2026-02-11 14:03:30.349401,Toronto-dde0,23,66,Normal
2026-02-11 14:03:31.349401,Toronto-dde0,26,25,Normal
2026-02-11 14:03:32.349401,Toronto-dde0,-1,17,Normal
2026-02-11 14:03:33.349401,Toronto-dde0,24,62,Normal
2026-02-11 14:03:34.349401,Toronto-dde0,41,26,Normal
2026-02-11 14:03:35.349401,Toronto-dde0,6,2,Normal
2026-02-11 14:03:36.349401,Toronto-dde0,-6,98,Normal
2026-02-11 14:03:37.349401,Toronto-dde0,-27,51,Normal
2026-02-11 14:03:38.349401,Toronto-dde0,-23,3,Normal
2026-02-11 14:03:39.349401,Toronto-dde0,4,30,Normal
2026-02-11 14:03:40.349401,Toronto-dde0,36,71,Normal
2026-02-11 14:03:41.349401,Toronto-dde0,-13,82,Normal
2026-02-11 14:03:42.349401,Toronto-dde0,-30,3,Normal
2026-02-11 14:03:43.349401,Toronto-dde0,42,3,Normal
2026-02-11 14:03:44.349401,Toronto-dde0,26,3,Normal
2026-02-11 14:03:45.349401,Toronto-dde0,-22,24,Normal
2026-02-11 14:03:46.349401,Toronto-dde0,44,99,Normal
2026-02-11 14:03:47.349401,Toronto-dde0,-11,91,Normal
2026-02-11 14:03:48.349401,Toronto-dde0,-23,21,Normal
2026-02-11 14:03:49.349401,Toronto-dde0,14,77,Normal
2026-02-11 14:03:50.349401,Toronto-dde0,-14,76,Normal
2026-02-11 14:03:51.349401,Toronto-dde0,31,44,Normal
2026-02-11 14:03:52.349401,Toronto-dde0,22,11,Normal
2026-02-11 14:03:53.349401,Toronto-dde0,-20,86,Normal
2026-02-11 14:03:54.349401,Toronto-dde0,-8,68,Normal
2026-02-11 14:03:55.349401,Toronto-dde0,21,8,Normal
2026-02-11 14:03:56.349401,Toronto-dde0,14,1,Normal
2026-02-11 14:03:57.349401,Toronto-dde0,41,91,Normal
2026-02-11 14:03:58.349401,Toronto-dde0,-17,32,Normal
2026-02-11 14:03:59.349401,Toronto-dde0,22,21,Normal
2026-02-11 14:04:00.349401,Toronto-dde0,-28,8,Normal
2026-02-11 14:04:01.349401,Toronto-dde0,44,37,Normal
2026-02-11 14:04:02.349401,Toronto-dde0,33,2,Normal
2026-02-11 14:04:03.349401,Toronto-dde0,-29,8,Normal
2026-02-11 14:04:04.349401,Toronto-dde0,45,78,Normal
2026-02-11 14:04:05.349401,Toronto-dde0,41,91,Normal
2026-02-11 14:04:06.349401,Toronto-dde0,5,32,Normal
2026-02-11 14:04:07.349401,Toronto-dde0,47,1,Normal
2026-02-11 14:04:08.349401,Toronto-dde0,33,15,Normal
2026-02-11 14:04:09.349401,Toronto-dde0,34,14,Normal
2026-02-11 14:04:10.349401,Toronto-dde0,-23,55,Normal
2026-02-11 14:04:11.349401,Toronto-dde0,-14,10,Normal
2026-02-11 14:04:12.349401,Toronto-dde0,-27,8,Normal
2026-02-11 14:04:13.349401,Toronto-dde0,-15,20,Normal
2026-02-11 14:04:14.349401,Toronto-dde0,-15,16,Normal
2026-02-11 14:04:15.349401,Toronto-dde0,20,91,Normal
2026-02-11 14:04:16.349401,Toronto-dde0,25,47,Normal
2026-02-11 14:04:17.349401,Toronto-dde0,-23,46,Normal
2026-02-11 14:04:18.349401,Toronto-dde0,22,58,Normal
2026-02-11 14:04:19.349401,Toronto-dde0,-6,93,Normal
2026-02-11 14:04:20.349401,Toronto-dde0,-7,14,Normal
2026-02-11 14:04:21.349401,Toronto-dde0,50,6,Normal
2026-02-11 14:04:22.349401,Toronto-dde0,-12,31,Normal
2026-02-11 14:04:23.349401,Toronto-dde0,18,49,Normal
2026-02-11 14:04:24.349401,Toronto-dde0,-14,10,Normal
2026-02-11 14:04:25.349401,Toronto-dde0,-23,27,Normal
2026-02-11 14:04:26.349401,Toronto-dde0,12,66,Normal
2026-02-11 14:04:27.349401,Toronto-dde0,-15,95,Normal
2026-02-11 14:04:28.349401,Toronto-dde0,38,94,Normal
2026-02-11 14:04:29.349401,Toronto-dde0,49,55,Normal
2026-02-11 14:04:30.349401,Toronto-dde0,3,36,Normal
2026-02-11 14:04:31.349401,Toronto-dde0,-11,99,Normal
2026-02-11 14:04:32.349401,Toronto-dde0,48,12,Normal
2026-02-11 14:04:33.349401,Toronto-dde0,22,15,Normal
2026-02-11 14:04:34.349401,Toronto-dde0,-29,77,Normal
2026-02-11 14:04:35.349401,Toronto-dde0,-26,1,Normal
2026-02-11 14:04:36.349401,Toronto-dde0,19,0,Normal
2026-02-11 14:04:37.349401,Toronto-dde0,-26,27,Normal
2026-02-11 14:04:38.349401,Toronto-dde0,18,77,Normal
2026-02-11 14:04:39.349401,Toronto-dde0,48,96,Normal
2026-02-11 14:04:40.349401,Toronto-dde0,42,12,Normal
2026-02-11 14:04:41.349401,Toronto-dde0,0,92,Normal
2026-02-11 14:04:42.349401,Toronto-dde0,40,2,Normal
2026-02-11 14:04:43.349401,Toronto-dde0,-17,56,Normal
2026-02-11 14:04:44.349401,Toronto-dde0,-2,28,Normal
2026-02-11 14:04:45.349401,Toronto-dde0,-26,11,Normal
2026-02-11 14:04:46.349401,Toronto-dde0,43,36,Normal
2026-02-11 14:04:47.349401,Toronto-dde0,23,21,Normal
2026-02-11 14:04:48.349401,Toronto-dde0,-5,71,Normal
2026-02-11 14:04:49.349401,Toronto-dde0,44,100,Normal
2026-02-11 14:04:50.349401,Toronto-dde0,41,84,Normal
2026-02-11 14:04:51.349401,Toronto-dde0,25,50,Normal
2026-02-11 14:04:52.349401,Toronto-dde0,-11,73,Normal
2026-02-11 14:04:53.349401,Toronto-dde0,24,48,Normal
2026-02-11 14:04:54.349401,Toronto-dde0,46,89,Normal
2026-02-11 14:04:55.349401,Toronto-dde0,8,100,Normal
2026-02-11 14:04:56.349401,Toronto-dde0,-28,87,Normal
2026-02-11 14:04:57.349401,Toronto-dde0,-22,88,Normal
2026-02-11 14:04:58.349401,Toronto-dde0,12,97,Normal
2026-02-11 14:04:59.349401,Toronto-dde0,27,69,Normal
2026-02-11 14:05:00.349401,Toronto-dde0,-17,7,Normal
2026-02-11 14:05:01.349401,Toronto-dde0,25,29,Normal
2026-02-11 14:05:02.349401,Toronto-dde0,-20,86,Normal
2026-02-11 14:05:03.349401,Toronto-dde0,-15,1,Normal
2026-02-11 14:05:04.349401,Toronto-dde0,28,79,Normal
2026-02-11 14:05:05.349401,Toronto-dde0,12,92,Normal
2026-02-11 14:05:06.349401,Toronto-dde0,33,83,Normal
2026-02-11 14:05:07.349401,Toronto-dde0,1,47,Normal
2026-02-11 14:05:08.349401,Toronto-dde0,7,40,Normal
2026-02-11 14:05:09.349401,Toronto-dde0,13,87,Normal
2026-02-11 14:05:10.349401,Toronto-dde0,-13,38,Normal
2026-02-11 14:05:11.349401,Toronto-dde0,-17,24,Normal
2026-02-11 14:05:12.349401,Toronto-dde0,5,32,Normal
2026-02-11 14:05:13.349401,Toronto-dde0,-19,58,Normal
2026-02-11 14:05:14.349401,Toronto-dde0,18,90,Normal
2026-02-11 14:05:15.349401,Toronto-dde0,-16,100,Normal
2026-02-11 14:05:16.349401,Toronto-dde0,27,49,Normal
2026-02-11 14:05:17.349401,Toronto-dde0,15,41,Normal
2026-02-11 14:05:18.349401,Toronto-dde0,-14,49,Normal
2026-02-11 14:05:19.349401,Toronto-dde0,-7,21,Normal
2026-02-11 14:05:20.349401,Toronto-dde0,6,28,Normal
2026-02-11 14:05:21.349401,Toronto-dde0,30,23,Normal
2026-02-11 14:05:22.349401,Toronto-dde0,10,96,Normal
2026-02-11 14:05:23.349401,Toronto-dde0,-16,77,Normal
2026-02-11 14:05:24.349401,Toronto-dde0,48,85,Normal
2026-02-11 14:05:25.349401,Toronto-dde0,19,55,Normal
2026-02-11 14:05:26.349401,Toronto-dde0,-11,65,Normal
2026-02-11 14:05:27.349401,Toronto-dde0,40,68,Normal
2026-02-11 14:05:28.349401,Toronto-dde0,-15,71,Normal
2026-02-11 14:05:29.349401,Toronto-dde0,17,72,Normal
2026-02-11 14:05:30.349401,Toronto-dde0,-30,10,Normal
2026-02-11 14:05:31.349401,Toronto-dde0,16,40,Normal
2026-02-11 14:05:32.349401,Toronto-dde0,12,94,Normal
2026-02-11 14:05:33.349401,Toronto-dde0,-29,89,Normal
2026-02-11 14:05:34.349401,Toronto-dde0,32,57,Normal
2026-02-11 14:05:35.349401,Toronto-dde0,27,89,Normal
2026-02-11 14:05:36.349401,Toronto-dde0,22,23,Normal
2026-02-11 14:05:37.349401,Toronto-dde0,42,95,Normal
2026-02-11 14:05:38.349401,Toronto-dde0,7,27,Normal
2026-02-11 14:05:39.349401,Toronto-dde0,-23,42,Normal
2026-02-11 14:05:40.349401,Toronto-dde0,34,52,Normal
2026-02-11 14:05:41.349401,Toronto-dde0,-10,71,Normal
2026-02-11 14:05:42.349401,Toronto-dde0,6,99,Normal
2026-02-11 14:05:43.349401,Toronto-dde0,-28,97,Normal
2026-02-11 14:05:44.349401,Toronto-dde0,-6,12,Normal
2026-02-11 14:05:45.349401,Toronto-dde0,30,0,Normal
2026-02-11 14:05:46.349401,Toronto-dde0,35,49,Normal
2026-02-11 14:05:47.349401,Toronto-dde0,-15,79,Normal
2026-02-11 14:05:48.349401,Toronto-dde0,9,69,Normal
2026-02-11 14:05:49.349401,Toronto-dde0,24,25,Normal
2026-02-11 14:05:50.349401,Toronto-dde0,-17,75,Normal
2026-02-11 14:05:51.349401,Toronto-dde0,39,26,Normal
