timestamp,station_id,temp,humid,condition
2026-02-15 10:22:37.270341,Toronto-17b0,-9,2,Normal
2026-02-15 10:22:38.270341,Toronto-17b0,7,100,Normal
2026-02-15 10:22:39.270341,Toronto-17b0,9,92,Normal
2026-02-15 10:22:40.270341,Toronto-17b0,-9,65,Normal
2026-02-15 10:22:41.270341,Toronto-17b0,-21,88,Normal
2026-02-15 10:22:42.270341,Toronto-17b0,48,20,Normal
2026-02-15 10:22:43.270341,Toronto-17b0,33,10,Normal
2026-02-15 10:22:44.270341,Toronto-17b0,30,42,Normal
2026-02-15 10:22:45.270341,Toronto-17b0,-7,35,Normal
2026-02-15 10:22:46.270341,Toronto-17b0,40,91,Normal
2026-02-15 10:22:47.270341,Toronto-17b0,10,79,Normal
2026-02-15 10:22:48.270341,Toronto-17b0,-1,88,Normal
2026-02-15 10:22:49.270341,Toronto-17b0,-13,17,Normal
2026-02-15 10:22:50.270341,Toronto-17b0,47,70,Normal
2026-02-15 10:22:51.270341,Toronto-17b0,-29,25,Normal
2026-02-15 10:22:52.270341,Toronto-17b0,27,7,Normal
2026-02-15 10:22:53.270341,Toronto-17b0,-1,100,Normal
2026-02-15 10:22:54.270341,Toronto-17b0,-28,4,Normal
2026-02-15 10:22:55.270341,Toronto-17b0,22,14,Normal
2026-02-15 10:22:56.270341,Toronto-17b0,-16,6,Normal
2026-02-15 10:22:57.270341,Toronto-17b0,49,91,Normal
2026-02-15 10:22:58.270341,Toronto-17b0,-19,4,Normal
2026-02-15 10:22:59.270341,Toronto-17b0,36,5,Normal
2026-02-15 10:23:00.270341,Toronto-17b0,-6,92,Normal
2026-02-15 10:23:01.270341,Toronto-17b0,28,98,Normal
2026-02-15 10:23:02.270341,Toronto-17b0,-21,14,Normal
2026-02-15 10:23:03.270341,Toronto-17b0,24,96,Normal
2026-02-15 10:23:04.270341,Toronto-17b0,11,9,Normal
2026-02-15 10:23:05.270341,Toronto-17b0,25,80,Normal
2026-02-15 10:23:06.270341,Toronto-17b0,11,71,Normal
2026-02-15 10:23:07.270341,Toronto-17b0,45,60,Normal
2026-02-15 10:23:08.270341,Toronto-17b0,0,66,Normal
2026-02-15 10:23:09.270341,Toronto-17b0,23,84,Normal
2026-02-15 10:23:10.270341,Toronto-17b0,-5,77,Normal
2026-02-15 10:23:11.270341,Toronto-17b0,22,12,Normal
2026-02-15 10:23:12.270341,Toronto-17b0,39,64,Normal
2026-02-15 10:23:13.270341,Toronto-17b0,23,7,Normal
2026-02-15 10:23:14.270341,Toronto-17b0,35,56,Normal
2026-02-15 10:23:15.270341,Toronto-17b0,2,72,Normal
2026-02-15 10:23:16.270341,Toronto-17b0,40,10,Normal
2026-02-15 10:23:17.270341,Toronto-17b0,-12,76,Normal
2026-02-15 10:23:18.270341,Toronto-17b0,-30,7,Normal
2026-02-15 10:23:19.270341,Toronto-17b0,9,78,Normal
2026-02-15 10:23:20.270341,Toronto-17b0,-3,92,Normal
2026-02-15 10:23:21.270341,Toronto-17b0,-17,10,Normal
2026-02-15 10:23:22.270341,Toronto-17b0,-29,46,Normal
2026-02-15 10:23:23.270341,Toronto-17b0,49,21,Normal
2026-02-15 10:23:24.270341,Toronto-17b0,26,47,Normal
2026-02-15 10:23:25.270341,Toronto-17b0,20,54,Normal
2026-02-15 10:23:26.270341,Toronto-17b0,-12,2,Normal
2026-02-15 10:23:27.270341,Toronto-17b0,-28,26,Normal
2026-02-15 10:23:28.270341,Toronto-17b0,30,24,Normal
2026-02-15 10:23:29.270341,Toronto-17b0,48,54,Normal
2026-02-15 10:23:30.270341,Toronto-17b0,-13,66,Normal
2026-02-15 10:23:31.270341,Toronto-17b0,0,70,Normal
2026-02-15 10:23:32.270341,Toronto-17b0,-23,52,Normal
2026-02-15 10:23:33.270341,Toronto-17b0,24,66,Normal
2026-02-15 10:23:34.270341,Toronto-17b0,8,30,Normal
2026-02-15 10:23:35.270341,Toronto-17b0,12,92,Normal
2026-02-15 10:23:36.270341,Toronto-17b0,-19,58,Normal
2026-02-15 10:23:37.270341,Toronto-17b0,-16,44,Normal
2026-02-15 10:23:38.270341,Toronto-17b0,29,76,Normal
2026-02-15 10:23:39.270341,Toronto-17b0,-7,39,Normal
2026-02-15 10:23:40.270341,Toronto-17b0,-17,1,Normal
2026-02-15 10:23:41.270341,Toronto-17b0,26,37,Normal
2026-02-15 10:23:42.270341,Toronto-17b0,31,83,Normal
2026-02-15 10:23:43.270341,Toronto-17b0,18,13,Normal
2026-02-15 10:23:44.270341,Toronto-17b0,45,52,Normal
2026-02-15 10:23:45.270341,Toronto-17b0,46,77,Normal
2026-02-15 10:23:46.270341,Toronto-17b0,-17,33,Normal
2026-02-15 10:23:47.270341,Toronto-17b0,37,78,Normal
2026-02-15 10:23:48.270341,Toronto-17b0,11,45,Normal
2026-02-15 10:23:49.270341,Toronto-17b0,-6,81,Normal
2026-02-15 10:23:50.270341,Toronto-17b0,-19,59,Normal
2026-02-15 10:23:51.270341,Toronto-17b0,15,45,Normal
2026-02-15 10:23:52.270341,Toronto-17b0,13,6,Normal
2026-02-15 10:23:53.270341,Toronto-17b0,43,94,Normal
2026-02-15 10:23:54.270341,Toronto-17b0,-8,32,Normal
2026-02-15 10:23:55.270341,Toronto-17b0,30,26,Normal
2026-02-15 10:23:56.270341,Toronto-17b0,45,32,Normal
2026-02-15 10:23:57.270341,Toronto-17b0,22,62,Normal
2026-02-15 10:23:58.270341,Toronto-17b0,1,4,Normal
2026-02-15 10:23:59.270341,Toronto-17b0,-10,0,Normal
2026-02-15 10:24:00.270341,Toronto-17b0,-8,71,Normal
2026-02-15 10:24:01.270341,Toronto-17b0,49,10,Normal
2026-02-15 10:24:02.270341,Toronto-17b0,43,90,Normal
2026-02-15 10:24:03.270341,Toronto-17b0,-25,11,Normal
2026-02-15 10:24:04.270341,Toronto-17b0,-23,75,Normal
2026-02-15 10:24:05.270341,Toronto-17b0,33,15,Normal
2026-02-15 10:24:06.270341,Toronto-17b0,-3,74,Normal
2026-02-15 10:24:07.270341,Toronto-17b0,8,16,Normal
2026-02-15 10:24:08.270341,Toronto-17b0,-17,79,Normal
2026-02-15 10:24:09.270341,Toronto-17b0,2,59,Normal
2026-02-15 10:24:10.270341,Toronto-17b0,46,29,Normal
2026-02-15 10:24:11.270341,Toronto-17b0,49,1,Normal
2026-02-15 10:24:12.270341,Toronto-17b0,26,93,Normal
2026-02-15 10:24:13.270341,Toronto-17b0,22,31,Normal
2026-02-15 10:24:14.270341,Toronto-17b0,-6,26,Normal
2026-02-15 10:24:15.270341,Toronto-17b0,6,91,Normal
2026-02-15 10:24:16.270341,Toronto-17b0,-23,93,Normal
2026-02-15 10:24:17.270341,Toronto-17b0,-2,62,Normal
2026-02-15 10:24:18.270341,Toronto-17b0,21,10,Normal
2026-02-15 10:24:19.270341,Toronto-17b0,46,76,Normal
2026-02-15 10:24:20.270341,Toronto-17b0,25,61,Normal
2026-02-15 10:24:21.270341,Toronto-17b0,-2,72,Normal
2026-02-15 10:24:22.270341,Toronto-17b0,2,10,Normal
2026-02-15 10:24:23.270341,Toronto-17b0,41,79,Normal
2026-02-15 10:24:24.270341,Toronto-17b0,-14,0,Normal
2026-02-15 10:24:25.270341,Toronto-17b0,18,77,Normal
2026-02-15 10:24:26.270341,Toronto-17b0,29,67,Normal
2026-02-15 10:24:27.270341,Toronto-17b0,-29,22,Normal
2026-02-15 10:24:28.270341,Toronto-17b0,-28,53,Normal
2026-02-15 10:24:29.270341,Toronto-17b0,14,76,Normal
2026-02-15 10:24:30.270341,Toronto-17b0,48,18,Normal
2026-02-15 10:24:31.270341,Toronto-17b0,-2,96,Normal
2026-02-15 10:24:32.270341,Toronto-17b0,26,73,Normal
2026-02-15 10:24:33.270341,Toronto-17b0,48,4,Normal
2026-02-15 10:24:34.270341,Toronto-17b0,13,10,Normal
2026-02-15 10:24:35.270341,Toronto-17b0,-10,91,Normal
2026-02-15 10:24:36.270341,Toronto-17b0,13,75,Normal
2026-02-15 10:24:37.270341,Toronto-17b0,-21,22,Normal
2026-02-15 10:24:38.270341,Toronto-17b0,38,97,Normal
2026-02-15 10:24:39.270341,Toronto-17b0,13,12,Normal
2026-02-15 10:24:40.270341,Toronto-17b0,43,48,Normal
2026-02-15 10:24:41.270341,Toronto-17b0,48,72,Normal
2026-02-15 10:24:42.270341,Toronto-17b0,-19,47,Normal
2026-02-15 10:24:43.270341,Toronto-17b0,1,84,Normal
2026-02-15 10:24:44.270341,Toronto-17b0,43,49,Normal
2026-02-15 10:24:45.270341,Toronto-17b0,-24,96,Normal
2026-02-15 10:24:46.270341,Toronto-17b0,16,58,Normal
2026-02-15 10:24:47.270341,Toronto-17b0,38,96,Normal
2026-02-15 10:24:48.270341,Toronto-17b0,-1,31,Normal
2026-02-15 10:24:49.270341,Toronto-17b0,2,50,Normal
2026-02-15 10:24:50.270341,Toronto-17b0,-22,76,Normal
2026-02-15 10:24:51.270341,Toronto-17b0,46,35,Normal
2026-02-15 10:24:52.270341,Toronto-17b0,50,81,Normal
2026-02-15 10:24:53.270341,Toronto-17b0,-2,75,Normal
2026-02-15 10:24:54.270341,Toronto-17b0,-7,35,Normal
2026-02-15 10:24:55.270341,Toronto-17b0,42,69,Normal
2026-02-15 10:24:56.270341,Toronto-17b0,-9,30,Normal
2026-02-15 10:24:57.270341,Toronto-17b0,-13,78,Normal
2026-02-15 10:24:58.270341,Toronto-17b0,-16,83,Normal
2026-02-15 10:24:59.270341,Toronto-17b0,38,31,Normal
2026-02-15 10:25:00.270341,Toronto-17b0,35,18,Normal
2026-02-15 10:25:01.270341,Toronto-17b0,31,75,Normal
2026-02-15 10:25:02.270341,Toronto-17b0,37,76,Normal
2026-02-15 10:25:03.270341,Toronto-17b0,32,32,Normal
2026-02-15 10:25:04.270341,Toronto-17b0,5,40,Normal
2026-02-15 10:25:05.270341,Toronto-17b0,1,2,Normal
2026-02-15 10:25:06.270341,Toronto-17b0,-21,39,Normal
2026-02-15 10:25:07.270341,Toronto-17b0,14,28,Normal
2026-02-15 10:25:08.270341,Toronto-17b0,46,13,Normal
2026-02-15 10:25:09.270341,Toronto-17b0,48,9,Normal
2026-02-15 10:25:10.270341,Toronto-17b0,-23,81,Normal
2026-02-15 10:25:11.270341,Toronto-17b0,-1,90,Normal
2026-02-15 10:25:12.270341,Toronto-17b0,29,60,Normal
2026-02-15 10:25:13.270341,Toronto-17b0,5,26,Normal
2026-02-15 10:25:14.270341,Toronto-17b0,32,32,Normal
2026-02-15 10:25:15.270341,Toronto-17b0,21,54,Normal
2026-02-15 10:25:16.270341,Toronto-17b0,-11,2,Normal
2026-02-15 10:25:17.270341,Toronto-17b0,-6,38,Normal
2026-02-15 10:25:18.270341,Toronto-17b0,10,84,Normal
2026-02-15 10:25:19.270341,Toronto-17b0,41,88,Normal
2026-02-15 10:25:20.270341,Toronto-17b0,-27,80,Normal
2026-02-15 10:25:21.270341,Toronto-17b0,46,82,Normal
2026-02-15 10:25:22.270341,Toronto-17b0,19,7,Normal
2026-02-15 10:25:23.270341,Toronto-17b0,-4,66,Normal
2026-02-15 10:25:24.270341,Toronto-17b0,40,63,Normal
2026-02-15 10:25:25.270341,Toronto-17b0,29,36,Normal
2026-02-15 10:25:26.270341,Toronto-17b0,-19,57,Normal
2026-02-15 10:25:27.270341,Toronto-17b0,-10,24,Normal
2026-02-15 10:25:28.270341,Toronto-17b0,41,12,Normal
2026-02-15 10:25:29.270341,Toronto-17b0,3,87,Normal
2026-02-15 10:25:30.270341,Toronto-17b0,-11,1,Normal
2026-02-15 10:25:31.270341,Toronto-17b0,27,53,Normal
2026-02-15 10:25:32.270341,Toronto-17b0,-29,1,Normal
2026-02-15 10:25:33.270341,Toronto-17b0,-24,5,Normal
2026-02-15 10:25:34.270341,Toronto-17b0,34,23,Normal
2026-02-15 10:25:35.270341,Toronto-17b0,-20,20,Normal
2026-02-15 10:25:36.270341,Toronto-17b0,-5,44,Normal
2026-02-15 10:25:37.270341,Toronto-17b0,-24,75,Normal
2026-02-15 10:25:38.270341,Toronto-17b0,39,75,Normal
2026-02-15 10:25:39.270341,Toronto-17b0,28,98,Normal
2026-02-15 10:25:40.270341,Toronto-17b0,-22,100,Normal
2026-02-15 10:25:41.270341,Toronto-17b0,-28,30,Normal
2026-02-15 10:25:42.270341,Toronto-17b0,35,34,Normal
2026-02-15 10:25:43.270341,Toronto-17b0,-1,93,Normal
2026-02-15 10:25:44.270341,Toronto-17b0,21,60,Normal
2026-02-15 10:25:45.270341,Toronto-17b0,29,1,Normal
2026-02-15 10:25:46.270341,Toronto-17b0,-16,91,Normal
2026-02-15 10:25:47.270341,Toronto-17b0,45,74,Normal
2026-02-15 10:25:48.270341,Toronto-17b0,-7,50,Normal
2026-02-15 10:25:49.270341,Toronto-17b0,34,47,Normal
2026-02-15 10:25:50.270341,Toronto-17b0,32,12,Normal
2026-02-15 10:25:51.270341,Toronto-17b0,-18,1,Normal
2026-02-15 10:25:52.270341,Toronto-17b0,-10,69,Normal
2026-02-15 10:25:53.270341,Toronto-17b0,29,45,Normal
2026-02-15 10:25:54.270341,Toronto-17b0,46,30,Normal
2026-02-15 10:25:55.270341,Toronto-17b0,29,12,Normal
2026-02-15 10:25:56.270341,Toronto-17b0,-27,42,Normal
2026-02-15 10:25:57.270341,Toronto-17b0,34,68,Normal
2026-02-15 10:25:58.270341,Toronto-17b0,28,90,Normal
2026-02-15 10:25:59.270341,Toronto-17b0,-27,100,Normal
2026-02-15 10:26:00.270341,Toronto-17b0,21,98,Normal
2026-02-15 10:26:01.270341,Toronto-17b0,38,90,Normal
2026-02-15 10:26:02.270341,Toronto-17b0,50,8,Normal
2026-02-15 10:26:03.270341,Toronto-17b0,34,76,Normal
2026-02-15 10:26:04.270341,Toronto-17b0,-18,87,Normal
2026-02-15 10:26:05.270341,Toronto-17b0,-3,57,Normal
2026-02-15 10:26:06.270341,Toronto-17b0,8,46,Normal
2026-02-15 10:26:07.270341,Toronto-17b0,-8,32,Normal
2026-02-15 10:26:08.270341,Toronto-17b0,-12,6,Normal
2026-02-15 10:26:09.270341,Toronto-17b0,25,6,Normal
2026-02-15 10:26:10.270341,Toronto-17b0,-28,54,Normal
2026-02-15 10:26:11.270341,Toronto-17b0,38,26,Normal
2026-02-15 10:26:12.270341,Toronto-17b0,33,69,Normal
2026-02-15 10:26:13.270341,Toronto-17b0,23,3,Normal
2026-02-15 10:26:14.270341,Toronto-17b0,11,65,Normal
2026-02-15 10:26:15.270341,Toronto-17b0,37,62,Normal
2026-02-15 10:26:16.270341,Toronto-17b0,28,22,Normal
2026-02-15 10:26:17.270341,Toronto-17b0,17,88,Normal
2026-02-15 10:26:18.270341,Toronto-17b0,10,72,Normal
2026-02-15 10:26:19.270341,Toronto-17b0,11,80,Normal
2026-02-15 10:26:20.270341,Toronto-17b0,-4,38,Normal
2026-02-15 10:26:21.270341,Toronto-17b0,9,7,Normal
2026-02-15 10:26:22.270341,Toronto-17b0,-21,37,Normal
2026-02-15 10:26:23.270341,Toronto-17b0,22,64,Normal
2026-02-15 10:26:24.270341,Toronto-17b0,-4,97,Normal
2026-02-15 10:26:25.270341,Toronto-17b0,23,22,Normal
2026-02-15 10:26:26.270341,Toronto-17b0,48,40,Normal
2026-02-15 10:26:27.270341,Toronto-17b0,44,62,Normal
2026-02-15 10:26:28.270341,Toronto-17b0,35,47,Normal
2026-02-15 10:26:29.270341,Toronto-17b0,-26,74,Normal
2026-02-15 10:26:30.270341,Toronto-17b0,-2,79,Normal
2026-02-15 10:26:31.270341,Toronto-17b0,18,75,Normal
2026-02-15 10:26:32.270341,Toronto-17b0,-4,34,Normal
2026-02-15 10:26:33.270341,Toronto-17b0,14,31,Normal
2026-02-15 10:26:34.270341,Toronto-17b0,-3,4,Normal
2026-02-15 10:26:35.270341,Toronto-17b0,48,46,Normal
2026-02-15 10:26:36.270341,Toronto-17b0,25,20,Normal
2026-02-15 10:26:37.270341,Toronto-17b0,-13,57,Normal
2026-02-15 10:26:38.270341,Toronto-17b0,-13,69,Normal
2026-02-15 10:26:39.270341,Toronto-17b0,13,100,Normal
2026-02-15 10:26:40.270341,Toronto-17b0,-28,39,Normal
2026-02-15 10:26:41.270341,Toronto-17b0,-11,25,Normal
2026-02-15 10:26:42.270341,Toronto-17b0,-19,62,Normal
2026-02-15 10:26:43.270341,Toronto-17b0,42,93,Normal
2026-02-15 10:26:44.270341,Toronto-17b0,-12,18,Normal
2026-02-15 10:26:45.270341,Toronto-17b0,-21,68,Normal
2026-02-15 10:26:46.270341,Toronto-17b0,30,62,Normal
2026-02-15 10:26:47.270341,Toronto-17b0,34,81,Normal
2026-02-15 10:26:48.270341,Toronto-17b0,-23,20,Normal
2026-02-15 10:26:49.270341,Toronto-17b0,27,23,Normal
2026-02-15 10:26:50.270341,Toronto-17b0,-2,70,Normal
2026-02-15 10:26:51.270341,Toronto-17b0,-25,82,Normal
2026-02-15 10:26:52.270341,Toronto-17b0,42,48,Normal
2026-02-15 10:26:53.270341,Toronto-17b0,4,64,Normal
2026-02-15 10:26:54.270341,Toronto-17b0,-19,36,Normal
2026-02-15 10:26:55.270341,Toronto-17b0,36,3,Normal
2026-02-15 10:26:56.270341,Toronto-17b0,6,42,Normal
2026-02-15 10:26:57.270341,Toronto-17b0,1,91,Normal
2026-02-15 10:26:58.270341,Toronto-17b0,-2,36,Normal
2026-02-15 10:26:59.270341,Toronto-17b0,-3,36,Normal
2026-02-15 10:27:00.270341,Toronto-17b0,-8,22,Normal
2026-02-15 10:27:01.270341,Toronto-17b0,-10,30,Normal
2026-02-15 10:27:02.270341,Toronto-17b0,12,8,Normal
2026-02-15 10:27:03.270341,Toronto-17b0,39,86,Normal
2026-02-15 10:27:04.270341,Toronto-17b0,-5,36,Normal
2026-02-15 10:27:05.270341,Toronto-17b0,-26,83,Normal
2026-02-15 10:27:06.270341,Toronto-17b0,-11,82,Normal
2026-02-15 10:27:07.270341,Toronto-17b0,-27,19,Normal
2026-02-15 10:27:08.270341,Toronto-17b0,-11,35,Normal
2026-02-15 10:27:09.270341,Toronto-17b0,23,43,Normal
2026-02-15 10:27:10.270341,Toronto-17b0,-24,58,Normal
2026-02-15 10:27:11.270341,Toronto-17b0,2,6,Normal
2026-02-15 10:27:12.270341,Toronto-17b0,0,49,Normal
2026-02-15 10:27:13.270341,Toronto-17b0,9,27,Normal
2026-02-15 10:27:14.270341,Toronto-17b0,-17,62,Normal
2026-02-15 10:27:15.270341,Toronto-17b0,-17,13,Normal
2026-02-15 10:27:16.270341,Toronto-17b0,50,45,Normal
2026-02-15 10:27:17.270341,Toronto-17b0,42,25,Normal
2026-02-15 10:27:18.270341,Toronto-17b0,28,41,Normal
2026-02-15 10:27:19.270341,Toronto-17b0,23,2,Normal
2026-02-15 10:27:20.270341,Toronto-17b0,5,27,Normal
2026-02-15 10:27:21.270341,Toronto-17b0,7,34,Normal
2026-02-15 10:27:22.270341,Toronto-17b0,31,55,Normal
2026-02-15 10:27:23.270341,Toronto-17b0,-26,29,Normal
2026-02-15 10:27:24.270341,Toronto-17b0,50,71,Normal
2026-02-15 10:27:25.270341,Toronto-17b0,-23,7,Normal
2026-02-15 10:27:26.270341,Toronto-17b0,6,38,Normal
2026-02-15 10:27:27.270341,Toronto-17b0,31,42,Normal
2026-02-15 10:27:28.270341,Toronto-17b0,-30,91,Normal
2026-02-15 10:27:29.270341,Toronto-17b0,-25,84,Normal
2026-02-15 10:27:30.270341,Toronto-17b0,-8,68,Normal
2026-02-15 10:27:31.270341,Toronto-17b0,7,23,Normal
2026-02-15 10:27:32.270341,Toronto-17b0,9,88,Normal
2026-02-15 10:27:33.270341,Toronto-17b0,47,95,Normal
2026-02-15 10:27:34.270341,Toronto-17b0,-21,26,Normal
2026-02-15 10:27:35.270341,Toronto-17b0,16,76,Normal
2026-02-15 10:27:36.270341,Toronto-17b0,34,16,Normal
2026-02-15 10:27:37.270341,Toronto-17b0,33,80,Normal
2026-02-15 10:27:38.270341,Toronto-17b0,45,58,Normal
2026-02-15 10:27:39.270341,Toronto-17b0,49,81,Normal
2026-02-15 10:27:40.270341,Toronto-17b0,25,67,Normal
2026-02-15 10:27:41.270341,Toronto-17b0,8,83,Normal
2026-02-15 10:27:42.270341,Toronto-17b0,-23,90,Normal
2026-02-15 10:27:43.270341,Toronto-17b0,10,57,Normal
2026-02-15 10:27:44.270341,Toronto-17b0,43,44,Normal
2026-02-15 10:27:45.270341,Toronto-17b0,38,87,Normal
2026-02-15 10:27:46.270341,Toronto-17b0,-2,82,Normal
2026-02-15 10:27:47.270341,Toronto-17b0,29,44,Normal
2026-02-15 10:27:48.270341,Toronto-17b0,24,14,Normal
2026-02-15 10:27:49.270341,Toronto-17b0,29,65,Normal
2026-02-15 10:27:50.270341,Toronto-17b0,-22,65,Normal
2026-02-15 10:27:51.270341,Toronto-17b0,20,78,Normal
2026-02-15 10:27:52.270341,Toronto-17b0,-29,81,Normal
2026-02-15 10:27:53.270341,Toronto-17b0,-22,16,Normal
2026-02-15 10:27:54.270341,Toronto-17b0,45,54,Normal
2026-02-15 10:27:55.270341,Toronto-17b0,10,19,Normal
2026-02-15 10:27:56.270341,Toronto-17b0,17,9,Normal
2026-02-15 10:27:57.270341,Toronto-17b0,47,1,Normal
2026-02-15 10:27:58.270341,Toronto-17b0,-20,46,Normal
2026-02-15 10:27:59.270341,Toronto-17b0,16,11,Normal
2026-02-15 10:28:00.270341,Toronto-17b0,24,74,Normal
2026-02-15 10:28:01.270341,Toronto-17b0,-13,49,Normal
2026-02-15 10:28:02.270341,Toronto-17b0,-27,63,Normal
2026-02-15 10:28:03.270341,Toronto-17b0,31,48,Normal
2026-02-15 10:28:04.270341,Toronto-17b0,-27,72,Normal
2026-02-15 10:28:05.270341,Toronto-17b0,18,75,Normal
2026-02-15 10:28:06.270341,Toronto-17b0,-7,52,Normal
2026-02-15 10:28:07.270341,Toronto-17b0,38,69,Normal
2026-02-15 10:28:08.270341,Toronto-17b0,48,4,Normal
2026-02-15 10:28:09.270341,Toronto-17b0,42,100,Normal
2026-02-15 10:28:10.270341,Toronto-17b0,-12,0,Normal
2026-02-15 10:28:11.270341,Toronto-17b0,-14,80,Normal
2026-02-15 10:28:12.270341,Toronto-17b0,-6,95,Normal
2026-02-15 10:28:13.270341,Toronto-17b0,-9,69,Normal
2026-02-15 10:28:14.270341,Toronto-17b0,45,86,Normal
2026-02-15 10:28:15.270341,Toronto-17b0,-20,56,Normal
2026-02-15 10:28:16.270341,Toronto-17b0,30,4,Normal
2026-02-15 10:28:17.270341,Toronto-17b0,-9,77,Normal
2026-02-15 10:28:18.270341,Toronto-17b0,-16,73,Normal
2026-02-15 10:28:19.270341,Toronto-17b0,29,56,Normal
2026-02-15 10:28:20.270341,Toronto-17b0,35,14,Normal
2026-02-15 10:28:21.270341,Toronto-17b0,1,98,Normal
2026-02-15 10:28:22.270341,Toronto-17b0,24,49,Normal
2026-02-15 10:28:23.270341,Toronto-17b0,22,28,Normal
2026-02-15 10:28:24.270341,Toronto-17b0,-6,69,Normal
2026-02-15 10:28:25.270341,Toronto-17b0,-20,48,Normal
2026-02-15 10:28:26.270341,Toronto-17b0,-7,7,Normal
2026-02-15 10:28:27.270341,Toronto-17b0,21,92,Normal
2026-02-15 10:28:28.270341,Toronto-17b0,-3,7,Normal
2026-02-15 10:28:29.270341,Toronto-17b0,5,76,Normal
2026-02-15 10:28:30.270341,Toronto-17b0,-30,97,Normal
2026-02-15 10:28:31.270341,Toronto-17b0,34,81,Normal
2026-02-15 10:28:32.270341,Toronto-17b0,24,3,Normal
2026-02-15 10:28:33.270341,Toronto-17b0,47,8,Normal
2026-02-15 10:28:34.270341,Toronto-17b0,-15,57,Normal
2026-02-15 10:28:35.270341,Toronto-17b0,25,97,Normal
2026-02-15 10:28:36.270341,Toronto-17b0,28,20,Normal
2026-02-15 10:28:37.270341,Toronto-17b0,20,1,Normal
2026-02-15 10:28:38.270341,Toronto-17b0,6,30,Normal
2026-02-15 10:28:39.270341,Toronto-17b0,-12,81,Normal
2026-02-15 10:28:40.270341,Toronto-17b0,29,73,Normal
2026-02-15 10:28:41.270341,Toronto-17b0,35,69,Normal
2026-02-15 10:28:42.270341,Toronto-17b0,32,12,Normal
2026-02-15 10:28:43.270341,Toronto-17b0,44,33,Normal
2026-02-15 10:28:44.270341,Toronto-17b0,39,74,Normal
2026-02-15 10:28:45.270341,Toronto-17b0,29,5,Normal
2026-02-15 10:28:46.270341,Toronto-17b0,-4,79,Normal
2026-02-15 10:28:47.270341,Toronto-17b0,-20,27,Normal
2026-02-15 10:28:48.270341,Toronto-17b0,3,74,Normal
2026-02-15 10:28:49.270341,Toronto-17b0,-2,39,Normal
2026-02-15 10:28:50.270341,Toronto-17b0,29,89,Normal
2026-02-15 10:28:51.270341,Toronto-17b0,34,90,Normal
2026-02-15 10:28:52.270341,Toronto-17b0,13,86,Normal
2026-02-15 10:28:53.270341,Toronto-17b0,36,35,Normal
2026-02-15 10:28:54.270341,Toronto-17b0,-10,77,Normal
2026-02-15 10:28:55.270341,Toronto-17b0,32,34,Normal
2026-02-15 10:28:56.270341,Toronto-17b0,21,86,Normal
2026-02-15 10:28:57.270341,Toronto-17b0,28,12,Normal
2026-02-15 10:28:58.270341,Toronto-17b0,-3,78,Normal
2026-02-15 10:28:59.270341,Toronto-17b0,-9,48,Normal
2026-02-15 10:29:00.270341,Toronto-17b0,-20,62,Normal
2026-02-15 10:29:01.270341,Toronto-17b0,-25,3,Normal
2026-02-15 10:29:02.270341,Toronto-17b0,17,94,Normal
2026-02-15 10:29:03.270341,Toronto-17b0,47,69,Normal
2026-02-15 10:29:04.270341,Toronto-17b0,45,5,Normal
2026-02-15 10:29:05.270341,Toronto-17b0,16,11,Normal
2026-02-15 10:29:06.270341,Toronto-17b0,44,40,Normal
2026-02-15 10:29:07.270341,Toronto-17b0,14,90,Normal
2026-02-15 10:29:08.270341,Toronto-17b0,11,21,Normal
2026-02-15 10:29:09.270341,Toronto-17b0,48,64,Normal
2026-02-15 10:29:10.270341,Toronto-17b0,39,8,Normal
2026-02-15 10:29:11.270341,Toronto-17b0,6,83,Normal
2026-02-15 10:29:12.270341,Toronto-17b0,33,26,Normal
2026-02-15 10:29:13.270341,Toronto-17b0,-13,66,Normal
2026-02-15 10:29:14.270341,Toronto-17b0,43,84,Normal
2026-02-15 10:29:15.270341,Toronto-17b0,36,0,Normal
2026-02-15 10:29:16.270341,Toronto-17b0,0,26,Normal
2026-02-15 10:29:17.270341,Toronto-17b0,36,25,Normal
2026-02-15 10:29:18.270341,Toronto-17b0,21,67,Normal
2026-02-15 10:29:19.270341,Toronto-17b0,49,61,Normal
2026-02-15 10:29:20.270341,Toronto-17b0,-23,0,Normal
2026-02-15 10:29:21.270341,Toronto-17b0,7,87,Normal
2026-02-15 10:29:22.270341,Toronto-17b0,-18,40,Normal
2026-02-15 10:29:23.270341,Toronto-17b0,-4,77,Normal
2026-02-15 10:29:24.270341,Toronto-17b0,22,73,Normal
2026-02-15 10:29:25.270341,Toronto-17b0,13,47,Normal
2026-02-15 10:29:26.270341,Toronto-17b0,-30,5,Normal
2026-02-15 10:29:27.270341,Toronto-17b0,-10,59,Normal
2026-02-15 10:29:28.270341,Toronto-17b0,-30,52,Normal
2026-02-15 10:29:29.270341,Toronto-17b0,19,1,Normal
2026-02-15 10:29:30.270341,Toronto-17b0,-15,43,Normal
2026-02-15 10:29:31.270341,Toronto-17b0,24,8,Normal
2026-02-15 10:29:32.270341,Toronto-17b0,11,68,Normal
2026-02-15 10:29:33.270341,Toronto-17b0,12,10,Normal
2026-02-15 10:29:34.270341,Toronto-17b0,1,99,Normal
2026-02-15 10:29:35.270341,Toronto-17b0,4,57,Normal
2026-02-15 10:29:36.270341,Toronto-17b0,49,5,Normal
2026-02-15 10:29:37.270341,Toronto-17b0,1,31,Normal
2026-02-15 10:29:38.270341,Toronto-17b0,26,56,Normal
2026-02-15 10:29:39.270341,Toronto-17b0,11,73,Normal
2026-02-15 10:29:40.270341,Toronto-17b0,3,100,Normal
2026-02-15 10:29:41.270341,Toronto-17b0,21,64,Normal
2026-02-15 10:29:42.270341,Toronto-17b0,10,41,Normal
2026-02-15 10:29:43.270341,Toronto-17b0,43,53,Normal
2026-02-15 10:29:44.270341,Toronto-17b0,25,98,Normal
2026-02-15 10:29:45.270341,Toronto-17b0,-15,22,Normal
2026-02-15 10:29:46.270341,Toronto-17b0,10,71,Normal
2026-02-15 10:29:47.270341,Toronto-17b0,-26,67,Normal
2026-02-15 10:29:48.270341,Toronto-17b0,27,52,Normal
2026-02-15 10:29:49.270341,Toronto-17b0,-23,36,Normal
2026-02-15 10:29:50.270341,Toronto-17b0,-3,20,Normal
2026-02-15 10:29:51.270341,Toronto-17b0,22,42,Normal
2026-02-15 10:29:52.270341,Toronto-17b0,47,36,Normal
2026-02-15 10:29:53.270341,Toronto-17b0,2,70,Normal
2026-02-15 10:29:54.270341,Toronto-17b0,36,48,Normal
2026-02-15 10:29:55.270341,Toronto-17b0,-4,99,Normal
2026-02-15 10:29:56.270341,Toronto-17b0,32,93,Normal
2026-02-15 10:29:57.270341,Toronto-17b0,37,78,Normal
2026-02-15 10:29:58.270341,Toronto-17b0,4,60,Normal
2026-02-15 10:29:59.270341,Toronto-17b0,49,99,Normal
2026-02-15 10:30:00.270341,Toronto-17b0,24,79,Normal
2026-02-15 10:30:01.270341,Toronto-17b0,-12,99,Normal
2026-02-15 10:30:02.270341,Toronto-17b0,48,35,Normal
2026-02-15 10:30:03.270341,Toronto-17b0,26,76,Normal
2026-02-15 10:30:04.270341,Toronto-17b0,34,11,Normal
2026-02-15 10:30:05.270341,Toronto-17b0,-7,63,Normal
2026-02-15 10:30:06.270341,Toronto-17b0,-30,49,Normal
2026-02-15 10:30:07.270341,Toronto-17b0,44,17,Normal
2026-02-15 10:30:08.270341,Toronto-17b0,-27,21,Normal
2026-02-15 10:30:09.270341,Toronto-17b0,15,65,Normal
2026-02-15 10:30:10.270341,Toronto-17b0,-28,73,Normal
2026-02-15 10:30:11.270341,Toronto-17b0,36,17,Normal
2026-02-15 10:30:12.270341,Toronto-17b0,-29,83,Normal
2026-02-15 10:30:13.270341,Toronto-17b0,48,48,Normal
2026-02-15 10:30:14.270341,Toronto-17b0,-22,34,Normal
2026-02-15 10:30:15.270341,Toronto-17b0,3,23,Normal
2026-02-15 10:30:16.270341,Toronto-17b0,27,11,Normal
2026-02-15 10:30:17.270341,Toronto-17b0,29,57,Normal
2026-02-15 10:30:18.270341,Toronto-17b0,-16,43,Normal
2026-02-15 10:30:19.270341,Toronto-17b0,-24,95,Normal
2026-02-15 10:30:20.270341,Toronto-17b0,37,11,Normal
2026-02-15 10:30:21.270341,Toronto-17b0,18,8,Normal
2026-02-15 10:30:22.270341,Toronto-17b0,10,98,Normal
2026-02-15 10:30:23.270341,Toronto-17b0,-12,94,Normal
2026-02-15 10:30:24.270341,Toronto-17b0,16,81,Normal
2026-02-15 10:30:25.270341,Toronto-17b0,16,26,Normal
2026-02-15 10:30:26.270341,Toronto-17b0,45,76,Normal
2026-02-15 10:30:27.270341,Toronto-17b0,7,45,Normal
2026-02-15 10:30:28.270341,Toronto-17b0,32,99,Normal
2026-02-15 10:30:29.270341,Toronto-17b0,29,81,Normal
2026-02-15 10:30:30.270341,Toronto-17b0,50,27,Normal
2026-02-15 10:30:31.270341,Toronto-17b0,21,68,Normal
2026-02-15 10:30:32.270341,Toronto-17b0,12,8,Normal
2026-02-15 10:30:33.270341,Toronto-17b0,33,20,Normal
2026-02-15 10:30:34.270341,Toronto-17b0,2,1,Normal
2026-02-15 10:30:35.270341,Toronto-17b0,-22,78,Normal
2026-02-15 10:30:36.270341,Toronto-17b0,-22,36,Normal
2026-02-15 10:30:37.270341,Toronto-17b0,46,44,Normal
2026-02-15 10:30:38.270341,Toronto-17b0,33,21,Normal
2026-02-15 10:30:39.270341,Toronto-17b0,24,7,Normal
2026-02-15 10:30:40.270341,Toronto-17b0,-18,53,Normal
2026-02-15 10:30:41.270341,Toronto-17b0,-20,65,Normal
2026-02-15 10:30:42.270341,Toronto-17b0,-21,38,Normal
2026-02-15 10:30:43.270341,Toronto-17b0,37,3,Normal
2026-02-15 10:30:44.270341,Toronto-17b0,-21,57,Normal
2026-02-15 10:30:45.270341,Toronto-17b0,-17,99,Normal
2026-02-15 10:30:46.270341,Toronto-17b0,-18,14,Normal
2026-02-15 10:30:47.270341,Toronto-17b0,29,62,Normal
2026-02-15 10:30:48.270341,Toronto-17b0,-7,16,Normal
2026-02-15 10:30:49.270341,Toronto-17b0,9,85,Normal
2026-02-15 10:30:50.270341,Toronto-17b0,24,91,Normal
2026-02-15 10:30:51.270341,Toronto-17b0,27,7,Normal
2026-02-15 10:30:52.270341,Toronto-17b0,-20,40,Normal
2026-02-15 10:30:53.270341,Toronto-17b0,37,35,Normal
2026-02-15 10:30:54.270341,Toronto-17b0,-2,83,Normal
2026-02-15 10:30:55.270341,Toronto-17b0,-25,33,Normal
2026-02-15 10:30:56.270341,Toronto-17b0,21,15,Normal
2026-02-15 10:30:57.270341,Toronto-17b0,10,21,Normal
2026-02-15 10:30:58.270341,Toronto-17b0,25,79,Normal
2026-02-15 10:30:59.270341,Toronto-17b0,2,29,Normal
2026-02-15 10:31:00.270341,Toronto-17b0,19,12,Normal
2026-02-15 10:31:01.270341,Toronto-17b0,-27,50,Normal
2026-02-15 10:31:02.270341,Toronto-17b0,43,96,Normal
2026-02-15 10:31:03.270341,Toronto-17b0,40,94,Normal
2026-02-15 10:31:04.270341,Toronto-17b0,25,85,Normal
2026-02-15 10:31:05.270341,Toronto-17b0,13,37,Normal
2026-02-15 10:31:06.270341,Toronto-17b0,-4,14,Normal
2026-02-15 10:31:07.270341,Toronto-17b0,-23,91,Normal
2026-02-15 10:31:08.270341,Toronto-17b0,44,81,Normal
2026-02-15 10:31:09.270341,Toronto-17b0,-20,5,Normal
2026-02-15 10:31:10.270341,Toronto-17b0,5,22,Normal
2026-02-15 10:31:11.270341,Toronto-17b0,-22,94,Normal
2026-02-15 10:31:12.270341,Toronto-17b0,41,44,Normal
2026-02-15 10:31:13.270341,Toronto-17b0,49,4,Normal
2026-02-15 10:31:14.270341,Toronto-17b0,45,8,Normal
2026-02-15 10:31:15.270341,Toronto-17b0,21,25,Normal
2026-02-15 10:31:16.270341,Toronto-17b0,-22,78,Normal
2026-02-15 10:31:17.270341,Toronto-17b0,49,60,Normal
2026-02-15 10:31:18.270341,Toronto-17b0,20,48,Normal
2026-02-15 10:31:19.270341,Toronto-17b0,-9,28,Normal
2026-02-15 10:31:20.270341,Toronto-17b0,3,28,Normal
2026-02-15 10:31:21.270341,Toronto-17b0,28,4,Normal
2026-02-15 10:31:22.270341,Toronto-17b0,-23,72,Normal
2026-02-15 10:31:23.270341,Toronto-17b0,-4,88,Normal
2026-02-15 10:31:24.270341,Toronto-17b0,-21,18,Normal
2026-02-15 10:31:25.270341,Toronto-17b0,37,11,Normal
2026-02-15 10:31:26.270341,Toronto-17b0,-4,79,Normal
2026-02-15 10:31:27.270341,Toronto-17b0,35,9,Normal
2026-02-15 10:31:28.270341,Toronto-17b0,23,67,Normal
2026-02-15 10:31:29.270341,Toronto-17b0,-1,80,Normal
2026-02-15 10:31:30.270341,Toronto-17b0,-23,94,Normal
2026-02-15 10:31:31.270341,Toronto-17b0,37,31,Normal
2026-02-15 10:31:32.270341,Toronto-17b0,-16,14,Normal
2026-02-15 10:31:33.270341,Toronto-17b0,19,84,Normal
2026-02-15 10:31:34.270341,Toronto-17b0,39,59,Normal
2026-02-15 10:31:35.270341,Toronto-17b0,43,13,Normal
2026-02-15 10:31:36.270341,Toronto-17b0,28,19,Normal
2026-02-15 10:31:37.270341,Toronto-17b0,-26,28,Normal
2026-02-15 10:31:38.270341,Toronto-17b0,35,66,Normal
2026-02-15 10:31:39.270341,Toronto-17b0,-1,0,Normal
2026-02-15 10:31:40.270341,Toronto-17b0,50,35,Normal
2026-02-15 10:31:41.270341,Toronto-17b0,44,80,Normal
2026-02-15 10:31:42.270341,Toronto-17b0,3,49,Normal
2026-02-15 10:31:43.270341,Toronto-17b0,4,6,Normal
2026-02-15 10:31:44.270341,Toronto-17b0,50,32,Normal
2026-02-15 10:31:45.270341,Toronto-17b0,36,0,Normal
2026-02-15 10:31:46.270341,Toronto-17b0,11,38,Normal
2026-02-15 10:31:47.270341,Toronto-17b0,46,17,Normal
2026-02-15 10:31:48.270341,Toronto-17b0,-26,38,Normal
2026-02-15 10:31:49.270341,Toronto-17b0,-4,74,Normal
2026-02-15 10:31:50.270341,Toronto-17b0,-26,5,Normal
2026-02-15 10:31:51.270341,Toronto-17b0,-11,87,Normal
2026-02-15 10:31:52.270341,Toronto-17b0,20,75,Normal
2026-02-15 10:31:53.270341,Toronto-17b0,24,52,Normal
2026-02-15 10:31:54.270341,Toronto-17b0,49,27,Normal
2026-02-15 10:31:55.270341,Toronto-17b0,5,55,Normal
2026-02-15 10:31:56.270341,Toronto-17b0,25,89,Normal
2026-02-15 10:31:57.270341,Toronto-17b0,-9,61,Normal
2026-02-15 10:31:58.270341,Toronto-17b0,-21,92,Normal
2026-02-15 10:31:59.270341,Toronto-17b0,-13,56,Normal
2026-02-15 10:32:00.270341,Toronto-17b0,17,90,Normal
2026-02-15 10:32:01.270341,Toronto-17b0,-14,68,Normal
2026-02-15 10:32:02.270341,Toronto-17b0,-1,5,Normal
2026-02-15 10:32:03.270341,Toronto-17b0,-21,88,Normal
2026-02-15 10:32:04.270341,Toronto-17b0,43,13,Normal
2026-02-15 10:32:05.270341,Toronto-17b0,-28,95,Normal
2026-02-15 10:32:06.270341,Toronto-17b0,15,90,Normal
2026-02-15 10:32:07.270341,Toronto-17b0,30,49,Normal
2026-02-15 10:32:08.270341,Toronto-17b0,43,7,Normal
2026-02-15 10:32:09.270341,Toronto-17b0,34,15,Normal
2026-02-15 10:32:10.270341,Toronto-17b0,38,54,Normal
2026-02-15 10:32:11.270341,Toronto-17b0,-18,28,Normal
2026-02-15 10:32:12.270341,Toronto-17b0,6,51,Normal
2026-02-15 10:32:13.270341,Toronto-17b0,23,14,Normal
2026-02-15 10:32:14.270341,Toronto-17b0,11,71,Normal
2026-02-15 10:32:15.270341,Toronto-17b0,45,88,Normal
2026-02-15 10:32:16.270341,Toronto-17b0,-24,96,Normal
2026-02-15 10:32:17.270341,Toronto-17b0,14,58,Normal
2026-02-15 10:32:18.270341,Toronto-17b0,-22,98,Normal
2026-02-15 10:32:19.270341,Toronto-17b0,41,31,Normal
2026-02-15 10:32:20.270341,Toronto-17b0,9,67,Normal
2026-02-15 10:32:21.270341,Toronto-17b0,-19,41,Normal
2026-02-15 10:32:22.270341,Toronto-17b0,15,53,Normal
2026-02-15 10:32:23.270341,Toronto-17b0,17,26,Normal
2026-02-15 10:32:24.270341,Toronto-17b0,13,9,Normal
2026-02-15 10:32:25.270341,Toronto-17b0,-2,51,Normal
2026-02-15 10:32:26.270341,Toronto-17b0,-24,23,Normal
2026-02-15 10:32:27.270341,Toronto-17b0,7,12,Normal
2026-02-15 10:32:28.270341,Toronto-17b0,7,81,Normal
2026-02-15 10:32:29.270341,Toronto-17b0,45,30,Normal
2026-02-15 10:32:30.270341,Toronto-17b0,46,53,Normal
2026-02-15 10:32:31.270341,Toronto-17b0,-24,95,Normal
2026-02-15 10:32:32.270341,Toronto-17b0,46,2,Normal
2026-02-15 10:32:33.270341,Toronto-17b0,31,57,Normal
2026-02-15 10:32:34.270341,Toronto-17b0,-21,5,Normal
2026-02-15 10:32:35.270341,Toronto-17b0,49,7,Normal
2026-02-15 10:32:36.270341,Toronto-17b0,22,38,Normal
2026-02-15 10:32:37.270341,Toronto-17b0,45,22,Normal
2026-02-15 10:32:38.270341,Toronto-17b0,-24,22,Normal
2026-02-15 10:32:39.270341,Toronto-17b0,-11,30,Normal
2026-02-15 10:32:40.270341,Toronto-17b0,15,78,Normal
2026-02-15 10:32:41.270341,Toronto-17b0,37,52,Normal
2026-02-15 10:32:42.270341,Toronto-17b0,7,29,Normal
2026-02-15 10:32:43.270341,Toronto-17b0,7,5,Normal
2026-02-15 10:32:44.270341,Toronto-17b0,-22,90,Normal
2026-02-15 10:32:45.270341,Toronto-17b0,-29,58,Normal
2026-02-15 10:32:46.270341,Toronto-17b0,-22,38,Normal
2026-02-15 10:32:47.270341,Toronto-17b0,37,80,Normal
2026-02-15 10:32:48.270341,Toronto-17b0,-27,49,Normal
2026-02-15 10:32:49.270341,Toronto-17b0,43,73,Normal
2026-02-15 10:32:50.270341,Toronto-17b0,-19,11,Normal
2026-02-15 10:32:51.270341,Toronto-17b0,47,71,Normal
2026-02-15 10:32:52.270341,Toronto-17b0,21,79,Normal
2026-02-15 10:32:53.270341,Toronto-17b0,-3,34,Normal
2026-02-15 10:32:54.270341,Toronto-17b0,15,88,Normal
2026-02-15 10:32:55.270341,Toronto-17b0,5,90,Normal
2026-02-15 10:32:56.270341,Toronto-17b0,50,7,Normal
2026-02-15 10:32:57.270341,Toronto-17b0,23,73,Normal
2026-02-15 10:32:58.270341,Toronto-17b0,-16,33,Normal
2026-02-15 10:32:59.270341,Toronto-17b0,3,0,Normal
2026-02-15 10:33:00.270341,Toronto-17b0,-1,91,Normal
2026-02-15 10:33:01.270341,Toronto-17b0,10,5,Normal
2026-02-15 10:33:02.270341,Toronto-17b0,-29,63,Normal
2026-02-15 10:33:03.270341,Toronto-17b0,46,8,Normal
2026-02-15 10:33:04.270341,Toronto-17b0,1,89,Normal
2026-02-15 10:33:05.270341,Toronto-17b0,18,16,Normal
2026-02-15 10:33:06.270341,Toronto-17b0,39,16,Normal
2026-02-15 10:33:07.270341,Toronto-17b0,38,5,Normal
2026-02-15 10:33:08.270341,Toronto-17b0,5,61,Normal
2026-02-15 10:33:09.270341,Toronto-17b0,2,48,Normal
2026-02-15 10:33:10.270341,Toronto-17b0,-3,76,Normal
2026-02-15 10:33:11.270341,Toronto-17b0,28,81,Normal
2026-02-15 10:33:12.270341,Toronto-17b0,39,40,Normal
2026-02-15 10:33:13.270341,Toronto-17b0,50,41,Normal
2026-02-15 10:33:14.270341,Toronto-17b0,-13,26,Normal
2026-02-15 10:33:15.270341,Toronto-17b0,-13,21,Normal
2026-02-15 10:33:16.270341,Toronto-17b0,-13,16,Normal
2026-02-15 10:33:17.270341,Toronto-17b0,-3,76,Normal
2026-02-15 10:33:18.270341,Toronto-17b0,-19,0,Normal
2026-02-15 10:33:19.270341,Toronto-17b0,31,2,Normal
2026-02-15 10:33:20.270341,Toronto-17b0,27,32,Normal
2026-02-15 10:33:21.270341,Toronto-17b0,43,86,Normal
2026-02-15 10:33:22.270341,Toronto-17b0,32,29,Normal
2026-02-15 10:33:23.270341,Toronto-17b0,19,34,Normal
2026-02-15 10:33:24.270341,Toronto-17b0,11,49,Normal
2026-02-15 10:33:25.270341,Toronto-17b0,31,58,Normal
2026-02-15 10:33:26.270341,Toronto-17b0,15,89,Normal
2026-02-15 10:33:27.270341,Toronto-17b0,14,94,Normal
2026-02-15 10:33:28.270341,Toronto-17b0,50,7,Normal
2026-02-15 10:33:29.270341,Toronto-17b0,-25,81,Normal
2026-02-15 10:33:30.270341,Toronto-17b0,34,0,Normal
2026-02-15 10:33:31.270341,Toronto-17b0,34,50,Normal
2026-02-15 10:33:32.270341,Toronto-17b0,48,13,Normal
2026-02-15 10:33:33.270341,Toronto-17b0,-17,7,Normal
2026-02-15 10:33:34.270341,Toronto-17b0,-3,97,Normal
2026-02-15 10:33:35.270341,Toronto-17b0,2,77,Normal
2026-02-15 10:33:36.270341,Toronto-17b0,-6,34,Normal
2026-02-15 10:33:37.270341,Toronto-17b0,3,41,Normal
2026-02-15 10:33:38.270341,Toronto-17b0,9,0,Normal
2026-02-15 10:33:39.270341,Toronto-17b0,-28,28,Normal
2026-02-15 10:33:40.270341,Toronto-17b0,-9,60,Normal
2026-02-15 10:33:41.270341,Toronto-17b0,18,25,Normal
2026-02-15 10:33:42.270341,Toronto-17b0,48,37,Normal
2026-02-15 10:33:43.270341,Toronto-17b0,26,55,Normal
2026-02-15 10:33:44.270341,Toronto-17b0,-9,86,Normal
2026-02-15 10:33:45.270341,Toronto-17b0,8,13,Normal
2026-02-15 10:33:46.270341,Toronto-17b0,21,76,Normal
2026-02-15 10:33:47.270341,Toronto-17b0,14,40,Normal
2026-02-15 10:33:48.270341,Toronto-17b0,-6,98,Normal
2026-02-15 10:33:49.270341,Toronto-17b0,20,75,Normal
2026-02-15 10:33:50.270341,Toronto-17b0,39,5,Normal
2026-02-15 10:33:51.270341,Toronto-17b0,39,36,Normal
2026-02-15 10:33:52.270341,Toronto-17b0,34,70,Normal
2026-02-15 10:33:53.270341,Toronto-17b0,12,4,Normal
2026-02-15 10:33:54.270341,Toronto-17b0,5,22,Normal
2026-02-15 10:33:55.270341,Toronto-17b0,25,54,Normal
2026-02-15 10:33:56.270341,Toronto-17b0,-7,67,Normal
2026-02-15 10:33:57.270341,Toronto-17b0,33,20,Normal
2026-02-15 10:33:58.270341,Toronto-17b0,43,74,Normal
2026-02-15 10:33:59.270341,Toronto-17b0,3,46,Normal
2026-02-15 10:34:00.270341,Toronto-17b0,-23,65,Normal
2026-02-15 10:34:01.270341,Toronto-17b0,34,99,Normal
2026-02-15 10:34:02.270341,Toronto-17b0,11,78,Normal
2026-02-15 10:34:03.270341,Toronto-17b0,-23,23,Normal
2026-02-15 10:34:04.270341,Toronto-17b0,-14,50,Normal
2026-02-15 10:34:05.270341,Toronto-17b0,43,23,Normal
2026-02-15 10:34:06.270341,Toronto-17b0,14,48,Normal
2026-02-15 10:34:07.270341,Toronto-17b0,44,16,Normal
2026-02-15 10:34:08.270341,Toronto-17b0,36,92,Normal
2026-02-15 10:34:09.270341,Toronto-17b0,17,86,Normal
2026-02-15 10:34:10.270341,Toronto-17b0,40,5,Normal
2026-02-15 10:34:11.270341,Toronto-17b0,48,82,Normal
2026-02-15 10:34:12.270341,Toronto-17b0,18,31,Normal
2026-02-15 10:34:13.270341,Toronto-17b0,2,43,Normal
2026-02-15 10:34:14.270341,Toronto-17b0,-27,7,Normal
2026-02-15 10:34:15.270341,Toronto-17b0,39,59,Normal
2026-02-15 10:34:16.270341,Toronto-17b0,-3,13,Normal
2026-02-15 10:34:17.270341,Toronto-17b0,-13,15,Normal
2026-02-15 10:34:18.270341,Toronto-17b0,20,35,Normal
2026-02-15 10:34:19.270341,Toronto-17b0,31,78,Normal
2026-02-15 10:34:20.270341,Toronto-17b0,-2,1,Normal
2026-02-15 10:34:21.270341,Toronto-17b0,43,86,Normal
2026-02-15 10:34:22.270341,Toronto-17b0,9,53,Normal
2026-02-15 10:34:23.270341,Toronto-17b0,6,74,Normal
2026-02-15 10:34:24.270341,Toronto-17b0,-21,34,Normal
2026-02-15 10:34:25.270341,Toronto-17b0,30,95,Normal
2026-02-15 10:34:26.270341,Toronto-17b0,16,8,Normal
2026-02-15 10:34:27.270341,Toronto-17b0,-5,10,Normal
2026-02-15 10:34:28.270341,Toronto-17b0,-4,39,Normal
2026-02-15 10:34:29.270341,Toronto-17b0,48,85,Normal
2026-02-15 10:34:30.270341,Toronto-17b0,6,30,Normal
2026-02-15 10:34:31.270341,Toronto-17b0,-10,50,Normal
2026-02-15 10:34:32.270341,Toronto-17b0,-7,1,Normal
2026-02-15 10:34:33.270341,Toronto-17b0,47,52,Normal
2026-02-15 10:34:34.270341,Toronto-17b0,1,70,Normal
2026-02-15 10:34:35.270341,Toronto-17b0,4,91,Normal
2026-02-15 10:34:36.270341,Toronto-17b0,49,55,Normal
2026-02-15 10:34:37.270341,Toronto-17b0,46,19,Normal
2026-02-15 10:34:38.270341,Toronto-17b0,-3,23,Normal
2026-02-15 10:34:39.270341,Toronto-17b0,37,95,Normal
2026-02-15 10:34:40.270341,Toronto-17b0,-2,2,Normal
2026-02-15 10:34:41.270341,Toronto-17b0,-8,29,Normal
2026-02-15 10:34:42.270341,Toronto-17b0,-1,18,Normal
2026-02-15 10:34:43.270341,Toronto-17b0,-19,6,Normal
2026-02-15 10:34:44.270341,Toronto-17b0,9,43,Normal
2026-02-15 10:34:45.270341,Toronto-17b0,41,80,Normal
2026-02-15 10:34:46.270341,Toronto-17b0,34,26,Normal
2026-02-15 10:34:47.270341,Toronto-17b0,-15,26,Normal
2026-02-15 10:34:48.270341,Toronto-17b0,28,77,Normal
2026-02-15 10:34:49.270341,Toronto-17b0,-20,61,Normal
2026-02-15 10:34:50.270341,Toronto-17b0,-17,93,Normal
2026-02-15 10:34:51.270341,Toronto-17b0,9,91,Normal
2026-02-15 10:34:52.270341,Toronto-17b0,1,40,Normal
2026-02-15 10:34:53.270341,Toronto-17b0,-12,23,Normal
2026-02-15 10:34:54.270341,Toronto-17b0,-4,78,Normal
2026-02-15 10:34:55.270341,Toronto-17b0,28,75,Normal
2026-02-15 10:34:56.270341,Toronto-17b0,14,43,Normal
2026-02-15 10:34:57.270341,Toronto-17b0,-8,28,Normal
2026-02-15 10:34:58.270341,Toronto-17b0,8,25,Normal
2026-02-15 10:34:59.270341,Toronto-17b0,37,99,Normal
2026-02-15 10:35:00.270341,Toronto-17b0,35,20,Normal
2026-02-15 10:35:01.270341,Toronto-17b0,34,67,Normal
2026-02-15 10:35:02.270341,Toronto-17b0,4,72,Normal
2026-02-15 10:35:03.270341,Toronto-17b0,9,23,Normal
2026-02-15 10:35:04.270341,Toronto-17b0,33,39,Normal
2026-02-15 10:35:05.270341,Toronto-17b0,22,81,Normal
2026-02-15 10:35:06.270341,Toronto-17b0,17,7,Normal
2026-02-15 10:35:07.270341,Toronto-17b0,50,7,Normal
2026-02-15 10:35:08.270341,Toronto-17b0,11,63,Normal
2026-02-15 10:35:09.270341,Toronto-17b0,3,64,Normal
2026-02-15 10:35:10.270341,Toronto-17b0,23,58,Normal
2026-02-15 10:35:11.270341,Toronto-17b0,13,91,Normal
2026-02-15 10:35:12.270341,Toronto-17b0,41,92,Normal
2026-02-15 10:35:13.270341,Toronto-17b0,-1,39,Normal
2026-02-15 10:35:14.270341,Toronto-17b0,-13,43,Normal
2026-02-15 10:35:15.270341,Toronto-17b0,36,43,Normal
2026-02-15 10:35:16.270341,Toronto-17b0,19,64,Normal
2026-02-15 10:35:17.270341,Toronto-17b0,41,89,Normal
2026-02-15 10:35:18.270341,Toronto-17b0,-6,28,Normal
2026-02-15 10:35:19.270341,Toronto-17b0,-25,84,Normal
2026-02-15 10:35:20.270341,Toronto-17b0,19,5,Normal
2026-02-15 10:35:21.270341,Toronto-17b0,-9,87,Normal
2026-02-15 10:35:22.270341,Toronto-17b0,35,48,Normal
2026-02-15 10:35:23.270341,Toronto-17b0,-13,4,Normal
2026-02-15 10:35:24.270341,Toronto-17b0,50,9,Normal
2026-02-15 10:35:25.270341,Toronto-17b0,46,86,Normal
2026-02-15 10:35:26.270341,Toronto-17b0,-28,98,Normal
2026-02-15 10:35:27.270341,Toronto-17b0,25,62,Normal
2026-02-15 10:35:28.270341,Toronto-17b0,-6,4,Normal
2026-02-15 10:35:29.270341,Toronto-17b0,-17,13,Normal
2026-02-15 10:35:30.270341,Toronto-17b0,-3,21,Normal
2026-02-15 10:35:31.270341,Toronto-17b0,45,96,Normal
2026-02-15 10:35:32.270341,Toronto-17b0,19,53,Normal
2026-02-15 10:35:33.270341,Toronto-17b0,19,31,Normal
2026-02-15 10:35:34.270341,Toronto-17b0,-7,46,Normal
2026-02-15 10:35:35.270341,Toronto-17b0,13,11,Normal
2026-02-15 10:35:36.270341,Toronto-17b0,48,62,Normal
2026-02-15 10:35:37.270341,Toronto-17b0,-15,74,Normal
2026-02-15 10:35:38.270341,Toronto-17b0,1,95,Normal
2026-02-15 10:35:39.270341,Toronto-17b0,18,55,Normal
2026-02-15 10:35:40.270341,Toronto-17b0,11,42,Normal
2026-02-15 10:35:41.270341,Toronto-17b0,41,31,Normal
2026-02-15 10:35:42.270341,Toronto-17b0,26,48,Normal
2026-02-15 10:35:43.270341,Toronto-17b0,0,2,Normal
2026-02-15 10:35:44.270341,Toronto-17b0,32,87,Normal
2026-02-15 10:35:45.270341,Toronto-17b0,-14,91,Normal
2026-02-15 10:35:46.270341,Toronto-17b0,38,94,Normal
2026-02-15 10:35:47.270341,Toronto-17b0,20,14,Normal
2026-02-15 10:35:48.270341,Toronto-17b0,22,40,Normal
2026-02-15 10:35:49.270341,Toronto-17b0,43,52,Normal
2026-02-15 10:35:50.270341,Toronto-17b0,4,36,Normal
2026-02-15 10:35:51.270341,Toronto-17b0,25,65,Normal
2026-02-15 10:35:52.270341,Toronto-17b0,-5,46,Normal
2026-02-15 10:35:53.270341,Toronto-17b0,13,7,Normal
2026-02-15 10:35:54.270341,Toronto-17b0,21,62,Normal
2026-02-15 10:35:55.270341,Toronto-17b0,2,69,Normal
2026-02-15 10:35:56.270341,Toronto-17b0,11,49,Normal
2026-02-15 10:35:57.270341,Toronto-17b0,-10,44,Normal
2026-02-15 10:35:58.270341,Toronto-17b0,12,68,Normal
2026-02-15 10:35:59.270341,Toronto-17b0,17,32,Normal
2026-02-15 10:36:00.270341,Toronto-17b0,-28,52,Normal
2026-02-15 10:36:01.270341,Toronto-17b0,45,30,Normal
2026-02-15 10:36:02.270341,Toronto-17b0,-29,67,Normal
2026-02-15 10:36:03.270341,Toronto-17b0,37,55,Normal
2026-02-15 10:36:04.270341,Toronto-17b0,-4,9,Normal
2026-02-15 10:36:05.270341,Toronto-17b0,-5,9,Normal
2026-02-15 10:36:06.270341,Toronto-17b0,-23,39,Normal
2026-02-15 10:36:07.270341,Toronto-17b0,31,98,Normal
2026-02-15 10:36:08.270341,Toronto-17b0,15,66,Normal
2026-02-15 10:36:09.270341,Toronto-17b0,36,60,Normal
2026-02-15 10:36:10.270341,Toronto-17b0,41,43,Normal
2026-02-15 10:36:11.270341,Toronto-17b0,-4,31,Normal
2026-02-15 10:36:12.270341,Toronto-17b0,-22,32,Normal
2026-02-15 10:36:13.270341,Toronto-17b0,-28,87,Normal
2026-02-15 10:36:14.270341,Toronto-17b0,2,22,Normal
2026-02-15 10:36:15.270341,Toronto-17b0,40,43,Normal
2026-02-15 10:36:16.270341,Toronto-17b0,22,33,Normal
2026-02-15 10:36:17.270341,Toronto-17b0,48,99,Normal
2026-02-15 10:36:18.270341,Toronto-17b0,41,29,Normal
2026-02-15 10:36:19.270341,Toronto-17b0,19,66,Normal
2026-02-15 10:36:20.270341,Toronto-17b0,-12,71,Normal
2026-02-15 10:36:21.270341,Toronto-17b0,12,61,Normal
2026-02-15 10:36:22.270341,Toronto-17b0,1,30,Normal
2026-02-15 10:36:23.270341,Toronto-17b0,-12,46,Normal
2026-02-15 10:36:24.270341,Toronto-17b0,34,57,Normal
2026-02-15 10:36:25.270341,Toronto-17b0,38,4,Normal
2026-02-15 10:36:26.270341,Toronto-17b0,-25,44,Normal
2026-02-15 10:36:27.270341,Toronto-17b0,47,8,Normal
2026-02-15 10:36:28.270341,Toronto-17b0,27,7,Normal
2026-02-15 10:36:29.270341,Toronto-17b0,24,38,Normal
2026-02-15 10:36:30.270341,Toronto-17b0,31,26,Normal
2026-02-15 10:36:31.270341,Toronto-17b0,46,71,Normal
2026-02-15 10:36:32.270341,Toronto-17b0,-20,22,Normal
2026-02-15 10:36:33.270341,Toronto-17b0,30,89,Normal
2026-02-15 10:36:34.270341,Toronto-17b0,17,3,Normal
2026-02-15 10:36:35.270341,Toronto-17b0,-25,77,Normal
2026-02-15 10:36:36.270341,Toronto-17b0,-10,0,Normal
2026-02-15 10:36:37.270341,Toronto-17b0,24,60,Normal
2026-02-15 10:36:38.270341,Toronto-17b0,29,100,Normal
2026-02-15 10:36:39.270341,Toronto-17b0,-4,71,Normal
2026-02-15 10:36:40.270341,Toronto-17b0,-11,91,Normal
2026-02-15 10:36:41.270341,Toronto-17b0,38,48,Normal
2026-02-15 10:36:42.270341,Toronto-17b0,31,35,Normal
2026-02-15 10:36:43.270341,Toronto-17b0,34,12,Normal
2026-02-15 10:36:44.270341,Toronto-17b0,37,85,Normal
2026-02-15 10:36:45.270341,Toronto-17b0,-24,27,Normal
2026-02-15 10:36:46.270341,Toronto-17b0,-24,72,Normal
2026-02-15 10:36:47.270341,Toronto-17b0,40,70,Normal
2026-02-15 10:36:48.270341,Toronto-17b0,16,95,Normal
2026-02-15 10:36:49.270341,Toronto-17b0,-16,53,Normal
2026-02-15 10:36:50.270341,Toronto-17b0,35,93,Normal
2026-02-15 10:36:51.270341,Toronto-17b0,41,36,Normal
2026-02-15 10:36:52.270341,Toronto-17b0,21,76,Normal
2026-02-15 10:36:53.270341,Toronto-17b0,-25,11,Normal
2026-02-15 10:36:54.270341,Toronto-17b0,10,66,Normal
2026-02-15 10:36:55.270341,Toronto-17b0,40,69,Normal
2026-02-15 10:36:56.270341,Toronto-17b0,-25,99,Normal
2026-02-15 10:36:57.270341,Toronto-17b0,-28,11,Normal
2026-02-15 10:36:58.270341,Toronto-17b0,36,46,Normal
2026-02-15 10:36:59.270341,Toronto-17b0,-21,91,Normal
2026-02-15 10:37:00.270341,Toronto-17b0,34,32,Normal
2026-02-15 10:37:01.270341,Toronto-17b0,19,45,Normal
2026-02-15 10:37:02.270341,Toronto-17b0,-8,74,Normal
2026-02-15 10:37:03.270341,Toronto-17b0,-20,18,Normal
2026-02-15 10:37:04.270341,Toronto-17b0,-2,56,Normal
2026-02-15 10:37:05.270341,Toronto-17b0,-17,71,Normal
2026-02-15 10:37:06.270341,Toronto-17b0,8,46,Normal
2026-02-15 10:37:07.270341,Toronto-17b0,-28,80,Normal
2026-02-15 10:37:08.270341,Toronto-17b0,18,0,Normal
2026-02-15 10:37:09.270341,Toronto-17b0,41,92,Normal
2026-02-15 10:37:10.270341,Toronto-17b0,28,45,Normal
2026-02-15 10:37:11.270341,Toronto-17b0,48,4,Normal
2026-02-15 10:37:12.270341,Toronto-17b0,-12,72,Normal
2026-02-15 10:37:13.270341,Toronto-17b0,24,39,Normal
2026-02-15 10:37:14.270341,Toronto-17b0,21,97,Normal
2026-02-15 10:37:15.270341,Toronto-17b0,-20,86,Normal
2026-02-15 10:37:16.270341,Toronto-17b0,49,27,Normal
2026-02-15 10:37:17.270341,Toronto-17b0,-18,71,Normal
2026-02-15 10:37:18.270341,Toronto-17b0,-1,32,Normal
2026-02-15 10:37:19.270341,Toronto-17b0,41,72,Normal
2026-02-15 10:37:20.270341,Toronto-17b0,42,98,Normal
2026-02-15 10:37:21.270341,Toronto-17b0,16,70,Normal
2026-02-15 10:37:22.270341,Toronto-17b0,45,18,Normal
2026-02-15 10:37:23.270341,Toronto-17b0,32,65,Normal
2026-02-15 10:37:24.270341,Toronto-17b0,7,56,Normal
2026-02-15 10:37:25.270341,Toronto-17b0,-19,2,Normal
2026-02-15 10:37:26.270341,Toronto-17b0,1,0,Normal
2026-02-15 10:37:27.270341,Toronto-17b0,-12,83,Normal
2026-02-15 10:37:28.270341,Toronto-17b0,41,41,Normal
2026-02-15 10:37:29.270341,Toronto-17b0,16,77,Normal
2026-02-15 10:37:30.270341,Toronto-17b0,-7,53,Normal
2026-02-15 10:37:31.270341,Toronto-17b0,25,85,Normal
2026-02-15 10:37:32.270341,Toronto-17b0,6,81,Normal
2026-02-15 10:37:33.270341,Toronto-17b0,49,31,Normal
2026-02-15 10:37:34.270341,Toronto-17b0,20,17,Normal
2026-02-15 10:37:35.270341,Toronto-17b0,-18,57,Normal
2026-02-15 10:37:36.270341,Toronto-17b0,-4,50,Normal
2026-02-15 10:37:37.270341,Toronto-17b0,22,7,Normal
2026-02-15 10:37:38.270341,Toronto-17b0,-28,86,Normal
2026-02-15 10:37:39.270341,Toronto-17b0,-23,21,Normal
2026-02-15 10:37:40.270341,Toronto-17b0,28,54,Normal
2026-02-15 10:37:41.270341,Toronto-17b0,50,54,Normal
2026-02-15 10:37:42.270341,Toronto-17b0,28,26,Normal
2026-02-15 10:37:43.270341,Toronto-17b0,17,34,Normal
2026-02-15 10:37:44.270341,Toronto-17b0,0,69,Normal
2026-02-15 10:37:45.270341,Toronto-17b0,46,54,Normal
2026-02-15 10:37:46.270341,Toronto-17b0,-16,95,Normal
2026-02-15 10:37:47.270341,Toronto-17b0,42,79,Normal
2026-02-15 10:37:48.270341,Toronto-17b0,4,4,Normal
2026-02-15 10:37:49.270341,Toronto-17b0,36,43,Normal
2026-02-15 10:37:50.270341,Toronto-17b0,-1,95,Normal
2026-02-15 10:37:51.270341,Toronto-17b0,-17,73,Normal
2026-02-15 10:37:52.270341,Toronto-17b0,40,22,Normal
2026-02-15 10:37:53.270341,Toronto-17b0,10,35,Normal
2026-02-15 10:37:54.270341,Toronto-17b0,-19,14,Normal
2026-02-15 10:37:55.270341,Toronto-17b0,-5,33,Normal
2026-02-15 10:37:56.270341,Toronto-17b0,50,51,Normal
2026-02-15 10:37:57.270341,Toronto-17b0,35,42,Normal
2026-02-15 10:37:58.270341,Toronto-17b0,35,6,Normal
2026-02-15 10:37:59.270341,Toronto-17b0,43,2,Normal
2026-02-15 10:38:00.270341,Toronto-17b0,21,52,Normal
2026-02-15 10:38:01.270341,Toronto-17b0,7,52,Normal
2026-02-15 10:38:02.270341,Toronto-17b0,-10,88,Normal
2026-02-15 10:38:03.270341,Toronto-17b0,-30,30,Normal
2026-02-15 10:38:04.270341,Toronto-17b0,48,88,Normal
2026-02-15 10:38:05.270341,Toronto-17b0,-3,7,Normal
2026-02-15 10:38:06.270341,Toronto-17b0,18,57,Normal
2026-02-15 10:38:07.270341,Toronto-17b0,40,97,Normal
2026-02-15 10:38:08.270341,Toronto-17b0,14,93,Normal
2026-02-15 10:38:09.270341,Toronto-17b0,38,30,Normal
2026-02-15 10:38:10.270341,Toronto-17b0,-15,54,Normal
2026-02-15 10:38:11.270341,Toronto-17b0,-2,93,Normal
2026-02-15 10:38:12.270341,Toronto-17b0,10,44,Normal
2026-02-15 10:38:13.270341,Toronto-17b0,48,66,Normal
2026-02-15 10:38:14.270341,Toronto-17b0,3,15,Normal
2026-02-15 10:38:15.270341,Toronto-17b0,-10,87,Normal
2026-02-15 10:38:16.270341,Toronto-17b0,47,89,Normal
2026-02-15 10:38:17.270341,Toronto-17b0,24,3,Normal
2026-02-15 10:38:18.270341,Toronto-17b0,48,38,Normal
2026-02-15 10:38:19.270341,Toronto-17b0,23,4,Normal
2026-02-15 10:38:20.270341,Toronto-17b0,39,5,Normal
2026-02-15 10:38:21.270341,Toronto-17b0,17,55,Normal
2026-02-15 10:38:22.270341,Toronto-17b0,-22,36,Normal
2026-02-15 10:38:23.270341,Toronto-17b0,-13,46,Normal
2026-02-15 10:38:24.270341,Toronto-17b0,47,35,Normal
2026-02-15 10:38:25.270341,Toronto-17b0,-23,85,Normal
2026-02-15 10:38:26.270341,Toronto-17b0,41,88,Normal
2026-02-15 10:38:27.270341,Toronto-17b0,-5,92,Normal
2026-02-15 10:38:28.270341,Toronto-17b0,49,1,Normal
2026-02-15 10:38:29.270341,Toronto-17b0,29,99,Normal
2026-02-15 10:38:30.270341,Toronto-17b0,35,12,Normal
2026-02-15 10:38:31.270341,Toronto-17b0,35,15,Normal
2026-02-15 10:38:32.270341,Toronto-17b0,-24,47,Normal
2026-02-15 10:38:33.270341,Toronto-17b0,-29,91,Normal
2026-02-15 10:38:34.270341,Toronto-17b0,41,92,Normal
2026-02-15 10:38:35.270341,Toronto-17b0,-22,83,Normal
2026-02-15 10:38:36.270341,Toronto-17b0,31,50,Normal
2026-02-15 10:38:37.270341,Toronto-17b0,45,3,Normal
2026-02-15 10:38:38.270341,Toronto-17b0,26,42,Normal
2026-02-15 10:38:39.270341,Toronto-17b0,38,82,Normal
2026-02-15 10:38:40.270341,Toronto-17b0,-4,91,Normal
2026-02-15 10:38:41.270341,Toronto-17b0,12,23,Normal
2026-02-15 10:38:42.270341,Toronto-17b0,21,63,Normal
2026-02-15 10:38:43.270341,Toronto-17b0,31,73,Normal
2026-02-15 10:38:44.270341,Toronto-17b0,-13,45,Normal
2026-02-15 10:38:45.270341,Toronto-17b0,-3,91,Normal
2026-02-15 10:38:46.270341,Toronto-17b0,29,12,Normal
2026-02-15 10:38:47.270341,Toronto-17b0,12,91,Normal
2026-02-15 10:38:48.270341,Toronto-17b0,-3,59,Normal
2026-02-15 10:38:49.270341,Toronto-17b0,26,92,Normal
2026-02-15 10:38:50.270341,Toronto-17b0,-18,30,Normal
2026-02-15 10:38:51.270341,Toronto-17b0,11,14,Normal
2026-02-15 10:38:52.270341,Toronto-17b0,-19,82,Normal
2026-02-15 10:38:53.270341,Toronto-17b0,16,62,Normal
2026-02-15 10:38:54.270341,Toronto-17b0,14,26,Normal
2026-02-15 10:38:55.270341,Toronto-17b0,-16,95,Normal
2026-02-15 10:38:56.270341,Toronto-17b0,-11,23,Normal
2026-02-15 10:38:57.270341,Toronto-17b0,47,89,Normal
2026-02-15 10:38:58.270341,Toronto-17b0,3,1,Normal
2026-02-15 10:38:59.270341,Toronto-17b0,-27,74,Normal
2026-02-15 10:39:00.270341,Toronto-17b0,-12,65,Normal
2026-02-15 10:39:01.270341,Toronto-17b0,42,79,Normal
2026-02-15 10:39:02.270341,Toronto-17b0,-18,74,Normal
2026-02-15 10:39:03.270341,Toronto-17b0,6,0,Normal
2026-02-15 10:39:04.270341,Toronto-17b0,-6,16,Normal
2026-02-15 10:39:05.270341,Toronto-17b0,45,25,Normal
2026-02-15 10:39:06.270341,Toronto-17b0,10,66,Normal
2026-02-15 10:39:07.270341,Toronto-17b0,-5,54,Normal
2026-02-15 10:39:08.270341,Toronto-17b0,-13,5,Normal
2026-02-15 10:39:09.270341,Toronto-17b0,-30,92,Normal
2026-02-15 10:39:10.270341,Toronto-17b0,-1,88,Normal
2026-02-15 10:39:11.270341,Toronto-17b0,50,12,Normal
2026-02-15 10:39:12.270341,Toronto-17b0,49,20,Normal
2026-02-15 10:39:13.270341,Toronto-17b0,-25,65,Normal
2026-02-15 10:39:14.270341,Toronto-17b0,31,87,Normal
2026-02-15 10:39:15.270341,Toronto-17b0,27,77,Normal
2026-02-15 10:39:16.270341,Toronto-17b0,46,74,Normal
2026-02-15 10:39:17.270341,Toronto-17b0,-8,66,Normal
2026-02-15 10:39:18.270341,Toronto-17b0,2,72,Normal
2026-02-15 10:39:19.270341,Toronto-17b0,28,86,Normal
2026-02-15 10:39:20.270341,Toronto-17b0,18,42,Normal
2026-02-15 10:39:21.270341,Toronto-17b0,29,94,Normal
2026-02-15 10:39:22.270341,Toronto-17b0,-2,81,Normal
2026-02-15 10:39:23.270341,Toronto-17b0,-20,11,Normal
2026-02-15 10:39:24.270341,Toronto-17b0,-17,92,Normal
2026-02-15 10:39:25.270341,Toronto-17b0,-23,28,Normal
2026-02-15 10:39:26.270341,Toronto-17b0,-28,52,Normal
2026-02-15 10:39:27.270341,Toronto-17b0,23,5,Normal
2026-02-15 10:39:28.270341,Toronto-17b0,-3,24,Normal
2026-02-15 10:39:29.270341,Toronto-17b0,22,44,Normal
2026-02-15 10:39:30.270341,Toronto-17b0,-2,67,Normal
2026-02-15 10:39:31.270341,Toronto-17b0,-10,61,Normal
2026-02-15 10:39:32.270341,Toronto-17b0,-16,77,Normal
2026-02-15 10:39:33.270341,Toronto-17b0,24,83,Normal
2026-02-15 10:39:34.270341,Toronto-17b0,30,84,Normal
2026-02-15 10:39:35.270341,Toronto-17b0,27,89,Normal
2026-02-15 10:39:36.270341,Toronto-17b0,-2,64,Normal
2026-02-15 10:39:37.270341,Toronto-17b0,-14,29,Normal
2026-02-15 10:39:38.270341,Toronto-17b0,45,5,Normal
2026-02-15 10:39:39.270341,Toronto-17b0,34,5,Normal
2026-02-15 10:39:40.270341,Toronto-17b0,38,58,Normal
2026-02-15 10:39:41.270341,Toronto-17b0,24,4,Normal
2026-02-15 10:39:42.270341,Toronto-17b0,-15,83,Normal
2026-02-15 10:39:43.270341,Toronto-17b0,-24,48,Normal
2026-02-15 10:39:44.270341,Toronto-17b0,24,3,Normal
2026-02-15 10:39:45.270341,Toronto-17b0,19,27,Normal
2026-02-15 10:39:46.270341,Toronto-17b0,-5,15,Normal
2026-02-15 10:39:47.270341,Toronto-17b0,-22,30,Normal
2026-02-15 10:39:48.270341,Toronto-17b0,46,73,Normal
2026-02-15 10:39:49.270341,Toronto-17b0,31,56,Normal
2026-02-15 10:39:50.270341,Toronto-17b0,-3,55,Normal
2026-02-15 10:39:51.270341,Toronto-17b0,19,25,Normal
2026-02-15 10:39:52.270341,Toronto-17b0,-11,1,Normal
2026-02-15 10:39:53.270341,Toronto-17b0,-24,38,Normal
2026-02-15 10:39:54.270341,Toronto-17b0,-7,88,Normal
2026-02-15 10:39:55.270341,Toronto-17b0,-28,45,Normal
2026-02-15 10:39:56.270341,Toronto-17b0,47,23,Normal
2026-02-15 10:39:57.270341,Toronto-17b0,-30,7,Normal
2026-02-15 10:39:58.270341,Toronto-17b0,16,65,Normal
2026-02-15 10:39:59.270341,Toronto-17b0,-11,92,Normal
2026-02-15 10:40:00.270341,Toronto-17b0,-8,16,Normal
2026-02-15 10:40:01.270341,Toronto-17b0,39,87,Normal
2026-02-15 10:40:02.270341,Toronto-17b0,-25,14,Normal
2026-02-15 10:40:03.270341,Toronto-17b0,-21,53,Normal
2026-02-15 10:40:04.270341,Toronto-17b0,2,14,Normal
2026-02-15 10:40:05.270341,Toronto-17b0,40,97,Normal
2026-02-15 10:40:06.270341,Toronto-17b0,45,4,Normal
2026-02-15 10:40:07.270341,Toronto-17b0,35,74,Normal
2026-02-15 10:40:08.270341,Toronto-17b0,23,78,Normal
2026-02-15 10:40:09.270341,Toronto-17b0,2,46,Normal
2026-02-15 10:40:10.270341,Toronto-17b0,-28,5,Normal
2026-02-15 10:40:11.270341,Toronto-17b0,18,81,Normal
2026-02-15 10:40:12.270341,Toronto-17b0,-20,89,Normal
2026-02-15 10:40:13.270341,Toronto-17b0,-16,50,Normal
2026-02-15 10:40:14.270341,Toronto-17b0,-10,70,Normal
2026-02-15 10:40:15.270341,Toronto-17b0,33,89,Normal
2026-02-15 10:40:16.270341,Toronto-17b0,-13,8,Normal
2026-02-15 10:40:17.270341,Toronto-17b0,37,14,Normal
2026-02-15 10:40:18.270341,Toronto-17b0,-14,92,Normal
2026-02-15 10:40:19.270341,Toronto-17b0,-10,46,Normal
2026-02-15 10:40:20.270341,Toronto-17b0,0,77,Normal
2026-02-15 10:40:21.270341,Toronto-17b0,40,70,Normal
2026-02-15 10:40:22.270341,Toronto-17b0,21,90,Normal
2026-02-15 10:40:23.270341,Toronto-17b0,-28,41,Normal
2026-02-15 10:40:24.270341,Toronto-17b0,37,81,Normal
2026-02-15 10:40:25.270341,Toronto-17b0,43,90,Normal
2026-02-15 10:40:26.270341,Toronto-17b0,17,86,Normal
2026-02-15 10:40:27.270341,Toronto-17b0,8,35,Normal
2026-02-15 10:40:28.270341,Toronto-17b0,22,77,Normal
2026-02-15 10:40:29.270341,Toronto-17b0,-1,73,Normal
2026-02-15 10:40:30.270341,Toronto-17b0,32,9,Normal
2026-02-15 10:40:31.270341,Toronto-17b0,18,2,Normal
2026-02-15 10:40:32.270341,Toronto-17b0,-26,75,Normal
2026-02-15 10:40:33.270341,Toronto-17b0,17,76,Normal
2026-02-15 10:40:34.270341,Toronto-17b0,7,0,Normal
2026-02-15 10:40:35.270341,Toronto-17b0,23,88,Normal
2026-02-15 10:40:36.270341,Toronto-17b0,-2,93,Normal
2026-02-15 10:40:37.270341,Toronto-17b0,-12,20,Normal
2026-02-15 10:40:38.270341,Toronto-17b0,12,2,Normal
2026-02-15 10:40:39.270341,Toronto-17b0,33,53,Normal
2026-02-15 10:40:40.270341,Toronto-17b0,-19,29,Normal
2026-02-15 10:40:41.270341,Toronto-17b0,29,88,Normal
2026-02-15 10:40:42.270341,Toronto-17b0,44,98,Normal
2026-02-15 10:40:43.270341,Toronto-17b0,4,73,Normal
2026-02-15 10:40:44.270341,Toronto-17b0,-21,53,Normal
2026-02-15 10:40:45.270341,Toronto-17b0,36,13,Normal
2026-02-15 10:40:46.270341,Toronto-17b0,22,2,Normal
2026-02-15 10:40:47.270341,Toronto-17b0,-16,100,Normal
2026-02-15 10:40:48.270341,Toronto-17b0,-21,24,Normal
2026-02-15 10:40:49.270341,Toronto-17b0,20,16,Normal
2026-02-15 10:40:50.270341,Toronto-17b0,-24,51,Normal
2026-02-15 10:40:51.270341,Toronto-17b0,-4,19,Normal
2026-02-15 10:40:52.270341,Toronto-17b0,-17,66,Normal
2026-02-15 10:40:53.270341,Toronto-17b0,19,30,Normal
2026-02-15 10:40:54.270341,Toronto-17b0,22,30,Normal
2026-02-15 10:40:55.270341,Toronto-17b0,35,72,Normal
2026-02-15 10:40:56.270341,Toronto-17b0,36,20,Normal
2026-02-15 10:40:57.270341,Toronto-17b0,-25,80,Normal
2026-02-15 10:40:58.270341,Toronto-17b0,10,75,Normal
2026-02-15 10:40:59.270341,Toronto-17b0,-16,62,Normal
2026-02-15 10:41:00.270341,Toronto-17b0,42,68,Normal
2026-02-15 10:41:01.270341,Toronto-17b0,43,55,Normal
2026-02-15 10:41:02.270341,Toronto-17b0,47,65,Normal
2026-02-15 10:41:03.270341,Toronto-17b0,50,76,Normal
2026-02-15 10:41:04.270341,Toronto-17b0,0,25,Normal
2026-02-15 10:41:05.270341,Toronto-17b0,48,62,Normal
2026-02-15 10:41:06.270341,Toronto-17b0,-9,17,Normal
2026-02-15 10:41:07.270341,Toronto-17b0,42,86,Normal
2026-02-15 10:41:08.270341,Toronto-17b0,-28,72,Normal
2026-02-15 10:41:09.270341,Toronto-17b0,-9,26,Normal
2026-02-15 10:41:10.270341,Toronto-17b0,-10,55,Normal
2026-02-15 10:41:11.270341,Toronto-17b0,-28,62,Normal
2026-02-15 10:41:12.270341,Toronto-17b0,37,25,Normal
2026-02-15 10:41:13.270341,Toronto-17b0,-2,89,Normal
2026-02-15 10:41:14.270341,Toronto-17b0,25,44,Normal
2026-02-15 10:41:15.270341,Toronto-17b0,-10,12,Normal
2026-02-15 10:41:16.270341,Toronto-17b0,19,49,Normal
2026-02-15 10:41:17.270341,Toronto-17b0,7,98,Normal
2026-02-15 10:41:18.270341,Toronto-17b0,46,78,Normal
2026-02-15 10:41:19.270341,Toronto-17b0,3,46,Normal
2026-02-15 10:41:20.270341,Toronto-17b0,-12,70,Normal
2026-02-15 10:41:21.270341,Toronto-17b0,2,59,Normal
2026-02-15 10:41:22.270341,Toronto-17b0,-23,90,Normal
2026-02-15 10:41:23.270341,Toronto-17b0,39,23,Normal
2026-02-15 10:41:24.270341,Toronto-17b0,-7,62,Normal
2026-02-15 10:41:25.270341,Toronto-17b0,-21,41,Normal
2026-02-15 10:41:26.270341,Toronto-17b0,16,9,Normal
2026-02-15 10:41:27.270341,Toronto-17b0,-6,29,Normal
2026-02-15 10:41:28.270341,Toronto-17b0,6,75,Normal
2026-02-15 10:41:29.270341,Toronto-17b0,20,16,Normal
2026-02-15 10:41:30.270341,Toronto-17b0,32,87,Normal
2026-02-15 10:41:31.270341,Toronto-17b0,5,23,Normal
2026-02-15 10:41:32.270341,Toronto-17b0,34,7,Normal
2026-02-15 10:41:33.270341,Toronto-17b0,-3,29,Normal
2026-02-15 10:41:34.270341,Toronto-17b0,40,22,Normal
2026-02-15 10:41:35.270341,Toronto-17b0,11,40,Normal
2026-02-15 10:41:36.270341,Toronto-17b0,18,64,Normal
2026-02-15 10:41:37.270341,Toronto-17b0,-29,73,Normal
2026-02-15 10:41:38.270341,Toronto-17b0,19,23,Normal
2026-02-15 10:41:39.270341,Toronto-17b0,36,85,Normal
2026-02-15 10:41:40.270341,Toronto-17b0,18,70,Normal
2026-02-15 10:41:41.270341,Toronto-17b0,44,38,Normal
2026-02-15 10:41:42.270341,Toronto-17b0,-14,4,Normal
2026-02-15 10:41:43.270341,Toronto-17b0,33,44,Normal
2026-02-15 10:41:44.270341,Toronto-17b0,-24,41,Normal
2026-02-15 10:41:45.270341,Toronto-17b0,35,79,Normal
2026-02-15 10:41:46.270341,Toronto-17b0,-17,83,Normal
2026-02-15 10:41:47.270341,Toronto-17b0,26,9,Normal
2026-02-15 10:41:48.270341,Toronto-17b0,-14,42,Normal
2026-02-15 10:41:49.270341,Toronto-17b0,34,39,Normal
2026-02-15 10:41:50.270341,Toronto-17b0,-22,22,Normal
2026-02-15 10:41:51.270341,Toronto-17b0,-14,19,Normal
2026-02-15 10:41:52.270341,Toronto-17b0,43,91,Normal
2026-02-15 10:41:53.270341,Toronto-17b0,-14,55,Normal
2026-02-15 10:41:54.270341,Toronto-17b0,19,89,Normal
2026-02-15 10:41:55.270341,Toronto-17b0,12,69,Normal
2026-02-15 10:41:56.270341,Toronto-17b0,-23,27,Normal
2026-02-15 10:41:57.270341,Toronto-17b0,3,43,Normal
2026-02-15 10:41:58.270341,Toronto-17b0,4,97,Normal
2026-02-15 10:41:59.270341,Toronto-17b0,41,62,Normal
2026-02-15 10:42:00.270341,Toronto-17b0,34,45,Normal
2026-02-15 10:42:01.270341,Toronto-17b0,-15,92,Normal
2026-02-15 10:42:02.270341,Toronto-17b0,37,0,Normal
2026-02-15 10:42:03.270341,Toronto-17b0,33,53,Normal
2026-02-15 10:42:04.270341,Toronto-17b0,46,50,Normal
2026-02-15 10:42:05.270341,Toronto-17b0,-18,68,Normal
2026-02-15 10:42:06.270341,Toronto-17b0,36,47,Normal
2026-02-15 10:42:07.270341,Toronto-17b0,-24,92,Normal
2026-02-15 10:42:08.270341,Toronto-17b0,5,25,Normal
2026-02-15 10:42:09.270341,Toronto-17b0,17,13,Normal
2026-02-15 10:42:10.270341,Toronto-17b0,40,77,Normal
2026-02-15 10:42:11.270341,Toronto-17b0,-27,55,Normal
2026-02-15 10:42:12.270341,Toronto-17b0,-8,98,Normal
2026-02-15 10:42:13.270341,Toronto-17b0,41,20,Normal
2026-02-15 10:42:14.270341,Toronto-17b0,34,94,Normal
2026-02-15 10:42:15.270341,Toronto-17b0,-3,9,Normal
2026-02-15 10:42:16.270341,Toronto-17b0,-18,7,Normal
2026-02-15 10:42:17.270341,Toronto-17b0,-23,54,Normal
2026-02-15 10:42:18.270341,Toronto-17b0,42,42,Normal
2026-02-15 10:42:19.270341,Toronto-17b0,27,98,Normal
2026-02-15 10:42:20.270341,Toronto-17b0,-15,32,Normal
2026-02-15 10:42:21.270341,Toronto-17b0,-13,90,Normal
2026-02-15 10:42:22.270341,Toronto-17b0,-24,19,Normal
2026-02-15 10:42:23.270341,Toronto-17b0,41,2,Normal
2026-02-15 10:42:24.270341,Toronto-17b0,4,86,Normal
2026-02-15 10:42:25.270341,Toronto-17b0,48,13,Normal
2026-02-15 10:42:26.270341,Toronto-17b0,-6,76,Normal
2026-02-15 10:42:27.270341,Toronto-17b0,15,45,Normal
2026-02-15 10:42:28.270341,Toronto-17b0,0,7,Normal
2026-02-15 10:42:29.270341,Toronto-17b0,2,76,Normal
2026-02-15 10:42:30.270341,Toronto-17b0,29,80,Normal
2026-02-15 10:42:31.270341,Toronto-17b0,-11,91,Normal
2026-02-15 10:42:32.270341,Toronto-17b0,35,64,Normal
2026-02-15 10:42:33.270341,Toronto-17b0,20,98,Normal
2026-02-15 10:42:34.270341,Toronto-17b0,-10,71,Normal
2026-02-15 10:42:35.270341,Toronto-17b0,48,14,Normal
2026-02-15 10:42:36.270341,Toronto-17b0,-9,92,Normal
2026-02-15 10:42:37.270341,Toronto-17b0,47,7,Normal
2026-02-15 10:42:38.270341,Toronto-17b0,-24,54,Normal
2026-02-15 10:42:39.270341,Toronto-17b0,21,40,Normal
2026-02-15 10:42:40.270341,Toronto-17b0,-14,71,Normal
2026-02-15 10:42:41.270341,Toronto-17b0,-14,0,Normal
2026-02-15 10:42:42.270341,Toronto-17b0,-2,0,Normal
2026-02-15 10:42:43.270341,Toronto-17b0,34,47,Normal
2026-02-15 10:42:44.270341,Toronto-17b0,-15,75,Normal
2026-02-15 10:42:45.270341,Toronto-17b0,28,64,Normal
2026-02-15 10:42:46.270341,Toronto-17b0,16,97,Normal
2026-02-15 10:42:47.270341,Toronto-17b0,49,37,Normal
2026-02-15 10:42:48.270341,Toronto-17b0,12,89,Normal
2026-02-15 10:42:49.270341,Toronto-17b0,-1,76,Normal
2026-02-15 10:42:50.270341,Toronto-17b0,35,9,Normal
2026-02-15 10:42:51.270341,Toronto-17b0,23,94,Normal
2026-02-15 10:42:52.270341,Toronto-17b0,28,55,Normal
2026-02-15 10:42:53.270341,Toronto-17b0,13,37,Normal
2026-02-15 10:42:54.270341,Toronto-17b0,39,44,Normal
2026-02-15 10:42:55.270341,Toronto-17b0,44,45,Normal
2026-02-15 10:42:56.270341,Toronto-17b0,14,52,Normal
2026-02-15 10:42:57.270341,Toronto-17b0,50,25,Normal
2026-02-15 10:42:58.270341,Toronto-17b0,19,36,Normal
2026-02-15 10:42:59.270341,Toronto-17b0,-12,16,Normal
2026-02-15 10:43:00.270341,Toronto-17b0,9,73,Normal
2026-02-15 10:43:01.270341,Toronto-17b0,31,88,Normal
2026-02-15 10:43:02.270341,Toronto-17b0,41,57,Normal
2026-02-15 10:43:03.270341,Toronto-17b0,21,82,Normal
2026-02-15 10:43:04.270341,Toronto-17b0,45,71,Normal
2026-02-15 10:43:05.270341,Toronto-17b0,6,5,Normal
2026-02-15 10:43:06.270341,Toronto-17b0,-23,53,Normal
2026-02-15 10:43:07.270341,Toronto-17b0,-1,27,Normal
2026-02-15 10:43:08.270341,Toronto-17b0,-9,64,Normal
2026-02-15 10:43:09.270341,Toronto-17b0,3,41,Normal
2026-02-15 10:43:10.270341,Toronto-17b0,6,56,Normal
2026-02-15 10:43:11.270341,Toronto-17b0,31,97,Normal
2026-02-15 10:43:12.270341,Toronto-17b0,-26,42,Normal
2026-02-15 10:43:13.270341,Toronto-17b0,31,27,Normal
2026-02-15 10:43:14.270341,Toronto-17b0,46,3,Normal
2026-02-15 10:43:15.270341,Toronto-17b0,29,5,Normal
2026-02-15 10:43:16.270341,Toronto-17b0,-18,84,Normal
2026-02-15 10:43:17.270341,Toronto-17b0,34,80,Normal
2026-02-15 10:43:18.270341,Toronto-17b0,18,65,Normal
2026-02-15 10:43:19.270341,Toronto-17b0,-16,27,Normal
2026-02-15 10:43:20.270341,Toronto-17b0,35,66,Normal
2026-02-15 10:43:21.270341,Toronto-17b0,-10,88,Normal
2026-02-15 10:43:22.270341,Toronto-17b0,40,47,Normal
2026-02-15 10:43:23.270341,Toronto-17b0,14,61,Normal
2026-02-15 10:43:24.270341,Toronto-17b0,48,52,Normal
2026-02-15 10:43:25.270341,Toronto-17b0,-23,92,Normal
2026-02-15 10:43:26.270341,Toronto-17b0,-15,33,Normal
2026-02-15 10:43:27.270341,Toronto-17b0,-11,31,Normal
2026-02-15 10:43:28.270341,Toronto-17b0,8,95,Normal
2026-02-15 10:43:29.270341,Toronto-17b0,33,45,Normal
2026-02-15 10:43:30.270341,Toronto-17b0,-19,97,Normal
2026-02-15 10:43:31.270341,Toronto-17b0,3,32,Normal
2026-02-15 10:43:32.270341,Toronto-17b0,31,70,Normal
2026-02-15 10:43:33.270341,Toronto-17b0,41,7,Normal
2026-02-15 10:43:34.270341,Toronto-17b0,-26,87,Normal
2026-02-15 10:43:35.270341,Toronto-17b0,50,56,Normal
2026-02-15 10:43:36.270341,Toronto-17b0,46,35,Normal
2026-02-15 10:43:37.270341,Toronto-17b0,20,2,Normal
2026-02-15 10:43:38.270341,Toronto-17b0,-16,36,Normal
2026-02-15 10:43:39.270341,Toronto-17b0,19,62,Normal
2026-02-15 10:43:40.270341,Toronto-17b0,-27,95,Normal
2026-02-15 10:43:41.270341,Toronto-17b0,42,91,Normal
2026-02-15 10:43:42.270341,Toronto-17b0,-7,30,Normal
2026-02-15 10:43:43.270341,Toronto-17b0,23,22,Normal
2026-02-15 10:43:44.270341,Toronto-17b0,-26,2,Normal
2026-02-15 10:43:45.270341,Toronto-17b0,20,28,Normal
2026-02-15 10:43:46.270341,Toronto-17b0,41,23,Normal
2026-02-15 10:43:47.270341,Toronto-17b0,3,91,Normal
2026-02-15 10:43:48.270341,Toronto-17b0,-1,79,Normal
2026-02-15 10:43:49.270341,Toronto-17b0,31,50,Normal
2026-02-15 10:43:50.270341,Toronto-17b0,46,48,Normal
2026-02-15 10:43:51.270341,Toronto-17b0,19,68,Normal
2026-02-15 10:43:52.270341,Toronto-17b0,-1,62,Normal
2026-02-15 10:43:53.270341,Toronto-17b0,11,11,Normal
2026-02-15 10:43:54.270341,Toronto-17b0,47,61,Normal
2026-02-15 10:43:55.270341,Toronto-17b0,-30,52,Normal
2026-02-15 10:43:56.270341,Toronto-17b0,-17,77,Normal
2026-02-15 10:43:57.270341,Toronto-17b0,-8,77,Normal
2026-02-15 10:43:58.270341,Toronto-17b0,2,17,Normal
2026-02-15 10:43:59.270341,Toronto-17b0,42,70,Normal
2026-02-15 10:44:00.270341,Toronto-17b0,10,68,Normal
2026-02-15 10:44:01.270341,Toronto-17b0,-24,65,Normal
2026-02-15 10:44:02.270341,Toronto-17b0,-17,19,Normal
2026-02-15 10:44:03.270341,Toronto-17b0,-6,71,Normal
2026-02-15 10:44:04.270341,Toronto-17b0,18,0,Normal
2026-02-15 10:44:05.270341,Toronto-17b0,11,31,Normal
2026-02-15 10:44:06.270341,Toronto-17b0,8,78,Normal
2026-02-15 10:44:07.270341,Toronto-17b0,-25,22,Normal
2026-02-15 10:44:08.270341,Toronto-17b0,23,85,Normal
2026-02-15 10:44:09.270341,Toronto-17b0,-24,9,Normal
2026-02-15 10:44:10.270341,Toronto-17b0,-13,68,Normal
2026-02-15 10:44:11.270341,Toronto-17b0,-25,88,Normal
2026-02-15 10:44:12.270341,Toronto-17b0,-3,34,Normal
2026-02-15 10:44:13.270341,Toronto-17b0,48,63,Normal
2026-02-15 10:44:14.270341,Toronto-17b0,24,54,Normal
2026-02-15 10:44:15.270341,Toronto-17b0,-20,78,Normal
2026-02-15 10:44:16.270341,Toronto-17b0,27,47,Normal
2026-02-15 10:44:17.270341,Toronto-17b0,-1,1,Normal
2026-02-15 10:44:18.270341,Toronto-17b0,8,28,Normal
2026-02-15 10:44:19.270341,Toronto-17b0,1,44,Normal
2026-02-15 10:44:20.270341,Toronto-17b0,-8,1,Normal
2026-02-15 10:44:21.270341,Toronto-17b0,-24,97,Normal
2026-02-15 10:44:22.270341,Toronto-17b0,45,99,Normal
2026-02-15 10:44:23.270341,Toronto-17b0,-11,78,Normal
2026-02-15 10:44:24.270341,Toronto-17b0,0,84,Normal
2026-02-15 10:44:25.270341,Toronto-17b0,44,48,Normal
2026-02-15 10:44:26.270341,Toronto-17b0,-2,52,Normal
2026-02-15 10:44:27.270341,Toronto-17b0,-10,73,Normal
2026-02-15 10:44:28.270341,Toronto-17b0,-21,90,Normal
2026-02-15 10:44:29.270341,Toronto-17b0,-19,21,Normal
2026-02-15 10:44:30.270341,Toronto-17b0,14,35,Normal
2026-02-15 10:44:31.270341,Toronto-17b0,24,0,Normal
2026-02-15 10:44:32.270341,Toronto-17b0,22,1,Normal
2026-02-15 10:44:33.270341,Toronto-17b0,-18,89,Normal
2026-02-15 10:44:34.270341,Toronto-17b0,-21,7,Normal
2026-02-15 10:44:35.270341,Toronto-17b0,18,93,Normal
2026-02-15 10:44:36.270341,Toronto-17b0,50,32,Normal
2026-02-15 10:44:37.270341,Toronto-17b0,-26,66,Normal
2026-02-15 10:44:38.270341,Toronto-17b0,-13,54,Normal
2026-02-15 10:44:39.270341,Toronto-17b0,-11,69,Normal
2026-02-15 10:44:40.270341,Toronto-17b0,40,95,Normal
2026-02-15 10:44:41.270341,Toronto-17b0,34,2,Normal
2026-02-15 10:44:42.270341,Toronto-17b0,9,30,Normal
2026-02-15 10:44:43.270341,Toronto-17b0,-29,12,Normal
2026-02-15 10:44:44.270341,Toronto-17b0,-12,15,Normal
2026-02-15 10:44:45.270341,Toronto-17b0,-29,15,Normal
2026-02-15 10:44:46.270341,Toronto-17b0,-2,57,Normal
2026-02-15 10:44:47.270341,Toronto-17b0,45,53,Normal
2026-02-15 10:44:48.270341,Toronto-17b0,44,1,Normal
2026-02-15 10:44:49.270341,Toronto-17b0,35,80,Normal
2026-02-15 10:44:50.270341,Toronto-17b0,-23,75,Normal
2026-02-15 10:44:51.270341,Toronto-17b0,7,10,Normal
2026-02-15 10:44:52.270341,Toronto-17b0,22,11,Normal
2026-02-15 10:44:53.270341,Toronto-17b0,-16,1,Normal
2026-02-15 10:44:54.270341,Toronto-17b0,17,0,Normal
2026-02-15 10:44:55.270341,Toronto-17b0,9,5,Normal
2026-02-15 10:44:56.270341,Toronto-17b0,45,35,Normal
2026-02-15 10:44:57.270341,Toronto-17b0,-16,19,Normal
2026-02-15 10:44:58.270341,Toronto-17b0,15,23,Normal
2026-02-15 10:44:59.270341,Toronto-17b0,10,73,Normal
2026-02-15 10:45:00.270341,Toronto-17b0,-2,68,Normal
2026-02-15 10:45:01.270341,Toronto-17b0,13,78,Normal
2026-02-15 10:45:02.270341,Toronto-17b0,2,2,Normal
2026-02-15 10:45:03.270341,Toronto-17b0,21,76,Normal
2026-02-15 10:45:04.270341,Toronto-17b0,0,72,Normal
2026-02-15 10:45:05.270341,Toronto-17b0,37,80,Normal
2026-02-15 10:45:06.270341,Toronto-17b0,18,44,Normal
2026-02-15 10:45:07.270341,Toronto-17b0,4,39,Normal
2026-02-15 10:45:08.270341,Toronto-17b0,39,23,Normal
2026-02-15 10:45:09.270341,Toronto-17b0,3,56,Normal
2026-02-15 10:45:10.270341,Toronto-17b0,-10,55,Normal
2026-02-15 10:45:11.270341,Toronto-17b0,19,56,Normal
2026-02-15 10:45:12.270341,Toronto-17b0,39,49,Normal
2026-02-15 10:45:13.270341,Toronto-17b0,-25,19,Normal
2026-02-15 10:45:14.270341,Toronto-17b0,7,27,Normal
2026-02-15 10:45:15.270341,Toronto-17b0,-25,86,Normal
2026-02-15 10:45:16.270341,Toronto-17b0,0,96,Normal
2026-02-15 10:45:17.270341,Toronto-17b0,-6,99,Normal
2026-02-15 10:45:18.270341,Toronto-17b0,27,87,Normal
2026-02-15 10:45:19.270341,Toronto-17b0,11,11,Normal
2026-02-15 10:45:20.270341,Toronto-17b0,-23,75,Normal
2026-02-15 10:45:21.270341,Toronto-17b0,5,63,Normal
2026-02-15 10:45:22.270341,Toronto-17b0,47,25,Normal
2026-02-15 10:45:23.270341,Toronto-17b0,27,24,Normal
2026-02-15 10:45:24.270341,Toronto-17b0,35,0,Normal
2026-02-15 10:45:25.270341,Toronto-17b0,39,5,Normal
2026-02-15 10:45:26.270341,Toronto-17b0,12,0,Normal
2026-02-15 10:45:27.270341,Toronto-17b0,41,57,Normal
2026-02-15 10:45:28.270341,Toronto-17b0,-19,46,Normal
2026-02-15 10:45:29.270341,Toronto-17b0,28,76,Normal
2026-02-15 10:45:30.270341,Toronto-17b0,-29,54,Normal
2026-02-15 10:45:31.270341,Toronto-17b0,-2,1,Normal
2026-02-15 10:45:32.270341,Toronto-17b0,18,55,Normal
2026-02-15 10:45:33.270341,Toronto-17b0,0,55,Normal
2026-02-15 10:45:34.270341,Toronto-17b0,-1,60,Normal
2026-02-15 10:45:35.270341,Toronto-17b0,44,85,Normal
2026-02-15 10:45:36.270341,Toronto-17b0,33,16,Normal
2026-02-15 10:45:37.270341,Toronto-17b0,-8,89,Normal
2026-02-15 10:45:38.270341,Toronto-17b0,2,46,Normal
2026-02-15 10:45:39.270341,Toronto-17b0,-18,51,Normal
2026-02-15 10:45:40.270341,Toronto-17b0,1,80,Normal
2026-02-15 10:45:41.270341,Toronto-17b0,4,29,Normal
2026-02-15 10:45:42.270341,Toronto-17b0,-15,59,Normal
2026-02-15 10:45:43.270341,Toronto-17b0,5,78,Normal
2026-02-15 10:45:44.270341,Toronto-17b0,-23,99,Normal
2026-02-15 10:45:45.270341,Toronto-17b0,35,78,Normal
2026-02-15 10:45:46.270341,Toronto-17b0,-25,3,Normal
2026-02-15 10:45:47.270341,Toronto-17b0,3,46,Normal
2026-02-15 10:45:48.270341,Toronto-17b0,17,87,Normal
2026-02-15 10:45:49.270341,Toronto-17b0,-14,3,Normal
2026-02-15 10:45:50.270341,Toronto-17b0,-22,48,Normal
2026-02-15 10:45:51.270341,Toronto-17b0,-5,99,Normal
2026-02-15 10:45:52.270341,Toronto-17b0,32,73,Normal
2026-02-15 10:45:53.270341,Toronto-17b0,29,14,Normal
2026-02-15 10:45:54.270341,Toronto-17b0,39,61,Normal
2026-02-15 10:45:55.270341,Toronto-17b0,29,7,Normal
2026-02-15 10:45:56.270341,Toronto-17b0,43,40,Normal
2026-02-15 10:45:57.270341,Toronto-17b0,15,17,Normal
2026-02-15 10:45:58.270341,Toronto-17b0,19,73,Normal
2026-02-15 10:45:59.270341,Toronto-17b0,47,6,Normal
2026-02-15 10:46:00.270341,Toronto-17b0,37,66,Normal
2026-02-15 10:46:01.270341,Toronto-17b0,31,0,Normal
2026-02-15 10:46:02.270341,Toronto-17b0,11,81,Normal
2026-02-15 10:46:03.270341,Toronto-17b0,45,78,Normal
2026-02-15 10:46:04.270341,Toronto-17b0,42,64,Normal
2026-02-15 10:46:05.270341,Toronto-17b0,16,19,Normal
2026-02-15 10:46:06.270341,Toronto-17b0,13,6,Normal
2026-02-15 10:46:07.270341,Toronto-17b0,30,96,Normal
2026-02-15 10:46:08.270341,Toronto-17b0,25,23,Normal
2026-02-15 10:46:09.270341,Toronto-17b0,48,50,Normal
2026-02-15 10:46:10.270341,Toronto-17b0,49,67,Normal
2026-02-15 10:46:11.270341,Toronto-17b0,22,74,Normal
2026-02-15 10:46:12.270341,Toronto-17b0,19,90,Normal
2026-02-15 10:46:13.270341,Toronto-17b0,27,80,Normal
2026-02-15 10:46:14.270341,Toronto-17b0,-26,17,Normal
2026-02-15 10:46:15.270341,Toronto-17b0,9,91,Normal
2026-02-15 10:46:16.270341,Toronto-17b0,11,83,Normal
2026-02-15 10:46:17.270341,Toronto-17b0,30,34,Normal
2026-02-15 10:46:18.270341,Toronto-17b0,28,54,Normal
2026-02-15 10:46:19.270341,Toronto-17b0,-11,32,Normal
2026-02-15 10:46:20.270341,Toronto-17b0,12,29,Normal
2026-02-15 10:46:21.270341,Toronto-17b0,49,96,Normal
2026-02-15 10:46:22.270341,Toronto-17b0,-17,94,Normal
2026-02-15 10:46:23.270341,Toronto-17b0,37,80,Normal
2026-02-15 10:46:24.270341,Toronto-17b0,-18,4,Normal
2026-02-15 10:46:25.270341,Toronto-17b0,30,8,Normal
2026-02-15 10:46:26.270341,Toronto-17b0,-1,46,Normal
2026-02-15 10:46:27.270341,Toronto-17b0,-6,53,Normal
2026-02-15 10:46:28.270341,Toronto-17b0,-6,88,Normal
2026-02-15 10:46:29.270341,Toronto-17b0,46,26,Normal
2026-02-15 10:46:30.270341,Toronto-17b0,-25,34,Normal
2026-02-15 10:46:31.270341,Toronto-17b0,7,89,Normal
2026-02-15 10:46:32.270341,Toronto-17b0,16,18,Normal
2026-02-15 10:46:33.270341,Toronto-17b0,5,2,Normal
2026-02-15 10:46:34.270341,Toronto-17b0,0,70,Normal
2026-02-15 10:46:35.270341,Toronto-17b0,26,19,Normal
2026-02-15 10:46:36.270341,Toronto-17b0,21,61,Normal
2026-02-15 10:46:37.270341,Toronto-17b0,25,33,Normal
2026-02-15 10:46:38.270341,Toronto-17b0,40,8,Normal
2026-02-15 10:46:39.270341,Toronto-17b0,-26,25,Normal
2026-02-15 10:46:40.270341,Toronto-17b0,17,86,Normal
2026-02-15 10:46:41.270341,Toronto-17b0,-23,85,Normal
2026-02-15 10:46:42.270341,Toronto-17b0,-9,16,Normal
2026-02-15 10:46:43.270341,Toronto-17b0,23,46,Normal
2026-02-15 10:46:44.270341,Toronto-17b0,30,23,Normal
2026-02-15 10:46:45.270341,Toronto-17b0,20,20,Normal
2026-02-15 10:46:46.270341,Toronto-17b0,11,55,Normal
2026-02-15 10:46:47.270341,Toronto-17b0,-13,26,Normal
2026-02-15 10:46:48.270341,Toronto-17b0,4,82,Normal
2026-02-15 10:46:49.270341,Toronto-17b0,47,5,Normal
2026-02-15 10:46:50.270341,Toronto-17b0,2,4,Normal
2026-02-15 10:46:51.270341,Toronto-17b0,-1,76,Normal
2026-02-15 10:46:52.270341,Toronto-17b0,31,4,Normal
2026-02-15 10:46:53.270341,Toronto-17b0,19,30,Normal
2026-02-15 10:46:54.270341,Toronto-17b0,4,70,Normal
2026-02-15 10:46:55.270341,Toronto-17b0,-19,3,Normal
2026-02-15 10:46:56.270341,Toronto-17b0,24,49,Normal
2026-02-15 10:46:57.270341,Toronto-17b0,28,55,Normal
2026-02-15 10:46:58.270341,Toronto-17b0,28,30,Normal
2026-02-15 10:46:59.270341,Toronto-17b0,28,62,Normal
2026-02-15 10:47:00.270341,Toronto-17b0,-7,41,Normal
2026-02-15 10:47:01.270341,Toronto-17b0,9,58,Normal
2026-02-15 10:47:02.270341,Toronto-17b0,-8,2,Normal
2026-02-15 10:47:03.270341,Toronto-17b0,21,59,Normal
2026-02-15 10:47:04.270341,Toronto-17b0,3,21,Normal
2026-02-15 10:47:05.270341,Toronto-17b0,24,54,Normal
2026-02-15 10:47:06.270341,Toronto-17b0,15,66,Normal
2026-02-15 10:47:07.270341,Toronto-17b0,9,57,Normal
2026-02-15 10:47:08.270341,Toronto-17b0,44,64,Normal
2026-02-15 10:47:09.270341,Toronto-17b0,38,84,Normal
2026-02-15 10:47:10.270341,Toronto-17b0,-24,21,Normal
2026-02-15 10:47:11.270341,Toronto-17b0,-25,37,Normal
2026-02-15 10:47:12.270341,Toronto-17b0,-19,44,Normal
2026-02-15 10:47:13.270341,Toronto-17b0,-3,9,Normal
2026-02-15 10:47:14.270341,Toronto-17b0,10,20,Normal
2026-02-15 10:47:15.270341,Toronto-17b0,30,27,Normal
2026-02-15 10:47:16.270341,Toronto-17b0,-24,13,Normal
2026-02-15 10:47:17.270341,Toronto-17b0,30,5,Normal
2026-02-15 10:47:18.270341,Toronto-17b0,-1,12,Normal
2026-02-15 10:47:19.270341,Toronto-17b0,46,70,Normal
2026-02-15 10:47:20.270341,Toronto-17b0,-25,12,Normal
2026-02-15 10:47:21.270341,Toronto-17b0,-9,81,Normal
2026-02-15 10:47:22.270341,Toronto-17b0,-14,16,Normal
2026-02-15 10:47:23.270341,Toronto-17b0,39,69,Normal
2026-02-15 10:47:24.270341,Toronto-17b0,45,16,Normal
2026-02-15 10:47:25.270341,Toronto-17b0,6,84,Normal
2026-02-15 10:47:26.270341,Toronto-17b0,1,91,Normal
2026-02-15 10:47:27.270341,Toronto-17b0,-15,10,Normal
2026-02-15 10:47:28.270341,Toronto-17b0,17,69,Normal
2026-02-15 10:47:29.270341,Toronto-17b0,20,55,Normal
2026-02-15 10:47:30.270341,Toronto-17b0,49,59,Normal
2026-02-15 10:47:31.270341,Toronto-17b0,12,0,Normal
2026-02-15 10:47:32.270341,Toronto-17b0,19,96,Normal
2026-02-15 10:47:33.270341,Toronto-17b0,0,35,Normal
2026-02-15 10:47:34.270341,Toronto-17b0,17,17,Normal
2026-02-15 10:47:35.270341,Toronto-17b0,21,55,Normal
2026-02-15 10:47:36.270341,Toronto-17b0,-24,50,Normal
2026-02-15 10:47:37.270341,Toronto-17b0,29,34,Normal
2026-02-15 10:47:38.270341,Toronto-17b0,34,20,Normal
2026-02-15 10:47:39.270341,Toronto-17b0,-3,11,Normal
2026-02-15 10:47:40.270341,Toronto-17b0,33,96,Normal
2026-02-15 10:47:41.270341,Toronto-17b0,20,38,Normal
2026-02-15 10:47:42.270341,Toronto-17b0,11,96,Normal
2026-02-15 10:47:43.270341,Toronto-17b0,35,11,Normal
2026-02-15 10:47:44.270341,Toronto-17b0,5,74,Normal
2026-02-15 10:47:45.270341,Toronto-17b0,9,50,Normal
2026-02-15 10:47:46.270341,Toronto-17b0,34,47,Normal
2026-02-15 10:47:47.270341,Toronto-17b0,49,24,Normal
2026-02-15 10:47:48.270341,Toronto-17b0,-10,90,Normal
2026-02-15 10:47:49.270341,Toronto-17b0,18,35,Normal
2026-02-15 10:47:50.270341,Toronto-17b0,36,78,Normal
2026-02-15 10:47:51.270341,Toronto-17b0,1,79,Normal
2026-02-15 10:47:52.270341,Toronto-17b0,0,3,Normal
2026-02-15 10:47:53.270341,Toronto-17b0,13,56,Normal
2026-02-15 10:47:54.270341,Toronto-17b0,-18,20,Normal
2026-02-15 10:47:55.270341,Toronto-17b0,-15,97,Normal
2026-02-15 10:47:56.270341,Toronto-17b0,-7,47,Normal
2026-02-15 10:47:57.270341,Toronto-17b0,-10,38,Normal
2026-02-15 10:47:58.270341,Toronto-17b0,19,77,Normal
2026-02-15 10:47:59.270341,Toronto-17b0,-5,16,Normal
2026-02-15 10:48:00.270341,Toronto-17b0,27,79,Normal
2026-02-15 10:48:01.270341,Toronto-17b0,38,63,Normal
2026-02-15 10:48:02.270341,Toronto-17b0,36,70,Normal
2026-02-15 10:48:03.270341,Toronto-17b0,6,82,Normal
2026-02-15 10:48:04.270341,Toronto-17b0,23,79,Normal
2026-02-15 10:48:05.270341,Toronto-17b0,26,14,Normal
2026-02-15 10:48:06.270341,Toronto-17b0,30,36,Normal
2026-02-15 10:48:07.270341,Toronto-17b0,12,59,Normal
2026-02-15 10:48:08.270341,Toronto-17b0,38,61,Normal
2026-02-15 10:48:09.270341,Toronto-17b0,17,11,Normal
2026-02-15 10:48:10.270341,Toronto-17b0,8,31,Normal
2026-02-15 10:48:11.270341,Toronto-17b0,35,77,Normal
2026-02-15 10:48:12.270341,Toronto-17b0,41,31,Normal
2026-02-15 10:48:13.270341,Toronto-17b0,31,51,Normal
2026-02-15 10:48:14.270341,Toronto-17b0,25,64,Normal
2026-02-15 10:48:15.270341,Toronto-17b0,-25,64,Normal
2026-02-15 10:48:16.270341,Toronto-17b0,-27,96,Normal
2026-02-15 10:48:17.270341,Toronto-17b0,-24,27,Normal
2026-02-15 10:48:18.270341,Toronto-17b0,47,43,Normal
2026-02-15 10:48:19.270341,Toronto-17b0,-27,57,Normal
2026-02-15 10:48:20.270341,Toronto-17b0,-12,78,Normal
2026-02-15 10:48:21.270341,Toronto-17b0,-4,85,Normal
2026-02-15 10:48:22.270341,Toronto-17b0,4,34,Normal
2026-02-15 10:48:23.270341,Toronto-17b0,37,50,Normal
2026-02-15 10:48:24.270341,Toronto-17b0,48,84,Normal
2026-02-15 10:48:25.270341,Toronto-17b0,31,94,Normal
2026-02-15 10:48:26.270341,Toronto-17b0,9,46,Normal
2026-02-15 10:48:27.270341,Toronto-17b0,0,73,Normal
2026-02-15 10:48:28.270341,Toronto-17b0,45,29,Normal
2026-02-15 10:48:29.270341,Toronto-17b0,24,96,Normal
2026-02-15 10:48:30.270341,Toronto-17b0,-24,9,Normal
2026-02-15 10:48:31.270341,Toronto-17b0,-23,36,Normal
2026-02-15 10:48:32.270341,Toronto-17b0,38,28,Normal
2026-02-15 10:48:33.270341,Toronto-17b0,33,32,Normal
2026-02-15 10:48:34.270341,Toronto-17b0,47,85,Normal
2026-02-15 10:48:35.270341,Toronto-17b0,-20,4,Normal
2026-02-15 10:48:36.270341,Toronto-17b0,13,5,Normal
2026-02-15 10:48:37.270341,Toronto-17b0,40,23,Normal
2026-02-15 10:48:38.270341,Toronto-17b0,-21,76,Normal
2026-02-15 10:48:39.270341,Toronto-17b0,-15,72,Normal
2026-02-15 10:48:40.270341,Toronto-17b0,21,70,Normal
2026-02-15 10:48:41.270341,Toronto-17b0,39,15,Normal
2026-02-15 10:48:42.270341,Toronto-17b0,-1,70,Normal
2026-02-15 10:48:43.270341,Toronto-17b0,-22,94,Normal
2026-02-15 10:48:44.270341,Toronto-17b0,25,18,Normal
2026-02-15 10:48:45.270341,Toronto-17b0,-29,64,Normal
2026-02-15 10:48:46.270341,Toronto-17b0,2,39,Normal
2026-02-15 10:48:47.270341,Toronto-17b0,22,93,Normal
2026-02-15 10:48:48.270341,Toronto-17b0,-1,14,Normal
2026-02-15 10:48:49.270341,Toronto-17b0,6,7,Normal
2026-02-15 10:48:50.270341,Toronto-17b0,-16,33,Normal
2026-02-15 10:48:51.270341,Toronto-17b0,8,90,Normal
2026-02-15 10:48:52.270341,Toronto-17b0,-2,85,Normal
2026-02-15 10:48:53.270341,Toronto-17b0,31,72,Normal
2026-02-15 10:48:54.270341,Toronto-17b0,40,17,Normal
2026-02-15 10:48:55.270341,Toronto-17b0,-25,99,Normal
2026-02-15 10:48:56.270341,Toronto-17b0,-5,56,Normal
2026-02-15 10:48:57.270341,Toronto-17b0,50,34,Normal
2026-02-15 10:48:58.270341,Toronto-17b0,29,55,Normal
2026-02-15 10:48:59.270341,Toronto-17b0,-6,13,Normal
2026-02-15 10:49:00.270341,Toronto-17b0,-14,11,Normal
2026-02-15 10:49:01.270341,Toronto-17b0,44,28,Normal
2026-02-15 10:49:02.270341,Toronto-17b0,-6,9,Normal
2026-02-15 10:49:03.270341,Toronto-17b0,4,46,Normal
2026-02-15 10:49:04.270341,Toronto-17b0,-15,85,Normal
2026-02-15 10:49:05.270341,Toronto-17b0,-20,80,Normal
2026-02-15 10:49:06.270341,Toronto-17b0,8,50,Normal
2026-02-15 10:49:07.270341,Toronto-17b0,13,71,Normal
2026-02-15 10:49:08.270341,Toronto-17b0,50,77,Normal
2026-02-15 10:49:09.270341,Toronto-17b0,-12,48,Normal
2026-02-15 10:49:10.270341,Toronto-17b0,2,83,Normal
2026-02-15 10:49:11.270341,Toronto-17b0,-9,27,Normal
2026-02-15 10:49:12.270341,Toronto-17b0,-8,46,Normal
2026-02-15 10:49:13.270341,Toronto-17b0,-17,8,Normal
2026-02-15 10:49:14.270341,Toronto-17b0,-11,68,Normal
2026-02-15 10:49:15.270341,Toronto-17b0,22,17,Normal
2026-02-15 10:49:16.270341,Toronto-17b0,-15,15,Normal
2026-02-15 10:49:17.270341,Toronto-17b0,-21,79,Normal
2026-02-15 10:49:18.270341,Toronto-17b0,5,93,Normal
2026-02-15 10:49:19.270341,Toronto-17b0,-4,25,Normal
2026-02-15 10:49:20.270341,Toronto-17b0,-26,53,Normal
2026-02-15 10:49:21.270341,Toronto-17b0,-22,39,Normal
2026-02-15 10:49:22.270341,Toronto-17b0,22,30,Normal
2026-02-15 10:49:23.270341,Toronto-17b0,41,6,Normal
2026-02-15 10:49:24.270341,Toronto-17b0,-18,44,Normal
2026-02-15 10:49:25.270341,Toronto-17b0,46,5,Normal
2026-02-15 10:49:26.270341,Toronto-17b0,-24,21,Normal
2026-02-15 10:49:27.270341,Toronto-17b0,30,40,Normal
2026-02-15 10:49:28.270341,Toronto-17b0,24,59,Normal
2026-02-15 10:49:29.270341,Toronto-17b0,-18,22,Normal
2026-02-15 10:49:30.270341,Toronto-17b0,-4,67,Normal
2026-02-15 10:49:31.270341,Toronto-17b0,-27,7,Normal
2026-02-15 10:49:32.270341,Toronto-17b0,18,37,Normal
2026-02-15 10:49:33.270341,Toronto-17b0,32,60,Normal
2026-02-15 10:49:34.270341,Toronto-17b0,-25,82,Normal
2026-02-15 10:49:35.270341,Toronto-17b0,15,41,Normal
2026-02-15 10:49:36.270341,Toronto-17b0,37,48,Normal
2026-02-15 10:49:37.270341,Toronto-17b0,34,1,Normal
2026-02-15 10:49:38.270341,Toronto-17b0,11,55,Normal
2026-02-15 10:49:39.270341,Toronto-17b0,18,59,Normal
2026-02-15 10:49:40.270341,Toronto-17b0,-21,94,Normal
2026-02-15 10:49:41.270341,Toronto-17b0,35,91,Normal
2026-02-15 10:49:42.270341,Toronto-17b0,43,2,Normal
2026-02-15 10:49:43.270341,Toronto-17b0,32,57,Normal
2026-02-15 10:49:44.270341,Toronto-17b0,24,23,Normal
2026-02-15 10:49:45.270341,Toronto-17b0,0,29,Normal
2026-02-15 10:49:46.270341,Toronto-17b0,2,43,Normal
2026-02-15 10:49:47.270341,Toronto-17b0,25,89,Normal
2026-02-15 10:49:48.270341,Toronto-17b0,48,94,Normal
2026-02-15 10:49:49.270341,Toronto-17b0,14,64,Normal
2026-02-15 10:49:50.270341,Toronto-17b0,45,48,Normal
2026-02-15 10:49:51.270341,Toronto-17b0,16,43,Normal
2026-02-15 10:49:52.270341,Toronto-17b0,1,50,Normal
2026-02-15 10:49:53.270341,Toronto-17b0,46,78,Normal
2026-02-15 10:49:54.270341,Toronto-17b0,-21,95,Normal
2026-02-15 10:49:55.270341,Toronto-17b0,12,10,Normal
2026-02-15 10:49:56.270341,Toronto-17b0,32,86,Normal
2026-02-15 10:49:57.270341,Toronto-17b0,-18,98,Normal
2026-02-15 10:49:58.270341,Toronto-17b0,26,10,Normal
2026-02-15 10:49:59.270341,Toronto-17b0,50,8,Normal
2026-02-15 10:50:00.270341,Toronto-17b0,22,64,Normal
2026-02-15 10:50:01.270341,Toronto-17b0,42,41,Normal
2026-02-15 10:50:02.270341,Toronto-17b0,8,100,Normal
2026-02-15 10:50:03.270341,Toronto-17b0,-30,36,Normal
2026-02-15 10:50:04.270341,Toronto-17b0,-29,5,Normal
2026-02-15 10:50:05.270341,Toronto-17b0,17,15,Normal
2026-02-15 10:50:06.270341,Toronto-17b0,50,54,Normal
2026-02-15 10:50:07.270341,Toronto-17b0,41,22,Normal
2026-02-15 10:50:08.270341,Toronto-17b0,11,88,Normal
2026-02-15 10:50:09.270341,Toronto-17b0,14,91,Normal
2026-02-15 10:50:10.270341,Toronto-17b0,4,54,Normal
2026-02-15 10:50:11.270341,Toronto-17b0,-20,24,Normal
2026-02-15 10:50:12.270341,Toronto-17b0,42,18,Normal
2026-02-15 10:50:13.270341,Toronto-17b0,18,45,Normal
2026-02-15 10:50:14.270341,Toronto-17b0,41,51,Normal
2026-02-15 10:50:15.270341,Toronto-17b0,44,20,Normal
2026-02-15 10:50:16.270341,Toronto-17b0,14,47,Normal
2026-02-15 10:50:17.270341,Toronto-17b0,49,10,Normal
2026-02-15 10:50:18.270341,Toronto-17b0,44,98,Normal
2026-02-15 10:50:19.270341,Toronto-17b0,23,79,Normal
2026-02-15 10:50:20.270341,Toronto-17b0,-25,28,Normal
2026-02-15 10:50:21.270341,Toronto-17b0,-1,21,Normal
2026-02-15 10:50:22.270341,Toronto-17b0,-3,21,Normal
2026-02-15 10:50:23.270341,Toronto-17b0,-12,24,Normal
2026-02-15 10:50:24.270341,Toronto-17b0,-12,52,Normal
2026-02-15 10:50:25.270341,Toronto-17b0,35,5,Normal
2026-02-15 10:50:26.270341,Toronto-17b0,42,45,Normal
2026-02-15 10:50:27.270341,Toronto-17b0,25,32,Normal
2026-02-15 10:50:28.270341,Toronto-17b0,-20,81,Normal
2026-02-15 10:50:29.270341,Toronto-17b0,42,72,Normal
2026-02-15 10:50:30.270341,Toronto-17b0,27,5,Normal
2026-02-15 10:50:31.270341,Toronto-17b0,7,95,Normal
2026-02-15 10:50:32.270341,Toronto-17b0,38,65,Normal
2026-02-15 10:50:33.270341,Toronto-17b0,-8,24,Normal
2026-02-15 10:50:34.270341,Toronto-17b0,18,32,Normal
2026-02-15 10:50:35.270341,Toronto-17b0,29,4,Normal
2026-02-15 10:50:36.270341,Toronto-17b0,22,71,Normal
2026-02-15 10:50:37.270341,Toronto-17b0,45,53,Normal
2026-02-15 10:50:38.270341,Toronto-17b0,49,13,Normal
2026-02-15 10:50:39.270341,Toronto-17b0,23,36,Normal
2026-02-15 10:50:40.270341,Toronto-17b0,34,26,Normal
2026-02-15 10:50:41.270341,Toronto-17b0,0,19,Normal
2026-02-15 10:50:42.270341,Toronto-17b0,19,37,Normal
2026-02-15 10:50:43.270341,Toronto-17b0,31,53,Normal
2026-02-15 10:50:44.270341,Toronto-17b0,6,77,Normal
2026-02-15 10:50:45.270341,Toronto-17b0,38,74,Normal
2026-02-15 10:50:46.270341,Toronto-17b0,-15,55,Normal
2026-02-15 10:50:47.270341,Toronto-17b0,-4,21,Normal
2026-02-15 10:50:48.270341,Toronto-17b0,-24,4,Normal
2026-02-15 10:50:49.270341,Toronto-17b0,40,63,Normal
2026-02-15 10:50:50.270341,Toronto-17b0,33,76,Normal
2026-02-15 10:50:51.270341,Toronto-17b0,41,23,Normal
2026-02-15 10:50:52.270341,Toronto-17b0,18,77,Normal
2026-02-15 10:50:53.270341,Toronto-17b0,26,11,Normal
2026-02-15 10:50:54.270341,Toronto-17b0,35,95,Normal
2026-02-15 10:50:55.270341,Toronto-17b0,-23,31,Normal
2026-02-15 10:50:56.270341,Toronto-17b0,-27,59,Normal
2026-02-15 10:50:57.270341,Toronto-17b0,-7,55,Normal
2026-02-15 10:50:58.270341,Toronto-17b0,44,98,Normal
2026-02-15 10:50:59.270341,Toronto-17b0,2,46,Normal
2026-02-15 10:51:00.270341,Toronto-17b0,0,65,Normal
2026-02-15 10:51:01.270341,Toronto-17b0,-13,45,Normal
2026-02-15 10:51:02.270341,Toronto-17b0,17,78,Normal
2026-02-15 10:51:03.270341,Toronto-17b0,-30,7,Normal
2026-02-15 10:51:04.270341,Toronto-17b0,19,68,Normal
2026-02-15 10:51:05.270341,Toronto-17b0,-27,49,Normal
2026-02-15 10:51:06.270341,Toronto-17b0,-5,51,Normal
2026-02-15 10:51:07.270341,Toronto-17b0,42,69,Normal
2026-02-15 10:51:08.270341,Toronto-17b0,-2,63,Normal
2026-02-15 10:51:09.270341,Toronto-17b0,47,75,Normal
2026-02-15 10:51:10.270341,Toronto-17b0,5,65,Normal
2026-02-15 10:51:11.270341,Toronto-17b0,49,42,Normal
2026-02-15 10:51:12.270341,Toronto-17b0,-24,68,Normal
2026-02-15 10:51:13.270341,Toronto-17b0,-27,14,Normal
2026-02-15 10:51:14.270341,Toronto-17b0,-14,75,Normal
2026-02-15 10:51:15.270341,Toronto-17b0,-14,62,Normal
2026-02-15 10:51:16.270341,Toronto-17b0,7,20,Normal
2026-02-15 10:51:17.270341,Toronto-17b0,13,91,Normal
2026-02-15 10:51:18.270341,Toronto-17b0,-22,3,Normal
2026-02-15 10:51:19.270341,Toronto-17b0,13,29,Normal
2026-02-15 10:51:20.270341,Toronto-17b0,-14,44,Normal
2026-02-15 10:51:21.270341,Toronto-17b0,-21,21,Normal
2026-02-15 10:51:22.270341,Toronto-17b0,29,44,Normal
2026-02-15 10:51:23.270341,Toronto-17b0,11,35,Normal
2026-02-15 10:51:24.270341,Toronto-17b0,15,4,Normal
2026-02-15 10:51:25.270341,Toronto-17b0,-7,100,Normal
2026-02-15 10:51:26.270341,Toronto-17b0,-24,19,Normal
2026-02-15 10:51:27.270341,Toronto-17b0,1,35,Normal
2026-02-15 10:51:28.270341,Toronto-17b0,13,15,Normal
2026-02-15 10:51:29.270341,Toronto-17b0,39,99,Normal
2026-02-15 10:51:30.270341,Toronto-17b0,50,25,Normal
2026-02-15 10:51:31.270341,Toronto-17b0,9,59,Normal
2026-02-15 10:51:32.270341,Toronto-17b0,3,69,Normal
2026-02-15 10:51:33.270341,Toronto-17b0,-25,50,Normal
2026-02-15 10:51:34.270341,Toronto-17b0,-29,47,Normal
2026-02-15 10:51:35.270341,Toronto-17b0,-5,63,Normal
2026-02-15 10:51:36.270341,Toronto-17b0,-21,84,Normal
2026-02-15 10:51:37.270341,Toronto-17b0,50,63,Normal
2026-02-15 10:51:38.270341,Toronto-17b0,37,16,Normal
2026-02-15 10:51:39.270341,Toronto-17b0,-17,81,Normal
2026-02-15 10:51:40.270341,Toronto-17b0,-18,31,Normal
2026-02-15 10:51:41.270341,Toronto-17b0,-18,13,Normal
2026-02-15 10:51:42.270341,Toronto-17b0,10,91,Normal
2026-02-15 10:51:43.270341,Toronto-17b0,38,2,Normal
2026-02-15 10:51:44.270341,Toronto-17b0,-19,71,Normal
2026-02-15 10:51:45.270341,Toronto-17b0,-30,60,Normal
2026-02-15 10:51:46.270341,Toronto-17b0,37,70,Normal
2026-02-15 10:51:47.270341,Toronto-17b0,34,1,Normal
2026-02-15 10:51:48.270341,Toronto-17b0,22,97,Normal
2026-02-15 10:51:49.270341,Toronto-17b0,-23,83,Normal
2026-02-15 10:51:50.270341,Toronto-17b0,8,15,Normal
2026-02-15 10:51:51.270341,Toronto-17b0,-15,55,Normal
2026-02-15 10:51:52.270341,Toronto-17b0,33,98,Normal
2026-02-15 10:51:53.270341,Toronto-17b0,39,98,Normal
2026-02-15 10:51:54.270341,Toronto-17b0,48,37,Normal
2026-02-15 10:51:55.270341,Toronto-17b0,-4,56,Normal
2026-02-15 10:51:56.270341,Toronto-17b0,39,42,Normal
2026-02-15 10:51:57.270341,Toronto-17b0,-21,32,Normal
2026-02-15 10:51:58.270341,Toronto-17b0,-24,3,Normal
2026-02-15 10:51:59.270341,Toronto-17b0,-18,11,Normal
2026-02-15 10:52:00.270341,Toronto-17b0,3,23,Normal
2026-02-15 10:52:01.270341,Toronto-17b0,43,51,Normal
2026-02-15 10:52:02.270341,Toronto-17b0,45,51,Normal
2026-02-15 10:52:03.270341,Toronto-17b0,20,30,Normal
2026-02-15 10:52:04.270341,Toronto-17b0,28,85,Normal
2026-02-15 10:52:05.270341,Toronto-17b0,34,92,Normal
2026-02-15 10:52:06.270341,Toronto-17b0,-27,23,Normal
2026-02-15 10:52:07.270341,Toronto-17b0,25,25,Normal
2026-02-15 10:52:08.270341,Toronto-17b0,47,53,Normal
2026-02-15 10:52:09.270341,Toronto-17b0,24,59,Normal
2026-02-15 10:52:10.270341,Toronto-17b0,19,45,Normal
2026-02-15 10:52:11.270341,Toronto-17b0,35,21,Normal
2026-02-15 10:52:12.270341,Toronto-17b0,4,67,Normal
2026-02-15 10:52:13.270341,Toronto-17b0,32,62,Normal
2026-02-15 10:52:14.270341,Toronto-17b0,24,89,Normal
2026-02-15 10:52:15.270341,Toronto-17b0,34,46,Normal
2026-02-15 10:52:16.270341,Toronto-17b0,-14,53,Normal
2026-02-15 10:52:17.270341,Toronto-17b0,20,82,Normal
2026-02-15 10:52:18.270341,Toronto-17b0,-5,56,Normal
2026-02-15 10:52:19.270341,Toronto-17b0,15,84,Normal
2026-02-15 10:52:20.270341,Toronto-17b0,4,78,Normal
2026-02-15 10:52:21.270341,Toronto-17b0,17,58,Normal
2026-02-15 10:52:22.270341,Toronto-17b0,-20,23,Normal
2026-02-15 10:52:23.270341,Toronto-17b0,10,85,Normal
2026-02-15 10:52:24.270341,Toronto-17b0,-6,98,Normal
2026-02-15 10:52:25.270341,Toronto-17b0,-1,76,Normal
2026-02-15 10:52:26.270341,Toronto-17b0,-11,59,Normal
2026-02-15 10:52:27.270341,Toronto-17b0,-13,43,Normal
2026-02-15 10:52:28.270341,Toronto-17b0,-15,49,Normal
2026-02-15 10:52:29.270341,Toronto-17b0,-7,13,Normal
2026-02-15 10:52:30.270341,Toronto-17b0,-4,42,Normal
2026-02-15 10:52:31.270341,Toronto-17b0,27,70,Normal
2026-02-15 10:52:32.270341,Toronto-17b0,36,30,Normal
2026-02-15 10:52:33.270341,Toronto-17b0,-18,55,Normal
2026-02-15 10:52:34.270341,Toronto-17b0,-22,34,Normal
2026-02-15 10:52:35.270341,Toronto-17b0,6,50,Normal
2026-02-15 10:52:36.270341,Toronto-17b0,33,80,Normal
2026-02-15 10:52:37.270341,Toronto-17b0,37,47,Normal
2026-02-15 10:52:38.270341,Toronto-17b0,9,52,Normal
2026-02-15 10:52:39.270341,Toronto-17b0,14,77,Normal
2026-02-15 10:52:40.270341,Toronto-17b0,39,30,Normal
2026-02-15 10:52:41.270341,Toronto-17b0,8,48,Normal
2026-02-15 10:52:42.270341,Toronto-17b0,12,63,Normal
2026-02-15 10:52:43.270341,Toronto-17b0,-21,46,Normal
2026-02-15 10:52:44.270341,Toronto-17b0,-18,11,Normal
2026-02-15 10:52:45.270341,Toronto-17b0,39,89,Normal
2026-02-15 10:52:46.270341,Toronto-17b0,32,76,Normal
2026-02-15 10:52:47.270341,Toronto-17b0,-29,81,Normal
2026-02-15 10:52:48.270341,Toronto-17b0,-21,66,Normal
2026-02-15 10:52:49.270341,Toronto-17b0,3,35,Normal
2026-02-15 10:52:50.270341,Toronto-17b0,30,87,Normal
2026-02-15 10:52:51.270341,Toronto-17b0,-21,75,Normal
2026-02-15 10:52:52.270341,Toronto-17b0,33,89,Normal
2026-02-15 10:52:53.270341,Toronto-17b0,1,31,Normal
2026-02-15 10:52:54.270341,Toronto-17b0,7,86,Normal
2026-02-15 10:52:55.270341,Toronto-17b0,-13,80,Normal
2026-02-15 10:52:56.270341,Toronto-17b0,-24,2,Normal
2026-02-15 10:52:57.270341,Toronto-17b0,4,10,Normal
2026-02-15 10:52:58.270341,Toronto-17b0,14,48,Normal
2026-02-15 10:52:59.270341,Toronto-17b0,10,47,Normal
2026-02-15 10:53:00.270341,Toronto-17b0,-9,90,Normal
2026-02-15 10:53:01.270341,Toronto-17b0,-27,17,Normal
2026-02-15 10:53:02.270341,Toronto-17b0,-12,19,Normal
2026-02-15 10:53:03.270341,Toronto-17b0,-9,68,Normal
2026-02-15 10:53:04.270341,Toronto-17b0,-2,29,Normal
2026-02-15 10:53:05.270341,Toronto-17b0,9,82,Normal
2026-02-15 10:53:06.270341,Toronto-17b0,-1,8,Normal
2026-02-15 10:53:07.270341,Toronto-17b0,2,34,Normal
2026-02-15 10:53:08.270341,Toronto-17b0,17,4,Normal
2026-02-15 10:53:09.270341,Toronto-17b0,31,35,Normal
2026-02-15 10:53:10.270341,Toronto-17b0,34,81,Normal
2026-02-15 10:53:11.270341,Toronto-17b0,8,38,Normal
2026-02-15 10:53:12.270341,Toronto-17b0,17,30,Normal
2026-02-15 10:53:13.270341,Toronto-17b0,-10,9,Normal
2026-02-15 10:53:14.270341,Toronto-17b0,-16,7,Normal
2026-02-15 10:53:15.270341,Toronto-17b0,5,58,Normal
2026-02-15 10:53:16.270341,Toronto-17b0,50,35,Normal
2026-02-15 10:53:17.270341,Toronto-17b0,0,85,Normal
2026-02-15 10:53:18.270341,Toronto-17b0,49,99,Normal
2026-02-15 10:53:19.270341,Toronto-17b0,0,40,Normal
2026-02-15 10:53:20.270341,Toronto-17b0,-6,53,Normal
2026-02-15 10:53:21.270341,Toronto-17b0,24,4,Normal
2026-02-15 10:53:22.270341,Toronto-17b0,28,48,Normal
2026-02-15 10:53:23.270341,Toronto-17b0,-3,43,Normal
2026-02-15 10:53:24.270341,Toronto-17b0,-21,47,Normal
2026-02-15 10:53:25.270341,Toronto-17b0,-2,66,Normal
2026-02-15 10:53:26.270341,Toronto-17b0,-26,39,Normal
2026-02-15 10:53:27.270341,Toronto-17b0,-26,33,Normal
2026-02-15 10:53:28.270341,Toronto-17b0,22,15,Normal
2026-02-15 10:53:29.270341,Toronto-17b0,45,26,Normal
2026-02-15 10:53:30.270341,Toronto-17b0,-4,52,Normal
2026-02-15 10:53:31.270341,Toronto-17b0,36,33,Normal
2026-02-15 10:53:32.270341,Toronto-17b0,3,60,Normal
2026-02-15 10:53:33.270341,Toronto-17b0,17,45,Normal
2026-02-15 10:53:34.270341,Toronto-17b0,-7,10,Normal
2026-02-15 10:53:35.270341,Toronto-17b0,21,86,Normal
2026-02-15 10:53:36.270341,Toronto-17b0,17,14,Normal
2026-02-15 10:53:37.270341,Toronto-17b0,-1,23,Normal
2026-02-15 10:53:38.270341,Toronto-17b0,18,96,Normal
2026-02-15 10:53:39.270341,Toronto-17b0,22,41,Normal
2026-02-15 10:53:40.270341,Toronto-17b0,39,100,Normal
2026-02-15 10:53:41.270341,Toronto-17b0,-14,65,Normal
2026-02-15 10:53:42.270341,Toronto-17b0,17,29,Normal
2026-02-15 10:53:43.270341,Toronto-17b0,13,77,Normal
2026-02-15 10:53:44.270341,Toronto-17b0,-16,81,Normal
2026-02-15 10:53:45.270341,Toronto-17b0,6,93,Normal
2026-02-15 10:53:46.270341,Toronto-17b0,45,79,Normal
2026-02-15 10:53:47.270341,Toronto-17b0,45,81,Normal
2026-02-15 10:53:48.270341,Toronto-17b0,31,46,Normal
2026-02-15 10:53:49.270341,Toronto-17b0,-19,11,Normal
2026-02-15 10:53:50.270341,Toronto-17b0,6,95,Normal
2026-02-15 10:53:51.270341,Toronto-17b0,-3,73,Normal
2026-02-15 10:53:52.270341,Toronto-17b0,-29,33,Normal
2026-02-15 10:53:53.270341,Toronto-17b0,26,96,Normal
2026-02-15 10:53:54.270341,Toronto-17b0,-27,22,Normal
2026-02-15 10:53:55.270341,Toronto-17b0,27,11,Normal
2026-02-15 10:53:56.270341,Toronto-17b0,46,53,Normal
2026-02-15 10:53:57.270341,Toronto-17b0,-17,21,Normal
2026-02-15 10:53:58.270341,Toronto-17b0,-30,20,Normal
2026-02-15 10:53:59.270341,Toronto-17b0,29,28,Normal
2026-02-15 10:54:00.270341,Toronto-17b0,5,99,Normal
2026-02-15 10:54:01.270341,Toronto-17b0,45,99,Normal
2026-02-15 10:54:02.270341,Toronto-17b0,22,63,Normal
2026-02-15 10:54:03.270341,Toronto-17b0,2,98,Normal
2026-02-15 10:54:04.270341,Toronto-17b0,6,78,Normal
2026-02-15 10:54:05.270341,Toronto-17b0,-9,23,Normal
2026-02-15 10:54:06.270341,Toronto-17b0,-9,6,Normal
2026-02-15 10:54:07.270341,Toronto-17b0,49,57,Normal
2026-02-15 10:54:08.270341,Toronto-17b0,-19,15,Normal
2026-02-15 10:54:09.270341,Toronto-17b0,-26,19,Normal
2026-02-15 10:54:10.270341,Toronto-17b0,-13,74,Normal
2026-02-15 10:54:11.270341,Toronto-17b0,45,91,Normal
2026-02-15 10:54:12.270341,Toronto-17b0,2,81,Normal
2026-02-15 10:54:13.270341,Toronto-17b0,-4,46,Normal
2026-02-15 10:54:14.270341,Toronto-17b0,-3,16,Normal
2026-02-15 10:54:15.270341,Toronto-17b0,27,76,Normal
2026-02-15 10:54:16.270341,Toronto-17b0,11,57,Normal
2026-02-15 10:54:17.270341,Toronto-17b0,-22,14,Normal
2026-02-15 10:54:18.270341,Toronto-17b0,-19,44,Normal
2026-02-15 10:54:19.270341,Toronto-17b0,-18,37,Normal
2026-02-15 10:54:20.270341,Toronto-17b0,-26,70,Normal
2026-02-15 10:54:21.270341,Toronto-17b0,21,36,Normal
2026-02-15 10:54:22.270341,Toronto-17b0,16,79,Normal
2026-02-15 10:54:23.270341,Toronto-17b0,33,3,Normal
2026-02-15 10:54:24.270341,Toronto-17b0,-27,72,Normal
2026-02-15 10:54:25.270341,Toronto-17b0,7,32,Normal
2026-02-15 10:54:26.270341,Toronto-17b0,34,86,Normal
2026-02-15 10:54:27.270341,Toronto-17b0,26,44,Normal
2026-02-15 10:54:28.270341,Toronto-17b0,29,74,Normal
2026-02-15 10:54:29.270341,Toronto-17b0,34,82,Normal
2026-02-15 10:54:30.270341,Toronto-17b0,35,8,Normal
2026-02-15 10:54:31.270341,Toronto-17b0,33,59,Normal
2026-02-15 10:54:32.270341,Toronto-17b0,8,12,Normal
2026-02-15 10:54:33.270341,Toronto-17b0,-28,70,Normal
2026-02-15 10:54:34.270341,Toronto-17b0,-6,81,Normal
2026-02-15 10:54:35.270341,Toronto-17b0,39,87,Normal
2026-02-15 10:54:36.270341,Toronto-17b0,-28,24,Normal
2026-02-15 10:54:37.270341,Toronto-17b0,-12,100,Normal
2026-02-15 10:54:38.270341,Toronto-17b0,-9,31,Normal
2026-02-15 10:54:39.270341,Toronto-17b0,-14,10,Normal
2026-02-15 10:54:40.270341,Toronto-17b0,16,74,Normal
2026-02-15 10:54:41.270341,Toronto-17b0,-19,11,Normal
2026-02-15 10:54:42.270341,Toronto-17b0,0,45,Normal
2026-02-15 10:54:43.270341,Toronto-17b0,37,39,Normal
2026-02-15 10:54:44.270341,Toronto-17b0,-25,58,Normal
2026-02-15 10:54:45.270341,Toronto-17b0,-12,10,Normal
2026-02-15 10:54:46.270341,Toronto-17b0,28,29,Normal
2026-02-15 10:54:47.270341,Toronto-17b0,16,1,Normal
2026-02-15 10:54:48.270341,Toronto-17b0,30,96,Normal
2026-02-15 10:54:49.270341,Toronto-17b0,14,90,Normal
2026-02-15 10:54:50.270341,Toronto-17b0,4,80,Normal
2026-02-15 10:54:51.270341,Toronto-17b0,12,27,Normal
2026-02-15 10:54:52.270341,Toronto-17b0,-9,2,Normal
2026-02-15 10:54:53.270341,Toronto-17b0,-29,79,Normal
2026-02-15 10:54:54.270341,Toronto-17b0,4,28,Normal
2026-02-15 10:54:55.270341,Toronto-17b0,15,56,Normal
2026-02-15 10:54:56.270341,Toronto-17b0,-21,81,Normal
2026-02-15 10:54:57.270341,Toronto-17b0,16,25,Normal
2026-02-15 10:54:58.270341,Toronto-17b0,-26,37,Normal
2026-02-15 10:54:59.270341,Toronto-17b0,13,84,Normal
2026-02-15 10:55:00.270341,Toronto-17b0,-13,69,Normal
2026-02-15 10:55:01.270341,Toronto-17b0,38,65,Normal
2026-02-15 10:55:02.270341,Toronto-17b0,27,89,Normal
2026-02-15 10:55:03.270341,Toronto-17b0,25,27,Normal
2026-02-15 10:55:04.270341,Toronto-17b0,-7,7,Normal
2026-02-15 10:55:05.270341,Toronto-17b0,24,38,Normal
2026-02-15 10:55:06.270341,Toronto-17b0,50,98,Normal
2026-02-15 10:55:07.270341,Toronto-17b0,47,13,Normal
2026-02-15 10:55:08.270341,Toronto-17b0,45,29,Normal
2026-02-15 10:55:09.270341,Toronto-17b0,-16,54,Normal
2026-02-15 10:55:10.270341,Toronto-17b0,-14,96,Normal
2026-02-15 10:55:11.270341,Toronto-17b0,-16,41,Normal
2026-02-15 10:55:12.270341,Toronto-17b0,-7,5,Normal
2026-02-15 10:55:13.270341,Toronto-17b0,26,8,Normal
2026-02-15 10:55:14.270341,Toronto-17b0,-15,0,Normal
2026-02-15 10:55:15.270341,Toronto-17b0,13,53,Normal
2026-02-15 10:55:16.270341,Toronto-17b0,32,48,Normal
2026-02-15 10:55:17.270341,Toronto-17b0,-11,11,Normal
2026-02-15 10:55:18.270341,Toronto-17b0,28,53,Normal
2026-02-15 10:55:19.270341,Toronto-17b0,-17,33,Normal
2026-02-15 10:55:20.270341,Toronto-17b0,-27,79,Normal
2026-02-15 10:55:21.270341,Toronto-17b0,34,20,Normal
2026-02-15 10:55:22.270341,Toronto-17b0,-11,82,Normal
2026-02-15 10:55:23.270341,Toronto-17b0,49,9,Normal
2026-02-15 10:55:24.270341,Toronto-17b0,4,15,Normal
2026-02-15 10:55:25.270341,Toronto-17b0,-15,66,Normal
2026-02-15 10:55:26.270341,Toronto-17b0,-12,34,Normal
2026-02-15 10:55:27.270341,Toronto-17b0,4,46,Normal
2026-02-15 10:55:28.270341,Toronto-17b0,42,71,Normal
2026-02-15 10:55:29.270341,Toronto-17b0,-19,96,Normal
2026-02-15 10:55:30.270341,Toronto-17b0,21,22,Normal
2026-02-15 10:55:31.270341,Toronto-17b0,27,67,Normal
2026-02-15 10:55:32.270341,Toronto-17b0,44,79,Normal
2026-02-15 10:55:33.270341,Toronto-17b0,-18,14,Normal
2026-02-15 10:55:34.270341,Toronto-17b0,23,65,Normal
2026-02-15 10:55:35.270341,Toronto-17b0,34,61,Normal
2026-02-15 10:55:36.270341,Toronto-17b0,-13,29,Normal
2026-02-15 10:55:37.270341,Toronto-17b0,-25,24,Normal
2026-02-15 10:55:38.270341,Toronto-17b0,47,67,Normal
2026-02-15 10:55:39.270341,Toronto-17b0,6,33,Normal
2026-02-15 10:55:40.270341,Toronto-17b0,20,54,Normal
2026-02-15 10:55:41.270341,Toronto-17b0,16,20,Normal
2026-02-15 10:55:42.270341,Toronto-17b0,44,88,Normal
2026-02-15 10:55:43.270341,Toronto-17b0,11,20,Normal
2026-02-15 10:55:44.270341,Toronto-17b0,39,12,Normal
2026-02-15 10:55:45.270341,Toronto-17b0,34,74,Normal
2026-02-15 10:55:46.270341,Toronto-17b0,34,97,Normal
2026-02-15 10:55:47.270341,Toronto-17b0,7,3,Normal
2026-02-15 10:55:48.270341,Toronto-17b0,49,42,Normal
2026-02-15 10:55:49.270341,Toronto-17b0,29,52,Normal
2026-02-15 10:55:50.270341,Toronto-17b0,48,52,Normal
2026-02-15 10:55:51.270341,Toronto-17b0,30,44,Normal
2026-02-15 10:55:52.270341,Toronto-17b0,31,57,Normal
2026-02-15 10:55:53.270341,Toronto-17b0,32,67,Normal
2026-02-15 10:55:54.270341,Toronto-17b0,26,96,Normal
2026-02-15 10:55:55.270341,Toronto-17b0,38,10,Normal
2026-02-15 10:55:56.270341,Toronto-17b0,36,74,Normal
