timestamp,station_id,temp,humid,condition
2026-02-15 09:25:37.487927,NewYork-5cfa,10,16,Normal
2026-02-15 09:25:38.487927,NewYork-5cfa,46,74,Normal
2026-02-15 09:25:39.487927,NewYork-5cfa,17,47,Normal
2026-02-15 09:25:40.487927,NewYork-5cfa,33,59,Normal
2026-02-15 09:25:41.487927,NewYork-5cfa,21,77,Normal
2026-02-15 09:25:42.487927,NewYork-5cfa,2,39,Normal
2026-02-15 09:25:43.487927,NewYork-5cfa,4,89,Normal
2026-02-15 09:25:44.487927,NewYork-5cfa,47,16,Normal
2026-02-15 09:25:45.487927,NewYork-5cfa,-17,1,Normal
2026-02-15 09:25:46.487927,NewYork-5cfa,6,26,Normal
2026-02-15 09:25:47.487927,NewYork-5cfa,1,64,Normal
2026-02-15 09:25:48.487927,NewYork-5cfa,12,60,Normal
2026-02-15 09:25:49.487927,NewYork-5cfa,-12,44,Normal
2026-02-15 09:25:50.487927,NewYork-5cfa,-22,27,Normal
2026-02-15 09:25:51.487927,NewYork-5cfa,25,76,Normal
2026-02-15 09:25:52.487927,NewYork-5cfa,36,25,Normal
2026-02-15 09:25:53.487927,NewYork-5cfa,8,78,Normal
2026-02-15 09:25:54.487927,NewYork-5cfa,-10,68,Normal
2026-02-15 09:25:55.487927,NewYork-5cfa,-4,13,Normal
2026-02-15 09:25:56.487927,NewYork-5cfa,-29,4,Normal
2026-02-15 09:25:57.487927,NewYork-5cfa,42,30,Normal
2026-02-15 09:25:58.487927,NewYork-5cfa,31,33,Normal
2026-02-15 09:25:59.487927,NewYork-5cfa,-8,40,Normal
2026-02-15 09:26:00.487927,NewYork-5cfa,-26,54,Normal
2026-02-15 09:26:01.487927,NewYork-5cfa,26,81,Normal
2026-02-15 09:26:02.487927,NewYork-5cfa,27,88,Normal
2026-02-15 09:26:03.487927,NewYork-5cfa,-16,24,Normal
2026-02-15 09:26:04.487927,NewYork-5cfa,-4,89,Normal
2026-02-15 09:26:05.487927,NewYork-5cfa,-25,96,Normal
2026-02-15 09:26:06.487927,NewYork-5cfa,33,81,Normal
2026-02-15 09:26:07.487927,NewYork-5cfa,6,48,Normal
2026-02-15 09:26:08.487927,NewYork-5cfa,4,28,Normal
2026-02-15 09:26:09.487927,NewYork-5cfa,-10,84,Normal
2026-02-15 09:26:10.487927,NewYork-5cfa,-15,30,Normal
2026-02-15 09:26:11.487927,NewYork-5cfa,-21,19,Normal
2026-02-15 09:26:12.487927,NewYork-5cfa,-14,60,Normal
2026-02-15 09:26:13.487927,NewYork-5cfa,35,30,Normal
2026-02-15 09:26:14.487927,NewYork-5cfa,-3,82,Normal
2026-02-15 09:26:15.487927,NewYork-5cfa,-6,84,Normal
2026-02-15 09:26:16.487927,NewYork-5cfa,-8,38,Normal
2026-02-15 09:26:17.487927,NewYork-5cfa,49,30,Normal
2026-02-15 09:26:18.487927,NewYork-5cfa,4,32,Normal
2026-02-15 09:26:19.487927,NewYork-5cfa,7,48,Normal
2026-02-15 09:26:20.487927,NewYork-5cfa,-6,7,Normal
2026-02-15 09:26:21.487927,NewYork-5cfa,5,30,Normal
2026-02-15 09:26:22.487927,NewYork-5cfa,-3,66,Normal
2026-02-15 09:26:23.487927,NewYork-5cfa,-20,59,Normal
2026-02-15 09:26:24.487927,NewYork-5cfa,46,93,Normal
2026-02-15 09:26:25.487927,NewYork-5cfa,44,30,Normal
2026-02-15 09:26:26.487927,NewYork-5cfa,30,28,Normal
2026-02-15 09:26:27.487927,NewYork-5cfa,0,17,Normal
2026-02-15 09:26:28.487927,NewYork-5cfa,-4,62,Normal
2026-02-15 09:26:29.487927,NewYork-5cfa,46,51,Normal
2026-02-15 09:26:30.487927,NewYork-5cfa,-28,58,Normal
2026-02-15 09:26:31.487927,NewYork-5cfa,43,79,Normal
2026-02-15 09:26:32.487927,NewYork-5cfa,25,61,Normal
2026-02-15 09:26:33.487927,NewYork-5cfa,-19,31,Normal
2026-02-15 09:26:34.487927,NewYork-5cfa,-15,87,Normal
2026-02-15 09:26:35.487927,NewYork-5cfa,18,86,Normal
2026-02-15 09:26:36.487927,NewYork-5cfa,-29,99,Normal
2026-02-15 09:26:37.487927,NewYork-5cfa,2,6,Normal
2026-02-15 09:26:38.487927,NewYork-5cfa,-8,45,Normal
2026-02-15 09:26:39.487927,NewYork-5cfa,10,3,Normal
2026-02-15 09:26:40.487927,NewYork-5cfa,7,47,Normal
2026-02-15 09:26:41.487927,NewYork-5cfa,35,6,Normal
2026-02-15 09:26:42.487927,NewYork-5cfa,35,80,Normal
2026-02-15 09:26:43.487927,NewYork-5cfa,0,1,Normal
2026-02-15 09:26:44.487927,NewYork-5cfa,31,5,Normal
2026-02-15 09:26:45.487927,NewYork-5cfa,-13,20,Normal
2026-02-15 09:26:46.487927,NewYork-5cfa,41,98,Normal
2026-02-15 09:26:47.487927,NewYork-5cfa,-12,21,Normal
2026-02-15 09:26:48.487927,NewYork-5cfa,41,26,Normal
2026-02-15 09:26:49.487927,NewYork-5cfa,-18,95,Normal
2026-02-15 09:26:50.487927,NewYork-5cfa,44,28,Normal
2026-02-15 09:26:51.487927,NewYork-5cfa,-23,37,Normal
2026-02-15 09:26:52.487927,NewYork-5cfa,13,76,Normal
2026-02-15 09:26:53.487927,NewYork-5cfa,9,27,Normal
2026-02-15 09:26:54.487927,NewYork-5cfa,19,27,Normal
2026-02-15 09:26:55.487927,NewYork-5cfa,-7,52,Normal
2026-02-15 09:26:56.487927,NewYork-5cfa,22,10,Normal
2026-02-15 09:26:57.487927,NewYork-5cfa,0,11,Normal
2026-02-15 09:26:58.487927,NewYork-5cfa,48,73,Normal
2026-02-15 09:26:59.487927,NewYork-5cfa,49,63,Normal
2026-02-15 09:27:00.487927,NewYork-5cfa,-17,45,Normal
2026-02-15 09:27:01.487927,NewYork-5cfa,7,86,Normal
2026-02-15 09:27:02.487927,NewYork-5cfa,-23,34,Normal
2026-02-15 09:27:03.487927,NewYork-5cfa,41,34,Normal
2026-02-15 09:27:04.487927,NewYork-5cfa,41,0,Normal
2026-02-15 09:27:05.487927,NewYork-5cfa,-25,14,Normal
2026-02-15 09:27:06.487927,NewYork-5cfa,45,27,Normal
2026-02-15 09:27:07.487927,NewYork-5cfa,-6,80,Normal
2026-02-15 09:27:08.487927,NewYork-5cfa,37,5,Normal
2026-02-15 09:27:09.487927,NewYork-5cfa,-25,13,Normal
2026-02-15 09:27:10.487927,NewYork-5cfa,33,8,Normal
2026-02-15 09:27:11.487927,NewYork-5cfa,21,13,Normal
2026-02-15 09:27:12.487927,NewYork-5cfa,9,79,Normal
2026-02-15 09:27:13.487927,NewYork-5cfa,46,22,Normal
2026-02-15 09:27:14.487927,NewYork-5cfa,-3,34,Normal
2026-02-15 09:27:15.487927,NewYork-5cfa,27,7,Normal
2026-02-15 09:27:16.487927,NewYork-5cfa,-12,84,Normal
2026-02-15 09:27:17.487927,NewYork-5cfa,41,33,Normal
2026-02-15 09:27:18.487927,NewYork-5cfa,41,64,Normal
2026-02-15 09:27:19.487927,NewYork-5cfa,-7,21,Normal
2026-02-15 09:27:20.487927,NewYork-5cfa,11,56,Normal
2026-02-15 09:27:21.487927,NewYork-5cfa,-13,87,Normal
2026-02-15 09:27:22.487927,NewYork-5cfa,-24,29,Normal
2026-02-15 09:27:23.487927,NewYork-5cfa,7,79,Normal
2026-02-15 09:27:24.487927,NewYork-5cfa,1,17,Normal
2026-02-15 09:27:25.487927,NewYork-5cfa,16,9,Normal
2026-02-15 09:27:26.487927,NewYork-5cfa,-16,46,Normal
2026-02-15 09:27:27.487927,NewYork-5cfa,35,11,Normal
2026-02-15 09:27:28.487927,NewYork-5cfa,36,39,Normal
2026-02-15 09:27:29.487927,NewYork-5cfa,12,93,Normal
2026-02-15 09:27:30.487927,NewYork-5cfa,4,47,Normal
2026-02-15 09:27:31.487927,NewYork-5cfa,-12,43,Normal
2026-02-15 09:27:32.487927,NewYork-5cfa,-2,27,Normal
2026-02-15 09:27:33.487927,NewYork-5cfa,49,68,Normal
2026-02-15 09:27:34.487927,NewYork-5cfa,21,53,Normal
2026-02-15 09:27:35.487927,NewYork-5cfa,-14,43,Normal
2026-02-15 09:27:36.487927,NewYork-5cfa,8,44,Normal
2026-02-15 09:27:37.487927,NewYork-5cfa,-9,52,Normal
2026-02-15 09:27:38.487927,NewYork-5cfa,-18,95,Normal
2026-02-15 09:27:39.487927,NewYork-5cfa,50,74,Normal
2026-02-15 09:27:40.487927,NewYork-5cfa,31,93,Normal
2026-02-15 09:27:41.487927,NewYork-5cfa,33,72,Normal
2026-02-15 09:27:42.487927,NewYork-5cfa,16,63,Normal
2026-02-15 09:27:43.487927,NewYork-5cfa,-1,86,Normal
2026-02-15 09:27:44.487927,NewYork-5cfa,20,39,Normal
2026-02-15 09:27:45.487927,NewYork-5cfa,28,38,Normal
2026-02-15 09:27:46.487927,NewYork-5cfa,8,49,Normal
2026-02-15 09:27:47.487927,NewYork-5cfa,46,53,Normal
2026-02-15 09:27:48.487927,NewYork-5cfa,40,85,Normal
2026-02-15 09:27:49.487927,NewYork-5cfa,-17,99,Normal
2026-02-15 09:27:50.487927,NewYork-5cfa,6,1,Normal
2026-02-15 09:27:51.487927,NewYork-5cfa,18,12,Normal
2026-02-15 09:27:52.487927,NewYork-5cfa,-10,34,Normal
2026-02-15 09:27:53.487927,NewYork-5cfa,38,25,Normal
2026-02-15 09:27:54.487927,NewYork-5cfa,17,0,Normal
2026-02-15 09:27:55.487927,NewYork-5cfa,-19,24,Normal
2026-02-15 09:27:56.487927,NewYork-5cfa,35,39,Normal
2026-02-15 09:27:57.487927,NewYork-5cfa,-19,100,Normal
2026-02-15 09:27:58.487927,NewYork-5cfa,9,94,Normal
2026-02-15 09:27:59.487927,NewYork-5cfa,-17,45,Normal
2026-02-15 09:28:00.487927,NewYork-5cfa,27,68,Normal
2026-02-15 09:28:01.487927,NewYork-5cfa,30,2,Normal
2026-02-15 09:28:02.487927,NewYork-5cfa,16,2,Normal
2026-02-15 09:28:03.487927,NewYork-5cfa,29,43,Normal
2026-02-15 09:28:04.487927,NewYork-5cfa,0,23,Normal
2026-02-15 09:28:05.487927,NewYork-5cfa,-4,39,Normal
2026-02-15 09:28:06.487927,NewYork-5cfa,16,39,Normal
2026-02-15 09:28:07.487927,NewYork-5cfa,19,49,Normal
2026-02-15 09:28:08.487927,NewYork-5cfa,-11,33,Normal
2026-02-15 09:28:09.487927,NewYork-5cfa,38,58,Normal
2026-02-15 09:28:10.487927,NewYork-5cfa,43,33,Normal
2026-02-15 09:28:11.487927,NewYork-5cfa,1,65,Normal
2026-02-15 09:28:12.487927,NewYork-5cfa,40,49,Normal
2026-02-15 09:28:13.487927,NewYork-5cfa,16,17,Normal
2026-02-15 09:28:14.487927,NewYork-5cfa,7,72,Normal
2026-02-15 09:28:15.487927,NewYork-5cfa,-1,15,Normal
2026-02-15 09:28:16.487927,NewYork-5cfa,-24,16,Normal
2026-02-15 09:28:17.487927,NewYork-5cfa,-28,40,Normal
2026-02-15 09:28:18.487927,NewYork-5cfa,35,69,Normal
2026-02-15 09:28:19.487927,NewYork-5cfa,13,12,Normal
2026-02-15 09:28:20.487927,NewYork-5cfa,28,66,Normal
2026-02-15 09:28:21.487927,NewYork-5cfa,-5,0,Normal
2026-02-15 09:28:22.487927,NewYork-5cfa,7,44,Normal
2026-02-15 09:28:23.487927,NewYork-5cfa,27,97,Normal
2026-02-15 09:28:24.487927,NewYork-5cfa,43,49,Normal
2026-02-15 09:28:25.487927,NewYork-5cfa,-25,64,Normal
2026-02-15 09:28:26.487927,NewYork-5cfa,39,8,Normal
2026-02-15 09:28:27.487927,NewYork-5cfa,12,41,Normal
2026-02-15 09:28:28.487927,NewYork-5cfa,37,32,Normal
2026-02-15 09:28:29.487927,NewYork-5cfa,-1,4,Normal
2026-02-15 09:28:30.487927,NewYork-5cfa,23,69,Normal
2026-02-15 09:28:31.487927,NewYork-5cfa,-12,12,Normal
2026-02-15 09:28:32.487927,NewYork-5cfa,-4,58,Normal
2026-02-15 09:28:33.487927,NewYork-5cfa,34,100,Normal
2026-02-15 09:28:34.487927,NewYork-5cfa,-19,51,Normal
2026-02-15 09:28:35.487927,NewYork-5cfa,-29,86,Normal
2026-02-15 09:28:36.487927,NewYork-5cfa,13,87,Normal
2026-02-15 09:28:37.487927,NewYork-5cfa,44,43,Normal
2026-02-15 09:28:38.487927,NewYork-5cfa,18,52,Normal
2026-02-15 09:28:39.487927,NewYork-5cfa,26,2,Normal
2026-02-15 09:28:40.487927,NewYork-5cfa,-24,28,Normal
2026-02-15 09:28:41.487927,NewYork-5cfa,-21,27,Normal
2026-02-15 09:28:42.487927,NewYork-5cfa,27,72,Normal
2026-02-15 09:28:43.487927,NewYork-5cfa,32,3,Normal
2026-02-15 09:28:44.487927,NewYork-5cfa,-2,27,Normal
2026-02-15 09:28:45.487927,NewYork-5cfa,-21,77,Normal
2026-02-15 09:28:46.487927,NewYork-5cfa,8,40,Normal
2026-02-15 09:28:47.487927,NewYork-5cfa,44,48,Normal
2026-02-15 09:28:48.487927,NewYork-5cfa,-16,85,Normal
2026-02-15 09:28:49.487927,NewYork-5cfa,15,77,Normal
2026-02-15 09:28:50.487927,NewYork-5cfa,2,36,Normal
2026-02-15 09:28:51.487927,NewYork-5cfa,-15,79,Normal
2026-02-15 09:28:52.487927,NewYork-5cfa,46,16,Normal
2026-02-15 09:28:53.487927,NewYork-5cfa,0,33,Normal
2026-02-15 09:28:54.487927,NewYork-5cfa,48,83,Normal
2026-02-15 09:28:55.487927,NewYork-5cfa,23,23,Normal
2026-02-15 09:28:56.487927,NewYork-5cfa,-3,40,Normal
2026-02-15 09:28:57.487927,NewYork-5cfa,10,0,Normal
2026-02-15 09:28:58.487927,NewYork-5cfa,27,27,Normal
2026-02-15 09:28:59.487927,NewYork-5cfa,-8,42,Normal
2026-02-15 09:29:00.487927,NewYork-5cfa,-18,19,Normal
2026-02-15 09:29:01.487927,NewYork-5cfa,2,66,Normal
2026-02-15 09:29:02.487927,NewYork-5cfa,32,55,Normal
2026-02-15 09:29:03.487927,NewYork-5cfa,-9,22,Normal
2026-02-15 09:29:04.487927,NewYork-5cfa,2,33,Normal
2026-02-15 09:29:05.487927,NewYork-5cfa,-2,35,Normal
2026-02-15 09:29:06.487927,NewYork-5cfa,0,22,Normal
2026-02-15 09:29:07.487927,NewYork-5cfa,10,85,Normal
2026-02-15 09:29:08.487927,NewYork-5cfa,28,86,Normal
2026-02-15 09:29:09.487927,NewYork-5cfa,22,54,Normal
2026-02-15 09:29:10.487927,NewYork-5cfa,25,59,Normal
2026-02-15 09:29:11.487927,NewYork-5cfa,13,61,Normal
2026-02-15 09:29:12.487927,NewYork-5cfa,43,25,Normal
2026-02-15 09:29:13.487927,NewYork-5cfa,26,63,Normal
2026-02-15 09:29:14.487927,NewYork-5cfa,-5,26,Normal
2026-02-15 09:29:15.487927,NewYork-5cfa,9,20,Normal
2026-02-15 09:29:16.487927,NewYork-5cfa,0,9,Normal
2026-02-15 09:29:17.487927,NewYork-5cfa,-29,46,Normal
2026-02-15 09:29:18.487927,NewYork-5cfa,42,84,Normal
2026-02-15 09:29:19.487927,NewYork-5cfa,7,55,Normal
2026-02-15 09:29:20.487927,NewYork-5cfa,25,14,Normal
2026-02-15 09:29:21.487927,NewYork-5cfa,2,100,Normal
2026-02-15 09:29:22.487927,NewYork-5cfa,-8,64,Normal
2026-02-15 09:29:23.487927,NewYork-5cfa,37,52,Normal
2026-02-15 09:29:24.487927,NewYork-5cfa,42,32,Normal
2026-02-15 09:29:25.487927,NewYork-5cfa,23,43,Normal
2026-02-15 09:29:26.487927,NewYork-5cfa,36,93,Normal
2026-02-15 09:29:27.487927,NewYork-5cfa,8,7,Normal
2026-02-15 09:29:28.487927,NewYork-5cfa,-20,46,Normal
2026-02-15 09:29:29.487927,NewYork-5cfa,18,72,Normal
2026-02-15 09:29:30.487927,NewYork-5cfa,33,74,Normal
2026-02-15 09:29:31.487927,NewYork-5cfa,-19,86,Normal
2026-02-15 09:29:32.487927,NewYork-5cfa,-30,87,Normal
2026-02-15 09:29:33.487927,NewYork-5cfa,-25,6,Normal
2026-02-15 09:29:34.487927,NewYork-5cfa,-9,11,Normal
2026-02-15 09:29:35.487927,NewYork-5cfa,-16,49,Normal
2026-02-15 09:29:36.487927,NewYork-5cfa,-15,45,Normal
2026-02-15 09:29:37.487927,NewYork-5cfa,24,76,Normal
2026-02-15 09:29:38.487927,NewYork-5cfa,-16,68,Normal
2026-02-15 09:29:39.487927,NewYork-5cfa,1,12,Normal
2026-02-15 09:29:40.487927,NewYork-5cfa,31,87,Normal
2026-02-15 09:29:41.487927,NewYork-5cfa,20,67,Normal
2026-02-15 09:29:42.487927,NewYork-5cfa,-2,37,Normal
2026-02-15 09:29:43.487927,NewYork-5cfa,27,42,Normal
2026-02-15 09:29:44.487927,NewYork-5cfa,44,84,Normal
2026-02-15 09:29:45.487927,NewYork-5cfa,24,15,Normal
2026-02-15 09:29:46.487927,NewYork-5cfa,28,90,Normal
2026-02-15 09:29:47.487927,NewYork-5cfa,-11,28,Normal
2026-02-15 09:29:48.487927,NewYork-5cfa,15,33,Normal
2026-02-15 09:29:49.487927,NewYork-5cfa,29,49,Normal
2026-02-15 09:29:50.487927,NewYork-5cfa,4,62,Normal
2026-02-15 09:29:51.487927,NewYork-5cfa,37,76,Normal
2026-02-15 09:29:52.487927,NewYork-5cfa,17,99,Normal
2026-02-15 09:29:53.487927,NewYork-5cfa,-30,79,Normal
2026-02-15 09:29:54.487927,NewYork-5cfa,16,53,Normal
2026-02-15 09:29:55.487927,NewYork-5cfa,-11,44,Normal
2026-02-15 09:29:56.487927,NewYork-5cfa,-30,82,Normal
2026-02-15 09:29:57.487927,NewYork-5cfa,-15,78,Normal
2026-02-15 09:29:58.487927,NewYork-5cfa,26,26,Normal
2026-02-15 09:29:59.487927,NewYork-5cfa,-23,14,Normal
2026-02-15 09:30:00.487927,NewYork-5cfa,50,88,Normal
2026-02-15 09:30:01.487927,NewYork-5cfa,35,88,Normal
2026-02-15 09:30:02.487927,NewYork-5cfa,29,42,Normal
2026-02-15 09:30:03.487927,NewYork-5cfa,1,90,Normal
2026-02-15 09:30:04.487927,NewYork-5cfa,-20,82,Normal
2026-02-15 09:30:05.487927,NewYork-5cfa,-22,38,Normal
2026-02-15 09:30:06.487927,NewYork-5cfa,20,93,Normal
2026-02-15 09:30:07.487927,NewYork-5cfa,45,46,Normal
2026-02-15 09:30:08.487927,NewYork-5cfa,42,54,Normal
2026-02-15 09:30:09.487927,NewYork-5cfa,7,77,Normal
2026-02-15 09:30:10.487927,NewYork-5cfa,46,75,Normal
2026-02-15 09:30:11.487927,NewYork-5cfa,1,14,Normal
2026-02-15 09:30:12.487927,NewYork-5cfa,34,41,Normal
2026-02-15 09:30:13.487927,NewYork-5cfa,10,35,Normal
2026-02-15 09:30:14.487927,NewYork-5cfa,-2,78,Normal
2026-02-15 09:30:15.487927,NewYork-5cfa,-16,7,Normal
2026-02-15 09:30:16.487927,NewYork-5cfa,21,65,Normal
2026-02-15 09:30:17.487927,NewYork-5cfa,38,38,Normal
2026-02-15 09:30:18.487927,NewYork-5cfa,11,51,Normal
2026-02-15 09:30:19.487927,NewYork-5cfa,32,86,Normal
2026-02-15 09:30:20.487927,NewYork-5cfa,-14,81,Normal
2026-02-15 09:30:21.487927,NewYork-5cfa,5,15,Normal
2026-02-15 09:30:22.487927,NewYork-5cfa,24,54,Normal
2026-02-15 09:30:23.487927,NewYork-5cfa,-21,90,Normal
2026-02-15 09:30:24.487927,NewYork-5cfa,3,45,Normal
2026-02-15 09:30:25.487927,NewYork-5cfa,3,11,Normal
2026-02-15 09:30:26.487927,NewYork-5cfa,8,13,Normal
2026-02-15 09:30:27.487927,NewYork-5cfa,11,58,Normal
2026-02-15 09:30:28.487927,NewYork-5cfa,-28,35,Normal
2026-02-15 09:30:29.487927,NewYork-5cfa,48,37,Normal
2026-02-15 09:30:30.487927,NewYork-5cfa,23,81,Normal
2026-02-15 09:30:31.487927,NewYork-5cfa,-24,42,Normal
2026-02-15 09:30:32.487927,NewYork-5cfa,-19,100,Normal
2026-02-15 09:30:33.487927,NewYork-5cfa,-18,87,Normal
2026-02-15 09:30:34.487927,NewYork-5cfa,46,99,Normal
2026-02-15 09:30:35.487927,NewYork-5cfa,14,70,Normal
2026-02-15 09:30:36.487927,NewYork-5cfa,32,32,Normal
2026-02-15 09:30:37.487927,NewYork-5cfa,-26,0,Normal
2026-02-15 09:30:38.487927,NewYork-5cfa,20,45,Normal
2026-02-15 09:30:39.487927,NewYork-5cfa,48,28,Normal
2026-02-15 09:30:40.487927,NewYork-5cfa,-30,2,Normal
2026-02-15 09:30:41.487927,NewYork-5cfa,-16,5,Normal
2026-02-15 09:30:42.487927,NewYork-5cfa,22,26,Normal
2026-02-15 09:30:43.487927,NewYork-5cfa,34,36,Normal
2026-02-15 09:30:44.487927,NewYork-5cfa,25,28,Normal
2026-02-15 09:30:45.487927,NewYork-5cfa,21,82,Normal
2026-02-15 09:30:46.487927,NewYork-5cfa,22,37,Normal
2026-02-15 09:30:47.487927,NewYork-5cfa,0,17,Normal
2026-02-15 09:30:48.487927,NewYork-5cfa,18,29,Normal
2026-02-15 09:30:49.487927,NewYork-5cfa,19,79,Normal
2026-02-15 09:30:50.487927,NewYork-5cfa,48,30,Normal
2026-02-15 09:30:51.487927,NewYork-5cfa,38,38,Normal
2026-02-15 09:30:52.487927,NewYork-5cfa,-4,52,Normal
2026-02-15 09:30:53.487927,NewYork-5cfa,27,37,Normal
2026-02-15 09:30:54.487927,NewYork-5cfa,46,24,Normal
2026-02-15 09:30:55.487927,NewYork-5cfa,36,15,Normal
2026-02-15 09:30:56.487927,NewYork-5cfa,-18,8,Normal
2026-02-15 09:30:57.487927,NewYork-5cfa,37,87,Normal
2026-02-15 09:30:58.487927,NewYork-5cfa,-6,87,Normal
2026-02-15 09:30:59.487927,NewYork-5cfa,49,20,Normal
2026-02-15 09:31:00.487927,NewYork-5cfa,29,28,Normal
2026-02-15 09:31:01.487927,NewYork-5cfa,11,12,Normal
2026-02-15 09:31:02.487927,NewYork-5cfa,47,92,Normal
2026-02-15 09:31:03.487927,NewYork-5cfa,32,48,Normal
2026-02-15 09:31:04.487927,NewYork-5cfa,10,52,Normal
2026-02-15 09:31:05.487927,NewYork-5cfa,42,67,Normal
2026-02-15 09:31:06.487927,NewYork-5cfa,-17,63,Normal
2026-02-15 09:31:07.487927,NewYork-5cfa,13,22,Normal
2026-02-15 09:31:08.487927,NewYork-5cfa,-16,47,Normal
2026-02-15 09:31:09.487927,NewYork-5cfa,18,72,Normal
2026-02-15 09:31:10.487927,NewYork-5cfa,-1,52,Normal
2026-02-15 09:31:11.487927,NewYork-5cfa,-4,31,Normal
2026-02-15 09:31:12.487927,NewYork-5cfa,22,12,Normal
2026-02-15 09:31:13.487927,NewYork-5cfa,-3,66,Normal
2026-02-15 09:31:14.487927,NewYork-5cfa,-18,85,Normal
2026-02-15 09:31:15.487927,NewYork-5cfa,36,53,Normal
2026-02-15 09:31:16.487927,NewYork-5cfa,-15,5,Normal
2026-02-15 09:31:17.487927,NewYork-5cfa,35,25,Normal
2026-02-15 09:31:18.487927,NewYork-5cfa,33,28,Normal
2026-02-15 09:31:19.487927,NewYork-5cfa,48,47,Normal
2026-02-15 09:31:20.487927,NewYork-5cfa,32,45,Normal
2026-02-15 09:31:21.487927,NewYork-5cfa,-27,61,Normal
2026-02-15 09:31:22.487927,NewYork-5cfa,34,20,Normal
2026-02-15 09:31:23.487927,NewYork-5cfa,35,64,Normal
2026-02-15 09:31:24.487927,NewYork-5cfa,-2,17,Normal
2026-02-15 09:31:25.487927,NewYork-5cfa,0,84,Normal
2026-02-15 09:31:26.487927,NewYork-5cfa,30,46,Normal
2026-02-15 09:31:27.487927,NewYork-5cfa,5,0,Normal
2026-02-15 09:31:28.487927,NewYork-5cfa,14,48,Normal
2026-02-15 09:31:29.487927,NewYork-5cfa,35,70,Normal
2026-02-15 09:31:30.487927,NewYork-5cfa,33,44,Normal
2026-02-15 09:31:31.487927,NewYork-5cfa,31,87,Normal
2026-02-15 09:31:32.487927,NewYork-5cfa,31,45,Normal
2026-02-15 09:31:33.487927,NewYork-5cfa,12,19,Normal
2026-02-15 09:31:34.487927,NewYork-5cfa,1,35,Normal
2026-02-15 09:31:35.487927,NewYork-5cfa,32,39,Normal
2026-02-15 09:31:36.487927,NewYork-5cfa,32,23,Normal
2026-02-15 09:31:37.487927,NewYork-5cfa,30,63,Normal
2026-02-15 09:31:38.487927,NewYork-5cfa,21,87,Normal
2026-02-15 09:31:39.487927,NewYork-5cfa,-7,20,Normal
2026-02-15 09:31:40.487927,NewYork-5cfa,-11,48,Normal
2026-02-15 09:31:41.487927,NewYork-5cfa,-23,20,Normal
2026-02-15 09:31:42.487927,NewYork-5cfa,-4,55,Normal
2026-02-15 09:31:43.487927,NewYork-5cfa,-2,40,Normal
2026-02-15 09:31:44.487927,NewYork-5cfa,38,96,Normal
2026-02-15 09:31:45.487927,NewYork-5cfa,43,23,Normal
2026-02-15 09:31:46.487927,NewYork-5cfa,41,23,Normal
2026-02-15 09:31:47.487927,NewYork-5cfa,35,11,Normal
2026-02-15 09:31:48.487927,NewYork-5cfa,-16,70,Normal
2026-02-15 09:31:49.487927,NewYork-5cfa,25,99,Normal
2026-02-15 09:31:50.487927,NewYork-5cfa,-2,36,Normal
2026-02-15 09:31:51.487927,NewYork-5cfa,40,23,Normal
2026-02-15 09:31:52.487927,NewYork-5cfa,12,2,Normal
2026-02-15 09:31:53.487927,NewYork-5cfa,3,53,Normal
2026-02-15 09:31:54.487927,NewYork-5cfa,15,12,Normal
2026-02-15 09:31:55.487927,NewYork-5cfa,29,90,Normal
2026-02-15 09:31:56.487927,NewYork-5cfa,-28,39,Normal
2026-02-15 09:31:57.487927,NewYork-5cfa,10,39,Normal
2026-02-15 09:31:58.487927,NewYork-5cfa,15,9,Normal
2026-02-15 09:31:59.487927,NewYork-5cfa,-19,56,Normal
2026-02-15 09:32:00.487927,NewYork-5cfa,-3,46,Normal
2026-02-15 09:32:01.487927,NewYork-5cfa,22,55,Normal
2026-02-15 09:32:02.487927,NewYork-5cfa,39,28,Normal
2026-02-15 09:32:03.487927,NewYork-5cfa,-26,19,Normal
2026-02-15 09:32:04.487927,NewYork-5cfa,26,86,Normal
2026-02-15 09:32:05.487927,NewYork-5cfa,-26,74,Normal
2026-02-15 09:32:06.487927,NewYork-5cfa,-26,14,Normal
2026-02-15 09:32:07.487927,NewYork-5cfa,-7,45,Normal
2026-02-15 09:32:08.487927,NewYork-5cfa,-16,77,Normal
2026-02-15 09:32:09.487927,NewYork-5cfa,-29,51,Normal
2026-02-15 09:32:10.487927,NewYork-5cfa,31,76,Normal
2026-02-15 09:32:11.487927,NewYork-5cfa,-26,17,Normal
2026-02-15 09:32:12.487927,NewYork-5cfa,1,41,Normal
2026-02-15 09:32:13.487927,NewYork-5cfa,26,3,Normal
2026-02-15 09:32:14.487927,NewYork-5cfa,32,31,Normal
2026-02-15 09:32:15.487927,NewYork-5cfa,-8,97,Normal
2026-02-15 09:32:16.487927,NewYork-5cfa,-16,28,Normal
2026-02-15 09:32:17.487927,NewYork-5cfa,-7,20,Normal
2026-02-15 09:32:18.487927,NewYork-5cfa,33,40,Normal
2026-02-15 09:32:19.487927,NewYork-5cfa,4,50,Normal
2026-02-15 09:32:20.487927,NewYork-5cfa,-13,45,Normal
2026-02-15 09:32:21.487927,NewYork-5cfa,44,11,Normal
2026-02-15 09:32:22.487927,NewYork-5cfa,29,4,Normal
2026-02-15 09:32:23.487927,NewYork-5cfa,33,100,Normal
2026-02-15 09:32:24.487927,NewYork-5cfa,43,10,Normal
2026-02-15 09:32:25.487927,NewYork-5cfa,-26,92,Normal
2026-02-15 09:32:26.487927,NewYork-5cfa,-28,87,Normal
2026-02-15 09:32:27.487927,NewYork-5cfa,24,48,Normal
2026-02-15 09:32:28.487927,NewYork-5cfa,46,86,Normal
2026-02-15 09:32:29.487927,NewYork-5cfa,-25,8,Normal
2026-02-15 09:32:30.487927,NewYork-5cfa,43,18,Normal
2026-02-15 09:32:31.487927,NewYork-5cfa,-29,80,Normal
2026-02-15 09:32:32.487927,NewYork-5cfa,13,19,Normal
2026-02-15 09:32:33.487927,NewYork-5cfa,24,73,Normal
2026-02-15 09:32:34.487927,NewYork-5cfa,-15,37,Normal
2026-02-15 09:32:35.487927,NewYork-5cfa,44,95,Normal
2026-02-15 09:32:36.487927,NewYork-5cfa,5,15,Normal
2026-02-15 09:32:37.487927,NewYork-5cfa,18,28,Normal
2026-02-15 09:32:38.487927,NewYork-5cfa,-10,33,Normal
2026-02-15 09:32:39.487927,NewYork-5cfa,50,41,Normal
2026-02-15 09:32:40.487927,NewYork-5cfa,0,4,Normal
2026-02-15 09:32:41.487927,NewYork-5cfa,14,10,Normal
2026-02-15 09:32:42.487927,NewYork-5cfa,34,28,Normal
2026-02-15 09:32:43.487927,NewYork-5cfa,33,61,Normal
2026-02-15 09:32:44.487927,NewYork-5cfa,22,9,Normal
2026-02-15 09:32:45.487927,NewYork-5cfa,42,65,Normal
2026-02-15 09:32:46.487927,NewYork-5cfa,10,89,Normal
2026-02-15 09:32:47.487927,NewYork-5cfa,15,30,Normal
2026-02-15 09:32:48.487927,NewYork-5cfa,16,81,Normal
2026-02-15 09:32:49.487927,NewYork-5cfa,8,16,Normal
2026-02-15 09:32:50.487927,NewYork-5cfa,21,26,Normal
2026-02-15 09:32:51.487927,NewYork-5cfa,45,6,Normal
2026-02-15 09:32:52.487927,NewYork-5cfa,-6,42,Normal
2026-02-15 09:32:53.487927,NewYork-5cfa,2,34,Normal
2026-02-15 09:32:54.487927,NewYork-5cfa,-13,45,Normal
2026-02-15 09:32:55.487927,NewYork-5cfa,-8,76,Normal
2026-02-15 09:32:56.487927,NewYork-5cfa,35,59,Normal
2026-02-15 09:32:57.487927,NewYork-5cfa,16,24,Normal
2026-02-15 09:32:58.487927,NewYork-5cfa,-26,6,Normal
2026-02-15 09:32:59.487927,NewYork-5cfa,-7,16,Normal
2026-02-15 09:33:00.487927,NewYork-5cfa,13,100,Normal
2026-02-15 09:33:01.487927,NewYork-5cfa,-30,81,Normal
2026-02-15 09:33:02.487927,NewYork-5cfa,19,84,Normal
2026-02-15 09:33:03.487927,NewYork-5cfa,-9,27,Normal
2026-02-15 09:33:04.487927,NewYork-5cfa,47,45,Normal
2026-02-15 09:33:05.487927,NewYork-5cfa,-8,21,Normal
2026-02-15 09:33:06.487927,NewYork-5cfa,3,25,Normal
2026-02-15 09:33:07.487927,NewYork-5cfa,-20,24,Normal
2026-02-15 09:33:08.487927,NewYork-5cfa,-28,69,Normal
2026-02-15 09:33:09.487927,NewYork-5cfa,-10,76,Normal
2026-02-15 09:33:10.487927,NewYork-5cfa,46,36,Normal
2026-02-15 09:33:11.487927,NewYork-5cfa,43,85,Normal
2026-02-15 09:33:12.487927,NewYork-5cfa,35,81,Normal
2026-02-15 09:33:13.487927,NewYork-5cfa,-30,19,Normal
2026-02-15 09:33:14.487927,NewYork-5cfa,-26,85,Normal
2026-02-15 09:33:15.487927,NewYork-5cfa,-16,12,Normal
2026-02-15 09:33:16.487927,NewYork-5cfa,4,83,Normal
2026-02-15 09:33:17.487927,NewYork-5cfa,34,17,Normal
2026-02-15 09:33:18.487927,NewYork-5cfa,-30,54,Normal
2026-02-15 09:33:19.487927,NewYork-5cfa,37,52,Normal
2026-02-15 09:33:20.487927,NewYork-5cfa,37,40,Normal
2026-02-15 09:33:21.487927,NewYork-5cfa,-1,31,Normal
2026-02-15 09:33:22.487927,NewYork-5cfa,-28,20,Normal
2026-02-15 09:33:23.487927,NewYork-5cfa,-28,43,Normal
2026-02-15 09:33:24.487927,NewYork-5cfa,-9,29,Normal
2026-02-15 09:33:25.487927,NewYork-5cfa,45,24,Normal
2026-02-15 09:33:26.487927,NewYork-5cfa,38,75,Normal
2026-02-15 09:33:27.487927,NewYork-5cfa,12,66,Normal
2026-02-15 09:33:28.487927,NewYork-5cfa,12,2,Normal
2026-02-15 09:33:29.487927,NewYork-5cfa,-5,46,Normal
2026-02-15 09:33:30.487927,NewYork-5cfa,5,66,Normal
2026-02-15 09:33:31.487927,NewYork-5cfa,-5,91,Normal
2026-02-15 09:33:32.487927,NewYork-5cfa,37,46,Normal
2026-02-15 09:33:33.487927,NewYork-5cfa,-24,8,Normal
2026-02-15 09:33:34.487927,NewYork-5cfa,6,71,Normal
2026-02-15 09:33:35.487927,NewYork-5cfa,7,87,Normal
2026-02-15 09:33:36.487927,NewYork-5cfa,-5,72,Normal
2026-02-15 09:33:37.487927,NewYork-5cfa,44,86,Normal
2026-02-15 09:33:38.487927,NewYork-5cfa,17,67,Normal
2026-02-15 09:33:39.487927,NewYork-5cfa,-11,53,Normal
2026-02-15 09:33:40.487927,NewYork-5cfa,-3,82,Normal
2026-02-15 09:33:41.487927,NewYork-5cfa,24,52,Normal
2026-02-15 09:33:42.487927,NewYork-5cfa,29,18,Normal
2026-02-15 09:33:43.487927,NewYork-5cfa,15,59,Normal
2026-02-15 09:33:44.487927,NewYork-5cfa,-4,3,Normal
2026-02-15 09:33:45.487927,NewYork-5cfa,14,14,Normal
2026-02-15 09:33:46.487927,NewYork-5cfa,-18,70,Normal
2026-02-15 09:33:47.487927,NewYork-5cfa,29,5,Normal
2026-02-15 09:33:48.487927,NewYork-5cfa,31,99,Normal
2026-02-15 09:33:49.487927,NewYork-5cfa,-3,50,Normal
2026-02-15 09:33:50.487927,NewYork-5cfa,-4,45,Normal
2026-02-15 09:33:51.487927,NewYork-5cfa,-7,70,Normal
2026-02-15 09:33:52.487927,NewYork-5cfa,-5,0,Normal
2026-02-15 09:33:53.487927,NewYork-5cfa,47,4,Normal
2026-02-15 09:33:54.487927,NewYork-5cfa,16,82,Normal
2026-02-15 09:33:55.487927,NewYork-5cfa,-2,5,Normal
2026-02-15 09:33:56.487927,NewYork-5cfa,10,45,Normal
2026-02-15 09:33:57.487927,NewYork-5cfa,-7,18,Normal
2026-02-15 09:33:58.487927,NewYork-5cfa,-10,25,Normal
2026-02-15 09:33:59.487927,NewYork-5cfa,-21,79,Normal
2026-02-15 09:34:00.487927,NewYork-5cfa,38,34,Normal
2026-02-15 09:34:01.487927,NewYork-5cfa,43,23,Normal
2026-02-15 09:34:02.487927,NewYork-5cfa,0,53,Normal
2026-02-15 09:34:03.487927,NewYork-5cfa,-3,80,Normal
2026-02-15 09:34:04.487927,NewYork-5cfa,-16,82,Normal
2026-02-15 09:34:05.487927,NewYork-5cfa,-18,55,Normal
2026-02-15 09:34:06.487927,NewYork-5cfa,18,58,Normal
2026-02-15 09:34:07.487927,NewYork-5cfa,-29,36,Normal
2026-02-15 09:34:08.487927,NewYork-5cfa,-21,59,Normal
2026-02-15 09:34:09.487927,NewYork-5cfa,-20,48,Normal
2026-02-15 09:34:10.487927,NewYork-5cfa,40,0,Normal
2026-02-15 09:34:11.487927,NewYork-5cfa,37,63,Normal
2026-02-15 09:34:12.487927,NewYork-5cfa,14,63,Normal
2026-02-15 09:34:13.487927,NewYork-5cfa,13,86,Normal
2026-02-15 09:34:14.487927,NewYork-5cfa,0,35,Normal
2026-02-15 09:34:15.487927,NewYork-5cfa,27,38,Normal
2026-02-15 09:34:16.487927,NewYork-5cfa,24,33,Normal
2026-02-15 09:34:17.487927,NewYork-5cfa,36,37,Normal
2026-02-15 09:34:18.487927,NewYork-5cfa,-3,22,Normal
2026-02-15 09:34:19.487927,NewYork-5cfa,26,32,Normal
2026-02-15 09:34:20.487927,NewYork-5cfa,35,95,Normal
2026-02-15 09:34:21.487927,NewYork-5cfa,24,69,Normal
2026-02-15 09:34:22.487927,NewYork-5cfa,45,19,Normal
2026-02-15 09:34:23.487927,NewYork-5cfa,17,34,Normal
2026-02-15 09:34:24.487927,NewYork-5cfa,2,92,Normal
2026-02-15 09:34:25.487927,NewYork-5cfa,18,73,Normal
2026-02-15 09:34:26.487927,NewYork-5cfa,4,85,Normal
2026-02-15 09:34:27.487927,NewYork-5cfa,43,14,Normal
2026-02-15 09:34:28.487927,NewYork-5cfa,8,46,Normal
2026-02-15 09:34:29.487927,NewYork-5cfa,-6,66,Normal
2026-02-15 09:34:30.487927,NewYork-5cfa,36,72,Normal
2026-02-15 09:34:31.487927,NewYork-5cfa,6,42,Normal
2026-02-15 09:34:32.487927,NewYork-5cfa,-20,15,Normal
2026-02-15 09:34:33.487927,NewYork-5cfa,-7,54,Normal
2026-02-15 09:34:34.487927,NewYork-5cfa,15,61,Normal
2026-02-15 09:34:35.487927,NewYork-5cfa,34,40,Normal
2026-02-15 09:34:36.487927,NewYork-5cfa,-14,42,Normal
2026-02-15 09:34:37.487927,NewYork-5cfa,21,67,Normal
2026-02-15 09:34:38.487927,NewYork-5cfa,-21,21,Normal
2026-02-15 09:34:39.487927,NewYork-5cfa,7,79,Normal
2026-02-15 09:34:40.487927,NewYork-5cfa,-25,73,Normal
2026-02-15 09:34:41.487927,NewYork-5cfa,10,0,Normal
2026-02-15 09:34:42.487927,NewYork-5cfa,-18,98,Normal
2026-02-15 09:34:43.487927,NewYork-5cfa,27,44,Normal
2026-02-15 09:34:44.487927,NewYork-5cfa,-16,90,Normal
2026-02-15 09:34:45.487927,NewYork-5cfa,18,21,Normal
2026-02-15 09:34:46.487927,NewYork-5cfa,9,14,Normal
2026-02-15 09:34:47.487927,NewYork-5cfa,35,67,Normal
2026-02-15 09:34:48.487927,NewYork-5cfa,40,77,Normal
2026-02-15 09:34:49.487927,NewYork-5cfa,23,77,Normal
2026-02-15 09:34:50.487927,NewYork-5cfa,5,32,Normal
2026-02-15 09:34:51.487927,NewYork-5cfa,2,8,Normal
2026-02-15 09:34:52.487927,NewYork-5cfa,-6,25,Normal
2026-02-15 09:34:53.487927,NewYork-5cfa,-4,55,Normal
2026-02-15 09:34:54.487927,NewYork-5cfa,-17,78,Normal
2026-02-15 09:34:55.487927,NewYork-5cfa,35,26,Normal
2026-02-15 09:34:56.487927,NewYork-5cfa,27,46,Normal
2026-02-15 09:34:57.487927,NewYork-5cfa,35,1,Normal
2026-02-15 09:34:58.487927,NewYork-5cfa,13,34,Normal
2026-02-15 09:34:59.487927,NewYork-5cfa,39,89,Normal
2026-02-15 09:35:00.487927,NewYork-5cfa,40,11,Normal
2026-02-15 09:35:01.487927,NewYork-5cfa,-4,82,Normal
2026-02-15 09:35:02.487927,NewYork-5cfa,10,22,Normal
2026-02-15 09:35:03.487927,NewYork-5cfa,35,16,Normal
2026-02-15 09:35:04.487927,NewYork-5cfa,25,42,Normal
2026-02-15 09:35:05.487927,NewYork-5cfa,16,37,Normal
2026-02-15 09:35:06.487927,NewYork-5cfa,-30,77,Normal
2026-02-15 09:35:07.487927,NewYork-5cfa,-4,72,Normal
2026-02-15 09:35:08.487927,NewYork-5cfa,31,87,Normal
2026-02-15 09:35:09.487927,NewYork-5cfa,-6,62,Normal
2026-02-15 09:35:10.487927,NewYork-5cfa,0,79,Normal
2026-02-15 09:35:11.487927,NewYork-5cfa,-28,60,Normal
2026-02-15 09:35:12.487927,NewYork-5cfa,10,68,Normal
2026-02-15 09:35:13.487927,NewYork-5cfa,-19,86,Normal
2026-02-15 09:35:14.487927,NewYork-5cfa,-22,67,Normal
2026-02-15 09:35:15.487927,NewYork-5cfa,50,91,Normal
2026-02-15 09:35:16.487927,NewYork-5cfa,47,48,Normal
2026-02-15 09:35:17.487927,NewYork-5cfa,39,78,Normal
2026-02-15 09:35:18.487927,NewYork-5cfa,22,19,Normal
2026-02-15 09:35:19.487927,NewYork-5cfa,23,52,Normal
2026-02-15 09:35:20.487927,NewYork-5cfa,18,27,Normal
2026-02-15 09:35:21.487927,NewYork-5cfa,35,95,Normal
2026-02-15 09:35:22.487927,NewYork-5cfa,-1,83,Normal
2026-02-15 09:35:23.487927,NewYork-5cfa,-14,77,Normal
2026-02-15 09:35:24.487927,NewYork-5cfa,2,49,Normal
2026-02-15 09:35:25.487927,NewYork-5cfa,-11,85,Normal
2026-02-15 09:35:26.487927,NewYork-5cfa,-3,52,Normal
2026-02-15 09:35:27.487927,NewYork-5cfa,35,96,Normal
2026-02-15 09:35:28.487927,NewYork-5cfa,17,90,Normal
2026-02-15 09:35:29.487927,NewYork-5cfa,-22,31,Normal
2026-02-15 09:35:30.487927,NewYork-5cfa,-17,45,Normal
2026-02-15 09:35:31.487927,NewYork-5cfa,17,83,Normal
2026-02-15 09:35:32.487927,NewYork-5cfa,5,3,Normal
2026-02-15 09:35:33.487927,NewYork-5cfa,29,25,Normal
2026-02-15 09:35:34.487927,NewYork-5cfa,-1,66,Normal
2026-02-15 09:35:35.487927,NewYork-5cfa,4,9,Normal
2026-02-15 09:35:36.487927,NewYork-5cfa,12,3,Normal
2026-02-15 09:35:37.487927,NewYork-5cfa,10,38,Normal
2026-02-15 09:35:38.487927,NewYork-5cfa,-23,50,Normal
2026-02-15 09:35:39.487927,NewYork-5cfa,35,88,Normal
2026-02-15 09:35:40.487927,NewYork-5cfa,45,88,Normal
2026-02-15 09:35:41.487927,NewYork-5cfa,38,78,Normal
2026-02-15 09:35:42.487927,NewYork-5cfa,-1,48,Normal
2026-02-15 09:35:43.487927,NewYork-5cfa,17,0,Normal
2026-02-15 09:35:44.487927,NewYork-5cfa,30,40,Normal
2026-02-15 09:35:45.487927,NewYork-5cfa,13,82,Normal
2026-02-15 09:35:46.487927,NewYork-5cfa,50,92,Normal
2026-02-15 09:35:47.487927,NewYork-5cfa,9,89,Normal
2026-02-15 09:35:48.487927,NewYork-5cfa,4,94,Normal
2026-02-15 09:35:49.487927,NewYork-5cfa,34,18,Normal
2026-02-15 09:35:50.487927,NewYork-5cfa,29,100,Normal
2026-02-15 09:35:51.487927,NewYork-5cfa,25,61,Normal
2026-02-15 09:35:52.487927,NewYork-5cfa,41,70,Normal
2026-02-15 09:35:53.487927,NewYork-5cfa,21,69,Normal
2026-02-15 09:35:54.487927,NewYork-5cfa,-23,47,Normal
2026-02-15 09:35:55.487927,NewYork-5cfa,-7,68,Normal
2026-02-15 09:35:56.487927,NewYork-5cfa,-13,69,Normal
2026-02-15 09:35:57.487927,NewYork-5cfa,10,35,Normal
2026-02-15 09:35:58.487927,NewYork-5cfa,42,3,Normal
2026-02-15 09:35:59.487927,NewYork-5cfa,41,22,Normal
2026-02-15 09:36:00.487927,NewYork-5cfa,46,64,Normal
2026-02-15 09:36:01.487927,NewYork-5cfa,6,78,Normal
2026-02-15 09:36:02.487927,NewYork-5cfa,38,97,Normal
2026-02-15 09:36:03.487927,NewYork-5cfa,24,45,Normal
2026-02-15 09:36:04.487927,NewYork-5cfa,-13,75,Normal
2026-02-15 09:36:05.487927,NewYork-5cfa,15,5,Normal
2026-02-15 09:36:06.487927,NewYork-5cfa,2,4,Normal
2026-02-15 09:36:07.487927,NewYork-5cfa,-9,53,Normal
2026-02-15 09:36:08.487927,NewYork-5cfa,-2,74,Normal
2026-02-15 09:36:09.487927,NewYork-5cfa,49,76,Normal
2026-02-15 09:36:10.487927,NewYork-5cfa,17,41,Normal
2026-02-15 09:36:11.487927,NewYork-5cfa,14,15,Normal
2026-02-15 09:36:12.487927,NewYork-5cfa,-16,63,Normal
2026-02-15 09:36:13.487927,NewYork-5cfa,28,15,Normal
2026-02-15 09:36:14.487927,NewYork-5cfa,13,21,Normal
2026-02-15 09:36:15.487927,NewYork-5cfa,20,57,Normal
2026-02-15 09:36:16.487927,NewYork-5cfa,31,57,Normal
2026-02-15 09:36:17.487927,NewYork-5cfa,49,20,Normal
2026-02-15 09:36:18.487927,NewYork-5cfa,-24,2,Normal
2026-02-15 09:36:19.487927,NewYork-5cfa,-19,43,Normal
2026-02-15 09:36:20.487927,NewYork-5cfa,-8,80,Normal
2026-02-15 09:36:21.487927,NewYork-5cfa,-2,67,Normal
2026-02-15 09:36:22.487927,NewYork-5cfa,29,96,Normal
2026-02-15 09:36:23.487927,NewYork-5cfa,-12,27,Normal
2026-02-15 09:36:24.487927,NewYork-5cfa,5,28,Normal
2026-02-15 09:36:25.487927,NewYork-5cfa,37,29,Normal
2026-02-15 09:36:26.487927,NewYork-5cfa,13,83,Normal
2026-02-15 09:36:27.487927,NewYork-5cfa,-5,38,Normal
2026-02-15 09:36:28.487927,NewYork-5cfa,6,46,Normal
2026-02-15 09:36:29.487927,NewYork-5cfa,27,89,Normal
2026-02-15 09:36:30.487927,NewYork-5cfa,-21,87,Normal
2026-02-15 09:36:31.487927,NewYork-5cfa,31,61,Normal
2026-02-15 09:36:32.487927,NewYork-5cfa,17,89,Normal
2026-02-15 09:36:33.487927,NewYork-5cfa,12,73,Normal
2026-02-15 09:36:34.487927,NewYork-5cfa,49,69,Normal
2026-02-15 09:36:35.487927,NewYork-5cfa,35,46,Normal
2026-02-15 09:36:36.487927,NewYork-5cfa,18,73,Normal
2026-02-15 09:36:37.487927,NewYork-5cfa,-26,60,Normal
2026-02-15 09:36:38.487927,NewYork-5cfa,17,42,Normal
2026-02-15 09:36:39.487927,NewYork-5cfa,27,9,Normal
2026-02-15 09:36:40.487927,NewYork-5cfa,8,18,Normal
2026-02-15 09:36:41.487927,NewYork-5cfa,-17,98,Normal
2026-02-15 09:36:42.487927,NewYork-5cfa,7,80,Normal
2026-02-15 09:36:43.487927,NewYork-5cfa,-24,65,Normal
2026-02-15 09:36:44.487927,NewYork-5cfa,17,76,Normal
2026-02-15 09:36:45.487927,NewYork-5cfa,50,58,Normal
2026-02-15 09:36:46.487927,NewYork-5cfa,32,10,Normal
2026-02-15 09:36:47.487927,NewYork-5cfa,-16,57,Normal
2026-02-15 09:36:48.487927,NewYork-5cfa,-4,51,Normal
2026-02-15 09:36:49.487927,NewYork-5cfa,45,11,Normal
2026-02-15 09:36:50.487927,NewYork-5cfa,-11,39,Normal
2026-02-15 09:36:51.487927,NewYork-5cfa,10,74,Normal
2026-02-15 09:36:52.487927,NewYork-5cfa,20,99,Normal
2026-02-15 09:36:53.487927,NewYork-5cfa,15,79,Normal
2026-02-15 09:36:54.487927,NewYork-5cfa,-23,50,Normal
2026-02-15 09:36:55.487927,NewYork-5cfa,19,50,Normal
2026-02-15 09:36:56.487927,NewYork-5cfa,-5,91,Normal
2026-02-15 09:36:57.487927,NewYork-5cfa,-28,49,Normal
2026-02-15 09:36:58.487927,NewYork-5cfa,14,5,Normal
2026-02-15 09:36:59.487927,NewYork-5cfa,16,32,Normal
2026-02-15 09:37:00.487927,NewYork-5cfa,-21,86,Normal
2026-02-15 09:37:01.487927,NewYork-5cfa,16,33,Normal
2026-02-15 09:37:02.487927,NewYork-5cfa,-14,23,Normal
2026-02-15 09:37:03.487927,NewYork-5cfa,-7,2,Normal
2026-02-15 09:37:04.487927,NewYork-5cfa,41,25,Normal
2026-02-15 09:37:05.487927,NewYork-5cfa,39,83,Normal
2026-02-15 09:37:06.487927,NewYork-5cfa,50,77,Normal
2026-02-15 09:37:07.487927,NewYork-5cfa,39,53,Normal
2026-02-15 09:37:08.487927,NewYork-5cfa,-2,21,Normal
2026-02-15 09:37:09.487927,NewYork-5cfa,-17,34,Normal
2026-02-15 09:37:10.487927,NewYork-5cfa,42,53,Normal
2026-02-15 09:37:11.487927,NewYork-5cfa,49,84,Normal
2026-02-15 09:37:12.487927,NewYork-5cfa,-13,91,Normal
2026-02-15 09:37:13.487927,NewYork-5cfa,-11,77,Normal
2026-02-15 09:37:14.487927,NewYork-5cfa,-20,2,Normal
2026-02-15 09:37:15.487927,NewYork-5cfa,22,40,Normal
2026-02-15 09:37:16.487927,NewYork-5cfa,-18,33,Normal
2026-02-15 09:37:17.487927,NewYork-5cfa,3,50,Normal
2026-02-15 09:37:18.487927,NewYork-5cfa,16,20,Normal
2026-02-15 09:37:19.487927,NewYork-5cfa,30,1,Normal
2026-02-15 09:37:20.487927,NewYork-5cfa,-20,3,Normal
2026-02-15 09:37:21.487927,NewYork-5cfa,14,70,Normal
2026-02-15 09:37:22.487927,NewYork-5cfa,48,9,Normal
2026-02-15 09:37:23.487927,NewYork-5cfa,39,9,Normal
2026-02-15 09:37:24.487927,NewYork-5cfa,18,7,Normal
2026-02-15 09:37:25.487927,NewYork-5cfa,25,68,Normal
2026-02-15 09:37:26.487927,NewYork-5cfa,-19,76,Normal
2026-02-15 09:37:27.487927,NewYork-5cfa,-22,69,Normal
2026-02-15 09:37:28.487927,NewYork-5cfa,4,71,Normal
2026-02-15 09:37:29.487927,NewYork-5cfa,29,67,Normal
2026-02-15 09:37:30.487927,NewYork-5cfa,-7,27,Normal
2026-02-15 09:37:31.487927,NewYork-5cfa,45,35,Normal
2026-02-15 09:37:32.487927,NewYork-5cfa,-1,94,Normal
2026-02-15 09:37:33.487927,NewYork-5cfa,8,82,Normal
2026-02-15 09:37:34.487927,NewYork-5cfa,24,45,Normal
2026-02-15 09:37:35.487927,NewYork-5cfa,-9,5,Normal
2026-02-15 09:37:36.487927,NewYork-5cfa,39,4,Normal
2026-02-15 09:37:37.487927,NewYork-5cfa,-22,34,Normal
2026-02-15 09:37:38.487927,NewYork-5cfa,33,9,Normal
2026-02-15 09:37:39.487927,NewYork-5cfa,39,82,Normal
2026-02-15 09:37:40.487927,NewYork-5cfa,43,36,Normal
2026-02-15 09:37:41.487927,NewYork-5cfa,-21,70,Normal
2026-02-15 09:37:42.487927,NewYork-5cfa,43,88,Normal
2026-02-15 09:37:43.487927,NewYork-5cfa,-8,71,Normal
2026-02-15 09:37:44.487927,NewYork-5cfa,-7,0,Normal
2026-02-15 09:37:45.487927,NewYork-5cfa,5,28,Normal
2026-02-15 09:37:46.487927,NewYork-5cfa,-5,26,Normal
2026-02-15 09:37:47.487927,NewYork-5cfa,7,65,Normal
2026-02-15 09:37:48.487927,NewYork-5cfa,2,91,Normal
2026-02-15 09:37:49.487927,NewYork-5cfa,41,7,Normal
2026-02-15 09:37:50.487927,NewYork-5cfa,25,100,Normal
2026-02-15 09:37:51.487927,NewYork-5cfa,-28,79,Normal
2026-02-15 09:37:52.487927,NewYork-5cfa,23,76,Normal
2026-02-15 09:37:53.487927,NewYork-5cfa,-17,23,Normal
2026-02-15 09:37:54.487927,NewYork-5cfa,-1,46,Normal
2026-02-15 09:37:55.487927,NewYork-5cfa,27,97,Normal
2026-02-15 09:37:56.487927,NewYork-5cfa,15,9,Normal
2026-02-15 09:37:57.487927,NewYork-5cfa,31,6,Normal
2026-02-15 09:37:58.487927,NewYork-5cfa,12,86,Normal
2026-02-15 09:37:59.487927,NewYork-5cfa,49,76,Normal
2026-02-15 09:38:00.487927,NewYork-5cfa,0,16,Normal
2026-02-15 09:38:01.487927,NewYork-5cfa,6,94,Normal
2026-02-15 09:38:02.487927,NewYork-5cfa,32,64,Normal
2026-02-15 09:38:03.487927,NewYork-5cfa,-8,84,Normal
2026-02-15 09:38:04.487927,NewYork-5cfa,46,92,Normal
2026-02-15 09:38:05.487927,NewYork-5cfa,48,30,Normal
2026-02-15 09:38:06.487927,NewYork-5cfa,48,18,Normal
2026-02-15 09:38:07.487927,NewYork-5cfa,35,81,Normal
2026-02-15 09:38:08.487927,NewYork-5cfa,23,87,Normal
2026-02-15 09:38:09.487927,NewYork-5cfa,37,40,Normal
2026-02-15 09:38:10.487927,NewYork-5cfa,-3,47,Normal
2026-02-15 09:38:11.487927,NewYork-5cfa,-8,18,Normal
2026-02-15 09:38:12.487927,NewYork-5cfa,5,61,Normal
2026-02-15 09:38:13.487927,NewYork-5cfa,8,25,Normal
2026-02-15 09:38:14.487927,NewYork-5cfa,34,71,Normal
2026-02-15 09:38:15.487927,NewYork-5cfa,23,50,Normal
2026-02-15 09:38:16.487927,NewYork-5cfa,-24,84,Normal
2026-02-15 09:38:17.487927,NewYork-5cfa,-18,32,Normal
2026-02-15 09:38:18.487927,NewYork-5cfa,49,19,Normal
2026-02-15 09:38:19.487927,NewYork-5cfa,-30,80,Normal
2026-02-15 09:38:20.487927,NewYork-5cfa,-4,97,Normal
2026-02-15 09:38:21.487927,NewYork-5cfa,32,41,Normal
2026-02-15 09:38:22.487927,NewYork-5cfa,-13,13,Normal
2026-02-15 09:38:23.487927,NewYork-5cfa,-4,80,Normal
2026-02-15 09:38:24.487927,NewYork-5cfa,-21,3,Normal
2026-02-15 09:38:25.487927,NewYork-5cfa,47,91,Normal
2026-02-15 09:38:26.487927,NewYork-5cfa,-28,87,Normal
2026-02-15 09:38:27.487927,NewYork-5cfa,25,5,Normal
2026-02-15 09:38:28.487927,NewYork-5cfa,23,10,Normal
2026-02-15 09:38:29.487927,NewYork-5cfa,2,80,Normal
2026-02-15 09:38:30.487927,NewYork-5cfa,-25,34,Normal
2026-02-15 09:38:31.487927,NewYork-5cfa,48,54,Normal
2026-02-15 09:38:32.487927,NewYork-5cfa,11,10,Normal
2026-02-15 09:38:33.487927,NewYork-5cfa,24,90,Normal
2026-02-15 09:38:34.487927,NewYork-5cfa,-23,44,Normal
2026-02-15 09:38:35.487927,NewYork-5cfa,-30,42,Normal
2026-02-15 09:38:36.487927,NewYork-5cfa,-4,71,Normal
2026-02-15 09:38:37.487927,NewYork-5cfa,-12,17,Normal
2026-02-15 09:38:38.487927,NewYork-5cfa,-24,3,Normal
2026-02-15 09:38:39.487927,NewYork-5cfa,30,81,Normal
2026-02-15 09:38:40.487927,NewYork-5cfa,24,60,Normal
2026-02-15 09:38:41.487927,NewYork-5cfa,40,34,Normal
2026-02-15 09:38:42.487927,NewYork-5cfa,32,69,Normal
2026-02-15 09:38:43.487927,NewYork-5cfa,31,82,Normal
2026-02-15 09:38:44.487927,NewYork-5cfa,-26,22,Normal
2026-02-15 09:38:45.487927,NewYork-5cfa,-3,25,Normal
2026-02-15 09:38:46.487927,NewYork-5cfa,10,90,Normal
2026-02-15 09:38:47.487927,NewYork-5cfa,28,46,Normal
2026-02-15 09:38:48.487927,NewYork-5cfa,-10,99,Normal
2026-02-15 09:38:49.487927,NewYork-5cfa,11,55,Normal
2026-02-15 09:38:50.487927,NewYork-5cfa,20,30,Normal
2026-02-15 09:38:51.487927,NewYork-5cfa,28,92,Normal
2026-02-15 09:38:52.487927,NewYork-5cfa,21,6,Normal
2026-02-15 09:38:53.487927,NewYork-5cfa,18,34,Normal
2026-02-15 09:38:54.487927,NewYork-5cfa,20,45,Normal
2026-02-15 09:38:55.487927,NewYork-5cfa,13,3,Normal
2026-02-15 09:38:56.487927,NewYork-5cfa,27,94,Normal
2026-02-15 09:38:57.487927,NewYork-5cfa,-21,94,Normal
2026-02-15 09:38:58.487927,NewYork-5cfa,21,24,Normal
2026-02-15 09:38:59.487927,NewYork-5cfa,18,31,Normal
2026-02-15 09:39:00.487927,NewYork-5cfa,3,46,Normal
2026-02-15 09:39:01.487927,NewYork-5cfa,45,6,Normal
2026-02-15 09:39:02.487927,NewYork-5cfa,32,51,Normal
2026-02-15 09:39:03.487927,NewYork-5cfa,11,76,Normal
2026-02-15 09:39:04.487927,NewYork-5cfa,42,61,Normal
2026-02-15 09:39:05.487927,NewYork-5cfa,-24,0,Normal
2026-02-15 09:39:06.487927,NewYork-5cfa,-15,94,Normal
2026-02-15 09:39:07.487927,NewYork-5cfa,-3,92,Normal
2026-02-15 09:39:08.487927,NewYork-5cfa,35,27,Normal
2026-02-15 09:39:09.487927,NewYork-5cfa,-1,42,Normal
2026-02-15 09:39:10.487927,NewYork-5cfa,9,7,Normal
2026-02-15 09:39:11.487927,NewYork-5cfa,31,80,Normal
2026-02-15 09:39:12.487927,NewYork-5cfa,25,49,Normal
2026-02-15 09:39:13.487927,NewYork-5cfa,26,24,Normal
2026-02-15 09:39:14.487927,NewYork-5cfa,0,79,Normal
2026-02-15 09:39:15.487927,NewYork-5cfa,-28,1,Normal
2026-02-15 09:39:16.487927,NewYork-5cfa,-28,99,Normal
2026-02-15 09:39:17.487927,NewYork-5cfa,31,3,Normal
2026-02-15 09:39:18.487927,NewYork-5cfa,-26,6,Normal
2026-02-15 09:39:19.487927,NewYork-5cfa,31,46,Normal
2026-02-15 09:39:20.487927,NewYork-5cfa,23,52,Normal
2026-02-15 09:39:21.487927,NewYork-5cfa,-14,89,Normal
2026-02-15 09:39:22.487927,NewYork-5cfa,32,86,Normal
2026-02-15 09:39:23.487927,NewYork-5cfa,-18,89,Normal
2026-02-15 09:39:24.487927,NewYork-5cfa,-13,65,Normal
2026-02-15 09:39:25.487927,NewYork-5cfa,40,13,Normal
2026-02-15 09:39:26.487927,NewYork-5cfa,-2,50,Normal
2026-02-15 09:39:27.487927,NewYork-5cfa,15,99,Normal
2026-02-15 09:39:28.487927,NewYork-5cfa,20,6,Normal
2026-02-15 09:39:29.487927,NewYork-5cfa,-30,83,Normal
2026-02-15 09:39:30.487927,NewYork-5cfa,32,82,Normal
2026-02-15 09:39:31.487927,NewYork-5cfa,14,8,Normal
2026-02-15 09:39:32.487927,NewYork-5cfa,-15,69,Normal
2026-02-15 09:39:33.487927,NewYork-5cfa,5,78,Normal
2026-02-15 09:39:34.487927,NewYork-5cfa,-23,32,Normal
2026-02-15 09:39:35.487927,NewYork-5cfa,-2,58,Normal
2026-02-15 09:39:36.487927,NewYork-5cfa,-1,16,Normal
2026-02-15 09:39:37.487927,NewYork-5cfa,14,89,Normal
2026-02-15 09:39:38.487927,NewYork-5cfa,11,10,Normal
2026-02-15 09:39:39.487927,NewYork-5cfa,-1,10,Normal
2026-02-15 09:39:40.487927,NewYork-5cfa,6,28,Normal
2026-02-15 09:39:41.487927,NewYork-5cfa,29,72,Normal
2026-02-15 09:39:42.487927,NewYork-5cfa,-5,8,Normal
2026-02-15 09:39:43.487927,NewYork-5cfa,-15,74,Normal
2026-02-15 09:39:44.487927,NewYork-5cfa,6,86,Normal
2026-02-15 09:39:45.487927,NewYork-5cfa,39,55,Normal
2026-02-15 09:39:46.487927,NewYork-5cfa,29,13,Normal
2026-02-15 09:39:47.487927,NewYork-5cfa,-13,47,Normal
2026-02-15 09:39:48.487927,NewYork-5cfa,46,68,Normal
2026-02-15 09:39:49.487927,NewYork-5cfa,29,50,Normal
2026-02-15 09:39:50.487927,NewYork-5cfa,26,59,Normal
2026-02-15 09:39:51.487927,NewYork-5cfa,-1,31,Normal
2026-02-15 09:39:52.487927,NewYork-5cfa,19,34,Normal
2026-02-15 09:39:53.487927,NewYork-5cfa,-21,43,Normal
2026-02-15 09:39:54.487927,NewYork-5cfa,33,63,Normal
2026-02-15 09:39:55.487927,NewYork-5cfa,9,31,Normal
2026-02-15 09:39:56.487927,NewYork-5cfa,4,86,Normal
2026-02-15 09:39:57.487927,NewYork-5cfa,12,21,Normal
2026-02-15 09:39:58.487927,NewYork-5cfa,-30,77,Normal
2026-02-15 09:39:59.487927,NewYork-5cfa,-10,60,Normal
2026-02-15 09:40:00.487927,NewYork-5cfa,-14,36,Normal
2026-02-15 09:40:01.487927,NewYork-5cfa,45,25,Normal
2026-02-15 09:40:02.487927,NewYork-5cfa,-11,48,Normal
2026-02-15 09:40:03.487927,NewYork-5cfa,-30,48,Normal
2026-02-15 09:40:04.487927,NewYork-5cfa,7,76,Normal
2026-02-15 09:40:05.487927,NewYork-5cfa,33,75,Normal
2026-02-15 09:40:06.487927,NewYork-5cfa,20,26,Normal
2026-02-15 09:40:07.487927,NewYork-5cfa,32,23,Normal
2026-02-15 09:40:08.487927,NewYork-5cfa,-27,56,Normal
2026-02-15 09:40:09.487927,NewYork-5cfa,42,46,Normal
2026-02-15 09:40:10.487927,NewYork-5cfa,-12,53,Normal
2026-02-15 09:40:11.487927,NewYork-5cfa,3,72,Normal
2026-02-15 09:40:12.487927,NewYork-5cfa,-26,39,Normal
2026-02-15 09:40:13.487927,NewYork-5cfa,-18,0,Normal
2026-02-15 09:40:14.487927,NewYork-5cfa,43,30,Normal
2026-02-15 09:40:15.487927,NewYork-5cfa,-21,6,Normal
2026-02-15 09:40:16.487927,NewYork-5cfa,42,18,Normal
2026-02-15 09:40:17.487927,NewYork-5cfa,-4,39,Normal
2026-02-15 09:40:18.487927,NewYork-5cfa,-2,68,Normal
2026-02-15 09:40:19.487927,NewYork-5cfa,-25,99,Normal
2026-02-15 09:40:20.487927,NewYork-5cfa,9,4,Normal
2026-02-15 09:40:21.487927,NewYork-5cfa,42,48,Normal
2026-02-15 09:40:22.487927,NewYork-5cfa,28,27,Normal
2026-02-15 09:40:23.487927,NewYork-5cfa,28,75,Normal
2026-02-15 09:40:24.487927,NewYork-5cfa,40,46,Normal
2026-02-15 09:40:25.487927,NewYork-5cfa,33,41,Normal
2026-02-15 09:40:26.487927,NewYork-5cfa,12,10,Normal
2026-02-15 09:40:27.487927,NewYork-5cfa,2,18,Normal
2026-02-15 09:40:28.487927,NewYork-5cfa,2,46,Normal
2026-02-15 09:40:29.487927,NewYork-5cfa,40,41,Normal
2026-02-15 09:40:30.487927,NewYork-5cfa,12,8,Normal
2026-02-15 09:40:31.487927,NewYork-5cfa,-5,13,Normal
2026-02-15 09:40:32.487927,NewYork-5cfa,48,8,Normal
2026-02-15 09:40:33.487927,NewYork-5cfa,-2,72,Normal
2026-02-15 09:40:34.487927,NewYork-5cfa,44,75,Normal
2026-02-15 09:40:35.487927,NewYork-5cfa,-15,71,Normal
2026-02-15 09:40:36.487927,NewYork-5cfa,4,82,Normal
2026-02-15 09:40:37.487927,NewYork-5cfa,-2,73,Normal
2026-02-15 09:40:38.487927,NewYork-5cfa,-8,100,Normal
2026-02-15 09:40:39.487927,NewYork-5cfa,46,50,Normal
2026-02-15 09:40:40.487927,NewYork-5cfa,28,32,Normal
2026-02-15 09:40:41.487927,NewYork-5cfa,-20,59,Normal
2026-02-15 09:40:42.487927,NewYork-5cfa,-26,12,Normal
2026-02-15 09:40:43.487927,NewYork-5cfa,27,61,Normal
2026-02-15 09:40:44.487927,NewYork-5cfa,-12,84,Normal
2026-02-15 09:40:45.487927,NewYork-5cfa,-12,30,Normal
2026-02-15 09:40:46.487927,NewYork-5cfa,-5,34,Normal
2026-02-15 09:40:47.487927,NewYork-5cfa,-7,69,Normal
2026-02-15 09:40:48.487927,NewYork-5cfa,40,3,Normal
2026-02-15 09:40:49.487927,NewYork-5cfa,-12,40,Normal
2026-02-15 09:40:50.487927,NewYork-5cfa,8,92,Normal
2026-02-15 09:40:51.487927,NewYork-5cfa,-26,76,Normal
2026-02-15 09:40:52.487927,NewYork-5cfa,5,31,Normal
2026-02-15 09:40:53.487927,NewYork-5cfa,3,11,Normal
2026-02-15 09:40:54.487927,NewYork-5cfa,16,44,Normal
2026-02-15 09:40:55.487927,NewYork-5cfa,-1,52,Normal
2026-02-15 09:40:56.487927,NewYork-5cfa,-24,54,Normal
2026-02-15 09:40:57.487927,NewYork-5cfa,26,33,Normal
2026-02-15 09:40:58.487927,NewYork-5cfa,45,25,Normal
2026-02-15 09:40:59.487927,NewYork-5cfa,-29,91,Normal
2026-02-15 09:41:00.487927,NewYork-5cfa,45,46,Normal
2026-02-15 09:41:01.487927,NewYork-5cfa,1,44,Normal
2026-02-15 09:41:02.487927,NewYork-5cfa,15,91,Normal
2026-02-15 09:41:03.487927,NewYork-5cfa,40,14,Normal
2026-02-15 09:41:04.487927,NewYork-5cfa,10,38,Normal
2026-02-15 09:41:05.487927,NewYork-5cfa,31,6,Normal
2026-02-15 09:41:06.487927,NewYork-5cfa,27,85,Normal
2026-02-15 09:41:07.487927,NewYork-5cfa,-28,71,Normal
2026-02-15 09:41:08.487927,NewYork-5cfa,32,83,Normal
2026-02-15 09:41:09.487927,NewYork-5cfa,-17,46,Normal
2026-02-15 09:41:10.487927,NewYork-5cfa,2,13,Normal
2026-02-15 09:41:11.487927,NewYork-5cfa,50,84,Normal
2026-02-15 09:41:12.487927,NewYork-5cfa,-7,93,Normal
2026-02-15 09:41:13.487927,NewYork-5cfa,8,54,Normal
2026-02-15 09:41:14.487927,NewYork-5cfa,27,43,Normal
2026-02-15 09:41:15.487927,NewYork-5cfa,-14,52,Normal
2026-02-15 09:41:16.487927,NewYork-5cfa,-7,6,Normal
2026-02-15 09:41:17.487927,NewYork-5cfa,2,94,Normal
2026-02-15 09:41:18.487927,NewYork-5cfa,-6,49,Normal
2026-02-15 09:41:19.487927,NewYork-5cfa,29,44,Normal
2026-02-15 09:41:20.487927,NewYork-5cfa,20,100,Normal
2026-02-15 09:41:21.487927,NewYork-5cfa,-24,48,Normal
2026-02-15 09:41:22.487927,NewYork-5cfa,-25,19,Normal
2026-02-15 09:41:23.487927,NewYork-5cfa,13,16,Normal
2026-02-15 09:41:24.487927,NewYork-5cfa,50,74,Normal
2026-02-15 09:41:25.487927,NewYork-5cfa,-26,52,Normal
2026-02-15 09:41:26.487927,NewYork-5cfa,49,51,Normal
2026-02-15 09:41:27.487927,NewYork-5cfa,3,91,Normal
2026-02-15 09:41:28.487927,NewYork-5cfa,21,41,Normal
2026-02-15 09:41:29.487927,NewYork-5cfa,-15,60,Normal
2026-02-15 09:41:30.487927,NewYork-5cfa,44,75,Normal
2026-02-15 09:41:31.487927,NewYork-5cfa,-26,19,Normal
2026-02-15 09:41:32.487927,NewYork-5cfa,-1,86,Normal
2026-02-15 09:41:33.487927,NewYork-5cfa,-12,91,Normal
2026-02-15 09:41:34.487927,NewYork-5cfa,38,52,Normal
2026-02-15 09:41:35.487927,NewYork-5cfa,-10,47,Normal
2026-02-15 09:41:36.487927,NewYork-5cfa,46,48,Normal
2026-02-15 09:41:37.487927,NewYork-5cfa,35,33,Normal
2026-02-15 09:41:38.487927,NewYork-5cfa,7,67,Normal
2026-02-15 09:41:39.487927,NewYork-5cfa,-23,69,Normal
2026-02-15 09:41:40.487927,NewYork-5cfa,14,16,Normal
2026-02-15 09:41:41.487927,NewYork-5cfa,1,30,Normal
2026-02-15 09:41:42.487927,NewYork-5cfa,41,95,Normal
2026-02-15 09:41:43.487927,NewYork-5cfa,37,86,Normal
2026-02-15 09:41:44.487927,NewYork-5cfa,16,100,Normal
2026-02-15 09:41:45.487927,NewYork-5cfa,5,14,Normal
2026-02-15 09:41:46.487927,NewYork-5cfa,-30,60,Normal
2026-02-15 09:41:47.487927,NewYork-5cfa,23,25,Normal
2026-02-15 09:41:48.487927,NewYork-5cfa,-10,37,Normal
2026-02-15 09:41:49.487927,NewYork-5cfa,-12,91,Normal
2026-02-15 09:41:50.487927,NewYork-5cfa,-8,65,Normal
2026-02-15 09:41:51.487927,NewYork-5cfa,-22,95,Normal
2026-02-15 09:41:52.487927,NewYork-5cfa,31,69,Normal
2026-02-15 09:41:53.487927,NewYork-5cfa,28,61,Normal
2026-02-15 09:41:54.487927,NewYork-5cfa,-13,64,Normal
2026-02-15 09:41:55.487927,NewYork-5cfa,18,47,Normal
2026-02-15 09:41:56.487927,NewYork-5cfa,31,76,Normal
2026-02-15 09:41:57.487927,NewYork-5cfa,12,29,Normal
2026-02-15 09:41:58.487927,NewYork-5cfa,-24,9,Normal
2026-02-15 09:41:59.487927,NewYork-5cfa,24,19,Normal
2026-02-15 09:42:00.487927,NewYork-5cfa,-22,15,Normal
2026-02-15 09:42:01.487927,NewYork-5cfa,31,24,Normal
2026-02-15 09:42:02.487927,NewYork-5cfa,15,2,Normal
2026-02-15 09:42:03.487927,NewYork-5cfa,-29,66,Normal
2026-02-15 09:42:04.487927,NewYork-5cfa,3,48,Normal
2026-02-15 09:42:05.487927,NewYork-5cfa,-20,0,Normal
2026-02-15 09:42:06.487927,NewYork-5cfa,-1,87,Normal
2026-02-15 09:42:07.487927,NewYork-5cfa,28,95,Normal
2026-02-15 09:42:08.487927,NewYork-5cfa,-5,71,Normal
2026-02-15 09:42:09.487927,NewYork-5cfa,17,30,Normal
2026-02-15 09:42:10.487927,NewYork-5cfa,17,1,Normal
2026-02-15 09:42:11.487927,NewYork-5cfa,-24,68,Normal
2026-02-15 09:42:12.487927,NewYork-5cfa,27,70,Normal
2026-02-15 09:42:13.487927,NewYork-5cfa,-5,50,Normal
2026-02-15 09:42:14.487927,NewYork-5cfa,16,52,Normal
2026-02-15 09:42:15.487927,NewYork-5cfa,4,85,Normal
2026-02-15 09:42:16.487927,NewYork-5cfa,-15,53,Normal
2026-02-15 09:42:17.487927,NewYork-5cfa,6,86,Normal
2026-02-15 09:42:18.487927,NewYork-5cfa,-11,11,Normal
2026-02-15 09:42:19.487927,NewYork-5cfa,11,6,Normal
2026-02-15 09:42:20.487927,NewYork-5cfa,14,29,Normal
2026-02-15 09:42:21.487927,NewYork-5cfa,29,66,Normal
2026-02-15 09:42:22.487927,NewYork-5cfa,26,72,Normal
2026-02-15 09:42:23.487927,NewYork-5cfa,-26,97,Normal
2026-02-15 09:42:24.487927,NewYork-5cfa,18,21,Normal
2026-02-15 09:42:25.487927,NewYork-5cfa,22,55,Normal
2026-02-15 09:42:26.487927,NewYork-5cfa,-17,11,Normal
2026-02-15 09:42:27.487927,NewYork-5cfa,-16,27,Normal
2026-02-15 09:42:28.487927,NewYork-5cfa,31,97,Normal
2026-02-15 09:42:29.487927,NewYork-5cfa,24,75,Normal
2026-02-15 09:42:30.487927,NewYork-5cfa,-25,52,Normal
2026-02-15 09:42:31.487927,NewYork-5cfa,24,16,Normal
2026-02-15 09:42:32.487927,NewYork-5cfa,-18,96,Normal
2026-02-15 09:42:33.487927,NewYork-5cfa,47,23,Normal
2026-02-15 09:42:34.487927,NewYork-5cfa,-24,30,Normal
2026-02-15 09:42:35.487927,NewYork-5cfa,29,99,Normal
2026-02-15 09:42:36.487927,NewYork-5cfa,-16,5,Normal
2026-02-15 09:42:37.487927,NewYork-5cfa,19,90,Normal
2026-02-15 09:42:38.487927,NewYork-5cfa,38,47,Normal
2026-02-15 09:42:39.487927,NewYork-5cfa,-10,82,Normal
2026-02-15 09:42:40.487927,NewYork-5cfa,4,59,Normal
2026-02-15 09:42:41.487927,NewYork-5cfa,-21,54,Normal
2026-02-15 09:42:42.487927,NewYork-5cfa,29,22,Normal
2026-02-15 09:42:43.487927,NewYork-5cfa,-29,56,Normal
2026-02-15 09:42:44.487927,NewYork-5cfa,-11,41,Normal
2026-02-15 09:42:45.487927,NewYork-5cfa,8,31,Normal
2026-02-15 09:42:46.487927,NewYork-5cfa,38,12,Normal
2026-02-15 09:42:47.487927,NewYork-5cfa,33,27,Normal
2026-02-15 09:42:48.487927,NewYork-5cfa,35,34,Normal
2026-02-15 09:42:49.487927,NewYork-5cfa,-14,66,Normal
2026-02-15 09:42:50.487927,NewYork-5cfa,11,91,Normal
2026-02-15 09:42:51.487927,NewYork-5cfa,-5,65,Normal
2026-02-15 09:42:52.487927,NewYork-5cfa,-19,54,Normal
2026-02-15 09:42:53.487927,NewYork-5cfa,-1,95,Normal
2026-02-15 09:42:54.487927,NewYork-5cfa,-23,5,Normal
2026-02-15 09:42:55.487927,NewYork-5cfa,-7,12,Normal
2026-02-15 09:42:56.487927,NewYork-5cfa,26,68,Normal
2026-02-15 09:42:57.487927,NewYork-5cfa,3,40,Normal
2026-02-15 09:42:58.487927,NewYork-5cfa,32,49,Normal
2026-02-15 09:42:59.487927,NewYork-5cfa,23,77,Normal
2026-02-15 09:43:00.487927,NewYork-5cfa,-13,45,Normal
2026-02-15 09:43:01.487927,NewYork-5cfa,49,13,Normal
2026-02-15 09:43:02.487927,NewYork-5cfa,-29,93,Normal
2026-02-15 09:43:03.487927,NewYork-5cfa,34,95,Normal
2026-02-15 09:43:04.487927,NewYork-5cfa,-29,30,Normal
2026-02-15 09:43:05.487927,NewYork-5cfa,10,21,Normal
2026-02-15 09:43:06.487927,NewYork-5cfa,-30,70,Normal
2026-02-15 09:43:07.487927,NewYork-5cfa,-27,4,Normal
2026-02-15 09:43:08.487927,NewYork-5cfa,-15,45,Normal
2026-02-15 09:43:09.487927,NewYork-5cfa,37,93,Normal
2026-02-15 09:43:10.487927,NewYork-5cfa,-14,40,Normal
2026-02-15 09:43:11.487927,NewYork-5cfa,-23,44,Normal
2026-02-15 09:43:12.487927,NewYork-5cfa,-17,6,Normal
2026-02-15 09:43:13.487927,NewYork-5cfa,-29,95,Normal
2026-02-15 09:43:14.487927,NewYork-5cfa,-27,58,Normal
2026-02-15 09:43:15.487927,NewYork-5cfa,-23,64,Normal
2026-02-15 09:43:16.487927,NewYork-5cfa,18,32,Normal
2026-02-15 09:43:17.487927,NewYork-5cfa,39,100,Normal
2026-02-15 09:43:18.487927,NewYork-5cfa,28,59,Normal
2026-02-15 09:43:19.487927,NewYork-5cfa,-29,17,Normal
2026-02-15 09:43:20.487927,NewYork-5cfa,37,55,Normal
2026-02-15 09:43:21.487927,NewYork-5cfa,-2,35,Normal
2026-02-15 09:43:22.487927,NewYork-5cfa,40,25,Normal
2026-02-15 09:43:23.487927,NewYork-5cfa,-14,87,Normal
2026-02-15 09:43:24.487927,NewYork-5cfa,33,47,Normal
2026-02-15 09:43:25.487927,NewYork-5cfa,-27,2,Normal
2026-02-15 09:43:26.487927,NewYork-5cfa,-24,24,Normal
2026-02-15 09:43:27.487927,NewYork-5cfa,-11,43,Normal
2026-02-15 09:43:28.487927,NewYork-5cfa,3,45,Normal
2026-02-15 09:43:29.487927,NewYork-5cfa,19,59,Normal
2026-02-15 09:43:30.487927,NewYork-5cfa,0,47,Normal
2026-02-15 09:43:31.487927,NewYork-5cfa,41,35,Normal
2026-02-15 09:43:32.487927,NewYork-5cfa,27,17,Normal
2026-02-15 09:43:33.487927,NewYork-5cfa,6,67,Normal
2026-02-15 09:43:34.487927,NewYork-5cfa,-2,61,Normal
2026-02-15 09:43:35.487927,NewYork-5cfa,32,9,Normal
2026-02-15 09:43:36.487927,NewYork-5cfa,41,73,Normal
2026-02-15 09:43:37.487927,NewYork-5cfa,-2,90,Normal
2026-02-15 09:43:38.487927,NewYork-5cfa,17,50,Normal
2026-02-15 09:43:39.487927,NewYork-5cfa,8,77,Normal
2026-02-15 09:43:40.487927,NewYork-5cfa,22,6,Normal
2026-02-15 09:43:41.487927,NewYork-5cfa,-23,55,Normal
2026-02-15 09:43:42.487927,NewYork-5cfa,-22,83,Normal
2026-02-15 09:43:43.487927,NewYork-5cfa,13,2,Normal
2026-02-15 09:43:44.487927,NewYork-5cfa,34,47,Normal
2026-02-15 09:43:45.487927,NewYork-5cfa,43,34,Normal
2026-02-15 09:43:46.487927,NewYork-5cfa,39,21,Normal
2026-02-15 09:43:47.487927,NewYork-5cfa,9,53,Normal
2026-02-15 09:43:48.487927,NewYork-5cfa,-17,82,Normal
2026-02-15 09:43:49.487927,NewYork-5cfa,40,41,Normal
2026-02-15 09:43:50.487927,NewYork-5cfa,-15,26,Normal
2026-02-15 09:43:51.487927,NewYork-5cfa,46,74,Normal
2026-02-15 09:43:52.487927,NewYork-5cfa,-14,24,Normal
2026-02-15 09:43:53.487927,NewYork-5cfa,40,93,Normal
2026-02-15 09:43:54.487927,NewYork-5cfa,3,34,Normal
2026-02-15 09:43:55.487927,NewYork-5cfa,12,7,Normal
2026-02-15 09:43:56.487927,NewYork-5cfa,-30,40,Normal
2026-02-15 09:43:57.487927,NewYork-5cfa,35,73,Normal
2026-02-15 09:43:58.487927,NewYork-5cfa,29,98,Normal
2026-02-15 09:43:59.487927,NewYork-5cfa,24,55,Normal
2026-02-15 09:44:00.487927,NewYork-5cfa,11,68,Normal
2026-02-15 09:44:01.487927,NewYork-5cfa,50,52,Normal
2026-02-15 09:44:02.487927,NewYork-5cfa,0,56,Normal
2026-02-15 09:44:03.487927,NewYork-5cfa,42,14,Normal
2026-02-15 09:44:04.487927,NewYork-5cfa,27,35,Normal
2026-02-15 09:44:05.487927,NewYork-5cfa,2,77,Normal
2026-02-15 09:44:06.487927,NewYork-5cfa,2,39,Normal
2026-02-15 09:44:07.487927,NewYork-5cfa,-9,38,Normal
2026-02-15 09:44:08.487927,NewYork-5cfa,39,4,Normal
2026-02-15 09:44:09.487927,NewYork-5cfa,19,82,Normal
2026-02-15 09:44:10.487927,NewYork-5cfa,33,64,Normal
2026-02-15 09:44:11.487927,NewYork-5cfa,27,84,Normal
2026-02-15 09:44:12.487927,NewYork-5cfa,-3,96,Normal
2026-02-15 09:44:13.487927,NewYork-5cfa,2,10,Normal
2026-02-15 09:44:14.487927,NewYork-5cfa,-18,68,Normal
2026-02-15 09:44:15.487927,NewYork-5cfa,-3,86,Normal
2026-02-15 09:44:16.487927,NewYork-5cfa,38,38,Normal
2026-02-15 09:44:17.487927,NewYork-5cfa,32,4,Normal
2026-02-15 09:44:18.487927,NewYork-5cfa,49,93,Normal
2026-02-15 09:44:19.487927,NewYork-5cfa,-3,90,Normal
2026-02-15 09:44:20.487927,NewYork-5cfa,15,64,Normal
2026-02-15 09:44:21.487927,NewYork-5cfa,4,16,Normal
2026-02-15 09:44:22.487927,NewYork-5cfa,-17,51,Normal
2026-02-15 09:44:23.487927,NewYork-5cfa,28,45,Normal
2026-02-15 09:44:24.487927,NewYork-5cfa,-11,33,Normal
2026-02-15 09:44:25.487927,NewYork-5cfa,12,55,Normal
2026-02-15 09:44:26.487927,NewYork-5cfa,43,51,Normal
2026-02-15 09:44:27.487927,NewYork-5cfa,18,77,Normal
2026-02-15 09:44:28.487927,NewYork-5cfa,-12,94,Normal
2026-02-15 09:44:29.487927,NewYork-5cfa,-19,45,Normal
2026-02-15 09:44:30.487927,NewYork-5cfa,6,25,Normal
2026-02-15 09:44:31.487927,NewYork-5cfa,45,10,Normal
2026-02-15 09:44:32.487927,NewYork-5cfa,-8,67,Normal
2026-02-15 09:44:33.487927,NewYork-5cfa,-14,68,Normal
2026-02-15 09:44:34.487927,NewYork-5cfa,15,86,Normal
2026-02-15 09:44:35.487927,NewYork-5cfa,46,13,Normal
2026-02-15 09:44:36.487927,NewYork-5cfa,-29,63,Normal
2026-02-15 09:44:37.487927,NewYork-5cfa,5,10,Normal
2026-02-15 09:44:38.487927,NewYork-5cfa,5,82,Normal
2026-02-15 09:44:39.487927,NewYork-5cfa,-20,35,Normal
2026-02-15 09:44:40.487927,NewYork-5cfa,30,12,Normal
2026-02-15 09:44:41.487927,NewYork-5cfa,13,77,Normal
2026-02-15 09:44:42.487927,NewYork-5cfa,-10,8,Normal
2026-02-15 09:44:43.487927,NewYork-5cfa,-20,85,Normal
2026-02-15 09:44:44.487927,NewYork-5cfa,42,88,Normal
2026-02-15 09:44:45.487927,NewYork-5cfa,15,77,Normal
2026-02-15 09:44:46.487927,NewYork-5cfa,-30,3,Normal
2026-02-15 09:44:47.487927,NewYork-5cfa,-1,22,Normal
2026-02-15 09:44:48.487927,NewYork-5cfa,-14,80,Normal
2026-02-15 09:44:49.487927,NewYork-5cfa,-6,97,Normal
2026-02-15 09:44:50.487927,NewYork-5cfa,-24,66,Normal
2026-02-15 09:44:51.487927,NewYork-5cfa,46,32,Normal
2026-02-15 09:44:52.487927,NewYork-5cfa,-4,54,Normal
2026-02-15 09:44:53.487927,NewYork-5cfa,-2,19,Normal
2026-02-15 09:44:54.487927,NewYork-5cfa,38,21,Normal
2026-02-15 09:44:55.487927,NewYork-5cfa,47,92,Normal
2026-02-15 09:44:56.487927,NewYork-5cfa,-25,96,Normal
2026-02-15 09:44:57.487927,NewYork-5cfa,-18,64,Normal
2026-02-15 09:44:58.487927,NewYork-5cfa,35,8,Normal
2026-02-15 09:44:59.487927,NewYork-5cfa,-14,8,Normal
2026-02-15 09:45:00.487927,NewYork-5cfa,29,29,Normal
2026-02-15 09:45:01.487927,NewYork-5cfa,42,54,Normal
2026-02-15 09:45:02.487927,NewYork-5cfa,26,29,Normal
2026-02-15 09:45:03.487927,NewYork-5cfa,-29,83,Normal
2026-02-15 09:45:04.487927,NewYork-5cfa,-6,37,Normal
2026-02-15 09:45:05.487927,NewYork-5cfa,26,82,Normal
2026-02-15 09:45:06.487927,NewYork-5cfa,42,5,Normal
2026-02-15 09:45:07.487927,NewYork-5cfa,29,79,Normal
2026-02-15 09:45:08.487927,NewYork-5cfa,-2,5,Normal
2026-02-15 09:45:09.487927,NewYork-5cfa,3,100,Normal
2026-02-15 09:45:10.487927,NewYork-5cfa,22,46,Normal
2026-02-15 09:45:11.487927,NewYork-5cfa,32,41,Normal
2026-02-15 09:45:12.487927,NewYork-5cfa,20,26,Normal
2026-02-15 09:45:13.487927,NewYork-5cfa,47,47,Normal
2026-02-15 09:45:14.487927,NewYork-5cfa,48,25,Normal
2026-02-15 09:45:15.487927,NewYork-5cfa,33,79,Normal
2026-02-15 09:45:16.487927,NewYork-5cfa,18,93,Normal
2026-02-15 09:45:17.487927,NewYork-5cfa,27,92,Normal
2026-02-15 09:45:18.487927,NewYork-5cfa,-27,9,Normal
2026-02-15 09:45:19.487927,NewYork-5cfa,17,91,Normal
2026-02-15 09:45:20.487927,NewYork-5cfa,-3,20,Normal
2026-02-15 09:45:21.487927,NewYork-5cfa,-30,11,Normal
2026-02-15 09:45:22.487927,NewYork-5cfa,13,17,Normal
2026-02-15 09:45:23.487927,NewYork-5cfa,9,84,Normal
2026-02-15 09:45:24.487927,NewYork-5cfa,-3,61,Normal
2026-02-15 09:45:25.487927,NewYork-5cfa,25,35,Normal
2026-02-15 09:45:26.487927,NewYork-5cfa,40,95,Normal
2026-02-15 09:45:27.487927,NewYork-5cfa,48,20,Normal
2026-02-15 09:45:28.487927,NewYork-5cfa,5,29,Normal
2026-02-15 09:45:29.487927,NewYork-5cfa,15,87,Normal
2026-02-15 09:45:30.487927,NewYork-5cfa,7,27,Normal
2026-02-15 09:45:31.487927,NewYork-5cfa,29,6,Normal
2026-02-15 09:45:32.487927,NewYork-5cfa,-12,18,Normal
2026-02-15 09:45:33.487927,NewYork-5cfa,29,1,Normal
2026-02-15 09:45:34.487927,NewYork-5cfa,8,61,Normal
2026-02-15 09:45:35.487927,NewYork-5cfa,34,26,Normal
2026-02-15 09:45:36.487927,NewYork-5cfa,20,27,Normal
2026-02-15 09:45:37.487927,NewYork-5cfa,22,34,Normal
2026-02-15 09:45:38.487927,NewYork-5cfa,3,94,Normal
2026-02-15 09:45:39.487927,NewYork-5cfa,-7,44,Normal
2026-02-15 09:45:40.487927,NewYork-5cfa,31,0,Normal
2026-02-15 09:45:41.487927,NewYork-5cfa,33,99,Normal
2026-02-15 09:45:42.487927,NewYork-5cfa,12,27,Normal
2026-02-15 09:45:43.487927,NewYork-5cfa,-6,7,Normal
2026-02-15 09:45:44.487927,NewYork-5cfa,-5,40,Normal
2026-02-15 09:45:45.487927,NewYork-5cfa,-29,24,Normal
2026-02-15 09:45:46.487927,NewYork-5cfa,1,68,Normal
2026-02-15 09:45:47.487927,NewYork-5cfa,14,45,Normal
2026-02-15 09:45:48.487927,NewYork-5cfa,4,72,Normal
2026-02-15 09:45:49.487927,NewYork-5cfa,-28,2,Normal
2026-02-15 09:45:50.487927,NewYork-5cfa,39,26,Normal
2026-02-15 09:45:51.487927,NewYork-5cfa,30,30,Normal
2026-02-15 09:45:52.487927,NewYork-5cfa,48,72,Normal
2026-02-15 09:45:53.487927,NewYork-5cfa,39,37,Normal
2026-02-15 09:45:54.487927,NewYork-5cfa,48,97,Normal
2026-02-15 09:45:55.487927,NewYork-5cfa,-16,64,Normal
2026-02-15 09:45:56.487927,NewYork-5cfa,10,56,Normal
2026-02-15 09:45:57.487927,NewYork-5cfa,47,97,Normal
2026-02-15 09:45:58.487927,NewYork-5cfa,29,37,Normal
2026-02-15 09:45:59.487927,NewYork-5cfa,24,62,Normal
2026-02-15 09:46:00.487927,NewYork-5cfa,-29,26,Normal
2026-02-15 09:46:01.487927,NewYork-5cfa,-20,66,Normal
2026-02-15 09:46:02.487927,NewYork-5cfa,-28,95,Normal
2026-02-15 09:46:03.487927,NewYork-5cfa,4,66,Normal
2026-02-15 09:46:04.487927,NewYork-5cfa,5,52,Normal
2026-02-15 09:46:05.487927,NewYork-5cfa,-10,24,Normal
2026-02-15 09:46:06.487927,NewYork-5cfa,25,48,Normal
2026-02-15 09:46:07.487927,NewYork-5cfa,-25,80,Normal
2026-02-15 09:46:08.487927,NewYork-5cfa,23,90,Normal
2026-02-15 09:46:09.487927,NewYork-5cfa,26,86,Normal
2026-02-15 09:46:10.487927,NewYork-5cfa,-5,17,Normal
2026-02-15 09:46:11.487927,NewYork-5cfa,27,54,Normal
2026-02-15 09:46:12.487927,NewYork-5cfa,-26,54,Normal
2026-02-15 09:46:13.487927,NewYork-5cfa,0,100,Normal
2026-02-15 09:46:14.487927,NewYork-5cfa,17,49,Normal
2026-02-15 09:46:15.487927,NewYork-5cfa,40,14,Normal
2026-02-15 09:46:16.487927,NewYork-5cfa,-24,11,Normal
2026-02-15 09:46:17.487927,NewYork-5cfa,-27,39,Normal
2026-02-15 09:46:18.487927,NewYork-5cfa,24,97,Normal
2026-02-15 09:46:19.487927,NewYork-5cfa,-8,46,Normal
2026-02-15 09:46:20.487927,NewYork-5cfa,-26,11,Normal
2026-02-15 09:46:21.487927,NewYork-5cfa,8,15,Normal
2026-02-15 09:46:22.487927,NewYork-5cfa,28,95,Normal
2026-02-15 09:46:23.487927,NewYork-5cfa,22,54,Normal
2026-02-15 09:46:24.487927,NewYork-5cfa,37,21,Normal
2026-02-15 09:46:25.487927,NewYork-5cfa,34,75,Normal
2026-02-15 09:46:26.487927,NewYork-5cfa,9,67,Normal
2026-02-15 09:46:27.487927,NewYork-5cfa,-9,14,Normal
2026-02-15 09:46:28.487927,NewYork-5cfa,-23,59,Normal
2026-02-15 09:46:29.487927,NewYork-5cfa,38,31,Normal
2026-02-15 09:46:30.487927,NewYork-5cfa,9,51,Normal
2026-02-15 09:46:31.487927,NewYork-5cfa,9,23,Normal
2026-02-15 09:46:32.487927,NewYork-5cfa,18,32,Normal
2026-02-15 09:46:33.487927,NewYork-5cfa,13,24,Normal
2026-02-15 09:46:34.487927,NewYork-5cfa,2,28,Normal
2026-02-15 09:46:35.487927,NewYork-5cfa,26,75,Normal
2026-02-15 09:46:36.487927,NewYork-5cfa,1,75,Normal
2026-02-15 09:46:37.487927,NewYork-5cfa,-18,61,Normal
2026-02-15 09:46:38.487927,NewYork-5cfa,-29,28,Normal
2026-02-15 09:46:39.487927,NewYork-5cfa,35,98,Normal
2026-02-15 09:46:40.487927,NewYork-5cfa,16,30,Normal
2026-02-15 09:46:41.487927,NewYork-5cfa,33,81,Normal
2026-02-15 09:46:42.487927,NewYork-5cfa,5,56,Normal
2026-02-15 09:46:43.487927,NewYork-5cfa,25,69,Normal
2026-02-15 09:46:44.487927,NewYork-5cfa,43,82,Normal
2026-02-15 09:46:45.487927,NewYork-5cfa,49,22,Normal
2026-02-15 09:46:46.487927,NewYork-5cfa,-23,80,Normal
2026-02-15 09:46:47.487927,NewYork-5cfa,-21,92,Normal
2026-02-15 09:46:48.487927,NewYork-5cfa,-12,70,Normal
2026-02-15 09:46:49.487927,NewYork-5cfa,-3,64,Normal
2026-02-15 09:46:50.487927,NewYork-5cfa,43,75,Normal
2026-02-15 09:46:51.487927,NewYork-5cfa,-18,58,Normal
2026-02-15 09:46:52.487927,NewYork-5cfa,21,39,Normal
2026-02-15 09:46:53.487927,NewYork-5cfa,38,93,Normal
2026-02-15 09:46:54.487927,NewYork-5cfa,9,70,Normal
2026-02-15 09:46:55.487927,NewYork-5cfa,-18,13,Normal
2026-02-15 09:46:56.487927,NewYork-5cfa,22,74,Normal
2026-02-15 09:46:57.487927,NewYork-5cfa,21,20,Normal
2026-02-15 09:46:58.487927,NewYork-5cfa,-14,49,Normal
2026-02-15 09:46:59.487927,NewYork-5cfa,-12,42,Normal
2026-02-15 09:47:00.487927,NewYork-5cfa,29,10,Normal
2026-02-15 09:47:01.487927,NewYork-5cfa,32,15,Normal
2026-02-15 09:47:02.487927,NewYork-5cfa,24,76,Normal
2026-02-15 09:47:03.487927,NewYork-5cfa,19,81,Normal
2026-02-15 09:47:04.487927,NewYork-5cfa,14,50,Normal
2026-02-15 09:47:05.487927,NewYork-5cfa,39,28,Normal
2026-02-15 09:47:06.487927,NewYork-5cfa,-18,42,Normal
2026-02-15 09:47:07.487927,NewYork-5cfa,27,78,Normal
2026-02-15 09:47:08.487927,NewYork-5cfa,50,5,Normal
2026-02-15 09:47:09.487927,NewYork-5cfa,0,99,Normal
2026-02-15 09:47:10.487927,NewYork-5cfa,-30,82,Normal
2026-02-15 09:47:11.487927,NewYork-5cfa,-6,66,Normal
2026-02-15 09:47:12.487927,NewYork-5cfa,-14,30,Normal
2026-02-15 09:47:13.487927,NewYork-5cfa,12,99,Normal
2026-02-15 09:47:14.487927,NewYork-5cfa,41,36,Normal
2026-02-15 09:47:15.487927,NewYork-5cfa,-5,8,Normal
2026-02-15 09:47:16.487927,NewYork-5cfa,-1,61,Normal
2026-02-15 09:47:17.487927,NewYork-5cfa,37,94,Normal
2026-02-15 09:47:18.487927,NewYork-5cfa,33,78,Normal
2026-02-15 09:47:19.487927,NewYork-5cfa,3,50,Normal
2026-02-15 09:47:20.487927,NewYork-5cfa,15,27,Normal
2026-02-15 09:47:21.487927,NewYork-5cfa,17,37,Normal
2026-02-15 09:47:22.487927,NewYork-5cfa,34,68,Normal
2026-02-15 09:47:23.487927,NewYork-5cfa,5,85,Normal
2026-02-15 09:47:24.487927,NewYork-5cfa,-28,47,Normal
2026-02-15 09:47:25.487927,NewYork-5cfa,18,2,Normal
2026-02-15 09:47:26.487927,NewYork-5cfa,23,77,Normal
2026-02-15 09:47:27.487927,NewYork-5cfa,-6,69,Normal
2026-02-15 09:47:28.487927,NewYork-5cfa,-23,37,Normal
2026-02-15 09:47:29.487927,NewYork-5cfa,-26,9,Normal
2026-02-15 09:47:30.487927,NewYork-5cfa,34,1,Normal
2026-02-15 09:47:31.487927,NewYork-5cfa,44,35,Normal
2026-02-15 09:47:32.487927,NewYork-5cfa,-14,87,Normal
2026-02-15 09:47:33.487927,NewYork-5cfa,-20,33,Normal
2026-02-15 09:47:34.487927,NewYork-5cfa,50,10,Normal
2026-02-15 09:47:35.487927,NewYork-5cfa,8,60,Normal
2026-02-15 09:47:36.487927,NewYork-5cfa,39,50,Normal
2026-02-15 09:47:37.487927,NewYork-5cfa,-29,35,Normal
2026-02-15 09:47:38.487927,NewYork-5cfa,12,88,Normal
2026-02-15 09:47:39.487927,NewYork-5cfa,19,63,Normal
2026-02-15 09:47:40.487927,NewYork-5cfa,-17,43,Normal
2026-02-15 09:47:41.487927,NewYork-5cfa,-5,35,Normal
2026-02-15 09:47:42.487927,NewYork-5cfa,-21,53,Normal
2026-02-15 09:47:43.487927,NewYork-5cfa,11,29,Normal
2026-02-15 09:47:44.487927,NewYork-5cfa,27,29,Normal
2026-02-15 09:47:45.487927,NewYork-5cfa,-17,77,Normal
2026-02-15 09:47:46.487927,NewYork-5cfa,-1,73,Normal
2026-02-15 09:47:47.487927,NewYork-5cfa,11,16,Normal
2026-02-15 09:47:48.487927,NewYork-5cfa,-1,62,Normal
2026-02-15 09:47:49.487927,NewYork-5cfa,-3,18,Normal
2026-02-15 09:47:50.487927,NewYork-5cfa,14,36,Normal
2026-02-15 09:47:51.487927,NewYork-5cfa,-29,52,Normal
2026-02-15 09:47:52.487927,NewYork-5cfa,46,82,Normal
2026-02-15 09:47:53.487927,NewYork-5cfa,-27,59,Normal
2026-02-15 09:47:54.487927,NewYork-5cfa,38,16,Normal
2026-02-15 09:47:55.487927,NewYork-5cfa,46,61,Normal
2026-02-15 09:47:56.487927,NewYork-5cfa,28,19,Normal
2026-02-15 09:47:57.487927,NewYork-5cfa,-16,75,Normal
2026-02-15 09:47:58.487927,NewYork-5cfa,30,67,Normal
2026-02-15 09:47:59.487927,NewYork-5cfa,30,14,Normal
2026-02-15 09:48:00.487927,NewYork-5cfa,-8,88,Normal
2026-02-15 09:48:01.487927,NewYork-5cfa,10,38,Normal
2026-02-15 09:48:02.487927,NewYork-5cfa,27,94,Normal
2026-02-15 09:48:03.487927,NewYork-5cfa,-28,62,Normal
2026-02-15 09:48:04.487927,NewYork-5cfa,17,68,Normal
2026-02-15 09:48:05.487927,NewYork-5cfa,-14,29,Normal
2026-02-15 09:48:06.487927,NewYork-5cfa,-11,51,Normal
2026-02-15 09:48:07.487927,NewYork-5cfa,-27,29,Normal
2026-02-15 09:48:08.487927,NewYork-5cfa,-27,83,Normal
2026-02-15 09:48:09.487927,NewYork-5cfa,12,59,Normal
2026-02-15 09:48:10.487927,NewYork-5cfa,33,44,Normal
2026-02-15 09:48:11.487927,NewYork-5cfa,13,84,Normal
2026-02-15 09:48:12.487927,NewYork-5cfa,7,94,Normal
2026-02-15 09:48:13.487927,NewYork-5cfa,11,96,Normal
2026-02-15 09:48:14.487927,NewYork-5cfa,-5,32,Normal
2026-02-15 09:48:15.487927,NewYork-5cfa,32,40,Normal
2026-02-15 09:48:16.487927,NewYork-5cfa,-21,86,Normal
2026-02-15 09:48:17.487927,NewYork-5cfa,-29,14,Normal
2026-02-15 09:48:18.487927,NewYork-5cfa,-6,63,Normal
2026-02-15 09:48:19.487927,NewYork-5cfa,-18,61,Normal
2026-02-15 09:48:20.487927,NewYork-5cfa,0,15,Normal
2026-02-15 09:48:21.487927,NewYork-5cfa,-23,42,Normal
2026-02-15 09:48:22.487927,NewYork-5cfa,19,55,Normal
2026-02-15 09:48:23.487927,NewYork-5cfa,18,77,Normal
2026-02-15 09:48:24.487927,NewYork-5cfa,-28,0,Normal
2026-02-15 09:48:25.487927,NewYork-5cfa,0,19,Normal
2026-02-15 09:48:26.487927,NewYork-5cfa,13,99,Normal
2026-02-15 09:48:27.487927,NewYork-5cfa,41,41,Normal
2026-02-15 09:48:28.487927,NewYork-5cfa,50,83,Normal
2026-02-15 09:48:29.487927,NewYork-5cfa,7,57,Normal
2026-02-15 09:48:30.487927,NewYork-5cfa,-22,85,Normal
2026-02-15 09:48:31.487927,NewYork-5cfa,32,77,Normal
2026-02-15 09:48:32.487927,NewYork-5cfa,14,22,Normal
2026-02-15 09:48:33.487927,NewYork-5cfa,-3,70,Normal
2026-02-15 09:48:34.487927,NewYork-5cfa,-21,57,Normal
2026-02-15 09:48:35.487927,NewYork-5cfa,25,54,Normal
2026-02-15 09:48:36.487927,NewYork-5cfa,-17,36,Normal
2026-02-15 09:48:37.487927,NewYork-5cfa,1,38,Normal
2026-02-15 09:48:38.487927,NewYork-5cfa,-4,54,Normal
2026-02-15 09:48:39.487927,NewYork-5cfa,-19,0,Normal
2026-02-15 09:48:40.487927,NewYork-5cfa,48,13,Normal
2026-02-15 09:48:41.487927,NewYork-5cfa,3,68,Normal
2026-02-15 09:48:42.487927,NewYork-5cfa,-8,95,Normal
2026-02-15 09:48:43.487927,NewYork-5cfa,-22,100,Normal
2026-02-15 09:48:44.487927,NewYork-5cfa,-27,27,Normal
2026-02-15 09:48:45.487927,NewYork-5cfa,48,94,Normal
2026-02-15 09:48:46.487927,NewYork-5cfa,-2,56,Normal
2026-02-15 09:48:47.487927,NewYork-5cfa,42,32,Normal
2026-02-15 09:48:48.487927,NewYork-5cfa,18,2,Normal
2026-02-15 09:48:49.487927,NewYork-5cfa,2,18,Normal
2026-02-15 09:48:50.487927,NewYork-5cfa,4,17,Normal
2026-02-15 09:48:51.487927,NewYork-5cfa,-26,13,Normal
2026-02-15 09:48:52.487927,NewYork-5cfa,21,39,Normal
2026-02-15 09:48:53.487927,NewYork-5cfa,32,51,Normal
2026-02-15 09:48:54.487927,NewYork-5cfa,-12,2,Normal
2026-02-15 09:48:55.487927,NewYork-5cfa,4,60,Normal
2026-02-15 09:48:56.487927,NewYork-5cfa,18,32,Normal
2026-02-15 09:48:57.487927,NewYork-5cfa,35,75,Normal
2026-02-15 09:48:58.487927,NewYork-5cfa,0,66,Normal
2026-02-15 09:48:59.487927,NewYork-5cfa,9,47,Normal
2026-02-15 09:49:00.487927,NewYork-5cfa,27,41,Normal
2026-02-15 09:49:01.487927,NewYork-5cfa,24,81,Normal
2026-02-15 09:49:02.487927,NewYork-5cfa,18,35,Normal
2026-02-15 09:49:03.487927,NewYork-5cfa,42,18,Normal
2026-02-15 09:49:04.487927,NewYork-5cfa,1,32,Normal
2026-02-15 09:49:05.487927,NewYork-5cfa,37,48,Normal
2026-02-15 09:49:06.487927,NewYork-5cfa,-15,60,Normal
2026-02-15 09:49:07.487927,NewYork-5cfa,48,59,Normal
2026-02-15 09:49:08.487927,NewYork-5cfa,45,2,Normal
2026-02-15 09:49:09.487927,NewYork-5cfa,-11,99,Normal
2026-02-15 09:49:10.487927,NewYork-5cfa,35,77,Normal
2026-02-15 09:49:11.487927,NewYork-5cfa,34,66,Normal
2026-02-15 09:49:12.487927,NewYork-5cfa,34,85,Normal
2026-02-15 09:49:13.487927,NewYork-5cfa,-29,49,Normal
2026-02-15 09:49:14.487927,NewYork-5cfa,2,54,Normal
2026-02-15 09:49:15.487927,NewYork-5cfa,13,52,Normal
2026-02-15 09:49:16.487927,NewYork-5cfa,-4,93,Normal
2026-02-15 09:49:17.487927,NewYork-5cfa,-22,43,Normal
2026-02-15 09:49:18.487927,NewYork-5cfa,-16,35,Normal
2026-02-15 09:49:19.487927,NewYork-5cfa,-1,28,Normal
2026-02-15 09:49:20.487927,NewYork-5cfa,3,36,Normal
2026-02-15 09:49:21.487927,NewYork-5cfa,-7,74,Normal
2026-02-15 09:49:22.487927,NewYork-5cfa,6,56,Normal
2026-02-15 09:49:23.487927,NewYork-5cfa,-29,35,Normal
2026-02-15 09:49:24.487927,NewYork-5cfa,36,10,Normal
2026-02-15 09:49:25.487927,NewYork-5cfa,-10,92,Normal
2026-02-15 09:49:26.487927,NewYork-5cfa,18,0,Normal
2026-02-15 09:49:27.487927,NewYork-5cfa,27,0,Normal
2026-02-15 09:49:28.487927,NewYork-5cfa,20,45,Normal
2026-02-15 09:49:29.487927,NewYork-5cfa,43,69,Normal
2026-02-15 09:49:30.487927,NewYork-5cfa,18,2,Normal
2026-02-15 09:49:31.487927,NewYork-5cfa,6,83,Normal
2026-02-15 09:49:32.487927,NewYork-5cfa,-14,77,Normal
2026-02-15 09:49:33.487927,NewYork-5cfa,44,64,Normal
2026-02-15 09:49:34.487927,NewYork-5cfa,15,22,Normal
2026-02-15 09:49:35.487927,NewYork-5cfa,-15,68,Normal
2026-02-15 09:49:36.487927,NewYork-5cfa,33,57,Normal
2026-02-15 09:49:37.487927,NewYork-5cfa,7,37,Normal
2026-02-15 09:49:38.487927,NewYork-5cfa,35,100,Normal
2026-02-15 09:49:39.487927,NewYork-5cfa,41,14,Normal
2026-02-15 09:49:40.487927,NewYork-5cfa,-15,94,Normal
2026-02-15 09:49:41.487927,NewYork-5cfa,26,16,Normal
2026-02-15 09:49:42.487927,NewYork-5cfa,44,16,Normal
2026-02-15 09:49:43.487927,NewYork-5cfa,28,91,Normal
2026-02-15 09:49:44.487927,NewYork-5cfa,38,18,Normal
2026-02-15 09:49:45.487927,NewYork-5cfa,-12,26,Normal
2026-02-15 09:49:46.487927,NewYork-5cfa,-24,23,Normal
2026-02-15 09:49:47.487927,NewYork-5cfa,-9,97,Normal
2026-02-15 09:49:48.487927,NewYork-5cfa,-21,26,Normal
2026-02-15 09:49:49.487927,NewYork-5cfa,14,16,Normal
2026-02-15 09:49:50.487927,NewYork-5cfa,-20,47,Normal
2026-02-15 09:49:51.487927,NewYork-5cfa,34,66,Normal
2026-02-15 09:49:52.487927,NewYork-5cfa,47,82,Normal
2026-02-15 09:49:53.487927,NewYork-5cfa,-18,86,Normal
2026-02-15 09:49:54.487927,NewYork-5cfa,-15,29,Normal
2026-02-15 09:49:55.487927,NewYork-5cfa,21,86,Normal
2026-02-15 09:49:56.487927,NewYork-5cfa,44,100,Normal
2026-02-15 09:49:57.487927,NewYork-5cfa,-2,82,Normal
2026-02-15 09:49:58.487927,NewYork-5cfa,38,75,Normal
2026-02-15 09:49:59.487927,NewYork-5cfa,24,73,Normal
2026-02-15 09:50:00.487927,NewYork-5cfa,36,18,Normal
2026-02-15 09:50:01.487927,NewYork-5cfa,29,31,Normal
2026-02-15 09:50:02.487927,NewYork-5cfa,32,0,Normal
2026-02-15 09:50:03.487927,NewYork-5cfa,36,73,Normal
2026-02-15 09:50:04.487927,NewYork-5cfa,48,97,Normal
2026-02-15 09:50:05.487927,NewYork-5cfa,-11,13,Normal
2026-02-15 09:50:06.487927,NewYork-5cfa,-4,100,Normal
2026-02-15 09:50:07.487927,NewYork-5cfa,-25,52,Normal
2026-02-15 09:50:08.487927,NewYork-5cfa,-10,38,Normal
2026-02-15 09:50:09.487927,NewYork-5cfa,-11,26,Normal
2026-02-15 09:50:10.487927,NewYork-5cfa,10,8,Normal
2026-02-15 09:50:11.487927,NewYork-5cfa,45,25,Normal
2026-02-15 09:50:12.487927,NewYork-5cfa,23,14,Normal
2026-02-15 09:50:13.487927,NewYork-5cfa,-5,10,Normal
2026-02-15 09:50:14.487927,NewYork-5cfa,6,39,Normal
2026-02-15 09:50:15.487927,NewYork-5cfa,27,65,Normal
2026-02-15 09:50:16.487927,NewYork-5cfa,46,58,Normal
2026-02-15 09:50:17.487927,NewYork-5cfa,13,78,Normal
2026-02-15 09:50:18.487927,NewYork-5cfa,10,70,Normal
2026-02-15 09:50:19.487927,NewYork-5cfa,15,85,Normal
2026-02-15 09:50:20.487927,NewYork-5cfa,-28,79,Normal
2026-02-15 09:50:21.487927,NewYork-5cfa,38,98,Normal
2026-02-15 09:50:22.487927,NewYork-5cfa,-6,68,Normal
2026-02-15 09:50:23.487927,NewYork-5cfa,-4,26,Normal
2026-02-15 09:50:24.487927,NewYork-5cfa,-6,91,Normal
2026-02-15 09:50:25.487927,NewYork-5cfa,0,69,Normal
2026-02-15 09:50:26.487927,NewYork-5cfa,-8,53,Normal
2026-02-15 09:50:27.487927,NewYork-5cfa,-17,59,Normal
2026-02-15 09:50:28.487927,NewYork-5cfa,16,52,Normal
2026-02-15 09:50:29.487927,NewYork-5cfa,7,100,Normal
2026-02-15 09:50:30.487927,NewYork-5cfa,18,41,Normal
2026-02-15 09:50:31.487927,NewYork-5cfa,33,93,Normal
2026-02-15 09:50:32.487927,NewYork-5cfa,-26,3,Normal
2026-02-15 09:50:33.487927,NewYork-5cfa,26,1,Normal
2026-02-15 09:50:34.487927,NewYork-5cfa,-20,86,Normal
2026-02-15 09:50:35.487927,NewYork-5cfa,-12,45,Normal
2026-02-15 09:50:36.487927,NewYork-5cfa,2,76,Normal
2026-02-15 09:50:37.487927,NewYork-5cfa,35,94,Normal
2026-02-15 09:50:38.487927,NewYork-5cfa,22,22,Normal
2026-02-15 09:50:39.487927,NewYork-5cfa,45,2,Normal
2026-02-15 09:50:40.487927,NewYork-5cfa,16,7,Normal
2026-02-15 09:50:41.487927,NewYork-5cfa,48,38,Normal
2026-02-15 09:50:42.487927,NewYork-5cfa,6,32,Normal
2026-02-15 09:50:43.487927,NewYork-5cfa,-5,84,Normal
2026-02-15 09:50:44.487927,NewYork-5cfa,-23,83,Normal
2026-02-15 09:50:45.487927,NewYork-5cfa,45,47,Normal
2026-02-15 09:50:46.487927,NewYork-5cfa,17,31,Normal
2026-02-15 09:50:47.487927,NewYork-5cfa,12,30,Normal
2026-02-15 09:50:48.487927,NewYork-5cfa,6,97,Normal
2026-02-15 09:50:49.487927,NewYork-5cfa,-11,62,Normal
2026-02-15 09:50:50.487927,NewYork-5cfa,0,96,Normal
2026-02-15 09:50:51.487927,NewYork-5cfa,25,68,Normal
2026-02-15 09:50:52.487927,NewYork-5cfa,15,22,Normal
2026-02-15 09:50:53.487927,NewYork-5cfa,46,59,Normal
2026-02-15 09:50:54.487927,NewYork-5cfa,6,65,Normal
2026-02-15 09:50:55.487927,NewYork-5cfa,45,11,Normal
2026-02-15 09:50:56.487927,NewYork-5cfa,44,71,Normal
2026-02-15 09:50:57.487927,NewYork-5cfa,-23,7,Normal
2026-02-15 09:50:58.487927,NewYork-5cfa,-27,39,Normal
2026-02-15 09:50:59.487927,NewYork-5cfa,21,52,Normal
2026-02-15 09:51:00.487927,NewYork-5cfa,39,90,Normal
2026-02-15 09:51:01.487927,NewYork-5cfa,43,97,Normal
2026-02-15 09:51:02.487927,NewYork-5cfa,-27,14,Normal
2026-02-15 09:51:03.487927,NewYork-5cfa,-15,44,Normal
2026-02-15 09:51:04.487927,NewYork-5cfa,22,24,Normal
2026-02-15 09:51:05.487927,NewYork-5cfa,26,0,Normal
2026-02-15 09:51:06.487927,NewYork-5cfa,5,81,Normal
2026-02-15 09:51:07.487927,NewYork-5cfa,35,81,Normal
2026-02-15 09:51:08.487927,NewYork-5cfa,23,82,Normal
2026-02-15 09:51:09.487927,NewYork-5cfa,10,96,Normal
2026-02-15 09:51:10.487927,NewYork-5cfa,47,20,Normal
2026-02-15 09:51:11.487927,NewYork-5cfa,19,39,Normal
2026-02-15 09:51:12.487927,NewYork-5cfa,-4,23,Normal
2026-02-15 09:51:13.487927,NewYork-5cfa,1,80,Normal
2026-02-15 09:51:14.487927,NewYork-5cfa,24,72,Normal
2026-02-15 09:51:15.487927,NewYork-5cfa,22,95,Normal
2026-02-15 09:51:16.487927,NewYork-5cfa,31,1,Normal
2026-02-15 09:51:17.487927,NewYork-5cfa,35,32,Normal
2026-02-15 09:51:18.487927,NewYork-5cfa,28,90,Normal
2026-02-15 09:51:19.487927,NewYork-5cfa,10,70,Normal
2026-02-15 09:51:20.487927,NewYork-5cfa,-17,20,Normal
2026-02-15 09:51:21.487927,NewYork-5cfa,0,88,Normal
2026-02-15 09:51:22.487927,NewYork-5cfa,-24,25,Normal
2026-02-15 09:51:23.487927,NewYork-5cfa,31,4,Normal
2026-02-15 09:51:24.487927,NewYork-5cfa,25,93,Normal
2026-02-15 09:51:25.487927,NewYork-5cfa,43,14,Normal
2026-02-15 09:51:26.487927,NewYork-5cfa,-7,24,Normal
2026-02-15 09:51:27.487927,NewYork-5cfa,15,50,Normal
2026-02-15 09:51:28.487927,NewYork-5cfa,-22,21,Normal
2026-02-15 09:51:29.487927,NewYork-5cfa,36,67,Normal
2026-02-15 09:51:30.487927,NewYork-5cfa,50,33,Normal
2026-02-15 09:51:31.487927,NewYork-5cfa,-9,86,Normal
2026-02-15 09:51:32.487927,NewYork-5cfa,-8,96,Normal
2026-02-15 09:51:33.487927,NewYork-5cfa,-21,54,Normal
2026-02-15 09:51:34.487927,NewYork-5cfa,-26,53,Normal
2026-02-15 09:51:35.487927,NewYork-5cfa,-22,3,Normal
2026-02-15 09:51:36.487927,NewYork-5cfa,-6,29,Normal
2026-02-15 09:51:37.487927,NewYork-5cfa,15,27,Normal
2026-02-15 09:51:38.487927,NewYork-5cfa,3,63,Normal
2026-02-15 09:51:39.487927,NewYork-5cfa,22,30,Normal
2026-02-15 09:51:40.487927,NewYork-5cfa,43,97,Normal
2026-02-15 09:51:41.487927,NewYork-5cfa,29,2,Normal
2026-02-15 09:51:42.487927,NewYork-5cfa,18,76,Normal
2026-02-15 09:51:43.487927,NewYork-5cfa,-22,43,Normal
2026-02-15 09:51:44.487927,NewYork-5cfa,48,31,Normal
2026-02-15 09:51:45.487927,NewYork-5cfa,-14,28,Normal
2026-02-15 09:51:46.487927,NewYork-5cfa,47,90,Normal
2026-02-15 09:51:47.487927,NewYork-5cfa,-23,74,Normal
2026-02-15 09:51:48.487927,NewYork-5cfa,47,2,Normal
2026-02-15 09:51:49.487927,NewYork-5cfa,0,27,Normal
2026-02-15 09:51:50.487927,NewYork-5cfa,29,63,Normal
2026-02-15 09:51:51.487927,NewYork-5cfa,12,17,Normal
2026-02-15 09:51:52.487927,NewYork-5cfa,12,14,Normal
2026-02-15 09:51:53.487927,NewYork-5cfa,41,92,Normal
2026-02-15 09:51:54.487927,NewYork-5cfa,-30,83,Normal
2026-02-15 09:51:55.487927,NewYork-5cfa,44,5,Normal
2026-02-15 09:51:56.487927,NewYork-5cfa,-1,82,Normal
2026-02-15 09:51:57.487927,NewYork-5cfa,33,27,Normal
2026-02-15 09:51:58.487927,NewYork-5cfa,39,76,Normal
2026-02-15 09:51:59.487927,NewYork-5cfa,-7,27,Normal
2026-02-15 09:52:00.487927,NewYork-5cfa,21,18,Normal
2026-02-15 09:52:01.487927,NewYork-5cfa,39,52,Normal
2026-02-15 09:52:02.487927,NewYork-5cfa,30,96,Normal
2026-02-15 09:52:03.487927,NewYork-5cfa,11,62,Normal
2026-02-15 09:52:04.487927,NewYork-5cfa,-14,62,Normal
2026-02-15 09:52:05.487927,NewYork-5cfa,16,71,Normal
2026-02-15 09:52:06.487927,NewYork-5cfa,40,45,Normal
2026-02-15 09:52:07.487927,NewYork-5cfa,-24,71,Normal
2026-02-15 09:52:08.487927,NewYork-5cfa,16,41,Normal
2026-02-15 09:52:09.487927,NewYork-5cfa,-11,67,Normal
2026-02-15 09:52:10.487927,NewYork-5cfa,22,53,Normal
2026-02-15 09:52:11.487927,NewYork-5cfa,-20,55,Normal
2026-02-15 09:52:12.487927,NewYork-5cfa,38,60,Normal
2026-02-15 09:52:13.487927,NewYork-5cfa,17,22,Normal
2026-02-15 09:52:14.487927,NewYork-5cfa,-16,90,Normal
2026-02-15 09:52:15.487927,NewYork-5cfa,27,58,Normal
2026-02-15 09:52:16.487927,NewYork-5cfa,2,5,Normal
2026-02-15 09:52:17.487927,NewYork-5cfa,36,20,Normal
2026-02-15 09:52:18.487927,NewYork-5cfa,-11,55,Normal
2026-02-15 09:52:19.487927,NewYork-5cfa,-3,3,Normal
2026-02-15 09:52:20.487927,NewYork-5cfa,20,18,Normal
2026-02-15 09:52:21.487927,NewYork-5cfa,44,100,Normal
2026-02-15 09:52:22.487927,NewYork-5cfa,-25,91,Normal
2026-02-15 09:52:23.487927,NewYork-5cfa,9,14,Normal
2026-02-15 09:52:24.487927,NewYork-5cfa,9,48,Normal
2026-02-15 09:52:25.487927,NewYork-5cfa,10,82,Normal
2026-02-15 09:52:26.487927,NewYork-5cfa,-5,4,Normal
2026-02-15 09:52:27.487927,NewYork-5cfa,-26,26,Normal
2026-02-15 09:52:28.487927,NewYork-5cfa,23,33,Normal
2026-02-15 09:52:29.487927,NewYork-5cfa,-26,43,Normal
2026-02-15 09:52:30.487927,NewYork-5cfa,40,23,Normal
2026-02-15 09:52:31.487927,NewYork-5cfa,7,96,Normal
2026-02-15 09:52:32.487927,NewYork-5cfa,-19,15,Normal
2026-02-15 09:52:33.487927,NewYork-5cfa,7,59,Normal
2026-02-15 09:52:34.487927,NewYork-5cfa,35,13,Normal
2026-02-15 09:52:35.487927,NewYork-5cfa,-2,2,Normal
2026-02-15 09:52:36.487927,NewYork-5cfa,40,20,Normal
2026-02-15 09:52:37.487927,NewYork-5cfa,11,34,Normal
2026-02-15 09:52:38.487927,NewYork-5cfa,24,68,Normal
2026-02-15 09:52:39.487927,NewYork-5cfa,-25,66,Normal
2026-02-15 09:52:40.487927,NewYork-5cfa,24,65,Normal
2026-02-15 09:52:41.487927,NewYork-5cfa,30,82,Normal
2026-02-15 09:52:42.487927,NewYork-5cfa,27,89,Normal
2026-02-15 09:52:43.487927,NewYork-5cfa,9,17,Normal
2026-02-15 09:52:44.487927,NewYork-5cfa,19,54,Normal
2026-02-15 09:52:45.487927,NewYork-5cfa,-21,16,Normal
2026-02-15 09:52:46.487927,NewYork-5cfa,-22,51,Normal
2026-02-15 09:52:47.487927,NewYork-5cfa,24,11,Normal
2026-02-15 09:52:48.487927,NewYork-5cfa,32,45,Normal
2026-02-15 09:52:49.487927,NewYork-5cfa,-21,26,Normal
2026-02-15 09:52:50.487927,NewYork-5cfa,45,75,Normal
2026-02-15 09:52:51.487927,NewYork-5cfa,-28,97,Normal
2026-02-15 09:52:52.487927,NewYork-5cfa,-17,54,Normal
2026-02-15 09:52:53.487927,NewYork-5cfa,-14,17,Normal
2026-02-15 09:52:54.487927,NewYork-5cfa,8,55,Normal
2026-02-15 09:52:55.487927,NewYork-5cfa,20,45,Normal
2026-02-15 09:52:56.487927,NewYork-5cfa,-24,98,Normal
2026-02-15 09:52:57.487927,NewYork-5cfa,-12,99,Normal
2026-02-15 09:52:58.487927,NewYork-5cfa,-18,31,Normal
2026-02-15 09:52:59.487927,NewYork-5cfa,11,14,Normal
2026-02-15 09:53:00.487927,NewYork-5cfa,47,65,Normal
2026-02-15 09:53:01.487927,NewYork-5cfa,44,61,Normal
2026-02-15 09:53:02.487927,NewYork-5cfa,1,54,Normal
2026-02-15 09:53:03.487927,NewYork-5cfa,49,62,Normal
2026-02-15 09:53:04.487927,NewYork-5cfa,38,68,Normal
2026-02-15 09:53:05.487927,NewYork-5cfa,16,37,Normal
2026-02-15 09:53:06.487927,NewYork-5cfa,-11,22,Normal
2026-02-15 09:53:07.487927,NewYork-5cfa,43,27,Normal
2026-02-15 09:53:08.487927,NewYork-5cfa,39,70,Normal
2026-02-15 09:53:09.487927,NewYork-5cfa,5,81,Normal
2026-02-15 09:53:10.487927,NewYork-5cfa,42,14,Normal
2026-02-15 09:53:11.487927,NewYork-5cfa,27,7,Normal
2026-02-15 09:53:12.487927,NewYork-5cfa,33,43,Normal
2026-02-15 09:53:13.487927,NewYork-5cfa,19,4,Normal
2026-02-15 09:53:14.487927,NewYork-5cfa,-1,45,Normal
2026-02-15 09:53:15.487927,NewYork-5cfa,-27,33,Normal
2026-02-15 09:53:16.487927,NewYork-5cfa,22,35,Normal
2026-02-15 09:53:17.487927,NewYork-5cfa,49,17,Normal
2026-02-15 09:53:18.487927,NewYork-5cfa,27,22,Normal
2026-02-15 09:53:19.487927,NewYork-5cfa,-14,67,Normal
2026-02-15 09:53:20.487927,NewYork-5cfa,1,36,Normal
2026-02-15 09:53:21.487927,NewYork-5cfa,38,66,Normal
2026-02-15 09:53:22.487927,NewYork-5cfa,-11,11,Normal
2026-02-15 09:53:23.487927,NewYork-5cfa,10,30,Normal
2026-02-15 09:53:24.487927,NewYork-5cfa,-5,100,Normal
2026-02-15 09:53:25.487927,NewYork-5cfa,48,100,Normal
2026-02-15 09:53:26.487927,NewYork-5cfa,27,0,Normal
2026-02-15 09:53:27.487927,NewYork-5cfa,6,66,Normal
2026-02-15 09:53:28.487927,NewYork-5cfa,5,2,Normal
2026-02-15 09:53:29.487927,NewYork-5cfa,-5,9,Normal
2026-02-15 09:53:30.487927,NewYork-5cfa,-20,95,Normal
2026-02-15 09:53:31.487927,NewYork-5cfa,18,23,Normal
2026-02-15 09:53:32.487927,NewYork-5cfa,-17,54,Normal
2026-02-15 09:53:33.487927,NewYork-5cfa,-29,100,Normal
2026-02-15 09:53:34.487927,NewYork-5cfa,34,29,Normal
2026-02-15 09:53:35.487927,NewYork-5cfa,29,6,Normal
2026-02-15 09:53:36.487927,NewYork-5cfa,11,19,Normal
2026-02-15 09:53:37.487927,NewYork-5cfa,-21,9,Normal
2026-02-15 09:53:38.487927,NewYork-5cfa,44,86,Normal
2026-02-15 09:53:39.487927,NewYork-5cfa,36,81,Normal
2026-02-15 09:53:40.487927,NewYork-5cfa,40,53,Normal
2026-02-15 09:53:41.487927,NewYork-5cfa,-12,75,Normal
2026-02-15 09:53:42.487927,NewYork-5cfa,-22,80,Normal
2026-02-15 09:53:43.487927,NewYork-5cfa,18,58,Normal
2026-02-15 09:53:44.487927,NewYork-5cfa,33,30,Normal
2026-02-15 09:53:45.487927,NewYork-5cfa,19,37,Normal
2026-02-15 09:53:46.487927,NewYork-5cfa,38,29,Normal
2026-02-15 09:53:47.487927,NewYork-5cfa,27,18,Normal
2026-02-15 09:53:48.487927,NewYork-5cfa,9,80,Normal
2026-02-15 09:53:49.487927,NewYork-5cfa,2,30,Normal
2026-02-15 09:53:50.487927,NewYork-5cfa,-8,22,Normal
2026-02-15 09:53:51.487927,NewYork-5cfa,-4,7,Normal
2026-02-15 09:53:52.487927,NewYork-5cfa,22,46,Normal
2026-02-15 09:53:53.487927,NewYork-5cfa,42,85,Normal
2026-02-15 09:53:54.487927,NewYork-5cfa,-26,35,Normal
2026-02-15 09:53:55.487927,NewYork-5cfa,32,91,Normal
2026-02-15 09:53:56.487927,NewYork-5cfa,16,19,Normal
2026-02-15 09:53:57.487927,NewYork-5cfa,14,67,Normal
2026-02-15 09:53:58.487927,NewYork-5cfa,16,50,Normal
2026-02-15 09:53:59.487927,NewYork-5cfa,31,82,Normal
2026-02-15 09:54:00.487927,NewYork-5cfa,-17,15,Normal
2026-02-15 09:54:01.487927,NewYork-5cfa,-4,1,Normal
2026-02-15 09:54:02.487927,NewYork-5cfa,0,65,Normal
2026-02-15 09:54:03.487927,NewYork-5cfa,-15,33,Normal
2026-02-15 09:54:04.487927,NewYork-5cfa,-8,61,Normal
2026-02-15 09:54:05.487927,NewYork-5cfa,-16,79,Normal
2026-02-15 09:54:06.487927,NewYork-5cfa,-11,13,Normal
2026-02-15 09:54:07.487927,NewYork-5cfa,39,43,Normal
2026-02-15 09:54:08.487927,NewYork-5cfa,-28,7,Normal
2026-02-15 09:54:09.487927,NewYork-5cfa,10,54,Normal
2026-02-15 09:54:10.487927,NewYork-5cfa,26,23,Normal
2026-02-15 09:54:11.487927,NewYork-5cfa,-28,95,Normal
2026-02-15 09:54:12.487927,NewYork-5cfa,13,26,Normal
2026-02-15 09:54:13.487927,NewYork-5cfa,-9,96,Normal
2026-02-15 09:54:14.487927,NewYork-5cfa,38,83,Normal
2026-02-15 09:54:15.487927,NewYork-5cfa,45,86,Normal
2026-02-15 09:54:16.487927,NewYork-5cfa,32,87,Normal
2026-02-15 09:54:17.487927,NewYork-5cfa,-13,99,Normal
2026-02-15 09:54:18.487927,NewYork-5cfa,17,50,Normal
2026-02-15 09:54:19.487927,NewYork-5cfa,19,56,Normal
2026-02-15 09:54:20.487927,NewYork-5cfa,-1,2,Normal
2026-02-15 09:54:21.487927,NewYork-5cfa,22,39,Normal
2026-02-15 09:54:22.487927,NewYork-5cfa,26,66,Normal
2026-02-15 09:54:23.487927,NewYork-5cfa,36,34,Normal
2026-02-15 09:54:24.487927,NewYork-5cfa,-17,50,Normal
2026-02-15 09:54:25.487927,NewYork-5cfa,19,68,Normal
2026-02-15 09:54:26.487927,NewYork-5cfa,46,29,Normal
2026-02-15 09:54:27.487927,NewYork-5cfa,-29,82,Normal
2026-02-15 09:54:28.487927,NewYork-5cfa,35,38,Normal
2026-02-15 09:54:29.487927,NewYork-5cfa,-1,97,Normal
2026-02-15 09:54:30.487927,NewYork-5cfa,30,34,Normal
2026-02-15 09:54:31.487927,NewYork-5cfa,-28,71,Normal
2026-02-15 09:54:32.487927,NewYork-5cfa,3,98,Normal
2026-02-15 09:54:33.487927,NewYork-5cfa,30,65,Normal
2026-02-15 09:54:34.487927,NewYork-5cfa,-5,58,Normal
2026-02-15 09:54:35.487927,NewYork-5cfa,-13,28,Normal
2026-02-15 09:54:36.487927,NewYork-5cfa,31,23,Normal
2026-02-15 09:54:37.487927,NewYork-5cfa,2,2,Normal
2026-02-15 09:54:38.487927,NewYork-5cfa,8,19,Normal
2026-02-15 09:54:39.487927,NewYork-5cfa,50,45,Normal
2026-02-15 09:54:40.487927,NewYork-5cfa,-13,56,Normal
2026-02-15 09:54:41.487927,NewYork-5cfa,40,35,Normal
2026-02-15 09:54:42.487927,NewYork-5cfa,-1,34,Normal
2026-02-15 09:54:43.487927,NewYork-5cfa,33,14,Normal
2026-02-15 09:54:44.487927,NewYork-5cfa,39,19,Normal
2026-02-15 09:54:45.487927,NewYork-5cfa,45,86,Normal
2026-02-15 09:54:46.487927,NewYork-5cfa,32,37,Normal
2026-02-15 09:54:47.487927,NewYork-5cfa,4,94,Normal
2026-02-15 09:54:48.487927,NewYork-5cfa,29,22,Normal
2026-02-15 09:54:49.487927,NewYork-5cfa,13,31,Normal
2026-02-15 09:54:50.487927,NewYork-5cfa,12,60,Normal
2026-02-15 09:54:51.487927,NewYork-5cfa,22,94,Normal
2026-02-15 09:54:52.487927,NewYork-5cfa,-28,37,Normal
2026-02-15 09:54:53.487927,NewYork-5cfa,46,20,Normal
2026-02-15 09:54:54.487927,NewYork-5cfa,-13,24,Normal
2026-02-15 09:54:55.487927,NewYork-5cfa,-25,21,Normal
2026-02-15 09:54:56.487927,NewYork-5cfa,-3,68,Normal
2026-02-15 09:54:57.487927,NewYork-5cfa,-22,28,Normal
2026-02-15 09:54:58.487927,NewYork-5cfa,0,70,Normal
2026-02-15 09:54:59.487927,NewYork-5cfa,-30,57,Normal
2026-02-15 09:55:00.487927,NewYork-5cfa,15,17,Normal
2026-02-15 09:55:01.487927,NewYork-5cfa,9,63,Normal
2026-02-15 09:55:02.487927,NewYork-5cfa,-13,2,Normal
2026-02-15 09:55:03.487927,NewYork-5cfa,-21,73,Normal
2026-02-15 09:55:04.487927,NewYork-5cfa,-14,5,Normal
2026-02-15 09:55:05.487927,NewYork-5cfa,39,7,Normal
2026-02-15 09:55:06.487927,NewYork-5cfa,3,92,Normal
2026-02-15 09:55:07.487927,NewYork-5cfa,14,72,Normal
2026-02-15 09:55:08.487927,NewYork-5cfa,-14,39,Normal
2026-02-15 09:55:09.487927,NewYork-5cfa,-29,37,Normal
2026-02-15 09:55:10.487927,NewYork-5cfa,-30,50,Normal
2026-02-15 09:55:11.487927,NewYork-5cfa,-18,48,Normal
2026-02-15 09:55:12.487927,NewYork-5cfa,-29,7,Normal
2026-02-15 09:55:13.487927,NewYork-5cfa,1,7,Normal
2026-02-15 09:55:14.487927,NewYork-5cfa,2,97,Normal
2026-02-15 09:55:15.487927,NewYork-5cfa,8,76,Normal
2026-02-15 09:55:16.487927,NewYork-5cfa,30,31,Normal
2026-02-15 09:55:17.487927,NewYork-5cfa,-27,87,Normal
2026-02-15 09:55:18.487927,NewYork-5cfa,50,29,Normal
2026-02-15 09:55:19.487927,NewYork-5cfa,19,62,Normal
2026-02-15 09:55:20.487927,NewYork-5cfa,11,14,Normal
2026-02-15 09:55:21.487927,NewYork-5cfa,4,66,Normal
2026-02-15 09:55:22.487927,NewYork-5cfa,12,60,Normal
2026-02-15 09:55:23.487927,NewYork-5cfa,11,35,Normal
2026-02-15 09:55:24.487927,NewYork-5cfa,-1,84,Normal
2026-02-15 09:55:25.487927,NewYork-5cfa,-18,91,Normal
2026-02-15 09:55:26.487927,NewYork-5cfa,7,15,Normal
2026-02-15 09:55:27.487927,NewYork-5cfa,-17,93,Normal
2026-02-15 09:55:28.487927,NewYork-5cfa,-22,61,Normal
2026-02-15 09:55:29.487927,NewYork-5cfa,44,40,Normal
2026-02-15 09:55:30.487927,NewYork-5cfa,47,45,Normal
2026-02-15 09:55:31.487927,NewYork-5cfa,40,95,Normal
2026-02-15 09:55:32.487927,NewYork-5cfa,34,46,Normal
2026-02-15 09:55:33.487927,NewYork-5cfa,1,76,Normal
2026-02-15 09:55:34.487927,NewYork-5cfa,45,72,Normal
2026-02-15 09:55:35.487927,NewYork-5cfa,8,63,Normal
2026-02-15 09:55:36.487927,NewYork-5cfa,21,77,Normal
2026-02-15 09:55:37.487927,NewYork-5cfa,49,11,Normal
2026-02-15 09:55:38.487927,NewYork-5cfa,44,79,Normal
2026-02-15 09:55:39.487927,NewYork-5cfa,42,43,Normal
2026-02-15 09:55:40.487927,NewYork-5cfa,-7,58,Normal
2026-02-15 09:55:41.487927,NewYork-5cfa,-9,40,Normal
2026-02-15 09:55:42.487927,NewYork-5cfa,-27,78,Normal
2026-02-15 09:55:43.487927,NewYork-5cfa,-6,40,Normal
2026-02-15 09:55:44.487927,NewYork-5cfa,33,89,Normal
2026-02-15 09:55:45.487927,NewYork-5cfa,21,2,Normal
2026-02-15 09:55:46.487927,NewYork-5cfa,-21,35,Normal
2026-02-15 09:55:47.487927,NewYork-5cfa,-14,9,Normal
2026-02-15 09:55:48.487927,NewYork-5cfa,-9,94,Normal
2026-02-15 09:55:49.487927,NewYork-5cfa,2,79,Normal
2026-02-15 09:55:50.487927,NewYork-5cfa,-21,8,Normal
2026-02-15 09:55:51.487927,NewYork-5cfa,-15,57,Normal
2026-02-15 09:55:52.487927,NewYork-5cfa,20,19,Normal
2026-02-15 09:55:53.487927,NewYork-5cfa,12,25,Normal
2026-02-15 09:55:54.487927,NewYork-5cfa,-15,18,Normal
2026-02-15 09:55:55.487927,NewYork-5cfa,-6,41,Normal
2026-02-15 09:55:56.487927,NewYork-5cfa,32,71,Normal
2026-02-15 09:55:57.487927,NewYork-5cfa,21,59,Normal
2026-02-15 09:55:58.487927,NewYork-5cfa,7,29,Normal
2026-02-15 09:55:59.487927,NewYork-5cfa,15,89,Normal
2026-02-15 09:56:00.487927,NewYork-5cfa,11,43,Normal
2026-02-15 09:56:01.487927,NewYork-5cfa,20,24,Normal
2026-02-15 09:56:02.487927,NewYork-5cfa,-26,53,Normal
2026-02-15 09:56:03.487927,NewYork-5cfa,-26,17,Normal
2026-02-15 09:56:04.487927,NewYork-5cfa,13,3,Normal
2026-02-15 09:56:05.487927,NewYork-5cfa,-21,74,Normal
2026-02-15 09:56:06.487927,NewYork-5cfa,48,13,Normal
2026-02-15 09:56:07.487927,NewYork-5cfa,-2,49,Normal
2026-02-15 09:56:08.487927,NewYork-5cfa,21,72,Normal
2026-02-15 09:56:09.487927,NewYork-5cfa,17,61,Normal
2026-02-15 09:56:10.487927,NewYork-5cfa,-30,60,Normal
2026-02-15 09:56:11.487927,NewYork-5cfa,35,94,Normal
2026-02-15 09:56:12.487927,NewYork-5cfa,-1,89,Normal
2026-02-15 09:56:13.487927,NewYork-5cfa,24,11,Normal
2026-02-15 09:56:14.487927,NewYork-5cfa,14,14,Normal
2026-02-15 09:56:15.487927,NewYork-5cfa,12,69,Normal
2026-02-15 09:56:16.487927,NewYork-5cfa,6,21,Normal
2026-02-15 09:56:17.487927,NewYork-5cfa,40,71,Normal
2026-02-15 09:56:18.487927,NewYork-5cfa,23,21,Normal
2026-02-15 09:56:19.487927,NewYork-5cfa,22,14,Normal
2026-02-15 09:56:20.487927,NewYork-5cfa,-4,9,Normal
2026-02-15 09:56:21.487927,NewYork-5cfa,11,79,Normal
2026-02-15 09:56:22.487927,NewYork-5cfa,-12,47,Normal
2026-02-15 09:56:23.487927,NewYork-5cfa,20,8,Normal
2026-02-15 09:56:24.487927,NewYork-5cfa,12,74,Normal
2026-02-15 09:56:25.487927,NewYork-5cfa,-3,56,Normal
2026-02-15 09:56:26.487927,NewYork-5cfa,-10,12,Normal
2026-02-15 09:56:27.487927,NewYork-5cfa,-26,21,Normal
2026-02-15 09:56:28.487927,NewYork-5cfa,-27,96,Normal
2026-02-15 09:56:29.487927,NewYork-5cfa,16,92,Normal
2026-02-15 09:56:30.487927,NewYork-5cfa,-30,66,Normal
2026-02-15 09:56:31.487927,NewYork-5cfa,35,81,Normal
2026-02-15 09:56:32.487927,NewYork-5cfa,39,5,Normal
2026-02-15 09:56:33.487927,NewYork-5cfa,15,14,Normal
2026-02-15 09:56:34.487927,NewYork-5cfa,-10,82,Normal
2026-02-15 09:56:35.487927,NewYork-5cfa,1,95,Normal
2026-02-15 09:56:36.487927,NewYork-5cfa,-20,26,Normal
2026-02-15 09:56:37.487927,NewYork-5cfa,25,61,Normal
2026-02-15 09:56:38.487927,NewYork-5cfa,-27,39,Normal
2026-02-15 09:56:39.487927,NewYork-5cfa,-13,68,Normal
2026-02-15 09:56:40.487927,NewYork-5cfa,-9,10,Normal
2026-02-15 09:56:41.487927,NewYork-5cfa,10,16,Normal
2026-02-15 09:56:42.487927,NewYork-5cfa,-16,97,Normal
2026-02-15 09:56:43.487927,NewYork-5cfa,-11,64,Normal
2026-02-15 09:56:44.487927,NewYork-5cfa,-24,30,Normal
2026-02-15 09:56:45.487927,NewYork-5cfa,-2,30,Normal
2026-02-15 09:56:46.487927,NewYork-5cfa,38,59,Normal
2026-02-15 09:56:47.487927,NewYork-5cfa,40,89,Normal
2026-02-15 09:56:48.487927,NewYork-5cfa,15,21,Normal
2026-02-15 09:56:49.487927,NewYork-5cfa,-16,33,Normal
2026-02-15 09:56:50.487927,NewYork-5cfa,-24,69,Normal
2026-02-15 09:56:51.487927,NewYork-5cfa,-3,99,Normal
2026-02-15 09:56:52.487927,NewYork-5cfa,8,96,Normal
2026-02-15 09:56:53.487927,NewYork-5cfa,23,6,Normal
2026-02-15 09:56:54.487927,NewYork-5cfa,36,6,Normal
2026-02-15 09:56:55.487927,NewYork-5cfa,-14,30,Normal
2026-02-15 09:56:56.487927,NewYork-5cfa,-20,20,Normal
2026-02-15 09:56:57.487927,NewYork-5cfa,32,30,Normal
2026-02-15 09:56:58.487927,NewYork-5cfa,34,65,Normal
2026-02-15 09:56:59.487927,NewYork-5cfa,42,38,Normal
2026-02-15 09:57:00.487927,NewYork-5cfa,9,53,Normal
2026-02-15 09:57:01.487927,NewYork-5cfa,1,24,Normal
2026-02-15 09:57:02.487927,NewYork-5cfa,-6,53,Normal
2026-02-15 09:57:03.487927,NewYork-5cfa,35,34,Normal
2026-02-15 09:57:04.487927,NewYork-5cfa,-27,88,Normal
2026-02-15 09:57:05.487927,NewYork-5cfa,-24,55,Normal
2026-02-15 09:57:06.487927,NewYork-5cfa,-20,51,Normal
2026-02-15 09:57:07.487927,NewYork-5cfa,39,82,Normal
2026-02-15 09:57:08.487927,NewYork-5cfa,2,56,Normal
2026-02-15 09:57:09.487927,NewYork-5cfa,-8,57,Normal
2026-02-15 09:57:10.487927,NewYork-5cfa,6,56,Normal
2026-02-15 09:57:11.487927,NewYork-5cfa,44,64,Normal
2026-02-15 09:57:12.487927,NewYork-5cfa,23,42,Normal
2026-02-15 09:57:13.487927,NewYork-5cfa,48,10,Normal
2026-02-15 09:57:14.487927,NewYork-5cfa,11,6,Normal
2026-02-15 09:57:15.487927,NewYork-5cfa,-2,75,Normal
2026-02-15 09:57:16.487927,NewYork-5cfa,-23,22,Normal
2026-02-15 09:57:17.487927,NewYork-5cfa,14,28,Normal
2026-02-15 09:57:18.487927,NewYork-5cfa,34,7,Normal
2026-02-15 09:57:19.487927,NewYork-5cfa,-19,35,Normal
2026-02-15 09:57:20.487927,NewYork-5cfa,20,57,Normal
2026-02-15 09:57:21.487927,NewYork-5cfa,0,96,Normal
2026-02-15 09:57:22.487927,NewYork-5cfa,39,6,Normal
2026-02-15 09:57:23.487927,NewYork-5cfa,-23,2,Normal
2026-02-15 09:57:24.487927,NewYork-5cfa,22,51,Normal
2026-02-15 09:57:25.487927,NewYork-5cfa,-18,87,Normal
2026-02-15 09:57:26.487927,NewYork-5cfa,24,80,Normal
2026-02-15 09:57:27.487927,NewYork-5cfa,20,58,Normal
2026-02-15 09:57:28.487927,NewYork-5cfa,21,16,Normal
2026-02-15 09:57:29.487927,NewYork-5cfa,25,43,Normal
2026-02-15 09:57:30.487927,NewYork-5cfa,18,68,Normal
2026-02-15 09:57:31.487927,NewYork-5cfa,-20,9,Normal
2026-02-15 09:57:32.487927,NewYork-5cfa,46,34,Normal
2026-02-15 09:57:33.487927,NewYork-5cfa,19,96,Normal
2026-02-15 09:57:34.487927,NewYork-5cfa,-8,98,Normal
2026-02-15 09:57:35.487927,NewYork-5cfa,23,65,Normal
2026-02-15 09:57:36.487927,NewYork-5cfa,15,4,Normal
2026-02-15 09:57:37.487927,NewYork-5cfa,-21,39,Normal
2026-02-15 09:57:38.487927,NewYork-5cfa,-4,14,Normal
2026-02-15 09:57:39.487927,NewYork-5cfa,50,98,Normal
2026-02-15 09:57:40.487927,NewYork-5cfa,28,22,Normal
2026-02-15 09:57:41.487927,NewYork-5cfa,1,75,Normal
2026-02-15 09:57:42.487927,NewYork-5cfa,27,2,Normal
2026-02-15 09:57:43.487927,NewYork-5cfa,-21,0,Normal
2026-02-15 09:57:44.487927,NewYork-5cfa,19,63,Normal
2026-02-15 09:57:45.487927,NewYork-5cfa,-2,61,Normal
2026-02-15 09:57:46.487927,NewYork-5cfa,1,99,Normal
2026-02-15 09:57:47.487927,NewYork-5cfa,38,92,Normal
2026-02-15 09:57:48.487927,NewYork-5cfa,36,81,Normal
2026-02-15 09:57:49.487927,NewYork-5cfa,-28,43,Normal
2026-02-15 09:57:50.487927,NewYork-5cfa,17,11,Normal
2026-02-15 09:57:51.487927,NewYork-5cfa,46,92,Normal
2026-02-15 09:57:52.487927,NewYork-5cfa,11,59,Normal
2026-02-15 09:57:53.487927,NewYork-5cfa,22,36,Normal
2026-02-15 09:57:54.487927,NewYork-5cfa,-23,46,Normal
2026-02-15 09:57:55.487927,NewYork-5cfa,5,3,Normal
2026-02-15 09:57:56.487927,NewYork-5cfa,49,93,Normal
2026-02-15 09:57:57.487927,NewYork-5cfa,-12,60,Normal
2026-02-15 09:57:58.487927,NewYork-5cfa,26,43,Normal
2026-02-15 09:57:59.487927,NewYork-5cfa,-28,73,Normal
2026-02-15 09:58:00.487927,NewYork-5cfa,-5,71,Normal
2026-02-15 09:58:01.487927,NewYork-5cfa,-14,18,Normal
2026-02-15 09:58:02.487927,NewYork-5cfa,-25,36,Normal
2026-02-15 09:58:03.487927,NewYork-5cfa,-6,0,Normal
2026-02-15 09:58:04.487927,NewYork-5cfa,27,44,Normal
2026-02-15 09:58:05.487927,NewYork-5cfa,46,43,Normal
2026-02-15 09:58:06.487927,NewYork-5cfa,-5,47,Normal
2026-02-15 09:58:07.487927,NewYork-5cfa,4,15,Normal
2026-02-15 09:58:08.487927,NewYork-5cfa,48,17,Normal
2026-02-15 09:58:09.487927,NewYork-5cfa,41,57,Normal
2026-02-15 09:58:10.487927,NewYork-5cfa,39,28,Normal
2026-02-15 09:58:11.487927,NewYork-5cfa,45,80,Normal
2026-02-15 09:58:12.487927,NewYork-5cfa,-5,80,Normal
2026-02-15 09:58:13.487927,NewYork-5cfa,-20,71,Normal
2026-02-15 09:58:14.487927,NewYork-5cfa,-12,47,Normal
2026-02-15 09:58:15.487927,NewYork-5cfa,22,74,Normal
2026-02-15 09:58:16.487927,NewYork-5cfa,46,91,Normal
2026-02-15 09:58:17.487927,NewYork-5cfa,41,37,Normal
2026-02-15 09:58:18.487927,NewYork-5cfa,4,94,Normal
2026-02-15 09:58:19.487927,NewYork-5cfa,-12,10,Normal
2026-02-15 09:58:20.487927,NewYork-5cfa,-23,49,Normal
2026-02-15 09:58:21.487927,NewYork-5cfa,-12,51,Normal
2026-02-15 09:58:22.487927,NewYork-5cfa,-29,65,Normal
2026-02-15 09:58:23.487927,NewYork-5cfa,32,52,Normal
2026-02-15 09:58:24.487927,NewYork-5cfa,24,11,Normal
2026-02-15 09:58:25.487927,NewYork-5cfa,50,78,Normal
2026-02-15 09:58:26.487927,NewYork-5cfa,49,61,Normal
2026-02-15 09:58:27.487927,NewYork-5cfa,41,99,Normal
2026-02-15 09:58:28.487927,NewYork-5cfa,-29,13,Normal
2026-02-15 09:58:29.487927,NewYork-5cfa,32,72,Normal
2026-02-15 09:58:30.487927,NewYork-5cfa,44,83,Normal
2026-02-15 09:58:31.487927,NewYork-5cfa,-8,16,Normal
2026-02-15 09:58:32.487927,NewYork-5cfa,-5,28,Normal
2026-02-15 09:58:33.487927,NewYork-5cfa,48,49,Normal
2026-02-15 09:58:34.487927,NewYork-5cfa,11,21,Normal
2026-02-15 09:58:35.487927,NewYork-5cfa,-11,33,Normal
2026-02-15 09:58:36.487927,NewYork-5cfa,-23,4,Normal
2026-02-15 09:58:37.487927,NewYork-5cfa,20,70,Normal
2026-02-15 09:58:38.487927,NewYork-5cfa,37,76,Normal
2026-02-15 09:58:39.487927,NewYork-5cfa,20,93,Normal
2026-02-15 09:58:40.487927,NewYork-5cfa,-27,87,Normal
2026-02-15 09:58:41.487927,NewYork-5cfa,-13,91,Normal
2026-02-15 09:58:42.487927,NewYork-5cfa,31,9,Normal
2026-02-15 09:58:43.487927,NewYork-5cfa,-4,76,Normal
2026-02-15 09:58:44.487927,NewYork-5cfa,36,91,Normal
2026-02-15 09:58:45.487927,NewYork-5cfa,3,83,Normal
2026-02-15 09:58:46.487927,NewYork-5cfa,29,36,Normal
2026-02-15 09:58:47.487927,NewYork-5cfa,16,30,Normal
2026-02-15 09:58:48.487927,NewYork-5cfa,3,7,Normal
2026-02-15 09:58:49.487927,NewYork-5cfa,-23,74,Normal
2026-02-15 09:58:50.487927,NewYork-5cfa,-18,63,Normal
2026-02-15 09:58:51.487927,NewYork-5cfa,-11,100,Normal
2026-02-15 09:58:52.487927,NewYork-5cfa,48,41,Normal
2026-02-15 09:58:53.487927,NewYork-5cfa,46,2,Normal
2026-02-15 09:58:54.487927,NewYork-5cfa,25,72,Normal
2026-02-15 09:58:55.487927,NewYork-5cfa,28,17,Normal
2026-02-15 09:58:56.487927,NewYork-5cfa,-15,35,Normal
