timestamp,station_id,temp,humid,condition
2026-02-15 03:22:32.688933,London-e867,49,10,Normal
2026-02-15 03:22:33.688933,London-e867,-30,20,Normal
2026-02-15 03:22:34.688933,London-e867,34,49,Normal
2026-02-15 03:22:35.688933,London-e867,-6,14,Normal
2026-02-15 03:22:36.688933,London-e867,-1,68,Normal
2026-02-15 03:22:37.688933,London-e867,6,63,Normal
2026-02-15 03:22:38.688933,London-e867,15,47,Normal
2026-02-15 03:22:39.688933,London-e867,39,23,Normal
2026-02-15 03:22:40.688933,London-e867,-1,24,Normal
2026-02-15 03:22:41.688933,London-e867,24,8,Normal
2026-02-15 03:22:42.688933,London-e867,15,11,Normal
2026-02-15 03:22:43.688933,London-e867,8,86,Normal
2026-02-15 03:22:44.688933,London-e867,-22,25,Normal
2026-02-15 03:22:45.688933,London-e867,31,53,Normal
2026-02-15 03:22:46.688933,London-e867,-27,52,Normal
2026-02-15 03:22:47.688933,London-e867,32,68,Normal
2026-02-15 03:22:48.688933,London-e867,32,14,Normal
2026-02-15 03:22:49.688933,London-e867,7,89,Normal
2026-02-15 03:22:50.688933,London-e867,-25,38,Normal
2026-02-15 03:22:51.688933,London-e867,26,74,Normal
2026-02-15 03:22:52.688933,London-e867,31,28,Normal
2026-02-15 03:22:53.688933,London-e867,-29,54,Normal
2026-02-15 03:22:54.688933,London-e867,44,6,Normal
2026-02-15 03:22:55.688933,London-e867,3,42,Normal
2026-02-15 03:22:56.688933,London-e867,33,69,Normal
2026-02-15 03:22:57.688933,London-e867,34,44,Normal
2026-02-15 03:22:58.688933,London-e867,22,88,Normal
2026-02-15 03:22:59.688933,London-e867,9,55,Normal
2026-02-15 03:23:00.688933,London-e867,50,46,Normal
2026-02-15 03:23:01.688933,London-e867,-19,76,Normal
2026-02-15 03:23:02.688933,London-e867,-24,74,Normal
2026-02-15 03:23:03.688933,London-e867,18,18,Normal
2026-02-15 03:23:04.688933,London-e867,-5,93,Normal
2026-02-15 03:23:05.688933,London-e867,-25,65,Normal
2026-02-15 03:23:06.688933,London-e867,50,63,Normal
2026-02-15 03:23:07.688933,London-e867,21,15,Normal
2026-02-15 03:23:08.688933,London-e867,-15,68,Normal
2026-02-15 03:23:09.688933,London-e867,43,74,Normal
2026-02-15 03:23:10.688933,London-e867,-25,91,Normal
2026-02-15 03:23:11.688933,London-e867,-10,50,Normal
2026-02-15 03:23:12.688933,London-e867,49,32,Normal
2026-02-15 03:23:13.688933,London-e867,-23,70,Normal
2026-02-15 03:23:14.688933,London-e867,-29,38,Normal
2026-02-15 03:23:15.688933,London-e867,22,69,Normal
2026-02-15 03:23:16.688933,London-e867,32,39,Normal
2026-02-15 03:23:17.688933,London-e867,26,64,Normal
2026-02-15 03:23:18.688933,London-e867,37,42,Normal
2026-02-15 03:23:19.688933,London-e867,8,25,Normal
2026-02-15 03:23:20.688933,London-e867,-21,41,Normal
2026-02-15 03:23:21.688933,London-e867,-20,100,Normal
2026-02-15 03:23:22.688933,London-e867,-22,59,Normal
2026-02-15 03:23:23.688933,London-e867,6,1,Normal
2026-02-15 03:23:24.688933,London-e867,33,25,Normal
2026-02-15 03:23:25.688933,London-e867,40,88,Normal
2026-02-15 03:23:26.688933,London-e867,15,48,Normal
2026-02-15 03:23:27.688933,London-e867,37,30,Normal
2026-02-15 03:23:28.688933,London-e867,-1,8,Normal
2026-02-15 03:23:29.688933,London-e867,-14,22,Normal
2026-02-15 03:23:30.688933,London-e867,23,34,Normal
2026-02-15 03:23:31.688933,London-e867,-8,7,Normal
2026-02-15 03:23:32.688933,London-e867,0,50,Normal
2026-02-15 03:23:33.688933,London-e867,28,15,Normal
2026-02-15 03:23:34.688933,London-e867,40,80,Normal
2026-02-15 03:23:35.688933,London-e867,25,33,Normal
2026-02-15 03:23:36.688933,London-e867,-11,58,Normal
2026-02-15 03:23:37.688933,London-e867,1,94,Normal
2026-02-15 03:23:38.688933,London-e867,22,63,Normal
2026-02-15 03:23:39.688933,London-e867,47,22,Normal
2026-02-15 03:23:40.688933,London-e867,-26,48,Normal
2026-02-15 03:23:41.688933,London-e867,21,4,Normal
2026-02-15 03:23:42.688933,London-e867,50,1,Normal
2026-02-15 03:23:43.688933,London-e867,33,34,Normal
2026-02-15 03:23:44.688933,London-e867,20,80,Normal
2026-02-15 03:23:45.688933,London-e867,-22,99,Normal
2026-02-15 03:23:46.688933,London-e867,49,97,Normal
2026-02-15 03:23:47.688933,London-e867,37,62,Normal
2026-02-15 03:23:48.688933,London-e867,-22,1,Normal
2026-02-15 03:23:49.688933,London-e867,15,50,Normal
2026-02-15 03:23:50.688933,London-e867,-11,64,Normal
2026-02-15 03:23:51.688933,London-e867,35,42,Normal
2026-02-15 03:23:52.688933,London-e867,-12,78,Normal
2026-02-15 03:23:53.688933,London-e867,7,80,Normal
2026-02-15 03:23:54.688933,London-e867,19,18,Normal
2026-02-15 03:23:55.688933,London-e867,2,20,Normal
2026-02-15 03:23:56.688933,London-e867,-1,81,Normal
2026-02-15 03:23:57.688933,London-e867,-25,55,Normal
2026-02-15 03:23:58.688933,London-e867,22,85,Normal
2026-02-15 03:23:59.688933,London-e867,-23,72,Normal
2026-02-15 03:24:00.688933,London-e867,47,46,Normal
2026-02-15 03:24:01.688933,London-e867,17,4,Normal
2026-02-15 03:24:02.688933,London-e867,27,97,Normal
2026-02-15 03:24:03.688933,London-e867,1,13,Normal
2026-02-15 03:24:04.688933,London-e867,38,79,Normal
2026-02-15 03:24:05.688933,London-e867,-22,49,Normal
2026-02-15 03:24:06.688933,London-e867,48,19,Normal
2026-02-15 03:24:07.688933,London-e867,39,80,Normal
2026-02-15 03:24:08.688933,London-e867,-7,35,Normal
2026-02-15 03:24:09.688933,London-e867,18,48,Normal
2026-02-15 03:24:10.688933,London-e867,-23,44,Normal
2026-02-15 03:24:11.688933,London-e867,16,25,Normal
2026-02-15 03:24:12.688933,London-e867,11,15,Normal
2026-02-15 03:24:13.688933,London-e867,50,55,Normal
2026-02-15 03:24:14.688933,London-e867,-13,43,Normal
2026-02-15 03:24:15.688933,London-e867,46,8,Normal
2026-02-15 03:24:16.688933,London-e867,4,59,Normal
2026-02-15 03:24:17.688933,London-e867,-10,27,Normal
2026-02-15 03:24:18.688933,London-e867,30,23,Normal
2026-02-15 03:24:19.688933,London-e867,-14,85,Normal
2026-02-15 03:24:20.688933,London-e867,-22,63,Normal
2026-02-15 03:24:21.688933,London-e867,-21,27,Normal
2026-02-15 03:24:22.688933,London-e867,-25,69,Normal
2026-02-15 03:24:23.688933,London-e867,34,66,Normal
2026-02-15 03:24:24.688933,London-e867,-14,1,Normal
2026-02-15 03:24:25.688933,London-e867,29,58,Normal
2026-02-15 03:24:26.688933,London-e867,43,31,Normal
2026-02-15 03:24:27.688933,London-e867,49,17,Normal
2026-02-15 03:24:28.688933,London-e867,-25,79,Normal
2026-02-15 03:24:29.688933,London-e867,13,92,Normal
2026-02-15 03:24:30.688933,London-e867,24,43,Normal
2026-02-15 03:24:31.688933,London-e867,14,69,Normal
2026-02-15 03:24:32.688933,London-e867,-9,21,Normal
2026-02-15 03:24:33.688933,London-e867,50,95,Normal
2026-02-15 03:24:34.688933,London-e867,-1,81,Normal
2026-02-15 03:24:35.688933,London-e867,45,79,Normal
2026-02-15 03:24:36.688933,London-e867,9,100,Normal
2026-02-15 03:24:37.688933,London-e867,-20,79,Normal
2026-02-15 03:24:38.688933,London-e867,-16,91,Normal
2026-02-15 03:24:39.688933,London-e867,-11,59,Normal
2026-02-15 03:24:40.688933,London-e867,30,81,Normal
2026-02-15 03:24:41.688933,London-e867,-24,82,Normal
2026-02-15 03:24:42.688933,London-e867,41,32,Normal
2026-02-15 03:24:43.688933,London-e867,-12,90,Normal
2026-02-15 03:24:44.688933,London-e867,17,98,Normal
2026-02-15 03:24:45.688933,London-e867,8,50,Normal
2026-02-15 03:24:46.688933,London-e867,37,84,Normal
2026-02-15 03:24:47.688933,London-e867,22,59,Normal
2026-02-15 03:24:48.688933,London-e867,4,18,Normal
2026-02-15 03:24:49.688933,London-e867,-7,51,Normal
2026-02-15 03:24:50.688933,London-e867,-29,48,Normal
2026-02-15 03:24:51.688933,London-e867,38,33,Normal
2026-02-15 03:24:52.688933,London-e867,4,56,Normal
2026-02-15 03:24:53.688933,London-e867,50,55,Normal
2026-02-15 03:24:54.688933,London-e867,-25,68,Normal
2026-02-15 03:24:55.688933,London-e867,-12,52,Normal
2026-02-15 03:24:56.688933,London-e867,2,24,Normal
2026-02-15 03:24:57.688933,London-e867,-8,28,Normal
2026-02-15 03:24:58.688933,London-e867,46,33,Normal
2026-02-15 03:24:59.688933,London-e867,-24,33,Normal
2026-02-15 03:25:00.688933,London-e867,2,37,Normal
2026-02-15 03:25:01.688933,London-e867,31,1,Normal
2026-02-15 03:25:02.688933,London-e867,-7,29,Normal
2026-02-15 03:25:03.688933,London-e867,11,15,Normal
2026-02-15 03:25:04.688933,London-e867,20,25,Normal
2026-02-15 03:25:05.688933,London-e867,21,28,Normal
2026-02-15 03:25:06.688933,London-e867,8,83,Normal
2026-02-15 03:25:07.688933,London-e867,11,78,Normal
2026-02-15 03:25:08.688933,London-e867,44,20,Normal
2026-02-15 03:25:09.688933,London-e867,8,82,Normal
2026-02-15 03:25:10.688933,London-e867,4,38,Normal
2026-02-15 03:25:11.688933,London-e867,23,38,Normal
2026-02-15 03:25:12.688933,London-e867,11,19,Normal
2026-02-15 03:25:13.688933,London-e867,-19,7,Normal
2026-02-15 03:25:14.688933,London-e867,4,77,Normal
2026-02-15 03:25:15.688933,London-e867,50,86,Normal
2026-02-15 03:25:16.688933,London-e867,37,74,Normal
2026-02-15 03:25:17.688933,London-e867,20,17,Normal
2026-02-15 03:25:18.688933,London-e867,0,99,Normal
2026-02-15 03:25:19.688933,London-e867,25,91,Normal
2026-02-15 03:25:20.688933,London-e867,-24,14,Normal
2026-02-15 03:25:21.688933,London-e867,0,78,Normal
2026-02-15 03:25:22.688933,London-e867,7,76,Normal
2026-02-15 03:25:23.688933,London-e867,11,27,Normal
2026-02-15 03:25:24.688933,London-e867,-2,16,Normal
2026-02-15 03:25:25.688933,London-e867,26,25,Normal
2026-02-15 03:25:26.688933,London-e867,42,2,Normal
2026-02-15 03:25:27.688933,London-e867,27,8,Normal
2026-02-15 03:25:28.688933,London-e867,-16,64,Normal
2026-02-15 03:25:29.688933,London-e867,-26,88,Normal
2026-02-15 03:25:30.688933,London-e867,-23,89,Normal
2026-02-15 03:25:31.688933,London-e867,-14,96,Normal
2026-02-15 03:25:32.688933,London-e867,-2,66,Normal
2026-02-15 03:25:33.688933,London-e867,40,12,Normal
2026-02-15 03:25:34.688933,London-e867,10,19,Normal
2026-02-15 03:25:35.688933,London-e867,-13,21,Normal
2026-02-15 03:25:36.688933,London-e867,4,35,Normal
2026-02-15 03:25:37.688933,London-e867,-29,97,Normal
2026-02-15 03:25:38.688933,London-e867,46,97,Normal
2026-02-15 03:25:39.688933,London-e867,0,0,Normal
2026-02-15 03:25:40.688933,London-e867,-23,37,Normal
2026-02-15 03:25:41.688933,London-e867,10,21,Normal
2026-02-15 03:25:42.688933,London-e867,33,19,Normal
2026-02-15 03:25:43.688933,London-e867,-18,24,Normal
2026-02-15 03:25:44.688933,London-e867,26,48,Normal
2026-02-15 03:25:45.688933,London-e867,45,84,Normal
2026-02-15 03:25:46.688933,London-e867,-12,26,Normal
2026-02-15 03:25:47.688933,London-e867,34,10,Normal
2026-02-15 03:25:48.688933,London-e867,16,76,Normal
2026-02-15 03:25:49.688933,London-e867,-20,71,Normal
2026-02-15 03:25:50.688933,London-e867,-20,69,Normal
2026-02-15 03:25:51.688933,London-e867,-14,73,Normal
2026-02-15 03:25:52.688933,London-e867,32,50,Normal
2026-02-15 03:25:53.688933,London-e867,3,66,Normal
2026-02-15 03:25:54.688933,London-e867,35,7,Normal
2026-02-15 03:25:55.688933,London-e867,0,59,Normal
2026-02-15 03:25:56.688933,London-e867,-26,74,Normal
2026-02-15 03:25:57.688933,London-e867,-2,92,Normal
2026-02-15 03:25:58.688933,London-e867,-16,88,Normal
2026-02-15 03:25:59.688933,London-e867,6,75,Normal
2026-02-15 03:26:00.688933,London-e867,4,74,Normal
2026-02-15 03:26:01.688933,London-e867,17,78,Normal
2026-02-15 03:26:02.688933,London-e867,-10,1,Normal
2026-02-15 03:26:03.688933,London-e867,-8,72,Normal
2026-02-15 03:26:04.688933,London-e867,-19,65,Normal
2026-02-15 03:26:05.688933,London-e867,13,6,Normal
2026-02-15 03:26:06.688933,London-e867,-4,38,Normal
2026-02-15 03:26:07.688933,London-e867,15,49,Normal
2026-02-15 03:26:08.688933,London-e867,-9,80,Normal
2026-02-15 03:26:09.688933,London-e867,23,100,Normal
2026-02-15 03:26:10.688933,London-e867,29,30,Normal
2026-02-15 03:26:11.688933,London-e867,-2,49,Normal
2026-02-15 03:26:12.688933,London-e867,-12,74,Normal
2026-02-15 03:26:13.688933,London-e867,33,61,Normal
2026-02-15 03:26:14.688933,London-e867,47,42,Normal
2026-02-15 03:26:15.688933,London-e867,31,53,Normal
2026-02-15 03:26:16.688933,London-e867,-26,6,Normal
2026-02-15 03:26:17.688933,London-e867,-10,64,Normal
2026-02-15 03:26:18.688933,London-e867,19,45,Normal
2026-02-15 03:26:19.688933,London-e867,48,70,Normal
2026-02-15 03:26:20.688933,London-e867,7,87,Normal
2026-02-15 03:26:21.688933,London-e867,22,86,Normal
2026-02-15 03:26:22.688933,London-e867,32,61,Normal
2026-02-15 03:26:23.688933,London-e867,30,29,Normal
2026-02-15 03:26:24.688933,London-e867,-12,58,Normal
2026-02-15 03:26:25.688933,London-e867,-22,99,Normal
2026-02-15 03:26:26.688933,London-e867,-17,5,Normal
2026-02-15 03:26:27.688933,London-e867,16,25,Normal
2026-02-15 03:26:28.688933,London-e867,-29,73,Normal
2026-02-15 03:26:29.688933,London-e867,-20,65,Normal
2026-02-15 03:26:30.688933,London-e867,-25,98,Normal
2026-02-15 03:26:31.688933,London-e867,17,71,Normal
2026-02-15 03:26:32.688933,London-e867,28,67,Normal
2026-02-15 03:26:33.688933,London-e867,7,44,Normal
2026-02-15 03:26:34.688933,London-e867,-22,49,Normal
2026-02-15 03:26:35.688933,London-e867,35,72,Normal
2026-02-15 03:26:36.688933,London-e867,3,71,Normal
2026-02-15 03:26:37.688933,London-e867,5,94,Normal
2026-02-15 03:26:38.688933,London-e867,33,26,Normal
2026-02-15 03:26:39.688933,London-e867,27,61,Normal
2026-02-15 03:26:40.688933,London-e867,45,61,Normal
2026-02-15 03:26:41.688933,London-e867,18,47,Normal
2026-02-15 03:26:42.688933,London-e867,17,75,Normal
2026-02-15 03:26:43.688933,London-e867,41,75,Normal
2026-02-15 03:26:44.688933,London-e867,-24,21,Normal
2026-02-15 03:26:45.688933,London-e867,40,28,Normal
2026-02-15 03:26:46.688933,London-e867,46,9,Normal
2026-02-15 03:26:47.688933,London-e867,5,82,Normal
2026-02-15 03:26:48.688933,London-e867,45,76,Normal
2026-02-15 03:26:49.688933,London-e867,11,35,Normal
2026-02-15 03:26:50.688933,London-e867,-2,25,Normal
2026-02-15 03:26:51.688933,London-e867,-24,63,Normal
2026-02-15 03:26:52.688933,London-e867,16,99,Normal
2026-02-15 03:26:53.688933,London-e867,44,25,Normal
2026-02-15 03:26:54.688933,London-e867,21,32,Normal
2026-02-15 03:26:55.688933,London-e867,17,38,Normal
2026-02-15 03:26:56.688933,London-e867,-19,89,Normal
2026-02-15 03:26:57.688933,London-e867,-9,39,Normal
2026-02-15 03:26:58.688933,London-e867,19,78,Normal
2026-02-15 03:26:59.688933,London-e867,31,61,Normal
2026-02-15 03:27:00.688933,London-e867,-20,94,Normal
2026-02-15 03:27:01.688933,London-e867,28,8,Normal
2026-02-15 03:27:02.688933,London-e867,48,61,Normal
2026-02-15 03:27:03.688933,London-e867,21,5,Normal
2026-02-15 03:27:04.688933,London-e867,-23,79,Normal
2026-02-15 03:27:05.688933,London-e867,50,17,Normal
2026-02-15 03:27:06.688933,London-e867,6,16,Normal
2026-02-15 03:27:07.688933,London-e867,-22,84,Normal
2026-02-15 03:27:08.688933,London-e867,44,13,Normal
2026-02-15 03:27:09.688933,London-e867,-12,87,Normal
2026-02-15 03:27:10.688933,London-e867,-16,13,Normal
2026-02-15 03:27:11.688933,London-e867,44,10,Normal
2026-02-15 03:27:12.688933,London-e867,32,61,Normal
2026-02-15 03:27:13.688933,London-e867,-8,83,Normal
2026-02-15 03:27:14.688933,London-e867,-26,76,Normal
2026-02-15 03:27:15.688933,London-e867,29,34,Normal
2026-02-15 03:27:16.688933,London-e867,-1,60,Normal
2026-02-15 03:27:17.688933,London-e867,8,72,Normal
2026-02-15 03:27:18.688933,London-e867,-29,40,Normal
2026-02-15 03:27:19.688933,London-e867,40,70,Normal
2026-02-15 03:27:20.688933,London-e867,15,19,Normal
2026-02-15 03:27:21.688933,London-e867,-23,89,Normal
2026-02-15 03:27:22.688933,London-e867,2,24,Normal
2026-02-15 03:27:23.688933,London-e867,-28,38,Normal
2026-02-15 03:27:24.688933,London-e867,-11,22,Normal
2026-02-15 03:27:25.688933,London-e867,8,1,Normal
2026-02-15 03:27:26.688933,London-e867,36,76,Normal
2026-02-15 03:27:27.688933,London-e867,11,30,Normal
2026-02-15 03:27:28.688933,London-e867,45,7,Normal
2026-02-15 03:27:29.688933,London-e867,0,80,Normal
2026-02-15 03:27:30.688933,London-e867,14,71,Normal
2026-02-15 03:27:31.688933,London-e867,27,0,Normal
2026-02-15 03:27:32.688933,London-e867,7,2,Normal
2026-02-15 03:27:33.688933,London-e867,36,90,Normal
2026-02-15 03:27:34.688933,London-e867,29,58,Normal
2026-02-15 03:27:35.688933,London-e867,-3,71,Normal
2026-02-15 03:27:36.688933,London-e867,16,29,Normal
2026-02-15 03:27:37.688933,London-e867,25,45,Normal
2026-02-15 03:27:38.688933,London-e867,45,64,Normal
2026-02-15 03:27:39.688933,London-e867,40,71,Normal
2026-02-15 03:27:40.688933,London-e867,37,73,Normal
2026-02-15 03:27:41.688933,London-e867,-14,75,Normal
2026-02-15 03:27:42.688933,London-e867,41,4,Normal
2026-02-15 03:27:43.688933,London-e867,9,89,Normal
2026-02-15 03:27:44.688933,London-e867,-5,42,Normal
2026-02-15 03:27:45.688933,London-e867,-7,34,Normal
2026-02-15 03:27:46.688933,London-e867,-13,91,Normal
2026-02-15 03:27:47.688933,London-e867,-6,67,Normal
2026-02-15 03:27:48.688933,London-e867,11,98,Normal
2026-02-15 03:27:49.688933,London-e867,-8,36,Normal
2026-02-15 03:27:50.688933,London-e867,33,65,Normal
2026-02-15 03:27:51.688933,London-e867,30,79,Normal
2026-02-15 03:27:52.688933,London-e867,8,31,Normal
2026-02-15 03:27:53.688933,London-e867,25,82,Normal
2026-02-15 03:27:54.688933,London-e867,34,89,Normal
2026-02-15 03:27:55.688933,London-e867,19,44,Normal
2026-02-15 03:27:56.688933,London-e867,-27,40,Normal
2026-02-15 03:27:57.688933,London-e867,31,28,Normal
2026-02-15 03:27:58.688933,London-e867,-30,82,Normal
2026-02-15 03:27:59.688933,London-e867,-12,95,Normal
2026-02-15 03:28:00.688933,London-e867,-27,88,Normal
2026-02-15 03:28:01.688933,London-e867,42,51,Normal
2026-02-15 03:28:02.688933,London-e867,37,61,Normal
2026-02-15 03:28:03.688933,London-e867,8,95,Normal
2026-02-15 03:28:04.688933,London-e867,8,56,Normal
2026-02-15 03:28:05.688933,London-e867,32,97,Normal
2026-02-15 03:28:06.688933,London-e867,-9,59,Normal
2026-02-15 03:28:07.688933,London-e867,-28,58,Normal
2026-02-15 03:28:08.688933,London-e867,40,37,Normal
2026-02-15 03:28:09.688933,London-e867,22,91,Normal
2026-02-15 03:28:10.688933,London-e867,14,10,Normal
2026-02-15 03:28:11.688933,London-e867,-29,95,Normal
2026-02-15 03:28:12.688933,London-e867,-26,4,Normal
2026-02-15 03:28:13.688933,London-e867,-3,45,Normal
2026-02-15 03:28:14.688933,London-e867,16,34,Normal
2026-02-15 03:28:15.688933,London-e867,10,99,Normal
2026-02-15 03:28:16.688933,London-e867,-24,8,Normal
2026-02-15 03:28:17.688933,London-e867,22,89,Normal
2026-02-15 03:28:18.688933,London-e867,46,64,Normal
2026-02-15 03:28:19.688933,London-e867,6,75,Normal
2026-02-15 03:28:20.688933,London-e867,16,48,Normal
2026-02-15 03:28:21.688933,London-e867,-4,38,Normal
2026-02-15 03:28:22.688933,London-e867,-12,58,Normal
2026-02-15 03:28:23.688933,London-e867,-27,85,Normal
2026-02-15 03:28:24.688933,London-e867,-29,70,Normal
2026-02-15 03:28:25.688933,London-e867,22,11,Normal
2026-02-15 03:28:26.688933,London-e867,-20,79,Normal
2026-02-15 03:28:27.688933,London-e867,-10,59,Normal
2026-02-15 03:28:28.688933,London-e867,-20,77,Normal
2026-02-15 03:28:29.688933,London-e867,19,15,Normal
2026-02-15 03:28:30.688933,London-e867,-4,0,Normal
2026-02-15 03:28:31.688933,London-e867,10,4,Normal
2026-02-15 03:28:32.688933,London-e867,12,87,Normal
2026-02-15 03:28:33.688933,London-e867,-15,40,Normal
2026-02-15 03:28:34.688933,London-e867,29,62,Normal
2026-02-15 03:28:35.688933,London-e867,-19,60,Normal
2026-02-15 03:28:36.688933,London-e867,-23,12,Normal
2026-02-15 03:28:37.688933,London-e867,-15,53,Normal
2026-02-15 03:28:38.688933,London-e867,-19,92,Normal
2026-02-15 03:28:39.688933,London-e867,-7,72,Normal
2026-02-15 03:28:40.688933,London-e867,-2,75,Normal
2026-02-15 03:28:41.688933,London-e867,-25,44,Normal
2026-02-15 03:28:42.688933,London-e867,30,9,Normal
2026-02-15 03:28:43.688933,London-e867,30,97,Normal
2026-02-15 03:28:44.688933,London-e867,-10,96,Normal
2026-02-15 03:28:45.688933,London-e867,32,77,Normal
2026-02-15 03:28:46.688933,London-e867,43,11,Normal
2026-02-15 03:28:47.688933,London-e867,24,33,Normal
2026-02-15 03:28:48.688933,London-e867,-12,6,Normal
2026-02-15 03:28:49.688933,London-e867,40,59,Normal
2026-02-15 03:28:50.688933,London-e867,-16,85,Normal
2026-02-15 03:28:51.688933,London-e867,-15,54,Normal
2026-02-15 03:28:52.688933,London-e867,-28,49,Normal
2026-02-15 03:28:53.688933,London-e867,-5,53,Normal
2026-02-15 03:28:54.688933,London-e867,-28,25,Normal
2026-02-15 03:28:55.688933,London-e867,-10,18,Normal
2026-02-15 03:28:56.688933,London-e867,-29,26,Normal
2026-02-15 03:28:57.688933,London-e867,44,7,Normal
2026-02-15 03:28:58.688933,London-e867,-24,26,Normal
2026-02-15 03:28:59.688933,London-e867,30,23,Normal
2026-02-15 03:29:00.688933,London-e867,18,9,Normal
2026-02-15 03:29:01.688933,London-e867,-16,4,Normal
2026-02-15 03:29:02.688933,London-e867,-20,76,Normal
2026-02-15 03:29:03.688933,London-e867,46,94,Normal
2026-02-15 03:29:04.688933,London-e867,-11,32,Normal
2026-02-15 03:29:05.688933,London-e867,18,31,Normal
2026-02-15 03:29:06.688933,London-e867,23,66,Normal
2026-02-15 03:29:07.688933,London-e867,50,3,Normal
2026-02-15 03:29:08.688933,London-e867,49,68,Normal
2026-02-15 03:29:09.688933,London-e867,-23,1,Normal
2026-02-15 03:29:10.688933,London-e867,16,95,Normal
2026-02-15 03:29:11.688933,London-e867,-22,46,Normal
2026-02-15 03:29:12.688933,London-e867,-3,49,Normal
2026-02-15 03:29:13.688933,London-e867,-15,19,Normal
2026-02-15 03:29:14.688933,London-e867,7,72,Normal
2026-02-15 03:29:15.688933,London-e867,-7,40,Normal
2026-02-15 03:29:16.688933,London-e867,-9,37,Normal
2026-02-15 03:29:17.688933,London-e867,-11,9,Normal
2026-02-15 03:29:18.688933,London-e867,46,14,Normal
2026-02-15 03:29:19.688933,London-e867,-17,0,Normal
2026-02-15 03:29:20.688933,London-e867,45,30,Normal
2026-02-15 03:29:21.688933,London-e867,21,20,Normal
2026-02-15 03:29:22.688933,London-e867,-21,43,Normal
2026-02-15 03:29:23.688933,London-e867,-28,14,Normal
2026-02-15 03:29:24.688933,London-e867,41,32,Normal
2026-02-15 03:29:25.688933,London-e867,41,79,Normal
2026-02-15 03:29:26.688933,London-e867,20,59,Normal
2026-02-15 03:29:27.688933,London-e867,-11,46,Normal
2026-02-15 03:29:28.688933,London-e867,-2,79,Normal
2026-02-15 03:29:29.688933,London-e867,39,8,Normal
2026-02-15 03:29:30.688933,London-e867,1,43,Normal
2026-02-15 03:29:31.688933,London-e867,-11,89,Normal
2026-02-15 03:29:32.688933,London-e867,49,58,Normal
2026-02-15 03:29:33.688933,London-e867,39,77,Normal
2026-02-15 03:29:34.688933,London-e867,25,93,Normal
2026-02-15 03:29:35.688933,London-e867,-13,83,Normal
2026-02-15 03:29:36.688933,London-e867,2,68,Normal
2026-02-15 03:29:37.688933,London-e867,46,7,Normal
2026-02-15 03:29:38.688933,London-e867,33,46,Normal
2026-02-15 03:29:39.688933,London-e867,-25,47,Normal
2026-02-15 03:29:40.688933,London-e867,9,57,Normal
2026-02-15 03:29:41.688933,London-e867,30,23,Normal
2026-02-15 03:29:42.688933,London-e867,-24,24,Normal
2026-02-15 03:29:43.688933,London-e867,31,64,Normal
2026-02-15 03:29:44.688933,London-e867,-10,64,Normal
2026-02-15 03:29:45.688933,London-e867,-4,5,Normal
2026-02-15 03:29:46.688933,London-e867,25,54,Normal
2026-02-15 03:29:47.688933,London-e867,14,0,Normal
2026-02-15 03:29:48.688933,London-e867,25,76,Normal
2026-02-15 03:29:49.688933,London-e867,-12,27,Normal
2026-02-15 03:29:50.688933,London-e867,41,33,Normal
2026-02-15 03:29:51.688933,London-e867,24,68,Normal
2026-02-15 03:29:52.688933,London-e867,30,27,Normal
2026-02-15 03:29:53.688933,London-e867,25,68,Normal
2026-02-15 03:29:54.688933,London-e867,-1,11,Normal
2026-02-15 03:29:55.688933,London-e867,17,66,Normal
2026-02-15 03:29:56.688933,London-e867,13,87,Normal
2026-02-15 03:29:57.688933,London-e867,26,5,Normal
2026-02-15 03:29:58.688933,London-e867,15,84,Normal
2026-02-15 03:29:59.688933,London-e867,-7,93,Normal
2026-02-15 03:30:00.688933,London-e867,16,99,Normal
2026-02-15 03:30:01.688933,London-e867,-9,48,Normal
2026-02-15 03:30:02.688933,London-e867,37,81,Normal
2026-02-15 03:30:03.688933,London-e867,-7,20,Normal
2026-02-15 03:30:04.688933,London-e867,15,28,Normal
2026-02-15 03:30:05.688933,London-e867,25,0,Normal
2026-02-15 03:30:06.688933,London-e867,24,23,Normal
2026-02-15 03:30:07.688933,London-e867,1,82,Normal
2026-02-15 03:30:08.688933,London-e867,39,74,Normal
2026-02-15 03:30:09.688933,London-e867,23,50,Normal
2026-02-15 03:30:10.688933,London-e867,-17,90,Normal
2026-02-15 03:30:11.688933,London-e867,36,19,Normal
2026-02-15 03:30:12.688933,London-e867,43,1,Normal
2026-02-15 03:30:13.688933,London-e867,49,10,Normal
2026-02-15 03:30:14.688933,London-e867,-27,93,Normal
2026-02-15 03:30:15.688933,London-e867,49,2,Normal
2026-02-15 03:30:16.688933,London-e867,-22,38,Normal
2026-02-15 03:30:17.688933,London-e867,33,63,Normal
2026-02-15 03:30:18.688933,London-e867,41,93,Normal
2026-02-15 03:30:19.688933,London-e867,24,47,Normal
2026-02-15 03:30:20.688933,London-e867,-27,80,Normal
2026-02-15 03:30:21.688933,London-e867,-25,93,Normal
2026-02-15 03:30:22.688933,London-e867,32,85,Normal
2026-02-15 03:30:23.688933,London-e867,28,59,Normal
2026-02-15 03:30:24.688933,London-e867,21,37,Normal
2026-02-15 03:30:25.688933,London-e867,-9,5,Normal
2026-02-15 03:30:26.688933,London-e867,-8,42,Normal
2026-02-15 03:30:27.688933,London-e867,30,9,Normal
2026-02-15 03:30:28.688933,London-e867,-10,25,Normal
2026-02-15 03:30:29.688933,London-e867,12,84,Normal
2026-02-15 03:30:30.688933,London-e867,8,64,Normal
2026-02-15 03:30:31.688933,London-e867,4,96,Normal
2026-02-15 03:30:32.688933,London-e867,26,18,Normal
2026-02-15 03:30:33.688933,London-e867,8,46,Normal
2026-02-15 03:30:34.688933,London-e867,41,57,Normal
2026-02-15 03:30:35.688933,London-e867,42,13,Normal
2026-02-15 03:30:36.688933,London-e867,-9,92,Normal
2026-02-15 03:30:37.688933,London-e867,7,1,Normal
2026-02-15 03:30:38.688933,London-e867,15,34,Normal
2026-02-15 03:30:39.688933,London-e867,-21,33,Normal
2026-02-15 03:30:40.688933,London-e867,-23,49,Normal
2026-02-15 03:30:41.688933,London-e867,46,33,Normal
2026-02-15 03:30:42.688933,London-e867,-6,36,Normal
2026-02-15 03:30:43.688933,London-e867,-2,75,Normal
2026-02-15 03:30:44.688933,London-e867,-24,7,Normal
2026-02-15 03:30:45.688933,London-e867,-4,39,Normal
2026-02-15 03:30:46.688933,London-e867,-10,8,Normal
2026-02-15 03:30:47.688933,London-e867,47,75,Normal
2026-02-15 03:30:48.688933,London-e867,47,12,Normal
2026-02-15 03:30:49.688933,London-e867,49,40,Normal
2026-02-15 03:30:50.688933,London-e867,-17,40,Normal
2026-02-15 03:30:51.688933,London-e867,22,90,Normal
2026-02-15 03:30:52.688933,London-e867,24,61,Normal
2026-02-15 03:30:53.688933,London-e867,-8,50,Normal
2026-02-15 03:30:54.688933,London-e867,-27,7,Normal
2026-02-15 03:30:55.688933,London-e867,-8,74,Normal
2026-02-15 03:30:56.688933,London-e867,39,33,Normal
2026-02-15 03:30:57.688933,London-e867,-27,79,Normal
2026-02-15 03:30:58.688933,London-e867,48,46,Normal
2026-02-15 03:30:59.688933,London-e867,-21,59,Normal
2026-02-15 03:31:00.688933,London-e867,-22,36,Normal
2026-02-15 03:31:01.688933,London-e867,34,67,Normal
2026-02-15 03:31:02.688933,London-e867,32,74,Normal
2026-02-15 03:31:03.688933,London-e867,-12,16,Normal
2026-02-15 03:31:04.688933,London-e867,-5,12,Normal
2026-02-15 03:31:05.688933,London-e867,24,36,Normal
2026-02-15 03:31:06.688933,London-e867,44,76,Normal
2026-02-15 03:31:07.688933,London-e867,-9,51,Normal
2026-02-15 03:31:08.688933,London-e867,-29,41,Normal
2026-02-15 03:31:09.688933,London-e867,-4,64,Normal
2026-02-15 03:31:10.688933,London-e867,-15,39,Normal
2026-02-15 03:31:11.688933,London-e867,30,12,Normal
2026-02-15 03:31:12.688933,London-e867,19,95,Normal
2026-02-15 03:31:13.688933,London-e867,30,18,Normal
2026-02-15 03:31:14.688933,London-e867,4,44,Normal
2026-02-15 03:31:15.688933,London-e867,-8,11,Normal
2026-02-15 03:31:16.688933,London-e867,6,62,Normal
2026-02-15 03:31:17.688933,London-e867,38,67,Normal
2026-02-15 03:31:18.688933,London-e867,3,75,Normal
2026-02-15 03:31:19.688933,London-e867,13,21,Normal
2026-02-15 03:31:20.688933,London-e867,25,77,Normal
2026-02-15 03:31:21.688933,London-e867,10,84,Normal
2026-02-15 03:31:22.688933,London-e867,13,77,Normal
2026-02-15 03:31:23.688933,London-e867,-24,91,Normal
2026-02-15 03:31:24.688933,London-e867,30,52,Normal
2026-02-15 03:31:25.688933,London-e867,25,89,Normal
2026-02-15 03:31:26.688933,London-e867,47,82,Normal
2026-02-15 03:31:27.688933,London-e867,-29,16,Normal
2026-02-15 03:31:28.688933,London-e867,1,65,Normal
2026-02-15 03:31:29.688933,London-e867,8,12,Normal
2026-02-15 03:31:30.688933,London-e867,33,96,Normal
2026-02-15 03:31:31.688933,London-e867,9,72,Normal
2026-02-15 03:31:32.688933,London-e867,-25,90,Normal
2026-02-15 03:31:33.688933,London-e867,24,99,Normal
2026-02-15 03:31:34.688933,London-e867,47,57,Normal
2026-02-15 03:31:35.688933,London-e867,-18,40,Normal
2026-02-15 03:31:36.688933,London-e867,40,52,Normal
2026-02-15 03:31:37.688933,London-e867,1,99,Normal
2026-02-15 03:31:38.688933,London-e867,44,76,Normal
2026-02-15 03:31:39.688933,London-e867,-21,56,Normal
2026-02-15 03:31:40.688933,London-e867,-20,69,Normal
2026-02-15 03:31:41.688933,London-e867,-5,94,Normal
2026-02-15 03:31:42.688933,London-e867,18,96,Normal
2026-02-15 03:31:43.688933,London-e867,15,36,Normal
2026-02-15 03:31:44.688933,London-e867,-14,0,Normal
2026-02-15 03:31:45.688933,London-e867,50,37,Normal
2026-02-15 03:31:46.688933,London-e867,28,23,Normal
2026-02-15 03:31:47.688933,London-e867,4,91,Normal
2026-02-15 03:31:48.688933,London-e867,35,13,Normal
2026-02-15 03:31:49.688933,London-e867,12,78,Normal
2026-02-15 03:31:50.688933,London-e867,47,14,Normal
2026-02-15 03:31:51.688933,London-e867,-15,75,Normal
2026-02-15 03:31:52.688933,London-e867,-15,16,Normal
2026-02-15 03:31:53.688933,London-e867,8,49,Normal
2026-02-15 03:31:54.688933,London-e867,-2,26,Normal
2026-02-15 03:31:55.688933,London-e867,46,76,Normal
2026-02-15 03:31:56.688933,London-e867,34,72,Normal
2026-02-15 03:31:57.688933,London-e867,16,61,Normal
2026-02-15 03:31:58.688933,London-e867,5,1,Normal
2026-02-15 03:31:59.688933,London-e867,-21,67,Normal
2026-02-15 03:32:00.688933,London-e867,40,0,Normal
2026-02-15 03:32:01.688933,London-e867,6,89,Normal
2026-02-15 03:32:02.688933,London-e867,39,24,Normal
2026-02-15 03:32:03.688933,London-e867,0,13,Normal
2026-02-15 03:32:04.688933,London-e867,47,57,Normal
2026-02-15 03:32:05.688933,London-e867,-23,97,Normal
2026-02-15 03:32:06.688933,London-e867,18,12,Normal
2026-02-15 03:32:07.688933,London-e867,-30,48,Normal
2026-02-15 03:32:08.688933,London-e867,-7,51,Normal
2026-02-15 03:32:09.688933,London-e867,33,62,Normal
2026-02-15 03:32:10.688933,London-e867,26,80,Normal
2026-02-15 03:32:11.688933,London-e867,19,75,Normal
2026-02-15 03:32:12.688933,London-e867,-20,47,Normal
2026-02-15 03:32:13.688933,London-e867,5,13,Normal
2026-02-15 03:32:14.688933,London-e867,-15,25,Normal
2026-02-15 03:32:15.688933,London-e867,-15,21,Normal
2026-02-15 03:32:16.688933,London-e867,19,85,Normal
2026-02-15 03:32:17.688933,London-e867,23,20,Normal
2026-02-15 03:32:18.688933,London-e867,-24,86,Normal
2026-02-15 03:32:19.688933,London-e867,18,23,Normal
2026-02-15 03:32:20.688933,London-e867,40,77,Normal
2026-02-15 03:32:21.688933,London-e867,12,25,Normal
2026-02-15 03:32:22.688933,London-e867,22,24,Normal
2026-02-15 03:32:23.688933,London-e867,6,41,Normal
2026-02-15 03:32:24.688933,London-e867,41,60,Normal
2026-02-15 03:32:25.688933,London-e867,-5,67,Normal
2026-02-15 03:32:26.688933,London-e867,-9,25,Normal
2026-02-15 03:32:27.688933,London-e867,24,72,Normal
2026-02-15 03:32:28.688933,London-e867,-8,3,Normal
2026-02-15 03:32:29.688933,London-e867,13,88,Normal
2026-02-15 03:32:30.688933,London-e867,35,97,Normal
2026-02-15 03:32:31.688933,London-e867,50,67,Normal
2026-02-15 03:32:32.688933,London-e867,23,42,Normal
2026-02-15 03:32:33.688933,London-e867,27,23,Normal
2026-02-15 03:32:34.688933,London-e867,11,64,Normal
2026-02-15 03:32:35.688933,London-e867,41,44,Normal
2026-02-15 03:32:36.688933,London-e867,24,33,Normal
2026-02-15 03:32:37.688933,London-e867,15,61,Normal
2026-02-15 03:32:38.688933,London-e867,-4,41,Normal
2026-02-15 03:32:39.688933,London-e867,-14,6,Normal
2026-02-15 03:32:40.688933,London-e867,-27,85,Normal
2026-02-15 03:32:41.688933,London-e867,-26,54,Normal
2026-02-15 03:32:42.688933,London-e867,18,62,Normal
2026-02-15 03:32:43.688933,London-e867,21,9,Normal
2026-02-15 03:32:44.688933,London-e867,47,49,Normal
2026-02-15 03:32:45.688933,London-e867,-27,78,Normal
2026-02-15 03:32:46.688933,London-e867,5,49,Normal
2026-02-15 03:32:47.688933,London-e867,18,46,Normal
2026-02-15 03:32:48.688933,London-e867,-16,71,Normal
2026-02-15 03:32:49.688933,London-e867,7,56,Normal
2026-02-15 03:32:50.688933,London-e867,7,10,Normal
2026-02-15 03:32:51.688933,London-e867,46,11,Normal
2026-02-15 03:32:52.688933,London-e867,45,3,Normal
2026-02-15 03:32:53.688933,London-e867,23,50,Normal
2026-02-15 03:32:54.688933,London-e867,50,17,Normal
2026-02-15 03:32:55.688933,London-e867,-10,94,Normal
2026-02-15 03:32:56.688933,London-e867,0,93,Normal
2026-02-15 03:32:57.688933,London-e867,-12,61,Normal
2026-02-15 03:32:58.688933,London-e867,50,29,Normal
2026-02-15 03:32:59.688933,London-e867,13,14,Normal
2026-02-15 03:33:00.688933,London-e867,36,69,Normal
2026-02-15 03:33:01.688933,London-e867,23,89,Normal
2026-02-15 03:33:02.688933,London-e867,45,15,Normal
2026-02-15 03:33:03.688933,London-e867,-24,64,Normal
2026-02-15 03:33:04.688933,London-e867,23,2,Normal
2026-02-15 03:33:05.688933,London-e867,9,25,Normal
2026-02-15 03:33:06.688933,London-e867,44,29,Normal
2026-02-15 03:33:07.688933,London-e867,-17,29,Normal
2026-02-15 03:33:08.688933,London-e867,-25,18,Normal
2026-02-15 03:33:09.688933,London-e867,-12,26,Normal
2026-02-15 03:33:10.688933,London-e867,43,89,Normal
2026-02-15 03:33:11.688933,London-e867,-29,3,Normal
2026-02-15 03:33:12.688933,London-e867,-21,46,Normal
2026-02-15 03:33:13.688933,London-e867,27,0,Normal
2026-02-15 03:33:14.688933,London-e867,-20,86,Normal
2026-02-15 03:33:15.688933,London-e867,-13,96,Normal
2026-02-15 03:33:16.688933,London-e867,30,30,Normal
2026-02-15 03:33:17.688933,London-e867,-14,56,Normal
2026-02-15 03:33:18.688933,London-e867,-10,86,Normal
2026-02-15 03:33:19.688933,London-e867,-21,100,Normal
2026-02-15 03:33:20.688933,London-e867,28,94,Normal
2026-02-15 03:33:21.688933,London-e867,49,3,Normal
2026-02-15 03:33:22.688933,London-e867,47,75,Normal
2026-02-15 03:33:23.688933,London-e867,28,50,Normal
2026-02-15 03:33:24.688933,London-e867,31,72,Normal
2026-02-15 03:33:25.688933,London-e867,9,99,Normal
2026-02-15 03:33:26.688933,London-e867,-23,68,Normal
2026-02-15 03:33:27.688933,London-e867,46,5,Normal
2026-02-15 03:33:28.688933,London-e867,-25,29,Normal
2026-02-15 03:33:29.688933,London-e867,43,24,Normal
2026-02-15 03:33:30.688933,London-e867,-4,33,Normal
2026-02-15 03:33:31.688933,London-e867,44,0,Normal
2026-02-15 03:33:32.688933,London-e867,7,61,Normal
2026-02-15 03:33:33.688933,London-e867,-9,74,Normal
2026-02-15 03:33:34.688933,London-e867,11,38,Normal
2026-02-15 03:33:35.688933,London-e867,43,37,Normal
2026-02-15 03:33:36.688933,London-e867,23,96,Normal
2026-02-15 03:33:37.688933,London-e867,24,4,Normal
2026-02-15 03:33:38.688933,London-e867,19,67,Normal
2026-02-15 03:33:39.688933,London-e867,5,94,Normal
2026-02-15 03:33:40.688933,London-e867,-27,23,Normal
2026-02-15 03:33:41.688933,London-e867,6,25,Normal
2026-02-15 03:33:42.688933,London-e867,48,69,Normal
2026-02-15 03:33:43.688933,London-e867,25,89,Normal
2026-02-15 03:33:44.688933,London-e867,37,47,Normal
2026-02-15 03:33:45.688933,London-e867,48,2,Normal
2026-02-15 03:33:46.688933,London-e867,33,99,Normal
2026-02-15 03:33:47.688933,London-e867,29,71,Normal
2026-02-15 03:33:48.688933,London-e867,50,12,Normal
2026-02-15 03:33:49.688933,London-e867,-30,77,Normal
2026-02-15 03:33:50.688933,London-e867,45,97,Normal
2026-02-15 03:33:51.688933,London-e867,-16,58,Normal
2026-02-15 03:33:52.688933,London-e867,-13,98,Normal
2026-02-15 03:33:53.688933,London-e867,25,0,Normal
2026-02-15 03:33:54.688933,London-e867,45,15,Normal
2026-02-15 03:33:55.688933,London-e867,-1,83,Normal
2026-02-15 03:33:56.688933,London-e867,25,42,Normal
2026-02-15 03:33:57.688933,London-e867,-10,66,Normal
2026-02-15 03:33:58.688933,London-e867,7,36,Normal
2026-02-15 03:33:59.688933,London-e867,-17,97,Normal
2026-02-15 03:34:00.688933,London-e867,1,96,Normal
2026-02-15 03:34:01.688933,London-e867,17,56,Normal
2026-02-15 03:34:02.688933,London-e867,21,10,Normal
2026-02-15 03:34:03.688933,London-e867,22,47,Normal
2026-02-15 03:34:04.688933,London-e867,-15,98,Normal
2026-02-15 03:34:05.688933,London-e867,4,1,Normal
2026-02-15 03:34:06.688933,London-e867,-17,28,Normal
2026-02-15 03:34:07.688933,London-e867,37,63,Normal
2026-02-15 03:34:08.688933,London-e867,-10,66,Normal
2026-02-15 03:34:09.688933,London-e867,-6,2,Normal
2026-02-15 03:34:10.688933,London-e867,23,76,Normal
2026-02-15 03:34:11.688933,London-e867,11,77,Normal
2026-02-15 03:34:12.688933,London-e867,-18,60,Normal
2026-02-15 03:34:13.688933,London-e867,-14,54,Normal
2026-02-15 03:34:14.688933,London-e867,-18,62,Normal
2026-02-15 03:34:15.688933,London-e867,9,30,Normal
2026-02-15 03:34:16.688933,London-e867,38,45,Normal
2026-02-15 03:34:17.688933,London-e867,18,66,Normal
2026-02-15 03:34:18.688933,London-e867,41,53,Normal
2026-02-15 03:34:19.688933,London-e867,-8,33,Normal
2026-02-15 03:34:20.688933,London-e867,-4,2,Normal
2026-02-15 03:34:21.688933,London-e867,16,52,Normal
2026-02-15 03:34:22.688933,London-e867,44,76,Normal
2026-02-15 03:34:23.688933,London-e867,50,86,Normal
2026-02-15 03:34:24.688933,London-e867,46,75,Normal
2026-02-15 03:34:25.688933,London-e867,12,90,Normal
2026-02-15 03:34:26.688933,London-e867,26,68,Normal
2026-02-15 03:34:27.688933,London-e867,43,78,Normal
2026-02-15 03:34:28.688933,London-e867,-13,54,Normal
2026-02-15 03:34:29.688933,London-e867,-29,72,Normal
2026-02-15 03:34:30.688933,London-e867,16,62,Normal
2026-02-15 03:34:31.688933,London-e867,48,47,Normal
2026-02-15 03:34:32.688933,London-e867,-20,63,Normal
2026-02-15 03:34:33.688933,London-e867,11,57,Normal
2026-02-15 03:34:34.688933,London-e867,49,31,Normal
2026-02-15 03:34:35.688933,London-e867,35,3,Normal
2026-02-15 03:34:36.688933,London-e867,2,57,Normal
2026-02-15 03:34:37.688933,London-e867,4,45,Normal
2026-02-15 03:34:38.688933,London-e867,-22,5,Normal
2026-02-15 03:34:39.688933,London-e867,19,52,Normal
2026-02-15 03:34:40.688933,London-e867,38,44,Normal
2026-02-15 03:34:41.688933,London-e867,26,78,Normal
2026-02-15 03:34:42.688933,London-e867,-18,16,Normal
2026-02-15 03:34:43.688933,London-e867,-11,83,Normal
2026-02-15 03:34:44.688933,London-e867,13,58,Normal
2026-02-15 03:34:45.688933,London-e867,42,37,Normal
2026-02-15 03:34:46.688933,London-e867,49,41,Normal
2026-02-15 03:34:47.688933,London-e867,-17,71,Normal
2026-02-15 03:34:48.688933,London-e867,44,30,Normal
2026-02-15 03:34:49.688933,London-e867,9,49,Normal
2026-02-15 03:34:50.688933,London-e867,11,56,Normal
2026-02-15 03:34:51.688933,London-e867,27,75,Normal
2026-02-15 03:34:52.688933,London-e867,6,47,Normal
2026-02-15 03:34:53.688933,London-e867,27,55,Normal
2026-02-15 03:34:54.688933,London-e867,-1,72,Normal
2026-02-15 03:34:55.688933,London-e867,30,47,Normal
2026-02-15 03:34:56.688933,London-e867,49,12,Normal
2026-02-15 03:34:57.688933,London-e867,-5,12,Normal
2026-02-15 03:34:58.688933,London-e867,-7,37,Normal
2026-02-15 03:34:59.688933,London-e867,18,56,Normal
2026-02-15 03:35:00.688933,London-e867,19,18,Normal
2026-02-15 03:35:01.688933,London-e867,42,83,Normal
2026-02-15 03:35:02.688933,London-e867,28,100,Normal
2026-02-15 03:35:03.688933,London-e867,4,7,Normal
2026-02-15 03:35:04.688933,London-e867,43,1,Normal
2026-02-15 03:35:05.688933,London-e867,44,89,Normal
2026-02-15 03:35:06.688933,London-e867,40,46,Normal
2026-02-15 03:35:07.688933,London-e867,42,41,Normal
2026-02-15 03:35:08.688933,London-e867,24,86,Normal
2026-02-15 03:35:09.688933,London-e867,-1,50,Normal
2026-02-15 03:35:10.688933,London-e867,9,13,Normal
2026-02-15 03:35:11.688933,London-e867,32,4,Normal
2026-02-15 03:35:12.688933,London-e867,-3,18,Normal
2026-02-15 03:35:13.688933,London-e867,-28,65,Normal
2026-02-15 03:35:14.688933,London-e867,48,87,Normal
2026-02-15 03:35:15.688933,London-e867,-21,57,Normal
2026-02-15 03:35:16.688933,London-e867,-5,93,Normal
2026-02-15 03:35:17.688933,London-e867,29,61,Normal
2026-02-15 03:35:18.688933,London-e867,-3,83,Normal
2026-02-15 03:35:19.688933,London-e867,22,89,Normal
2026-02-15 03:35:20.688933,London-e867,6,99,Normal
2026-02-15 03:35:21.688933,London-e867,-4,73,Normal
2026-02-15 03:35:22.688933,London-e867,15,39,Normal
2026-02-15 03:35:23.688933,London-e867,-5,18,Normal
2026-02-15 03:35:24.688933,London-e867,-15,69,Normal
2026-02-15 03:35:25.688933,London-e867,-10,71,Normal
2026-02-15 03:35:26.688933,London-e867,19,36,Normal
2026-02-15 03:35:27.688933,London-e867,38,11,Normal
2026-02-15 03:35:28.688933,London-e867,12,55,Normal
2026-02-15 03:35:29.688933,London-e867,9,65,Normal
2026-02-15 03:35:30.688933,London-e867,15,100,Normal
2026-02-15 03:35:31.688933,London-e867,-19,82,Normal
2026-02-15 03:35:32.688933,London-e867,-1,5,Normal
2026-02-15 03:35:33.688933,London-e867,0,53,Normal
2026-02-15 03:35:34.688933,London-e867,-13,8,Normal
2026-02-15 03:35:35.688933,London-e867,36,15,Normal
2026-02-15 03:35:36.688933,London-e867,36,8,Normal
2026-02-15 03:35:37.688933,London-e867,9,19,Normal
2026-02-15 03:35:38.688933,London-e867,-18,27,Normal
2026-02-15 03:35:39.688933,London-e867,-4,66,Normal
2026-02-15 03:35:40.688933,London-e867,26,77,Normal
2026-02-15 03:35:41.688933,London-e867,44,51,Normal
2026-02-15 03:35:42.688933,London-e867,46,17,Normal
2026-02-15 03:35:43.688933,London-e867,-7,51,Normal
2026-02-15 03:35:44.688933,London-e867,46,65,Normal
2026-02-15 03:35:45.688933,London-e867,22,7,Normal
2026-02-15 03:35:46.688933,London-e867,-24,58,Normal
2026-02-15 03:35:47.688933,London-e867,36,9,Normal
2026-02-15 03:35:48.688933,London-e867,-25,67,Normal
2026-02-15 03:35:49.688933,London-e867,40,63,Normal
2026-02-15 03:35:50.688933,London-e867,18,25,Normal
2026-02-15 03:35:51.688933,London-e867,7,9,Normal
2026-02-15 03:35:52.688933,London-e867,5,43,Normal
2026-02-15 03:35:53.688933,London-e867,49,36,Normal
2026-02-15 03:35:54.688933,London-e867,41,55,Normal
2026-02-15 03:35:55.688933,London-e867,12,35,Normal
2026-02-15 03:35:56.688933,London-e867,-26,44,Normal
2026-02-15 03:35:57.688933,London-e867,-15,56,Normal
2026-02-15 03:35:58.688933,London-e867,-30,67,Normal
2026-02-15 03:35:59.688933,London-e867,31,15,Normal
2026-02-15 03:36:00.688933,London-e867,-16,46,Normal
2026-02-15 03:36:01.688933,London-e867,-15,34,Normal
2026-02-15 03:36:02.688933,London-e867,-24,51,Normal
2026-02-15 03:36:03.688933,London-e867,-12,61,Normal
2026-02-15 03:36:04.688933,London-e867,29,52,Normal
2026-02-15 03:36:05.688933,London-e867,25,71,Normal
2026-02-15 03:36:06.688933,London-e867,34,64,Normal
2026-02-15 03:36:07.688933,London-e867,22,3,Normal
2026-02-15 03:36:08.688933,London-e867,32,100,Normal
2026-02-15 03:36:09.688933,London-e867,38,31,Normal
2026-02-15 03:36:10.688933,London-e867,45,80,Normal
2026-02-15 03:36:11.688933,London-e867,44,18,Normal
2026-02-15 03:36:12.688933,London-e867,36,81,Normal
2026-02-15 03:36:13.688933,London-e867,26,27,Normal
2026-02-15 03:36:14.688933,London-e867,17,27,Normal
2026-02-15 03:36:15.688933,London-e867,30,99,Normal
2026-02-15 03:36:16.688933,London-e867,-26,53,Normal
2026-02-15 03:36:17.688933,London-e867,14,11,Normal
2026-02-15 03:36:18.688933,London-e867,17,25,Normal
2026-02-15 03:36:19.688933,London-e867,-9,93,Normal
2026-02-15 03:36:20.688933,London-e867,11,43,Normal
2026-02-15 03:36:21.688933,London-e867,12,45,Normal
2026-02-15 03:36:22.688933,London-e867,28,62,Normal
2026-02-15 03:36:23.688933,London-e867,26,64,Normal
2026-02-15 03:36:24.688933,London-e867,50,49,Normal
2026-02-15 03:36:25.688933,London-e867,7,49,Normal
2026-02-15 03:36:26.688933,London-e867,5,91,Normal
2026-02-15 03:36:27.688933,London-e867,32,68,Normal
2026-02-15 03:36:28.688933,London-e867,4,28,Normal
2026-02-15 03:36:29.688933,London-e867,-20,93,Normal
2026-02-15 03:36:30.688933,London-e867,-28,26,Normal
2026-02-15 03:36:31.688933,London-e867,-13,74,Normal
2026-02-15 03:36:32.688933,London-e867,8,52,Normal
2026-02-15 03:36:33.688933,London-e867,9,52,Normal
2026-02-15 03:36:34.688933,London-e867,50,100,Normal
2026-02-15 03:36:35.688933,London-e867,-8,67,Normal
2026-02-15 03:36:36.688933,London-e867,-12,61,Normal
2026-02-15 03:36:37.688933,London-e867,-7,26,Normal
2026-02-15 03:36:38.688933,London-e867,34,31,Normal
2026-02-15 03:36:39.688933,London-e867,10,99,Normal
2026-02-15 03:36:40.688933,London-e867,-3,68,Normal
2026-02-15 03:36:41.688933,London-e867,-3,92,Normal
2026-02-15 03:36:42.688933,London-e867,20,98,Normal
2026-02-15 03:36:43.688933,London-e867,40,99,Normal
2026-02-15 03:36:44.688933,London-e867,14,71,Normal
2026-02-15 03:36:45.688933,London-e867,34,98,Normal
2026-02-15 03:36:46.688933,London-e867,7,75,Normal
2026-02-15 03:36:47.688933,London-e867,31,80,Normal
2026-02-15 03:36:48.688933,London-e867,45,0,Normal
2026-02-15 03:36:49.688933,London-e867,35,88,Normal
2026-02-15 03:36:50.688933,London-e867,22,15,Normal
2026-02-15 03:36:51.688933,London-e867,14,56,Normal
2026-02-15 03:36:52.688933,London-e867,47,8,Normal
2026-02-15 03:36:53.688933,London-e867,-22,77,Normal
2026-02-15 03:36:54.688933,London-e867,-26,77,Normal
2026-02-15 03:36:55.688933,London-e867,-7,59,Normal
2026-02-15 03:36:56.688933,London-e867,-2,29,Normal
2026-02-15 03:36:57.688933,London-e867,-28,75,Normal
2026-02-15 03:36:58.688933,London-e867,50,45,Normal
2026-02-15 03:36:59.688933,London-e867,20,53,Normal
2026-02-15 03:37:00.688933,London-e867,49,24,Normal
2026-02-15 03:37:01.688933,London-e867,-5,68,Normal
2026-02-15 03:37:02.688933,London-e867,18,97,Normal
2026-02-15 03:37:03.688933,London-e867,24,27,Normal
2026-02-15 03:37:04.688933,London-e867,-30,44,Normal
2026-02-15 03:37:05.688933,London-e867,-1,18,Normal
2026-02-15 03:37:06.688933,London-e867,-20,11,Normal
2026-02-15 03:37:07.688933,London-e867,14,88,Normal
2026-02-15 03:37:08.688933,London-e867,35,67,Normal
2026-02-15 03:37:09.688933,London-e867,-4,65,Normal
2026-02-15 03:37:10.688933,London-e867,-26,6,Normal
2026-02-15 03:37:11.688933,London-e867,22,26,Normal
2026-02-15 03:37:12.688933,London-e867,-13,13,Normal
2026-02-15 03:37:13.688933,London-e867,-10,41,Normal
2026-02-15 03:37:14.688933,London-e867,-16,9,Normal
2026-02-15 03:37:15.688933,London-e867,40,26,Normal
2026-02-15 03:37:16.688933,London-e867,23,56,Normal
2026-02-15 03:37:17.688933,London-e867,20,47,Normal
2026-02-15 03:37:18.688933,London-e867,-3,82,Normal
2026-02-15 03:37:19.688933,London-e867,4,59,Normal
2026-02-15 03:37:20.688933,London-e867,7,49,Normal
2026-02-15 03:37:21.688933,London-e867,-16,82,Normal
2026-02-15 03:37:22.688933,London-e867,-21,96,Normal
2026-02-15 03:37:23.688933,London-e867,-24,37,Normal
2026-02-15 03:37:24.688933,London-e867,47,10,Normal
2026-02-15 03:37:25.688933,London-e867,36,2,Normal
2026-02-15 03:37:26.688933,London-e867,28,6,Normal
2026-02-15 03:37:27.688933,London-e867,-15,42,Normal
2026-02-15 03:37:28.688933,London-e867,4,77,Normal
2026-02-15 03:37:29.688933,London-e867,-8,84,Normal
2026-02-15 03:37:30.688933,London-e867,-4,39,Normal
2026-02-15 03:37:31.688933,London-e867,12,83,Normal
2026-02-15 03:37:32.688933,London-e867,40,85,Normal
2026-02-15 03:37:33.688933,London-e867,-3,17,Normal
2026-02-15 03:37:34.688933,London-e867,49,0,Normal
2026-02-15 03:37:35.688933,London-e867,25,73,Normal
2026-02-15 03:37:36.688933,London-e867,16,44,Normal
2026-02-15 03:37:37.688933,London-e867,-16,71,Normal
2026-02-15 03:37:38.688933,London-e867,-11,41,Normal
2026-02-15 03:37:39.688933,London-e867,-2,73,Normal
2026-02-15 03:37:40.688933,London-e867,38,38,Normal
2026-02-15 03:37:41.688933,London-e867,10,52,Normal
2026-02-15 03:37:42.688933,London-e867,26,37,Normal
2026-02-15 03:37:43.688933,London-e867,-13,82,Normal
2026-02-15 03:37:44.688933,London-e867,-7,49,Normal
2026-02-15 03:37:45.688933,London-e867,-10,34,Normal
2026-02-15 03:37:46.688933,London-e867,15,68,Normal
2026-02-15 03:37:47.688933,London-e867,-9,98,Normal
2026-02-15 03:37:48.688933,London-e867,33,73,Normal
2026-02-15 03:37:49.688933,London-e867,-3,81,Normal
2026-02-15 03:37:50.688933,London-e867,26,42,Normal
2026-02-15 03:37:51.688933,London-e867,42,81,Normal
2026-02-15 03:37:52.688933,London-e867,38,71,Normal
2026-02-15 03:37:53.688933,London-e867,26,54,Normal
2026-02-15 03:37:54.688933,London-e867,-9,2,Normal
2026-02-15 03:37:55.688933,London-e867,10,74,Normal
2026-02-15 03:37:56.688933,London-e867,29,43,Normal
2026-02-15 03:37:57.688933,London-e867,13,31,Normal
2026-02-15 03:37:58.688933,London-e867,24,33,Normal
2026-02-15 03:37:59.688933,London-e867,-4,37,Normal
2026-02-15 03:38:00.688933,London-e867,10,12,Normal
2026-02-15 03:38:01.688933,London-e867,18,0,Normal
2026-02-15 03:38:02.688933,London-e867,-28,1,Normal
2026-02-15 03:38:03.688933,London-e867,-18,67,Normal
2026-02-15 03:38:04.688933,London-e867,13,47,Normal
2026-02-15 03:38:05.688933,London-e867,-27,39,Normal
2026-02-15 03:38:06.688933,London-e867,-27,57,Normal
2026-02-15 03:38:07.688933,London-e867,38,100,Normal
2026-02-15 03:38:08.688933,London-e867,43,59,Normal
2026-02-15 03:38:09.688933,London-e867,26,1,Normal
2026-02-15 03:38:10.688933,London-e867,25,34,Normal
2026-02-15 03:38:11.688933,London-e867,13,11,Normal
2026-02-15 03:38:12.688933,London-e867,-10,72,Normal
2026-02-15 03:38:13.688933,London-e867,44,17,Normal
2026-02-15 03:38:14.688933,London-e867,-8,89,Normal
2026-02-15 03:38:15.688933,London-e867,27,93,Normal
2026-02-15 03:38:16.688933,London-e867,37,99,Normal
2026-02-15 03:38:17.688933,London-e867,-4,44,Normal
2026-02-15 03:38:18.688933,London-e867,-25,100,Normal
2026-02-15 03:38:19.688933,London-e867,-25,25,Normal
2026-02-15 03:38:20.688933,London-e867,5,17,Normal
2026-02-15 03:38:21.688933,London-e867,42,75,Normal
2026-02-15 03:38:22.688933,London-e867,17,73,Normal
2026-02-15 03:38:23.688933,London-e867,-8,98,Normal
2026-02-15 03:38:24.688933,London-e867,26,51,Normal
2026-02-15 03:38:25.688933,London-e867,26,8,Normal
2026-02-15 03:38:26.688933,London-e867,13,28,Normal
2026-02-15 03:38:27.688933,London-e867,2,38,Normal
2026-02-15 03:38:28.688933,London-e867,31,14,Normal
2026-02-15 03:38:29.688933,London-e867,21,65,Normal
2026-02-15 03:38:30.688933,London-e867,27,66,Normal
2026-02-15 03:38:31.688933,London-e867,-10,55,Normal
2026-02-15 03:38:32.688933,London-e867,-13,60,Normal
2026-02-15 03:38:33.688933,London-e867,23,55,Normal
2026-02-15 03:38:34.688933,London-e867,22,59,Normal
2026-02-15 03:38:35.688933,London-e867,-17,78,Normal
2026-02-15 03:38:36.688933,London-e867,-15,28,Normal
2026-02-15 03:38:37.688933,London-e867,10,12,Normal
2026-02-15 03:38:38.688933,London-e867,8,75,Normal
2026-02-15 03:38:39.688933,London-e867,21,31,Normal
2026-02-15 03:38:40.688933,London-e867,-2,13,Normal
2026-02-15 03:38:41.688933,London-e867,-30,79,Normal
2026-02-15 03:38:42.688933,London-e867,48,57,Normal
2026-02-15 03:38:43.688933,London-e867,-26,48,Normal
2026-02-15 03:38:44.688933,London-e867,-17,23,Normal
2026-02-15 03:38:45.688933,London-e867,-11,73,Normal
2026-02-15 03:38:46.688933,London-e867,7,54,Normal
2026-02-15 03:38:47.688933,London-e867,6,93,Normal
2026-02-15 03:38:48.688933,London-e867,45,39,Normal
2026-02-15 03:38:49.688933,London-e867,19,96,Normal
2026-02-15 03:38:50.688933,London-e867,10,25,Normal
2026-02-15 03:38:51.688933,London-e867,39,17,Normal
2026-02-15 03:38:52.688933,London-e867,17,100,Normal
2026-02-15 03:38:53.688933,London-e867,-29,5,Normal
2026-02-15 03:38:54.688933,London-e867,31,0,Normal
2026-02-15 03:38:55.688933,London-e867,-29,76,Normal
2026-02-15 03:38:56.688933,London-e867,17,25,Normal
2026-02-15 03:38:57.688933,London-e867,-9,49,Normal
2026-02-15 03:38:58.688933,London-e867,14,18,Normal
2026-02-15 03:38:59.688933,London-e867,36,31,Normal
2026-02-15 03:39:00.688933,London-e867,39,36,Normal
2026-02-15 03:39:01.688933,London-e867,43,55,Normal
2026-02-15 03:39:02.688933,London-e867,48,13,Normal
2026-02-15 03:39:03.688933,London-e867,29,99,Normal
2026-02-15 03:39:04.688933,London-e867,24,16,Normal
2026-02-15 03:39:05.688933,London-e867,-10,80,Normal
2026-02-15 03:39:06.688933,London-e867,-14,65,Normal
2026-02-15 03:39:07.688933,London-e867,32,84,Normal
2026-02-15 03:39:08.688933,London-e867,38,16,Normal
2026-02-15 03:39:09.688933,London-e867,28,55,Normal
2026-02-15 03:39:10.688933,London-e867,29,83,Normal
2026-02-15 03:39:11.688933,London-e867,17,25,Normal
2026-02-15 03:39:12.688933,London-e867,34,12,Normal
2026-02-15 03:39:13.688933,London-e867,-13,80,Normal
2026-02-15 03:39:14.688933,London-e867,39,69,Normal
2026-02-15 03:39:15.688933,London-e867,13,87,Normal
2026-02-15 03:39:16.688933,London-e867,15,55,Normal
2026-02-15 03:39:17.688933,London-e867,8,85,Normal
2026-02-15 03:39:18.688933,London-e867,28,2,Normal
2026-02-15 03:39:19.688933,London-e867,-7,28,Normal
2026-02-15 03:39:20.688933,London-e867,28,96,Normal
2026-02-15 03:39:21.688933,London-e867,28,47,Normal
2026-02-15 03:39:22.688933,London-e867,-7,92,Normal
2026-02-15 03:39:23.688933,London-e867,10,48,Normal
2026-02-15 03:39:24.688933,London-e867,-22,78,Normal
2026-02-15 03:39:25.688933,London-e867,50,28,Normal
2026-02-15 03:39:26.688933,London-e867,15,6,Normal
2026-02-15 03:39:27.688933,London-e867,50,1,Normal
2026-02-15 03:39:28.688933,London-e867,13,78,Normal
2026-02-15 03:39:29.688933,London-e867,32,60,Normal
2026-02-15 03:39:30.688933,London-e867,-3,44,Normal
2026-02-15 03:39:31.688933,London-e867,12,58,Normal
2026-02-15 03:39:32.688933,London-e867,16,27,Normal
2026-02-15 03:39:33.688933,London-e867,21,45,Normal
2026-02-15 03:39:34.688933,London-e867,36,73,Normal
2026-02-15 03:39:35.688933,London-e867,49,99,Normal
2026-02-15 03:39:36.688933,London-e867,-24,8,Normal
2026-02-15 03:39:37.688933,London-e867,35,96,Normal
2026-02-15 03:39:38.688933,London-e867,29,61,Normal
2026-02-15 03:39:39.688933,London-e867,2,82,Normal
2026-02-15 03:39:40.688933,London-e867,43,73,Normal
2026-02-15 03:39:41.688933,London-e867,37,37,Normal
2026-02-15 03:39:42.688933,London-e867,11,41,Normal
2026-02-15 03:39:43.688933,London-e867,-4,44,Normal
2026-02-15 03:39:44.688933,London-e867,20,59,Normal
2026-02-15 03:39:45.688933,London-e867,47,53,Normal
2026-02-15 03:39:46.688933,London-e867,-17,59,Normal
2026-02-15 03:39:47.688933,London-e867,3,80,Normal
2026-02-15 03:39:48.688933,London-e867,44,77,Normal
2026-02-15 03:39:49.688933,London-e867,29,95,Normal
2026-02-15 03:39:50.688933,London-e867,14,23,Normal
2026-02-15 03:39:51.688933,London-e867,26,31,Normal
2026-02-15 03:39:52.688933,London-e867,25,52,Normal
2026-02-15 03:39:53.688933,London-e867,-17,91,Normal
2026-02-15 03:39:54.688933,London-e867,43,14,Normal
2026-02-15 03:39:55.688933,London-e867,48,57,Normal
2026-02-15 03:39:56.688933,London-e867,-7,81,Normal
2026-02-15 03:39:57.688933,London-e867,-13,87,Normal
2026-02-15 03:39:58.688933,London-e867,-12,62,Normal
2026-02-15 03:39:59.688933,London-e867,-8,79,Normal
2026-02-15 03:40:00.688933,London-e867,27,78,Normal
2026-02-15 03:40:01.688933,London-e867,-20,19,Normal
2026-02-15 03:40:02.688933,London-e867,8,39,Normal
2026-02-15 03:40:03.688933,London-e867,24,61,Normal
2026-02-15 03:40:04.688933,London-e867,12,13,Normal
2026-02-15 03:40:05.688933,London-e867,50,27,Normal
2026-02-15 03:40:06.688933,London-e867,-2,49,Normal
2026-02-15 03:40:07.688933,London-e867,-12,63,Normal
2026-02-15 03:40:08.688933,London-e867,-28,66,Normal
2026-02-15 03:40:09.688933,London-e867,7,27,Normal
2026-02-15 03:40:10.688933,London-e867,38,36,Normal
2026-02-15 03:40:11.688933,London-e867,36,67,Normal
2026-02-15 03:40:12.688933,London-e867,35,74,Normal
2026-02-15 03:40:13.688933,London-e867,3,61,Normal
2026-02-15 03:40:14.688933,London-e867,-26,7,Normal
2026-02-15 03:40:15.688933,London-e867,47,66,Normal
2026-02-15 03:40:16.688933,London-e867,7,88,Normal
2026-02-15 03:40:17.688933,London-e867,22,63,Normal
2026-02-15 03:40:18.688933,London-e867,46,81,Normal
2026-02-15 03:40:19.688933,London-e867,-12,2,Normal
2026-02-15 03:40:20.688933,London-e867,-19,45,Normal
2026-02-15 03:40:21.688933,London-e867,-12,44,Normal
2026-02-15 03:40:22.688933,London-e867,-4,25,Normal
2026-02-15 03:40:23.688933,London-e867,40,17,Normal
2026-02-15 03:40:24.688933,London-e867,5,57,Normal
2026-02-15 03:40:25.688933,London-e867,-3,99,Normal
2026-02-15 03:40:26.688933,London-e867,6,39,Normal
2026-02-15 03:40:27.688933,London-e867,23,45,Normal
2026-02-15 03:40:28.688933,London-e867,5,3,Normal
2026-02-15 03:40:29.688933,London-e867,5,69,Normal
2026-02-15 03:40:30.688933,London-e867,45,70,Normal
2026-02-15 03:40:31.688933,London-e867,-20,67,Normal
2026-02-15 03:40:32.688933,London-e867,-10,59,Normal
2026-02-15 03:40:33.688933,London-e867,-17,65,Normal
2026-02-15 03:40:34.688933,London-e867,-19,64,Normal
2026-02-15 03:40:35.688933,London-e867,8,29,Normal
2026-02-15 03:40:36.688933,London-e867,8,35,Normal
2026-02-15 03:40:37.688933,London-e867,3,11,Normal
2026-02-15 03:40:38.688933,London-e867,37,13,Normal
2026-02-15 03:40:39.688933,London-e867,50,16,Normal
2026-02-15 03:40:40.688933,London-e867,-20,68,Normal
2026-02-15 03:40:41.688933,London-e867,14,35,Normal
2026-02-15 03:40:42.688933,London-e867,-29,73,Normal
2026-02-15 03:40:43.688933,London-e867,13,75,Normal
2026-02-15 03:40:44.688933,London-e867,29,80,Normal
2026-02-15 03:40:45.688933,London-e867,26,80,Normal
2026-02-15 03:40:46.688933,London-e867,-24,20,Normal
2026-02-15 03:40:47.688933,London-e867,0,50,Normal
2026-02-15 03:40:48.688933,London-e867,0,94,Normal
2026-02-15 03:40:49.688933,London-e867,22,67,Normal
2026-02-15 03:40:50.688933,London-e867,-1,28,Normal
2026-02-15 03:40:51.688933,London-e867,18,44,Normal
2026-02-15 03:40:52.688933,London-e867,-27,71,Normal
2026-02-15 03:40:53.688933,London-e867,-8,44,Normal
2026-02-15 03:40:54.688933,London-e867,21,30,Normal
2026-02-15 03:40:55.688933,London-e867,-8,45,Normal
2026-02-15 03:40:56.688933,London-e867,3,76,Normal
2026-02-15 03:40:57.688933,London-e867,46,59,Normal
2026-02-15 03:40:58.688933,London-e867,-19,19,Normal
2026-02-15 03:40:59.688933,London-e867,22,96,Normal
2026-02-15 03:41:00.688933,London-e867,8,0,Normal
2026-02-15 03:41:01.688933,London-e867,-22,50,Normal
2026-02-15 03:41:02.688933,London-e867,-14,61,Normal
2026-02-15 03:41:03.688933,London-e867,17,78,Normal
2026-02-15 03:41:04.688933,London-e867,4,6,Normal
2026-02-15 03:41:05.688933,London-e867,44,75,Normal
2026-02-15 03:41:06.688933,London-e867,43,25,Normal
2026-02-15 03:41:07.688933,London-e867,20,91,Normal
2026-02-15 03:41:08.688933,London-e867,7,52,Normal
2026-02-15 03:41:09.688933,London-e867,-7,7,Normal
2026-02-15 03:41:10.688933,London-e867,-4,56,Normal
2026-02-15 03:41:11.688933,London-e867,16,81,Normal
2026-02-15 03:41:12.688933,London-e867,18,11,Normal
2026-02-15 03:41:13.688933,London-e867,-16,79,Normal
2026-02-15 03:41:14.688933,London-e867,23,100,Normal
2026-02-15 03:41:15.688933,London-e867,-19,25,Normal
2026-02-15 03:41:16.688933,London-e867,-24,77,Normal
2026-02-15 03:41:17.688933,London-e867,23,42,Normal
2026-02-15 03:41:18.688933,London-e867,-2,6,Normal
2026-02-15 03:41:19.688933,London-e867,8,69,Normal
2026-02-15 03:41:20.688933,London-e867,49,80,Normal
2026-02-15 03:41:21.688933,London-e867,35,95,Normal
2026-02-15 03:41:22.688933,London-e867,39,45,Normal
2026-02-15 03:41:23.688933,London-e867,-21,31,Normal
2026-02-15 03:41:24.688933,London-e867,22,67,Normal
2026-02-15 03:41:25.688933,London-e867,15,72,Normal
2026-02-15 03:41:26.688933,London-e867,3,18,Normal
2026-02-15 03:41:27.688933,London-e867,30,42,Normal
2026-02-15 03:41:28.688933,London-e867,17,68,Normal
2026-02-15 03:41:29.688933,London-e867,34,3,Normal
2026-02-15 03:41:30.688933,London-e867,46,47,Normal
2026-02-15 03:41:31.688933,London-e867,41,32,Normal
2026-02-15 03:41:32.688933,London-e867,43,81,Normal
2026-02-15 03:41:33.688933,London-e867,49,65,Normal
2026-02-15 03:41:34.688933,London-e867,12,15,Normal
2026-02-15 03:41:35.688933,London-e867,-7,58,Normal
2026-02-15 03:41:36.688933,London-e867,-22,86,Normal
2026-02-15 03:41:37.688933,London-e867,1,9,Normal
2026-02-15 03:41:38.688933,London-e867,35,22,Normal
2026-02-15 03:41:39.688933,London-e867,34,25,Normal
2026-02-15 03:41:40.688933,London-e867,3,89,Normal
2026-02-15 03:41:41.688933,London-e867,40,19,Normal
2026-02-15 03:41:42.688933,London-e867,-6,33,Normal
2026-02-15 03:41:43.688933,London-e867,-25,94,Normal
2026-02-15 03:41:44.688933,London-e867,6,70,Normal
2026-02-15 03:41:45.688933,London-e867,0,6,Normal
2026-02-15 03:41:46.688933,London-e867,-8,48,Normal
2026-02-15 03:41:47.688933,London-e867,-19,1,Normal
2026-02-15 03:41:48.688933,London-e867,26,95,Normal
2026-02-15 03:41:49.688933,London-e867,-1,10,Normal
2026-02-15 03:41:50.688933,London-e867,-7,14,Normal
2026-02-15 03:41:51.688933,London-e867,18,14,Normal
2026-02-15 03:41:52.688933,London-e867,-1,45,Normal
2026-02-15 03:41:53.688933,London-e867,38,42,Normal
2026-02-15 03:41:54.688933,London-e867,19,96,Normal
2026-02-15 03:41:55.688933,London-e867,6,50,Normal
2026-02-15 03:41:56.688933,London-e867,6,62,Normal
2026-02-15 03:41:57.688933,London-e867,-9,20,Normal
2026-02-15 03:41:58.688933,London-e867,-15,76,Normal
2026-02-15 03:41:59.688933,London-e867,27,44,Normal
2026-02-15 03:42:00.688933,London-e867,5,37,Normal
2026-02-15 03:42:01.688933,London-e867,-19,17,Normal
2026-02-15 03:42:02.688933,London-e867,-29,6,Normal
2026-02-15 03:42:03.688933,London-e867,9,70,Normal
2026-02-15 03:42:04.688933,London-e867,2,42,Normal
2026-02-15 03:42:05.688933,London-e867,-20,55,Normal
2026-02-15 03:42:06.688933,London-e867,-4,62,Normal
2026-02-15 03:42:07.688933,London-e867,-25,16,Normal
2026-02-15 03:42:08.688933,London-e867,29,6,Normal
2026-02-15 03:42:09.688933,London-e867,20,19,Normal
2026-02-15 03:42:10.688933,London-e867,2,28,Normal
2026-02-15 03:42:11.688933,London-e867,-29,19,Normal
2026-02-15 03:42:12.688933,London-e867,16,93,Normal
2026-02-15 03:42:13.688933,London-e867,-18,45,Normal
2026-02-15 03:42:14.688933,London-e867,43,13,Normal
2026-02-15 03:42:15.688933,London-e867,12,21,Normal
2026-02-15 03:42:16.688933,London-e867,13,65,Normal
2026-02-15 03:42:17.688933,London-e867,33,74,Normal
2026-02-15 03:42:18.688933,London-e867,3,49,Normal
2026-02-15 03:42:19.688933,London-e867,5,24,Normal
2026-02-15 03:42:20.688933,London-e867,-10,61,Normal
2026-02-15 03:42:21.688933,London-e867,48,35,Normal
2026-02-15 03:42:22.688933,London-e867,2,35,Normal
2026-02-15 03:42:23.688933,London-e867,-23,27,Normal
2026-02-15 03:42:24.688933,London-e867,21,41,Normal
2026-02-15 03:42:25.688933,London-e867,-19,80,Normal
2026-02-15 03:42:26.688933,London-e867,36,7,Normal
2026-02-15 03:42:27.688933,London-e867,-29,35,Normal
2026-02-15 03:42:28.688933,London-e867,-26,14,Normal
2026-02-15 03:42:29.688933,London-e867,-15,88,Normal
2026-02-15 03:42:30.688933,London-e867,23,76,Normal
2026-02-15 03:42:31.688933,London-e867,49,79,Normal
2026-02-15 03:42:32.688933,London-e867,-18,19,Normal
2026-02-15 03:42:33.688933,London-e867,21,18,Normal
2026-02-15 03:42:34.688933,London-e867,38,17,Normal
2026-02-15 03:42:35.688933,London-e867,30,71,Normal
2026-02-15 03:42:36.688933,London-e867,17,21,Normal
2026-02-15 03:42:37.688933,London-e867,21,65,Normal
2026-02-15 03:42:38.688933,London-e867,26,58,Normal
2026-02-15 03:42:39.688933,London-e867,13,45,Normal
2026-02-15 03:42:40.688933,London-e867,23,30,Normal
2026-02-15 03:42:41.688933,London-e867,27,45,Normal
2026-02-15 03:42:42.688933,London-e867,-13,0,Normal
2026-02-15 03:42:43.688933,London-e867,31,47,Normal
2026-02-15 03:42:44.688933,London-e867,20,24,Normal
2026-02-15 03:42:45.688933,London-e867,30,61,Normal
2026-02-15 03:42:46.688933,London-e867,-5,90,Normal
2026-02-15 03:42:47.688933,London-e867,-5,57,Normal
2026-02-15 03:42:48.688933,London-e867,15,82,Normal
2026-02-15 03:42:49.688933,London-e867,-29,32,Normal
2026-02-15 03:42:50.688933,London-e867,-18,80,Normal
2026-02-15 03:42:51.688933,London-e867,25,31,Normal
2026-02-15 03:42:52.688933,London-e867,1,15,Normal
2026-02-15 03:42:53.688933,London-e867,6,100,Normal
2026-02-15 03:42:54.688933,London-e867,-13,12,Normal
2026-02-15 03:42:55.688933,London-e867,6,39,Normal
2026-02-15 03:42:56.688933,London-e867,13,1,Normal
2026-02-15 03:42:57.688933,London-e867,43,28,Normal
2026-02-15 03:42:58.688933,London-e867,-8,64,Normal
2026-02-15 03:42:59.688933,London-e867,21,86,Normal
2026-02-15 03:43:00.688933,London-e867,19,37,Normal
2026-02-15 03:43:01.688933,London-e867,21,75,Normal
2026-02-15 03:43:02.688933,London-e867,15,42,Normal
2026-02-15 03:43:03.688933,London-e867,24,28,Normal
2026-02-15 03:43:04.688933,London-e867,45,3,Normal
2026-02-15 03:43:05.688933,London-e867,32,20,Normal
2026-02-15 03:43:06.688933,London-e867,30,4,Normal
2026-02-15 03:43:07.688933,London-e867,-5,97,Normal
2026-02-15 03:43:08.688933,London-e867,43,64,Normal
2026-02-15 03:43:09.688933,London-e867,26,49,Normal
2026-02-15 03:43:10.688933,London-e867,-23,18,Normal
2026-02-15 03:43:11.688933,London-e867,8,45,Normal
2026-02-15 03:43:12.688933,London-e867,22,85,Normal
2026-02-15 03:43:13.688933,London-e867,-12,59,Normal
2026-02-15 03:43:14.688933,London-e867,-30,72,Normal
2026-02-15 03:43:15.688933,London-e867,31,75,Normal
2026-02-15 03:43:16.688933,London-e867,43,43,Normal
2026-02-15 03:43:17.688933,London-e867,37,19,Normal
2026-02-15 03:43:18.688933,London-e867,27,60,Normal
2026-02-15 03:43:19.688933,London-e867,34,37,Normal
2026-02-15 03:43:20.688933,London-e867,11,93,Normal
2026-02-15 03:43:21.688933,London-e867,-10,71,Normal
2026-02-15 03:43:22.688933,London-e867,-17,73,Normal
2026-02-15 03:43:23.688933,London-e867,-15,30,Normal
2026-02-15 03:43:24.688933,London-e867,-8,99,Normal
2026-02-15 03:43:25.688933,London-e867,31,28,Normal
2026-02-15 03:43:26.688933,London-e867,1,24,Normal
2026-02-15 03:43:27.688933,London-e867,21,43,Normal
2026-02-15 03:43:28.688933,London-e867,-15,86,Normal
2026-02-15 03:43:29.688933,London-e867,6,7,Normal
2026-02-15 03:43:30.688933,London-e867,31,11,Normal
2026-02-15 03:43:31.688933,London-e867,19,20,Normal
2026-02-15 03:43:32.688933,London-e867,25,86,Normal
2026-02-15 03:43:33.688933,London-e867,34,11,Normal
2026-02-15 03:43:34.688933,London-e867,-26,52,Normal
2026-02-15 03:43:35.688933,London-e867,-3,24,Normal
2026-02-15 03:43:36.688933,London-e867,19,61,Normal
2026-02-15 03:43:37.688933,London-e867,-28,28,Normal
2026-02-15 03:43:38.688933,London-e867,0,55,Normal
2026-02-15 03:43:39.688933,London-e867,1,100,Normal
2026-02-15 03:43:40.688933,London-e867,-5,20,Normal
2026-02-15 03:43:41.688933,London-e867,32,47,Normal
2026-02-15 03:43:42.688933,London-e867,7,13,Normal
2026-02-15 03:43:43.688933,London-e867,9,49,Normal
2026-02-15 03:43:44.688933,London-e867,45,46,Normal
2026-02-15 03:43:45.688933,London-e867,42,9,Normal
2026-02-15 03:43:46.688933,London-e867,11,34,Normal
2026-02-15 03:43:47.688933,London-e867,0,54,Normal
2026-02-15 03:43:48.688933,London-e867,32,69,Normal
2026-02-15 03:43:49.688933,London-e867,28,70,Normal
2026-02-15 03:43:50.688933,London-e867,31,53,Normal
2026-02-15 03:43:51.688933,London-e867,-14,53,Normal
2026-02-15 03:43:52.688933,London-e867,-16,63,Normal
2026-02-15 03:43:53.688933,London-e867,-19,24,Normal
2026-02-15 03:43:54.688933,London-e867,38,13,Normal
2026-02-15 03:43:55.688933,London-e867,0,83,Normal
2026-02-15 03:43:56.688933,London-e867,20,95,Normal
2026-02-15 03:43:57.688933,London-e867,5,10,Normal
2026-02-15 03:43:58.688933,London-e867,-1,53,Normal
2026-02-15 03:43:59.688933,London-e867,-17,39,Normal
2026-02-15 03:44:00.688933,London-e867,7,86,Normal
2026-02-15 03:44:01.688933,London-e867,-30,11,Normal
2026-02-15 03:44:02.688933,London-e867,29,3,Normal
2026-02-15 03:44:03.688933,London-e867,-18,97,Normal
2026-02-15 03:44:04.688933,London-e867,23,45,Normal
2026-02-15 03:44:05.688933,London-e867,8,50,Normal
2026-02-15 03:44:06.688933,London-e867,-30,47,Normal
2026-02-15 03:44:07.688933,London-e867,27,43,Normal
2026-02-15 03:44:08.688933,London-e867,21,63,Normal
2026-02-15 03:44:09.688933,London-e867,42,51,Normal
2026-02-15 03:44:10.688933,London-e867,24,37,Normal
2026-02-15 03:44:11.688933,London-e867,9,22,Normal
2026-02-15 03:44:12.688933,London-e867,9,75,Normal
2026-02-15 03:44:13.688933,London-e867,35,30,Normal
2026-02-15 03:44:14.688933,London-e867,0,66,Normal
2026-02-15 03:44:15.688933,London-e867,50,86,Normal
2026-02-15 03:44:16.688933,London-e867,23,83,Normal
2026-02-15 03:44:17.688933,London-e867,16,82,Normal
2026-02-15 03:44:18.688933,London-e867,16,98,Normal
2026-02-15 03:44:19.688933,London-e867,42,18,Normal
2026-02-15 03:44:20.688933,London-e867,-20,64,Normal
2026-02-15 03:44:21.688933,London-e867,-8,59,Normal
2026-02-15 03:44:22.688933,London-e867,47,47,Normal
2026-02-15 03:44:23.688933,London-e867,40,80,Normal
2026-02-15 03:44:24.688933,London-e867,-16,72,Normal
2026-02-15 03:44:25.688933,London-e867,16,63,Normal
2026-02-15 03:44:26.688933,London-e867,-29,93,Normal
2026-02-15 03:44:27.688933,London-e867,18,62,Normal
2026-02-15 03:44:28.688933,London-e867,25,44,Normal
2026-02-15 03:44:29.688933,London-e867,13,6,Normal
2026-02-15 03:44:30.688933,London-e867,-24,27,Normal
2026-02-15 03:44:31.688933,London-e867,-13,58,Normal
2026-02-15 03:44:32.688933,London-e867,43,86,Normal
2026-02-15 03:44:33.688933,London-e867,20,30,Normal
2026-02-15 03:44:34.688933,London-e867,-4,46,Normal
2026-02-15 03:44:35.688933,London-e867,28,65,Normal
2026-02-15 03:44:36.688933,London-e867,24,23,Normal
2026-02-15 03:44:37.688933,London-e867,11,35,Normal
2026-02-15 03:44:38.688933,London-e867,-12,54,Normal
2026-02-15 03:44:39.688933,London-e867,-18,74,Normal
2026-02-15 03:44:40.688933,London-e867,17,49,Normal
2026-02-15 03:44:41.688933,London-e867,-17,13,Normal
2026-02-15 03:44:42.688933,London-e867,33,41,Normal
2026-02-15 03:44:43.688933,London-e867,31,59,Normal
2026-02-15 03:44:44.688933,London-e867,34,60,Normal
2026-02-15 03:44:45.688933,London-e867,17,50,Normal
2026-02-15 03:44:46.688933,London-e867,0,68,Normal
2026-02-15 03:44:47.688933,London-e867,31,100,Normal
2026-02-15 03:44:48.688933,London-e867,10,6,Normal
2026-02-15 03:44:49.688933,London-e867,-17,79,Normal
2026-02-15 03:44:50.688933,London-e867,33,44,Normal
2026-02-15 03:44:51.688933,London-e867,-7,6,Normal
2026-02-15 03:44:52.688933,London-e867,-19,69,Normal
2026-02-15 03:44:53.688933,London-e867,-8,0,Normal
2026-02-15 03:44:54.688933,London-e867,22,40,Normal
2026-02-15 03:44:55.688933,London-e867,42,35,Normal
2026-02-15 03:44:56.688933,London-e867,40,13,Normal
2026-02-15 03:44:57.688933,London-e867,4,66,Normal
2026-02-15 03:44:58.688933,London-e867,13,23,Normal
2026-02-15 03:44:59.688933,London-e867,36,63,Normal
2026-02-15 03:45:00.688933,London-e867,-15,81,Normal
2026-02-15 03:45:01.688933,London-e867,-14,29,Normal
2026-02-15 03:45:02.688933,London-e867,38,25,Normal
2026-02-15 03:45:03.688933,London-e867,15,58,Normal
2026-02-15 03:45:04.688933,London-e867,-29,4,Normal
2026-02-15 03:45:05.688933,London-e867,-9,19,Normal
2026-02-15 03:45:06.688933,London-e867,-3,12,Normal
2026-02-15 03:45:07.688933,London-e867,-3,84,Normal
2026-02-15 03:45:08.688933,London-e867,35,39,Normal
2026-02-15 03:45:09.688933,London-e867,-25,72,Normal
2026-02-15 03:45:10.688933,London-e867,-2,16,Normal
2026-02-15 03:45:11.688933,London-e867,-7,58,Normal
2026-02-15 03:45:12.688933,London-e867,15,9,Normal
2026-02-15 03:45:13.688933,London-e867,7,55,Normal
2026-02-15 03:45:14.688933,London-e867,41,56,Normal
2026-02-15 03:45:15.688933,London-e867,-14,89,Normal
2026-02-15 03:45:16.688933,London-e867,48,92,Normal
2026-02-15 03:45:17.688933,London-e867,22,20,Normal
2026-02-15 03:45:18.688933,London-e867,-2,2,Normal
2026-02-15 03:45:19.688933,London-e867,14,0,Normal
2026-02-15 03:45:20.688933,London-e867,46,39,Normal
2026-02-15 03:45:21.688933,London-e867,42,74,Normal
2026-02-15 03:45:22.688933,London-e867,50,98,Normal
2026-02-15 03:45:23.688933,London-e867,41,66,Normal
2026-02-15 03:45:24.688933,London-e867,-20,23,Normal
2026-02-15 03:45:25.688933,London-e867,23,54,Normal
2026-02-15 03:45:26.688933,London-e867,42,83,Normal
2026-02-15 03:45:27.688933,London-e867,11,48,Normal
2026-02-15 03:45:28.688933,London-e867,42,21,Normal
2026-02-15 03:45:29.688933,London-e867,-8,74,Normal
2026-02-15 03:45:30.688933,London-e867,37,10,Normal
2026-02-15 03:45:31.688933,London-e867,-4,90,Normal
2026-02-15 03:45:32.688933,London-e867,13,29,Normal
2026-02-15 03:45:33.688933,London-e867,39,48,Normal
2026-02-15 03:45:34.688933,London-e867,-20,84,Normal
2026-02-15 03:45:35.688933,London-e867,11,24,Normal
2026-02-15 03:45:36.688933,London-e867,42,36,Normal
2026-02-15 03:45:37.688933,London-e867,1,72,Normal
2026-02-15 03:45:38.688933,London-e867,36,52,Normal
2026-02-15 03:45:39.688933,London-e867,14,41,Normal
2026-02-15 03:45:40.688933,London-e867,11,50,Normal
2026-02-15 03:45:41.688933,London-e867,11,44,Normal
2026-02-15 03:45:42.688933,London-e867,-3,16,Normal
2026-02-15 03:45:43.688933,London-e867,-1,0,Normal
2026-02-15 03:45:44.688933,London-e867,8,36,Normal
2026-02-15 03:45:45.688933,London-e867,48,1,Normal
2026-02-15 03:45:46.688933,London-e867,14,74,Normal
2026-02-15 03:45:47.688933,London-e867,28,44,Normal
2026-02-15 03:45:48.688933,London-e867,3,8,Normal
2026-02-15 03:45:49.688933,London-e867,-29,54,Normal
2026-02-15 03:45:50.688933,London-e867,-7,4,Normal
2026-02-15 03:45:51.688933,London-e867,29,71,Normal
2026-02-15 03:45:52.688933,London-e867,49,90,Normal
2026-02-15 03:45:53.688933,London-e867,4,81,Normal
2026-02-15 03:45:54.688933,London-e867,-7,80,Normal
2026-02-15 03:45:55.688933,London-e867,1,89,Normal
2026-02-15 03:45:56.688933,London-e867,9,6,Normal
2026-02-15 03:45:57.688933,London-e867,-17,20,Normal
2026-02-15 03:45:58.688933,London-e867,-24,21,Normal
2026-02-15 03:45:59.688933,London-e867,29,99,Normal
2026-02-15 03:46:00.688933,London-e867,16,86,Normal
2026-02-15 03:46:01.688933,London-e867,49,62,Normal
2026-02-15 03:46:02.688933,London-e867,49,30,Normal
2026-02-15 03:46:03.688933,London-e867,-22,62,Normal
2026-02-15 03:46:04.688933,London-e867,-23,83,Normal
2026-02-15 03:46:05.688933,London-e867,23,18,Normal
2026-02-15 03:46:06.688933,London-e867,42,47,Normal
2026-02-15 03:46:07.688933,London-e867,41,67,Normal
2026-02-15 03:46:08.688933,London-e867,-16,67,Normal
2026-02-15 03:46:09.688933,London-e867,4,42,Normal
2026-02-15 03:46:10.688933,London-e867,-28,98,Normal
2026-02-15 03:46:11.688933,London-e867,-15,20,Normal
2026-02-15 03:46:12.688933,London-e867,36,56,Normal
2026-02-15 03:46:13.688933,London-e867,32,25,Normal
2026-02-15 03:46:14.688933,London-e867,43,6,Normal
2026-02-15 03:46:15.688933,London-e867,27,90,Normal
2026-02-15 03:46:16.688933,London-e867,18,4,Normal
2026-02-15 03:46:17.688933,London-e867,41,49,Normal
2026-02-15 03:46:18.688933,London-e867,11,96,Normal
2026-02-15 03:46:19.688933,London-e867,10,19,Normal
2026-02-15 03:46:20.688933,London-e867,14,5,Normal
2026-02-15 03:46:21.688933,London-e867,-10,58,Normal
2026-02-15 03:46:22.688933,London-e867,33,47,Normal
2026-02-15 03:46:23.688933,London-e867,6,6,Normal
2026-02-15 03:46:24.688933,London-e867,-19,80,Normal
2026-02-15 03:46:25.688933,London-e867,4,29,Normal
2026-02-15 03:46:26.688933,London-e867,-30,35,Normal
2026-02-15 03:46:27.688933,London-e867,20,64,Normal
2026-02-15 03:46:28.688933,London-e867,15,1,Normal
2026-02-15 03:46:29.688933,London-e867,-4,80,Normal
2026-02-15 03:46:30.688933,London-e867,-21,73,Normal
2026-02-15 03:46:31.688933,London-e867,-25,54,Normal
2026-02-15 03:46:32.688933,London-e867,0,34,Normal
2026-02-15 03:46:33.688933,London-e867,15,67,Normal
2026-02-15 03:46:34.688933,London-e867,5,71,Normal
2026-02-15 03:46:35.688933,London-e867,-12,7,Normal
2026-02-15 03:46:36.688933,London-e867,44,61,Normal
2026-02-15 03:46:37.688933,London-e867,30,39,Normal
2026-02-15 03:46:38.688933,London-e867,25,98,Normal
2026-02-15 03:46:39.688933,London-e867,20,82,Normal
2026-02-15 03:46:40.688933,London-e867,37,53,Normal
2026-02-15 03:46:41.688933,London-e867,15,21,Normal
2026-02-15 03:46:42.688933,London-e867,37,86,Normal
2026-02-15 03:46:43.688933,London-e867,25,30,Normal
2026-02-15 03:46:44.688933,London-e867,-25,35,Normal
2026-02-15 03:46:45.688933,London-e867,-6,3,Normal
2026-02-15 03:46:46.688933,London-e867,16,65,Normal
2026-02-15 03:46:47.688933,London-e867,50,3,Normal
2026-02-15 03:46:48.688933,London-e867,-2,16,Normal
2026-02-15 03:46:49.688933,London-e867,-9,61,Normal
2026-02-15 03:46:50.688933,London-e867,-17,63,Normal
2026-02-15 03:46:51.688933,London-e867,12,54,Normal
2026-02-15 03:46:52.688933,London-e867,32,86,Normal
2026-02-15 03:46:53.688933,London-e867,1,13,Normal
2026-02-15 03:46:54.688933,London-e867,12,64,Normal
2026-02-15 03:46:55.688933,London-e867,31,64,Normal
2026-02-15 03:46:56.688933,London-e867,-15,49,Normal
2026-02-15 03:46:57.688933,London-e867,-25,14,Normal
2026-02-15 03:46:58.688933,London-e867,-21,76,Normal
2026-02-15 03:46:59.688933,London-e867,5,10,Normal
2026-02-15 03:47:00.688933,London-e867,-16,31,Normal
2026-02-15 03:47:01.688933,London-e867,-11,99,Normal
2026-02-15 03:47:02.688933,London-e867,22,74,Normal
2026-02-15 03:47:03.688933,London-e867,-11,72,Normal
2026-02-15 03:47:04.688933,London-e867,1,13,Normal
2026-02-15 03:47:05.688933,London-e867,-14,68,Normal
2026-02-15 03:47:06.688933,London-e867,14,34,Normal
2026-02-15 03:47:07.688933,London-e867,-14,30,Normal
2026-02-15 03:47:08.688933,London-e867,-28,63,Normal
2026-02-15 03:47:09.688933,London-e867,12,84,Normal
2026-02-15 03:47:10.688933,London-e867,9,43,Normal
2026-02-15 03:47:11.688933,London-e867,38,3,Normal
2026-02-15 03:47:12.688933,London-e867,-27,51,Normal
2026-02-15 03:47:13.688933,London-e867,-16,48,Normal
2026-02-15 03:47:14.688933,London-e867,32,61,Normal
2026-02-15 03:47:15.688933,London-e867,20,32,Normal
2026-02-15 03:47:16.688933,London-e867,-19,19,Normal
2026-02-15 03:47:17.688933,London-e867,-20,73,Normal
2026-02-15 03:47:18.688933,London-e867,16,87,Normal
2026-02-15 03:47:19.688933,London-e867,-17,93,Normal
2026-02-15 03:47:20.688933,London-e867,-29,34,Normal
2026-02-15 03:47:21.688933,London-e867,-25,13,Normal
2026-02-15 03:47:22.688933,London-e867,25,63,Normal
2026-02-15 03:47:23.688933,London-e867,27,42,Normal
2026-02-15 03:47:24.688933,London-e867,1,54,Normal
2026-02-15 03:47:25.688933,London-e867,39,9,Normal
2026-02-15 03:47:26.688933,London-e867,24,56,Normal
2026-02-15 03:47:27.688933,London-e867,-27,17,Normal
2026-02-15 03:47:28.688933,London-e867,7,88,Normal
2026-02-15 03:47:29.688933,London-e867,46,26,Normal
2026-02-15 03:47:30.688933,London-e867,17,88,Normal
2026-02-15 03:47:31.688933,London-e867,37,27,Normal
2026-02-15 03:47:32.688933,London-e867,-29,81,Normal
2026-02-15 03:47:33.688933,London-e867,42,18,Normal
2026-02-15 03:47:34.688933,London-e867,6,39,Normal
2026-02-15 03:47:35.688933,London-e867,48,1,Normal
2026-02-15 03:47:36.688933,London-e867,40,41,Normal
2026-02-15 03:47:37.688933,London-e867,18,7,Normal
2026-02-15 03:47:38.688933,London-e867,15,62,Normal
2026-02-15 03:47:39.688933,London-e867,6,62,Normal
2026-02-15 03:47:40.688933,London-e867,17,19,Normal
2026-02-15 03:47:41.688933,London-e867,32,37,Normal
2026-02-15 03:47:42.688933,London-e867,18,4,Normal
2026-02-15 03:47:43.688933,London-e867,-27,63,Normal
2026-02-15 03:47:44.688933,London-e867,-28,31,Normal
2026-02-15 03:47:45.688933,London-e867,-11,92,Normal
2026-02-15 03:47:46.688933,London-e867,32,56,Normal
2026-02-15 03:47:47.688933,London-e867,43,79,Normal
2026-02-15 03:47:48.688933,London-e867,46,79,Normal
2026-02-15 03:47:49.688933,London-e867,50,92,Normal
2026-02-15 03:47:50.688933,London-e867,13,47,Normal
2026-02-15 03:47:51.688933,London-e867,14,53,Normal
2026-02-15 03:47:52.688933,London-e867,2,90,Normal
2026-02-15 03:47:53.688933,London-e867,13,45,Normal
2026-02-15 03:47:54.688933,London-e867,-14,20,Normal
2026-02-15 03:47:55.688933,London-e867,-9,21,Normal
2026-02-15 03:47:56.688933,London-e867,12,55,Normal
2026-02-15 03:47:57.688933,London-e867,3,33,Normal
2026-02-15 03:47:58.688933,London-e867,18,26,Normal
2026-02-15 03:47:59.688933,London-e867,13,97,Normal
2026-02-15 03:48:00.688933,London-e867,45,99,Normal
2026-02-15 03:48:01.688933,London-e867,28,84,Normal
2026-02-15 03:48:02.688933,London-e867,-12,57,Normal
2026-02-15 03:48:03.688933,London-e867,46,62,Normal
2026-02-15 03:48:04.688933,London-e867,27,77,Normal
2026-02-15 03:48:05.688933,London-e867,-12,39,Normal
2026-02-15 03:48:06.688933,London-e867,44,22,Normal
2026-02-15 03:48:07.688933,London-e867,-14,83,Normal
2026-02-15 03:48:08.688933,London-e867,37,71,Normal
2026-02-15 03:48:09.688933,London-e867,18,91,Normal
2026-02-15 03:48:10.688933,London-e867,41,84,Normal
2026-02-15 03:48:11.688933,London-e867,0,40,Normal
2026-02-15 03:48:12.688933,London-e867,18,12,Normal
2026-02-15 03:48:13.688933,London-e867,1,41,Normal
2026-02-15 03:48:14.688933,London-e867,1,96,Normal
2026-02-15 03:48:15.688933,London-e867,-18,94,Normal
2026-02-15 03:48:16.688933,London-e867,0,39,Normal
2026-02-15 03:48:17.688933,London-e867,17,90,Normal
2026-02-15 03:48:18.688933,London-e867,31,0,Normal
2026-02-15 03:48:19.688933,London-e867,37,29,Normal
2026-02-15 03:48:20.688933,London-e867,18,45,Normal
2026-02-15 03:48:21.688933,London-e867,39,50,Normal
2026-02-15 03:48:22.688933,London-e867,31,89,Normal
2026-02-15 03:48:23.688933,London-e867,-28,3,Normal
2026-02-15 03:48:24.688933,London-e867,7,92,Normal
2026-02-15 03:48:25.688933,London-e867,27,53,Normal
2026-02-15 03:48:26.688933,London-e867,40,50,Normal
2026-02-15 03:48:27.688933,London-e867,-15,25,Normal
2026-02-15 03:48:28.688933,London-e867,-19,9,Normal
2026-02-15 03:48:29.688933,London-e867,-14,55,Normal
2026-02-15 03:48:30.688933,London-e867,23,32,Normal
2026-02-15 03:48:31.688933,London-e867,-29,8,Normal
2026-02-15 03:48:32.688933,London-e867,24,62,Normal
2026-02-15 03:48:33.688933,London-e867,-17,84,Normal
2026-02-15 03:48:34.688933,London-e867,32,64,Normal
2026-02-15 03:48:35.688933,London-e867,24,63,Normal
2026-02-15 03:48:36.688933,London-e867,13,46,Normal
2026-02-15 03:48:37.688933,London-e867,29,95,Normal
2026-02-15 03:48:38.688933,London-e867,-26,27,Normal
2026-02-15 03:48:39.688933,London-e867,-28,35,Normal
2026-02-15 03:48:40.688933,London-e867,43,22,Normal
2026-02-15 03:48:41.688933,London-e867,-26,27,Normal
2026-02-15 03:48:42.688933,London-e867,34,65,Normal
2026-02-15 03:48:43.688933,London-e867,-29,25,Normal
2026-02-15 03:48:44.688933,London-e867,29,17,Normal
2026-02-15 03:48:45.688933,London-e867,-9,37,Normal
2026-02-15 03:48:46.688933,London-e867,6,32,Normal
2026-02-15 03:48:47.688933,London-e867,-12,2,Normal
2026-02-15 03:48:48.688933,London-e867,8,11,Normal
2026-02-15 03:48:49.688933,London-e867,-22,73,Normal
2026-02-15 03:48:50.688933,London-e867,17,6,Normal
2026-02-15 03:48:51.688933,London-e867,45,49,Normal
2026-02-15 03:48:52.688933,London-e867,18,54,Normal
2026-02-15 03:48:53.688933,London-e867,-20,94,Normal
2026-02-15 03:48:54.688933,London-e867,5,94,Normal
2026-02-15 03:48:55.688933,London-e867,37,89,Normal
2026-02-15 03:48:56.688933,London-e867,5,81,Normal
2026-02-15 03:48:57.688933,London-e867,-23,40,Normal
2026-02-15 03:48:58.688933,London-e867,18,0,Normal
2026-02-15 03:48:59.688933,London-e867,27,16,Normal
2026-02-15 03:49:00.688933,London-e867,15,42,Normal
2026-02-15 03:49:01.688933,London-e867,-18,82,Normal
2026-02-15 03:49:02.688933,London-e867,31,70,Normal
2026-02-15 03:49:03.688933,London-e867,43,53,Normal
2026-02-15 03:49:04.688933,London-e867,41,22,Normal
2026-02-15 03:49:05.688933,London-e867,-7,80,Normal
2026-02-15 03:49:06.688933,London-e867,-20,91,Normal
2026-02-15 03:49:07.688933,London-e867,-27,25,Normal
2026-02-15 03:49:08.688933,London-e867,29,84,Normal
2026-02-15 03:49:09.688933,London-e867,-17,35,Normal
2026-02-15 03:49:10.688933,London-e867,31,27,Normal
2026-02-15 03:49:11.688933,London-e867,16,20,Normal
2026-02-15 03:49:12.688933,London-e867,38,94,Normal
2026-02-15 03:49:13.688933,London-e867,-1,20,Normal
2026-02-15 03:49:14.688933,London-e867,12,31,Normal
2026-02-15 03:49:15.688933,London-e867,22,84,Normal
2026-02-15 03:49:16.688933,London-e867,37,66,Normal
2026-02-15 03:49:17.688933,London-e867,9,62,Normal
2026-02-15 03:49:18.688933,London-e867,29,21,Normal
2026-02-15 03:49:19.688933,London-e867,-11,20,Normal
2026-02-15 03:49:20.688933,London-e867,5,6,Normal
2026-02-15 03:49:21.688933,London-e867,-2,60,Normal
2026-02-15 03:49:22.688933,London-e867,-30,75,Normal
2026-02-15 03:49:23.688933,London-e867,-22,10,Normal
2026-02-15 03:49:24.688933,London-e867,-23,27,Normal
2026-02-15 03:49:25.688933,London-e867,-11,96,Normal
2026-02-15 03:49:26.688933,London-e867,42,66,Normal
2026-02-15 03:49:27.688933,London-e867,-29,54,Normal
2026-02-15 03:49:28.688933,London-e867,31,22,Normal
2026-02-15 03:49:29.688933,London-e867,23,89,Normal
2026-02-15 03:49:30.688933,London-e867,17,76,Normal
2026-02-15 03:49:31.688933,London-e867,15,32,Normal
2026-02-15 03:49:32.688933,London-e867,-3,64,Normal
2026-02-15 03:49:33.688933,London-e867,35,55,Normal
2026-02-15 03:49:34.688933,London-e867,13,67,Normal
2026-02-15 03:49:35.688933,London-e867,18,29,Normal
2026-02-15 03:49:36.688933,London-e867,40,50,Normal
2026-02-15 03:49:37.688933,London-e867,-27,40,Normal
2026-02-15 03:49:38.688933,London-e867,-30,27,Normal
2026-02-15 03:49:39.688933,London-e867,24,46,Normal
2026-02-15 03:49:40.688933,London-e867,24,5,Normal
2026-02-15 03:49:41.688933,London-e867,38,30,Normal
2026-02-15 03:49:42.688933,London-e867,-15,3,Normal
2026-02-15 03:49:43.688933,London-e867,-25,16,Normal
2026-02-15 03:49:44.688933,London-e867,-24,83,Normal
2026-02-15 03:49:45.688933,London-e867,-19,48,Normal
2026-02-15 03:49:46.688933,London-e867,46,59,Normal
2026-02-15 03:49:47.688933,London-e867,7,10,Normal
2026-02-15 03:49:48.688933,London-e867,6,46,Normal
2026-02-15 03:49:49.688933,London-e867,6,61,Normal
2026-02-15 03:49:50.688933,London-e867,-9,74,Normal
2026-02-15 03:49:51.688933,London-e867,30,87,Normal
2026-02-15 03:49:52.688933,London-e867,-12,66,Normal
2026-02-15 03:49:53.688933,London-e867,46,61,Normal
2026-02-15 03:49:54.688933,London-e867,6,63,Normal
2026-02-15 03:49:55.688933,London-e867,15,63,Normal
2026-02-15 03:49:56.688933,London-e867,50,25,Normal
2026-02-15 03:49:57.688933,London-e867,-12,91,Normal
2026-02-15 03:49:58.688933,London-e867,2,31,Normal
2026-02-15 03:49:59.688933,London-e867,12,15,Normal
2026-02-15 03:50:00.688933,London-e867,-13,99,Normal
2026-02-15 03:50:01.688933,London-e867,0,3,Normal
2026-02-15 03:50:02.688933,London-e867,40,21,Normal
2026-02-15 03:50:03.688933,London-e867,-30,69,Normal
2026-02-15 03:50:04.688933,London-e867,7,75,Normal
2026-02-15 03:50:05.688933,London-e867,29,80,Normal
2026-02-15 03:50:06.688933,London-e867,29,56,Normal
2026-02-15 03:50:07.688933,London-e867,-13,10,Normal
2026-02-15 03:50:08.688933,London-e867,47,3,Normal
2026-02-15 03:50:09.688933,London-e867,2,79,Normal
2026-02-15 03:50:10.688933,London-e867,4,70,Normal
2026-02-15 03:50:11.688933,London-e867,37,91,Normal
2026-02-15 03:50:12.688933,London-e867,-6,94,Normal
2026-02-15 03:50:13.688933,London-e867,-3,0,Normal
2026-02-15 03:50:14.688933,London-e867,-24,97,Normal
2026-02-15 03:50:15.688933,London-e867,-19,1,Normal
2026-02-15 03:50:16.688933,London-e867,34,15,Normal
2026-02-15 03:50:17.688933,London-e867,-1,35,Normal
2026-02-15 03:50:18.688933,London-e867,24,37,Normal
2026-02-15 03:50:19.688933,London-e867,44,92,Normal
2026-02-15 03:50:20.688933,London-e867,-18,83,Normal
2026-02-15 03:50:21.688933,London-e867,31,86,Normal
2026-02-15 03:50:22.688933,London-e867,5,21,Normal
2026-02-15 03:50:23.688933,London-e867,18,72,Normal
2026-02-15 03:50:24.688933,London-e867,-25,50,Normal
2026-02-15 03:50:25.688933,London-e867,26,11,Normal
2026-02-15 03:50:26.688933,London-e867,46,54,Normal
2026-02-15 03:50:27.688933,London-e867,8,99,Normal
2026-02-15 03:50:28.688933,London-e867,36,23,Normal
2026-02-15 03:50:29.688933,London-e867,3,53,Normal
2026-02-15 03:50:30.688933,London-e867,-6,27,Normal
2026-02-15 03:50:31.688933,London-e867,-12,61,Normal
2026-02-15 03:50:32.688933,London-e867,-9,46,Normal
2026-02-15 03:50:33.688933,London-e867,-10,41,Normal
2026-02-15 03:50:34.688933,London-e867,43,89,Normal
2026-02-15 03:50:35.688933,London-e867,44,96,Normal
2026-02-15 03:50:36.688933,London-e867,38,61,Normal
2026-02-15 03:50:37.688933,London-e867,2,45,Normal
2026-02-15 03:50:38.688933,London-e867,50,69,Normal
2026-02-15 03:50:39.688933,London-e867,-4,65,Normal
2026-02-15 03:50:40.688933,London-e867,-28,85,Normal
2026-02-15 03:50:41.688933,London-e867,-7,83,Normal
2026-02-15 03:50:42.688933,London-e867,39,81,Normal
2026-02-15 03:50:43.688933,London-e867,-27,86,Normal
2026-02-15 03:50:44.688933,London-e867,22,37,Normal
2026-02-15 03:50:45.688933,London-e867,34,18,Normal
2026-02-15 03:50:46.688933,London-e867,16,43,Normal
2026-02-15 03:50:47.688933,London-e867,-28,47,Normal
2026-02-15 03:50:48.688933,London-e867,23,3,Normal
2026-02-15 03:50:49.688933,London-e867,48,23,Normal
2026-02-15 03:50:50.688933,London-e867,38,90,Normal
2026-02-15 03:50:51.688933,London-e867,35,39,Normal
2026-02-15 03:50:52.688933,London-e867,36,98,Normal
2026-02-15 03:50:53.688933,London-e867,21,28,Normal
2026-02-15 03:50:54.688933,London-e867,-4,34,Normal
2026-02-15 03:50:55.688933,London-e867,17,2,Normal
2026-02-15 03:50:56.688933,London-e867,41,35,Normal
2026-02-15 03:50:57.688933,London-e867,18,86,Normal
2026-02-15 03:50:58.688933,London-e867,37,72,Normal
2026-02-15 03:50:59.688933,London-e867,33,31,Normal
2026-02-15 03:51:00.688933,London-e867,-20,60,Normal
2026-02-15 03:51:01.688933,London-e867,2,53,Normal
2026-02-15 03:51:02.688933,London-e867,-7,85,Normal
2026-02-15 03:51:03.688933,London-e867,-13,6,Normal
2026-02-15 03:51:04.688933,London-e867,36,39,Normal
2026-02-15 03:51:05.688933,London-e867,34,77,Normal
2026-02-15 03:51:06.688933,London-e867,-18,60,Normal
2026-02-15 03:51:07.688933,London-e867,46,91,Normal
2026-02-15 03:51:08.688933,London-e867,33,76,Normal
2026-02-15 03:51:09.688933,London-e867,-25,51,Normal
2026-02-15 03:51:10.688933,London-e867,43,53,Normal
2026-02-15 03:51:11.688933,London-e867,26,86,Normal
2026-02-15 03:51:12.688933,London-e867,34,40,Normal
2026-02-15 03:51:13.688933,London-e867,42,62,Normal
2026-02-15 03:51:14.688933,London-e867,-1,20,Normal
2026-02-15 03:51:15.688933,London-e867,-29,25,Normal
2026-02-15 03:51:16.688933,London-e867,36,82,Normal
2026-02-15 03:51:17.688933,London-e867,13,0,Normal
2026-02-15 03:51:18.688933,London-e867,41,27,Normal
2026-02-15 03:51:19.688933,London-e867,19,74,Normal
2026-02-15 03:51:20.688933,London-e867,30,91,Normal
2026-02-15 03:51:21.688933,London-e867,31,48,Normal
2026-02-15 03:51:22.688933,London-e867,-9,72,Normal
2026-02-15 03:51:23.688933,London-e867,15,1,Normal
2026-02-15 03:51:24.688933,London-e867,43,0,Normal
2026-02-15 03:51:25.688933,London-e867,-9,0,Normal
2026-02-15 03:51:26.688933,London-e867,-22,7,Normal
2026-02-15 03:51:27.688933,London-e867,43,67,Normal
2026-02-15 03:51:28.688933,London-e867,16,30,Normal
2026-02-15 03:51:29.688933,London-e867,-21,47,Normal
2026-02-15 03:51:30.688933,London-e867,-4,1,Normal
2026-02-15 03:51:31.688933,London-e867,30,44,Normal
2026-02-15 03:51:32.688933,London-e867,-24,36,Normal
2026-02-15 03:51:33.688933,London-e867,-10,36,Normal
2026-02-15 03:51:34.688933,London-e867,-30,81,Normal
2026-02-15 03:51:35.688933,London-e867,28,7,Normal
2026-02-15 03:51:36.688933,London-e867,9,61,Normal
2026-02-15 03:51:37.688933,London-e867,27,57,Normal
2026-02-15 03:51:38.688933,London-e867,3,18,Normal
2026-02-15 03:51:39.688933,London-e867,-2,17,Normal
2026-02-15 03:51:40.688933,London-e867,-22,15,Normal
2026-02-15 03:51:41.688933,London-e867,39,0,Normal
2026-02-15 03:51:42.688933,London-e867,46,27,Normal
2026-02-15 03:51:43.688933,London-e867,6,47,Normal
2026-02-15 03:51:44.688933,London-e867,29,38,Normal
2026-02-15 03:51:45.688933,London-e867,27,47,Normal
2026-02-15 03:51:46.688933,London-e867,3,5,Normal
2026-02-15 03:51:47.688933,London-e867,-3,86,Normal
2026-02-15 03:51:48.688933,London-e867,22,9,Normal
2026-02-15 03:51:49.688933,London-e867,3,41,Normal
2026-02-15 03:51:50.688933,London-e867,15,49,Normal
2026-02-15 03:51:51.688933,London-e867,12,59,Normal
2026-02-15 03:51:52.688933,London-e867,-24,75,Normal
2026-02-15 03:51:53.688933,London-e867,43,71,Normal
2026-02-15 03:51:54.688933,London-e867,-11,44,Normal
2026-02-15 03:51:55.688933,London-e867,-24,38,Normal
2026-02-15 03:51:56.688933,London-e867,44,26,Normal
2026-02-15 03:51:57.688933,London-e867,40,84,Normal
2026-02-15 03:51:58.688933,London-e867,-18,61,Normal
2026-02-15 03:51:59.688933,London-e867,50,63,Normal
2026-02-15 03:52:00.688933,London-e867,41,96,Normal
2026-02-15 03:52:01.688933,London-e867,28,72,Normal
2026-02-15 03:52:02.688933,London-e867,-24,20,Normal
2026-02-15 03:52:03.688933,London-e867,-25,93,Normal
2026-02-15 03:52:04.688933,London-e867,11,34,Normal
2026-02-15 03:52:05.688933,London-e867,26,4,Normal
2026-02-15 03:52:06.688933,London-e867,44,21,Normal
2026-02-15 03:52:07.688933,London-e867,-23,32,Normal
2026-02-15 03:52:08.688933,London-e867,49,33,Normal
2026-02-15 03:52:09.688933,London-e867,21,43,Normal
2026-02-15 03:52:10.688933,London-e867,-11,4,Normal
2026-02-15 03:52:11.688933,London-e867,-17,94,Normal
2026-02-15 03:52:12.688933,London-e867,4,22,Normal
2026-02-15 03:52:13.688933,London-e867,-30,46,Normal
2026-02-15 03:52:14.688933,London-e867,31,87,Normal
2026-02-15 03:52:15.688933,London-e867,24,81,Normal
2026-02-15 03:52:16.688933,London-e867,-29,54,Normal
2026-02-15 03:52:17.688933,London-e867,-11,96,Normal
2026-02-15 03:52:18.688933,London-e867,6,81,Normal
2026-02-15 03:52:19.688933,London-e867,48,17,Normal
2026-02-15 03:52:20.688933,London-e867,-12,69,Normal
2026-02-15 03:52:21.688933,London-e867,-14,20,Normal
2026-02-15 03:52:22.688933,London-e867,19,47,Normal
2026-02-15 03:52:23.688933,London-e867,11,65,Normal
2026-02-15 03:52:24.688933,London-e867,25,27,Normal
2026-02-15 03:52:25.688933,London-e867,-28,55,Normal
2026-02-15 03:52:26.688933,London-e867,2,41,Normal
2026-02-15 03:52:27.688933,London-e867,8,56,Normal
2026-02-15 03:52:28.688933,London-e867,48,82,Normal
2026-02-15 03:52:29.688933,London-e867,36,55,Normal
2026-02-15 03:52:30.688933,London-e867,-28,94,Normal
2026-02-15 03:52:31.688933,London-e867,-11,34,Normal
2026-02-15 03:52:32.688933,London-e867,26,44,Normal
2026-02-15 03:52:33.688933,London-e867,-2,65,Normal
2026-02-15 03:52:34.688933,London-e867,-28,31,Normal
2026-02-15 03:52:35.688933,London-e867,38,50,Normal
2026-02-15 03:52:36.688933,London-e867,39,72,Normal
2026-02-15 03:52:37.688933,London-e867,28,24,Normal
2026-02-15 03:52:38.688933,London-e867,-29,28,Normal
2026-02-15 03:52:39.688933,London-e867,-12,9,Normal
2026-02-15 03:52:40.688933,London-e867,48,99,Normal
2026-02-15 03:52:41.688933,London-e867,19,70,Normal
2026-02-15 03:52:42.688933,London-e867,-29,98,Normal
2026-02-15 03:52:43.688933,London-e867,10,64,Normal
2026-02-15 03:52:44.688933,London-e867,39,83,Normal
2026-02-15 03:52:45.688933,London-e867,19,78,Normal
2026-02-15 03:52:46.688933,London-e867,34,96,Normal
2026-02-15 03:52:47.688933,London-e867,-1,86,Normal
2026-02-15 03:52:48.688933,London-e867,-26,1,Normal
2026-02-15 03:52:49.688933,London-e867,30,14,Normal
2026-02-15 03:52:50.688933,London-e867,-19,86,Normal
2026-02-15 03:52:51.688933,London-e867,20,48,Normal
2026-02-15 03:52:52.688933,London-e867,11,81,Normal
2026-02-15 03:52:53.688933,London-e867,0,14,Normal
2026-02-15 03:52:54.688933,London-e867,-8,44,Normal
2026-02-15 03:52:55.688933,London-e867,-7,62,Normal
2026-02-15 03:52:56.688933,London-e867,-21,1,Normal
2026-02-15 03:52:57.688933,London-e867,42,10,Normal
2026-02-15 03:52:58.688933,London-e867,-18,22,Normal
2026-02-15 03:52:59.688933,London-e867,17,90,Normal
2026-02-15 03:53:00.688933,London-e867,3,93,Normal
2026-02-15 03:53:01.688933,London-e867,39,49,Normal
2026-02-15 03:53:02.688933,London-e867,-4,51,Normal
2026-02-15 03:53:03.688933,London-e867,47,79,Normal
2026-02-15 03:53:04.688933,London-e867,42,64,Normal
2026-02-15 03:53:05.688933,London-e867,-25,11,Normal
2026-02-15 03:53:06.688933,London-e867,-25,58,Normal
2026-02-15 03:53:07.688933,London-e867,42,88,Normal
2026-02-15 03:53:08.688933,London-e867,-8,35,Normal
2026-02-15 03:53:09.688933,London-e867,21,65,Normal
2026-02-15 03:53:10.688933,London-e867,-17,63,Normal
2026-02-15 03:53:11.688933,London-e867,-9,28,Normal
2026-02-15 03:53:12.688933,London-e867,20,63,Normal
2026-02-15 03:53:13.688933,London-e867,3,7,Normal
2026-02-15 03:53:14.688933,London-e867,-30,73,Normal
2026-02-15 03:53:15.688933,London-e867,24,81,Normal
2026-02-15 03:53:16.688933,London-e867,-10,68,Normal
2026-02-15 03:53:17.688933,London-e867,13,86,Normal
2026-02-15 03:53:18.688933,London-e867,44,80,Normal
2026-02-15 03:53:19.688933,London-e867,1,5,Normal
2026-02-15 03:53:20.688933,London-e867,7,62,Normal
2026-02-15 03:53:21.688933,London-e867,36,1,Normal
2026-02-15 03:53:22.688933,London-e867,24,70,Normal
2026-02-15 03:53:23.688933,London-e867,-16,76,Normal
2026-02-15 03:53:24.688933,London-e867,34,72,Normal
2026-02-15 03:53:25.688933,London-e867,-28,32,Normal
2026-02-15 03:53:26.688933,London-e867,-21,47,Normal
2026-02-15 03:53:27.688933,London-e867,-6,38,Normal
2026-02-15 03:53:28.688933,London-e867,1,35,Normal
2026-02-15 03:53:29.688933,London-e867,28,32,Normal
2026-02-15 03:53:30.688933,London-e867,21,56,Normal
2026-02-15 03:53:31.688933,London-e867,-21,78,Normal
2026-02-15 03:53:32.688933,London-e867,-7,16,Normal
2026-02-15 03:53:33.688933,London-e867,45,67,Normal
2026-02-15 03:53:34.688933,London-e867,37,39,Normal
2026-02-15 03:53:35.688933,London-e867,36,89,Normal
2026-02-15 03:53:36.688933,London-e867,23,28,Normal
2026-02-15 03:53:37.688933,London-e867,-1,9,Normal
2026-02-15 03:53:38.688933,London-e867,35,84,Normal
2026-02-15 03:53:39.688933,London-e867,-14,47,Normal
2026-02-15 03:53:40.688933,London-e867,-15,11,Normal
2026-02-15 03:53:41.688933,London-e867,14,77,Normal
2026-02-15 03:53:42.688933,London-e867,-21,81,Normal
2026-02-15 03:53:43.688933,London-e867,10,25,Normal
2026-02-15 03:53:44.688933,London-e867,32,21,Normal
2026-02-15 03:53:45.688933,London-e867,-17,65,Normal
2026-02-15 03:53:46.688933,London-e867,-3,85,Normal
2026-02-15 03:53:47.688933,London-e867,34,16,Normal
2026-02-15 03:53:48.688933,London-e867,-16,72,Normal
2026-02-15 03:53:49.688933,London-e867,-11,79,Normal
2026-02-15 03:53:50.688933,London-e867,48,98,Normal
2026-02-15 03:53:51.688933,London-e867,40,73,Normal
2026-02-15 03:53:52.688933,London-e867,-9,26,Normal
2026-02-15 03:53:53.688933,London-e867,-2,20,Normal
2026-02-15 03:53:54.688933,London-e867,-2,33,Normal
2026-02-15 03:53:55.688933,London-e867,44,81,Normal
2026-02-15 03:53:56.688933,London-e867,8,1,Normal
2026-02-15 03:53:57.688933,London-e867,44,57,Normal
2026-02-15 03:53:58.688933,London-e867,2,17,Normal
2026-02-15 03:53:59.688933,London-e867,-8,25,Normal
2026-02-15 03:54:00.688933,London-e867,45,51,Normal
2026-02-15 03:54:01.688933,London-e867,33,23,Normal
2026-02-15 03:54:02.688933,London-e867,30,21,Normal
2026-02-15 03:54:03.688933,London-e867,-13,78,Normal
2026-02-15 03:54:04.688933,London-e867,41,88,Normal
2026-02-15 03:54:05.688933,London-e867,-25,87,Normal
2026-02-15 03:54:06.688933,London-e867,7,89,Normal
2026-02-15 03:54:07.688933,London-e867,47,99,Normal
2026-02-15 03:54:08.688933,London-e867,32,91,Normal
2026-02-15 03:54:09.688933,London-e867,-4,39,Normal
2026-02-15 03:54:10.688933,London-e867,7,10,Normal
2026-02-15 03:54:11.688933,London-e867,34,59,Normal
2026-02-15 03:54:12.688933,London-e867,-13,28,Normal
2026-02-15 03:54:13.688933,London-e867,36,93,Normal
2026-02-15 03:54:14.688933,London-e867,-26,63,Normal
2026-02-15 03:54:15.688933,London-e867,36,65,Normal
2026-02-15 03:54:16.688933,London-e867,13,77,Normal
2026-02-15 03:54:17.688933,London-e867,18,65,Normal
2026-02-15 03:54:18.688933,London-e867,22,2,Normal
2026-02-15 03:54:19.688933,London-e867,13,25,Normal
2026-02-15 03:54:20.688933,London-e867,15,48,Normal
2026-02-15 03:54:21.688933,London-e867,-19,10,Normal
2026-02-15 03:54:22.688933,London-e867,5,47,Normal
2026-02-15 03:54:23.688933,London-e867,30,54,Normal
2026-02-15 03:54:24.688933,London-e867,-28,98,Normal
2026-02-15 03:54:25.688933,London-e867,10,30,Normal
2026-02-15 03:54:26.688933,London-e867,25,94,Normal
2026-02-15 03:54:27.688933,London-e867,46,57,Normal
2026-02-15 03:54:28.688933,London-e867,43,1,Normal
2026-02-15 03:54:29.688933,London-e867,-27,15,Normal
2026-02-15 03:54:30.688933,London-e867,18,46,Normal
2026-02-15 03:54:31.688933,London-e867,25,26,Normal
2026-02-15 03:54:32.688933,London-e867,9,30,Normal
2026-02-15 03:54:33.688933,London-e867,31,68,Normal
2026-02-15 03:54:34.688933,London-e867,26,54,Normal
2026-02-15 03:54:35.688933,London-e867,-28,31,Normal
2026-02-15 03:54:36.688933,London-e867,-10,46,Normal
2026-02-15 03:54:37.688933,London-e867,43,2,Normal
2026-02-15 03:54:38.688933,London-e867,37,55,Normal
2026-02-15 03:54:39.688933,London-e867,43,78,Normal
2026-02-15 03:54:40.688933,London-e867,50,60,Normal
2026-02-15 03:54:41.688933,London-e867,-26,38,Normal
2026-02-15 03:54:42.688933,London-e867,42,34,Normal
2026-02-15 03:54:43.688933,London-e867,27,100,Normal
2026-02-15 03:54:44.688933,London-e867,-8,55,Normal
2026-02-15 03:54:45.688933,London-e867,-9,7,Normal
2026-02-15 03:54:46.688933,London-e867,37,35,Normal
2026-02-15 03:54:47.688933,London-e867,12,94,Normal
2026-02-15 03:54:48.688933,London-e867,46,68,Normal
2026-02-15 03:54:49.688933,London-e867,47,4,Normal
2026-02-15 03:54:50.688933,London-e867,44,15,Normal
2026-02-15 03:54:51.688933,London-e867,4,29,Normal
2026-02-15 03:54:52.688933,London-e867,3,10,Normal
2026-02-15 03:54:53.688933,London-e867,-3,50,Normal
2026-02-15 03:54:54.688933,London-e867,3,36,Normal
2026-02-15 03:54:55.688933,London-e867,-6,55,Normal
2026-02-15 03:54:56.688933,London-e867,26,24,Normal
2026-02-15 03:54:57.688933,London-e867,1,6,Normal
2026-02-15 03:54:58.688933,London-e867,14,54,Normal
2026-02-15 03:54:59.688933,London-e867,47,95,Normal
2026-02-15 03:55:00.688933,London-e867,32,86,Normal
2026-02-15 03:55:01.688933,London-e867,0,54,Normal
2026-02-15 03:55:02.688933,London-e867,-7,22,Normal
2026-02-15 03:55:03.688933,London-e867,-10,39,Normal
2026-02-15 03:55:04.688933,London-e867,26,47,Normal
2026-02-15 03:55:05.688933,London-e867,9,78,Normal
2026-02-15 03:55:06.688933,London-e867,27,18,Normal
2026-02-15 03:55:07.688933,London-e867,50,31,Normal
2026-02-15 03:55:08.688933,London-e867,47,69,Normal
2026-02-15 03:55:09.688933,London-e867,48,26,Normal
2026-02-15 03:55:10.688933,London-e867,46,29,Normal
2026-02-15 03:55:11.688933,London-e867,43,89,Normal
2026-02-15 03:55:12.688933,London-e867,-27,39,Normal
2026-02-15 03:55:13.688933,London-e867,39,33,Normal
2026-02-15 03:55:14.688933,London-e867,25,74,Normal
2026-02-15 03:55:15.688933,London-e867,17,85,Normal
2026-02-15 03:55:16.688933,London-e867,-10,41,Normal
2026-02-15 03:55:17.688933,London-e867,3,0,Normal
2026-02-15 03:55:18.688933,London-e867,22,44,Normal
2026-02-15 03:55:19.688933,London-e867,-10,50,Normal
2026-02-15 03:55:20.688933,London-e867,44,14,Normal
2026-02-15 03:55:21.688933,London-e867,12,30,Normal
2026-02-15 03:55:22.688933,London-e867,41,45,Normal
2026-02-15 03:55:23.688933,London-e867,33,12,Normal
2026-02-15 03:55:24.688933,London-e867,-14,55,Normal
2026-02-15 03:55:25.688933,London-e867,48,13,Normal
2026-02-15 03:55:26.688933,London-e867,-23,28,Normal
2026-02-15 03:55:27.688933,London-e867,4,42,Normal
2026-02-15 03:55:28.688933,London-e867,45,63,Normal
2026-02-15 03:55:29.688933,London-e867,-18,41,Normal
2026-02-15 03:55:30.688933,London-e867,-21,52,Normal
2026-02-15 03:55:31.688933,London-e867,30,25,Normal
2026-02-15 03:55:32.688933,London-e867,-2,98,Normal
2026-02-15 03:55:33.688933,London-e867,41,43,Normal
2026-02-15 03:55:34.688933,London-e867,-7,99,Normal
2026-02-15 03:55:35.688933,London-e867,31,0,Normal
2026-02-15 03:55:36.688933,London-e867,34,65,Normal
2026-02-15 03:55:37.688933,London-e867,41,43,Normal
2026-02-15 03:55:38.688933,London-e867,4,72,Normal
2026-02-15 03:55:39.688933,London-e867,45,17,Normal
2026-02-15 03:55:40.688933,London-e867,-22,83,Normal
2026-02-15 03:55:41.688933,London-e867,6,96,Normal
2026-02-15 03:55:42.688933,London-e867,-8,17,Normal
2026-02-15 03:55:43.688933,London-e867,8,33,Normal
2026-02-15 03:55:44.688933,London-e867,12,49,Normal
2026-02-15 03:55:45.688933,London-e867,41,28,Normal
2026-02-15 03:55:46.688933,London-e867,22,2,Normal
2026-02-15 03:55:47.688933,London-e867,42,34,Normal
2026-02-15 03:55:48.688933,London-e867,43,75,Normal
2026-02-15 03:55:49.688933,London-e867,-30,46,Normal
2026-02-15 03:55:50.688933,London-e867,43,27,Normal
2026-02-15 03:55:51.688933,London-e867,18,45,Normal
