timestamp,station_id,temp,humid,condition
2026-02-16 01:56:06.187792,London-5665,41,57,Normal
2026-02-16 01:56:07.187792,London-5665,43,87,Normal
2026-02-16 01:56:08.187792,London-5665,-27,41,Normal
2026-02-16 01:56:09.187792,London-5665,-19,36,Normal
2026-02-16 01:56:10.187792,London-5665,-26,13,Normal
2026-02-16 01:56:11.187792,London-5665,-15,82,Normal
2026-02-16 01:56:12.187792,London-5665,-23,72,Normal
2026-02-16 01:56:13.187792,London-5665,4,78,Normal
2026-02-16 01:56:14.187792,London-5665,-11,51,Normal
2026-02-16 01:56:15.187792,London-5665,45,97,Normal
2026-02-16 01:56:16.187792,London-5665,0,8,Normal
2026-02-16 01:56:17.187792,London-5665,50,78,Normal
2026-02-16 01:56:18.187792,London-5665,48,46,Normal
2026-02-16 01:56:19.187792,London-5665,4,6,Normal
2026-02-16 01:56:20.187792,London-5665,15,29,Normal
2026-02-16 01:56:21.187792,London-5665,-17,67,Normal
2026-02-16 01:56:22.187792,London-5665,46,50,Normal
2026-02-16 01:56:23.187792,London-5665,0,43,Normal
2026-02-16 01:56:24.187792,London-5665,30,49,Normal
2026-02-16 01:56:25.187792,London-5665,39,64,Normal
2026-02-16 01:56:26.187792,London-5665,6,23,Normal
2026-02-16 01:56:27.187792,London-5665,24,21,Normal
2026-02-16 01:56:28.187792,London-5665,19,61,Normal
2026-02-16 01:56:29.187792,London-5665,-24,91,Normal
2026-02-16 01:56:30.187792,London-5665,-22,16,Normal
2026-02-16 01:56:31.187792,London-5665,48,60,Normal
2026-02-16 01:56:32.187792,London-5665,-12,22,Normal
2026-02-16 01:56:33.187792,London-5665,-11,82,Normal
2026-02-16 01:56:34.187792,London-5665,-26,97,Normal
2026-02-16 01:56:35.187792,London-5665,20,64,Normal
2026-02-16 01:56:36.187792,London-5665,-16,43,Normal
2026-02-16 01:56:37.187792,London-5665,-25,96,Normal
2026-02-16 01:56:38.187792,London-5665,21,48,Normal
2026-02-16 01:56:39.187792,London-5665,3,54,Normal
2026-02-16 01:56:40.187792,London-5665,7,3,Normal
2026-02-16 01:56:41.187792,London-5665,-22,60,Normal
2026-02-16 01:56:42.187792,London-5665,26,18,Normal
2026-02-16 01:56:43.187792,London-5665,-7,63,Normal
2026-02-16 01:56:44.187792,London-5665,21,76,Normal
2026-02-16 01:56:45.187792,London-5665,0,86,Normal
2026-02-16 01:56:46.187792,London-5665,-6,85,Normal
2026-02-16 01:56:47.187792,London-5665,13,41,Normal
2026-02-16 01:56:48.187792,London-5665,-29,89,Normal
2026-02-16 01:56:49.187792,London-5665,40,12,Normal
2026-02-16 01:56:50.187792,London-5665,-12,65,Normal
2026-02-16 01:56:51.187792,London-5665,-6,24,Normal
2026-02-16 01:56:52.187792,London-5665,11,20,Normal
2026-02-16 01:56:53.187792,London-5665,6,93,Normal
2026-02-16 01:56:54.187792,London-5665,15,71,Normal
2026-02-16 01:56:55.187792,London-5665,5,21,Normal
2026-02-16 01:56:56.187792,London-5665,27,61,Normal
2026-02-16 01:56:57.187792,London-5665,25,74,Normal
2026-02-16 01:56:58.187792,London-5665,3,18,Normal
2026-02-16 01:56:59.187792,London-5665,-2,100,Normal
2026-02-16 01:57:00.187792,London-5665,17,35,Normal
2026-02-16 01:57:01.187792,London-5665,3,98,Normal
2026-02-16 01:57:02.187792,London-5665,19,66,Normal
2026-02-16 01:57:03.187792,London-5665,-9,37,Normal
2026-02-16 01:57:04.187792,London-5665,39,32,Normal
2026-02-16 01:57:05.187792,London-5665,3,76,Normal
2026-02-16 01:57:06.187792,London-5665,-2,31,Normal
2026-02-16 01:57:07.187792,London-5665,36,87,Normal
2026-02-16 01:57:08.187792,London-5665,45,40,Normal
2026-02-16 01:57:09.187792,London-5665,20,9,Normal
2026-02-16 01:57:10.187792,London-5665,17,19,Normal
2026-02-16 01:57:11.187792,London-5665,33,17,Normal
2026-02-16 01:57:12.187792,London-5665,19,34,Normal
2026-02-16 01:57:13.187792,London-5665,-18,78,Normal
2026-02-16 01:57:14.187792,London-5665,29,9,Normal
2026-02-16 01:57:15.187792,London-5665,38,13,Normal
2026-02-16 01:57:16.187792,London-5665,30,52,Normal
2026-02-16 01:57:17.187792,London-5665,-28,71,Normal
2026-02-16 01:57:18.187792,London-5665,42,77,Normal
2026-02-16 01:57:19.187792,London-5665,19,47,Normal
2026-02-16 01:57:20.187792,London-5665,-12,20,Normal
2026-02-16 01:57:21.187792,London-5665,11,45,Normal
2026-02-16 01:57:22.187792,London-5665,-11,96,Normal
2026-02-16 01:57:23.187792,London-5665,3,49,Normal
2026-02-16 01:57:24.187792,London-5665,26,0,Normal
2026-02-16 01:57:25.187792,London-5665,19,93,Normal
2026-02-16 01:57:26.187792,London-5665,-29,48,Normal
2026-02-16 01:57:27.187792,London-5665,27,12,Normal
2026-02-16 01:57:28.187792,London-5665,-12,79,Normal
2026-02-16 01:57:29.187792,London-5665,-12,69,Normal
2026-02-16 01:57:30.187792,London-5665,2,69,Normal
2026-02-16 01:57:31.187792,London-5665,15,17,Normal
2026-02-16 01:57:32.187792,London-5665,-7,55,Normal
2026-02-16 01:57:33.187792,London-5665,17,46,Normal
2026-02-16 01:57:34.187792,London-5665,16,1,Normal
2026-02-16 01:57:35.187792,London-5665,20,29,Normal
2026-02-16 01:57:36.187792,London-5665,14,38,Normal
2026-02-16 01:57:37.187792,London-5665,27,51,Normal
2026-02-16 01:57:38.187792,London-5665,-11,100,Normal
2026-02-16 01:57:39.187792,London-5665,13,53,Normal
2026-02-16 01:57:40.187792,London-5665,-4,21,Normal
2026-02-16 01:57:41.187792,London-5665,45,88,Normal
2026-02-16 01:57:42.187792,London-5665,22,70,Normal
2026-02-16 01:57:43.187792,London-5665,9,1,Normal
2026-02-16 01:57:44.187792,London-5665,-22,76,Normal
2026-02-16 01:57:45.187792,London-5665,-23,68,Normal
2026-02-16 01:57:46.187792,London-5665,42,67,Normal
2026-02-16 01:57:47.187792,London-5665,-26,20,Normal
2026-02-16 01:57:48.187792,London-5665,-28,28,Normal
2026-02-16 01:57:49.187792,London-5665,19,74,Normal
2026-02-16 01:57:50.187792,London-5665,23,83,Normal
2026-02-16 01:57:51.187792,London-5665,42,26,Normal
2026-02-16 01:57:52.187792,London-5665,-28,45,Normal
2026-02-16 01:57:53.187792,London-5665,-14,2,Normal
2026-02-16 01:57:54.187792,London-5665,-30,67,Normal
2026-02-16 01:57:55.187792,London-5665,-12,61,Normal
2026-02-16 01:57:56.187792,London-5665,6,31,Normal
2026-02-16 01:57:57.187792,London-5665,-29,15,Normal
2026-02-16 01:57:58.187792,London-5665,-29,21,Normal
2026-02-16 01:57:59.187792,London-5665,28,2,Normal
2026-02-16 01:58:00.187792,London-5665,36,18,Normal
2026-02-16 01:58:01.187792,London-5665,18,38,Normal
2026-02-16 01:58:02.187792,London-5665,-26,8,Normal
2026-02-16 01:58:03.187792,London-5665,43,69,Normal
2026-02-16 01:58:04.187792,London-5665,26,93,Normal
2026-02-16 01:58:05.187792,London-5665,-12,33,Normal
2026-02-16 01:58:06.187792,London-5665,22,66,Normal
2026-02-16 01:58:07.187792,London-5665,0,98,Normal
2026-02-16 01:58:08.187792,London-5665,-12,99,Normal
2026-02-16 01:58:09.187792,London-5665,24,62,Normal
2026-02-16 01:58:10.187792,London-5665,-15,30,Normal
2026-02-16 01:58:11.187792,London-5665,16,80,Normal
2026-02-16 01:58:12.187792,London-5665,50,70,Normal
2026-02-16 01:58:13.187792,London-5665,10,51,Normal
2026-02-16 01:58:14.187792,London-5665,38,22,Normal
2026-02-16 01:58:15.187792,London-5665,-12,14,Normal
2026-02-16 01:58:16.187792,London-5665,45,93,Normal
2026-02-16 01:58:17.187792,London-5665,-6,55,Normal
2026-02-16 01:58:18.187792,London-5665,-26,0,Normal
2026-02-16 01:58:19.187792,London-5665,35,10,Normal
2026-02-16 01:58:20.187792,London-5665,-22,31,Normal
2026-02-16 01:58:21.187792,London-5665,19,36,Normal
2026-02-16 01:58:22.187792,London-5665,-28,53,Normal
2026-02-16 01:58:23.187792,London-5665,33,71,Normal
2026-02-16 01:58:24.187792,London-5665,-28,70,Normal
2026-02-16 01:58:25.187792,London-5665,-3,60,Normal
2026-02-16 01:58:26.187792,London-5665,50,35,Normal
2026-02-16 01:58:27.187792,London-5665,-29,71,Normal
2026-02-16 01:58:28.187792,London-5665,42,19,Normal
2026-02-16 01:58:29.187792,London-5665,6,61,Normal
2026-02-16 01:58:30.187792,London-5665,18,66,Normal
2026-02-16 01:58:31.187792,London-5665,-19,41,Normal
2026-02-16 01:58:32.187792,London-5665,31,45,Normal
2026-02-16 01:58:33.187792,London-5665,-22,37,Normal
2026-02-16 01:58:34.187792,London-5665,8,60,Normal
2026-02-16 01:58:35.187792,London-5665,-12,54,Normal
2026-02-16 01:58:36.187792,London-5665,-14,77,Normal
2026-02-16 01:58:37.187792,London-5665,12,20,Normal
2026-02-16 01:58:38.187792,London-5665,14,27,Normal
2026-02-16 01:58:39.187792,London-5665,-3,33,Normal
2026-02-16 01:58:40.187792,London-5665,47,77,Normal
2026-02-16 01:58:41.187792,London-5665,47,10,Normal
2026-02-16 01:58:42.187792,London-5665,-6,92,Normal
2026-02-16 01:58:43.187792,London-5665,11,11,Normal
2026-02-16 01:58:44.187792,London-5665,21,76,Normal
2026-02-16 01:58:45.187792,London-5665,13,51,Normal
2026-02-16 01:58:46.187792,London-5665,-2,19,Normal
2026-02-16 01:58:47.187792,London-5665,44,92,Normal
2026-02-16 01:58:48.187792,London-5665,23,14,Normal
2026-02-16 01:58:49.187792,London-5665,31,75,Normal
2026-02-16 01:58:50.187792,London-5665,28,56,Normal
2026-02-16 01:58:51.187792,London-5665,28,76,Normal
2026-02-16 01:58:52.187792,London-5665,-28,53,Normal
2026-02-16 01:58:53.187792,London-5665,15,87,Normal
2026-02-16 01:58:54.187792,London-5665,-26,68,Normal
2026-02-16 01:58:55.187792,London-5665,-18,20,Normal
2026-02-16 01:58:56.187792,London-5665,10,68,Normal
2026-02-16 01:58:57.187792,London-5665,38,75,Normal
2026-02-16 01:58:58.187792,London-5665,16,91,Normal
2026-02-16 01:58:59.187792,London-5665,-11,52,Normal
2026-02-16 01:59:00.187792,London-5665,-14,26,Normal
2026-02-16 01:59:01.187792,London-5665,-25,31,Normal
2026-02-16 01:59:02.187792,London-5665,35,88,Normal
2026-02-16 01:59:03.187792,London-5665,39,29,Normal
2026-02-16 01:59:04.187792,London-5665,17,9,Normal
2026-02-16 01:59:05.187792,London-5665,49,81,Normal
2026-02-16 01:59:06.187792,London-5665,18,22,Normal
2026-02-16 01:59:07.187792,London-5665,5,40,Normal
2026-02-16 01:59:08.187792,London-5665,44,37,Normal
2026-02-16 01:59:09.187792,London-5665,40,61,Normal
2026-02-16 01:59:10.187792,London-5665,20,53,Normal
2026-02-16 01:59:11.187792,London-5665,0,59,Normal
2026-02-16 01:59:12.187792,London-5665,17,93,Normal
2026-02-16 01:59:13.187792,London-5665,7,14,Normal
2026-02-16 01:59:14.187792,London-5665,15,0,Normal
2026-02-16 01:59:15.187792,London-5665,12,28,Normal
2026-02-16 01:59:16.187792,London-5665,48,3,Normal
2026-02-16 01:59:17.187792,London-5665,-21,24,Normal
2026-02-16 01:59:18.187792,London-5665,-16,61,Normal
2026-02-16 01:59:19.187792,London-5665,-6,8,Normal
2026-02-16 01:59:20.187792,London-5665,26,4,Normal
2026-02-16 01:59:21.187792,London-5665,26,58,Normal
2026-02-16 01:59:22.187792,London-5665,5,98,Normal
2026-02-16 01:59:23.187792,London-5665,4,49,Normal
2026-02-16 01:59:24.187792,London-5665,-19,30,Normal
2026-02-16 01:59:25.187792,London-5665,21,7,Normal
2026-02-16 01:59:26.187792,London-5665,-24,52,Normal
2026-02-16 01:59:27.187792,London-5665,-22,33,Normal
2026-02-16 01:59:28.187792,London-5665,19,89,Normal
2026-02-16 01:59:29.187792,London-5665,-3,39,Normal
2026-02-16 01:59:30.187792,London-5665,47,16,Normal
2026-02-16 01:59:31.187792,London-5665,23,13,Normal
2026-02-16 01:59:32.187792,London-5665,-24,23,Normal
2026-02-16 01:59:33.187792,London-5665,-5,82,Normal
2026-02-16 01:59:34.187792,London-5665,2,17,Normal
2026-02-16 01:59:35.187792,London-5665,7,62,Normal
2026-02-16 01:59:36.187792,London-5665,-26,50,Normal
2026-02-16 01:59:37.187792,London-5665,21,85,Normal
2026-02-16 01:59:38.187792,London-5665,-22,78,Normal
2026-02-16 01:59:39.187792,London-5665,-13,31,Normal
2026-02-16 01:59:40.187792,London-5665,40,77,Normal
2026-02-16 01:59:41.187792,London-5665,-30,97,Normal
2026-02-16 01:59:42.187792,London-5665,26,13,Normal
2026-02-16 01:59:43.187792,London-5665,-22,48,Normal
2026-02-16 01:59:44.187792,London-5665,-2,51,Normal
2026-02-16 01:59:45.187792,London-5665,26,88,Normal
2026-02-16 01:59:46.187792,London-5665,50,13,Normal
2026-02-16 01:59:47.187792,London-5665,-23,15,Normal
2026-02-16 01:59:48.187792,London-5665,30,79,Normal
2026-02-16 01:59:49.187792,London-5665,-1,26,Normal
2026-02-16 01:59:50.187792,London-5665,29,54,Normal
2026-02-16 01:59:51.187792,London-5665,19,32,Normal
2026-02-16 01:59:52.187792,London-5665,46,28,Normal
2026-02-16 01:59:53.187792,London-5665,35,5,Normal
2026-02-16 01:59:54.187792,London-5665,-15,71,Normal
2026-02-16 01:59:55.187792,London-5665,-14,11,Normal
2026-02-16 01:59:56.187792,London-5665,36,85,Normal
2026-02-16 01:59:57.187792,London-5665,12,35,Normal
2026-02-16 01:59:58.187792,London-5665,1,50,Normal
2026-02-16 01:59:59.187792,London-5665,-25,14,Normal
2026-02-16 02:00:00.187792,London-5665,6,27,Normal
2026-02-16 02:00:01.187792,London-5665,3,28,Normal
2026-02-16 02:00:02.187792,London-5665,15,76,Normal
2026-02-16 02:00:03.187792,London-5665,17,54,Normal
2026-02-16 02:00:04.187792,London-5665,-6,11,Normal
2026-02-16 02:00:05.187792,London-5665,6,34,Normal
2026-02-16 02:00:06.187792,London-5665,-14,85,Normal
2026-02-16 02:00:07.187792,London-5665,23,8,Normal
2026-02-16 02:00:08.187792,London-5665,-18,36,Normal
2026-02-16 02:00:09.187792,London-5665,10,47,Normal
2026-02-16 02:00:10.187792,London-5665,50,88,Normal
2026-02-16 02:00:11.187792,London-5665,17,32,Normal
2026-02-16 02:00:12.187792,London-5665,12,7,Normal
2026-02-16 02:00:13.187792,London-5665,30,78,Normal
2026-02-16 02:00:14.187792,London-5665,33,59,Normal
2026-02-16 02:00:15.187792,London-5665,24,19,Normal
2026-02-16 02:00:16.187792,London-5665,30,94,Normal
2026-02-16 02:00:17.187792,London-5665,-12,38,Normal
2026-02-16 02:00:18.187792,London-5665,-17,69,Normal
2026-02-16 02:00:19.187792,London-5665,26,38,Normal
2026-02-16 02:00:20.187792,London-5665,28,85,Normal
2026-02-16 02:00:21.187792,London-5665,-28,8,Normal
2026-02-16 02:00:22.187792,London-5665,24,38,Normal
2026-02-16 02:00:23.187792,London-5665,30,26,Normal
2026-02-16 02:00:24.187792,London-5665,-14,45,Normal
2026-02-16 02:00:25.187792,London-5665,40,87,Normal
2026-02-16 02:00:26.187792,London-5665,40,25,Normal
2026-02-16 02:00:27.187792,London-5665,35,67,Normal
2026-02-16 02:00:28.187792,London-5665,-27,29,Normal
2026-02-16 02:00:29.187792,London-5665,2,28,Normal
2026-02-16 02:00:30.187792,London-5665,-22,80,Normal
2026-02-16 02:00:31.187792,London-5665,9,41,Normal
2026-02-16 02:00:32.187792,London-5665,6,2,Normal
2026-02-16 02:00:33.187792,London-5665,-25,10,Normal
2026-02-16 02:00:34.187792,London-5665,43,36,Normal
2026-02-16 02:00:35.187792,London-5665,-16,3,Normal
2026-02-16 02:00:36.187792,London-5665,-2,69,Normal
2026-02-16 02:00:37.187792,London-5665,-30,86,Normal
2026-02-16 02:00:38.187792,London-5665,-29,45,Normal
2026-02-16 02:00:39.187792,London-5665,-14,68,Normal
2026-02-16 02:00:40.187792,London-5665,-7,48,Normal
2026-02-16 02:00:41.187792,London-5665,8,29,Normal
2026-02-16 02:00:42.187792,London-5665,45,78,Normal
2026-02-16 02:00:43.187792,London-5665,43,78,Normal
2026-02-16 02:00:44.187792,London-5665,5,20,Normal
2026-02-16 02:00:45.187792,London-5665,23,8,Normal
2026-02-16 02:00:46.187792,London-5665,-10,62,Normal
2026-02-16 02:00:47.187792,London-5665,50,95,Normal
2026-02-16 02:00:48.187792,London-5665,29,46,Normal
2026-02-16 02:00:49.187792,London-5665,-1,50,Normal
2026-02-16 02:00:50.187792,London-5665,-14,94,Normal
2026-02-16 02:00:51.187792,London-5665,49,61,Normal
2026-02-16 02:00:52.187792,London-5665,49,43,Normal
2026-02-16 02:00:53.187792,London-5665,13,87,Normal
2026-02-16 02:00:54.187792,London-5665,12,11,Normal
2026-02-16 02:00:55.187792,London-5665,36,73,Normal
2026-02-16 02:00:56.187792,London-5665,12,50,Normal
2026-02-16 02:00:57.187792,London-5665,-19,20,Normal
2026-02-16 02:00:58.187792,London-5665,0,28,Normal
2026-02-16 02:00:59.187792,London-5665,-7,68,Normal
2026-02-16 02:01:00.187792,London-5665,25,28,Normal
2026-02-16 02:01:01.187792,London-5665,36,18,Normal
2026-02-16 02:01:02.187792,London-5665,31,3,Normal
2026-02-16 02:01:03.187792,London-5665,17,32,Normal
2026-02-16 02:01:04.187792,London-5665,20,91,Normal
2026-02-16 02:01:05.187792,London-5665,25,61,Normal
2026-02-16 02:01:06.187792,London-5665,12,43,Normal
2026-02-16 02:01:07.187792,London-5665,35,47,Normal
2026-02-16 02:01:08.187792,London-5665,32,62,Normal
2026-02-16 02:01:09.187792,London-5665,2,87,Normal
2026-02-16 02:01:10.187792,London-5665,-8,87,Normal
2026-02-16 02:01:11.187792,London-5665,43,45,Normal
2026-02-16 02:01:12.187792,London-5665,-19,42,Normal
2026-02-16 02:01:13.187792,London-5665,2,15,Normal
2026-02-16 02:01:14.187792,London-5665,12,35,Normal
2026-02-16 02:01:15.187792,London-5665,-16,98,Normal
2026-02-16 02:01:16.187792,London-5665,0,56,Normal
2026-02-16 02:01:17.187792,London-5665,16,89,Normal
2026-02-16 02:01:18.187792,London-5665,-1,93,Normal
2026-02-16 02:01:19.187792,London-5665,50,39,Normal
2026-02-16 02:01:20.187792,London-5665,39,69,Normal
2026-02-16 02:01:21.187792,London-5665,14,51,Normal
2026-02-16 02:01:22.187792,London-5665,-14,65,Normal
2026-02-16 02:01:23.187792,London-5665,3,71,Normal
2026-02-16 02:01:24.187792,London-5665,27,79,Normal
2026-02-16 02:01:25.187792,London-5665,-1,13,Normal
2026-02-16 02:01:26.187792,London-5665,13,10,Normal
2026-02-16 02:01:27.187792,London-5665,46,3,Normal
2026-02-16 02:01:28.187792,London-5665,28,69,Normal
2026-02-16 02:01:29.187792,London-5665,4,51,Normal
2026-02-16 02:01:30.187792,London-5665,-1,35,Normal
2026-02-16 02:01:31.187792,London-5665,-27,65,Normal
2026-02-16 02:01:32.187792,London-5665,43,3,Normal
2026-02-16 02:01:33.187792,London-5665,40,88,Normal
2026-02-16 02:01:34.187792,London-5665,10,87,Normal
2026-02-16 02:01:35.187792,London-5665,36,79,Normal
2026-02-16 02:01:36.187792,London-5665,41,25,Normal
2026-02-16 02:01:37.187792,London-5665,26,97,Normal
2026-02-16 02:01:38.187792,London-5665,17,98,Normal
2026-02-16 02:01:39.187792,London-5665,31,70,Normal
2026-02-16 02:01:40.187792,London-5665,12,77,Normal
2026-02-16 02:01:41.187792,London-5665,29,82,Normal
2026-02-16 02:01:42.187792,London-5665,-23,16,Normal
2026-02-16 02:01:43.187792,London-5665,-4,100,Normal
2026-02-16 02:01:44.187792,London-5665,45,99,Normal
2026-02-16 02:01:45.187792,London-5665,-28,94,Normal
2026-02-16 02:01:46.187792,London-5665,49,8,Normal
2026-02-16 02:01:47.187792,London-5665,-28,34,Normal
2026-02-16 02:01:48.187792,London-5665,17,23,Normal
2026-02-16 02:01:49.187792,London-5665,-29,31,Normal
2026-02-16 02:01:50.187792,London-5665,48,70,Normal
2026-02-16 02:01:51.187792,London-5665,8,17,Normal
2026-02-16 02:01:52.187792,London-5665,15,56,Normal
2026-02-16 02:01:53.187792,London-5665,37,39,Normal
2026-02-16 02:01:54.187792,London-5665,-18,59,Normal
2026-02-16 02:01:55.187792,London-5665,-20,43,Normal
2026-02-16 02:01:56.187792,London-5665,0,85,Normal
2026-02-16 02:01:57.187792,London-5665,-15,48,Normal
2026-02-16 02:01:58.187792,London-5665,-5,77,Normal
2026-02-16 02:01:59.187792,London-5665,11,44,Normal
2026-02-16 02:02:00.187792,London-5665,-28,1,Normal
2026-02-16 02:02:01.187792,London-5665,1,95,Normal
2026-02-16 02:02:02.187792,London-5665,-4,94,Normal
2026-02-16 02:02:03.187792,London-5665,23,36,Normal
2026-02-16 02:02:04.187792,London-5665,-12,37,Normal
2026-02-16 02:02:05.187792,London-5665,21,27,Normal
2026-02-16 02:02:06.187792,London-5665,-3,16,Normal
2026-02-16 02:02:07.187792,London-5665,45,77,Normal
2026-02-16 02:02:08.187792,London-5665,31,33,Normal
2026-02-16 02:02:09.187792,London-5665,-16,38,Normal
2026-02-16 02:02:10.187792,London-5665,-24,7,Normal
2026-02-16 02:02:11.187792,London-5665,35,81,Normal
2026-02-16 02:02:12.187792,London-5665,-19,64,Normal
2026-02-16 02:02:13.187792,London-5665,14,8,Normal
2026-02-16 02:02:14.187792,London-5665,-26,94,Normal
2026-02-16 02:02:15.187792,London-5665,-5,98,Normal
2026-02-16 02:02:16.187792,London-5665,25,6,Normal
2026-02-16 02:02:17.187792,London-5665,43,98,Normal
2026-02-16 02:02:18.187792,London-5665,1,44,Normal
2026-02-16 02:02:19.187792,London-5665,48,56,Normal
2026-02-16 02:02:20.187792,London-5665,15,7,Normal
2026-02-16 02:02:21.187792,London-5665,-18,33,Normal
2026-02-16 02:02:22.187792,London-5665,-18,3,Normal
2026-02-16 02:02:23.187792,London-5665,2,84,Normal
2026-02-16 02:02:24.187792,London-5665,-10,33,Normal
2026-02-16 02:02:25.187792,London-5665,0,51,Normal
2026-02-16 02:02:26.187792,London-5665,47,76,Normal
2026-02-16 02:02:27.187792,London-5665,-12,81,Normal
2026-02-16 02:02:28.187792,London-5665,13,21,Normal
2026-02-16 02:02:29.187792,London-5665,35,76,Normal
2026-02-16 02:02:30.187792,London-5665,3,93,Normal
2026-02-16 02:02:31.187792,London-5665,1,80,Normal
2026-02-16 02:02:32.187792,London-5665,-8,96,Normal
2026-02-16 02:02:33.187792,London-5665,-8,49,Normal
2026-02-16 02:02:34.187792,London-5665,-15,14,Normal
2026-02-16 02:02:35.187792,London-5665,-19,90,Normal
2026-02-16 02:02:36.187792,London-5665,-24,25,Normal
2026-02-16 02:02:37.187792,London-5665,41,98,Normal
2026-02-16 02:02:38.187792,London-5665,30,20,Normal
2026-02-16 02:02:39.187792,London-5665,13,82,Normal
2026-02-16 02:02:40.187792,London-5665,-20,59,Normal
2026-02-16 02:02:41.187792,London-5665,20,84,Normal
2026-02-16 02:02:42.187792,London-5665,-14,59,Normal
2026-02-16 02:02:43.187792,London-5665,47,63,Normal
2026-02-16 02:02:44.187792,London-5665,-16,58,Normal
2026-02-16 02:02:45.187792,London-5665,26,36,Normal
2026-02-16 02:02:46.187792,London-5665,11,11,Normal
2026-02-16 02:02:47.187792,London-5665,2,100,Normal
2026-02-16 02:02:48.187792,London-5665,5,86,Normal
2026-02-16 02:02:49.187792,London-5665,-3,79,Normal
2026-02-16 02:02:50.187792,London-5665,-8,71,Normal
2026-02-16 02:02:51.187792,London-5665,-26,1,Normal
2026-02-16 02:02:52.187792,London-5665,8,78,Normal
2026-02-16 02:02:53.187792,London-5665,-15,77,Normal
2026-02-16 02:02:54.187792,London-5665,31,38,Normal
2026-02-16 02:02:55.187792,London-5665,14,20,Normal
2026-02-16 02:02:56.187792,London-5665,16,51,Normal
2026-02-16 02:02:57.187792,London-5665,-11,19,Normal
2026-02-16 02:02:58.187792,London-5665,-27,26,Normal
2026-02-16 02:02:59.187792,London-5665,-10,25,Normal
2026-02-16 02:03:00.187792,London-5665,23,48,Normal
2026-02-16 02:03:01.187792,London-5665,29,2,Normal
2026-02-16 02:03:02.187792,London-5665,33,90,Normal
2026-02-16 02:03:03.187792,London-5665,33,87,Normal
2026-02-16 02:03:04.187792,London-5665,-22,41,Normal
2026-02-16 02:03:05.187792,London-5665,29,69,Normal
2026-02-16 02:03:06.187792,London-5665,40,76,Normal
2026-02-16 02:03:07.187792,London-5665,10,27,Normal
2026-02-16 02:03:08.187792,London-5665,17,9,Normal
2026-02-16 02:03:09.187792,London-5665,38,6,Normal
2026-02-16 02:03:10.187792,London-5665,33,78,Normal
2026-02-16 02:03:11.187792,London-5665,3,12,Normal
2026-02-16 02:03:12.187792,London-5665,-20,81,Normal
2026-02-16 02:03:13.187792,London-5665,18,80,Normal
2026-02-16 02:03:14.187792,London-5665,41,92,Normal
2026-02-16 02:03:15.187792,London-5665,22,37,Normal
2026-02-16 02:03:16.187792,London-5665,-13,51,Normal
2026-02-16 02:03:17.187792,London-5665,-21,63,Normal
2026-02-16 02:03:18.187792,London-5665,45,17,Normal
2026-02-16 02:03:19.187792,London-5665,6,33,Normal
2026-02-16 02:03:20.187792,London-5665,18,3,Normal
2026-02-16 02:03:21.187792,London-5665,-9,60,Normal
2026-02-16 02:03:22.187792,London-5665,12,100,Normal
2026-02-16 02:03:23.187792,London-5665,-25,49,Normal
2026-02-16 02:03:24.187792,London-5665,24,43,Normal
2026-02-16 02:03:25.187792,London-5665,29,30,Normal
2026-02-16 02:03:26.187792,London-5665,35,74,Normal
2026-02-16 02:03:27.187792,London-5665,41,43,Normal
2026-02-16 02:03:28.187792,London-5665,34,23,Normal
2026-02-16 02:03:29.187792,London-5665,-23,93,Normal
2026-02-16 02:03:30.187792,London-5665,50,55,Normal
2026-02-16 02:03:31.187792,London-5665,35,68,Normal
2026-02-16 02:03:32.187792,London-5665,1,34,Normal
2026-02-16 02:03:33.187792,London-5665,18,64,Normal
2026-02-16 02:03:34.187792,London-5665,-23,29,Normal
2026-02-16 02:03:35.187792,London-5665,-21,73,Normal
2026-02-16 02:03:36.187792,London-5665,-5,7,Normal
2026-02-16 02:03:37.187792,London-5665,42,5,Normal
2026-02-16 02:03:38.187792,London-5665,-14,19,Normal
2026-02-16 02:03:39.187792,London-5665,29,32,Normal
2026-02-16 02:03:40.187792,London-5665,26,58,Normal
2026-02-16 02:03:41.187792,London-5665,-20,64,Normal
2026-02-16 02:03:42.187792,London-5665,-11,50,Normal
2026-02-16 02:03:43.187792,London-5665,3,9,Normal
2026-02-16 02:03:44.187792,London-5665,17,42,Normal
2026-02-16 02:03:45.187792,London-5665,0,60,Normal
2026-02-16 02:03:46.187792,London-5665,-6,33,Normal
2026-02-16 02:03:47.187792,London-5665,-14,77,Normal
2026-02-16 02:03:48.187792,London-5665,-23,82,Normal
2026-02-16 02:03:49.187792,London-5665,8,77,Normal
2026-02-16 02:03:50.187792,London-5665,12,47,Normal
2026-02-16 02:03:51.187792,London-5665,-30,63,Normal
2026-02-16 02:03:52.187792,London-5665,23,90,Normal
2026-02-16 02:03:53.187792,London-5665,0,49,Normal
2026-02-16 02:03:54.187792,London-5665,-23,89,Normal
2026-02-16 02:03:55.187792,London-5665,34,38,Normal
2026-02-16 02:03:56.187792,London-5665,-19,74,Normal
2026-02-16 02:03:57.187792,London-5665,30,91,Normal
2026-02-16 02:03:58.187792,London-5665,4,95,Normal
2026-02-16 02:03:59.187792,London-5665,34,45,Normal
2026-02-16 02:04:00.187792,London-5665,-27,65,Normal
2026-02-16 02:04:01.187792,London-5665,20,79,Normal
2026-02-16 02:04:02.187792,London-5665,10,35,Normal
2026-02-16 02:04:03.187792,London-5665,-21,13,Normal
2026-02-16 02:04:04.187792,London-5665,1,56,Normal
2026-02-16 02:04:05.187792,London-5665,-15,46,Normal
2026-02-16 02:04:06.187792,London-5665,30,76,Normal
2026-02-16 02:04:07.187792,London-5665,45,21,Normal
2026-02-16 02:04:08.187792,London-5665,5,79,Normal
2026-02-16 02:04:09.187792,London-5665,35,63,Normal
2026-02-16 02:04:10.187792,London-5665,17,63,Normal
2026-02-16 02:04:11.187792,London-5665,-13,13,Normal
2026-02-16 02:04:12.187792,London-5665,30,86,Normal
2026-02-16 02:04:13.187792,London-5665,-7,14,Normal
2026-02-16 02:04:14.187792,London-5665,-22,54,Normal
2026-02-16 02:04:15.187792,London-5665,14,29,Normal
2026-02-16 02:04:16.187792,London-5665,25,18,Normal
2026-02-16 02:04:17.187792,London-5665,-3,54,Normal
2026-02-16 02:04:18.187792,London-5665,-6,77,Normal
2026-02-16 02:04:19.187792,London-5665,43,75,Normal
2026-02-16 02:04:20.187792,London-5665,40,53,Normal
2026-02-16 02:04:21.187792,London-5665,-10,21,Normal
2026-02-16 02:04:22.187792,London-5665,-19,15,Normal
2026-02-16 02:04:23.187792,London-5665,35,87,Normal
2026-02-16 02:04:24.187792,London-5665,-3,61,Normal
2026-02-16 02:04:25.187792,London-5665,-5,2,Normal
2026-02-16 02:04:26.187792,London-5665,21,60,Normal
2026-02-16 02:04:27.187792,London-5665,-27,28,Normal
2026-02-16 02:04:28.187792,London-5665,-23,65,Normal
2026-02-16 02:04:29.187792,London-5665,22,34,Normal
2026-02-16 02:04:30.187792,London-5665,22,21,Normal
2026-02-16 02:04:31.187792,London-5665,-23,96,Normal
2026-02-16 02:04:32.187792,London-5665,45,26,Normal
2026-02-16 02:04:33.187792,London-5665,-17,58,Normal
2026-02-16 02:04:34.187792,London-5665,46,9,Normal
2026-02-16 02:04:35.187792,London-5665,38,50,Normal
2026-02-16 02:04:36.187792,London-5665,-2,73,Normal
2026-02-16 02:04:37.187792,London-5665,6,38,Normal
2026-02-16 02:04:38.187792,London-5665,5,47,Normal
2026-02-16 02:04:39.187792,London-5665,11,25,Normal
2026-02-16 02:04:40.187792,London-5665,-8,57,Normal
2026-02-16 02:04:41.187792,London-5665,-27,35,Normal
2026-02-16 02:04:42.187792,London-5665,-30,54,Normal
2026-02-16 02:04:43.187792,London-5665,42,38,Normal
2026-02-16 02:04:44.187792,London-5665,-3,21,Normal
2026-02-16 02:04:45.187792,London-5665,35,100,Normal
2026-02-16 02:04:46.187792,London-5665,41,80,Normal
2026-02-16 02:04:47.187792,London-5665,15,78,Normal
2026-02-16 02:04:48.187792,London-5665,-22,24,Normal
2026-02-16 02:04:49.187792,London-5665,-30,51,Normal
2026-02-16 02:04:50.187792,London-5665,-1,8,Normal
2026-02-16 02:04:51.187792,London-5665,35,96,Normal
2026-02-16 02:04:52.187792,London-5665,13,50,Normal
2026-02-16 02:04:53.187792,London-5665,44,63,Normal
2026-02-16 02:04:54.187792,London-5665,49,45,Normal
2026-02-16 02:04:55.187792,London-5665,-6,59,Normal
2026-02-16 02:04:56.187792,London-5665,-10,72,Normal
2026-02-16 02:04:57.187792,London-5665,-9,59,Normal
2026-02-16 02:04:58.187792,London-5665,36,79,Normal
2026-02-16 02:04:59.187792,London-5665,13,24,Normal
2026-02-16 02:05:00.187792,London-5665,49,99,Normal
2026-02-16 02:05:01.187792,London-5665,2,93,Normal
2026-02-16 02:05:02.187792,London-5665,39,18,Normal
2026-02-16 02:05:03.187792,London-5665,-2,78,Normal
2026-02-16 02:05:04.187792,London-5665,32,38,Normal
2026-02-16 02:05:05.187792,London-5665,-16,29,Normal
2026-02-16 02:05:06.187792,London-5665,12,69,Normal
2026-02-16 02:05:07.187792,London-5665,-20,51,Normal
2026-02-16 02:05:08.187792,London-5665,-28,41,Normal
2026-02-16 02:05:09.187792,London-5665,6,66,Normal
2026-02-16 02:05:10.187792,London-5665,17,92,Normal
2026-02-16 02:05:11.187792,London-5665,-16,22,Normal
2026-02-16 02:05:12.187792,London-5665,35,62,Normal
2026-02-16 02:05:13.187792,London-5665,22,83,Normal
2026-02-16 02:05:14.187792,London-5665,41,7,Normal
2026-02-16 02:05:15.187792,London-5665,-22,96,Normal
2026-02-16 02:05:16.187792,London-5665,42,81,Normal
2026-02-16 02:05:17.187792,London-5665,30,23,Normal
2026-02-16 02:05:18.187792,London-5665,30,77,Normal
2026-02-16 02:05:19.187792,London-5665,20,26,Normal
2026-02-16 02:05:20.187792,London-5665,49,33,Normal
2026-02-16 02:05:21.187792,London-5665,45,68,Normal
2026-02-16 02:05:22.187792,London-5665,34,40,Normal
2026-02-16 02:05:23.187792,London-5665,-30,95,Normal
2026-02-16 02:05:24.187792,London-5665,-19,4,Normal
2026-02-16 02:05:25.187792,London-5665,38,29,Normal
2026-02-16 02:05:26.187792,London-5665,-24,74,Normal
2026-02-16 02:05:27.187792,London-5665,-27,4,Normal
2026-02-16 02:05:28.187792,London-5665,41,67,Normal
2026-02-16 02:05:29.187792,London-5665,-7,66,Normal
2026-02-16 02:05:30.187792,London-5665,-24,77,Normal
2026-02-16 02:05:31.187792,London-5665,-9,41,Normal
2026-02-16 02:05:32.187792,London-5665,5,32,Normal
2026-02-16 02:05:33.187792,London-5665,-1,60,Normal
2026-02-16 02:05:34.187792,London-5665,6,78,Normal
2026-02-16 02:05:35.187792,London-5665,21,99,Normal
2026-02-16 02:05:36.187792,London-5665,32,0,Normal
2026-02-16 02:05:37.187792,London-5665,36,57,Normal
2026-02-16 02:05:38.187792,London-5665,-2,37,Normal
2026-02-16 02:05:39.187792,London-5665,23,59,Normal
2026-02-16 02:05:40.187792,London-5665,-30,53,Normal
2026-02-16 02:05:41.187792,London-5665,-12,14,Normal
2026-02-16 02:05:42.187792,London-5665,11,13,Normal
2026-02-16 02:05:43.187792,London-5665,35,69,Normal
2026-02-16 02:05:44.187792,London-5665,-13,38,Normal
2026-02-16 02:05:45.187792,London-5665,-26,6,Normal
2026-02-16 02:05:46.187792,London-5665,31,80,Normal
2026-02-16 02:05:47.187792,London-5665,48,25,Normal
2026-02-16 02:05:48.187792,London-5665,-22,8,Normal
2026-02-16 02:05:49.187792,London-5665,37,77,Normal
2026-02-16 02:05:50.187792,London-5665,-27,70,Normal
2026-02-16 02:05:51.187792,London-5665,22,92,Normal
2026-02-16 02:05:52.187792,London-5665,33,91,Normal
2026-02-16 02:05:53.187792,London-5665,22,82,Normal
2026-02-16 02:05:54.187792,London-5665,-6,52,Normal
2026-02-16 02:05:55.187792,London-5665,14,38,Normal
2026-02-16 02:05:56.187792,London-5665,-9,98,Normal
2026-02-16 02:05:57.187792,London-5665,47,75,Normal
2026-02-16 02:05:58.187792,London-5665,-30,70,Normal
2026-02-16 02:05:59.187792,London-5665,30,53,Normal
2026-02-16 02:06:00.187792,London-5665,33,85,Normal
2026-02-16 02:06:01.187792,London-5665,33,15,Normal
2026-02-16 02:06:02.187792,London-5665,9,53,Normal
2026-02-16 02:06:03.187792,London-5665,41,47,Normal
2026-02-16 02:06:04.187792,London-5665,45,3,Normal
2026-02-16 02:06:05.187792,London-5665,35,32,Normal
2026-02-16 02:06:06.187792,London-5665,28,49,Normal
2026-02-16 02:06:07.187792,London-5665,-25,21,Normal
2026-02-16 02:06:08.187792,London-5665,-3,56,Normal
2026-02-16 02:06:09.187792,London-5665,32,46,Normal
2026-02-16 02:06:10.187792,London-5665,19,20,Normal
2026-02-16 02:06:11.187792,London-5665,-12,99,Normal
2026-02-16 02:06:12.187792,London-5665,-10,78,Normal
2026-02-16 02:06:13.187792,London-5665,41,81,Normal
2026-02-16 02:06:14.187792,London-5665,-27,32,Normal
2026-02-16 02:06:15.187792,London-5665,5,10,Normal
2026-02-16 02:06:16.187792,London-5665,21,58,Normal
2026-02-16 02:06:17.187792,London-5665,-4,7,Normal
2026-02-16 02:06:18.187792,London-5665,6,57,Normal
2026-02-16 02:06:19.187792,London-5665,-7,51,Normal
2026-02-16 02:06:20.187792,London-5665,30,14,Normal
2026-02-16 02:06:21.187792,London-5665,39,32,Normal
2026-02-16 02:06:22.187792,London-5665,-19,19,Normal
2026-02-16 02:06:23.187792,London-5665,11,57,Normal
2026-02-16 02:06:24.187792,London-5665,33,41,Normal
2026-02-16 02:06:25.187792,London-5665,-18,3,Normal
2026-02-16 02:06:26.187792,London-5665,-16,42,Normal
2026-02-16 02:06:27.187792,London-5665,-24,42,Normal
2026-02-16 02:06:28.187792,London-5665,43,74,Normal
2026-02-16 02:06:29.187792,London-5665,7,71,Normal
2026-02-16 02:06:30.187792,London-5665,10,85,Normal
2026-02-16 02:06:31.187792,London-5665,37,95,Normal
2026-02-16 02:06:32.187792,London-5665,-6,2,Normal
2026-02-16 02:06:33.187792,London-5665,40,98,Normal
2026-02-16 02:06:34.187792,London-5665,-11,0,Normal
2026-02-16 02:06:35.187792,London-5665,32,4,Normal
2026-02-16 02:06:36.187792,London-5665,40,22,Normal
2026-02-16 02:06:37.187792,London-5665,33,22,Normal
2026-02-16 02:06:38.187792,London-5665,23,19,Normal
2026-02-16 02:06:39.187792,London-5665,13,16,Normal
2026-02-16 02:06:40.187792,London-5665,-24,34,Normal
2026-02-16 02:06:41.187792,London-5665,-6,54,Normal
2026-02-16 02:06:42.187792,London-5665,12,4,Normal
2026-02-16 02:06:43.187792,London-5665,9,1,Normal
2026-02-16 02:06:44.187792,London-5665,35,96,Normal
2026-02-16 02:06:45.187792,London-5665,36,89,Normal
2026-02-16 02:06:46.187792,London-5665,9,91,Normal
2026-02-16 02:06:47.187792,London-5665,0,6,Normal
2026-02-16 02:06:48.187792,London-5665,-24,2,Normal
2026-02-16 02:06:49.187792,London-5665,27,53,Normal
2026-02-16 02:06:50.187792,London-5665,33,47,Normal
2026-02-16 02:06:51.187792,London-5665,-29,5,Normal
2026-02-16 02:06:52.187792,London-5665,19,40,Normal
2026-02-16 02:06:53.187792,London-5665,-23,96,Normal
2026-02-16 02:06:54.187792,London-5665,-3,37,Normal
2026-02-16 02:06:55.187792,London-5665,50,6,Normal
2026-02-16 02:06:56.187792,London-5665,9,61,Normal
2026-02-16 02:06:57.187792,London-5665,-15,21,Normal
2026-02-16 02:06:58.187792,London-5665,12,39,Normal
2026-02-16 02:06:59.187792,London-5665,-28,6,Normal
2026-02-16 02:07:00.187792,London-5665,-21,52,Normal
2026-02-16 02:07:01.187792,London-5665,15,57,Normal
2026-02-16 02:07:02.187792,London-5665,-30,89,Normal
2026-02-16 02:07:03.187792,London-5665,-8,97,Normal
2026-02-16 02:07:04.187792,London-5665,30,33,Normal
2026-02-16 02:07:05.187792,London-5665,18,49,Normal
2026-02-16 02:07:06.187792,London-5665,-3,96,Normal
2026-02-16 02:07:07.187792,London-5665,-17,84,Normal
2026-02-16 02:07:08.187792,London-5665,16,90,Normal
2026-02-16 02:07:09.187792,London-5665,15,82,Normal
2026-02-16 02:07:10.187792,London-5665,11,30,Normal
2026-02-16 02:07:11.187792,London-5665,32,26,Normal
2026-02-16 02:07:12.187792,London-5665,-29,95,Normal
2026-02-16 02:07:13.187792,London-5665,6,92,Normal
2026-02-16 02:07:14.187792,London-5665,22,1,Normal
2026-02-16 02:07:15.187792,London-5665,-10,23,Normal
2026-02-16 02:07:16.187792,London-5665,0,59,Normal
2026-02-16 02:07:17.187792,London-5665,-2,50,Normal
2026-02-16 02:07:18.187792,London-5665,-28,86,Normal
2026-02-16 02:07:19.187792,London-5665,-17,84,Normal
2026-02-16 02:07:20.187792,London-5665,48,82,Normal
2026-02-16 02:07:21.187792,London-5665,41,55,Normal
2026-02-16 02:07:22.187792,London-5665,34,51,Normal
2026-02-16 02:07:23.187792,London-5665,25,12,Normal
2026-02-16 02:07:24.187792,London-5665,-19,56,Normal
2026-02-16 02:07:25.187792,London-5665,-18,84,Normal
2026-02-16 02:07:26.187792,London-5665,-3,65,Normal
2026-02-16 02:07:27.187792,London-5665,33,72,Normal
2026-02-16 02:07:28.187792,London-5665,8,54,Normal
2026-02-16 02:07:29.187792,London-5665,40,42,Normal
2026-02-16 02:07:30.187792,London-5665,-1,35,Normal
2026-02-16 02:07:31.187792,London-5665,-22,64,Normal
2026-02-16 02:07:32.187792,London-5665,49,48,Normal
2026-02-16 02:07:33.187792,London-5665,23,19,Normal
2026-02-16 02:07:34.187792,London-5665,42,21,Normal
2026-02-16 02:07:35.187792,London-5665,-6,71,Normal
2026-02-16 02:07:36.187792,London-5665,-22,17,Normal
2026-02-16 02:07:37.187792,London-5665,39,95,Normal
2026-02-16 02:07:38.187792,London-5665,-15,17,Normal
2026-02-16 02:07:39.187792,London-5665,-18,65,Normal
2026-02-16 02:07:40.187792,London-5665,33,69,Normal
2026-02-16 02:07:41.187792,London-5665,10,68,Normal
2026-02-16 02:07:42.187792,London-5665,16,91,Normal
2026-02-16 02:07:43.187792,London-5665,23,54,Normal
2026-02-16 02:07:44.187792,London-5665,23,71,Normal
2026-02-16 02:07:45.187792,London-5665,-26,87,Normal
2026-02-16 02:07:46.187792,London-5665,40,52,Normal
2026-02-16 02:07:47.187792,London-5665,46,87,Normal
2026-02-16 02:07:48.187792,London-5665,44,100,Normal
2026-02-16 02:07:49.187792,London-5665,44,10,Normal
2026-02-16 02:07:50.187792,London-5665,10,29,Normal
2026-02-16 02:07:51.187792,London-5665,-11,33,Normal
2026-02-16 02:07:52.187792,London-5665,22,2,Normal
2026-02-16 02:07:53.187792,London-5665,-30,34,Normal
2026-02-16 02:07:54.187792,London-5665,4,32,Normal
2026-02-16 02:07:55.187792,London-5665,43,36,Normal
2026-02-16 02:07:56.187792,London-5665,38,52,Normal
2026-02-16 02:07:57.187792,London-5665,-2,44,Normal
2026-02-16 02:07:58.187792,London-5665,12,40,Normal
2026-02-16 02:07:59.187792,London-5665,0,20,Normal
2026-02-16 02:08:00.187792,London-5665,38,60,Normal
2026-02-16 02:08:01.187792,London-5665,2,38,Normal
2026-02-16 02:08:02.187792,London-5665,-9,21,Normal
2026-02-16 02:08:03.187792,London-5665,-7,30,Normal
2026-02-16 02:08:04.187792,London-5665,17,31,Normal
2026-02-16 02:08:05.187792,London-5665,-21,79,Normal
2026-02-16 02:08:06.187792,London-5665,-10,29,Normal
2026-02-16 02:08:07.187792,London-5665,22,55,Normal
2026-02-16 02:08:08.187792,London-5665,-21,21,Normal
2026-02-16 02:08:09.187792,London-5665,-23,17,Normal
2026-02-16 02:08:10.187792,London-5665,31,17,Normal
2026-02-16 02:08:11.187792,London-5665,-23,34,Normal
2026-02-16 02:08:12.187792,London-5665,21,75,Normal
2026-02-16 02:08:13.187792,London-5665,-2,55,Normal
2026-02-16 02:08:14.187792,London-5665,-28,37,Normal
2026-02-16 02:08:15.187792,London-5665,9,97,Normal
2026-02-16 02:08:16.187792,London-5665,-26,57,Normal
2026-02-16 02:08:17.187792,London-5665,-9,79,Normal
2026-02-16 02:08:18.187792,London-5665,-19,21,Normal
2026-02-16 02:08:19.187792,London-5665,19,80,Normal
2026-02-16 02:08:20.187792,London-5665,8,8,Normal
2026-02-16 02:08:21.187792,London-5665,12,1,Normal
2026-02-16 02:08:22.187792,London-5665,29,62,Normal
2026-02-16 02:08:23.187792,London-5665,10,2,Normal
2026-02-16 02:08:24.187792,London-5665,-2,8,Normal
2026-02-16 02:08:25.187792,London-5665,23,49,Normal
2026-02-16 02:08:26.187792,London-5665,25,9,Normal
2026-02-16 02:08:27.187792,London-5665,24,71,Normal
2026-02-16 02:08:28.187792,London-5665,38,82,Normal
2026-02-16 02:08:29.187792,London-5665,31,66,Normal
2026-02-16 02:08:30.187792,London-5665,24,91,Normal
2026-02-16 02:08:31.187792,London-5665,36,21,Normal
2026-02-16 02:08:32.187792,London-5665,2,17,Normal
2026-02-16 02:08:33.187792,London-5665,47,85,Normal
2026-02-16 02:08:34.187792,London-5665,41,76,Normal
2026-02-16 02:08:35.187792,London-5665,25,91,Normal
2026-02-16 02:08:36.187792,London-5665,1,80,Normal
2026-02-16 02:08:37.187792,London-5665,-3,50,Normal
2026-02-16 02:08:38.187792,London-5665,-18,96,Normal
2026-02-16 02:08:39.187792,London-5665,43,97,Normal
2026-02-16 02:08:40.187792,London-5665,24,16,Normal
2026-02-16 02:08:41.187792,London-5665,-8,55,Normal
2026-02-16 02:08:42.187792,London-5665,1,70,Normal
2026-02-16 02:08:43.187792,London-5665,-16,32,Normal
2026-02-16 02:08:44.187792,London-5665,50,1,Normal
2026-02-16 02:08:45.187792,London-5665,-19,11,Normal
2026-02-16 02:08:46.187792,London-5665,30,61,Normal
2026-02-16 02:08:47.187792,London-5665,14,71,Normal
2026-02-16 02:08:48.187792,London-5665,31,77,Normal
2026-02-16 02:08:49.187792,London-5665,32,34,Normal
2026-02-16 02:08:50.187792,London-5665,44,40,Normal
2026-02-16 02:08:51.187792,London-5665,26,69,Normal
2026-02-16 02:08:52.187792,London-5665,39,100,Normal
2026-02-16 02:08:53.187792,London-5665,-13,59,Normal
2026-02-16 02:08:54.187792,London-5665,27,89,Normal
2026-02-16 02:08:55.187792,London-5665,47,37,Normal
2026-02-16 02:08:56.187792,London-5665,43,51,Normal
2026-02-16 02:08:57.187792,London-5665,43,17,Normal
2026-02-16 02:08:58.187792,London-5665,-20,24,Normal
2026-02-16 02:08:59.187792,London-5665,15,27,Normal
2026-02-16 02:09:00.187792,London-5665,-26,57,Normal
2026-02-16 02:09:01.187792,London-5665,12,37,Normal
2026-02-16 02:09:02.187792,London-5665,0,79,Normal
2026-02-16 02:09:03.187792,London-5665,29,100,Normal
2026-02-16 02:09:04.187792,London-5665,-10,86,Normal
2026-02-16 02:09:05.187792,London-5665,39,48,Normal
2026-02-16 02:09:06.187792,London-5665,30,29,Normal
2026-02-16 02:09:07.187792,London-5665,28,35,Normal
2026-02-16 02:09:08.187792,London-5665,35,14,Normal
2026-02-16 02:09:09.187792,London-5665,-7,69,Normal
2026-02-16 02:09:10.187792,London-5665,-6,17,Normal
2026-02-16 02:09:11.187792,London-5665,5,41,Normal
2026-02-16 02:09:12.187792,London-5665,-29,22,Normal
2026-02-16 02:09:13.187792,London-5665,6,64,Normal
2026-02-16 02:09:14.187792,London-5665,49,13,Normal
2026-02-16 02:09:15.187792,London-5665,-15,18,Normal
2026-02-16 02:09:16.187792,London-5665,17,89,Normal
2026-02-16 02:09:17.187792,London-5665,9,73,Normal
2026-02-16 02:09:18.187792,London-5665,23,47,Normal
2026-02-16 02:09:19.187792,London-5665,46,88,Normal
2026-02-16 02:09:20.187792,London-5665,43,44,Normal
2026-02-16 02:09:21.187792,London-5665,32,62,Normal
2026-02-16 02:09:22.187792,London-5665,21,7,Normal
2026-02-16 02:09:23.187792,London-5665,-13,27,Normal
2026-02-16 02:09:24.187792,London-5665,45,20,Normal
2026-02-16 02:09:25.187792,London-5665,32,10,Normal
2026-02-16 02:09:26.187792,London-5665,49,85,Normal
2026-02-16 02:09:27.187792,London-5665,-21,33,Normal
2026-02-16 02:09:28.187792,London-5665,-20,18,Normal
2026-02-16 02:09:29.187792,London-5665,-12,24,Normal
2026-02-16 02:09:30.187792,London-5665,-25,39,Normal
2026-02-16 02:09:31.187792,London-5665,-23,12,Normal
2026-02-16 02:09:32.187792,London-5665,-1,0,Normal
2026-02-16 02:09:33.187792,London-5665,11,48,Normal
2026-02-16 02:09:34.187792,London-5665,24,78,Normal
2026-02-16 02:09:35.187792,London-5665,-7,21,Normal
2026-02-16 02:09:36.187792,London-5665,30,35,Normal
2026-02-16 02:09:37.187792,London-5665,2,74,Normal
2026-02-16 02:09:38.187792,London-5665,9,45,Normal
2026-02-16 02:09:39.187792,London-5665,38,78,Normal
2026-02-16 02:09:40.187792,London-5665,-9,62,Normal
2026-02-16 02:09:41.187792,London-5665,46,88,Normal
2026-02-16 02:09:42.187792,London-5665,29,50,Normal
2026-02-16 02:09:43.187792,London-5665,6,92,Normal
2026-02-16 02:09:44.187792,London-5665,3,44,Normal
2026-02-16 02:09:45.187792,London-5665,-1,34,Normal
2026-02-16 02:09:46.187792,London-5665,-17,39,Normal
2026-02-16 02:09:47.187792,London-5665,41,18,Normal
2026-02-16 02:09:48.187792,London-5665,47,58,Normal
2026-02-16 02:09:49.187792,London-5665,39,28,Normal
2026-02-16 02:09:50.187792,London-5665,-11,95,Normal
2026-02-16 02:09:51.187792,London-5665,-14,3,Normal
2026-02-16 02:09:52.187792,London-5665,-3,89,Normal
2026-02-16 02:09:53.187792,London-5665,50,85,Normal
2026-02-16 02:09:54.187792,London-5665,21,71,Normal
2026-02-16 02:09:55.187792,London-5665,21,3,Normal
2026-02-16 02:09:56.187792,London-5665,41,6,Normal
2026-02-16 02:09:57.187792,London-5665,14,36,Normal
2026-02-16 02:09:58.187792,London-5665,45,43,Normal
2026-02-16 02:09:59.187792,London-5665,-2,42,Normal
2026-02-16 02:10:00.187792,London-5665,40,93,Normal
2026-02-16 02:10:01.187792,London-5665,49,16,Normal
2026-02-16 02:10:02.187792,London-5665,-12,62,Normal
2026-02-16 02:10:03.187792,London-5665,-30,90,Normal
2026-02-16 02:10:04.187792,London-5665,43,46,Normal
2026-02-16 02:10:05.187792,London-5665,-30,42,Normal
2026-02-16 02:10:06.187792,London-5665,-17,5,Normal
2026-02-16 02:10:07.187792,London-5665,9,46,Normal
2026-02-16 02:10:08.187792,London-5665,23,75,Normal
2026-02-16 02:10:09.187792,London-5665,-22,45,Normal
2026-02-16 02:10:10.187792,London-5665,13,68,Normal
2026-02-16 02:10:11.187792,London-5665,21,81,Normal
2026-02-16 02:10:12.187792,London-5665,-30,31,Normal
2026-02-16 02:10:13.187792,London-5665,-16,25,Normal
2026-02-16 02:10:14.187792,London-5665,2,98,Normal
2026-02-16 02:10:15.187792,London-5665,-25,90,Normal
2026-02-16 02:10:16.187792,London-5665,0,18,Normal
2026-02-16 02:10:17.187792,London-5665,-8,7,Normal
2026-02-16 02:10:18.187792,London-5665,-29,51,Normal
2026-02-16 02:10:19.187792,London-5665,6,77,Normal
2026-02-16 02:10:20.187792,London-5665,32,66,Normal
2026-02-16 02:10:21.187792,London-5665,25,92,Normal
2026-02-16 02:10:22.187792,London-5665,26,92,Normal
2026-02-16 02:10:23.187792,London-5665,15,51,Normal
2026-02-16 02:10:24.187792,London-5665,32,46,Normal
2026-02-16 02:10:25.187792,London-5665,-7,22,Normal
2026-02-16 02:10:26.187792,London-5665,10,86,Normal
2026-02-16 02:10:27.187792,London-5665,-4,40,Normal
2026-02-16 02:10:28.187792,London-5665,-10,96,Normal
2026-02-16 02:10:29.187792,London-5665,8,79,Normal
2026-02-16 02:10:30.187792,London-5665,13,95,Normal
2026-02-16 02:10:31.187792,London-5665,0,62,Normal
2026-02-16 02:10:32.187792,London-5665,-6,13,Normal
2026-02-16 02:10:33.187792,London-5665,-6,25,Normal
2026-02-16 02:10:34.187792,London-5665,-15,98,Normal
2026-02-16 02:10:35.187792,London-5665,36,2,Normal
2026-02-16 02:10:36.187792,London-5665,30,42,Normal
2026-02-16 02:10:37.187792,London-5665,21,24,Normal
2026-02-16 02:10:38.187792,London-5665,48,79,Normal
2026-02-16 02:10:39.187792,London-5665,47,4,Normal
2026-02-16 02:10:40.187792,London-5665,-26,93,Normal
2026-02-16 02:10:41.187792,London-5665,-22,5,Normal
2026-02-16 02:10:42.187792,London-5665,13,20,Normal
2026-02-16 02:10:43.187792,London-5665,42,100,Normal
2026-02-16 02:10:44.187792,London-5665,-8,44,Normal
2026-02-16 02:10:45.187792,London-5665,2,45,Normal
2026-02-16 02:10:46.187792,London-5665,14,9,Normal
2026-02-16 02:10:47.187792,London-5665,17,75,Normal
2026-02-16 02:10:48.187792,London-5665,50,65,Normal
2026-02-16 02:10:49.187792,London-5665,13,67,Normal
2026-02-16 02:10:50.187792,London-5665,-16,10,Normal
2026-02-16 02:10:51.187792,London-5665,5,88,Normal
2026-02-16 02:10:52.187792,London-5665,29,29,Normal
2026-02-16 02:10:53.187792,London-5665,33,98,Normal
2026-02-16 02:10:54.187792,London-5665,-10,88,Normal
2026-02-16 02:10:55.187792,London-5665,31,94,Normal
2026-02-16 02:10:56.187792,London-5665,36,19,Normal
2026-02-16 02:10:57.187792,London-5665,29,16,Normal
2026-02-16 02:10:58.187792,London-5665,-11,53,Normal
2026-02-16 02:10:59.187792,London-5665,3,61,Normal
2026-02-16 02:11:00.187792,London-5665,9,55,Normal
2026-02-16 02:11:01.187792,London-5665,23,91,Normal
2026-02-16 02:11:02.187792,London-5665,22,70,Normal
2026-02-16 02:11:03.187792,London-5665,26,41,Normal
2026-02-16 02:11:04.187792,London-5665,19,3,Normal
2026-02-16 02:11:05.187792,London-5665,-19,11,Normal
2026-02-16 02:11:06.187792,London-5665,7,38,Normal
2026-02-16 02:11:07.187792,London-5665,-22,40,Normal
2026-02-16 02:11:08.187792,London-5665,-11,10,Normal
2026-02-16 02:11:09.187792,London-5665,-29,100,Normal
2026-02-16 02:11:10.187792,London-5665,18,12,Normal
2026-02-16 02:11:11.187792,London-5665,-7,34,Normal
2026-02-16 02:11:12.187792,London-5665,30,18,Normal
2026-02-16 02:11:13.187792,London-5665,17,79,Normal
2026-02-16 02:11:14.187792,London-5665,-18,91,Normal
2026-02-16 02:11:15.187792,London-5665,19,42,Normal
2026-02-16 02:11:16.187792,London-5665,30,7,Normal
2026-02-16 02:11:17.187792,London-5665,42,31,Normal
2026-02-16 02:11:18.187792,London-5665,1,40,Normal
2026-02-16 02:11:19.187792,London-5665,41,64,Normal
2026-02-16 02:11:20.187792,London-5665,-4,62,Normal
2026-02-16 02:11:21.187792,London-5665,43,1,Normal
2026-02-16 02:11:22.187792,London-5665,43,81,Normal
2026-02-16 02:11:23.187792,London-5665,-11,47,Normal
2026-02-16 02:11:24.187792,London-5665,39,39,Normal
2026-02-16 02:11:25.187792,London-5665,25,89,Normal
2026-02-16 02:11:26.187792,London-5665,25,96,Normal
2026-02-16 02:11:27.187792,London-5665,14,64,Normal
2026-02-16 02:11:28.187792,London-5665,44,83,Normal
2026-02-16 02:11:29.187792,London-5665,29,54,Normal
2026-02-16 02:11:30.187792,London-5665,-1,75,Normal
2026-02-16 02:11:31.187792,London-5665,-23,78,Normal
2026-02-16 02:11:32.187792,London-5665,-25,90,Normal
2026-02-16 02:11:33.187792,London-5665,37,16,Normal
2026-02-16 02:11:34.187792,London-5665,-17,55,Normal
2026-02-16 02:11:35.187792,London-5665,-29,56,Normal
2026-02-16 02:11:36.187792,London-5665,-21,13,Normal
2026-02-16 02:11:37.187792,London-5665,-13,27,Normal
2026-02-16 02:11:38.187792,London-5665,-2,98,Normal
2026-02-16 02:11:39.187792,London-5665,4,86,Normal
2026-02-16 02:11:40.187792,London-5665,-11,58,Normal
2026-02-16 02:11:41.187792,London-5665,45,92,Normal
2026-02-16 02:11:42.187792,London-5665,-21,5,Normal
2026-02-16 02:11:43.187792,London-5665,-19,62,Normal
2026-02-16 02:11:44.187792,London-5665,19,97,Normal
2026-02-16 02:11:45.187792,London-5665,37,76,Normal
2026-02-16 02:11:46.187792,London-5665,48,100,Normal
2026-02-16 02:11:47.187792,London-5665,35,73,Normal
2026-02-16 02:11:48.187792,London-5665,-23,26,Normal
2026-02-16 02:11:49.187792,London-5665,29,26,Normal
2026-02-16 02:11:50.187792,London-5665,-28,42,Normal
2026-02-16 02:11:51.187792,London-5665,22,46,Normal
2026-02-16 02:11:52.187792,London-5665,-13,90,Normal
2026-02-16 02:11:53.187792,London-5665,48,30,Normal
2026-02-16 02:11:54.187792,London-5665,1,13,Normal
2026-02-16 02:11:55.187792,London-5665,-6,58,Normal
2026-02-16 02:11:56.187792,London-5665,-26,19,Normal
2026-02-16 02:11:57.187792,London-5665,-22,57,Normal
2026-02-16 02:11:58.187792,London-5665,49,23,Normal
2026-02-16 02:11:59.187792,London-5665,-21,61,Normal
2026-02-16 02:12:00.187792,London-5665,0,50,Normal
2026-02-16 02:12:01.187792,London-5665,-11,43,Normal
2026-02-16 02:12:02.187792,London-5665,26,5,Normal
2026-02-16 02:12:03.187792,London-5665,11,6,Normal
2026-02-16 02:12:04.187792,London-5665,24,52,Normal
2026-02-16 02:12:05.187792,London-5665,47,35,Normal
2026-02-16 02:12:06.187792,London-5665,0,28,Normal
2026-02-16 02:12:07.187792,London-5665,18,84,Normal
2026-02-16 02:12:08.187792,London-5665,-28,1,Normal
2026-02-16 02:12:09.187792,London-5665,0,51,Normal
2026-02-16 02:12:10.187792,London-5665,50,22,Normal
2026-02-16 02:12:11.187792,London-5665,25,26,Normal
2026-02-16 02:12:12.187792,London-5665,-15,27,Normal
2026-02-16 02:12:13.187792,London-5665,22,62,Normal
2026-02-16 02:12:14.187792,London-5665,47,72,Normal
2026-02-16 02:12:15.187792,London-5665,43,63,Normal
2026-02-16 02:12:16.187792,London-5665,-12,86,Normal
2026-02-16 02:12:17.187792,London-5665,-12,58,Normal
2026-02-16 02:12:18.187792,London-5665,-27,79,Normal
2026-02-16 02:12:19.187792,London-5665,15,5,Normal
2026-02-16 02:12:20.187792,London-5665,-2,22,Normal
2026-02-16 02:12:21.187792,London-5665,-5,7,Normal
2026-02-16 02:12:22.187792,London-5665,4,72,Normal
2026-02-16 02:12:23.187792,London-5665,2,80,Normal
2026-02-16 02:12:24.187792,London-5665,-29,2,Normal
2026-02-16 02:12:25.187792,London-5665,49,97,Normal
2026-02-16 02:12:26.187792,London-5665,-9,35,Normal
2026-02-16 02:12:27.187792,London-5665,13,71,Normal
2026-02-16 02:12:28.187792,London-5665,23,56,Normal
2026-02-16 02:12:29.187792,London-5665,7,39,Normal
2026-02-16 02:12:30.187792,London-5665,16,10,Normal
2026-02-16 02:12:31.187792,London-5665,24,14,Normal
2026-02-16 02:12:32.187792,London-5665,37,46,Normal
2026-02-16 02:12:33.187792,London-5665,-21,15,Normal
2026-02-16 02:12:34.187792,London-5665,15,64,Normal
2026-02-16 02:12:35.187792,London-5665,18,50,Normal
2026-02-16 02:12:36.187792,London-5665,-1,38,Normal
2026-02-16 02:12:37.187792,London-5665,29,80,Normal
2026-02-16 02:12:38.187792,London-5665,-23,22,Normal
2026-02-16 02:12:39.187792,London-5665,32,42,Normal
2026-02-16 02:12:40.187792,London-5665,49,34,Normal
2026-02-16 02:12:41.187792,London-5665,-1,42,Normal
2026-02-16 02:12:42.187792,London-5665,45,37,Normal
2026-02-16 02:12:43.187792,London-5665,10,41,Normal
2026-02-16 02:12:44.187792,London-5665,12,45,Normal
2026-02-16 02:12:45.187792,London-5665,-2,55,Normal
2026-02-16 02:12:46.187792,London-5665,19,43,Normal
2026-02-16 02:12:47.187792,London-5665,46,15,Normal
2026-02-16 02:12:48.187792,London-5665,-24,7,Normal
2026-02-16 02:12:49.187792,London-5665,-9,59,Normal
2026-02-16 02:12:50.187792,London-5665,-19,86,Normal
2026-02-16 02:12:51.187792,London-5665,10,70,Normal
2026-02-16 02:12:52.187792,London-5665,38,44,Normal
2026-02-16 02:12:53.187792,London-5665,-7,32,Normal
2026-02-16 02:12:54.187792,London-5665,50,28,Normal
2026-02-16 02:12:55.187792,London-5665,8,32,Normal
2026-02-16 02:12:56.187792,London-5665,6,28,Normal
2026-02-16 02:12:57.187792,London-5665,-30,20,Normal
2026-02-16 02:12:58.187792,London-5665,47,1,Normal
2026-02-16 02:12:59.187792,London-5665,30,67,Normal
2026-02-16 02:13:00.187792,London-5665,-15,64,Normal
2026-02-16 02:13:01.187792,London-5665,33,6,Normal
2026-02-16 02:13:02.187792,London-5665,12,46,Normal
2026-02-16 02:13:03.187792,London-5665,6,100,Normal
2026-02-16 02:13:04.187792,London-5665,-28,69,Normal
2026-02-16 02:13:05.187792,London-5665,-6,0,Normal
2026-02-16 02:13:06.187792,London-5665,28,53,Normal
2026-02-16 02:13:07.187792,London-5665,19,30,Normal
2026-02-16 02:13:08.187792,London-5665,11,68,Normal
2026-02-16 02:13:09.187792,London-5665,0,70,Normal
2026-02-16 02:13:10.187792,London-5665,2,58,Normal
2026-02-16 02:13:11.187792,London-5665,-26,18,Normal
2026-02-16 02:13:12.187792,London-5665,44,98,Normal
2026-02-16 02:13:13.187792,London-5665,-28,46,Normal
2026-02-16 02:13:14.187792,London-5665,-16,8,Normal
2026-02-16 02:13:15.187792,London-5665,12,66,Normal
2026-02-16 02:13:16.187792,London-5665,-27,88,Normal
2026-02-16 02:13:17.187792,London-5665,29,20,Normal
2026-02-16 02:13:18.187792,London-5665,39,70,Normal
2026-02-16 02:13:19.187792,London-5665,37,43,Normal
2026-02-16 02:13:20.187792,London-5665,-25,28,Normal
2026-02-16 02:13:21.187792,London-5665,7,41,Normal
2026-02-16 02:13:22.187792,London-5665,15,17,Normal
2026-02-16 02:13:23.187792,London-5665,-22,74,Normal
2026-02-16 02:13:24.187792,London-5665,23,85,Normal
2026-02-16 02:13:25.187792,London-5665,-8,53,Normal
2026-02-16 02:13:26.187792,London-5665,13,68,Normal
2026-02-16 02:13:27.187792,London-5665,11,34,Normal
2026-02-16 02:13:28.187792,London-5665,25,100,Normal
2026-02-16 02:13:29.187792,London-5665,-20,49,Normal
2026-02-16 02:13:30.187792,London-5665,40,30,Normal
2026-02-16 02:13:31.187792,London-5665,-30,9,Normal
2026-02-16 02:13:32.187792,London-5665,-8,69,Normal
2026-02-16 02:13:33.187792,London-5665,-27,97,Normal
2026-02-16 02:13:34.187792,London-5665,26,60,Normal
2026-02-16 02:13:35.187792,London-5665,-5,17,Normal
2026-02-16 02:13:36.187792,London-5665,-11,80,Normal
2026-02-16 02:13:37.187792,London-5665,-9,75,Normal
2026-02-16 02:13:38.187792,London-5665,27,29,Normal
2026-02-16 02:13:39.187792,London-5665,-11,0,Normal
2026-02-16 02:13:40.187792,London-5665,-29,4,Normal
2026-02-16 02:13:41.187792,London-5665,34,28,Normal
2026-02-16 02:13:42.187792,London-5665,-7,51,Normal
2026-02-16 02:13:43.187792,London-5665,-21,64,Normal
2026-02-16 02:13:44.187792,London-5665,-7,88,Normal
2026-02-16 02:13:45.187792,London-5665,40,70,Normal
2026-02-16 02:13:46.187792,London-5665,2,71,Normal
2026-02-16 02:13:47.187792,London-5665,-10,19,Normal
2026-02-16 02:13:48.187792,London-5665,39,86,Normal
2026-02-16 02:13:49.187792,London-5665,25,34,Normal
2026-02-16 02:13:50.187792,London-5665,-28,96,Normal
2026-02-16 02:13:51.187792,London-5665,37,42,Normal
2026-02-16 02:13:52.187792,London-5665,29,81,Normal
2026-02-16 02:13:53.187792,London-5665,44,95,Normal
2026-02-16 02:13:54.187792,London-5665,46,18,Normal
2026-02-16 02:13:55.187792,London-5665,15,98,Normal
2026-02-16 02:13:56.187792,London-5665,-13,87,Normal
2026-02-16 02:13:57.187792,London-5665,-14,41,Normal
2026-02-16 02:13:58.187792,London-5665,9,42,Normal
2026-02-16 02:13:59.187792,London-5665,9,33,Normal
2026-02-16 02:14:00.187792,London-5665,47,60,Normal
2026-02-16 02:14:01.187792,London-5665,-11,91,Normal
2026-02-16 02:14:02.187792,London-5665,16,8,Normal
2026-02-16 02:14:03.187792,London-5665,34,69,Normal
2026-02-16 02:14:04.187792,London-5665,38,56,Normal
2026-02-16 02:14:05.187792,London-5665,49,25,Normal
2026-02-16 02:14:06.187792,London-5665,33,39,Normal
2026-02-16 02:14:07.187792,London-5665,21,62,Normal
2026-02-16 02:14:08.187792,London-5665,-26,36,Normal
2026-02-16 02:14:09.187792,London-5665,-25,43,Normal
2026-02-16 02:14:10.187792,London-5665,25,59,Normal
2026-02-16 02:14:11.187792,London-5665,-4,65,Normal
2026-02-16 02:14:12.187792,London-5665,-13,30,Normal
2026-02-16 02:14:13.187792,London-5665,47,97,Normal
2026-02-16 02:14:14.187792,London-5665,34,82,Normal
2026-02-16 02:14:15.187792,London-5665,36,42,Normal
2026-02-16 02:14:16.187792,London-5665,30,7,Normal
2026-02-16 02:14:17.187792,London-5665,-25,20,Normal
2026-02-16 02:14:18.187792,London-5665,8,67,Normal
2026-02-16 02:14:19.187792,London-5665,-10,1,Normal
2026-02-16 02:14:20.187792,London-5665,39,95,Normal
2026-02-16 02:14:21.187792,London-5665,8,95,Normal
2026-02-16 02:14:22.187792,London-5665,-21,92,Normal
2026-02-16 02:14:23.187792,London-5665,49,40,Normal
2026-02-16 02:14:24.187792,London-5665,20,80,Normal
2026-02-16 02:14:25.187792,London-5665,33,28,Normal
2026-02-16 02:14:26.187792,London-5665,29,1,Normal
2026-02-16 02:14:27.187792,London-5665,1,43,Normal
2026-02-16 02:14:28.187792,London-5665,17,71,Normal
2026-02-16 02:14:29.187792,London-5665,12,44,Normal
2026-02-16 02:14:30.187792,London-5665,-10,41,Normal
2026-02-16 02:14:31.187792,London-5665,11,18,Normal
2026-02-16 02:14:32.187792,London-5665,-14,91,Normal
2026-02-16 02:14:33.187792,London-5665,-24,45,Normal
2026-02-16 02:14:34.187792,London-5665,-30,64,Normal
2026-02-16 02:14:35.187792,London-5665,44,69,Normal
2026-02-16 02:14:36.187792,London-5665,48,70,Normal
2026-02-16 02:14:37.187792,London-5665,44,36,Normal
2026-02-16 02:14:38.187792,London-5665,21,47,Normal
2026-02-16 02:14:39.187792,London-5665,26,73,Normal
2026-02-16 02:14:40.187792,London-5665,2,22,Normal
2026-02-16 02:14:41.187792,London-5665,6,34,Normal
2026-02-16 02:14:42.187792,London-5665,8,78,Normal
2026-02-16 02:14:43.187792,London-5665,2,42,Normal
2026-02-16 02:14:44.187792,London-5665,29,60,Normal
2026-02-16 02:14:45.187792,London-5665,-27,41,Normal
2026-02-16 02:14:46.187792,London-5665,47,25,Normal
2026-02-16 02:14:47.187792,London-5665,36,52,Normal
2026-02-16 02:14:48.187792,London-5665,42,90,Normal
2026-02-16 02:14:49.187792,London-5665,41,6,Normal
2026-02-16 02:14:50.187792,London-5665,-30,72,Normal
2026-02-16 02:14:51.187792,London-5665,31,55,Normal
2026-02-16 02:14:52.187792,London-5665,-29,67,Normal
2026-02-16 02:14:53.187792,London-5665,-25,100,Normal
2026-02-16 02:14:54.187792,London-5665,7,24,Normal
2026-02-16 02:14:55.187792,London-5665,-29,44,Normal
2026-02-16 02:14:56.187792,London-5665,22,93,Normal
2026-02-16 02:14:57.187792,London-5665,-21,0,Normal
2026-02-16 02:14:58.187792,London-5665,27,24,Normal
2026-02-16 02:14:59.187792,London-5665,-11,28,Normal
2026-02-16 02:15:00.187792,London-5665,4,97,Normal
2026-02-16 02:15:01.187792,London-5665,-29,24,Normal
2026-02-16 02:15:02.187792,London-5665,8,29,Normal
2026-02-16 02:15:03.187792,London-5665,10,65,Normal
2026-02-16 02:15:04.187792,London-5665,41,97,Normal
2026-02-16 02:15:05.187792,London-5665,28,97,Normal
2026-02-16 02:15:06.187792,London-5665,-23,51,Normal
2026-02-16 02:15:07.187792,London-5665,19,61,Normal
2026-02-16 02:15:08.187792,London-5665,-7,52,Normal
2026-02-16 02:15:09.187792,London-5665,-30,97,Normal
2026-02-16 02:15:10.187792,London-5665,45,68,Normal
2026-02-16 02:15:11.187792,London-5665,-29,70,Normal
2026-02-16 02:15:12.187792,London-5665,49,15,Normal
2026-02-16 02:15:13.187792,London-5665,-8,65,Normal
2026-02-16 02:15:14.187792,London-5665,23,61,Normal
2026-02-16 02:15:15.187792,London-5665,-25,65,Normal
2026-02-16 02:15:16.187792,London-5665,17,98,Normal
2026-02-16 02:15:17.187792,London-5665,-18,24,Normal
2026-02-16 02:15:18.187792,London-5665,-28,76,Normal
2026-02-16 02:15:19.187792,London-5665,9,89,Normal
2026-02-16 02:15:20.187792,London-5665,-2,30,Normal
2026-02-16 02:15:21.187792,London-5665,1,29,Normal
2026-02-16 02:15:22.187792,London-5665,30,51,Normal
2026-02-16 02:15:23.187792,London-5665,-28,87,Normal
2026-02-16 02:15:24.187792,London-5665,7,60,Normal
2026-02-16 02:15:25.187792,London-5665,39,28,Normal
2026-02-16 02:15:26.187792,London-5665,20,94,Normal
2026-02-16 02:15:27.187792,London-5665,-11,97,Normal
2026-02-16 02:15:28.187792,London-5665,13,11,Normal
2026-02-16 02:15:29.187792,London-5665,33,82,Normal
2026-02-16 02:15:30.187792,London-5665,15,50,Normal
2026-02-16 02:15:31.187792,London-5665,-4,14,Normal
2026-02-16 02:15:32.187792,London-5665,41,62,Normal
2026-02-16 02:15:33.187792,London-5665,9,77,Normal
2026-02-16 02:15:34.187792,London-5665,8,72,Normal
2026-02-16 02:15:35.187792,London-5665,-18,6,Normal
2026-02-16 02:15:36.187792,London-5665,-10,16,Normal
2026-02-16 02:15:37.187792,London-5665,45,47,Normal
2026-02-16 02:15:38.187792,London-5665,23,76,Normal
2026-02-16 02:15:39.187792,London-5665,-18,12,Normal
2026-02-16 02:15:40.187792,London-5665,1,49,Normal
2026-02-16 02:15:41.187792,London-5665,-5,22,Normal
2026-02-16 02:15:42.187792,London-5665,45,49,Normal
2026-02-16 02:15:43.187792,London-5665,50,35,Normal
2026-02-16 02:15:44.187792,London-5665,-7,80,Normal
2026-02-16 02:15:45.187792,London-5665,7,67,Normal
2026-02-16 02:15:46.187792,London-5665,-13,97,Normal
2026-02-16 02:15:47.187792,London-5665,34,48,Normal
2026-02-16 02:15:48.187792,London-5665,32,41,Normal
2026-02-16 02:15:49.187792,London-5665,5,9,Normal
2026-02-16 02:15:50.187792,London-5665,-5,11,Normal
2026-02-16 02:15:51.187792,London-5665,-27,44,Normal
2026-02-16 02:15:52.187792,London-5665,-30,63,Normal
2026-02-16 02:15:53.187792,London-5665,-5,24,Normal
2026-02-16 02:15:54.187792,London-5665,-26,59,Normal
2026-02-16 02:15:55.187792,London-5665,30,6,Normal
2026-02-16 02:15:56.187792,London-5665,-1,99,Normal
2026-02-16 02:15:57.187792,London-5665,2,99,Normal
2026-02-16 02:15:58.187792,London-5665,-22,16,Normal
2026-02-16 02:15:59.187792,London-5665,-18,100,Normal
2026-02-16 02:16:00.187792,London-5665,24,33,Normal
2026-02-16 02:16:01.187792,London-5665,15,29,Normal
2026-02-16 02:16:02.187792,London-5665,37,27,Normal
2026-02-16 02:16:03.187792,London-5665,2,12,Normal
2026-02-16 02:16:04.187792,London-5665,-1,60,Normal
2026-02-16 02:16:05.187792,London-5665,12,2,Normal
2026-02-16 02:16:06.187792,London-5665,-22,55,Normal
2026-02-16 02:16:07.187792,London-5665,3,5,Normal
2026-02-16 02:16:08.187792,London-5665,30,54,Normal
2026-02-16 02:16:09.187792,London-5665,-30,57,Normal
2026-02-16 02:16:10.187792,London-5665,0,45,Normal
2026-02-16 02:16:11.187792,London-5665,-18,94,Normal
2026-02-16 02:16:12.187792,London-5665,30,1,Normal
2026-02-16 02:16:13.187792,London-5665,5,47,Normal
2026-02-16 02:16:14.187792,London-5665,17,3,Normal
2026-02-16 02:16:15.187792,London-5665,14,62,Normal
2026-02-16 02:16:16.187792,London-5665,30,47,Normal
2026-02-16 02:16:17.187792,London-5665,-20,15,Normal
2026-02-16 02:16:18.187792,London-5665,11,21,Normal
2026-02-16 02:16:19.187792,London-5665,22,91,Normal
2026-02-16 02:16:20.187792,London-5665,3,82,Normal
2026-02-16 02:16:21.187792,London-5665,45,58,Normal
2026-02-16 02:16:22.187792,London-5665,38,18,Normal
2026-02-16 02:16:23.187792,London-5665,-8,64,Normal
2026-02-16 02:16:24.187792,London-5665,8,54,Normal
2026-02-16 02:16:25.187792,London-5665,-13,50,Normal
2026-02-16 02:16:26.187792,London-5665,-22,66,Normal
2026-02-16 02:16:27.187792,London-5665,-29,22,Normal
2026-02-16 02:16:28.187792,London-5665,-27,59,Normal
2026-02-16 02:16:29.187792,London-5665,-3,97,Normal
2026-02-16 02:16:30.187792,London-5665,5,16,Normal
2026-02-16 02:16:31.187792,London-5665,-4,29,Normal
2026-02-16 02:16:32.187792,London-5665,31,100,Normal
2026-02-16 02:16:33.187792,London-5665,-3,35,Normal
2026-02-16 02:16:34.187792,London-5665,-14,37,Normal
2026-02-16 02:16:35.187792,London-5665,5,61,Normal
2026-02-16 02:16:36.187792,London-5665,-3,100,Normal
2026-02-16 02:16:37.187792,London-5665,-15,23,Normal
2026-02-16 02:16:38.187792,London-5665,25,98,Normal
2026-02-16 02:16:39.187792,London-5665,45,32,Normal
2026-02-16 02:16:40.187792,London-5665,45,76,Normal
2026-02-16 02:16:41.187792,London-5665,-26,88,Normal
2026-02-16 02:16:42.187792,London-5665,-18,8,Normal
2026-02-16 02:16:43.187792,London-5665,-7,47,Normal
2026-02-16 02:16:44.187792,London-5665,-6,37,Normal
2026-02-16 02:16:45.187792,London-5665,17,65,Normal
2026-02-16 02:16:46.187792,London-5665,38,42,Normal
2026-02-16 02:16:47.187792,London-5665,28,60,Normal
2026-02-16 02:16:48.187792,London-5665,24,7,Normal
2026-02-16 02:16:49.187792,London-5665,45,1,Normal
2026-02-16 02:16:50.187792,London-5665,30,99,Normal
2026-02-16 02:16:51.187792,London-5665,-29,44,Normal
2026-02-16 02:16:52.187792,London-5665,-3,100,Normal
2026-02-16 02:16:53.187792,London-5665,-28,40,Normal
2026-02-16 02:16:54.187792,London-5665,29,74,Normal
2026-02-16 02:16:55.187792,London-5665,23,78,Normal
2026-02-16 02:16:56.187792,London-5665,-5,1,Normal
2026-02-16 02:16:57.187792,London-5665,14,29,Normal
2026-02-16 02:16:58.187792,London-5665,-6,46,Normal
2026-02-16 02:16:59.187792,London-5665,2,26,Normal
2026-02-16 02:17:00.187792,London-5665,-11,4,Normal
2026-02-16 02:17:01.187792,London-5665,15,45,Normal
2026-02-16 02:17:02.187792,London-5665,15,72,Normal
2026-02-16 02:17:03.187792,London-5665,13,50,Normal
2026-02-16 02:17:04.187792,London-5665,22,13,Normal
2026-02-16 02:17:05.187792,London-5665,25,0,Normal
2026-02-16 02:17:06.187792,London-5665,24,26,Normal
2026-02-16 02:17:07.187792,London-5665,48,12,Normal
2026-02-16 02:17:08.187792,London-5665,19,19,Normal
2026-02-16 02:17:09.187792,London-5665,2,70,Normal
2026-02-16 02:17:10.187792,London-5665,49,22,Normal
2026-02-16 02:17:11.187792,London-5665,2,13,Normal
2026-02-16 02:17:12.187792,London-5665,48,44,Normal
2026-02-16 02:17:13.187792,London-5665,41,62,Normal
2026-02-16 02:17:14.187792,London-5665,50,61,Normal
2026-02-16 02:17:15.187792,London-5665,9,69,Normal
2026-02-16 02:17:16.187792,London-5665,-12,85,Normal
2026-02-16 02:17:17.187792,London-5665,24,43,Normal
2026-02-16 02:17:18.187792,London-5665,13,20,Normal
2026-02-16 02:17:19.187792,London-5665,-21,76,Normal
2026-02-16 02:17:20.187792,London-5665,34,42,Normal
2026-02-16 02:17:21.187792,London-5665,10,28,Normal
2026-02-16 02:17:22.187792,London-5665,35,56,Normal
2026-02-16 02:17:23.187792,London-5665,35,34,Normal
2026-02-16 02:17:24.187792,London-5665,-3,20,Normal
2026-02-16 02:17:25.187792,London-5665,44,31,Normal
2026-02-16 02:17:26.187792,London-5665,0,61,Normal
2026-02-16 02:17:27.187792,London-5665,23,97,Normal
2026-02-16 02:17:28.187792,London-5665,50,18,Normal
2026-02-16 02:17:29.187792,London-5665,25,40,Normal
2026-02-16 02:17:30.187792,London-5665,45,75,Normal
2026-02-16 02:17:31.187792,London-5665,39,45,Normal
2026-02-16 02:17:32.187792,London-5665,11,94,Normal
2026-02-16 02:17:33.187792,London-5665,22,16,Normal
2026-02-16 02:17:34.187792,London-5665,11,16,Normal
2026-02-16 02:17:35.187792,London-5665,32,17,Normal
2026-02-16 02:17:36.187792,London-5665,17,43,Normal
2026-02-16 02:17:37.187792,London-5665,23,41,Normal
2026-02-16 02:17:38.187792,London-5665,-22,96,Normal
2026-02-16 02:17:39.187792,London-5665,10,81,Normal
2026-02-16 02:17:40.187792,London-5665,-23,41,Normal
2026-02-16 02:17:41.187792,London-5665,-4,84,Normal
2026-02-16 02:17:42.187792,London-5665,23,23,Normal
2026-02-16 02:17:43.187792,London-5665,-12,69,Normal
2026-02-16 02:17:44.187792,London-5665,-3,17,Normal
2026-02-16 02:17:45.187792,London-5665,-27,28,Normal
2026-02-16 02:17:46.187792,London-5665,-12,90,Normal
2026-02-16 02:17:47.187792,London-5665,-20,81,Normal
2026-02-16 02:17:48.187792,London-5665,31,58,Normal
2026-02-16 02:17:49.187792,London-5665,-20,7,Normal
2026-02-16 02:17:50.187792,London-5665,31,6,Normal
2026-02-16 02:17:51.187792,London-5665,27,28,Normal
2026-02-16 02:17:52.187792,London-5665,36,41,Normal
2026-02-16 02:17:53.187792,London-5665,32,47,Normal
2026-02-16 02:17:54.187792,London-5665,0,62,Normal
2026-02-16 02:17:55.187792,London-5665,45,22,Normal
2026-02-16 02:17:56.187792,London-5665,-17,9,Normal
2026-02-16 02:17:57.187792,London-5665,43,68,Normal
2026-02-16 02:17:58.187792,London-5665,-30,38,Normal
2026-02-16 02:17:59.187792,London-5665,12,4,Normal
2026-02-16 02:18:00.187792,London-5665,18,20,Normal
2026-02-16 02:18:01.187792,London-5665,-10,90,Normal
2026-02-16 02:18:02.187792,London-5665,12,97,Normal
2026-02-16 02:18:03.187792,London-5665,7,32,Normal
2026-02-16 02:18:04.187792,London-5665,1,39,Normal
2026-02-16 02:18:05.187792,London-5665,29,69,Normal
2026-02-16 02:18:06.187792,London-5665,4,24,Normal
2026-02-16 02:18:07.187792,London-5665,-2,77,Normal
2026-02-16 02:18:08.187792,London-5665,41,12,Normal
2026-02-16 02:18:09.187792,London-5665,3,20,Normal
2026-02-16 02:18:10.187792,London-5665,3,79,Normal
2026-02-16 02:18:11.187792,London-5665,-7,98,Normal
2026-02-16 02:18:12.187792,London-5665,-24,53,Normal
2026-02-16 02:18:13.187792,London-5665,41,12,Normal
2026-02-16 02:18:14.187792,London-5665,3,60,Normal
2026-02-16 02:18:15.187792,London-5665,5,68,Normal
2026-02-16 02:18:16.187792,London-5665,42,7,Normal
2026-02-16 02:18:17.187792,London-5665,-13,55,Normal
2026-02-16 02:18:18.187792,London-5665,-11,30,Normal
2026-02-16 02:18:19.187792,London-5665,-7,2,Normal
2026-02-16 02:18:20.187792,London-5665,50,63,Normal
2026-02-16 02:18:21.187792,London-5665,37,50,Normal
2026-02-16 02:18:22.187792,London-5665,40,57,Normal
2026-02-16 02:18:23.187792,London-5665,17,51,Normal
2026-02-16 02:18:24.187792,London-5665,15,95,Normal
2026-02-16 02:18:25.187792,London-5665,35,68,Normal
2026-02-16 02:18:26.187792,London-5665,-11,9,Normal
2026-02-16 02:18:27.187792,London-5665,-2,28,Normal
2026-02-16 02:18:28.187792,London-5665,-12,28,Normal
2026-02-16 02:18:29.187792,London-5665,10,54,Normal
2026-02-16 02:18:30.187792,London-5665,36,71,Normal
2026-02-16 02:18:31.187792,London-5665,15,47,Normal
2026-02-16 02:18:32.187792,London-5665,18,7,Normal
2026-02-16 02:18:33.187792,London-5665,-20,93,Normal
2026-02-16 02:18:34.187792,London-5665,-2,48,Normal
2026-02-16 02:18:35.187792,London-5665,30,71,Normal
2026-02-16 02:18:36.187792,London-5665,38,58,Normal
2026-02-16 02:18:37.187792,London-5665,5,32,Normal
2026-02-16 02:18:38.187792,London-5665,-11,35,Normal
2026-02-16 02:18:39.187792,London-5665,25,1,Normal
2026-02-16 02:18:40.187792,London-5665,-24,40,Normal
2026-02-16 02:18:41.187792,London-5665,32,40,Normal
2026-02-16 02:18:42.187792,London-5665,11,90,Normal
2026-02-16 02:18:43.187792,London-5665,19,72,Normal
2026-02-16 02:18:44.187792,London-5665,-30,28,Normal
2026-02-16 02:18:45.187792,London-5665,29,26,Normal
2026-02-16 02:18:46.187792,London-5665,10,64,Normal
2026-02-16 02:18:47.187792,London-5665,25,28,Normal
2026-02-16 02:18:48.187792,London-5665,41,10,Normal
2026-02-16 02:18:49.187792,London-5665,6,10,Normal
2026-02-16 02:18:50.187792,London-5665,9,4,Normal
2026-02-16 02:18:51.187792,London-5665,37,88,Normal
2026-02-16 02:18:52.187792,London-5665,35,77,Normal
2026-02-16 02:18:53.187792,London-5665,18,93,Normal
2026-02-16 02:18:54.187792,London-5665,35,74,Normal
2026-02-16 02:18:55.187792,London-5665,23,94,Normal
2026-02-16 02:18:56.187792,London-5665,-11,74,Normal
2026-02-16 02:18:57.187792,London-5665,-20,59,Normal
2026-02-16 02:18:58.187792,London-5665,0,100,Normal
2026-02-16 02:18:59.187792,London-5665,20,40,Normal
2026-02-16 02:19:00.187792,London-5665,8,43,Normal
2026-02-16 02:19:01.187792,London-5665,45,9,Normal
2026-02-16 02:19:02.187792,London-5665,-12,46,Normal
2026-02-16 02:19:03.187792,London-5665,40,82,Normal
2026-02-16 02:19:04.187792,London-5665,-25,70,Normal
2026-02-16 02:19:05.187792,London-5665,6,1,Normal
2026-02-16 02:19:06.187792,London-5665,45,32,Normal
2026-02-16 02:19:07.187792,London-5665,-7,87,Normal
2026-02-16 02:19:08.187792,London-5665,44,26,Normal
2026-02-16 02:19:09.187792,London-5665,-12,48,Normal
2026-02-16 02:19:10.187792,London-5665,15,21,Normal
2026-02-16 02:19:11.187792,London-5665,43,82,Normal
2026-02-16 02:19:12.187792,London-5665,19,2,Normal
2026-02-16 02:19:13.187792,London-5665,45,41,Normal
2026-02-16 02:19:14.187792,London-5665,-24,28,Normal
2026-02-16 02:19:15.187792,London-5665,25,5,Normal
2026-02-16 02:19:16.187792,London-5665,-18,15,Normal
2026-02-16 02:19:17.187792,London-5665,8,21,Normal
2026-02-16 02:19:18.187792,London-5665,-3,34,Normal
2026-02-16 02:19:19.187792,London-5665,-28,8,Normal
2026-02-16 02:19:20.187792,London-5665,35,23,Normal
2026-02-16 02:19:21.187792,London-5665,-10,52,Normal
2026-02-16 02:19:22.187792,London-5665,-16,98,Normal
2026-02-16 02:19:23.187792,London-5665,24,14,Normal
2026-02-16 02:19:24.187792,London-5665,39,20,Normal
2026-02-16 02:19:25.187792,London-5665,25,81,Normal
2026-02-16 02:19:26.187792,London-5665,-9,46,Normal
2026-02-16 02:19:27.187792,London-5665,22,99,Normal
2026-02-16 02:19:28.187792,London-5665,-12,79,Normal
2026-02-16 02:19:29.187792,London-5665,22,56,Normal
2026-02-16 02:19:30.187792,London-5665,43,25,Normal
2026-02-16 02:19:31.187792,London-5665,-2,56,Normal
2026-02-16 02:19:32.187792,London-5665,34,0,Normal
2026-02-16 02:19:33.187792,London-5665,34,28,Normal
2026-02-16 02:19:34.187792,London-5665,50,79,Normal
2026-02-16 02:19:35.187792,London-5665,-26,53,Normal
2026-02-16 02:19:36.187792,London-5665,3,16,Normal
2026-02-16 02:19:37.187792,London-5665,49,95,Normal
2026-02-16 02:19:38.187792,London-5665,30,66,Normal
2026-02-16 02:19:39.187792,London-5665,45,69,Normal
2026-02-16 02:19:40.187792,London-5665,20,18,Normal
2026-02-16 02:19:41.187792,London-5665,-23,97,Normal
2026-02-16 02:19:42.187792,London-5665,23,39,Normal
2026-02-16 02:19:43.187792,London-5665,-15,98,Normal
2026-02-16 02:19:44.187792,London-5665,-3,92,Normal
2026-02-16 02:19:45.187792,London-5665,-7,21,Normal
2026-02-16 02:19:46.187792,London-5665,-7,76,Normal
2026-02-16 02:19:47.187792,London-5665,2,63,Normal
2026-02-16 02:19:48.187792,London-5665,9,17,Normal
2026-02-16 02:19:49.187792,London-5665,-18,65,Normal
2026-02-16 02:19:50.187792,London-5665,10,8,Normal
2026-02-16 02:19:51.187792,London-5665,40,2,Normal
2026-02-16 02:19:52.187792,London-5665,-17,12,Normal
2026-02-16 02:19:53.187792,London-5665,-13,83,Normal
2026-02-16 02:19:54.187792,London-5665,30,60,Normal
2026-02-16 02:19:55.187792,London-5665,-1,22,Normal
2026-02-16 02:19:56.187792,London-5665,6,88,Normal
2026-02-16 02:19:57.187792,London-5665,-19,47,Normal
2026-02-16 02:19:58.187792,London-5665,-6,66,Normal
2026-02-16 02:19:59.187792,London-5665,-11,61,Normal
2026-02-16 02:20:00.187792,London-5665,36,11,Normal
2026-02-16 02:20:01.187792,London-5665,33,8,Normal
2026-02-16 02:20:02.187792,London-5665,29,91,Normal
2026-02-16 02:20:03.187792,London-5665,-28,80,Normal
2026-02-16 02:20:04.187792,London-5665,12,54,Normal
2026-02-16 02:20:05.187792,London-5665,42,65,Normal
2026-02-16 02:20:06.187792,London-5665,31,82,Normal
2026-02-16 02:20:07.187792,London-5665,8,99,Normal
2026-02-16 02:20:08.187792,London-5665,14,44,Normal
2026-02-16 02:20:09.187792,London-5665,-26,24,Normal
2026-02-16 02:20:10.187792,London-5665,-20,64,Normal
2026-02-16 02:20:11.187792,London-5665,11,20,Normal
2026-02-16 02:20:12.187792,London-5665,5,74,Normal
2026-02-16 02:20:13.187792,London-5665,44,94,Normal
2026-02-16 02:20:14.187792,London-5665,29,40,Normal
2026-02-16 02:20:15.187792,London-5665,15,56,Normal
2026-02-16 02:20:16.187792,London-5665,4,32,Normal
2026-02-16 02:20:17.187792,London-5665,16,79,Normal
2026-02-16 02:20:18.187792,London-5665,-22,44,Normal
2026-02-16 02:20:19.187792,London-5665,-18,34,Normal
2026-02-16 02:20:20.187792,London-5665,-17,39,Normal
2026-02-16 02:20:21.187792,London-5665,35,4,Normal
2026-02-16 02:20:22.187792,London-5665,15,77,Normal
2026-02-16 02:20:23.187792,London-5665,-26,1,Normal
2026-02-16 02:20:24.187792,London-5665,-13,59,Normal
2026-02-16 02:20:25.187792,London-5665,33,74,Normal
2026-02-16 02:20:26.187792,London-5665,1,12,Normal
2026-02-16 02:20:27.187792,London-5665,19,60,Normal
2026-02-16 02:20:28.187792,London-5665,-18,77,Normal
2026-02-16 02:20:29.187792,London-5665,-7,82,Normal
2026-02-16 02:20:30.187792,London-5665,15,16,Normal
2026-02-16 02:20:31.187792,London-5665,-9,33,Normal
2026-02-16 02:20:32.187792,London-5665,5,69,Normal
2026-02-16 02:20:33.187792,London-5665,-1,61,Normal
2026-02-16 02:20:34.187792,London-5665,-18,76,Normal
2026-02-16 02:20:35.187792,London-5665,24,3,Normal
2026-02-16 02:20:36.187792,London-5665,-1,90,Normal
2026-02-16 02:20:37.187792,London-5665,28,6,Normal
2026-02-16 02:20:38.187792,London-5665,22,60,Normal
2026-02-16 02:20:39.187792,London-5665,41,72,Normal
2026-02-16 02:20:40.187792,London-5665,34,62,Normal
2026-02-16 02:20:41.187792,London-5665,-29,76,Normal
2026-02-16 02:20:42.187792,London-5665,-3,73,Normal
2026-02-16 02:20:43.187792,London-5665,-23,26,Normal
2026-02-16 02:20:44.187792,London-5665,29,1,Normal
2026-02-16 02:20:45.187792,London-5665,43,82,Normal
2026-02-16 02:20:46.187792,London-5665,21,32,Normal
2026-02-16 02:20:47.187792,London-5665,-25,48,Normal
2026-02-16 02:20:48.187792,London-5665,49,8,Normal
2026-02-16 02:20:49.187792,London-5665,-1,31,Normal
2026-02-16 02:20:50.187792,London-5665,17,81,Normal
2026-02-16 02:20:51.187792,London-5665,2,59,Normal
2026-02-16 02:20:52.187792,London-5665,-24,99,Normal
2026-02-16 02:20:53.187792,London-5665,0,88,Normal
2026-02-16 02:20:54.187792,London-5665,47,31,Normal
2026-02-16 02:20:55.187792,London-5665,-2,66,Normal
2026-02-16 02:20:56.187792,London-5665,3,9,Normal
2026-02-16 02:20:57.187792,London-5665,-12,56,Normal
2026-02-16 02:20:58.187792,London-5665,5,79,Normal
2026-02-16 02:20:59.187792,London-5665,20,30,Normal
2026-02-16 02:21:00.187792,London-5665,11,23,Normal
2026-02-16 02:21:01.187792,London-5665,-22,49,Normal
2026-02-16 02:21:02.187792,London-5665,14,84,Normal
2026-02-16 02:21:03.187792,London-5665,-5,3,Normal
2026-02-16 02:21:04.187792,London-5665,-14,14,Normal
2026-02-16 02:21:05.187792,London-5665,47,21,Normal
2026-02-16 02:21:06.187792,London-5665,-13,47,Normal
2026-02-16 02:21:07.187792,London-5665,-28,54,Normal
2026-02-16 02:21:08.187792,London-5665,11,66,Normal
2026-02-16 02:21:09.187792,London-5665,-9,77,Normal
2026-02-16 02:21:10.187792,London-5665,46,42,Normal
2026-02-16 02:21:11.187792,London-5665,27,70,Normal
2026-02-16 02:21:12.187792,London-5665,-6,51,Normal
2026-02-16 02:21:13.187792,London-5665,18,2,Normal
2026-02-16 02:21:14.187792,London-5665,-21,0,Normal
2026-02-16 02:21:15.187792,London-5665,47,23,Normal
2026-02-16 02:21:16.187792,London-5665,-27,71,Normal
2026-02-16 02:21:17.187792,London-5665,20,1,Normal
2026-02-16 02:21:18.187792,London-5665,26,62,Normal
2026-02-16 02:21:19.187792,London-5665,-25,16,Normal
2026-02-16 02:21:20.187792,London-5665,-29,5,Normal
2026-02-16 02:21:21.187792,London-5665,13,17,Normal
2026-02-16 02:21:22.187792,London-5665,46,28,Normal
2026-02-16 02:21:23.187792,London-5665,27,100,Normal
2026-02-16 02:21:24.187792,London-5665,11,86,Normal
2026-02-16 02:21:25.187792,London-5665,22,94,Normal
2026-02-16 02:21:26.187792,London-5665,-18,80,Normal
2026-02-16 02:21:27.187792,London-5665,-1,76,Normal
2026-02-16 02:21:28.187792,London-5665,-19,34,Normal
2026-02-16 02:21:29.187792,London-5665,-5,24,Normal
2026-02-16 02:21:30.187792,London-5665,2,30,Normal
2026-02-16 02:21:31.187792,London-5665,-22,61,Normal
2026-02-16 02:21:32.187792,London-5665,-23,61,Normal
2026-02-16 02:21:33.187792,London-5665,-17,40,Normal
2026-02-16 02:21:34.187792,London-5665,-26,31,Normal
2026-02-16 02:21:35.187792,London-5665,32,9,Normal
2026-02-16 02:21:36.187792,London-5665,-2,49,Normal
2026-02-16 02:21:37.187792,London-5665,20,84,Normal
2026-02-16 02:21:38.187792,London-5665,-11,19,Normal
2026-02-16 02:21:39.187792,London-5665,28,65,Normal
2026-02-16 02:21:40.187792,London-5665,31,23,Normal
2026-02-16 02:21:41.187792,London-5665,-15,57,Normal
2026-02-16 02:21:42.187792,London-5665,-27,0,Normal
2026-02-16 02:21:43.187792,London-5665,-24,66,Normal
2026-02-16 02:21:44.187792,London-5665,5,56,Normal
2026-02-16 02:21:45.187792,London-5665,36,62,Normal
2026-02-16 02:21:46.187792,London-5665,-1,91,Normal
2026-02-16 02:21:47.187792,London-5665,-28,94,Normal
2026-02-16 02:21:48.187792,London-5665,2,21,Normal
2026-02-16 02:21:49.187792,London-5665,9,66,Normal
2026-02-16 02:21:50.187792,London-5665,16,75,Normal
2026-02-16 02:21:51.187792,London-5665,7,37,Normal
2026-02-16 02:21:52.187792,London-5665,-7,13,Normal
2026-02-16 02:21:53.187792,London-5665,20,91,Normal
2026-02-16 02:21:54.187792,London-5665,14,40,Normal
2026-02-16 02:21:55.187792,London-5665,-10,85,Normal
2026-02-16 02:21:56.187792,London-5665,-1,33,Normal
2026-02-16 02:21:57.187792,London-5665,35,90,Normal
2026-02-16 02:21:58.187792,London-5665,7,97,Normal
2026-02-16 02:21:59.187792,London-5665,42,46,Normal
2026-02-16 02:22:00.187792,London-5665,23,99,Normal
2026-02-16 02:22:01.187792,London-5665,-18,63,Normal
2026-02-16 02:22:02.187792,London-5665,-17,84,Normal
2026-02-16 02:22:03.187792,London-5665,33,40,Normal
2026-02-16 02:22:04.187792,London-5665,36,49,Normal
2026-02-16 02:22:05.187792,London-5665,31,94,Normal
2026-02-16 02:22:06.187792,London-5665,-16,73,Normal
2026-02-16 02:22:07.187792,London-5665,37,95,Normal
2026-02-16 02:22:08.187792,London-5665,1,29,Normal
2026-02-16 02:22:09.187792,London-5665,5,0,Normal
2026-02-16 02:22:10.187792,London-5665,-10,14,Normal
2026-02-16 02:22:11.187792,London-5665,33,1,Normal
2026-02-16 02:22:12.187792,London-5665,15,6,Normal
2026-02-16 02:22:13.187792,London-5665,-29,27,Normal
2026-02-16 02:22:14.187792,London-5665,3,22,Normal
2026-02-16 02:22:15.187792,London-5665,7,70,Normal
2026-02-16 02:22:16.187792,London-5665,23,93,Normal
2026-02-16 02:22:17.187792,London-5665,43,95,Normal
2026-02-16 02:22:18.187792,London-5665,46,54,Normal
2026-02-16 02:22:19.187792,London-5665,35,29,Normal
2026-02-16 02:22:20.187792,London-5665,-3,62,Normal
2026-02-16 02:22:21.187792,London-5665,-4,35,Normal
2026-02-16 02:22:22.187792,London-5665,-17,65,Normal
2026-02-16 02:22:23.187792,London-5665,-25,92,Normal
2026-02-16 02:22:24.187792,London-5665,31,68,Normal
2026-02-16 02:22:25.187792,London-5665,19,69,Normal
2026-02-16 02:22:26.187792,London-5665,9,75,Normal
2026-02-16 02:22:27.187792,London-5665,11,37,Normal
2026-02-16 02:22:28.187792,London-5665,-17,84,Normal
2026-02-16 02:22:29.187792,London-5665,7,37,Normal
2026-02-16 02:22:30.187792,London-5665,46,22,Normal
2026-02-16 02:22:31.187792,London-5665,-20,93,Normal
2026-02-16 02:22:32.187792,London-5665,8,98,Normal
2026-02-16 02:22:33.187792,London-5665,22,97,Normal
2026-02-16 02:22:34.187792,London-5665,-6,72,Normal
2026-02-16 02:22:35.187792,London-5665,48,75,Normal
2026-02-16 02:22:36.187792,London-5665,-25,42,Normal
2026-02-16 02:22:37.187792,London-5665,40,92,Normal
2026-02-16 02:22:38.187792,London-5665,2,31,Normal
2026-02-16 02:22:39.187792,London-5665,-18,77,Normal
2026-02-16 02:22:40.187792,London-5665,-5,43,Normal
2026-02-16 02:22:41.187792,London-5665,50,8,Normal
2026-02-16 02:22:42.187792,London-5665,-2,38,Normal
2026-02-16 02:22:43.187792,London-5665,10,93,Normal
2026-02-16 02:22:44.187792,London-5665,-22,10,Normal
2026-02-16 02:22:45.187792,London-5665,-28,32,Normal
2026-02-16 02:22:46.187792,London-5665,-7,100,Normal
2026-02-16 02:22:47.187792,London-5665,-29,38,Normal
2026-02-16 02:22:48.187792,London-5665,23,34,Normal
2026-02-16 02:22:49.187792,London-5665,19,76,Normal
2026-02-16 02:22:50.187792,London-5665,-20,60,Normal
2026-02-16 02:22:51.187792,London-5665,28,0,Normal
2026-02-16 02:22:52.187792,London-5665,-5,16,Normal
2026-02-16 02:22:53.187792,London-5665,-11,63,Normal
2026-02-16 02:22:54.187792,London-5665,-30,14,Normal
2026-02-16 02:22:55.187792,London-5665,18,5,Normal
2026-02-16 02:22:56.187792,London-5665,4,0,Normal
2026-02-16 02:22:57.187792,London-5665,5,27,Normal
2026-02-16 02:22:58.187792,London-5665,38,53,Normal
2026-02-16 02:22:59.187792,London-5665,38,18,Normal
2026-02-16 02:23:00.187792,London-5665,31,48,Normal
2026-02-16 02:23:01.187792,London-5665,31,1,Normal
2026-02-16 02:23:02.187792,London-5665,11,73,Normal
2026-02-16 02:23:03.187792,London-5665,10,18,Normal
2026-02-16 02:23:04.187792,London-5665,7,64,Normal
2026-02-16 02:23:05.187792,London-5665,-2,47,Normal
2026-02-16 02:23:06.187792,London-5665,-15,83,Normal
2026-02-16 02:23:07.187792,London-5665,7,17,Normal
2026-02-16 02:23:08.187792,London-5665,46,91,Normal
2026-02-16 02:23:09.187792,London-5665,29,96,Normal
2026-02-16 02:23:10.187792,London-5665,-4,68,Normal
2026-02-16 02:23:11.187792,London-5665,41,97,Normal
2026-02-16 02:23:12.187792,London-5665,-7,68,Normal
2026-02-16 02:23:13.187792,London-5665,-16,16,Normal
2026-02-16 02:23:14.187792,London-5665,-8,18,Normal
2026-02-16 02:23:15.187792,London-5665,-11,53,Normal
2026-02-16 02:23:16.187792,London-5665,9,49,Normal
2026-02-16 02:23:17.187792,London-5665,13,26,Normal
2026-02-16 02:23:18.187792,London-5665,43,86,Normal
2026-02-16 02:23:19.187792,London-5665,12,14,Normal
2026-02-16 02:23:20.187792,London-5665,14,78,Normal
2026-02-16 02:23:21.187792,London-5665,39,98,Normal
2026-02-16 02:23:22.187792,London-5665,8,17,Normal
2026-02-16 02:23:23.187792,London-5665,27,86,Normal
2026-02-16 02:23:24.187792,London-5665,-3,95,Normal
2026-02-16 02:23:25.187792,London-5665,17,78,Normal
2026-02-16 02:23:26.187792,London-5665,29,4,Normal
2026-02-16 02:23:27.187792,London-5665,-8,55,Normal
2026-02-16 02:23:28.187792,London-5665,1,94,Normal
2026-02-16 02:23:29.187792,London-5665,-27,64,Normal
2026-02-16 02:23:30.187792,London-5665,28,19,Normal
2026-02-16 02:23:31.187792,London-5665,-18,35,Normal
2026-02-16 02:23:32.187792,London-5665,-29,23,Normal
2026-02-16 02:23:33.187792,London-5665,-30,97,Normal
2026-02-16 02:23:34.187792,London-5665,8,50,Normal
2026-02-16 02:23:35.187792,London-5665,30,15,Normal
2026-02-16 02:23:36.187792,London-5665,17,39,Normal
2026-02-16 02:23:37.187792,London-5665,3,0,Normal
2026-02-16 02:23:38.187792,London-5665,23,33,Normal
2026-02-16 02:23:39.187792,London-5665,9,21,Normal
2026-02-16 02:23:40.187792,London-5665,-22,27,Normal
2026-02-16 02:23:41.187792,London-5665,8,83,Normal
2026-02-16 02:23:42.187792,London-5665,8,41,Normal
2026-02-16 02:23:43.187792,London-5665,15,57,Normal
2026-02-16 02:23:44.187792,London-5665,-6,5,Normal
2026-02-16 02:23:45.187792,London-5665,-23,82,Normal
2026-02-16 02:23:46.187792,London-5665,27,59,Normal
2026-02-16 02:23:47.187792,London-5665,22,84,Normal
2026-02-16 02:23:48.187792,London-5665,1,70,Normal
2026-02-16 02:23:49.187792,London-5665,-21,52,Normal
2026-02-16 02:23:50.187792,London-5665,-9,73,Normal
2026-02-16 02:23:51.187792,London-5665,0,50,Normal
2026-02-16 02:23:52.187792,London-5665,-13,70,Normal
2026-02-16 02:23:53.187792,London-5665,12,26,Normal
2026-02-16 02:23:54.187792,London-5665,24,28,Normal
2026-02-16 02:23:55.187792,London-5665,7,94,Normal
2026-02-16 02:23:56.187792,London-5665,-6,4,Normal
2026-02-16 02:23:57.187792,London-5665,38,21,Normal
2026-02-16 02:23:58.187792,London-5665,-14,30,Normal
2026-02-16 02:23:59.187792,London-5665,-5,74,Normal
2026-02-16 02:24:00.187792,London-5665,-22,100,Normal
2026-02-16 02:24:01.187792,London-5665,38,66,Normal
2026-02-16 02:24:02.187792,London-5665,35,43,Normal
2026-02-16 02:24:03.187792,London-5665,44,98,Normal
2026-02-16 02:24:04.187792,London-5665,42,48,Normal
2026-02-16 02:24:05.187792,London-5665,7,7,Normal
2026-02-16 02:24:06.187792,London-5665,-18,84,Normal
2026-02-16 02:24:07.187792,London-5665,37,94,Normal
2026-02-16 02:24:08.187792,London-5665,26,96,Normal
2026-02-16 02:24:09.187792,London-5665,14,40,Normal
2026-02-16 02:24:10.187792,London-5665,11,79,Normal
2026-02-16 02:24:11.187792,London-5665,-23,47,Normal
2026-02-16 02:24:12.187792,London-5665,27,97,Normal
2026-02-16 02:24:13.187792,London-5665,-27,81,Normal
2026-02-16 02:24:14.187792,London-5665,-7,45,Normal
2026-02-16 02:24:15.187792,London-5665,2,46,Normal
2026-02-16 02:24:16.187792,London-5665,-3,88,Normal
2026-02-16 02:24:17.187792,London-5665,9,43,Normal
2026-02-16 02:24:18.187792,London-5665,-13,96,Normal
2026-02-16 02:24:19.187792,London-5665,-24,87,Normal
2026-02-16 02:24:20.187792,London-5665,39,60,Normal
2026-02-16 02:24:21.187792,London-5665,16,4,Normal
2026-02-16 02:24:22.187792,London-5665,-9,30,Normal
2026-02-16 02:24:23.187792,London-5665,34,63,Normal
2026-02-16 02:24:24.187792,London-5665,-28,72,Normal
2026-02-16 02:24:25.187792,London-5665,32,53,Normal
2026-02-16 02:24:26.187792,London-5665,-18,74,Normal
2026-02-16 02:24:27.187792,London-5665,5,49,Normal
2026-02-16 02:24:28.187792,London-5665,26,88,Normal
2026-02-16 02:24:29.187792,London-5665,-19,9,Normal
2026-02-16 02:24:30.187792,London-5665,33,7,Normal
2026-02-16 02:24:31.187792,London-5665,-27,45,Normal
2026-02-16 02:24:32.187792,London-5665,38,16,Normal
2026-02-16 02:24:33.187792,London-5665,-10,5,Normal
2026-02-16 02:24:34.187792,London-5665,-20,90,Normal
2026-02-16 02:24:35.187792,London-5665,43,88,Normal
2026-02-16 02:24:36.187792,London-5665,47,19,Normal
2026-02-16 02:24:37.187792,London-5665,-4,6,Normal
2026-02-16 02:24:38.187792,London-5665,3,48,Normal
2026-02-16 02:24:39.187792,London-5665,24,65,Normal
2026-02-16 02:24:40.187792,London-5665,-27,47,Normal
2026-02-16 02:24:41.187792,London-5665,12,90,Normal
2026-02-16 02:24:42.187792,London-5665,-18,52,Normal
2026-02-16 02:24:43.187792,London-5665,-29,10,Normal
2026-02-16 02:24:44.187792,London-5665,21,19,Normal
2026-02-16 02:24:45.187792,London-5665,4,24,Normal
2026-02-16 02:24:46.187792,London-5665,-19,55,Normal
2026-02-16 02:24:47.187792,London-5665,18,98,Normal
2026-02-16 02:24:48.187792,London-5665,26,6,Normal
2026-02-16 02:24:49.187792,London-5665,20,31,Normal
2026-02-16 02:24:50.187792,London-5665,26,23,Normal
2026-02-16 02:24:51.187792,London-5665,45,84,Normal
2026-02-16 02:24:52.187792,London-5665,12,4,Normal
2026-02-16 02:24:53.187792,London-5665,-10,8,Normal
2026-02-16 02:24:54.187792,London-5665,11,1,Normal
2026-02-16 02:24:55.187792,London-5665,18,72,Normal
2026-02-16 02:24:56.187792,London-5665,9,33,Normal
2026-02-16 02:24:57.187792,London-5665,-25,45,Normal
2026-02-16 02:24:58.187792,London-5665,38,98,Normal
2026-02-16 02:24:59.187792,London-5665,-1,8,Normal
2026-02-16 02:25:00.187792,London-5665,1,34,Normal
2026-02-16 02:25:01.187792,London-5665,9,12,Normal
2026-02-16 02:25:02.187792,London-5665,39,56,Normal
2026-02-16 02:25:03.187792,London-5665,1,51,Normal
2026-02-16 02:25:04.187792,London-5665,7,89,Normal
2026-02-16 02:25:05.187792,London-5665,-25,50,Normal
2026-02-16 02:25:06.187792,London-5665,-15,10,Normal
2026-02-16 02:25:07.187792,London-5665,-22,75,Normal
2026-02-16 02:25:08.187792,London-5665,-1,72,Normal
2026-02-16 02:25:09.187792,London-5665,-21,74,Normal
2026-02-16 02:25:10.187792,London-5665,31,52,Normal
2026-02-16 02:25:11.187792,London-5665,39,5,Normal
2026-02-16 02:25:12.187792,London-5665,31,27,Normal
2026-02-16 02:25:13.187792,London-5665,38,22,Normal
2026-02-16 02:25:14.187792,London-5665,-17,15,Normal
2026-02-16 02:25:15.187792,London-5665,49,61,Normal
2026-02-16 02:25:16.187792,London-5665,38,29,Normal
2026-02-16 02:25:17.187792,London-5665,-12,87,Normal
2026-02-16 02:25:18.187792,London-5665,-2,74,Normal
2026-02-16 02:25:19.187792,London-5665,26,78,Normal
2026-02-16 02:25:20.187792,London-5665,50,90,Normal
2026-02-16 02:25:21.187792,London-5665,-6,25,Normal
2026-02-16 02:25:22.187792,London-5665,37,19,Normal
2026-02-16 02:25:23.187792,London-5665,-7,91,Normal
2026-02-16 02:25:24.187792,London-5665,44,27,Normal
2026-02-16 02:25:25.187792,London-5665,-10,65,Normal
2026-02-16 02:25:26.187792,London-5665,-2,42,Normal
2026-02-16 02:25:27.187792,London-5665,20,48,Normal
2026-02-16 02:25:28.187792,London-5665,39,89,Normal
2026-02-16 02:25:29.187792,London-5665,-19,47,Normal
2026-02-16 02:25:30.187792,London-5665,15,13,Normal
2026-02-16 02:25:31.187792,London-5665,-4,37,Normal
2026-02-16 02:25:32.187792,London-5665,-5,65,Normal
2026-02-16 02:25:33.187792,London-5665,4,73,Normal
2026-02-16 02:25:34.187792,London-5665,28,75,Normal
2026-02-16 02:25:35.187792,London-5665,-30,15,Normal
2026-02-16 02:25:36.187792,London-5665,-12,65,Normal
2026-02-16 02:25:37.187792,London-5665,-5,28,Normal
2026-02-16 02:25:38.187792,London-5665,29,35,Normal
2026-02-16 02:25:39.187792,London-5665,33,77,Normal
2026-02-16 02:25:40.187792,London-5665,11,34,Normal
2026-02-16 02:25:41.187792,London-5665,-20,58,Normal
2026-02-16 02:25:42.187792,London-5665,22,0,Normal
2026-02-16 02:25:43.187792,London-5665,36,56,Normal
2026-02-16 02:25:44.187792,London-5665,-11,66,Normal
2026-02-16 02:25:45.187792,London-5665,-8,90,Normal
2026-02-16 02:25:46.187792,London-5665,20,54,Normal
2026-02-16 02:25:47.187792,London-5665,-29,69,Normal
2026-02-16 02:25:48.187792,London-5665,-1,2,Normal
2026-02-16 02:25:49.187792,London-5665,49,49,Normal
2026-02-16 02:25:50.187792,London-5665,8,48,Normal
2026-02-16 02:25:51.187792,London-5665,47,62,Normal
2026-02-16 02:25:52.187792,London-5665,-20,49,Normal
2026-02-16 02:25:53.187792,London-5665,12,13,Normal
2026-02-16 02:25:54.187792,London-5665,2,69,Normal
2026-02-16 02:25:55.187792,London-5665,1,65,Normal
2026-02-16 02:25:56.187792,London-5665,-12,7,Normal
2026-02-16 02:25:57.187792,London-5665,0,35,Normal
2026-02-16 02:25:58.187792,London-5665,-7,47,Normal
2026-02-16 02:25:59.187792,London-5665,-21,26,Normal
2026-02-16 02:26:00.187792,London-5665,-25,10,Normal
2026-02-16 02:26:01.187792,London-5665,-22,92,Normal
2026-02-16 02:26:02.187792,London-5665,24,19,Normal
2026-02-16 02:26:03.187792,London-5665,48,29,Normal
2026-02-16 02:26:04.187792,London-5665,29,23,Normal
2026-02-16 02:26:05.187792,London-5665,47,98,Normal
2026-02-16 02:26:06.187792,London-5665,24,72,Normal
2026-02-16 02:26:07.187792,London-5665,44,1,Normal
2026-02-16 02:26:08.187792,London-5665,9,86,Normal
2026-02-16 02:26:09.187792,London-5665,-14,45,Normal
2026-02-16 02:26:10.187792,London-5665,18,31,Normal
2026-02-16 02:26:11.187792,London-5665,-17,57,Normal
2026-02-16 02:26:12.187792,London-5665,38,6,Normal
2026-02-16 02:26:13.187792,London-5665,11,92,Normal
2026-02-16 02:26:14.187792,London-5665,10,87,Normal
2026-02-16 02:26:15.187792,London-5665,47,86,Normal
2026-02-16 02:26:16.187792,London-5665,46,0,Normal
2026-02-16 02:26:17.187792,London-5665,9,71,Normal
2026-02-16 02:26:18.187792,London-5665,-23,44,Normal
2026-02-16 02:26:19.187792,London-5665,14,55,Normal
2026-02-16 02:26:20.187792,London-5665,-20,30,Normal
2026-02-16 02:26:21.187792,London-5665,42,95,Normal
2026-02-16 02:26:22.187792,London-5665,19,35,Normal
2026-02-16 02:26:23.187792,London-5665,-3,88,Normal
2026-02-16 02:26:24.187792,London-5665,25,96,Normal
2026-02-16 02:26:25.187792,London-5665,-8,74,Normal
2026-02-16 02:26:26.187792,London-5665,23,6,Normal
2026-02-16 02:26:27.187792,London-5665,3,59,Normal
2026-02-16 02:26:28.187792,London-5665,34,92,Normal
2026-02-16 02:26:29.187792,London-5665,49,26,Normal
2026-02-16 02:26:30.187792,London-5665,19,64,Normal
2026-02-16 02:26:31.187792,London-5665,-4,55,Normal
2026-02-16 02:26:32.187792,London-5665,-18,29,Normal
2026-02-16 02:26:33.187792,London-5665,40,77,Normal
2026-02-16 02:26:34.187792,London-5665,11,44,Normal
2026-02-16 02:26:35.187792,London-5665,-1,61,Normal
2026-02-16 02:26:36.187792,London-5665,-1,58,Normal
2026-02-16 02:26:37.187792,London-5665,1,38,Normal
2026-02-16 02:26:38.187792,London-5665,-12,96,Normal
2026-02-16 02:26:39.187792,London-5665,-8,19,Normal
2026-02-16 02:26:40.187792,London-5665,47,53,Normal
2026-02-16 02:26:41.187792,London-5665,21,67,Normal
2026-02-16 02:26:42.187792,London-5665,23,77,Normal
2026-02-16 02:26:43.187792,London-5665,43,94,Normal
2026-02-16 02:26:44.187792,London-5665,-3,92,Normal
2026-02-16 02:26:45.187792,London-5665,-25,87,Normal
2026-02-16 02:26:46.187792,London-5665,-19,7,Normal
2026-02-16 02:26:47.187792,London-5665,41,58,Normal
2026-02-16 02:26:48.187792,London-5665,48,49,Normal
2026-02-16 02:26:49.187792,London-5665,8,96,Normal
2026-02-16 02:26:50.187792,London-5665,8,43,Normal
2026-02-16 02:26:51.187792,London-5665,-10,29,Normal
2026-02-16 02:26:52.187792,London-5665,-2,59,Normal
2026-02-16 02:26:53.187792,London-5665,-26,36,Normal
2026-02-16 02:26:54.187792,London-5665,35,99,Normal
2026-02-16 02:26:55.187792,London-5665,25,74,Normal
2026-02-16 02:26:56.187792,London-5665,47,72,Normal
2026-02-16 02:26:57.187792,London-5665,-29,24,Normal
2026-02-16 02:26:58.187792,London-5665,41,47,Normal
2026-02-16 02:26:59.187792,London-5665,38,12,Normal
2026-02-16 02:27:00.187792,London-5665,-16,4,Normal
2026-02-16 02:27:01.187792,London-5665,42,83,Normal
2026-02-16 02:27:02.187792,London-5665,-21,93,Normal
2026-02-16 02:27:03.187792,London-5665,-28,8,Normal
2026-02-16 02:27:04.187792,London-5665,47,78,Normal
2026-02-16 02:27:05.187792,London-5665,-28,98,Normal
2026-02-16 02:27:06.187792,London-5665,-2,30,Normal
2026-02-16 02:27:07.187792,London-5665,-27,95,Normal
2026-02-16 02:27:08.187792,London-5665,-19,68,Normal
2026-02-16 02:27:09.187792,London-5665,-22,15,Normal
2026-02-16 02:27:10.187792,London-5665,0,49,Normal
2026-02-16 02:27:11.187792,London-5665,-20,41,Normal
2026-02-16 02:27:12.187792,London-5665,11,95,Normal
2026-02-16 02:27:13.187792,London-5665,45,46,Normal
2026-02-16 02:27:14.187792,London-5665,36,77,Normal
2026-02-16 02:27:15.187792,London-5665,23,3,Normal
2026-02-16 02:27:16.187792,London-5665,1,67,Normal
2026-02-16 02:27:17.187792,London-5665,14,95,Normal
2026-02-16 02:27:18.187792,London-5665,-27,72,Normal
2026-02-16 02:27:19.187792,London-5665,-2,48,Normal
2026-02-16 02:27:20.187792,London-5665,5,74,Normal
2026-02-16 02:27:21.187792,London-5665,-5,94,Normal
2026-02-16 02:27:22.187792,London-5665,-8,42,Normal
2026-02-16 02:27:23.187792,London-5665,7,1,Normal
2026-02-16 02:27:24.187792,London-5665,0,97,Normal
2026-02-16 02:27:25.187792,London-5665,44,95,Normal
2026-02-16 02:27:26.187792,London-5665,27,42,Normal
2026-02-16 02:27:27.187792,London-5665,6,87,Normal
2026-02-16 02:27:28.187792,London-5665,20,50,Normal
2026-02-16 02:27:29.187792,London-5665,0,59,Normal
2026-02-16 02:27:30.187792,London-5665,41,39,Normal
2026-02-16 02:27:31.187792,London-5665,-12,70,Normal
2026-02-16 02:27:32.187792,London-5665,-25,27,Normal
2026-02-16 02:27:33.187792,London-5665,10,33,Normal
2026-02-16 02:27:34.187792,London-5665,26,25,Normal
2026-02-16 02:27:35.187792,London-5665,49,35,Normal
2026-02-16 02:27:36.187792,London-5665,-25,68,Normal
2026-02-16 02:27:37.187792,London-5665,22,21,Normal
2026-02-16 02:27:38.187792,London-5665,27,67,Normal
2026-02-16 02:27:39.187792,London-5665,32,40,Normal
2026-02-16 02:27:40.187792,London-5665,-24,51,Normal
2026-02-16 02:27:41.187792,London-5665,33,22,Normal
2026-02-16 02:27:42.187792,London-5665,35,64,Normal
2026-02-16 02:27:43.187792,London-5665,-5,79,Normal
2026-02-16 02:27:44.187792,London-5665,27,39,Normal
2026-02-16 02:27:45.187792,London-5665,27,72,Normal
2026-02-16 02:27:46.187792,London-5665,14,18,Normal
2026-02-16 02:27:47.187792,London-5665,15,23,Normal
2026-02-16 02:27:48.187792,London-5665,2,51,Normal
2026-02-16 02:27:49.187792,London-5665,33,76,Normal
2026-02-16 02:27:50.187792,London-5665,-4,76,Normal
2026-02-16 02:27:51.187792,London-5665,-9,98,Normal
2026-02-16 02:27:52.187792,London-5665,-4,94,Normal
2026-02-16 02:27:53.187792,London-5665,3,99,Normal
2026-02-16 02:27:54.187792,London-5665,-5,44,Normal
2026-02-16 02:27:55.187792,London-5665,-11,53,Normal
2026-02-16 02:27:56.187792,London-5665,33,65,Normal
2026-02-16 02:27:57.187792,London-5665,37,86,Normal
2026-02-16 02:27:58.187792,London-5665,26,49,Normal
2026-02-16 02:27:59.187792,London-5665,14,62,Normal
2026-02-16 02:28:00.187792,London-5665,40,19,Normal
2026-02-16 02:28:01.187792,London-5665,41,76,Normal
2026-02-16 02:28:02.187792,London-5665,16,59,Normal
2026-02-16 02:28:03.187792,London-5665,-6,77,Normal
2026-02-16 02:28:04.187792,London-5665,-22,73,Normal
2026-02-16 02:28:05.187792,London-5665,2,49,Normal
2026-02-16 02:28:06.187792,London-5665,44,0,Normal
2026-02-16 02:28:07.187792,London-5665,27,52,Normal
2026-02-16 02:28:08.187792,London-5665,-4,63,Normal
2026-02-16 02:28:09.187792,London-5665,-4,6,Normal
2026-02-16 02:28:10.187792,London-5665,5,19,Normal
2026-02-16 02:28:11.187792,London-5665,-9,24,Normal
2026-02-16 02:28:12.187792,London-5665,-19,38,Normal
2026-02-16 02:28:13.187792,London-5665,41,67,Normal
2026-02-16 02:28:14.187792,London-5665,36,85,Normal
2026-02-16 02:28:15.187792,London-5665,-1,34,Normal
2026-02-16 02:28:16.187792,London-5665,21,53,Normal
2026-02-16 02:28:17.187792,London-5665,39,63,Normal
2026-02-16 02:28:18.187792,London-5665,27,93,Normal
2026-02-16 02:28:19.187792,London-5665,36,27,Normal
2026-02-16 02:28:20.187792,London-5665,36,60,Normal
2026-02-16 02:28:21.187792,London-5665,25,63,Normal
2026-02-16 02:28:22.187792,London-5665,26,74,Normal
2026-02-16 02:28:23.187792,London-5665,29,88,Normal
2026-02-16 02:28:24.187792,London-5665,21,39,Normal
2026-02-16 02:28:25.187792,London-5665,31,47,Normal
2026-02-16 02:28:26.187792,London-5665,-21,88,Normal
2026-02-16 02:28:27.187792,London-5665,-29,94,Normal
2026-02-16 02:28:28.187792,London-5665,-17,28,Normal
2026-02-16 02:28:29.187792,London-5665,50,33,Normal
2026-02-16 02:28:30.187792,London-5665,-27,92,Normal
2026-02-16 02:28:31.187792,London-5665,-22,90,Normal
2026-02-16 02:28:32.187792,London-5665,30,31,Normal
2026-02-16 02:28:33.187792,London-5665,-23,96,Normal
2026-02-16 02:28:34.187792,London-5665,33,58,Normal
2026-02-16 02:28:35.187792,London-5665,6,18,Normal
2026-02-16 02:28:36.187792,London-5665,47,37,Normal
2026-02-16 02:28:37.187792,London-5665,14,59,Normal
2026-02-16 02:28:38.187792,London-5665,19,50,Normal
2026-02-16 02:28:39.187792,London-5665,32,27,Normal
2026-02-16 02:28:40.187792,London-5665,-24,15,Normal
2026-02-16 02:28:41.187792,London-5665,-5,29,Normal
2026-02-16 02:28:42.187792,London-5665,-12,92,Normal
2026-02-16 02:28:43.187792,London-5665,21,18,Normal
2026-02-16 02:28:44.187792,London-5665,-25,0,Normal
2026-02-16 02:28:45.187792,London-5665,45,94,Normal
2026-02-16 02:28:46.187792,London-5665,45,41,Normal
2026-02-16 02:28:47.187792,London-5665,2,86,Normal
2026-02-16 02:28:48.187792,London-5665,32,7,Normal
2026-02-16 02:28:49.187792,London-5665,47,62,Normal
2026-02-16 02:28:50.187792,London-5665,20,23,Normal
2026-02-16 02:28:51.187792,London-5665,-9,32,Normal
2026-02-16 02:28:52.187792,London-5665,0,56,Normal
2026-02-16 02:28:53.187792,London-5665,24,59,Normal
2026-02-16 02:28:54.187792,London-5665,32,19,Normal
2026-02-16 02:28:55.187792,London-5665,13,20,Normal
2026-02-16 02:28:56.187792,London-5665,17,21,Normal
2026-02-16 02:28:57.187792,London-5665,34,88,Normal
2026-02-16 02:28:58.187792,London-5665,-7,30,Normal
2026-02-16 02:28:59.187792,London-5665,39,95,Normal
2026-02-16 02:29:00.187792,London-5665,-28,68,Normal
2026-02-16 02:29:01.187792,London-5665,34,8,Normal
2026-02-16 02:29:02.187792,London-5665,25,21,Normal
2026-02-16 02:29:03.187792,London-5665,19,66,Normal
2026-02-16 02:29:04.187792,London-5665,22,38,Normal
2026-02-16 02:29:05.187792,London-5665,10,44,Normal
2026-02-16 02:29:06.187792,London-5665,28,49,Normal
2026-02-16 02:29:07.187792,London-5665,-28,25,Normal
2026-02-16 02:29:08.187792,London-5665,-16,41,Normal
2026-02-16 02:29:09.187792,London-5665,8,62,Normal
2026-02-16 02:29:10.187792,London-5665,32,2,Normal
2026-02-16 02:29:11.187792,London-5665,-14,43,Normal
2026-02-16 02:29:12.187792,London-5665,50,30,Normal
2026-02-16 02:29:13.187792,London-5665,-18,79,Normal
2026-02-16 02:29:14.187792,London-5665,48,0,Normal
2026-02-16 02:29:15.187792,London-5665,-21,81,Normal
2026-02-16 02:29:16.187792,London-5665,10,8,Normal
2026-02-16 02:29:17.187792,London-5665,1,50,Normal
2026-02-16 02:29:18.187792,London-5665,36,100,Normal
2026-02-16 02:29:19.187792,London-5665,-21,60,Normal
2026-02-16 02:29:20.187792,London-5665,20,42,Normal
2026-02-16 02:29:21.187792,London-5665,10,7,Normal
2026-02-16 02:29:22.187792,London-5665,-14,58,Normal
2026-02-16 02:29:23.187792,London-5665,32,67,Normal
2026-02-16 02:29:24.187792,London-5665,36,29,Normal
2026-02-16 02:29:25.187792,London-5665,28,2,Normal
