timestamp,station_id,temp,humid,condition
2026-02-08 14:05:35.817999,Seoul-a487,-8,80,Normal
2026-02-08 14:05:36.817999,Seoul-a487,-5,18,Normal
2026-02-08 14:05:37.817999,Seoul-a487,-14,57,Normal
2026-02-08 14:05:38.817999,Seoul-a487,39,61,Normal
2026-02-08 14:05:39.817999,Seoul-a487,7,100,Normal
2026-02-08 14:05:40.817999,Seoul-a487,20,1,Normal
2026-02-08 14:05:41.817999,Seoul-a487,21,0,Normal
2026-02-08 14:05:42.817999,Seoul-a487,49,95,Normal
2026-02-08 14:05:43.817999,Seoul-a487,-23,72,Normal
2026-02-08 14:05:44.817999,Seoul-a487,-24,41,Normal
2026-02-08 14:05:45.817999,Seoul-a487,4,51,Normal
2026-02-08 14:05:46.817999,Seoul-a487,-24,19,Normal
2026-02-08 14:05:47.817999,Seoul-a487,9,16,Normal
2026-02-08 14:05:48.817999,Seoul-a487,48,6,Normal
2026-02-08 14:05:49.817999,Seoul-a487,16,77,Normal
2026-02-08 14:05:50.817999,Seoul-a487,40,15,Normal
2026-02-08 14:05:51.817999,Seoul-a487,-30,33,Normal
2026-02-08 14:05:52.817999,Seoul-a487,40,4,Normal
2026-02-08 14:05:53.817999,Seoul-a487,-22,36,Normal
2026-02-08 14:05:54.817999,Seoul-a487,-23,47,Normal
2026-02-08 14:05:55.817999,Seoul-a487,-6,58,Normal
2026-02-08 14:05:56.817999,Seoul-a487,8,80,Normal
2026-02-08 14:05:57.817999,Seoul-a487,8,41,Normal
2026-02-08 14:05:58.817999,Seoul-a487,-3,20,Normal
2026-02-08 14:05:59.817999,Seoul-a487,14,79,Normal
2026-02-08 14:06:00.817999,Seoul-a487,-15,44,Normal
2026-02-08 14:06:01.817999,Seoul-a487,-20,6,Normal
2026-02-08 14:06:02.817999,Seoul-a487,46,11,Normal
2026-02-08 14:06:03.817999,Seoul-a487,19,88,Normal
2026-02-08 14:06:04.817999,Seoul-a487,-25,26,Normal
2026-02-08 14:06:05.817999,Seoul-a487,0,32,Normal
2026-02-08 14:06:06.817999,Seoul-a487,35,57,Normal
2026-02-08 14:06:07.817999,Seoul-a487,-19,12,Normal
2026-02-08 14:06:08.817999,Seoul-a487,-19,77,Normal
2026-02-08 14:06:09.817999,Seoul-a487,34,62,Normal
2026-02-08 14:06:10.817999,Seoul-a487,48,0,Normal
2026-02-08 14:06:11.817999,Seoul-a487,-24,93,Normal
2026-02-08 14:06:12.817999,Seoul-a487,-21,62,Normal
2026-02-08 14:06:13.817999,Seoul-a487,-4,68,Normal
2026-02-08 14:06:14.817999,Seoul-a487,9,73,Normal
2026-02-08 14:06:15.817999,Seoul-a487,16,96,Normal
2026-02-08 14:06:16.817999,Seoul-a487,-19,36,Normal
2026-02-08 14:06:17.817999,Seoul-a487,3,98,Normal
2026-02-08 14:06:18.817999,Seoul-a487,-8,29,Normal
2026-02-08 14:06:19.817999,Seoul-a487,8,38,Normal
2026-02-08 14:06:20.817999,Seoul-a487,-22,61,Normal
2026-02-08 14:06:21.817999,Seoul-a487,10,80,Normal
2026-02-08 14:06:22.817999,Seoul-a487,-27,35,Normal
2026-02-08 14:06:23.817999,Seoul-a487,45,45,Normal
2026-02-08 14:06:24.817999,Seoul-a487,-20,7,Normal
2026-02-08 14:06:25.817999,Seoul-a487,-6,39,Normal
2026-02-08 14:06:26.817999,Seoul-a487,36,0,Normal
2026-02-08 14:06:27.817999,Seoul-a487,24,46,Normal
2026-02-08 14:06:28.817999,Seoul-a487,9,19,Normal
2026-02-08 14:06:29.817999,Seoul-a487,15,1,Normal
2026-02-08 14:06:30.817999,Seoul-a487,-30,75,Normal
2026-02-08 14:06:31.817999,Seoul-a487,24,18,Normal
2026-02-08 14:06:32.817999,Seoul-a487,9,62,Normal
2026-02-08 14:06:33.817999,Seoul-a487,50,85,Normal
2026-02-08 14:06:34.817999,Seoul-a487,44,81,Normal
2026-02-08 14:06:35.817999,Seoul-a487,22,59,Normal
2026-02-08 14:06:36.817999,Seoul-a487,-13,60,Normal
2026-02-08 14:06:37.817999,Seoul-a487,4,58,Normal
2026-02-08 14:06:38.817999,Seoul-a487,6,9,Normal
2026-02-08 14:06:39.817999,Seoul-a487,48,4,Normal
2026-02-08 14:06:40.817999,Seoul-a487,-9,31,Normal
2026-02-08 14:06:41.817999,Seoul-a487,40,73,Normal
2026-02-08 14:06:42.817999,Seoul-a487,-19,91,Normal
2026-02-08 14:06:43.817999,Seoul-a487,-20,50,Normal
2026-02-08 14:06:44.817999,Seoul-a487,6,55,Normal
2026-02-08 14:06:45.817999,Seoul-a487,-19,78,Normal
2026-02-08 14:06:46.817999,Seoul-a487,13,70,Normal
2026-02-08 14:06:47.817999,Seoul-a487,-12,71,Normal
2026-02-08 14:06:48.817999,Seoul-a487,11,95,Normal
2026-02-08 14:06:49.817999,Seoul-a487,-22,42,Normal
2026-02-08 14:06:50.817999,Seoul-a487,8,86,Normal
2026-02-08 14:06:51.817999,Seoul-a487,-5,33,Normal
2026-02-08 14:06:52.817999,Seoul-a487,-8,23,Normal
2026-02-08 14:06:53.817999,Seoul-a487,28,68,Normal
2026-02-08 14:06:54.817999,Seoul-a487,36,97,Normal
2026-02-08 14:06:55.817999,Seoul-a487,32,73,Normal
2026-02-08 14:06:56.817999,Seoul-a487,-28,53,Normal
2026-02-08 14:06:57.817999,Seoul-a487,31,85,Normal
2026-02-08 14:06:58.817999,Seoul-a487,22,56,Normal
2026-02-08 14:06:59.817999,Seoul-a487,-11,58,Normal
2026-02-08 14:07:00.817999,Seoul-a487,48,27,Normal
2026-02-08 14:07:01.817999,Seoul-a487,4,3,Normal
2026-02-08 14:07:02.817999,Seoul-a487,38,75,Normal
2026-02-08 14:07:03.817999,Seoul-a487,35,71,Normal
2026-02-08 14:07:04.817999,Seoul-a487,-8,8,Normal
2026-02-08 14:07:05.817999,Seoul-a487,22,59,Normal
2026-02-08 14:07:06.817999,Seoul-a487,25,60,Normal
2026-02-08 14:07:07.817999,Seoul-a487,27,11,Normal
2026-02-08 14:07:08.817999,Seoul-a487,29,81,Normal
2026-02-08 14:07:09.817999,Seoul-a487,-28,3,Normal
2026-02-08 14:07:10.817999,Seoul-a487,-8,82,Normal
2026-02-08 14:07:11.817999,Seoul-a487,-20,15,Normal
2026-02-08 14:07:12.817999,Seoul-a487,39,70,Normal
2026-02-08 14:07:13.817999,Seoul-a487,34,3,Normal
2026-02-08 14:07:14.817999,Seoul-a487,28,20,Normal
2026-02-08 14:07:15.817999,Seoul-a487,-25,71,Normal
2026-02-08 14:07:16.817999,Seoul-a487,-8,10,Normal
2026-02-08 14:07:17.817999,Seoul-a487,2,86,Normal
2026-02-08 14:07:18.817999,Seoul-a487,19,60,Normal
2026-02-08 14:07:19.817999,Seoul-a487,-11,86,Normal
2026-02-08 14:07:20.817999,Seoul-a487,48,53,Normal
2026-02-08 14:07:21.817999,Seoul-a487,45,11,Normal
2026-02-08 14:07:22.817999,Seoul-a487,-17,75,Normal
2026-02-08 14:07:23.817999,Seoul-a487,8,62,Normal
2026-02-08 14:07:24.817999,Seoul-a487,-29,71,Normal
2026-02-08 14:07:25.817999,Seoul-a487,33,91,Normal
2026-02-08 14:07:26.817999,Seoul-a487,-11,35,Normal
2026-02-08 14:07:27.817999,Seoul-a487,37,61,Normal
2026-02-08 14:07:28.817999,Seoul-a487,33,14,Normal
2026-02-08 14:07:29.817999,Seoul-a487,13,37,Normal
2026-02-08 14:07:30.817999,Seoul-a487,17,43,Normal
2026-02-08 14:07:31.817999,Seoul-a487,11,16,Normal
2026-02-08 14:07:32.817999,Seoul-a487,11,34,Normal
2026-02-08 14:07:33.817999,Seoul-a487,15,88,Normal
2026-02-08 14:07:34.817999,Seoul-a487,30,51,Normal
2026-02-08 14:07:35.817999,Seoul-a487,-8,47,Normal
2026-02-08 14:07:36.817999,Seoul-a487,36,94,Normal
2026-02-08 14:07:37.817999,Seoul-a487,44,86,Normal
2026-02-08 14:07:38.817999,Seoul-a487,-15,93,Normal
2026-02-08 14:07:39.817999,Seoul-a487,50,5,Normal
2026-02-08 14:07:40.817999,Seoul-a487,-18,92,Normal
2026-02-08 14:07:41.817999,Seoul-a487,-10,26,Normal
2026-02-08 14:07:42.817999,Seoul-a487,-26,14,Normal
2026-02-08 14:07:43.817999,Seoul-a487,27,65,Normal
2026-02-08 14:07:44.817999,Seoul-a487,21,99,Normal
2026-02-08 14:07:45.817999,Seoul-a487,26,0,Normal
2026-02-08 14:07:46.817999,Seoul-a487,-25,77,Normal
2026-02-08 14:07:47.817999,Seoul-a487,1,35,Normal
2026-02-08 14:07:48.817999,Seoul-a487,-28,16,Normal
2026-02-08 14:07:49.817999,Seoul-a487,0,40,Normal
2026-02-08 14:07:50.817999,Seoul-a487,18,80,Normal
2026-02-08 14:07:51.817999,Seoul-a487,-16,63,Normal
2026-02-08 14:07:52.817999,Seoul-a487,-30,57,Normal
2026-02-08 14:07:53.817999,Seoul-a487,41,43,Normal
2026-02-08 14:07:54.817999,Seoul-a487,40,94,Normal
2026-02-08 14:07:55.817999,Seoul-a487,-27,11,Normal
2026-02-08 14:07:56.817999,Seoul-a487,-27,89,Normal
2026-02-08 14:07:57.817999,Seoul-a487,-13,57,Normal
2026-02-08 14:07:58.817999,Seoul-a487,-10,32,Normal
2026-02-08 14:07:59.817999,Seoul-a487,-28,65,Normal
2026-02-08 14:08:00.817999,Seoul-a487,-10,60,Normal
2026-02-08 14:08:01.817999,Seoul-a487,43,83,Normal
2026-02-08 14:08:02.817999,Seoul-a487,-18,16,Normal
2026-02-08 14:08:03.817999,Seoul-a487,-24,50,Normal
2026-02-08 14:08:04.817999,Seoul-a487,0,39,Normal
2026-02-08 14:08:05.817999,Seoul-a487,1,37,Normal
2026-02-08 14:08:06.817999,Seoul-a487,44,4,Normal
2026-02-08 14:08:07.817999,Seoul-a487,26,55,Normal
2026-02-08 14:08:08.817999,Seoul-a487,5,32,Normal
2026-02-08 14:08:09.817999,Seoul-a487,9,94,Normal
2026-02-08 14:08:10.817999,Seoul-a487,31,14,Normal
2026-02-08 14:08:11.817999,Seoul-a487,-18,56,Normal
2026-02-08 14:08:12.817999,Seoul-a487,19,99,Normal
2026-02-08 14:08:13.817999,Seoul-a487,-9,99,Normal
2026-02-08 14:08:14.817999,Seoul-a487,15,19,Normal
2026-02-08 14:08:15.817999,Seoul-a487,-25,44,Normal
2026-02-08 14:08:16.817999,Seoul-a487,20,40,Normal
2026-02-08 14:08:17.817999,Seoul-a487,37,18,Normal
2026-02-08 14:08:18.817999,Seoul-a487,38,32,Normal
2026-02-08 14:08:19.817999,Seoul-a487,-28,95,Normal
2026-02-08 14:08:20.817999,Seoul-a487,26,2,Normal
2026-02-08 14:08:21.817999,Seoul-a487,-27,32,Normal
2026-02-08 14:08:22.817999,Seoul-a487,-25,38,Normal
2026-02-08 14:08:23.817999,Seoul-a487,2,31,Normal
2026-02-08 14:08:24.817999,Seoul-a487,-11,21,Normal
2026-02-08 14:08:25.817999,Seoul-a487,31,43,Normal
2026-02-08 14:08:26.817999,Seoul-a487,5,24,Normal
2026-02-08 14:08:27.817999,Seoul-a487,-20,42,Normal
2026-02-08 14:08:28.817999,Seoul-a487,40,85,Normal
2026-02-08 14:08:29.817999,Seoul-a487,-29,91,Normal
2026-02-08 14:08:30.817999,Seoul-a487,16,17,Normal
2026-02-08 14:08:31.817999,Seoul-a487,2,65,Normal
2026-02-08 14:08:32.817999,Seoul-a487,-14,37,Normal
2026-02-08 14:08:33.817999,Seoul-a487,42,83,Normal
2026-02-08 14:08:34.817999,Seoul-a487,10,67,Normal
2026-02-08 14:08:35.817999,Seoul-a487,47,97,Normal
2026-02-08 14:08:36.817999,Seoul-a487,33,22,Normal
2026-02-08 14:08:37.817999,Seoul-a487,-4,12,Normal
2026-02-08 14:08:38.817999,Seoul-a487,-25,77,Normal
2026-02-08 14:08:39.817999,Seoul-a487,-16,62,Normal
2026-02-08 14:08:40.817999,Seoul-a487,-28,42,Normal
2026-02-08 14:08:41.817999,Seoul-a487,-21,7,Normal
2026-02-08 14:08:42.817999,Seoul-a487,-15,8,Normal
2026-02-08 14:08:43.817999,Seoul-a487,21,83,Normal
2026-02-08 14:08:44.817999,Seoul-a487,49,12,Normal
2026-02-08 14:08:45.817999,Seoul-a487,-24,83,Normal
2026-02-08 14:08:46.817999,Seoul-a487,16,64,Normal
2026-02-08 14:08:47.817999,Seoul-a487,15,9,Normal
2026-02-08 14:08:48.817999,Seoul-a487,-19,58,Normal
2026-02-08 14:08:49.817999,Seoul-a487,39,25,Normal
2026-02-08 14:08:50.817999,Seoul-a487,19,62,Normal
2026-02-08 14:08:51.817999,Seoul-a487,1,100,Normal
2026-02-08 14:08:52.817999,Seoul-a487,36,17,Normal
2026-02-08 14:08:53.817999,Seoul-a487,3,32,Normal
2026-02-08 14:08:54.817999,Seoul-a487,-21,51,Normal
2026-02-08 14:08:55.817999,Seoul-a487,-22,95,Normal
2026-02-08 14:08:56.817999,Seoul-a487,-9,91,Normal
2026-02-08 14:08:57.817999,Seoul-a487,35,34,Normal
2026-02-08 14:08:58.817999,Seoul-a487,-25,0,Normal
2026-02-08 14:08:59.817999,Seoul-a487,38,55,Normal
2026-02-08 14:09:00.817999,Seoul-a487,13,14,Normal
2026-02-08 14:09:01.817999,Seoul-a487,33,19,Normal
2026-02-08 14:09:02.817999,Seoul-a487,42,61,Normal
2026-02-08 14:09:03.817999,Seoul-a487,42,94,Normal
2026-02-08 14:09:04.817999,Seoul-a487,46,96,Normal
2026-02-08 14:09:05.817999,Seoul-a487,27,84,Normal
2026-02-08 14:09:06.817999,Seoul-a487,8,34,Normal
2026-02-08 14:09:07.817999,Seoul-a487,-23,92,Normal
2026-02-08 14:09:08.817999,Seoul-a487,-22,4,Normal
2026-02-08 14:09:09.817999,Seoul-a487,38,25,Normal
2026-02-08 14:09:10.817999,Seoul-a487,23,30,Normal
2026-02-08 14:09:11.817999,Seoul-a487,35,85,Normal
2026-02-08 14:09:12.817999,Seoul-a487,-23,67,Normal
2026-02-08 14:09:13.817999,Seoul-a487,4,2,Normal
2026-02-08 14:09:14.817999,Seoul-a487,37,13,Normal
2026-02-08 14:09:15.817999,Seoul-a487,7,49,Normal
2026-02-08 14:09:16.817999,Seoul-a487,-30,85,Normal
2026-02-08 14:09:17.817999,Seoul-a487,-10,9,Normal
2026-02-08 14:09:18.817999,Seoul-a487,-14,24,Normal
2026-02-08 14:09:19.817999,Seoul-a487,17,97,Normal
2026-02-08 14:09:20.817999,Seoul-a487,1,84,Normal
2026-02-08 14:09:21.817999,Seoul-a487,-6,27,Normal
2026-02-08 14:09:22.817999,Seoul-a487,50,58,Normal
2026-02-08 14:09:23.817999,Seoul-a487,-9,91,Normal
2026-02-08 14:09:24.817999,Seoul-a487,7,78,Normal
2026-02-08 14:09:25.817999,Seoul-a487,47,64,Normal
2026-02-08 14:09:26.817999,Seoul-a487,32,39,Normal
2026-02-08 14:09:27.817999,Seoul-a487,-29,2,Normal
2026-02-08 14:09:28.817999,Seoul-a487,45,82,Normal
2026-02-08 14:09:29.817999,Seoul-a487,38,34,Normal
2026-02-08 14:09:30.817999,Seoul-a487,-2,35,Normal
2026-02-08 14:09:31.817999,Seoul-a487,7,96,Normal
2026-02-08 14:09:32.817999,Seoul-a487,-13,46,Normal
2026-02-08 14:09:33.817999,Seoul-a487,-3,55,Normal
2026-02-08 14:09:34.817999,Seoul-a487,10,89,Normal
2026-02-08 14:09:35.817999,Seoul-a487,38,28,Normal
2026-02-08 14:09:36.817999,Seoul-a487,-5,27,Normal
2026-02-08 14:09:37.817999,Seoul-a487,4,44,Normal
2026-02-08 14:09:38.817999,Seoul-a487,11,21,Normal
2026-02-08 14:09:39.817999,Seoul-a487,-23,39,Normal
2026-02-08 14:09:40.817999,Seoul-a487,-29,78,Normal
2026-02-08 14:09:41.817999,Seoul-a487,-14,82,Normal
2026-02-08 14:09:42.817999,Seoul-a487,33,71,Normal
2026-02-08 14:09:43.817999,Seoul-a487,-12,12,Normal
2026-02-08 14:09:44.817999,Seoul-a487,-6,14,Normal
2026-02-08 14:09:45.817999,Seoul-a487,-16,81,Normal
2026-02-08 14:09:46.817999,Seoul-a487,30,34,Normal
2026-02-08 14:09:47.817999,Seoul-a487,44,76,Normal
2026-02-08 14:09:48.817999,Seoul-a487,36,88,Normal
2026-02-08 14:09:49.817999,Seoul-a487,-8,60,Normal
2026-02-08 14:09:50.817999,Seoul-a487,26,17,Normal
2026-02-08 14:09:51.817999,Seoul-a487,9,65,Normal
2026-02-08 14:09:52.817999,Seoul-a487,-24,6,Normal
2026-02-08 14:09:53.817999,Seoul-a487,16,92,Normal
2026-02-08 14:09:54.817999,Seoul-a487,-15,25,Normal
2026-02-08 14:09:55.817999,Seoul-a487,-18,58,Normal
2026-02-08 14:09:56.817999,Seoul-a487,43,69,Normal
2026-02-08 14:09:57.817999,Seoul-a487,-20,0,Normal
2026-02-08 14:09:58.817999,Seoul-a487,21,16,Normal
2026-02-08 14:09:59.817999,Seoul-a487,47,50,Normal
2026-02-08 14:10:00.817999,Seoul-a487,41,38,Normal
2026-02-08 14:10:01.817999,Seoul-a487,17,66,Normal
2026-02-08 14:10:02.817999,Seoul-a487,13,6,Normal
2026-02-08 14:10:03.817999,Seoul-a487,10,64,Normal
2026-02-08 14:10:04.817999,Seoul-a487,50,80,Normal
2026-02-08 14:10:05.817999,Seoul-a487,-1,14,Normal
2026-02-08 14:10:06.817999,Seoul-a487,3,52,Normal
2026-02-08 14:10:07.817999,Seoul-a487,-29,31,Normal
2026-02-08 14:10:08.817999,Seoul-a487,-26,72,Normal
2026-02-08 14:10:09.817999,Seoul-a487,-11,78,Normal
2026-02-08 14:10:10.817999,Seoul-a487,-2,40,Normal
2026-02-08 14:10:11.817999,Seoul-a487,30,63,Normal
2026-02-08 14:10:12.817999,Seoul-a487,-10,66,Normal
2026-02-08 14:10:13.817999,Seoul-a487,-21,89,Normal
2026-02-08 14:10:14.817999,Seoul-a487,-2,54,Normal
2026-02-08 14:10:15.817999,Seoul-a487,31,43,Normal
2026-02-08 14:10:16.817999,Seoul-a487,-2,3,Normal
2026-02-08 14:10:17.817999,Seoul-a487,2,16,Normal
2026-02-08 14:10:18.817999,Seoul-a487,-2,75,Normal
2026-02-08 14:10:19.817999,Seoul-a487,33,51,Normal
2026-02-08 14:10:20.817999,Seoul-a487,18,43,Normal
2026-02-08 14:10:21.817999,Seoul-a487,4,81,Normal
2026-02-08 14:10:22.817999,Seoul-a487,-3,8,Normal
2026-02-08 14:10:23.817999,Seoul-a487,41,22,Normal
2026-02-08 14:10:24.817999,Seoul-a487,35,16,Normal
2026-02-08 14:10:25.817999,Seoul-a487,31,51,Normal
2026-02-08 14:10:26.817999,Seoul-a487,27,85,Normal
2026-02-08 14:10:27.817999,Seoul-a487,37,78,Normal
2026-02-08 14:10:28.817999,Seoul-a487,6,31,Normal
2026-02-08 14:10:29.817999,Seoul-a487,42,57,Normal
2026-02-08 14:10:30.817999,Seoul-a487,-29,34,Normal
2026-02-08 14:10:31.817999,Seoul-a487,1,87,Normal
2026-02-08 14:10:32.817999,Seoul-a487,-2,7,Normal
2026-02-08 14:10:33.817999,Seoul-a487,35,25,Normal
2026-02-08 14:10:34.817999,Seoul-a487,4,81,Normal
2026-02-08 14:10:35.817999,Seoul-a487,47,58,Normal
2026-02-08 14:10:36.817999,Seoul-a487,-29,58,Normal
2026-02-08 14:10:37.817999,Seoul-a487,38,23,Normal
2026-02-08 14:10:38.817999,Seoul-a487,-18,9,Normal
2026-02-08 14:10:39.817999,Seoul-a487,-27,13,Normal
2026-02-08 14:10:40.817999,Seoul-a487,-23,12,Normal
2026-02-08 14:10:41.817999,Seoul-a487,-7,33,Normal
2026-02-08 14:10:42.817999,Seoul-a487,46,75,Normal
2026-02-08 14:10:43.817999,Seoul-a487,-3,57,Normal
2026-02-08 14:10:44.817999,Seoul-a487,-13,94,Normal
2026-02-08 14:10:45.817999,Seoul-a487,7,45,Normal
2026-02-08 14:10:46.817999,Seoul-a487,-19,56,Normal
2026-02-08 14:10:47.817999,Seoul-a487,16,3,Normal
2026-02-08 14:10:48.817999,Seoul-a487,21,1,Normal
2026-02-08 14:10:49.817999,Seoul-a487,39,36,Normal
2026-02-08 14:10:50.817999,Seoul-a487,-25,50,Normal
2026-02-08 14:10:51.817999,Seoul-a487,39,9,Normal
2026-02-08 14:10:52.817999,Seoul-a487,-13,100,Normal
2026-02-08 14:10:53.817999,Seoul-a487,33,43,Normal
2026-02-08 14:10:54.817999,Seoul-a487,-4,85,Normal
2026-02-08 14:10:55.817999,Seoul-a487,-10,68,Normal
2026-02-08 14:10:56.817999,Seoul-a487,16,84,Normal
2026-02-08 14:10:57.817999,Seoul-a487,50,22,Normal
2026-02-08 14:10:58.817999,Seoul-a487,43,43,Normal
2026-02-08 14:10:59.817999,Seoul-a487,9,22,Normal
2026-02-08 14:11:00.817999,Seoul-a487,27,36,Normal
2026-02-08 14:11:01.817999,Seoul-a487,37,34,Normal
2026-02-08 14:11:02.817999,Seoul-a487,14,52,Normal
2026-02-08 14:11:03.817999,Seoul-a487,20,54,Normal
2026-02-08 14:11:04.817999,Seoul-a487,10,80,Normal
2026-02-08 14:11:05.817999,Seoul-a487,-8,61,Normal
2026-02-08 14:11:06.817999,Seoul-a487,43,70,Normal
2026-02-08 14:11:07.817999,Seoul-a487,-16,83,Normal
2026-02-08 14:11:08.817999,Seoul-a487,-19,13,Normal
2026-02-08 14:11:09.817999,Seoul-a487,-28,70,Normal
2026-02-08 14:11:10.817999,Seoul-a487,-13,32,Normal
2026-02-08 14:11:11.817999,Seoul-a487,45,5,Normal
2026-02-08 14:11:12.817999,Seoul-a487,42,90,Normal
2026-02-08 14:11:13.817999,Seoul-a487,-16,79,Normal
2026-02-08 14:11:14.817999,Seoul-a487,-26,83,Normal
2026-02-08 14:11:15.817999,Seoul-a487,-15,6,Normal
2026-02-08 14:11:16.817999,Seoul-a487,43,19,Normal
2026-02-08 14:11:17.817999,Seoul-a487,26,4,Normal
2026-02-08 14:11:18.817999,Seoul-a487,12,30,Normal
2026-02-08 14:11:19.817999,Seoul-a487,-30,91,Normal
2026-02-08 14:11:20.817999,Seoul-a487,18,94,Normal
2026-02-08 14:11:21.817999,Seoul-a487,33,23,Normal
2026-02-08 14:11:22.817999,Seoul-a487,-27,1,Normal
2026-02-08 14:11:23.817999,Seoul-a487,35,74,Normal
2026-02-08 14:11:24.817999,Seoul-a487,0,65,Normal
2026-02-08 14:11:25.817999,Seoul-a487,-19,47,Normal
2026-02-08 14:11:26.817999,Seoul-a487,35,13,Normal
2026-02-08 14:11:27.817999,Seoul-a487,-11,99,Normal
2026-02-08 14:11:28.817999,Seoul-a487,0,98,Normal
2026-02-08 14:11:29.817999,Seoul-a487,-28,5,Normal
2026-02-08 14:11:30.817999,Seoul-a487,-7,36,Normal
2026-02-08 14:11:31.817999,Seoul-a487,0,36,Normal
2026-02-08 14:11:32.817999,Seoul-a487,-13,23,Normal
2026-02-08 14:11:33.817999,Seoul-a487,0,80,Normal
2026-02-08 14:11:34.817999,Seoul-a487,-6,94,Normal
2026-02-08 14:11:35.817999,Seoul-a487,36,82,Normal
2026-02-08 14:11:36.817999,Seoul-a487,-18,99,Normal
2026-02-08 14:11:37.817999,Seoul-a487,47,88,Normal
2026-02-08 14:11:38.817999,Seoul-a487,43,37,Normal
2026-02-08 14:11:39.817999,Seoul-a487,42,51,Normal
2026-02-08 14:11:40.817999,Seoul-a487,-17,16,Normal
2026-02-08 14:11:41.817999,Seoul-a487,47,25,Normal
2026-02-08 14:11:42.817999,Seoul-a487,16,68,Normal
2026-02-08 14:11:43.817999,Seoul-a487,31,20,Normal
2026-02-08 14:11:44.817999,Seoul-a487,32,76,Normal
2026-02-08 14:11:45.817999,Seoul-a487,-3,40,Normal
2026-02-08 14:11:46.817999,Seoul-a487,39,86,Normal
2026-02-08 14:11:47.817999,Seoul-a487,-16,92,Normal
2026-02-08 14:11:48.817999,Seoul-a487,2,98,Normal
2026-02-08 14:11:49.817999,Seoul-a487,-18,4,Normal
2026-02-08 14:11:50.817999,Seoul-a487,5,5,Normal
2026-02-08 14:11:51.817999,Seoul-a487,24,44,Normal
2026-02-08 14:11:52.817999,Seoul-a487,4,78,Normal
2026-02-08 14:11:53.817999,Seoul-a487,-26,87,Normal
2026-02-08 14:11:54.817999,Seoul-a487,-30,86,Normal
2026-02-08 14:11:55.817999,Seoul-a487,6,95,Normal
2026-02-08 14:11:56.817999,Seoul-a487,30,43,Normal
2026-02-08 14:11:57.817999,Seoul-a487,-21,66,Normal
2026-02-08 14:11:58.817999,Seoul-a487,24,77,Normal
2026-02-08 14:11:59.817999,Seoul-a487,43,100,Normal
2026-02-08 14:12:00.817999,Seoul-a487,27,13,Normal
2026-02-08 14:12:01.817999,Seoul-a487,24,97,Normal
2026-02-08 14:12:02.817999,Seoul-a487,17,69,Normal
2026-02-08 14:12:03.817999,Seoul-a487,-21,66,Normal
2026-02-08 14:12:04.817999,Seoul-a487,33,85,Normal
2026-02-08 14:12:05.817999,Seoul-a487,25,80,Normal
2026-02-08 14:12:06.817999,Seoul-a487,0,62,Normal
2026-02-08 14:12:07.817999,Seoul-a487,26,58,Normal
2026-02-08 14:12:08.817999,Seoul-a487,-5,36,Normal
2026-02-08 14:12:09.817999,Seoul-a487,-7,98,Normal
2026-02-08 14:12:10.817999,Seoul-a487,17,7,Normal
2026-02-08 14:12:11.817999,Seoul-a487,-27,100,Normal
2026-02-08 14:12:12.817999,Seoul-a487,24,0,Normal
2026-02-08 14:12:13.817999,Seoul-a487,-27,64,Normal
2026-02-08 14:12:14.817999,Seoul-a487,24,55,Normal
2026-02-08 14:12:15.817999,Seoul-a487,17,64,Normal
2026-02-08 14:12:16.817999,Seoul-a487,41,42,Normal
2026-02-08 14:12:17.817999,Seoul-a487,23,30,Normal
2026-02-08 14:12:18.817999,Seoul-a487,35,46,Normal
2026-02-08 14:12:19.817999,Seoul-a487,20,56,Normal
2026-02-08 14:12:20.817999,Seoul-a487,14,83,Normal
2026-02-08 14:12:21.817999,Seoul-a487,35,36,Normal
2026-02-08 14:12:22.817999,Seoul-a487,28,59,Normal
2026-02-08 14:12:23.817999,Seoul-a487,19,13,Normal
2026-02-08 14:12:24.817999,Seoul-a487,8,76,Normal
2026-02-08 14:12:25.817999,Seoul-a487,-13,42,Normal
2026-02-08 14:12:26.817999,Seoul-a487,39,74,Normal
2026-02-08 14:12:27.817999,Seoul-a487,-24,60,Normal
2026-02-08 14:12:28.817999,Seoul-a487,24,60,Normal
2026-02-08 14:12:29.817999,Seoul-a487,4,73,Normal
2026-02-08 14:12:30.817999,Seoul-a487,-2,33,Normal
2026-02-08 14:12:31.817999,Seoul-a487,11,85,Normal
2026-02-08 14:12:32.817999,Seoul-a487,-9,30,Normal
2026-02-08 14:12:33.817999,Seoul-a487,25,61,Normal
2026-02-08 14:12:34.817999,Seoul-a487,-19,78,Normal
2026-02-08 14:12:35.817999,Seoul-a487,40,23,Normal
2026-02-08 14:12:36.817999,Seoul-a487,-6,70,Normal
2026-02-08 14:12:37.817999,Seoul-a487,15,31,Normal
2026-02-08 14:12:38.817999,Seoul-a487,14,37,Normal
2026-02-08 14:12:39.817999,Seoul-a487,-20,85,Normal
2026-02-08 14:12:40.817999,Seoul-a487,45,17,Normal
2026-02-08 14:12:41.817999,Seoul-a487,35,63,Normal
2026-02-08 14:12:42.817999,Seoul-a487,15,26,Normal
2026-02-08 14:12:43.817999,Seoul-a487,5,99,Normal
2026-02-08 14:12:44.817999,Seoul-a487,-16,29,Normal
2026-02-08 14:12:45.817999,Seoul-a487,3,84,Normal
2026-02-08 14:12:46.817999,Seoul-a487,44,25,Normal
2026-02-08 14:12:47.817999,Seoul-a487,44,50,Normal
2026-02-08 14:12:48.817999,Seoul-a487,-23,86,Normal
2026-02-08 14:12:49.817999,Seoul-a487,48,22,Normal
2026-02-08 14:12:50.817999,Seoul-a487,44,92,Normal
2026-02-08 14:12:51.817999,Seoul-a487,27,6,Normal
2026-02-08 14:12:52.817999,Seoul-a487,-13,20,Normal
2026-02-08 14:12:53.817999,Seoul-a487,48,85,Normal
2026-02-08 14:12:54.817999,Seoul-a487,-29,66,Normal
2026-02-08 14:12:55.817999,Seoul-a487,34,29,Normal
2026-02-08 14:12:56.817999,Seoul-a487,1,98,Normal
2026-02-08 14:12:57.817999,Seoul-a487,-1,79,Normal
2026-02-08 14:12:58.817999,Seoul-a487,-13,49,Normal
2026-02-08 14:12:59.817999,Seoul-a487,48,56,Normal
2026-02-08 14:13:00.817999,Seoul-a487,28,4,Normal
2026-02-08 14:13:01.817999,Seoul-a487,13,67,Normal
2026-02-08 14:13:02.817999,Seoul-a487,34,34,Normal
2026-02-08 14:13:03.817999,Seoul-a487,32,70,Normal
2026-02-08 14:13:04.817999,Seoul-a487,13,55,Normal
2026-02-08 14:13:05.817999,Seoul-a487,32,22,Normal
2026-02-08 14:13:06.817999,Seoul-a487,-26,49,Normal
2026-02-08 14:13:07.817999,Seoul-a487,44,50,Normal
2026-02-08 14:13:08.817999,Seoul-a487,21,79,Normal
2026-02-08 14:13:09.817999,Seoul-a487,-2,45,Normal
2026-02-08 14:13:10.817999,Seoul-a487,29,73,Normal
2026-02-08 14:13:11.817999,Seoul-a487,4,79,Normal
2026-02-08 14:13:12.817999,Seoul-a487,-4,8,Normal
2026-02-08 14:13:13.817999,Seoul-a487,38,93,Normal
2026-02-08 14:13:14.817999,Seoul-a487,-25,83,Normal
2026-02-08 14:13:15.817999,Seoul-a487,16,96,Normal
2026-02-08 14:13:16.817999,Seoul-a487,22,29,Normal
2026-02-08 14:13:17.817999,Seoul-a487,-11,13,Normal
2026-02-08 14:13:18.817999,Seoul-a487,-4,72,Normal
2026-02-08 14:13:19.817999,Seoul-a487,26,15,Normal
2026-02-08 14:13:20.817999,Seoul-a487,32,51,Normal
2026-02-08 14:13:21.817999,Seoul-a487,21,88,Normal
2026-02-08 14:13:22.817999,Seoul-a487,30,100,Normal
2026-02-08 14:13:23.817999,Seoul-a487,-9,93,Normal
2026-02-08 14:13:24.817999,Seoul-a487,29,35,Normal
2026-02-08 14:13:25.817999,Seoul-a487,46,50,Normal
2026-02-08 14:13:26.817999,Seoul-a487,40,25,Normal
2026-02-08 14:13:27.817999,Seoul-a487,-2,91,Normal
2026-02-08 14:13:28.817999,Seoul-a487,-21,65,Normal
2026-02-08 14:13:29.817999,Seoul-a487,48,78,Normal
2026-02-08 14:13:30.817999,Seoul-a487,32,19,Normal
2026-02-08 14:13:31.817999,Seoul-a487,35,34,Normal
2026-02-08 14:13:32.817999,Seoul-a487,-2,31,Normal
2026-02-08 14:13:33.817999,Seoul-a487,34,35,Normal
2026-02-08 14:13:34.817999,Seoul-a487,16,67,Normal
2026-02-08 14:13:35.817999,Seoul-a487,31,3,Normal
2026-02-08 14:13:36.817999,Seoul-a487,-4,66,Normal
2026-02-08 14:13:37.817999,Seoul-a487,30,81,Normal
2026-02-08 14:13:38.817999,Seoul-a487,-3,51,Normal
2026-02-08 14:13:39.817999,Seoul-a487,3,31,Normal
2026-02-08 14:13:40.817999,Seoul-a487,34,46,Normal
2026-02-08 14:13:41.817999,Seoul-a487,-23,18,Normal
2026-02-08 14:13:42.817999,Seoul-a487,18,48,Normal
2026-02-08 14:13:43.817999,Seoul-a487,-17,54,Normal
2026-02-08 14:13:44.817999,Seoul-a487,42,40,Normal
2026-02-08 14:13:45.817999,Seoul-a487,16,47,Normal
2026-02-08 14:13:46.817999,Seoul-a487,48,88,Normal
2026-02-08 14:13:47.817999,Seoul-a487,-25,12,Normal
2026-02-08 14:13:48.817999,Seoul-a487,-1,89,Normal
2026-02-08 14:13:49.817999,Seoul-a487,44,57,Normal
2026-02-08 14:13:50.817999,Seoul-a487,-2,55,Normal
2026-02-08 14:13:51.817999,Seoul-a487,21,40,Normal
2026-02-08 14:13:52.817999,Seoul-a487,35,27,Normal
2026-02-08 14:13:53.817999,Seoul-a487,-26,28,Normal
2026-02-08 14:13:54.817999,Seoul-a487,-4,89,Normal
2026-02-08 14:13:55.817999,Seoul-a487,24,87,Normal
2026-02-08 14:13:56.817999,Seoul-a487,-4,24,Normal
2026-02-08 14:13:57.817999,Seoul-a487,6,91,Normal
2026-02-08 14:13:58.817999,Seoul-a487,3,95,Normal
2026-02-08 14:13:59.817999,Seoul-a487,-10,1,Normal
2026-02-08 14:14:00.817999,Seoul-a487,25,93,Normal
2026-02-08 14:14:01.817999,Seoul-a487,13,99,Normal
2026-02-08 14:14:02.817999,Seoul-a487,17,40,Normal
2026-02-08 14:14:03.817999,Seoul-a487,-17,79,Normal
2026-02-08 14:14:04.817999,Seoul-a487,36,93,Normal
2026-02-08 14:14:05.817999,Seoul-a487,-29,30,Normal
2026-02-08 14:14:06.817999,Seoul-a487,35,43,Normal
2026-02-08 14:14:07.817999,Seoul-a487,23,83,Normal
2026-02-08 14:14:08.817999,Seoul-a487,11,40,Normal
2026-02-08 14:14:09.817999,Seoul-a487,30,68,Normal
2026-02-08 14:14:10.817999,Seoul-a487,1,78,Normal
2026-02-08 14:14:11.817999,Seoul-a487,7,16,Normal
2026-02-08 14:14:12.817999,Seoul-a487,-28,81,Normal
2026-02-08 14:14:13.817999,Seoul-a487,-29,67,Normal
2026-02-08 14:14:14.817999,Seoul-a487,28,2,Normal
2026-02-08 14:14:15.817999,Seoul-a487,43,86,Normal
2026-02-08 14:14:16.817999,Seoul-a487,-8,31,Normal
2026-02-08 14:14:17.817999,Seoul-a487,11,41,Normal
2026-02-08 14:14:18.817999,Seoul-a487,0,32,Normal
2026-02-08 14:14:19.817999,Seoul-a487,28,23,Normal
2026-02-08 14:14:20.817999,Seoul-a487,8,68,Normal
2026-02-08 14:14:21.817999,Seoul-a487,6,20,Normal
2026-02-08 14:14:22.817999,Seoul-a487,-10,20,Normal
2026-02-08 14:14:23.817999,Seoul-a487,45,85,Normal
2026-02-08 14:14:24.817999,Seoul-a487,28,88,Normal
2026-02-08 14:14:25.817999,Seoul-a487,25,9,Normal
2026-02-08 14:14:26.817999,Seoul-a487,27,21,Normal
2026-02-08 14:14:27.817999,Seoul-a487,-11,59,Normal
2026-02-08 14:14:28.817999,Seoul-a487,-3,61,Normal
2026-02-08 14:14:29.817999,Seoul-a487,50,78,Normal
2026-02-08 14:14:30.817999,Seoul-a487,-9,18,Normal
2026-02-08 14:14:31.817999,Seoul-a487,-14,79,Normal
2026-02-08 14:14:32.817999,Seoul-a487,-11,71,Normal
2026-02-08 14:14:33.817999,Seoul-a487,-2,56,Normal
2026-02-08 14:14:34.817999,Seoul-a487,50,46,Normal
2026-02-08 14:14:35.817999,Seoul-a487,-23,43,Normal
2026-02-08 14:14:36.817999,Seoul-a487,-8,54,Normal
2026-02-08 14:14:37.817999,Seoul-a487,2,46,Normal
2026-02-08 14:14:38.817999,Seoul-a487,34,51,Normal
2026-02-08 14:14:39.817999,Seoul-a487,-12,28,Normal
2026-02-08 14:14:40.817999,Seoul-a487,17,51,Normal
2026-02-08 14:14:41.817999,Seoul-a487,6,76,Normal
2026-02-08 14:14:42.817999,Seoul-a487,27,84,Normal
2026-02-08 14:14:43.817999,Seoul-a487,37,89,Normal
2026-02-08 14:14:44.817999,Seoul-a487,36,17,Normal
2026-02-08 14:14:45.817999,Seoul-a487,4,55,Normal
2026-02-08 14:14:46.817999,Seoul-a487,18,1,Normal
2026-02-08 14:14:47.817999,Seoul-a487,22,35,Normal
2026-02-08 14:14:48.817999,Seoul-a487,16,57,Normal
2026-02-08 14:14:49.817999,Seoul-a487,46,28,Normal
2026-02-08 14:14:50.817999,Seoul-a487,-28,32,Normal
2026-02-08 14:14:51.817999,Seoul-a487,-10,99,Normal
2026-02-08 14:14:52.817999,Seoul-a487,-9,67,Normal
2026-02-08 14:14:53.817999,Seoul-a487,3,0,Normal
2026-02-08 14:14:54.817999,Seoul-a487,44,27,Normal
2026-02-08 14:14:55.817999,Seoul-a487,50,43,Normal
2026-02-08 14:14:56.817999,Seoul-a487,36,65,Normal
2026-02-08 14:14:57.817999,Seoul-a487,38,35,Normal
2026-02-08 14:14:58.817999,Seoul-a487,2,42,Normal
2026-02-08 14:14:59.817999,Seoul-a487,20,91,Normal
2026-02-08 14:15:00.817999,Seoul-a487,9,71,Normal
2026-02-08 14:15:01.817999,Seoul-a487,-20,38,Normal
2026-02-08 14:15:02.817999,Seoul-a487,27,41,Normal
2026-02-08 14:15:03.817999,Seoul-a487,2,1,Normal
2026-02-08 14:15:04.817999,Seoul-a487,50,96,Normal
2026-02-08 14:15:05.817999,Seoul-a487,2,69,Normal
2026-02-08 14:15:06.817999,Seoul-a487,39,26,Normal
2026-02-08 14:15:07.817999,Seoul-a487,29,52,Normal
2026-02-08 14:15:08.817999,Seoul-a487,30,6,Normal
2026-02-08 14:15:09.817999,Seoul-a487,1,40,Normal
2026-02-08 14:15:10.817999,Seoul-a487,-23,12,Normal
2026-02-08 14:15:11.817999,Seoul-a487,26,54,Normal
2026-02-08 14:15:12.817999,Seoul-a487,48,20,Normal
2026-02-08 14:15:13.817999,Seoul-a487,40,31,Normal
2026-02-08 14:15:14.817999,Seoul-a487,46,42,Normal
2026-02-08 14:15:15.817999,Seoul-a487,19,37,Normal
2026-02-08 14:15:16.817999,Seoul-a487,-9,39,Normal
2026-02-08 14:15:17.817999,Seoul-a487,50,88,Normal
2026-02-08 14:15:18.817999,Seoul-a487,20,46,Normal
2026-02-08 14:15:19.817999,Seoul-a487,21,28,Normal
2026-02-08 14:15:20.817999,Seoul-a487,44,56,Normal
2026-02-08 14:15:21.817999,Seoul-a487,18,76,Normal
2026-02-08 14:15:22.817999,Seoul-a487,40,19,Normal
2026-02-08 14:15:23.817999,Seoul-a487,12,85,Normal
2026-02-08 14:15:24.817999,Seoul-a487,5,24,Normal
2026-02-08 14:15:25.817999,Seoul-a487,48,97,Normal
2026-02-08 14:15:26.817999,Seoul-a487,0,29,Normal
2026-02-08 14:15:27.817999,Seoul-a487,-15,51,Normal
2026-02-08 14:15:28.817999,Seoul-a487,23,36,Normal
2026-02-08 14:15:29.817999,Seoul-a487,33,13,Normal
2026-02-08 14:15:30.817999,Seoul-a487,17,38,Normal
2026-02-08 14:15:31.817999,Seoul-a487,18,41,Normal
2026-02-08 14:15:32.817999,Seoul-a487,-20,77,Normal
2026-02-08 14:15:33.817999,Seoul-a487,10,100,Normal
2026-02-08 14:15:34.817999,Seoul-a487,-21,16,Normal
2026-02-08 14:15:35.817999,Seoul-a487,35,50,Normal
2026-02-08 14:15:36.817999,Seoul-a487,8,28,Normal
2026-02-08 14:15:37.817999,Seoul-a487,-24,12,Normal
2026-02-08 14:15:38.817999,Seoul-a487,16,39,Normal
2026-02-08 14:15:39.817999,Seoul-a487,48,42,Normal
2026-02-08 14:15:40.817999,Seoul-a487,-15,50,Normal
2026-02-08 14:15:41.817999,Seoul-a487,-4,8,Normal
2026-02-08 14:15:42.817999,Seoul-a487,45,93,Normal
2026-02-08 14:15:43.817999,Seoul-a487,29,78,Normal
2026-02-08 14:15:44.817999,Seoul-a487,39,57,Normal
2026-02-08 14:15:45.817999,Seoul-a487,34,37,Normal
2026-02-08 14:15:46.817999,Seoul-a487,10,63,Normal
2026-02-08 14:15:47.817999,Seoul-a487,-27,25,Normal
2026-02-08 14:15:48.817999,Seoul-a487,19,94,Normal
2026-02-08 14:15:49.817999,Seoul-a487,-21,73,Normal
2026-02-08 14:15:50.817999,Seoul-a487,-16,1,Normal
2026-02-08 14:15:51.817999,Seoul-a487,30,71,Normal
2026-02-08 14:15:52.817999,Seoul-a487,45,55,Normal
2026-02-08 14:15:53.817999,Seoul-a487,47,71,Normal
2026-02-08 14:15:54.817999,Seoul-a487,3,49,Normal
2026-02-08 14:15:55.817999,Seoul-a487,-28,6,Normal
2026-02-08 14:15:56.817999,Seoul-a487,-29,37,Normal
2026-02-08 14:15:57.817999,Seoul-a487,44,22,Normal
2026-02-08 14:15:58.817999,Seoul-a487,10,51,Normal
2026-02-08 14:15:59.817999,Seoul-a487,-10,74,Normal
2026-02-08 14:16:00.817999,Seoul-a487,-7,89,Normal
2026-02-08 14:16:01.817999,Seoul-a487,-30,39,Normal
2026-02-08 14:16:02.817999,Seoul-a487,-30,20,Normal
2026-02-08 14:16:03.817999,Seoul-a487,-21,83,Normal
2026-02-08 14:16:04.817999,Seoul-a487,39,58,Normal
2026-02-08 14:16:05.817999,Seoul-a487,12,61,Normal
2026-02-08 14:16:06.817999,Seoul-a487,-17,65,Normal
2026-02-08 14:16:07.817999,Seoul-a487,-24,50,Normal
2026-02-08 14:16:08.817999,Seoul-a487,-21,76,Normal
2026-02-08 14:16:09.817999,Seoul-a487,50,39,Normal
2026-02-08 14:16:10.817999,Seoul-a487,9,0,Normal
2026-02-08 14:16:11.817999,Seoul-a487,-29,74,Normal
2026-02-08 14:16:12.817999,Seoul-a487,43,11,Normal
2026-02-08 14:16:13.817999,Seoul-a487,36,40,Normal
2026-02-08 14:16:14.817999,Seoul-a487,1,27,Normal
2026-02-08 14:16:15.817999,Seoul-a487,-11,18,Normal
2026-02-08 14:16:16.817999,Seoul-a487,44,51,Normal
2026-02-08 14:16:17.817999,Seoul-a487,38,50,Normal
2026-02-08 14:16:18.817999,Seoul-a487,-2,34,Normal
2026-02-08 14:16:19.817999,Seoul-a487,-9,96,Normal
2026-02-08 14:16:20.817999,Seoul-a487,26,9,Normal
2026-02-08 14:16:21.817999,Seoul-a487,-4,13,Normal
2026-02-08 14:16:22.817999,Seoul-a487,-1,47,Normal
2026-02-08 14:16:23.817999,Seoul-a487,-25,29,Normal
2026-02-08 14:16:24.817999,Seoul-a487,3,71,Normal
2026-02-08 14:16:25.817999,Seoul-a487,23,2,Normal
2026-02-08 14:16:26.817999,Seoul-a487,46,68,Normal
2026-02-08 14:16:27.817999,Seoul-a487,36,22,Normal
2026-02-08 14:16:28.817999,Seoul-a487,-26,90,Normal
2026-02-08 14:16:29.817999,Seoul-a487,-20,32,Normal
2026-02-08 14:16:30.817999,Seoul-a487,40,56,Normal
2026-02-08 14:16:31.817999,Seoul-a487,27,83,Normal
2026-02-08 14:16:32.817999,Seoul-a487,-18,82,Normal
2026-02-08 14:16:33.817999,Seoul-a487,-23,83,Normal
2026-02-08 14:16:34.817999,Seoul-a487,37,92,Normal
2026-02-08 14:16:35.817999,Seoul-a487,15,35,Normal
2026-02-08 14:16:36.817999,Seoul-a487,34,23,Normal
2026-02-08 14:16:37.817999,Seoul-a487,31,68,Normal
2026-02-08 14:16:38.817999,Seoul-a487,26,94,Normal
2026-02-08 14:16:39.817999,Seoul-a487,4,48,Normal
2026-02-08 14:16:40.817999,Seoul-a487,30,44,Normal
2026-02-08 14:16:41.817999,Seoul-a487,-12,53,Normal
2026-02-08 14:16:42.817999,Seoul-a487,18,49,Normal
2026-02-08 14:16:43.817999,Seoul-a487,-9,79,Normal
2026-02-08 14:16:44.817999,Seoul-a487,-2,26,Normal
2026-02-08 14:16:45.817999,Seoul-a487,-23,7,Normal
2026-02-08 14:16:46.817999,Seoul-a487,18,58,Normal
2026-02-08 14:16:47.817999,Seoul-a487,47,69,Normal
2026-02-08 14:16:48.817999,Seoul-a487,-21,75,Normal
2026-02-08 14:16:49.817999,Seoul-a487,23,39,Normal
2026-02-08 14:16:50.817999,Seoul-a487,23,79,Normal
2026-02-08 14:16:51.817999,Seoul-a487,-3,66,Normal
2026-02-08 14:16:52.817999,Seoul-a487,24,74,Normal
2026-02-08 14:16:53.817999,Seoul-a487,-24,59,Normal
2026-02-08 14:16:54.817999,Seoul-a487,-17,52,Normal
2026-02-08 14:16:55.817999,Seoul-a487,23,22,Normal
2026-02-08 14:16:56.817999,Seoul-a487,48,59,Normal
2026-02-08 14:16:57.817999,Seoul-a487,32,44,Normal
2026-02-08 14:16:58.817999,Seoul-a487,9,96,Normal
2026-02-08 14:16:59.817999,Seoul-a487,5,33,Normal
2026-02-08 14:17:00.817999,Seoul-a487,-17,39,Normal
2026-02-08 14:17:01.817999,Seoul-a487,48,85,Normal
2026-02-08 14:17:02.817999,Seoul-a487,20,36,Normal
2026-02-08 14:17:03.817999,Seoul-a487,-22,90,Normal
2026-02-08 14:17:04.817999,Seoul-a487,46,26,Normal
2026-02-08 14:17:05.817999,Seoul-a487,-17,52,Normal
2026-02-08 14:17:06.817999,Seoul-a487,46,1,Normal
2026-02-08 14:17:07.817999,Seoul-a487,-7,65,Normal
2026-02-08 14:17:08.817999,Seoul-a487,-15,19,Normal
2026-02-08 14:17:09.817999,Seoul-a487,-18,14,Normal
2026-02-08 14:17:10.817999,Seoul-a487,-8,53,Normal
2026-02-08 14:17:11.817999,Seoul-a487,24,14,Normal
2026-02-08 14:17:12.817999,Seoul-a487,45,53,Normal
2026-02-08 14:17:13.817999,Seoul-a487,-18,9,Normal
2026-02-08 14:17:14.817999,Seoul-a487,16,9,Normal
2026-02-08 14:17:15.817999,Seoul-a487,-30,37,Normal
2026-02-08 14:17:16.817999,Seoul-a487,-19,55,Normal
2026-02-08 14:17:17.817999,Seoul-a487,45,23,Normal
2026-02-08 14:17:18.817999,Seoul-a487,7,18,Normal
2026-02-08 14:17:19.817999,Seoul-a487,-12,45,Normal
2026-02-08 14:17:20.817999,Seoul-a487,24,79,Normal
2026-02-08 14:17:21.817999,Seoul-a487,-28,20,Normal
2026-02-08 14:17:22.817999,Seoul-a487,48,39,Normal
2026-02-08 14:17:23.817999,Seoul-a487,0,92,Normal
2026-02-08 14:17:24.817999,Seoul-a487,-30,34,Normal
2026-02-08 14:17:25.817999,Seoul-a487,-16,3,Normal
2026-02-08 14:17:26.817999,Seoul-a487,23,5,Normal
2026-02-08 14:17:27.817999,Seoul-a487,44,14,Normal
2026-02-08 14:17:28.817999,Seoul-a487,10,53,Normal
2026-02-08 14:17:29.817999,Seoul-a487,-7,75,Normal
2026-02-08 14:17:30.817999,Seoul-a487,-18,93,Normal
2026-02-08 14:17:31.817999,Seoul-a487,24,76,Normal
2026-02-08 14:17:32.817999,Seoul-a487,32,31,Normal
2026-02-08 14:17:33.817999,Seoul-a487,45,90,Normal
2026-02-08 14:17:34.817999,Seoul-a487,-13,75,Normal
2026-02-08 14:17:35.817999,Seoul-a487,-29,85,Normal
2026-02-08 14:17:36.817999,Seoul-a487,23,88,Normal
2026-02-08 14:17:37.817999,Seoul-a487,22,60,Normal
2026-02-08 14:17:38.817999,Seoul-a487,-22,36,Normal
2026-02-08 14:17:39.817999,Seoul-a487,-2,73,Normal
2026-02-08 14:17:40.817999,Seoul-a487,-14,65,Normal
2026-02-08 14:17:41.817999,Seoul-a487,-3,81,Normal
2026-02-08 14:17:42.817999,Seoul-a487,22,8,Normal
2026-02-08 14:17:43.817999,Seoul-a487,6,64,Normal
2026-02-08 14:17:44.817999,Seoul-a487,-18,70,Normal
2026-02-08 14:17:45.817999,Seoul-a487,45,57,Normal
2026-02-08 14:17:46.817999,Seoul-a487,-4,47,Normal
2026-02-08 14:17:47.817999,Seoul-a487,6,65,Normal
2026-02-08 14:17:48.817999,Seoul-a487,-14,98,Normal
2026-02-08 14:17:49.817999,Seoul-a487,5,10,Normal
2026-02-08 14:17:50.817999,Seoul-a487,39,2,Normal
2026-02-08 14:17:51.817999,Seoul-a487,33,60,Normal
2026-02-08 14:17:52.817999,Seoul-a487,-27,87,Normal
2026-02-08 14:17:53.817999,Seoul-a487,-26,92,Normal
2026-02-08 14:17:54.817999,Seoul-a487,-22,47,Normal
2026-02-08 14:17:55.817999,Seoul-a487,-23,16,Normal
2026-02-08 14:17:56.817999,Seoul-a487,7,35,Normal
2026-02-08 14:17:57.817999,Seoul-a487,10,17,Normal
2026-02-08 14:17:58.817999,Seoul-a487,19,38,Normal
2026-02-08 14:17:59.817999,Seoul-a487,46,68,Normal
2026-02-08 14:18:00.817999,Seoul-a487,10,81,Normal
2026-02-08 14:18:01.817999,Seoul-a487,0,1,Normal
2026-02-08 14:18:02.817999,Seoul-a487,47,20,Normal
2026-02-08 14:18:03.817999,Seoul-a487,5,2,Normal
2026-02-08 14:18:04.817999,Seoul-a487,-21,81,Normal
2026-02-08 14:18:05.817999,Seoul-a487,12,95,Normal
2026-02-08 14:18:06.817999,Seoul-a487,35,100,Normal
2026-02-08 14:18:07.817999,Seoul-a487,11,26,Normal
2026-02-08 14:18:08.817999,Seoul-a487,22,13,Normal
2026-02-08 14:18:09.817999,Seoul-a487,-21,48,Normal
2026-02-08 14:18:10.817999,Seoul-a487,27,16,Normal
2026-02-08 14:18:11.817999,Seoul-a487,35,32,Normal
2026-02-08 14:18:12.817999,Seoul-a487,-2,12,Normal
2026-02-08 14:18:13.817999,Seoul-a487,28,34,Normal
2026-02-08 14:18:14.817999,Seoul-a487,43,28,Normal
2026-02-08 14:18:15.817999,Seoul-a487,-19,51,Normal
2026-02-08 14:18:16.817999,Seoul-a487,-26,53,Normal
2026-02-08 14:18:17.817999,Seoul-a487,-14,11,Normal
2026-02-08 14:18:18.817999,Seoul-a487,15,44,Normal
2026-02-08 14:18:19.817999,Seoul-a487,5,13,Normal
2026-02-08 14:18:20.817999,Seoul-a487,10,98,Normal
2026-02-08 14:18:21.817999,Seoul-a487,35,46,Normal
2026-02-08 14:18:22.817999,Seoul-a487,46,48,Normal
2026-02-08 14:18:23.817999,Seoul-a487,10,33,Normal
2026-02-08 14:18:24.817999,Seoul-a487,41,4,Normal
2026-02-08 14:18:25.817999,Seoul-a487,32,31,Normal
2026-02-08 14:18:26.817999,Seoul-a487,-14,15,Normal
2026-02-08 14:18:27.817999,Seoul-a487,24,56,Normal
2026-02-08 14:18:28.817999,Seoul-a487,24,91,Normal
2026-02-08 14:18:29.817999,Seoul-a487,25,88,Normal
2026-02-08 14:18:30.817999,Seoul-a487,17,72,Normal
2026-02-08 14:18:31.817999,Seoul-a487,-29,46,Normal
2026-02-08 14:18:32.817999,Seoul-a487,4,98,Normal
2026-02-08 14:18:33.817999,Seoul-a487,-11,55,Normal
2026-02-08 14:18:34.817999,Seoul-a487,28,63,Normal
2026-02-08 14:18:35.817999,Seoul-a487,38,35,Normal
2026-02-08 14:18:36.817999,Seoul-a487,30,94,Normal
2026-02-08 14:18:37.817999,Seoul-a487,41,56,Normal
2026-02-08 14:18:38.817999,Seoul-a487,-18,99,Normal
2026-02-08 14:18:39.817999,Seoul-a487,44,87,Normal
2026-02-08 14:18:40.817999,Seoul-a487,44,57,Normal
2026-02-08 14:18:41.817999,Seoul-a487,-18,20,Normal
2026-02-08 14:18:42.817999,Seoul-a487,36,27,Normal
2026-02-08 14:18:43.817999,Seoul-a487,-10,73,Normal
2026-02-08 14:18:44.817999,Seoul-a487,43,75,Normal
2026-02-08 14:18:45.817999,Seoul-a487,-29,39,Normal
2026-02-08 14:18:46.817999,Seoul-a487,39,45,Normal
2026-02-08 14:18:47.817999,Seoul-a487,11,49,Normal
2026-02-08 14:18:48.817999,Seoul-a487,17,36,Normal
2026-02-08 14:18:49.817999,Seoul-a487,-29,18,Normal
2026-02-08 14:18:50.817999,Seoul-a487,44,33,Normal
2026-02-08 14:18:51.817999,Seoul-a487,11,83,Normal
2026-02-08 14:18:52.817999,Seoul-a487,20,86,Normal
2026-02-08 14:18:53.817999,Seoul-a487,3,21,Normal
2026-02-08 14:18:54.817999,Seoul-a487,2,75,Normal
2026-02-08 14:18:55.817999,Seoul-a487,-9,89,Normal
2026-02-08 14:18:56.817999,Seoul-a487,-25,20,Normal
2026-02-08 14:18:57.817999,Seoul-a487,-2,53,Normal
2026-02-08 14:18:58.817999,Seoul-a487,47,19,Normal
2026-02-08 14:18:59.817999,Seoul-a487,9,16,Normal
2026-02-08 14:19:00.817999,Seoul-a487,-28,43,Normal
2026-02-08 14:19:01.817999,Seoul-a487,-18,25,Normal
2026-02-08 14:19:02.817999,Seoul-a487,22,89,Normal
2026-02-08 14:19:03.817999,Seoul-a487,-27,62,Normal
2026-02-08 14:19:04.817999,Seoul-a487,-28,68,Normal
2026-02-08 14:19:05.817999,Seoul-a487,-23,95,Normal
2026-02-08 14:19:06.817999,Seoul-a487,42,50,Normal
2026-02-08 14:19:07.817999,Seoul-a487,-15,55,Normal
2026-02-08 14:19:08.817999,Seoul-a487,20,17,Normal
2026-02-08 14:19:09.817999,Seoul-a487,45,30,Normal
2026-02-08 14:19:10.817999,Seoul-a487,-25,0,Normal
2026-02-08 14:19:11.817999,Seoul-a487,20,87,Normal
2026-02-08 14:19:12.817999,Seoul-a487,-3,87,Normal
2026-02-08 14:19:13.817999,Seoul-a487,-21,54,Normal
2026-02-08 14:19:14.817999,Seoul-a487,3,89,Normal
2026-02-08 14:19:15.817999,Seoul-a487,40,81,Normal
2026-02-08 14:19:16.817999,Seoul-a487,-9,27,Normal
2026-02-08 14:19:17.817999,Seoul-a487,-1,27,Normal
2026-02-08 14:19:18.817999,Seoul-a487,-15,10,Normal
2026-02-08 14:19:19.817999,Seoul-a487,-23,41,Normal
2026-02-08 14:19:20.817999,Seoul-a487,-22,75,Normal
2026-02-08 14:19:21.817999,Seoul-a487,-8,5,Normal
2026-02-08 14:19:22.817999,Seoul-a487,19,87,Normal
2026-02-08 14:19:23.817999,Seoul-a487,33,82,Normal
2026-02-08 14:19:24.817999,Seoul-a487,5,59,Normal
2026-02-08 14:19:25.817999,Seoul-a487,-20,0,Normal
2026-02-08 14:19:26.817999,Seoul-a487,-2,41,Normal
2026-02-08 14:19:27.817999,Seoul-a487,43,31,Normal
2026-02-08 14:19:28.817999,Seoul-a487,28,78,Normal
2026-02-08 14:19:29.817999,Seoul-a487,44,44,Normal
2026-02-08 14:19:30.817999,Seoul-a487,46,40,Normal
2026-02-08 14:19:31.817999,Seoul-a487,8,98,Normal
2026-02-08 14:19:32.817999,Seoul-a487,-29,36,Normal
2026-02-08 14:19:33.817999,Seoul-a487,23,4,Normal
2026-02-08 14:19:34.817999,Seoul-a487,-22,29,Normal
2026-02-08 14:19:35.817999,Seoul-a487,49,91,Normal
2026-02-08 14:19:36.817999,Seoul-a487,-26,92,Normal
2026-02-08 14:19:37.817999,Seoul-a487,33,47,Normal
2026-02-08 14:19:38.817999,Seoul-a487,6,12,Normal
2026-02-08 14:19:39.817999,Seoul-a487,17,8,Normal
2026-02-08 14:19:40.817999,Seoul-a487,11,2,Normal
2026-02-08 14:19:41.817999,Seoul-a487,41,14,Normal
2026-02-08 14:19:42.817999,Seoul-a487,-19,12,Normal
2026-02-08 14:19:43.817999,Seoul-a487,-2,13,Normal
2026-02-08 14:19:44.817999,Seoul-a487,37,73,Normal
2026-02-08 14:19:45.817999,Seoul-a487,33,43,Normal
2026-02-08 14:19:46.817999,Seoul-a487,7,96,Normal
2026-02-08 14:19:47.817999,Seoul-a487,-19,5,Normal
2026-02-08 14:19:48.817999,Seoul-a487,2,52,Normal
2026-02-08 14:19:49.817999,Seoul-a487,0,31,Normal
2026-02-08 14:19:50.817999,Seoul-a487,-17,67,Normal
2026-02-08 14:19:51.817999,Seoul-a487,-23,46,Normal
2026-02-08 14:19:52.817999,Seoul-a487,48,62,Normal
2026-02-08 14:19:53.817999,Seoul-a487,-3,97,Normal
2026-02-08 14:19:54.817999,Seoul-a487,-24,41,Normal
2026-02-08 14:19:55.817999,Seoul-a487,-29,99,Normal
2026-02-08 14:19:56.817999,Seoul-a487,50,59,Normal
2026-02-08 14:19:57.817999,Seoul-a487,21,25,Normal
2026-02-08 14:19:58.817999,Seoul-a487,36,65,Normal
2026-02-08 14:19:59.817999,Seoul-a487,-6,78,Normal
2026-02-08 14:20:00.817999,Seoul-a487,-13,29,Normal
2026-02-08 14:20:01.817999,Seoul-a487,11,42,Normal
2026-02-08 14:20:02.817999,Seoul-a487,10,55,Normal
2026-02-08 14:20:03.817999,Seoul-a487,-15,39,Normal
2026-02-08 14:20:04.817999,Seoul-a487,33,59,Normal
2026-02-08 14:20:05.817999,Seoul-a487,47,91,Normal
2026-02-08 14:20:06.817999,Seoul-a487,-10,95,Normal
2026-02-08 14:20:07.817999,Seoul-a487,-5,71,Normal
2026-02-08 14:20:08.817999,Seoul-a487,-28,13,Normal
2026-02-08 14:20:09.817999,Seoul-a487,11,51,Normal
2026-02-08 14:20:10.817999,Seoul-a487,-21,87,Normal
2026-02-08 14:20:11.817999,Seoul-a487,12,18,Normal
2026-02-08 14:20:12.817999,Seoul-a487,49,92,Normal
2026-02-08 14:20:13.817999,Seoul-a487,18,85,Normal
2026-02-08 14:20:14.817999,Seoul-a487,21,70,Normal
2026-02-08 14:20:15.817999,Seoul-a487,26,5,Normal
2026-02-08 14:20:16.817999,Seoul-a487,-8,97,Normal
2026-02-08 14:20:17.817999,Seoul-a487,29,20,Normal
2026-02-08 14:20:18.817999,Seoul-a487,-19,99,Normal
2026-02-08 14:20:19.817999,Seoul-a487,32,98,Normal
2026-02-08 14:20:20.817999,Seoul-a487,-13,35,Normal
2026-02-08 14:20:21.817999,Seoul-a487,45,38,Normal
2026-02-08 14:20:22.817999,Seoul-a487,34,69,Normal
2026-02-08 14:20:23.817999,Seoul-a487,40,72,Normal
2026-02-08 14:20:24.817999,Seoul-a487,24,46,Normal
2026-02-08 14:20:25.817999,Seoul-a487,-3,24,Normal
2026-02-08 14:20:26.817999,Seoul-a487,-26,22,Normal
2026-02-08 14:20:27.817999,Seoul-a487,14,41,Normal
2026-02-08 14:20:28.817999,Seoul-a487,42,5,Normal
2026-02-08 14:20:29.817999,Seoul-a487,38,27,Normal
2026-02-08 14:20:30.817999,Seoul-a487,30,25,Normal
2026-02-08 14:20:31.817999,Seoul-a487,22,24,Normal
2026-02-08 14:20:32.817999,Seoul-a487,42,34,Normal
2026-02-08 14:20:33.817999,Seoul-a487,10,41,Normal
2026-02-08 14:20:34.817999,Seoul-a487,5,98,Normal
2026-02-08 14:20:35.817999,Seoul-a487,-4,53,Normal
2026-02-08 14:20:36.817999,Seoul-a487,11,26,Normal
2026-02-08 14:20:37.817999,Seoul-a487,14,58,Normal
2026-02-08 14:20:38.817999,Seoul-a487,27,25,Normal
2026-02-08 14:20:39.817999,Seoul-a487,-7,51,Normal
2026-02-08 14:20:40.817999,Seoul-a487,-1,65,Normal
2026-02-08 14:20:41.817999,Seoul-a487,31,85,Normal
2026-02-08 14:20:42.817999,Seoul-a487,11,87,Normal
2026-02-08 14:20:43.817999,Seoul-a487,-22,76,Normal
2026-02-08 14:20:44.817999,Seoul-a487,7,15,Normal
2026-02-08 14:20:45.817999,Seoul-a487,23,36,Normal
2026-02-08 14:20:46.817999,Seoul-a487,-11,15,Normal
2026-02-08 14:20:47.817999,Seoul-a487,46,73,Normal
2026-02-08 14:20:48.817999,Seoul-a487,13,94,Normal
2026-02-08 14:20:49.817999,Seoul-a487,43,95,Normal
2026-02-08 14:20:50.817999,Seoul-a487,34,22,Normal
2026-02-08 14:20:51.817999,Seoul-a487,-9,78,Normal
2026-02-08 14:20:52.817999,Seoul-a487,20,13,Normal
2026-02-08 14:20:53.817999,Seoul-a487,-25,79,Normal
2026-02-08 14:20:54.817999,Seoul-a487,39,42,Normal
2026-02-08 14:20:55.817999,Seoul-a487,-2,87,Normal
2026-02-08 14:20:56.817999,Seoul-a487,-8,6,Normal
2026-02-08 14:20:57.817999,Seoul-a487,-29,76,Normal
2026-02-08 14:20:58.817999,Seoul-a487,30,87,Normal
2026-02-08 14:20:59.817999,Seoul-a487,-16,88,Normal
2026-02-08 14:21:00.817999,Seoul-a487,11,12,Normal
2026-02-08 14:21:01.817999,Seoul-a487,5,36,Normal
2026-02-08 14:21:02.817999,Seoul-a487,10,80,Normal
2026-02-08 14:21:03.817999,Seoul-a487,7,26,Normal
2026-02-08 14:21:04.817999,Seoul-a487,-22,83,Normal
2026-02-08 14:21:05.817999,Seoul-a487,-15,39,Normal
2026-02-08 14:21:06.817999,Seoul-a487,46,9,Normal
2026-02-08 14:21:07.817999,Seoul-a487,-11,4,Normal
2026-02-08 14:21:08.817999,Seoul-a487,13,43,Normal
2026-02-08 14:21:09.817999,Seoul-a487,0,2,Normal
2026-02-08 14:21:10.817999,Seoul-a487,-15,44,Normal
2026-02-08 14:21:11.817999,Seoul-a487,23,59,Normal
2026-02-08 14:21:12.817999,Seoul-a487,10,55,Normal
2026-02-08 14:21:13.817999,Seoul-a487,23,34,Normal
2026-02-08 14:21:14.817999,Seoul-a487,10,95,Normal
2026-02-08 14:21:15.817999,Seoul-a487,-26,52,Normal
2026-02-08 14:21:16.817999,Seoul-a487,49,0,Normal
2026-02-08 14:21:17.817999,Seoul-a487,5,86,Normal
2026-02-08 14:21:18.817999,Seoul-a487,-18,39,Normal
2026-02-08 14:21:19.817999,Seoul-a487,-24,0,Normal
2026-02-08 14:21:20.817999,Seoul-a487,-11,27,Normal
2026-02-08 14:21:21.817999,Seoul-a487,35,1,Normal
2026-02-08 14:21:22.817999,Seoul-a487,-13,4,Normal
2026-02-08 14:21:23.817999,Seoul-a487,39,1,Normal
2026-02-08 14:21:24.817999,Seoul-a487,-14,18,Normal
2026-02-08 14:21:25.817999,Seoul-a487,9,25,Normal
2026-02-08 14:21:26.817999,Seoul-a487,8,91,Normal
2026-02-08 14:21:27.817999,Seoul-a487,3,73,Normal
2026-02-08 14:21:28.817999,Seoul-a487,-28,24,Normal
2026-02-08 14:21:29.817999,Seoul-a487,22,18,Normal
2026-02-08 14:21:30.817999,Seoul-a487,30,21,Normal
2026-02-08 14:21:31.817999,Seoul-a487,2,29,Normal
2026-02-08 14:21:32.817999,Seoul-a487,47,78,Normal
2026-02-08 14:21:33.817999,Seoul-a487,-14,43,Normal
2026-02-08 14:21:34.817999,Seoul-a487,50,61,Normal
2026-02-08 14:21:35.817999,Seoul-a487,18,1,Normal
2026-02-08 14:21:36.817999,Seoul-a487,-26,61,Normal
2026-02-08 14:21:37.817999,Seoul-a487,2,13,Normal
2026-02-08 14:21:38.817999,Seoul-a487,-20,6,Normal
2026-02-08 14:21:39.817999,Seoul-a487,6,35,Normal
2026-02-08 14:21:40.817999,Seoul-a487,-2,3,Normal
2026-02-08 14:21:41.817999,Seoul-a487,7,0,Normal
2026-02-08 14:21:42.817999,Seoul-a487,-20,99,Normal
2026-02-08 14:21:43.817999,Seoul-a487,-20,0,Normal
2026-02-08 14:21:44.817999,Seoul-a487,25,96,Normal
2026-02-08 14:21:45.817999,Seoul-a487,-1,23,Normal
2026-02-08 14:21:46.817999,Seoul-a487,25,60,Normal
2026-02-08 14:21:47.817999,Seoul-a487,43,76,Normal
2026-02-08 14:21:48.817999,Seoul-a487,-1,82,Normal
2026-02-08 14:21:49.817999,Seoul-a487,16,80,Normal
2026-02-08 14:21:50.817999,Seoul-a487,-27,63,Normal
2026-02-08 14:21:51.817999,Seoul-a487,-27,61,Normal
2026-02-08 14:21:52.817999,Seoul-a487,5,58,Normal
2026-02-08 14:21:53.817999,Seoul-a487,39,71,Normal
2026-02-08 14:21:54.817999,Seoul-a487,26,83,Normal
2026-02-08 14:21:55.817999,Seoul-a487,24,98,Normal
2026-02-08 14:21:56.817999,Seoul-a487,-29,51,Normal
2026-02-08 14:21:57.817999,Seoul-a487,33,84,Normal
2026-02-08 14:21:58.817999,Seoul-a487,5,38,Normal
2026-02-08 14:21:59.817999,Seoul-a487,-8,88,Normal
2026-02-08 14:22:00.817999,Seoul-a487,27,38,Normal
2026-02-08 14:22:01.817999,Seoul-a487,-17,6,Normal
2026-02-08 14:22:02.817999,Seoul-a487,-10,81,Normal
2026-02-08 14:22:03.817999,Seoul-a487,-16,78,Normal
2026-02-08 14:22:04.817999,Seoul-a487,-20,35,Normal
2026-02-08 14:22:05.817999,Seoul-a487,5,46,Normal
2026-02-08 14:22:06.817999,Seoul-a487,20,39,Normal
2026-02-08 14:22:07.817999,Seoul-a487,-11,94,Normal
2026-02-08 14:22:08.817999,Seoul-a487,-5,36,Normal
2026-02-08 14:22:09.817999,Seoul-a487,-11,94,Normal
2026-02-08 14:22:10.817999,Seoul-a487,-17,17,Normal
2026-02-08 14:22:11.817999,Seoul-a487,48,50,Normal
2026-02-08 14:22:12.817999,Seoul-a487,12,30,Normal
2026-02-08 14:22:13.817999,Seoul-a487,-22,77,Normal
2026-02-08 14:22:14.817999,Seoul-a487,-5,56,Normal
2026-02-08 14:22:15.817999,Seoul-a487,48,31,Normal
2026-02-08 14:22:16.817999,Seoul-a487,50,63,Normal
2026-02-08 14:22:17.817999,Seoul-a487,50,27,Normal
2026-02-08 14:22:18.817999,Seoul-a487,-6,63,Normal
2026-02-08 14:22:19.817999,Seoul-a487,44,88,Normal
2026-02-08 14:22:20.817999,Seoul-a487,-7,95,Normal
2026-02-08 14:22:21.817999,Seoul-a487,50,21,Normal
2026-02-08 14:22:22.817999,Seoul-a487,20,69,Normal
2026-02-08 14:22:23.817999,Seoul-a487,-19,19,Normal
2026-02-08 14:22:24.817999,Seoul-a487,10,8,Normal
2026-02-08 14:22:25.817999,Seoul-a487,16,72,Normal
2026-02-08 14:22:26.817999,Seoul-a487,37,77,Normal
2026-02-08 14:22:27.817999,Seoul-a487,-17,35,Normal
2026-02-08 14:22:28.817999,Seoul-a487,-4,36,Normal
2026-02-08 14:22:29.817999,Seoul-a487,7,80,Normal
2026-02-08 14:22:30.817999,Seoul-a487,-3,15,Normal
2026-02-08 14:22:31.817999,Seoul-a487,42,76,Normal
2026-02-08 14:22:32.817999,Seoul-a487,42,16,Normal
2026-02-08 14:22:33.817999,Seoul-a487,44,24,Normal
2026-02-08 14:22:34.817999,Seoul-a487,31,37,Normal
2026-02-08 14:22:35.817999,Seoul-a487,24,62,Normal
2026-02-08 14:22:36.817999,Seoul-a487,-21,64,Normal
2026-02-08 14:22:37.817999,Seoul-a487,45,19,Normal
2026-02-08 14:22:38.817999,Seoul-a487,-11,21,Normal
2026-02-08 14:22:39.817999,Seoul-a487,28,91,Normal
2026-02-08 14:22:40.817999,Seoul-a487,23,39,Normal
2026-02-08 14:22:41.817999,Seoul-a487,-5,27,Normal
2026-02-08 14:22:42.817999,Seoul-a487,48,42,Normal
2026-02-08 14:22:43.817999,Seoul-a487,-3,23,Normal
2026-02-08 14:22:44.817999,Seoul-a487,39,55,Normal
2026-02-08 14:22:45.817999,Seoul-a487,-18,30,Normal
2026-02-08 14:22:46.817999,Seoul-a487,-21,50,Normal
2026-02-08 14:22:47.817999,Seoul-a487,-13,35,Normal
2026-02-08 14:22:48.817999,Seoul-a487,-15,59,Normal
2026-02-08 14:22:49.817999,Seoul-a487,-5,35,Normal
2026-02-08 14:22:50.817999,Seoul-a487,38,91,Normal
2026-02-08 14:22:51.817999,Seoul-a487,35,53,Normal
2026-02-08 14:22:52.817999,Seoul-a487,45,42,Normal
2026-02-08 14:22:53.817999,Seoul-a487,18,85,Normal
2026-02-08 14:22:54.817999,Seoul-a487,6,86,Normal
2026-02-08 14:22:55.817999,Seoul-a487,-25,36,Normal
2026-02-08 14:22:56.817999,Seoul-a487,16,41,Normal
2026-02-08 14:22:57.817999,Seoul-a487,-22,99,Normal
2026-02-08 14:22:58.817999,Seoul-a487,3,96,Normal
2026-02-08 14:22:59.817999,Seoul-a487,4,77,Normal
2026-02-08 14:23:00.817999,Seoul-a487,8,92,Normal
2026-02-08 14:23:01.817999,Seoul-a487,-8,66,Normal
2026-02-08 14:23:02.817999,Seoul-a487,14,81,Normal
2026-02-08 14:23:03.817999,Seoul-a487,-16,37,Normal
2026-02-08 14:23:04.817999,Seoul-a487,3,29,Normal
2026-02-08 14:23:05.817999,Seoul-a487,25,37,Normal
2026-02-08 14:23:06.817999,Seoul-a487,3,1,Normal
2026-02-08 14:23:07.817999,Seoul-a487,40,23,Normal
2026-02-08 14:23:08.817999,Seoul-a487,-19,25,Normal
2026-02-08 14:23:09.817999,Seoul-a487,-14,99,Normal
2026-02-08 14:23:10.817999,Seoul-a487,26,87,Normal
2026-02-08 14:23:11.817999,Seoul-a487,41,35,Normal
2026-02-08 14:23:12.817999,Seoul-a487,49,85,Normal
2026-02-08 14:23:13.817999,Seoul-a487,33,24,Normal
2026-02-08 14:23:14.817999,Seoul-a487,24,80,Normal
2026-02-08 14:23:15.817999,Seoul-a487,-13,47,Normal
2026-02-08 14:23:16.817999,Seoul-a487,24,96,Normal
2026-02-08 14:23:17.817999,Seoul-a487,-20,1,Normal
2026-02-08 14:23:18.817999,Seoul-a487,-16,87,Normal
2026-02-08 14:23:19.817999,Seoul-a487,42,57,Normal
2026-02-08 14:23:20.817999,Seoul-a487,7,79,Normal
2026-02-08 14:23:21.817999,Seoul-a487,-19,59,Normal
2026-02-08 14:23:22.817999,Seoul-a487,10,81,Normal
2026-02-08 14:23:23.817999,Seoul-a487,11,11,Normal
2026-02-08 14:23:24.817999,Seoul-a487,16,96,Normal
2026-02-08 14:23:25.817999,Seoul-a487,-1,61,Normal
2026-02-08 14:23:26.817999,Seoul-a487,11,19,Normal
2026-02-08 14:23:27.817999,Seoul-a487,24,16,Normal
2026-02-08 14:23:28.817999,Seoul-a487,-3,48,Normal
2026-02-08 14:23:29.817999,Seoul-a487,25,41,Normal
2026-02-08 14:23:30.817999,Seoul-a487,-28,65,Normal
2026-02-08 14:23:31.817999,Seoul-a487,16,44,Normal
2026-02-08 14:23:32.817999,Seoul-a487,4,57,Normal
2026-02-08 14:23:33.817999,Seoul-a487,9,43,Normal
2026-02-08 14:23:34.817999,Seoul-a487,46,74,Normal
2026-02-08 14:23:35.817999,Seoul-a487,12,61,Normal
2026-02-08 14:23:36.817999,Seoul-a487,5,94,Normal
2026-02-08 14:23:37.817999,Seoul-a487,-3,89,Normal
2026-02-08 14:23:38.817999,Seoul-a487,29,32,Normal
2026-02-08 14:23:39.817999,Seoul-a487,6,54,Normal
2026-02-08 14:23:40.817999,Seoul-a487,-21,37,Normal
2026-02-08 14:23:41.817999,Seoul-a487,11,23,Normal
2026-02-08 14:23:42.817999,Seoul-a487,15,62,Normal
2026-02-08 14:23:43.817999,Seoul-a487,-12,52,Normal
2026-02-08 14:23:44.817999,Seoul-a487,45,5,Normal
2026-02-08 14:23:45.817999,Seoul-a487,-14,87,Normal
2026-02-08 14:23:46.817999,Seoul-a487,-19,74,Normal
2026-02-08 14:23:47.817999,Seoul-a487,8,71,Normal
2026-02-08 14:23:48.817999,Seoul-a487,-23,34,Normal
2026-02-08 14:23:49.817999,Seoul-a487,38,95,Normal
2026-02-08 14:23:50.817999,Seoul-a487,48,39,Normal
2026-02-08 14:23:51.817999,Seoul-a487,-27,36,Normal
2026-02-08 14:23:52.817999,Seoul-a487,-12,75,Normal
2026-02-08 14:23:53.817999,Seoul-a487,30,74,Normal
2026-02-08 14:23:54.817999,Seoul-a487,15,41,Normal
2026-02-08 14:23:55.817999,Seoul-a487,12,14,Normal
2026-02-08 14:23:56.817999,Seoul-a487,31,61,Normal
2026-02-08 14:23:57.817999,Seoul-a487,21,72,Normal
2026-02-08 14:23:58.817999,Seoul-a487,8,14,Normal
2026-02-08 14:23:59.817999,Seoul-a487,22,100,Normal
2026-02-08 14:24:00.817999,Seoul-a487,22,72,Normal
2026-02-08 14:24:01.817999,Seoul-a487,-17,56,Normal
2026-02-08 14:24:02.817999,Seoul-a487,33,63,Normal
2026-02-08 14:24:03.817999,Seoul-a487,11,90,Normal
2026-02-08 14:24:04.817999,Seoul-a487,-13,78,Normal
2026-02-08 14:24:05.817999,Seoul-a487,26,17,Normal
2026-02-08 14:24:06.817999,Seoul-a487,-8,13,Normal
2026-02-08 14:24:07.817999,Seoul-a487,14,43,Normal
2026-02-08 14:24:08.817999,Seoul-a487,2,20,Normal
2026-02-08 14:24:09.817999,Seoul-a487,47,88,Normal
2026-02-08 14:24:10.817999,Seoul-a487,27,5,Normal
2026-02-08 14:24:11.817999,Seoul-a487,2,26,Normal
2026-02-08 14:24:12.817999,Seoul-a487,8,13,Normal
2026-02-08 14:24:13.817999,Seoul-a487,-6,31,Normal
2026-02-08 14:24:14.817999,Seoul-a487,18,96,Normal
2026-02-08 14:24:15.817999,Seoul-a487,-18,62,Normal
2026-02-08 14:24:16.817999,Seoul-a487,50,83,Normal
2026-02-08 14:24:17.817999,Seoul-a487,-4,70,Normal
2026-02-08 14:24:18.817999,Seoul-a487,45,47,Normal
2026-02-08 14:24:19.817999,Seoul-a487,10,21,Normal
2026-02-08 14:24:20.817999,Seoul-a487,5,92,Normal
2026-02-08 14:24:21.817999,Seoul-a487,-17,10,Normal
2026-02-08 14:24:22.817999,Seoul-a487,-19,37,Normal
2026-02-08 14:24:23.817999,Seoul-a487,-27,58,Normal
2026-02-08 14:24:24.817999,Seoul-a487,-14,20,Normal
2026-02-08 14:24:25.817999,Seoul-a487,-27,3,Normal
2026-02-08 14:24:26.817999,Seoul-a487,45,63,Normal
2026-02-08 14:24:27.817999,Seoul-a487,21,21,Normal
2026-02-08 14:24:28.817999,Seoul-a487,26,55,Normal
2026-02-08 14:24:29.817999,Seoul-a487,-1,19,Normal
2026-02-08 14:24:30.817999,Seoul-a487,25,30,Normal
2026-02-08 14:24:31.817999,Seoul-a487,47,63,Normal
2026-02-08 14:24:32.817999,Seoul-a487,28,9,Normal
2026-02-08 14:24:33.817999,Seoul-a487,28,90,Normal
2026-02-08 14:24:34.817999,Seoul-a487,31,51,Normal
2026-02-08 14:24:35.817999,Seoul-a487,32,90,Normal
2026-02-08 14:24:36.817999,Seoul-a487,-2,7,Normal
2026-02-08 14:24:37.817999,Seoul-a487,-1,1,Normal
2026-02-08 14:24:38.817999,Seoul-a487,6,10,Normal
2026-02-08 14:24:39.817999,Seoul-a487,-11,61,Normal
2026-02-08 14:24:40.817999,Seoul-a487,0,88,Normal
2026-02-08 14:24:41.817999,Seoul-a487,14,93,Normal
2026-02-08 14:24:42.817999,Seoul-a487,-6,21,Normal
2026-02-08 14:24:43.817999,Seoul-a487,33,55,Normal
2026-02-08 14:24:44.817999,Seoul-a487,-20,21,Normal
2026-02-08 14:24:45.817999,Seoul-a487,29,83,Normal
2026-02-08 14:24:46.817999,Seoul-a487,17,15,Normal
2026-02-08 14:24:47.817999,Seoul-a487,-11,94,Normal
2026-02-08 14:24:48.817999,Seoul-a487,0,10,Normal
2026-02-08 14:24:49.817999,Seoul-a487,13,63,Normal
2026-02-08 14:24:50.817999,Seoul-a487,1,21,Normal
2026-02-08 14:24:51.817999,Seoul-a487,-3,12,Normal
2026-02-08 14:24:52.817999,Seoul-a487,-8,53,Normal
2026-02-08 14:24:53.817999,Seoul-a487,-3,44,Normal
2026-02-08 14:24:54.817999,Seoul-a487,46,88,Normal
2026-02-08 14:24:55.817999,Seoul-a487,-18,40,Normal
2026-02-08 14:24:56.817999,Seoul-a487,44,14,Normal
2026-02-08 14:24:57.817999,Seoul-a487,35,41,Normal
2026-02-08 14:24:58.817999,Seoul-a487,5,88,Normal
2026-02-08 14:24:59.817999,Seoul-a487,-21,23,Normal
2026-02-08 14:25:00.817999,Seoul-a487,-23,93,Normal
2026-02-08 14:25:01.817999,Seoul-a487,43,37,Normal
2026-02-08 14:25:02.817999,Seoul-a487,-8,37,Normal
2026-02-08 14:25:03.817999,Seoul-a487,-6,76,Normal
2026-02-08 14:25:04.817999,Seoul-a487,29,29,Normal
2026-02-08 14:25:05.817999,Seoul-a487,-21,42,Normal
2026-02-08 14:25:06.817999,Seoul-a487,-28,63,Normal
2026-02-08 14:25:07.817999,Seoul-a487,41,72,Normal
2026-02-08 14:25:08.817999,Seoul-a487,11,83,Normal
2026-02-08 14:25:09.817999,Seoul-a487,46,46,Normal
2026-02-08 14:25:10.817999,Seoul-a487,-7,25,Normal
2026-02-08 14:25:11.817999,Seoul-a487,44,69,Normal
2026-02-08 14:25:12.817999,Seoul-a487,46,89,Normal
2026-02-08 14:25:13.817999,Seoul-a487,12,41,Normal
2026-02-08 14:25:14.817999,Seoul-a487,-25,55,Normal
2026-02-08 14:25:15.817999,Seoul-a487,41,2,Normal
2026-02-08 14:25:16.817999,Seoul-a487,-16,70,Normal
2026-02-08 14:25:17.817999,Seoul-a487,43,77,Normal
2026-02-08 14:25:18.817999,Seoul-a487,27,34,Normal
2026-02-08 14:25:19.817999,Seoul-a487,-30,3,Normal
2026-02-08 14:25:20.817999,Seoul-a487,17,56,Normal
2026-02-08 14:25:21.817999,Seoul-a487,32,93,Normal
2026-02-08 14:25:22.817999,Seoul-a487,28,80,Normal
2026-02-08 14:25:23.817999,Seoul-a487,38,76,Normal
2026-02-08 14:25:24.817999,Seoul-a487,1,23,Normal
2026-02-08 14:25:25.817999,Seoul-a487,-17,12,Normal
2026-02-08 14:25:26.817999,Seoul-a487,10,22,Normal
2026-02-08 14:25:27.817999,Seoul-a487,32,43,Normal
2026-02-08 14:25:28.817999,Seoul-a487,46,81,Normal
2026-02-08 14:25:29.817999,Seoul-a487,42,73,Normal
2026-02-08 14:25:30.817999,Seoul-a487,6,32,Normal
2026-02-08 14:25:31.817999,Seoul-a487,-26,68,Normal
2026-02-08 14:25:32.817999,Seoul-a487,-24,99,Normal
2026-02-08 14:25:33.817999,Seoul-a487,40,29,Normal
2026-02-08 14:25:34.817999,Seoul-a487,-29,33,Normal
2026-02-08 14:25:35.817999,Seoul-a487,-27,98,Normal
2026-02-08 14:25:36.817999,Seoul-a487,49,59,Normal
2026-02-08 14:25:37.817999,Seoul-a487,46,31,Normal
2026-02-08 14:25:38.817999,Seoul-a487,-28,20,Normal
2026-02-08 14:25:39.817999,Seoul-a487,29,55,Normal
2026-02-08 14:25:40.817999,Seoul-a487,-4,91,Normal
2026-02-08 14:25:41.817999,Seoul-a487,36,18,Normal
2026-02-08 14:25:42.817999,Seoul-a487,49,56,Normal
2026-02-08 14:25:43.817999,Seoul-a487,-9,35,Normal
2026-02-08 14:25:44.817999,Seoul-a487,1,83,Normal
2026-02-08 14:25:45.817999,Seoul-a487,46,75,Normal
2026-02-08 14:25:46.817999,Seoul-a487,18,27,Normal
2026-02-08 14:25:47.817999,Seoul-a487,32,90,Normal
2026-02-08 14:25:48.817999,Seoul-a487,45,27,Normal
2026-02-08 14:25:49.817999,Seoul-a487,19,53,Normal
2026-02-08 14:25:50.817999,Seoul-a487,12,44,Normal
2026-02-08 14:25:51.817999,Seoul-a487,-8,41,Normal
2026-02-08 14:25:52.817999,Seoul-a487,10,33,Normal
2026-02-08 14:25:53.817999,Seoul-a487,14,74,Normal
2026-02-08 14:25:54.817999,Seoul-a487,-11,5,Normal
2026-02-08 14:25:55.817999,Seoul-a487,-21,97,Normal
2026-02-08 14:25:56.817999,Seoul-a487,18,14,Normal
2026-02-08 14:25:57.817999,Seoul-a487,-24,22,Normal
2026-02-08 14:25:58.817999,Seoul-a487,41,92,Normal
2026-02-08 14:25:59.817999,Seoul-a487,-11,71,Normal
2026-02-08 14:26:00.817999,Seoul-a487,7,54,Normal
2026-02-08 14:26:01.817999,Seoul-a487,37,85,Normal
2026-02-08 14:26:02.817999,Seoul-a487,23,48,Normal
2026-02-08 14:26:03.817999,Seoul-a487,23,77,Normal
2026-02-08 14:26:04.817999,Seoul-a487,-29,11,Normal
2026-02-08 14:26:05.817999,Seoul-a487,-22,11,Normal
2026-02-08 14:26:06.817999,Seoul-a487,8,29,Normal
2026-02-08 14:26:07.817999,Seoul-a487,38,34,Normal
2026-02-08 14:26:08.817999,Seoul-a487,15,21,Normal
2026-02-08 14:26:09.817999,Seoul-a487,-14,75,Normal
2026-02-08 14:26:10.817999,Seoul-a487,9,78,Normal
2026-02-08 14:26:11.817999,Seoul-a487,21,80,Normal
2026-02-08 14:26:12.817999,Seoul-a487,36,5,Normal
2026-02-08 14:26:13.817999,Seoul-a487,37,7,Normal
2026-02-08 14:26:14.817999,Seoul-a487,6,81,Normal
2026-02-08 14:26:15.817999,Seoul-a487,-23,85,Normal
2026-02-08 14:26:16.817999,Seoul-a487,0,83,Normal
2026-02-08 14:26:17.817999,Seoul-a487,32,4,Normal
2026-02-08 14:26:18.817999,Seoul-a487,40,55,Normal
2026-02-08 14:26:19.817999,Seoul-a487,24,75,Normal
2026-02-08 14:26:20.817999,Seoul-a487,-2,0,Normal
2026-02-08 14:26:21.817999,Seoul-a487,-26,68,Normal
2026-02-08 14:26:22.817999,Seoul-a487,-23,84,Normal
2026-02-08 14:26:23.817999,Seoul-a487,37,95,Normal
2026-02-08 14:26:24.817999,Seoul-a487,-14,84,Normal
2026-02-08 14:26:25.817999,Seoul-a487,28,63,Normal
2026-02-08 14:26:26.817999,Seoul-a487,-26,71,Normal
2026-02-08 14:26:27.817999,Seoul-a487,27,8,Normal
2026-02-08 14:26:28.817999,Seoul-a487,-28,98,Normal
2026-02-08 14:26:29.817999,Seoul-a487,-17,43,Normal
2026-02-08 14:26:30.817999,Seoul-a487,49,9,Normal
2026-02-08 14:26:31.817999,Seoul-a487,-20,18,Normal
2026-02-08 14:26:32.817999,Seoul-a487,34,8,Normal
2026-02-08 14:26:33.817999,Seoul-a487,29,55,Normal
2026-02-08 14:26:34.817999,Seoul-a487,44,85,Normal
2026-02-08 14:26:35.817999,Seoul-a487,-20,25,Normal
2026-02-08 14:26:36.817999,Seoul-a487,49,97,Normal
2026-02-08 14:26:37.817999,Seoul-a487,41,29,Normal
2026-02-08 14:26:38.817999,Seoul-a487,50,72,Normal
2026-02-08 14:26:39.817999,Seoul-a487,15,21,Normal
2026-02-08 14:26:40.817999,Seoul-a487,50,80,Normal
2026-02-08 14:26:41.817999,Seoul-a487,0,23,Normal
2026-02-08 14:26:42.817999,Seoul-a487,-1,33,Normal
2026-02-08 14:26:43.817999,Seoul-a487,-21,16,Normal
2026-02-08 14:26:44.817999,Seoul-a487,8,98,Normal
2026-02-08 14:26:45.817999,Seoul-a487,-8,75,Normal
2026-02-08 14:26:46.817999,Seoul-a487,8,66,Normal
2026-02-08 14:26:47.817999,Seoul-a487,47,4,Normal
2026-02-08 14:26:48.817999,Seoul-a487,36,96,Normal
2026-02-08 14:26:49.817999,Seoul-a487,48,44,Normal
2026-02-08 14:26:50.817999,Seoul-a487,49,71,Normal
2026-02-08 14:26:51.817999,Seoul-a487,17,55,Normal
2026-02-08 14:26:52.817999,Seoul-a487,35,88,Normal
2026-02-08 14:26:53.817999,Seoul-a487,-19,37,Normal
2026-02-08 14:26:54.817999,Seoul-a487,11,61,Normal
2026-02-08 14:26:55.817999,Seoul-a487,42,51,Normal
2026-02-08 14:26:56.817999,Seoul-a487,2,75,Normal
2026-02-08 14:26:57.817999,Seoul-a487,33,28,Normal
2026-02-08 14:26:58.817999,Seoul-a487,21,64,Normal
2026-02-08 14:26:59.817999,Seoul-a487,-24,27,Normal
2026-02-08 14:27:00.817999,Seoul-a487,-15,74,Normal
2026-02-08 14:27:01.817999,Seoul-a487,-4,9,Normal
2026-02-08 14:27:02.817999,Seoul-a487,-14,31,Normal
2026-02-08 14:27:03.817999,Seoul-a487,-27,89,Normal
2026-02-08 14:27:04.817999,Seoul-a487,3,12,Normal
2026-02-08 14:27:05.817999,Seoul-a487,-9,28,Normal
2026-02-08 14:27:06.817999,Seoul-a487,-10,23,Normal
2026-02-08 14:27:07.817999,Seoul-a487,10,97,Normal
2026-02-08 14:27:08.817999,Seoul-a487,7,10,Normal
2026-02-08 14:27:09.817999,Seoul-a487,22,94,Normal
2026-02-08 14:27:10.817999,Seoul-a487,40,11,Normal
2026-02-08 14:27:11.817999,Seoul-a487,4,77,Normal
2026-02-08 14:27:12.817999,Seoul-a487,15,28,Normal
2026-02-08 14:27:13.817999,Seoul-a487,-26,47,Normal
2026-02-08 14:27:14.817999,Seoul-a487,-19,30,Normal
2026-02-08 14:27:15.817999,Seoul-a487,-22,17,Normal
2026-02-08 14:27:16.817999,Seoul-a487,50,92,Normal
2026-02-08 14:27:17.817999,Seoul-a487,-19,90,Normal
2026-02-08 14:27:18.817999,Seoul-a487,36,75,Normal
2026-02-08 14:27:19.817999,Seoul-a487,26,80,Normal
2026-02-08 14:27:20.817999,Seoul-a487,19,68,Normal
2026-02-08 14:27:21.817999,Seoul-a487,-16,96,Normal
2026-02-08 14:27:22.817999,Seoul-a487,13,71,Normal
2026-02-08 14:27:23.817999,Seoul-a487,31,53,Normal
2026-02-08 14:27:24.817999,Seoul-a487,-18,56,Normal
2026-02-08 14:27:25.817999,Seoul-a487,-11,83,Normal
2026-02-08 14:27:26.817999,Seoul-a487,35,24,Normal
2026-02-08 14:27:27.817999,Seoul-a487,-30,88,Normal
2026-02-08 14:27:28.817999,Seoul-a487,-15,83,Normal
2026-02-08 14:27:29.817999,Seoul-a487,44,8,Normal
2026-02-08 14:27:30.817999,Seoul-a487,-24,76,Normal
2026-02-08 14:27:31.817999,Seoul-a487,24,16,Normal
2026-02-08 14:27:32.817999,Seoul-a487,38,83,Normal
2026-02-08 14:27:33.817999,Seoul-a487,-23,30,Normal
2026-02-08 14:27:34.817999,Seoul-a487,50,94,Normal
2026-02-08 14:27:35.817999,Seoul-a487,3,74,Normal
2026-02-08 14:27:36.817999,Seoul-a487,37,15,Normal
2026-02-08 14:27:37.817999,Seoul-a487,18,1,Normal
2026-02-08 14:27:38.817999,Seoul-a487,-30,90,Normal
2026-02-08 14:27:39.817999,Seoul-a487,-8,27,Normal
2026-02-08 14:27:40.817999,Seoul-a487,34,69,Normal
2026-02-08 14:27:41.817999,Seoul-a487,2,4,Normal
2026-02-08 14:27:42.817999,Seoul-a487,27,38,Normal
2026-02-08 14:27:43.817999,Seoul-a487,21,59,Normal
2026-02-08 14:27:44.817999,Seoul-a487,46,34,Normal
2026-02-08 14:27:45.817999,Seoul-a487,-15,74,Normal
2026-02-08 14:27:46.817999,Seoul-a487,49,9,Normal
2026-02-08 14:27:47.817999,Seoul-a487,14,68,Normal
2026-02-08 14:27:48.817999,Seoul-a487,38,14,Normal
2026-02-08 14:27:49.817999,Seoul-a487,-10,61,Normal
2026-02-08 14:27:50.817999,Seoul-a487,12,71,Normal
2026-02-08 14:27:51.817999,Seoul-a487,39,79,Normal
2026-02-08 14:27:52.817999,Seoul-a487,-24,26,Normal
2026-02-08 14:27:53.817999,Seoul-a487,-11,66,Normal
2026-02-08 14:27:54.817999,Seoul-a487,23,13,Normal
2026-02-08 14:27:55.817999,Seoul-a487,45,97,Normal
2026-02-08 14:27:56.817999,Seoul-a487,25,50,Normal
2026-02-08 14:27:57.817999,Seoul-a487,49,8,Normal
2026-02-08 14:27:58.817999,Seoul-a487,6,9,Normal
2026-02-08 14:27:59.817999,Seoul-a487,-21,17,Normal
2026-02-08 14:28:00.817999,Seoul-a487,-4,48,Normal
2026-02-08 14:28:01.817999,Seoul-a487,30,32,Normal
2026-02-08 14:28:02.817999,Seoul-a487,30,44,Normal
2026-02-08 14:28:03.817999,Seoul-a487,39,23,Normal
2026-02-08 14:28:04.817999,Seoul-a487,13,59,Normal
2026-02-08 14:28:05.817999,Seoul-a487,-15,65,Normal
2026-02-08 14:28:06.817999,Seoul-a487,9,84,Normal
2026-02-08 14:28:07.817999,Seoul-a487,13,94,Normal
2026-02-08 14:28:08.817999,Seoul-a487,48,0,Normal
2026-02-08 14:28:09.817999,Seoul-a487,-24,80,Normal
2026-02-08 14:28:10.817999,Seoul-a487,-29,77,Normal
2026-02-08 14:28:11.817999,Seoul-a487,3,7,Normal
2026-02-08 14:28:12.817999,Seoul-a487,21,19,Normal
2026-02-08 14:28:13.817999,Seoul-a487,34,71,Normal
2026-02-08 14:28:14.817999,Seoul-a487,46,18,Normal
2026-02-08 14:28:15.817999,Seoul-a487,10,5,Normal
2026-02-08 14:28:16.817999,Seoul-a487,39,18,Normal
2026-02-08 14:28:17.817999,Seoul-a487,38,5,Normal
2026-02-08 14:28:18.817999,Seoul-a487,25,59,Normal
2026-02-08 14:28:19.817999,Seoul-a487,23,83,Normal
2026-02-08 14:28:20.817999,Seoul-a487,-14,13,Normal
2026-02-08 14:28:21.817999,Seoul-a487,-14,6,Normal
2026-02-08 14:28:22.817999,Seoul-a487,36,28,Normal
2026-02-08 14:28:23.817999,Seoul-a487,37,34,Normal
2026-02-08 14:28:24.817999,Seoul-a487,41,2,Normal
2026-02-08 14:28:25.817999,Seoul-a487,7,65,Normal
2026-02-08 14:28:26.817999,Seoul-a487,17,64,Normal
2026-02-08 14:28:27.817999,Seoul-a487,21,74,Normal
2026-02-08 14:28:28.817999,Seoul-a487,49,6,Normal
2026-02-08 14:28:29.817999,Seoul-a487,49,22,Normal
2026-02-08 14:28:30.817999,Seoul-a487,34,11,Normal
2026-02-08 14:28:31.817999,Seoul-a487,-28,98,Normal
2026-02-08 14:28:32.817999,Seoul-a487,-30,93,Normal
2026-02-08 14:28:33.817999,Seoul-a487,48,5,Normal
2026-02-08 14:28:34.817999,Seoul-a487,-24,0,Normal
2026-02-08 14:28:35.817999,Seoul-a487,-26,90,Normal
2026-02-08 14:28:36.817999,Seoul-a487,-10,16,Normal
2026-02-08 14:28:37.817999,Seoul-a487,-17,30,Normal
2026-02-08 14:28:38.817999,Seoul-a487,27,42,Normal
2026-02-08 14:28:39.817999,Seoul-a487,-5,87,Normal
2026-02-08 14:28:40.817999,Seoul-a487,-1,5,Normal
2026-02-08 14:28:41.817999,Seoul-a487,27,30,Normal
2026-02-08 14:28:42.817999,Seoul-a487,-8,86,Normal
2026-02-08 14:28:43.817999,Seoul-a487,-24,21,Normal
2026-02-08 14:28:44.817999,Seoul-a487,46,85,Normal
2026-02-08 14:28:45.817999,Seoul-a487,10,93,Normal
2026-02-08 14:28:46.817999,Seoul-a487,-22,72,Normal
2026-02-08 14:28:47.817999,Seoul-a487,-4,95,Normal
2026-02-08 14:28:48.817999,Seoul-a487,36,44,Normal
2026-02-08 14:28:49.817999,Seoul-a487,37,3,Normal
2026-02-08 14:28:50.817999,Seoul-a487,29,81,Normal
2026-02-08 14:28:51.817999,Seoul-a487,-15,18,Normal
2026-02-08 14:28:52.817999,Seoul-a487,41,31,Normal
2026-02-08 14:28:53.817999,Seoul-a487,17,30,Normal
2026-02-08 14:28:54.817999,Seoul-a487,23,17,Normal
2026-02-08 14:28:55.817999,Seoul-a487,-6,43,Normal
2026-02-08 14:28:56.817999,Seoul-a487,-30,33,Normal
2026-02-08 14:28:57.817999,Seoul-a487,30,4,Normal
2026-02-08 14:28:58.817999,Seoul-a487,-11,92,Normal
2026-02-08 14:28:59.817999,Seoul-a487,-16,36,Normal
2026-02-08 14:29:00.817999,Seoul-a487,26,98,Normal
2026-02-08 14:29:01.817999,Seoul-a487,-3,27,Normal
2026-02-08 14:29:02.817999,Seoul-a487,47,21,Normal
2026-02-08 14:29:03.817999,Seoul-a487,-23,33,Normal
2026-02-08 14:29:04.817999,Seoul-a487,46,69,Normal
2026-02-08 14:29:05.817999,Seoul-a487,-12,54,Normal
2026-02-08 14:29:06.817999,Seoul-a487,-28,91,Normal
2026-02-08 14:29:07.817999,Seoul-a487,24,53,Normal
2026-02-08 14:29:08.817999,Seoul-a487,-22,6,Normal
2026-02-08 14:29:09.817999,Seoul-a487,44,50,Normal
2026-02-08 14:29:10.817999,Seoul-a487,-23,89,Normal
2026-02-08 14:29:11.817999,Seoul-a487,-8,56,Normal
2026-02-08 14:29:12.817999,Seoul-a487,15,23,Normal
2026-02-08 14:29:13.817999,Seoul-a487,18,24,Normal
2026-02-08 14:29:14.817999,Seoul-a487,7,7,Normal
2026-02-08 14:29:15.817999,Seoul-a487,-10,42,Normal
2026-02-08 14:29:16.817999,Seoul-a487,40,97,Normal
2026-02-08 14:29:17.817999,Seoul-a487,-16,82,Normal
2026-02-08 14:29:18.817999,Seoul-a487,-15,5,Normal
2026-02-08 14:29:19.817999,Seoul-a487,7,82,Normal
2026-02-08 14:29:20.817999,Seoul-a487,-5,74,Normal
2026-02-08 14:29:21.817999,Seoul-a487,-16,15,Normal
2026-02-08 14:29:22.817999,Seoul-a487,43,28,Normal
2026-02-08 14:29:23.817999,Seoul-a487,-1,46,Normal
2026-02-08 14:29:24.817999,Seoul-a487,-9,9,Normal
2026-02-08 14:29:25.817999,Seoul-a487,-12,80,Normal
2026-02-08 14:29:26.817999,Seoul-a487,-6,73,Normal
2026-02-08 14:29:27.817999,Seoul-a487,13,2,Normal
2026-02-08 14:29:28.817999,Seoul-a487,-3,92,Normal
2026-02-08 14:29:29.817999,Seoul-a487,33,69,Normal
2026-02-08 14:29:30.817999,Seoul-a487,2,2,Normal
2026-02-08 14:29:31.817999,Seoul-a487,-21,81,Normal
2026-02-08 14:29:32.817999,Seoul-a487,-25,62,Normal
2026-02-08 14:29:33.817999,Seoul-a487,2,38,Normal
2026-02-08 14:29:34.817999,Seoul-a487,47,50,Normal
2026-02-08 14:29:35.817999,Seoul-a487,-11,20,Normal
2026-02-08 14:29:36.817999,Seoul-a487,10,73,Normal
2026-02-08 14:29:37.817999,Seoul-a487,25,11,Normal
2026-02-08 14:29:38.817999,Seoul-a487,1,70,Normal
2026-02-08 14:29:39.817999,Seoul-a487,-9,70,Normal
2026-02-08 14:29:40.817999,Seoul-a487,-27,63,Normal
2026-02-08 14:29:41.817999,Seoul-a487,24,82,Normal
2026-02-08 14:29:42.817999,Seoul-a487,-26,16,Normal
2026-02-08 14:29:43.817999,Seoul-a487,13,25,Normal
2026-02-08 14:29:44.817999,Seoul-a487,47,76,Normal
2026-02-08 14:29:45.817999,Seoul-a487,48,20,Normal
2026-02-08 14:29:46.817999,Seoul-a487,-22,32,Normal
2026-02-08 14:29:47.817999,Seoul-a487,11,77,Normal
2026-02-08 14:29:48.817999,Seoul-a487,-7,33,Normal
2026-02-08 14:29:49.817999,Seoul-a487,-22,47,Normal
2026-02-08 14:29:50.817999,Seoul-a487,-28,80,Normal
2026-02-08 14:29:51.817999,Seoul-a487,49,7,Normal
2026-02-08 14:29:52.817999,Seoul-a487,-9,38,Normal
2026-02-08 14:29:53.817999,Seoul-a487,50,31,Normal
2026-02-08 14:29:54.817999,Seoul-a487,-30,95,Normal
2026-02-08 14:29:55.817999,Seoul-a487,23,4,Normal
2026-02-08 14:29:56.817999,Seoul-a487,-20,48,Normal
2026-02-08 14:29:57.817999,Seoul-a487,7,72,Normal
2026-02-08 14:29:58.817999,Seoul-a487,1,88,Normal
2026-02-08 14:29:59.817999,Seoul-a487,-1,94,Normal
2026-02-08 14:30:00.817999,Seoul-a487,8,13,Normal
2026-02-08 14:30:01.817999,Seoul-a487,45,21,Normal
2026-02-08 14:30:02.817999,Seoul-a487,2,48,Normal
2026-02-08 14:30:03.817999,Seoul-a487,45,62,Normal
2026-02-08 14:30:04.817999,Seoul-a487,2,8,Normal
2026-02-08 14:30:05.817999,Seoul-a487,36,24,Normal
2026-02-08 14:30:06.817999,Seoul-a487,40,83,Normal
2026-02-08 14:30:07.817999,Seoul-a487,13,41,Normal
2026-02-08 14:30:08.817999,Seoul-a487,49,69,Normal
2026-02-08 14:30:09.817999,Seoul-a487,23,63,Normal
2026-02-08 14:30:10.817999,Seoul-a487,-15,18,Normal
2026-02-08 14:30:11.817999,Seoul-a487,36,12,Normal
2026-02-08 14:30:12.817999,Seoul-a487,2,95,Normal
2026-02-08 14:30:13.817999,Seoul-a487,-26,73,Normal
2026-02-08 14:30:14.817999,Seoul-a487,20,75,Normal
2026-02-08 14:30:15.817999,Seoul-a487,40,30,Normal
2026-02-08 14:30:16.817999,Seoul-a487,-11,7,Normal
2026-02-08 14:30:17.817999,Seoul-a487,6,46,Normal
2026-02-08 14:30:18.817999,Seoul-a487,38,65,Normal
2026-02-08 14:30:19.817999,Seoul-a487,-29,19,Normal
2026-02-08 14:30:20.817999,Seoul-a487,12,27,Normal
2026-02-08 14:30:21.817999,Seoul-a487,-19,33,Normal
2026-02-08 14:30:22.817999,Seoul-a487,12,94,Normal
2026-02-08 14:30:23.817999,Seoul-a487,-24,46,Normal
2026-02-08 14:30:24.817999,Seoul-a487,42,73,Normal
2026-02-08 14:30:25.817999,Seoul-a487,45,55,Normal
2026-02-08 14:30:26.817999,Seoul-a487,-1,47,Normal
2026-02-08 14:30:27.817999,Seoul-a487,22,28,Normal
2026-02-08 14:30:28.817999,Seoul-a487,-12,28,Normal
2026-02-08 14:30:29.817999,Seoul-a487,6,60,Normal
2026-02-08 14:30:30.817999,Seoul-a487,10,5,Normal
2026-02-08 14:30:31.817999,Seoul-a487,-3,29,Normal
2026-02-08 14:30:32.817999,Seoul-a487,35,12,Normal
2026-02-08 14:30:33.817999,Seoul-a487,-8,30,Normal
2026-02-08 14:30:34.817999,Seoul-a487,49,97,Normal
2026-02-08 14:30:35.817999,Seoul-a487,29,40,Normal
2026-02-08 14:30:36.817999,Seoul-a487,30,77,Normal
2026-02-08 14:30:37.817999,Seoul-a487,12,86,Normal
2026-02-08 14:30:38.817999,Seoul-a487,-18,73,Normal
2026-02-08 14:30:39.817999,Seoul-a487,-11,30,Normal
2026-02-08 14:30:40.817999,Seoul-a487,-18,76,Normal
2026-02-08 14:30:41.817999,Seoul-a487,-22,10,Normal
2026-02-08 14:30:42.817999,Seoul-a487,39,70,Normal
2026-02-08 14:30:43.817999,Seoul-a487,-5,81,Normal
2026-02-08 14:30:44.817999,Seoul-a487,12,93,Normal
2026-02-08 14:30:45.817999,Seoul-a487,-25,19,Normal
2026-02-08 14:30:46.817999,Seoul-a487,-30,61,Normal
2026-02-08 14:30:47.817999,Seoul-a487,-20,68,Normal
2026-02-08 14:30:48.817999,Seoul-a487,-3,98,Normal
2026-02-08 14:30:49.817999,Seoul-a487,-1,67,Normal
2026-02-08 14:30:50.817999,Seoul-a487,-7,78,Normal
2026-02-08 14:30:51.817999,Seoul-a487,-23,24,Normal
2026-02-08 14:30:52.817999,Seoul-a487,-16,87,Normal
2026-02-08 14:30:53.817999,Seoul-a487,-27,49,Normal
2026-02-08 14:30:54.817999,Seoul-a487,41,72,Normal
2026-02-08 14:30:55.817999,Seoul-a487,14,5,Normal
2026-02-08 14:30:56.817999,Seoul-a487,38,92,Normal
2026-02-08 14:30:57.817999,Seoul-a487,25,45,Normal
2026-02-08 14:30:58.817999,Seoul-a487,-20,87,Normal
2026-02-08 14:30:59.817999,Seoul-a487,-3,55,Normal
2026-02-08 14:31:00.817999,Seoul-a487,38,23,Normal
2026-02-08 14:31:01.817999,Seoul-a487,25,45,Normal
2026-02-08 14:31:02.817999,Seoul-a487,2,0,Normal
2026-02-08 14:31:03.817999,Seoul-a487,41,65,Normal
2026-02-08 14:31:04.817999,Seoul-a487,38,89,Normal
2026-02-08 14:31:05.817999,Seoul-a487,8,94,Normal
2026-02-08 14:31:06.817999,Seoul-a487,16,36,Normal
2026-02-08 14:31:07.817999,Seoul-a487,45,100,Normal
2026-02-08 14:31:08.817999,Seoul-a487,-2,97,Normal
2026-02-08 14:31:09.817999,Seoul-a487,-27,38,Normal
2026-02-08 14:31:10.817999,Seoul-a487,31,9,Normal
2026-02-08 14:31:11.817999,Seoul-a487,34,19,Normal
2026-02-08 14:31:12.817999,Seoul-a487,-20,30,Normal
2026-02-08 14:31:13.817999,Seoul-a487,21,71,Normal
2026-02-08 14:31:14.817999,Seoul-a487,4,25,Normal
2026-02-08 14:31:15.817999,Seoul-a487,17,94,Normal
2026-02-08 14:31:16.817999,Seoul-a487,22,0,Normal
2026-02-08 14:31:17.817999,Seoul-a487,-12,21,Normal
2026-02-08 14:31:18.817999,Seoul-a487,32,67,Normal
2026-02-08 14:31:19.817999,Seoul-a487,3,86,Normal
2026-02-08 14:31:20.817999,Seoul-a487,-24,83,Normal
2026-02-08 14:31:21.817999,Seoul-a487,26,71,Normal
2026-02-08 14:31:22.817999,Seoul-a487,45,25,Normal
2026-02-08 14:31:23.817999,Seoul-a487,48,1,Normal
2026-02-08 14:31:24.817999,Seoul-a487,-27,79,Normal
2026-02-08 14:31:25.817999,Seoul-a487,31,48,Normal
2026-02-08 14:31:26.817999,Seoul-a487,38,29,Normal
2026-02-08 14:31:27.817999,Seoul-a487,27,59,Normal
2026-02-08 14:31:28.817999,Seoul-a487,-14,92,Normal
2026-02-08 14:31:29.817999,Seoul-a487,3,66,Normal
2026-02-08 14:31:30.817999,Seoul-a487,-29,31,Normal
2026-02-08 14:31:31.817999,Seoul-a487,36,26,Normal
2026-02-08 14:31:32.817999,Seoul-a487,0,96,Normal
2026-02-08 14:31:33.817999,Seoul-a487,-28,56,Normal
2026-02-08 14:31:34.817999,Seoul-a487,25,9,Normal
2026-02-08 14:31:35.817999,Seoul-a487,14,36,Normal
2026-02-08 14:31:36.817999,Seoul-a487,36,5,Normal
2026-02-08 14:31:37.817999,Seoul-a487,-17,29,Normal
2026-02-08 14:31:38.817999,Seoul-a487,47,70,Normal
2026-02-08 14:31:39.817999,Seoul-a487,2,24,Normal
2026-02-08 14:31:40.817999,Seoul-a487,41,59,Normal
2026-02-08 14:31:41.817999,Seoul-a487,-15,60,Normal
2026-02-08 14:31:42.817999,Seoul-a487,-28,96,Normal
2026-02-08 14:31:43.817999,Seoul-a487,-11,12,Normal
2026-02-08 14:31:44.817999,Seoul-a487,20,48,Normal
2026-02-08 14:31:45.817999,Seoul-a487,-12,79,Normal
2026-02-08 14:31:46.817999,Seoul-a487,-23,25,Normal
2026-02-08 14:31:47.817999,Seoul-a487,9,48,Normal
2026-02-08 14:31:48.817999,Seoul-a487,20,13,Normal
2026-02-08 14:31:49.817999,Seoul-a487,-27,21,Normal
2026-02-08 14:31:50.817999,Seoul-a487,-26,10,Normal
2026-02-08 14:31:51.817999,Seoul-a487,38,91,Normal
2026-02-08 14:31:52.817999,Seoul-a487,-19,50,Normal
2026-02-08 14:31:53.817999,Seoul-a487,-3,85,Normal
2026-02-08 14:31:54.817999,Seoul-a487,19,15,Normal
2026-02-08 14:31:55.817999,Seoul-a487,29,31,Normal
2026-02-08 14:31:56.817999,Seoul-a487,-13,9,Normal
2026-02-08 14:31:57.817999,Seoul-a487,38,50,Normal
2026-02-08 14:31:58.817999,Seoul-a487,20,95,Normal
2026-02-08 14:31:59.817999,Seoul-a487,-30,70,Normal
2026-02-08 14:32:00.817999,Seoul-a487,-14,54,Normal
2026-02-08 14:32:01.817999,Seoul-a487,-25,94,Normal
2026-02-08 14:32:02.817999,Seoul-a487,4,0,Normal
2026-02-08 14:32:03.817999,Seoul-a487,-10,39,Normal
2026-02-08 14:32:04.817999,Seoul-a487,10,9,Normal
2026-02-08 14:32:05.817999,Seoul-a487,6,90,Normal
2026-02-08 14:32:06.817999,Seoul-a487,-12,67,Normal
2026-02-08 14:32:07.817999,Seoul-a487,-24,50,Normal
2026-02-08 14:32:08.817999,Seoul-a487,35,2,Normal
2026-02-08 14:32:09.817999,Seoul-a487,-23,20,Normal
2026-02-08 14:32:10.817999,Seoul-a487,-28,1,Normal
2026-02-08 14:32:11.817999,Seoul-a487,48,6,Normal
2026-02-08 14:32:12.817999,Seoul-a487,12,61,Normal
2026-02-08 14:32:13.817999,Seoul-a487,46,56,Normal
2026-02-08 14:32:14.817999,Seoul-a487,48,57,Normal
2026-02-08 14:32:15.817999,Seoul-a487,41,71,Normal
2026-02-08 14:32:16.817999,Seoul-a487,20,82,Normal
2026-02-08 14:32:17.817999,Seoul-a487,37,61,Normal
2026-02-08 14:32:18.817999,Seoul-a487,-14,16,Normal
2026-02-08 14:32:19.817999,Seoul-a487,5,21,Normal
2026-02-08 14:32:20.817999,Seoul-a487,37,60,Normal
2026-02-08 14:32:21.817999,Seoul-a487,-6,81,Normal
2026-02-08 14:32:22.817999,Seoul-a487,-16,76,Normal
2026-02-08 14:32:23.817999,Seoul-a487,34,69,Normal
2026-02-08 14:32:24.817999,Seoul-a487,34,61,Normal
2026-02-08 14:32:25.817999,Seoul-a487,9,10,Normal
2026-02-08 14:32:26.817999,Seoul-a487,25,98,Normal
2026-02-08 14:32:27.817999,Seoul-a487,-19,35,Normal
2026-02-08 14:32:28.817999,Seoul-a487,-17,59,Normal
2026-02-08 14:32:29.817999,Seoul-a487,-18,62,Normal
2026-02-08 14:32:30.817999,Seoul-a487,22,55,Normal
2026-02-08 14:32:31.817999,Seoul-a487,-24,87,Normal
2026-02-08 14:32:32.817999,Seoul-a487,-7,51,Normal
2026-02-08 14:32:33.817999,Seoul-a487,-5,66,Normal
2026-02-08 14:32:34.817999,Seoul-a487,-10,6,Normal
2026-02-08 14:32:35.817999,Seoul-a487,0,32,Normal
2026-02-08 14:32:36.817999,Seoul-a487,-10,0,Normal
2026-02-08 14:32:37.817999,Seoul-a487,-7,46,Normal
2026-02-08 14:32:38.817999,Seoul-a487,13,88,Normal
2026-02-08 14:32:39.817999,Seoul-a487,31,44,Normal
2026-02-08 14:32:40.817999,Seoul-a487,16,39,Normal
2026-02-08 14:32:41.817999,Seoul-a487,25,47,Normal
2026-02-08 14:32:42.817999,Seoul-a487,39,44,Normal
2026-02-08 14:32:43.817999,Seoul-a487,3,49,Normal
2026-02-08 14:32:44.817999,Seoul-a487,50,54,Normal
2026-02-08 14:32:45.817999,Seoul-a487,35,92,Normal
2026-02-08 14:32:46.817999,Seoul-a487,4,41,Normal
2026-02-08 14:32:47.817999,Seoul-a487,5,73,Normal
2026-02-08 14:32:48.817999,Seoul-a487,-25,46,Normal
2026-02-08 14:32:49.817999,Seoul-a487,-4,58,Normal
2026-02-08 14:32:50.817999,Seoul-a487,-9,95,Normal
2026-02-08 14:32:51.817999,Seoul-a487,29,75,Normal
2026-02-08 14:32:52.817999,Seoul-a487,46,75,Normal
2026-02-08 14:32:53.817999,Seoul-a487,34,95,Normal
2026-02-08 14:32:54.817999,Seoul-a487,-13,16,Normal
2026-02-08 14:32:55.817999,Seoul-a487,-24,14,Normal
2026-02-08 14:32:56.817999,Seoul-a487,12,23,Normal
2026-02-08 14:32:57.817999,Seoul-a487,11,20,Normal
2026-02-08 14:32:58.817999,Seoul-a487,-23,54,Normal
2026-02-08 14:32:59.817999,Seoul-a487,14,20,Normal
2026-02-08 14:33:00.817999,Seoul-a487,-11,3,Normal
2026-02-08 14:33:01.817999,Seoul-a487,14,33,Normal
2026-02-08 14:33:02.817999,Seoul-a487,43,7,Normal
2026-02-08 14:33:03.817999,Seoul-a487,26,42,Normal
2026-02-08 14:33:04.817999,Seoul-a487,-22,89,Normal
2026-02-08 14:33:05.817999,Seoul-a487,38,66,Normal
2026-02-08 14:33:06.817999,Seoul-a487,11,15,Normal
2026-02-08 14:33:07.817999,Seoul-a487,35,90,Normal
2026-02-08 14:33:08.817999,Seoul-a487,-1,8,Normal
2026-02-08 14:33:09.817999,Seoul-a487,3,61,Normal
2026-02-08 14:33:10.817999,Seoul-a487,27,43,Normal
2026-02-08 14:33:11.817999,Seoul-a487,-3,27,Normal
2026-02-08 14:33:12.817999,Seoul-a487,-11,91,Normal
2026-02-08 14:33:13.817999,Seoul-a487,4,6,Normal
2026-02-08 14:33:14.817999,Seoul-a487,19,30,Normal
2026-02-08 14:33:15.817999,Seoul-a487,18,17,Normal
2026-02-08 14:33:16.817999,Seoul-a487,-21,10,Normal
2026-02-08 14:33:17.817999,Seoul-a487,22,72,Normal
2026-02-08 14:33:18.817999,Seoul-a487,27,52,Normal
2026-02-08 14:33:19.817999,Seoul-a487,39,88,Normal
2026-02-08 14:33:20.817999,Seoul-a487,-13,36,Normal
2026-02-08 14:33:21.817999,Seoul-a487,47,66,Normal
2026-02-08 14:33:22.817999,Seoul-a487,-13,75,Normal
2026-02-08 14:33:23.817999,Seoul-a487,-14,46,Normal
2026-02-08 14:33:24.817999,Seoul-a487,48,19,Normal
2026-02-08 14:33:25.817999,Seoul-a487,20,61,Normal
2026-02-08 14:33:26.817999,Seoul-a487,-9,79,Normal
2026-02-08 14:33:27.817999,Seoul-a487,21,86,Normal
2026-02-08 14:33:28.817999,Seoul-a487,14,14,Normal
2026-02-08 14:33:29.817999,Seoul-a487,24,4,Normal
2026-02-08 14:33:30.817999,Seoul-a487,21,36,Normal
2026-02-08 14:33:31.817999,Seoul-a487,20,56,Normal
2026-02-08 14:33:32.817999,Seoul-a487,-15,56,Normal
2026-02-08 14:33:33.817999,Seoul-a487,15,29,Normal
2026-02-08 14:33:34.817999,Seoul-a487,17,40,Normal
2026-02-08 14:33:35.817999,Seoul-a487,46,13,Normal
2026-02-08 14:33:36.817999,Seoul-a487,43,6,Normal
2026-02-08 14:33:37.817999,Seoul-a487,-12,39,Normal
2026-02-08 14:33:38.817999,Seoul-a487,29,73,Normal
2026-02-08 14:33:39.817999,Seoul-a487,-14,63,Normal
2026-02-08 14:33:40.817999,Seoul-a487,-17,13,Normal
2026-02-08 14:33:41.817999,Seoul-a487,16,67,Normal
2026-02-08 14:33:42.817999,Seoul-a487,4,74,Normal
2026-02-08 14:33:43.817999,Seoul-a487,25,82,Normal
2026-02-08 14:33:44.817999,Seoul-a487,10,49,Normal
2026-02-08 14:33:45.817999,Seoul-a487,-15,21,Normal
2026-02-08 14:33:46.817999,Seoul-a487,-3,5,Normal
2026-02-08 14:33:47.817999,Seoul-a487,19,43,Normal
2026-02-08 14:33:48.817999,Seoul-a487,13,32,Normal
2026-02-08 14:33:49.817999,Seoul-a487,-22,29,Normal
2026-02-08 14:33:50.817999,Seoul-a487,38,29,Normal
2026-02-08 14:33:51.817999,Seoul-a487,43,42,Normal
2026-02-08 14:33:52.817999,Seoul-a487,24,1,Normal
2026-02-08 14:33:53.817999,Seoul-a487,-21,63,Normal
2026-02-08 14:33:54.817999,Seoul-a487,45,32,Normal
2026-02-08 14:33:55.817999,Seoul-a487,1,95,Normal
2026-02-08 14:33:56.817999,Seoul-a487,23,66,Normal
2026-02-08 14:33:57.817999,Seoul-a487,-25,49,Normal
2026-02-08 14:33:58.817999,Seoul-a487,24,53,Normal
2026-02-08 14:33:59.817999,Seoul-a487,2,5,Normal
2026-02-08 14:34:00.817999,Seoul-a487,-30,19,Normal
2026-02-08 14:34:01.817999,Seoul-a487,-23,36,Normal
2026-02-08 14:34:02.817999,Seoul-a487,25,86,Normal
2026-02-08 14:34:03.817999,Seoul-a487,-13,73,Normal
2026-02-08 14:34:04.817999,Seoul-a487,-25,12,Normal
2026-02-08 14:34:05.817999,Seoul-a487,-24,9,Normal
2026-02-08 14:34:06.817999,Seoul-a487,-18,41,Normal
2026-02-08 14:34:07.817999,Seoul-a487,-30,73,Normal
2026-02-08 14:34:08.817999,Seoul-a487,42,88,Normal
2026-02-08 14:34:09.817999,Seoul-a487,31,40,Normal
2026-02-08 14:34:10.817999,Seoul-a487,29,2,Normal
2026-02-08 14:34:11.817999,Seoul-a487,-16,9,Normal
2026-02-08 14:34:12.817999,Seoul-a487,2,89,Normal
2026-02-08 14:34:13.817999,Seoul-a487,42,6,Normal
2026-02-08 14:34:14.817999,Seoul-a487,16,10,Normal
2026-02-08 14:34:15.817999,Seoul-a487,22,37,Normal
2026-02-08 14:34:16.817999,Seoul-a487,30,99,Normal
2026-02-08 14:34:17.817999,Seoul-a487,-7,96,Normal
2026-02-08 14:34:18.817999,Seoul-a487,-15,0,Normal
2026-02-08 14:34:19.817999,Seoul-a487,42,45,Normal
2026-02-08 14:34:20.817999,Seoul-a487,45,76,Normal
2026-02-08 14:34:21.817999,Seoul-a487,-21,57,Normal
2026-02-08 14:34:22.817999,Seoul-a487,0,84,Normal
2026-02-08 14:34:23.817999,Seoul-a487,-29,17,Normal
2026-02-08 14:34:24.817999,Seoul-a487,-7,48,Normal
2026-02-08 14:34:25.817999,Seoul-a487,-17,25,Normal
2026-02-08 14:34:26.817999,Seoul-a487,22,67,Normal
2026-02-08 14:34:27.817999,Seoul-a487,37,13,Normal
2026-02-08 14:34:28.817999,Seoul-a487,42,14,Normal
2026-02-08 14:34:29.817999,Seoul-a487,-11,1,Normal
2026-02-08 14:34:30.817999,Seoul-a487,11,18,Normal
2026-02-08 14:34:31.817999,Seoul-a487,-28,51,Normal
2026-02-08 14:34:32.817999,Seoul-a487,-30,34,Normal
2026-02-08 14:34:33.817999,Seoul-a487,5,83,Normal
2026-02-08 14:34:34.817999,Seoul-a487,-26,25,Normal
2026-02-08 14:34:35.817999,Seoul-a487,40,90,Normal
2026-02-08 14:34:36.817999,Seoul-a487,36,98,Normal
2026-02-08 14:34:37.817999,Seoul-a487,18,98,Normal
2026-02-08 14:34:38.817999,Seoul-a487,-8,98,Normal
2026-02-08 14:34:39.817999,Seoul-a487,4,56,Normal
2026-02-08 14:34:40.817999,Seoul-a487,-17,88,Normal
2026-02-08 14:34:41.817999,Seoul-a487,11,85,Normal
2026-02-08 14:34:42.817999,Seoul-a487,42,43,Normal
2026-02-08 14:34:43.817999,Seoul-a487,21,6,Normal
2026-02-08 14:34:44.817999,Seoul-a487,-7,29,Normal
2026-02-08 14:34:45.817999,Seoul-a487,19,28,Normal
2026-02-08 14:34:46.817999,Seoul-a487,2,97,Normal
2026-02-08 14:34:47.817999,Seoul-a487,2,77,Normal
2026-02-08 14:34:48.817999,Seoul-a487,-22,87,Normal
2026-02-08 14:34:49.817999,Seoul-a487,9,28,Normal
2026-02-08 14:34:50.817999,Seoul-a487,48,94,Normal
2026-02-08 14:34:51.817999,Seoul-a487,23,77,Normal
2026-02-08 14:34:52.817999,Seoul-a487,-17,40,Normal
2026-02-08 14:34:53.817999,Seoul-a487,44,68,Normal
2026-02-08 14:34:54.817999,Seoul-a487,50,26,Normal
2026-02-08 14:34:55.817999,Seoul-a487,28,50,Normal
2026-02-08 14:34:56.817999,Seoul-a487,-24,34,Normal
2026-02-08 14:34:57.817999,Seoul-a487,-7,60,Normal
2026-02-08 14:34:58.817999,Seoul-a487,26,30,Normal
2026-02-08 14:34:59.817999,Seoul-a487,25,94,Normal
2026-02-08 14:35:00.817999,Seoul-a487,11,12,Normal
2026-02-08 14:35:01.817999,Seoul-a487,44,66,Normal
2026-02-08 14:35:02.817999,Seoul-a487,-6,56,Normal
2026-02-08 14:35:03.817999,Seoul-a487,45,42,Normal
2026-02-08 14:35:04.817999,Seoul-a487,-6,82,Normal
2026-02-08 14:35:05.817999,Seoul-a487,21,75,Normal
2026-02-08 14:35:06.817999,Seoul-a487,25,63,Normal
2026-02-08 14:35:07.817999,Seoul-a487,29,85,Normal
2026-02-08 14:35:08.817999,Seoul-a487,26,34,Normal
2026-02-08 14:35:09.817999,Seoul-a487,-16,3,Normal
2026-02-08 14:35:10.817999,Seoul-a487,-30,52,Normal
2026-02-08 14:35:11.817999,Seoul-a487,29,47,Normal
2026-02-08 14:35:12.817999,Seoul-a487,7,39,Normal
2026-02-08 14:35:13.817999,Seoul-a487,10,40,Normal
2026-02-08 14:35:14.817999,Seoul-a487,-1,71,Normal
2026-02-08 14:35:15.817999,Seoul-a487,48,70,Normal
2026-02-08 14:35:16.817999,Seoul-a487,10,71,Normal
2026-02-08 14:35:17.817999,Seoul-a487,-29,5,Normal
2026-02-08 14:35:18.817999,Seoul-a487,-13,15,Normal
2026-02-08 14:35:19.817999,Seoul-a487,-13,61,Normal
2026-02-08 14:35:20.817999,Seoul-a487,8,56,Normal
2026-02-08 14:35:21.817999,Seoul-a487,40,14,Normal
2026-02-08 14:35:22.817999,Seoul-a487,6,80,Normal
2026-02-08 14:35:23.817999,Seoul-a487,9,92,Normal
2026-02-08 14:35:24.817999,Seoul-a487,1,100,Normal
2026-02-08 14:35:25.817999,Seoul-a487,39,61,Normal
2026-02-08 14:35:26.817999,Seoul-a487,-26,60,Normal
2026-02-08 14:35:27.817999,Seoul-a487,-5,3,Normal
2026-02-08 14:35:28.817999,Seoul-a487,21,43,Normal
2026-02-08 14:35:29.817999,Seoul-a487,46,100,Normal
2026-02-08 14:35:30.817999,Seoul-a487,-1,15,Normal
2026-02-08 14:35:31.817999,Seoul-a487,48,57,Normal
2026-02-08 14:35:32.817999,Seoul-a487,47,38,Normal
2026-02-08 14:35:33.817999,Seoul-a487,6,54,Normal
2026-02-08 14:35:34.817999,Seoul-a487,46,49,Normal
2026-02-08 14:35:35.817999,Seoul-a487,18,98,Normal
2026-02-08 14:35:36.817999,Seoul-a487,16,14,Normal
2026-02-08 14:35:37.817999,Seoul-a487,17,72,Normal
2026-02-08 14:35:38.817999,Seoul-a487,-14,58,Normal
2026-02-08 14:35:39.817999,Seoul-a487,4,18,Normal
2026-02-08 14:35:40.817999,Seoul-a487,-15,52,Normal
2026-02-08 14:35:41.817999,Seoul-a487,-24,68,Normal
2026-02-08 14:35:42.817999,Seoul-a487,48,93,Normal
2026-02-08 14:35:43.817999,Seoul-a487,-11,57,Normal
2026-02-08 14:35:44.817999,Seoul-a487,14,26,Normal
2026-02-08 14:35:45.817999,Seoul-a487,39,66,Normal
2026-02-08 14:35:46.817999,Seoul-a487,-27,46,Normal
2026-02-08 14:35:47.817999,Seoul-a487,2,74,Normal
2026-02-08 14:35:48.817999,Seoul-a487,-10,6,Normal
2026-02-08 14:35:49.817999,Seoul-a487,33,43,Normal
2026-02-08 14:35:50.817999,Seoul-a487,-23,15,Normal
2026-02-08 14:35:51.817999,Seoul-a487,-6,0,Normal
2026-02-08 14:35:52.817999,Seoul-a487,-24,43,Normal
2026-02-08 14:35:53.817999,Seoul-a487,25,21,Normal
2026-02-08 14:35:54.817999,Seoul-a487,13,55,Normal
2026-02-08 14:35:55.817999,Seoul-a487,45,40,Normal
2026-02-08 14:35:56.817999,Seoul-a487,-14,65,Normal
2026-02-08 14:35:57.817999,Seoul-a487,23,47,Normal
2026-02-08 14:35:58.817999,Seoul-a487,18,95,Normal
2026-02-08 14:35:59.817999,Seoul-a487,40,60,Normal
2026-02-08 14:36:00.817999,Seoul-a487,-27,83,Normal
2026-02-08 14:36:01.817999,Seoul-a487,-30,18,Normal
2026-02-08 14:36:02.817999,Seoul-a487,34,0,Normal
2026-02-08 14:36:03.817999,Seoul-a487,12,5,Normal
2026-02-08 14:36:04.817999,Seoul-a487,45,32,Normal
2026-02-08 14:36:05.817999,Seoul-a487,-2,55,Normal
2026-02-08 14:36:06.817999,Seoul-a487,32,44,Normal
2026-02-08 14:36:07.817999,Seoul-a487,8,6,Normal
2026-02-08 14:36:08.817999,Seoul-a487,35,90,Normal
2026-02-08 14:36:09.817999,Seoul-a487,-30,0,Normal
2026-02-08 14:36:10.817999,Seoul-a487,29,34,Normal
2026-02-08 14:36:11.817999,Seoul-a487,38,47,Normal
2026-02-08 14:36:12.817999,Seoul-a487,-15,26,Normal
2026-02-08 14:36:13.817999,Seoul-a487,37,90,Normal
2026-02-08 14:36:14.817999,Seoul-a487,-20,56,Normal
2026-02-08 14:36:15.817999,Seoul-a487,17,91,Normal
2026-02-08 14:36:16.817999,Seoul-a487,1,68,Normal
2026-02-08 14:36:17.817999,Seoul-a487,39,100,Normal
2026-02-08 14:36:18.817999,Seoul-a487,41,22,Normal
2026-02-08 14:36:19.817999,Seoul-a487,15,56,Normal
2026-02-08 14:36:20.817999,Seoul-a487,-27,49,Normal
2026-02-08 14:36:21.817999,Seoul-a487,41,19,Normal
2026-02-08 14:36:22.817999,Seoul-a487,-29,6,Normal
2026-02-08 14:36:23.817999,Seoul-a487,24,89,Normal
2026-02-08 14:36:24.817999,Seoul-a487,-28,85,Normal
2026-02-08 14:36:25.817999,Seoul-a487,-9,58,Normal
2026-02-08 14:36:26.817999,Seoul-a487,16,54,Normal
2026-02-08 14:36:27.817999,Seoul-a487,-14,26,Normal
2026-02-08 14:36:28.817999,Seoul-a487,-20,50,Normal
2026-02-08 14:36:29.817999,Seoul-a487,13,2,Normal
2026-02-08 14:36:30.817999,Seoul-a487,41,54,Normal
2026-02-08 14:36:31.817999,Seoul-a487,-21,91,Normal
2026-02-08 14:36:32.817999,Seoul-a487,47,71,Normal
2026-02-08 14:36:33.817999,Seoul-a487,32,70,Normal
2026-02-08 14:36:34.817999,Seoul-a487,-16,19,Normal
2026-02-08 14:36:35.817999,Seoul-a487,19,19,Normal
2026-02-08 14:36:36.817999,Seoul-a487,-2,84,Normal
2026-02-08 14:36:37.817999,Seoul-a487,18,32,Normal
2026-02-08 14:36:38.817999,Seoul-a487,23,91,Normal
2026-02-08 14:36:39.817999,Seoul-a487,-4,20,Normal
2026-02-08 14:36:40.817999,Seoul-a487,-11,35,Normal
2026-02-08 14:36:41.817999,Seoul-a487,41,61,Normal
2026-02-08 14:36:42.817999,Seoul-a487,-30,72,Normal
2026-02-08 14:36:43.817999,Seoul-a487,-19,26,Normal
2026-02-08 14:36:44.817999,Seoul-a487,-22,77,Normal
2026-02-08 14:36:45.817999,Seoul-a487,3,4,Normal
2026-02-08 14:36:46.817999,Seoul-a487,22,53,Normal
2026-02-08 14:36:47.817999,Seoul-a487,-7,51,Normal
2026-02-08 14:36:48.817999,Seoul-a487,-19,40,Normal
2026-02-08 14:36:49.817999,Seoul-a487,-1,55,Normal
2026-02-08 14:36:50.817999,Seoul-a487,18,38,Normal
2026-02-08 14:36:51.817999,Seoul-a487,23,95,Normal
2026-02-08 14:36:52.817999,Seoul-a487,16,72,Normal
2026-02-08 14:36:53.817999,Seoul-a487,1,54,Normal
2026-02-08 14:36:54.817999,Seoul-a487,47,13,Normal
2026-02-08 14:36:55.817999,Seoul-a487,-20,92,Normal
2026-02-08 14:36:56.817999,Seoul-a487,-14,45,Normal
2026-02-08 14:36:57.817999,Seoul-a487,39,25,Normal
2026-02-08 14:36:58.817999,Seoul-a487,38,43,Normal
2026-02-08 14:36:59.817999,Seoul-a487,-20,13,Normal
2026-02-08 14:37:00.817999,Seoul-a487,-19,20,Normal
2026-02-08 14:37:01.817999,Seoul-a487,7,83,Normal
2026-02-08 14:37:02.817999,Seoul-a487,-5,49,Normal
2026-02-08 14:37:03.817999,Seoul-a487,47,33,Normal
2026-02-08 14:37:04.817999,Seoul-a487,45,69,Normal
2026-02-08 14:37:05.817999,Seoul-a487,18,64,Normal
2026-02-08 14:37:06.817999,Seoul-a487,-25,30,Normal
2026-02-08 14:37:07.817999,Seoul-a487,9,7,Normal
2026-02-08 14:37:08.817999,Seoul-a487,32,89,Normal
2026-02-08 14:37:09.817999,Seoul-a487,-3,60,Normal
2026-02-08 14:37:10.817999,Seoul-a487,34,75,Normal
2026-02-08 14:37:11.817999,Seoul-a487,29,3,Normal
2026-02-08 14:37:12.817999,Seoul-a487,29,65,Normal
2026-02-08 14:37:13.817999,Seoul-a487,21,77,Normal
2026-02-08 14:37:14.817999,Seoul-a487,-24,55,Normal
2026-02-08 14:37:15.817999,Seoul-a487,5,62,Normal
2026-02-08 14:37:16.817999,Seoul-a487,36,25,Normal
2026-02-08 14:37:17.817999,Seoul-a487,-24,18,Normal
2026-02-08 14:37:18.817999,Seoul-a487,-2,19,Normal
2026-02-08 14:37:19.817999,Seoul-a487,15,0,Normal
2026-02-08 14:37:20.817999,Seoul-a487,38,29,Normal
2026-02-08 14:37:21.817999,Seoul-a487,32,44,Normal
2026-02-08 14:37:22.817999,Seoul-a487,-25,9,Normal
2026-02-08 14:37:23.817999,Seoul-a487,-6,100,Normal
2026-02-08 14:37:24.817999,Seoul-a487,-2,11,Normal
2026-02-08 14:37:25.817999,Seoul-a487,-14,88,Normal
2026-02-08 14:37:26.817999,Seoul-a487,-12,58,Normal
2026-02-08 14:37:27.817999,Seoul-a487,-12,23,Normal
2026-02-08 14:37:28.817999,Seoul-a487,50,71,Normal
2026-02-08 14:37:29.817999,Seoul-a487,20,96,Normal
2026-02-08 14:37:30.817999,Seoul-a487,35,64,Normal
2026-02-08 14:37:31.817999,Seoul-a487,29,73,Normal
2026-02-08 14:37:32.817999,Seoul-a487,7,9,Normal
2026-02-08 14:37:33.817999,Seoul-a487,35,34,Normal
2026-02-08 14:37:34.817999,Seoul-a487,30,51,Normal
2026-02-08 14:37:35.817999,Seoul-a487,-18,90,Normal
2026-02-08 14:37:36.817999,Seoul-a487,38,1,Normal
2026-02-08 14:37:37.817999,Seoul-a487,-7,3,Normal
2026-02-08 14:37:38.817999,Seoul-a487,-25,78,Normal
2026-02-08 14:37:39.817999,Seoul-a487,-30,51,Normal
2026-02-08 14:37:40.817999,Seoul-a487,-24,90,Normal
2026-02-08 14:37:41.817999,Seoul-a487,15,33,Normal
2026-02-08 14:37:42.817999,Seoul-a487,20,30,Normal
2026-02-08 14:37:43.817999,Seoul-a487,-18,57,Normal
2026-02-08 14:37:44.817999,Seoul-a487,37,53,Normal
2026-02-08 14:37:45.817999,Seoul-a487,-11,56,Normal
2026-02-08 14:37:46.817999,Seoul-a487,6,40,Normal
2026-02-08 14:37:47.817999,Seoul-a487,28,2,Normal
2026-02-08 14:37:48.817999,Seoul-a487,40,78,Normal
2026-02-08 14:37:49.817999,Seoul-a487,-22,100,Normal
2026-02-08 14:37:50.817999,Seoul-a487,-9,51,Normal
2026-02-08 14:37:51.817999,Seoul-a487,-3,33,Normal
2026-02-08 14:37:52.817999,Seoul-a487,12,47,Normal
2026-02-08 14:37:53.817999,Seoul-a487,5,94,Normal
2026-02-08 14:37:54.817999,Seoul-a487,-21,69,Normal
2026-02-08 14:37:55.817999,Seoul-a487,1,11,Normal
2026-02-08 14:37:56.817999,Seoul-a487,-7,89,Normal
2026-02-08 14:37:57.817999,Seoul-a487,31,40,Normal
2026-02-08 14:37:58.817999,Seoul-a487,33,23,Normal
2026-02-08 14:37:59.817999,Seoul-a487,3,93,Normal
2026-02-08 14:38:00.817999,Seoul-a487,21,87,Normal
2026-02-08 14:38:01.817999,Seoul-a487,14,51,Normal
2026-02-08 14:38:02.817999,Seoul-a487,44,74,Normal
2026-02-08 14:38:03.817999,Seoul-a487,-9,78,Normal
2026-02-08 14:38:04.817999,Seoul-a487,46,5,Normal
2026-02-08 14:38:05.817999,Seoul-a487,45,90,Normal
2026-02-08 14:38:06.817999,Seoul-a487,-1,2,Normal
2026-02-08 14:38:07.817999,Seoul-a487,15,69,Normal
2026-02-08 14:38:08.817999,Seoul-a487,-24,72,Normal
2026-02-08 14:38:09.817999,Seoul-a487,-26,32,Normal
2026-02-08 14:38:10.817999,Seoul-a487,41,37,Normal
2026-02-08 14:38:11.817999,Seoul-a487,-14,56,Normal
2026-02-08 14:38:12.817999,Seoul-a487,10,42,Normal
2026-02-08 14:38:13.817999,Seoul-a487,31,80,Normal
2026-02-08 14:38:14.817999,Seoul-a487,49,21,Normal
2026-02-08 14:38:15.817999,Seoul-a487,-26,91,Normal
2026-02-08 14:38:16.817999,Seoul-a487,42,70,Normal
2026-02-08 14:38:17.817999,Seoul-a487,50,31,Normal
2026-02-08 14:38:18.817999,Seoul-a487,-21,68,Normal
2026-02-08 14:38:19.817999,Seoul-a487,7,86,Normal
2026-02-08 14:38:20.817999,Seoul-a487,34,22,Normal
2026-02-08 14:38:21.817999,Seoul-a487,-12,63,Normal
2026-02-08 14:38:22.817999,Seoul-a487,-11,7,Normal
2026-02-08 14:38:23.817999,Seoul-a487,-6,1,Normal
2026-02-08 14:38:24.817999,Seoul-a487,43,79,Normal
2026-02-08 14:38:25.817999,Seoul-a487,-8,68,Normal
2026-02-08 14:38:26.817999,Seoul-a487,-25,30,Normal
2026-02-08 14:38:27.817999,Seoul-a487,49,87,Normal
2026-02-08 14:38:28.817999,Seoul-a487,27,78,Normal
2026-02-08 14:38:29.817999,Seoul-a487,-27,20,Normal
2026-02-08 14:38:30.817999,Seoul-a487,-3,13,Normal
2026-02-08 14:38:31.817999,Seoul-a487,25,66,Normal
2026-02-08 14:38:32.817999,Seoul-a487,12,43,Normal
2026-02-08 14:38:33.817999,Seoul-a487,16,90,Normal
2026-02-08 14:38:34.817999,Seoul-a487,-30,17,Normal
2026-02-08 14:38:35.817999,Seoul-a487,-22,84,Normal
2026-02-08 14:38:36.817999,Seoul-a487,29,80,Normal
2026-02-08 14:38:37.817999,Seoul-a487,44,20,Normal
2026-02-08 14:38:38.817999,Seoul-a487,-8,2,Normal
2026-02-08 14:38:39.817999,Seoul-a487,24,23,Normal
2026-02-08 14:38:40.817999,Seoul-a487,49,56,Normal
2026-02-08 14:38:41.817999,Seoul-a487,39,84,Normal
2026-02-08 14:38:42.817999,Seoul-a487,-16,75,Normal
2026-02-08 14:38:43.817999,Seoul-a487,43,33,Normal
2026-02-08 14:38:44.817999,Seoul-a487,-30,16,Normal
2026-02-08 14:38:45.817999,Seoul-a487,-4,9,Normal
2026-02-08 14:38:46.817999,Seoul-a487,3,31,Normal
2026-02-08 14:38:47.817999,Seoul-a487,10,94,Normal
2026-02-08 14:38:48.817999,Seoul-a487,5,43,Normal
2026-02-08 14:38:49.817999,Seoul-a487,35,35,Normal
2026-02-08 14:38:50.817999,Seoul-a487,5,28,Normal
2026-02-08 14:38:51.817999,Seoul-a487,-2,67,Normal
2026-02-08 14:38:52.817999,Seoul-a487,-30,4,Normal
2026-02-08 14:38:53.817999,Seoul-a487,6,60,Normal
2026-02-08 14:38:54.817999,Seoul-a487,34,52,Normal
