timestamp,station_id,temp,humid,condition
2026-02-08 11:32:40.104845,Toronto-70aa,29,53,Normal
2026-02-08 11:32:41.104845,Toronto-70aa,-3,97,Normal
2026-02-08 11:32:42.104845,Toronto-70aa,2,72,Normal
2026-02-08 11:32:43.104845,Toronto-70aa,16,45,Normal
2026-02-08 11:32:44.104845,Toronto-70aa,-27,43,Normal
2026-02-08 11:32:45.104845,Toronto-70aa,-21,14,Normal
2026-02-08 11:32:46.104845,Toronto-70aa,-25,15,Normal
2026-02-08 11:32:47.104845,Toronto-70aa,21,53,Normal
2026-02-08 11:32:48.104845,Toronto-70aa,-14,23,Normal
2026-02-08 11:32:49.104845,Toronto-70aa,18,82,Normal
2026-02-08 11:32:50.104845,Toronto-70aa,3,32,Normal
2026-02-08 11:32:51.104845,Toronto-70aa,30,56,Normal
2026-02-08 11:32:52.104845,Toronto-70aa,31,33,Normal
2026-02-08 11:32:53.104845,Toronto-70aa,-1,90,Normal
2026-02-08 11:32:54.104845,Toronto-70aa,5,84,Normal
2026-02-08 11:32:55.104845,Toronto-70aa,35,42,Normal
2026-02-08 11:32:56.104845,Toronto-70aa,2,42,Normal
2026-02-08 11:32:57.104845,Toronto-70aa,26,39,Normal
2026-02-08 11:32:58.104845,Toronto-70aa,46,87,Normal
2026-02-08 11:32:59.104845,Toronto-70aa,0,100,Normal
2026-02-08 11:33:00.104845,Toronto-70aa,-13,32,Normal
2026-02-08 11:33:01.104845,Toronto-70aa,-8,82,Normal
2026-02-08 11:33:02.104845,Toronto-70aa,-25,43,Normal
2026-02-08 11:33:03.104845,Toronto-70aa,48,62,Normal
2026-02-08 11:33:04.104845,Toronto-70aa,24,18,Normal
2026-02-08 11:33:05.104845,Toronto-70aa,-2,61,Normal
2026-02-08 11:33:06.104845,Toronto-70aa,-28,68,Normal
2026-02-08 11:33:07.104845,Toronto-70aa,32,93,Normal
2026-02-08 11:33:08.104845,Toronto-70aa,30,30,Normal
2026-02-08 11:33:09.104845,Toronto-70aa,-12,43,Normal
2026-02-08 11:33:10.104845,Toronto-70aa,26,76,Normal
2026-02-08 11:33:11.104845,Toronto-70aa,5,14,Normal
2026-02-08 11:33:12.104845,Toronto-70aa,10,14,Normal
2026-02-08 11:33:13.104845,Toronto-70aa,43,91,Normal
2026-02-08 11:33:14.104845,Toronto-70aa,15,39,Normal
2026-02-08 11:33:15.104845,Toronto-70aa,24,98,Normal
2026-02-08 11:33:16.104845,Toronto-70aa,39,94,Normal
2026-02-08 11:33:17.104845,Toronto-70aa,-29,25,Normal
2026-02-08 11:33:18.104845,Toronto-70aa,49,5,Normal
2026-02-08 11:33:19.104845,Toronto-70aa,19,65,Normal
2026-02-08 11:33:20.104845,Toronto-70aa,37,20,Normal
2026-02-08 11:33:21.104845,Toronto-70aa,46,15,Normal
2026-02-08 11:33:22.104845,Toronto-70aa,-17,0,Normal
2026-02-08 11:33:23.104845,Toronto-70aa,-15,56,Normal
2026-02-08 11:33:24.104845,Toronto-70aa,42,97,Normal
2026-02-08 11:33:25.104845,Toronto-70aa,44,100,Normal
2026-02-08 11:33:26.104845,Toronto-70aa,23,0,Normal
2026-02-08 11:33:27.104845,Toronto-70aa,18,11,Normal
2026-02-08 11:33:28.104845,Toronto-70aa,7,77,Normal
2026-02-08 11:33:29.104845,Toronto-70aa,34,92,Normal
2026-02-08 11:33:30.104845,Toronto-70aa,-25,3,Normal
2026-02-08 11:33:31.104845,Toronto-70aa,-9,64,Normal
2026-02-08 11:33:32.104845,Toronto-70aa,-11,48,Normal
2026-02-08 11:33:33.104845,Toronto-70aa,34,76,Normal
2026-02-08 11:33:34.104845,Toronto-70aa,48,8,Normal
2026-02-08 11:33:35.104845,Toronto-70aa,20,100,Normal
2026-02-08 11:33:36.104845,Toronto-70aa,21,100,Normal
2026-02-08 11:33:37.104845,Toronto-70aa,48,65,Normal
2026-02-08 11:33:38.104845,Toronto-70aa,-28,92,Normal
2026-02-08 11:33:39.104845,Toronto-70aa,-21,62,Normal
2026-02-08 11:33:40.104845,Toronto-70aa,34,23,Normal
2026-02-08 11:33:41.104845,Toronto-70aa,-13,99,Normal
2026-02-08 11:33:42.104845,Toronto-70aa,-9,7,Normal
2026-02-08 11:33:43.104845,Toronto-70aa,32,2,Normal
2026-02-08 11:33:44.104845,Toronto-70aa,-1,91,Normal
2026-02-08 11:33:45.104845,Toronto-70aa,35,67,Normal
2026-02-08 11:33:46.104845,Toronto-70aa,-4,10,Normal
2026-02-08 11:33:47.104845,Toronto-70aa,-27,83,Normal
2026-02-08 11:33:48.104845,Toronto-70aa,6,48,Normal
2026-02-08 11:33:49.104845,Toronto-70aa,12,59,Normal
2026-02-08 11:33:50.104845,Toronto-70aa,13,11,Normal
2026-02-08 11:33:51.104845,Toronto-70aa,8,46,Normal
2026-02-08 11:33:52.104845,Toronto-70aa,20,29,Normal
2026-02-08 11:33:53.104845,Toronto-70aa,-9,49,Normal
2026-02-08 11:33:54.104845,Toronto-70aa,7,2,Normal
2026-02-08 11:33:55.104845,Toronto-70aa,29,2,Normal
2026-02-08 11:33:56.104845,Toronto-70aa,38,19,Normal
2026-02-08 11:33:57.104845,Toronto-70aa,47,15,Normal
2026-02-08 11:33:58.104845,Toronto-70aa,0,64,Normal
2026-02-08 11:33:59.104845,Toronto-70aa,-30,95,Normal
2026-02-08 11:34:00.104845,Toronto-70aa,-26,17,Normal
2026-02-08 11:34:01.104845,Toronto-70aa,6,11,Normal
2026-02-08 11:34:02.104845,Toronto-70aa,6,73,Normal
2026-02-08 11:34:03.104845,Toronto-70aa,31,72,Normal
2026-02-08 11:34:04.104845,Toronto-70aa,20,53,Normal
2026-02-08 11:34:05.104845,Toronto-70aa,-25,42,Normal
2026-02-08 11:34:06.104845,Toronto-70aa,-5,18,Normal
2026-02-08 11:34:07.104845,Toronto-70aa,-20,11,Normal
2026-02-08 11:34:08.104845,Toronto-70aa,-23,99,Normal
2026-02-08 11:34:09.104845,Toronto-70aa,15,20,Normal
2026-02-08 11:34:10.104845,Toronto-70aa,40,7,Normal
2026-02-08 11:34:11.104845,Toronto-70aa,-14,5,Normal
2026-02-08 11:34:12.104845,Toronto-70aa,34,14,Normal
2026-02-08 11:34:13.104845,Toronto-70aa,-19,3,Normal
2026-02-08 11:34:14.104845,Toronto-70aa,3,4,Normal
2026-02-08 11:34:15.104845,Toronto-70aa,25,94,Normal
2026-02-08 11:34:16.104845,Toronto-70aa,-27,51,Normal
2026-02-08 11:34:17.104845,Toronto-70aa,-17,50,Normal
2026-02-08 11:34:18.104845,Toronto-70aa,-8,23,Normal
2026-02-08 11:34:19.104845,Toronto-70aa,15,100,Normal
2026-02-08 11:34:20.104845,Toronto-70aa,4,61,Normal
2026-02-08 11:34:21.104845,Toronto-70aa,22,93,Normal
2026-02-08 11:34:22.104845,Toronto-70aa,34,38,Normal
2026-02-08 11:34:23.104845,Toronto-70aa,1,0,Normal
2026-02-08 11:34:24.104845,Toronto-70aa,17,80,Normal
2026-02-08 11:34:25.104845,Toronto-70aa,23,64,Normal
2026-02-08 11:34:26.104845,Toronto-70aa,31,67,Normal
2026-02-08 11:34:27.104845,Toronto-70aa,6,56,Normal
2026-02-08 11:34:28.104845,Toronto-70aa,41,98,Normal
2026-02-08 11:34:29.104845,Toronto-70aa,3,39,Normal
2026-02-08 11:34:30.104845,Toronto-70aa,2,77,Normal
2026-02-08 11:34:31.104845,Toronto-70aa,39,9,Normal
2026-02-08 11:34:32.104845,Toronto-70aa,-25,75,Normal
2026-02-08 11:34:33.104845,Toronto-70aa,-24,56,Normal
2026-02-08 11:34:34.104845,Toronto-70aa,-3,48,Normal
2026-02-08 11:34:35.104845,Toronto-70aa,39,37,Normal
2026-02-08 11:34:36.104845,Toronto-70aa,19,75,Normal
2026-02-08 11:34:37.104845,Toronto-70aa,-11,33,Normal
2026-02-08 11:34:38.104845,Toronto-70aa,37,78,Normal
2026-02-08 11:34:39.104845,Toronto-70aa,-24,24,Normal
2026-02-08 11:34:40.104845,Toronto-70aa,4,37,Normal
2026-02-08 11:34:41.104845,Toronto-70aa,18,74,Normal
2026-02-08 11:34:42.104845,Toronto-70aa,-14,58,Normal
2026-02-08 11:34:43.104845,Toronto-70aa,-3,7,Normal
2026-02-08 11:34:44.104845,Toronto-70aa,41,54,Normal
2026-02-08 11:34:45.104845,Toronto-70aa,-12,36,Normal
2026-02-08 11:34:46.104845,Toronto-70aa,17,40,Normal
2026-02-08 11:34:47.104845,Toronto-70aa,45,40,Normal
2026-02-08 11:34:48.104845,Toronto-70aa,23,93,Normal
2026-02-08 11:34:49.104845,Toronto-70aa,-4,97,Normal
2026-02-08 11:34:50.104845,Toronto-70aa,-29,35,Normal
2026-02-08 11:34:51.104845,Toronto-70aa,49,28,Normal
2026-02-08 11:34:52.104845,Toronto-70aa,-27,21,Normal
2026-02-08 11:34:53.104845,Toronto-70aa,28,36,Normal
2026-02-08 11:34:54.104845,Toronto-70aa,-5,99,Normal
2026-02-08 11:34:55.104845,Toronto-70aa,11,8,Normal
2026-02-08 11:34:56.104845,Toronto-70aa,-16,25,Normal
2026-02-08 11:34:57.104845,Toronto-70aa,-10,100,Normal
2026-02-08 11:34:58.104845,Toronto-70aa,43,86,Normal
2026-02-08 11:34:59.104845,Toronto-70aa,21,23,Normal
2026-02-08 11:35:00.104845,Toronto-70aa,29,50,Normal
2026-02-08 11:35:01.104845,Toronto-70aa,35,10,Normal
2026-02-08 11:35:02.104845,Toronto-70aa,-3,70,Normal
2026-02-08 11:35:03.104845,Toronto-70aa,42,47,Normal
2026-02-08 11:35:04.104845,Toronto-70aa,33,67,Normal
2026-02-08 11:35:05.104845,Toronto-70aa,14,23,Normal
2026-02-08 11:35:06.104845,Toronto-70aa,15,20,Normal
2026-02-08 11:35:07.104845,Toronto-70aa,-14,85,Normal
2026-02-08 11:35:08.104845,Toronto-70aa,-21,83,Normal
2026-02-08 11:35:09.104845,Toronto-70aa,26,29,Normal
2026-02-08 11:35:10.104845,Toronto-70aa,5,68,Normal
2026-02-08 11:35:11.104845,Toronto-70aa,-23,0,Normal
2026-02-08 11:35:12.104845,Toronto-70aa,25,19,Normal
2026-02-08 11:35:13.104845,Toronto-70aa,45,87,Normal
2026-02-08 11:35:14.104845,Toronto-70aa,5,5,Normal
2026-02-08 11:35:15.104845,Toronto-70aa,28,34,Normal
2026-02-08 11:35:16.104845,Toronto-70aa,0,14,Normal
2026-02-08 11:35:17.104845,Toronto-70aa,19,56,Normal
2026-02-08 11:35:18.104845,Toronto-70aa,6,96,Normal
2026-02-08 11:35:19.104845,Toronto-70aa,-23,29,Normal
2026-02-08 11:35:20.104845,Toronto-70aa,13,17,Normal
2026-02-08 11:35:21.104845,Toronto-70aa,4,6,Normal
2026-02-08 11:35:22.104845,Toronto-70aa,-10,97,Normal
2026-02-08 11:35:23.104845,Toronto-70aa,-30,91,Normal
2026-02-08 11:35:24.104845,Toronto-70aa,-27,11,Normal
2026-02-08 11:35:25.104845,Toronto-70aa,16,25,Normal
2026-02-08 11:35:26.104845,Toronto-70aa,-28,65,Normal
2026-02-08 11:35:27.104845,Toronto-70aa,48,79,Normal
2026-02-08 11:35:28.104845,Toronto-70aa,28,89,Normal
2026-02-08 11:35:29.104845,Toronto-70aa,22,96,Normal
2026-02-08 11:35:30.104845,Toronto-70aa,-8,86,Normal
2026-02-08 11:35:31.104845,Toronto-70aa,46,66,Normal
2026-02-08 11:35:32.104845,Toronto-70aa,19,80,Normal
2026-02-08 11:35:33.104845,Toronto-70aa,32,96,Normal
2026-02-08 11:35:34.104845,Toronto-70aa,12,19,Normal
2026-02-08 11:35:35.104845,Toronto-70aa,10,56,Normal
2026-02-08 11:35:36.104845,Toronto-70aa,-8,41,Normal
2026-02-08 11:35:37.104845,Toronto-70aa,30,80,Normal
2026-02-08 11:35:38.104845,Toronto-70aa,33,70,Normal
2026-02-08 11:35:39.104845,Toronto-70aa,-26,66,Normal
2026-02-08 11:35:40.104845,Toronto-70aa,30,16,Normal
2026-02-08 11:35:41.104845,Toronto-70aa,-21,27,Normal
2026-02-08 11:35:42.104845,Toronto-70aa,43,93,Normal
2026-02-08 11:35:43.104845,Toronto-70aa,15,6,Normal
2026-02-08 11:35:44.104845,Toronto-70aa,28,79,Normal
2026-02-08 11:35:45.104845,Toronto-70aa,-13,25,Normal
2026-02-08 11:35:46.104845,Toronto-70aa,38,61,Normal
2026-02-08 11:35:47.104845,Toronto-70aa,22,65,Normal
2026-02-08 11:35:48.104845,Toronto-70aa,3,58,Normal
2026-02-08 11:35:49.104845,Toronto-70aa,45,29,Normal
2026-02-08 11:35:50.104845,Toronto-70aa,-28,54,Normal
2026-02-08 11:35:51.104845,Toronto-70aa,22,94,Normal
2026-02-08 11:35:52.104845,Toronto-70aa,30,80,Normal
2026-02-08 11:35:53.104845,Toronto-70aa,9,52,Normal
2026-02-08 11:35:54.104845,Toronto-70aa,-29,85,Normal
2026-02-08 11:35:55.104845,Toronto-70aa,8,6,Normal
2026-02-08 11:35:56.104845,Toronto-70aa,49,53,Normal
2026-02-08 11:35:57.104845,Toronto-70aa,46,4,Normal
2026-02-08 11:35:58.104845,Toronto-70aa,-17,45,Normal
2026-02-08 11:35:59.104845,Toronto-70aa,30,72,Normal
2026-02-08 11:36:00.104845,Toronto-70aa,34,12,Normal
2026-02-08 11:36:01.104845,Toronto-70aa,12,33,Normal
2026-02-08 11:36:02.104845,Toronto-70aa,-20,12,Normal
2026-02-08 11:36:03.104845,Toronto-70aa,-27,7,Normal
2026-02-08 11:36:04.104845,Toronto-70aa,-24,69,Normal
2026-02-08 11:36:05.104845,Toronto-70aa,-29,63,Normal
2026-02-08 11:36:06.104845,Toronto-70aa,25,58,Normal
2026-02-08 11:36:07.104845,Toronto-70aa,-4,52,Normal
2026-02-08 11:36:08.104845,Toronto-70aa,22,22,Normal
2026-02-08 11:36:09.104845,Toronto-70aa,-13,95,Normal
2026-02-08 11:36:10.104845,Toronto-70aa,-19,94,Normal
2026-02-08 11:36:11.104845,Toronto-70aa,-11,97,Normal
2026-02-08 11:36:12.104845,Toronto-70aa,-29,36,Normal
2026-02-08 11:36:13.104845,Toronto-70aa,39,94,Normal
2026-02-08 11:36:14.104845,Toronto-70aa,-15,16,Normal
2026-02-08 11:36:15.104845,Toronto-70aa,-20,23,Normal
2026-02-08 11:36:16.104845,Toronto-70aa,-28,70,Normal
2026-02-08 11:36:17.104845,Toronto-70aa,42,35,Normal
2026-02-08 11:36:18.104845,Toronto-70aa,-17,55,Normal
2026-02-08 11:36:19.104845,Toronto-70aa,26,47,Normal
2026-02-08 11:36:20.104845,Toronto-70aa,44,28,Normal
2026-02-08 11:36:21.104845,Toronto-70aa,-19,53,Normal
2026-02-08 11:36:22.104845,Toronto-70aa,0,97,Normal
2026-02-08 11:36:23.104845,Toronto-70aa,4,86,Normal
2026-02-08 11:36:24.104845,Toronto-70aa,10,54,Normal
2026-02-08 11:36:25.104845,Toronto-70aa,-10,34,Normal
2026-02-08 11:36:26.104845,Toronto-70aa,0,34,Normal
2026-02-08 11:36:27.104845,Toronto-70aa,-5,72,Normal
2026-02-08 11:36:28.104845,Toronto-70aa,18,31,Normal
2026-02-08 11:36:29.104845,Toronto-70aa,-18,46,Normal
2026-02-08 11:36:30.104845,Toronto-70aa,-14,76,Normal
2026-02-08 11:36:31.104845,Toronto-70aa,-22,4,Normal
2026-02-08 11:36:32.104845,Toronto-70aa,11,60,Normal
2026-02-08 11:36:33.104845,Toronto-70aa,1,59,Normal
2026-02-08 11:36:34.104845,Toronto-70aa,-11,32,Normal
2026-02-08 11:36:35.104845,Toronto-70aa,11,92,Normal
2026-02-08 11:36:36.104845,Toronto-70aa,44,42,Normal
2026-02-08 11:36:37.104845,Toronto-70aa,-3,66,Normal
2026-02-08 11:36:38.104845,Toronto-70aa,6,82,Normal
2026-02-08 11:36:39.104845,Toronto-70aa,-30,94,Normal
2026-02-08 11:36:40.104845,Toronto-70aa,-22,16,Normal
2026-02-08 11:36:41.104845,Toronto-70aa,21,40,Normal
2026-02-08 11:36:42.104845,Toronto-70aa,44,43,Normal
2026-02-08 11:36:43.104845,Toronto-70aa,-20,46,Normal
2026-02-08 11:36:44.104845,Toronto-70aa,-7,95,Normal
2026-02-08 11:36:45.104845,Toronto-70aa,16,7,Normal
2026-02-08 11:36:46.104845,Toronto-70aa,44,96,Normal
2026-02-08 11:36:47.104845,Toronto-70aa,-25,13,Normal
2026-02-08 11:36:48.104845,Toronto-70aa,19,83,Normal
2026-02-08 11:36:49.104845,Toronto-70aa,35,84,Normal
2026-02-08 11:36:50.104845,Toronto-70aa,39,16,Normal
2026-02-08 11:36:51.104845,Toronto-70aa,30,38,Normal
2026-02-08 11:36:52.104845,Toronto-70aa,-28,83,Normal
2026-02-08 11:36:53.104845,Toronto-70aa,-1,50,Normal
2026-02-08 11:36:54.104845,Toronto-70aa,18,74,Normal
2026-02-08 11:36:55.104845,Toronto-70aa,9,52,Normal
2026-02-08 11:36:56.104845,Toronto-70aa,28,45,Normal
2026-02-08 11:36:57.104845,Toronto-70aa,-27,1,Normal
2026-02-08 11:36:58.104845,Toronto-70aa,7,68,Normal
2026-02-08 11:36:59.104845,Toronto-70aa,35,47,Normal
2026-02-08 11:37:00.104845,Toronto-70aa,14,35,Normal
2026-02-08 11:37:01.104845,Toronto-70aa,42,14,Normal
2026-02-08 11:37:02.104845,Toronto-70aa,-2,40,Normal
2026-02-08 11:37:03.104845,Toronto-70aa,3,31,Normal
2026-02-08 11:37:04.104845,Toronto-70aa,4,92,Normal
2026-02-08 11:37:05.104845,Toronto-70aa,-28,75,Normal
2026-02-08 11:37:06.104845,Toronto-70aa,-16,51,Normal
2026-02-08 11:37:07.104845,Toronto-70aa,44,95,Normal
2026-02-08 11:37:08.104845,Toronto-70aa,-14,44,Normal
2026-02-08 11:37:09.104845,Toronto-70aa,1,3,Normal
2026-02-08 11:37:10.104845,Toronto-70aa,-5,3,Normal
2026-02-08 11:37:11.104845,Toronto-70aa,-22,26,Normal
2026-02-08 11:37:12.104845,Toronto-70aa,-5,2,Normal
2026-02-08 11:37:13.104845,Toronto-70aa,39,53,Normal
2026-02-08 11:37:14.104845,Toronto-70aa,-4,65,Normal
2026-02-08 11:37:15.104845,Toronto-70aa,-27,30,Normal
2026-02-08 11:37:16.104845,Toronto-70aa,-18,67,Normal
2026-02-08 11:37:17.104845,Toronto-70aa,-21,55,Normal
2026-02-08 11:37:18.104845,Toronto-70aa,11,77,Normal
2026-02-08 11:37:19.104845,Toronto-70aa,-3,88,Normal
2026-02-08 11:37:20.104845,Toronto-70aa,41,96,Normal
2026-02-08 11:37:21.104845,Toronto-70aa,-12,25,Normal
2026-02-08 11:37:22.104845,Toronto-70aa,-8,88,Normal
2026-02-08 11:37:23.104845,Toronto-70aa,8,86,Normal
2026-02-08 11:37:24.104845,Toronto-70aa,-6,68,Normal
2026-02-08 11:37:25.104845,Toronto-70aa,33,14,Normal
2026-02-08 11:37:26.104845,Toronto-70aa,-30,91,Normal
2026-02-08 11:37:27.104845,Toronto-70aa,-1,27,Normal
2026-02-08 11:37:28.104845,Toronto-70aa,-3,94,Normal
2026-02-08 11:37:29.104845,Toronto-70aa,-28,13,Normal
2026-02-08 11:37:30.104845,Toronto-70aa,-8,76,Normal
2026-02-08 11:37:31.104845,Toronto-70aa,7,60,Normal
2026-02-08 11:37:32.104845,Toronto-70aa,28,93,Normal
2026-02-08 11:37:33.104845,Toronto-70aa,44,24,Normal
2026-02-08 11:37:34.104845,Toronto-70aa,43,63,Normal
2026-02-08 11:37:35.104845,Toronto-70aa,-29,41,Normal
2026-02-08 11:37:36.104845,Toronto-70aa,-6,32,Normal
2026-02-08 11:37:37.104845,Toronto-70aa,43,42,Normal
2026-02-08 11:37:38.104845,Toronto-70aa,-29,85,Normal
2026-02-08 11:37:39.104845,Toronto-70aa,-1,63,Normal
2026-02-08 11:37:40.104845,Toronto-70aa,39,93,Normal
2026-02-08 11:37:41.104845,Toronto-70aa,32,78,Normal
2026-02-08 11:37:42.104845,Toronto-70aa,-8,68,Normal
2026-02-08 11:37:43.104845,Toronto-70aa,24,0,Normal
2026-02-08 11:37:44.104845,Toronto-70aa,-26,12,Normal
2026-02-08 11:37:45.104845,Toronto-70aa,46,79,Normal
2026-02-08 11:37:46.104845,Toronto-70aa,10,54,Normal
2026-02-08 11:37:47.104845,Toronto-70aa,45,40,Normal
2026-02-08 11:37:48.104845,Toronto-70aa,-4,29,Normal
2026-02-08 11:37:49.104845,Toronto-70aa,38,90,Normal
2026-02-08 11:37:50.104845,Toronto-70aa,9,1,Normal
2026-02-08 11:37:51.104845,Toronto-70aa,24,30,Normal
2026-02-08 11:37:52.104845,Toronto-70aa,-29,94,Normal
2026-02-08 11:37:53.104845,Toronto-70aa,47,32,Normal
2026-02-08 11:37:54.104845,Toronto-70aa,20,20,Normal
2026-02-08 11:37:55.104845,Toronto-70aa,-24,44,Normal
2026-02-08 11:37:56.104845,Toronto-70aa,22,30,Normal
2026-02-08 11:37:57.104845,Toronto-70aa,14,19,Normal
2026-02-08 11:37:58.104845,Toronto-70aa,34,71,Normal
2026-02-08 11:37:59.104845,Toronto-70aa,33,63,Normal
2026-02-08 11:38:00.104845,Toronto-70aa,-1,72,Normal
2026-02-08 11:38:01.104845,Toronto-70aa,-7,93,Normal
2026-02-08 11:38:02.104845,Toronto-70aa,50,45,Normal
2026-02-08 11:38:03.104845,Toronto-70aa,8,21,Normal
2026-02-08 11:38:04.104845,Toronto-70aa,-6,91,Normal
2026-02-08 11:38:05.104845,Toronto-70aa,19,80,Normal
2026-02-08 11:38:06.104845,Toronto-70aa,-9,55,Normal
2026-02-08 11:38:07.104845,Toronto-70aa,-25,15,Normal
2026-02-08 11:38:08.104845,Toronto-70aa,28,64,Normal
2026-02-08 11:38:09.104845,Toronto-70aa,32,36,Normal
2026-02-08 11:38:10.104845,Toronto-70aa,-9,63,Normal
2026-02-08 11:38:11.104845,Toronto-70aa,-15,38,Normal
2026-02-08 11:38:12.104845,Toronto-70aa,2,51,Normal
2026-02-08 11:38:13.104845,Toronto-70aa,0,97,Normal
2026-02-08 11:38:14.104845,Toronto-70aa,9,31,Normal
2026-02-08 11:38:15.104845,Toronto-70aa,41,74,Normal
2026-02-08 11:38:16.104845,Toronto-70aa,-8,68,Normal
2026-02-08 11:38:17.104845,Toronto-70aa,-23,43,Normal
2026-02-08 11:38:18.104845,Toronto-70aa,16,22,Normal
2026-02-08 11:38:19.104845,Toronto-70aa,23,0,Normal
2026-02-08 11:38:20.104845,Toronto-70aa,21,85,Normal
2026-02-08 11:38:21.104845,Toronto-70aa,4,53,Normal
2026-02-08 11:38:22.104845,Toronto-70aa,48,67,Normal
2026-02-08 11:38:23.104845,Toronto-70aa,-1,57,Normal
2026-02-08 11:38:24.104845,Toronto-70aa,36,37,Normal
2026-02-08 11:38:25.104845,Toronto-70aa,18,82,Normal
2026-02-08 11:38:26.104845,Toronto-70aa,-16,26,Normal
2026-02-08 11:38:27.104845,Toronto-70aa,31,59,Normal
2026-02-08 11:38:28.104845,Toronto-70aa,40,31,Normal
2026-02-08 11:38:29.104845,Toronto-70aa,9,64,Normal
2026-02-08 11:38:30.104845,Toronto-70aa,35,67,Normal
2026-02-08 11:38:31.104845,Toronto-70aa,43,22,Normal
2026-02-08 11:38:32.104845,Toronto-70aa,15,54,Normal
2026-02-08 11:38:33.104845,Toronto-70aa,-11,44,Normal
2026-02-08 11:38:34.104845,Toronto-70aa,-28,44,Normal
2026-02-08 11:38:35.104845,Toronto-70aa,-17,63,Normal
2026-02-08 11:38:36.104845,Toronto-70aa,16,40,Normal
2026-02-08 11:38:37.104845,Toronto-70aa,15,88,Normal
2026-02-08 11:38:38.104845,Toronto-70aa,47,23,Normal
2026-02-08 11:38:39.104845,Toronto-70aa,-24,99,Normal
2026-02-08 11:38:40.104845,Toronto-70aa,6,82,Normal
2026-02-08 11:38:41.104845,Toronto-70aa,2,54,Normal
2026-02-08 11:38:42.104845,Toronto-70aa,14,96,Normal
2026-02-08 11:38:43.104845,Toronto-70aa,34,66,Normal
2026-02-08 11:38:44.104845,Toronto-70aa,-14,67,Normal
2026-02-08 11:38:45.104845,Toronto-70aa,22,77,Normal
2026-02-08 11:38:46.104845,Toronto-70aa,-10,17,Normal
2026-02-08 11:38:47.104845,Toronto-70aa,16,75,Normal
2026-02-08 11:38:48.104845,Toronto-70aa,21,89,Normal
2026-02-08 11:38:49.104845,Toronto-70aa,-2,18,Normal
2026-02-08 11:38:50.104845,Toronto-70aa,-28,51,Normal
2026-02-08 11:38:51.104845,Toronto-70aa,-10,5,Normal
2026-02-08 11:38:52.104845,Toronto-70aa,-11,71,Normal
2026-02-08 11:38:53.104845,Toronto-70aa,42,62,Normal
2026-02-08 11:38:54.104845,Toronto-70aa,46,58,Normal
2026-02-08 11:38:55.104845,Toronto-70aa,42,68,Normal
2026-02-08 11:38:56.104845,Toronto-70aa,7,90,Normal
2026-02-08 11:38:57.104845,Toronto-70aa,-9,69,Normal
2026-02-08 11:38:58.104845,Toronto-70aa,34,68,Normal
2026-02-08 11:38:59.104845,Toronto-70aa,-2,45,Normal
2026-02-08 11:39:00.104845,Toronto-70aa,37,96,Normal
2026-02-08 11:39:01.104845,Toronto-70aa,5,30,Normal
2026-02-08 11:39:02.104845,Toronto-70aa,5,61,Normal
2026-02-08 11:39:03.104845,Toronto-70aa,23,27,Normal
2026-02-08 11:39:04.104845,Toronto-70aa,-18,34,Normal
2026-02-08 11:39:05.104845,Toronto-70aa,5,93,Normal
2026-02-08 11:39:06.104845,Toronto-70aa,18,43,Normal
2026-02-08 11:39:07.104845,Toronto-70aa,21,0,Normal
2026-02-08 11:39:08.104845,Toronto-70aa,8,53,Normal
2026-02-08 11:39:09.104845,Toronto-70aa,33,56,Normal
2026-02-08 11:39:10.104845,Toronto-70aa,-3,10,Normal
2026-02-08 11:39:11.104845,Toronto-70aa,5,77,Normal
2026-02-08 11:39:12.104845,Toronto-70aa,29,79,Normal
2026-02-08 11:39:13.104845,Toronto-70aa,39,74,Normal
2026-02-08 11:39:14.104845,Toronto-70aa,36,13,Normal
2026-02-08 11:39:15.104845,Toronto-70aa,19,15,Normal
2026-02-08 11:39:16.104845,Toronto-70aa,22,59,Normal
2026-02-08 11:39:17.104845,Toronto-70aa,7,52,Normal
2026-02-08 11:39:18.104845,Toronto-70aa,38,32,Normal
2026-02-08 11:39:19.104845,Toronto-70aa,-11,20,Normal
2026-02-08 11:39:20.104845,Toronto-70aa,8,57,Normal
2026-02-08 11:39:21.104845,Toronto-70aa,4,80,Normal
2026-02-08 11:39:22.104845,Toronto-70aa,-22,89,Normal
2026-02-08 11:39:23.104845,Toronto-70aa,20,38,Normal
2026-02-08 11:39:24.104845,Toronto-70aa,5,32,Normal
2026-02-08 11:39:25.104845,Toronto-70aa,-24,5,Normal
2026-02-08 11:39:26.104845,Toronto-70aa,-12,0,Normal
2026-02-08 11:39:27.104845,Toronto-70aa,-17,11,Normal
2026-02-08 11:39:28.104845,Toronto-70aa,41,0,Normal
2026-02-08 11:39:29.104845,Toronto-70aa,45,87,Normal
2026-02-08 11:39:30.104845,Toronto-70aa,-16,65,Normal
2026-02-08 11:39:31.104845,Toronto-70aa,4,35,Normal
2026-02-08 11:39:32.104845,Toronto-70aa,13,45,Normal
2026-02-08 11:39:33.104845,Toronto-70aa,44,28,Normal
2026-02-08 11:39:34.104845,Toronto-70aa,4,18,Normal
2026-02-08 11:39:35.104845,Toronto-70aa,-4,13,Normal
2026-02-08 11:39:36.104845,Toronto-70aa,-26,13,Normal
2026-02-08 11:39:37.104845,Toronto-70aa,-17,10,Normal
2026-02-08 11:39:38.104845,Toronto-70aa,49,45,Normal
2026-02-08 11:39:39.104845,Toronto-70aa,7,100,Normal
2026-02-08 11:39:40.104845,Toronto-70aa,32,13,Normal
2026-02-08 11:39:41.104845,Toronto-70aa,21,92,Normal
2026-02-08 11:39:42.104845,Toronto-70aa,-26,21,Normal
2026-02-08 11:39:43.104845,Toronto-70aa,-13,2,Normal
2026-02-08 11:39:44.104845,Toronto-70aa,2,60,Normal
2026-02-08 11:39:45.104845,Toronto-70aa,17,1,Normal
2026-02-08 11:39:46.104845,Toronto-70aa,21,48,Normal
2026-02-08 11:39:47.104845,Toronto-70aa,38,41,Normal
2026-02-08 11:39:48.104845,Toronto-70aa,24,88,Normal
2026-02-08 11:39:49.104845,Toronto-70aa,10,10,Normal
2026-02-08 11:39:50.104845,Toronto-70aa,35,19,Normal
2026-02-08 11:39:51.104845,Toronto-70aa,-27,92,Normal
2026-02-08 11:39:52.104845,Toronto-70aa,31,8,Normal
2026-02-08 11:39:53.104845,Toronto-70aa,8,24,Normal
2026-02-08 11:39:54.104845,Toronto-70aa,-26,7,Normal
2026-02-08 11:39:55.104845,Toronto-70aa,15,37,Normal
2026-02-08 11:39:56.104845,Toronto-70aa,42,6,Normal
2026-02-08 11:39:57.104845,Toronto-70aa,-14,7,Normal
2026-02-08 11:39:58.104845,Toronto-70aa,17,17,Normal
2026-02-08 11:39:59.104845,Toronto-70aa,10,39,Normal
2026-02-08 11:40:00.104845,Toronto-70aa,28,24,Normal
2026-02-08 11:40:01.104845,Toronto-70aa,-23,80,Normal
2026-02-08 11:40:02.104845,Toronto-70aa,-26,100,Normal
2026-02-08 11:40:03.104845,Toronto-70aa,-9,43,Normal
2026-02-08 11:40:04.104845,Toronto-70aa,0,75,Normal
2026-02-08 11:40:05.104845,Toronto-70aa,32,3,Normal
2026-02-08 11:40:06.104845,Toronto-70aa,46,31,Normal
2026-02-08 11:40:07.104845,Toronto-70aa,10,97,Normal
2026-02-08 11:40:08.104845,Toronto-70aa,-23,25,Normal
2026-02-08 11:40:09.104845,Toronto-70aa,-20,26,Normal
2026-02-08 11:40:10.104845,Toronto-70aa,-7,38,Normal
2026-02-08 11:40:11.104845,Toronto-70aa,45,65,Normal
2026-02-08 11:40:12.104845,Toronto-70aa,11,82,Normal
2026-02-08 11:40:13.104845,Toronto-70aa,-3,4,Normal
2026-02-08 11:40:14.104845,Toronto-70aa,37,34,Normal
2026-02-08 11:40:15.104845,Toronto-70aa,12,13,Normal
2026-02-08 11:40:16.104845,Toronto-70aa,16,48,Normal
2026-02-08 11:40:17.104845,Toronto-70aa,-16,28,Normal
2026-02-08 11:40:18.104845,Toronto-70aa,35,66,Normal
2026-02-08 11:40:19.104845,Toronto-70aa,4,86,Normal
2026-02-08 11:40:20.104845,Toronto-70aa,-8,57,Normal
2026-02-08 11:40:21.104845,Toronto-70aa,-18,96,Normal
2026-02-08 11:40:22.104845,Toronto-70aa,-13,1,Normal
2026-02-08 11:40:23.104845,Toronto-70aa,-26,66,Normal
2026-02-08 11:40:24.104845,Toronto-70aa,4,87,Normal
2026-02-08 11:40:25.104845,Toronto-70aa,-5,99,Normal
2026-02-08 11:40:26.104845,Toronto-70aa,44,61,Normal
2026-02-08 11:40:27.104845,Toronto-70aa,-5,38,Normal
2026-02-08 11:40:28.104845,Toronto-70aa,-4,57,Normal
2026-02-08 11:40:29.104845,Toronto-70aa,-14,30,Normal
2026-02-08 11:40:30.104845,Toronto-70aa,39,69,Normal
2026-02-08 11:40:31.104845,Toronto-70aa,10,46,Normal
2026-02-08 11:40:32.104845,Toronto-70aa,-15,22,Normal
2026-02-08 11:40:33.104845,Toronto-70aa,17,32,Normal
2026-02-08 11:40:34.104845,Toronto-70aa,31,96,Normal
2026-02-08 11:40:35.104845,Toronto-70aa,43,86,Normal
2026-02-08 11:40:36.104845,Toronto-70aa,23,38,Normal
2026-02-08 11:40:37.104845,Toronto-70aa,-19,19,Normal
2026-02-08 11:40:38.104845,Toronto-70aa,0,8,Normal
2026-02-08 11:40:39.104845,Toronto-70aa,40,31,Normal
2026-02-08 11:40:40.104845,Toronto-70aa,29,57,Normal
2026-02-08 11:40:41.104845,Toronto-70aa,-14,75,Normal
2026-02-08 11:40:42.104845,Toronto-70aa,34,53,Normal
2026-02-08 11:40:43.104845,Toronto-70aa,1,43,Normal
2026-02-08 11:40:44.104845,Toronto-70aa,12,4,Normal
2026-02-08 11:40:45.104845,Toronto-70aa,33,52,Normal
2026-02-08 11:40:46.104845,Toronto-70aa,-29,80,Normal
2026-02-08 11:40:47.104845,Toronto-70aa,14,83,Normal
2026-02-08 11:40:48.104845,Toronto-70aa,8,3,Normal
2026-02-08 11:40:49.104845,Toronto-70aa,32,37,Normal
2026-02-08 11:40:50.104845,Toronto-70aa,16,81,Normal
2026-02-08 11:40:51.104845,Toronto-70aa,44,63,Normal
2026-02-08 11:40:52.104845,Toronto-70aa,-23,22,Normal
2026-02-08 11:40:53.104845,Toronto-70aa,47,2,Normal
2026-02-08 11:40:54.104845,Toronto-70aa,42,69,Normal
2026-02-08 11:40:55.104845,Toronto-70aa,15,68,Normal
2026-02-08 11:40:56.104845,Toronto-70aa,37,13,Normal
2026-02-08 11:40:57.104845,Toronto-70aa,-23,18,Normal
2026-02-08 11:40:58.104845,Toronto-70aa,36,91,Normal
2026-02-08 11:40:59.104845,Toronto-70aa,36,59,Normal
2026-02-08 11:41:00.104845,Toronto-70aa,9,95,Normal
2026-02-08 11:41:01.104845,Toronto-70aa,50,55,Normal
2026-02-08 11:41:02.104845,Toronto-70aa,12,35,Normal
2026-02-08 11:41:03.104845,Toronto-70aa,32,0,Normal
2026-02-08 11:41:04.104845,Toronto-70aa,-24,63,Normal
2026-02-08 11:41:05.104845,Toronto-70aa,31,84,Normal
2026-02-08 11:41:06.104845,Toronto-70aa,-16,86,Normal
2026-02-08 11:41:07.104845,Toronto-70aa,-4,42,Normal
2026-02-08 11:41:08.104845,Toronto-70aa,23,48,Normal
2026-02-08 11:41:09.104845,Toronto-70aa,12,42,Normal
2026-02-08 11:41:10.104845,Toronto-70aa,9,79,Normal
2026-02-08 11:41:11.104845,Toronto-70aa,49,35,Normal
2026-02-08 11:41:12.104845,Toronto-70aa,7,85,Normal
2026-02-08 11:41:13.104845,Toronto-70aa,-2,29,Normal
2026-02-08 11:41:14.104845,Toronto-70aa,8,91,Normal
2026-02-08 11:41:15.104845,Toronto-70aa,-5,47,Normal
2026-02-08 11:41:16.104845,Toronto-70aa,25,95,Normal
2026-02-08 11:41:17.104845,Toronto-70aa,-12,18,Normal
2026-02-08 11:41:18.104845,Toronto-70aa,43,50,Normal
2026-02-08 11:41:19.104845,Toronto-70aa,26,61,Normal
2026-02-08 11:41:20.104845,Toronto-70aa,22,5,Normal
2026-02-08 11:41:21.104845,Toronto-70aa,49,64,Normal
2026-02-08 11:41:22.104845,Toronto-70aa,48,5,Normal
2026-02-08 11:41:23.104845,Toronto-70aa,-22,22,Normal
2026-02-08 11:41:24.104845,Toronto-70aa,12,14,Normal
2026-02-08 11:41:25.104845,Toronto-70aa,31,95,Normal
2026-02-08 11:41:26.104845,Toronto-70aa,39,4,Normal
2026-02-08 11:41:27.104845,Toronto-70aa,32,50,Normal
2026-02-08 11:41:28.104845,Toronto-70aa,25,63,Normal
2026-02-08 11:41:29.104845,Toronto-70aa,-28,5,Normal
2026-02-08 11:41:30.104845,Toronto-70aa,-11,47,Normal
2026-02-08 11:41:31.104845,Toronto-70aa,-18,47,Normal
2026-02-08 11:41:32.104845,Toronto-70aa,-10,12,Normal
2026-02-08 11:41:33.104845,Toronto-70aa,-27,12,Normal
2026-02-08 11:41:34.104845,Toronto-70aa,-8,28,Normal
2026-02-08 11:41:35.104845,Toronto-70aa,3,48,Normal
2026-02-08 11:41:36.104845,Toronto-70aa,46,17,Normal
2026-02-08 11:41:37.104845,Toronto-70aa,11,48,Normal
2026-02-08 11:41:38.104845,Toronto-70aa,47,4,Normal
2026-02-08 11:41:39.104845,Toronto-70aa,-6,37,Normal
2026-02-08 11:41:40.104845,Toronto-70aa,-6,88,Normal
2026-02-08 11:41:41.104845,Toronto-70aa,-24,74,Normal
2026-02-08 11:41:42.104845,Toronto-70aa,-18,8,Normal
2026-02-08 11:41:43.104845,Toronto-70aa,9,98,Normal
2026-02-08 11:41:44.104845,Toronto-70aa,19,75,Normal
2026-02-08 11:41:45.104845,Toronto-70aa,45,71,Normal
2026-02-08 11:41:46.104845,Toronto-70aa,38,12,Normal
2026-02-08 11:41:47.104845,Toronto-70aa,-22,86,Normal
2026-02-08 11:41:48.104845,Toronto-70aa,-27,19,Normal
2026-02-08 11:41:49.104845,Toronto-70aa,3,15,Normal
2026-02-08 11:41:50.104845,Toronto-70aa,40,59,Normal
2026-02-08 11:41:51.104845,Toronto-70aa,-9,26,Normal
2026-02-08 11:41:52.104845,Toronto-70aa,-25,40,Normal
2026-02-08 11:41:53.104845,Toronto-70aa,42,11,Normal
2026-02-08 11:41:54.104845,Toronto-70aa,49,34,Normal
2026-02-08 11:41:55.104845,Toronto-70aa,6,81,Normal
2026-02-08 11:41:56.104845,Toronto-70aa,31,30,Normal
2026-02-08 11:41:57.104845,Toronto-70aa,39,42,Normal
2026-02-08 11:41:58.104845,Toronto-70aa,32,98,Normal
2026-02-08 11:41:59.104845,Toronto-70aa,27,60,Normal
2026-02-08 11:42:00.104845,Toronto-70aa,5,37,Normal
2026-02-08 11:42:01.104845,Toronto-70aa,-6,40,Normal
2026-02-08 11:42:02.104845,Toronto-70aa,-30,51,Normal
2026-02-08 11:42:03.104845,Toronto-70aa,-18,50,Normal
2026-02-08 11:42:04.104845,Toronto-70aa,49,15,Normal
2026-02-08 11:42:05.104845,Toronto-70aa,50,14,Normal
2026-02-08 11:42:06.104845,Toronto-70aa,49,36,Normal
2026-02-08 11:42:07.104845,Toronto-70aa,35,20,Normal
2026-02-08 11:42:08.104845,Toronto-70aa,-24,65,Normal
2026-02-08 11:42:09.104845,Toronto-70aa,1,30,Normal
2026-02-08 11:42:10.104845,Toronto-70aa,49,75,Normal
2026-02-08 11:42:11.104845,Toronto-70aa,-1,8,Normal
2026-02-08 11:42:12.104845,Toronto-70aa,11,40,Normal
2026-02-08 11:42:13.104845,Toronto-70aa,-6,30,Normal
2026-02-08 11:42:14.104845,Toronto-70aa,7,31,Normal
2026-02-08 11:42:15.104845,Toronto-70aa,-1,94,Normal
2026-02-08 11:42:16.104845,Toronto-70aa,49,33,Normal
2026-02-08 11:42:17.104845,Toronto-70aa,-26,88,Normal
2026-02-08 11:42:18.104845,Toronto-70aa,14,33,Normal
2026-02-08 11:42:19.104845,Toronto-70aa,3,59,Normal
2026-02-08 11:42:20.104845,Toronto-70aa,-30,50,Normal
2026-02-08 11:42:21.104845,Toronto-70aa,-8,13,Normal
2026-02-08 11:42:22.104845,Toronto-70aa,25,33,Normal
2026-02-08 11:42:23.104845,Toronto-70aa,-24,75,Normal
2026-02-08 11:42:24.104845,Toronto-70aa,41,71,Normal
2026-02-08 11:42:25.104845,Toronto-70aa,-13,74,Normal
2026-02-08 11:42:26.104845,Toronto-70aa,21,59,Normal
2026-02-08 11:42:27.104845,Toronto-70aa,18,85,Normal
2026-02-08 11:42:28.104845,Toronto-70aa,17,54,Normal
2026-02-08 11:42:29.104845,Toronto-70aa,-19,68,Normal
2026-02-08 11:42:30.104845,Toronto-70aa,46,44,Normal
2026-02-08 11:42:31.104845,Toronto-70aa,-5,52,Normal
2026-02-08 11:42:32.104845,Toronto-70aa,38,0,Normal
2026-02-08 11:42:33.104845,Toronto-70aa,-20,23,Normal
2026-02-08 11:42:34.104845,Toronto-70aa,11,55,Normal
2026-02-08 11:42:35.104845,Toronto-70aa,24,4,Normal
2026-02-08 11:42:36.104845,Toronto-70aa,-27,70,Normal
2026-02-08 11:42:37.104845,Toronto-70aa,-19,60,Normal
2026-02-08 11:42:38.104845,Toronto-70aa,-7,3,Normal
2026-02-08 11:42:39.104845,Toronto-70aa,12,98,Normal
2026-02-08 11:42:40.104845,Toronto-70aa,-11,48,Normal
2026-02-08 11:42:41.104845,Toronto-70aa,4,0,Normal
2026-02-08 11:42:42.104845,Toronto-70aa,37,31,Normal
2026-02-08 11:42:43.104845,Toronto-70aa,-8,45,Normal
2026-02-08 11:42:44.104845,Toronto-70aa,26,23,Normal
2026-02-08 11:42:45.104845,Toronto-70aa,-22,55,Normal
2026-02-08 11:42:46.104845,Toronto-70aa,6,51,Normal
2026-02-08 11:42:47.104845,Toronto-70aa,9,7,Normal
2026-02-08 11:42:48.104845,Toronto-70aa,0,44,Normal
2026-02-08 11:42:49.104845,Toronto-70aa,-18,50,Normal
2026-02-08 11:42:50.104845,Toronto-70aa,31,44,Normal
2026-02-08 11:42:51.104845,Toronto-70aa,46,37,Normal
2026-02-08 11:42:52.104845,Toronto-70aa,15,63,Normal
2026-02-08 11:42:53.104845,Toronto-70aa,-16,6,Normal
2026-02-08 11:42:54.104845,Toronto-70aa,8,20,Normal
2026-02-08 11:42:55.104845,Toronto-70aa,-17,10,Normal
2026-02-08 11:42:56.104845,Toronto-70aa,14,22,Normal
2026-02-08 11:42:57.104845,Toronto-70aa,-19,99,Normal
2026-02-08 11:42:58.104845,Toronto-70aa,19,0,Normal
2026-02-08 11:42:59.104845,Toronto-70aa,39,75,Normal
2026-02-08 11:43:00.104845,Toronto-70aa,-17,80,Normal
2026-02-08 11:43:01.104845,Toronto-70aa,-26,34,Normal
2026-02-08 11:43:02.104845,Toronto-70aa,8,71,Normal
2026-02-08 11:43:03.104845,Toronto-70aa,16,11,Normal
2026-02-08 11:43:04.104845,Toronto-70aa,2,76,Normal
2026-02-08 11:43:05.104845,Toronto-70aa,37,71,Normal
2026-02-08 11:43:06.104845,Toronto-70aa,4,95,Normal
2026-02-08 11:43:07.104845,Toronto-70aa,11,64,Normal
2026-02-08 11:43:08.104845,Toronto-70aa,9,97,Normal
2026-02-08 11:43:09.104845,Toronto-70aa,-17,50,Normal
2026-02-08 11:43:10.104845,Toronto-70aa,13,92,Normal
2026-02-08 11:43:11.104845,Toronto-70aa,1,75,Normal
2026-02-08 11:43:12.104845,Toronto-70aa,-28,79,Normal
2026-02-08 11:43:13.104845,Toronto-70aa,-28,15,Normal
2026-02-08 11:43:14.104845,Toronto-70aa,-15,62,Normal
2026-02-08 11:43:15.104845,Toronto-70aa,-12,53,Normal
2026-02-08 11:43:16.104845,Toronto-70aa,44,60,Normal
2026-02-08 11:43:17.104845,Toronto-70aa,-27,31,Normal
2026-02-08 11:43:18.104845,Toronto-70aa,-10,44,Normal
2026-02-08 11:43:19.104845,Toronto-70aa,-24,92,Normal
2026-02-08 11:43:20.104845,Toronto-70aa,5,69,Normal
2026-02-08 11:43:21.104845,Toronto-70aa,45,39,Normal
2026-02-08 11:43:22.104845,Toronto-70aa,36,98,Normal
2026-02-08 11:43:23.104845,Toronto-70aa,29,6,Normal
2026-02-08 11:43:24.104845,Toronto-70aa,-29,39,Normal
2026-02-08 11:43:25.104845,Toronto-70aa,36,86,Normal
2026-02-08 11:43:26.104845,Toronto-70aa,41,46,Normal
2026-02-08 11:43:27.104845,Toronto-70aa,-12,32,Normal
2026-02-08 11:43:28.104845,Toronto-70aa,32,88,Normal
2026-02-08 11:43:29.104845,Toronto-70aa,-28,16,Normal
2026-02-08 11:43:30.104845,Toronto-70aa,0,88,Normal
2026-02-08 11:43:31.104845,Toronto-70aa,-8,76,Normal
2026-02-08 11:43:32.104845,Toronto-70aa,7,52,Normal
2026-02-08 11:43:33.104845,Toronto-70aa,48,67,Normal
2026-02-08 11:43:34.104845,Toronto-70aa,-3,95,Normal
2026-02-08 11:43:35.104845,Toronto-70aa,48,34,Normal
2026-02-08 11:43:36.104845,Toronto-70aa,1,90,Normal
2026-02-08 11:43:37.104845,Toronto-70aa,36,46,Normal
2026-02-08 11:43:38.104845,Toronto-70aa,6,89,Normal
2026-02-08 11:43:39.104845,Toronto-70aa,33,18,Normal
2026-02-08 11:43:40.104845,Toronto-70aa,25,18,Normal
2026-02-08 11:43:41.104845,Toronto-70aa,40,91,Normal
2026-02-08 11:43:42.104845,Toronto-70aa,1,77,Normal
2026-02-08 11:43:43.104845,Toronto-70aa,49,63,Normal
2026-02-08 11:43:44.104845,Toronto-70aa,-5,63,Normal
2026-02-08 11:43:45.104845,Toronto-70aa,8,0,Normal
2026-02-08 11:43:46.104845,Toronto-70aa,15,13,Normal
2026-02-08 11:43:47.104845,Toronto-70aa,-22,77,Normal
2026-02-08 11:43:48.104845,Toronto-70aa,23,86,Normal
2026-02-08 11:43:49.104845,Toronto-70aa,9,29,Normal
2026-02-08 11:43:50.104845,Toronto-70aa,-3,39,Normal
2026-02-08 11:43:51.104845,Toronto-70aa,26,99,Normal
2026-02-08 11:43:52.104845,Toronto-70aa,29,34,Normal
2026-02-08 11:43:53.104845,Toronto-70aa,-8,21,Normal
2026-02-08 11:43:54.104845,Toronto-70aa,-14,86,Normal
2026-02-08 11:43:55.104845,Toronto-70aa,25,58,Normal
2026-02-08 11:43:56.104845,Toronto-70aa,50,56,Normal
2026-02-08 11:43:57.104845,Toronto-70aa,8,47,Normal
2026-02-08 11:43:58.104845,Toronto-70aa,-20,84,Normal
2026-02-08 11:43:59.104845,Toronto-70aa,46,89,Normal
2026-02-08 11:44:00.104845,Toronto-70aa,-25,31,Normal
2026-02-08 11:44:01.104845,Toronto-70aa,-5,45,Normal
2026-02-08 11:44:02.104845,Toronto-70aa,26,7,Normal
2026-02-08 11:44:03.104845,Toronto-70aa,48,87,Normal
2026-02-08 11:44:04.104845,Toronto-70aa,16,28,Normal
2026-02-08 11:44:05.104845,Toronto-70aa,-22,9,Normal
2026-02-08 11:44:06.104845,Toronto-70aa,-23,52,Normal
2026-02-08 11:44:07.104845,Toronto-70aa,21,62,Normal
2026-02-08 11:44:08.104845,Toronto-70aa,-12,14,Normal
2026-02-08 11:44:09.104845,Toronto-70aa,-15,70,Normal
2026-02-08 11:44:10.104845,Toronto-70aa,41,34,Normal
2026-02-08 11:44:11.104845,Toronto-70aa,-11,79,Normal
2026-02-08 11:44:12.104845,Toronto-70aa,-18,35,Normal
2026-02-08 11:44:13.104845,Toronto-70aa,-17,46,Normal
2026-02-08 11:44:14.104845,Toronto-70aa,-9,84,Normal
2026-02-08 11:44:15.104845,Toronto-70aa,31,62,Normal
2026-02-08 11:44:16.104845,Toronto-70aa,48,19,Normal
2026-02-08 11:44:17.104845,Toronto-70aa,50,37,Normal
2026-02-08 11:44:18.104845,Toronto-70aa,-16,36,Normal
2026-02-08 11:44:19.104845,Toronto-70aa,-9,52,Normal
2026-02-08 11:44:20.104845,Toronto-70aa,38,78,Normal
2026-02-08 11:44:21.104845,Toronto-70aa,0,36,Normal
2026-02-08 11:44:22.104845,Toronto-70aa,18,91,Normal
2026-02-08 11:44:23.104845,Toronto-70aa,14,94,Normal
2026-02-08 11:44:24.104845,Toronto-70aa,33,10,Normal
2026-02-08 11:44:25.104845,Toronto-70aa,38,11,Normal
2026-02-08 11:44:26.104845,Toronto-70aa,10,35,Normal
2026-02-08 11:44:27.104845,Toronto-70aa,-29,43,Normal
2026-02-08 11:44:28.104845,Toronto-70aa,24,11,Normal
2026-02-08 11:44:29.104845,Toronto-70aa,44,7,Normal
2026-02-08 11:44:30.104845,Toronto-70aa,28,17,Normal
2026-02-08 11:44:31.104845,Toronto-70aa,42,77,Normal
2026-02-08 11:44:32.104845,Toronto-70aa,-25,37,Normal
2026-02-08 11:44:33.104845,Toronto-70aa,-9,67,Normal
2026-02-08 11:44:34.104845,Toronto-70aa,23,34,Normal
2026-02-08 11:44:35.104845,Toronto-70aa,43,3,Normal
2026-02-08 11:44:36.104845,Toronto-70aa,34,14,Normal
2026-02-08 11:44:37.104845,Toronto-70aa,0,44,Normal
2026-02-08 11:44:38.104845,Toronto-70aa,9,71,Normal
2026-02-08 11:44:39.104845,Toronto-70aa,-9,44,Normal
2026-02-08 11:44:40.104845,Toronto-70aa,28,62,Normal
2026-02-08 11:44:41.104845,Toronto-70aa,24,90,Normal
2026-02-08 11:44:42.104845,Toronto-70aa,25,28,Normal
2026-02-08 11:44:43.104845,Toronto-70aa,10,67,Normal
2026-02-08 11:44:44.104845,Toronto-70aa,40,87,Normal
2026-02-08 11:44:45.104845,Toronto-70aa,-13,27,Normal
2026-02-08 11:44:46.104845,Toronto-70aa,-16,30,Normal
2026-02-08 11:44:47.104845,Toronto-70aa,38,99,Normal
2026-02-08 11:44:48.104845,Toronto-70aa,-11,48,Normal
2026-02-08 11:44:49.104845,Toronto-70aa,-18,60,Normal
2026-02-08 11:44:50.104845,Toronto-70aa,-3,20,Normal
2026-02-08 11:44:51.104845,Toronto-70aa,-22,60,Normal
2026-02-08 11:44:52.104845,Toronto-70aa,42,44,Normal
2026-02-08 11:44:53.104845,Toronto-70aa,-29,52,Normal
2026-02-08 11:44:54.104845,Toronto-70aa,46,84,Normal
2026-02-08 11:44:55.104845,Toronto-70aa,45,9,Normal
2026-02-08 11:44:56.104845,Toronto-70aa,26,74,Normal
2026-02-08 11:44:57.104845,Toronto-70aa,-13,43,Normal
2026-02-08 11:44:58.104845,Toronto-70aa,40,55,Normal
2026-02-08 11:44:59.104845,Toronto-70aa,41,75,Normal
2026-02-08 11:45:00.104845,Toronto-70aa,1,46,Normal
2026-02-08 11:45:01.104845,Toronto-70aa,-1,51,Normal
2026-02-08 11:45:02.104845,Toronto-70aa,-7,24,Normal
2026-02-08 11:45:03.104845,Toronto-70aa,-9,69,Normal
2026-02-08 11:45:04.104845,Toronto-70aa,27,87,Normal
2026-02-08 11:45:05.104845,Toronto-70aa,-1,90,Normal
2026-02-08 11:45:06.104845,Toronto-70aa,46,49,Normal
2026-02-08 11:45:07.104845,Toronto-70aa,45,25,Normal
2026-02-08 11:45:08.104845,Toronto-70aa,16,1,Normal
2026-02-08 11:45:09.104845,Toronto-70aa,26,98,Normal
2026-02-08 11:45:10.104845,Toronto-70aa,-20,78,Normal
2026-02-08 11:45:11.104845,Toronto-70aa,17,78,Normal
2026-02-08 11:45:12.104845,Toronto-70aa,17,100,Normal
2026-02-08 11:45:13.104845,Toronto-70aa,12,55,Normal
2026-02-08 11:45:14.104845,Toronto-70aa,-27,10,Normal
2026-02-08 11:45:15.104845,Toronto-70aa,-13,28,Normal
2026-02-08 11:45:16.104845,Toronto-70aa,4,21,Normal
2026-02-08 11:45:17.104845,Toronto-70aa,2,19,Normal
2026-02-08 11:45:18.104845,Toronto-70aa,32,92,Normal
2026-02-08 11:45:19.104845,Toronto-70aa,12,32,Normal
2026-02-08 11:45:20.104845,Toronto-70aa,-8,67,Normal
2026-02-08 11:45:21.104845,Toronto-70aa,4,9,Normal
2026-02-08 11:45:22.104845,Toronto-70aa,-30,38,Normal
2026-02-08 11:45:23.104845,Toronto-70aa,48,85,Normal
2026-02-08 11:45:24.104845,Toronto-70aa,-18,27,Normal
2026-02-08 11:45:25.104845,Toronto-70aa,24,74,Normal
2026-02-08 11:45:26.104845,Toronto-70aa,21,33,Normal
2026-02-08 11:45:27.104845,Toronto-70aa,24,9,Normal
2026-02-08 11:45:28.104845,Toronto-70aa,-29,58,Normal
2026-02-08 11:45:29.104845,Toronto-70aa,-29,24,Normal
2026-02-08 11:45:30.104845,Toronto-70aa,26,42,Normal
2026-02-08 11:45:31.104845,Toronto-70aa,40,23,Normal
2026-02-08 11:45:32.104845,Toronto-70aa,26,17,Normal
2026-02-08 11:45:33.104845,Toronto-70aa,17,31,Normal
2026-02-08 11:45:34.104845,Toronto-70aa,-18,89,Normal
2026-02-08 11:45:35.104845,Toronto-70aa,-11,8,Normal
2026-02-08 11:45:36.104845,Toronto-70aa,0,97,Normal
2026-02-08 11:45:37.104845,Toronto-70aa,-23,64,Normal
2026-02-08 11:45:38.104845,Toronto-70aa,-21,86,Normal
2026-02-08 11:45:39.104845,Toronto-70aa,-4,87,Normal
2026-02-08 11:45:40.104845,Toronto-70aa,-26,30,Normal
2026-02-08 11:45:41.104845,Toronto-70aa,-6,19,Normal
2026-02-08 11:45:42.104845,Toronto-70aa,31,93,Normal
2026-02-08 11:45:43.104845,Toronto-70aa,19,93,Normal
2026-02-08 11:45:44.104845,Toronto-70aa,0,47,Normal
2026-02-08 11:45:45.104845,Toronto-70aa,1,2,Normal
2026-02-08 11:45:46.104845,Toronto-70aa,0,50,Normal
2026-02-08 11:45:47.104845,Toronto-70aa,19,17,Normal
2026-02-08 11:45:48.104845,Toronto-70aa,12,63,Normal
2026-02-08 11:45:49.104845,Toronto-70aa,-9,72,Normal
2026-02-08 11:45:50.104845,Toronto-70aa,29,70,Normal
2026-02-08 11:45:51.104845,Toronto-70aa,8,27,Normal
2026-02-08 11:45:52.104845,Toronto-70aa,29,46,Normal
2026-02-08 11:45:53.104845,Toronto-70aa,3,77,Normal
2026-02-08 11:45:54.104845,Toronto-70aa,18,61,Normal
2026-02-08 11:45:55.104845,Toronto-70aa,49,16,Normal
2026-02-08 11:45:56.104845,Toronto-70aa,-8,71,Normal
2026-02-08 11:45:57.104845,Toronto-70aa,16,61,Normal
2026-02-08 11:45:58.104845,Toronto-70aa,47,96,Normal
2026-02-08 11:45:59.104845,Toronto-70aa,15,60,Normal
2026-02-08 11:46:00.104845,Toronto-70aa,20,12,Normal
2026-02-08 11:46:01.104845,Toronto-70aa,17,73,Normal
2026-02-08 11:46:02.104845,Toronto-70aa,13,12,Normal
2026-02-08 11:46:03.104845,Toronto-70aa,-25,13,Normal
2026-02-08 11:46:04.104845,Toronto-70aa,8,30,Normal
2026-02-08 11:46:05.104845,Toronto-70aa,-30,26,Normal
2026-02-08 11:46:06.104845,Toronto-70aa,-1,87,Normal
2026-02-08 11:46:07.104845,Toronto-70aa,-20,93,Normal
2026-02-08 11:46:08.104845,Toronto-70aa,-30,34,Normal
2026-02-08 11:46:09.104845,Toronto-70aa,12,34,Normal
2026-02-08 11:46:10.104845,Toronto-70aa,-17,96,Normal
2026-02-08 11:46:11.104845,Toronto-70aa,7,80,Normal
2026-02-08 11:46:12.104845,Toronto-70aa,31,51,Normal
2026-02-08 11:46:13.104845,Toronto-70aa,-28,71,Normal
2026-02-08 11:46:14.104845,Toronto-70aa,1,54,Normal
2026-02-08 11:46:15.104845,Toronto-70aa,30,61,Normal
2026-02-08 11:46:16.104845,Toronto-70aa,23,99,Normal
2026-02-08 11:46:17.104845,Toronto-70aa,-6,97,Normal
2026-02-08 11:46:18.104845,Toronto-70aa,-20,28,Normal
2026-02-08 11:46:19.104845,Toronto-70aa,-14,74,Normal
2026-02-08 11:46:20.104845,Toronto-70aa,-25,54,Normal
2026-02-08 11:46:21.104845,Toronto-70aa,28,12,Normal
2026-02-08 11:46:22.104845,Toronto-70aa,-4,89,Normal
2026-02-08 11:46:23.104845,Toronto-70aa,40,69,Normal
2026-02-08 11:46:24.104845,Toronto-70aa,-22,14,Normal
2026-02-08 11:46:25.104845,Toronto-70aa,-29,29,Normal
2026-02-08 11:46:26.104845,Toronto-70aa,0,15,Normal
2026-02-08 11:46:27.104845,Toronto-70aa,41,48,Normal
2026-02-08 11:46:28.104845,Toronto-70aa,47,91,Normal
2026-02-08 11:46:29.104845,Toronto-70aa,18,48,Normal
2026-02-08 11:46:30.104845,Toronto-70aa,16,28,Normal
2026-02-08 11:46:31.104845,Toronto-70aa,44,66,Normal
2026-02-08 11:46:32.104845,Toronto-70aa,2,11,Normal
2026-02-08 11:46:33.104845,Toronto-70aa,-19,90,Normal
2026-02-08 11:46:34.104845,Toronto-70aa,31,65,Normal
2026-02-08 11:46:35.104845,Toronto-70aa,-7,98,Normal
2026-02-08 11:46:36.104845,Toronto-70aa,31,39,Normal
2026-02-08 11:46:37.104845,Toronto-70aa,-19,4,Normal
2026-02-08 11:46:38.104845,Toronto-70aa,12,71,Normal
2026-02-08 11:46:39.104845,Toronto-70aa,-1,79,Normal
2026-02-08 11:46:40.104845,Toronto-70aa,6,94,Normal
2026-02-08 11:46:41.104845,Toronto-70aa,49,78,Normal
2026-02-08 11:46:42.104845,Toronto-70aa,-7,81,Normal
2026-02-08 11:46:43.104845,Toronto-70aa,-10,12,Normal
2026-02-08 11:46:44.104845,Toronto-70aa,8,35,Normal
2026-02-08 11:46:45.104845,Toronto-70aa,-6,73,Normal
2026-02-08 11:46:46.104845,Toronto-70aa,-12,3,Normal
2026-02-08 11:46:47.104845,Toronto-70aa,35,24,Normal
2026-02-08 11:46:48.104845,Toronto-70aa,10,19,Normal
2026-02-08 11:46:49.104845,Toronto-70aa,-29,26,Normal
2026-02-08 11:46:50.104845,Toronto-70aa,15,70,Normal
2026-02-08 11:46:51.104845,Toronto-70aa,40,90,Normal
2026-02-08 11:46:52.104845,Toronto-70aa,19,53,Normal
2026-02-08 11:46:53.104845,Toronto-70aa,20,18,Normal
2026-02-08 11:46:54.104845,Toronto-70aa,8,30,Normal
2026-02-08 11:46:55.104845,Toronto-70aa,-16,38,Normal
2026-02-08 11:46:56.104845,Toronto-70aa,49,17,Normal
2026-02-08 11:46:57.104845,Toronto-70aa,31,33,Normal
2026-02-08 11:46:58.104845,Toronto-70aa,-23,75,Normal
2026-02-08 11:46:59.104845,Toronto-70aa,-23,32,Normal
2026-02-08 11:47:00.104845,Toronto-70aa,-3,68,Normal
2026-02-08 11:47:01.104845,Toronto-70aa,2,23,Normal
2026-02-08 11:47:02.104845,Toronto-70aa,21,84,Normal
2026-02-08 11:47:03.104845,Toronto-70aa,-22,60,Normal
2026-02-08 11:47:04.104845,Toronto-70aa,-24,87,Normal
2026-02-08 11:47:05.104845,Toronto-70aa,27,71,Normal
2026-02-08 11:47:06.104845,Toronto-70aa,14,58,Normal
2026-02-08 11:47:07.104845,Toronto-70aa,43,56,Normal
2026-02-08 11:47:08.104845,Toronto-70aa,-21,99,Normal
2026-02-08 11:47:09.104845,Toronto-70aa,36,1,Normal
2026-02-08 11:47:10.104845,Toronto-70aa,35,95,Normal
2026-02-08 11:47:11.104845,Toronto-70aa,25,33,Normal
2026-02-08 11:47:12.104845,Toronto-70aa,33,47,Normal
2026-02-08 11:47:13.104845,Toronto-70aa,41,47,Normal
2026-02-08 11:47:14.104845,Toronto-70aa,28,77,Normal
2026-02-08 11:47:15.104845,Toronto-70aa,14,34,Normal
2026-02-08 11:47:16.104845,Toronto-70aa,-24,94,Normal
2026-02-08 11:47:17.104845,Toronto-70aa,30,76,Normal
2026-02-08 11:47:18.104845,Toronto-70aa,37,80,Normal
2026-02-08 11:47:19.104845,Toronto-70aa,1,17,Normal
2026-02-08 11:47:20.104845,Toronto-70aa,27,89,Normal
2026-02-08 11:47:21.104845,Toronto-70aa,33,3,Normal
2026-02-08 11:47:22.104845,Toronto-70aa,50,28,Normal
2026-02-08 11:47:23.104845,Toronto-70aa,14,29,Normal
2026-02-08 11:47:24.104845,Toronto-70aa,-27,94,Normal
2026-02-08 11:47:25.104845,Toronto-70aa,1,55,Normal
2026-02-08 11:47:26.104845,Toronto-70aa,37,1,Normal
2026-02-08 11:47:27.104845,Toronto-70aa,-29,97,Normal
2026-02-08 11:47:28.104845,Toronto-70aa,47,22,Normal
2026-02-08 11:47:29.104845,Toronto-70aa,38,16,Normal
2026-02-08 11:47:30.104845,Toronto-70aa,34,6,Normal
2026-02-08 11:47:31.104845,Toronto-70aa,33,7,Normal
2026-02-08 11:47:32.104845,Toronto-70aa,-7,4,Normal
2026-02-08 11:47:33.104845,Toronto-70aa,0,57,Normal
2026-02-08 11:47:34.104845,Toronto-70aa,-10,14,Normal
2026-02-08 11:47:35.104845,Toronto-70aa,-20,28,Normal
2026-02-08 11:47:36.104845,Toronto-70aa,25,96,Normal
2026-02-08 11:47:37.104845,Toronto-70aa,-10,99,Normal
2026-02-08 11:47:38.104845,Toronto-70aa,-23,90,Normal
2026-02-08 11:47:39.104845,Toronto-70aa,0,3,Normal
2026-02-08 11:47:40.104845,Toronto-70aa,45,17,Normal
2026-02-08 11:47:41.104845,Toronto-70aa,-7,91,Normal
2026-02-08 11:47:42.104845,Toronto-70aa,29,98,Normal
2026-02-08 11:47:43.104845,Toronto-70aa,50,63,Normal
2026-02-08 11:47:44.104845,Toronto-70aa,49,37,Normal
2026-02-08 11:47:45.104845,Toronto-70aa,3,34,Normal
2026-02-08 11:47:46.104845,Toronto-70aa,-5,36,Normal
2026-02-08 11:47:47.104845,Toronto-70aa,27,36,Normal
2026-02-08 11:47:48.104845,Toronto-70aa,-17,32,Normal
2026-02-08 11:47:49.104845,Toronto-70aa,7,51,Normal
2026-02-08 11:47:50.104845,Toronto-70aa,-15,76,Normal
2026-02-08 11:47:51.104845,Toronto-70aa,27,74,Normal
2026-02-08 11:47:52.104845,Toronto-70aa,34,45,Normal
2026-02-08 11:47:53.104845,Toronto-70aa,-22,20,Normal
2026-02-08 11:47:54.104845,Toronto-70aa,-15,38,Normal
2026-02-08 11:47:55.104845,Toronto-70aa,48,84,Normal
2026-02-08 11:47:56.104845,Toronto-70aa,1,42,Normal
2026-02-08 11:47:57.104845,Toronto-70aa,-18,100,Normal
2026-02-08 11:47:58.104845,Toronto-70aa,-23,15,Normal
2026-02-08 11:47:59.104845,Toronto-70aa,-8,90,Normal
2026-02-08 11:48:00.104845,Toronto-70aa,-28,84,Normal
2026-02-08 11:48:01.104845,Toronto-70aa,9,53,Normal
2026-02-08 11:48:02.104845,Toronto-70aa,-26,23,Normal
2026-02-08 11:48:03.104845,Toronto-70aa,20,48,Normal
2026-02-08 11:48:04.104845,Toronto-70aa,13,75,Normal
2026-02-08 11:48:05.104845,Toronto-70aa,-1,1,Normal
2026-02-08 11:48:06.104845,Toronto-70aa,7,33,Normal
2026-02-08 11:48:07.104845,Toronto-70aa,43,75,Normal
2026-02-08 11:48:08.104845,Toronto-70aa,-27,43,Normal
2026-02-08 11:48:09.104845,Toronto-70aa,-4,62,Normal
2026-02-08 11:48:10.104845,Toronto-70aa,0,78,Normal
2026-02-08 11:48:11.104845,Toronto-70aa,43,46,Normal
2026-02-08 11:48:12.104845,Toronto-70aa,-10,77,Normal
2026-02-08 11:48:13.104845,Toronto-70aa,8,16,Normal
2026-02-08 11:48:14.104845,Toronto-70aa,-23,85,Normal
2026-02-08 11:48:15.104845,Toronto-70aa,-5,31,Normal
2026-02-08 11:48:16.104845,Toronto-70aa,-5,54,Normal
2026-02-08 11:48:17.104845,Toronto-70aa,-18,98,Normal
2026-02-08 11:48:18.104845,Toronto-70aa,23,99,Normal
2026-02-08 11:48:19.104845,Toronto-70aa,39,74,Normal
2026-02-08 11:48:20.104845,Toronto-70aa,-10,78,Normal
2026-02-08 11:48:21.104845,Toronto-70aa,29,46,Normal
2026-02-08 11:48:22.104845,Toronto-70aa,41,32,Normal
2026-02-08 11:48:23.104845,Toronto-70aa,36,75,Normal
2026-02-08 11:48:24.104845,Toronto-70aa,32,24,Normal
2026-02-08 11:48:25.104845,Toronto-70aa,43,87,Normal
2026-02-08 11:48:26.104845,Toronto-70aa,-22,84,Normal
2026-02-08 11:48:27.104845,Toronto-70aa,46,7,Normal
2026-02-08 11:48:28.104845,Toronto-70aa,-3,10,Normal
2026-02-08 11:48:29.104845,Toronto-70aa,26,90,Normal
2026-02-08 11:48:30.104845,Toronto-70aa,-9,59,Normal
2026-02-08 11:48:31.104845,Toronto-70aa,44,81,Normal
2026-02-08 11:48:32.104845,Toronto-70aa,21,59,Normal
2026-02-08 11:48:33.104845,Toronto-70aa,23,97,Normal
2026-02-08 11:48:34.104845,Toronto-70aa,-9,91,Normal
2026-02-08 11:48:35.104845,Toronto-70aa,17,65,Normal
2026-02-08 11:48:36.104845,Toronto-70aa,-13,66,Normal
2026-02-08 11:48:37.104845,Toronto-70aa,-26,93,Normal
2026-02-08 11:48:38.104845,Toronto-70aa,-16,87,Normal
2026-02-08 11:48:39.104845,Toronto-70aa,-9,57,Normal
2026-02-08 11:48:40.104845,Toronto-70aa,34,13,Normal
2026-02-08 11:48:41.104845,Toronto-70aa,41,69,Normal
2026-02-08 11:48:42.104845,Toronto-70aa,13,95,Normal
2026-02-08 11:48:43.104845,Toronto-70aa,39,11,Normal
2026-02-08 11:48:44.104845,Toronto-70aa,-25,12,Normal
2026-02-08 11:48:45.104845,Toronto-70aa,-27,45,Normal
2026-02-08 11:48:46.104845,Toronto-70aa,-9,35,Normal
2026-02-08 11:48:47.104845,Toronto-70aa,7,19,Normal
2026-02-08 11:48:48.104845,Toronto-70aa,-5,1,Normal
2026-02-08 11:48:49.104845,Toronto-70aa,-29,21,Normal
2026-02-08 11:48:50.104845,Toronto-70aa,0,87,Normal
2026-02-08 11:48:51.104845,Toronto-70aa,-1,89,Normal
2026-02-08 11:48:52.104845,Toronto-70aa,20,19,Normal
2026-02-08 11:48:53.104845,Toronto-70aa,-17,13,Normal
2026-02-08 11:48:54.104845,Toronto-70aa,-24,29,Normal
2026-02-08 11:48:55.104845,Toronto-70aa,-22,38,Normal
2026-02-08 11:48:56.104845,Toronto-70aa,37,4,Normal
2026-02-08 11:48:57.104845,Toronto-70aa,28,30,Normal
2026-02-08 11:48:58.104845,Toronto-70aa,41,40,Normal
2026-02-08 11:48:59.104845,Toronto-70aa,-3,17,Normal
2026-02-08 11:49:00.104845,Toronto-70aa,18,41,Normal
2026-02-08 11:49:01.104845,Toronto-70aa,-11,24,Normal
2026-02-08 11:49:02.104845,Toronto-70aa,27,58,Normal
2026-02-08 11:49:03.104845,Toronto-70aa,12,99,Normal
2026-02-08 11:49:04.104845,Toronto-70aa,4,10,Normal
2026-02-08 11:49:05.104845,Toronto-70aa,26,16,Normal
2026-02-08 11:49:06.104845,Toronto-70aa,2,39,Normal
2026-02-08 11:49:07.104845,Toronto-70aa,19,22,Normal
2026-02-08 11:49:08.104845,Toronto-70aa,4,45,Normal
2026-02-08 11:49:09.104845,Toronto-70aa,21,9,Normal
2026-02-08 11:49:10.104845,Toronto-70aa,-20,78,Normal
2026-02-08 11:49:11.104845,Toronto-70aa,12,85,Normal
2026-02-08 11:49:12.104845,Toronto-70aa,-27,7,Normal
2026-02-08 11:49:13.104845,Toronto-70aa,32,23,Normal
2026-02-08 11:49:14.104845,Toronto-70aa,-1,71,Normal
2026-02-08 11:49:15.104845,Toronto-70aa,40,73,Normal
2026-02-08 11:49:16.104845,Toronto-70aa,4,15,Normal
2026-02-08 11:49:17.104845,Toronto-70aa,26,18,Normal
2026-02-08 11:49:18.104845,Toronto-70aa,46,23,Normal
2026-02-08 11:49:19.104845,Toronto-70aa,-23,82,Normal
2026-02-08 11:49:20.104845,Toronto-70aa,45,71,Normal
2026-02-08 11:49:21.104845,Toronto-70aa,-21,57,Normal
2026-02-08 11:49:22.104845,Toronto-70aa,38,40,Normal
2026-02-08 11:49:23.104845,Toronto-70aa,-2,87,Normal
2026-02-08 11:49:24.104845,Toronto-70aa,-24,67,Normal
2026-02-08 11:49:25.104845,Toronto-70aa,10,100,Normal
2026-02-08 11:49:26.104845,Toronto-70aa,11,58,Normal
2026-02-08 11:49:27.104845,Toronto-70aa,-6,44,Normal
2026-02-08 11:49:28.104845,Toronto-70aa,30,76,Normal
2026-02-08 11:49:29.104845,Toronto-70aa,44,70,Normal
2026-02-08 11:49:30.104845,Toronto-70aa,39,50,Normal
2026-02-08 11:49:31.104845,Toronto-70aa,31,32,Normal
2026-02-08 11:49:32.104845,Toronto-70aa,-9,16,Normal
2026-02-08 11:49:33.104845,Toronto-70aa,-25,35,Normal
2026-02-08 11:49:34.104845,Toronto-70aa,39,56,Normal
2026-02-08 11:49:35.104845,Toronto-70aa,44,51,Normal
2026-02-08 11:49:36.104845,Toronto-70aa,4,34,Normal
2026-02-08 11:49:37.104845,Toronto-70aa,-26,96,Normal
2026-02-08 11:49:38.104845,Toronto-70aa,50,91,Normal
2026-02-08 11:49:39.104845,Toronto-70aa,36,7,Normal
2026-02-08 11:49:40.104845,Toronto-70aa,7,100,Normal
2026-02-08 11:49:41.104845,Toronto-70aa,-14,4,Normal
2026-02-08 11:49:42.104845,Toronto-70aa,38,15,Normal
2026-02-08 11:49:43.104845,Toronto-70aa,22,95,Normal
2026-02-08 11:49:44.104845,Toronto-70aa,-14,34,Normal
2026-02-08 11:49:45.104845,Toronto-70aa,-13,58,Normal
2026-02-08 11:49:46.104845,Toronto-70aa,30,93,Normal
2026-02-08 11:49:47.104845,Toronto-70aa,5,27,Normal
2026-02-08 11:49:48.104845,Toronto-70aa,-16,66,Normal
2026-02-08 11:49:49.104845,Toronto-70aa,-30,10,Normal
2026-02-08 11:49:50.104845,Toronto-70aa,5,72,Normal
2026-02-08 11:49:51.104845,Toronto-70aa,17,74,Normal
2026-02-08 11:49:52.104845,Toronto-70aa,-11,53,Normal
2026-02-08 11:49:53.104845,Toronto-70aa,-18,79,Normal
2026-02-08 11:49:54.104845,Toronto-70aa,8,78,Normal
2026-02-08 11:49:55.104845,Toronto-70aa,50,80,Normal
2026-02-08 11:49:56.104845,Toronto-70aa,-11,69,Normal
2026-02-08 11:49:57.104845,Toronto-70aa,-4,47,Normal
2026-02-08 11:49:58.104845,Toronto-70aa,-16,76,Normal
2026-02-08 11:49:59.104845,Toronto-70aa,50,82,Normal
2026-02-08 11:50:00.104845,Toronto-70aa,12,15,Normal
2026-02-08 11:50:01.104845,Toronto-70aa,9,53,Normal
2026-02-08 11:50:02.104845,Toronto-70aa,49,89,Normal
2026-02-08 11:50:03.104845,Toronto-70aa,27,8,Normal
2026-02-08 11:50:04.104845,Toronto-70aa,11,46,Normal
2026-02-08 11:50:05.104845,Toronto-70aa,-12,13,Normal
2026-02-08 11:50:06.104845,Toronto-70aa,41,67,Normal
2026-02-08 11:50:07.104845,Toronto-70aa,-15,35,Normal
2026-02-08 11:50:08.104845,Toronto-70aa,25,100,Normal
2026-02-08 11:50:09.104845,Toronto-70aa,45,1,Normal
2026-02-08 11:50:10.104845,Toronto-70aa,-27,76,Normal
2026-02-08 11:50:11.104845,Toronto-70aa,48,64,Normal
2026-02-08 11:50:12.104845,Toronto-70aa,6,5,Normal
2026-02-08 11:50:13.104845,Toronto-70aa,-29,13,Normal
2026-02-08 11:50:14.104845,Toronto-70aa,-23,33,Normal
2026-02-08 11:50:15.104845,Toronto-70aa,7,95,Normal
2026-02-08 11:50:16.104845,Toronto-70aa,-11,82,Normal
2026-02-08 11:50:17.104845,Toronto-70aa,14,12,Normal
2026-02-08 11:50:18.104845,Toronto-70aa,48,95,Normal
2026-02-08 11:50:19.104845,Toronto-70aa,19,78,Normal
2026-02-08 11:50:20.104845,Toronto-70aa,32,48,Normal
2026-02-08 11:50:21.104845,Toronto-70aa,-4,77,Normal
2026-02-08 11:50:22.104845,Toronto-70aa,-3,68,Normal
2026-02-08 11:50:23.104845,Toronto-70aa,5,56,Normal
2026-02-08 11:50:24.104845,Toronto-70aa,-19,97,Normal
2026-02-08 11:50:25.104845,Toronto-70aa,-15,46,Normal
2026-02-08 11:50:26.104845,Toronto-70aa,-8,84,Normal
2026-02-08 11:50:27.104845,Toronto-70aa,17,5,Normal
2026-02-08 11:50:28.104845,Toronto-70aa,1,27,Normal
2026-02-08 11:50:29.104845,Toronto-70aa,23,85,Normal
2026-02-08 11:50:30.104845,Toronto-70aa,-22,58,Normal
2026-02-08 11:50:31.104845,Toronto-70aa,15,41,Normal
2026-02-08 11:50:32.104845,Toronto-70aa,-22,11,Normal
2026-02-08 11:50:33.104845,Toronto-70aa,2,32,Normal
2026-02-08 11:50:34.104845,Toronto-70aa,29,40,Normal
2026-02-08 11:50:35.104845,Toronto-70aa,-17,58,Normal
2026-02-08 11:50:36.104845,Toronto-70aa,15,90,Normal
2026-02-08 11:50:37.104845,Toronto-70aa,38,94,Normal
2026-02-08 11:50:38.104845,Toronto-70aa,2,98,Normal
2026-02-08 11:50:39.104845,Toronto-70aa,22,68,Normal
2026-02-08 11:50:40.104845,Toronto-70aa,-21,52,Normal
2026-02-08 11:50:41.104845,Toronto-70aa,-16,55,Normal
2026-02-08 11:50:42.104845,Toronto-70aa,-21,68,Normal
2026-02-08 11:50:43.104845,Toronto-70aa,-24,41,Normal
2026-02-08 11:50:44.104845,Toronto-70aa,4,51,Normal
2026-02-08 11:50:45.104845,Toronto-70aa,30,55,Normal
2026-02-08 11:50:46.104845,Toronto-70aa,39,59,Normal
2026-02-08 11:50:47.104845,Toronto-70aa,-24,91,Normal
2026-02-08 11:50:48.104845,Toronto-70aa,-1,35,Normal
2026-02-08 11:50:49.104845,Toronto-70aa,-19,20,Normal
2026-02-08 11:50:50.104845,Toronto-70aa,-15,51,Normal
2026-02-08 11:50:51.104845,Toronto-70aa,39,86,Normal
2026-02-08 11:50:52.104845,Toronto-70aa,47,17,Normal
2026-02-08 11:50:53.104845,Toronto-70aa,-4,30,Normal
2026-02-08 11:50:54.104845,Toronto-70aa,22,39,Normal
2026-02-08 11:50:55.104845,Toronto-70aa,23,60,Normal
2026-02-08 11:50:56.104845,Toronto-70aa,9,62,Normal
2026-02-08 11:50:57.104845,Toronto-70aa,-25,55,Normal
2026-02-08 11:50:58.104845,Toronto-70aa,40,80,Normal
2026-02-08 11:50:59.104845,Toronto-70aa,26,58,Normal
2026-02-08 11:51:00.104845,Toronto-70aa,-18,19,Normal
2026-02-08 11:51:01.104845,Toronto-70aa,-12,19,Normal
2026-02-08 11:51:02.104845,Toronto-70aa,-7,46,Normal
2026-02-08 11:51:03.104845,Toronto-70aa,4,44,Normal
2026-02-08 11:51:04.104845,Toronto-70aa,-22,84,Normal
2026-02-08 11:51:05.104845,Toronto-70aa,41,13,Normal
2026-02-08 11:51:06.104845,Toronto-70aa,-20,31,Normal
2026-02-08 11:51:07.104845,Toronto-70aa,49,30,Normal
2026-02-08 11:51:08.104845,Toronto-70aa,-27,75,Normal
2026-02-08 11:51:09.104845,Toronto-70aa,13,78,Normal
2026-02-08 11:51:10.104845,Toronto-70aa,-9,40,Normal
2026-02-08 11:51:11.104845,Toronto-70aa,38,66,Normal
2026-02-08 11:51:12.104845,Toronto-70aa,-26,28,Normal
2026-02-08 11:51:13.104845,Toronto-70aa,16,22,Normal
2026-02-08 11:51:14.104845,Toronto-70aa,38,49,Normal
2026-02-08 11:51:15.104845,Toronto-70aa,33,44,Normal
2026-02-08 11:51:16.104845,Toronto-70aa,-9,6,Normal
2026-02-08 11:51:17.104845,Toronto-70aa,-16,6,Normal
2026-02-08 11:51:18.104845,Toronto-70aa,-22,30,Normal
2026-02-08 11:51:19.104845,Toronto-70aa,40,53,Normal
2026-02-08 11:51:20.104845,Toronto-70aa,50,86,Normal
2026-02-08 11:51:21.104845,Toronto-70aa,18,27,Normal
2026-02-08 11:51:22.104845,Toronto-70aa,-1,85,Normal
2026-02-08 11:51:23.104845,Toronto-70aa,13,8,Normal
2026-02-08 11:51:24.104845,Toronto-70aa,-14,42,Normal
2026-02-08 11:51:25.104845,Toronto-70aa,0,57,Normal
2026-02-08 11:51:26.104845,Toronto-70aa,12,2,Normal
2026-02-08 11:51:27.104845,Toronto-70aa,-23,1,Normal
2026-02-08 11:51:28.104845,Toronto-70aa,-12,67,Normal
2026-02-08 11:51:29.104845,Toronto-70aa,-4,13,Normal
2026-02-08 11:51:30.104845,Toronto-70aa,43,48,Normal
2026-02-08 11:51:31.104845,Toronto-70aa,35,88,Normal
2026-02-08 11:51:32.104845,Toronto-70aa,47,84,Normal
2026-02-08 11:51:33.104845,Toronto-70aa,-19,14,Normal
2026-02-08 11:51:34.104845,Toronto-70aa,5,59,Normal
2026-02-08 11:51:35.104845,Toronto-70aa,13,100,Normal
2026-02-08 11:51:36.104845,Toronto-70aa,21,24,Normal
2026-02-08 11:51:37.104845,Toronto-70aa,45,32,Normal
2026-02-08 11:51:38.104845,Toronto-70aa,-2,74,Normal
2026-02-08 11:51:39.104845,Toronto-70aa,39,69,Normal
2026-02-08 11:51:40.104845,Toronto-70aa,29,26,Normal
2026-02-08 11:51:41.104845,Toronto-70aa,28,69,Normal
2026-02-08 11:51:42.104845,Toronto-70aa,-27,100,Normal
2026-02-08 11:51:43.104845,Toronto-70aa,40,26,Normal
2026-02-08 11:51:44.104845,Toronto-70aa,-24,12,Normal
2026-02-08 11:51:45.104845,Toronto-70aa,12,92,Normal
2026-02-08 11:51:46.104845,Toronto-70aa,30,72,Normal
2026-02-08 11:51:47.104845,Toronto-70aa,-30,91,Normal
2026-02-08 11:51:48.104845,Toronto-70aa,49,99,Normal
2026-02-08 11:51:49.104845,Toronto-70aa,-29,11,Normal
2026-02-08 11:51:50.104845,Toronto-70aa,35,24,Normal
2026-02-08 11:51:51.104845,Toronto-70aa,50,27,Normal
2026-02-08 11:51:52.104845,Toronto-70aa,2,58,Normal
2026-02-08 11:51:53.104845,Toronto-70aa,43,97,Normal
2026-02-08 11:51:54.104845,Toronto-70aa,23,25,Normal
2026-02-08 11:51:55.104845,Toronto-70aa,-24,83,Normal
2026-02-08 11:51:56.104845,Toronto-70aa,-12,47,Normal
2026-02-08 11:51:57.104845,Toronto-70aa,20,53,Normal
2026-02-08 11:51:58.104845,Toronto-70aa,-26,27,Normal
2026-02-08 11:51:59.104845,Toronto-70aa,47,92,Normal
2026-02-08 11:52:00.104845,Toronto-70aa,49,94,Normal
2026-02-08 11:52:01.104845,Toronto-70aa,13,98,Normal
2026-02-08 11:52:02.104845,Toronto-70aa,-2,61,Normal
2026-02-08 11:52:03.104845,Toronto-70aa,1,54,Normal
2026-02-08 11:52:04.104845,Toronto-70aa,38,55,Normal
2026-02-08 11:52:05.104845,Toronto-70aa,42,30,Normal
2026-02-08 11:52:06.104845,Toronto-70aa,5,1,Normal
2026-02-08 11:52:07.104845,Toronto-70aa,27,25,Normal
2026-02-08 11:52:08.104845,Toronto-70aa,-12,26,Normal
2026-02-08 11:52:09.104845,Toronto-70aa,-19,63,Normal
2026-02-08 11:52:10.104845,Toronto-70aa,-5,9,Normal
2026-02-08 11:52:11.104845,Toronto-70aa,16,6,Normal
2026-02-08 11:52:12.104845,Toronto-70aa,-1,64,Normal
2026-02-08 11:52:13.104845,Toronto-70aa,-23,2,Normal
2026-02-08 11:52:14.104845,Toronto-70aa,-1,72,Normal
2026-02-08 11:52:15.104845,Toronto-70aa,35,36,Normal
2026-02-08 11:52:16.104845,Toronto-70aa,33,0,Normal
2026-02-08 11:52:17.104845,Toronto-70aa,-30,96,Normal
2026-02-08 11:52:18.104845,Toronto-70aa,3,73,Normal
2026-02-08 11:52:19.104845,Toronto-70aa,7,92,Normal
2026-02-08 11:52:20.104845,Toronto-70aa,1,57,Normal
2026-02-08 11:52:21.104845,Toronto-70aa,-8,72,Normal
2026-02-08 11:52:22.104845,Toronto-70aa,43,98,Normal
2026-02-08 11:52:23.104845,Toronto-70aa,37,56,Normal
2026-02-08 11:52:24.104845,Toronto-70aa,15,18,Normal
2026-02-08 11:52:25.104845,Toronto-70aa,16,36,Normal
2026-02-08 11:52:26.104845,Toronto-70aa,12,47,Normal
2026-02-08 11:52:27.104845,Toronto-70aa,-2,68,Normal
2026-02-08 11:52:28.104845,Toronto-70aa,39,20,Normal
2026-02-08 11:52:29.104845,Toronto-70aa,21,17,Normal
2026-02-08 11:52:30.104845,Toronto-70aa,23,13,Normal
2026-02-08 11:52:31.104845,Toronto-70aa,43,85,Normal
2026-02-08 11:52:32.104845,Toronto-70aa,24,66,Normal
2026-02-08 11:52:33.104845,Toronto-70aa,-28,97,Normal
2026-02-08 11:52:34.104845,Toronto-70aa,-6,34,Normal
2026-02-08 11:52:35.104845,Toronto-70aa,17,4,Normal
2026-02-08 11:52:36.104845,Toronto-70aa,9,99,Normal
2026-02-08 11:52:37.104845,Toronto-70aa,-10,98,Normal
2026-02-08 11:52:38.104845,Toronto-70aa,48,60,Normal
2026-02-08 11:52:39.104845,Toronto-70aa,-10,76,Normal
2026-02-08 11:52:40.104845,Toronto-70aa,47,38,Normal
2026-02-08 11:52:41.104845,Toronto-70aa,36,44,Normal
2026-02-08 11:52:42.104845,Toronto-70aa,-7,88,Normal
2026-02-08 11:52:43.104845,Toronto-70aa,-7,87,Normal
2026-02-08 11:52:44.104845,Toronto-70aa,-27,90,Normal
2026-02-08 11:52:45.104845,Toronto-70aa,26,77,Normal
2026-02-08 11:52:46.104845,Toronto-70aa,-6,11,Normal
2026-02-08 11:52:47.104845,Toronto-70aa,10,41,Normal
2026-02-08 11:52:48.104845,Toronto-70aa,-19,82,Normal
2026-02-08 11:52:49.104845,Toronto-70aa,24,95,Normal
2026-02-08 11:52:50.104845,Toronto-70aa,17,67,Normal
2026-02-08 11:52:51.104845,Toronto-70aa,-16,58,Normal
2026-02-08 11:52:52.104845,Toronto-70aa,-2,39,Normal
2026-02-08 11:52:53.104845,Toronto-70aa,-16,85,Normal
2026-02-08 11:52:54.104845,Toronto-70aa,22,47,Normal
2026-02-08 11:52:55.104845,Toronto-70aa,9,80,Normal
2026-02-08 11:52:56.104845,Toronto-70aa,-23,10,Normal
2026-02-08 11:52:57.104845,Toronto-70aa,47,86,Normal
2026-02-08 11:52:58.104845,Toronto-70aa,-24,21,Normal
2026-02-08 11:52:59.104845,Toronto-70aa,39,36,Normal
2026-02-08 11:53:00.104845,Toronto-70aa,42,22,Normal
2026-02-08 11:53:01.104845,Toronto-70aa,-26,70,Normal
2026-02-08 11:53:02.104845,Toronto-70aa,26,24,Normal
2026-02-08 11:53:03.104845,Toronto-70aa,2,34,Normal
2026-02-08 11:53:04.104845,Toronto-70aa,-26,53,Normal
2026-02-08 11:53:05.104845,Toronto-70aa,11,59,Normal
2026-02-08 11:53:06.104845,Toronto-70aa,26,6,Normal
2026-02-08 11:53:07.104845,Toronto-70aa,20,1,Normal
2026-02-08 11:53:08.104845,Toronto-70aa,-9,10,Normal
2026-02-08 11:53:09.104845,Toronto-70aa,14,30,Normal
2026-02-08 11:53:10.104845,Toronto-70aa,-1,70,Normal
2026-02-08 11:53:11.104845,Toronto-70aa,-14,16,Normal
2026-02-08 11:53:12.104845,Toronto-70aa,-14,78,Normal
2026-02-08 11:53:13.104845,Toronto-70aa,26,30,Normal
2026-02-08 11:53:14.104845,Toronto-70aa,45,74,Normal
2026-02-08 11:53:15.104845,Toronto-70aa,-16,17,Normal
2026-02-08 11:53:16.104845,Toronto-70aa,-19,73,Normal
2026-02-08 11:53:17.104845,Toronto-70aa,42,59,Normal
2026-02-08 11:53:18.104845,Toronto-70aa,-13,78,Normal
2026-02-08 11:53:19.104845,Toronto-70aa,50,2,Normal
2026-02-08 11:53:20.104845,Toronto-70aa,24,15,Normal
2026-02-08 11:53:21.104845,Toronto-70aa,5,84,Normal
2026-02-08 11:53:22.104845,Toronto-70aa,13,36,Normal
2026-02-08 11:53:23.104845,Toronto-70aa,-23,5,Normal
2026-02-08 11:53:24.104845,Toronto-70aa,-9,14,Normal
2026-02-08 11:53:25.104845,Toronto-70aa,1,4,Normal
2026-02-08 11:53:26.104845,Toronto-70aa,0,78,Normal
2026-02-08 11:53:27.104845,Toronto-70aa,-13,17,Normal
2026-02-08 11:53:28.104845,Toronto-70aa,-25,64,Normal
2026-02-08 11:53:29.104845,Toronto-70aa,0,75,Normal
2026-02-08 11:53:30.104845,Toronto-70aa,33,12,Normal
2026-02-08 11:53:31.104845,Toronto-70aa,-23,9,Normal
2026-02-08 11:53:32.104845,Toronto-70aa,15,36,Normal
2026-02-08 11:53:33.104845,Toronto-70aa,16,47,Normal
2026-02-08 11:53:34.104845,Toronto-70aa,29,54,Normal
2026-02-08 11:53:35.104845,Toronto-70aa,-1,4,Normal
2026-02-08 11:53:36.104845,Toronto-70aa,-6,86,Normal
2026-02-08 11:53:37.104845,Toronto-70aa,40,95,Normal
2026-02-08 11:53:38.104845,Toronto-70aa,12,91,Normal
2026-02-08 11:53:39.104845,Toronto-70aa,31,80,Normal
2026-02-08 11:53:40.104845,Toronto-70aa,3,36,Normal
2026-02-08 11:53:41.104845,Toronto-70aa,-26,19,Normal
2026-02-08 11:53:42.104845,Toronto-70aa,-3,66,Normal
2026-02-08 11:53:43.104845,Toronto-70aa,9,98,Normal
2026-02-08 11:53:44.104845,Toronto-70aa,7,35,Normal
2026-02-08 11:53:45.104845,Toronto-70aa,-16,78,Normal
2026-02-08 11:53:46.104845,Toronto-70aa,8,30,Normal
2026-02-08 11:53:47.104845,Toronto-70aa,-18,62,Normal
2026-02-08 11:53:48.104845,Toronto-70aa,-23,50,Normal
2026-02-08 11:53:49.104845,Toronto-70aa,-28,13,Normal
2026-02-08 11:53:50.104845,Toronto-70aa,-21,25,Normal
2026-02-08 11:53:51.104845,Toronto-70aa,27,40,Normal
2026-02-08 11:53:52.104845,Toronto-70aa,10,12,Normal
2026-02-08 11:53:53.104845,Toronto-70aa,-2,46,Normal
2026-02-08 11:53:54.104845,Toronto-70aa,-27,65,Normal
2026-02-08 11:53:55.104845,Toronto-70aa,-24,75,Normal
2026-02-08 11:53:56.104845,Toronto-70aa,-1,37,Normal
2026-02-08 11:53:57.104845,Toronto-70aa,-13,42,Normal
2026-02-08 11:53:58.104845,Toronto-70aa,19,5,Normal
2026-02-08 11:53:59.104845,Toronto-70aa,-27,63,Normal
2026-02-08 11:54:00.104845,Toronto-70aa,25,21,Normal
2026-02-08 11:54:01.104845,Toronto-70aa,-11,4,Normal
2026-02-08 11:54:02.104845,Toronto-70aa,-21,39,Normal
2026-02-08 11:54:03.104845,Toronto-70aa,9,45,Normal
2026-02-08 11:54:04.104845,Toronto-70aa,16,34,Normal
2026-02-08 11:54:05.104845,Toronto-70aa,-30,89,Normal
2026-02-08 11:54:06.104845,Toronto-70aa,38,32,Normal
2026-02-08 11:54:07.104845,Toronto-70aa,18,51,Normal
2026-02-08 11:54:08.104845,Toronto-70aa,-2,56,Normal
2026-02-08 11:54:09.104845,Toronto-70aa,-15,54,Normal
2026-02-08 11:54:10.104845,Toronto-70aa,-27,29,Normal
2026-02-08 11:54:11.104845,Toronto-70aa,19,5,Normal
2026-02-08 11:54:12.104845,Toronto-70aa,2,63,Normal
2026-02-08 11:54:13.104845,Toronto-70aa,-2,31,Normal
2026-02-08 11:54:14.104845,Toronto-70aa,36,68,Normal
2026-02-08 11:54:15.104845,Toronto-70aa,1,65,Normal
2026-02-08 11:54:16.104845,Toronto-70aa,40,48,Normal
2026-02-08 11:54:17.104845,Toronto-70aa,-8,31,Normal
2026-02-08 11:54:18.104845,Toronto-70aa,21,31,Normal
2026-02-08 11:54:19.104845,Toronto-70aa,31,49,Normal
2026-02-08 11:54:20.104845,Toronto-70aa,35,87,Normal
2026-02-08 11:54:21.104845,Toronto-70aa,19,45,Normal
2026-02-08 11:54:22.104845,Toronto-70aa,9,13,Normal
2026-02-08 11:54:23.104845,Toronto-70aa,39,20,Normal
2026-02-08 11:54:24.104845,Toronto-70aa,-3,97,Normal
2026-02-08 11:54:25.104845,Toronto-70aa,40,12,Normal
2026-02-08 11:54:26.104845,Toronto-70aa,-29,8,Normal
2026-02-08 11:54:27.104845,Toronto-70aa,-11,76,Normal
2026-02-08 11:54:28.104845,Toronto-70aa,17,24,Normal
2026-02-08 11:54:29.104845,Toronto-70aa,48,6,Normal
2026-02-08 11:54:30.104845,Toronto-70aa,18,80,Normal
2026-02-08 11:54:31.104845,Toronto-70aa,4,43,Normal
2026-02-08 11:54:32.104845,Toronto-70aa,-11,28,Normal
2026-02-08 11:54:33.104845,Toronto-70aa,-9,51,Normal
2026-02-08 11:54:34.104845,Toronto-70aa,35,60,Normal
2026-02-08 11:54:35.104845,Toronto-70aa,-30,19,Normal
2026-02-08 11:54:36.104845,Toronto-70aa,31,68,Normal
2026-02-08 11:54:37.104845,Toronto-70aa,18,77,Normal
2026-02-08 11:54:38.104845,Toronto-70aa,8,57,Normal
2026-02-08 11:54:39.104845,Toronto-70aa,43,77,Normal
2026-02-08 11:54:40.104845,Toronto-70aa,-15,16,Normal
2026-02-08 11:54:41.104845,Toronto-70aa,-18,93,Normal
2026-02-08 11:54:42.104845,Toronto-70aa,-7,95,Normal
2026-02-08 11:54:43.104845,Toronto-70aa,-24,19,Normal
2026-02-08 11:54:44.104845,Toronto-70aa,36,38,Normal
2026-02-08 11:54:45.104845,Toronto-70aa,-23,29,Normal
2026-02-08 11:54:46.104845,Toronto-70aa,-20,67,Normal
2026-02-08 11:54:47.104845,Toronto-70aa,49,82,Normal
2026-02-08 11:54:48.104845,Toronto-70aa,24,67,Normal
2026-02-08 11:54:49.104845,Toronto-70aa,48,86,Normal
2026-02-08 11:54:50.104845,Toronto-70aa,25,81,Normal
2026-02-08 11:54:51.104845,Toronto-70aa,6,3,Normal
2026-02-08 11:54:52.104845,Toronto-70aa,-19,76,Normal
2026-02-08 11:54:53.104845,Toronto-70aa,7,22,Normal
2026-02-08 11:54:54.104845,Toronto-70aa,-26,61,Normal
2026-02-08 11:54:55.104845,Toronto-70aa,22,54,Normal
2026-02-08 11:54:56.104845,Toronto-70aa,45,1,Normal
2026-02-08 11:54:57.104845,Toronto-70aa,44,9,Normal
2026-02-08 11:54:58.104845,Toronto-70aa,-12,79,Normal
2026-02-08 11:54:59.104845,Toronto-70aa,-5,44,Normal
2026-02-08 11:55:00.104845,Toronto-70aa,47,55,Normal
2026-02-08 11:55:01.104845,Toronto-70aa,-28,90,Normal
2026-02-08 11:55:02.104845,Toronto-70aa,-11,66,Normal
2026-02-08 11:55:03.104845,Toronto-70aa,2,86,Normal
2026-02-08 11:55:04.104845,Toronto-70aa,32,47,Normal
2026-02-08 11:55:05.104845,Toronto-70aa,-21,2,Normal
2026-02-08 11:55:06.104845,Toronto-70aa,38,48,Normal
2026-02-08 11:55:07.104845,Toronto-70aa,21,32,Normal
2026-02-08 11:55:08.104845,Toronto-70aa,10,78,Normal
2026-02-08 11:55:09.104845,Toronto-70aa,34,77,Normal
2026-02-08 11:55:10.104845,Toronto-70aa,28,47,Normal
2026-02-08 11:55:11.104845,Toronto-70aa,36,62,Normal
2026-02-08 11:55:12.104845,Toronto-70aa,37,51,Normal
2026-02-08 11:55:13.104845,Toronto-70aa,6,26,Normal
2026-02-08 11:55:14.104845,Toronto-70aa,-18,37,Normal
2026-02-08 11:55:15.104845,Toronto-70aa,47,26,Normal
2026-02-08 11:55:16.104845,Toronto-70aa,-4,18,Normal
2026-02-08 11:55:17.104845,Toronto-70aa,-20,76,Normal
2026-02-08 11:55:18.104845,Toronto-70aa,33,93,Normal
2026-02-08 11:55:19.104845,Toronto-70aa,16,23,Normal
2026-02-08 11:55:20.104845,Toronto-70aa,33,95,Normal
2026-02-08 11:55:21.104845,Toronto-70aa,-22,96,Normal
2026-02-08 11:55:22.104845,Toronto-70aa,12,59,Normal
2026-02-08 11:55:23.104845,Toronto-70aa,38,84,Normal
2026-02-08 11:55:24.104845,Toronto-70aa,47,33,Normal
2026-02-08 11:55:25.104845,Toronto-70aa,3,99,Normal
2026-02-08 11:55:26.104845,Toronto-70aa,4,1,Normal
2026-02-08 11:55:27.104845,Toronto-70aa,-4,50,Normal
2026-02-08 11:55:28.104845,Toronto-70aa,12,48,Normal
2026-02-08 11:55:29.104845,Toronto-70aa,8,38,Normal
2026-02-08 11:55:30.104845,Toronto-70aa,20,21,Normal
2026-02-08 11:55:31.104845,Toronto-70aa,36,21,Normal
2026-02-08 11:55:32.104845,Toronto-70aa,30,71,Normal
2026-02-08 11:55:33.104845,Toronto-70aa,-2,49,Normal
2026-02-08 11:55:34.104845,Toronto-70aa,50,44,Normal
2026-02-08 11:55:35.104845,Toronto-70aa,-27,40,Normal
2026-02-08 11:55:36.104845,Toronto-70aa,49,3,Normal
2026-02-08 11:55:37.104845,Toronto-70aa,8,66,Normal
2026-02-08 11:55:38.104845,Toronto-70aa,21,5,Normal
2026-02-08 11:55:39.104845,Toronto-70aa,41,32,Normal
2026-02-08 11:55:40.104845,Toronto-70aa,34,12,Normal
2026-02-08 11:55:41.104845,Toronto-70aa,13,25,Normal
2026-02-08 11:55:42.104845,Toronto-70aa,-23,0,Normal
2026-02-08 11:55:43.104845,Toronto-70aa,-6,53,Normal
2026-02-08 11:55:44.104845,Toronto-70aa,39,7,Normal
2026-02-08 11:55:45.104845,Toronto-70aa,-5,88,Normal
2026-02-08 11:55:46.104845,Toronto-70aa,-29,52,Normal
2026-02-08 11:55:47.104845,Toronto-70aa,-23,9,Normal
2026-02-08 11:55:48.104845,Toronto-70aa,-18,0,Normal
2026-02-08 11:55:49.104845,Toronto-70aa,28,27,Normal
2026-02-08 11:55:50.104845,Toronto-70aa,2,44,Normal
2026-02-08 11:55:51.104845,Toronto-70aa,8,87,Normal
2026-02-08 11:55:52.104845,Toronto-70aa,10,64,Normal
2026-02-08 11:55:53.104845,Toronto-70aa,29,25,Normal
2026-02-08 11:55:54.104845,Toronto-70aa,0,48,Normal
2026-02-08 11:55:55.104845,Toronto-70aa,21,89,Normal
2026-02-08 11:55:56.104845,Toronto-70aa,25,54,Normal
2026-02-08 11:55:57.104845,Toronto-70aa,43,29,Normal
2026-02-08 11:55:58.104845,Toronto-70aa,32,72,Normal
2026-02-08 11:55:59.104845,Toronto-70aa,-8,68,Normal
2026-02-08 11:56:00.104845,Toronto-70aa,29,57,Normal
2026-02-08 11:56:01.104845,Toronto-70aa,-27,32,Normal
2026-02-08 11:56:02.104845,Toronto-70aa,-15,11,Normal
2026-02-08 11:56:03.104845,Toronto-70aa,28,62,Normal
2026-02-08 11:56:04.104845,Toronto-70aa,8,70,Normal
2026-02-08 11:56:05.104845,Toronto-70aa,11,4,Normal
2026-02-08 11:56:06.104845,Toronto-70aa,-15,17,Normal
2026-02-08 11:56:07.104845,Toronto-70aa,44,35,Normal
2026-02-08 11:56:08.104845,Toronto-70aa,11,81,Normal
2026-02-08 11:56:09.104845,Toronto-70aa,19,29,Normal
2026-02-08 11:56:10.104845,Toronto-70aa,28,82,Normal
2026-02-08 11:56:11.104845,Toronto-70aa,-2,6,Normal
2026-02-08 11:56:12.104845,Toronto-70aa,32,20,Normal
2026-02-08 11:56:13.104845,Toronto-70aa,13,18,Normal
2026-02-08 11:56:14.104845,Toronto-70aa,39,3,Normal
2026-02-08 11:56:15.104845,Toronto-70aa,48,37,Normal
2026-02-08 11:56:16.104845,Toronto-70aa,10,34,Normal
2026-02-08 11:56:17.104845,Toronto-70aa,0,83,Normal
2026-02-08 11:56:18.104845,Toronto-70aa,42,96,Normal
2026-02-08 11:56:19.104845,Toronto-70aa,-14,44,Normal
2026-02-08 11:56:20.104845,Toronto-70aa,42,59,Normal
2026-02-08 11:56:21.104845,Toronto-70aa,-29,34,Normal
2026-02-08 11:56:22.104845,Toronto-70aa,-17,71,Normal
2026-02-08 11:56:23.104845,Toronto-70aa,-1,59,Normal
2026-02-08 11:56:24.104845,Toronto-70aa,49,27,Normal
2026-02-08 11:56:25.104845,Toronto-70aa,-30,27,Normal
2026-02-08 11:56:26.104845,Toronto-70aa,16,73,Normal
2026-02-08 11:56:27.104845,Toronto-70aa,7,99,Normal
2026-02-08 11:56:28.104845,Toronto-70aa,50,49,Normal
2026-02-08 11:56:29.104845,Toronto-70aa,19,70,Normal
2026-02-08 11:56:30.104845,Toronto-70aa,-26,3,Normal
2026-02-08 11:56:31.104845,Toronto-70aa,25,28,Normal
2026-02-08 11:56:32.104845,Toronto-70aa,47,32,Normal
2026-02-08 11:56:33.104845,Toronto-70aa,26,79,Normal
2026-02-08 11:56:34.104845,Toronto-70aa,1,70,Normal
2026-02-08 11:56:35.104845,Toronto-70aa,20,25,Normal
2026-02-08 11:56:36.104845,Toronto-70aa,40,86,Normal
2026-02-08 11:56:37.104845,Toronto-70aa,26,62,Normal
2026-02-08 11:56:38.104845,Toronto-70aa,36,55,Normal
2026-02-08 11:56:39.104845,Toronto-70aa,-28,90,Normal
2026-02-08 11:56:40.104845,Toronto-70aa,31,49,Normal
2026-02-08 11:56:41.104845,Toronto-70aa,39,88,Normal
2026-02-08 11:56:42.104845,Toronto-70aa,12,24,Normal
2026-02-08 11:56:43.104845,Toronto-70aa,-2,69,Normal
2026-02-08 11:56:44.104845,Toronto-70aa,-29,37,Normal
2026-02-08 11:56:45.104845,Toronto-70aa,42,91,Normal
2026-02-08 11:56:46.104845,Toronto-70aa,42,1,Normal
2026-02-08 11:56:47.104845,Toronto-70aa,-13,39,Normal
2026-02-08 11:56:48.104845,Toronto-70aa,16,2,Normal
2026-02-08 11:56:49.104845,Toronto-70aa,23,91,Normal
2026-02-08 11:56:50.104845,Toronto-70aa,18,86,Normal
2026-02-08 11:56:51.104845,Toronto-70aa,13,2,Normal
2026-02-08 11:56:52.104845,Toronto-70aa,45,39,Normal
2026-02-08 11:56:53.104845,Toronto-70aa,31,86,Normal
2026-02-08 11:56:54.104845,Toronto-70aa,9,63,Normal
2026-02-08 11:56:55.104845,Toronto-70aa,-2,31,Normal
2026-02-08 11:56:56.104845,Toronto-70aa,-26,59,Normal
2026-02-08 11:56:57.104845,Toronto-70aa,40,33,Normal
2026-02-08 11:56:58.104845,Toronto-70aa,-2,13,Normal
2026-02-08 11:56:59.104845,Toronto-70aa,-15,49,Normal
2026-02-08 11:57:00.104845,Toronto-70aa,44,1,Normal
2026-02-08 11:57:01.104845,Toronto-70aa,-6,41,Normal
2026-02-08 11:57:02.104845,Toronto-70aa,18,69,Normal
2026-02-08 11:57:03.104845,Toronto-70aa,50,32,Normal
2026-02-08 11:57:04.104845,Toronto-70aa,26,93,Normal
2026-02-08 11:57:05.104845,Toronto-70aa,-6,75,Normal
2026-02-08 11:57:06.104845,Toronto-70aa,-22,93,Normal
2026-02-08 11:57:07.104845,Toronto-70aa,19,42,Normal
2026-02-08 11:57:08.104845,Toronto-70aa,-28,95,Normal
2026-02-08 11:57:09.104845,Toronto-70aa,-12,95,Normal
2026-02-08 11:57:10.104845,Toronto-70aa,3,20,Normal
2026-02-08 11:57:11.104845,Toronto-70aa,10,88,Normal
2026-02-08 11:57:12.104845,Toronto-70aa,38,32,Normal
2026-02-08 11:57:13.104845,Toronto-70aa,11,90,Normal
2026-02-08 11:57:14.104845,Toronto-70aa,42,68,Normal
2026-02-08 11:57:15.104845,Toronto-70aa,23,70,Normal
2026-02-08 11:57:16.104845,Toronto-70aa,36,2,Normal
2026-02-08 11:57:17.104845,Toronto-70aa,11,8,Normal
2026-02-08 11:57:18.104845,Toronto-70aa,27,88,Normal
2026-02-08 11:57:19.104845,Toronto-70aa,-21,20,Normal
2026-02-08 11:57:20.104845,Toronto-70aa,42,63,Normal
2026-02-08 11:57:21.104845,Toronto-70aa,-13,64,Normal
2026-02-08 11:57:22.104845,Toronto-70aa,21,61,Normal
2026-02-08 11:57:23.104845,Toronto-70aa,14,37,Normal
2026-02-08 11:57:24.104845,Toronto-70aa,15,5,Normal
2026-02-08 11:57:25.104845,Toronto-70aa,20,64,Normal
2026-02-08 11:57:26.104845,Toronto-70aa,50,11,Normal
2026-02-08 11:57:27.104845,Toronto-70aa,-20,73,Normal
2026-02-08 11:57:28.104845,Toronto-70aa,49,37,Normal
2026-02-08 11:57:29.104845,Toronto-70aa,-2,92,Normal
2026-02-08 11:57:30.104845,Toronto-70aa,3,28,Normal
2026-02-08 11:57:31.104845,Toronto-70aa,28,27,Normal
2026-02-08 11:57:32.104845,Toronto-70aa,15,47,Normal
2026-02-08 11:57:33.104845,Toronto-70aa,-8,0,Normal
2026-02-08 11:57:34.104845,Toronto-70aa,12,48,Normal
2026-02-08 11:57:35.104845,Toronto-70aa,-6,85,Normal
2026-02-08 11:57:36.104845,Toronto-70aa,-21,70,Normal
2026-02-08 11:57:37.104845,Toronto-70aa,3,47,Normal
2026-02-08 11:57:38.104845,Toronto-70aa,36,26,Normal
2026-02-08 11:57:39.104845,Toronto-70aa,-3,75,Normal
2026-02-08 11:57:40.104845,Toronto-70aa,-30,9,Normal
2026-02-08 11:57:41.104845,Toronto-70aa,30,96,Normal
2026-02-08 11:57:42.104845,Toronto-70aa,-14,56,Normal
2026-02-08 11:57:43.104845,Toronto-70aa,33,48,Normal
2026-02-08 11:57:44.104845,Toronto-70aa,-22,81,Normal
2026-02-08 11:57:45.104845,Toronto-70aa,21,23,Normal
2026-02-08 11:57:46.104845,Toronto-70aa,14,57,Normal
2026-02-08 11:57:47.104845,Toronto-70aa,17,94,Normal
2026-02-08 11:57:48.104845,Toronto-70aa,19,67,Normal
2026-02-08 11:57:49.104845,Toronto-70aa,14,42,Normal
2026-02-08 11:57:50.104845,Toronto-70aa,32,13,Normal
2026-02-08 11:57:51.104845,Toronto-70aa,-16,37,Normal
2026-02-08 11:57:52.104845,Toronto-70aa,35,16,Normal
2026-02-08 11:57:53.104845,Toronto-70aa,-2,14,Normal
2026-02-08 11:57:54.104845,Toronto-70aa,5,26,Normal
2026-02-08 11:57:55.104845,Toronto-70aa,4,62,Normal
2026-02-08 11:57:56.104845,Toronto-70aa,49,62,Normal
2026-02-08 11:57:57.104845,Toronto-70aa,31,68,Normal
2026-02-08 11:57:58.104845,Toronto-70aa,20,34,Normal
2026-02-08 11:57:59.104845,Toronto-70aa,-6,36,Normal
2026-02-08 11:58:00.104845,Toronto-70aa,50,81,Normal
2026-02-08 11:58:01.104845,Toronto-70aa,-8,46,Normal
2026-02-08 11:58:02.104845,Toronto-70aa,17,55,Normal
2026-02-08 11:58:03.104845,Toronto-70aa,0,4,Normal
2026-02-08 11:58:04.104845,Toronto-70aa,22,3,Normal
2026-02-08 11:58:05.104845,Toronto-70aa,25,84,Normal
2026-02-08 11:58:06.104845,Toronto-70aa,7,87,Normal
2026-02-08 11:58:07.104845,Toronto-70aa,17,84,Normal
2026-02-08 11:58:08.104845,Toronto-70aa,-19,12,Normal
2026-02-08 11:58:09.104845,Toronto-70aa,-19,54,Normal
2026-02-08 11:58:10.104845,Toronto-70aa,-6,38,Normal
2026-02-08 11:58:11.104845,Toronto-70aa,-5,39,Normal
2026-02-08 11:58:12.104845,Toronto-70aa,16,4,Normal
2026-02-08 11:58:13.104845,Toronto-70aa,16,76,Normal
2026-02-08 11:58:14.104845,Toronto-70aa,40,81,Normal
2026-02-08 11:58:15.104845,Toronto-70aa,50,61,Normal
2026-02-08 11:58:16.104845,Toronto-70aa,34,71,Normal
2026-02-08 11:58:17.104845,Toronto-70aa,11,48,Normal
2026-02-08 11:58:18.104845,Toronto-70aa,12,75,Normal
2026-02-08 11:58:19.104845,Toronto-70aa,17,66,Normal
2026-02-08 11:58:20.104845,Toronto-70aa,30,50,Normal
2026-02-08 11:58:21.104845,Toronto-70aa,-6,93,Normal
2026-02-08 11:58:22.104845,Toronto-70aa,10,42,Normal
2026-02-08 11:58:23.104845,Toronto-70aa,50,33,Normal
2026-02-08 11:58:24.104845,Toronto-70aa,23,25,Normal
2026-02-08 11:58:25.104845,Toronto-70aa,29,11,Normal
2026-02-08 11:58:26.104845,Toronto-70aa,-26,31,Normal
2026-02-08 11:58:27.104845,Toronto-70aa,9,1,Normal
2026-02-08 11:58:28.104845,Toronto-70aa,10,47,Normal
2026-02-08 11:58:29.104845,Toronto-70aa,11,17,Normal
2026-02-08 11:58:30.104845,Toronto-70aa,37,94,Normal
2026-02-08 11:58:31.104845,Toronto-70aa,49,37,Normal
2026-02-08 11:58:32.104845,Toronto-70aa,49,77,Normal
2026-02-08 11:58:33.104845,Toronto-70aa,34,2,Normal
2026-02-08 11:58:34.104845,Toronto-70aa,35,78,Normal
2026-02-08 11:58:35.104845,Toronto-70aa,0,55,Normal
2026-02-08 11:58:36.104845,Toronto-70aa,-6,87,Normal
2026-02-08 11:58:37.104845,Toronto-70aa,-23,90,Normal
2026-02-08 11:58:38.104845,Toronto-70aa,15,71,Normal
2026-02-08 11:58:39.104845,Toronto-70aa,-9,16,Normal
2026-02-08 11:58:40.104845,Toronto-70aa,17,22,Normal
2026-02-08 11:58:41.104845,Toronto-70aa,-25,20,Normal
2026-02-08 11:58:42.104845,Toronto-70aa,48,75,Normal
2026-02-08 11:58:43.104845,Toronto-70aa,34,5,Normal
2026-02-08 11:58:44.104845,Toronto-70aa,-29,30,Normal
2026-02-08 11:58:45.104845,Toronto-70aa,-23,48,Normal
2026-02-08 11:58:46.104845,Toronto-70aa,26,8,Normal
2026-02-08 11:58:47.104845,Toronto-70aa,0,68,Normal
2026-02-08 11:58:48.104845,Toronto-70aa,-14,34,Normal
2026-02-08 11:58:49.104845,Toronto-70aa,28,88,Normal
2026-02-08 11:58:50.104845,Toronto-70aa,23,36,Normal
2026-02-08 11:58:51.104845,Toronto-70aa,28,66,Normal
2026-02-08 11:58:52.104845,Toronto-70aa,-14,11,Normal
2026-02-08 11:58:53.104845,Toronto-70aa,-1,34,Normal
2026-02-08 11:58:54.104845,Toronto-70aa,40,53,Normal
2026-02-08 11:58:55.104845,Toronto-70aa,7,1,Normal
2026-02-08 11:58:56.104845,Toronto-70aa,-29,71,Normal
2026-02-08 11:58:57.104845,Toronto-70aa,12,97,Normal
2026-02-08 11:58:58.104845,Toronto-70aa,41,61,Normal
2026-02-08 11:58:59.104845,Toronto-70aa,48,40,Normal
2026-02-08 11:59:00.104845,Toronto-70aa,-1,4,Normal
2026-02-08 11:59:01.104845,Toronto-70aa,19,92,Normal
2026-02-08 11:59:02.104845,Toronto-70aa,13,91,Normal
2026-02-08 11:59:03.104845,Toronto-70aa,46,33,Normal
2026-02-08 11:59:04.104845,Toronto-70aa,3,83,Normal
2026-02-08 11:59:05.104845,Toronto-70aa,-23,95,Normal
2026-02-08 11:59:06.104845,Toronto-70aa,25,37,Normal
2026-02-08 11:59:07.104845,Toronto-70aa,46,83,Normal
2026-02-08 11:59:08.104845,Toronto-70aa,-29,93,Normal
2026-02-08 11:59:09.104845,Toronto-70aa,5,86,Normal
2026-02-08 11:59:10.104845,Toronto-70aa,4,51,Normal
2026-02-08 11:59:11.104845,Toronto-70aa,-25,51,Normal
2026-02-08 11:59:12.104845,Toronto-70aa,36,72,Normal
2026-02-08 11:59:13.104845,Toronto-70aa,1,87,Normal
2026-02-08 11:59:14.104845,Toronto-70aa,-1,41,Normal
2026-02-08 11:59:15.104845,Toronto-70aa,14,21,Normal
2026-02-08 11:59:16.104845,Toronto-70aa,3,51,Normal
2026-02-08 11:59:17.104845,Toronto-70aa,34,21,Normal
2026-02-08 11:59:18.104845,Toronto-70aa,48,80,Normal
2026-02-08 11:59:19.104845,Toronto-70aa,-7,13,Normal
2026-02-08 11:59:20.104845,Toronto-70aa,40,79,Normal
2026-02-08 11:59:21.104845,Toronto-70aa,8,21,Normal
2026-02-08 11:59:22.104845,Toronto-70aa,43,62,Normal
2026-02-08 11:59:23.104845,Toronto-70aa,29,51,Normal
2026-02-08 11:59:24.104845,Toronto-70aa,0,29,Normal
2026-02-08 11:59:25.104845,Toronto-70aa,-20,47,Normal
2026-02-08 11:59:26.104845,Toronto-70aa,29,4,Normal
2026-02-08 11:59:27.104845,Toronto-70aa,-24,15,Normal
2026-02-08 11:59:28.104845,Toronto-70aa,-7,58,Normal
2026-02-08 11:59:29.104845,Toronto-70aa,39,35,Normal
2026-02-08 11:59:30.104845,Toronto-70aa,47,47,Normal
2026-02-08 11:59:31.104845,Toronto-70aa,42,95,Normal
2026-02-08 11:59:32.104845,Toronto-70aa,26,73,Normal
2026-02-08 11:59:33.104845,Toronto-70aa,34,96,Normal
2026-02-08 11:59:34.104845,Toronto-70aa,26,65,Normal
2026-02-08 11:59:35.104845,Toronto-70aa,12,70,Normal
2026-02-08 11:59:36.104845,Toronto-70aa,-15,43,Normal
2026-02-08 11:59:37.104845,Toronto-70aa,7,52,Normal
2026-02-08 11:59:38.104845,Toronto-70aa,22,36,Normal
2026-02-08 11:59:39.104845,Toronto-70aa,-21,31,Normal
2026-02-08 11:59:40.104845,Toronto-70aa,-22,54,Normal
2026-02-08 11:59:41.104845,Toronto-70aa,2,30,Normal
2026-02-08 11:59:42.104845,Toronto-70aa,49,89,Normal
2026-02-08 11:59:43.104845,Toronto-70aa,30,28,Normal
2026-02-08 11:59:44.104845,Toronto-70aa,29,71,Normal
2026-02-08 11:59:45.104845,Toronto-70aa,1,3,Normal
2026-02-08 11:59:46.104845,Toronto-70aa,43,85,Normal
2026-02-08 11:59:47.104845,Toronto-70aa,49,14,Normal
2026-02-08 11:59:48.104845,Toronto-70aa,-20,100,Normal
2026-02-08 11:59:49.104845,Toronto-70aa,16,5,Normal
2026-02-08 11:59:50.104845,Toronto-70aa,13,86,Normal
2026-02-08 11:59:51.104845,Toronto-70aa,-9,85,Normal
2026-02-08 11:59:52.104845,Toronto-70aa,-1,49,Normal
2026-02-08 11:59:53.104845,Toronto-70aa,41,7,Normal
2026-02-08 11:59:54.104845,Toronto-70aa,20,38,Normal
2026-02-08 11:59:55.104845,Toronto-70aa,34,40,Normal
2026-02-08 11:59:56.104845,Toronto-70aa,22,15,Normal
2026-02-08 11:59:57.104845,Toronto-70aa,7,4,Normal
2026-02-08 11:59:58.104845,Toronto-70aa,19,78,Normal
2026-02-08 11:59:59.104845,Toronto-70aa,37,94,Normal
2026-02-08 12:00:00.104845,Toronto-70aa,18,18,Normal
2026-02-08 12:00:01.104845,Toronto-70aa,-2,56,Normal
2026-02-08 12:00:02.104845,Toronto-70aa,41,63,Normal
2026-02-08 12:00:03.104845,Toronto-70aa,-27,86,Normal
2026-02-08 12:00:04.104845,Toronto-70aa,1,7,Normal
2026-02-08 12:00:05.104845,Toronto-70aa,24,93,Normal
2026-02-08 12:00:06.104845,Toronto-70aa,21,96,Normal
2026-02-08 12:00:07.104845,Toronto-70aa,4,23,Normal
2026-02-08 12:00:08.104845,Toronto-70aa,18,39,Normal
2026-02-08 12:00:09.104845,Toronto-70aa,1,25,Normal
2026-02-08 12:00:10.104845,Toronto-70aa,23,61,Normal
2026-02-08 12:00:11.104845,Toronto-70aa,50,20,Normal
2026-02-08 12:00:12.104845,Toronto-70aa,-8,7,Normal
2026-02-08 12:00:13.104845,Toronto-70aa,-8,18,Normal
2026-02-08 12:00:14.104845,Toronto-70aa,42,93,Normal
2026-02-08 12:00:15.104845,Toronto-70aa,-17,82,Normal
2026-02-08 12:00:16.104845,Toronto-70aa,17,47,Normal
2026-02-08 12:00:17.104845,Toronto-70aa,37,43,Normal
2026-02-08 12:00:18.104845,Toronto-70aa,21,55,Normal
2026-02-08 12:00:19.104845,Toronto-70aa,34,86,Normal
2026-02-08 12:00:20.104845,Toronto-70aa,-1,13,Normal
2026-02-08 12:00:21.104845,Toronto-70aa,14,16,Normal
2026-02-08 12:00:22.104845,Toronto-70aa,15,97,Normal
2026-02-08 12:00:23.104845,Toronto-70aa,8,96,Normal
2026-02-08 12:00:24.104845,Toronto-70aa,38,88,Normal
2026-02-08 12:00:25.104845,Toronto-70aa,-7,91,Normal
2026-02-08 12:00:26.104845,Toronto-70aa,14,14,Normal
2026-02-08 12:00:27.104845,Toronto-70aa,-22,94,Normal
2026-02-08 12:00:28.104845,Toronto-70aa,7,47,Normal
2026-02-08 12:00:29.104845,Toronto-70aa,-26,12,Normal
2026-02-08 12:00:30.104845,Toronto-70aa,-3,87,Normal
2026-02-08 12:00:31.104845,Toronto-70aa,13,75,Normal
2026-02-08 12:00:32.104845,Toronto-70aa,5,89,Normal
2026-02-08 12:00:33.104845,Toronto-70aa,11,90,Normal
2026-02-08 12:00:34.104845,Toronto-70aa,-4,49,Normal
2026-02-08 12:00:35.104845,Toronto-70aa,-29,9,Normal
2026-02-08 12:00:36.104845,Toronto-70aa,25,38,Normal
2026-02-08 12:00:37.104845,Toronto-70aa,-23,97,Normal
2026-02-08 12:00:38.104845,Toronto-70aa,15,6,Normal
2026-02-08 12:00:39.104845,Toronto-70aa,18,83,Normal
2026-02-08 12:00:40.104845,Toronto-70aa,40,22,Normal
2026-02-08 12:00:41.104845,Toronto-70aa,2,21,Normal
2026-02-08 12:00:42.104845,Toronto-70aa,-28,63,Normal
2026-02-08 12:00:43.104845,Toronto-70aa,46,87,Normal
2026-02-08 12:00:44.104845,Toronto-70aa,28,76,Normal
2026-02-08 12:00:45.104845,Toronto-70aa,-23,9,Normal
2026-02-08 12:00:46.104845,Toronto-70aa,-29,63,Normal
2026-02-08 12:00:47.104845,Toronto-70aa,-27,44,Normal
2026-02-08 12:00:48.104845,Toronto-70aa,-29,17,Normal
2026-02-08 12:00:49.104845,Toronto-70aa,-29,89,Normal
2026-02-08 12:00:50.104845,Toronto-70aa,3,85,Normal
2026-02-08 12:00:51.104845,Toronto-70aa,-1,55,Normal
2026-02-08 12:00:52.104845,Toronto-70aa,5,2,Normal
2026-02-08 12:00:53.104845,Toronto-70aa,48,44,Normal
2026-02-08 12:00:54.104845,Toronto-70aa,-21,2,Normal
2026-02-08 12:00:55.104845,Toronto-70aa,41,15,Normal
2026-02-08 12:00:56.104845,Toronto-70aa,48,40,Normal
2026-02-08 12:00:57.104845,Toronto-70aa,28,92,Normal
2026-02-08 12:00:58.104845,Toronto-70aa,50,20,Normal
2026-02-08 12:00:59.104845,Toronto-70aa,10,20,Normal
2026-02-08 12:01:00.104845,Toronto-70aa,15,36,Normal
2026-02-08 12:01:01.104845,Toronto-70aa,42,52,Normal
2026-02-08 12:01:02.104845,Toronto-70aa,-6,58,Normal
2026-02-08 12:01:03.104845,Toronto-70aa,33,64,Normal
2026-02-08 12:01:04.104845,Toronto-70aa,-13,92,Normal
2026-02-08 12:01:05.104845,Toronto-70aa,3,32,Normal
2026-02-08 12:01:06.104845,Toronto-70aa,41,97,Normal
2026-02-08 12:01:07.104845,Toronto-70aa,7,42,Normal
2026-02-08 12:01:08.104845,Toronto-70aa,47,25,Normal
2026-02-08 12:01:09.104845,Toronto-70aa,11,85,Normal
2026-02-08 12:01:10.104845,Toronto-70aa,-26,60,Normal
2026-02-08 12:01:11.104845,Toronto-70aa,50,64,Normal
2026-02-08 12:01:12.104845,Toronto-70aa,-15,45,Normal
2026-02-08 12:01:13.104845,Toronto-70aa,30,52,Normal
2026-02-08 12:01:14.104845,Toronto-70aa,-21,59,Normal
2026-02-08 12:01:15.104845,Toronto-70aa,42,81,Normal
2026-02-08 12:01:16.104845,Toronto-70aa,16,10,Normal
2026-02-08 12:01:17.104845,Toronto-70aa,29,7,Normal
2026-02-08 12:01:18.104845,Toronto-70aa,3,79,Normal
2026-02-08 12:01:19.104845,Toronto-70aa,42,79,Normal
2026-02-08 12:01:20.104845,Toronto-70aa,10,2,Normal
2026-02-08 12:01:21.104845,Toronto-70aa,10,62,Normal
2026-02-08 12:01:22.104845,Toronto-70aa,19,21,Normal
2026-02-08 12:01:23.104845,Toronto-70aa,-25,76,Normal
2026-02-08 12:01:24.104845,Toronto-70aa,27,69,Normal
2026-02-08 12:01:25.104845,Toronto-70aa,-3,86,Normal
2026-02-08 12:01:26.104845,Toronto-70aa,-19,1,Normal
2026-02-08 12:01:27.104845,Toronto-70aa,14,29,Normal
2026-02-08 12:01:28.104845,Toronto-70aa,31,35,Normal
2026-02-08 12:01:29.104845,Toronto-70aa,-21,51,Normal
2026-02-08 12:01:30.104845,Toronto-70aa,8,93,Normal
2026-02-08 12:01:31.104845,Toronto-70aa,-1,5,Normal
2026-02-08 12:01:32.104845,Toronto-70aa,17,25,Normal
2026-02-08 12:01:33.104845,Toronto-70aa,-17,35,Normal
2026-02-08 12:01:34.104845,Toronto-70aa,39,96,Normal
2026-02-08 12:01:35.104845,Toronto-70aa,8,23,Normal
2026-02-08 12:01:36.104845,Toronto-70aa,45,87,Normal
2026-02-08 12:01:37.104845,Toronto-70aa,-6,93,Normal
2026-02-08 12:01:38.104845,Toronto-70aa,39,64,Normal
2026-02-08 12:01:39.104845,Toronto-70aa,42,47,Normal
2026-02-08 12:01:40.104845,Toronto-70aa,4,62,Normal
2026-02-08 12:01:41.104845,Toronto-70aa,3,82,Normal
2026-02-08 12:01:42.104845,Toronto-70aa,9,86,Normal
2026-02-08 12:01:43.104845,Toronto-70aa,-29,74,Normal
2026-02-08 12:01:44.104845,Toronto-70aa,27,12,Normal
2026-02-08 12:01:45.104845,Toronto-70aa,-12,30,Normal
2026-02-08 12:01:46.104845,Toronto-70aa,19,44,Normal
2026-02-08 12:01:47.104845,Toronto-70aa,-21,46,Normal
2026-02-08 12:01:48.104845,Toronto-70aa,30,4,Normal
2026-02-08 12:01:49.104845,Toronto-70aa,26,33,Normal
2026-02-08 12:01:50.104845,Toronto-70aa,14,90,Normal
2026-02-08 12:01:51.104845,Toronto-70aa,-12,9,Normal
2026-02-08 12:01:52.104845,Toronto-70aa,1,77,Normal
2026-02-08 12:01:53.104845,Toronto-70aa,17,50,Normal
2026-02-08 12:01:54.104845,Toronto-70aa,35,71,Normal
2026-02-08 12:01:55.104845,Toronto-70aa,-27,31,Normal
2026-02-08 12:01:56.104845,Toronto-70aa,2,31,Normal
2026-02-08 12:01:57.104845,Toronto-70aa,-14,88,Normal
2026-02-08 12:01:58.104845,Toronto-70aa,24,99,Normal
2026-02-08 12:01:59.104845,Toronto-70aa,37,98,Normal
2026-02-08 12:02:00.104845,Toronto-70aa,3,88,Normal
2026-02-08 12:02:01.104845,Toronto-70aa,48,37,Normal
2026-02-08 12:02:02.104845,Toronto-70aa,46,10,Normal
2026-02-08 12:02:03.104845,Toronto-70aa,16,75,Normal
2026-02-08 12:02:04.104845,Toronto-70aa,6,33,Normal
2026-02-08 12:02:05.104845,Toronto-70aa,-18,5,Normal
2026-02-08 12:02:06.104845,Toronto-70aa,24,34,Normal
2026-02-08 12:02:07.104845,Toronto-70aa,0,72,Normal
2026-02-08 12:02:08.104845,Toronto-70aa,3,76,Normal
2026-02-08 12:02:09.104845,Toronto-70aa,-5,96,Normal
2026-02-08 12:02:10.104845,Toronto-70aa,10,80,Normal
2026-02-08 12:02:11.104845,Toronto-70aa,32,66,Normal
2026-02-08 12:02:12.104845,Toronto-70aa,41,28,Normal
2026-02-08 12:02:13.104845,Toronto-70aa,18,50,Normal
2026-02-08 12:02:14.104845,Toronto-70aa,-18,49,Normal
2026-02-08 12:02:15.104845,Toronto-70aa,46,89,Normal
2026-02-08 12:02:16.104845,Toronto-70aa,50,9,Normal
2026-02-08 12:02:17.104845,Toronto-70aa,-13,23,Normal
2026-02-08 12:02:18.104845,Toronto-70aa,3,53,Normal
2026-02-08 12:02:19.104845,Toronto-70aa,-14,18,Normal
2026-02-08 12:02:20.104845,Toronto-70aa,-9,52,Normal
2026-02-08 12:02:21.104845,Toronto-70aa,-6,87,Normal
2026-02-08 12:02:22.104845,Toronto-70aa,42,27,Normal
2026-02-08 12:02:23.104845,Toronto-70aa,26,74,Normal
2026-02-08 12:02:24.104845,Toronto-70aa,22,14,Normal
2026-02-08 12:02:25.104845,Toronto-70aa,-11,95,Normal
2026-02-08 12:02:26.104845,Toronto-70aa,22,34,Normal
2026-02-08 12:02:27.104845,Toronto-70aa,-17,46,Normal
2026-02-08 12:02:28.104845,Toronto-70aa,11,76,Normal
2026-02-08 12:02:29.104845,Toronto-70aa,-1,44,Normal
2026-02-08 12:02:30.104845,Toronto-70aa,-8,69,Normal
2026-02-08 12:02:31.104845,Toronto-70aa,-24,55,Normal
2026-02-08 12:02:32.104845,Toronto-70aa,-14,65,Normal
2026-02-08 12:02:33.104845,Toronto-70aa,31,18,Normal
2026-02-08 12:02:34.104845,Toronto-70aa,24,67,Normal
2026-02-08 12:02:35.104845,Toronto-70aa,23,41,Normal
2026-02-08 12:02:36.104845,Toronto-70aa,-11,36,Normal
2026-02-08 12:02:37.104845,Toronto-70aa,42,34,Normal
2026-02-08 12:02:38.104845,Toronto-70aa,-14,69,Normal
2026-02-08 12:02:39.104845,Toronto-70aa,1,25,Normal
2026-02-08 12:02:40.104845,Toronto-70aa,-28,3,Normal
2026-02-08 12:02:41.104845,Toronto-70aa,43,99,Normal
2026-02-08 12:02:42.104845,Toronto-70aa,24,51,Normal
2026-02-08 12:02:43.104845,Toronto-70aa,50,30,Normal
2026-02-08 12:02:44.104845,Toronto-70aa,26,67,Normal
2026-02-08 12:02:45.104845,Toronto-70aa,20,40,Normal
2026-02-08 12:02:46.104845,Toronto-70aa,-5,88,Normal
2026-02-08 12:02:47.104845,Toronto-70aa,-16,92,Normal
2026-02-08 12:02:48.104845,Toronto-70aa,6,97,Normal
2026-02-08 12:02:49.104845,Toronto-70aa,3,87,Normal
2026-02-08 12:02:50.104845,Toronto-70aa,38,68,Normal
2026-02-08 12:02:51.104845,Toronto-70aa,-10,63,Normal
2026-02-08 12:02:52.104845,Toronto-70aa,3,14,Normal
2026-02-08 12:02:53.104845,Toronto-70aa,-28,52,Normal
2026-02-08 12:02:54.104845,Toronto-70aa,25,32,Normal
2026-02-08 12:02:55.104845,Toronto-70aa,29,29,Normal
2026-02-08 12:02:56.104845,Toronto-70aa,33,78,Normal
2026-02-08 12:02:57.104845,Toronto-70aa,7,11,Normal
2026-02-08 12:02:58.104845,Toronto-70aa,36,52,Normal
2026-02-08 12:02:59.104845,Toronto-70aa,18,63,Normal
2026-02-08 12:03:00.104845,Toronto-70aa,15,13,Normal
2026-02-08 12:03:01.104845,Toronto-70aa,23,64,Normal
2026-02-08 12:03:02.104845,Toronto-70aa,-27,33,Normal
2026-02-08 12:03:03.104845,Toronto-70aa,-17,98,Normal
2026-02-08 12:03:04.104845,Toronto-70aa,3,14,Normal
2026-02-08 12:03:05.104845,Toronto-70aa,-26,39,Normal
2026-02-08 12:03:06.104845,Toronto-70aa,11,9,Normal
2026-02-08 12:03:07.104845,Toronto-70aa,16,91,Normal
2026-02-08 12:03:08.104845,Toronto-70aa,-27,93,Normal
2026-02-08 12:03:09.104845,Toronto-70aa,21,68,Normal
2026-02-08 12:03:10.104845,Toronto-70aa,8,21,Normal
2026-02-08 12:03:11.104845,Toronto-70aa,-3,96,Normal
2026-02-08 12:03:12.104845,Toronto-70aa,29,86,Normal
2026-02-08 12:03:13.104845,Toronto-70aa,-26,30,Normal
2026-02-08 12:03:14.104845,Toronto-70aa,-30,21,Normal
2026-02-08 12:03:15.104845,Toronto-70aa,-14,80,Normal
2026-02-08 12:03:16.104845,Toronto-70aa,7,88,Normal
2026-02-08 12:03:17.104845,Toronto-70aa,-5,63,Normal
2026-02-08 12:03:18.104845,Toronto-70aa,41,71,Normal
2026-02-08 12:03:19.104845,Toronto-70aa,29,55,Normal
2026-02-08 12:03:20.104845,Toronto-70aa,30,7,Normal
2026-02-08 12:03:21.104845,Toronto-70aa,19,77,Normal
2026-02-08 12:03:22.104845,Toronto-70aa,25,48,Normal
2026-02-08 12:03:23.104845,Toronto-70aa,46,75,Normal
2026-02-08 12:03:24.104845,Toronto-70aa,-12,41,Normal
2026-02-08 12:03:25.104845,Toronto-70aa,38,86,Normal
2026-02-08 12:03:26.104845,Toronto-70aa,49,30,Normal
2026-02-08 12:03:27.104845,Toronto-70aa,41,62,Normal
2026-02-08 12:03:28.104845,Toronto-70aa,20,62,Normal
2026-02-08 12:03:29.104845,Toronto-70aa,17,59,Normal
2026-02-08 12:03:30.104845,Toronto-70aa,13,62,Normal
2026-02-08 12:03:31.104845,Toronto-70aa,4,28,Normal
2026-02-08 12:03:32.104845,Toronto-70aa,-9,32,Normal
2026-02-08 12:03:33.104845,Toronto-70aa,11,58,Normal
2026-02-08 12:03:34.104845,Toronto-70aa,-28,87,Normal
2026-02-08 12:03:35.104845,Toronto-70aa,40,80,Normal
2026-02-08 12:03:36.104845,Toronto-70aa,3,89,Normal
2026-02-08 12:03:37.104845,Toronto-70aa,-19,8,Normal
2026-02-08 12:03:38.104845,Toronto-70aa,34,98,Normal
2026-02-08 12:03:39.104845,Toronto-70aa,50,10,Normal
2026-02-08 12:03:40.104845,Toronto-70aa,-10,35,Normal
2026-02-08 12:03:41.104845,Toronto-70aa,44,27,Normal
2026-02-08 12:03:42.104845,Toronto-70aa,20,33,Normal
2026-02-08 12:03:43.104845,Toronto-70aa,45,4,Normal
2026-02-08 12:03:44.104845,Toronto-70aa,47,58,Normal
2026-02-08 12:03:45.104845,Toronto-70aa,-27,99,Normal
2026-02-08 12:03:46.104845,Toronto-70aa,-29,31,Normal
2026-02-08 12:03:47.104845,Toronto-70aa,27,21,Normal
2026-02-08 12:03:48.104845,Toronto-70aa,21,86,Normal
2026-02-08 12:03:49.104845,Toronto-70aa,5,31,Normal
2026-02-08 12:03:50.104845,Toronto-70aa,30,96,Normal
2026-02-08 12:03:51.104845,Toronto-70aa,-2,1,Normal
2026-02-08 12:03:52.104845,Toronto-70aa,35,24,Normal
2026-02-08 12:03:53.104845,Toronto-70aa,-12,58,Normal
2026-02-08 12:03:54.104845,Toronto-70aa,47,56,Normal
2026-02-08 12:03:55.104845,Toronto-70aa,-12,79,Normal
2026-02-08 12:03:56.104845,Toronto-70aa,3,96,Normal
2026-02-08 12:03:57.104845,Toronto-70aa,21,55,Normal
2026-02-08 12:03:58.104845,Toronto-70aa,-6,99,Normal
2026-02-08 12:03:59.104845,Toronto-70aa,21,87,Normal
2026-02-08 12:04:00.104845,Toronto-70aa,28,65,Normal
2026-02-08 12:04:01.104845,Toronto-70aa,44,100,Normal
2026-02-08 12:04:02.104845,Toronto-70aa,-29,21,Normal
2026-02-08 12:04:03.104845,Toronto-70aa,13,33,Normal
2026-02-08 12:04:04.104845,Toronto-70aa,-3,66,Normal
2026-02-08 12:04:05.104845,Toronto-70aa,-17,75,Normal
2026-02-08 12:04:06.104845,Toronto-70aa,41,1,Normal
2026-02-08 12:04:07.104845,Toronto-70aa,4,17,Normal
2026-02-08 12:04:08.104845,Toronto-70aa,-25,15,Normal
2026-02-08 12:04:09.104845,Toronto-70aa,-18,29,Normal
2026-02-08 12:04:10.104845,Toronto-70aa,-20,88,Normal
2026-02-08 12:04:11.104845,Toronto-70aa,18,78,Normal
2026-02-08 12:04:12.104845,Toronto-70aa,-30,87,Normal
2026-02-08 12:04:13.104845,Toronto-70aa,23,23,Normal
2026-02-08 12:04:14.104845,Toronto-70aa,-18,1,Normal
2026-02-08 12:04:15.104845,Toronto-70aa,5,12,Normal
2026-02-08 12:04:16.104845,Toronto-70aa,-13,46,Normal
2026-02-08 12:04:17.104845,Toronto-70aa,3,86,Normal
2026-02-08 12:04:18.104845,Toronto-70aa,-24,14,Normal
2026-02-08 12:04:19.104845,Toronto-70aa,-13,77,Normal
2026-02-08 12:04:20.104845,Toronto-70aa,-7,55,Normal
2026-02-08 12:04:21.104845,Toronto-70aa,30,35,Normal
2026-02-08 12:04:22.104845,Toronto-70aa,38,90,Normal
2026-02-08 12:04:23.104845,Toronto-70aa,-15,67,Normal
2026-02-08 12:04:24.104845,Toronto-70aa,-10,68,Normal
2026-02-08 12:04:25.104845,Toronto-70aa,-18,65,Normal
2026-02-08 12:04:26.104845,Toronto-70aa,4,63,Normal
2026-02-08 12:04:27.104845,Toronto-70aa,7,41,Normal
2026-02-08 12:04:28.104845,Toronto-70aa,24,29,Normal
2026-02-08 12:04:29.104845,Toronto-70aa,-19,66,Normal
2026-02-08 12:04:30.104845,Toronto-70aa,12,49,Normal
2026-02-08 12:04:31.104845,Toronto-70aa,-29,24,Normal
2026-02-08 12:04:32.104845,Toronto-70aa,-2,56,Normal
2026-02-08 12:04:33.104845,Toronto-70aa,22,15,Normal
2026-02-08 12:04:34.104845,Toronto-70aa,38,84,Normal
2026-02-08 12:04:35.104845,Toronto-70aa,-24,31,Normal
2026-02-08 12:04:36.104845,Toronto-70aa,18,12,Normal
2026-02-08 12:04:37.104845,Toronto-70aa,-2,21,Normal
2026-02-08 12:04:38.104845,Toronto-70aa,34,70,Normal
2026-02-08 12:04:39.104845,Toronto-70aa,-22,99,Normal
2026-02-08 12:04:40.104845,Toronto-70aa,19,5,Normal
2026-02-08 12:04:41.104845,Toronto-70aa,-30,91,Normal
2026-02-08 12:04:42.104845,Toronto-70aa,49,32,Normal
2026-02-08 12:04:43.104845,Toronto-70aa,44,2,Normal
2026-02-08 12:04:44.104845,Toronto-70aa,-22,7,Normal
2026-02-08 12:04:45.104845,Toronto-70aa,-16,48,Normal
2026-02-08 12:04:46.104845,Toronto-70aa,36,95,Normal
2026-02-08 12:04:47.104845,Toronto-70aa,43,5,Normal
2026-02-08 12:04:48.104845,Toronto-70aa,28,81,Normal
2026-02-08 12:04:49.104845,Toronto-70aa,30,84,Normal
2026-02-08 12:04:50.104845,Toronto-70aa,1,32,Normal
2026-02-08 12:04:51.104845,Toronto-70aa,24,52,Normal
2026-02-08 12:04:52.104845,Toronto-70aa,-9,20,Normal
2026-02-08 12:04:53.104845,Toronto-70aa,4,5,Normal
2026-02-08 12:04:54.104845,Toronto-70aa,48,58,Normal
2026-02-08 12:04:55.104845,Toronto-70aa,8,66,Normal
2026-02-08 12:04:56.104845,Toronto-70aa,29,69,Normal
2026-02-08 12:04:57.104845,Toronto-70aa,33,24,Normal
2026-02-08 12:04:58.104845,Toronto-70aa,38,74,Normal
2026-02-08 12:04:59.104845,Toronto-70aa,9,75,Normal
2026-02-08 12:05:00.104845,Toronto-70aa,39,84,Normal
2026-02-08 12:05:01.104845,Toronto-70aa,14,100,Normal
2026-02-08 12:05:02.104845,Toronto-70aa,3,6,Normal
2026-02-08 12:05:03.104845,Toronto-70aa,-28,34,Normal
2026-02-08 12:05:04.104845,Toronto-70aa,-17,85,Normal
2026-02-08 12:05:05.104845,Toronto-70aa,-25,98,Normal
2026-02-08 12:05:06.104845,Toronto-70aa,-2,41,Normal
2026-02-08 12:05:07.104845,Toronto-70aa,8,10,Normal
2026-02-08 12:05:08.104845,Toronto-70aa,29,22,Normal
2026-02-08 12:05:09.104845,Toronto-70aa,8,25,Normal
2026-02-08 12:05:10.104845,Toronto-70aa,-23,41,Normal
2026-02-08 12:05:11.104845,Toronto-70aa,26,61,Normal
2026-02-08 12:05:12.104845,Toronto-70aa,-24,81,Normal
2026-02-08 12:05:13.104845,Toronto-70aa,-9,87,Normal
2026-02-08 12:05:14.104845,Toronto-70aa,-10,65,Normal
2026-02-08 12:05:15.104845,Toronto-70aa,-14,34,Normal
2026-02-08 12:05:16.104845,Toronto-70aa,31,40,Normal
2026-02-08 12:05:17.104845,Toronto-70aa,42,91,Normal
2026-02-08 12:05:18.104845,Toronto-70aa,46,53,Normal
2026-02-08 12:05:19.104845,Toronto-70aa,14,40,Normal
2026-02-08 12:05:20.104845,Toronto-70aa,-26,96,Normal
2026-02-08 12:05:21.104845,Toronto-70aa,31,58,Normal
2026-02-08 12:05:22.104845,Toronto-70aa,31,32,Normal
2026-02-08 12:05:23.104845,Toronto-70aa,15,37,Normal
2026-02-08 12:05:24.104845,Toronto-70aa,29,73,Normal
2026-02-08 12:05:25.104845,Toronto-70aa,45,13,Normal
2026-02-08 12:05:26.104845,Toronto-70aa,28,39,Normal
2026-02-08 12:05:27.104845,Toronto-70aa,47,39,Normal
2026-02-08 12:05:28.104845,Toronto-70aa,24,74,Normal
2026-02-08 12:05:29.104845,Toronto-70aa,-10,19,Normal
2026-02-08 12:05:30.104845,Toronto-70aa,-18,86,Normal
2026-02-08 12:05:31.104845,Toronto-70aa,-20,47,Normal
2026-02-08 12:05:32.104845,Toronto-70aa,42,83,Normal
2026-02-08 12:05:33.104845,Toronto-70aa,30,12,Normal
2026-02-08 12:05:34.104845,Toronto-70aa,-7,22,Normal
2026-02-08 12:05:35.104845,Toronto-70aa,37,2,Normal
2026-02-08 12:05:36.104845,Toronto-70aa,-19,31,Normal
2026-02-08 12:05:37.104845,Toronto-70aa,7,50,Normal
2026-02-08 12:05:38.104845,Toronto-70aa,34,88,Normal
2026-02-08 12:05:39.104845,Toronto-70aa,30,4,Normal
2026-02-08 12:05:40.104845,Toronto-70aa,-26,71,Normal
2026-02-08 12:05:41.104845,Toronto-70aa,7,35,Normal
2026-02-08 12:05:42.104845,Toronto-70aa,43,92,Normal
2026-02-08 12:05:43.104845,Toronto-70aa,33,41,Normal
2026-02-08 12:05:44.104845,Toronto-70aa,25,83,Normal
2026-02-08 12:05:45.104845,Toronto-70aa,50,47,Normal
2026-02-08 12:05:46.104845,Toronto-70aa,-13,59,Normal
2026-02-08 12:05:47.104845,Toronto-70aa,11,58,Normal
2026-02-08 12:05:48.104845,Toronto-70aa,27,77,Normal
2026-02-08 12:05:49.104845,Toronto-70aa,-22,12,Normal
2026-02-08 12:05:50.104845,Toronto-70aa,43,15,Normal
2026-02-08 12:05:51.104845,Toronto-70aa,5,2,Normal
2026-02-08 12:05:52.104845,Toronto-70aa,-22,84,Normal
2026-02-08 12:05:53.104845,Toronto-70aa,43,9,Normal
2026-02-08 12:05:54.104845,Toronto-70aa,9,4,Normal
2026-02-08 12:05:55.104845,Toronto-70aa,0,32,Normal
2026-02-08 12:05:56.104845,Toronto-70aa,-27,70,Normal
2026-02-08 12:05:57.104845,Toronto-70aa,25,43,Normal
2026-02-08 12:05:58.104845,Toronto-70aa,-27,14,Normal
2026-02-08 12:05:59.104845,Toronto-70aa,-5,77,Normal
