timestamp,station_id,temp,humid,condition
2026-02-17 04:34:25.147489,Dubai-f8b0,-21,88,Normal
2026-02-17 04:34:26.147489,Dubai-f8b0,15,51,Normal
2026-02-17 04:34:27.147489,Dubai-f8b0,-28,41,Normal
2026-02-17 04:34:28.147489,Dubai-f8b0,46,76,Normal
2026-02-17 04:34:29.147489,Dubai-f8b0,43,58,Normal
2026-02-17 04:34:30.147489,Dubai-f8b0,-8,92,Normal
2026-02-17 04:34:31.147489,Dubai-f8b0,31,83,Normal
2026-02-17 04:34:32.147489,Dubai-f8b0,0,43,Normal
2026-02-17 04:34:33.147489,Dubai-f8b0,-23,69,Normal
2026-02-17 04:34:34.147489,Dubai-f8b0,42,88,Normal
2026-02-17 04:34:35.147489,Dubai-f8b0,9,67,Normal
2026-02-17 04:34:36.147489,Dubai-f8b0,26,89,Normal
2026-02-17 04:34:37.147489,Dubai-f8b0,44,9,Normal
2026-02-17 04:34:38.147489,Dubai-f8b0,14,51,Normal
2026-02-17 04:34:39.147489,Dubai-f8b0,-15,34,Normal
2026-02-17 04:34:40.147489,Dubai-f8b0,17,27,Normal
2026-02-17 04:34:41.147489,Dubai-f8b0,-10,3,Normal
2026-02-17 04:34:42.147489,Dubai-f8b0,-4,77,Normal
2026-02-17 04:34:43.147489,Dubai-f8b0,-28,50,Normal
2026-02-17 04:34:44.147489,Dubai-f8b0,30,86,Normal
2026-02-17 04:34:45.147489,Dubai-f8b0,-8,75,Normal
2026-02-17 04:34:46.147489,Dubai-f8b0,-13,59,Normal
2026-02-17 04:34:47.147489,Dubai-f8b0,-20,38,Normal
2026-02-17 04:34:48.147489,Dubai-f8b0,47,56,Normal
2026-02-17 04:34:49.147489,Dubai-f8b0,6,60,Normal
2026-02-17 04:34:50.147489,Dubai-f8b0,-17,43,Normal
2026-02-17 04:34:51.147489,Dubai-f8b0,4,18,Normal
2026-02-17 04:34:52.147489,Dubai-f8b0,0,34,Normal
2026-02-17 04:34:53.147489,Dubai-f8b0,49,53,Normal
2026-02-17 04:34:54.147489,Dubai-f8b0,-5,4,Normal
2026-02-17 04:34:55.147489,Dubai-f8b0,50,48,Normal
2026-02-17 04:34:56.147489,Dubai-f8b0,-12,61,Normal
2026-02-17 04:34:57.147489,Dubai-f8b0,39,83,Normal
2026-02-17 04:34:58.147489,Dubai-f8b0,10,5,Normal
2026-02-17 04:34:59.147489,Dubai-f8b0,37,12,Normal
2026-02-17 04:35:00.147489,Dubai-f8b0,-30,18,Normal
2026-02-17 04:35:01.147489,Dubai-f8b0,13,26,Normal
2026-02-17 04:35:02.147489,Dubai-f8b0,30,29,Normal
2026-02-17 04:35:03.147489,Dubai-f8b0,25,31,Normal
2026-02-17 04:35:04.147489,Dubai-f8b0,-26,53,Normal
2026-02-17 04:35:05.147489,Dubai-f8b0,10,43,Normal
2026-02-17 04:35:06.147489,Dubai-f8b0,-14,44,Normal
2026-02-17 04:35:07.147489,Dubai-f8b0,14,64,Normal
2026-02-17 04:35:08.147489,Dubai-f8b0,8,61,Normal
2026-02-17 04:35:09.147489,Dubai-f8b0,27,74,Normal
2026-02-17 04:35:10.147489,Dubai-f8b0,38,28,Normal
2026-02-17 04:35:11.147489,Dubai-f8b0,33,79,Normal
2026-02-17 04:35:12.147489,Dubai-f8b0,38,89,Normal
2026-02-17 04:35:13.147489,Dubai-f8b0,35,92,Normal
2026-02-17 04:35:14.147489,Dubai-f8b0,-28,38,Normal
2026-02-17 04:35:15.147489,Dubai-f8b0,29,40,Normal
2026-02-17 04:35:16.147489,Dubai-f8b0,25,28,Normal
2026-02-17 04:35:17.147489,Dubai-f8b0,7,99,Normal
2026-02-17 04:35:18.147489,Dubai-f8b0,-9,6,Normal
2026-02-17 04:35:19.147489,Dubai-f8b0,45,100,Normal
2026-02-17 04:35:20.147489,Dubai-f8b0,19,30,Normal
2026-02-17 04:35:21.147489,Dubai-f8b0,37,72,Normal
2026-02-17 04:35:22.147489,Dubai-f8b0,10,97,Normal
2026-02-17 04:35:23.147489,Dubai-f8b0,2,4,Normal
2026-02-17 04:35:24.147489,Dubai-f8b0,12,55,Normal
2026-02-17 04:35:25.147489,Dubai-f8b0,-8,14,Normal
2026-02-17 04:35:26.147489,Dubai-f8b0,48,57,Normal
2026-02-17 04:35:27.147489,Dubai-f8b0,4,53,Normal
2026-02-17 04:35:28.147489,Dubai-f8b0,36,20,Normal
2026-02-17 04:35:29.147489,Dubai-f8b0,49,42,Normal
2026-02-17 04:35:30.147489,Dubai-f8b0,-11,21,Normal
2026-02-17 04:35:31.147489,Dubai-f8b0,-3,65,Normal
2026-02-17 04:35:32.147489,Dubai-f8b0,14,18,Normal
2026-02-17 04:35:33.147489,Dubai-f8b0,-4,0,Normal
2026-02-17 04:35:34.147489,Dubai-f8b0,47,80,Normal
2026-02-17 04:35:35.147489,Dubai-f8b0,14,54,Normal
2026-02-17 04:35:36.147489,Dubai-f8b0,44,41,Normal
2026-02-17 04:35:37.147489,Dubai-f8b0,6,16,Normal
2026-02-17 04:35:38.147489,Dubai-f8b0,49,25,Normal
2026-02-17 04:35:39.147489,Dubai-f8b0,11,10,Normal
2026-02-17 04:35:40.147489,Dubai-f8b0,4,29,Normal
2026-02-17 04:35:41.147489,Dubai-f8b0,37,45,Normal
2026-02-17 04:35:42.147489,Dubai-f8b0,26,1,Normal
2026-02-17 04:35:43.147489,Dubai-f8b0,41,41,Normal
2026-02-17 04:35:44.147489,Dubai-f8b0,5,74,Normal
2026-02-17 04:35:45.147489,Dubai-f8b0,12,1,Normal
2026-02-17 04:35:46.147489,Dubai-f8b0,-15,85,Normal
2026-02-17 04:35:47.147489,Dubai-f8b0,-30,98,Normal
2026-02-17 04:35:48.147489,Dubai-f8b0,-27,67,Normal
2026-02-17 04:35:49.147489,Dubai-f8b0,-7,32,Normal
2026-02-17 04:35:50.147489,Dubai-f8b0,-8,79,Normal
2026-02-17 04:35:51.147489,Dubai-f8b0,12,56,Normal
2026-02-17 04:35:52.147489,Dubai-f8b0,-26,57,Normal
2026-02-17 04:35:53.147489,Dubai-f8b0,36,80,Normal
2026-02-17 04:35:54.147489,Dubai-f8b0,3,73,Normal
2026-02-17 04:35:55.147489,Dubai-f8b0,1,62,Normal
2026-02-17 04:35:56.147489,Dubai-f8b0,31,17,Normal
2026-02-17 04:35:57.147489,Dubai-f8b0,36,38,Normal
2026-02-17 04:35:58.147489,Dubai-f8b0,-27,2,Normal
2026-02-17 04:35:59.147489,Dubai-f8b0,45,8,Normal
2026-02-17 04:36:00.147489,Dubai-f8b0,9,24,Normal
2026-02-17 04:36:01.147489,Dubai-f8b0,20,31,Normal
2026-02-17 04:36:02.147489,Dubai-f8b0,-19,87,Normal
2026-02-17 04:36:03.147489,Dubai-f8b0,40,54,Normal
2026-02-17 04:36:04.147489,Dubai-f8b0,-16,38,Normal
2026-02-17 04:36:05.147489,Dubai-f8b0,44,52,Normal
2026-02-17 04:36:06.147489,Dubai-f8b0,-11,73,Normal
2026-02-17 04:36:07.147489,Dubai-f8b0,6,23,Normal
2026-02-17 04:36:08.147489,Dubai-f8b0,-14,75,Normal
2026-02-17 04:36:09.147489,Dubai-f8b0,27,16,Normal
2026-02-17 04:36:10.147489,Dubai-f8b0,12,11,Normal
2026-02-17 04:36:11.147489,Dubai-f8b0,24,91,Normal
2026-02-17 04:36:12.147489,Dubai-f8b0,39,70,Normal
2026-02-17 04:36:13.147489,Dubai-f8b0,-1,77,Normal
2026-02-17 04:36:14.147489,Dubai-f8b0,30,40,Normal
2026-02-17 04:36:15.147489,Dubai-f8b0,48,17,Normal
2026-02-17 04:36:16.147489,Dubai-f8b0,17,63,Normal
2026-02-17 04:36:17.147489,Dubai-f8b0,13,98,Normal
2026-02-17 04:36:18.147489,Dubai-f8b0,-7,42,Normal
2026-02-17 04:36:19.147489,Dubai-f8b0,22,14,Normal
2026-02-17 04:36:20.147489,Dubai-f8b0,3,88,Normal
2026-02-17 04:36:21.147489,Dubai-f8b0,-12,55,Normal
2026-02-17 04:36:22.147489,Dubai-f8b0,23,86,Normal
2026-02-17 04:36:23.147489,Dubai-f8b0,-19,9,Normal
2026-02-17 04:36:24.147489,Dubai-f8b0,39,39,Normal
2026-02-17 04:36:25.147489,Dubai-f8b0,42,98,Normal
2026-02-17 04:36:26.147489,Dubai-f8b0,23,64,Normal
2026-02-17 04:36:27.147489,Dubai-f8b0,25,79,Normal
2026-02-17 04:36:28.147489,Dubai-f8b0,27,73,Normal
2026-02-17 04:36:29.147489,Dubai-f8b0,36,90,Normal
2026-02-17 04:36:30.147489,Dubai-f8b0,1,6,Normal
2026-02-17 04:36:31.147489,Dubai-f8b0,-28,0,Normal
2026-02-17 04:36:32.147489,Dubai-f8b0,22,47,Normal
2026-02-17 04:36:33.147489,Dubai-f8b0,33,42,Normal
2026-02-17 04:36:34.147489,Dubai-f8b0,40,93,Normal
2026-02-17 04:36:35.147489,Dubai-f8b0,32,40,Normal
2026-02-17 04:36:36.147489,Dubai-f8b0,45,42,Normal
2026-02-17 04:36:37.147489,Dubai-f8b0,18,43,Normal
2026-02-17 04:36:38.147489,Dubai-f8b0,3,34,Normal
2026-02-17 04:36:39.147489,Dubai-f8b0,30,72,Normal
2026-02-17 04:36:40.147489,Dubai-f8b0,-8,54,Normal
2026-02-17 04:36:41.147489,Dubai-f8b0,1,45,Normal
2026-02-17 04:36:42.147489,Dubai-f8b0,28,94,Normal
2026-02-17 04:36:43.147489,Dubai-f8b0,7,83,Normal
2026-02-17 04:36:44.147489,Dubai-f8b0,27,20,Normal
2026-02-17 04:36:45.147489,Dubai-f8b0,6,90,Normal
2026-02-17 04:36:46.147489,Dubai-f8b0,-9,36,Normal
2026-02-17 04:36:47.147489,Dubai-f8b0,-9,76,Normal
2026-02-17 04:36:48.147489,Dubai-f8b0,-12,90,Normal
2026-02-17 04:36:49.147489,Dubai-f8b0,4,13,Normal
2026-02-17 04:36:50.147489,Dubai-f8b0,-5,75,Normal
2026-02-17 04:36:51.147489,Dubai-f8b0,45,47,Normal
2026-02-17 04:36:52.147489,Dubai-f8b0,28,50,Normal
2026-02-17 04:36:53.147489,Dubai-f8b0,27,12,Normal
2026-02-17 04:36:54.147489,Dubai-f8b0,-16,58,Normal
2026-02-17 04:36:55.147489,Dubai-f8b0,-19,46,Normal
2026-02-17 04:36:56.147489,Dubai-f8b0,-12,28,Normal
2026-02-17 04:36:57.147489,Dubai-f8b0,21,42,Normal
2026-02-17 04:36:58.147489,Dubai-f8b0,1,98,Normal
2026-02-17 04:36:59.147489,Dubai-f8b0,28,69,Normal
2026-02-17 04:37:00.147489,Dubai-f8b0,-7,64,Normal
2026-02-17 04:37:01.147489,Dubai-f8b0,6,7,Normal
2026-02-17 04:37:02.147489,Dubai-f8b0,30,9,Normal
2026-02-17 04:37:03.147489,Dubai-f8b0,1,32,Normal
2026-02-17 04:37:04.147489,Dubai-f8b0,-1,69,Normal
2026-02-17 04:37:05.147489,Dubai-f8b0,43,12,Normal
2026-02-17 04:37:06.147489,Dubai-f8b0,-30,68,Normal
2026-02-17 04:37:07.147489,Dubai-f8b0,-12,71,Normal
2026-02-17 04:37:08.147489,Dubai-f8b0,-21,41,Normal
2026-02-17 04:37:09.147489,Dubai-f8b0,41,55,Normal
2026-02-17 04:37:10.147489,Dubai-f8b0,31,5,Normal
2026-02-17 04:37:11.147489,Dubai-f8b0,-6,100,Normal
2026-02-17 04:37:12.147489,Dubai-f8b0,1,42,Normal
2026-02-17 04:37:13.147489,Dubai-f8b0,15,72,Normal
2026-02-17 04:37:14.147489,Dubai-f8b0,21,72,Normal
2026-02-17 04:37:15.147489,Dubai-f8b0,-12,8,Normal
2026-02-17 04:37:16.147489,Dubai-f8b0,-1,43,Normal
2026-02-17 04:37:17.147489,Dubai-f8b0,50,20,Normal
2026-02-17 04:37:18.147489,Dubai-f8b0,44,43,Normal
2026-02-17 04:37:19.147489,Dubai-f8b0,-6,98,Normal
2026-02-17 04:37:20.147489,Dubai-f8b0,34,45,Normal
2026-02-17 04:37:21.147489,Dubai-f8b0,-9,89,Normal
2026-02-17 04:37:22.147489,Dubai-f8b0,33,19,Normal
2026-02-17 04:37:23.147489,Dubai-f8b0,50,13,Normal
2026-02-17 04:37:24.147489,Dubai-f8b0,-21,85,Normal
2026-02-17 04:37:25.147489,Dubai-f8b0,23,99,Normal
2026-02-17 04:37:26.147489,Dubai-f8b0,-10,42,Normal
2026-02-17 04:37:27.147489,Dubai-f8b0,0,14,Normal
2026-02-17 04:37:28.147489,Dubai-f8b0,16,8,Normal
2026-02-17 04:37:29.147489,Dubai-f8b0,45,2,Normal
2026-02-17 04:37:30.147489,Dubai-f8b0,9,9,Normal
2026-02-17 04:37:31.147489,Dubai-f8b0,-24,7,Normal
2026-02-17 04:37:32.147489,Dubai-f8b0,-12,100,Normal
2026-02-17 04:37:33.147489,Dubai-f8b0,-17,30,Normal
2026-02-17 04:37:34.147489,Dubai-f8b0,-14,32,Normal
2026-02-17 04:37:35.147489,Dubai-f8b0,7,40,Normal
2026-02-17 04:37:36.147489,Dubai-f8b0,-15,41,Normal
2026-02-17 04:37:37.147489,Dubai-f8b0,8,81,Normal
2026-02-17 04:37:38.147489,Dubai-f8b0,0,4,Normal
2026-02-17 04:37:39.147489,Dubai-f8b0,7,40,Normal
2026-02-17 04:37:40.147489,Dubai-f8b0,38,54,Normal
2026-02-17 04:37:41.147489,Dubai-f8b0,4,39,Normal
2026-02-17 04:37:42.147489,Dubai-f8b0,50,47,Normal
2026-02-17 04:37:43.147489,Dubai-f8b0,23,100,Normal
2026-02-17 04:37:44.147489,Dubai-f8b0,11,1,Normal
2026-02-17 04:37:45.147489,Dubai-f8b0,3,99,Normal
2026-02-17 04:37:46.147489,Dubai-f8b0,-28,99,Normal
2026-02-17 04:37:47.147489,Dubai-f8b0,16,53,Normal
2026-02-17 04:37:48.147489,Dubai-f8b0,43,39,Normal
2026-02-17 04:37:49.147489,Dubai-f8b0,-29,59,Normal
2026-02-17 04:37:50.147489,Dubai-f8b0,-4,14,Normal
2026-02-17 04:37:51.147489,Dubai-f8b0,-24,61,Normal
2026-02-17 04:37:52.147489,Dubai-f8b0,35,96,Normal
2026-02-17 04:37:53.147489,Dubai-f8b0,-4,38,Normal
2026-02-17 04:37:54.147489,Dubai-f8b0,-2,11,Normal
2026-02-17 04:37:55.147489,Dubai-f8b0,28,86,Normal
2026-02-17 04:37:56.147489,Dubai-f8b0,-14,43,Normal
2026-02-17 04:37:57.147489,Dubai-f8b0,-22,86,Normal
2026-02-17 04:37:58.147489,Dubai-f8b0,-2,26,Normal
2026-02-17 04:37:59.147489,Dubai-f8b0,43,89,Normal
2026-02-17 04:38:00.147489,Dubai-f8b0,38,4,Normal
2026-02-17 04:38:01.147489,Dubai-f8b0,1,2,Normal
2026-02-17 04:38:02.147489,Dubai-f8b0,18,3,Normal
2026-02-17 04:38:03.147489,Dubai-f8b0,50,36,Normal
2026-02-17 04:38:04.147489,Dubai-f8b0,-15,9,Normal
2026-02-17 04:38:05.147489,Dubai-f8b0,46,42,Normal
2026-02-17 04:38:06.147489,Dubai-f8b0,-30,83,Normal
2026-02-17 04:38:07.147489,Dubai-f8b0,42,48,Normal
2026-02-17 04:38:08.147489,Dubai-f8b0,30,93,Normal
2026-02-17 04:38:09.147489,Dubai-f8b0,0,30,Normal
2026-02-17 04:38:10.147489,Dubai-f8b0,32,70,Normal
2026-02-17 04:38:11.147489,Dubai-f8b0,31,72,Normal
2026-02-17 04:38:12.147489,Dubai-f8b0,-11,47,Normal
2026-02-17 04:38:13.147489,Dubai-f8b0,34,70,Normal
2026-02-17 04:38:14.147489,Dubai-f8b0,-5,81,Normal
2026-02-17 04:38:15.147489,Dubai-f8b0,47,9,Normal
2026-02-17 04:38:16.147489,Dubai-f8b0,-5,76,Normal
2026-02-17 04:38:17.147489,Dubai-f8b0,47,48,Normal
2026-02-17 04:38:18.147489,Dubai-f8b0,38,41,Normal
2026-02-17 04:38:19.147489,Dubai-f8b0,1,31,Normal
2026-02-17 04:38:20.147489,Dubai-f8b0,1,79,Normal
2026-02-17 04:38:21.147489,Dubai-f8b0,10,67,Normal
2026-02-17 04:38:22.147489,Dubai-f8b0,-2,7,Normal
2026-02-17 04:38:23.147489,Dubai-f8b0,-23,81,Normal
2026-02-17 04:38:24.147489,Dubai-f8b0,41,17,Normal
2026-02-17 04:38:25.147489,Dubai-f8b0,-16,84,Normal
2026-02-17 04:38:26.147489,Dubai-f8b0,10,89,Normal
2026-02-17 04:38:27.147489,Dubai-f8b0,9,17,Normal
2026-02-17 04:38:28.147489,Dubai-f8b0,-9,72,Normal
2026-02-17 04:38:29.147489,Dubai-f8b0,-10,9,Normal
2026-02-17 04:38:30.147489,Dubai-f8b0,14,52,Normal
2026-02-17 04:38:31.147489,Dubai-f8b0,4,95,Normal
2026-02-17 04:38:32.147489,Dubai-f8b0,27,58,Normal
2026-02-17 04:38:33.147489,Dubai-f8b0,-9,7,Normal
2026-02-17 04:38:34.147489,Dubai-f8b0,-1,62,Normal
2026-02-17 04:38:35.147489,Dubai-f8b0,47,100,Normal
2026-02-17 04:38:36.147489,Dubai-f8b0,31,84,Normal
2026-02-17 04:38:37.147489,Dubai-f8b0,44,55,Normal
2026-02-17 04:38:38.147489,Dubai-f8b0,-18,18,Normal
2026-02-17 04:38:39.147489,Dubai-f8b0,38,12,Normal
2026-02-17 04:38:40.147489,Dubai-f8b0,15,49,Normal
2026-02-17 04:38:41.147489,Dubai-f8b0,-15,67,Normal
2026-02-17 04:38:42.147489,Dubai-f8b0,10,17,Normal
2026-02-17 04:38:43.147489,Dubai-f8b0,-28,39,Normal
2026-02-17 04:38:44.147489,Dubai-f8b0,46,76,Normal
2026-02-17 04:38:45.147489,Dubai-f8b0,26,99,Normal
2026-02-17 04:38:46.147489,Dubai-f8b0,25,20,Normal
2026-02-17 04:38:47.147489,Dubai-f8b0,32,100,Normal
2026-02-17 04:38:48.147489,Dubai-f8b0,21,46,Normal
2026-02-17 04:38:49.147489,Dubai-f8b0,29,56,Normal
2026-02-17 04:38:50.147489,Dubai-f8b0,32,29,Normal
2026-02-17 04:38:51.147489,Dubai-f8b0,10,51,Normal
2026-02-17 04:38:52.147489,Dubai-f8b0,9,78,Normal
2026-02-17 04:38:53.147489,Dubai-f8b0,-29,15,Normal
2026-02-17 04:38:54.147489,Dubai-f8b0,22,55,Normal
2026-02-17 04:38:55.147489,Dubai-f8b0,-11,73,Normal
2026-02-17 04:38:56.147489,Dubai-f8b0,3,65,Normal
2026-02-17 04:38:57.147489,Dubai-f8b0,45,21,Normal
2026-02-17 04:38:58.147489,Dubai-f8b0,-13,31,Normal
2026-02-17 04:38:59.147489,Dubai-f8b0,19,12,Normal
2026-02-17 04:39:00.147489,Dubai-f8b0,39,90,Normal
2026-02-17 04:39:01.147489,Dubai-f8b0,4,92,Normal
2026-02-17 04:39:02.147489,Dubai-f8b0,34,23,Normal
2026-02-17 04:39:03.147489,Dubai-f8b0,-16,10,Normal
2026-02-17 04:39:04.147489,Dubai-f8b0,-22,33,Normal
2026-02-17 04:39:05.147489,Dubai-f8b0,29,6,Normal
2026-02-17 04:39:06.147489,Dubai-f8b0,6,13,Normal
2026-02-17 04:39:07.147489,Dubai-f8b0,-4,72,Normal
2026-02-17 04:39:08.147489,Dubai-f8b0,38,13,Normal
2026-02-17 04:39:09.147489,Dubai-f8b0,-6,31,Normal
2026-02-17 04:39:10.147489,Dubai-f8b0,28,41,Normal
2026-02-17 04:39:11.147489,Dubai-f8b0,-6,61,Normal
2026-02-17 04:39:12.147489,Dubai-f8b0,45,94,Normal
2026-02-17 04:39:13.147489,Dubai-f8b0,6,69,Normal
2026-02-17 04:39:14.147489,Dubai-f8b0,16,60,Normal
2026-02-17 04:39:15.147489,Dubai-f8b0,21,88,Normal
2026-02-17 04:39:16.147489,Dubai-f8b0,-17,65,Normal
2026-02-17 04:39:17.147489,Dubai-f8b0,44,31,Normal
2026-02-17 04:39:18.147489,Dubai-f8b0,2,65,Normal
2026-02-17 04:39:19.147489,Dubai-f8b0,32,92,Normal
2026-02-17 04:39:20.147489,Dubai-f8b0,49,91,Normal
2026-02-17 04:39:21.147489,Dubai-f8b0,-8,23,Normal
2026-02-17 04:39:22.147489,Dubai-f8b0,-11,56,Normal
2026-02-17 04:39:23.147489,Dubai-f8b0,-19,78,Normal
2026-02-17 04:39:24.147489,Dubai-f8b0,48,61,Normal
2026-02-17 04:39:25.147489,Dubai-f8b0,16,30,Normal
2026-02-17 04:39:26.147489,Dubai-f8b0,10,42,Normal
2026-02-17 04:39:27.147489,Dubai-f8b0,-30,53,Normal
2026-02-17 04:39:28.147489,Dubai-f8b0,-17,19,Normal
2026-02-17 04:39:29.147489,Dubai-f8b0,28,17,Normal
2026-02-17 04:39:30.147489,Dubai-f8b0,-3,10,Normal
2026-02-17 04:39:31.147489,Dubai-f8b0,46,69,Normal
2026-02-17 04:39:32.147489,Dubai-f8b0,15,58,Normal
2026-02-17 04:39:33.147489,Dubai-f8b0,-2,58,Normal
2026-02-17 04:39:34.147489,Dubai-f8b0,44,24,Normal
2026-02-17 04:39:35.147489,Dubai-f8b0,17,12,Normal
2026-02-17 04:39:36.147489,Dubai-f8b0,31,51,Normal
2026-02-17 04:39:37.147489,Dubai-f8b0,-21,64,Normal
2026-02-17 04:39:38.147489,Dubai-f8b0,40,77,Normal
2026-02-17 04:39:39.147489,Dubai-f8b0,24,35,Normal
2026-02-17 04:39:40.147489,Dubai-f8b0,5,47,Normal
2026-02-17 04:39:41.147489,Dubai-f8b0,45,63,Normal
2026-02-17 04:39:42.147489,Dubai-f8b0,13,43,Normal
2026-02-17 04:39:43.147489,Dubai-f8b0,-2,94,Normal
2026-02-17 04:39:44.147489,Dubai-f8b0,3,57,Normal
2026-02-17 04:39:45.147489,Dubai-f8b0,33,80,Normal
2026-02-17 04:39:46.147489,Dubai-f8b0,-24,57,Normal
2026-02-17 04:39:47.147489,Dubai-f8b0,42,49,Normal
2026-02-17 04:39:48.147489,Dubai-f8b0,-18,50,Normal
2026-02-17 04:39:49.147489,Dubai-f8b0,10,13,Normal
2026-02-17 04:39:50.147489,Dubai-f8b0,-5,63,Normal
2026-02-17 04:39:51.147489,Dubai-f8b0,37,94,Normal
2026-02-17 04:39:52.147489,Dubai-f8b0,34,34,Normal
2026-02-17 04:39:53.147489,Dubai-f8b0,-22,29,Normal
2026-02-17 04:39:54.147489,Dubai-f8b0,2,46,Normal
2026-02-17 04:39:55.147489,Dubai-f8b0,-25,49,Normal
2026-02-17 04:39:56.147489,Dubai-f8b0,27,76,Normal
2026-02-17 04:39:57.147489,Dubai-f8b0,8,42,Normal
2026-02-17 04:39:58.147489,Dubai-f8b0,-8,51,Normal
2026-02-17 04:39:59.147489,Dubai-f8b0,5,53,Normal
2026-02-17 04:40:00.147489,Dubai-f8b0,-5,52,Normal
2026-02-17 04:40:01.147489,Dubai-f8b0,45,52,Normal
2026-02-17 04:40:02.147489,Dubai-f8b0,-12,10,Normal
2026-02-17 04:40:03.147489,Dubai-f8b0,38,8,Normal
2026-02-17 04:40:04.147489,Dubai-f8b0,-26,32,Normal
2026-02-17 04:40:05.147489,Dubai-f8b0,26,74,Normal
2026-02-17 04:40:06.147489,Dubai-f8b0,25,16,Normal
2026-02-17 04:40:07.147489,Dubai-f8b0,23,16,Normal
2026-02-17 04:40:08.147489,Dubai-f8b0,18,75,Normal
2026-02-17 04:40:09.147489,Dubai-f8b0,4,64,Normal
2026-02-17 04:40:10.147489,Dubai-f8b0,31,44,Normal
2026-02-17 04:40:11.147489,Dubai-f8b0,48,56,Normal
2026-02-17 04:40:12.147489,Dubai-f8b0,28,38,Normal
2026-02-17 04:40:13.147489,Dubai-f8b0,50,27,Normal
2026-02-17 04:40:14.147489,Dubai-f8b0,38,73,Normal
2026-02-17 04:40:15.147489,Dubai-f8b0,-7,87,Normal
2026-02-17 04:40:16.147489,Dubai-f8b0,2,53,Normal
2026-02-17 04:40:17.147489,Dubai-f8b0,38,63,Normal
2026-02-17 04:40:18.147489,Dubai-f8b0,-20,18,Normal
2026-02-17 04:40:19.147489,Dubai-f8b0,-21,32,Normal
2026-02-17 04:40:20.147489,Dubai-f8b0,1,24,Normal
2026-02-17 04:40:21.147489,Dubai-f8b0,-21,91,Normal
2026-02-17 04:40:22.147489,Dubai-f8b0,41,31,Normal
2026-02-17 04:40:23.147489,Dubai-f8b0,-25,79,Normal
2026-02-17 04:40:24.147489,Dubai-f8b0,40,7,Normal
2026-02-17 04:40:25.147489,Dubai-f8b0,4,16,Normal
2026-02-17 04:40:26.147489,Dubai-f8b0,43,19,Normal
2026-02-17 04:40:27.147489,Dubai-f8b0,-5,31,Normal
2026-02-17 04:40:28.147489,Dubai-f8b0,-20,74,Normal
2026-02-17 04:40:29.147489,Dubai-f8b0,49,89,Normal
2026-02-17 04:40:30.147489,Dubai-f8b0,5,20,Normal
2026-02-17 04:40:31.147489,Dubai-f8b0,11,72,Normal
2026-02-17 04:40:32.147489,Dubai-f8b0,-30,40,Normal
2026-02-17 04:40:33.147489,Dubai-f8b0,37,37,Normal
2026-02-17 04:40:34.147489,Dubai-f8b0,5,29,Normal
2026-02-17 04:40:35.147489,Dubai-f8b0,48,35,Normal
2026-02-17 04:40:36.147489,Dubai-f8b0,-19,2,Normal
2026-02-17 04:40:37.147489,Dubai-f8b0,-4,51,Normal
2026-02-17 04:40:38.147489,Dubai-f8b0,-10,69,Normal
2026-02-17 04:40:39.147489,Dubai-f8b0,30,87,Normal
2026-02-17 04:40:40.147489,Dubai-f8b0,38,58,Normal
2026-02-17 04:40:41.147489,Dubai-f8b0,40,76,Normal
2026-02-17 04:40:42.147489,Dubai-f8b0,4,3,Normal
2026-02-17 04:40:43.147489,Dubai-f8b0,29,52,Normal
2026-02-17 04:40:44.147489,Dubai-f8b0,46,25,Normal
2026-02-17 04:40:45.147489,Dubai-f8b0,27,90,Normal
2026-02-17 04:40:46.147489,Dubai-f8b0,-17,31,Normal
2026-02-17 04:40:47.147489,Dubai-f8b0,18,79,Normal
2026-02-17 04:40:48.147489,Dubai-f8b0,-16,27,Normal
2026-02-17 04:40:49.147489,Dubai-f8b0,-8,42,Normal
2026-02-17 04:40:50.147489,Dubai-f8b0,-6,84,Normal
2026-02-17 04:40:51.147489,Dubai-f8b0,16,41,Normal
2026-02-17 04:40:52.147489,Dubai-f8b0,-14,25,Normal
2026-02-17 04:40:53.147489,Dubai-f8b0,49,58,Normal
2026-02-17 04:40:54.147489,Dubai-f8b0,-24,21,Normal
2026-02-17 04:40:55.147489,Dubai-f8b0,-3,77,Normal
2026-02-17 04:40:56.147489,Dubai-f8b0,50,33,Normal
2026-02-17 04:40:57.147489,Dubai-f8b0,-16,91,Normal
2026-02-17 04:40:58.147489,Dubai-f8b0,-2,90,Normal
2026-02-17 04:40:59.147489,Dubai-f8b0,43,1,Normal
2026-02-17 04:41:00.147489,Dubai-f8b0,33,27,Normal
2026-02-17 04:41:01.147489,Dubai-f8b0,38,8,Normal
2026-02-17 04:41:02.147489,Dubai-f8b0,46,82,Normal
2026-02-17 04:41:03.147489,Dubai-f8b0,25,92,Normal
2026-02-17 04:41:04.147489,Dubai-f8b0,-20,24,Normal
2026-02-17 04:41:05.147489,Dubai-f8b0,32,33,Normal
2026-02-17 04:41:06.147489,Dubai-f8b0,-25,21,Normal
2026-02-17 04:41:07.147489,Dubai-f8b0,46,14,Normal
2026-02-17 04:41:08.147489,Dubai-f8b0,-24,66,Normal
2026-02-17 04:41:09.147489,Dubai-f8b0,20,40,Normal
2026-02-17 04:41:10.147489,Dubai-f8b0,25,80,Normal
2026-02-17 04:41:11.147489,Dubai-f8b0,40,89,Normal
2026-02-17 04:41:12.147489,Dubai-f8b0,2,75,Normal
2026-02-17 04:41:13.147489,Dubai-f8b0,-4,92,Normal
2026-02-17 04:41:14.147489,Dubai-f8b0,35,98,Normal
2026-02-17 04:41:15.147489,Dubai-f8b0,11,21,Normal
2026-02-17 04:41:16.147489,Dubai-f8b0,-28,82,Normal
2026-02-17 04:41:17.147489,Dubai-f8b0,0,63,Normal
2026-02-17 04:41:18.147489,Dubai-f8b0,-6,18,Normal
2026-02-17 04:41:19.147489,Dubai-f8b0,46,45,Normal
2026-02-17 04:41:20.147489,Dubai-f8b0,30,5,Normal
2026-02-17 04:41:21.147489,Dubai-f8b0,-8,20,Normal
2026-02-17 04:41:22.147489,Dubai-f8b0,9,4,Normal
2026-02-17 04:41:23.147489,Dubai-f8b0,-11,86,Normal
2026-02-17 04:41:24.147489,Dubai-f8b0,14,27,Normal
2026-02-17 04:41:25.147489,Dubai-f8b0,-23,34,Normal
2026-02-17 04:41:26.147489,Dubai-f8b0,19,78,Normal
2026-02-17 04:41:27.147489,Dubai-f8b0,-6,95,Normal
2026-02-17 04:41:28.147489,Dubai-f8b0,36,89,Normal
2026-02-17 04:41:29.147489,Dubai-f8b0,37,30,Normal
2026-02-17 04:41:30.147489,Dubai-f8b0,-23,12,Normal
2026-02-17 04:41:31.147489,Dubai-f8b0,-26,45,Normal
2026-02-17 04:41:32.147489,Dubai-f8b0,4,5,Normal
2026-02-17 04:41:33.147489,Dubai-f8b0,-1,51,Normal
2026-02-17 04:41:34.147489,Dubai-f8b0,27,3,Normal
2026-02-17 04:41:35.147489,Dubai-f8b0,43,98,Normal
2026-02-17 04:41:36.147489,Dubai-f8b0,16,54,Normal
2026-02-17 04:41:37.147489,Dubai-f8b0,30,41,Normal
2026-02-17 04:41:38.147489,Dubai-f8b0,-23,55,Normal
2026-02-17 04:41:39.147489,Dubai-f8b0,-18,12,Normal
2026-02-17 04:41:40.147489,Dubai-f8b0,-18,71,Normal
2026-02-17 04:41:41.147489,Dubai-f8b0,-25,10,Normal
2026-02-17 04:41:42.147489,Dubai-f8b0,-15,46,Normal
2026-02-17 04:41:43.147489,Dubai-f8b0,8,71,Normal
2026-02-17 04:41:44.147489,Dubai-f8b0,27,74,Normal
2026-02-17 04:41:45.147489,Dubai-f8b0,17,89,Normal
2026-02-17 04:41:46.147489,Dubai-f8b0,26,17,Normal
2026-02-17 04:41:47.147489,Dubai-f8b0,28,18,Normal
2026-02-17 04:41:48.147489,Dubai-f8b0,12,51,Normal
2026-02-17 04:41:49.147489,Dubai-f8b0,31,81,Normal
2026-02-17 04:41:50.147489,Dubai-f8b0,-19,91,Normal
2026-02-17 04:41:51.147489,Dubai-f8b0,30,76,Normal
2026-02-17 04:41:52.147489,Dubai-f8b0,50,25,Normal
2026-02-17 04:41:53.147489,Dubai-f8b0,47,13,Normal
2026-02-17 04:41:54.147489,Dubai-f8b0,-6,6,Normal
2026-02-17 04:41:55.147489,Dubai-f8b0,-22,72,Normal
2026-02-17 04:41:56.147489,Dubai-f8b0,2,14,Normal
2026-02-17 04:41:57.147489,Dubai-f8b0,24,52,Normal
2026-02-17 04:41:58.147489,Dubai-f8b0,-14,51,Normal
2026-02-17 04:41:59.147489,Dubai-f8b0,5,26,Normal
2026-02-17 04:42:00.147489,Dubai-f8b0,18,87,Normal
2026-02-17 04:42:01.147489,Dubai-f8b0,28,7,Normal
2026-02-17 04:42:02.147489,Dubai-f8b0,-30,76,Normal
2026-02-17 04:42:03.147489,Dubai-f8b0,-8,87,Normal
2026-02-17 04:42:04.147489,Dubai-f8b0,13,79,Normal
2026-02-17 04:42:05.147489,Dubai-f8b0,31,85,Normal
2026-02-17 04:42:06.147489,Dubai-f8b0,30,38,Normal
2026-02-17 04:42:07.147489,Dubai-f8b0,31,71,Normal
2026-02-17 04:42:08.147489,Dubai-f8b0,36,85,Normal
2026-02-17 04:42:09.147489,Dubai-f8b0,-21,86,Normal
2026-02-17 04:42:10.147489,Dubai-f8b0,-14,58,Normal
2026-02-17 04:42:11.147489,Dubai-f8b0,-16,30,Normal
2026-02-17 04:42:12.147489,Dubai-f8b0,33,95,Normal
2026-02-17 04:42:13.147489,Dubai-f8b0,-5,49,Normal
2026-02-17 04:42:14.147489,Dubai-f8b0,49,92,Normal
2026-02-17 04:42:15.147489,Dubai-f8b0,31,65,Normal
2026-02-17 04:42:16.147489,Dubai-f8b0,44,84,Normal
2026-02-17 04:42:17.147489,Dubai-f8b0,-22,2,Normal
2026-02-17 04:42:18.147489,Dubai-f8b0,-13,44,Normal
2026-02-17 04:42:19.147489,Dubai-f8b0,27,69,Normal
2026-02-17 04:42:20.147489,Dubai-f8b0,48,53,Normal
2026-02-17 04:42:21.147489,Dubai-f8b0,-9,60,Normal
2026-02-17 04:42:22.147489,Dubai-f8b0,23,62,Normal
2026-02-17 04:42:23.147489,Dubai-f8b0,42,57,Normal
2026-02-17 04:42:24.147489,Dubai-f8b0,-8,63,Normal
2026-02-17 04:42:25.147489,Dubai-f8b0,-10,94,Normal
2026-02-17 04:42:26.147489,Dubai-f8b0,-1,20,Normal
2026-02-17 04:42:27.147489,Dubai-f8b0,-4,74,Normal
2026-02-17 04:42:28.147489,Dubai-f8b0,-29,42,Normal
2026-02-17 04:42:29.147489,Dubai-f8b0,38,93,Normal
2026-02-17 04:42:30.147489,Dubai-f8b0,-14,11,Normal
2026-02-17 04:42:31.147489,Dubai-f8b0,29,83,Normal
2026-02-17 04:42:32.147489,Dubai-f8b0,37,59,Normal
2026-02-17 04:42:33.147489,Dubai-f8b0,-12,5,Normal
2026-02-17 04:42:34.147489,Dubai-f8b0,9,99,Normal
2026-02-17 04:42:35.147489,Dubai-f8b0,30,100,Normal
2026-02-17 04:42:36.147489,Dubai-f8b0,-17,75,Normal
2026-02-17 04:42:37.147489,Dubai-f8b0,44,49,Normal
2026-02-17 04:42:38.147489,Dubai-f8b0,42,50,Normal
2026-02-17 04:42:39.147489,Dubai-f8b0,26,1,Normal
2026-02-17 04:42:40.147489,Dubai-f8b0,25,86,Normal
2026-02-17 04:42:41.147489,Dubai-f8b0,15,33,Normal
2026-02-17 04:42:42.147489,Dubai-f8b0,-17,75,Normal
2026-02-17 04:42:43.147489,Dubai-f8b0,8,5,Normal
2026-02-17 04:42:44.147489,Dubai-f8b0,28,11,Normal
2026-02-17 04:42:45.147489,Dubai-f8b0,2,4,Normal
2026-02-17 04:42:46.147489,Dubai-f8b0,10,7,Normal
2026-02-17 04:42:47.147489,Dubai-f8b0,38,89,Normal
2026-02-17 04:42:48.147489,Dubai-f8b0,44,58,Normal
2026-02-17 04:42:49.147489,Dubai-f8b0,-14,6,Normal
2026-02-17 04:42:50.147489,Dubai-f8b0,18,45,Normal
2026-02-17 04:42:51.147489,Dubai-f8b0,45,80,Normal
2026-02-17 04:42:52.147489,Dubai-f8b0,-1,54,Normal
2026-02-17 04:42:53.147489,Dubai-f8b0,27,47,Normal
2026-02-17 04:42:54.147489,Dubai-f8b0,0,3,Normal
2026-02-17 04:42:55.147489,Dubai-f8b0,-13,63,Normal
2026-02-17 04:42:56.147489,Dubai-f8b0,33,51,Normal
2026-02-17 04:42:57.147489,Dubai-f8b0,47,88,Normal
2026-02-17 04:42:58.147489,Dubai-f8b0,3,71,Normal
2026-02-17 04:42:59.147489,Dubai-f8b0,-23,78,Normal
2026-02-17 04:43:00.147489,Dubai-f8b0,-15,34,Normal
2026-02-17 04:43:01.147489,Dubai-f8b0,20,31,Normal
2026-02-17 04:43:02.147489,Dubai-f8b0,28,60,Normal
2026-02-17 04:43:03.147489,Dubai-f8b0,-19,61,Normal
2026-02-17 04:43:04.147489,Dubai-f8b0,20,78,Normal
2026-02-17 04:43:05.147489,Dubai-f8b0,38,36,Normal
2026-02-17 04:43:06.147489,Dubai-f8b0,-2,13,Normal
2026-02-17 04:43:07.147489,Dubai-f8b0,47,44,Normal
2026-02-17 04:43:08.147489,Dubai-f8b0,-4,89,Normal
2026-02-17 04:43:09.147489,Dubai-f8b0,47,5,Normal
2026-02-17 04:43:10.147489,Dubai-f8b0,-19,65,Normal
2026-02-17 04:43:11.147489,Dubai-f8b0,-15,94,Normal
2026-02-17 04:43:12.147489,Dubai-f8b0,-18,91,Normal
2026-02-17 04:43:13.147489,Dubai-f8b0,29,42,Normal
2026-02-17 04:43:14.147489,Dubai-f8b0,-17,99,Normal
2026-02-17 04:43:15.147489,Dubai-f8b0,-23,11,Normal
2026-02-17 04:43:16.147489,Dubai-f8b0,48,9,Normal
2026-02-17 04:43:17.147489,Dubai-f8b0,-19,27,Normal
2026-02-17 04:43:18.147489,Dubai-f8b0,-30,82,Normal
2026-02-17 04:43:19.147489,Dubai-f8b0,-21,27,Normal
2026-02-17 04:43:20.147489,Dubai-f8b0,10,17,Normal
2026-02-17 04:43:21.147489,Dubai-f8b0,-30,2,Normal
2026-02-17 04:43:22.147489,Dubai-f8b0,38,16,Normal
2026-02-17 04:43:23.147489,Dubai-f8b0,45,75,Normal
2026-02-17 04:43:24.147489,Dubai-f8b0,23,12,Normal
2026-02-17 04:43:25.147489,Dubai-f8b0,24,63,Normal
2026-02-17 04:43:26.147489,Dubai-f8b0,0,53,Normal
2026-02-17 04:43:27.147489,Dubai-f8b0,-6,95,Normal
2026-02-17 04:43:28.147489,Dubai-f8b0,38,46,Normal
2026-02-17 04:43:29.147489,Dubai-f8b0,2,45,Normal
2026-02-17 04:43:30.147489,Dubai-f8b0,20,5,Normal
2026-02-17 04:43:31.147489,Dubai-f8b0,-18,4,Normal
2026-02-17 04:43:32.147489,Dubai-f8b0,-23,96,Normal
2026-02-17 04:43:33.147489,Dubai-f8b0,-27,98,Normal
2026-02-17 04:43:34.147489,Dubai-f8b0,41,83,Normal
2026-02-17 04:43:35.147489,Dubai-f8b0,-26,22,Normal
2026-02-17 04:43:36.147489,Dubai-f8b0,-18,46,Normal
2026-02-17 04:43:37.147489,Dubai-f8b0,-7,62,Normal
2026-02-17 04:43:38.147489,Dubai-f8b0,-27,43,Normal
2026-02-17 04:43:39.147489,Dubai-f8b0,-23,92,Normal
2026-02-17 04:43:40.147489,Dubai-f8b0,11,29,Normal
2026-02-17 04:43:41.147489,Dubai-f8b0,33,98,Normal
2026-02-17 04:43:42.147489,Dubai-f8b0,33,46,Normal
2026-02-17 04:43:43.147489,Dubai-f8b0,7,41,Normal
2026-02-17 04:43:44.147489,Dubai-f8b0,49,4,Normal
2026-02-17 04:43:45.147489,Dubai-f8b0,37,82,Normal
2026-02-17 04:43:46.147489,Dubai-f8b0,40,96,Normal
2026-02-17 04:43:47.147489,Dubai-f8b0,-7,94,Normal
2026-02-17 04:43:48.147489,Dubai-f8b0,-26,68,Normal
2026-02-17 04:43:49.147489,Dubai-f8b0,-9,20,Normal
2026-02-17 04:43:50.147489,Dubai-f8b0,29,93,Normal
2026-02-17 04:43:51.147489,Dubai-f8b0,38,91,Normal
2026-02-17 04:43:52.147489,Dubai-f8b0,14,84,Normal
2026-02-17 04:43:53.147489,Dubai-f8b0,22,53,Normal
2026-02-17 04:43:54.147489,Dubai-f8b0,-21,86,Normal
2026-02-17 04:43:55.147489,Dubai-f8b0,48,26,Normal
2026-02-17 04:43:56.147489,Dubai-f8b0,50,72,Normal
2026-02-17 04:43:57.147489,Dubai-f8b0,20,60,Normal
2026-02-17 04:43:58.147489,Dubai-f8b0,8,84,Normal
2026-02-17 04:43:59.147489,Dubai-f8b0,16,61,Normal
2026-02-17 04:44:00.147489,Dubai-f8b0,-9,84,Normal
2026-02-17 04:44:01.147489,Dubai-f8b0,-27,41,Normal
2026-02-17 04:44:02.147489,Dubai-f8b0,-29,64,Normal
2026-02-17 04:44:03.147489,Dubai-f8b0,-28,94,Normal
2026-02-17 04:44:04.147489,Dubai-f8b0,46,28,Normal
2026-02-17 04:44:05.147489,Dubai-f8b0,-22,74,Normal
2026-02-17 04:44:06.147489,Dubai-f8b0,40,16,Normal
2026-02-17 04:44:07.147489,Dubai-f8b0,-19,95,Normal
2026-02-17 04:44:08.147489,Dubai-f8b0,6,20,Normal
2026-02-17 04:44:09.147489,Dubai-f8b0,-21,24,Normal
2026-02-17 04:44:10.147489,Dubai-f8b0,-11,1,Normal
2026-02-17 04:44:11.147489,Dubai-f8b0,-4,13,Normal
2026-02-17 04:44:12.147489,Dubai-f8b0,-19,36,Normal
2026-02-17 04:44:13.147489,Dubai-f8b0,19,18,Normal
2026-02-17 04:44:14.147489,Dubai-f8b0,19,46,Normal
2026-02-17 04:44:15.147489,Dubai-f8b0,49,72,Normal
2026-02-17 04:44:16.147489,Dubai-f8b0,15,49,Normal
2026-02-17 04:44:17.147489,Dubai-f8b0,26,46,Normal
2026-02-17 04:44:18.147489,Dubai-f8b0,-19,49,Normal
2026-02-17 04:44:19.147489,Dubai-f8b0,23,72,Normal
2026-02-17 04:44:20.147489,Dubai-f8b0,-25,69,Normal
2026-02-17 04:44:21.147489,Dubai-f8b0,-20,36,Normal
2026-02-17 04:44:22.147489,Dubai-f8b0,31,12,Normal
2026-02-17 04:44:23.147489,Dubai-f8b0,21,24,Normal
2026-02-17 04:44:24.147489,Dubai-f8b0,-2,7,Normal
2026-02-17 04:44:25.147489,Dubai-f8b0,46,0,Normal
2026-02-17 04:44:26.147489,Dubai-f8b0,-10,22,Normal
2026-02-17 04:44:27.147489,Dubai-f8b0,-16,72,Normal
2026-02-17 04:44:28.147489,Dubai-f8b0,-28,15,Normal
2026-02-17 04:44:29.147489,Dubai-f8b0,38,16,Normal
2026-02-17 04:44:30.147489,Dubai-f8b0,42,76,Normal
2026-02-17 04:44:31.147489,Dubai-f8b0,-30,78,Normal
2026-02-17 04:44:32.147489,Dubai-f8b0,33,17,Normal
2026-02-17 04:44:33.147489,Dubai-f8b0,36,0,Normal
2026-02-17 04:44:34.147489,Dubai-f8b0,-20,78,Normal
2026-02-17 04:44:35.147489,Dubai-f8b0,19,62,Normal
2026-02-17 04:44:36.147489,Dubai-f8b0,-17,66,Normal
2026-02-17 04:44:37.147489,Dubai-f8b0,24,28,Normal
2026-02-17 04:44:38.147489,Dubai-f8b0,3,99,Normal
2026-02-17 04:44:39.147489,Dubai-f8b0,11,2,Normal
2026-02-17 04:44:40.147489,Dubai-f8b0,44,31,Normal
2026-02-17 04:44:41.147489,Dubai-f8b0,-22,70,Normal
2026-02-17 04:44:42.147489,Dubai-f8b0,50,76,Normal
2026-02-17 04:44:43.147489,Dubai-f8b0,31,94,Normal
2026-02-17 04:44:44.147489,Dubai-f8b0,1,7,Normal
2026-02-17 04:44:45.147489,Dubai-f8b0,37,88,Normal
2026-02-17 04:44:46.147489,Dubai-f8b0,50,21,Normal
2026-02-17 04:44:47.147489,Dubai-f8b0,-24,18,Normal
2026-02-17 04:44:48.147489,Dubai-f8b0,-14,20,Normal
2026-02-17 04:44:49.147489,Dubai-f8b0,39,10,Normal
2026-02-17 04:44:50.147489,Dubai-f8b0,-7,22,Normal
2026-02-17 04:44:51.147489,Dubai-f8b0,25,60,Normal
2026-02-17 04:44:52.147489,Dubai-f8b0,25,69,Normal
2026-02-17 04:44:53.147489,Dubai-f8b0,42,37,Normal
2026-02-17 04:44:54.147489,Dubai-f8b0,-11,87,Normal
2026-02-17 04:44:55.147489,Dubai-f8b0,19,95,Normal
2026-02-17 04:44:56.147489,Dubai-f8b0,47,68,Normal
2026-02-17 04:44:57.147489,Dubai-f8b0,-11,38,Normal
2026-02-17 04:44:58.147489,Dubai-f8b0,-25,91,Normal
2026-02-17 04:44:59.147489,Dubai-f8b0,-2,53,Normal
2026-02-17 04:45:00.147489,Dubai-f8b0,38,92,Normal
2026-02-17 04:45:01.147489,Dubai-f8b0,-3,66,Normal
2026-02-17 04:45:02.147489,Dubai-f8b0,-18,17,Normal
2026-02-17 04:45:03.147489,Dubai-f8b0,-23,93,Normal
2026-02-17 04:45:04.147489,Dubai-f8b0,-7,46,Normal
2026-02-17 04:45:05.147489,Dubai-f8b0,-14,15,Normal
2026-02-17 04:45:06.147489,Dubai-f8b0,34,74,Normal
2026-02-17 04:45:07.147489,Dubai-f8b0,15,78,Normal
2026-02-17 04:45:08.147489,Dubai-f8b0,44,74,Normal
2026-02-17 04:45:09.147489,Dubai-f8b0,-25,94,Normal
2026-02-17 04:45:10.147489,Dubai-f8b0,-7,88,Normal
2026-02-17 04:45:11.147489,Dubai-f8b0,27,38,Normal
2026-02-17 04:45:12.147489,Dubai-f8b0,-11,6,Normal
2026-02-17 04:45:13.147489,Dubai-f8b0,46,22,Normal
2026-02-17 04:45:14.147489,Dubai-f8b0,-15,12,Normal
2026-02-17 04:45:15.147489,Dubai-f8b0,39,11,Normal
2026-02-17 04:45:16.147489,Dubai-f8b0,24,70,Normal
2026-02-17 04:45:17.147489,Dubai-f8b0,-27,50,Normal
2026-02-17 04:45:18.147489,Dubai-f8b0,17,73,Normal
2026-02-17 04:45:19.147489,Dubai-f8b0,-29,57,Normal
2026-02-17 04:45:20.147489,Dubai-f8b0,-1,78,Normal
2026-02-17 04:45:21.147489,Dubai-f8b0,7,24,Normal
2026-02-17 04:45:22.147489,Dubai-f8b0,38,47,Normal
2026-02-17 04:45:23.147489,Dubai-f8b0,-12,53,Normal
2026-02-17 04:45:24.147489,Dubai-f8b0,-11,76,Normal
2026-02-17 04:45:25.147489,Dubai-f8b0,8,76,Normal
2026-02-17 04:45:26.147489,Dubai-f8b0,21,38,Normal
2026-02-17 04:45:27.147489,Dubai-f8b0,35,89,Normal
2026-02-17 04:45:28.147489,Dubai-f8b0,-28,99,Normal
2026-02-17 04:45:29.147489,Dubai-f8b0,49,22,Normal
2026-02-17 04:45:30.147489,Dubai-f8b0,29,70,Normal
2026-02-17 04:45:31.147489,Dubai-f8b0,44,23,Normal
2026-02-17 04:45:32.147489,Dubai-f8b0,29,73,Normal
2026-02-17 04:45:33.147489,Dubai-f8b0,-28,93,Normal
2026-02-17 04:45:34.147489,Dubai-f8b0,50,100,Normal
2026-02-17 04:45:35.147489,Dubai-f8b0,9,14,Normal
2026-02-17 04:45:36.147489,Dubai-f8b0,-18,20,Normal
2026-02-17 04:45:37.147489,Dubai-f8b0,-15,22,Normal
2026-02-17 04:45:38.147489,Dubai-f8b0,-4,20,Normal
2026-02-17 04:45:39.147489,Dubai-f8b0,6,91,Normal
2026-02-17 04:45:40.147489,Dubai-f8b0,-18,82,Normal
2026-02-17 04:45:41.147489,Dubai-f8b0,39,25,Normal
2026-02-17 04:45:42.147489,Dubai-f8b0,-10,8,Normal
2026-02-17 04:45:43.147489,Dubai-f8b0,50,11,Normal
2026-02-17 04:45:44.147489,Dubai-f8b0,44,64,Normal
2026-02-17 04:45:45.147489,Dubai-f8b0,-4,42,Normal
2026-02-17 04:45:46.147489,Dubai-f8b0,36,17,Normal
2026-02-17 04:45:47.147489,Dubai-f8b0,7,63,Normal
2026-02-17 04:45:48.147489,Dubai-f8b0,29,34,Normal
2026-02-17 04:45:49.147489,Dubai-f8b0,33,9,Normal
2026-02-17 04:45:50.147489,Dubai-f8b0,20,39,Normal
2026-02-17 04:45:51.147489,Dubai-f8b0,-17,10,Normal
2026-02-17 04:45:52.147489,Dubai-f8b0,22,66,Normal
2026-02-17 04:45:53.147489,Dubai-f8b0,0,4,Normal
2026-02-17 04:45:54.147489,Dubai-f8b0,10,37,Normal
2026-02-17 04:45:55.147489,Dubai-f8b0,-3,45,Normal
2026-02-17 04:45:56.147489,Dubai-f8b0,34,14,Normal
2026-02-17 04:45:57.147489,Dubai-f8b0,45,69,Normal
2026-02-17 04:45:58.147489,Dubai-f8b0,-11,64,Normal
2026-02-17 04:45:59.147489,Dubai-f8b0,18,97,Normal
2026-02-17 04:46:00.147489,Dubai-f8b0,-10,26,Normal
2026-02-17 04:46:01.147489,Dubai-f8b0,3,34,Normal
2026-02-17 04:46:02.147489,Dubai-f8b0,46,88,Normal
2026-02-17 04:46:03.147489,Dubai-f8b0,18,17,Normal
2026-02-17 04:46:04.147489,Dubai-f8b0,32,27,Normal
2026-02-17 04:46:05.147489,Dubai-f8b0,22,9,Normal
2026-02-17 04:46:06.147489,Dubai-f8b0,36,67,Normal
2026-02-17 04:46:07.147489,Dubai-f8b0,-4,87,Normal
2026-02-17 04:46:08.147489,Dubai-f8b0,-17,9,Normal
2026-02-17 04:46:09.147489,Dubai-f8b0,5,69,Normal
2026-02-17 04:46:10.147489,Dubai-f8b0,37,81,Normal
2026-02-17 04:46:11.147489,Dubai-f8b0,25,21,Normal
2026-02-17 04:46:12.147489,Dubai-f8b0,17,44,Normal
2026-02-17 04:46:13.147489,Dubai-f8b0,-18,53,Normal
2026-02-17 04:46:14.147489,Dubai-f8b0,-19,83,Normal
2026-02-17 04:46:15.147489,Dubai-f8b0,24,44,Normal
2026-02-17 04:46:16.147489,Dubai-f8b0,-29,72,Normal
2026-02-17 04:46:17.147489,Dubai-f8b0,18,58,Normal
2026-02-17 04:46:18.147489,Dubai-f8b0,38,18,Normal
2026-02-17 04:46:19.147489,Dubai-f8b0,-24,77,Normal
2026-02-17 04:46:20.147489,Dubai-f8b0,1,15,Normal
2026-02-17 04:46:21.147489,Dubai-f8b0,-6,54,Normal
2026-02-17 04:46:22.147489,Dubai-f8b0,-17,97,Normal
2026-02-17 04:46:23.147489,Dubai-f8b0,-26,98,Normal
2026-02-17 04:46:24.147489,Dubai-f8b0,-30,34,Normal
2026-02-17 04:46:25.147489,Dubai-f8b0,21,85,Normal
2026-02-17 04:46:26.147489,Dubai-f8b0,-18,16,Normal
2026-02-17 04:46:27.147489,Dubai-f8b0,9,63,Normal
2026-02-17 04:46:28.147489,Dubai-f8b0,8,56,Normal
2026-02-17 04:46:29.147489,Dubai-f8b0,35,61,Normal
2026-02-17 04:46:30.147489,Dubai-f8b0,-18,43,Normal
2026-02-17 04:46:31.147489,Dubai-f8b0,29,56,Normal
2026-02-17 04:46:32.147489,Dubai-f8b0,46,88,Normal
2026-02-17 04:46:33.147489,Dubai-f8b0,15,49,Normal
2026-02-17 04:46:34.147489,Dubai-f8b0,37,47,Normal
2026-02-17 04:46:35.147489,Dubai-f8b0,-4,91,Normal
2026-02-17 04:46:36.147489,Dubai-f8b0,17,90,Normal
2026-02-17 04:46:37.147489,Dubai-f8b0,-29,40,Normal
2026-02-17 04:46:38.147489,Dubai-f8b0,-8,51,Normal
2026-02-17 04:46:39.147489,Dubai-f8b0,2,80,Normal
2026-02-17 04:46:40.147489,Dubai-f8b0,-12,79,Normal
2026-02-17 04:46:41.147489,Dubai-f8b0,34,15,Normal
2026-02-17 04:46:42.147489,Dubai-f8b0,17,51,Normal
2026-02-17 04:46:43.147489,Dubai-f8b0,-24,99,Normal
2026-02-17 04:46:44.147489,Dubai-f8b0,-5,0,Normal
2026-02-17 04:46:45.147489,Dubai-f8b0,6,25,Normal
2026-02-17 04:46:46.147489,Dubai-f8b0,-29,85,Normal
2026-02-17 04:46:47.147489,Dubai-f8b0,2,13,Normal
2026-02-17 04:46:48.147489,Dubai-f8b0,50,8,Normal
2026-02-17 04:46:49.147489,Dubai-f8b0,-6,99,Normal
2026-02-17 04:46:50.147489,Dubai-f8b0,-5,23,Normal
2026-02-17 04:46:51.147489,Dubai-f8b0,-27,97,Normal
2026-02-17 04:46:52.147489,Dubai-f8b0,3,42,Normal
2026-02-17 04:46:53.147489,Dubai-f8b0,48,83,Normal
2026-02-17 04:46:54.147489,Dubai-f8b0,-20,36,Normal
2026-02-17 04:46:55.147489,Dubai-f8b0,33,11,Normal
2026-02-17 04:46:56.147489,Dubai-f8b0,-2,81,Normal
2026-02-17 04:46:57.147489,Dubai-f8b0,-16,41,Normal
2026-02-17 04:46:58.147489,Dubai-f8b0,-9,41,Normal
2026-02-17 04:46:59.147489,Dubai-f8b0,42,1,Normal
2026-02-17 04:47:00.147489,Dubai-f8b0,-4,16,Normal
2026-02-17 04:47:01.147489,Dubai-f8b0,-28,76,Normal
2026-02-17 04:47:02.147489,Dubai-f8b0,-10,65,Normal
2026-02-17 04:47:03.147489,Dubai-f8b0,20,2,Normal
2026-02-17 04:47:04.147489,Dubai-f8b0,19,85,Normal
2026-02-17 04:47:05.147489,Dubai-f8b0,-28,83,Normal
2026-02-17 04:47:06.147489,Dubai-f8b0,19,73,Normal
2026-02-17 04:47:07.147489,Dubai-f8b0,-4,71,Normal
2026-02-17 04:47:08.147489,Dubai-f8b0,15,24,Normal
2026-02-17 04:47:09.147489,Dubai-f8b0,-12,70,Normal
2026-02-17 04:47:10.147489,Dubai-f8b0,15,24,Normal
2026-02-17 04:47:11.147489,Dubai-f8b0,44,49,Normal
2026-02-17 04:47:12.147489,Dubai-f8b0,21,28,Normal
2026-02-17 04:47:13.147489,Dubai-f8b0,-23,32,Normal
2026-02-17 04:47:14.147489,Dubai-f8b0,-23,69,Normal
2026-02-17 04:47:15.147489,Dubai-f8b0,-7,62,Normal
2026-02-17 04:47:16.147489,Dubai-f8b0,-28,64,Normal
2026-02-17 04:47:17.147489,Dubai-f8b0,46,64,Normal
2026-02-17 04:47:18.147489,Dubai-f8b0,18,73,Normal
2026-02-17 04:47:19.147489,Dubai-f8b0,-2,90,Normal
2026-02-17 04:47:20.147489,Dubai-f8b0,-15,19,Normal
2026-02-17 04:47:21.147489,Dubai-f8b0,25,12,Normal
2026-02-17 04:47:22.147489,Dubai-f8b0,2,97,Normal
2026-02-17 04:47:23.147489,Dubai-f8b0,2,47,Normal
2026-02-17 04:47:24.147489,Dubai-f8b0,35,4,Normal
2026-02-17 04:47:25.147489,Dubai-f8b0,7,14,Normal
2026-02-17 04:47:26.147489,Dubai-f8b0,47,33,Normal
2026-02-17 04:47:27.147489,Dubai-f8b0,35,19,Normal
2026-02-17 04:47:28.147489,Dubai-f8b0,25,95,Normal
2026-02-17 04:47:29.147489,Dubai-f8b0,-9,14,Normal
2026-02-17 04:47:30.147489,Dubai-f8b0,-16,26,Normal
2026-02-17 04:47:31.147489,Dubai-f8b0,9,53,Normal
2026-02-17 04:47:32.147489,Dubai-f8b0,0,94,Normal
2026-02-17 04:47:33.147489,Dubai-f8b0,-18,55,Normal
2026-02-17 04:47:34.147489,Dubai-f8b0,-23,66,Normal
2026-02-17 04:47:35.147489,Dubai-f8b0,49,63,Normal
2026-02-17 04:47:36.147489,Dubai-f8b0,-2,80,Normal
2026-02-17 04:47:37.147489,Dubai-f8b0,-19,81,Normal
2026-02-17 04:47:38.147489,Dubai-f8b0,25,5,Normal
2026-02-17 04:47:39.147489,Dubai-f8b0,-30,20,Normal
2026-02-17 04:47:40.147489,Dubai-f8b0,3,89,Normal
2026-02-17 04:47:41.147489,Dubai-f8b0,26,1,Normal
2026-02-17 04:47:42.147489,Dubai-f8b0,-29,62,Normal
2026-02-17 04:47:43.147489,Dubai-f8b0,15,88,Normal
2026-02-17 04:47:44.147489,Dubai-f8b0,-28,14,Normal
2026-02-17 04:47:45.147489,Dubai-f8b0,-19,97,Normal
2026-02-17 04:47:46.147489,Dubai-f8b0,14,46,Normal
2026-02-17 04:47:47.147489,Dubai-f8b0,-3,94,Normal
2026-02-17 04:47:48.147489,Dubai-f8b0,13,88,Normal
2026-02-17 04:47:49.147489,Dubai-f8b0,25,36,Normal
2026-02-17 04:47:50.147489,Dubai-f8b0,0,1,Normal
2026-02-17 04:47:51.147489,Dubai-f8b0,7,90,Normal
2026-02-17 04:47:52.147489,Dubai-f8b0,13,86,Normal
2026-02-17 04:47:53.147489,Dubai-f8b0,-10,55,Normal
2026-02-17 04:47:54.147489,Dubai-f8b0,-8,98,Normal
2026-02-17 04:47:55.147489,Dubai-f8b0,-30,53,Normal
2026-02-17 04:47:56.147489,Dubai-f8b0,23,72,Normal
2026-02-17 04:47:57.147489,Dubai-f8b0,10,76,Normal
2026-02-17 04:47:58.147489,Dubai-f8b0,16,23,Normal
2026-02-17 04:47:59.147489,Dubai-f8b0,-15,74,Normal
2026-02-17 04:48:00.147489,Dubai-f8b0,28,49,Normal
2026-02-17 04:48:01.147489,Dubai-f8b0,38,71,Normal
2026-02-17 04:48:02.147489,Dubai-f8b0,0,76,Normal
2026-02-17 04:48:03.147489,Dubai-f8b0,-20,79,Normal
2026-02-17 04:48:04.147489,Dubai-f8b0,16,73,Normal
2026-02-17 04:48:05.147489,Dubai-f8b0,37,13,Normal
2026-02-17 04:48:06.147489,Dubai-f8b0,-29,30,Normal
2026-02-17 04:48:07.147489,Dubai-f8b0,48,76,Normal
2026-02-17 04:48:08.147489,Dubai-f8b0,13,67,Normal
2026-02-17 04:48:09.147489,Dubai-f8b0,12,7,Normal
2026-02-17 04:48:10.147489,Dubai-f8b0,6,87,Normal
2026-02-17 04:48:11.147489,Dubai-f8b0,27,19,Normal
2026-02-17 04:48:12.147489,Dubai-f8b0,-6,100,Normal
2026-02-17 04:48:13.147489,Dubai-f8b0,31,62,Normal
2026-02-17 04:48:14.147489,Dubai-f8b0,46,48,Normal
2026-02-17 04:48:15.147489,Dubai-f8b0,39,49,Normal
2026-02-17 04:48:16.147489,Dubai-f8b0,30,90,Normal
2026-02-17 04:48:17.147489,Dubai-f8b0,30,8,Normal
2026-02-17 04:48:18.147489,Dubai-f8b0,14,63,Normal
2026-02-17 04:48:19.147489,Dubai-f8b0,-5,2,Normal
2026-02-17 04:48:20.147489,Dubai-f8b0,44,21,Normal
2026-02-17 04:48:21.147489,Dubai-f8b0,-9,39,Normal
2026-02-17 04:48:22.147489,Dubai-f8b0,-5,39,Normal
2026-02-17 04:48:23.147489,Dubai-f8b0,-11,25,Normal
2026-02-17 04:48:24.147489,Dubai-f8b0,24,80,Normal
2026-02-17 04:48:25.147489,Dubai-f8b0,23,73,Normal
2026-02-17 04:48:26.147489,Dubai-f8b0,-22,83,Normal
2026-02-17 04:48:27.147489,Dubai-f8b0,-7,78,Normal
2026-02-17 04:48:28.147489,Dubai-f8b0,2,41,Normal
2026-02-17 04:48:29.147489,Dubai-f8b0,50,58,Normal
2026-02-17 04:48:30.147489,Dubai-f8b0,-22,71,Normal
2026-02-17 04:48:31.147489,Dubai-f8b0,38,65,Normal
2026-02-17 04:48:32.147489,Dubai-f8b0,8,37,Normal
2026-02-17 04:48:33.147489,Dubai-f8b0,28,2,Normal
2026-02-17 04:48:34.147489,Dubai-f8b0,23,7,Normal
2026-02-17 04:48:35.147489,Dubai-f8b0,-19,74,Normal
2026-02-17 04:48:36.147489,Dubai-f8b0,46,38,Normal
2026-02-17 04:48:37.147489,Dubai-f8b0,-6,78,Normal
2026-02-17 04:48:38.147489,Dubai-f8b0,-7,15,Normal
2026-02-17 04:48:39.147489,Dubai-f8b0,-5,66,Normal
2026-02-17 04:48:40.147489,Dubai-f8b0,40,17,Normal
2026-02-17 04:48:41.147489,Dubai-f8b0,-2,69,Normal
2026-02-17 04:48:42.147489,Dubai-f8b0,44,27,Normal
2026-02-17 04:48:43.147489,Dubai-f8b0,-11,97,Normal
2026-02-17 04:48:44.147489,Dubai-f8b0,0,43,Normal
2026-02-17 04:48:45.147489,Dubai-f8b0,-30,20,Normal
2026-02-17 04:48:46.147489,Dubai-f8b0,-16,34,Normal
2026-02-17 04:48:47.147489,Dubai-f8b0,-13,82,Normal
2026-02-17 04:48:48.147489,Dubai-f8b0,7,97,Normal
2026-02-17 04:48:49.147489,Dubai-f8b0,-26,8,Normal
2026-02-17 04:48:50.147489,Dubai-f8b0,-14,42,Normal
2026-02-17 04:48:51.147489,Dubai-f8b0,-5,61,Normal
2026-02-17 04:48:52.147489,Dubai-f8b0,42,33,Normal
2026-02-17 04:48:53.147489,Dubai-f8b0,5,73,Normal
2026-02-17 04:48:54.147489,Dubai-f8b0,-23,53,Normal
2026-02-17 04:48:55.147489,Dubai-f8b0,10,76,Normal
2026-02-17 04:48:56.147489,Dubai-f8b0,-16,21,Normal
2026-02-17 04:48:57.147489,Dubai-f8b0,27,91,Normal
2026-02-17 04:48:58.147489,Dubai-f8b0,29,69,Normal
2026-02-17 04:48:59.147489,Dubai-f8b0,32,39,Normal
2026-02-17 04:49:00.147489,Dubai-f8b0,35,88,Normal
2026-02-17 04:49:01.147489,Dubai-f8b0,-8,18,Normal
2026-02-17 04:49:02.147489,Dubai-f8b0,32,49,Normal
2026-02-17 04:49:03.147489,Dubai-f8b0,5,42,Normal
2026-02-17 04:49:04.147489,Dubai-f8b0,12,19,Normal
2026-02-17 04:49:05.147489,Dubai-f8b0,-16,34,Normal
2026-02-17 04:49:06.147489,Dubai-f8b0,6,57,Normal
2026-02-17 04:49:07.147489,Dubai-f8b0,41,49,Normal
2026-02-17 04:49:08.147489,Dubai-f8b0,-30,12,Normal
2026-02-17 04:49:09.147489,Dubai-f8b0,-28,99,Normal
2026-02-17 04:49:10.147489,Dubai-f8b0,49,90,Normal
2026-02-17 04:49:11.147489,Dubai-f8b0,-1,87,Normal
2026-02-17 04:49:12.147489,Dubai-f8b0,-6,54,Normal
2026-02-17 04:49:13.147489,Dubai-f8b0,-1,96,Normal
2026-02-17 04:49:14.147489,Dubai-f8b0,41,43,Normal
2026-02-17 04:49:15.147489,Dubai-f8b0,12,70,Normal
2026-02-17 04:49:16.147489,Dubai-f8b0,13,55,Normal
2026-02-17 04:49:17.147489,Dubai-f8b0,-4,60,Normal
2026-02-17 04:49:18.147489,Dubai-f8b0,20,81,Normal
2026-02-17 04:49:19.147489,Dubai-f8b0,39,96,Normal
2026-02-17 04:49:20.147489,Dubai-f8b0,-25,81,Normal
2026-02-17 04:49:21.147489,Dubai-f8b0,-30,76,Normal
2026-02-17 04:49:22.147489,Dubai-f8b0,-10,63,Normal
2026-02-17 04:49:23.147489,Dubai-f8b0,23,16,Normal
2026-02-17 04:49:24.147489,Dubai-f8b0,32,21,Normal
2026-02-17 04:49:25.147489,Dubai-f8b0,-5,87,Normal
2026-02-17 04:49:26.147489,Dubai-f8b0,-27,83,Normal
2026-02-17 04:49:27.147489,Dubai-f8b0,-16,50,Normal
2026-02-17 04:49:28.147489,Dubai-f8b0,-12,20,Normal
2026-02-17 04:49:29.147489,Dubai-f8b0,45,19,Normal
2026-02-17 04:49:30.147489,Dubai-f8b0,43,38,Normal
2026-02-17 04:49:31.147489,Dubai-f8b0,39,24,Normal
2026-02-17 04:49:32.147489,Dubai-f8b0,-14,93,Normal
2026-02-17 04:49:33.147489,Dubai-f8b0,49,66,Normal
2026-02-17 04:49:34.147489,Dubai-f8b0,-18,34,Normal
2026-02-17 04:49:35.147489,Dubai-f8b0,-6,55,Normal
2026-02-17 04:49:36.147489,Dubai-f8b0,30,22,Normal
2026-02-17 04:49:37.147489,Dubai-f8b0,-17,22,Normal
2026-02-17 04:49:38.147489,Dubai-f8b0,-11,68,Normal
2026-02-17 04:49:39.147489,Dubai-f8b0,16,67,Normal
2026-02-17 04:49:40.147489,Dubai-f8b0,43,45,Normal
2026-02-17 04:49:41.147489,Dubai-f8b0,-4,58,Normal
2026-02-17 04:49:42.147489,Dubai-f8b0,-18,6,Normal
2026-02-17 04:49:43.147489,Dubai-f8b0,1,39,Normal
2026-02-17 04:49:44.147489,Dubai-f8b0,41,40,Normal
2026-02-17 04:49:45.147489,Dubai-f8b0,-15,80,Normal
2026-02-17 04:49:46.147489,Dubai-f8b0,12,7,Normal
2026-02-17 04:49:47.147489,Dubai-f8b0,16,93,Normal
2026-02-17 04:49:48.147489,Dubai-f8b0,34,77,Normal
2026-02-17 04:49:49.147489,Dubai-f8b0,13,31,Normal
2026-02-17 04:49:50.147489,Dubai-f8b0,37,63,Normal
2026-02-17 04:49:51.147489,Dubai-f8b0,15,21,Normal
2026-02-17 04:49:52.147489,Dubai-f8b0,25,5,Normal
2026-02-17 04:49:53.147489,Dubai-f8b0,-20,90,Normal
2026-02-17 04:49:54.147489,Dubai-f8b0,25,78,Normal
2026-02-17 04:49:55.147489,Dubai-f8b0,36,68,Normal
2026-02-17 04:49:56.147489,Dubai-f8b0,40,66,Normal
2026-02-17 04:49:57.147489,Dubai-f8b0,-1,23,Normal
2026-02-17 04:49:58.147489,Dubai-f8b0,34,20,Normal
2026-02-17 04:49:59.147489,Dubai-f8b0,17,51,Normal
2026-02-17 04:50:00.147489,Dubai-f8b0,-6,82,Normal
2026-02-17 04:50:01.147489,Dubai-f8b0,-24,18,Normal
2026-02-17 04:50:02.147489,Dubai-f8b0,44,37,Normal
2026-02-17 04:50:03.147489,Dubai-f8b0,21,11,Normal
2026-02-17 04:50:04.147489,Dubai-f8b0,5,42,Normal
2026-02-17 04:50:05.147489,Dubai-f8b0,10,1,Normal
2026-02-17 04:50:06.147489,Dubai-f8b0,4,67,Normal
2026-02-17 04:50:07.147489,Dubai-f8b0,11,60,Normal
2026-02-17 04:50:08.147489,Dubai-f8b0,40,31,Normal
2026-02-17 04:50:09.147489,Dubai-f8b0,34,10,Normal
2026-02-17 04:50:10.147489,Dubai-f8b0,-2,67,Normal
2026-02-17 04:50:11.147489,Dubai-f8b0,44,62,Normal
2026-02-17 04:50:12.147489,Dubai-f8b0,-28,25,Normal
2026-02-17 04:50:13.147489,Dubai-f8b0,44,30,Normal
2026-02-17 04:50:14.147489,Dubai-f8b0,11,3,Normal
2026-02-17 04:50:15.147489,Dubai-f8b0,28,2,Normal
2026-02-17 04:50:16.147489,Dubai-f8b0,34,17,Normal
2026-02-17 04:50:17.147489,Dubai-f8b0,46,6,Normal
2026-02-17 04:50:18.147489,Dubai-f8b0,-26,8,Normal
2026-02-17 04:50:19.147489,Dubai-f8b0,-27,88,Normal
2026-02-17 04:50:20.147489,Dubai-f8b0,16,22,Normal
2026-02-17 04:50:21.147489,Dubai-f8b0,18,56,Normal
2026-02-17 04:50:22.147489,Dubai-f8b0,44,100,Normal
2026-02-17 04:50:23.147489,Dubai-f8b0,19,37,Normal
2026-02-17 04:50:24.147489,Dubai-f8b0,36,10,Normal
2026-02-17 04:50:25.147489,Dubai-f8b0,32,82,Normal
2026-02-17 04:50:26.147489,Dubai-f8b0,6,59,Normal
2026-02-17 04:50:27.147489,Dubai-f8b0,-26,8,Normal
2026-02-17 04:50:28.147489,Dubai-f8b0,-14,15,Normal
2026-02-17 04:50:29.147489,Dubai-f8b0,-20,61,Normal
2026-02-17 04:50:30.147489,Dubai-f8b0,33,49,Normal
2026-02-17 04:50:31.147489,Dubai-f8b0,37,99,Normal
2026-02-17 04:50:32.147489,Dubai-f8b0,29,87,Normal
2026-02-17 04:50:33.147489,Dubai-f8b0,44,39,Normal
2026-02-17 04:50:34.147489,Dubai-f8b0,3,31,Normal
2026-02-17 04:50:35.147489,Dubai-f8b0,-17,19,Normal
2026-02-17 04:50:36.147489,Dubai-f8b0,34,19,Normal
2026-02-17 04:50:37.147489,Dubai-f8b0,-27,48,Normal
2026-02-17 04:50:38.147489,Dubai-f8b0,5,69,Normal
2026-02-17 04:50:39.147489,Dubai-f8b0,42,30,Normal
2026-02-17 04:50:40.147489,Dubai-f8b0,-29,96,Normal
2026-02-17 04:50:41.147489,Dubai-f8b0,5,51,Normal
2026-02-17 04:50:42.147489,Dubai-f8b0,-28,55,Normal
2026-02-17 04:50:43.147489,Dubai-f8b0,-10,92,Normal
2026-02-17 04:50:44.147489,Dubai-f8b0,45,54,Normal
2026-02-17 04:50:45.147489,Dubai-f8b0,19,7,Normal
2026-02-17 04:50:46.147489,Dubai-f8b0,-19,49,Normal
2026-02-17 04:50:47.147489,Dubai-f8b0,14,94,Normal
2026-02-17 04:50:48.147489,Dubai-f8b0,17,11,Normal
2026-02-17 04:50:49.147489,Dubai-f8b0,10,79,Normal
2026-02-17 04:50:50.147489,Dubai-f8b0,-22,57,Normal
2026-02-17 04:50:51.147489,Dubai-f8b0,22,72,Normal
2026-02-17 04:50:52.147489,Dubai-f8b0,25,27,Normal
2026-02-17 04:50:53.147489,Dubai-f8b0,30,83,Normal
2026-02-17 04:50:54.147489,Dubai-f8b0,-17,9,Normal
2026-02-17 04:50:55.147489,Dubai-f8b0,25,95,Normal
2026-02-17 04:50:56.147489,Dubai-f8b0,6,10,Normal
2026-02-17 04:50:57.147489,Dubai-f8b0,8,38,Normal
2026-02-17 04:50:58.147489,Dubai-f8b0,32,56,Normal
2026-02-17 04:50:59.147489,Dubai-f8b0,-14,11,Normal
2026-02-17 04:51:00.147489,Dubai-f8b0,-10,75,Normal
2026-02-17 04:51:01.147489,Dubai-f8b0,20,29,Normal
2026-02-17 04:51:02.147489,Dubai-f8b0,48,98,Normal
2026-02-17 04:51:03.147489,Dubai-f8b0,18,5,Normal
2026-02-17 04:51:04.147489,Dubai-f8b0,-18,92,Normal
2026-02-17 04:51:05.147489,Dubai-f8b0,-3,91,Normal
2026-02-17 04:51:06.147489,Dubai-f8b0,8,40,Normal
2026-02-17 04:51:07.147489,Dubai-f8b0,41,40,Normal
2026-02-17 04:51:08.147489,Dubai-f8b0,20,26,Normal
2026-02-17 04:51:09.147489,Dubai-f8b0,50,77,Normal
2026-02-17 04:51:10.147489,Dubai-f8b0,17,81,Normal
2026-02-17 04:51:11.147489,Dubai-f8b0,25,54,Normal
2026-02-17 04:51:12.147489,Dubai-f8b0,30,62,Normal
2026-02-17 04:51:13.147489,Dubai-f8b0,-11,86,Normal
2026-02-17 04:51:14.147489,Dubai-f8b0,-22,74,Normal
2026-02-17 04:51:15.147489,Dubai-f8b0,-10,28,Normal
2026-02-17 04:51:16.147489,Dubai-f8b0,46,34,Normal
2026-02-17 04:51:17.147489,Dubai-f8b0,40,37,Normal
2026-02-17 04:51:18.147489,Dubai-f8b0,30,71,Normal
2026-02-17 04:51:19.147489,Dubai-f8b0,-10,32,Normal
2026-02-17 04:51:20.147489,Dubai-f8b0,27,87,Normal
2026-02-17 04:51:21.147489,Dubai-f8b0,47,52,Normal
2026-02-17 04:51:22.147489,Dubai-f8b0,15,5,Normal
2026-02-17 04:51:23.147489,Dubai-f8b0,11,37,Normal
2026-02-17 04:51:24.147489,Dubai-f8b0,27,32,Normal
2026-02-17 04:51:25.147489,Dubai-f8b0,11,85,Normal
2026-02-17 04:51:26.147489,Dubai-f8b0,5,84,Normal
2026-02-17 04:51:27.147489,Dubai-f8b0,-18,94,Normal
2026-02-17 04:51:28.147489,Dubai-f8b0,-28,67,Normal
2026-02-17 04:51:29.147489,Dubai-f8b0,31,47,Normal
2026-02-17 04:51:30.147489,Dubai-f8b0,49,96,Normal
2026-02-17 04:51:31.147489,Dubai-f8b0,-16,85,Normal
2026-02-17 04:51:32.147489,Dubai-f8b0,28,58,Normal
2026-02-17 04:51:33.147489,Dubai-f8b0,6,78,Normal
2026-02-17 04:51:34.147489,Dubai-f8b0,-16,61,Normal
2026-02-17 04:51:35.147489,Dubai-f8b0,5,17,Normal
2026-02-17 04:51:36.147489,Dubai-f8b0,-19,42,Normal
2026-02-17 04:51:37.147489,Dubai-f8b0,45,92,Normal
2026-02-17 04:51:38.147489,Dubai-f8b0,17,17,Normal
2026-02-17 04:51:39.147489,Dubai-f8b0,-8,88,Normal
2026-02-17 04:51:40.147489,Dubai-f8b0,32,33,Normal
2026-02-17 04:51:41.147489,Dubai-f8b0,-5,24,Normal
2026-02-17 04:51:42.147489,Dubai-f8b0,2,96,Normal
2026-02-17 04:51:43.147489,Dubai-f8b0,46,19,Normal
2026-02-17 04:51:44.147489,Dubai-f8b0,23,87,Normal
2026-02-17 04:51:45.147489,Dubai-f8b0,-22,77,Normal
2026-02-17 04:51:46.147489,Dubai-f8b0,6,71,Normal
2026-02-17 04:51:47.147489,Dubai-f8b0,32,22,Normal
2026-02-17 04:51:48.147489,Dubai-f8b0,16,94,Normal
2026-02-17 04:51:49.147489,Dubai-f8b0,34,73,Normal
2026-02-17 04:51:50.147489,Dubai-f8b0,46,48,Normal
2026-02-17 04:51:51.147489,Dubai-f8b0,42,80,Normal
2026-02-17 04:51:52.147489,Dubai-f8b0,2,50,Normal
2026-02-17 04:51:53.147489,Dubai-f8b0,25,91,Normal
2026-02-17 04:51:54.147489,Dubai-f8b0,7,38,Normal
2026-02-17 04:51:55.147489,Dubai-f8b0,21,38,Normal
2026-02-17 04:51:56.147489,Dubai-f8b0,-22,32,Normal
2026-02-17 04:51:57.147489,Dubai-f8b0,-17,61,Normal
2026-02-17 04:51:58.147489,Dubai-f8b0,42,25,Normal
2026-02-17 04:51:59.147489,Dubai-f8b0,-30,47,Normal
2026-02-17 04:52:00.147489,Dubai-f8b0,39,95,Normal
2026-02-17 04:52:01.147489,Dubai-f8b0,14,40,Normal
2026-02-17 04:52:02.147489,Dubai-f8b0,-2,46,Normal
2026-02-17 04:52:03.147489,Dubai-f8b0,-2,25,Normal
2026-02-17 04:52:04.147489,Dubai-f8b0,10,72,Normal
2026-02-17 04:52:05.147489,Dubai-f8b0,-21,87,Normal
2026-02-17 04:52:06.147489,Dubai-f8b0,35,4,Normal
2026-02-17 04:52:07.147489,Dubai-f8b0,14,7,Normal
2026-02-17 04:52:08.147489,Dubai-f8b0,2,38,Normal
2026-02-17 04:52:09.147489,Dubai-f8b0,-28,93,Normal
2026-02-17 04:52:10.147489,Dubai-f8b0,-24,27,Normal
2026-02-17 04:52:11.147489,Dubai-f8b0,45,71,Normal
2026-02-17 04:52:12.147489,Dubai-f8b0,46,41,Normal
2026-02-17 04:52:13.147489,Dubai-f8b0,13,89,Normal
2026-02-17 04:52:14.147489,Dubai-f8b0,12,89,Normal
2026-02-17 04:52:15.147489,Dubai-f8b0,-20,24,Normal
2026-02-17 04:52:16.147489,Dubai-f8b0,2,21,Normal
2026-02-17 04:52:17.147489,Dubai-f8b0,35,79,Normal
2026-02-17 04:52:18.147489,Dubai-f8b0,15,44,Normal
2026-02-17 04:52:19.147489,Dubai-f8b0,-7,31,Normal
2026-02-17 04:52:20.147489,Dubai-f8b0,46,86,Normal
2026-02-17 04:52:21.147489,Dubai-f8b0,-16,26,Normal
2026-02-17 04:52:22.147489,Dubai-f8b0,-17,36,Normal
2026-02-17 04:52:23.147489,Dubai-f8b0,6,9,Normal
2026-02-17 04:52:24.147489,Dubai-f8b0,39,30,Normal
2026-02-17 04:52:25.147489,Dubai-f8b0,41,23,Normal
2026-02-17 04:52:26.147489,Dubai-f8b0,-12,84,Normal
2026-02-17 04:52:27.147489,Dubai-f8b0,32,13,Normal
2026-02-17 04:52:28.147489,Dubai-f8b0,-17,100,Normal
2026-02-17 04:52:29.147489,Dubai-f8b0,-23,9,Normal
2026-02-17 04:52:30.147489,Dubai-f8b0,-17,91,Normal
2026-02-17 04:52:31.147489,Dubai-f8b0,1,67,Normal
2026-02-17 04:52:32.147489,Dubai-f8b0,-27,43,Normal
2026-02-17 04:52:33.147489,Dubai-f8b0,34,70,Normal
2026-02-17 04:52:34.147489,Dubai-f8b0,12,78,Normal
2026-02-17 04:52:35.147489,Dubai-f8b0,-2,62,Normal
2026-02-17 04:52:36.147489,Dubai-f8b0,17,6,Normal
2026-02-17 04:52:37.147489,Dubai-f8b0,-15,16,Normal
2026-02-17 04:52:38.147489,Dubai-f8b0,9,23,Normal
2026-02-17 04:52:39.147489,Dubai-f8b0,11,79,Normal
2026-02-17 04:52:40.147489,Dubai-f8b0,45,16,Normal
2026-02-17 04:52:41.147489,Dubai-f8b0,40,59,Normal
2026-02-17 04:52:42.147489,Dubai-f8b0,-3,23,Normal
2026-02-17 04:52:43.147489,Dubai-f8b0,18,42,Normal
2026-02-17 04:52:44.147489,Dubai-f8b0,37,36,Normal
2026-02-17 04:52:45.147489,Dubai-f8b0,-17,64,Normal
2026-02-17 04:52:46.147489,Dubai-f8b0,-6,4,Normal
2026-02-17 04:52:47.147489,Dubai-f8b0,-20,83,Normal
2026-02-17 04:52:48.147489,Dubai-f8b0,-20,32,Normal
2026-02-17 04:52:49.147489,Dubai-f8b0,-12,17,Normal
2026-02-17 04:52:50.147489,Dubai-f8b0,-5,66,Normal
2026-02-17 04:52:51.147489,Dubai-f8b0,35,4,Normal
2026-02-17 04:52:52.147489,Dubai-f8b0,42,11,Normal
2026-02-17 04:52:53.147489,Dubai-f8b0,-8,12,Normal
2026-02-17 04:52:54.147489,Dubai-f8b0,41,54,Normal
2026-02-17 04:52:55.147489,Dubai-f8b0,43,45,Normal
2026-02-17 04:52:56.147489,Dubai-f8b0,-2,62,Normal
2026-02-17 04:52:57.147489,Dubai-f8b0,13,58,Normal
2026-02-17 04:52:58.147489,Dubai-f8b0,-24,84,Normal
2026-02-17 04:52:59.147489,Dubai-f8b0,-1,68,Normal
2026-02-17 04:53:00.147489,Dubai-f8b0,20,61,Normal
2026-02-17 04:53:01.147489,Dubai-f8b0,-11,48,Normal
2026-02-17 04:53:02.147489,Dubai-f8b0,3,95,Normal
2026-02-17 04:53:03.147489,Dubai-f8b0,-11,61,Normal
2026-02-17 04:53:04.147489,Dubai-f8b0,2,70,Normal
2026-02-17 04:53:05.147489,Dubai-f8b0,-20,99,Normal
2026-02-17 04:53:06.147489,Dubai-f8b0,-1,50,Normal
2026-02-17 04:53:07.147489,Dubai-f8b0,39,75,Normal
2026-02-17 04:53:08.147489,Dubai-f8b0,-22,9,Normal
2026-02-17 04:53:09.147489,Dubai-f8b0,-15,87,Normal
2026-02-17 04:53:10.147489,Dubai-f8b0,-25,28,Normal
2026-02-17 04:53:11.147489,Dubai-f8b0,-8,23,Normal
2026-02-17 04:53:12.147489,Dubai-f8b0,21,29,Normal
2026-02-17 04:53:13.147489,Dubai-f8b0,-7,45,Normal
2026-02-17 04:53:14.147489,Dubai-f8b0,0,56,Normal
2026-02-17 04:53:15.147489,Dubai-f8b0,33,17,Normal
2026-02-17 04:53:16.147489,Dubai-f8b0,4,79,Normal
2026-02-17 04:53:17.147489,Dubai-f8b0,22,54,Normal
2026-02-17 04:53:18.147489,Dubai-f8b0,18,54,Normal
2026-02-17 04:53:19.147489,Dubai-f8b0,13,67,Normal
2026-02-17 04:53:20.147489,Dubai-f8b0,-14,29,Normal
2026-02-17 04:53:21.147489,Dubai-f8b0,-17,80,Normal
2026-02-17 04:53:22.147489,Dubai-f8b0,45,45,Normal
2026-02-17 04:53:23.147489,Dubai-f8b0,-29,100,Normal
2026-02-17 04:53:24.147489,Dubai-f8b0,-9,52,Normal
2026-02-17 04:53:25.147489,Dubai-f8b0,-1,100,Normal
2026-02-17 04:53:26.147489,Dubai-f8b0,5,87,Normal
2026-02-17 04:53:27.147489,Dubai-f8b0,47,90,Normal
2026-02-17 04:53:28.147489,Dubai-f8b0,9,28,Normal
2026-02-17 04:53:29.147489,Dubai-f8b0,31,47,Normal
2026-02-17 04:53:30.147489,Dubai-f8b0,20,17,Normal
2026-02-17 04:53:31.147489,Dubai-f8b0,25,49,Normal
2026-02-17 04:53:32.147489,Dubai-f8b0,28,89,Normal
2026-02-17 04:53:33.147489,Dubai-f8b0,19,87,Normal
2026-02-17 04:53:34.147489,Dubai-f8b0,-1,39,Normal
2026-02-17 04:53:35.147489,Dubai-f8b0,6,43,Normal
2026-02-17 04:53:36.147489,Dubai-f8b0,22,65,Normal
2026-02-17 04:53:37.147489,Dubai-f8b0,24,8,Normal
2026-02-17 04:53:38.147489,Dubai-f8b0,0,61,Normal
2026-02-17 04:53:39.147489,Dubai-f8b0,37,86,Normal
2026-02-17 04:53:40.147489,Dubai-f8b0,50,22,Normal
2026-02-17 04:53:41.147489,Dubai-f8b0,-18,13,Normal
2026-02-17 04:53:42.147489,Dubai-f8b0,50,37,Normal
2026-02-17 04:53:43.147489,Dubai-f8b0,-2,81,Normal
2026-02-17 04:53:44.147489,Dubai-f8b0,8,3,Normal
2026-02-17 04:53:45.147489,Dubai-f8b0,31,90,Normal
2026-02-17 04:53:46.147489,Dubai-f8b0,50,15,Normal
2026-02-17 04:53:47.147489,Dubai-f8b0,22,33,Normal
2026-02-17 04:53:48.147489,Dubai-f8b0,37,9,Normal
2026-02-17 04:53:49.147489,Dubai-f8b0,33,80,Normal
2026-02-17 04:53:50.147489,Dubai-f8b0,-8,5,Normal
2026-02-17 04:53:51.147489,Dubai-f8b0,-16,79,Normal
2026-02-17 04:53:52.147489,Dubai-f8b0,-20,50,Normal
2026-02-17 04:53:53.147489,Dubai-f8b0,44,32,Normal
2026-02-17 04:53:54.147489,Dubai-f8b0,-7,30,Normal
2026-02-17 04:53:55.147489,Dubai-f8b0,-2,53,Normal
2026-02-17 04:53:56.147489,Dubai-f8b0,16,0,Normal
2026-02-17 04:53:57.147489,Dubai-f8b0,37,0,Normal
2026-02-17 04:53:58.147489,Dubai-f8b0,33,11,Normal
2026-02-17 04:53:59.147489,Dubai-f8b0,19,5,Normal
2026-02-17 04:54:00.147489,Dubai-f8b0,9,73,Normal
2026-02-17 04:54:01.147489,Dubai-f8b0,-30,80,Normal
2026-02-17 04:54:02.147489,Dubai-f8b0,-22,52,Normal
2026-02-17 04:54:03.147489,Dubai-f8b0,40,100,Normal
2026-02-17 04:54:04.147489,Dubai-f8b0,24,48,Normal
2026-02-17 04:54:05.147489,Dubai-f8b0,34,27,Normal
2026-02-17 04:54:06.147489,Dubai-f8b0,40,23,Normal
2026-02-17 04:54:07.147489,Dubai-f8b0,15,37,Normal
2026-02-17 04:54:08.147489,Dubai-f8b0,40,66,Normal
2026-02-17 04:54:09.147489,Dubai-f8b0,-23,32,Normal
2026-02-17 04:54:10.147489,Dubai-f8b0,48,36,Normal
2026-02-17 04:54:11.147489,Dubai-f8b0,-1,13,Normal
2026-02-17 04:54:12.147489,Dubai-f8b0,24,59,Normal
2026-02-17 04:54:13.147489,Dubai-f8b0,30,32,Normal
2026-02-17 04:54:14.147489,Dubai-f8b0,-18,5,Normal
2026-02-17 04:54:15.147489,Dubai-f8b0,14,16,Normal
2026-02-17 04:54:16.147489,Dubai-f8b0,-19,35,Normal
2026-02-17 04:54:17.147489,Dubai-f8b0,5,50,Normal
2026-02-17 04:54:18.147489,Dubai-f8b0,-9,66,Normal
2026-02-17 04:54:19.147489,Dubai-f8b0,24,32,Normal
2026-02-17 04:54:20.147489,Dubai-f8b0,38,78,Normal
2026-02-17 04:54:21.147489,Dubai-f8b0,48,82,Normal
2026-02-17 04:54:22.147489,Dubai-f8b0,48,13,Normal
2026-02-17 04:54:23.147489,Dubai-f8b0,-10,1,Normal
2026-02-17 04:54:24.147489,Dubai-f8b0,17,60,Normal
2026-02-17 04:54:25.147489,Dubai-f8b0,29,95,Normal
2026-02-17 04:54:26.147489,Dubai-f8b0,38,15,Normal
2026-02-17 04:54:27.147489,Dubai-f8b0,34,15,Normal
2026-02-17 04:54:28.147489,Dubai-f8b0,-30,43,Normal
2026-02-17 04:54:29.147489,Dubai-f8b0,-17,99,Normal
2026-02-17 04:54:30.147489,Dubai-f8b0,31,25,Normal
2026-02-17 04:54:31.147489,Dubai-f8b0,-2,24,Normal
2026-02-17 04:54:32.147489,Dubai-f8b0,5,0,Normal
2026-02-17 04:54:33.147489,Dubai-f8b0,41,0,Normal
2026-02-17 04:54:34.147489,Dubai-f8b0,12,72,Normal
2026-02-17 04:54:35.147489,Dubai-f8b0,47,50,Normal
2026-02-17 04:54:36.147489,Dubai-f8b0,-12,5,Normal
2026-02-17 04:54:37.147489,Dubai-f8b0,50,39,Normal
2026-02-17 04:54:38.147489,Dubai-f8b0,32,15,Normal
2026-02-17 04:54:39.147489,Dubai-f8b0,-27,84,Normal
2026-02-17 04:54:40.147489,Dubai-f8b0,36,95,Normal
2026-02-17 04:54:41.147489,Dubai-f8b0,-10,61,Normal
2026-02-17 04:54:42.147489,Dubai-f8b0,20,50,Normal
2026-02-17 04:54:43.147489,Dubai-f8b0,24,3,Normal
2026-02-17 04:54:44.147489,Dubai-f8b0,-26,6,Normal
2026-02-17 04:54:45.147489,Dubai-f8b0,37,4,Normal
2026-02-17 04:54:46.147489,Dubai-f8b0,32,57,Normal
2026-02-17 04:54:47.147489,Dubai-f8b0,42,10,Normal
2026-02-17 04:54:48.147489,Dubai-f8b0,6,85,Normal
2026-02-17 04:54:49.147489,Dubai-f8b0,35,25,Normal
2026-02-17 04:54:50.147489,Dubai-f8b0,12,16,Normal
2026-02-17 04:54:51.147489,Dubai-f8b0,-9,67,Normal
2026-02-17 04:54:52.147489,Dubai-f8b0,-14,91,Normal
2026-02-17 04:54:53.147489,Dubai-f8b0,-13,35,Normal
2026-02-17 04:54:54.147489,Dubai-f8b0,-6,71,Normal
2026-02-17 04:54:55.147489,Dubai-f8b0,36,60,Normal
2026-02-17 04:54:56.147489,Dubai-f8b0,-15,56,Normal
2026-02-17 04:54:57.147489,Dubai-f8b0,11,96,Normal
2026-02-17 04:54:58.147489,Dubai-f8b0,27,37,Normal
2026-02-17 04:54:59.147489,Dubai-f8b0,24,1,Normal
2026-02-17 04:55:00.147489,Dubai-f8b0,-3,17,Normal
2026-02-17 04:55:01.147489,Dubai-f8b0,-4,96,Normal
2026-02-17 04:55:02.147489,Dubai-f8b0,20,9,Normal
2026-02-17 04:55:03.147489,Dubai-f8b0,-24,59,Normal
2026-02-17 04:55:04.147489,Dubai-f8b0,-22,30,Normal
2026-02-17 04:55:05.147489,Dubai-f8b0,34,26,Normal
2026-02-17 04:55:06.147489,Dubai-f8b0,-24,27,Normal
2026-02-17 04:55:07.147489,Dubai-f8b0,-15,58,Normal
2026-02-17 04:55:08.147489,Dubai-f8b0,24,65,Normal
2026-02-17 04:55:09.147489,Dubai-f8b0,-15,8,Normal
2026-02-17 04:55:10.147489,Dubai-f8b0,-26,78,Normal
2026-02-17 04:55:11.147489,Dubai-f8b0,32,8,Normal
2026-02-17 04:55:12.147489,Dubai-f8b0,43,67,Normal
2026-02-17 04:55:13.147489,Dubai-f8b0,-27,69,Normal
2026-02-17 04:55:14.147489,Dubai-f8b0,7,39,Normal
2026-02-17 04:55:15.147489,Dubai-f8b0,32,4,Normal
2026-02-17 04:55:16.147489,Dubai-f8b0,31,32,Normal
2026-02-17 04:55:17.147489,Dubai-f8b0,23,26,Normal
2026-02-17 04:55:18.147489,Dubai-f8b0,32,6,Normal
2026-02-17 04:55:19.147489,Dubai-f8b0,3,97,Normal
2026-02-17 04:55:20.147489,Dubai-f8b0,47,25,Normal
2026-02-17 04:55:21.147489,Dubai-f8b0,41,44,Normal
2026-02-17 04:55:22.147489,Dubai-f8b0,29,64,Normal
2026-02-17 04:55:23.147489,Dubai-f8b0,-10,78,Normal
2026-02-17 04:55:24.147489,Dubai-f8b0,-12,40,Normal
2026-02-17 04:55:25.147489,Dubai-f8b0,45,58,Normal
2026-02-17 04:55:26.147489,Dubai-f8b0,-16,54,Normal
2026-02-17 04:55:27.147489,Dubai-f8b0,-4,86,Normal
2026-02-17 04:55:28.147489,Dubai-f8b0,8,14,Normal
2026-02-17 04:55:29.147489,Dubai-f8b0,-26,47,Normal
2026-02-17 04:55:30.147489,Dubai-f8b0,26,75,Normal
2026-02-17 04:55:31.147489,Dubai-f8b0,23,83,Normal
2026-02-17 04:55:32.147489,Dubai-f8b0,-29,49,Normal
2026-02-17 04:55:33.147489,Dubai-f8b0,8,91,Normal
2026-02-17 04:55:34.147489,Dubai-f8b0,28,24,Normal
2026-02-17 04:55:35.147489,Dubai-f8b0,-18,87,Normal
2026-02-17 04:55:36.147489,Dubai-f8b0,11,82,Normal
2026-02-17 04:55:37.147489,Dubai-f8b0,44,17,Normal
2026-02-17 04:55:38.147489,Dubai-f8b0,4,1,Normal
2026-02-17 04:55:39.147489,Dubai-f8b0,2,30,Normal
2026-02-17 04:55:40.147489,Dubai-f8b0,50,6,Normal
2026-02-17 04:55:41.147489,Dubai-f8b0,-1,82,Normal
2026-02-17 04:55:42.147489,Dubai-f8b0,22,37,Normal
2026-02-17 04:55:43.147489,Dubai-f8b0,46,98,Normal
2026-02-17 04:55:44.147489,Dubai-f8b0,-28,46,Normal
2026-02-17 04:55:45.147489,Dubai-f8b0,25,17,Normal
2026-02-17 04:55:46.147489,Dubai-f8b0,35,71,Normal
2026-02-17 04:55:47.147489,Dubai-f8b0,-24,90,Normal
2026-02-17 04:55:48.147489,Dubai-f8b0,-19,86,Normal
2026-02-17 04:55:49.147489,Dubai-f8b0,5,86,Normal
2026-02-17 04:55:50.147489,Dubai-f8b0,34,54,Normal
2026-02-17 04:55:51.147489,Dubai-f8b0,50,29,Normal
2026-02-17 04:55:52.147489,Dubai-f8b0,-11,6,Normal
2026-02-17 04:55:53.147489,Dubai-f8b0,-30,52,Normal
2026-02-17 04:55:54.147489,Dubai-f8b0,36,35,Normal
2026-02-17 04:55:55.147489,Dubai-f8b0,4,83,Normal
2026-02-17 04:55:56.147489,Dubai-f8b0,-22,63,Normal
2026-02-17 04:55:57.147489,Dubai-f8b0,-6,60,Normal
2026-02-17 04:55:58.147489,Dubai-f8b0,27,86,Normal
2026-02-17 04:55:59.147489,Dubai-f8b0,21,10,Normal
2026-02-17 04:56:00.147489,Dubai-f8b0,16,82,Normal
2026-02-17 04:56:01.147489,Dubai-f8b0,-11,95,Normal
2026-02-17 04:56:02.147489,Dubai-f8b0,19,85,Normal
2026-02-17 04:56:03.147489,Dubai-f8b0,-29,18,Normal
2026-02-17 04:56:04.147489,Dubai-f8b0,17,46,Normal
2026-02-17 04:56:05.147489,Dubai-f8b0,8,92,Normal
2026-02-17 04:56:06.147489,Dubai-f8b0,-15,16,Normal
2026-02-17 04:56:07.147489,Dubai-f8b0,-21,63,Normal
2026-02-17 04:56:08.147489,Dubai-f8b0,39,74,Normal
2026-02-17 04:56:09.147489,Dubai-f8b0,23,100,Normal
2026-02-17 04:56:10.147489,Dubai-f8b0,44,8,Normal
2026-02-17 04:56:11.147489,Dubai-f8b0,-28,94,Normal
2026-02-17 04:56:12.147489,Dubai-f8b0,32,75,Normal
2026-02-17 04:56:13.147489,Dubai-f8b0,22,53,Normal
2026-02-17 04:56:14.147489,Dubai-f8b0,-10,43,Normal
2026-02-17 04:56:15.147489,Dubai-f8b0,-27,88,Normal
2026-02-17 04:56:16.147489,Dubai-f8b0,33,87,Normal
2026-02-17 04:56:17.147489,Dubai-f8b0,-21,89,Normal
2026-02-17 04:56:18.147489,Dubai-f8b0,50,1,Normal
2026-02-17 04:56:19.147489,Dubai-f8b0,-8,65,Normal
2026-02-17 04:56:20.147489,Dubai-f8b0,10,75,Normal
2026-02-17 04:56:21.147489,Dubai-f8b0,3,34,Normal
2026-02-17 04:56:22.147489,Dubai-f8b0,-10,56,Normal
2026-02-17 04:56:23.147489,Dubai-f8b0,15,65,Normal
2026-02-17 04:56:24.147489,Dubai-f8b0,-6,37,Normal
2026-02-17 04:56:25.147489,Dubai-f8b0,-7,3,Normal
2026-02-17 04:56:26.147489,Dubai-f8b0,26,65,Normal
2026-02-17 04:56:27.147489,Dubai-f8b0,28,19,Normal
2026-02-17 04:56:28.147489,Dubai-f8b0,0,2,Normal
2026-02-17 04:56:29.147489,Dubai-f8b0,-29,96,Normal
2026-02-17 04:56:30.147489,Dubai-f8b0,47,56,Normal
2026-02-17 04:56:31.147489,Dubai-f8b0,13,37,Normal
2026-02-17 04:56:32.147489,Dubai-f8b0,45,4,Normal
2026-02-17 04:56:33.147489,Dubai-f8b0,17,16,Normal
2026-02-17 04:56:34.147489,Dubai-f8b0,44,38,Normal
2026-02-17 04:56:35.147489,Dubai-f8b0,18,65,Normal
2026-02-17 04:56:36.147489,Dubai-f8b0,43,91,Normal
2026-02-17 04:56:37.147489,Dubai-f8b0,25,16,Normal
2026-02-17 04:56:38.147489,Dubai-f8b0,29,44,Normal
2026-02-17 04:56:39.147489,Dubai-f8b0,0,24,Normal
2026-02-17 04:56:40.147489,Dubai-f8b0,-23,87,Normal
2026-02-17 04:56:41.147489,Dubai-f8b0,-11,26,Normal
2026-02-17 04:56:42.147489,Dubai-f8b0,1,69,Normal
2026-02-17 04:56:43.147489,Dubai-f8b0,28,15,Normal
2026-02-17 04:56:44.147489,Dubai-f8b0,35,52,Normal
2026-02-17 04:56:45.147489,Dubai-f8b0,32,15,Normal
2026-02-17 04:56:46.147489,Dubai-f8b0,20,67,Normal
2026-02-17 04:56:47.147489,Dubai-f8b0,17,65,Normal
2026-02-17 04:56:48.147489,Dubai-f8b0,30,8,Normal
2026-02-17 04:56:49.147489,Dubai-f8b0,36,82,Normal
2026-02-17 04:56:50.147489,Dubai-f8b0,40,88,Normal
2026-02-17 04:56:51.147489,Dubai-f8b0,-1,2,Normal
2026-02-17 04:56:52.147489,Dubai-f8b0,-23,5,Normal
2026-02-17 04:56:53.147489,Dubai-f8b0,46,65,Normal
2026-02-17 04:56:54.147489,Dubai-f8b0,39,9,Normal
2026-02-17 04:56:55.147489,Dubai-f8b0,2,47,Normal
2026-02-17 04:56:56.147489,Dubai-f8b0,-28,96,Normal
2026-02-17 04:56:57.147489,Dubai-f8b0,9,57,Normal
2026-02-17 04:56:58.147489,Dubai-f8b0,38,72,Normal
2026-02-17 04:56:59.147489,Dubai-f8b0,25,28,Normal
2026-02-17 04:57:00.147489,Dubai-f8b0,22,36,Normal
2026-02-17 04:57:01.147489,Dubai-f8b0,-6,11,Normal
2026-02-17 04:57:02.147489,Dubai-f8b0,-4,57,Normal
2026-02-17 04:57:03.147489,Dubai-f8b0,-23,31,Normal
2026-02-17 04:57:04.147489,Dubai-f8b0,10,25,Normal
2026-02-17 04:57:05.147489,Dubai-f8b0,3,8,Normal
2026-02-17 04:57:06.147489,Dubai-f8b0,25,35,Normal
2026-02-17 04:57:07.147489,Dubai-f8b0,7,26,Normal
2026-02-17 04:57:08.147489,Dubai-f8b0,29,51,Normal
2026-02-17 04:57:09.147489,Dubai-f8b0,46,73,Normal
2026-02-17 04:57:10.147489,Dubai-f8b0,31,13,Normal
2026-02-17 04:57:11.147489,Dubai-f8b0,15,53,Normal
2026-02-17 04:57:12.147489,Dubai-f8b0,18,11,Normal
2026-02-17 04:57:13.147489,Dubai-f8b0,34,20,Normal
2026-02-17 04:57:14.147489,Dubai-f8b0,45,8,Normal
2026-02-17 04:57:15.147489,Dubai-f8b0,30,70,Normal
2026-02-17 04:57:16.147489,Dubai-f8b0,-24,73,Normal
2026-02-17 04:57:17.147489,Dubai-f8b0,-17,10,Normal
2026-02-17 04:57:18.147489,Dubai-f8b0,33,62,Normal
2026-02-17 04:57:19.147489,Dubai-f8b0,30,46,Normal
2026-02-17 04:57:20.147489,Dubai-f8b0,26,90,Normal
2026-02-17 04:57:21.147489,Dubai-f8b0,-15,72,Normal
2026-02-17 04:57:22.147489,Dubai-f8b0,-15,56,Normal
2026-02-17 04:57:23.147489,Dubai-f8b0,-26,8,Normal
2026-02-17 04:57:24.147489,Dubai-f8b0,23,88,Normal
2026-02-17 04:57:25.147489,Dubai-f8b0,-1,8,Normal
2026-02-17 04:57:26.147489,Dubai-f8b0,43,75,Normal
2026-02-17 04:57:27.147489,Dubai-f8b0,24,12,Normal
2026-02-17 04:57:28.147489,Dubai-f8b0,31,18,Normal
2026-02-17 04:57:29.147489,Dubai-f8b0,-16,74,Normal
2026-02-17 04:57:30.147489,Dubai-f8b0,32,72,Normal
2026-02-17 04:57:31.147489,Dubai-f8b0,-24,42,Normal
2026-02-17 04:57:32.147489,Dubai-f8b0,3,21,Normal
2026-02-17 04:57:33.147489,Dubai-f8b0,-22,71,Normal
2026-02-17 04:57:34.147489,Dubai-f8b0,-25,94,Normal
2026-02-17 04:57:35.147489,Dubai-f8b0,-12,76,Normal
2026-02-17 04:57:36.147489,Dubai-f8b0,17,12,Normal
2026-02-17 04:57:37.147489,Dubai-f8b0,45,55,Normal
2026-02-17 04:57:38.147489,Dubai-f8b0,-6,96,Normal
2026-02-17 04:57:39.147489,Dubai-f8b0,-11,10,Normal
2026-02-17 04:57:40.147489,Dubai-f8b0,17,6,Normal
2026-02-17 04:57:41.147489,Dubai-f8b0,-28,48,Normal
2026-02-17 04:57:42.147489,Dubai-f8b0,50,47,Normal
2026-02-17 04:57:43.147489,Dubai-f8b0,9,96,Normal
2026-02-17 04:57:44.147489,Dubai-f8b0,46,56,Normal
2026-02-17 04:57:45.147489,Dubai-f8b0,50,64,Normal
2026-02-17 04:57:46.147489,Dubai-f8b0,43,33,Normal
2026-02-17 04:57:47.147489,Dubai-f8b0,4,69,Normal
2026-02-17 04:57:48.147489,Dubai-f8b0,-1,41,Normal
2026-02-17 04:57:49.147489,Dubai-f8b0,26,35,Normal
2026-02-17 04:57:50.147489,Dubai-f8b0,27,12,Normal
2026-02-17 04:57:51.147489,Dubai-f8b0,21,37,Normal
2026-02-17 04:57:52.147489,Dubai-f8b0,-21,38,Normal
2026-02-17 04:57:53.147489,Dubai-f8b0,0,4,Normal
2026-02-17 04:57:54.147489,Dubai-f8b0,-10,88,Normal
2026-02-17 04:57:55.147489,Dubai-f8b0,43,5,Normal
2026-02-17 04:57:56.147489,Dubai-f8b0,29,35,Normal
2026-02-17 04:57:57.147489,Dubai-f8b0,48,35,Normal
2026-02-17 04:57:58.147489,Dubai-f8b0,45,78,Normal
2026-02-17 04:57:59.147489,Dubai-f8b0,43,70,Normal
2026-02-17 04:58:00.147489,Dubai-f8b0,33,83,Normal
2026-02-17 04:58:01.147489,Dubai-f8b0,6,15,Normal
2026-02-17 04:58:02.147489,Dubai-f8b0,19,64,Normal
2026-02-17 04:58:03.147489,Dubai-f8b0,-10,96,Normal
2026-02-17 04:58:04.147489,Dubai-f8b0,25,54,Normal
2026-02-17 04:58:05.147489,Dubai-f8b0,17,59,Normal
2026-02-17 04:58:06.147489,Dubai-f8b0,45,46,Normal
2026-02-17 04:58:07.147489,Dubai-f8b0,31,96,Normal
2026-02-17 04:58:08.147489,Dubai-f8b0,29,14,Normal
2026-02-17 04:58:09.147489,Dubai-f8b0,32,57,Normal
2026-02-17 04:58:10.147489,Dubai-f8b0,49,83,Normal
2026-02-17 04:58:11.147489,Dubai-f8b0,19,99,Normal
2026-02-17 04:58:12.147489,Dubai-f8b0,41,70,Normal
2026-02-17 04:58:13.147489,Dubai-f8b0,44,69,Normal
2026-02-17 04:58:14.147489,Dubai-f8b0,19,69,Normal
2026-02-17 04:58:15.147489,Dubai-f8b0,9,84,Normal
2026-02-17 04:58:16.147489,Dubai-f8b0,36,15,Normal
2026-02-17 04:58:17.147489,Dubai-f8b0,-17,87,Normal
2026-02-17 04:58:18.147489,Dubai-f8b0,-25,69,Normal
2026-02-17 04:58:19.147489,Dubai-f8b0,40,59,Normal
2026-02-17 04:58:20.147489,Dubai-f8b0,-3,90,Normal
2026-02-17 04:58:21.147489,Dubai-f8b0,-26,41,Normal
2026-02-17 04:58:22.147489,Dubai-f8b0,-11,15,Normal
2026-02-17 04:58:23.147489,Dubai-f8b0,-14,22,Normal
2026-02-17 04:58:24.147489,Dubai-f8b0,15,79,Normal
2026-02-17 04:58:25.147489,Dubai-f8b0,-20,58,Normal
2026-02-17 04:58:26.147489,Dubai-f8b0,-14,22,Normal
2026-02-17 04:58:27.147489,Dubai-f8b0,-22,68,Normal
2026-02-17 04:58:28.147489,Dubai-f8b0,21,71,Normal
2026-02-17 04:58:29.147489,Dubai-f8b0,27,87,Normal
2026-02-17 04:58:30.147489,Dubai-f8b0,3,20,Normal
2026-02-17 04:58:31.147489,Dubai-f8b0,11,23,Normal
2026-02-17 04:58:32.147489,Dubai-f8b0,1,40,Normal
2026-02-17 04:58:33.147489,Dubai-f8b0,19,75,Normal
2026-02-17 04:58:34.147489,Dubai-f8b0,2,77,Normal
2026-02-17 04:58:35.147489,Dubai-f8b0,-13,48,Normal
2026-02-17 04:58:36.147489,Dubai-f8b0,18,57,Normal
2026-02-17 04:58:37.147489,Dubai-f8b0,-18,72,Normal
2026-02-17 04:58:38.147489,Dubai-f8b0,-16,18,Normal
2026-02-17 04:58:39.147489,Dubai-f8b0,0,41,Normal
2026-02-17 04:58:40.147489,Dubai-f8b0,3,35,Normal
2026-02-17 04:58:41.147489,Dubai-f8b0,-13,61,Normal
2026-02-17 04:58:42.147489,Dubai-f8b0,-24,64,Normal
2026-02-17 04:58:43.147489,Dubai-f8b0,40,82,Normal
2026-02-17 04:58:44.147489,Dubai-f8b0,-22,91,Normal
2026-02-17 04:58:45.147489,Dubai-f8b0,-23,11,Normal
2026-02-17 04:58:46.147489,Dubai-f8b0,18,38,Normal
2026-02-17 04:58:47.147489,Dubai-f8b0,30,54,Normal
2026-02-17 04:58:48.147489,Dubai-f8b0,-23,75,Normal
2026-02-17 04:58:49.147489,Dubai-f8b0,9,70,Normal
2026-02-17 04:58:50.147489,Dubai-f8b0,-4,55,Normal
2026-02-17 04:58:51.147489,Dubai-f8b0,33,19,Normal
2026-02-17 04:58:52.147489,Dubai-f8b0,-19,34,Normal
2026-02-17 04:58:53.147489,Dubai-f8b0,-1,26,Normal
2026-02-17 04:58:54.147489,Dubai-f8b0,37,0,Normal
2026-02-17 04:58:55.147489,Dubai-f8b0,7,81,Normal
2026-02-17 04:58:56.147489,Dubai-f8b0,-2,28,Normal
2026-02-17 04:58:57.147489,Dubai-f8b0,18,85,Normal
2026-02-17 04:58:58.147489,Dubai-f8b0,0,90,Normal
2026-02-17 04:58:59.147489,Dubai-f8b0,-1,2,Normal
2026-02-17 04:59:00.147489,Dubai-f8b0,24,9,Normal
2026-02-17 04:59:01.147489,Dubai-f8b0,-27,45,Normal
2026-02-17 04:59:02.147489,Dubai-f8b0,-9,30,Normal
2026-02-17 04:59:03.147489,Dubai-f8b0,-18,24,Normal
2026-02-17 04:59:04.147489,Dubai-f8b0,26,46,Normal
2026-02-17 04:59:05.147489,Dubai-f8b0,50,59,Normal
2026-02-17 04:59:06.147489,Dubai-f8b0,20,82,Normal
2026-02-17 04:59:07.147489,Dubai-f8b0,29,47,Normal
2026-02-17 04:59:08.147489,Dubai-f8b0,-2,1,Normal
2026-02-17 04:59:09.147489,Dubai-f8b0,-30,66,Normal
2026-02-17 04:59:10.147489,Dubai-f8b0,10,1,Normal
2026-02-17 04:59:11.147489,Dubai-f8b0,38,95,Normal
2026-02-17 04:59:12.147489,Dubai-f8b0,14,86,Normal
2026-02-17 04:59:13.147489,Dubai-f8b0,48,59,Normal
2026-02-17 04:59:14.147489,Dubai-f8b0,24,97,Normal
2026-02-17 04:59:15.147489,Dubai-f8b0,2,63,Normal
2026-02-17 04:59:16.147489,Dubai-f8b0,-28,34,Normal
2026-02-17 04:59:17.147489,Dubai-f8b0,-10,98,Normal
2026-02-17 04:59:18.147489,Dubai-f8b0,35,83,Normal
2026-02-17 04:59:19.147489,Dubai-f8b0,49,47,Normal
2026-02-17 04:59:20.147489,Dubai-f8b0,-30,20,Normal
2026-02-17 04:59:21.147489,Dubai-f8b0,-29,51,Normal
2026-02-17 04:59:22.147489,Dubai-f8b0,24,7,Normal
2026-02-17 04:59:23.147489,Dubai-f8b0,23,1,Normal
2026-02-17 04:59:24.147489,Dubai-f8b0,28,18,Normal
2026-02-17 04:59:25.147489,Dubai-f8b0,-20,54,Normal
2026-02-17 04:59:26.147489,Dubai-f8b0,8,67,Normal
2026-02-17 04:59:27.147489,Dubai-f8b0,13,1,Normal
2026-02-17 04:59:28.147489,Dubai-f8b0,24,89,Normal
2026-02-17 04:59:29.147489,Dubai-f8b0,-15,51,Normal
2026-02-17 04:59:30.147489,Dubai-f8b0,-9,0,Normal
2026-02-17 04:59:31.147489,Dubai-f8b0,0,0,Normal
2026-02-17 04:59:32.147489,Dubai-f8b0,7,77,Normal
2026-02-17 04:59:33.147489,Dubai-f8b0,-18,69,Normal
2026-02-17 04:59:34.147489,Dubai-f8b0,-22,6,Normal
2026-02-17 04:59:35.147489,Dubai-f8b0,-30,11,Normal
2026-02-17 04:59:36.147489,Dubai-f8b0,14,74,Normal
2026-02-17 04:59:37.147489,Dubai-f8b0,50,88,Normal
2026-02-17 04:59:38.147489,Dubai-f8b0,32,40,Normal
2026-02-17 04:59:39.147489,Dubai-f8b0,3,56,Normal
2026-02-17 04:59:40.147489,Dubai-f8b0,-15,42,Normal
2026-02-17 04:59:41.147489,Dubai-f8b0,-19,95,Normal
2026-02-17 04:59:42.147489,Dubai-f8b0,-23,84,Normal
2026-02-17 04:59:43.147489,Dubai-f8b0,29,80,Normal
2026-02-17 04:59:44.147489,Dubai-f8b0,17,44,Normal
2026-02-17 04:59:45.147489,Dubai-f8b0,32,2,Normal
2026-02-17 04:59:46.147489,Dubai-f8b0,8,12,Normal
2026-02-17 04:59:47.147489,Dubai-f8b0,35,4,Normal
2026-02-17 04:59:48.147489,Dubai-f8b0,10,63,Normal
2026-02-17 04:59:49.147489,Dubai-f8b0,32,75,Normal
2026-02-17 04:59:50.147489,Dubai-f8b0,48,40,Normal
2026-02-17 04:59:51.147489,Dubai-f8b0,-4,84,Normal
2026-02-17 04:59:52.147489,Dubai-f8b0,13,2,Normal
2026-02-17 04:59:53.147489,Dubai-f8b0,43,59,Normal
2026-02-17 04:59:54.147489,Dubai-f8b0,8,52,Normal
2026-02-17 04:59:55.147489,Dubai-f8b0,49,64,Normal
2026-02-17 04:59:56.147489,Dubai-f8b0,-10,34,Normal
2026-02-17 04:59:57.147489,Dubai-f8b0,46,20,Normal
2026-02-17 04:59:58.147489,Dubai-f8b0,20,36,Normal
2026-02-17 04:59:59.147489,Dubai-f8b0,18,28,Normal
2026-02-17 05:00:00.147489,Dubai-f8b0,-26,73,Normal
2026-02-17 05:00:01.147489,Dubai-f8b0,20,20,Normal
2026-02-17 05:00:02.147489,Dubai-f8b0,-30,53,Normal
2026-02-17 05:00:03.147489,Dubai-f8b0,-21,64,Normal
2026-02-17 05:00:04.147489,Dubai-f8b0,12,69,Normal
2026-02-17 05:00:05.147489,Dubai-f8b0,-3,18,Normal
2026-02-17 05:00:06.147489,Dubai-f8b0,-1,90,Normal
2026-02-17 05:00:07.147489,Dubai-f8b0,-29,24,Normal
2026-02-17 05:00:08.147489,Dubai-f8b0,11,8,Normal
2026-02-17 05:00:09.147489,Dubai-f8b0,36,11,Normal
2026-02-17 05:00:10.147489,Dubai-f8b0,12,52,Normal
2026-02-17 05:00:11.147489,Dubai-f8b0,-3,12,Normal
2026-02-17 05:00:12.147489,Dubai-f8b0,-26,34,Normal
2026-02-17 05:00:13.147489,Dubai-f8b0,17,43,Normal
2026-02-17 05:00:14.147489,Dubai-f8b0,-14,97,Normal
2026-02-17 05:00:15.147489,Dubai-f8b0,33,95,Normal
2026-02-17 05:00:16.147489,Dubai-f8b0,12,23,Normal
2026-02-17 05:00:17.147489,Dubai-f8b0,10,57,Normal
2026-02-17 05:00:18.147489,Dubai-f8b0,17,26,Normal
2026-02-17 05:00:19.147489,Dubai-f8b0,47,80,Normal
2026-02-17 05:00:20.147489,Dubai-f8b0,9,45,Normal
2026-02-17 05:00:21.147489,Dubai-f8b0,-7,75,Normal
2026-02-17 05:00:22.147489,Dubai-f8b0,33,7,Normal
2026-02-17 05:00:23.147489,Dubai-f8b0,-20,25,Normal
2026-02-17 05:00:24.147489,Dubai-f8b0,-25,46,Normal
2026-02-17 05:00:25.147489,Dubai-f8b0,25,83,Normal
2026-02-17 05:00:26.147489,Dubai-f8b0,8,60,Normal
2026-02-17 05:00:27.147489,Dubai-f8b0,14,53,Normal
2026-02-17 05:00:28.147489,Dubai-f8b0,48,76,Normal
2026-02-17 05:00:29.147489,Dubai-f8b0,13,58,Normal
2026-02-17 05:00:30.147489,Dubai-f8b0,32,96,Normal
2026-02-17 05:00:31.147489,Dubai-f8b0,50,60,Normal
2026-02-17 05:00:32.147489,Dubai-f8b0,-9,95,Normal
2026-02-17 05:00:33.147489,Dubai-f8b0,10,19,Normal
2026-02-17 05:00:34.147489,Dubai-f8b0,12,91,Normal
2026-02-17 05:00:35.147489,Dubai-f8b0,-30,29,Normal
2026-02-17 05:00:36.147489,Dubai-f8b0,40,45,Normal
2026-02-17 05:00:37.147489,Dubai-f8b0,-19,57,Normal
2026-02-17 05:00:38.147489,Dubai-f8b0,11,95,Normal
2026-02-17 05:00:39.147489,Dubai-f8b0,0,79,Normal
2026-02-17 05:00:40.147489,Dubai-f8b0,36,29,Normal
2026-02-17 05:00:41.147489,Dubai-f8b0,36,91,Normal
2026-02-17 05:00:42.147489,Dubai-f8b0,45,87,Normal
2026-02-17 05:00:43.147489,Dubai-f8b0,41,46,Normal
2026-02-17 05:00:44.147489,Dubai-f8b0,-11,46,Normal
2026-02-17 05:00:45.147489,Dubai-f8b0,8,92,Normal
2026-02-17 05:00:46.147489,Dubai-f8b0,-21,0,Normal
2026-02-17 05:00:47.147489,Dubai-f8b0,-28,9,Normal
2026-02-17 05:00:48.147489,Dubai-f8b0,27,59,Normal
2026-02-17 05:00:49.147489,Dubai-f8b0,0,52,Normal
2026-02-17 05:00:50.147489,Dubai-f8b0,-22,84,Normal
2026-02-17 05:00:51.147489,Dubai-f8b0,25,36,Normal
2026-02-17 05:00:52.147489,Dubai-f8b0,45,46,Normal
2026-02-17 05:00:53.147489,Dubai-f8b0,38,10,Normal
2026-02-17 05:00:54.147489,Dubai-f8b0,-29,65,Normal
2026-02-17 05:00:55.147489,Dubai-f8b0,-7,71,Normal
2026-02-17 05:00:56.147489,Dubai-f8b0,49,11,Normal
2026-02-17 05:00:57.147489,Dubai-f8b0,17,5,Normal
2026-02-17 05:00:58.147489,Dubai-f8b0,2,4,Normal
2026-02-17 05:00:59.147489,Dubai-f8b0,-5,50,Normal
2026-02-17 05:01:00.147489,Dubai-f8b0,-14,7,Normal
2026-02-17 05:01:01.147489,Dubai-f8b0,17,26,Normal
2026-02-17 05:01:02.147489,Dubai-f8b0,22,64,Normal
2026-02-17 05:01:03.147489,Dubai-f8b0,38,80,Normal
2026-02-17 05:01:04.147489,Dubai-f8b0,46,20,Normal
2026-02-17 05:01:05.147489,Dubai-f8b0,-20,72,Normal
2026-02-17 05:01:06.147489,Dubai-f8b0,-29,84,Normal
2026-02-17 05:01:07.147489,Dubai-f8b0,24,69,Normal
2026-02-17 05:01:08.147489,Dubai-f8b0,-1,28,Normal
2026-02-17 05:01:09.147489,Dubai-f8b0,-4,61,Normal
2026-02-17 05:01:10.147489,Dubai-f8b0,0,51,Normal
2026-02-17 05:01:11.147489,Dubai-f8b0,-16,61,Normal
2026-02-17 05:01:12.147489,Dubai-f8b0,-13,54,Normal
2026-02-17 05:01:13.147489,Dubai-f8b0,3,45,Normal
2026-02-17 05:01:14.147489,Dubai-f8b0,26,60,Normal
2026-02-17 05:01:15.147489,Dubai-f8b0,-2,76,Normal
2026-02-17 05:01:16.147489,Dubai-f8b0,-18,24,Normal
2026-02-17 05:01:17.147489,Dubai-f8b0,-7,26,Normal
2026-02-17 05:01:18.147489,Dubai-f8b0,12,61,Normal
2026-02-17 05:01:19.147489,Dubai-f8b0,-8,97,Normal
2026-02-17 05:01:20.147489,Dubai-f8b0,42,61,Normal
2026-02-17 05:01:21.147489,Dubai-f8b0,12,60,Normal
2026-02-17 05:01:22.147489,Dubai-f8b0,-29,96,Normal
2026-02-17 05:01:23.147489,Dubai-f8b0,41,23,Normal
2026-02-17 05:01:24.147489,Dubai-f8b0,-3,38,Normal
2026-02-17 05:01:25.147489,Dubai-f8b0,27,13,Normal
2026-02-17 05:01:26.147489,Dubai-f8b0,-24,34,Normal
2026-02-17 05:01:27.147489,Dubai-f8b0,-25,86,Normal
2026-02-17 05:01:28.147489,Dubai-f8b0,40,46,Normal
2026-02-17 05:01:29.147489,Dubai-f8b0,-25,11,Normal
2026-02-17 05:01:30.147489,Dubai-f8b0,-13,11,Normal
2026-02-17 05:01:31.147489,Dubai-f8b0,-6,59,Normal
2026-02-17 05:01:32.147489,Dubai-f8b0,5,23,Normal
2026-02-17 05:01:33.147489,Dubai-f8b0,43,10,Normal
2026-02-17 05:01:34.147489,Dubai-f8b0,-27,16,Normal
2026-02-17 05:01:35.147489,Dubai-f8b0,45,99,Normal
2026-02-17 05:01:36.147489,Dubai-f8b0,4,47,Normal
2026-02-17 05:01:37.147489,Dubai-f8b0,-16,24,Normal
2026-02-17 05:01:38.147489,Dubai-f8b0,46,97,Normal
2026-02-17 05:01:39.147489,Dubai-f8b0,-18,75,Normal
2026-02-17 05:01:40.147489,Dubai-f8b0,45,53,Normal
2026-02-17 05:01:41.147489,Dubai-f8b0,-6,69,Normal
2026-02-17 05:01:42.147489,Dubai-f8b0,36,35,Normal
2026-02-17 05:01:43.147489,Dubai-f8b0,32,34,Normal
2026-02-17 05:01:44.147489,Dubai-f8b0,43,49,Normal
2026-02-17 05:01:45.147489,Dubai-f8b0,-14,90,Normal
2026-02-17 05:01:46.147489,Dubai-f8b0,15,29,Normal
2026-02-17 05:01:47.147489,Dubai-f8b0,-10,11,Normal
2026-02-17 05:01:48.147489,Dubai-f8b0,35,73,Normal
2026-02-17 05:01:49.147489,Dubai-f8b0,19,11,Normal
2026-02-17 05:01:50.147489,Dubai-f8b0,29,66,Normal
2026-02-17 05:01:51.147489,Dubai-f8b0,6,0,Normal
2026-02-17 05:01:52.147489,Dubai-f8b0,-4,80,Normal
2026-02-17 05:01:53.147489,Dubai-f8b0,-21,70,Normal
2026-02-17 05:01:54.147489,Dubai-f8b0,-11,79,Normal
2026-02-17 05:01:55.147489,Dubai-f8b0,-13,83,Normal
2026-02-17 05:01:56.147489,Dubai-f8b0,-15,10,Normal
2026-02-17 05:01:57.147489,Dubai-f8b0,36,55,Normal
2026-02-17 05:01:58.147489,Dubai-f8b0,3,76,Normal
2026-02-17 05:01:59.147489,Dubai-f8b0,-20,63,Normal
2026-02-17 05:02:00.147489,Dubai-f8b0,49,18,Normal
2026-02-17 05:02:01.147489,Dubai-f8b0,29,79,Normal
2026-02-17 05:02:02.147489,Dubai-f8b0,-20,70,Normal
2026-02-17 05:02:03.147489,Dubai-f8b0,42,64,Normal
2026-02-17 05:02:04.147489,Dubai-f8b0,-13,75,Normal
2026-02-17 05:02:05.147489,Dubai-f8b0,18,97,Normal
2026-02-17 05:02:06.147489,Dubai-f8b0,4,7,Normal
2026-02-17 05:02:07.147489,Dubai-f8b0,-21,21,Normal
2026-02-17 05:02:08.147489,Dubai-f8b0,5,80,Normal
2026-02-17 05:02:09.147489,Dubai-f8b0,-5,65,Normal
2026-02-17 05:02:10.147489,Dubai-f8b0,3,87,Normal
2026-02-17 05:02:11.147489,Dubai-f8b0,38,15,Normal
2026-02-17 05:02:12.147489,Dubai-f8b0,26,91,Normal
2026-02-17 05:02:13.147489,Dubai-f8b0,-4,7,Normal
2026-02-17 05:02:14.147489,Dubai-f8b0,10,60,Normal
2026-02-17 05:02:15.147489,Dubai-f8b0,39,7,Normal
2026-02-17 05:02:16.147489,Dubai-f8b0,36,93,Normal
2026-02-17 05:02:17.147489,Dubai-f8b0,42,68,Normal
2026-02-17 05:02:18.147489,Dubai-f8b0,-20,33,Normal
2026-02-17 05:02:19.147489,Dubai-f8b0,-11,57,Normal
2026-02-17 05:02:20.147489,Dubai-f8b0,4,82,Normal
2026-02-17 05:02:21.147489,Dubai-f8b0,-30,65,Normal
2026-02-17 05:02:22.147489,Dubai-f8b0,-7,41,Normal
2026-02-17 05:02:23.147489,Dubai-f8b0,-1,25,Normal
2026-02-17 05:02:24.147489,Dubai-f8b0,43,47,Normal
2026-02-17 05:02:25.147489,Dubai-f8b0,6,38,Normal
2026-02-17 05:02:26.147489,Dubai-f8b0,-14,59,Normal
2026-02-17 05:02:27.147489,Dubai-f8b0,29,43,Normal
2026-02-17 05:02:28.147489,Dubai-f8b0,-9,66,Normal
2026-02-17 05:02:29.147489,Dubai-f8b0,1,2,Normal
2026-02-17 05:02:30.147489,Dubai-f8b0,3,34,Normal
2026-02-17 05:02:31.147489,Dubai-f8b0,16,24,Normal
2026-02-17 05:02:32.147489,Dubai-f8b0,35,78,Normal
2026-02-17 05:02:33.147489,Dubai-f8b0,-4,59,Normal
2026-02-17 05:02:34.147489,Dubai-f8b0,44,51,Normal
2026-02-17 05:02:35.147489,Dubai-f8b0,6,71,Normal
2026-02-17 05:02:36.147489,Dubai-f8b0,-15,45,Normal
2026-02-17 05:02:37.147489,Dubai-f8b0,-27,74,Normal
2026-02-17 05:02:38.147489,Dubai-f8b0,7,96,Normal
2026-02-17 05:02:39.147489,Dubai-f8b0,49,7,Normal
2026-02-17 05:02:40.147489,Dubai-f8b0,-3,24,Normal
2026-02-17 05:02:41.147489,Dubai-f8b0,40,70,Normal
2026-02-17 05:02:42.147489,Dubai-f8b0,-13,22,Normal
2026-02-17 05:02:43.147489,Dubai-f8b0,13,0,Normal
2026-02-17 05:02:44.147489,Dubai-f8b0,-20,61,Normal
2026-02-17 05:02:45.147489,Dubai-f8b0,28,25,Normal
2026-02-17 05:02:46.147489,Dubai-f8b0,16,94,Normal
2026-02-17 05:02:47.147489,Dubai-f8b0,11,68,Normal
2026-02-17 05:02:48.147489,Dubai-f8b0,24,42,Normal
2026-02-17 05:02:49.147489,Dubai-f8b0,13,42,Normal
2026-02-17 05:02:50.147489,Dubai-f8b0,-4,99,Normal
2026-02-17 05:02:51.147489,Dubai-f8b0,23,53,Normal
2026-02-17 05:02:52.147489,Dubai-f8b0,-5,76,Normal
2026-02-17 05:02:53.147489,Dubai-f8b0,31,8,Normal
2026-02-17 05:02:54.147489,Dubai-f8b0,-25,71,Normal
2026-02-17 05:02:55.147489,Dubai-f8b0,40,88,Normal
2026-02-17 05:02:56.147489,Dubai-f8b0,-18,34,Normal
2026-02-17 05:02:57.147489,Dubai-f8b0,11,34,Normal
2026-02-17 05:02:58.147489,Dubai-f8b0,41,27,Normal
2026-02-17 05:02:59.147489,Dubai-f8b0,-30,42,Normal
2026-02-17 05:03:00.147489,Dubai-f8b0,-10,38,Normal
2026-02-17 05:03:01.147489,Dubai-f8b0,32,60,Normal
2026-02-17 05:03:02.147489,Dubai-f8b0,12,97,Normal
2026-02-17 05:03:03.147489,Dubai-f8b0,-18,4,Normal
2026-02-17 05:03:04.147489,Dubai-f8b0,31,84,Normal
2026-02-17 05:03:05.147489,Dubai-f8b0,-16,10,Normal
2026-02-17 05:03:06.147489,Dubai-f8b0,-18,56,Normal
2026-02-17 05:03:07.147489,Dubai-f8b0,7,64,Normal
2026-02-17 05:03:08.147489,Dubai-f8b0,48,6,Normal
2026-02-17 05:03:09.147489,Dubai-f8b0,-1,59,Normal
2026-02-17 05:03:10.147489,Dubai-f8b0,46,8,Normal
2026-02-17 05:03:11.147489,Dubai-f8b0,18,30,Normal
2026-02-17 05:03:12.147489,Dubai-f8b0,8,19,Normal
2026-02-17 05:03:13.147489,Dubai-f8b0,-15,77,Normal
2026-02-17 05:03:14.147489,Dubai-f8b0,-6,100,Normal
2026-02-17 05:03:15.147489,Dubai-f8b0,8,53,Normal
2026-02-17 05:03:16.147489,Dubai-f8b0,11,18,Normal
2026-02-17 05:03:17.147489,Dubai-f8b0,50,19,Normal
2026-02-17 05:03:18.147489,Dubai-f8b0,20,1,Normal
2026-02-17 05:03:19.147489,Dubai-f8b0,48,18,Normal
2026-02-17 05:03:20.147489,Dubai-f8b0,-29,65,Normal
2026-02-17 05:03:21.147489,Dubai-f8b0,9,65,Normal
2026-02-17 05:03:22.147489,Dubai-f8b0,21,26,Normal
2026-02-17 05:03:23.147489,Dubai-f8b0,-24,4,Normal
2026-02-17 05:03:24.147489,Dubai-f8b0,-26,12,Normal
2026-02-17 05:03:25.147489,Dubai-f8b0,-21,22,Normal
2026-02-17 05:03:26.147489,Dubai-f8b0,-18,24,Normal
2026-02-17 05:03:27.147489,Dubai-f8b0,-24,15,Normal
2026-02-17 05:03:28.147489,Dubai-f8b0,-1,91,Normal
2026-02-17 05:03:29.147489,Dubai-f8b0,-26,77,Normal
2026-02-17 05:03:30.147489,Dubai-f8b0,35,9,Normal
2026-02-17 05:03:31.147489,Dubai-f8b0,-19,86,Normal
2026-02-17 05:03:32.147489,Dubai-f8b0,12,85,Normal
2026-02-17 05:03:33.147489,Dubai-f8b0,-24,7,Normal
2026-02-17 05:03:34.147489,Dubai-f8b0,-9,35,Normal
2026-02-17 05:03:35.147489,Dubai-f8b0,38,32,Normal
2026-02-17 05:03:36.147489,Dubai-f8b0,-3,97,Normal
2026-02-17 05:03:37.147489,Dubai-f8b0,49,60,Normal
2026-02-17 05:03:38.147489,Dubai-f8b0,27,48,Normal
2026-02-17 05:03:39.147489,Dubai-f8b0,15,39,Normal
2026-02-17 05:03:40.147489,Dubai-f8b0,-14,10,Normal
2026-02-17 05:03:41.147489,Dubai-f8b0,3,8,Normal
2026-02-17 05:03:42.147489,Dubai-f8b0,32,14,Normal
2026-02-17 05:03:43.147489,Dubai-f8b0,50,92,Normal
2026-02-17 05:03:44.147489,Dubai-f8b0,-15,2,Normal
2026-02-17 05:03:45.147489,Dubai-f8b0,30,51,Normal
2026-02-17 05:03:46.147489,Dubai-f8b0,-17,72,Normal
2026-02-17 05:03:47.147489,Dubai-f8b0,21,76,Normal
2026-02-17 05:03:48.147489,Dubai-f8b0,44,88,Normal
2026-02-17 05:03:49.147489,Dubai-f8b0,8,64,Normal
2026-02-17 05:03:50.147489,Dubai-f8b0,25,16,Normal
2026-02-17 05:03:51.147489,Dubai-f8b0,2,56,Normal
2026-02-17 05:03:52.147489,Dubai-f8b0,34,20,Normal
2026-02-17 05:03:53.147489,Dubai-f8b0,23,37,Normal
2026-02-17 05:03:54.147489,Dubai-f8b0,-5,90,Normal
2026-02-17 05:03:55.147489,Dubai-f8b0,44,37,Normal
2026-02-17 05:03:56.147489,Dubai-f8b0,23,52,Normal
2026-02-17 05:03:57.147489,Dubai-f8b0,-22,75,Normal
2026-02-17 05:03:58.147489,Dubai-f8b0,41,53,Normal
2026-02-17 05:03:59.147489,Dubai-f8b0,49,51,Normal
2026-02-17 05:04:00.147489,Dubai-f8b0,4,85,Normal
2026-02-17 05:04:01.147489,Dubai-f8b0,11,93,Normal
2026-02-17 05:04:02.147489,Dubai-f8b0,-13,100,Normal
2026-02-17 05:04:03.147489,Dubai-f8b0,15,79,Normal
2026-02-17 05:04:04.147489,Dubai-f8b0,-8,95,Normal
2026-02-17 05:04:05.147489,Dubai-f8b0,-6,97,Normal
2026-02-17 05:04:06.147489,Dubai-f8b0,12,38,Normal
2026-02-17 05:04:07.147489,Dubai-f8b0,45,73,Normal
2026-02-17 05:04:08.147489,Dubai-f8b0,8,31,Normal
2026-02-17 05:04:09.147489,Dubai-f8b0,6,100,Normal
2026-02-17 05:04:10.147489,Dubai-f8b0,-9,63,Normal
2026-02-17 05:04:11.147489,Dubai-f8b0,20,61,Normal
2026-02-17 05:04:12.147489,Dubai-f8b0,12,16,Normal
2026-02-17 05:04:13.147489,Dubai-f8b0,-3,10,Normal
2026-02-17 05:04:14.147489,Dubai-f8b0,35,49,Normal
2026-02-17 05:04:15.147489,Dubai-f8b0,39,32,Normal
2026-02-17 05:04:16.147489,Dubai-f8b0,41,53,Normal
2026-02-17 05:04:17.147489,Dubai-f8b0,30,90,Normal
2026-02-17 05:04:18.147489,Dubai-f8b0,-17,8,Normal
2026-02-17 05:04:19.147489,Dubai-f8b0,37,29,Normal
2026-02-17 05:04:20.147489,Dubai-f8b0,36,54,Normal
2026-02-17 05:04:21.147489,Dubai-f8b0,-15,30,Normal
2026-02-17 05:04:22.147489,Dubai-f8b0,41,42,Normal
2026-02-17 05:04:23.147489,Dubai-f8b0,32,16,Normal
2026-02-17 05:04:24.147489,Dubai-f8b0,38,88,Normal
2026-02-17 05:04:25.147489,Dubai-f8b0,18,82,Normal
2026-02-17 05:04:26.147489,Dubai-f8b0,-5,72,Normal
2026-02-17 05:04:27.147489,Dubai-f8b0,-13,68,Normal
2026-02-17 05:04:28.147489,Dubai-f8b0,46,53,Normal
2026-02-17 05:04:29.147489,Dubai-f8b0,-24,90,Normal
2026-02-17 05:04:30.147489,Dubai-f8b0,22,19,Normal
2026-02-17 05:04:31.147489,Dubai-f8b0,-15,78,Normal
2026-02-17 05:04:32.147489,Dubai-f8b0,12,54,Normal
2026-02-17 05:04:33.147489,Dubai-f8b0,-14,69,Normal
2026-02-17 05:04:34.147489,Dubai-f8b0,-1,30,Normal
2026-02-17 05:04:35.147489,Dubai-f8b0,3,12,Normal
2026-02-17 05:04:36.147489,Dubai-f8b0,31,91,Normal
2026-02-17 05:04:37.147489,Dubai-f8b0,35,23,Normal
2026-02-17 05:04:38.147489,Dubai-f8b0,10,10,Normal
2026-02-17 05:04:39.147489,Dubai-f8b0,39,96,Normal
2026-02-17 05:04:40.147489,Dubai-f8b0,0,100,Normal
2026-02-17 05:04:41.147489,Dubai-f8b0,45,22,Normal
2026-02-17 05:04:42.147489,Dubai-f8b0,-3,67,Normal
2026-02-17 05:04:43.147489,Dubai-f8b0,12,40,Normal
2026-02-17 05:04:44.147489,Dubai-f8b0,-7,76,Normal
2026-02-17 05:04:45.147489,Dubai-f8b0,-1,77,Normal
2026-02-17 05:04:46.147489,Dubai-f8b0,8,73,Normal
2026-02-17 05:04:47.147489,Dubai-f8b0,-1,20,Normal
2026-02-17 05:04:48.147489,Dubai-f8b0,21,64,Normal
2026-02-17 05:04:49.147489,Dubai-f8b0,-28,49,Normal
2026-02-17 05:04:50.147489,Dubai-f8b0,8,1,Normal
2026-02-17 05:04:51.147489,Dubai-f8b0,48,63,Normal
2026-02-17 05:04:52.147489,Dubai-f8b0,25,86,Normal
2026-02-17 05:04:53.147489,Dubai-f8b0,-11,2,Normal
2026-02-17 05:04:54.147489,Dubai-f8b0,-11,84,Normal
2026-02-17 05:04:55.147489,Dubai-f8b0,-12,32,Normal
2026-02-17 05:04:56.147489,Dubai-f8b0,27,47,Normal
2026-02-17 05:04:57.147489,Dubai-f8b0,45,98,Normal
2026-02-17 05:04:58.147489,Dubai-f8b0,37,42,Normal
2026-02-17 05:04:59.147489,Dubai-f8b0,-22,34,Normal
2026-02-17 05:05:00.147489,Dubai-f8b0,50,32,Normal
2026-02-17 05:05:01.147489,Dubai-f8b0,25,72,Normal
2026-02-17 05:05:02.147489,Dubai-f8b0,-6,8,Normal
2026-02-17 05:05:03.147489,Dubai-f8b0,13,60,Normal
2026-02-17 05:05:04.147489,Dubai-f8b0,0,25,Normal
2026-02-17 05:05:05.147489,Dubai-f8b0,12,67,Normal
2026-02-17 05:05:06.147489,Dubai-f8b0,33,76,Normal
2026-02-17 05:05:07.147489,Dubai-f8b0,35,84,Normal
2026-02-17 05:05:08.147489,Dubai-f8b0,31,57,Normal
2026-02-17 05:05:09.147489,Dubai-f8b0,50,52,Normal
2026-02-17 05:05:10.147489,Dubai-f8b0,-27,64,Normal
2026-02-17 05:05:11.147489,Dubai-f8b0,47,56,Normal
2026-02-17 05:05:12.147489,Dubai-f8b0,-25,98,Normal
2026-02-17 05:05:13.147489,Dubai-f8b0,35,15,Normal
2026-02-17 05:05:14.147489,Dubai-f8b0,10,14,Normal
2026-02-17 05:05:15.147489,Dubai-f8b0,36,4,Normal
2026-02-17 05:05:16.147489,Dubai-f8b0,37,74,Normal
2026-02-17 05:05:17.147489,Dubai-f8b0,31,56,Normal
2026-02-17 05:05:18.147489,Dubai-f8b0,14,15,Normal
2026-02-17 05:05:19.147489,Dubai-f8b0,41,6,Normal
2026-02-17 05:05:20.147489,Dubai-f8b0,35,51,Normal
2026-02-17 05:05:21.147489,Dubai-f8b0,-12,14,Normal
2026-02-17 05:05:22.147489,Dubai-f8b0,-22,100,Normal
2026-02-17 05:05:23.147489,Dubai-f8b0,-21,99,Normal
2026-02-17 05:05:24.147489,Dubai-f8b0,17,10,Normal
2026-02-17 05:05:25.147489,Dubai-f8b0,35,0,Normal
2026-02-17 05:05:26.147489,Dubai-f8b0,-1,45,Normal
2026-02-17 05:05:27.147489,Dubai-f8b0,23,72,Normal
2026-02-17 05:05:28.147489,Dubai-f8b0,34,40,Normal
2026-02-17 05:05:29.147489,Dubai-f8b0,-5,58,Normal
2026-02-17 05:05:30.147489,Dubai-f8b0,36,58,Normal
2026-02-17 05:05:31.147489,Dubai-f8b0,-8,23,Normal
2026-02-17 05:05:32.147489,Dubai-f8b0,19,17,Normal
2026-02-17 05:05:33.147489,Dubai-f8b0,41,41,Normal
2026-02-17 05:05:34.147489,Dubai-f8b0,37,98,Normal
2026-02-17 05:05:35.147489,Dubai-f8b0,38,11,Normal
2026-02-17 05:05:36.147489,Dubai-f8b0,-6,23,Normal
2026-02-17 05:05:37.147489,Dubai-f8b0,6,78,Normal
2026-02-17 05:05:38.147489,Dubai-f8b0,-30,90,Normal
2026-02-17 05:05:39.147489,Dubai-f8b0,37,5,Normal
2026-02-17 05:05:40.147489,Dubai-f8b0,24,6,Normal
2026-02-17 05:05:41.147489,Dubai-f8b0,-29,11,Normal
2026-02-17 05:05:42.147489,Dubai-f8b0,-17,94,Normal
2026-02-17 05:05:43.147489,Dubai-f8b0,-10,84,Normal
2026-02-17 05:05:44.147489,Dubai-f8b0,-25,85,Normal
2026-02-17 05:05:45.147489,Dubai-f8b0,43,89,Normal
2026-02-17 05:05:46.147489,Dubai-f8b0,30,65,Normal
2026-02-17 05:05:47.147489,Dubai-f8b0,-17,56,Normal
2026-02-17 05:05:48.147489,Dubai-f8b0,-6,6,Normal
2026-02-17 05:05:49.147489,Dubai-f8b0,-26,75,Normal
2026-02-17 05:05:50.147489,Dubai-f8b0,26,91,Normal
2026-02-17 05:05:51.147489,Dubai-f8b0,42,57,Normal
2026-02-17 05:05:52.147489,Dubai-f8b0,23,67,Normal
2026-02-17 05:05:53.147489,Dubai-f8b0,-26,8,Normal
2026-02-17 05:05:54.147489,Dubai-f8b0,25,65,Normal
2026-02-17 05:05:55.147489,Dubai-f8b0,3,32,Normal
2026-02-17 05:05:56.147489,Dubai-f8b0,-14,88,Normal
2026-02-17 05:05:57.147489,Dubai-f8b0,26,91,Normal
2026-02-17 05:05:58.147489,Dubai-f8b0,-5,88,Normal
2026-02-17 05:05:59.147489,Dubai-f8b0,50,82,Normal
2026-02-17 05:06:00.147489,Dubai-f8b0,45,62,Normal
2026-02-17 05:06:01.147489,Dubai-f8b0,28,38,Normal
2026-02-17 05:06:02.147489,Dubai-f8b0,36,55,Normal
2026-02-17 05:06:03.147489,Dubai-f8b0,-27,46,Normal
2026-02-17 05:06:04.147489,Dubai-f8b0,35,28,Normal
2026-02-17 05:06:05.147489,Dubai-f8b0,50,58,Normal
2026-02-17 05:06:06.147489,Dubai-f8b0,-29,79,Normal
2026-02-17 05:06:07.147489,Dubai-f8b0,-1,20,Normal
2026-02-17 05:06:08.147489,Dubai-f8b0,43,49,Normal
2026-02-17 05:06:09.147489,Dubai-f8b0,-3,20,Normal
2026-02-17 05:06:10.147489,Dubai-f8b0,-4,10,Normal
2026-02-17 05:06:11.147489,Dubai-f8b0,-9,25,Normal
2026-02-17 05:06:12.147489,Dubai-f8b0,-17,65,Normal
2026-02-17 05:06:13.147489,Dubai-f8b0,43,12,Normal
2026-02-17 05:06:14.147489,Dubai-f8b0,24,38,Normal
2026-02-17 05:06:15.147489,Dubai-f8b0,-6,57,Normal
2026-02-17 05:06:16.147489,Dubai-f8b0,18,78,Normal
2026-02-17 05:06:17.147489,Dubai-f8b0,43,68,Normal
2026-02-17 05:06:18.147489,Dubai-f8b0,-20,71,Normal
2026-02-17 05:06:19.147489,Dubai-f8b0,3,31,Normal
2026-02-17 05:06:20.147489,Dubai-f8b0,11,57,Normal
2026-02-17 05:06:21.147489,Dubai-f8b0,-19,40,Normal
2026-02-17 05:06:22.147489,Dubai-f8b0,27,14,Normal
2026-02-17 05:06:23.147489,Dubai-f8b0,-2,17,Normal
2026-02-17 05:06:24.147489,Dubai-f8b0,-20,94,Normal
2026-02-17 05:06:25.147489,Dubai-f8b0,36,47,Normal
2026-02-17 05:06:26.147489,Dubai-f8b0,-29,8,Normal
2026-02-17 05:06:27.147489,Dubai-f8b0,7,52,Normal
2026-02-17 05:06:28.147489,Dubai-f8b0,1,78,Normal
2026-02-17 05:06:29.147489,Dubai-f8b0,43,36,Normal
2026-02-17 05:06:30.147489,Dubai-f8b0,39,81,Normal
2026-02-17 05:06:31.147489,Dubai-f8b0,-3,61,Normal
2026-02-17 05:06:32.147489,Dubai-f8b0,24,63,Normal
2026-02-17 05:06:33.147489,Dubai-f8b0,-12,20,Normal
2026-02-17 05:06:34.147489,Dubai-f8b0,38,74,Normal
2026-02-17 05:06:35.147489,Dubai-f8b0,-18,63,Normal
2026-02-17 05:06:36.147489,Dubai-f8b0,13,17,Normal
2026-02-17 05:06:37.147489,Dubai-f8b0,-20,88,Normal
2026-02-17 05:06:38.147489,Dubai-f8b0,18,7,Normal
2026-02-17 05:06:39.147489,Dubai-f8b0,3,42,Normal
2026-02-17 05:06:40.147489,Dubai-f8b0,26,36,Normal
2026-02-17 05:06:41.147489,Dubai-f8b0,-22,61,Normal
2026-02-17 05:06:42.147489,Dubai-f8b0,-8,37,Normal
2026-02-17 05:06:43.147489,Dubai-f8b0,34,21,Normal
2026-02-17 05:06:44.147489,Dubai-f8b0,-4,18,Normal
2026-02-17 05:06:45.147489,Dubai-f8b0,42,94,Normal
2026-02-17 05:06:46.147489,Dubai-f8b0,-28,39,Normal
2026-02-17 05:06:47.147489,Dubai-f8b0,-4,31,Normal
2026-02-17 05:06:48.147489,Dubai-f8b0,48,51,Normal
2026-02-17 05:06:49.147489,Dubai-f8b0,-20,3,Normal
2026-02-17 05:06:50.147489,Dubai-f8b0,47,81,Normal
2026-02-17 05:06:51.147489,Dubai-f8b0,10,24,Normal
2026-02-17 05:06:52.147489,Dubai-f8b0,3,8,Normal
2026-02-17 05:06:53.147489,Dubai-f8b0,31,38,Normal
2026-02-17 05:06:54.147489,Dubai-f8b0,-8,6,Normal
2026-02-17 05:06:55.147489,Dubai-f8b0,-11,55,Normal
2026-02-17 05:06:56.147489,Dubai-f8b0,-17,67,Normal
2026-02-17 05:06:57.147489,Dubai-f8b0,1,65,Normal
2026-02-17 05:06:58.147489,Dubai-f8b0,-16,97,Normal
2026-02-17 05:06:59.147489,Dubai-f8b0,-24,15,Normal
2026-02-17 05:07:00.147489,Dubai-f8b0,11,22,Normal
2026-02-17 05:07:01.147489,Dubai-f8b0,0,72,Normal
2026-02-17 05:07:02.147489,Dubai-f8b0,15,64,Normal
2026-02-17 05:07:03.147489,Dubai-f8b0,29,91,Normal
2026-02-17 05:07:04.147489,Dubai-f8b0,14,34,Normal
2026-02-17 05:07:05.147489,Dubai-f8b0,32,16,Normal
2026-02-17 05:07:06.147489,Dubai-f8b0,24,11,Normal
2026-02-17 05:07:07.147489,Dubai-f8b0,34,67,Normal
2026-02-17 05:07:08.147489,Dubai-f8b0,-29,90,Normal
2026-02-17 05:07:09.147489,Dubai-f8b0,-16,71,Normal
2026-02-17 05:07:10.147489,Dubai-f8b0,-2,14,Normal
2026-02-17 05:07:11.147489,Dubai-f8b0,11,56,Normal
2026-02-17 05:07:12.147489,Dubai-f8b0,2,0,Normal
2026-02-17 05:07:13.147489,Dubai-f8b0,49,99,Normal
2026-02-17 05:07:14.147489,Dubai-f8b0,40,43,Normal
2026-02-17 05:07:15.147489,Dubai-f8b0,50,57,Normal
2026-02-17 05:07:16.147489,Dubai-f8b0,48,53,Normal
2026-02-17 05:07:17.147489,Dubai-f8b0,47,83,Normal
2026-02-17 05:07:18.147489,Dubai-f8b0,-15,91,Normal
2026-02-17 05:07:19.147489,Dubai-f8b0,17,12,Normal
2026-02-17 05:07:20.147489,Dubai-f8b0,23,42,Normal
2026-02-17 05:07:21.147489,Dubai-f8b0,34,9,Normal
2026-02-17 05:07:22.147489,Dubai-f8b0,28,84,Normal
2026-02-17 05:07:23.147489,Dubai-f8b0,36,75,Normal
2026-02-17 05:07:24.147489,Dubai-f8b0,1,41,Normal
2026-02-17 05:07:25.147489,Dubai-f8b0,-11,68,Normal
2026-02-17 05:07:26.147489,Dubai-f8b0,-22,98,Normal
2026-02-17 05:07:27.147489,Dubai-f8b0,-15,34,Normal
2026-02-17 05:07:28.147489,Dubai-f8b0,17,2,Normal
2026-02-17 05:07:29.147489,Dubai-f8b0,16,30,Normal
2026-02-17 05:07:30.147489,Dubai-f8b0,15,47,Normal
2026-02-17 05:07:31.147489,Dubai-f8b0,35,40,Normal
2026-02-17 05:07:32.147489,Dubai-f8b0,1,21,Normal
2026-02-17 05:07:33.147489,Dubai-f8b0,15,78,Normal
2026-02-17 05:07:34.147489,Dubai-f8b0,5,21,Normal
2026-02-17 05:07:35.147489,Dubai-f8b0,-29,66,Normal
2026-02-17 05:07:36.147489,Dubai-f8b0,2,68,Normal
2026-02-17 05:07:37.147489,Dubai-f8b0,-1,32,Normal
2026-02-17 05:07:38.147489,Dubai-f8b0,46,63,Normal
2026-02-17 05:07:39.147489,Dubai-f8b0,1,19,Normal
2026-02-17 05:07:40.147489,Dubai-f8b0,2,14,Normal
2026-02-17 05:07:41.147489,Dubai-f8b0,-12,88,Normal
2026-02-17 05:07:42.147489,Dubai-f8b0,50,6,Normal
2026-02-17 05:07:43.147489,Dubai-f8b0,11,86,Normal
2026-02-17 05:07:44.147489,Dubai-f8b0,17,95,Normal
