timestamp,station_id,temp,humid,condition
2026-04-28 00:06:57.580698,Toronto-627c,19,26,Normal
2026-04-28 00:06:58.580698,Toronto-627c,43,15,Normal
2026-04-28 00:06:59.580698,Toronto-627c,49,27,Normal
2026-04-28 00:07:00.580698,Toronto-627c,-5,30,Normal
2026-04-28 00:07:01.580698,Toronto-627c,49,96,Normal
2026-04-28 00:07:02.580698,Toronto-627c,29,14,Normal
2026-04-28 00:07:03.580698,Toronto-627c,-4,32,Normal
2026-04-28 00:07:04.580698,Toronto-627c,49,69,Normal
2026-04-28 00:07:05.580698,Toronto-627c,17,93,Normal
2026-04-28 00:07:06.580698,Toronto-627c,40,32,Normal
2026-04-28 00:07:07.580698,Toronto-627c,-29,6,Normal
2026-04-28 00:07:08.580698,Toronto-627c,50,54,Normal
2026-04-28 00:07:09.580698,Toronto-627c,18,79,Normal
2026-04-28 00:07:10.580698,Toronto-627c,39,44,Normal
2026-04-28 00:07:11.580698,Toronto-627c,46,13,Normal
2026-04-28 00:07:12.580698,Toronto-627c,41,16,Normal
2026-04-28 00:07:13.580698,Toronto-627c,-3,83,Normal
2026-04-28 00:07:14.580698,Toronto-627c,5,6,Normal
2026-04-28 00:07:15.580698,Toronto-627c,46,8,Normal
2026-04-28 00:07:16.580698,Toronto-627c,31,96,Normal
2026-04-28 00:07:17.580698,Toronto-627c,45,48,Normal
2026-04-28 00:07:18.580698,Toronto-627c,15,50,Normal
2026-04-28 00:07:19.580698,Toronto-627c,18,43,Normal
2026-04-28 00:07:20.580698,Toronto-627c,-6,100,Normal
2026-04-28 00:07:21.580698,Toronto-627c,19,90,Normal
2026-04-28 00:07:22.580698,Toronto-627c,44,33,Normal
2026-04-28 00:07:23.580698,Toronto-627c,39,19,Normal
2026-04-28 00:07:24.580698,Toronto-627c,-8,29,Normal
2026-04-28 00:07:25.580698,Toronto-627c,-9,75,Normal
2026-04-28 00:07:26.580698,Toronto-627c,-7,70,Normal
2026-04-28 00:07:27.580698,Toronto-627c,0,70,Normal
2026-04-28 00:07:28.580698,Toronto-627c,16,10,Normal
2026-04-28 00:07:29.580698,Toronto-627c,5,5,Normal
2026-04-28 00:07:30.580698,Toronto-627c,-1,49,Normal
2026-04-28 00:07:31.580698,Toronto-627c,41,3,Normal
2026-04-28 00:07:32.580698,Toronto-627c,-3,67,Normal
2026-04-28 00:07:33.580698,Toronto-627c,49,91,Normal
2026-04-28 00:07:34.580698,Toronto-627c,-24,60,Normal
2026-04-28 00:07:35.580698,Toronto-627c,-29,93,Normal
2026-04-28 00:07:36.580698,Toronto-627c,16,45,Normal
2026-04-28 00:07:37.580698,Toronto-627c,-23,67,Normal
2026-04-28 00:07:38.580698,Toronto-627c,49,22,Normal
2026-04-28 00:07:39.580698,Toronto-627c,-20,70,Normal
2026-04-28 00:07:40.580698,Toronto-627c,30,19,Normal
2026-04-28 00:07:41.580698,Toronto-627c,44,37,Normal
2026-04-28 00:07:42.580698,Toronto-627c,45,89,Normal
2026-04-28 00:07:43.580698,Toronto-627c,35,62,Normal
2026-04-28 00:07:44.580698,Toronto-627c,-28,23,Normal
2026-04-28 00:07:45.580698,Toronto-627c,-7,76,Normal
2026-04-28 00:07:46.580698,Toronto-627c,7,78,Normal
2026-04-28 00:07:47.580698,Toronto-627c,41,31,Normal
2026-04-28 00:07:48.580698,Toronto-627c,30,63,Normal
2026-04-28 00:07:49.580698,Toronto-627c,21,91,Normal
2026-04-28 00:07:50.580698,Toronto-627c,-5,38,Normal
2026-04-28 00:07:51.580698,Toronto-627c,16,65,Normal
2026-04-28 00:07:52.580698,Toronto-627c,36,36,Normal
2026-04-28 00:07:53.580698,Toronto-627c,-20,91,Normal
2026-04-28 00:07:54.580698,Toronto-627c,-18,95,Normal
2026-04-28 00:07:55.580698,Toronto-627c,3,18,Normal
2026-04-28 00:07:56.580698,Toronto-627c,10,32,Normal
2026-04-28 00:07:57.580698,Toronto-627c,20,29,Normal
2026-04-28 00:07:58.580698,Toronto-627c,-23,70,Normal
2026-04-28 00:07:59.580698,Toronto-627c,30,18,Normal
2026-04-28 00:08:00.580698,Toronto-627c,16,13,Normal
2026-04-28 00:08:01.580698,Toronto-627c,-24,59,Normal
2026-04-28 00:08:02.580698,Toronto-627c,-16,43,Normal
2026-04-28 00:08:03.580698,Toronto-627c,-28,44,Normal
2026-04-28 00:08:04.580698,Toronto-627c,34,17,Normal
2026-04-28 00:08:05.580698,Toronto-627c,31,52,Normal
2026-04-28 00:08:06.580698,Toronto-627c,37,60,Normal
2026-04-28 00:08:07.580698,Toronto-627c,-9,20,Normal
2026-04-28 00:08:08.580698,Toronto-627c,-10,41,Normal
2026-04-28 00:08:09.580698,Toronto-627c,-30,41,Normal
2026-04-28 00:08:10.580698,Toronto-627c,-3,36,Normal
2026-04-28 00:08:11.580698,Toronto-627c,16,18,Normal
2026-04-28 00:08:12.580698,Toronto-627c,41,77,Normal
2026-04-28 00:08:13.580698,Toronto-627c,49,3,Normal
2026-04-28 00:08:14.580698,Toronto-627c,27,12,Normal
2026-04-28 00:08:15.580698,Toronto-627c,0,7,Normal
2026-04-28 00:08:16.580698,Toronto-627c,-14,70,Normal
2026-04-28 00:08:17.580698,Toronto-627c,-26,69,Normal
2026-04-28 00:08:18.580698,Toronto-627c,49,79,Normal
2026-04-28 00:08:19.580698,Toronto-627c,25,66,Normal
2026-04-28 00:08:20.580698,Toronto-627c,6,88,Normal
2026-04-28 00:08:21.580698,Toronto-627c,35,85,Normal
2026-04-28 00:08:22.580698,Toronto-627c,-8,51,Normal
2026-04-28 00:08:23.580698,Toronto-627c,11,8,Normal
2026-04-28 00:08:24.580698,Toronto-627c,-3,35,Normal
2026-04-28 00:08:25.580698,Toronto-627c,-20,18,Normal
2026-04-28 00:08:26.580698,Toronto-627c,-14,64,Normal
2026-04-28 00:08:27.580698,Toronto-627c,-7,40,Normal
2026-04-28 00:08:28.580698,Toronto-627c,-29,93,Normal
2026-04-28 00:08:29.580698,Toronto-627c,-27,69,Normal
2026-04-28 00:08:30.580698,Toronto-627c,17,10,Normal
2026-04-28 00:08:31.580698,Toronto-627c,-14,28,Normal
2026-04-28 00:08:32.580698,Toronto-627c,31,54,Normal
2026-04-28 00:08:33.580698,Toronto-627c,16,48,Normal
2026-04-28 00:08:34.580698,Toronto-627c,14,31,Normal
2026-04-28 00:08:35.580698,Toronto-627c,7,80,Normal
2026-04-28 00:08:36.580698,Toronto-627c,23,64,Normal
2026-04-28 00:08:37.580698,Toronto-627c,38,14,Normal
2026-04-28 00:08:38.580698,Toronto-627c,50,92,Normal
2026-04-28 00:08:39.580698,Toronto-627c,18,97,Normal
2026-04-28 00:08:40.580698,Toronto-627c,13,68,Normal
2026-04-28 00:08:41.580698,Toronto-627c,26,35,Normal
2026-04-28 00:08:42.580698,Toronto-627c,-19,18,Normal
2026-04-28 00:08:43.580698,Toronto-627c,-20,31,Normal
2026-04-28 00:08:44.580698,Toronto-627c,2,76,Normal
2026-04-28 00:08:45.580698,Toronto-627c,-5,66,Normal
2026-04-28 00:08:46.580698,Toronto-627c,11,88,Normal
2026-04-28 00:08:47.580698,Toronto-627c,47,94,Normal
2026-04-28 00:08:48.580698,Toronto-627c,45,61,Normal
2026-04-28 00:08:49.580698,Toronto-627c,45,11,Normal
2026-04-28 00:08:50.580698,Toronto-627c,0,22,Normal
2026-04-28 00:08:51.580698,Toronto-627c,22,90,Normal
2026-04-28 00:08:52.580698,Toronto-627c,10,14,Normal
2026-04-28 00:08:53.580698,Toronto-627c,31,45,Normal
2026-04-28 00:08:54.580698,Toronto-627c,47,36,Normal
2026-04-28 00:08:55.580698,Toronto-627c,-7,2,Normal
2026-04-28 00:08:56.580698,Toronto-627c,37,1,Normal
2026-04-28 00:08:57.580698,Toronto-627c,15,9,Normal
2026-04-28 00:08:58.580698,Toronto-627c,-12,81,Normal
2026-04-28 00:08:59.580698,Toronto-627c,-5,83,Normal
2026-04-28 00:09:00.580698,Toronto-627c,-16,75,Normal
2026-04-28 00:09:01.580698,Toronto-627c,10,69,Normal
2026-04-28 00:09:02.580698,Toronto-627c,0,87,Normal
2026-04-28 00:09:03.580698,Toronto-627c,-16,78,Normal
2026-04-28 00:09:04.580698,Toronto-627c,7,9,Normal
2026-04-28 00:09:05.580698,Toronto-627c,17,78,Normal
2026-04-28 00:09:06.580698,Toronto-627c,33,77,Normal
2026-04-28 00:09:07.580698,Toronto-627c,40,46,Normal
2026-04-28 00:09:08.580698,Toronto-627c,-27,29,Normal
2026-04-28 00:09:09.580698,Toronto-627c,10,69,Normal
2026-04-28 00:09:10.580698,Toronto-627c,-17,75,Normal
2026-04-28 00:09:11.580698,Toronto-627c,-20,50,Normal
2026-04-28 00:09:12.580698,Toronto-627c,-6,91,Normal
2026-04-28 00:09:13.580698,Toronto-627c,35,78,Normal
2026-04-28 00:09:14.580698,Toronto-627c,-22,40,Normal
2026-04-28 00:09:15.580698,Toronto-627c,3,86,Normal
2026-04-28 00:09:16.580698,Toronto-627c,-14,98,Normal
2026-04-28 00:09:17.580698,Toronto-627c,44,31,Normal
2026-04-28 00:09:18.580698,Toronto-627c,-3,57,Normal
2026-04-28 00:09:19.580698,Toronto-627c,2,27,Normal
2026-04-28 00:09:20.580698,Toronto-627c,34,71,Normal
2026-04-28 00:09:21.580698,Toronto-627c,35,63,Normal
2026-04-28 00:09:22.580698,Toronto-627c,-6,64,Normal
2026-04-28 00:09:23.580698,Toronto-627c,23,39,Normal
2026-04-28 00:09:24.580698,Toronto-627c,38,42,Normal
2026-04-28 00:09:25.580698,Toronto-627c,-16,36,Normal
2026-04-28 00:09:26.580698,Toronto-627c,9,2,Normal
2026-04-28 00:09:27.580698,Toronto-627c,49,28,Normal
2026-04-28 00:09:28.580698,Toronto-627c,34,97,Normal
2026-04-28 00:09:29.580698,Toronto-627c,-12,16,Normal
2026-04-28 00:09:30.580698,Toronto-627c,27,68,Normal
2026-04-28 00:09:31.580698,Toronto-627c,9,37,Normal
2026-04-28 00:09:32.580698,Toronto-627c,31,21,Normal
2026-04-28 00:09:33.580698,Toronto-627c,-9,90,Normal
2026-04-28 00:09:34.580698,Toronto-627c,0,81,Normal
2026-04-28 00:09:35.580698,Toronto-627c,19,75,Normal
2026-04-28 00:09:36.580698,Toronto-627c,27,84,Normal
2026-04-28 00:09:37.580698,Toronto-627c,12,52,Normal
2026-04-28 00:09:38.580698,Toronto-627c,36,85,Normal
2026-04-28 00:09:39.580698,Toronto-627c,-29,0,Normal
2026-04-28 00:09:40.580698,Toronto-627c,47,90,Normal
2026-04-28 00:09:41.580698,Toronto-627c,23,72,Normal
2026-04-28 00:09:42.580698,Toronto-627c,42,36,Normal
2026-04-28 00:09:43.580698,Toronto-627c,-12,87,Normal
2026-04-28 00:09:44.580698,Toronto-627c,44,88,Normal
2026-04-28 00:09:45.580698,Toronto-627c,47,28,Normal
2026-04-28 00:09:46.580698,Toronto-627c,8,90,Normal
2026-04-28 00:09:47.580698,Toronto-627c,-3,13,Normal
2026-04-28 00:09:48.580698,Toronto-627c,29,13,Normal
2026-04-28 00:09:49.580698,Toronto-627c,-15,29,Normal
2026-04-28 00:09:50.580698,Toronto-627c,45,74,Normal
2026-04-28 00:09:51.580698,Toronto-627c,-18,2,Normal
2026-04-28 00:09:52.580698,Toronto-627c,-2,23,Normal
2026-04-28 00:09:53.580698,Toronto-627c,-23,21,Normal
2026-04-28 00:09:54.580698,Toronto-627c,-1,56,Normal
2026-04-28 00:09:55.580698,Toronto-627c,41,49,Normal
2026-04-28 00:09:56.580698,Toronto-627c,40,36,Normal
2026-04-28 00:09:57.580698,Toronto-627c,-1,14,Normal
2026-04-28 00:09:58.580698,Toronto-627c,41,49,Normal
2026-04-28 00:09:59.580698,Toronto-627c,35,55,Normal
2026-04-28 00:10:00.580698,Toronto-627c,47,94,Normal
2026-04-28 00:10:01.580698,Toronto-627c,11,36,Normal
2026-04-28 00:10:02.580698,Toronto-627c,15,64,Normal
2026-04-28 00:10:03.580698,Toronto-627c,16,36,Normal
2026-04-28 00:10:04.580698,Toronto-627c,2,21,Normal
2026-04-28 00:10:05.580698,Toronto-627c,5,38,Normal
2026-04-28 00:10:06.580698,Toronto-627c,-18,76,Normal
2026-04-28 00:10:07.580698,Toronto-627c,35,34,Normal
2026-04-28 00:10:08.580698,Toronto-627c,11,2,Normal
2026-04-28 00:10:09.580698,Toronto-627c,48,72,Normal
2026-04-28 00:10:10.580698,Toronto-627c,23,7,Normal
2026-04-28 00:10:11.580698,Toronto-627c,30,97,Normal
2026-04-28 00:10:12.580698,Toronto-627c,15,23,Normal
2026-04-28 00:10:13.580698,Toronto-627c,8,73,Normal
2026-04-28 00:10:14.580698,Toronto-627c,-13,56,Normal
2026-04-28 00:10:15.580698,Toronto-627c,49,79,Normal
2026-04-28 00:10:16.580698,Toronto-627c,-1,68,Normal
2026-04-28 00:10:17.580698,Toronto-627c,27,11,Normal
2026-04-28 00:10:18.580698,Toronto-627c,48,53,Normal
2026-04-28 00:10:19.580698,Toronto-627c,18,8,Normal
2026-04-28 00:10:20.580698,Toronto-627c,36,22,Normal
2026-04-28 00:10:21.580698,Toronto-627c,43,91,Normal
2026-04-28 00:10:22.580698,Toronto-627c,27,65,Normal
2026-04-28 00:10:23.580698,Toronto-627c,21,46,Normal
2026-04-28 00:10:24.580698,Toronto-627c,33,23,Normal
2026-04-28 00:10:25.580698,Toronto-627c,-5,13,Normal
2026-04-28 00:10:26.580698,Toronto-627c,34,66,Normal
2026-04-28 00:10:27.580698,Toronto-627c,32,73,Normal
2026-04-28 00:10:28.580698,Toronto-627c,-20,48,Normal
2026-04-28 00:10:29.580698,Toronto-627c,-11,40,Normal
2026-04-28 00:10:30.580698,Toronto-627c,-29,30,Normal
2026-04-28 00:10:31.580698,Toronto-627c,29,24,Normal
2026-04-28 00:10:32.580698,Toronto-627c,-8,83,Normal
2026-04-28 00:10:33.580698,Toronto-627c,3,96,Normal
2026-04-28 00:10:34.580698,Toronto-627c,-14,20,Normal
2026-04-28 00:10:35.580698,Toronto-627c,26,33,Normal
2026-04-28 00:10:36.580698,Toronto-627c,45,85,Normal
2026-04-28 00:10:37.580698,Toronto-627c,41,77,Normal
2026-04-28 00:10:38.580698,Toronto-627c,19,9,Normal
2026-04-28 00:10:39.580698,Toronto-627c,0,1,Normal
2026-04-28 00:10:40.580698,Toronto-627c,16,27,Normal
2026-04-28 00:10:41.580698,Toronto-627c,2,7,Normal
2026-04-28 00:10:42.580698,Toronto-627c,5,11,Normal
2026-04-28 00:10:43.580698,Toronto-627c,6,70,Normal
2026-04-28 00:10:44.580698,Toronto-627c,12,29,Normal
2026-04-28 00:10:45.580698,Toronto-627c,4,11,Normal
2026-04-28 00:10:46.580698,Toronto-627c,38,29,Normal
2026-04-28 00:10:47.580698,Toronto-627c,-13,24,Normal
2026-04-28 00:10:48.580698,Toronto-627c,-17,5,Normal
2026-04-28 00:10:49.580698,Toronto-627c,21,53,Normal
2026-04-28 00:10:50.580698,Toronto-627c,45,81,Normal
2026-04-28 00:10:51.580698,Toronto-627c,8,81,Normal
2026-04-28 00:10:52.580698,Toronto-627c,21,34,Normal
2026-04-28 00:10:53.580698,Toronto-627c,31,85,Normal
2026-04-28 00:10:54.580698,Toronto-627c,46,5,Normal
2026-04-28 00:10:55.580698,Toronto-627c,6,25,Normal
2026-04-28 00:10:56.580698,Toronto-627c,-13,30,Normal
2026-04-28 00:10:57.580698,Toronto-627c,23,82,Normal
2026-04-28 00:10:58.580698,Toronto-627c,-12,89,Normal
2026-04-28 00:10:59.580698,Toronto-627c,36,0,Normal
2026-04-28 00:11:00.580698,Toronto-627c,-23,26,Normal
2026-04-28 00:11:01.580698,Toronto-627c,32,12,Normal
2026-04-28 00:11:02.580698,Toronto-627c,17,3,Normal
2026-04-28 00:11:03.580698,Toronto-627c,-20,98,Normal
2026-04-28 00:11:04.580698,Toronto-627c,28,20,Normal
2026-04-28 00:11:05.580698,Toronto-627c,49,21,Normal
2026-04-28 00:11:06.580698,Toronto-627c,3,87,Normal
2026-04-28 00:11:07.580698,Toronto-627c,8,97,Normal
2026-04-28 00:11:08.580698,Toronto-627c,-11,86,Normal
2026-04-28 00:11:09.580698,Toronto-627c,34,95,Normal
2026-04-28 00:11:10.580698,Toronto-627c,49,17,Normal
2026-04-28 00:11:11.580698,Toronto-627c,-24,13,Normal
2026-04-28 00:11:12.580698,Toronto-627c,21,86,Normal
2026-04-28 00:11:13.580698,Toronto-627c,-1,5,Normal
2026-04-28 00:11:14.580698,Toronto-627c,10,66,Normal
2026-04-28 00:11:15.580698,Toronto-627c,-21,26,Normal
2026-04-28 00:11:16.580698,Toronto-627c,24,17,Normal
2026-04-28 00:11:17.580698,Toronto-627c,46,99,Normal
2026-04-28 00:11:18.580698,Toronto-627c,2,28,Normal
2026-04-28 00:11:19.580698,Toronto-627c,31,75,Normal
2026-04-28 00:11:20.580698,Toronto-627c,32,71,Normal
2026-04-28 00:11:21.580698,Toronto-627c,42,6,Normal
2026-04-28 00:11:22.580698,Toronto-627c,26,62,Normal
2026-04-28 00:11:23.580698,Toronto-627c,39,16,Normal
2026-04-28 00:11:24.580698,Toronto-627c,-25,61,Normal
2026-04-28 00:11:25.580698,Toronto-627c,20,99,Normal
2026-04-28 00:11:26.580698,Toronto-627c,44,71,Normal
2026-04-28 00:11:27.580698,Toronto-627c,-22,87,Normal
2026-04-28 00:11:28.580698,Toronto-627c,-30,3,Normal
2026-04-28 00:11:29.580698,Toronto-627c,15,49,Normal
2026-04-28 00:11:30.580698,Toronto-627c,21,71,Normal
2026-04-28 00:11:31.580698,Toronto-627c,6,51,Normal
2026-04-28 00:11:32.580698,Toronto-627c,17,88,Normal
2026-04-28 00:11:33.580698,Toronto-627c,10,65,Normal
2026-04-28 00:11:34.580698,Toronto-627c,-11,40,Normal
2026-04-28 00:11:35.580698,Toronto-627c,26,49,Normal
2026-04-28 00:11:36.580698,Toronto-627c,22,95,Normal
2026-04-28 00:11:37.580698,Toronto-627c,34,25,Normal
2026-04-28 00:11:38.580698,Toronto-627c,-24,64,Normal
2026-04-28 00:11:39.580698,Toronto-627c,42,10,Normal
2026-04-28 00:11:40.580698,Toronto-627c,22,22,Normal
2026-04-28 00:11:41.580698,Toronto-627c,20,54,Normal
2026-04-28 00:11:42.580698,Toronto-627c,2,11,Normal
2026-04-28 00:11:43.580698,Toronto-627c,33,24,Normal
2026-04-28 00:11:44.580698,Toronto-627c,31,55,Normal
2026-04-28 00:11:45.580698,Toronto-627c,1,40,Normal
2026-04-28 00:11:46.580698,Toronto-627c,1,100,Normal
2026-04-28 00:11:47.580698,Toronto-627c,48,90,Normal
2026-04-28 00:11:48.580698,Toronto-627c,30,25,Normal
2026-04-28 00:11:49.580698,Toronto-627c,-22,51,Normal
2026-04-28 00:11:50.580698,Toronto-627c,28,43,Normal
2026-04-28 00:11:51.580698,Toronto-627c,-1,40,Normal
2026-04-28 00:11:52.580698,Toronto-627c,-3,32,Normal
2026-04-28 00:11:53.580698,Toronto-627c,5,45,Normal
2026-04-28 00:11:54.580698,Toronto-627c,-10,12,Normal
2026-04-28 00:11:55.580698,Toronto-627c,45,92,Normal
2026-04-28 00:11:56.580698,Toronto-627c,50,84,Normal
2026-04-28 00:11:57.580698,Toronto-627c,8,58,Normal
2026-04-28 00:11:58.580698,Toronto-627c,-7,34,Normal
2026-04-28 00:11:59.580698,Toronto-627c,-9,0,Normal
2026-04-28 00:12:00.580698,Toronto-627c,-6,3,Normal
2026-04-28 00:12:01.580698,Toronto-627c,15,83,Normal
2026-04-28 00:12:02.580698,Toronto-627c,6,64,Normal
2026-04-28 00:12:03.580698,Toronto-627c,-26,12,Normal
2026-04-28 00:12:04.580698,Toronto-627c,40,86,Normal
2026-04-28 00:12:05.580698,Toronto-627c,34,68,Normal
2026-04-28 00:12:06.580698,Toronto-627c,-26,78,Normal
2026-04-28 00:12:07.580698,Toronto-627c,48,82,Normal
2026-04-28 00:12:08.580698,Toronto-627c,49,60,Normal
2026-04-28 00:12:09.580698,Toronto-627c,11,66,Normal
2026-04-28 00:12:10.580698,Toronto-627c,5,18,Normal
2026-04-28 00:12:11.580698,Toronto-627c,-9,16,Normal
2026-04-28 00:12:12.580698,Toronto-627c,49,99,Normal
2026-04-28 00:12:13.580698,Toronto-627c,16,23,Normal
2026-04-28 00:12:14.580698,Toronto-627c,49,11,Normal
2026-04-28 00:12:15.580698,Toronto-627c,0,66,Normal
2026-04-28 00:12:16.580698,Toronto-627c,-20,36,Normal
2026-04-28 00:12:17.580698,Toronto-627c,16,86,Normal
2026-04-28 00:12:18.580698,Toronto-627c,-9,44,Normal
2026-04-28 00:12:19.580698,Toronto-627c,2,47,Normal
2026-04-28 00:12:20.580698,Toronto-627c,34,85,Normal
2026-04-28 00:12:21.580698,Toronto-627c,48,3,Normal
2026-04-28 00:12:22.580698,Toronto-627c,24,56,Normal
2026-04-28 00:12:23.580698,Toronto-627c,27,46,Normal
2026-04-28 00:12:24.580698,Toronto-627c,13,49,Normal
2026-04-28 00:12:25.580698,Toronto-627c,43,75,Normal
2026-04-28 00:12:26.580698,Toronto-627c,23,92,Normal
2026-04-28 00:12:27.580698,Toronto-627c,26,2,Normal
2026-04-28 00:12:28.580698,Toronto-627c,13,50,Normal
2026-04-28 00:12:29.580698,Toronto-627c,-1,61,Normal
2026-04-28 00:12:30.580698,Toronto-627c,44,83,Normal
2026-04-28 00:12:31.580698,Toronto-627c,-12,17,Normal
2026-04-28 00:12:32.580698,Toronto-627c,18,13,Normal
2026-04-28 00:12:33.580698,Toronto-627c,-30,32,Normal
2026-04-28 00:12:34.580698,Toronto-627c,17,25,Normal
2026-04-28 00:12:35.580698,Toronto-627c,24,2,Normal
2026-04-28 00:12:36.580698,Toronto-627c,33,88,Normal
2026-04-28 00:12:37.580698,Toronto-627c,3,87,Normal
2026-04-28 00:12:38.580698,Toronto-627c,-24,21,Normal
2026-04-28 00:12:39.580698,Toronto-627c,12,85,Normal
2026-04-28 00:12:40.580698,Toronto-627c,13,75,Normal
2026-04-28 00:12:41.580698,Toronto-627c,17,92,Normal
2026-04-28 00:12:42.580698,Toronto-627c,9,67,Normal
2026-04-28 00:12:43.580698,Toronto-627c,25,46,Normal
2026-04-28 00:12:44.580698,Toronto-627c,9,77,Normal
2026-04-28 00:12:45.580698,Toronto-627c,-28,50,Normal
2026-04-28 00:12:46.580698,Toronto-627c,-17,70,Normal
2026-04-28 00:12:47.580698,Toronto-627c,24,40,Normal
2026-04-28 00:12:48.580698,Toronto-627c,-18,38,Normal
2026-04-28 00:12:49.580698,Toronto-627c,12,55,Normal
2026-04-28 00:12:50.580698,Toronto-627c,49,56,Normal
2026-04-28 00:12:51.580698,Toronto-627c,-6,49,Normal
2026-04-28 00:12:52.580698,Toronto-627c,-5,71,Normal
2026-04-28 00:12:53.580698,Toronto-627c,-26,5,Normal
2026-04-28 00:12:54.580698,Toronto-627c,-17,30,Normal
2026-04-28 00:12:55.580698,Toronto-627c,33,38,Normal
2026-04-28 00:12:56.580698,Toronto-627c,-29,76,Normal
2026-04-28 00:12:57.580698,Toronto-627c,17,79,Normal
2026-04-28 00:12:58.580698,Toronto-627c,-2,21,Normal
2026-04-28 00:12:59.580698,Toronto-627c,-28,59,Normal
2026-04-28 00:13:00.580698,Toronto-627c,-30,61,Normal
2026-04-28 00:13:01.580698,Toronto-627c,11,62,Normal
2026-04-28 00:13:02.580698,Toronto-627c,26,94,Normal
2026-04-28 00:13:03.580698,Toronto-627c,-23,63,Normal
2026-04-28 00:13:04.580698,Toronto-627c,-6,91,Normal
2026-04-28 00:13:05.580698,Toronto-627c,-15,26,Normal
2026-04-28 00:13:06.580698,Toronto-627c,-7,91,Normal
2026-04-28 00:13:07.580698,Toronto-627c,-11,69,Normal
2026-04-28 00:13:08.580698,Toronto-627c,-5,64,Normal
2026-04-28 00:13:09.580698,Toronto-627c,-13,40,Normal
2026-04-28 00:13:10.580698,Toronto-627c,5,56,Normal
2026-04-28 00:13:11.580698,Toronto-627c,2,41,Normal
2026-04-28 00:13:12.580698,Toronto-627c,-25,31,Normal
2026-04-28 00:13:13.580698,Toronto-627c,-29,48,Normal
2026-04-28 00:13:14.580698,Toronto-627c,4,70,Normal
2026-04-28 00:13:15.580698,Toronto-627c,0,62,Normal
2026-04-28 00:13:16.580698,Toronto-627c,13,93,Normal
2026-04-28 00:13:17.580698,Toronto-627c,0,35,Normal
2026-04-28 00:13:18.580698,Toronto-627c,-27,77,Normal
2026-04-28 00:13:19.580698,Toronto-627c,12,84,Normal
2026-04-28 00:13:20.580698,Toronto-627c,14,1,Normal
2026-04-28 00:13:21.580698,Toronto-627c,28,20,Normal
2026-04-28 00:13:22.580698,Toronto-627c,45,52,Normal
2026-04-28 00:13:23.580698,Toronto-627c,-1,6,Normal
2026-04-28 00:13:24.580698,Toronto-627c,5,34,Normal
2026-04-28 00:13:25.580698,Toronto-627c,-12,22,Normal
2026-04-28 00:13:26.580698,Toronto-627c,-13,25,Normal
2026-04-28 00:13:27.580698,Toronto-627c,22,97,Normal
2026-04-28 00:13:28.580698,Toronto-627c,45,81,Normal
2026-04-28 00:13:29.580698,Toronto-627c,11,21,Normal
2026-04-28 00:13:30.580698,Toronto-627c,-12,61,Normal
2026-04-28 00:13:31.580698,Toronto-627c,27,11,Normal
2026-04-28 00:13:32.580698,Toronto-627c,-19,69,Normal
2026-04-28 00:13:33.580698,Toronto-627c,35,38,Normal
2026-04-28 00:13:34.580698,Toronto-627c,26,78,Normal
2026-04-28 00:13:35.580698,Toronto-627c,38,44,Normal
2026-04-28 00:13:36.580698,Toronto-627c,49,86,Normal
2026-04-28 00:13:37.580698,Toronto-627c,-30,59,Normal
2026-04-28 00:13:38.580698,Toronto-627c,10,92,Normal
2026-04-28 00:13:39.580698,Toronto-627c,21,93,Normal
2026-04-28 00:13:40.580698,Toronto-627c,-9,56,Normal
2026-04-28 00:13:41.580698,Toronto-627c,-20,43,Normal
2026-04-28 00:13:42.580698,Toronto-627c,-1,90,Normal
2026-04-28 00:13:43.580698,Toronto-627c,-8,7,Normal
2026-04-28 00:13:44.580698,Toronto-627c,-15,65,Normal
2026-04-28 00:13:45.580698,Toronto-627c,-8,79,Normal
2026-04-28 00:13:46.580698,Toronto-627c,28,68,Normal
2026-04-28 00:13:47.580698,Toronto-627c,1,95,Normal
2026-04-28 00:13:48.580698,Toronto-627c,43,20,Normal
2026-04-28 00:13:49.580698,Toronto-627c,23,53,Normal
2026-04-28 00:13:50.580698,Toronto-627c,6,15,Normal
2026-04-28 00:13:51.580698,Toronto-627c,4,33,Normal
2026-04-28 00:13:52.580698,Toronto-627c,23,67,Normal
2026-04-28 00:13:53.580698,Toronto-627c,-22,65,Normal
2026-04-28 00:13:54.580698,Toronto-627c,-27,1,Normal
2026-04-28 00:13:55.580698,Toronto-627c,42,21,Normal
2026-04-28 00:13:56.580698,Toronto-627c,-14,78,Normal
2026-04-28 00:13:57.580698,Toronto-627c,14,79,Normal
2026-04-28 00:13:58.580698,Toronto-627c,46,45,Normal
2026-04-28 00:13:59.580698,Toronto-627c,1,18,Normal
2026-04-28 00:14:00.580698,Toronto-627c,48,84,Normal
2026-04-28 00:14:01.580698,Toronto-627c,49,28,Normal
2026-04-28 00:14:02.580698,Toronto-627c,-2,48,Normal
2026-04-28 00:14:03.580698,Toronto-627c,27,30,Normal
2026-04-28 00:14:04.580698,Toronto-627c,-1,12,Normal
2026-04-28 00:14:05.580698,Toronto-627c,21,2,Normal
2026-04-28 00:14:06.580698,Toronto-627c,2,72,Normal
2026-04-28 00:14:07.580698,Toronto-627c,-28,92,Normal
2026-04-28 00:14:08.580698,Toronto-627c,49,80,Normal
2026-04-28 00:14:09.580698,Toronto-627c,49,37,Normal
2026-04-28 00:14:10.580698,Toronto-627c,-20,56,Normal
2026-04-28 00:14:11.580698,Toronto-627c,-12,26,Normal
2026-04-28 00:14:12.580698,Toronto-627c,-30,20,Normal
2026-04-28 00:14:13.580698,Toronto-627c,-6,82,Normal
2026-04-28 00:14:14.580698,Toronto-627c,-25,34,Normal
2026-04-28 00:14:15.580698,Toronto-627c,-28,61,Normal
2026-04-28 00:14:16.580698,Toronto-627c,-14,57,Normal
2026-04-28 00:14:17.580698,Toronto-627c,28,33,Normal
2026-04-28 00:14:18.580698,Toronto-627c,-16,98,Normal
2026-04-28 00:14:19.580698,Toronto-627c,41,41,Normal
2026-04-28 00:14:20.580698,Toronto-627c,-5,29,Normal
2026-04-28 00:14:21.580698,Toronto-627c,-14,6,Normal
2026-04-28 00:14:22.580698,Toronto-627c,0,73,Normal
2026-04-28 00:14:23.580698,Toronto-627c,29,23,Normal
2026-04-28 00:14:24.580698,Toronto-627c,3,77,Normal
2026-04-28 00:14:25.580698,Toronto-627c,-13,12,Normal
2026-04-28 00:14:26.580698,Toronto-627c,-11,35,Normal
2026-04-28 00:14:27.580698,Toronto-627c,-16,85,Normal
2026-04-28 00:14:28.580698,Toronto-627c,-5,0,Normal
2026-04-28 00:14:29.580698,Toronto-627c,42,92,Normal
2026-04-28 00:14:30.580698,Toronto-627c,-11,32,Normal
2026-04-28 00:14:31.580698,Toronto-627c,11,85,Normal
2026-04-28 00:14:32.580698,Toronto-627c,1,23,Normal
2026-04-28 00:14:33.580698,Toronto-627c,42,8,Normal
2026-04-28 00:14:34.580698,Toronto-627c,3,0,Normal
2026-04-28 00:14:35.580698,Toronto-627c,-12,57,Normal
2026-04-28 00:14:36.580698,Toronto-627c,16,90,Normal
2026-04-28 00:14:37.580698,Toronto-627c,3,42,Normal
2026-04-28 00:14:38.580698,Toronto-627c,50,69,Normal
2026-04-28 00:14:39.580698,Toronto-627c,-10,39,Normal
2026-04-28 00:14:40.580698,Toronto-627c,27,55,Normal
2026-04-28 00:14:41.580698,Toronto-627c,15,19,Normal
2026-04-28 00:14:42.580698,Toronto-627c,7,57,Normal
2026-04-28 00:14:43.580698,Toronto-627c,34,91,Normal
2026-04-28 00:14:44.580698,Toronto-627c,22,50,Normal
2026-04-28 00:14:45.580698,Toronto-627c,-27,72,Normal
2026-04-28 00:14:46.580698,Toronto-627c,-7,90,Normal
2026-04-28 00:14:47.580698,Toronto-627c,25,68,Normal
2026-04-28 00:14:48.580698,Toronto-627c,19,8,Normal
2026-04-28 00:14:49.580698,Toronto-627c,49,37,Normal
2026-04-28 00:14:50.580698,Toronto-627c,8,33,Normal
2026-04-28 00:14:51.580698,Toronto-627c,28,99,Normal
2026-04-28 00:14:52.580698,Toronto-627c,47,92,Normal
2026-04-28 00:14:53.580698,Toronto-627c,12,87,Normal
2026-04-28 00:14:54.580698,Toronto-627c,49,44,Normal
2026-04-28 00:14:55.580698,Toronto-627c,19,77,Normal
2026-04-28 00:14:56.580698,Toronto-627c,43,42,Normal
2026-04-28 00:14:57.580698,Toronto-627c,-27,84,Normal
2026-04-28 00:14:58.580698,Toronto-627c,16,72,Normal
2026-04-28 00:14:59.580698,Toronto-627c,-6,86,Normal
2026-04-28 00:15:00.580698,Toronto-627c,-6,30,Normal
2026-04-28 00:15:01.580698,Toronto-627c,-1,93,Normal
2026-04-28 00:15:02.580698,Toronto-627c,48,95,Normal
2026-04-28 00:15:03.580698,Toronto-627c,-25,45,Normal
2026-04-28 00:15:04.580698,Toronto-627c,16,97,Normal
2026-04-28 00:15:05.580698,Toronto-627c,44,68,Normal
2026-04-28 00:15:06.580698,Toronto-627c,-30,49,Normal
2026-04-28 00:15:07.580698,Toronto-627c,-4,97,Normal
2026-04-28 00:15:08.580698,Toronto-627c,5,28,Normal
2026-04-28 00:15:09.580698,Toronto-627c,31,98,Normal
2026-04-28 00:15:10.580698,Toronto-627c,30,58,Normal
2026-04-28 00:15:11.580698,Toronto-627c,-25,66,Normal
2026-04-28 00:15:12.580698,Toronto-627c,0,23,Normal
2026-04-28 00:15:13.580698,Toronto-627c,-8,16,Normal
2026-04-28 00:15:14.580698,Toronto-627c,22,37,Normal
2026-04-28 00:15:15.580698,Toronto-627c,41,12,Normal
2026-04-28 00:15:16.580698,Toronto-627c,0,9,Normal
2026-04-28 00:15:17.580698,Toronto-627c,31,56,Normal
2026-04-28 00:15:18.580698,Toronto-627c,-17,88,Normal
2026-04-28 00:15:19.580698,Toronto-627c,38,81,Normal
2026-04-28 00:15:20.580698,Toronto-627c,-1,40,Normal
2026-04-28 00:15:21.580698,Toronto-627c,-6,87,Normal
2026-04-28 00:15:22.580698,Toronto-627c,36,95,Normal
2026-04-28 00:15:23.580698,Toronto-627c,-26,92,Normal
2026-04-28 00:15:24.580698,Toronto-627c,-24,3,Normal
2026-04-28 00:15:25.580698,Toronto-627c,-29,33,Normal
2026-04-28 00:15:26.580698,Toronto-627c,-7,93,Normal
2026-04-28 00:15:27.580698,Toronto-627c,-21,31,Normal
2026-04-28 00:15:28.580698,Toronto-627c,27,3,Normal
2026-04-28 00:15:29.580698,Toronto-627c,-17,42,Normal
2026-04-28 00:15:30.580698,Toronto-627c,15,32,Normal
2026-04-28 00:15:31.580698,Toronto-627c,25,28,Normal
2026-04-28 00:15:32.580698,Toronto-627c,36,5,Normal
2026-04-28 00:15:33.580698,Toronto-627c,20,96,Normal
2026-04-28 00:15:34.580698,Toronto-627c,12,93,Normal
2026-04-28 00:15:35.580698,Toronto-627c,4,1,Normal
2026-04-28 00:15:36.580698,Toronto-627c,37,78,Normal
2026-04-28 00:15:37.580698,Toronto-627c,17,59,Normal
2026-04-28 00:15:38.580698,Toronto-627c,29,90,Normal
2026-04-28 00:15:39.580698,Toronto-627c,-29,60,Normal
2026-04-28 00:15:40.580698,Toronto-627c,46,24,Normal
2026-04-28 00:15:41.580698,Toronto-627c,29,70,Normal
2026-04-28 00:15:42.580698,Toronto-627c,26,21,Normal
2026-04-28 00:15:43.580698,Toronto-627c,46,30,Normal
2026-04-28 00:15:44.580698,Toronto-627c,-14,37,Normal
2026-04-28 00:15:45.580698,Toronto-627c,36,26,Normal
2026-04-28 00:15:46.580698,Toronto-627c,-16,1,Normal
2026-04-28 00:15:47.580698,Toronto-627c,-9,54,Normal
2026-04-28 00:15:48.580698,Toronto-627c,30,94,Normal
2026-04-28 00:15:49.580698,Toronto-627c,-12,65,Normal
2026-04-28 00:15:50.580698,Toronto-627c,-24,100,Normal
2026-04-28 00:15:51.580698,Toronto-627c,48,42,Normal
2026-04-28 00:15:52.580698,Toronto-627c,46,12,Normal
2026-04-28 00:15:53.580698,Toronto-627c,-10,4,Normal
2026-04-28 00:15:54.580698,Toronto-627c,20,19,Normal
2026-04-28 00:15:55.580698,Toronto-627c,-10,76,Normal
2026-04-28 00:15:56.580698,Toronto-627c,24,33,Normal
2026-04-28 00:15:57.580698,Toronto-627c,9,63,Normal
2026-04-28 00:15:58.580698,Toronto-627c,12,20,Normal
2026-04-28 00:15:59.580698,Toronto-627c,-19,36,Normal
2026-04-28 00:16:00.580698,Toronto-627c,8,82,Normal
2026-04-28 00:16:01.580698,Toronto-627c,10,34,Normal
2026-04-28 00:16:02.580698,Toronto-627c,18,67,Normal
2026-04-28 00:16:03.580698,Toronto-627c,19,69,Normal
2026-04-28 00:16:04.580698,Toronto-627c,24,89,Normal
2026-04-28 00:16:05.580698,Toronto-627c,10,77,Normal
2026-04-28 00:16:06.580698,Toronto-627c,9,72,Normal
2026-04-28 00:16:07.580698,Toronto-627c,0,4,Normal
2026-04-28 00:16:08.580698,Toronto-627c,12,5,Normal
2026-04-28 00:16:09.580698,Toronto-627c,35,88,Normal
2026-04-28 00:16:10.580698,Toronto-627c,22,61,Normal
2026-04-28 00:16:11.580698,Toronto-627c,-14,45,Normal
2026-04-28 00:16:12.580698,Toronto-627c,47,42,Normal
2026-04-28 00:16:13.580698,Toronto-627c,-1,99,Normal
2026-04-28 00:16:14.580698,Toronto-627c,-6,45,Normal
2026-04-28 00:16:15.580698,Toronto-627c,43,58,Normal
2026-04-28 00:16:16.580698,Toronto-627c,-8,63,Normal
2026-04-28 00:16:17.580698,Toronto-627c,35,15,Normal
2026-04-28 00:16:18.580698,Toronto-627c,33,65,Normal
2026-04-28 00:16:19.580698,Toronto-627c,36,79,Normal
2026-04-28 00:16:20.580698,Toronto-627c,37,49,Normal
2026-04-28 00:16:21.580698,Toronto-627c,-20,36,Normal
2026-04-28 00:16:22.580698,Toronto-627c,41,12,Normal
2026-04-28 00:16:23.580698,Toronto-627c,-28,38,Normal
2026-04-28 00:16:24.580698,Toronto-627c,-13,86,Normal
2026-04-28 00:16:25.580698,Toronto-627c,6,8,Normal
2026-04-28 00:16:26.580698,Toronto-627c,18,28,Normal
2026-04-28 00:16:27.580698,Toronto-627c,40,10,Normal
2026-04-28 00:16:28.580698,Toronto-627c,21,14,Normal
2026-04-28 00:16:29.580698,Toronto-627c,47,25,Normal
2026-04-28 00:16:30.580698,Toronto-627c,-20,97,Normal
2026-04-28 00:16:31.580698,Toronto-627c,18,32,Normal
2026-04-28 00:16:32.580698,Toronto-627c,31,14,Normal
2026-04-28 00:16:33.580698,Toronto-627c,31,48,Normal
2026-04-28 00:16:34.580698,Toronto-627c,16,8,Normal
2026-04-28 00:16:35.580698,Toronto-627c,21,43,Normal
2026-04-28 00:16:36.580698,Toronto-627c,-12,68,Normal
2026-04-28 00:16:37.580698,Toronto-627c,10,38,Normal
2026-04-28 00:16:38.580698,Toronto-627c,-28,80,Normal
2026-04-28 00:16:39.580698,Toronto-627c,39,75,Normal
2026-04-28 00:16:40.580698,Toronto-627c,7,55,Normal
2026-04-28 00:16:41.580698,Toronto-627c,-20,60,Normal
2026-04-28 00:16:42.580698,Toronto-627c,9,35,Normal
2026-04-28 00:16:43.580698,Toronto-627c,23,75,Normal
2026-04-28 00:16:44.580698,Toronto-627c,40,19,Normal
2026-04-28 00:16:45.580698,Toronto-627c,11,26,Normal
2026-04-28 00:16:46.580698,Toronto-627c,50,99,Normal
2026-04-28 00:16:47.580698,Toronto-627c,-11,18,Normal
2026-04-28 00:16:48.580698,Toronto-627c,37,3,Normal
2026-04-28 00:16:49.580698,Toronto-627c,40,37,Normal
2026-04-28 00:16:50.580698,Toronto-627c,50,80,Normal
2026-04-28 00:16:51.580698,Toronto-627c,-13,36,Normal
2026-04-28 00:16:52.580698,Toronto-627c,-27,42,Normal
2026-04-28 00:16:53.580698,Toronto-627c,16,60,Normal
2026-04-28 00:16:54.580698,Toronto-627c,42,62,Normal
2026-04-28 00:16:55.580698,Toronto-627c,46,57,Normal
2026-04-28 00:16:56.580698,Toronto-627c,40,61,Normal
2026-04-28 00:16:57.580698,Toronto-627c,14,65,Normal
2026-04-28 00:16:58.580698,Toronto-627c,0,85,Normal
2026-04-28 00:16:59.580698,Toronto-627c,31,65,Normal
2026-04-28 00:17:00.580698,Toronto-627c,35,87,Normal
2026-04-28 00:17:01.580698,Toronto-627c,29,44,Normal
2026-04-28 00:17:02.580698,Toronto-627c,-7,43,Normal
2026-04-28 00:17:03.580698,Toronto-627c,1,0,Normal
2026-04-28 00:17:04.580698,Toronto-627c,10,74,Normal
2026-04-28 00:17:05.580698,Toronto-627c,48,1,Normal
2026-04-28 00:17:06.580698,Toronto-627c,32,34,Normal
2026-04-28 00:17:07.580698,Toronto-627c,47,21,Normal
2026-04-28 00:17:08.580698,Toronto-627c,12,28,Normal
2026-04-28 00:17:09.580698,Toronto-627c,35,70,Normal
2026-04-28 00:17:10.580698,Toronto-627c,2,55,Normal
2026-04-28 00:17:11.580698,Toronto-627c,16,63,Normal
2026-04-28 00:17:12.580698,Toronto-627c,16,38,Normal
2026-04-28 00:17:13.580698,Toronto-627c,-9,37,Normal
2026-04-28 00:17:14.580698,Toronto-627c,24,14,Normal
2026-04-28 00:17:15.580698,Toronto-627c,40,63,Normal
2026-04-28 00:17:16.580698,Toronto-627c,-4,98,Normal
2026-04-28 00:17:17.580698,Toronto-627c,41,91,Normal
2026-04-28 00:17:18.580698,Toronto-627c,-28,49,Normal
2026-04-28 00:17:19.580698,Toronto-627c,28,72,Normal
2026-04-28 00:17:20.580698,Toronto-627c,41,59,Normal
2026-04-28 00:17:21.580698,Toronto-627c,-28,83,Normal
2026-04-28 00:17:22.580698,Toronto-627c,5,23,Normal
2026-04-28 00:17:23.580698,Toronto-627c,-2,69,Normal
2026-04-28 00:17:24.580698,Toronto-627c,-10,49,Normal
2026-04-28 00:17:25.580698,Toronto-627c,25,35,Normal
2026-04-28 00:17:26.580698,Toronto-627c,-17,87,Normal
2026-04-28 00:17:27.580698,Toronto-627c,33,77,Normal
2026-04-28 00:17:28.580698,Toronto-627c,-30,46,Normal
2026-04-28 00:17:29.580698,Toronto-627c,50,23,Normal
2026-04-28 00:17:30.580698,Toronto-627c,7,27,Normal
2026-04-28 00:17:31.580698,Toronto-627c,1,90,Normal
2026-04-28 00:17:32.580698,Toronto-627c,10,66,Normal
2026-04-28 00:17:33.580698,Toronto-627c,-10,89,Normal
2026-04-28 00:17:34.580698,Toronto-627c,11,72,Normal
2026-04-28 00:17:35.580698,Toronto-627c,-27,51,Normal
2026-04-28 00:17:36.580698,Toronto-627c,-7,67,Normal
2026-04-28 00:17:37.580698,Toronto-627c,-6,46,Normal
2026-04-28 00:17:38.580698,Toronto-627c,46,94,Normal
2026-04-28 00:17:39.580698,Toronto-627c,13,4,Normal
2026-04-28 00:17:40.580698,Toronto-627c,28,69,Normal
2026-04-28 00:17:41.580698,Toronto-627c,-29,23,Normal
2026-04-28 00:17:42.580698,Toronto-627c,22,50,Normal
2026-04-28 00:17:43.580698,Toronto-627c,-18,3,Normal
2026-04-28 00:17:44.580698,Toronto-627c,-13,25,Normal
2026-04-28 00:17:45.580698,Toronto-627c,22,23,Normal
2026-04-28 00:17:46.580698,Toronto-627c,-23,43,Normal
2026-04-28 00:17:47.580698,Toronto-627c,-30,26,Normal
2026-04-28 00:17:48.580698,Toronto-627c,-23,39,Normal
2026-04-28 00:17:49.580698,Toronto-627c,29,39,Normal
2026-04-28 00:17:50.580698,Toronto-627c,14,54,Normal
2026-04-28 00:17:51.580698,Toronto-627c,37,69,Normal
2026-04-28 00:17:52.580698,Toronto-627c,39,64,Normal
2026-04-28 00:17:53.580698,Toronto-627c,-26,76,Normal
2026-04-28 00:17:54.580698,Toronto-627c,26,36,Normal
2026-04-28 00:17:55.580698,Toronto-627c,36,6,Normal
2026-04-28 00:17:56.580698,Toronto-627c,-19,4,Normal
2026-04-28 00:17:57.580698,Toronto-627c,21,3,Normal
2026-04-28 00:17:58.580698,Toronto-627c,24,53,Normal
2026-04-28 00:17:59.580698,Toronto-627c,13,10,Normal
2026-04-28 00:18:00.580698,Toronto-627c,-30,75,Normal
2026-04-28 00:18:01.580698,Toronto-627c,42,72,Normal
2026-04-28 00:18:02.580698,Toronto-627c,-25,63,Normal
2026-04-28 00:18:03.580698,Toronto-627c,-11,55,Normal
2026-04-28 00:18:04.580698,Toronto-627c,9,69,Normal
2026-04-28 00:18:05.580698,Toronto-627c,-7,91,Normal
2026-04-28 00:18:06.580698,Toronto-627c,32,90,Normal
2026-04-28 00:18:07.580698,Toronto-627c,11,95,Normal
2026-04-28 00:18:08.580698,Toronto-627c,10,99,Normal
2026-04-28 00:18:09.580698,Toronto-627c,38,25,Normal
2026-04-28 00:18:10.580698,Toronto-627c,5,17,Normal
2026-04-28 00:18:11.580698,Toronto-627c,-11,69,Normal
2026-04-28 00:18:12.580698,Toronto-627c,-22,21,Normal
2026-04-28 00:18:13.580698,Toronto-627c,34,16,Normal
2026-04-28 00:18:14.580698,Toronto-627c,-10,94,Normal
2026-04-28 00:18:15.580698,Toronto-627c,26,100,Normal
2026-04-28 00:18:16.580698,Toronto-627c,20,84,Normal
2026-04-28 00:18:17.580698,Toronto-627c,0,2,Normal
2026-04-28 00:18:18.580698,Toronto-627c,22,25,Normal
2026-04-28 00:18:19.580698,Toronto-627c,-24,92,Normal
2026-04-28 00:18:20.580698,Toronto-627c,25,52,Normal
2026-04-28 00:18:21.580698,Toronto-627c,-24,39,Normal
2026-04-28 00:18:22.580698,Toronto-627c,-8,61,Normal
2026-04-28 00:18:23.580698,Toronto-627c,-25,8,Normal
2026-04-28 00:18:24.580698,Toronto-627c,37,83,Normal
2026-04-28 00:18:25.580698,Toronto-627c,47,38,Normal
2026-04-28 00:18:26.580698,Toronto-627c,-20,97,Normal
2026-04-28 00:18:27.580698,Toronto-627c,37,28,Normal
2026-04-28 00:18:28.580698,Toronto-627c,0,27,Normal
2026-04-28 00:18:29.580698,Toronto-627c,-6,84,Normal
2026-04-28 00:18:30.580698,Toronto-627c,-19,73,Normal
2026-04-28 00:18:31.580698,Toronto-627c,37,49,Normal
2026-04-28 00:18:32.580698,Toronto-627c,26,82,Normal
2026-04-28 00:18:33.580698,Toronto-627c,19,19,Normal
2026-04-28 00:18:34.580698,Toronto-627c,-30,95,Normal
2026-04-28 00:18:35.580698,Toronto-627c,20,74,Normal
2026-04-28 00:18:36.580698,Toronto-627c,23,21,Normal
2026-04-28 00:18:37.580698,Toronto-627c,25,88,Normal
2026-04-28 00:18:38.580698,Toronto-627c,6,56,Normal
2026-04-28 00:18:39.580698,Toronto-627c,0,73,Normal
2026-04-28 00:18:40.580698,Toronto-627c,-3,46,Normal
2026-04-28 00:18:41.580698,Toronto-627c,8,36,Normal
2026-04-28 00:18:42.580698,Toronto-627c,-3,37,Normal
2026-04-28 00:18:43.580698,Toronto-627c,36,79,Normal
2026-04-28 00:18:44.580698,Toronto-627c,50,25,Normal
2026-04-28 00:18:45.580698,Toronto-627c,0,87,Normal
2026-04-28 00:18:46.580698,Toronto-627c,12,22,Normal
2026-04-28 00:18:47.580698,Toronto-627c,6,48,Normal
2026-04-28 00:18:48.580698,Toronto-627c,-25,74,Normal
2026-04-28 00:18:49.580698,Toronto-627c,-8,13,Normal
2026-04-28 00:18:50.580698,Toronto-627c,38,40,Normal
2026-04-28 00:18:51.580698,Toronto-627c,34,0,Normal
2026-04-28 00:18:52.580698,Toronto-627c,29,30,Normal
2026-04-28 00:18:53.580698,Toronto-627c,32,30,Normal
2026-04-28 00:18:54.580698,Toronto-627c,33,29,Normal
2026-04-28 00:18:55.580698,Toronto-627c,-24,97,Normal
2026-04-28 00:18:56.580698,Toronto-627c,20,9,Normal
2026-04-28 00:18:57.580698,Toronto-627c,16,54,Normal
2026-04-28 00:18:58.580698,Toronto-627c,4,72,Normal
2026-04-28 00:18:59.580698,Toronto-627c,-21,99,Normal
2026-04-28 00:19:00.580698,Toronto-627c,9,70,Normal
2026-04-28 00:19:01.580698,Toronto-627c,-11,8,Normal
2026-04-28 00:19:02.580698,Toronto-627c,18,8,Normal
2026-04-28 00:19:03.580698,Toronto-627c,30,56,Normal
2026-04-28 00:19:04.580698,Toronto-627c,-24,54,Normal
2026-04-28 00:19:05.580698,Toronto-627c,50,83,Normal
2026-04-28 00:19:06.580698,Toronto-627c,35,40,Normal
2026-04-28 00:19:07.580698,Toronto-627c,-4,99,Normal
2026-04-28 00:19:08.580698,Toronto-627c,22,19,Normal
2026-04-28 00:19:09.580698,Toronto-627c,-12,17,Normal
2026-04-28 00:19:10.580698,Toronto-627c,18,39,Normal
2026-04-28 00:19:11.580698,Toronto-627c,43,93,Normal
2026-04-28 00:19:12.580698,Toronto-627c,7,86,Normal
2026-04-28 00:19:13.580698,Toronto-627c,-17,9,Normal
2026-04-28 00:19:14.580698,Toronto-627c,49,100,Normal
2026-04-28 00:19:15.580698,Toronto-627c,-29,10,Normal
2026-04-28 00:19:16.580698,Toronto-627c,16,30,Normal
2026-04-28 00:19:17.580698,Toronto-627c,27,92,Normal
2026-04-28 00:19:18.580698,Toronto-627c,20,16,Normal
2026-04-28 00:19:19.580698,Toronto-627c,-24,92,Normal
2026-04-28 00:19:20.580698,Toronto-627c,-26,76,Normal
2026-04-28 00:19:21.580698,Toronto-627c,46,70,Normal
2026-04-28 00:19:22.580698,Toronto-627c,24,57,Normal
2026-04-28 00:19:23.580698,Toronto-627c,20,10,Normal
2026-04-28 00:19:24.580698,Toronto-627c,43,14,Normal
2026-04-28 00:19:25.580698,Toronto-627c,50,38,Normal
2026-04-28 00:19:26.580698,Toronto-627c,45,37,Normal
2026-04-28 00:19:27.580698,Toronto-627c,17,50,Normal
2026-04-28 00:19:28.580698,Toronto-627c,48,98,Normal
2026-04-28 00:19:29.580698,Toronto-627c,23,59,Normal
2026-04-28 00:19:30.580698,Toronto-627c,1,9,Normal
2026-04-28 00:19:31.580698,Toronto-627c,-27,17,Normal
2026-04-28 00:19:32.580698,Toronto-627c,-4,20,Normal
2026-04-28 00:19:33.580698,Toronto-627c,-14,87,Normal
2026-04-28 00:19:34.580698,Toronto-627c,25,25,Normal
2026-04-28 00:19:35.580698,Toronto-627c,1,44,Normal
2026-04-28 00:19:36.580698,Toronto-627c,-29,27,Normal
2026-04-28 00:19:37.580698,Toronto-627c,-28,79,Normal
2026-04-28 00:19:38.580698,Toronto-627c,22,90,Normal
2026-04-28 00:19:39.580698,Toronto-627c,47,63,Normal
2026-04-28 00:19:40.580698,Toronto-627c,-27,20,Normal
2026-04-28 00:19:41.580698,Toronto-627c,8,54,Normal
2026-04-28 00:19:42.580698,Toronto-627c,40,31,Normal
2026-04-28 00:19:43.580698,Toronto-627c,1,6,Normal
2026-04-28 00:19:44.580698,Toronto-627c,20,86,Normal
2026-04-28 00:19:45.580698,Toronto-627c,-17,22,Normal
2026-04-28 00:19:46.580698,Toronto-627c,38,85,Normal
2026-04-28 00:19:47.580698,Toronto-627c,18,41,Normal
2026-04-28 00:19:48.580698,Toronto-627c,29,41,Normal
2026-04-28 00:19:49.580698,Toronto-627c,-9,50,Normal
2026-04-28 00:19:50.580698,Toronto-627c,-27,94,Normal
2026-04-28 00:19:51.580698,Toronto-627c,13,35,Normal
2026-04-28 00:19:52.580698,Toronto-627c,32,16,Normal
2026-04-28 00:19:53.580698,Toronto-627c,13,62,Normal
2026-04-28 00:19:54.580698,Toronto-627c,18,89,Normal
2026-04-28 00:19:55.580698,Toronto-627c,18,81,Normal
2026-04-28 00:19:56.580698,Toronto-627c,29,79,Normal
2026-04-28 00:19:57.580698,Toronto-627c,22,19,Normal
2026-04-28 00:19:58.580698,Toronto-627c,7,87,Normal
2026-04-28 00:19:59.580698,Toronto-627c,-12,79,Normal
2026-04-28 00:20:00.580698,Toronto-627c,-27,29,Normal
2026-04-28 00:20:01.580698,Toronto-627c,16,73,Normal
2026-04-28 00:20:02.580698,Toronto-627c,27,68,Normal
2026-04-28 00:20:03.580698,Toronto-627c,-22,3,Normal
2026-04-28 00:20:04.580698,Toronto-627c,1,6,Normal
2026-04-28 00:20:05.580698,Toronto-627c,40,24,Normal
2026-04-28 00:20:06.580698,Toronto-627c,40,22,Normal
2026-04-28 00:20:07.580698,Toronto-627c,43,10,Normal
2026-04-28 00:20:08.580698,Toronto-627c,-24,56,Normal
2026-04-28 00:20:09.580698,Toronto-627c,-7,51,Normal
2026-04-28 00:20:10.580698,Toronto-627c,-6,78,Normal
2026-04-28 00:20:11.580698,Toronto-627c,42,3,Normal
2026-04-28 00:20:12.580698,Toronto-627c,8,24,Normal
2026-04-28 00:20:13.580698,Toronto-627c,38,66,Normal
2026-04-28 00:20:14.580698,Toronto-627c,16,75,Normal
2026-04-28 00:20:15.580698,Toronto-627c,42,7,Normal
2026-04-28 00:20:16.580698,Toronto-627c,15,74,Normal
2026-04-28 00:20:17.580698,Toronto-627c,-14,2,Normal
2026-04-28 00:20:18.580698,Toronto-627c,34,8,Normal
2026-04-28 00:20:19.580698,Toronto-627c,50,7,Normal
2026-04-28 00:20:20.580698,Toronto-627c,30,63,Normal
2026-04-28 00:20:21.580698,Toronto-627c,-2,97,Normal
2026-04-28 00:20:22.580698,Toronto-627c,-30,54,Normal
2026-04-28 00:20:23.580698,Toronto-627c,-12,43,Normal
2026-04-28 00:20:24.580698,Toronto-627c,-18,27,Normal
2026-04-28 00:20:25.580698,Toronto-627c,6,72,Normal
2026-04-28 00:20:26.580698,Toronto-627c,46,29,Normal
2026-04-28 00:20:27.580698,Toronto-627c,-26,66,Normal
2026-04-28 00:20:28.580698,Toronto-627c,29,67,Normal
2026-04-28 00:20:29.580698,Toronto-627c,49,3,Normal
2026-04-28 00:20:30.580698,Toronto-627c,-24,83,Normal
2026-04-28 00:20:31.580698,Toronto-627c,-13,14,Normal
2026-04-28 00:20:32.580698,Toronto-627c,31,90,Normal
2026-04-28 00:20:33.580698,Toronto-627c,-29,5,Normal
2026-04-28 00:20:34.580698,Toronto-627c,16,9,Normal
2026-04-28 00:20:35.580698,Toronto-627c,-22,63,Normal
2026-04-28 00:20:36.580698,Toronto-627c,-1,75,Normal
2026-04-28 00:20:37.580698,Toronto-627c,-1,30,Normal
2026-04-28 00:20:38.580698,Toronto-627c,18,53,Normal
2026-04-28 00:20:39.580698,Toronto-627c,44,42,Normal
2026-04-28 00:20:40.580698,Toronto-627c,-30,71,Normal
2026-04-28 00:20:41.580698,Toronto-627c,34,59,Normal
2026-04-28 00:20:42.580698,Toronto-627c,-18,72,Normal
2026-04-28 00:20:43.580698,Toronto-627c,-3,52,Normal
2026-04-28 00:20:44.580698,Toronto-627c,11,82,Normal
2026-04-28 00:20:45.580698,Toronto-627c,-30,93,Normal
2026-04-28 00:20:46.580698,Toronto-627c,47,91,Normal
2026-04-28 00:20:47.580698,Toronto-627c,3,47,Normal
2026-04-28 00:20:48.580698,Toronto-627c,18,68,Normal
2026-04-28 00:20:49.580698,Toronto-627c,24,9,Normal
2026-04-28 00:20:50.580698,Toronto-627c,5,22,Normal
2026-04-28 00:20:51.580698,Toronto-627c,23,41,Normal
2026-04-28 00:20:52.580698,Toronto-627c,13,88,Normal
2026-04-28 00:20:53.580698,Toronto-627c,17,71,Normal
2026-04-28 00:20:54.580698,Toronto-627c,24,90,Normal
2026-04-28 00:20:55.580698,Toronto-627c,39,80,Normal
2026-04-28 00:20:56.580698,Toronto-627c,41,70,Normal
2026-04-28 00:20:57.580698,Toronto-627c,28,25,Normal
2026-04-28 00:20:58.580698,Toronto-627c,3,68,Normal
2026-04-28 00:20:59.580698,Toronto-627c,42,38,Normal
2026-04-28 00:21:00.580698,Toronto-627c,10,1,Normal
2026-04-28 00:21:01.580698,Toronto-627c,39,38,Normal
2026-04-28 00:21:02.580698,Toronto-627c,45,63,Normal
2026-04-28 00:21:03.580698,Toronto-627c,-14,93,Normal
2026-04-28 00:21:04.580698,Toronto-627c,23,55,Normal
2026-04-28 00:21:05.580698,Toronto-627c,20,54,Normal
2026-04-28 00:21:06.580698,Toronto-627c,11,43,Normal
2026-04-28 00:21:07.580698,Toronto-627c,32,58,Normal
2026-04-28 00:21:08.580698,Toronto-627c,8,13,Normal
2026-04-28 00:21:09.580698,Toronto-627c,-27,68,Normal
2026-04-28 00:21:10.580698,Toronto-627c,0,59,Normal
2026-04-28 00:21:11.580698,Toronto-627c,25,76,Normal
2026-04-28 00:21:12.580698,Toronto-627c,41,16,Normal
2026-04-28 00:21:13.580698,Toronto-627c,-30,87,Normal
2026-04-28 00:21:14.580698,Toronto-627c,20,26,Normal
2026-04-28 00:21:15.580698,Toronto-627c,6,60,Normal
2026-04-28 00:21:16.580698,Toronto-627c,-14,51,Normal
2026-04-28 00:21:17.580698,Toronto-627c,-24,83,Normal
2026-04-28 00:21:18.580698,Toronto-627c,-20,19,Normal
2026-04-28 00:21:19.580698,Toronto-627c,-21,62,Normal
2026-04-28 00:21:20.580698,Toronto-627c,-27,89,Normal
2026-04-28 00:21:21.580698,Toronto-627c,-3,0,Normal
2026-04-28 00:21:22.580698,Toronto-627c,35,9,Normal
2026-04-28 00:21:23.580698,Toronto-627c,26,67,Normal
2026-04-28 00:21:24.580698,Toronto-627c,22,12,Normal
2026-04-28 00:21:25.580698,Toronto-627c,19,1,Normal
2026-04-28 00:21:26.580698,Toronto-627c,21,43,Normal
2026-04-28 00:21:27.580698,Toronto-627c,8,43,Normal
2026-04-28 00:21:28.580698,Toronto-627c,-4,75,Normal
2026-04-28 00:21:29.580698,Toronto-627c,6,12,Normal
2026-04-28 00:21:30.580698,Toronto-627c,1,47,Normal
2026-04-28 00:21:31.580698,Toronto-627c,23,2,Normal
2026-04-28 00:21:32.580698,Toronto-627c,45,19,Normal
2026-04-28 00:21:33.580698,Toronto-627c,12,72,Normal
2026-04-28 00:21:34.580698,Toronto-627c,49,25,Normal
2026-04-28 00:21:35.580698,Toronto-627c,23,42,Normal
2026-04-28 00:21:36.580698,Toronto-627c,3,28,Normal
2026-04-28 00:21:37.580698,Toronto-627c,26,23,Normal
2026-04-28 00:21:38.580698,Toronto-627c,21,85,Normal
2026-04-28 00:21:39.580698,Toronto-627c,3,47,Normal
2026-04-28 00:21:40.580698,Toronto-627c,24,90,Normal
2026-04-28 00:21:41.580698,Toronto-627c,43,86,Normal
2026-04-28 00:21:42.580698,Toronto-627c,-11,50,Normal
2026-04-28 00:21:43.580698,Toronto-627c,36,45,Normal
2026-04-28 00:21:44.580698,Toronto-627c,9,35,Normal
2026-04-28 00:21:45.580698,Toronto-627c,29,19,Normal
2026-04-28 00:21:46.580698,Toronto-627c,-24,94,Normal
2026-04-28 00:21:47.580698,Toronto-627c,-15,88,Normal
2026-04-28 00:21:48.580698,Toronto-627c,45,60,Normal
2026-04-28 00:21:49.580698,Toronto-627c,-15,48,Normal
2026-04-28 00:21:50.580698,Toronto-627c,-18,87,Normal
2026-04-28 00:21:51.580698,Toronto-627c,-14,65,Normal
2026-04-28 00:21:52.580698,Toronto-627c,-15,29,Normal
2026-04-28 00:21:53.580698,Toronto-627c,17,23,Normal
2026-04-28 00:21:54.580698,Toronto-627c,-26,38,Normal
2026-04-28 00:21:55.580698,Toronto-627c,-15,31,Normal
2026-04-28 00:21:56.580698,Toronto-627c,45,14,Normal
2026-04-28 00:21:57.580698,Toronto-627c,39,24,Normal
2026-04-28 00:21:58.580698,Toronto-627c,37,83,Normal
2026-04-28 00:21:59.580698,Toronto-627c,-3,42,Normal
2026-04-28 00:22:00.580698,Toronto-627c,35,64,Normal
2026-04-28 00:22:01.580698,Toronto-627c,-4,83,Normal
2026-04-28 00:22:02.580698,Toronto-627c,17,38,Normal
2026-04-28 00:22:03.580698,Toronto-627c,-25,57,Normal
2026-04-28 00:22:04.580698,Toronto-627c,5,16,Normal
2026-04-28 00:22:05.580698,Toronto-627c,-22,76,Normal
2026-04-28 00:22:06.580698,Toronto-627c,33,97,Normal
2026-04-28 00:22:07.580698,Toronto-627c,-24,89,Normal
2026-04-28 00:22:08.580698,Toronto-627c,45,26,Normal
2026-04-28 00:22:09.580698,Toronto-627c,15,37,Normal
2026-04-28 00:22:10.580698,Toronto-627c,5,93,Normal
2026-04-28 00:22:11.580698,Toronto-627c,-16,90,Normal
2026-04-28 00:22:12.580698,Toronto-627c,28,70,Normal
2026-04-28 00:22:13.580698,Toronto-627c,-27,15,Normal
2026-04-28 00:22:14.580698,Toronto-627c,44,45,Normal
2026-04-28 00:22:15.580698,Toronto-627c,32,73,Normal
2026-04-28 00:22:16.580698,Toronto-627c,-25,90,Normal
2026-04-28 00:22:17.580698,Toronto-627c,-10,79,Normal
2026-04-28 00:22:18.580698,Toronto-627c,-7,13,Normal
2026-04-28 00:22:19.580698,Toronto-627c,-11,69,Normal
2026-04-28 00:22:20.580698,Toronto-627c,50,94,Normal
2026-04-28 00:22:21.580698,Toronto-627c,33,8,Normal
2026-04-28 00:22:22.580698,Toronto-627c,-20,35,Normal
2026-04-28 00:22:23.580698,Toronto-627c,-28,95,Normal
2026-04-28 00:22:24.580698,Toronto-627c,-6,31,Normal
2026-04-28 00:22:25.580698,Toronto-627c,31,48,Normal
2026-04-28 00:22:26.580698,Toronto-627c,-18,90,Normal
2026-04-28 00:22:27.580698,Toronto-627c,1,73,Normal
2026-04-28 00:22:28.580698,Toronto-627c,0,66,Normal
2026-04-28 00:22:29.580698,Toronto-627c,27,40,Normal
2026-04-28 00:22:30.580698,Toronto-627c,19,98,Normal
2026-04-28 00:22:31.580698,Toronto-627c,-4,87,Normal
2026-04-28 00:22:32.580698,Toronto-627c,14,85,Normal
2026-04-28 00:22:33.580698,Toronto-627c,11,58,Normal
2026-04-28 00:22:34.580698,Toronto-627c,6,32,Normal
2026-04-28 00:22:35.580698,Toronto-627c,2,95,Normal
2026-04-28 00:22:36.580698,Toronto-627c,47,30,Normal
2026-04-28 00:22:37.580698,Toronto-627c,18,75,Normal
2026-04-28 00:22:38.580698,Toronto-627c,46,7,Normal
2026-04-28 00:22:39.580698,Toronto-627c,-3,7,Normal
2026-04-28 00:22:40.580698,Toronto-627c,-13,29,Normal
2026-04-28 00:22:41.580698,Toronto-627c,45,55,Normal
2026-04-28 00:22:42.580698,Toronto-627c,-11,53,Normal
2026-04-28 00:22:43.580698,Toronto-627c,-9,36,Normal
2026-04-28 00:22:44.580698,Toronto-627c,44,41,Normal
2026-04-28 00:22:45.580698,Toronto-627c,8,9,Normal
2026-04-28 00:22:46.580698,Toronto-627c,12,89,Normal
2026-04-28 00:22:47.580698,Toronto-627c,19,60,Normal
2026-04-28 00:22:48.580698,Toronto-627c,-1,5,Normal
2026-04-28 00:22:49.580698,Toronto-627c,-12,13,Normal
2026-04-28 00:22:50.580698,Toronto-627c,24,31,Normal
2026-04-28 00:22:51.580698,Toronto-627c,25,1,Normal
2026-04-28 00:22:52.580698,Toronto-627c,-23,95,Normal
2026-04-28 00:22:53.580698,Toronto-627c,6,67,Normal
2026-04-28 00:22:54.580698,Toronto-627c,30,53,Normal
2026-04-28 00:22:55.580698,Toronto-627c,45,0,Normal
2026-04-28 00:22:56.580698,Toronto-627c,38,85,Normal
2026-04-28 00:22:57.580698,Toronto-627c,37,56,Normal
2026-04-28 00:22:58.580698,Toronto-627c,-6,1,Normal
2026-04-28 00:22:59.580698,Toronto-627c,43,13,Normal
2026-04-28 00:23:00.580698,Toronto-627c,28,26,Normal
2026-04-28 00:23:01.580698,Toronto-627c,13,89,Normal
2026-04-28 00:23:02.580698,Toronto-627c,6,81,Normal
2026-04-28 00:23:03.580698,Toronto-627c,15,29,Normal
2026-04-28 00:23:04.580698,Toronto-627c,-19,81,Normal
2026-04-28 00:23:05.580698,Toronto-627c,-13,79,Normal
2026-04-28 00:23:06.580698,Toronto-627c,-13,1,Normal
2026-04-28 00:23:07.580698,Toronto-627c,39,62,Normal
2026-04-28 00:23:08.580698,Toronto-627c,28,41,Normal
2026-04-28 00:23:09.580698,Toronto-627c,-9,38,Normal
2026-04-28 00:23:10.580698,Toronto-627c,5,11,Normal
2026-04-28 00:23:11.580698,Toronto-627c,13,8,Normal
2026-04-28 00:23:12.580698,Toronto-627c,23,0,Normal
2026-04-28 00:23:13.580698,Toronto-627c,43,8,Normal
2026-04-28 00:23:14.580698,Toronto-627c,-30,45,Normal
2026-04-28 00:23:15.580698,Toronto-627c,-27,56,Normal
2026-04-28 00:23:16.580698,Toronto-627c,-5,30,Normal
2026-04-28 00:23:17.580698,Toronto-627c,42,85,Normal
2026-04-28 00:23:18.580698,Toronto-627c,-8,87,Normal
2026-04-28 00:23:19.580698,Toronto-627c,31,80,Normal
2026-04-28 00:23:20.580698,Toronto-627c,35,74,Normal
2026-04-28 00:23:21.580698,Toronto-627c,-16,30,Normal
2026-04-28 00:23:22.580698,Toronto-627c,41,65,Normal
2026-04-28 00:23:23.580698,Toronto-627c,-1,53,Normal
2026-04-28 00:23:24.580698,Toronto-627c,48,61,Normal
2026-04-28 00:23:25.580698,Toronto-627c,43,48,Normal
2026-04-28 00:23:26.580698,Toronto-627c,-9,64,Normal
2026-04-28 00:23:27.580698,Toronto-627c,46,3,Normal
2026-04-28 00:23:28.580698,Toronto-627c,19,38,Normal
2026-04-28 00:23:29.580698,Toronto-627c,33,56,Normal
2026-04-28 00:23:30.580698,Toronto-627c,17,32,Normal
2026-04-28 00:23:31.580698,Toronto-627c,-10,37,Normal
2026-04-28 00:23:32.580698,Toronto-627c,-1,19,Normal
2026-04-28 00:23:33.580698,Toronto-627c,-25,5,Normal
2026-04-28 00:23:34.580698,Toronto-627c,19,8,Normal
2026-04-28 00:23:35.580698,Toronto-627c,-18,54,Normal
2026-04-28 00:23:36.580698,Toronto-627c,33,99,Normal
2026-04-28 00:23:37.580698,Toronto-627c,0,38,Normal
2026-04-28 00:23:38.580698,Toronto-627c,34,81,Normal
2026-04-28 00:23:39.580698,Toronto-627c,11,93,Normal
2026-04-28 00:23:40.580698,Toronto-627c,38,89,Normal
2026-04-28 00:23:41.580698,Toronto-627c,-24,20,Normal
2026-04-28 00:23:42.580698,Toronto-627c,2,17,Normal
2026-04-28 00:23:43.580698,Toronto-627c,-24,8,Normal
2026-04-28 00:23:44.580698,Toronto-627c,21,35,Normal
2026-04-28 00:23:45.580698,Toronto-627c,-1,55,Normal
2026-04-28 00:23:46.580698,Toronto-627c,5,96,Normal
2026-04-28 00:23:47.580698,Toronto-627c,22,91,Normal
2026-04-28 00:23:48.580698,Toronto-627c,-4,66,Normal
2026-04-28 00:23:49.580698,Toronto-627c,23,62,Normal
2026-04-28 00:23:50.580698,Toronto-627c,-4,91,Normal
2026-04-28 00:23:51.580698,Toronto-627c,-22,33,Normal
2026-04-28 00:23:52.580698,Toronto-627c,14,77,Normal
2026-04-28 00:23:53.580698,Toronto-627c,-15,64,Normal
2026-04-28 00:23:54.580698,Toronto-627c,38,94,Normal
2026-04-28 00:23:55.580698,Toronto-627c,17,69,Normal
2026-04-28 00:23:56.580698,Toronto-627c,18,57,Normal
2026-04-28 00:23:57.580698,Toronto-627c,3,64,Normal
2026-04-28 00:23:58.580698,Toronto-627c,7,52,Normal
2026-04-28 00:23:59.580698,Toronto-627c,35,58,Normal
2026-04-28 00:24:00.580698,Toronto-627c,-6,60,Normal
2026-04-28 00:24:01.580698,Toronto-627c,-16,34,Normal
2026-04-28 00:24:02.580698,Toronto-627c,33,99,Normal
2026-04-28 00:24:03.580698,Toronto-627c,43,77,Normal
2026-04-28 00:24:04.580698,Toronto-627c,34,41,Normal
2026-04-28 00:24:05.580698,Toronto-627c,38,65,Normal
2026-04-28 00:24:06.580698,Toronto-627c,-4,91,Normal
2026-04-28 00:24:07.580698,Toronto-627c,-1,68,Normal
2026-04-28 00:24:08.580698,Toronto-627c,45,47,Normal
2026-04-28 00:24:09.580698,Toronto-627c,20,48,Normal
2026-04-28 00:24:10.580698,Toronto-627c,39,7,Normal
2026-04-28 00:24:11.580698,Toronto-627c,-29,32,Normal
2026-04-28 00:24:12.580698,Toronto-627c,45,8,Normal
2026-04-28 00:24:13.580698,Toronto-627c,-1,20,Normal
2026-04-28 00:24:14.580698,Toronto-627c,32,48,Normal
2026-04-28 00:24:15.580698,Toronto-627c,37,70,Normal
2026-04-28 00:24:16.580698,Toronto-627c,-12,12,Normal
2026-04-28 00:24:17.580698,Toronto-627c,-9,67,Normal
2026-04-28 00:24:18.580698,Toronto-627c,47,48,Normal
2026-04-28 00:24:19.580698,Toronto-627c,-4,45,Normal
2026-04-28 00:24:20.580698,Toronto-627c,-15,100,Normal
2026-04-28 00:24:21.580698,Toronto-627c,-24,16,Normal
2026-04-28 00:24:22.580698,Toronto-627c,50,68,Normal
2026-04-28 00:24:23.580698,Toronto-627c,24,87,Normal
2026-04-28 00:24:24.580698,Toronto-627c,-19,88,Normal
2026-04-28 00:24:25.580698,Toronto-627c,1,29,Normal
2026-04-28 00:24:26.580698,Toronto-627c,-5,61,Normal
2026-04-28 00:24:27.580698,Toronto-627c,9,73,Normal
2026-04-28 00:24:28.580698,Toronto-627c,-1,46,Normal
2026-04-28 00:24:29.580698,Toronto-627c,24,21,Normal
2026-04-28 00:24:30.580698,Toronto-627c,29,61,Normal
2026-04-28 00:24:31.580698,Toronto-627c,30,87,Normal
2026-04-28 00:24:32.580698,Toronto-627c,-11,30,Normal
2026-04-28 00:24:33.580698,Toronto-627c,-4,66,Normal
2026-04-28 00:24:34.580698,Toronto-627c,-15,84,Normal
2026-04-28 00:24:35.580698,Toronto-627c,5,1,Normal
2026-04-28 00:24:36.580698,Toronto-627c,9,88,Normal
2026-04-28 00:24:37.580698,Toronto-627c,6,19,Normal
2026-04-28 00:24:38.580698,Toronto-627c,37,89,Normal
2026-04-28 00:24:39.580698,Toronto-627c,3,77,Normal
2026-04-28 00:24:40.580698,Toronto-627c,-28,81,Normal
2026-04-28 00:24:41.580698,Toronto-627c,16,5,Normal
2026-04-28 00:24:42.580698,Toronto-627c,-7,40,Normal
2026-04-28 00:24:43.580698,Toronto-627c,-27,69,Normal
2026-04-28 00:24:44.580698,Toronto-627c,-12,1,Normal
2026-04-28 00:24:45.580698,Toronto-627c,-3,70,Normal
2026-04-28 00:24:46.580698,Toronto-627c,49,35,Normal
2026-04-28 00:24:47.580698,Toronto-627c,-18,50,Normal
2026-04-28 00:24:48.580698,Toronto-627c,2,65,Normal
2026-04-28 00:24:49.580698,Toronto-627c,-12,57,Normal
2026-04-28 00:24:50.580698,Toronto-627c,-19,57,Normal
2026-04-28 00:24:51.580698,Toronto-627c,-13,10,Normal
2026-04-28 00:24:52.580698,Toronto-627c,-1,17,Normal
2026-04-28 00:24:53.580698,Toronto-627c,-25,53,Normal
2026-04-28 00:24:54.580698,Toronto-627c,41,77,Normal
2026-04-28 00:24:55.580698,Toronto-627c,-16,60,Normal
2026-04-28 00:24:56.580698,Toronto-627c,50,31,Normal
2026-04-28 00:24:57.580698,Toronto-627c,-21,58,Normal
2026-04-28 00:24:58.580698,Toronto-627c,-17,55,Normal
2026-04-28 00:24:59.580698,Toronto-627c,-16,60,Normal
2026-04-28 00:25:00.580698,Toronto-627c,16,44,Normal
2026-04-28 00:25:01.580698,Toronto-627c,29,13,Normal
2026-04-28 00:25:02.580698,Toronto-627c,8,25,Normal
2026-04-28 00:25:03.580698,Toronto-627c,46,2,Normal
2026-04-28 00:25:04.580698,Toronto-627c,-26,90,Normal
2026-04-28 00:25:05.580698,Toronto-627c,24,12,Normal
2026-04-28 00:25:06.580698,Toronto-627c,-17,95,Normal
2026-04-28 00:25:07.580698,Toronto-627c,39,80,Normal
2026-04-28 00:25:08.580698,Toronto-627c,29,47,Normal
2026-04-28 00:25:09.580698,Toronto-627c,-7,15,Normal
2026-04-28 00:25:10.580698,Toronto-627c,-9,79,Normal
2026-04-28 00:25:11.580698,Toronto-627c,-14,100,Normal
2026-04-28 00:25:12.580698,Toronto-627c,-28,74,Normal
2026-04-28 00:25:13.580698,Toronto-627c,14,12,Normal
2026-04-28 00:25:14.580698,Toronto-627c,-1,66,Normal
2026-04-28 00:25:15.580698,Toronto-627c,5,83,Normal
2026-04-28 00:25:16.580698,Toronto-627c,30,38,Normal
2026-04-28 00:25:17.580698,Toronto-627c,1,93,Normal
2026-04-28 00:25:18.580698,Toronto-627c,31,67,Normal
2026-04-28 00:25:19.580698,Toronto-627c,48,84,Normal
2026-04-28 00:25:20.580698,Toronto-627c,-12,60,Normal
2026-04-28 00:25:21.580698,Toronto-627c,32,58,Normal
2026-04-28 00:25:22.580698,Toronto-627c,-22,84,Normal
2026-04-28 00:25:23.580698,Toronto-627c,43,32,Normal
2026-04-28 00:25:24.580698,Toronto-627c,19,50,Normal
2026-04-28 00:25:25.580698,Toronto-627c,-10,98,Normal
2026-04-28 00:25:26.580698,Toronto-627c,-12,56,Normal
2026-04-28 00:25:27.580698,Toronto-627c,39,88,Normal
2026-04-28 00:25:28.580698,Toronto-627c,-24,39,Normal
2026-04-28 00:25:29.580698,Toronto-627c,20,82,Normal
2026-04-28 00:25:30.580698,Toronto-627c,27,88,Normal
2026-04-28 00:25:31.580698,Toronto-627c,-18,45,Normal
2026-04-28 00:25:32.580698,Toronto-627c,-17,5,Normal
2026-04-28 00:25:33.580698,Toronto-627c,37,91,Normal
2026-04-28 00:25:34.580698,Toronto-627c,23,39,Normal
2026-04-28 00:25:35.580698,Toronto-627c,26,30,Normal
2026-04-28 00:25:36.580698,Toronto-627c,31,2,Normal
2026-04-28 00:25:37.580698,Toronto-627c,5,96,Normal
2026-04-28 00:25:38.580698,Toronto-627c,13,10,Normal
2026-04-28 00:25:39.580698,Toronto-627c,-8,87,Normal
2026-04-28 00:25:40.580698,Toronto-627c,-18,3,Normal
2026-04-28 00:25:41.580698,Toronto-627c,-13,28,Normal
2026-04-28 00:25:42.580698,Toronto-627c,32,46,Normal
2026-04-28 00:25:43.580698,Toronto-627c,-6,22,Normal
2026-04-28 00:25:44.580698,Toronto-627c,19,84,Normal
2026-04-28 00:25:45.580698,Toronto-627c,-2,80,Normal
2026-04-28 00:25:46.580698,Toronto-627c,3,93,Normal
2026-04-28 00:25:47.580698,Toronto-627c,2,86,Normal
2026-04-28 00:25:48.580698,Toronto-627c,-25,31,Normal
2026-04-28 00:25:49.580698,Toronto-627c,47,4,Normal
2026-04-28 00:25:50.580698,Toronto-627c,45,8,Normal
2026-04-28 00:25:51.580698,Toronto-627c,43,77,Normal
2026-04-28 00:25:52.580698,Toronto-627c,-5,77,Normal
2026-04-28 00:25:53.580698,Toronto-627c,43,14,Normal
2026-04-28 00:25:54.580698,Toronto-627c,10,55,Normal
2026-04-28 00:25:55.580698,Toronto-627c,-28,70,Normal
2026-04-28 00:25:56.580698,Toronto-627c,6,11,Normal
2026-04-28 00:25:57.580698,Toronto-627c,-2,12,Normal
2026-04-28 00:25:58.580698,Toronto-627c,31,30,Normal
2026-04-28 00:25:59.580698,Toronto-627c,10,71,Normal
2026-04-28 00:26:00.580698,Toronto-627c,43,73,Normal
2026-04-28 00:26:01.580698,Toronto-627c,-29,67,Normal
2026-04-28 00:26:02.580698,Toronto-627c,12,93,Normal
2026-04-28 00:26:03.580698,Toronto-627c,0,79,Normal
2026-04-28 00:26:04.580698,Toronto-627c,3,77,Normal
2026-04-28 00:26:05.580698,Toronto-627c,-20,20,Normal
2026-04-28 00:26:06.580698,Toronto-627c,39,31,Normal
2026-04-28 00:26:07.580698,Toronto-627c,46,98,Normal
2026-04-28 00:26:08.580698,Toronto-627c,40,70,Normal
2026-04-28 00:26:09.580698,Toronto-627c,10,58,Normal
2026-04-28 00:26:10.580698,Toronto-627c,-25,48,Normal
2026-04-28 00:26:11.580698,Toronto-627c,-26,49,Normal
2026-04-28 00:26:12.580698,Toronto-627c,-21,23,Normal
2026-04-28 00:26:13.580698,Toronto-627c,44,43,Normal
2026-04-28 00:26:14.580698,Toronto-627c,18,12,Normal
2026-04-28 00:26:15.580698,Toronto-627c,9,19,Normal
2026-04-28 00:26:16.580698,Toronto-627c,47,78,Normal
2026-04-28 00:26:17.580698,Toronto-627c,10,75,Normal
2026-04-28 00:26:18.580698,Toronto-627c,-23,53,Normal
2026-04-28 00:26:19.580698,Toronto-627c,-22,48,Normal
2026-04-28 00:26:20.580698,Toronto-627c,32,0,Normal
2026-04-28 00:26:21.580698,Toronto-627c,9,43,Normal
2026-04-28 00:26:22.580698,Toronto-627c,31,80,Normal
2026-04-28 00:26:23.580698,Toronto-627c,-30,7,Normal
2026-04-28 00:26:24.580698,Toronto-627c,12,78,Normal
2026-04-28 00:26:25.580698,Toronto-627c,-28,25,Normal
2026-04-28 00:26:26.580698,Toronto-627c,0,28,Normal
2026-04-28 00:26:27.580698,Toronto-627c,-18,35,Normal
2026-04-28 00:26:28.580698,Toronto-627c,-25,28,Normal
2026-04-28 00:26:29.580698,Toronto-627c,6,80,Normal
2026-04-28 00:26:30.580698,Toronto-627c,-21,76,Normal
2026-04-28 00:26:31.580698,Toronto-627c,-26,78,Normal
2026-04-28 00:26:32.580698,Toronto-627c,-10,53,Normal
2026-04-28 00:26:33.580698,Toronto-627c,13,79,Normal
2026-04-28 00:26:34.580698,Toronto-627c,22,92,Normal
2026-04-28 00:26:35.580698,Toronto-627c,31,36,Normal
2026-04-28 00:26:36.580698,Toronto-627c,28,41,Normal
2026-04-28 00:26:37.580698,Toronto-627c,23,70,Normal
2026-04-28 00:26:38.580698,Toronto-627c,6,39,Normal
2026-04-28 00:26:39.580698,Toronto-627c,44,34,Normal
2026-04-28 00:26:40.580698,Toronto-627c,31,69,Normal
2026-04-28 00:26:41.580698,Toronto-627c,10,100,Normal
2026-04-28 00:26:42.580698,Toronto-627c,36,30,Normal
2026-04-28 00:26:43.580698,Toronto-627c,10,12,Normal
2026-04-28 00:26:44.580698,Toronto-627c,12,0,Normal
2026-04-28 00:26:45.580698,Toronto-627c,-5,26,Normal
2026-04-28 00:26:46.580698,Toronto-627c,-30,2,Normal
2026-04-28 00:26:47.580698,Toronto-627c,-29,65,Normal
2026-04-28 00:26:48.580698,Toronto-627c,-15,90,Normal
2026-04-28 00:26:49.580698,Toronto-627c,38,37,Normal
2026-04-28 00:26:50.580698,Toronto-627c,-2,100,Normal
2026-04-28 00:26:51.580698,Toronto-627c,-3,90,Normal
2026-04-28 00:26:52.580698,Toronto-627c,25,70,Normal
2026-04-28 00:26:53.580698,Toronto-627c,31,66,Normal
2026-04-28 00:26:54.580698,Toronto-627c,-1,70,Normal
2026-04-28 00:26:55.580698,Toronto-627c,10,62,Normal
2026-04-28 00:26:56.580698,Toronto-627c,43,47,Normal
2026-04-28 00:26:57.580698,Toronto-627c,41,18,Normal
2026-04-28 00:26:58.580698,Toronto-627c,2,80,Normal
2026-04-28 00:26:59.580698,Toronto-627c,38,21,Normal
2026-04-28 00:27:00.580698,Toronto-627c,46,49,Normal
2026-04-28 00:27:01.580698,Toronto-627c,-20,27,Normal
2026-04-28 00:27:02.580698,Toronto-627c,49,12,Normal
2026-04-28 00:27:03.580698,Toronto-627c,0,16,Normal
2026-04-28 00:27:04.580698,Toronto-627c,10,8,Normal
2026-04-28 00:27:05.580698,Toronto-627c,-3,78,Normal
2026-04-28 00:27:06.580698,Toronto-627c,-8,48,Normal
2026-04-28 00:27:07.580698,Toronto-627c,-11,16,Normal
2026-04-28 00:27:08.580698,Toronto-627c,-5,9,Normal
2026-04-28 00:27:09.580698,Toronto-627c,21,85,Normal
2026-04-28 00:27:10.580698,Toronto-627c,-12,75,Normal
2026-04-28 00:27:11.580698,Toronto-627c,41,79,Normal
2026-04-28 00:27:12.580698,Toronto-627c,-5,36,Normal
2026-04-28 00:27:13.580698,Toronto-627c,-18,19,Normal
2026-04-28 00:27:14.580698,Toronto-627c,-21,16,Normal
2026-04-28 00:27:15.580698,Toronto-627c,5,63,Normal
2026-04-28 00:27:16.580698,Toronto-627c,-3,53,Normal
2026-04-28 00:27:17.580698,Toronto-627c,45,86,Normal
2026-04-28 00:27:18.580698,Toronto-627c,21,36,Normal
2026-04-28 00:27:19.580698,Toronto-627c,-13,19,Normal
2026-04-28 00:27:20.580698,Toronto-627c,36,87,Normal
2026-04-28 00:27:21.580698,Toronto-627c,30,66,Normal
2026-04-28 00:27:22.580698,Toronto-627c,34,32,Normal
2026-04-28 00:27:23.580698,Toronto-627c,-18,72,Normal
2026-04-28 00:27:24.580698,Toronto-627c,8,67,Normal
2026-04-28 00:27:25.580698,Toronto-627c,36,57,Normal
2026-04-28 00:27:26.580698,Toronto-627c,42,32,Normal
2026-04-28 00:27:27.580698,Toronto-627c,16,93,Normal
2026-04-28 00:27:28.580698,Toronto-627c,-28,60,Normal
2026-04-28 00:27:29.580698,Toronto-627c,18,50,Normal
2026-04-28 00:27:30.580698,Toronto-627c,42,10,Normal
2026-04-28 00:27:31.580698,Toronto-627c,0,62,Normal
2026-04-28 00:27:32.580698,Toronto-627c,20,1,Normal
2026-04-28 00:27:33.580698,Toronto-627c,-19,4,Normal
2026-04-28 00:27:34.580698,Toronto-627c,29,45,Normal
2026-04-28 00:27:35.580698,Toronto-627c,4,36,Normal
2026-04-28 00:27:36.580698,Toronto-627c,1,11,Normal
2026-04-28 00:27:37.580698,Toronto-627c,-7,8,Normal
2026-04-28 00:27:38.580698,Toronto-627c,15,45,Normal
2026-04-28 00:27:39.580698,Toronto-627c,26,26,Normal
2026-04-28 00:27:40.580698,Toronto-627c,20,55,Normal
2026-04-28 00:27:41.580698,Toronto-627c,-18,85,Normal
2026-04-28 00:27:42.580698,Toronto-627c,34,67,Normal
2026-04-28 00:27:43.580698,Toronto-627c,-6,51,Normal
2026-04-28 00:27:44.580698,Toronto-627c,45,65,Normal
2026-04-28 00:27:45.580698,Toronto-627c,36,36,Normal
2026-04-28 00:27:46.580698,Toronto-627c,45,51,Normal
2026-04-28 00:27:47.580698,Toronto-627c,41,58,Normal
2026-04-28 00:27:48.580698,Toronto-627c,7,80,Normal
2026-04-28 00:27:49.580698,Toronto-627c,42,11,Normal
2026-04-28 00:27:50.580698,Toronto-627c,6,70,Normal
2026-04-28 00:27:51.580698,Toronto-627c,43,55,Normal
2026-04-28 00:27:52.580698,Toronto-627c,-26,23,Normal
2026-04-28 00:27:53.580698,Toronto-627c,-30,23,Normal
2026-04-28 00:27:54.580698,Toronto-627c,44,35,Normal
2026-04-28 00:27:55.580698,Toronto-627c,-5,15,Normal
2026-04-28 00:27:56.580698,Toronto-627c,2,76,Normal
2026-04-28 00:27:57.580698,Toronto-627c,-12,94,Normal
2026-04-28 00:27:58.580698,Toronto-627c,46,56,Normal
2026-04-28 00:27:59.580698,Toronto-627c,-29,69,Normal
2026-04-28 00:28:00.580698,Toronto-627c,-24,69,Normal
2026-04-28 00:28:01.580698,Toronto-627c,20,18,Normal
2026-04-28 00:28:02.580698,Toronto-627c,19,44,Normal
2026-04-28 00:28:03.580698,Toronto-627c,-28,80,Normal
2026-04-28 00:28:04.580698,Toronto-627c,-30,97,Normal
2026-04-28 00:28:05.580698,Toronto-627c,47,61,Normal
2026-04-28 00:28:06.580698,Toronto-627c,19,10,Normal
2026-04-28 00:28:07.580698,Toronto-627c,1,65,Normal
2026-04-28 00:28:08.580698,Toronto-627c,-10,33,Normal
2026-04-28 00:28:09.580698,Toronto-627c,-18,51,Normal
2026-04-28 00:28:10.580698,Toronto-627c,32,60,Normal
2026-04-28 00:28:11.580698,Toronto-627c,-8,88,Normal
2026-04-28 00:28:12.580698,Toronto-627c,4,0,Normal
2026-04-28 00:28:13.580698,Toronto-627c,13,83,Normal
2026-04-28 00:28:14.580698,Toronto-627c,-19,25,Normal
2026-04-28 00:28:15.580698,Toronto-627c,-18,90,Normal
2026-04-28 00:28:16.580698,Toronto-627c,38,86,Normal
2026-04-28 00:28:17.580698,Toronto-627c,33,69,Normal
2026-04-28 00:28:18.580698,Toronto-627c,7,5,Normal
2026-04-28 00:28:19.580698,Toronto-627c,21,44,Normal
2026-04-28 00:28:20.580698,Toronto-627c,28,34,Normal
2026-04-28 00:28:21.580698,Toronto-627c,10,90,Normal
2026-04-28 00:28:22.580698,Toronto-627c,41,73,Normal
2026-04-28 00:28:23.580698,Toronto-627c,49,39,Normal
2026-04-28 00:28:24.580698,Toronto-627c,-8,92,Normal
2026-04-28 00:28:25.580698,Toronto-627c,-6,98,Normal
2026-04-28 00:28:26.580698,Toronto-627c,5,39,Normal
2026-04-28 00:28:27.580698,Toronto-627c,-18,31,Normal
2026-04-28 00:28:28.580698,Toronto-627c,40,63,Normal
2026-04-28 00:28:29.580698,Toronto-627c,-16,99,Normal
2026-04-28 00:28:30.580698,Toronto-627c,32,89,Normal
2026-04-28 00:28:31.580698,Toronto-627c,16,9,Normal
2026-04-28 00:28:32.580698,Toronto-627c,-7,52,Normal
2026-04-28 00:28:33.580698,Toronto-627c,29,18,Normal
2026-04-28 00:28:34.580698,Toronto-627c,32,97,Normal
2026-04-28 00:28:35.580698,Toronto-627c,33,84,Normal
2026-04-28 00:28:36.580698,Toronto-627c,44,24,Normal
2026-04-28 00:28:37.580698,Toronto-627c,42,84,Normal
2026-04-28 00:28:38.580698,Toronto-627c,0,85,Normal
2026-04-28 00:28:39.580698,Toronto-627c,-15,88,Normal
2026-04-28 00:28:40.580698,Toronto-627c,15,71,Normal
2026-04-28 00:28:41.580698,Toronto-627c,-15,33,Normal
2026-04-28 00:28:42.580698,Toronto-627c,-4,56,Normal
2026-04-28 00:28:43.580698,Toronto-627c,21,88,Normal
2026-04-28 00:28:44.580698,Toronto-627c,48,99,Normal
2026-04-28 00:28:45.580698,Toronto-627c,27,68,Normal
2026-04-28 00:28:46.580698,Toronto-627c,-23,30,Normal
2026-04-28 00:28:47.580698,Toronto-627c,-18,84,Normal
2026-04-28 00:28:48.580698,Toronto-627c,-20,70,Normal
2026-04-28 00:28:49.580698,Toronto-627c,-10,5,Normal
2026-04-28 00:28:50.580698,Toronto-627c,27,29,Normal
2026-04-28 00:28:51.580698,Toronto-627c,11,76,Normal
2026-04-28 00:28:52.580698,Toronto-627c,-14,14,Normal
2026-04-28 00:28:53.580698,Toronto-627c,0,30,Normal
2026-04-28 00:28:54.580698,Toronto-627c,49,97,Normal
2026-04-28 00:28:55.580698,Toronto-627c,21,5,Normal
2026-04-28 00:28:56.580698,Toronto-627c,-18,36,Normal
2026-04-28 00:28:57.580698,Toronto-627c,-30,11,Normal
2026-04-28 00:28:58.580698,Toronto-627c,-16,34,Normal
2026-04-28 00:28:59.580698,Toronto-627c,8,38,Normal
2026-04-28 00:29:00.580698,Toronto-627c,29,50,Normal
2026-04-28 00:29:01.580698,Toronto-627c,50,72,Normal
2026-04-28 00:29:02.580698,Toronto-627c,-20,80,Normal
2026-04-28 00:29:03.580698,Toronto-627c,27,98,Normal
2026-04-28 00:29:04.580698,Toronto-627c,19,35,Normal
2026-04-28 00:29:05.580698,Toronto-627c,-27,93,Normal
2026-04-28 00:29:06.580698,Toronto-627c,36,75,Normal
2026-04-28 00:29:07.580698,Toronto-627c,36,2,Normal
2026-04-28 00:29:08.580698,Toronto-627c,16,83,Normal
2026-04-28 00:29:09.580698,Toronto-627c,48,40,Normal
2026-04-28 00:29:10.580698,Toronto-627c,32,23,Normal
2026-04-28 00:29:11.580698,Toronto-627c,-9,55,Normal
2026-04-28 00:29:12.580698,Toronto-627c,-29,3,Normal
2026-04-28 00:29:13.580698,Toronto-627c,-9,81,Normal
2026-04-28 00:29:14.580698,Toronto-627c,50,78,Normal
2026-04-28 00:29:15.580698,Toronto-627c,44,14,Normal
2026-04-28 00:29:16.580698,Toronto-627c,-11,84,Normal
2026-04-28 00:29:17.580698,Toronto-627c,31,48,Normal
2026-04-28 00:29:18.580698,Toronto-627c,7,20,Normal
2026-04-28 00:29:19.580698,Toronto-627c,19,34,Normal
2026-04-28 00:29:20.580698,Toronto-627c,-8,64,Normal
2026-04-28 00:29:21.580698,Toronto-627c,37,8,Normal
2026-04-28 00:29:22.580698,Toronto-627c,-14,82,Normal
2026-04-28 00:29:23.580698,Toronto-627c,1,91,Normal
2026-04-28 00:29:24.580698,Toronto-627c,6,77,Normal
2026-04-28 00:29:25.580698,Toronto-627c,25,0,Normal
2026-04-28 00:29:26.580698,Toronto-627c,-29,57,Normal
2026-04-28 00:29:27.580698,Toronto-627c,-22,60,Normal
2026-04-28 00:29:28.580698,Toronto-627c,45,68,Normal
2026-04-28 00:29:29.580698,Toronto-627c,5,54,Normal
2026-04-28 00:29:30.580698,Toronto-627c,-5,97,Normal
2026-04-28 00:29:31.580698,Toronto-627c,-8,5,Normal
2026-04-28 00:29:32.580698,Toronto-627c,-6,38,Normal
2026-04-28 00:29:33.580698,Toronto-627c,44,85,Normal
2026-04-28 00:29:34.580698,Toronto-627c,26,2,Normal
2026-04-28 00:29:35.580698,Toronto-627c,-14,49,Normal
2026-04-28 00:29:36.580698,Toronto-627c,-8,18,Normal
2026-04-28 00:29:37.580698,Toronto-627c,-26,34,Normal
2026-04-28 00:29:38.580698,Toronto-627c,-20,45,Normal
2026-04-28 00:29:39.580698,Toronto-627c,29,36,Normal
2026-04-28 00:29:40.580698,Toronto-627c,10,22,Normal
2026-04-28 00:29:41.580698,Toronto-627c,-13,46,Normal
2026-04-28 00:29:42.580698,Toronto-627c,-25,63,Normal
2026-04-28 00:29:43.580698,Toronto-627c,33,42,Normal
2026-04-28 00:29:44.580698,Toronto-627c,26,89,Normal
2026-04-28 00:29:45.580698,Toronto-627c,29,33,Normal
2026-04-28 00:29:46.580698,Toronto-627c,43,9,Normal
2026-04-28 00:29:47.580698,Toronto-627c,15,28,Normal
2026-04-28 00:29:48.580698,Toronto-627c,39,94,Normal
2026-04-28 00:29:49.580698,Toronto-627c,8,94,Normal
2026-04-28 00:29:50.580698,Toronto-627c,-11,53,Normal
2026-04-28 00:29:51.580698,Toronto-627c,43,86,Normal
2026-04-28 00:29:52.580698,Toronto-627c,-27,3,Normal
2026-04-28 00:29:53.580698,Toronto-627c,44,38,Normal
2026-04-28 00:29:54.580698,Toronto-627c,33,0,Normal
2026-04-28 00:29:55.580698,Toronto-627c,33,29,Normal
2026-04-28 00:29:56.580698,Toronto-627c,-19,7,Normal
2026-04-28 00:29:57.580698,Toronto-627c,47,71,Normal
2026-04-28 00:29:58.580698,Toronto-627c,14,16,Normal
2026-04-28 00:29:59.580698,Toronto-627c,39,21,Normal
2026-04-28 00:30:00.580698,Toronto-627c,35,75,Normal
2026-04-28 00:30:01.580698,Toronto-627c,20,67,Normal
2026-04-28 00:30:02.580698,Toronto-627c,27,11,Normal
2026-04-28 00:30:03.580698,Toronto-627c,-12,77,Normal
2026-04-28 00:30:04.580698,Toronto-627c,7,26,Normal
2026-04-28 00:30:05.580698,Toronto-627c,-17,8,Normal
2026-04-28 00:30:06.580698,Toronto-627c,-14,90,Normal
2026-04-28 00:30:07.580698,Toronto-627c,18,83,Normal
2026-04-28 00:30:08.580698,Toronto-627c,37,6,Normal
2026-04-28 00:30:09.580698,Toronto-627c,28,99,Normal
2026-04-28 00:30:10.580698,Toronto-627c,8,70,Normal
2026-04-28 00:30:11.580698,Toronto-627c,6,17,Normal
2026-04-28 00:30:12.580698,Toronto-627c,0,6,Normal
2026-04-28 00:30:13.580698,Toronto-627c,24,68,Normal
2026-04-28 00:30:14.580698,Toronto-627c,-25,10,Normal
2026-04-28 00:30:15.580698,Toronto-627c,-16,31,Normal
2026-04-28 00:30:16.580698,Toronto-627c,-27,98,Normal
2026-04-28 00:30:17.580698,Toronto-627c,35,41,Normal
2026-04-28 00:30:18.580698,Toronto-627c,3,89,Normal
2026-04-28 00:30:19.580698,Toronto-627c,32,80,Normal
2026-04-28 00:30:20.580698,Toronto-627c,-27,0,Normal
2026-04-28 00:30:21.580698,Toronto-627c,48,57,Normal
2026-04-28 00:30:22.580698,Toronto-627c,-24,80,Normal
2026-04-28 00:30:23.580698,Toronto-627c,13,14,Normal
2026-04-28 00:30:24.580698,Toronto-627c,4,78,Normal
2026-04-28 00:30:25.580698,Toronto-627c,-15,68,Normal
2026-04-28 00:30:26.580698,Toronto-627c,-1,34,Normal
2026-04-28 00:30:27.580698,Toronto-627c,16,97,Normal
2026-04-28 00:30:28.580698,Toronto-627c,-14,35,Normal
2026-04-28 00:30:29.580698,Toronto-627c,-25,33,Normal
2026-04-28 00:30:30.580698,Toronto-627c,23,87,Normal
2026-04-28 00:30:31.580698,Toronto-627c,16,36,Normal
2026-04-28 00:30:32.580698,Toronto-627c,-28,62,Normal
2026-04-28 00:30:33.580698,Toronto-627c,-17,60,Normal
2026-04-28 00:30:34.580698,Toronto-627c,46,22,Normal
2026-04-28 00:30:35.580698,Toronto-627c,10,88,Normal
2026-04-28 00:30:36.580698,Toronto-627c,-15,65,Normal
2026-04-28 00:30:37.580698,Toronto-627c,16,85,Normal
2026-04-28 00:30:38.580698,Toronto-627c,21,19,Normal
2026-04-28 00:30:39.580698,Toronto-627c,-27,72,Normal
2026-04-28 00:30:40.580698,Toronto-627c,-10,72,Normal
2026-04-28 00:30:41.580698,Toronto-627c,-21,60,Normal
2026-04-28 00:30:42.580698,Toronto-627c,19,66,Normal
2026-04-28 00:30:43.580698,Toronto-627c,-29,5,Normal
2026-04-28 00:30:44.580698,Toronto-627c,37,76,Normal
2026-04-28 00:30:45.580698,Toronto-627c,-2,47,Normal
2026-04-28 00:30:46.580698,Toronto-627c,30,94,Normal
2026-04-28 00:30:47.580698,Toronto-627c,33,2,Normal
2026-04-28 00:30:48.580698,Toronto-627c,-22,68,Normal
2026-04-28 00:30:49.580698,Toronto-627c,44,65,Normal
2026-04-28 00:30:50.580698,Toronto-627c,1,23,Normal
2026-04-28 00:30:51.580698,Toronto-627c,-8,35,Normal
2026-04-28 00:30:52.580698,Toronto-627c,-4,54,Normal
2026-04-28 00:30:53.580698,Toronto-627c,-20,40,Normal
2026-04-28 00:30:54.580698,Toronto-627c,-8,62,Normal
2026-04-28 00:30:55.580698,Toronto-627c,-24,0,Normal
2026-04-28 00:30:56.580698,Toronto-627c,-25,11,Normal
2026-04-28 00:30:57.580698,Toronto-627c,29,16,Normal
2026-04-28 00:30:58.580698,Toronto-627c,-17,38,Normal
2026-04-28 00:30:59.580698,Toronto-627c,43,71,Normal
2026-04-28 00:31:00.580698,Toronto-627c,-29,68,Normal
2026-04-28 00:31:01.580698,Toronto-627c,9,23,Normal
2026-04-28 00:31:02.580698,Toronto-627c,21,73,Normal
2026-04-28 00:31:03.580698,Toronto-627c,2,96,Normal
2026-04-28 00:31:04.580698,Toronto-627c,13,59,Normal
2026-04-28 00:31:05.580698,Toronto-627c,-10,5,Normal
2026-04-28 00:31:06.580698,Toronto-627c,-29,64,Normal
2026-04-28 00:31:07.580698,Toronto-627c,-20,68,Normal
2026-04-28 00:31:08.580698,Toronto-627c,-14,68,Normal
2026-04-28 00:31:09.580698,Toronto-627c,5,75,Normal
2026-04-28 00:31:10.580698,Toronto-627c,45,99,Normal
2026-04-28 00:31:11.580698,Toronto-627c,33,88,Normal
2026-04-28 00:31:12.580698,Toronto-627c,49,74,Normal
2026-04-28 00:31:13.580698,Toronto-627c,22,97,Normal
2026-04-28 00:31:14.580698,Toronto-627c,-24,59,Normal
2026-04-28 00:31:15.580698,Toronto-627c,23,39,Normal
2026-04-28 00:31:16.580698,Toronto-627c,-29,8,Normal
2026-04-28 00:31:17.580698,Toronto-627c,17,36,Normal
2026-04-28 00:31:18.580698,Toronto-627c,25,76,Normal
2026-04-28 00:31:19.580698,Toronto-627c,14,66,Normal
2026-04-28 00:31:20.580698,Toronto-627c,37,75,Normal
2026-04-28 00:31:21.580698,Toronto-627c,10,42,Normal
2026-04-28 00:31:22.580698,Toronto-627c,35,31,Normal
2026-04-28 00:31:23.580698,Toronto-627c,7,75,Normal
2026-04-28 00:31:24.580698,Toronto-627c,-8,59,Normal
2026-04-28 00:31:25.580698,Toronto-627c,33,23,Normal
2026-04-28 00:31:26.580698,Toronto-627c,30,55,Normal
2026-04-28 00:31:27.580698,Toronto-627c,-27,84,Normal
2026-04-28 00:31:28.580698,Toronto-627c,-27,95,Normal
2026-04-28 00:31:29.580698,Toronto-627c,-22,97,Normal
2026-04-28 00:31:30.580698,Toronto-627c,-3,64,Normal
2026-04-28 00:31:31.580698,Toronto-627c,1,25,Normal
2026-04-28 00:31:32.580698,Toronto-627c,-2,50,Normal
2026-04-28 00:31:33.580698,Toronto-627c,-5,32,Normal
2026-04-28 00:31:34.580698,Toronto-627c,29,90,Normal
2026-04-28 00:31:35.580698,Toronto-627c,9,98,Normal
2026-04-28 00:31:36.580698,Toronto-627c,31,50,Normal
2026-04-28 00:31:37.580698,Toronto-627c,6,83,Normal
2026-04-28 00:31:38.580698,Toronto-627c,-5,53,Normal
2026-04-28 00:31:39.580698,Toronto-627c,-4,46,Normal
2026-04-28 00:31:40.580698,Toronto-627c,6,94,Normal
2026-04-28 00:31:41.580698,Toronto-627c,-3,86,Normal
2026-04-28 00:31:42.580698,Toronto-627c,5,77,Normal
2026-04-28 00:31:43.580698,Toronto-627c,24,11,Normal
2026-04-28 00:31:44.580698,Toronto-627c,44,79,Normal
2026-04-28 00:31:45.580698,Toronto-627c,21,38,Normal
2026-04-28 00:31:46.580698,Toronto-627c,4,60,Normal
2026-04-28 00:31:47.580698,Toronto-627c,5,10,Normal
2026-04-28 00:31:48.580698,Toronto-627c,-14,52,Normal
2026-04-28 00:31:49.580698,Toronto-627c,-29,67,Normal
2026-04-28 00:31:50.580698,Toronto-627c,14,43,Normal
2026-04-28 00:31:51.580698,Toronto-627c,49,46,Normal
2026-04-28 00:31:52.580698,Toronto-627c,29,90,Normal
2026-04-28 00:31:53.580698,Toronto-627c,-23,48,Normal
2026-04-28 00:31:54.580698,Toronto-627c,16,32,Normal
2026-04-28 00:31:55.580698,Toronto-627c,47,79,Normal
2026-04-28 00:31:56.580698,Toronto-627c,-26,30,Normal
2026-04-28 00:31:57.580698,Toronto-627c,-13,50,Normal
2026-04-28 00:31:58.580698,Toronto-627c,-7,31,Normal
2026-04-28 00:31:59.580698,Toronto-627c,4,48,Normal
2026-04-28 00:32:00.580698,Toronto-627c,35,98,Normal
2026-04-28 00:32:01.580698,Toronto-627c,-29,42,Normal
2026-04-28 00:32:02.580698,Toronto-627c,30,1,Normal
2026-04-28 00:32:03.580698,Toronto-627c,-19,53,Normal
2026-04-28 00:32:04.580698,Toronto-627c,14,89,Normal
2026-04-28 00:32:05.580698,Toronto-627c,37,30,Normal
2026-04-28 00:32:06.580698,Toronto-627c,19,20,Normal
2026-04-28 00:32:07.580698,Toronto-627c,-9,56,Normal
2026-04-28 00:32:08.580698,Toronto-627c,1,58,Normal
2026-04-28 00:32:09.580698,Toronto-627c,-11,85,Normal
2026-04-28 00:32:10.580698,Toronto-627c,-4,69,Normal
2026-04-28 00:32:11.580698,Toronto-627c,50,32,Normal
2026-04-28 00:32:12.580698,Toronto-627c,-1,33,Normal
2026-04-28 00:32:13.580698,Toronto-627c,37,3,Normal
2026-04-28 00:32:14.580698,Toronto-627c,-23,39,Normal
2026-04-28 00:32:15.580698,Toronto-627c,39,45,Normal
2026-04-28 00:32:16.580698,Toronto-627c,-6,24,Normal
2026-04-28 00:32:17.580698,Toronto-627c,3,100,Normal
2026-04-28 00:32:18.580698,Toronto-627c,26,93,Normal
2026-04-28 00:32:19.580698,Toronto-627c,47,81,Normal
2026-04-28 00:32:20.580698,Toronto-627c,-13,48,Normal
2026-04-28 00:32:21.580698,Toronto-627c,26,95,Normal
2026-04-28 00:32:22.580698,Toronto-627c,11,44,Normal
2026-04-28 00:32:23.580698,Toronto-627c,6,41,Normal
2026-04-28 00:32:24.580698,Toronto-627c,2,98,Normal
2026-04-28 00:32:25.580698,Toronto-627c,13,28,Normal
2026-04-28 00:32:26.580698,Toronto-627c,47,91,Normal
2026-04-28 00:32:27.580698,Toronto-627c,-5,71,Normal
2026-04-28 00:32:28.580698,Toronto-627c,22,91,Normal
2026-04-28 00:32:29.580698,Toronto-627c,18,75,Normal
2026-04-28 00:32:30.580698,Toronto-627c,47,32,Normal
2026-04-28 00:32:31.580698,Toronto-627c,31,75,Normal
2026-04-28 00:32:32.580698,Toronto-627c,27,55,Normal
2026-04-28 00:32:33.580698,Toronto-627c,-17,22,Normal
2026-04-28 00:32:34.580698,Toronto-627c,-3,63,Normal
2026-04-28 00:32:35.580698,Toronto-627c,15,69,Normal
2026-04-28 00:32:36.580698,Toronto-627c,42,20,Normal
2026-04-28 00:32:37.580698,Toronto-627c,38,56,Normal
2026-04-28 00:32:38.580698,Toronto-627c,-19,88,Normal
2026-04-28 00:32:39.580698,Toronto-627c,40,74,Normal
2026-04-28 00:32:40.580698,Toronto-627c,-19,61,Normal
2026-04-28 00:32:41.580698,Toronto-627c,12,69,Normal
2026-04-28 00:32:42.580698,Toronto-627c,6,36,Normal
2026-04-28 00:32:43.580698,Toronto-627c,-5,28,Normal
2026-04-28 00:32:44.580698,Toronto-627c,8,22,Normal
2026-04-28 00:32:45.580698,Toronto-627c,0,75,Normal
2026-04-28 00:32:46.580698,Toronto-627c,44,60,Normal
2026-04-28 00:32:47.580698,Toronto-627c,8,4,Normal
2026-04-28 00:32:48.580698,Toronto-627c,14,98,Normal
2026-04-28 00:32:49.580698,Toronto-627c,26,69,Normal
2026-04-28 00:32:50.580698,Toronto-627c,37,92,Normal
2026-04-28 00:32:51.580698,Toronto-627c,49,89,Normal
2026-04-28 00:32:52.580698,Toronto-627c,30,15,Normal
2026-04-28 00:32:53.580698,Toronto-627c,37,9,Normal
2026-04-28 00:32:54.580698,Toronto-627c,-1,78,Normal
2026-04-28 00:32:55.580698,Toronto-627c,9,5,Normal
2026-04-28 00:32:56.580698,Toronto-627c,50,28,Normal
2026-04-28 00:32:57.580698,Toronto-627c,-25,68,Normal
2026-04-28 00:32:58.580698,Toronto-627c,-13,11,Normal
2026-04-28 00:32:59.580698,Toronto-627c,12,37,Normal
2026-04-28 00:33:00.580698,Toronto-627c,33,21,Normal
2026-04-28 00:33:01.580698,Toronto-627c,11,63,Normal
2026-04-28 00:33:02.580698,Toronto-627c,1,57,Normal
2026-04-28 00:33:03.580698,Toronto-627c,-4,10,Normal
2026-04-28 00:33:04.580698,Toronto-627c,13,94,Normal
2026-04-28 00:33:05.580698,Toronto-627c,6,91,Normal
2026-04-28 00:33:06.580698,Toronto-627c,-21,54,Normal
2026-04-28 00:33:07.580698,Toronto-627c,25,43,Normal
2026-04-28 00:33:08.580698,Toronto-627c,42,2,Normal
2026-04-28 00:33:09.580698,Toronto-627c,33,44,Normal
2026-04-28 00:33:10.580698,Toronto-627c,8,82,Normal
2026-04-28 00:33:11.580698,Toronto-627c,30,5,Normal
2026-04-28 00:33:12.580698,Toronto-627c,36,50,Normal
2026-04-28 00:33:13.580698,Toronto-627c,26,96,Normal
2026-04-28 00:33:14.580698,Toronto-627c,-6,18,Normal
2026-04-28 00:33:15.580698,Toronto-627c,3,15,Normal
2026-04-28 00:33:16.580698,Toronto-627c,-18,45,Normal
2026-04-28 00:33:17.580698,Toronto-627c,2,9,Normal
2026-04-28 00:33:18.580698,Toronto-627c,-6,47,Normal
2026-04-28 00:33:19.580698,Toronto-627c,4,77,Normal
2026-04-28 00:33:20.580698,Toronto-627c,27,53,Normal
2026-04-28 00:33:21.580698,Toronto-627c,43,31,Normal
2026-04-28 00:33:22.580698,Toronto-627c,38,27,Normal
2026-04-28 00:33:23.580698,Toronto-627c,35,78,Normal
2026-04-28 00:33:24.580698,Toronto-627c,8,7,Normal
2026-04-28 00:33:25.580698,Toronto-627c,-28,80,Normal
2026-04-28 00:33:26.580698,Toronto-627c,-27,29,Normal
2026-04-28 00:33:27.580698,Toronto-627c,-13,22,Normal
2026-04-28 00:33:28.580698,Toronto-627c,-24,4,Normal
2026-04-28 00:33:29.580698,Toronto-627c,18,23,Normal
2026-04-28 00:33:30.580698,Toronto-627c,0,25,Normal
2026-04-28 00:33:31.580698,Toronto-627c,-10,58,Normal
2026-04-28 00:33:32.580698,Toronto-627c,15,7,Normal
2026-04-28 00:33:33.580698,Toronto-627c,-28,30,Normal
2026-04-28 00:33:34.580698,Toronto-627c,7,63,Normal
2026-04-28 00:33:35.580698,Toronto-627c,-8,56,Normal
2026-04-28 00:33:36.580698,Toronto-627c,-4,17,Normal
2026-04-28 00:33:37.580698,Toronto-627c,-5,34,Normal
2026-04-28 00:33:38.580698,Toronto-627c,13,55,Normal
2026-04-28 00:33:39.580698,Toronto-627c,28,18,Normal
2026-04-28 00:33:40.580698,Toronto-627c,18,1,Normal
2026-04-28 00:33:41.580698,Toronto-627c,8,49,Normal
2026-04-28 00:33:42.580698,Toronto-627c,15,39,Normal
2026-04-28 00:33:43.580698,Toronto-627c,15,51,Normal
2026-04-28 00:33:44.580698,Toronto-627c,47,87,Normal
2026-04-28 00:33:45.580698,Toronto-627c,-15,48,Normal
2026-04-28 00:33:46.580698,Toronto-627c,39,52,Normal
2026-04-28 00:33:47.580698,Toronto-627c,27,61,Normal
2026-04-28 00:33:48.580698,Toronto-627c,-14,58,Normal
2026-04-28 00:33:49.580698,Toronto-627c,3,9,Normal
2026-04-28 00:33:50.580698,Toronto-627c,14,43,Normal
2026-04-28 00:33:51.580698,Toronto-627c,-8,20,Normal
2026-04-28 00:33:52.580698,Toronto-627c,29,50,Normal
2026-04-28 00:33:53.580698,Toronto-627c,20,49,Normal
2026-04-28 00:33:54.580698,Toronto-627c,44,5,Normal
2026-04-28 00:33:55.580698,Toronto-627c,38,22,Normal
2026-04-28 00:33:56.580698,Toronto-627c,-3,6,Normal
2026-04-28 00:33:57.580698,Toronto-627c,26,55,Normal
2026-04-28 00:33:58.580698,Toronto-627c,1,59,Normal
2026-04-28 00:33:59.580698,Toronto-627c,-20,34,Normal
2026-04-28 00:34:00.580698,Toronto-627c,10,54,Normal
2026-04-28 00:34:01.580698,Toronto-627c,26,86,Normal
2026-04-28 00:34:02.580698,Toronto-627c,23,43,Normal
2026-04-28 00:34:03.580698,Toronto-627c,39,30,Normal
2026-04-28 00:34:04.580698,Toronto-627c,-30,96,Normal
2026-04-28 00:34:05.580698,Toronto-627c,35,44,Normal
2026-04-28 00:34:06.580698,Toronto-627c,-20,95,Normal
2026-04-28 00:34:07.580698,Toronto-627c,48,80,Normal
2026-04-28 00:34:08.580698,Toronto-627c,-7,19,Normal
2026-04-28 00:34:09.580698,Toronto-627c,48,32,Normal
2026-04-28 00:34:10.580698,Toronto-627c,-12,13,Normal
2026-04-28 00:34:11.580698,Toronto-627c,32,96,Normal
2026-04-28 00:34:12.580698,Toronto-627c,17,89,Normal
2026-04-28 00:34:13.580698,Toronto-627c,-12,26,Normal
2026-04-28 00:34:14.580698,Toronto-627c,50,49,Normal
2026-04-28 00:34:15.580698,Toronto-627c,11,94,Normal
2026-04-28 00:34:16.580698,Toronto-627c,-4,19,Normal
2026-04-28 00:34:17.580698,Toronto-627c,7,44,Normal
2026-04-28 00:34:18.580698,Toronto-627c,14,16,Normal
2026-04-28 00:34:19.580698,Toronto-627c,3,34,Normal
2026-04-28 00:34:20.580698,Toronto-627c,20,59,Normal
2026-04-28 00:34:21.580698,Toronto-627c,38,10,Normal
2026-04-28 00:34:22.580698,Toronto-627c,29,43,Normal
2026-04-28 00:34:23.580698,Toronto-627c,35,53,Normal
2026-04-28 00:34:24.580698,Toronto-627c,46,18,Normal
2026-04-28 00:34:25.580698,Toronto-627c,42,20,Normal
2026-04-28 00:34:26.580698,Toronto-627c,11,72,Normal
2026-04-28 00:34:27.580698,Toronto-627c,-2,40,Normal
2026-04-28 00:34:28.580698,Toronto-627c,-14,88,Normal
2026-04-28 00:34:29.580698,Toronto-627c,50,13,Normal
2026-04-28 00:34:30.580698,Toronto-627c,-5,82,Normal
2026-04-28 00:34:31.580698,Toronto-627c,3,59,Normal
2026-04-28 00:34:32.580698,Toronto-627c,45,71,Normal
2026-04-28 00:34:33.580698,Toronto-627c,-6,20,Normal
2026-04-28 00:34:34.580698,Toronto-627c,45,85,Normal
2026-04-28 00:34:35.580698,Toronto-627c,50,50,Normal
2026-04-28 00:34:36.580698,Toronto-627c,24,82,Normal
2026-04-28 00:34:37.580698,Toronto-627c,-20,75,Normal
2026-04-28 00:34:38.580698,Toronto-627c,22,98,Normal
2026-04-28 00:34:39.580698,Toronto-627c,13,65,Normal
2026-04-28 00:34:40.580698,Toronto-627c,-14,44,Normal
2026-04-28 00:34:41.580698,Toronto-627c,-16,98,Normal
2026-04-28 00:34:42.580698,Toronto-627c,-12,41,Normal
2026-04-28 00:34:43.580698,Toronto-627c,37,0,Normal
2026-04-28 00:34:44.580698,Toronto-627c,-6,76,Normal
2026-04-28 00:34:45.580698,Toronto-627c,-3,47,Normal
2026-04-28 00:34:46.580698,Toronto-627c,45,98,Normal
2026-04-28 00:34:47.580698,Toronto-627c,49,32,Normal
2026-04-28 00:34:48.580698,Toronto-627c,41,13,Normal
2026-04-28 00:34:49.580698,Toronto-627c,14,55,Normal
2026-04-28 00:34:50.580698,Toronto-627c,12,29,Normal
2026-04-28 00:34:51.580698,Toronto-627c,27,97,Normal
2026-04-28 00:34:52.580698,Toronto-627c,-17,8,Normal
2026-04-28 00:34:53.580698,Toronto-627c,6,38,Normal
2026-04-28 00:34:54.580698,Toronto-627c,-20,91,Normal
2026-04-28 00:34:55.580698,Toronto-627c,-16,5,Normal
2026-04-28 00:34:56.580698,Toronto-627c,35,30,Normal
2026-04-28 00:34:57.580698,Toronto-627c,-7,51,Normal
2026-04-28 00:34:58.580698,Toronto-627c,-4,65,Normal
2026-04-28 00:34:59.580698,Toronto-627c,-29,1,Normal
2026-04-28 00:35:00.580698,Toronto-627c,31,62,Normal
2026-04-28 00:35:01.580698,Toronto-627c,6,84,Normal
2026-04-28 00:35:02.580698,Toronto-627c,15,14,Normal
2026-04-28 00:35:03.580698,Toronto-627c,-23,21,Normal
2026-04-28 00:35:04.580698,Toronto-627c,-4,12,Normal
2026-04-28 00:35:05.580698,Toronto-627c,28,54,Normal
2026-04-28 00:35:06.580698,Toronto-627c,25,10,Normal
2026-04-28 00:35:07.580698,Toronto-627c,-11,26,Normal
2026-04-28 00:35:08.580698,Toronto-627c,-10,55,Normal
2026-04-28 00:35:09.580698,Toronto-627c,10,5,Normal
2026-04-28 00:35:10.580698,Toronto-627c,-26,94,Normal
2026-04-28 00:35:11.580698,Toronto-627c,-27,76,Normal
2026-04-28 00:35:12.580698,Toronto-627c,5,15,Normal
2026-04-28 00:35:13.580698,Toronto-627c,-26,1,Normal
2026-04-28 00:35:14.580698,Toronto-627c,26,21,Normal
2026-04-28 00:35:15.580698,Toronto-627c,1,60,Normal
2026-04-28 00:35:16.580698,Toronto-627c,23,91,Normal
2026-04-28 00:35:17.580698,Toronto-627c,4,0,Normal
2026-04-28 00:35:18.580698,Toronto-627c,-10,90,Normal
2026-04-28 00:35:19.580698,Toronto-627c,31,56,Normal
2026-04-28 00:35:20.580698,Toronto-627c,34,1,Normal
2026-04-28 00:35:21.580698,Toronto-627c,11,39,Normal
2026-04-28 00:35:22.580698,Toronto-627c,-10,78,Normal
2026-04-28 00:35:23.580698,Toronto-627c,-15,90,Normal
2026-04-28 00:35:24.580698,Toronto-627c,-6,61,Normal
2026-04-28 00:35:25.580698,Toronto-627c,15,63,Normal
2026-04-28 00:35:26.580698,Toronto-627c,40,85,Normal
2026-04-28 00:35:27.580698,Toronto-627c,-16,67,Normal
2026-04-28 00:35:28.580698,Toronto-627c,12,39,Normal
2026-04-28 00:35:29.580698,Toronto-627c,8,18,Normal
2026-04-28 00:35:30.580698,Toronto-627c,49,35,Normal
2026-04-28 00:35:31.580698,Toronto-627c,0,10,Normal
2026-04-28 00:35:32.580698,Toronto-627c,9,52,Normal
2026-04-28 00:35:33.580698,Toronto-627c,29,35,Normal
2026-04-28 00:35:34.580698,Toronto-627c,-14,13,Normal
2026-04-28 00:35:35.580698,Toronto-627c,-20,4,Normal
2026-04-28 00:35:36.580698,Toronto-627c,-11,41,Normal
2026-04-28 00:35:37.580698,Toronto-627c,26,21,Normal
2026-04-28 00:35:38.580698,Toronto-627c,24,40,Normal
2026-04-28 00:35:39.580698,Toronto-627c,44,71,Normal
2026-04-28 00:35:40.580698,Toronto-627c,44,29,Normal
2026-04-28 00:35:41.580698,Toronto-627c,46,34,Normal
2026-04-28 00:35:42.580698,Toronto-627c,-26,34,Normal
2026-04-28 00:35:43.580698,Toronto-627c,2,95,Normal
2026-04-28 00:35:44.580698,Toronto-627c,-23,80,Normal
2026-04-28 00:35:45.580698,Toronto-627c,35,86,Normal
2026-04-28 00:35:46.580698,Toronto-627c,-27,21,Normal
2026-04-28 00:35:47.580698,Toronto-627c,37,61,Normal
2026-04-28 00:35:48.580698,Toronto-627c,-13,83,Normal
2026-04-28 00:35:49.580698,Toronto-627c,4,53,Normal
2026-04-28 00:35:50.580698,Toronto-627c,7,25,Normal
2026-04-28 00:35:51.580698,Toronto-627c,-1,26,Normal
2026-04-28 00:35:52.580698,Toronto-627c,28,41,Normal
2026-04-28 00:35:53.580698,Toronto-627c,42,83,Normal
2026-04-28 00:35:54.580698,Toronto-627c,-6,38,Normal
2026-04-28 00:35:55.580698,Toronto-627c,17,34,Normal
2026-04-28 00:35:56.580698,Toronto-627c,-3,11,Normal
2026-04-28 00:35:57.580698,Toronto-627c,-15,95,Normal
2026-04-28 00:35:58.580698,Toronto-627c,-6,80,Normal
2026-04-28 00:35:59.580698,Toronto-627c,-29,98,Normal
2026-04-28 00:36:00.580698,Toronto-627c,33,26,Normal
2026-04-28 00:36:01.580698,Toronto-627c,-5,51,Normal
2026-04-28 00:36:02.580698,Toronto-627c,31,14,Normal
2026-04-28 00:36:03.580698,Toronto-627c,43,13,Normal
2026-04-28 00:36:04.580698,Toronto-627c,26,29,Normal
2026-04-28 00:36:05.580698,Toronto-627c,-18,94,Normal
2026-04-28 00:36:06.580698,Toronto-627c,-3,0,Normal
2026-04-28 00:36:07.580698,Toronto-627c,31,3,Normal
2026-04-28 00:36:08.580698,Toronto-627c,-3,71,Normal
2026-04-28 00:36:09.580698,Toronto-627c,-22,48,Normal
2026-04-28 00:36:10.580698,Toronto-627c,-28,9,Normal
2026-04-28 00:36:11.580698,Toronto-627c,24,10,Normal
2026-04-28 00:36:12.580698,Toronto-627c,25,96,Normal
2026-04-28 00:36:13.580698,Toronto-627c,-5,55,Normal
2026-04-28 00:36:14.580698,Toronto-627c,-4,50,Normal
2026-04-28 00:36:15.580698,Toronto-627c,-26,69,Normal
2026-04-28 00:36:16.580698,Toronto-627c,23,56,Normal
2026-04-28 00:36:17.580698,Toronto-627c,-20,23,Normal
2026-04-28 00:36:18.580698,Toronto-627c,16,36,Normal
2026-04-28 00:36:19.580698,Toronto-627c,41,15,Normal
2026-04-28 00:36:20.580698,Toronto-627c,31,62,Normal
2026-04-28 00:36:21.580698,Toronto-627c,22,78,Normal
2026-04-28 00:36:22.580698,Toronto-627c,37,64,Normal
2026-04-28 00:36:23.580698,Toronto-627c,6,19,Normal
2026-04-28 00:36:24.580698,Toronto-627c,24,56,Normal
2026-04-28 00:36:25.580698,Toronto-627c,31,14,Normal
2026-04-28 00:36:26.580698,Toronto-627c,-28,65,Normal
2026-04-28 00:36:27.580698,Toronto-627c,32,1,Normal
2026-04-28 00:36:28.580698,Toronto-627c,50,96,Normal
2026-04-28 00:36:29.580698,Toronto-627c,42,7,Normal
2026-04-28 00:36:30.580698,Toronto-627c,-12,5,Normal
2026-04-28 00:36:31.580698,Toronto-627c,6,23,Normal
2026-04-28 00:36:32.580698,Toronto-627c,-4,2,Normal
2026-04-28 00:36:33.580698,Toronto-627c,46,92,Normal
2026-04-28 00:36:34.580698,Toronto-627c,4,43,Normal
2026-04-28 00:36:35.580698,Toronto-627c,43,70,Normal
2026-04-28 00:36:36.580698,Toronto-627c,-16,17,Normal
2026-04-28 00:36:37.580698,Toronto-627c,23,84,Normal
2026-04-28 00:36:38.580698,Toronto-627c,-22,25,Normal
2026-04-28 00:36:39.580698,Toronto-627c,-5,58,Normal
2026-04-28 00:36:40.580698,Toronto-627c,-26,41,Normal
2026-04-28 00:36:41.580698,Toronto-627c,40,35,Normal
2026-04-28 00:36:42.580698,Toronto-627c,27,42,Normal
2026-04-28 00:36:43.580698,Toronto-627c,26,8,Normal
2026-04-28 00:36:44.580698,Toronto-627c,18,98,Normal
2026-04-28 00:36:45.580698,Toronto-627c,19,58,Normal
2026-04-28 00:36:46.580698,Toronto-627c,43,42,Normal
2026-04-28 00:36:47.580698,Toronto-627c,39,29,Normal
2026-04-28 00:36:48.580698,Toronto-627c,-16,6,Normal
2026-04-28 00:36:49.580698,Toronto-627c,1,74,Normal
2026-04-28 00:36:50.580698,Toronto-627c,-12,81,Normal
2026-04-28 00:36:51.580698,Toronto-627c,8,95,Normal
2026-04-28 00:36:52.580698,Toronto-627c,45,51,Normal
2026-04-28 00:36:53.580698,Toronto-627c,26,95,Normal
2026-04-28 00:36:54.580698,Toronto-627c,-11,32,Normal
2026-04-28 00:36:55.580698,Toronto-627c,22,92,Normal
2026-04-28 00:36:56.580698,Toronto-627c,38,49,Normal
2026-04-28 00:36:57.580698,Toronto-627c,24,51,Normal
2026-04-28 00:36:58.580698,Toronto-627c,5,47,Normal
2026-04-28 00:36:59.580698,Toronto-627c,7,1,Normal
2026-04-28 00:37:00.580698,Toronto-627c,38,20,Normal
2026-04-28 00:37:01.580698,Toronto-627c,-20,94,Normal
2026-04-28 00:37:02.580698,Toronto-627c,36,53,Normal
2026-04-28 00:37:03.580698,Toronto-627c,17,82,Normal
2026-04-28 00:37:04.580698,Toronto-627c,42,38,Normal
2026-04-28 00:37:05.580698,Toronto-627c,7,3,Normal
2026-04-28 00:37:06.580698,Toronto-627c,-2,12,Normal
2026-04-28 00:37:07.580698,Toronto-627c,-14,48,Normal
2026-04-28 00:37:08.580698,Toronto-627c,4,70,Normal
2026-04-28 00:37:09.580698,Toronto-627c,41,94,Normal
2026-04-28 00:37:10.580698,Toronto-627c,-20,90,Normal
2026-04-28 00:37:11.580698,Toronto-627c,50,86,Normal
2026-04-28 00:37:12.580698,Toronto-627c,31,4,Normal
2026-04-28 00:37:13.580698,Toronto-627c,-24,33,Normal
2026-04-28 00:37:14.580698,Toronto-627c,-28,42,Normal
2026-04-28 00:37:15.580698,Toronto-627c,-24,16,Normal
2026-04-28 00:37:16.580698,Toronto-627c,3,100,Normal
2026-04-28 00:37:17.580698,Toronto-627c,16,70,Normal
2026-04-28 00:37:18.580698,Toronto-627c,-13,26,Normal
2026-04-28 00:37:19.580698,Toronto-627c,-7,6,Normal
2026-04-28 00:37:20.580698,Toronto-627c,36,90,Normal
2026-04-28 00:37:21.580698,Toronto-627c,35,2,Normal
2026-04-28 00:37:22.580698,Toronto-627c,1,82,Normal
2026-04-28 00:37:23.580698,Toronto-627c,37,54,Normal
2026-04-28 00:37:24.580698,Toronto-627c,47,58,Normal
2026-04-28 00:37:25.580698,Toronto-627c,41,68,Normal
2026-04-28 00:37:26.580698,Toronto-627c,10,81,Normal
2026-04-28 00:37:27.580698,Toronto-627c,-19,3,Normal
2026-04-28 00:37:28.580698,Toronto-627c,38,46,Normal
2026-04-28 00:37:29.580698,Toronto-627c,-30,1,Normal
2026-04-28 00:37:30.580698,Toronto-627c,-7,2,Normal
2026-04-28 00:37:31.580698,Toronto-627c,32,62,Normal
2026-04-28 00:37:32.580698,Toronto-627c,-19,31,Normal
2026-04-28 00:37:33.580698,Toronto-627c,1,19,Normal
2026-04-28 00:37:34.580698,Toronto-627c,24,68,Normal
2026-04-28 00:37:35.580698,Toronto-627c,-25,93,Normal
2026-04-28 00:37:36.580698,Toronto-627c,41,41,Normal
2026-04-28 00:37:37.580698,Toronto-627c,3,90,Normal
2026-04-28 00:37:38.580698,Toronto-627c,1,31,Normal
2026-04-28 00:37:39.580698,Toronto-627c,50,19,Normal
2026-04-28 00:37:40.580698,Toronto-627c,-5,7,Normal
2026-04-28 00:37:41.580698,Toronto-627c,-5,50,Normal
2026-04-28 00:37:42.580698,Toronto-627c,-30,89,Normal
2026-04-28 00:37:43.580698,Toronto-627c,13,56,Normal
2026-04-28 00:37:44.580698,Toronto-627c,34,34,Normal
2026-04-28 00:37:45.580698,Toronto-627c,-13,42,Normal
2026-04-28 00:37:46.580698,Toronto-627c,-16,93,Normal
2026-04-28 00:37:47.580698,Toronto-627c,23,19,Normal
2026-04-28 00:37:48.580698,Toronto-627c,-4,39,Normal
2026-04-28 00:37:49.580698,Toronto-627c,-25,35,Normal
2026-04-28 00:37:50.580698,Toronto-627c,-5,67,Normal
2026-04-28 00:37:51.580698,Toronto-627c,-21,30,Normal
2026-04-28 00:37:52.580698,Toronto-627c,41,79,Normal
2026-04-28 00:37:53.580698,Toronto-627c,11,60,Normal
2026-04-28 00:37:54.580698,Toronto-627c,-11,68,Normal
2026-04-28 00:37:55.580698,Toronto-627c,36,64,Normal
2026-04-28 00:37:56.580698,Toronto-627c,21,48,Normal
2026-04-28 00:37:57.580698,Toronto-627c,-21,19,Normal
2026-04-28 00:37:58.580698,Toronto-627c,21,86,Normal
2026-04-28 00:37:59.580698,Toronto-627c,28,68,Normal
2026-04-28 00:38:00.580698,Toronto-627c,47,69,Normal
2026-04-28 00:38:01.580698,Toronto-627c,-26,64,Normal
2026-04-28 00:38:02.580698,Toronto-627c,-24,73,Normal
2026-04-28 00:38:03.580698,Toronto-627c,37,78,Normal
2026-04-28 00:38:04.580698,Toronto-627c,47,45,Normal
2026-04-28 00:38:05.580698,Toronto-627c,-7,95,Normal
2026-04-28 00:38:06.580698,Toronto-627c,-28,16,Normal
2026-04-28 00:38:07.580698,Toronto-627c,-25,92,Normal
2026-04-28 00:38:08.580698,Toronto-627c,50,20,Normal
2026-04-28 00:38:09.580698,Toronto-627c,-19,24,Normal
2026-04-28 00:38:10.580698,Toronto-627c,25,10,Normal
2026-04-28 00:38:11.580698,Toronto-627c,50,50,Normal
2026-04-28 00:38:12.580698,Toronto-627c,3,97,Normal
2026-04-28 00:38:13.580698,Toronto-627c,43,19,Normal
2026-04-28 00:38:14.580698,Toronto-627c,-27,2,Normal
2026-04-28 00:38:15.580698,Toronto-627c,6,28,Normal
2026-04-28 00:38:16.580698,Toronto-627c,-25,86,Normal
2026-04-28 00:38:17.580698,Toronto-627c,-18,83,Normal
2026-04-28 00:38:18.580698,Toronto-627c,-13,34,Normal
2026-04-28 00:38:19.580698,Toronto-627c,36,30,Normal
2026-04-28 00:38:20.580698,Toronto-627c,37,34,Normal
2026-04-28 00:38:21.580698,Toronto-627c,34,22,Normal
2026-04-28 00:38:22.580698,Toronto-627c,10,55,Normal
2026-04-28 00:38:23.580698,Toronto-627c,8,11,Normal
2026-04-28 00:38:24.580698,Toronto-627c,-20,44,Normal
2026-04-28 00:38:25.580698,Toronto-627c,-2,50,Normal
2026-04-28 00:38:26.580698,Toronto-627c,-14,47,Normal
2026-04-28 00:38:27.580698,Toronto-627c,-22,20,Normal
2026-04-28 00:38:28.580698,Toronto-627c,45,43,Normal
2026-04-28 00:38:29.580698,Toronto-627c,-26,95,Normal
2026-04-28 00:38:30.580698,Toronto-627c,-6,63,Normal
2026-04-28 00:38:31.580698,Toronto-627c,-18,6,Normal
2026-04-28 00:38:32.580698,Toronto-627c,23,58,Normal
2026-04-28 00:38:33.580698,Toronto-627c,32,19,Normal
2026-04-28 00:38:34.580698,Toronto-627c,16,46,Normal
2026-04-28 00:38:35.580698,Toronto-627c,-12,45,Normal
2026-04-28 00:38:36.580698,Toronto-627c,23,54,Normal
2026-04-28 00:38:37.580698,Toronto-627c,-10,17,Normal
2026-04-28 00:38:38.580698,Toronto-627c,42,62,Normal
2026-04-28 00:38:39.580698,Toronto-627c,16,68,Normal
2026-04-28 00:38:40.580698,Toronto-627c,-6,84,Normal
2026-04-28 00:38:41.580698,Toronto-627c,5,69,Normal
2026-04-28 00:38:42.580698,Toronto-627c,-22,8,Normal
2026-04-28 00:38:43.580698,Toronto-627c,-2,83,Normal
2026-04-28 00:38:44.580698,Toronto-627c,-14,68,Normal
2026-04-28 00:38:45.580698,Toronto-627c,-24,27,Normal
2026-04-28 00:38:46.580698,Toronto-627c,33,13,Normal
2026-04-28 00:38:47.580698,Toronto-627c,32,2,Normal
2026-04-28 00:38:48.580698,Toronto-627c,22,58,Normal
2026-04-28 00:38:49.580698,Toronto-627c,-26,82,Normal
2026-04-28 00:38:50.580698,Toronto-627c,16,10,Normal
2026-04-28 00:38:51.580698,Toronto-627c,47,17,Normal
2026-04-28 00:38:52.580698,Toronto-627c,-21,39,Normal
2026-04-28 00:38:53.580698,Toronto-627c,47,90,Normal
2026-04-28 00:38:54.580698,Toronto-627c,3,94,Normal
2026-04-28 00:38:55.580698,Toronto-627c,-30,62,Normal
2026-04-28 00:38:56.580698,Toronto-627c,46,34,Normal
2026-04-28 00:38:57.580698,Toronto-627c,-26,8,Normal
2026-04-28 00:38:58.580698,Toronto-627c,-2,82,Normal
2026-04-28 00:38:59.580698,Toronto-627c,-26,5,Normal
2026-04-28 00:39:00.580698,Toronto-627c,7,83,Normal
2026-04-28 00:39:01.580698,Toronto-627c,43,89,Normal
2026-04-28 00:39:02.580698,Toronto-627c,-19,0,Normal
2026-04-28 00:39:03.580698,Toronto-627c,19,93,Normal
2026-04-28 00:39:04.580698,Toronto-627c,41,79,Normal
2026-04-28 00:39:05.580698,Toronto-627c,22,63,Normal
2026-04-28 00:39:06.580698,Toronto-627c,23,75,Normal
2026-04-28 00:39:07.580698,Toronto-627c,10,59,Normal
2026-04-28 00:39:08.580698,Toronto-627c,26,50,Normal
2026-04-28 00:39:09.580698,Toronto-627c,27,49,Normal
2026-04-28 00:39:10.580698,Toronto-627c,27,74,Normal
2026-04-28 00:39:11.580698,Toronto-627c,2,48,Normal
2026-04-28 00:39:12.580698,Toronto-627c,-5,20,Normal
2026-04-28 00:39:13.580698,Toronto-627c,-26,83,Normal
2026-04-28 00:39:14.580698,Toronto-627c,-7,80,Normal
2026-04-28 00:39:15.580698,Toronto-627c,-17,59,Normal
2026-04-28 00:39:16.580698,Toronto-627c,-12,23,Normal
2026-04-28 00:39:17.580698,Toronto-627c,-28,86,Normal
2026-04-28 00:39:18.580698,Toronto-627c,-6,48,Normal
2026-04-28 00:39:19.580698,Toronto-627c,-18,38,Normal
2026-04-28 00:39:20.580698,Toronto-627c,-3,19,Normal
2026-04-28 00:39:21.580698,Toronto-627c,32,47,Normal
2026-04-28 00:39:22.580698,Toronto-627c,37,33,Normal
2026-04-28 00:39:23.580698,Toronto-627c,-19,22,Normal
2026-04-28 00:39:24.580698,Toronto-627c,39,61,Normal
2026-04-28 00:39:25.580698,Toronto-627c,38,45,Normal
2026-04-28 00:39:26.580698,Toronto-627c,-9,79,Normal
2026-04-28 00:39:27.580698,Toronto-627c,-5,52,Normal
2026-04-28 00:39:28.580698,Toronto-627c,-29,20,Normal
2026-04-28 00:39:29.580698,Toronto-627c,-1,46,Normal
2026-04-28 00:39:30.580698,Toronto-627c,-17,84,Normal
2026-04-28 00:39:31.580698,Toronto-627c,-19,45,Normal
2026-04-28 00:39:32.580698,Toronto-627c,23,91,Normal
2026-04-28 00:39:33.580698,Toronto-627c,-12,100,Normal
2026-04-28 00:39:34.580698,Toronto-627c,-26,23,Normal
2026-04-28 00:39:35.580698,Toronto-627c,17,3,Normal
2026-04-28 00:39:36.580698,Toronto-627c,30,9,Normal
2026-04-28 00:39:37.580698,Toronto-627c,-25,34,Normal
2026-04-28 00:39:38.580698,Toronto-627c,11,66,Normal
2026-04-28 00:39:39.580698,Toronto-627c,30,78,Normal
2026-04-28 00:39:40.580698,Toronto-627c,-13,51,Normal
2026-04-28 00:39:41.580698,Toronto-627c,41,88,Normal
2026-04-28 00:39:42.580698,Toronto-627c,1,1,Normal
2026-04-28 00:39:43.580698,Toronto-627c,-19,82,Normal
2026-04-28 00:39:44.580698,Toronto-627c,45,4,Normal
2026-04-28 00:39:45.580698,Toronto-627c,-29,72,Normal
2026-04-28 00:39:46.580698,Toronto-627c,-1,43,Normal
2026-04-28 00:39:47.580698,Toronto-627c,46,19,Normal
2026-04-28 00:39:48.580698,Toronto-627c,-6,45,Normal
2026-04-28 00:39:49.580698,Toronto-627c,45,89,Normal
2026-04-28 00:39:50.580698,Toronto-627c,33,24,Normal
2026-04-28 00:39:51.580698,Toronto-627c,-13,97,Normal
2026-04-28 00:39:52.580698,Toronto-627c,-29,51,Normal
2026-04-28 00:39:53.580698,Toronto-627c,28,48,Normal
2026-04-28 00:39:54.580698,Toronto-627c,12,78,Normal
2026-04-28 00:39:55.580698,Toronto-627c,45,63,Normal
2026-04-28 00:39:56.580698,Toronto-627c,41,90,Normal
2026-04-28 00:39:57.580698,Toronto-627c,35,36,Normal
2026-04-28 00:39:58.580698,Toronto-627c,28,17,Normal
2026-04-28 00:39:59.580698,Toronto-627c,22,38,Normal
2026-04-28 00:40:00.580698,Toronto-627c,50,96,Normal
2026-04-28 00:40:01.580698,Toronto-627c,34,3,Normal
2026-04-28 00:40:02.580698,Toronto-627c,31,54,Normal
2026-04-28 00:40:03.580698,Toronto-627c,-24,98,Normal
2026-04-28 00:40:04.580698,Toronto-627c,29,64,Normal
2026-04-28 00:40:05.580698,Toronto-627c,0,53,Normal
2026-04-28 00:40:06.580698,Toronto-627c,49,25,Normal
2026-04-28 00:40:07.580698,Toronto-627c,30,27,Normal
2026-04-28 00:40:08.580698,Toronto-627c,31,100,Normal
2026-04-28 00:40:09.580698,Toronto-627c,6,95,Normal
2026-04-28 00:40:10.580698,Toronto-627c,-8,52,Normal
2026-04-28 00:40:11.580698,Toronto-627c,16,63,Normal
2026-04-28 00:40:12.580698,Toronto-627c,17,0,Normal
2026-04-28 00:40:13.580698,Toronto-627c,5,71,Normal
2026-04-28 00:40:14.580698,Toronto-627c,-26,14,Normal
2026-04-28 00:40:15.580698,Toronto-627c,38,31,Normal
2026-04-28 00:40:16.580698,Toronto-627c,-3,12,Normal
