timestamp,station_id,temp,humid,condition
2026-02-13 19:54:56.164707,Toronto-4513,-20,52,Normal
2026-02-13 19:54:57.164707,Toronto-4513,-3,82,Normal
2026-02-13 19:54:58.164707,Toronto-4513,-8,38,Normal
2026-02-13 19:54:59.164707,Toronto-4513,43,69,Normal
2026-02-13 19:55:00.164707,Toronto-4513,-2,36,Normal
2026-02-13 19:55:01.164707,Toronto-4513,17,50,Normal
2026-02-13 19:55:02.164707,Toronto-4513,32,19,Normal
2026-02-13 19:55:03.164707,Toronto-4513,37,89,Normal
2026-02-13 19:55:04.164707,Toronto-4513,9,81,Normal
2026-02-13 19:55:05.164707,Toronto-4513,4,73,Normal
2026-02-13 19:55:06.164707,Toronto-4513,-17,86,Normal
2026-02-13 19:55:07.164707,Toronto-4513,-25,53,Normal
2026-02-13 19:55:08.164707,Toronto-4513,46,77,Normal
2026-02-13 19:55:09.164707,Toronto-4513,49,46,Normal
2026-02-13 19:55:10.164707,Toronto-4513,17,63,Normal
2026-02-13 19:55:11.164707,Toronto-4513,-12,3,Normal
2026-02-13 19:55:12.164707,Toronto-4513,3,27,Normal
2026-02-13 19:55:13.164707,Toronto-4513,-11,17,Normal
2026-02-13 19:55:14.164707,Toronto-4513,-4,80,Normal
2026-02-13 19:55:15.164707,Toronto-4513,-7,75,Normal
2026-02-13 19:55:16.164707,Toronto-4513,-12,33,Normal
2026-02-13 19:55:17.164707,Toronto-4513,-15,76,Normal
2026-02-13 19:55:18.164707,Toronto-4513,2,37,Normal
2026-02-13 19:55:19.164707,Toronto-4513,28,93,Normal
2026-02-13 19:55:20.164707,Toronto-4513,0,11,Normal
2026-02-13 19:55:21.164707,Toronto-4513,-17,69,Normal
2026-02-13 19:55:22.164707,Toronto-4513,9,54,Normal
2026-02-13 19:55:23.164707,Toronto-4513,27,58,Normal
2026-02-13 19:55:24.164707,Toronto-4513,-6,38,Normal
2026-02-13 19:55:25.164707,Toronto-4513,18,2,Normal
2026-02-13 19:55:26.164707,Toronto-4513,10,7,Normal
2026-02-13 19:55:27.164707,Toronto-4513,-7,61,Normal
2026-02-13 19:55:28.164707,Toronto-4513,27,51,Normal
2026-02-13 19:55:29.164707,Toronto-4513,7,9,Normal
2026-02-13 19:55:30.164707,Toronto-4513,32,2,Normal
2026-02-13 19:55:31.164707,Toronto-4513,44,43,Normal
2026-02-13 19:55:32.164707,Toronto-4513,6,16,Normal
2026-02-13 19:55:33.164707,Toronto-4513,13,23,Normal
2026-02-13 19:55:34.164707,Toronto-4513,33,15,Normal
2026-02-13 19:55:35.164707,Toronto-4513,18,9,Normal
2026-02-13 19:55:36.164707,Toronto-4513,44,61,Normal
2026-02-13 19:55:37.164707,Toronto-4513,-21,91,Normal
2026-02-13 19:55:38.164707,Toronto-4513,26,2,Normal
2026-02-13 19:55:39.164707,Toronto-4513,-15,48,Normal
2026-02-13 19:55:40.164707,Toronto-4513,-25,64,Normal
2026-02-13 19:55:41.164707,Toronto-4513,31,17,Normal
2026-02-13 19:55:42.164707,Toronto-4513,-17,73,Normal
2026-02-13 19:55:43.164707,Toronto-4513,13,34,Normal
2026-02-13 19:55:44.164707,Toronto-4513,35,42,Normal
2026-02-13 19:55:45.164707,Toronto-4513,-9,80,Normal
2026-02-13 19:55:46.164707,Toronto-4513,47,67,Normal
2026-02-13 19:55:47.164707,Toronto-4513,-28,54,Normal
2026-02-13 19:55:48.164707,Toronto-4513,12,8,Normal
2026-02-13 19:55:49.164707,Toronto-4513,41,87,Normal
2026-02-13 19:55:50.164707,Toronto-4513,-16,10,Normal
2026-02-13 19:55:51.164707,Toronto-4513,41,35,Normal
2026-02-13 19:55:52.164707,Toronto-4513,-3,69,Normal
2026-02-13 19:55:53.164707,Toronto-4513,38,40,Normal
2026-02-13 19:55:54.164707,Toronto-4513,41,71,Normal
2026-02-13 19:55:55.164707,Toronto-4513,49,97,Normal
2026-02-13 19:55:56.164707,Toronto-4513,2,88,Normal
2026-02-13 19:55:57.164707,Toronto-4513,37,58,Normal
2026-02-13 19:55:58.164707,Toronto-4513,-19,57,Normal
2026-02-13 19:55:59.164707,Toronto-4513,29,42,Normal
2026-02-13 19:56:00.164707,Toronto-4513,43,53,Normal
2026-02-13 19:56:01.164707,Toronto-4513,49,12,Normal
2026-02-13 19:56:02.164707,Toronto-4513,-29,70,Normal
2026-02-13 19:56:03.164707,Toronto-4513,5,88,Normal
2026-02-13 19:56:04.164707,Toronto-4513,25,4,Normal
2026-02-13 19:56:05.164707,Toronto-4513,-2,96,Normal
2026-02-13 19:56:06.164707,Toronto-4513,31,19,Normal
2026-02-13 19:56:07.164707,Toronto-4513,23,57,Normal
2026-02-13 19:56:08.164707,Toronto-4513,-15,18,Normal
2026-02-13 19:56:09.164707,Toronto-4513,-3,54,Normal
2026-02-13 19:56:10.164707,Toronto-4513,11,91,Normal
2026-02-13 19:56:11.164707,Toronto-4513,-12,4,Normal
2026-02-13 19:56:12.164707,Toronto-4513,-20,13,Normal
2026-02-13 19:56:13.164707,Toronto-4513,33,53,Normal
2026-02-13 19:56:14.164707,Toronto-4513,24,14,Normal
2026-02-13 19:56:15.164707,Toronto-4513,-26,41,Normal
2026-02-13 19:56:16.164707,Toronto-4513,-7,96,Normal
2026-02-13 19:56:17.164707,Toronto-4513,35,38,Normal
2026-02-13 19:56:18.164707,Toronto-4513,24,54,Normal
2026-02-13 19:56:19.164707,Toronto-4513,-26,71,Normal
2026-02-13 19:56:20.164707,Toronto-4513,49,73,Normal
2026-02-13 19:56:21.164707,Toronto-4513,9,35,Normal
2026-02-13 19:56:22.164707,Toronto-4513,34,22,Normal
2026-02-13 19:56:23.164707,Toronto-4513,21,37,Normal
2026-02-13 19:56:24.164707,Toronto-4513,50,0,Normal
2026-02-13 19:56:25.164707,Toronto-4513,22,82,Normal
2026-02-13 19:56:26.164707,Toronto-4513,29,58,Normal
2026-02-13 19:56:27.164707,Toronto-4513,-26,40,Normal
2026-02-13 19:56:28.164707,Toronto-4513,12,80,Normal
2026-02-13 19:56:29.164707,Toronto-4513,-1,54,Normal
2026-02-13 19:56:30.164707,Toronto-4513,9,17,Normal
2026-02-13 19:56:31.164707,Toronto-4513,18,39,Normal
2026-02-13 19:56:32.164707,Toronto-4513,16,39,Normal
2026-02-13 19:56:33.164707,Toronto-4513,-13,2,Normal
2026-02-13 19:56:34.164707,Toronto-4513,30,14,Normal
2026-02-13 19:56:35.164707,Toronto-4513,-9,57,Normal
2026-02-13 19:56:36.164707,Toronto-4513,43,92,Normal
2026-02-13 19:56:37.164707,Toronto-4513,24,85,Normal
2026-02-13 19:56:38.164707,Toronto-4513,-30,43,Normal
2026-02-13 19:56:39.164707,Toronto-4513,13,28,Normal
2026-02-13 19:56:40.164707,Toronto-4513,36,3,Normal
2026-02-13 19:56:41.164707,Toronto-4513,34,77,Normal
2026-02-13 19:56:42.164707,Toronto-4513,21,100,Normal
2026-02-13 19:56:43.164707,Toronto-4513,-12,5,Normal
2026-02-13 19:56:44.164707,Toronto-4513,43,68,Normal
2026-02-13 19:56:45.164707,Toronto-4513,-6,14,Normal
2026-02-13 19:56:46.164707,Toronto-4513,11,94,Normal
2026-02-13 19:56:47.164707,Toronto-4513,-5,46,Normal
2026-02-13 19:56:48.164707,Toronto-4513,41,1,Normal
2026-02-13 19:56:49.164707,Toronto-4513,22,31,Normal
2026-02-13 19:56:50.164707,Toronto-4513,16,45,Normal
2026-02-13 19:56:51.164707,Toronto-4513,-21,46,Normal
2026-02-13 19:56:52.164707,Toronto-4513,-20,7,Normal
2026-02-13 19:56:53.164707,Toronto-4513,21,91,Normal
2026-02-13 19:56:54.164707,Toronto-4513,-11,23,Normal
2026-02-13 19:56:55.164707,Toronto-4513,2,84,Normal
2026-02-13 19:56:56.164707,Toronto-4513,28,93,Normal
2026-02-13 19:56:57.164707,Toronto-4513,-23,66,Normal
2026-02-13 19:56:58.164707,Toronto-4513,-10,44,Normal
2026-02-13 19:56:59.164707,Toronto-4513,18,83,Normal
2026-02-13 19:57:00.164707,Toronto-4513,-3,66,Normal
2026-02-13 19:57:01.164707,Toronto-4513,-26,99,Normal
2026-02-13 19:57:02.164707,Toronto-4513,19,14,Normal
2026-02-13 19:57:03.164707,Toronto-4513,38,51,Normal
2026-02-13 19:57:04.164707,Toronto-4513,8,100,Normal
2026-02-13 19:57:05.164707,Toronto-4513,-28,88,Normal
2026-02-13 19:57:06.164707,Toronto-4513,25,73,Normal
2026-02-13 19:57:07.164707,Toronto-4513,0,27,Normal
2026-02-13 19:57:08.164707,Toronto-4513,19,79,Normal
2026-02-13 19:57:09.164707,Toronto-4513,-19,1,Normal
2026-02-13 19:57:10.164707,Toronto-4513,10,21,Normal
2026-02-13 19:57:11.164707,Toronto-4513,21,74,Normal
2026-02-13 19:57:12.164707,Toronto-4513,-8,42,Normal
2026-02-13 19:57:13.164707,Toronto-4513,47,25,Normal
2026-02-13 19:57:14.164707,Toronto-4513,8,80,Normal
2026-02-13 19:57:15.164707,Toronto-4513,2,91,Normal
2026-02-13 19:57:16.164707,Toronto-4513,8,54,Normal
2026-02-13 19:57:17.164707,Toronto-4513,11,99,Normal
2026-02-13 19:57:18.164707,Toronto-4513,-21,69,Normal
2026-02-13 19:57:19.164707,Toronto-4513,50,76,Normal
2026-02-13 19:57:20.164707,Toronto-4513,40,82,Normal
2026-02-13 19:57:21.164707,Toronto-4513,-18,86,Normal
2026-02-13 19:57:22.164707,Toronto-4513,14,3,Normal
2026-02-13 19:57:23.164707,Toronto-4513,47,26,Normal
2026-02-13 19:57:24.164707,Toronto-4513,43,7,Normal
2026-02-13 19:57:25.164707,Toronto-4513,22,72,Normal
2026-02-13 19:57:26.164707,Toronto-4513,34,8,Normal
2026-02-13 19:57:27.164707,Toronto-4513,27,65,Normal
2026-02-13 19:57:28.164707,Toronto-4513,-5,15,Normal
2026-02-13 19:57:29.164707,Toronto-4513,14,59,Normal
2026-02-13 19:57:30.164707,Toronto-4513,-19,67,Normal
2026-02-13 19:57:31.164707,Toronto-4513,-22,20,Normal
2026-02-13 19:57:32.164707,Toronto-4513,-4,25,Normal
2026-02-13 19:57:33.164707,Toronto-4513,0,57,Normal
2026-02-13 19:57:34.164707,Toronto-4513,13,58,Normal
2026-02-13 19:57:35.164707,Toronto-4513,49,70,Normal
2026-02-13 19:57:36.164707,Toronto-4513,17,96,Normal
2026-02-13 19:57:37.164707,Toronto-4513,13,44,Normal
2026-02-13 19:57:38.164707,Toronto-4513,-15,58,Normal
2026-02-13 19:57:39.164707,Toronto-4513,4,92,Normal
2026-02-13 19:57:40.164707,Toronto-4513,4,52,Normal
2026-02-13 19:57:41.164707,Toronto-4513,36,81,Normal
2026-02-13 19:57:42.164707,Toronto-4513,11,26,Normal
2026-02-13 19:57:43.164707,Toronto-4513,15,85,Normal
2026-02-13 19:57:44.164707,Toronto-4513,-4,29,Normal
2026-02-13 19:57:45.164707,Toronto-4513,24,14,Normal
2026-02-13 19:57:46.164707,Toronto-4513,45,52,Normal
2026-02-13 19:57:47.164707,Toronto-4513,22,26,Normal
2026-02-13 19:57:48.164707,Toronto-4513,-24,8,Normal
2026-02-13 19:57:49.164707,Toronto-4513,14,54,Normal
2026-02-13 19:57:50.164707,Toronto-4513,-22,61,Normal
2026-02-13 19:57:51.164707,Toronto-4513,-1,85,Normal
2026-02-13 19:57:52.164707,Toronto-4513,-29,54,Normal
2026-02-13 19:57:53.164707,Toronto-4513,49,67,Normal
2026-02-13 19:57:54.164707,Toronto-4513,44,19,Normal
2026-02-13 19:57:55.164707,Toronto-4513,34,94,Normal
2026-02-13 19:57:56.164707,Toronto-4513,25,3,Normal
2026-02-13 19:57:57.164707,Toronto-4513,32,38,Normal
2026-02-13 19:57:58.164707,Toronto-4513,-23,82,Normal
2026-02-13 19:57:59.164707,Toronto-4513,30,55,Normal
2026-02-13 19:58:00.164707,Toronto-4513,2,61,Normal
2026-02-13 19:58:01.164707,Toronto-4513,47,25,Normal
2026-02-13 19:58:02.164707,Toronto-4513,14,33,Normal
2026-02-13 19:58:03.164707,Toronto-4513,-30,44,Normal
2026-02-13 19:58:04.164707,Toronto-4513,28,40,Normal
2026-02-13 19:58:05.164707,Toronto-4513,17,45,Normal
2026-02-13 19:58:06.164707,Toronto-4513,-7,1,Normal
2026-02-13 19:58:07.164707,Toronto-4513,39,4,Normal
2026-02-13 19:58:08.164707,Toronto-4513,23,66,Normal
2026-02-13 19:58:09.164707,Toronto-4513,11,100,Normal
2026-02-13 19:58:10.164707,Toronto-4513,41,99,Normal
2026-02-13 19:58:11.164707,Toronto-4513,9,97,Normal
2026-02-13 19:58:12.164707,Toronto-4513,-7,26,Normal
2026-02-13 19:58:13.164707,Toronto-4513,-25,97,Normal
2026-02-13 19:58:14.164707,Toronto-4513,32,35,Normal
2026-02-13 19:58:15.164707,Toronto-4513,30,49,Normal
2026-02-13 19:58:16.164707,Toronto-4513,4,99,Normal
2026-02-13 19:58:17.164707,Toronto-4513,36,60,Normal
2026-02-13 19:58:18.164707,Toronto-4513,-18,36,Normal
2026-02-13 19:58:19.164707,Toronto-4513,44,22,Normal
2026-02-13 19:58:20.164707,Toronto-4513,-12,98,Normal
2026-02-13 19:58:21.164707,Toronto-4513,48,22,Normal
2026-02-13 19:58:22.164707,Toronto-4513,6,12,Normal
2026-02-13 19:58:23.164707,Toronto-4513,47,71,Normal
2026-02-13 19:58:24.164707,Toronto-4513,2,44,Normal
2026-02-13 19:58:25.164707,Toronto-4513,24,51,Normal
2026-02-13 19:58:26.164707,Toronto-4513,-1,92,Normal
2026-02-13 19:58:27.164707,Toronto-4513,47,53,Normal
2026-02-13 19:58:28.164707,Toronto-4513,-4,57,Normal
2026-02-13 19:58:29.164707,Toronto-4513,26,24,Normal
2026-02-13 19:58:30.164707,Toronto-4513,48,66,Normal
2026-02-13 19:58:31.164707,Toronto-4513,10,95,Normal
2026-02-13 19:58:32.164707,Toronto-4513,-8,83,Normal
2026-02-13 19:58:33.164707,Toronto-4513,37,9,Normal
2026-02-13 19:58:34.164707,Toronto-4513,20,67,Normal
2026-02-13 19:58:35.164707,Toronto-4513,-17,31,Normal
2026-02-13 19:58:36.164707,Toronto-4513,46,50,Normal
2026-02-13 19:58:37.164707,Toronto-4513,-9,1,Normal
2026-02-13 19:58:38.164707,Toronto-4513,-16,69,Normal
2026-02-13 19:58:39.164707,Toronto-4513,29,12,Normal
2026-02-13 19:58:40.164707,Toronto-4513,5,56,Normal
2026-02-13 19:58:41.164707,Toronto-4513,-22,7,Normal
2026-02-13 19:58:42.164707,Toronto-4513,37,0,Normal
2026-02-13 19:58:43.164707,Toronto-4513,18,66,Normal
2026-02-13 19:58:44.164707,Toronto-4513,-6,89,Normal
2026-02-13 19:58:45.164707,Toronto-4513,-6,30,Normal
2026-02-13 19:58:46.164707,Toronto-4513,-24,89,Normal
2026-02-13 19:58:47.164707,Toronto-4513,-10,3,Normal
2026-02-13 19:58:48.164707,Toronto-4513,10,46,Normal
2026-02-13 19:58:49.164707,Toronto-4513,14,32,Normal
2026-02-13 19:58:50.164707,Toronto-4513,-29,11,Normal
2026-02-13 19:58:51.164707,Toronto-4513,-3,82,Normal
2026-02-13 19:58:52.164707,Toronto-4513,20,53,Normal
2026-02-13 19:58:53.164707,Toronto-4513,14,3,Normal
2026-02-13 19:58:54.164707,Toronto-4513,39,85,Normal
2026-02-13 19:58:55.164707,Toronto-4513,27,27,Normal
2026-02-13 19:58:56.164707,Toronto-4513,36,46,Normal
2026-02-13 19:58:57.164707,Toronto-4513,40,74,Normal
2026-02-13 19:58:58.164707,Toronto-4513,17,38,Normal
2026-02-13 19:58:59.164707,Toronto-4513,-21,7,Normal
2026-02-13 19:59:00.164707,Toronto-4513,8,28,Normal
2026-02-13 19:59:01.164707,Toronto-4513,38,12,Normal
2026-02-13 19:59:02.164707,Toronto-4513,17,40,Normal
2026-02-13 19:59:03.164707,Toronto-4513,45,38,Normal
2026-02-13 19:59:04.164707,Toronto-4513,-8,73,Normal
2026-02-13 19:59:05.164707,Toronto-4513,10,59,Normal
2026-02-13 19:59:06.164707,Toronto-4513,17,58,Normal
2026-02-13 19:59:07.164707,Toronto-4513,18,25,Normal
2026-02-13 19:59:08.164707,Toronto-4513,-8,81,Normal
2026-02-13 19:59:09.164707,Toronto-4513,33,12,Normal
2026-02-13 19:59:10.164707,Toronto-4513,-2,0,Normal
2026-02-13 19:59:11.164707,Toronto-4513,-24,94,Normal
2026-02-13 19:59:12.164707,Toronto-4513,-29,96,Normal
2026-02-13 19:59:13.164707,Toronto-4513,48,8,Normal
2026-02-13 19:59:14.164707,Toronto-4513,49,41,Normal
2026-02-13 19:59:15.164707,Toronto-4513,-8,24,Normal
2026-02-13 19:59:16.164707,Toronto-4513,3,92,Normal
2026-02-13 19:59:17.164707,Toronto-4513,30,0,Normal
2026-02-13 19:59:18.164707,Toronto-4513,-28,10,Normal
2026-02-13 19:59:19.164707,Toronto-4513,7,21,Normal
2026-02-13 19:59:20.164707,Toronto-4513,7,52,Normal
2026-02-13 19:59:21.164707,Toronto-4513,-3,53,Normal
2026-02-13 19:59:22.164707,Toronto-4513,-17,61,Normal
2026-02-13 19:59:23.164707,Toronto-4513,-13,53,Normal
2026-02-13 19:59:24.164707,Toronto-4513,25,78,Normal
2026-02-13 19:59:25.164707,Toronto-4513,9,24,Normal
2026-02-13 19:59:26.164707,Toronto-4513,38,42,Normal
2026-02-13 19:59:27.164707,Toronto-4513,-15,38,Normal
2026-02-13 19:59:28.164707,Toronto-4513,10,49,Normal
2026-02-13 19:59:29.164707,Toronto-4513,4,33,Normal
2026-02-13 19:59:30.164707,Toronto-4513,18,92,Normal
2026-02-13 19:59:31.164707,Toronto-4513,-16,22,Normal
2026-02-13 19:59:32.164707,Toronto-4513,42,22,Normal
2026-02-13 19:59:33.164707,Toronto-4513,-21,69,Normal
2026-02-13 19:59:34.164707,Toronto-4513,7,27,Normal
2026-02-13 19:59:35.164707,Toronto-4513,10,29,Normal
2026-02-13 19:59:36.164707,Toronto-4513,-27,78,Normal
2026-02-13 19:59:37.164707,Toronto-4513,49,48,Normal
2026-02-13 19:59:38.164707,Toronto-4513,27,77,Normal
2026-02-13 19:59:39.164707,Toronto-4513,42,53,Normal
2026-02-13 19:59:40.164707,Toronto-4513,16,88,Normal
2026-02-13 19:59:41.164707,Toronto-4513,-11,45,Normal
2026-02-13 19:59:42.164707,Toronto-4513,19,19,Normal
2026-02-13 19:59:43.164707,Toronto-4513,-12,44,Normal
2026-02-13 19:59:44.164707,Toronto-4513,35,42,Normal
2026-02-13 19:59:45.164707,Toronto-4513,21,50,Normal
2026-02-13 19:59:46.164707,Toronto-4513,24,14,Normal
2026-02-13 19:59:47.164707,Toronto-4513,8,84,Normal
2026-02-13 19:59:48.164707,Toronto-4513,47,63,Normal
2026-02-13 19:59:49.164707,Toronto-4513,17,49,Normal
2026-02-13 19:59:50.164707,Toronto-4513,23,24,Normal
2026-02-13 19:59:51.164707,Toronto-4513,-20,95,Normal
2026-02-13 19:59:52.164707,Toronto-4513,9,16,Normal
2026-02-13 19:59:53.164707,Toronto-4513,37,86,Normal
2026-02-13 19:59:54.164707,Toronto-4513,-11,95,Normal
2026-02-13 19:59:55.164707,Toronto-4513,33,10,Normal
2026-02-13 19:59:56.164707,Toronto-4513,29,10,Normal
2026-02-13 19:59:57.164707,Toronto-4513,-12,34,Normal
2026-02-13 19:59:58.164707,Toronto-4513,46,14,Normal
2026-02-13 19:59:59.164707,Toronto-4513,47,28,Normal
2026-02-13 20:00:00.164707,Toronto-4513,3,96,Normal
2026-02-13 20:00:01.164707,Toronto-4513,-12,70,Normal
2026-02-13 20:00:02.164707,Toronto-4513,47,46,Normal
2026-02-13 20:00:03.164707,Toronto-4513,11,23,Normal
2026-02-13 20:00:04.164707,Toronto-4513,44,30,Normal
2026-02-13 20:00:05.164707,Toronto-4513,-21,7,Normal
2026-02-13 20:00:06.164707,Toronto-4513,48,8,Normal
2026-02-13 20:00:07.164707,Toronto-4513,-17,36,Normal
2026-02-13 20:00:08.164707,Toronto-4513,37,95,Normal
2026-02-13 20:00:09.164707,Toronto-4513,41,1,Normal
2026-02-13 20:00:10.164707,Toronto-4513,21,48,Normal
2026-02-13 20:00:11.164707,Toronto-4513,37,3,Normal
2026-02-13 20:00:12.164707,Toronto-4513,-19,51,Normal
2026-02-13 20:00:13.164707,Toronto-4513,-1,62,Normal
2026-02-13 20:00:14.164707,Toronto-4513,-18,19,Normal
2026-02-13 20:00:15.164707,Toronto-4513,43,40,Normal
2026-02-13 20:00:16.164707,Toronto-4513,17,45,Normal
2026-02-13 20:00:17.164707,Toronto-4513,26,1,Normal
2026-02-13 20:00:18.164707,Toronto-4513,2,90,Normal
2026-02-13 20:00:19.164707,Toronto-4513,27,86,Normal
2026-02-13 20:00:20.164707,Toronto-4513,28,72,Normal
2026-02-13 20:00:21.164707,Toronto-4513,17,53,Normal
2026-02-13 20:00:22.164707,Toronto-4513,49,26,Normal
2026-02-13 20:00:23.164707,Toronto-4513,-1,71,Normal
2026-02-13 20:00:24.164707,Toronto-4513,35,26,Normal
2026-02-13 20:00:25.164707,Toronto-4513,4,69,Normal
2026-02-13 20:00:26.164707,Toronto-4513,42,3,Normal
2026-02-13 20:00:27.164707,Toronto-4513,-27,52,Normal
2026-02-13 20:00:28.164707,Toronto-4513,41,46,Normal
2026-02-13 20:00:29.164707,Toronto-4513,29,51,Normal
2026-02-13 20:00:30.164707,Toronto-4513,1,93,Normal
2026-02-13 20:00:31.164707,Toronto-4513,3,4,Normal
2026-02-13 20:00:32.164707,Toronto-4513,8,58,Normal
2026-02-13 20:00:33.164707,Toronto-4513,22,98,Normal
2026-02-13 20:00:34.164707,Toronto-4513,26,6,Normal
2026-02-13 20:00:35.164707,Toronto-4513,-26,19,Normal
2026-02-13 20:00:36.164707,Toronto-4513,15,0,Normal
2026-02-13 20:00:37.164707,Toronto-4513,-6,26,Normal
2026-02-13 20:00:38.164707,Toronto-4513,39,21,Normal
2026-02-13 20:00:39.164707,Toronto-4513,15,10,Normal
2026-02-13 20:00:40.164707,Toronto-4513,-3,61,Normal
2026-02-13 20:00:41.164707,Toronto-4513,29,88,Normal
2026-02-13 20:00:42.164707,Toronto-4513,35,24,Normal
2026-02-13 20:00:43.164707,Toronto-4513,24,5,Normal
2026-02-13 20:00:44.164707,Toronto-4513,11,24,Normal
2026-02-13 20:00:45.164707,Toronto-4513,38,88,Normal
2026-02-13 20:00:46.164707,Toronto-4513,-5,1,Normal
2026-02-13 20:00:47.164707,Toronto-4513,46,94,Normal
2026-02-13 20:00:48.164707,Toronto-4513,21,13,Normal
2026-02-13 20:00:49.164707,Toronto-4513,10,61,Normal
2026-02-13 20:00:50.164707,Toronto-4513,22,65,Normal
2026-02-13 20:00:51.164707,Toronto-4513,20,30,Normal
2026-02-13 20:00:52.164707,Toronto-4513,43,61,Normal
2026-02-13 20:00:53.164707,Toronto-4513,-9,98,Normal
2026-02-13 20:00:54.164707,Toronto-4513,6,95,Normal
2026-02-13 20:00:55.164707,Toronto-4513,-15,66,Normal
2026-02-13 20:00:56.164707,Toronto-4513,15,74,Normal
2026-02-13 20:00:57.164707,Toronto-4513,-16,94,Normal
2026-02-13 20:00:58.164707,Toronto-4513,34,7,Normal
2026-02-13 20:00:59.164707,Toronto-4513,-30,98,Normal
2026-02-13 20:01:00.164707,Toronto-4513,27,32,Normal
2026-02-13 20:01:01.164707,Toronto-4513,-9,47,Normal
2026-02-13 20:01:02.164707,Toronto-4513,6,12,Normal
2026-02-13 20:01:03.164707,Toronto-4513,-11,99,Normal
2026-02-13 20:01:04.164707,Toronto-4513,-22,44,Normal
2026-02-13 20:01:05.164707,Toronto-4513,-4,4,Normal
2026-02-13 20:01:06.164707,Toronto-4513,8,94,Normal
2026-02-13 20:01:07.164707,Toronto-4513,2,25,Normal
2026-02-13 20:01:08.164707,Toronto-4513,28,74,Normal
2026-02-13 20:01:09.164707,Toronto-4513,-8,39,Normal
2026-02-13 20:01:10.164707,Toronto-4513,-10,39,Normal
2026-02-13 20:01:11.164707,Toronto-4513,-9,47,Normal
2026-02-13 20:01:12.164707,Toronto-4513,29,44,Normal
2026-02-13 20:01:13.164707,Toronto-4513,18,19,Normal
2026-02-13 20:01:14.164707,Toronto-4513,7,97,Normal
2026-02-13 20:01:15.164707,Toronto-4513,22,69,Normal
2026-02-13 20:01:16.164707,Toronto-4513,9,79,Normal
2026-02-13 20:01:17.164707,Toronto-4513,17,50,Normal
2026-02-13 20:01:18.164707,Toronto-4513,11,98,Normal
2026-02-13 20:01:19.164707,Toronto-4513,-10,15,Normal
2026-02-13 20:01:20.164707,Toronto-4513,-5,61,Normal
2026-02-13 20:01:21.164707,Toronto-4513,28,23,Normal
2026-02-13 20:01:22.164707,Toronto-4513,-22,80,Normal
2026-02-13 20:01:23.164707,Toronto-4513,38,25,Normal
2026-02-13 20:01:24.164707,Toronto-4513,48,81,Normal
2026-02-13 20:01:25.164707,Toronto-4513,2,68,Normal
2026-02-13 20:01:26.164707,Toronto-4513,8,91,Normal
2026-02-13 20:01:27.164707,Toronto-4513,37,50,Normal
2026-02-13 20:01:28.164707,Toronto-4513,40,72,Normal
2026-02-13 20:01:29.164707,Toronto-4513,26,74,Normal
2026-02-13 20:01:30.164707,Toronto-4513,33,82,Normal
2026-02-13 20:01:31.164707,Toronto-4513,16,19,Normal
2026-02-13 20:01:32.164707,Toronto-4513,-10,32,Normal
2026-02-13 20:01:33.164707,Toronto-4513,25,24,Normal
2026-02-13 20:01:34.164707,Toronto-4513,40,11,Normal
2026-02-13 20:01:35.164707,Toronto-4513,10,81,Normal
2026-02-13 20:01:36.164707,Toronto-4513,15,29,Normal
2026-02-13 20:01:37.164707,Toronto-4513,41,39,Normal
2026-02-13 20:01:38.164707,Toronto-4513,-14,76,Normal
2026-02-13 20:01:39.164707,Toronto-4513,29,9,Normal
2026-02-13 20:01:40.164707,Toronto-4513,26,23,Normal
2026-02-13 20:01:41.164707,Toronto-4513,8,95,Normal
2026-02-13 20:01:42.164707,Toronto-4513,43,64,Normal
2026-02-13 20:01:43.164707,Toronto-4513,-28,56,Normal
2026-02-13 20:01:44.164707,Toronto-4513,46,20,Normal
2026-02-13 20:01:45.164707,Toronto-4513,-10,68,Normal
2026-02-13 20:01:46.164707,Toronto-4513,-30,87,Normal
2026-02-13 20:01:47.164707,Toronto-4513,-25,22,Normal
2026-02-13 20:01:48.164707,Toronto-4513,41,91,Normal
2026-02-13 20:01:49.164707,Toronto-4513,47,32,Normal
2026-02-13 20:01:50.164707,Toronto-4513,-7,5,Normal
2026-02-13 20:01:51.164707,Toronto-4513,-29,96,Normal
2026-02-13 20:01:52.164707,Toronto-4513,25,62,Normal
2026-02-13 20:01:53.164707,Toronto-4513,1,74,Normal
2026-02-13 20:01:54.164707,Toronto-4513,-16,42,Normal
2026-02-13 20:01:55.164707,Toronto-4513,5,7,Normal
2026-02-13 20:01:56.164707,Toronto-4513,40,70,Normal
2026-02-13 20:01:57.164707,Toronto-4513,-1,96,Normal
2026-02-13 20:01:58.164707,Toronto-4513,-22,82,Normal
2026-02-13 20:01:59.164707,Toronto-4513,37,50,Normal
2026-02-13 20:02:00.164707,Toronto-4513,6,21,Normal
2026-02-13 20:02:01.164707,Toronto-4513,-29,82,Normal
2026-02-13 20:02:02.164707,Toronto-4513,23,51,Normal
2026-02-13 20:02:03.164707,Toronto-4513,28,91,Normal
2026-02-13 20:02:04.164707,Toronto-4513,47,97,Normal
2026-02-13 20:02:05.164707,Toronto-4513,-25,79,Normal
2026-02-13 20:02:06.164707,Toronto-4513,-1,90,Normal
2026-02-13 20:02:07.164707,Toronto-4513,9,87,Normal
2026-02-13 20:02:08.164707,Toronto-4513,13,70,Normal
2026-02-13 20:02:09.164707,Toronto-4513,3,60,Normal
2026-02-13 20:02:10.164707,Toronto-4513,2,99,Normal
2026-02-13 20:02:11.164707,Toronto-4513,-20,31,Normal
2026-02-13 20:02:12.164707,Toronto-4513,14,96,Normal
2026-02-13 20:02:13.164707,Toronto-4513,-20,17,Normal
2026-02-13 20:02:14.164707,Toronto-4513,32,65,Normal
2026-02-13 20:02:15.164707,Toronto-4513,34,0,Normal
2026-02-13 20:02:16.164707,Toronto-4513,32,38,Normal
2026-02-13 20:02:17.164707,Toronto-4513,2,28,Normal
2026-02-13 20:02:18.164707,Toronto-4513,-26,14,Normal
2026-02-13 20:02:19.164707,Toronto-4513,8,80,Normal
2026-02-13 20:02:20.164707,Toronto-4513,21,84,Normal
2026-02-13 20:02:21.164707,Toronto-4513,0,32,Normal
2026-02-13 20:02:22.164707,Toronto-4513,8,19,Normal
2026-02-13 20:02:23.164707,Toronto-4513,50,37,Normal
2026-02-13 20:02:24.164707,Toronto-4513,4,74,Normal
2026-02-13 20:02:25.164707,Toronto-4513,16,40,Normal
2026-02-13 20:02:26.164707,Toronto-4513,-6,36,Normal
2026-02-13 20:02:27.164707,Toronto-4513,47,45,Normal
2026-02-13 20:02:28.164707,Toronto-4513,37,93,Normal
2026-02-13 20:02:29.164707,Toronto-4513,25,21,Normal
2026-02-13 20:02:30.164707,Toronto-4513,-17,8,Normal
2026-02-13 20:02:31.164707,Toronto-4513,3,7,Normal
2026-02-13 20:02:32.164707,Toronto-4513,41,32,Normal
2026-02-13 20:02:33.164707,Toronto-4513,-17,62,Normal
2026-02-13 20:02:34.164707,Toronto-4513,-17,93,Normal
2026-02-13 20:02:35.164707,Toronto-4513,11,63,Normal
2026-02-13 20:02:36.164707,Toronto-4513,-29,26,Normal
2026-02-13 20:02:37.164707,Toronto-4513,-25,34,Normal
2026-02-13 20:02:38.164707,Toronto-4513,28,54,Normal
2026-02-13 20:02:39.164707,Toronto-4513,18,16,Normal
2026-02-13 20:02:40.164707,Toronto-4513,12,98,Normal
2026-02-13 20:02:41.164707,Toronto-4513,-19,15,Normal
2026-02-13 20:02:42.164707,Toronto-4513,-14,19,Normal
2026-02-13 20:02:43.164707,Toronto-4513,33,97,Normal
2026-02-13 20:02:44.164707,Toronto-4513,0,20,Normal
2026-02-13 20:02:45.164707,Toronto-4513,3,62,Normal
2026-02-13 20:02:46.164707,Toronto-4513,31,2,Normal
2026-02-13 20:02:47.164707,Toronto-4513,4,71,Normal
2026-02-13 20:02:48.164707,Toronto-4513,-18,11,Normal
2026-02-13 20:02:49.164707,Toronto-4513,-24,6,Normal
2026-02-13 20:02:50.164707,Toronto-4513,46,91,Normal
2026-02-13 20:02:51.164707,Toronto-4513,11,38,Normal
2026-02-13 20:02:52.164707,Toronto-4513,10,35,Normal
2026-02-13 20:02:53.164707,Toronto-4513,14,44,Normal
2026-02-13 20:02:54.164707,Toronto-4513,-4,93,Normal
2026-02-13 20:02:55.164707,Toronto-4513,-9,7,Normal
2026-02-13 20:02:56.164707,Toronto-4513,-3,80,Normal
2026-02-13 20:02:57.164707,Toronto-4513,17,45,Normal
2026-02-13 20:02:58.164707,Toronto-4513,-10,71,Normal
2026-02-13 20:02:59.164707,Toronto-4513,30,4,Normal
2026-02-13 20:03:00.164707,Toronto-4513,-30,94,Normal
2026-02-13 20:03:01.164707,Toronto-4513,11,91,Normal
2026-02-13 20:03:02.164707,Toronto-4513,-9,58,Normal
2026-02-13 20:03:03.164707,Toronto-4513,31,46,Normal
2026-02-13 20:03:04.164707,Toronto-4513,-7,15,Normal
2026-02-13 20:03:05.164707,Toronto-4513,-1,78,Normal
2026-02-13 20:03:06.164707,Toronto-4513,13,82,Normal
2026-02-13 20:03:07.164707,Toronto-4513,44,86,Normal
2026-02-13 20:03:08.164707,Toronto-4513,-29,70,Normal
2026-02-13 20:03:09.164707,Toronto-4513,-9,61,Normal
2026-02-13 20:03:10.164707,Toronto-4513,-13,97,Normal
2026-02-13 20:03:11.164707,Toronto-4513,-2,72,Normal
2026-02-13 20:03:12.164707,Toronto-4513,-26,93,Normal
2026-02-13 20:03:13.164707,Toronto-4513,6,22,Normal
2026-02-13 20:03:14.164707,Toronto-4513,34,41,Normal
2026-02-13 20:03:15.164707,Toronto-4513,-25,65,Normal
2026-02-13 20:03:16.164707,Toronto-4513,30,54,Normal
2026-02-13 20:03:17.164707,Toronto-4513,-20,23,Normal
2026-02-13 20:03:18.164707,Toronto-4513,28,62,Normal
2026-02-13 20:03:19.164707,Toronto-4513,-28,66,Normal
2026-02-13 20:03:20.164707,Toronto-4513,-23,4,Normal
2026-02-13 20:03:21.164707,Toronto-4513,21,0,Normal
2026-02-13 20:03:22.164707,Toronto-4513,35,31,Normal
2026-02-13 20:03:23.164707,Toronto-4513,12,34,Normal
2026-02-13 20:03:24.164707,Toronto-4513,7,6,Normal
2026-02-13 20:03:25.164707,Toronto-4513,16,89,Normal
2026-02-13 20:03:26.164707,Toronto-4513,12,51,Normal
2026-02-13 20:03:27.164707,Toronto-4513,-6,28,Normal
2026-02-13 20:03:28.164707,Toronto-4513,-7,67,Normal
2026-02-13 20:03:29.164707,Toronto-4513,-8,52,Normal
2026-02-13 20:03:30.164707,Toronto-4513,-14,22,Normal
2026-02-13 20:03:31.164707,Toronto-4513,48,61,Normal
2026-02-13 20:03:32.164707,Toronto-4513,17,8,Normal
2026-02-13 20:03:33.164707,Toronto-4513,-12,61,Normal
2026-02-13 20:03:34.164707,Toronto-4513,-9,69,Normal
2026-02-13 20:03:35.164707,Toronto-4513,33,92,Normal
2026-02-13 20:03:36.164707,Toronto-4513,-15,29,Normal
2026-02-13 20:03:37.164707,Toronto-4513,50,62,Normal
2026-02-13 20:03:38.164707,Toronto-4513,8,33,Normal
2026-02-13 20:03:39.164707,Toronto-4513,-5,29,Normal
2026-02-13 20:03:40.164707,Toronto-4513,4,17,Normal
2026-02-13 20:03:41.164707,Toronto-4513,1,14,Normal
2026-02-13 20:03:42.164707,Toronto-4513,-28,83,Normal
2026-02-13 20:03:43.164707,Toronto-4513,-4,63,Normal
2026-02-13 20:03:44.164707,Toronto-4513,-7,62,Normal
2026-02-13 20:03:45.164707,Toronto-4513,1,44,Normal
2026-02-13 20:03:46.164707,Toronto-4513,40,13,Normal
2026-02-13 20:03:47.164707,Toronto-4513,-27,5,Normal
2026-02-13 20:03:48.164707,Toronto-4513,9,54,Normal
2026-02-13 20:03:49.164707,Toronto-4513,-27,78,Normal
2026-02-13 20:03:50.164707,Toronto-4513,45,84,Normal
2026-02-13 20:03:51.164707,Toronto-4513,-13,57,Normal
2026-02-13 20:03:52.164707,Toronto-4513,12,5,Normal
2026-02-13 20:03:53.164707,Toronto-4513,48,79,Normal
2026-02-13 20:03:54.164707,Toronto-4513,23,94,Normal
2026-02-13 20:03:55.164707,Toronto-4513,2,38,Normal
2026-02-13 20:03:56.164707,Toronto-4513,10,58,Normal
2026-02-13 20:03:57.164707,Toronto-4513,-2,11,Normal
2026-02-13 20:03:58.164707,Toronto-4513,-25,24,Normal
2026-02-13 20:03:59.164707,Toronto-4513,13,2,Normal
2026-02-13 20:04:00.164707,Toronto-4513,-6,25,Normal
2026-02-13 20:04:01.164707,Toronto-4513,-14,24,Normal
2026-02-13 20:04:02.164707,Toronto-4513,8,50,Normal
2026-02-13 20:04:03.164707,Toronto-4513,14,71,Normal
2026-02-13 20:04:04.164707,Toronto-4513,6,51,Normal
2026-02-13 20:04:05.164707,Toronto-4513,31,36,Normal
2026-02-13 20:04:06.164707,Toronto-4513,-22,11,Normal
2026-02-13 20:04:07.164707,Toronto-4513,-6,94,Normal
2026-02-13 20:04:08.164707,Toronto-4513,-21,46,Normal
2026-02-13 20:04:09.164707,Toronto-4513,7,14,Normal
2026-02-13 20:04:10.164707,Toronto-4513,10,43,Normal
2026-02-13 20:04:11.164707,Toronto-4513,-21,11,Normal
2026-02-13 20:04:12.164707,Toronto-4513,-20,2,Normal
2026-02-13 20:04:13.164707,Toronto-4513,24,31,Normal
2026-02-13 20:04:14.164707,Toronto-4513,-4,22,Normal
2026-02-13 20:04:15.164707,Toronto-4513,50,4,Normal
2026-02-13 20:04:16.164707,Toronto-4513,39,2,Normal
2026-02-13 20:04:17.164707,Toronto-4513,8,15,Normal
2026-02-13 20:04:18.164707,Toronto-4513,-8,56,Normal
2026-02-13 20:04:19.164707,Toronto-4513,46,52,Normal
2026-02-13 20:04:20.164707,Toronto-4513,28,4,Normal
2026-02-13 20:04:21.164707,Toronto-4513,-26,98,Normal
2026-02-13 20:04:22.164707,Toronto-4513,49,65,Normal
2026-02-13 20:04:23.164707,Toronto-4513,-20,99,Normal
2026-02-13 20:04:24.164707,Toronto-4513,3,42,Normal
2026-02-13 20:04:25.164707,Toronto-4513,32,26,Normal
2026-02-13 20:04:26.164707,Toronto-4513,39,79,Normal
2026-02-13 20:04:27.164707,Toronto-4513,50,88,Normal
2026-02-13 20:04:28.164707,Toronto-4513,34,63,Normal
2026-02-13 20:04:29.164707,Toronto-4513,-4,90,Normal
2026-02-13 20:04:30.164707,Toronto-4513,7,1,Normal
2026-02-13 20:04:31.164707,Toronto-4513,49,67,Normal
2026-02-13 20:04:32.164707,Toronto-4513,26,62,Normal
2026-02-13 20:04:33.164707,Toronto-4513,41,7,Normal
2026-02-13 20:04:34.164707,Toronto-4513,19,60,Normal
2026-02-13 20:04:35.164707,Toronto-4513,-17,41,Normal
2026-02-13 20:04:36.164707,Toronto-4513,7,65,Normal
2026-02-13 20:04:37.164707,Toronto-4513,-14,18,Normal
2026-02-13 20:04:38.164707,Toronto-4513,20,44,Normal
2026-02-13 20:04:39.164707,Toronto-4513,-30,59,Normal
2026-02-13 20:04:40.164707,Toronto-4513,-16,69,Normal
2026-02-13 20:04:41.164707,Toronto-4513,38,21,Normal
2026-02-13 20:04:42.164707,Toronto-4513,38,25,Normal
2026-02-13 20:04:43.164707,Toronto-4513,35,50,Normal
2026-02-13 20:04:44.164707,Toronto-4513,-27,74,Normal
2026-02-13 20:04:45.164707,Toronto-4513,-26,86,Normal
2026-02-13 20:04:46.164707,Toronto-4513,39,51,Normal
2026-02-13 20:04:47.164707,Toronto-4513,6,46,Normal
2026-02-13 20:04:48.164707,Toronto-4513,-15,94,Normal
2026-02-13 20:04:49.164707,Toronto-4513,23,10,Normal
2026-02-13 20:04:50.164707,Toronto-4513,-4,6,Normal
2026-02-13 20:04:51.164707,Toronto-4513,26,24,Normal
2026-02-13 20:04:52.164707,Toronto-4513,-12,9,Normal
2026-02-13 20:04:53.164707,Toronto-4513,32,66,Normal
2026-02-13 20:04:54.164707,Toronto-4513,14,85,Normal
2026-02-13 20:04:55.164707,Toronto-4513,20,35,Normal
2026-02-13 20:04:56.164707,Toronto-4513,39,90,Normal
2026-02-13 20:04:57.164707,Toronto-4513,-30,11,Normal
2026-02-13 20:04:58.164707,Toronto-4513,37,58,Normal
2026-02-13 20:04:59.164707,Toronto-4513,19,5,Normal
2026-02-13 20:05:00.164707,Toronto-4513,6,100,Normal
2026-02-13 20:05:01.164707,Toronto-4513,40,86,Normal
2026-02-13 20:05:02.164707,Toronto-4513,48,61,Normal
2026-02-13 20:05:03.164707,Toronto-4513,37,1,Normal
2026-02-13 20:05:04.164707,Toronto-4513,47,12,Normal
2026-02-13 20:05:05.164707,Toronto-4513,41,33,Normal
2026-02-13 20:05:06.164707,Toronto-4513,45,43,Normal
2026-02-13 20:05:07.164707,Toronto-4513,27,69,Normal
2026-02-13 20:05:08.164707,Toronto-4513,-22,58,Normal
2026-02-13 20:05:09.164707,Toronto-4513,-22,76,Normal
2026-02-13 20:05:10.164707,Toronto-4513,-8,28,Normal
2026-02-13 20:05:11.164707,Toronto-4513,40,99,Normal
2026-02-13 20:05:12.164707,Toronto-4513,46,58,Normal
2026-02-13 20:05:13.164707,Toronto-4513,-15,67,Normal
2026-02-13 20:05:14.164707,Toronto-4513,2,40,Normal
2026-02-13 20:05:15.164707,Toronto-4513,8,66,Normal
2026-02-13 20:05:16.164707,Toronto-4513,-3,16,Normal
2026-02-13 20:05:17.164707,Toronto-4513,14,56,Normal
2026-02-13 20:05:18.164707,Toronto-4513,-25,28,Normal
2026-02-13 20:05:19.164707,Toronto-4513,41,75,Normal
2026-02-13 20:05:20.164707,Toronto-4513,16,85,Normal
2026-02-13 20:05:21.164707,Toronto-4513,10,39,Normal
2026-02-13 20:05:22.164707,Toronto-4513,-29,97,Normal
2026-02-13 20:05:23.164707,Toronto-4513,-10,88,Normal
2026-02-13 20:05:24.164707,Toronto-4513,25,0,Normal
2026-02-13 20:05:25.164707,Toronto-4513,-17,75,Normal
2026-02-13 20:05:26.164707,Toronto-4513,0,59,Normal
2026-02-13 20:05:27.164707,Toronto-4513,48,3,Normal
2026-02-13 20:05:28.164707,Toronto-4513,16,87,Normal
2026-02-13 20:05:29.164707,Toronto-4513,50,29,Normal
2026-02-13 20:05:30.164707,Toronto-4513,30,85,Normal
2026-02-13 20:05:31.164707,Toronto-4513,14,8,Normal
2026-02-13 20:05:32.164707,Toronto-4513,43,67,Normal
2026-02-13 20:05:33.164707,Toronto-4513,29,64,Normal
2026-02-13 20:05:34.164707,Toronto-4513,50,52,Normal
2026-02-13 20:05:35.164707,Toronto-4513,-13,25,Normal
2026-02-13 20:05:36.164707,Toronto-4513,44,46,Normal
2026-02-13 20:05:37.164707,Toronto-4513,11,25,Normal
2026-02-13 20:05:38.164707,Toronto-4513,-30,37,Normal
2026-02-13 20:05:39.164707,Toronto-4513,27,90,Normal
2026-02-13 20:05:40.164707,Toronto-4513,50,19,Normal
2026-02-13 20:05:41.164707,Toronto-4513,26,45,Normal
2026-02-13 20:05:42.164707,Toronto-4513,22,54,Normal
2026-02-13 20:05:43.164707,Toronto-4513,-29,28,Normal
2026-02-13 20:05:44.164707,Toronto-4513,-29,72,Normal
2026-02-13 20:05:45.164707,Toronto-4513,37,53,Normal
2026-02-13 20:05:46.164707,Toronto-4513,11,60,Normal
2026-02-13 20:05:47.164707,Toronto-4513,35,79,Normal
2026-02-13 20:05:48.164707,Toronto-4513,14,15,Normal
2026-02-13 20:05:49.164707,Toronto-4513,21,99,Normal
2026-02-13 20:05:50.164707,Toronto-4513,2,63,Normal
2026-02-13 20:05:51.164707,Toronto-4513,-8,41,Normal
2026-02-13 20:05:52.164707,Toronto-4513,7,71,Normal
2026-02-13 20:05:53.164707,Toronto-4513,3,88,Normal
2026-02-13 20:05:54.164707,Toronto-4513,-14,68,Normal
2026-02-13 20:05:55.164707,Toronto-4513,-2,89,Normal
2026-02-13 20:05:56.164707,Toronto-4513,5,18,Normal
2026-02-13 20:05:57.164707,Toronto-4513,-8,57,Normal
2026-02-13 20:05:58.164707,Toronto-4513,-6,95,Normal
2026-02-13 20:05:59.164707,Toronto-4513,45,38,Normal
2026-02-13 20:06:00.164707,Toronto-4513,-17,14,Normal
2026-02-13 20:06:01.164707,Toronto-4513,19,26,Normal
2026-02-13 20:06:02.164707,Toronto-4513,-29,61,Normal
2026-02-13 20:06:03.164707,Toronto-4513,-8,17,Normal
2026-02-13 20:06:04.164707,Toronto-4513,11,77,Normal
2026-02-13 20:06:05.164707,Toronto-4513,22,47,Normal
2026-02-13 20:06:06.164707,Toronto-4513,-26,30,Normal
2026-02-13 20:06:07.164707,Toronto-4513,12,60,Normal
2026-02-13 20:06:08.164707,Toronto-4513,6,63,Normal
2026-02-13 20:06:09.164707,Toronto-4513,38,61,Normal
2026-02-13 20:06:10.164707,Toronto-4513,9,82,Normal
2026-02-13 20:06:11.164707,Toronto-4513,13,45,Normal
2026-02-13 20:06:12.164707,Toronto-4513,38,29,Normal
2026-02-13 20:06:13.164707,Toronto-4513,-25,46,Normal
2026-02-13 20:06:14.164707,Toronto-4513,-11,70,Normal
2026-02-13 20:06:15.164707,Toronto-4513,6,98,Normal
2026-02-13 20:06:16.164707,Toronto-4513,50,11,Normal
2026-02-13 20:06:17.164707,Toronto-4513,36,84,Normal
2026-02-13 20:06:18.164707,Toronto-4513,21,26,Normal
2026-02-13 20:06:19.164707,Toronto-4513,-19,50,Normal
2026-02-13 20:06:20.164707,Toronto-4513,4,61,Normal
2026-02-13 20:06:21.164707,Toronto-4513,-1,70,Normal
2026-02-13 20:06:22.164707,Toronto-4513,-20,31,Normal
2026-02-13 20:06:23.164707,Toronto-4513,-8,65,Normal
2026-02-13 20:06:24.164707,Toronto-4513,-18,7,Normal
2026-02-13 20:06:25.164707,Toronto-4513,42,55,Normal
2026-02-13 20:06:26.164707,Toronto-4513,23,16,Normal
2026-02-13 20:06:27.164707,Toronto-4513,29,34,Normal
2026-02-13 20:06:28.164707,Toronto-4513,-7,22,Normal
2026-02-13 20:06:29.164707,Toronto-4513,18,35,Normal
2026-02-13 20:06:30.164707,Toronto-4513,-4,32,Normal
2026-02-13 20:06:31.164707,Toronto-4513,-11,54,Normal
2026-02-13 20:06:32.164707,Toronto-4513,27,94,Normal
2026-02-13 20:06:33.164707,Toronto-4513,50,97,Normal
2026-02-13 20:06:34.164707,Toronto-4513,37,26,Normal
2026-02-13 20:06:35.164707,Toronto-4513,-17,85,Normal
2026-02-13 20:06:36.164707,Toronto-4513,29,25,Normal
2026-02-13 20:06:37.164707,Toronto-4513,-28,72,Normal
2026-02-13 20:06:38.164707,Toronto-4513,41,84,Normal
2026-02-13 20:06:39.164707,Toronto-4513,-20,25,Normal
2026-02-13 20:06:40.164707,Toronto-4513,40,2,Normal
2026-02-13 20:06:41.164707,Toronto-4513,45,49,Normal
2026-02-13 20:06:42.164707,Toronto-4513,46,75,Normal
2026-02-13 20:06:43.164707,Toronto-4513,34,32,Normal
2026-02-13 20:06:44.164707,Toronto-4513,-7,82,Normal
2026-02-13 20:06:45.164707,Toronto-4513,9,8,Normal
2026-02-13 20:06:46.164707,Toronto-4513,26,82,Normal
2026-02-13 20:06:47.164707,Toronto-4513,-17,97,Normal
2026-02-13 20:06:48.164707,Toronto-4513,2,29,Normal
2026-02-13 20:06:49.164707,Toronto-4513,-26,41,Normal
2026-02-13 20:06:50.164707,Toronto-4513,1,3,Normal
2026-02-13 20:06:51.164707,Toronto-4513,-29,99,Normal
2026-02-13 20:06:52.164707,Toronto-4513,2,31,Normal
2026-02-13 20:06:53.164707,Toronto-4513,22,22,Normal
2026-02-13 20:06:54.164707,Toronto-4513,3,28,Normal
2026-02-13 20:06:55.164707,Toronto-4513,-12,47,Normal
2026-02-13 20:06:56.164707,Toronto-4513,-13,37,Normal
2026-02-13 20:06:57.164707,Toronto-4513,36,66,Normal
2026-02-13 20:06:58.164707,Toronto-4513,3,83,Normal
2026-02-13 20:06:59.164707,Toronto-4513,-8,4,Normal
2026-02-13 20:07:00.164707,Toronto-4513,50,95,Normal
2026-02-13 20:07:01.164707,Toronto-4513,-28,76,Normal
2026-02-13 20:07:02.164707,Toronto-4513,-14,6,Normal
2026-02-13 20:07:03.164707,Toronto-4513,4,44,Normal
2026-02-13 20:07:04.164707,Toronto-4513,-25,96,Normal
2026-02-13 20:07:05.164707,Toronto-4513,-21,59,Normal
2026-02-13 20:07:06.164707,Toronto-4513,13,76,Normal
2026-02-13 20:07:07.164707,Toronto-4513,-18,3,Normal
2026-02-13 20:07:08.164707,Toronto-4513,-11,6,Normal
2026-02-13 20:07:09.164707,Toronto-4513,-30,49,Normal
2026-02-13 20:07:10.164707,Toronto-4513,-21,36,Normal
2026-02-13 20:07:11.164707,Toronto-4513,10,16,Normal
2026-02-13 20:07:12.164707,Toronto-4513,-10,80,Normal
2026-02-13 20:07:13.164707,Toronto-4513,-30,95,Normal
2026-02-13 20:07:14.164707,Toronto-4513,42,94,Normal
2026-02-13 20:07:15.164707,Toronto-4513,19,20,Normal
2026-02-13 20:07:16.164707,Toronto-4513,50,55,Normal
2026-02-13 20:07:17.164707,Toronto-4513,38,37,Normal
2026-02-13 20:07:18.164707,Toronto-4513,-28,65,Normal
2026-02-13 20:07:19.164707,Toronto-4513,-24,65,Normal
2026-02-13 20:07:20.164707,Toronto-4513,31,0,Normal
2026-02-13 20:07:21.164707,Toronto-4513,39,29,Normal
2026-02-13 20:07:22.164707,Toronto-4513,18,74,Normal
2026-02-13 20:07:23.164707,Toronto-4513,7,66,Normal
2026-02-13 20:07:24.164707,Toronto-4513,11,95,Normal
2026-02-13 20:07:25.164707,Toronto-4513,11,41,Normal
2026-02-13 20:07:26.164707,Toronto-4513,31,30,Normal
2026-02-13 20:07:27.164707,Toronto-4513,29,24,Normal
2026-02-13 20:07:28.164707,Toronto-4513,21,6,Normal
2026-02-13 20:07:29.164707,Toronto-4513,27,70,Normal
2026-02-13 20:07:30.164707,Toronto-4513,48,15,Normal
2026-02-13 20:07:31.164707,Toronto-4513,42,84,Normal
2026-02-13 20:07:32.164707,Toronto-4513,25,52,Normal
2026-02-13 20:07:33.164707,Toronto-4513,50,26,Normal
2026-02-13 20:07:34.164707,Toronto-4513,21,26,Normal
2026-02-13 20:07:35.164707,Toronto-4513,14,97,Normal
2026-02-13 20:07:36.164707,Toronto-4513,-23,34,Normal
2026-02-13 20:07:37.164707,Toronto-4513,-4,15,Normal
2026-02-13 20:07:38.164707,Toronto-4513,31,15,Normal
2026-02-13 20:07:39.164707,Toronto-4513,48,57,Normal
2026-02-13 20:07:40.164707,Toronto-4513,1,65,Normal
2026-02-13 20:07:41.164707,Toronto-4513,46,57,Normal
2026-02-13 20:07:42.164707,Toronto-4513,19,69,Normal
2026-02-13 20:07:43.164707,Toronto-4513,3,21,Normal
2026-02-13 20:07:44.164707,Toronto-4513,-18,36,Normal
2026-02-13 20:07:45.164707,Toronto-4513,50,99,Normal
2026-02-13 20:07:46.164707,Toronto-4513,35,15,Normal
2026-02-13 20:07:47.164707,Toronto-4513,25,62,Normal
2026-02-13 20:07:48.164707,Toronto-4513,23,62,Normal
2026-02-13 20:07:49.164707,Toronto-4513,37,8,Normal
2026-02-13 20:07:50.164707,Toronto-4513,36,51,Normal
2026-02-13 20:07:51.164707,Toronto-4513,43,26,Normal
2026-02-13 20:07:52.164707,Toronto-4513,9,66,Normal
2026-02-13 20:07:53.164707,Toronto-4513,6,59,Normal
2026-02-13 20:07:54.164707,Toronto-4513,-20,13,Normal
2026-02-13 20:07:55.164707,Toronto-4513,20,17,Normal
2026-02-13 20:07:56.164707,Toronto-4513,7,80,Normal
2026-02-13 20:07:57.164707,Toronto-4513,5,34,Normal
2026-02-13 20:07:58.164707,Toronto-4513,40,74,Normal
2026-02-13 20:07:59.164707,Toronto-4513,-18,79,Normal
2026-02-13 20:08:00.164707,Toronto-4513,-28,2,Normal
2026-02-13 20:08:01.164707,Toronto-4513,-14,16,Normal
2026-02-13 20:08:02.164707,Toronto-4513,15,38,Normal
2026-02-13 20:08:03.164707,Toronto-4513,-8,68,Normal
2026-02-13 20:08:04.164707,Toronto-4513,-26,48,Normal
2026-02-13 20:08:05.164707,Toronto-4513,-25,76,Normal
2026-02-13 20:08:06.164707,Toronto-4513,-24,77,Normal
2026-02-13 20:08:07.164707,Toronto-4513,48,41,Normal
2026-02-13 20:08:08.164707,Toronto-4513,32,79,Normal
2026-02-13 20:08:09.164707,Toronto-4513,26,0,Normal
2026-02-13 20:08:10.164707,Toronto-4513,-23,32,Normal
2026-02-13 20:08:11.164707,Toronto-4513,3,2,Normal
2026-02-13 20:08:12.164707,Toronto-4513,23,82,Normal
2026-02-13 20:08:13.164707,Toronto-4513,27,63,Normal
2026-02-13 20:08:14.164707,Toronto-4513,-6,56,Normal
2026-02-13 20:08:15.164707,Toronto-4513,-21,74,Normal
2026-02-13 20:08:16.164707,Toronto-4513,20,63,Normal
2026-02-13 20:08:17.164707,Toronto-4513,-1,47,Normal
2026-02-13 20:08:18.164707,Toronto-4513,-8,74,Normal
2026-02-13 20:08:19.164707,Toronto-4513,31,59,Normal
2026-02-13 20:08:20.164707,Toronto-4513,42,12,Normal
2026-02-13 20:08:21.164707,Toronto-4513,41,56,Normal
2026-02-13 20:08:22.164707,Toronto-4513,-16,35,Normal
2026-02-13 20:08:23.164707,Toronto-4513,2,43,Normal
2026-02-13 20:08:24.164707,Toronto-4513,-20,98,Normal
2026-02-13 20:08:25.164707,Toronto-4513,-24,40,Normal
2026-02-13 20:08:26.164707,Toronto-4513,34,89,Normal
2026-02-13 20:08:27.164707,Toronto-4513,38,75,Normal
2026-02-13 20:08:28.164707,Toronto-4513,13,100,Normal
2026-02-13 20:08:29.164707,Toronto-4513,-4,48,Normal
2026-02-13 20:08:30.164707,Toronto-4513,-28,4,Normal
2026-02-13 20:08:31.164707,Toronto-4513,47,30,Normal
2026-02-13 20:08:32.164707,Toronto-4513,-29,52,Normal
2026-02-13 20:08:33.164707,Toronto-4513,7,30,Normal
2026-02-13 20:08:34.164707,Toronto-4513,-30,33,Normal
2026-02-13 20:08:35.164707,Toronto-4513,34,14,Normal
2026-02-13 20:08:36.164707,Toronto-4513,49,85,Normal
2026-02-13 20:08:37.164707,Toronto-4513,36,90,Normal
2026-02-13 20:08:38.164707,Toronto-4513,15,35,Normal
2026-02-13 20:08:39.164707,Toronto-4513,-14,13,Normal
2026-02-13 20:08:40.164707,Toronto-4513,-14,4,Normal
2026-02-13 20:08:41.164707,Toronto-4513,-19,42,Normal
2026-02-13 20:08:42.164707,Toronto-4513,-5,66,Normal
2026-02-13 20:08:43.164707,Toronto-4513,1,62,Normal
2026-02-13 20:08:44.164707,Toronto-4513,27,19,Normal
2026-02-13 20:08:45.164707,Toronto-4513,-10,68,Normal
2026-02-13 20:08:46.164707,Toronto-4513,39,99,Normal
2026-02-13 20:08:47.164707,Toronto-4513,41,83,Normal
2026-02-13 20:08:48.164707,Toronto-4513,11,33,Normal
2026-02-13 20:08:49.164707,Toronto-4513,-9,81,Normal
2026-02-13 20:08:50.164707,Toronto-4513,22,0,Normal
2026-02-13 20:08:51.164707,Toronto-4513,-22,76,Normal
2026-02-13 20:08:52.164707,Toronto-4513,44,81,Normal
2026-02-13 20:08:53.164707,Toronto-4513,48,58,Normal
2026-02-13 20:08:54.164707,Toronto-4513,1,90,Normal
2026-02-13 20:08:55.164707,Toronto-4513,34,25,Normal
2026-02-13 20:08:56.164707,Toronto-4513,40,43,Normal
2026-02-13 20:08:57.164707,Toronto-4513,47,59,Normal
2026-02-13 20:08:58.164707,Toronto-4513,8,82,Normal
2026-02-13 20:08:59.164707,Toronto-4513,-16,23,Normal
2026-02-13 20:09:00.164707,Toronto-4513,-29,56,Normal
2026-02-13 20:09:01.164707,Toronto-4513,6,16,Normal
2026-02-13 20:09:02.164707,Toronto-4513,-1,56,Normal
2026-02-13 20:09:03.164707,Toronto-4513,24,13,Normal
2026-02-13 20:09:04.164707,Toronto-4513,-10,51,Normal
2026-02-13 20:09:05.164707,Toronto-4513,-16,63,Normal
2026-02-13 20:09:06.164707,Toronto-4513,-7,4,Normal
2026-02-13 20:09:07.164707,Toronto-4513,-22,98,Normal
2026-02-13 20:09:08.164707,Toronto-4513,-12,53,Normal
2026-02-13 20:09:09.164707,Toronto-4513,49,0,Normal
2026-02-13 20:09:10.164707,Toronto-4513,16,68,Normal
2026-02-13 20:09:11.164707,Toronto-4513,-13,85,Normal
2026-02-13 20:09:12.164707,Toronto-4513,6,18,Normal
2026-02-13 20:09:13.164707,Toronto-4513,1,84,Normal
2026-02-13 20:09:14.164707,Toronto-4513,25,16,Normal
2026-02-13 20:09:15.164707,Toronto-4513,34,67,Normal
2026-02-13 20:09:16.164707,Toronto-4513,41,83,Normal
2026-02-13 20:09:17.164707,Toronto-4513,14,94,Normal
2026-02-13 20:09:18.164707,Toronto-4513,-27,99,Normal
2026-02-13 20:09:19.164707,Toronto-4513,29,11,Normal
2026-02-13 20:09:20.164707,Toronto-4513,4,6,Normal
2026-02-13 20:09:21.164707,Toronto-4513,-2,8,Normal
2026-02-13 20:09:22.164707,Toronto-4513,-14,27,Normal
2026-02-13 20:09:23.164707,Toronto-4513,-21,76,Normal
2026-02-13 20:09:24.164707,Toronto-4513,22,68,Normal
2026-02-13 20:09:25.164707,Toronto-4513,27,51,Normal
2026-02-13 20:09:26.164707,Toronto-4513,-22,28,Normal
2026-02-13 20:09:27.164707,Toronto-4513,49,24,Normal
2026-02-13 20:09:28.164707,Toronto-4513,24,88,Normal
2026-02-13 20:09:29.164707,Toronto-4513,20,43,Normal
2026-02-13 20:09:30.164707,Toronto-4513,3,93,Normal
2026-02-13 20:09:31.164707,Toronto-4513,15,0,Normal
2026-02-13 20:09:32.164707,Toronto-4513,3,59,Normal
2026-02-13 20:09:33.164707,Toronto-4513,-29,53,Normal
2026-02-13 20:09:34.164707,Toronto-4513,0,65,Normal
2026-02-13 20:09:35.164707,Toronto-4513,-7,89,Normal
2026-02-13 20:09:36.164707,Toronto-4513,0,60,Normal
2026-02-13 20:09:37.164707,Toronto-4513,-21,16,Normal
2026-02-13 20:09:38.164707,Toronto-4513,24,17,Normal
2026-02-13 20:09:39.164707,Toronto-4513,4,9,Normal
2026-02-13 20:09:40.164707,Toronto-4513,-12,91,Normal
2026-02-13 20:09:41.164707,Toronto-4513,18,71,Normal
2026-02-13 20:09:42.164707,Toronto-4513,13,100,Normal
2026-02-13 20:09:43.164707,Toronto-4513,-14,59,Normal
2026-02-13 20:09:44.164707,Toronto-4513,19,22,Normal
2026-02-13 20:09:45.164707,Toronto-4513,-12,12,Normal
2026-02-13 20:09:46.164707,Toronto-4513,-13,6,Normal
2026-02-13 20:09:47.164707,Toronto-4513,28,9,Normal
2026-02-13 20:09:48.164707,Toronto-4513,11,65,Normal
2026-02-13 20:09:49.164707,Toronto-4513,-25,38,Normal
2026-02-13 20:09:50.164707,Toronto-4513,31,30,Normal
2026-02-13 20:09:51.164707,Toronto-4513,31,82,Normal
2026-02-13 20:09:52.164707,Toronto-4513,-14,7,Normal
2026-02-13 20:09:53.164707,Toronto-4513,22,21,Normal
2026-02-13 20:09:54.164707,Toronto-4513,10,73,Normal
2026-02-13 20:09:55.164707,Toronto-4513,46,98,Normal
2026-02-13 20:09:56.164707,Toronto-4513,-22,49,Normal
2026-02-13 20:09:57.164707,Toronto-4513,36,85,Normal
2026-02-13 20:09:58.164707,Toronto-4513,33,96,Normal
2026-02-13 20:09:59.164707,Toronto-4513,35,30,Normal
2026-02-13 20:10:00.164707,Toronto-4513,-11,24,Normal
2026-02-13 20:10:01.164707,Toronto-4513,37,34,Normal
2026-02-13 20:10:02.164707,Toronto-4513,-25,86,Normal
2026-02-13 20:10:03.164707,Toronto-4513,20,90,Normal
2026-02-13 20:10:04.164707,Toronto-4513,45,32,Normal
2026-02-13 20:10:05.164707,Toronto-4513,37,36,Normal
2026-02-13 20:10:06.164707,Toronto-4513,-23,78,Normal
2026-02-13 20:10:07.164707,Toronto-4513,-15,15,Normal
2026-02-13 20:10:08.164707,Toronto-4513,49,48,Normal
2026-02-13 20:10:09.164707,Toronto-4513,-30,71,Normal
2026-02-13 20:10:10.164707,Toronto-4513,-8,8,Normal
2026-02-13 20:10:11.164707,Toronto-4513,20,16,Normal
2026-02-13 20:10:12.164707,Toronto-4513,-13,6,Normal
2026-02-13 20:10:13.164707,Toronto-4513,12,20,Normal
2026-02-13 20:10:14.164707,Toronto-4513,39,50,Normal
2026-02-13 20:10:15.164707,Toronto-4513,-8,52,Normal
2026-02-13 20:10:16.164707,Toronto-4513,-23,3,Normal
2026-02-13 20:10:17.164707,Toronto-4513,15,45,Normal
2026-02-13 20:10:18.164707,Toronto-4513,47,14,Normal
2026-02-13 20:10:19.164707,Toronto-4513,49,25,Normal
2026-02-13 20:10:20.164707,Toronto-4513,-3,89,Normal
2026-02-13 20:10:21.164707,Toronto-4513,41,43,Normal
2026-02-13 20:10:22.164707,Toronto-4513,36,66,Normal
2026-02-13 20:10:23.164707,Toronto-4513,23,56,Normal
2026-02-13 20:10:24.164707,Toronto-4513,-7,85,Normal
2026-02-13 20:10:25.164707,Toronto-4513,-21,48,Normal
2026-02-13 20:10:26.164707,Toronto-4513,-6,95,Normal
2026-02-13 20:10:27.164707,Toronto-4513,-17,11,Normal
2026-02-13 20:10:28.164707,Toronto-4513,42,36,Normal
2026-02-13 20:10:29.164707,Toronto-4513,40,21,Normal
2026-02-13 20:10:30.164707,Toronto-4513,13,63,Normal
2026-02-13 20:10:31.164707,Toronto-4513,39,89,Normal
2026-02-13 20:10:32.164707,Toronto-4513,-13,78,Normal
2026-02-13 20:10:33.164707,Toronto-4513,43,38,Normal
2026-02-13 20:10:34.164707,Toronto-4513,30,73,Normal
2026-02-13 20:10:35.164707,Toronto-4513,14,67,Normal
2026-02-13 20:10:36.164707,Toronto-4513,-22,11,Normal
2026-02-13 20:10:37.164707,Toronto-4513,35,74,Normal
2026-02-13 20:10:38.164707,Toronto-4513,28,19,Normal
2026-02-13 20:10:39.164707,Toronto-4513,-10,47,Normal
2026-02-13 20:10:40.164707,Toronto-4513,39,98,Normal
2026-02-13 20:10:41.164707,Toronto-4513,1,75,Normal
2026-02-13 20:10:42.164707,Toronto-4513,40,2,Normal
2026-02-13 20:10:43.164707,Toronto-4513,-2,22,Normal
2026-02-13 20:10:44.164707,Toronto-4513,18,61,Normal
2026-02-13 20:10:45.164707,Toronto-4513,21,45,Normal
2026-02-13 20:10:46.164707,Toronto-4513,41,5,Normal
2026-02-13 20:10:47.164707,Toronto-4513,-17,63,Normal
2026-02-13 20:10:48.164707,Toronto-4513,37,29,Normal
2026-02-13 20:10:49.164707,Toronto-4513,-9,54,Normal
2026-02-13 20:10:50.164707,Toronto-4513,15,88,Normal
2026-02-13 20:10:51.164707,Toronto-4513,42,51,Normal
2026-02-13 20:10:52.164707,Toronto-4513,37,46,Normal
2026-02-13 20:10:53.164707,Toronto-4513,48,59,Normal
2026-02-13 20:10:54.164707,Toronto-4513,35,38,Normal
2026-02-13 20:10:55.164707,Toronto-4513,-9,66,Normal
2026-02-13 20:10:56.164707,Toronto-4513,-29,61,Normal
2026-02-13 20:10:57.164707,Toronto-4513,-7,35,Normal
2026-02-13 20:10:58.164707,Toronto-4513,-28,71,Normal
2026-02-13 20:10:59.164707,Toronto-4513,-17,23,Normal
2026-02-13 20:11:00.164707,Toronto-4513,-15,32,Normal
2026-02-13 20:11:01.164707,Toronto-4513,-28,65,Normal
2026-02-13 20:11:02.164707,Toronto-4513,29,59,Normal
2026-02-13 20:11:03.164707,Toronto-4513,16,23,Normal
2026-02-13 20:11:04.164707,Toronto-4513,6,24,Normal
2026-02-13 20:11:05.164707,Toronto-4513,47,34,Normal
2026-02-13 20:11:06.164707,Toronto-4513,-11,70,Normal
2026-02-13 20:11:07.164707,Toronto-4513,-24,89,Normal
2026-02-13 20:11:08.164707,Toronto-4513,-10,94,Normal
2026-02-13 20:11:09.164707,Toronto-4513,13,84,Normal
2026-02-13 20:11:10.164707,Toronto-4513,7,47,Normal
2026-02-13 20:11:11.164707,Toronto-4513,10,79,Normal
2026-02-13 20:11:12.164707,Toronto-4513,-13,67,Normal
2026-02-13 20:11:13.164707,Toronto-4513,5,28,Normal
2026-02-13 20:11:14.164707,Toronto-4513,-11,99,Normal
2026-02-13 20:11:15.164707,Toronto-4513,36,41,Normal
2026-02-13 20:11:16.164707,Toronto-4513,-3,12,Normal
2026-02-13 20:11:17.164707,Toronto-4513,-4,74,Normal
2026-02-13 20:11:18.164707,Toronto-4513,25,42,Normal
2026-02-13 20:11:19.164707,Toronto-4513,50,83,Normal
2026-02-13 20:11:20.164707,Toronto-4513,-13,30,Normal
2026-02-13 20:11:21.164707,Toronto-4513,1,50,Normal
2026-02-13 20:11:22.164707,Toronto-4513,20,82,Normal
2026-02-13 20:11:23.164707,Toronto-4513,1,49,Normal
2026-02-13 20:11:24.164707,Toronto-4513,40,66,Normal
2026-02-13 20:11:25.164707,Toronto-4513,28,56,Normal
2026-02-13 20:11:26.164707,Toronto-4513,2,38,Normal
2026-02-13 20:11:27.164707,Toronto-4513,-15,18,Normal
2026-02-13 20:11:28.164707,Toronto-4513,28,48,Normal
2026-02-13 20:11:29.164707,Toronto-4513,43,46,Normal
2026-02-13 20:11:30.164707,Toronto-4513,-21,64,Normal
2026-02-13 20:11:31.164707,Toronto-4513,26,71,Normal
2026-02-13 20:11:32.164707,Toronto-4513,29,73,Normal
2026-02-13 20:11:33.164707,Toronto-4513,22,81,Normal
2026-02-13 20:11:34.164707,Toronto-4513,19,57,Normal
2026-02-13 20:11:35.164707,Toronto-4513,49,52,Normal
2026-02-13 20:11:36.164707,Toronto-4513,16,72,Normal
2026-02-13 20:11:37.164707,Toronto-4513,28,93,Normal
2026-02-13 20:11:38.164707,Toronto-4513,-2,78,Normal
2026-02-13 20:11:39.164707,Toronto-4513,25,14,Normal
2026-02-13 20:11:40.164707,Toronto-4513,4,58,Normal
2026-02-13 20:11:41.164707,Toronto-4513,-27,74,Normal
2026-02-13 20:11:42.164707,Toronto-4513,5,54,Normal
2026-02-13 20:11:43.164707,Toronto-4513,-12,68,Normal
2026-02-13 20:11:44.164707,Toronto-4513,41,25,Normal
2026-02-13 20:11:45.164707,Toronto-4513,48,88,Normal
2026-02-13 20:11:46.164707,Toronto-4513,5,81,Normal
2026-02-13 20:11:47.164707,Toronto-4513,4,20,Normal
2026-02-13 20:11:48.164707,Toronto-4513,41,1,Normal
2026-02-13 20:11:49.164707,Toronto-4513,-7,33,Normal
2026-02-13 20:11:50.164707,Toronto-4513,-9,68,Normal
2026-02-13 20:11:51.164707,Toronto-4513,18,66,Normal
2026-02-13 20:11:52.164707,Toronto-4513,36,76,Normal
2026-02-13 20:11:53.164707,Toronto-4513,45,47,Normal
2026-02-13 20:11:54.164707,Toronto-4513,-20,2,Normal
2026-02-13 20:11:55.164707,Toronto-4513,-6,64,Normal
2026-02-13 20:11:56.164707,Toronto-4513,20,54,Normal
2026-02-13 20:11:57.164707,Toronto-4513,31,56,Normal
2026-02-13 20:11:58.164707,Toronto-4513,32,65,Normal
2026-02-13 20:11:59.164707,Toronto-4513,-2,42,Normal
2026-02-13 20:12:00.164707,Toronto-4513,30,9,Normal
2026-02-13 20:12:01.164707,Toronto-4513,38,3,Normal
2026-02-13 20:12:02.164707,Toronto-4513,0,35,Normal
2026-02-13 20:12:03.164707,Toronto-4513,14,6,Normal
2026-02-13 20:12:04.164707,Toronto-4513,44,49,Normal
2026-02-13 20:12:05.164707,Toronto-4513,-12,41,Normal
2026-02-13 20:12:06.164707,Toronto-4513,15,81,Normal
2026-02-13 20:12:07.164707,Toronto-4513,22,2,Normal
2026-02-13 20:12:08.164707,Toronto-4513,42,57,Normal
2026-02-13 20:12:09.164707,Toronto-4513,50,17,Normal
2026-02-13 20:12:10.164707,Toronto-4513,19,17,Normal
2026-02-13 20:12:11.164707,Toronto-4513,-2,69,Normal
2026-02-13 20:12:12.164707,Toronto-4513,-14,93,Normal
2026-02-13 20:12:13.164707,Toronto-4513,41,34,Normal
2026-02-13 20:12:14.164707,Toronto-4513,29,61,Normal
2026-02-13 20:12:15.164707,Toronto-4513,2,33,Normal
2026-02-13 20:12:16.164707,Toronto-4513,25,50,Normal
2026-02-13 20:12:17.164707,Toronto-4513,-29,3,Normal
2026-02-13 20:12:18.164707,Toronto-4513,-4,62,Normal
2026-02-13 20:12:19.164707,Toronto-4513,6,98,Normal
2026-02-13 20:12:20.164707,Toronto-4513,18,93,Normal
2026-02-13 20:12:21.164707,Toronto-4513,37,7,Normal
2026-02-13 20:12:22.164707,Toronto-4513,-7,70,Normal
2026-02-13 20:12:23.164707,Toronto-4513,5,18,Normal
2026-02-13 20:12:24.164707,Toronto-4513,15,29,Normal
2026-02-13 20:12:25.164707,Toronto-4513,-28,19,Normal
2026-02-13 20:12:26.164707,Toronto-4513,49,37,Normal
2026-02-13 20:12:27.164707,Toronto-4513,15,25,Normal
2026-02-13 20:12:28.164707,Toronto-4513,22,6,Normal
2026-02-13 20:12:29.164707,Toronto-4513,-17,13,Normal
2026-02-13 20:12:30.164707,Toronto-4513,-7,96,Normal
2026-02-13 20:12:31.164707,Toronto-4513,4,58,Normal
2026-02-13 20:12:32.164707,Toronto-4513,-21,55,Normal
2026-02-13 20:12:33.164707,Toronto-4513,24,60,Normal
2026-02-13 20:12:34.164707,Toronto-4513,28,57,Normal
2026-02-13 20:12:35.164707,Toronto-4513,35,61,Normal
2026-02-13 20:12:36.164707,Toronto-4513,-16,93,Normal
2026-02-13 20:12:37.164707,Toronto-4513,33,58,Normal
2026-02-13 20:12:38.164707,Toronto-4513,-21,5,Normal
2026-02-13 20:12:39.164707,Toronto-4513,48,56,Normal
2026-02-13 20:12:40.164707,Toronto-4513,49,31,Normal
2026-02-13 20:12:41.164707,Toronto-4513,33,45,Normal
2026-02-13 20:12:42.164707,Toronto-4513,30,96,Normal
2026-02-13 20:12:43.164707,Toronto-4513,-10,38,Normal
2026-02-13 20:12:44.164707,Toronto-4513,-25,77,Normal
2026-02-13 20:12:45.164707,Toronto-4513,-14,87,Normal
2026-02-13 20:12:46.164707,Toronto-4513,20,61,Normal
2026-02-13 20:12:47.164707,Toronto-4513,-24,94,Normal
2026-02-13 20:12:48.164707,Toronto-4513,-25,81,Normal
2026-02-13 20:12:49.164707,Toronto-4513,44,0,Normal
2026-02-13 20:12:50.164707,Toronto-4513,13,42,Normal
2026-02-13 20:12:51.164707,Toronto-4513,-2,50,Normal
2026-02-13 20:12:52.164707,Toronto-4513,-2,87,Normal
2026-02-13 20:12:53.164707,Toronto-4513,8,63,Normal
2026-02-13 20:12:54.164707,Toronto-4513,-16,47,Normal
2026-02-13 20:12:55.164707,Toronto-4513,16,54,Normal
2026-02-13 20:12:56.164707,Toronto-4513,-22,92,Normal
2026-02-13 20:12:57.164707,Toronto-4513,31,28,Normal
2026-02-13 20:12:58.164707,Toronto-4513,-27,4,Normal
2026-02-13 20:12:59.164707,Toronto-4513,-22,28,Normal
2026-02-13 20:13:00.164707,Toronto-4513,-30,66,Normal
2026-02-13 20:13:01.164707,Toronto-4513,15,90,Normal
2026-02-13 20:13:02.164707,Toronto-4513,5,67,Normal
2026-02-13 20:13:03.164707,Toronto-4513,32,29,Normal
2026-02-13 20:13:04.164707,Toronto-4513,4,20,Normal
2026-02-13 20:13:05.164707,Toronto-4513,-28,30,Normal
2026-02-13 20:13:06.164707,Toronto-4513,44,56,Normal
2026-02-13 20:13:07.164707,Toronto-4513,27,79,Normal
2026-02-13 20:13:08.164707,Toronto-4513,-24,57,Normal
2026-02-13 20:13:09.164707,Toronto-4513,-30,44,Normal
2026-02-13 20:13:10.164707,Toronto-4513,-12,37,Normal
2026-02-13 20:13:11.164707,Toronto-4513,24,79,Normal
2026-02-13 20:13:12.164707,Toronto-4513,22,41,Normal
2026-02-13 20:13:13.164707,Toronto-4513,30,37,Normal
2026-02-13 20:13:14.164707,Toronto-4513,-8,42,Normal
2026-02-13 20:13:15.164707,Toronto-4513,-8,26,Normal
2026-02-13 20:13:16.164707,Toronto-4513,29,26,Normal
2026-02-13 20:13:17.164707,Toronto-4513,7,53,Normal
2026-02-13 20:13:18.164707,Toronto-4513,-7,89,Normal
2026-02-13 20:13:19.164707,Toronto-4513,4,26,Normal
2026-02-13 20:13:20.164707,Toronto-4513,12,7,Normal
2026-02-13 20:13:21.164707,Toronto-4513,47,1,Normal
2026-02-13 20:13:22.164707,Toronto-4513,1,40,Normal
2026-02-13 20:13:23.164707,Toronto-4513,35,2,Normal
2026-02-13 20:13:24.164707,Toronto-4513,37,59,Normal
2026-02-13 20:13:25.164707,Toronto-4513,20,44,Normal
2026-02-13 20:13:26.164707,Toronto-4513,10,83,Normal
2026-02-13 20:13:27.164707,Toronto-4513,25,77,Normal
2026-02-13 20:13:28.164707,Toronto-4513,-20,64,Normal
2026-02-13 20:13:29.164707,Toronto-4513,-6,10,Normal
2026-02-13 20:13:30.164707,Toronto-4513,-2,88,Normal
2026-02-13 20:13:31.164707,Toronto-4513,2,50,Normal
2026-02-13 20:13:32.164707,Toronto-4513,35,4,Normal
2026-02-13 20:13:33.164707,Toronto-4513,-6,58,Normal
2026-02-13 20:13:34.164707,Toronto-4513,-4,0,Normal
2026-02-13 20:13:35.164707,Toronto-4513,12,60,Normal
2026-02-13 20:13:36.164707,Toronto-4513,42,76,Normal
2026-02-13 20:13:37.164707,Toronto-4513,45,51,Normal
2026-02-13 20:13:38.164707,Toronto-4513,-2,25,Normal
2026-02-13 20:13:39.164707,Toronto-4513,47,78,Normal
2026-02-13 20:13:40.164707,Toronto-4513,-25,60,Normal
2026-02-13 20:13:41.164707,Toronto-4513,37,88,Normal
2026-02-13 20:13:42.164707,Toronto-4513,6,23,Normal
2026-02-13 20:13:43.164707,Toronto-4513,32,26,Normal
2026-02-13 20:13:44.164707,Toronto-4513,-19,5,Normal
2026-02-13 20:13:45.164707,Toronto-4513,40,63,Normal
2026-02-13 20:13:46.164707,Toronto-4513,2,88,Normal
2026-02-13 20:13:47.164707,Toronto-4513,-2,20,Normal
2026-02-13 20:13:48.164707,Toronto-4513,19,64,Normal
2026-02-13 20:13:49.164707,Toronto-4513,-25,39,Normal
2026-02-13 20:13:50.164707,Toronto-4513,11,27,Normal
2026-02-13 20:13:51.164707,Toronto-4513,18,56,Normal
2026-02-13 20:13:52.164707,Toronto-4513,13,68,Normal
2026-02-13 20:13:53.164707,Toronto-4513,1,47,Normal
2026-02-13 20:13:54.164707,Toronto-4513,36,4,Normal
2026-02-13 20:13:55.164707,Toronto-4513,-28,56,Normal
2026-02-13 20:13:56.164707,Toronto-4513,2,78,Normal
2026-02-13 20:13:57.164707,Toronto-4513,-29,78,Normal
2026-02-13 20:13:58.164707,Toronto-4513,4,35,Normal
2026-02-13 20:13:59.164707,Toronto-4513,26,56,Normal
2026-02-13 20:14:00.164707,Toronto-4513,20,31,Normal
2026-02-13 20:14:01.164707,Toronto-4513,45,14,Normal
2026-02-13 20:14:02.164707,Toronto-4513,-5,76,Normal
2026-02-13 20:14:03.164707,Toronto-4513,-2,3,Normal
2026-02-13 20:14:04.164707,Toronto-4513,-20,40,Normal
2026-02-13 20:14:05.164707,Toronto-4513,-17,85,Normal
2026-02-13 20:14:06.164707,Toronto-4513,-2,9,Normal
2026-02-13 20:14:07.164707,Toronto-4513,-16,11,Normal
2026-02-13 20:14:08.164707,Toronto-4513,-14,0,Normal
2026-02-13 20:14:09.164707,Toronto-4513,43,66,Normal
2026-02-13 20:14:10.164707,Toronto-4513,3,100,Normal
2026-02-13 20:14:11.164707,Toronto-4513,27,87,Normal
2026-02-13 20:14:12.164707,Toronto-4513,-21,10,Normal
2026-02-13 20:14:13.164707,Toronto-4513,-22,17,Normal
2026-02-13 20:14:14.164707,Toronto-4513,-28,16,Normal
2026-02-13 20:14:15.164707,Toronto-4513,3,68,Normal
2026-02-13 20:14:16.164707,Toronto-4513,-2,67,Normal
2026-02-13 20:14:17.164707,Toronto-4513,19,51,Normal
2026-02-13 20:14:18.164707,Toronto-4513,41,98,Normal
2026-02-13 20:14:19.164707,Toronto-4513,26,50,Normal
2026-02-13 20:14:20.164707,Toronto-4513,-22,26,Normal
2026-02-13 20:14:21.164707,Toronto-4513,13,13,Normal
2026-02-13 20:14:22.164707,Toronto-4513,-12,50,Normal
2026-02-13 20:14:23.164707,Toronto-4513,-1,17,Normal
2026-02-13 20:14:24.164707,Toronto-4513,10,70,Normal
2026-02-13 20:14:25.164707,Toronto-4513,-5,73,Normal
2026-02-13 20:14:26.164707,Toronto-4513,33,21,Normal
2026-02-13 20:14:27.164707,Toronto-4513,43,94,Normal
2026-02-13 20:14:28.164707,Toronto-4513,-2,35,Normal
2026-02-13 20:14:29.164707,Toronto-4513,13,45,Normal
2026-02-13 20:14:30.164707,Toronto-4513,-27,76,Normal
2026-02-13 20:14:31.164707,Toronto-4513,47,37,Normal
2026-02-13 20:14:32.164707,Toronto-4513,-4,80,Normal
2026-02-13 20:14:33.164707,Toronto-4513,28,95,Normal
2026-02-13 20:14:34.164707,Toronto-4513,32,21,Normal
2026-02-13 20:14:35.164707,Toronto-4513,28,57,Normal
2026-02-13 20:14:36.164707,Toronto-4513,-12,34,Normal
2026-02-13 20:14:37.164707,Toronto-4513,2,3,Normal
2026-02-13 20:14:38.164707,Toronto-4513,-16,40,Normal
2026-02-13 20:14:39.164707,Toronto-4513,23,33,Normal
2026-02-13 20:14:40.164707,Toronto-4513,31,66,Normal
2026-02-13 20:14:41.164707,Toronto-4513,4,62,Normal
2026-02-13 20:14:42.164707,Toronto-4513,22,21,Normal
2026-02-13 20:14:43.164707,Toronto-4513,18,63,Normal
2026-02-13 20:14:44.164707,Toronto-4513,-18,97,Normal
2026-02-13 20:14:45.164707,Toronto-4513,-6,37,Normal
2026-02-13 20:14:46.164707,Toronto-4513,-2,87,Normal
2026-02-13 20:14:47.164707,Toronto-4513,34,51,Normal
2026-02-13 20:14:48.164707,Toronto-4513,-17,63,Normal
2026-02-13 20:14:49.164707,Toronto-4513,0,14,Normal
2026-02-13 20:14:50.164707,Toronto-4513,36,14,Normal
2026-02-13 20:14:51.164707,Toronto-4513,-7,47,Normal
2026-02-13 20:14:52.164707,Toronto-4513,-5,45,Normal
2026-02-13 20:14:53.164707,Toronto-4513,-23,14,Normal
2026-02-13 20:14:54.164707,Toronto-4513,-20,44,Normal
2026-02-13 20:14:55.164707,Toronto-4513,-17,19,Normal
2026-02-13 20:14:56.164707,Toronto-4513,36,75,Normal
2026-02-13 20:14:57.164707,Toronto-4513,28,72,Normal
2026-02-13 20:14:58.164707,Toronto-4513,44,89,Normal
2026-02-13 20:14:59.164707,Toronto-4513,8,96,Normal
2026-02-13 20:15:00.164707,Toronto-4513,-9,83,Normal
2026-02-13 20:15:01.164707,Toronto-4513,9,55,Normal
2026-02-13 20:15:02.164707,Toronto-4513,26,58,Normal
2026-02-13 20:15:03.164707,Toronto-4513,16,3,Normal
2026-02-13 20:15:04.164707,Toronto-4513,0,18,Normal
2026-02-13 20:15:05.164707,Toronto-4513,-15,32,Normal
2026-02-13 20:15:06.164707,Toronto-4513,1,62,Normal
2026-02-13 20:15:07.164707,Toronto-4513,42,87,Normal
2026-02-13 20:15:08.164707,Toronto-4513,-22,44,Normal
2026-02-13 20:15:09.164707,Toronto-4513,-21,5,Normal
2026-02-13 20:15:10.164707,Toronto-4513,-23,37,Normal
2026-02-13 20:15:11.164707,Toronto-4513,28,74,Normal
2026-02-13 20:15:12.164707,Toronto-4513,-1,79,Normal
2026-02-13 20:15:13.164707,Toronto-4513,-9,5,Normal
2026-02-13 20:15:14.164707,Toronto-4513,17,14,Normal
2026-02-13 20:15:15.164707,Toronto-4513,-25,12,Normal
2026-02-13 20:15:16.164707,Toronto-4513,11,37,Normal
2026-02-13 20:15:17.164707,Toronto-4513,47,92,Normal
2026-02-13 20:15:18.164707,Toronto-4513,-25,6,Normal
2026-02-13 20:15:19.164707,Toronto-4513,-3,41,Normal
2026-02-13 20:15:20.164707,Toronto-4513,-29,2,Normal
2026-02-13 20:15:21.164707,Toronto-4513,20,55,Normal
2026-02-13 20:15:22.164707,Toronto-4513,-15,68,Normal
2026-02-13 20:15:23.164707,Toronto-4513,-23,21,Normal
2026-02-13 20:15:24.164707,Toronto-4513,24,75,Normal
2026-02-13 20:15:25.164707,Toronto-4513,-23,1,Normal
2026-02-13 20:15:26.164707,Toronto-4513,7,35,Normal
2026-02-13 20:15:27.164707,Toronto-4513,15,97,Normal
2026-02-13 20:15:28.164707,Toronto-4513,14,93,Normal
2026-02-13 20:15:29.164707,Toronto-4513,-10,44,Normal
2026-02-13 20:15:30.164707,Toronto-4513,-10,47,Normal
2026-02-13 20:15:31.164707,Toronto-4513,10,27,Normal
2026-02-13 20:15:32.164707,Toronto-4513,-26,53,Normal
2026-02-13 20:15:33.164707,Toronto-4513,-11,72,Normal
2026-02-13 20:15:34.164707,Toronto-4513,32,5,Normal
2026-02-13 20:15:35.164707,Toronto-4513,15,9,Normal
2026-02-13 20:15:36.164707,Toronto-4513,43,17,Normal
2026-02-13 20:15:37.164707,Toronto-4513,37,29,Normal
2026-02-13 20:15:38.164707,Toronto-4513,-7,98,Normal
2026-02-13 20:15:39.164707,Toronto-4513,23,31,Normal
2026-02-13 20:15:40.164707,Toronto-4513,39,79,Normal
2026-02-13 20:15:41.164707,Toronto-4513,2,19,Normal
2026-02-13 20:15:42.164707,Toronto-4513,-14,19,Normal
2026-02-13 20:15:43.164707,Toronto-4513,15,25,Normal
2026-02-13 20:15:44.164707,Toronto-4513,7,60,Normal
2026-02-13 20:15:45.164707,Toronto-4513,-24,14,Normal
2026-02-13 20:15:46.164707,Toronto-4513,31,52,Normal
2026-02-13 20:15:47.164707,Toronto-4513,-1,87,Normal
2026-02-13 20:15:48.164707,Toronto-4513,-18,72,Normal
2026-02-13 20:15:49.164707,Toronto-4513,25,48,Normal
2026-02-13 20:15:50.164707,Toronto-4513,3,0,Normal
2026-02-13 20:15:51.164707,Toronto-4513,-24,57,Normal
2026-02-13 20:15:52.164707,Toronto-4513,6,76,Normal
2026-02-13 20:15:53.164707,Toronto-4513,-5,98,Normal
2026-02-13 20:15:54.164707,Toronto-4513,-5,24,Normal
2026-02-13 20:15:55.164707,Toronto-4513,25,65,Normal
2026-02-13 20:15:56.164707,Toronto-4513,26,33,Normal
2026-02-13 20:15:57.164707,Toronto-4513,28,96,Normal
2026-02-13 20:15:58.164707,Toronto-4513,-24,27,Normal
2026-02-13 20:15:59.164707,Toronto-4513,16,59,Normal
2026-02-13 20:16:00.164707,Toronto-4513,40,47,Normal
2026-02-13 20:16:01.164707,Toronto-4513,-26,59,Normal
2026-02-13 20:16:02.164707,Toronto-4513,35,13,Normal
2026-02-13 20:16:03.164707,Toronto-4513,-26,33,Normal
2026-02-13 20:16:04.164707,Toronto-4513,27,24,Normal
2026-02-13 20:16:05.164707,Toronto-4513,34,84,Normal
2026-02-13 20:16:06.164707,Toronto-4513,0,13,Normal
2026-02-13 20:16:07.164707,Toronto-4513,-17,97,Normal
2026-02-13 20:16:08.164707,Toronto-4513,14,41,Normal
2026-02-13 20:16:09.164707,Toronto-4513,50,100,Normal
2026-02-13 20:16:10.164707,Toronto-4513,-14,18,Normal
2026-02-13 20:16:11.164707,Toronto-4513,12,97,Normal
2026-02-13 20:16:12.164707,Toronto-4513,9,85,Normal
2026-02-13 20:16:13.164707,Toronto-4513,47,60,Normal
2026-02-13 20:16:14.164707,Toronto-4513,19,37,Normal
2026-02-13 20:16:15.164707,Toronto-4513,43,5,Normal
2026-02-13 20:16:16.164707,Toronto-4513,35,77,Normal
2026-02-13 20:16:17.164707,Toronto-4513,-20,61,Normal
2026-02-13 20:16:18.164707,Toronto-4513,44,37,Normal
2026-02-13 20:16:19.164707,Toronto-4513,33,41,Normal
2026-02-13 20:16:20.164707,Toronto-4513,-8,11,Normal
2026-02-13 20:16:21.164707,Toronto-4513,-12,23,Normal
2026-02-13 20:16:22.164707,Toronto-4513,11,74,Normal
2026-02-13 20:16:23.164707,Toronto-4513,-27,69,Normal
2026-02-13 20:16:24.164707,Toronto-4513,16,94,Normal
2026-02-13 20:16:25.164707,Toronto-4513,45,39,Normal
2026-02-13 20:16:26.164707,Toronto-4513,40,59,Normal
2026-02-13 20:16:27.164707,Toronto-4513,43,48,Normal
2026-02-13 20:16:28.164707,Toronto-4513,-17,71,Normal
2026-02-13 20:16:29.164707,Toronto-4513,-3,98,Normal
2026-02-13 20:16:30.164707,Toronto-4513,45,20,Normal
2026-02-13 20:16:31.164707,Toronto-4513,12,40,Normal
2026-02-13 20:16:32.164707,Toronto-4513,-14,3,Normal
2026-02-13 20:16:33.164707,Toronto-4513,30,87,Normal
2026-02-13 20:16:34.164707,Toronto-4513,-27,5,Normal
2026-02-13 20:16:35.164707,Toronto-4513,48,13,Normal
2026-02-13 20:16:36.164707,Toronto-4513,4,64,Normal
2026-02-13 20:16:37.164707,Toronto-4513,1,32,Normal
2026-02-13 20:16:38.164707,Toronto-4513,14,95,Normal
2026-02-13 20:16:39.164707,Toronto-4513,49,18,Normal
2026-02-13 20:16:40.164707,Toronto-4513,5,35,Normal
2026-02-13 20:16:41.164707,Toronto-4513,-29,69,Normal
2026-02-13 20:16:42.164707,Toronto-4513,29,85,Normal
2026-02-13 20:16:43.164707,Toronto-4513,-8,43,Normal
2026-02-13 20:16:44.164707,Toronto-4513,-27,10,Normal
2026-02-13 20:16:45.164707,Toronto-4513,-20,98,Normal
2026-02-13 20:16:46.164707,Toronto-4513,-28,1,Normal
2026-02-13 20:16:47.164707,Toronto-4513,-15,81,Normal
2026-02-13 20:16:48.164707,Toronto-4513,40,36,Normal
2026-02-13 20:16:49.164707,Toronto-4513,-29,79,Normal
2026-02-13 20:16:50.164707,Toronto-4513,-5,24,Normal
2026-02-13 20:16:51.164707,Toronto-4513,0,89,Normal
2026-02-13 20:16:52.164707,Toronto-4513,39,11,Normal
2026-02-13 20:16:53.164707,Toronto-4513,-26,66,Normal
2026-02-13 20:16:54.164707,Toronto-4513,31,18,Normal
2026-02-13 20:16:55.164707,Toronto-4513,-16,15,Normal
2026-02-13 20:16:56.164707,Toronto-4513,48,61,Normal
2026-02-13 20:16:57.164707,Toronto-4513,14,46,Normal
2026-02-13 20:16:58.164707,Toronto-4513,-27,34,Normal
2026-02-13 20:16:59.164707,Toronto-4513,0,87,Normal
2026-02-13 20:17:00.164707,Toronto-4513,-10,21,Normal
2026-02-13 20:17:01.164707,Toronto-4513,-12,69,Normal
2026-02-13 20:17:02.164707,Toronto-4513,13,60,Normal
2026-02-13 20:17:03.164707,Toronto-4513,-14,81,Normal
2026-02-13 20:17:04.164707,Toronto-4513,4,44,Normal
2026-02-13 20:17:05.164707,Toronto-4513,37,41,Normal
2026-02-13 20:17:06.164707,Toronto-4513,4,24,Normal
2026-02-13 20:17:07.164707,Toronto-4513,29,74,Normal
2026-02-13 20:17:08.164707,Toronto-4513,-23,73,Normal
2026-02-13 20:17:09.164707,Toronto-4513,-12,88,Normal
2026-02-13 20:17:10.164707,Toronto-4513,-24,14,Normal
2026-02-13 20:17:11.164707,Toronto-4513,16,24,Normal
2026-02-13 20:17:12.164707,Toronto-4513,2,6,Normal
2026-02-13 20:17:13.164707,Toronto-4513,46,71,Normal
2026-02-13 20:17:14.164707,Toronto-4513,43,30,Normal
2026-02-13 20:17:15.164707,Toronto-4513,46,58,Normal
2026-02-13 20:17:16.164707,Toronto-4513,-20,12,Normal
2026-02-13 20:17:17.164707,Toronto-4513,0,47,Normal
2026-02-13 20:17:18.164707,Toronto-4513,-12,80,Normal
2026-02-13 20:17:19.164707,Toronto-4513,-13,77,Normal
2026-02-13 20:17:20.164707,Toronto-4513,-27,36,Normal
2026-02-13 20:17:21.164707,Toronto-4513,26,17,Normal
2026-02-13 20:17:22.164707,Toronto-4513,0,35,Normal
2026-02-13 20:17:23.164707,Toronto-4513,30,51,Normal
2026-02-13 20:17:24.164707,Toronto-4513,11,93,Normal
2026-02-13 20:17:25.164707,Toronto-4513,-16,52,Normal
2026-02-13 20:17:26.164707,Toronto-4513,41,43,Normal
2026-02-13 20:17:27.164707,Toronto-4513,8,52,Normal
2026-02-13 20:17:28.164707,Toronto-4513,-24,64,Normal
2026-02-13 20:17:29.164707,Toronto-4513,-6,64,Normal
2026-02-13 20:17:30.164707,Toronto-4513,40,30,Normal
2026-02-13 20:17:31.164707,Toronto-4513,-9,16,Normal
2026-02-13 20:17:32.164707,Toronto-4513,44,54,Normal
2026-02-13 20:17:33.164707,Toronto-4513,-24,31,Normal
2026-02-13 20:17:34.164707,Toronto-4513,39,34,Normal
2026-02-13 20:17:35.164707,Toronto-4513,-22,6,Normal
2026-02-13 20:17:36.164707,Toronto-4513,28,91,Normal
2026-02-13 20:17:37.164707,Toronto-4513,42,70,Normal
2026-02-13 20:17:38.164707,Toronto-4513,47,87,Normal
2026-02-13 20:17:39.164707,Toronto-4513,-4,32,Normal
2026-02-13 20:17:40.164707,Toronto-4513,42,43,Normal
2026-02-13 20:17:41.164707,Toronto-4513,19,92,Normal
2026-02-13 20:17:42.164707,Toronto-4513,-11,15,Normal
2026-02-13 20:17:43.164707,Toronto-4513,43,33,Normal
2026-02-13 20:17:44.164707,Toronto-4513,28,27,Normal
2026-02-13 20:17:45.164707,Toronto-4513,4,77,Normal
2026-02-13 20:17:46.164707,Toronto-4513,15,100,Normal
2026-02-13 20:17:47.164707,Toronto-4513,32,15,Normal
2026-02-13 20:17:48.164707,Toronto-4513,48,94,Normal
2026-02-13 20:17:49.164707,Toronto-4513,35,61,Normal
2026-02-13 20:17:50.164707,Toronto-4513,-29,72,Normal
2026-02-13 20:17:51.164707,Toronto-4513,10,54,Normal
2026-02-13 20:17:52.164707,Toronto-4513,17,38,Normal
2026-02-13 20:17:53.164707,Toronto-4513,43,55,Normal
2026-02-13 20:17:54.164707,Toronto-4513,22,80,Normal
2026-02-13 20:17:55.164707,Toronto-4513,33,17,Normal
2026-02-13 20:17:56.164707,Toronto-4513,23,0,Normal
2026-02-13 20:17:57.164707,Toronto-4513,-10,61,Normal
2026-02-13 20:17:58.164707,Toronto-4513,0,27,Normal
2026-02-13 20:17:59.164707,Toronto-4513,-1,29,Normal
2026-02-13 20:18:00.164707,Toronto-4513,30,55,Normal
2026-02-13 20:18:01.164707,Toronto-4513,41,13,Normal
2026-02-13 20:18:02.164707,Toronto-4513,-28,96,Normal
2026-02-13 20:18:03.164707,Toronto-4513,18,17,Normal
2026-02-13 20:18:04.164707,Toronto-4513,-10,38,Normal
2026-02-13 20:18:05.164707,Toronto-4513,35,49,Normal
2026-02-13 20:18:06.164707,Toronto-4513,-23,63,Normal
2026-02-13 20:18:07.164707,Toronto-4513,-21,72,Normal
2026-02-13 20:18:08.164707,Toronto-4513,20,64,Normal
2026-02-13 20:18:09.164707,Toronto-4513,11,99,Normal
2026-02-13 20:18:10.164707,Toronto-4513,40,100,Normal
2026-02-13 20:18:11.164707,Toronto-4513,33,75,Normal
2026-02-13 20:18:12.164707,Toronto-4513,5,9,Normal
2026-02-13 20:18:13.164707,Toronto-4513,-25,15,Normal
2026-02-13 20:18:14.164707,Toronto-4513,34,92,Normal
2026-02-13 20:18:15.164707,Toronto-4513,-13,78,Normal
2026-02-13 20:18:16.164707,Toronto-4513,39,59,Normal
2026-02-13 20:18:17.164707,Toronto-4513,16,37,Normal
2026-02-13 20:18:18.164707,Toronto-4513,-29,15,Normal
2026-02-13 20:18:19.164707,Toronto-4513,-26,33,Normal
2026-02-13 20:18:20.164707,Toronto-4513,29,93,Normal
2026-02-13 20:18:21.164707,Toronto-4513,37,82,Normal
2026-02-13 20:18:22.164707,Toronto-4513,20,13,Normal
2026-02-13 20:18:23.164707,Toronto-4513,25,79,Normal
2026-02-13 20:18:24.164707,Toronto-4513,22,0,Normal
2026-02-13 20:18:25.164707,Toronto-4513,44,36,Normal
2026-02-13 20:18:26.164707,Toronto-4513,-15,53,Normal
2026-02-13 20:18:27.164707,Toronto-4513,13,45,Normal
2026-02-13 20:18:28.164707,Toronto-4513,-15,88,Normal
2026-02-13 20:18:29.164707,Toronto-4513,-24,64,Normal
2026-02-13 20:18:30.164707,Toronto-4513,-7,64,Normal
2026-02-13 20:18:31.164707,Toronto-4513,-29,57,Normal
2026-02-13 20:18:32.164707,Toronto-4513,-12,83,Normal
2026-02-13 20:18:33.164707,Toronto-4513,47,29,Normal
2026-02-13 20:18:34.164707,Toronto-4513,28,61,Normal
2026-02-13 20:18:35.164707,Toronto-4513,41,53,Normal
2026-02-13 20:18:36.164707,Toronto-4513,-7,47,Normal
2026-02-13 20:18:37.164707,Toronto-4513,-19,25,Normal
2026-02-13 20:18:38.164707,Toronto-4513,-4,13,Normal
2026-02-13 20:18:39.164707,Toronto-4513,15,29,Normal
2026-02-13 20:18:40.164707,Toronto-4513,22,25,Normal
2026-02-13 20:18:41.164707,Toronto-4513,-7,6,Normal
2026-02-13 20:18:42.164707,Toronto-4513,39,100,Normal
2026-02-13 20:18:43.164707,Toronto-4513,22,91,Normal
2026-02-13 20:18:44.164707,Toronto-4513,27,65,Normal
2026-02-13 20:18:45.164707,Toronto-4513,21,84,Normal
2026-02-13 20:18:46.164707,Toronto-4513,8,59,Normal
2026-02-13 20:18:47.164707,Toronto-4513,-6,41,Normal
2026-02-13 20:18:48.164707,Toronto-4513,12,54,Normal
2026-02-13 20:18:49.164707,Toronto-4513,-12,35,Normal
2026-02-13 20:18:50.164707,Toronto-4513,-12,92,Normal
2026-02-13 20:18:51.164707,Toronto-4513,7,16,Normal
2026-02-13 20:18:52.164707,Toronto-4513,-22,37,Normal
2026-02-13 20:18:53.164707,Toronto-4513,-21,53,Normal
2026-02-13 20:18:54.164707,Toronto-4513,12,84,Normal
2026-02-13 20:18:55.164707,Toronto-4513,-5,99,Normal
2026-02-13 20:18:56.164707,Toronto-4513,14,73,Normal
2026-02-13 20:18:57.164707,Toronto-4513,21,81,Normal
2026-02-13 20:18:58.164707,Toronto-4513,10,44,Normal
2026-02-13 20:18:59.164707,Toronto-4513,45,94,Normal
2026-02-13 20:19:00.164707,Toronto-4513,-25,80,Normal
2026-02-13 20:19:01.164707,Toronto-4513,-17,78,Normal
2026-02-13 20:19:02.164707,Toronto-4513,-4,25,Normal
2026-02-13 20:19:03.164707,Toronto-4513,13,65,Normal
2026-02-13 20:19:04.164707,Toronto-4513,28,42,Normal
2026-02-13 20:19:05.164707,Toronto-4513,-29,50,Normal
2026-02-13 20:19:06.164707,Toronto-4513,-19,32,Normal
2026-02-13 20:19:07.164707,Toronto-4513,-27,37,Normal
2026-02-13 20:19:08.164707,Toronto-4513,-13,37,Normal
2026-02-13 20:19:09.164707,Toronto-4513,-17,66,Normal
2026-02-13 20:19:10.164707,Toronto-4513,39,53,Normal
2026-02-13 20:19:11.164707,Toronto-4513,47,64,Normal
2026-02-13 20:19:12.164707,Toronto-4513,34,4,Normal
2026-02-13 20:19:13.164707,Toronto-4513,0,22,Normal
2026-02-13 20:19:14.164707,Toronto-4513,30,45,Normal
2026-02-13 20:19:15.164707,Toronto-4513,32,14,Normal
2026-02-13 20:19:16.164707,Toronto-4513,21,56,Normal
2026-02-13 20:19:17.164707,Toronto-4513,29,52,Normal
2026-02-13 20:19:18.164707,Toronto-4513,2,77,Normal
2026-02-13 20:19:19.164707,Toronto-4513,-5,86,Normal
2026-02-13 20:19:20.164707,Toronto-4513,9,66,Normal
2026-02-13 20:19:21.164707,Toronto-4513,0,59,Normal
2026-02-13 20:19:22.164707,Toronto-4513,-5,79,Normal
2026-02-13 20:19:23.164707,Toronto-4513,31,64,Normal
2026-02-13 20:19:24.164707,Toronto-4513,-14,57,Normal
2026-02-13 20:19:25.164707,Toronto-4513,24,66,Normal
2026-02-13 20:19:26.164707,Toronto-4513,-24,22,Normal
2026-02-13 20:19:27.164707,Toronto-4513,13,71,Normal
2026-02-13 20:19:28.164707,Toronto-4513,46,88,Normal
2026-02-13 20:19:29.164707,Toronto-4513,22,53,Normal
2026-02-13 20:19:30.164707,Toronto-4513,-29,8,Normal
2026-02-13 20:19:31.164707,Toronto-4513,-11,34,Normal
2026-02-13 20:19:32.164707,Toronto-4513,-23,29,Normal
2026-02-13 20:19:33.164707,Toronto-4513,44,88,Normal
2026-02-13 20:19:34.164707,Toronto-4513,33,77,Normal
2026-02-13 20:19:35.164707,Toronto-4513,-25,87,Normal
2026-02-13 20:19:36.164707,Toronto-4513,50,1,Normal
2026-02-13 20:19:37.164707,Toronto-4513,25,30,Normal
2026-02-13 20:19:38.164707,Toronto-4513,44,89,Normal
2026-02-13 20:19:39.164707,Toronto-4513,-26,22,Normal
2026-02-13 20:19:40.164707,Toronto-4513,-3,81,Normal
2026-02-13 20:19:41.164707,Toronto-4513,47,30,Normal
2026-02-13 20:19:42.164707,Toronto-4513,0,100,Normal
2026-02-13 20:19:43.164707,Toronto-4513,-14,24,Normal
2026-02-13 20:19:44.164707,Toronto-4513,11,99,Normal
2026-02-13 20:19:45.164707,Toronto-4513,-1,52,Normal
2026-02-13 20:19:46.164707,Toronto-4513,19,65,Normal
2026-02-13 20:19:47.164707,Toronto-4513,-26,47,Normal
2026-02-13 20:19:48.164707,Toronto-4513,25,39,Normal
2026-02-13 20:19:49.164707,Toronto-4513,-12,21,Normal
2026-02-13 20:19:50.164707,Toronto-4513,-23,44,Normal
2026-02-13 20:19:51.164707,Toronto-4513,37,39,Normal
2026-02-13 20:19:52.164707,Toronto-4513,-25,97,Normal
2026-02-13 20:19:53.164707,Toronto-4513,-8,30,Normal
2026-02-13 20:19:54.164707,Toronto-4513,-5,26,Normal
2026-02-13 20:19:55.164707,Toronto-4513,-27,10,Normal
2026-02-13 20:19:56.164707,Toronto-4513,5,80,Normal
2026-02-13 20:19:57.164707,Toronto-4513,-27,18,Normal
2026-02-13 20:19:58.164707,Toronto-4513,44,76,Normal
2026-02-13 20:19:59.164707,Toronto-4513,50,31,Normal
2026-02-13 20:20:00.164707,Toronto-4513,-9,62,Normal
2026-02-13 20:20:01.164707,Toronto-4513,41,50,Normal
2026-02-13 20:20:02.164707,Toronto-4513,-13,26,Normal
2026-02-13 20:20:03.164707,Toronto-4513,9,36,Normal
2026-02-13 20:20:04.164707,Toronto-4513,-29,77,Normal
2026-02-13 20:20:05.164707,Toronto-4513,17,62,Normal
2026-02-13 20:20:06.164707,Toronto-4513,25,77,Normal
2026-02-13 20:20:07.164707,Toronto-4513,41,40,Normal
2026-02-13 20:20:08.164707,Toronto-4513,-2,12,Normal
2026-02-13 20:20:09.164707,Toronto-4513,3,56,Normal
2026-02-13 20:20:10.164707,Toronto-4513,24,75,Normal
2026-02-13 20:20:11.164707,Toronto-4513,-10,11,Normal
2026-02-13 20:20:12.164707,Toronto-4513,38,79,Normal
2026-02-13 20:20:13.164707,Toronto-4513,20,50,Normal
2026-02-13 20:20:14.164707,Toronto-4513,27,59,Normal
2026-02-13 20:20:15.164707,Toronto-4513,-25,39,Normal
2026-02-13 20:20:16.164707,Toronto-4513,-4,50,Normal
2026-02-13 20:20:17.164707,Toronto-4513,39,63,Normal
2026-02-13 20:20:18.164707,Toronto-4513,25,32,Normal
2026-02-13 20:20:19.164707,Toronto-4513,-2,98,Normal
2026-02-13 20:20:20.164707,Toronto-4513,-26,68,Normal
2026-02-13 20:20:21.164707,Toronto-4513,-11,75,Normal
2026-02-13 20:20:22.164707,Toronto-4513,20,76,Normal
2026-02-13 20:20:23.164707,Toronto-4513,-17,68,Normal
2026-02-13 20:20:24.164707,Toronto-4513,35,56,Normal
2026-02-13 20:20:25.164707,Toronto-4513,17,86,Normal
2026-02-13 20:20:26.164707,Toronto-4513,43,50,Normal
2026-02-13 20:20:27.164707,Toronto-4513,30,84,Normal
2026-02-13 20:20:28.164707,Toronto-4513,1,46,Normal
2026-02-13 20:20:29.164707,Toronto-4513,16,77,Normal
2026-02-13 20:20:30.164707,Toronto-4513,-22,17,Normal
2026-02-13 20:20:31.164707,Toronto-4513,-21,82,Normal
2026-02-13 20:20:32.164707,Toronto-4513,4,52,Normal
2026-02-13 20:20:33.164707,Toronto-4513,40,56,Normal
2026-02-13 20:20:34.164707,Toronto-4513,15,40,Normal
2026-02-13 20:20:35.164707,Toronto-4513,33,91,Normal
2026-02-13 20:20:36.164707,Toronto-4513,-4,31,Normal
2026-02-13 20:20:37.164707,Toronto-4513,11,85,Normal
2026-02-13 20:20:38.164707,Toronto-4513,1,99,Normal
2026-02-13 20:20:39.164707,Toronto-4513,10,0,Normal
2026-02-13 20:20:40.164707,Toronto-4513,12,54,Normal
2026-02-13 20:20:41.164707,Toronto-4513,-19,22,Normal
2026-02-13 20:20:42.164707,Toronto-4513,-22,10,Normal
2026-02-13 20:20:43.164707,Toronto-4513,-21,81,Normal
2026-02-13 20:20:44.164707,Toronto-4513,45,47,Normal
2026-02-13 20:20:45.164707,Toronto-4513,21,26,Normal
2026-02-13 20:20:46.164707,Toronto-4513,15,21,Normal
2026-02-13 20:20:47.164707,Toronto-4513,20,43,Normal
2026-02-13 20:20:48.164707,Toronto-4513,13,10,Normal
2026-02-13 20:20:49.164707,Toronto-4513,-21,20,Normal
2026-02-13 20:20:50.164707,Toronto-4513,-30,47,Normal
2026-02-13 20:20:51.164707,Toronto-4513,-4,23,Normal
2026-02-13 20:20:52.164707,Toronto-4513,45,96,Normal
2026-02-13 20:20:53.164707,Toronto-4513,47,50,Normal
2026-02-13 20:20:54.164707,Toronto-4513,28,11,Normal
2026-02-13 20:20:55.164707,Toronto-4513,40,99,Normal
2026-02-13 20:20:56.164707,Toronto-4513,-17,4,Normal
2026-02-13 20:20:57.164707,Toronto-4513,9,14,Normal
2026-02-13 20:20:58.164707,Toronto-4513,-3,1,Normal
2026-02-13 20:20:59.164707,Toronto-4513,12,20,Normal
2026-02-13 20:21:00.164707,Toronto-4513,-19,35,Normal
2026-02-13 20:21:01.164707,Toronto-4513,16,11,Normal
2026-02-13 20:21:02.164707,Toronto-4513,36,95,Normal
2026-02-13 20:21:03.164707,Toronto-4513,40,66,Normal
2026-02-13 20:21:04.164707,Toronto-4513,22,29,Normal
2026-02-13 20:21:05.164707,Toronto-4513,-30,90,Normal
2026-02-13 20:21:06.164707,Toronto-4513,7,4,Normal
2026-02-13 20:21:07.164707,Toronto-4513,-6,11,Normal
2026-02-13 20:21:08.164707,Toronto-4513,41,63,Normal
2026-02-13 20:21:09.164707,Toronto-4513,2,84,Normal
2026-02-13 20:21:10.164707,Toronto-4513,22,99,Normal
2026-02-13 20:21:11.164707,Toronto-4513,-13,50,Normal
2026-02-13 20:21:12.164707,Toronto-4513,-11,56,Normal
2026-02-13 20:21:13.164707,Toronto-4513,5,13,Normal
2026-02-13 20:21:14.164707,Toronto-4513,39,37,Normal
2026-02-13 20:21:15.164707,Toronto-4513,36,23,Normal
2026-02-13 20:21:16.164707,Toronto-4513,8,52,Normal
2026-02-13 20:21:17.164707,Toronto-4513,-12,76,Normal
2026-02-13 20:21:18.164707,Toronto-4513,-13,15,Normal
2026-02-13 20:21:19.164707,Toronto-4513,40,51,Normal
2026-02-13 20:21:20.164707,Toronto-4513,2,29,Normal
2026-02-13 20:21:21.164707,Toronto-4513,-13,20,Normal
2026-02-13 20:21:22.164707,Toronto-4513,40,86,Normal
2026-02-13 20:21:23.164707,Toronto-4513,33,34,Normal
2026-02-13 20:21:24.164707,Toronto-4513,11,5,Normal
2026-02-13 20:21:25.164707,Toronto-4513,-28,42,Normal
2026-02-13 20:21:26.164707,Toronto-4513,11,64,Normal
2026-02-13 20:21:27.164707,Toronto-4513,-19,22,Normal
2026-02-13 20:21:28.164707,Toronto-4513,-16,65,Normal
2026-02-13 20:21:29.164707,Toronto-4513,23,79,Normal
2026-02-13 20:21:30.164707,Toronto-4513,10,61,Normal
2026-02-13 20:21:31.164707,Toronto-4513,-8,57,Normal
2026-02-13 20:21:32.164707,Toronto-4513,4,18,Normal
2026-02-13 20:21:33.164707,Toronto-4513,0,65,Normal
2026-02-13 20:21:34.164707,Toronto-4513,15,61,Normal
2026-02-13 20:21:35.164707,Toronto-4513,47,20,Normal
2026-02-13 20:21:36.164707,Toronto-4513,-6,41,Normal
2026-02-13 20:21:37.164707,Toronto-4513,30,21,Normal
2026-02-13 20:21:38.164707,Toronto-4513,49,17,Normal
2026-02-13 20:21:39.164707,Toronto-4513,45,65,Normal
2026-02-13 20:21:40.164707,Toronto-4513,4,75,Normal
2026-02-13 20:21:41.164707,Toronto-4513,-19,58,Normal
2026-02-13 20:21:42.164707,Toronto-4513,23,48,Normal
2026-02-13 20:21:43.164707,Toronto-4513,44,16,Normal
2026-02-13 20:21:44.164707,Toronto-4513,28,25,Normal
2026-02-13 20:21:45.164707,Toronto-4513,-2,100,Normal
2026-02-13 20:21:46.164707,Toronto-4513,-29,99,Normal
2026-02-13 20:21:47.164707,Toronto-4513,21,43,Normal
2026-02-13 20:21:48.164707,Toronto-4513,19,92,Normal
2026-02-13 20:21:49.164707,Toronto-4513,-26,66,Normal
2026-02-13 20:21:50.164707,Toronto-4513,41,2,Normal
2026-02-13 20:21:51.164707,Toronto-4513,20,58,Normal
2026-02-13 20:21:52.164707,Toronto-4513,46,49,Normal
2026-02-13 20:21:53.164707,Toronto-4513,5,1,Normal
2026-02-13 20:21:54.164707,Toronto-4513,10,71,Normal
2026-02-13 20:21:55.164707,Toronto-4513,-20,68,Normal
2026-02-13 20:21:56.164707,Toronto-4513,3,44,Normal
2026-02-13 20:21:57.164707,Toronto-4513,-21,76,Normal
2026-02-13 20:21:58.164707,Toronto-4513,47,48,Normal
2026-02-13 20:21:59.164707,Toronto-4513,5,89,Normal
2026-02-13 20:22:00.164707,Toronto-4513,14,51,Normal
2026-02-13 20:22:01.164707,Toronto-4513,16,95,Normal
2026-02-13 20:22:02.164707,Toronto-4513,-27,38,Normal
2026-02-13 20:22:03.164707,Toronto-4513,-7,17,Normal
2026-02-13 20:22:04.164707,Toronto-4513,38,96,Normal
2026-02-13 20:22:05.164707,Toronto-4513,33,20,Normal
2026-02-13 20:22:06.164707,Toronto-4513,30,21,Normal
2026-02-13 20:22:07.164707,Toronto-4513,-4,63,Normal
2026-02-13 20:22:08.164707,Toronto-4513,48,88,Normal
2026-02-13 20:22:09.164707,Toronto-4513,44,89,Normal
2026-02-13 20:22:10.164707,Toronto-4513,17,34,Normal
2026-02-13 20:22:11.164707,Toronto-4513,41,83,Normal
2026-02-13 20:22:12.164707,Toronto-4513,39,64,Normal
2026-02-13 20:22:13.164707,Toronto-4513,-5,87,Normal
2026-02-13 20:22:14.164707,Toronto-4513,28,38,Normal
2026-02-13 20:22:15.164707,Toronto-4513,36,100,Normal
2026-02-13 20:22:16.164707,Toronto-4513,45,55,Normal
2026-02-13 20:22:17.164707,Toronto-4513,21,4,Normal
2026-02-13 20:22:18.164707,Toronto-4513,-26,15,Normal
2026-02-13 20:22:19.164707,Toronto-4513,16,56,Normal
2026-02-13 20:22:20.164707,Toronto-4513,49,75,Normal
2026-02-13 20:22:21.164707,Toronto-4513,-25,91,Normal
2026-02-13 20:22:22.164707,Toronto-4513,10,81,Normal
2026-02-13 20:22:23.164707,Toronto-4513,43,0,Normal
2026-02-13 20:22:24.164707,Toronto-4513,-27,100,Normal
2026-02-13 20:22:25.164707,Toronto-4513,-12,13,Normal
2026-02-13 20:22:26.164707,Toronto-4513,-12,5,Normal
2026-02-13 20:22:27.164707,Toronto-4513,32,15,Normal
2026-02-13 20:22:28.164707,Toronto-4513,38,62,Normal
2026-02-13 20:22:29.164707,Toronto-4513,-26,79,Normal
2026-02-13 20:22:30.164707,Toronto-4513,-8,16,Normal
2026-02-13 20:22:31.164707,Toronto-4513,-2,38,Normal
2026-02-13 20:22:32.164707,Toronto-4513,24,45,Normal
2026-02-13 20:22:33.164707,Toronto-4513,47,29,Normal
2026-02-13 20:22:34.164707,Toronto-4513,25,16,Normal
2026-02-13 20:22:35.164707,Toronto-4513,42,88,Normal
2026-02-13 20:22:36.164707,Toronto-4513,5,34,Normal
2026-02-13 20:22:37.164707,Toronto-4513,18,73,Normal
2026-02-13 20:22:38.164707,Toronto-4513,-18,21,Normal
2026-02-13 20:22:39.164707,Toronto-4513,48,61,Normal
2026-02-13 20:22:40.164707,Toronto-4513,-21,91,Normal
2026-02-13 20:22:41.164707,Toronto-4513,24,76,Normal
2026-02-13 20:22:42.164707,Toronto-4513,49,86,Normal
2026-02-13 20:22:43.164707,Toronto-4513,25,54,Normal
2026-02-13 20:22:44.164707,Toronto-4513,16,41,Normal
2026-02-13 20:22:45.164707,Toronto-4513,-5,56,Normal
2026-02-13 20:22:46.164707,Toronto-4513,-20,31,Normal
2026-02-13 20:22:47.164707,Toronto-4513,38,57,Normal
2026-02-13 20:22:48.164707,Toronto-4513,6,61,Normal
2026-02-13 20:22:49.164707,Toronto-4513,-18,68,Normal
2026-02-13 20:22:50.164707,Toronto-4513,-27,89,Normal
2026-02-13 20:22:51.164707,Toronto-4513,-6,50,Normal
2026-02-13 20:22:52.164707,Toronto-4513,35,87,Normal
2026-02-13 20:22:53.164707,Toronto-4513,-30,11,Normal
2026-02-13 20:22:54.164707,Toronto-4513,7,17,Normal
2026-02-13 20:22:55.164707,Toronto-4513,37,40,Normal
2026-02-13 20:22:56.164707,Toronto-4513,2,96,Normal
2026-02-13 20:22:57.164707,Toronto-4513,30,71,Normal
2026-02-13 20:22:58.164707,Toronto-4513,24,16,Normal
2026-02-13 20:22:59.164707,Toronto-4513,9,92,Normal
2026-02-13 20:23:00.164707,Toronto-4513,5,44,Normal
2026-02-13 20:23:01.164707,Toronto-4513,-28,26,Normal
2026-02-13 20:23:02.164707,Toronto-4513,37,100,Normal
2026-02-13 20:23:03.164707,Toronto-4513,26,47,Normal
2026-02-13 20:23:04.164707,Toronto-4513,-25,0,Normal
2026-02-13 20:23:05.164707,Toronto-4513,5,85,Normal
2026-02-13 20:23:06.164707,Toronto-4513,27,17,Normal
2026-02-13 20:23:07.164707,Toronto-4513,38,19,Normal
2026-02-13 20:23:08.164707,Toronto-4513,26,12,Normal
2026-02-13 20:23:09.164707,Toronto-4513,9,63,Normal
2026-02-13 20:23:10.164707,Toronto-4513,15,98,Normal
2026-02-13 20:23:11.164707,Toronto-4513,-17,7,Normal
2026-02-13 20:23:12.164707,Toronto-4513,-9,68,Normal
2026-02-13 20:23:13.164707,Toronto-4513,41,55,Normal
2026-02-13 20:23:14.164707,Toronto-4513,45,47,Normal
2026-02-13 20:23:15.164707,Toronto-4513,5,60,Normal
2026-02-13 20:23:16.164707,Toronto-4513,3,45,Normal
2026-02-13 20:23:17.164707,Toronto-4513,0,74,Normal
2026-02-13 20:23:18.164707,Toronto-4513,20,81,Normal
2026-02-13 20:23:19.164707,Toronto-4513,21,48,Normal
2026-02-13 20:23:20.164707,Toronto-4513,-10,13,Normal
2026-02-13 20:23:21.164707,Toronto-4513,-20,41,Normal
2026-02-13 20:23:22.164707,Toronto-4513,24,94,Normal
2026-02-13 20:23:23.164707,Toronto-4513,29,41,Normal
2026-02-13 20:23:24.164707,Toronto-4513,44,8,Normal
2026-02-13 20:23:25.164707,Toronto-4513,-12,82,Normal
2026-02-13 20:23:26.164707,Toronto-4513,3,65,Normal
2026-02-13 20:23:27.164707,Toronto-4513,19,88,Normal
2026-02-13 20:23:28.164707,Toronto-4513,17,33,Normal
2026-02-13 20:23:29.164707,Toronto-4513,-9,4,Normal
2026-02-13 20:23:30.164707,Toronto-4513,-1,59,Normal
2026-02-13 20:23:31.164707,Toronto-4513,3,61,Normal
2026-02-13 20:23:32.164707,Toronto-4513,4,28,Normal
2026-02-13 20:23:33.164707,Toronto-4513,22,7,Normal
2026-02-13 20:23:34.164707,Toronto-4513,17,96,Normal
2026-02-13 20:23:35.164707,Toronto-4513,22,12,Normal
2026-02-13 20:23:36.164707,Toronto-4513,23,64,Normal
2026-02-13 20:23:37.164707,Toronto-4513,37,55,Normal
2026-02-13 20:23:38.164707,Toronto-4513,15,50,Normal
2026-02-13 20:23:39.164707,Toronto-4513,-21,60,Normal
2026-02-13 20:23:40.164707,Toronto-4513,20,57,Normal
2026-02-13 20:23:41.164707,Toronto-4513,24,95,Normal
2026-02-13 20:23:42.164707,Toronto-4513,7,30,Normal
2026-02-13 20:23:43.164707,Toronto-4513,-6,28,Normal
2026-02-13 20:23:44.164707,Toronto-4513,-25,29,Normal
2026-02-13 20:23:45.164707,Toronto-4513,47,57,Normal
2026-02-13 20:23:46.164707,Toronto-4513,23,31,Normal
2026-02-13 20:23:47.164707,Toronto-4513,20,62,Normal
2026-02-13 20:23:48.164707,Toronto-4513,43,73,Normal
2026-02-13 20:23:49.164707,Toronto-4513,23,5,Normal
2026-02-13 20:23:50.164707,Toronto-4513,-7,38,Normal
2026-02-13 20:23:51.164707,Toronto-4513,-5,83,Normal
2026-02-13 20:23:52.164707,Toronto-4513,35,82,Normal
2026-02-13 20:23:53.164707,Toronto-4513,50,4,Normal
2026-02-13 20:23:54.164707,Toronto-4513,39,76,Normal
2026-02-13 20:23:55.164707,Toronto-4513,0,19,Normal
2026-02-13 20:23:56.164707,Toronto-4513,-25,89,Normal
2026-02-13 20:23:57.164707,Toronto-4513,45,99,Normal
2026-02-13 20:23:58.164707,Toronto-4513,-20,80,Normal
2026-02-13 20:23:59.164707,Toronto-4513,40,41,Normal
2026-02-13 20:24:00.164707,Toronto-4513,-10,75,Normal
2026-02-13 20:24:01.164707,Toronto-4513,32,35,Normal
2026-02-13 20:24:02.164707,Toronto-4513,-19,22,Normal
2026-02-13 20:24:03.164707,Toronto-4513,14,47,Normal
2026-02-13 20:24:04.164707,Toronto-4513,-14,24,Normal
2026-02-13 20:24:05.164707,Toronto-4513,2,30,Normal
2026-02-13 20:24:06.164707,Toronto-4513,0,77,Normal
2026-02-13 20:24:07.164707,Toronto-4513,47,39,Normal
2026-02-13 20:24:08.164707,Toronto-4513,22,95,Normal
2026-02-13 20:24:09.164707,Toronto-4513,-9,36,Normal
2026-02-13 20:24:10.164707,Toronto-4513,-25,59,Normal
2026-02-13 20:24:11.164707,Toronto-4513,-2,50,Normal
2026-02-13 20:24:12.164707,Toronto-4513,37,88,Normal
2026-02-13 20:24:13.164707,Toronto-4513,9,18,Normal
2026-02-13 20:24:14.164707,Toronto-4513,32,85,Normal
2026-02-13 20:24:15.164707,Toronto-4513,20,16,Normal
2026-02-13 20:24:16.164707,Toronto-4513,-1,99,Normal
2026-02-13 20:24:17.164707,Toronto-4513,4,51,Normal
2026-02-13 20:24:18.164707,Toronto-4513,21,100,Normal
2026-02-13 20:24:19.164707,Toronto-4513,-14,76,Normal
2026-02-13 20:24:20.164707,Toronto-4513,5,41,Normal
2026-02-13 20:24:21.164707,Toronto-4513,-26,65,Normal
2026-02-13 20:24:22.164707,Toronto-4513,-4,66,Normal
2026-02-13 20:24:23.164707,Toronto-4513,-22,18,Normal
2026-02-13 20:24:24.164707,Toronto-4513,12,55,Normal
2026-02-13 20:24:25.164707,Toronto-4513,22,35,Normal
2026-02-13 20:24:26.164707,Toronto-4513,-9,89,Normal
2026-02-13 20:24:27.164707,Toronto-4513,30,56,Normal
2026-02-13 20:24:28.164707,Toronto-4513,-11,90,Normal
2026-02-13 20:24:29.164707,Toronto-4513,-5,24,Normal
2026-02-13 20:24:30.164707,Toronto-4513,35,38,Normal
2026-02-13 20:24:31.164707,Toronto-4513,36,52,Normal
2026-02-13 20:24:32.164707,Toronto-4513,35,30,Normal
2026-02-13 20:24:33.164707,Toronto-4513,24,21,Normal
2026-02-13 20:24:34.164707,Toronto-4513,50,98,Normal
2026-02-13 20:24:35.164707,Toronto-4513,5,27,Normal
2026-02-13 20:24:36.164707,Toronto-4513,-21,79,Normal
2026-02-13 20:24:37.164707,Toronto-4513,-1,36,Normal
2026-02-13 20:24:38.164707,Toronto-4513,3,12,Normal
2026-02-13 20:24:39.164707,Toronto-4513,25,26,Normal
2026-02-13 20:24:40.164707,Toronto-4513,25,32,Normal
2026-02-13 20:24:41.164707,Toronto-4513,8,41,Normal
2026-02-13 20:24:42.164707,Toronto-4513,-22,96,Normal
2026-02-13 20:24:43.164707,Toronto-4513,-24,93,Normal
2026-02-13 20:24:44.164707,Toronto-4513,23,15,Normal
2026-02-13 20:24:45.164707,Toronto-4513,-2,24,Normal
2026-02-13 20:24:46.164707,Toronto-4513,43,15,Normal
2026-02-13 20:24:47.164707,Toronto-4513,28,1,Normal
2026-02-13 20:24:48.164707,Toronto-4513,-19,7,Normal
2026-02-13 20:24:49.164707,Toronto-4513,-12,83,Normal
2026-02-13 20:24:50.164707,Toronto-4513,44,57,Normal
2026-02-13 20:24:51.164707,Toronto-4513,42,83,Normal
2026-02-13 20:24:52.164707,Toronto-4513,9,75,Normal
2026-02-13 20:24:53.164707,Toronto-4513,-29,45,Normal
2026-02-13 20:24:54.164707,Toronto-4513,18,5,Normal
2026-02-13 20:24:55.164707,Toronto-4513,49,46,Normal
2026-02-13 20:24:56.164707,Toronto-4513,27,15,Normal
2026-02-13 20:24:57.164707,Toronto-4513,-1,32,Normal
2026-02-13 20:24:58.164707,Toronto-4513,11,95,Normal
2026-02-13 20:24:59.164707,Toronto-4513,-9,83,Normal
2026-02-13 20:25:00.164707,Toronto-4513,22,55,Normal
2026-02-13 20:25:01.164707,Toronto-4513,-28,16,Normal
2026-02-13 20:25:02.164707,Toronto-4513,10,21,Normal
2026-02-13 20:25:03.164707,Toronto-4513,8,71,Normal
2026-02-13 20:25:04.164707,Toronto-4513,-22,22,Normal
2026-02-13 20:25:05.164707,Toronto-4513,47,29,Normal
2026-02-13 20:25:06.164707,Toronto-4513,43,81,Normal
2026-02-13 20:25:07.164707,Toronto-4513,-14,1,Normal
2026-02-13 20:25:08.164707,Toronto-4513,-28,29,Normal
2026-02-13 20:25:09.164707,Toronto-4513,39,5,Normal
2026-02-13 20:25:10.164707,Toronto-4513,42,96,Normal
2026-02-13 20:25:11.164707,Toronto-4513,-1,6,Normal
2026-02-13 20:25:12.164707,Toronto-4513,35,66,Normal
2026-02-13 20:25:13.164707,Toronto-4513,27,45,Normal
2026-02-13 20:25:14.164707,Toronto-4513,31,100,Normal
2026-02-13 20:25:15.164707,Toronto-4513,12,64,Normal
2026-02-13 20:25:16.164707,Toronto-4513,49,4,Normal
2026-02-13 20:25:17.164707,Toronto-4513,19,81,Normal
2026-02-13 20:25:18.164707,Toronto-4513,-26,22,Normal
2026-02-13 20:25:19.164707,Toronto-4513,-13,61,Normal
2026-02-13 20:25:20.164707,Toronto-4513,24,22,Normal
2026-02-13 20:25:21.164707,Toronto-4513,20,29,Normal
2026-02-13 20:25:22.164707,Toronto-4513,-11,45,Normal
2026-02-13 20:25:23.164707,Toronto-4513,43,55,Normal
2026-02-13 20:25:24.164707,Toronto-4513,45,92,Normal
2026-02-13 20:25:25.164707,Toronto-4513,13,30,Normal
2026-02-13 20:25:26.164707,Toronto-4513,-19,58,Normal
2026-02-13 20:25:27.164707,Toronto-4513,24,61,Normal
2026-02-13 20:25:28.164707,Toronto-4513,-28,4,Normal
2026-02-13 20:25:29.164707,Toronto-4513,3,99,Normal
2026-02-13 20:25:30.164707,Toronto-4513,39,92,Normal
2026-02-13 20:25:31.164707,Toronto-4513,-12,1,Normal
2026-02-13 20:25:32.164707,Toronto-4513,-13,66,Normal
2026-02-13 20:25:33.164707,Toronto-4513,44,16,Normal
2026-02-13 20:25:34.164707,Toronto-4513,-6,57,Normal
2026-02-13 20:25:35.164707,Toronto-4513,-10,48,Normal
2026-02-13 20:25:36.164707,Toronto-4513,42,97,Normal
2026-02-13 20:25:37.164707,Toronto-4513,-1,54,Normal
2026-02-13 20:25:38.164707,Toronto-4513,-14,0,Normal
2026-02-13 20:25:39.164707,Toronto-4513,41,24,Normal
2026-02-13 20:25:40.164707,Toronto-4513,-7,69,Normal
2026-02-13 20:25:41.164707,Toronto-4513,-21,33,Normal
2026-02-13 20:25:42.164707,Toronto-4513,38,80,Normal
2026-02-13 20:25:43.164707,Toronto-4513,42,99,Normal
2026-02-13 20:25:44.164707,Toronto-4513,34,38,Normal
2026-02-13 20:25:45.164707,Toronto-4513,48,87,Normal
2026-02-13 20:25:46.164707,Toronto-4513,13,50,Normal
2026-02-13 20:25:47.164707,Toronto-4513,28,21,Normal
2026-02-13 20:25:48.164707,Toronto-4513,40,46,Normal
2026-02-13 20:25:49.164707,Toronto-4513,-8,55,Normal
2026-02-13 20:25:50.164707,Toronto-4513,-24,66,Normal
2026-02-13 20:25:51.164707,Toronto-4513,-14,92,Normal
2026-02-13 20:25:52.164707,Toronto-4513,46,31,Normal
2026-02-13 20:25:53.164707,Toronto-4513,28,8,Normal
2026-02-13 20:25:54.164707,Toronto-4513,-11,17,Normal
2026-02-13 20:25:55.164707,Toronto-4513,47,76,Normal
2026-02-13 20:25:56.164707,Toronto-4513,-6,57,Normal
2026-02-13 20:25:57.164707,Toronto-4513,49,99,Normal
2026-02-13 20:25:58.164707,Toronto-4513,-24,89,Normal
2026-02-13 20:25:59.164707,Toronto-4513,-6,71,Normal
2026-02-13 20:26:00.164707,Toronto-4513,-11,66,Normal
2026-02-13 20:26:01.164707,Toronto-4513,8,59,Normal
2026-02-13 20:26:02.164707,Toronto-4513,-2,67,Normal
2026-02-13 20:26:03.164707,Toronto-4513,10,33,Normal
2026-02-13 20:26:04.164707,Toronto-4513,-4,92,Normal
2026-02-13 20:26:05.164707,Toronto-4513,28,17,Normal
2026-02-13 20:26:06.164707,Toronto-4513,-13,12,Normal
2026-02-13 20:26:07.164707,Toronto-4513,37,86,Normal
2026-02-13 20:26:08.164707,Toronto-4513,-14,44,Normal
2026-02-13 20:26:09.164707,Toronto-4513,0,63,Normal
2026-02-13 20:26:10.164707,Toronto-4513,-12,63,Normal
2026-02-13 20:26:11.164707,Toronto-4513,36,31,Normal
2026-02-13 20:26:12.164707,Toronto-4513,39,21,Normal
2026-02-13 20:26:13.164707,Toronto-4513,-4,37,Normal
2026-02-13 20:26:14.164707,Toronto-4513,15,95,Normal
2026-02-13 20:26:15.164707,Toronto-4513,-12,47,Normal
2026-02-13 20:26:16.164707,Toronto-4513,3,6,Normal
2026-02-13 20:26:17.164707,Toronto-4513,35,58,Normal
2026-02-13 20:26:18.164707,Toronto-4513,-7,76,Normal
2026-02-13 20:26:19.164707,Toronto-4513,15,60,Normal
2026-02-13 20:26:20.164707,Toronto-4513,-10,59,Normal
2026-02-13 20:26:21.164707,Toronto-4513,43,65,Normal
2026-02-13 20:26:22.164707,Toronto-4513,21,36,Normal
2026-02-13 20:26:23.164707,Toronto-4513,-20,79,Normal
2026-02-13 20:26:24.164707,Toronto-4513,16,72,Normal
2026-02-13 20:26:25.164707,Toronto-4513,-10,55,Normal
2026-02-13 20:26:26.164707,Toronto-4513,40,9,Normal
2026-02-13 20:26:27.164707,Toronto-4513,21,84,Normal
2026-02-13 20:26:28.164707,Toronto-4513,-10,44,Normal
2026-02-13 20:26:29.164707,Toronto-4513,4,80,Normal
2026-02-13 20:26:30.164707,Toronto-4513,-26,93,Normal
2026-02-13 20:26:31.164707,Toronto-4513,-19,95,Normal
2026-02-13 20:26:32.164707,Toronto-4513,-1,95,Normal
2026-02-13 20:26:33.164707,Toronto-4513,11,76,Normal
2026-02-13 20:26:34.164707,Toronto-4513,50,14,Normal
2026-02-13 20:26:35.164707,Toronto-4513,-22,88,Normal
2026-02-13 20:26:36.164707,Toronto-4513,-29,85,Normal
2026-02-13 20:26:37.164707,Toronto-4513,17,15,Normal
2026-02-13 20:26:38.164707,Toronto-4513,13,60,Normal
2026-02-13 20:26:39.164707,Toronto-4513,-8,51,Normal
2026-02-13 20:26:40.164707,Toronto-4513,19,72,Normal
2026-02-13 20:26:41.164707,Toronto-4513,16,8,Normal
2026-02-13 20:26:42.164707,Toronto-4513,40,11,Normal
2026-02-13 20:26:43.164707,Toronto-4513,-24,100,Normal
2026-02-13 20:26:44.164707,Toronto-4513,44,54,Normal
2026-02-13 20:26:45.164707,Toronto-4513,-12,99,Normal
2026-02-13 20:26:46.164707,Toronto-4513,-10,42,Normal
2026-02-13 20:26:47.164707,Toronto-4513,22,20,Normal
2026-02-13 20:26:48.164707,Toronto-4513,46,76,Normal
2026-02-13 20:26:49.164707,Toronto-4513,-13,30,Normal
2026-02-13 20:26:50.164707,Toronto-4513,34,69,Normal
2026-02-13 20:26:51.164707,Toronto-4513,-28,20,Normal
2026-02-13 20:26:52.164707,Toronto-4513,17,10,Normal
2026-02-13 20:26:53.164707,Toronto-4513,32,94,Normal
2026-02-13 20:26:54.164707,Toronto-4513,4,78,Normal
2026-02-13 20:26:55.164707,Toronto-4513,-6,47,Normal
2026-02-13 20:26:56.164707,Toronto-4513,20,40,Normal
2026-02-13 20:26:57.164707,Toronto-4513,30,24,Normal
2026-02-13 20:26:58.164707,Toronto-4513,39,98,Normal
2026-02-13 20:26:59.164707,Toronto-4513,-9,3,Normal
2026-02-13 20:27:00.164707,Toronto-4513,25,83,Normal
2026-02-13 20:27:01.164707,Toronto-4513,-13,43,Normal
2026-02-13 20:27:02.164707,Toronto-4513,-20,39,Normal
2026-02-13 20:27:03.164707,Toronto-4513,-24,87,Normal
2026-02-13 20:27:04.164707,Toronto-4513,0,41,Normal
2026-02-13 20:27:05.164707,Toronto-4513,24,22,Normal
2026-02-13 20:27:06.164707,Toronto-4513,39,45,Normal
2026-02-13 20:27:07.164707,Toronto-4513,-9,34,Normal
2026-02-13 20:27:08.164707,Toronto-4513,1,8,Normal
2026-02-13 20:27:09.164707,Toronto-4513,-30,20,Normal
2026-02-13 20:27:10.164707,Toronto-4513,-4,82,Normal
2026-02-13 20:27:11.164707,Toronto-4513,39,48,Normal
2026-02-13 20:27:12.164707,Toronto-4513,9,11,Normal
2026-02-13 20:27:13.164707,Toronto-4513,0,28,Normal
2026-02-13 20:27:14.164707,Toronto-4513,10,31,Normal
2026-02-13 20:27:15.164707,Toronto-4513,39,47,Normal
2026-02-13 20:27:16.164707,Toronto-4513,-4,7,Normal
2026-02-13 20:27:17.164707,Toronto-4513,-9,86,Normal
2026-02-13 20:27:18.164707,Toronto-4513,28,1,Normal
2026-02-13 20:27:19.164707,Toronto-4513,19,65,Normal
2026-02-13 20:27:20.164707,Toronto-4513,5,47,Normal
2026-02-13 20:27:21.164707,Toronto-4513,-27,38,Normal
2026-02-13 20:27:22.164707,Toronto-4513,16,27,Normal
2026-02-13 20:27:23.164707,Toronto-4513,19,37,Normal
2026-02-13 20:27:24.164707,Toronto-4513,-21,92,Normal
2026-02-13 20:27:25.164707,Toronto-4513,17,15,Normal
2026-02-13 20:27:26.164707,Toronto-4513,-14,38,Normal
2026-02-13 20:27:27.164707,Toronto-4513,11,80,Normal
2026-02-13 20:27:28.164707,Toronto-4513,24,90,Normal
2026-02-13 20:27:29.164707,Toronto-4513,40,73,Normal
2026-02-13 20:27:30.164707,Toronto-4513,-4,37,Normal
2026-02-13 20:27:31.164707,Toronto-4513,-2,99,Normal
2026-02-13 20:27:32.164707,Toronto-4513,37,88,Normal
2026-02-13 20:27:33.164707,Toronto-4513,16,6,Normal
2026-02-13 20:27:34.164707,Toronto-4513,45,27,Normal
2026-02-13 20:27:35.164707,Toronto-4513,1,63,Normal
2026-02-13 20:27:36.164707,Toronto-4513,6,61,Normal
2026-02-13 20:27:37.164707,Toronto-4513,-10,82,Normal
2026-02-13 20:27:38.164707,Toronto-4513,38,86,Normal
2026-02-13 20:27:39.164707,Toronto-4513,15,5,Normal
2026-02-13 20:27:40.164707,Toronto-4513,45,80,Normal
2026-02-13 20:27:41.164707,Toronto-4513,46,54,Normal
2026-02-13 20:27:42.164707,Toronto-4513,21,19,Normal
2026-02-13 20:27:43.164707,Toronto-4513,-13,9,Normal
2026-02-13 20:27:44.164707,Toronto-4513,49,68,Normal
2026-02-13 20:27:45.164707,Toronto-4513,-17,27,Normal
2026-02-13 20:27:46.164707,Toronto-4513,50,14,Normal
2026-02-13 20:27:47.164707,Toronto-4513,8,89,Normal
2026-02-13 20:27:48.164707,Toronto-4513,26,39,Normal
2026-02-13 20:27:49.164707,Toronto-4513,-12,80,Normal
2026-02-13 20:27:50.164707,Toronto-4513,50,75,Normal
2026-02-13 20:27:51.164707,Toronto-4513,18,26,Normal
2026-02-13 20:27:52.164707,Toronto-4513,-29,9,Normal
2026-02-13 20:27:53.164707,Toronto-4513,2,61,Normal
2026-02-13 20:27:54.164707,Toronto-4513,24,3,Normal
2026-02-13 20:27:55.164707,Toronto-4513,-5,17,Normal
2026-02-13 20:27:56.164707,Toronto-4513,10,83,Normal
2026-02-13 20:27:57.164707,Toronto-4513,-4,16,Normal
2026-02-13 20:27:58.164707,Toronto-4513,50,94,Normal
2026-02-13 20:27:59.164707,Toronto-4513,14,34,Normal
2026-02-13 20:28:00.164707,Toronto-4513,3,50,Normal
2026-02-13 20:28:01.164707,Toronto-4513,-5,88,Normal
2026-02-13 20:28:02.164707,Toronto-4513,-21,47,Normal
2026-02-13 20:28:03.164707,Toronto-4513,26,77,Normal
2026-02-13 20:28:04.164707,Toronto-4513,6,64,Normal
2026-02-13 20:28:05.164707,Toronto-4513,27,43,Normal
2026-02-13 20:28:06.164707,Toronto-4513,36,96,Normal
2026-02-13 20:28:07.164707,Toronto-4513,38,80,Normal
2026-02-13 20:28:08.164707,Toronto-4513,13,33,Normal
2026-02-13 20:28:09.164707,Toronto-4513,47,29,Normal
2026-02-13 20:28:10.164707,Toronto-4513,45,92,Normal
2026-02-13 20:28:11.164707,Toronto-4513,-25,5,Normal
2026-02-13 20:28:12.164707,Toronto-4513,-17,5,Normal
2026-02-13 20:28:13.164707,Toronto-4513,-13,30,Normal
2026-02-13 20:28:14.164707,Toronto-4513,-13,13,Normal
2026-02-13 20:28:15.164707,Toronto-4513,20,81,Normal
