timestamp,station_id,temp,humid,condition
2026-02-14 00:52:14.393555,Dubai-07bc,28,97,Normal
2026-02-14 00:52:15.393555,Dubai-07bc,0,0,Normal
2026-02-14 00:52:16.393555,Dubai-07bc,-30,59,Normal
2026-02-14 00:52:17.393555,Dubai-07bc,-18,23,Normal
2026-02-14 00:52:18.393555,Dubai-07bc,45,43,Normal
2026-02-14 00:52:19.393555,Dubai-07bc,28,4,Normal
2026-02-14 00:52:20.393555,Dubai-07bc,-27,75,Normal
2026-02-14 00:52:21.393555,Dubai-07bc,45,12,Normal
2026-02-14 00:52:22.393555,Dubai-07bc,-17,89,Normal
2026-02-14 00:52:23.393555,Dubai-07bc,-6,4,Normal
2026-02-14 00:52:24.393555,Dubai-07bc,43,15,Normal
2026-02-14 00:52:25.393555,Dubai-07bc,24,75,Normal
2026-02-14 00:52:26.393555,Dubai-07bc,48,57,Normal
2026-02-14 00:52:27.393555,Dubai-07bc,29,92,Normal
2026-02-14 00:52:28.393555,Dubai-07bc,-10,14,Normal
2026-02-14 00:52:29.393555,Dubai-07bc,41,31,Normal
2026-02-14 00:52:30.393555,Dubai-07bc,37,65,Normal
2026-02-14 00:52:31.393555,Dubai-07bc,37,65,Normal
2026-02-14 00:52:32.393555,Dubai-07bc,1,48,Normal
2026-02-14 00:52:33.393555,Dubai-07bc,-14,35,Normal
2026-02-14 00:52:34.393555,Dubai-07bc,6,43,Normal
2026-02-14 00:52:35.393555,Dubai-07bc,-30,87,Normal
2026-02-14 00:52:36.393555,Dubai-07bc,4,10,Normal
2026-02-14 00:52:37.393555,Dubai-07bc,43,15,Normal
2026-02-14 00:52:38.393555,Dubai-07bc,-18,12,Normal
2026-02-14 00:52:39.393555,Dubai-07bc,-22,43,Normal
2026-02-14 00:52:40.393555,Dubai-07bc,-8,38,Normal
2026-02-14 00:52:41.393555,Dubai-07bc,0,17,Normal
2026-02-14 00:52:42.393555,Dubai-07bc,15,29,Normal
2026-02-14 00:52:43.393555,Dubai-07bc,-28,87,Normal
2026-02-14 00:52:44.393555,Dubai-07bc,39,73,Normal
2026-02-14 00:52:45.393555,Dubai-07bc,-7,88,Normal
2026-02-14 00:52:46.393555,Dubai-07bc,13,54,Normal
2026-02-14 00:52:47.393555,Dubai-07bc,-23,54,Normal
2026-02-14 00:52:48.393555,Dubai-07bc,-12,15,Normal
2026-02-14 00:52:49.393555,Dubai-07bc,28,74,Normal
2026-02-14 00:52:50.393555,Dubai-07bc,50,12,Normal
2026-02-14 00:52:51.393555,Dubai-07bc,19,28,Normal
2026-02-14 00:52:52.393555,Dubai-07bc,-18,91,Normal
2026-02-14 00:52:53.393555,Dubai-07bc,17,29,Normal
2026-02-14 00:52:54.393555,Dubai-07bc,34,2,Normal
2026-02-14 00:52:55.393555,Dubai-07bc,42,89,Normal
2026-02-14 00:52:56.393555,Dubai-07bc,22,86,Normal
2026-02-14 00:52:57.393555,Dubai-07bc,36,49,Normal
2026-02-14 00:52:58.393555,Dubai-07bc,25,96,Normal
2026-02-14 00:52:59.393555,Dubai-07bc,-29,14,Normal
2026-02-14 00:53:00.393555,Dubai-07bc,32,65,Normal
2026-02-14 00:53:01.393555,Dubai-07bc,13,65,Normal
2026-02-14 00:53:02.393555,Dubai-07bc,-5,93,Normal
2026-02-14 00:53:03.393555,Dubai-07bc,50,4,Normal
2026-02-14 00:53:04.393555,Dubai-07bc,36,58,Normal
2026-02-14 00:53:05.393555,Dubai-07bc,35,84,Normal
2026-02-14 00:53:06.393555,Dubai-07bc,46,71,Normal
2026-02-14 00:53:07.393555,Dubai-07bc,-29,33,Normal
2026-02-14 00:53:08.393555,Dubai-07bc,-9,14,Normal
2026-02-14 00:53:09.393555,Dubai-07bc,19,70,Normal
2026-02-14 00:53:10.393555,Dubai-07bc,-8,49,Normal
2026-02-14 00:53:11.393555,Dubai-07bc,-8,61,Normal
2026-02-14 00:53:12.393555,Dubai-07bc,38,94,Normal
2026-02-14 00:53:13.393555,Dubai-07bc,7,52,Normal
2026-02-14 00:53:14.393555,Dubai-07bc,1,94,Normal
2026-02-14 00:53:15.393555,Dubai-07bc,28,96,Normal
2026-02-14 00:53:16.393555,Dubai-07bc,-23,34,Normal
2026-02-14 00:53:17.393555,Dubai-07bc,-8,15,Normal
2026-02-14 00:53:18.393555,Dubai-07bc,-13,44,Normal
2026-02-14 00:53:19.393555,Dubai-07bc,12,43,Normal
2026-02-14 00:53:20.393555,Dubai-07bc,-28,71,Normal
2026-02-14 00:53:21.393555,Dubai-07bc,-26,25,Normal
2026-02-14 00:53:22.393555,Dubai-07bc,17,99,Normal
2026-02-14 00:53:23.393555,Dubai-07bc,-19,48,Normal
2026-02-14 00:53:24.393555,Dubai-07bc,48,99,Normal
2026-02-14 00:53:25.393555,Dubai-07bc,29,92,Normal
2026-02-14 00:53:26.393555,Dubai-07bc,-1,52,Normal
2026-02-14 00:53:27.393555,Dubai-07bc,32,73,Normal
2026-02-14 00:53:28.393555,Dubai-07bc,-7,68,Normal
2026-02-14 00:53:29.393555,Dubai-07bc,-29,59,Normal
2026-02-14 00:53:30.393555,Dubai-07bc,-2,3,Normal
2026-02-14 00:53:31.393555,Dubai-07bc,-7,4,Normal
2026-02-14 00:53:32.393555,Dubai-07bc,46,50,Normal
2026-02-14 00:53:33.393555,Dubai-07bc,-24,56,Normal
2026-02-14 00:53:34.393555,Dubai-07bc,-19,0,Normal
2026-02-14 00:53:35.393555,Dubai-07bc,35,79,Normal
2026-02-14 00:53:36.393555,Dubai-07bc,48,45,Normal
2026-02-14 00:53:37.393555,Dubai-07bc,43,92,Normal
2026-02-14 00:53:38.393555,Dubai-07bc,21,88,Normal
2026-02-14 00:53:39.393555,Dubai-07bc,10,58,Normal
2026-02-14 00:53:40.393555,Dubai-07bc,16,69,Normal
2026-02-14 00:53:41.393555,Dubai-07bc,10,66,Normal
2026-02-14 00:53:42.393555,Dubai-07bc,35,84,Normal
2026-02-14 00:53:43.393555,Dubai-07bc,0,24,Normal
2026-02-14 00:53:44.393555,Dubai-07bc,-13,98,Normal
2026-02-14 00:53:45.393555,Dubai-07bc,42,79,Normal
2026-02-14 00:53:46.393555,Dubai-07bc,-29,70,Normal
2026-02-14 00:53:47.393555,Dubai-07bc,10,90,Normal
2026-02-14 00:53:48.393555,Dubai-07bc,-14,41,Normal
2026-02-14 00:53:49.393555,Dubai-07bc,-10,0,Normal
2026-02-14 00:53:50.393555,Dubai-07bc,-27,13,Normal
2026-02-14 00:53:51.393555,Dubai-07bc,-3,0,Normal
2026-02-14 00:53:52.393555,Dubai-07bc,-1,27,Normal
2026-02-14 00:53:53.393555,Dubai-07bc,-27,74,Normal
2026-02-14 00:53:54.393555,Dubai-07bc,-24,68,Normal
2026-02-14 00:53:55.393555,Dubai-07bc,40,77,Normal
2026-02-14 00:53:56.393555,Dubai-07bc,46,56,Normal
2026-02-14 00:53:57.393555,Dubai-07bc,36,42,Normal
2026-02-14 00:53:58.393555,Dubai-07bc,14,15,Normal
2026-02-14 00:53:59.393555,Dubai-07bc,45,0,Normal
2026-02-14 00:54:00.393555,Dubai-07bc,11,84,Normal
2026-02-14 00:54:01.393555,Dubai-07bc,-18,24,Normal
2026-02-14 00:54:02.393555,Dubai-07bc,-20,37,Normal
2026-02-14 00:54:03.393555,Dubai-07bc,2,88,Normal
2026-02-14 00:54:04.393555,Dubai-07bc,-25,8,Normal
2026-02-14 00:54:05.393555,Dubai-07bc,-30,30,Normal
2026-02-14 00:54:06.393555,Dubai-07bc,-18,31,Normal
2026-02-14 00:54:07.393555,Dubai-07bc,-9,19,Normal
2026-02-14 00:54:08.393555,Dubai-07bc,35,19,Normal
2026-02-14 00:54:09.393555,Dubai-07bc,-10,68,Normal
2026-02-14 00:54:10.393555,Dubai-07bc,24,29,Normal
2026-02-14 00:54:11.393555,Dubai-07bc,30,87,Normal
2026-02-14 00:54:12.393555,Dubai-07bc,46,60,Normal
2026-02-14 00:54:13.393555,Dubai-07bc,13,25,Normal
2026-02-14 00:54:14.393555,Dubai-07bc,43,68,Normal
2026-02-14 00:54:15.393555,Dubai-07bc,10,20,Normal
2026-02-14 00:54:16.393555,Dubai-07bc,7,16,Normal
2026-02-14 00:54:17.393555,Dubai-07bc,-11,29,Normal
2026-02-14 00:54:18.393555,Dubai-07bc,31,71,Normal
2026-02-14 00:54:19.393555,Dubai-07bc,29,52,Normal
2026-02-14 00:54:20.393555,Dubai-07bc,-10,75,Normal
2026-02-14 00:54:21.393555,Dubai-07bc,41,12,Normal
2026-02-14 00:54:22.393555,Dubai-07bc,-5,62,Normal
2026-02-14 00:54:23.393555,Dubai-07bc,-7,95,Normal
2026-02-14 00:54:24.393555,Dubai-07bc,29,12,Normal
2026-02-14 00:54:25.393555,Dubai-07bc,11,46,Normal
2026-02-14 00:54:26.393555,Dubai-07bc,-4,54,Normal
2026-02-14 00:54:27.393555,Dubai-07bc,-21,62,Normal
2026-02-14 00:54:28.393555,Dubai-07bc,-29,43,Normal
2026-02-14 00:54:29.393555,Dubai-07bc,48,56,Normal
2026-02-14 00:54:30.393555,Dubai-07bc,14,9,Normal
2026-02-14 00:54:31.393555,Dubai-07bc,15,1,Normal
2026-02-14 00:54:32.393555,Dubai-07bc,-26,66,Normal
2026-02-14 00:54:33.393555,Dubai-07bc,6,62,Normal
2026-02-14 00:54:34.393555,Dubai-07bc,-18,34,Normal
2026-02-14 00:54:35.393555,Dubai-07bc,-12,72,Normal
2026-02-14 00:54:36.393555,Dubai-07bc,50,39,Normal
2026-02-14 00:54:37.393555,Dubai-07bc,7,67,Normal
2026-02-14 00:54:38.393555,Dubai-07bc,-27,100,Normal
2026-02-14 00:54:39.393555,Dubai-07bc,42,47,Normal
2026-02-14 00:54:40.393555,Dubai-07bc,44,100,Normal
2026-02-14 00:54:41.393555,Dubai-07bc,-11,63,Normal
2026-02-14 00:54:42.393555,Dubai-07bc,-12,93,Normal
2026-02-14 00:54:43.393555,Dubai-07bc,7,76,Normal
2026-02-14 00:54:44.393555,Dubai-07bc,-8,9,Normal
2026-02-14 00:54:45.393555,Dubai-07bc,-22,61,Normal
2026-02-14 00:54:46.393555,Dubai-07bc,1,87,Normal
2026-02-14 00:54:47.393555,Dubai-07bc,2,16,Normal
2026-02-14 00:54:48.393555,Dubai-07bc,26,81,Normal
2026-02-14 00:54:49.393555,Dubai-07bc,33,5,Normal
2026-02-14 00:54:50.393555,Dubai-07bc,-11,19,Normal
2026-02-14 00:54:51.393555,Dubai-07bc,-21,2,Normal
2026-02-14 00:54:52.393555,Dubai-07bc,47,68,Normal
2026-02-14 00:54:53.393555,Dubai-07bc,-8,11,Normal
2026-02-14 00:54:54.393555,Dubai-07bc,-24,65,Normal
2026-02-14 00:54:55.393555,Dubai-07bc,21,47,Normal
2026-02-14 00:54:56.393555,Dubai-07bc,-6,94,Normal
2026-02-14 00:54:57.393555,Dubai-07bc,46,49,Normal
2026-02-14 00:54:58.393555,Dubai-07bc,19,27,Normal
2026-02-14 00:54:59.393555,Dubai-07bc,-22,34,Normal
2026-02-14 00:55:00.393555,Dubai-07bc,-9,62,Normal
2026-02-14 00:55:01.393555,Dubai-07bc,36,76,Normal
2026-02-14 00:55:02.393555,Dubai-07bc,30,9,Normal
2026-02-14 00:55:03.393555,Dubai-07bc,42,13,Normal
2026-02-14 00:55:04.393555,Dubai-07bc,-22,43,Normal
2026-02-14 00:55:05.393555,Dubai-07bc,-12,69,Normal
2026-02-14 00:55:06.393555,Dubai-07bc,25,74,Normal
2026-02-14 00:55:07.393555,Dubai-07bc,4,29,Normal
2026-02-14 00:55:08.393555,Dubai-07bc,24,8,Normal
2026-02-14 00:55:09.393555,Dubai-07bc,2,89,Normal
2026-02-14 00:55:10.393555,Dubai-07bc,27,27,Normal
2026-02-14 00:55:11.393555,Dubai-07bc,-15,81,Normal
2026-02-14 00:55:12.393555,Dubai-07bc,22,46,Normal
2026-02-14 00:55:13.393555,Dubai-07bc,-26,61,Normal
2026-02-14 00:55:14.393555,Dubai-07bc,7,100,Normal
2026-02-14 00:55:15.393555,Dubai-07bc,30,71,Normal
2026-02-14 00:55:16.393555,Dubai-07bc,38,77,Normal
2026-02-14 00:55:17.393555,Dubai-07bc,48,28,Normal
2026-02-14 00:55:18.393555,Dubai-07bc,-3,36,Normal
2026-02-14 00:55:19.393555,Dubai-07bc,-22,49,Normal
2026-02-14 00:55:20.393555,Dubai-07bc,-4,79,Normal
2026-02-14 00:55:21.393555,Dubai-07bc,-29,53,Normal
2026-02-14 00:55:22.393555,Dubai-07bc,46,64,Normal
2026-02-14 00:55:23.393555,Dubai-07bc,-28,64,Normal
2026-02-14 00:55:24.393555,Dubai-07bc,17,51,Normal
2026-02-14 00:55:25.393555,Dubai-07bc,25,54,Normal
2026-02-14 00:55:26.393555,Dubai-07bc,-8,83,Normal
2026-02-14 00:55:27.393555,Dubai-07bc,20,13,Normal
2026-02-14 00:55:28.393555,Dubai-07bc,39,70,Normal
2026-02-14 00:55:29.393555,Dubai-07bc,-9,37,Normal
2026-02-14 00:55:30.393555,Dubai-07bc,32,23,Normal
2026-02-14 00:55:31.393555,Dubai-07bc,-19,17,Normal
2026-02-14 00:55:32.393555,Dubai-07bc,-23,100,Normal
2026-02-14 00:55:33.393555,Dubai-07bc,5,59,Normal
2026-02-14 00:55:34.393555,Dubai-07bc,38,22,Normal
2026-02-14 00:55:35.393555,Dubai-07bc,-5,26,Normal
2026-02-14 00:55:36.393555,Dubai-07bc,17,34,Normal
2026-02-14 00:55:37.393555,Dubai-07bc,42,63,Normal
2026-02-14 00:55:38.393555,Dubai-07bc,14,34,Normal
2026-02-14 00:55:39.393555,Dubai-07bc,33,76,Normal
2026-02-14 00:55:40.393555,Dubai-07bc,-5,31,Normal
2026-02-14 00:55:41.393555,Dubai-07bc,-10,33,Normal
2026-02-14 00:55:42.393555,Dubai-07bc,-25,86,Normal
2026-02-14 00:55:43.393555,Dubai-07bc,16,15,Normal
2026-02-14 00:55:44.393555,Dubai-07bc,4,85,Normal
2026-02-14 00:55:45.393555,Dubai-07bc,50,79,Normal
2026-02-14 00:55:46.393555,Dubai-07bc,-6,62,Normal
2026-02-14 00:55:47.393555,Dubai-07bc,4,100,Normal
2026-02-14 00:55:48.393555,Dubai-07bc,-20,38,Normal
2026-02-14 00:55:49.393555,Dubai-07bc,15,0,Normal
2026-02-14 00:55:50.393555,Dubai-07bc,18,17,Normal
2026-02-14 00:55:51.393555,Dubai-07bc,31,69,Normal
2026-02-14 00:55:52.393555,Dubai-07bc,-27,77,Normal
2026-02-14 00:55:53.393555,Dubai-07bc,-1,63,Normal
2026-02-14 00:55:54.393555,Dubai-07bc,43,15,Normal
2026-02-14 00:55:55.393555,Dubai-07bc,-28,99,Normal
2026-02-14 00:55:56.393555,Dubai-07bc,0,27,Normal
2026-02-14 00:55:57.393555,Dubai-07bc,39,51,Normal
2026-02-14 00:55:58.393555,Dubai-07bc,-4,35,Normal
2026-02-14 00:55:59.393555,Dubai-07bc,18,6,Normal
2026-02-14 00:56:00.393555,Dubai-07bc,12,18,Normal
2026-02-14 00:56:01.393555,Dubai-07bc,-15,99,Normal
2026-02-14 00:56:02.393555,Dubai-07bc,6,42,Normal
2026-02-14 00:56:03.393555,Dubai-07bc,-6,37,Normal
2026-02-14 00:56:04.393555,Dubai-07bc,23,84,Normal
2026-02-14 00:56:05.393555,Dubai-07bc,-11,28,Normal
2026-02-14 00:56:06.393555,Dubai-07bc,17,50,Normal
2026-02-14 00:56:07.393555,Dubai-07bc,26,18,Normal
2026-02-14 00:56:08.393555,Dubai-07bc,42,77,Normal
2026-02-14 00:56:09.393555,Dubai-07bc,-16,92,Normal
2026-02-14 00:56:10.393555,Dubai-07bc,48,4,Normal
2026-02-14 00:56:11.393555,Dubai-07bc,18,27,Normal
2026-02-14 00:56:12.393555,Dubai-07bc,27,45,Normal
2026-02-14 00:56:13.393555,Dubai-07bc,-7,81,Normal
2026-02-14 00:56:14.393555,Dubai-07bc,-23,96,Normal
2026-02-14 00:56:15.393555,Dubai-07bc,24,45,Normal
2026-02-14 00:56:16.393555,Dubai-07bc,-15,79,Normal
2026-02-14 00:56:17.393555,Dubai-07bc,-29,46,Normal
2026-02-14 00:56:18.393555,Dubai-07bc,8,82,Normal
2026-02-14 00:56:19.393555,Dubai-07bc,-22,95,Normal
2026-02-14 00:56:20.393555,Dubai-07bc,-23,78,Normal
2026-02-14 00:56:21.393555,Dubai-07bc,38,28,Normal
2026-02-14 00:56:22.393555,Dubai-07bc,14,42,Normal
2026-02-14 00:56:23.393555,Dubai-07bc,-13,93,Normal
2026-02-14 00:56:24.393555,Dubai-07bc,-26,46,Normal
2026-02-14 00:56:25.393555,Dubai-07bc,48,69,Normal
2026-02-14 00:56:26.393555,Dubai-07bc,45,13,Normal
2026-02-14 00:56:27.393555,Dubai-07bc,-15,97,Normal
2026-02-14 00:56:28.393555,Dubai-07bc,42,23,Normal
2026-02-14 00:56:29.393555,Dubai-07bc,-3,39,Normal
2026-02-14 00:56:30.393555,Dubai-07bc,34,96,Normal
2026-02-14 00:56:31.393555,Dubai-07bc,7,42,Normal
2026-02-14 00:56:32.393555,Dubai-07bc,-15,45,Normal
2026-02-14 00:56:33.393555,Dubai-07bc,-14,40,Normal
2026-02-14 00:56:34.393555,Dubai-07bc,43,89,Normal
2026-02-14 00:56:35.393555,Dubai-07bc,-13,61,Normal
2026-02-14 00:56:36.393555,Dubai-07bc,3,70,Normal
2026-02-14 00:56:37.393555,Dubai-07bc,6,81,Normal
2026-02-14 00:56:38.393555,Dubai-07bc,23,85,Normal
2026-02-14 00:56:39.393555,Dubai-07bc,39,82,Normal
2026-02-14 00:56:40.393555,Dubai-07bc,49,16,Normal
2026-02-14 00:56:41.393555,Dubai-07bc,-22,69,Normal
2026-02-14 00:56:42.393555,Dubai-07bc,37,42,Normal
2026-02-14 00:56:43.393555,Dubai-07bc,10,29,Normal
2026-02-14 00:56:44.393555,Dubai-07bc,-25,59,Normal
2026-02-14 00:56:45.393555,Dubai-07bc,-15,87,Normal
2026-02-14 00:56:46.393555,Dubai-07bc,42,34,Normal
2026-02-14 00:56:47.393555,Dubai-07bc,-6,47,Normal
2026-02-14 00:56:48.393555,Dubai-07bc,34,16,Normal
2026-02-14 00:56:49.393555,Dubai-07bc,8,34,Normal
2026-02-14 00:56:50.393555,Dubai-07bc,4,99,Normal
2026-02-14 00:56:51.393555,Dubai-07bc,28,79,Normal
2026-02-14 00:56:52.393555,Dubai-07bc,7,72,Normal
2026-02-14 00:56:53.393555,Dubai-07bc,31,83,Normal
2026-02-14 00:56:54.393555,Dubai-07bc,47,11,Normal
2026-02-14 00:56:55.393555,Dubai-07bc,47,37,Normal
2026-02-14 00:56:56.393555,Dubai-07bc,-14,97,Normal
2026-02-14 00:56:57.393555,Dubai-07bc,-12,52,Normal
2026-02-14 00:56:58.393555,Dubai-07bc,8,34,Normal
2026-02-14 00:56:59.393555,Dubai-07bc,-25,2,Normal
2026-02-14 00:57:00.393555,Dubai-07bc,42,60,Normal
2026-02-14 00:57:01.393555,Dubai-07bc,-1,53,Normal
2026-02-14 00:57:02.393555,Dubai-07bc,-29,70,Normal
2026-02-14 00:57:03.393555,Dubai-07bc,18,95,Normal
2026-02-14 00:57:04.393555,Dubai-07bc,45,60,Normal
2026-02-14 00:57:05.393555,Dubai-07bc,-28,16,Normal
2026-02-14 00:57:06.393555,Dubai-07bc,-8,84,Normal
2026-02-14 00:57:07.393555,Dubai-07bc,15,22,Normal
2026-02-14 00:57:08.393555,Dubai-07bc,6,46,Normal
2026-02-14 00:57:09.393555,Dubai-07bc,-14,14,Normal
2026-02-14 00:57:10.393555,Dubai-07bc,38,97,Normal
2026-02-14 00:57:11.393555,Dubai-07bc,19,24,Normal
2026-02-14 00:57:12.393555,Dubai-07bc,23,90,Normal
2026-02-14 00:57:13.393555,Dubai-07bc,-28,32,Normal
2026-02-14 00:57:14.393555,Dubai-07bc,32,17,Normal
2026-02-14 00:57:15.393555,Dubai-07bc,-29,62,Normal
2026-02-14 00:57:16.393555,Dubai-07bc,21,26,Normal
2026-02-14 00:57:17.393555,Dubai-07bc,0,13,Normal
2026-02-14 00:57:18.393555,Dubai-07bc,-10,95,Normal
2026-02-14 00:57:19.393555,Dubai-07bc,0,35,Normal
2026-02-14 00:57:20.393555,Dubai-07bc,14,72,Normal
2026-02-14 00:57:21.393555,Dubai-07bc,0,96,Normal
2026-02-14 00:57:22.393555,Dubai-07bc,41,12,Normal
2026-02-14 00:57:23.393555,Dubai-07bc,17,95,Normal
2026-02-14 00:57:24.393555,Dubai-07bc,37,57,Normal
2026-02-14 00:57:25.393555,Dubai-07bc,17,46,Normal
2026-02-14 00:57:26.393555,Dubai-07bc,-29,44,Normal
2026-02-14 00:57:27.393555,Dubai-07bc,0,5,Normal
2026-02-14 00:57:28.393555,Dubai-07bc,-15,23,Normal
2026-02-14 00:57:29.393555,Dubai-07bc,-14,24,Normal
2026-02-14 00:57:30.393555,Dubai-07bc,6,54,Normal
2026-02-14 00:57:31.393555,Dubai-07bc,37,98,Normal
2026-02-14 00:57:32.393555,Dubai-07bc,-23,88,Normal
2026-02-14 00:57:33.393555,Dubai-07bc,17,89,Normal
2026-02-14 00:57:34.393555,Dubai-07bc,-20,87,Normal
2026-02-14 00:57:35.393555,Dubai-07bc,19,30,Normal
2026-02-14 00:57:36.393555,Dubai-07bc,-20,80,Normal
2026-02-14 00:57:37.393555,Dubai-07bc,23,83,Normal
2026-02-14 00:57:38.393555,Dubai-07bc,15,89,Normal
2026-02-14 00:57:39.393555,Dubai-07bc,-3,25,Normal
2026-02-14 00:57:40.393555,Dubai-07bc,-13,3,Normal
2026-02-14 00:57:41.393555,Dubai-07bc,-1,13,Normal
2026-02-14 00:57:42.393555,Dubai-07bc,38,68,Normal
2026-02-14 00:57:43.393555,Dubai-07bc,26,48,Normal
2026-02-14 00:57:44.393555,Dubai-07bc,35,77,Normal
2026-02-14 00:57:45.393555,Dubai-07bc,5,52,Normal
2026-02-14 00:57:46.393555,Dubai-07bc,-7,89,Normal
2026-02-14 00:57:47.393555,Dubai-07bc,15,53,Normal
2026-02-14 00:57:48.393555,Dubai-07bc,-5,10,Normal
2026-02-14 00:57:49.393555,Dubai-07bc,16,0,Normal
2026-02-14 00:57:50.393555,Dubai-07bc,5,28,Normal
2026-02-14 00:57:51.393555,Dubai-07bc,-30,92,Normal
2026-02-14 00:57:52.393555,Dubai-07bc,41,54,Normal
2026-02-14 00:57:53.393555,Dubai-07bc,9,3,Normal
2026-02-14 00:57:54.393555,Dubai-07bc,50,93,Normal
2026-02-14 00:57:55.393555,Dubai-07bc,22,39,Normal
2026-02-14 00:57:56.393555,Dubai-07bc,47,98,Normal
2026-02-14 00:57:57.393555,Dubai-07bc,49,40,Normal
2026-02-14 00:57:58.393555,Dubai-07bc,23,66,Normal
2026-02-14 00:57:59.393555,Dubai-07bc,10,46,Normal
2026-02-14 00:58:00.393555,Dubai-07bc,42,16,Normal
2026-02-14 00:58:01.393555,Dubai-07bc,-23,79,Normal
2026-02-14 00:58:02.393555,Dubai-07bc,20,13,Normal
2026-02-14 00:58:03.393555,Dubai-07bc,-29,80,Normal
2026-02-14 00:58:04.393555,Dubai-07bc,-26,7,Normal
2026-02-14 00:58:05.393555,Dubai-07bc,-28,53,Normal
2026-02-14 00:58:06.393555,Dubai-07bc,0,40,Normal
2026-02-14 00:58:07.393555,Dubai-07bc,-7,59,Normal
2026-02-14 00:58:08.393555,Dubai-07bc,41,16,Normal
2026-02-14 00:58:09.393555,Dubai-07bc,-11,28,Normal
2026-02-14 00:58:10.393555,Dubai-07bc,3,29,Normal
2026-02-14 00:58:11.393555,Dubai-07bc,-28,85,Normal
2026-02-14 00:58:12.393555,Dubai-07bc,27,24,Normal
2026-02-14 00:58:13.393555,Dubai-07bc,-14,83,Normal
2026-02-14 00:58:14.393555,Dubai-07bc,-5,47,Normal
2026-02-14 00:58:15.393555,Dubai-07bc,-5,41,Normal
2026-02-14 00:58:16.393555,Dubai-07bc,-19,80,Normal
2026-02-14 00:58:17.393555,Dubai-07bc,-24,33,Normal
2026-02-14 00:58:18.393555,Dubai-07bc,-14,8,Normal
2026-02-14 00:58:19.393555,Dubai-07bc,46,5,Normal
2026-02-14 00:58:20.393555,Dubai-07bc,46,48,Normal
2026-02-14 00:58:21.393555,Dubai-07bc,17,89,Normal
2026-02-14 00:58:22.393555,Dubai-07bc,-15,58,Normal
2026-02-14 00:58:23.393555,Dubai-07bc,-20,90,Normal
2026-02-14 00:58:24.393555,Dubai-07bc,15,98,Normal
2026-02-14 00:58:25.393555,Dubai-07bc,-20,16,Normal
2026-02-14 00:58:26.393555,Dubai-07bc,19,73,Normal
2026-02-14 00:58:27.393555,Dubai-07bc,50,72,Normal
2026-02-14 00:58:28.393555,Dubai-07bc,11,1,Normal
2026-02-14 00:58:29.393555,Dubai-07bc,-12,42,Normal
2026-02-14 00:58:30.393555,Dubai-07bc,-2,9,Normal
2026-02-14 00:58:31.393555,Dubai-07bc,5,87,Normal
2026-02-14 00:58:32.393555,Dubai-07bc,31,76,Normal
2026-02-14 00:58:33.393555,Dubai-07bc,29,61,Normal
2026-02-14 00:58:34.393555,Dubai-07bc,41,29,Normal
2026-02-14 00:58:35.393555,Dubai-07bc,-10,98,Normal
2026-02-14 00:58:36.393555,Dubai-07bc,48,5,Normal
2026-02-14 00:58:37.393555,Dubai-07bc,30,47,Normal
2026-02-14 00:58:38.393555,Dubai-07bc,40,56,Normal
2026-02-14 00:58:39.393555,Dubai-07bc,25,73,Normal
2026-02-14 00:58:40.393555,Dubai-07bc,50,71,Normal
2026-02-14 00:58:41.393555,Dubai-07bc,40,61,Normal
2026-02-14 00:58:42.393555,Dubai-07bc,-28,21,Normal
2026-02-14 00:58:43.393555,Dubai-07bc,3,69,Normal
2026-02-14 00:58:44.393555,Dubai-07bc,43,29,Normal
2026-02-14 00:58:45.393555,Dubai-07bc,14,23,Normal
2026-02-14 00:58:46.393555,Dubai-07bc,-26,55,Normal
2026-02-14 00:58:47.393555,Dubai-07bc,40,31,Normal
2026-02-14 00:58:48.393555,Dubai-07bc,21,60,Normal
2026-02-14 00:58:49.393555,Dubai-07bc,-4,90,Normal
2026-02-14 00:58:50.393555,Dubai-07bc,16,86,Normal
2026-02-14 00:58:51.393555,Dubai-07bc,46,41,Normal
2026-02-14 00:58:52.393555,Dubai-07bc,-16,39,Normal
2026-02-14 00:58:53.393555,Dubai-07bc,30,70,Normal
2026-02-14 00:58:54.393555,Dubai-07bc,14,29,Normal
2026-02-14 00:58:55.393555,Dubai-07bc,-4,84,Normal
2026-02-14 00:58:56.393555,Dubai-07bc,1,59,Normal
2026-02-14 00:58:57.393555,Dubai-07bc,-14,87,Normal
2026-02-14 00:58:58.393555,Dubai-07bc,-24,20,Normal
2026-02-14 00:58:59.393555,Dubai-07bc,32,23,Normal
2026-02-14 00:59:00.393555,Dubai-07bc,-5,29,Normal
2026-02-14 00:59:01.393555,Dubai-07bc,-11,27,Normal
2026-02-14 00:59:02.393555,Dubai-07bc,29,49,Normal
2026-02-14 00:59:03.393555,Dubai-07bc,47,78,Normal
2026-02-14 00:59:04.393555,Dubai-07bc,-30,11,Normal
2026-02-14 00:59:05.393555,Dubai-07bc,19,6,Normal
2026-02-14 00:59:06.393555,Dubai-07bc,24,10,Normal
2026-02-14 00:59:07.393555,Dubai-07bc,23,92,Normal
2026-02-14 00:59:08.393555,Dubai-07bc,14,34,Normal
2026-02-14 00:59:09.393555,Dubai-07bc,-27,65,Normal
2026-02-14 00:59:10.393555,Dubai-07bc,2,20,Normal
2026-02-14 00:59:11.393555,Dubai-07bc,1,19,Normal
2026-02-14 00:59:12.393555,Dubai-07bc,8,5,Normal
2026-02-14 00:59:13.393555,Dubai-07bc,-25,28,Normal
2026-02-14 00:59:14.393555,Dubai-07bc,16,3,Normal
2026-02-14 00:59:15.393555,Dubai-07bc,42,49,Normal
2026-02-14 00:59:16.393555,Dubai-07bc,-8,90,Normal
2026-02-14 00:59:17.393555,Dubai-07bc,-17,15,Normal
2026-02-14 00:59:18.393555,Dubai-07bc,17,87,Normal
2026-02-14 00:59:19.393555,Dubai-07bc,17,24,Normal
2026-02-14 00:59:20.393555,Dubai-07bc,31,47,Normal
2026-02-14 00:59:21.393555,Dubai-07bc,12,69,Normal
2026-02-14 00:59:22.393555,Dubai-07bc,44,18,Normal
2026-02-14 00:59:23.393555,Dubai-07bc,0,98,Normal
2026-02-14 00:59:24.393555,Dubai-07bc,15,91,Normal
2026-02-14 00:59:25.393555,Dubai-07bc,4,84,Normal
2026-02-14 00:59:26.393555,Dubai-07bc,38,84,Normal
2026-02-14 00:59:27.393555,Dubai-07bc,4,2,Normal
2026-02-14 00:59:28.393555,Dubai-07bc,8,41,Normal
2026-02-14 00:59:29.393555,Dubai-07bc,37,71,Normal
2026-02-14 00:59:30.393555,Dubai-07bc,-19,69,Normal
2026-02-14 00:59:31.393555,Dubai-07bc,28,5,Normal
2026-02-14 00:59:32.393555,Dubai-07bc,-14,49,Normal
2026-02-14 00:59:33.393555,Dubai-07bc,3,15,Normal
2026-02-14 00:59:34.393555,Dubai-07bc,10,74,Normal
2026-02-14 00:59:35.393555,Dubai-07bc,49,63,Normal
2026-02-14 00:59:36.393555,Dubai-07bc,-8,9,Normal
2026-02-14 00:59:37.393555,Dubai-07bc,24,29,Normal
2026-02-14 00:59:38.393555,Dubai-07bc,-6,32,Normal
2026-02-14 00:59:39.393555,Dubai-07bc,33,29,Normal
2026-02-14 00:59:40.393555,Dubai-07bc,22,26,Normal
2026-02-14 00:59:41.393555,Dubai-07bc,-6,22,Normal
2026-02-14 00:59:42.393555,Dubai-07bc,24,74,Normal
2026-02-14 00:59:43.393555,Dubai-07bc,-14,34,Normal
2026-02-14 00:59:44.393555,Dubai-07bc,47,97,Normal
2026-02-14 00:59:45.393555,Dubai-07bc,-14,4,Normal
2026-02-14 00:59:46.393555,Dubai-07bc,12,95,Normal
2026-02-14 00:59:47.393555,Dubai-07bc,15,73,Normal
2026-02-14 00:59:48.393555,Dubai-07bc,17,34,Normal
2026-02-14 00:59:49.393555,Dubai-07bc,-14,3,Normal
2026-02-14 00:59:50.393555,Dubai-07bc,-11,51,Normal
2026-02-14 00:59:51.393555,Dubai-07bc,19,60,Normal
2026-02-14 00:59:52.393555,Dubai-07bc,8,66,Normal
2026-02-14 00:59:53.393555,Dubai-07bc,39,78,Normal
2026-02-14 00:59:54.393555,Dubai-07bc,-16,5,Normal
2026-02-14 00:59:55.393555,Dubai-07bc,23,2,Normal
2026-02-14 00:59:56.393555,Dubai-07bc,31,58,Normal
2026-02-14 00:59:57.393555,Dubai-07bc,38,7,Normal
2026-02-14 00:59:58.393555,Dubai-07bc,-23,7,Normal
2026-02-14 00:59:59.393555,Dubai-07bc,46,68,Normal
2026-02-14 01:00:00.393555,Dubai-07bc,6,69,Normal
2026-02-14 01:00:01.393555,Dubai-07bc,-8,34,Normal
2026-02-14 01:00:02.393555,Dubai-07bc,37,47,Normal
2026-02-14 01:00:03.393555,Dubai-07bc,40,56,Normal
2026-02-14 01:00:04.393555,Dubai-07bc,21,23,Normal
2026-02-14 01:00:05.393555,Dubai-07bc,3,10,Normal
2026-02-14 01:00:06.393555,Dubai-07bc,-23,0,Normal
2026-02-14 01:00:07.393555,Dubai-07bc,50,1,Normal
2026-02-14 01:00:08.393555,Dubai-07bc,-15,52,Normal
2026-02-14 01:00:09.393555,Dubai-07bc,-29,64,Normal
2026-02-14 01:00:10.393555,Dubai-07bc,1,6,Normal
2026-02-14 01:00:11.393555,Dubai-07bc,-27,54,Normal
2026-02-14 01:00:12.393555,Dubai-07bc,18,81,Normal
2026-02-14 01:00:13.393555,Dubai-07bc,10,46,Normal
2026-02-14 01:00:14.393555,Dubai-07bc,-26,26,Normal
2026-02-14 01:00:15.393555,Dubai-07bc,-26,26,Normal
2026-02-14 01:00:16.393555,Dubai-07bc,1,16,Normal
2026-02-14 01:00:17.393555,Dubai-07bc,39,27,Normal
2026-02-14 01:00:18.393555,Dubai-07bc,-28,73,Normal
2026-02-14 01:00:19.393555,Dubai-07bc,-3,56,Normal
2026-02-14 01:00:20.393555,Dubai-07bc,-1,43,Normal
2026-02-14 01:00:21.393555,Dubai-07bc,16,58,Normal
2026-02-14 01:00:22.393555,Dubai-07bc,10,4,Normal
2026-02-14 01:00:23.393555,Dubai-07bc,45,24,Normal
2026-02-14 01:00:24.393555,Dubai-07bc,44,10,Normal
2026-02-14 01:00:25.393555,Dubai-07bc,35,61,Normal
2026-02-14 01:00:26.393555,Dubai-07bc,-26,74,Normal
2026-02-14 01:00:27.393555,Dubai-07bc,27,82,Normal
2026-02-14 01:00:28.393555,Dubai-07bc,40,6,Normal
2026-02-14 01:00:29.393555,Dubai-07bc,-18,84,Normal
2026-02-14 01:00:30.393555,Dubai-07bc,-2,10,Normal
2026-02-14 01:00:31.393555,Dubai-07bc,10,18,Normal
2026-02-14 01:00:32.393555,Dubai-07bc,-23,49,Normal
2026-02-14 01:00:33.393555,Dubai-07bc,46,50,Normal
2026-02-14 01:00:34.393555,Dubai-07bc,-10,64,Normal
2026-02-14 01:00:35.393555,Dubai-07bc,-22,66,Normal
2026-02-14 01:00:36.393555,Dubai-07bc,-18,27,Normal
2026-02-14 01:00:37.393555,Dubai-07bc,0,80,Normal
2026-02-14 01:00:38.393555,Dubai-07bc,-11,73,Normal
2026-02-14 01:00:39.393555,Dubai-07bc,16,28,Normal
2026-02-14 01:00:40.393555,Dubai-07bc,-23,83,Normal
2026-02-14 01:00:41.393555,Dubai-07bc,-7,58,Normal
2026-02-14 01:00:42.393555,Dubai-07bc,10,42,Normal
2026-02-14 01:00:43.393555,Dubai-07bc,46,55,Normal
2026-02-14 01:00:44.393555,Dubai-07bc,-20,99,Normal
2026-02-14 01:00:45.393555,Dubai-07bc,13,69,Normal
2026-02-14 01:00:46.393555,Dubai-07bc,38,5,Normal
2026-02-14 01:00:47.393555,Dubai-07bc,-15,24,Normal
2026-02-14 01:00:48.393555,Dubai-07bc,30,65,Normal
2026-02-14 01:00:49.393555,Dubai-07bc,33,57,Normal
2026-02-14 01:00:50.393555,Dubai-07bc,48,47,Normal
2026-02-14 01:00:51.393555,Dubai-07bc,26,93,Normal
2026-02-14 01:00:52.393555,Dubai-07bc,-2,5,Normal
2026-02-14 01:00:53.393555,Dubai-07bc,-19,76,Normal
2026-02-14 01:00:54.393555,Dubai-07bc,42,73,Normal
2026-02-14 01:00:55.393555,Dubai-07bc,-14,78,Normal
2026-02-14 01:00:56.393555,Dubai-07bc,-19,77,Normal
2026-02-14 01:00:57.393555,Dubai-07bc,40,71,Normal
2026-02-14 01:00:58.393555,Dubai-07bc,18,57,Normal
2026-02-14 01:00:59.393555,Dubai-07bc,24,31,Normal
2026-02-14 01:01:00.393555,Dubai-07bc,-9,73,Normal
2026-02-14 01:01:01.393555,Dubai-07bc,-15,99,Normal
2026-02-14 01:01:02.393555,Dubai-07bc,5,62,Normal
2026-02-14 01:01:03.393555,Dubai-07bc,8,14,Normal
2026-02-14 01:01:04.393555,Dubai-07bc,8,50,Normal
2026-02-14 01:01:05.393555,Dubai-07bc,14,1,Normal
2026-02-14 01:01:06.393555,Dubai-07bc,31,81,Normal
2026-02-14 01:01:07.393555,Dubai-07bc,-8,60,Normal
2026-02-14 01:01:08.393555,Dubai-07bc,37,74,Normal
2026-02-14 01:01:09.393555,Dubai-07bc,-18,93,Normal
2026-02-14 01:01:10.393555,Dubai-07bc,47,27,Normal
2026-02-14 01:01:11.393555,Dubai-07bc,37,59,Normal
2026-02-14 01:01:12.393555,Dubai-07bc,-10,28,Normal
2026-02-14 01:01:13.393555,Dubai-07bc,15,81,Normal
2026-02-14 01:01:14.393555,Dubai-07bc,40,50,Normal
2026-02-14 01:01:15.393555,Dubai-07bc,-20,92,Normal
2026-02-14 01:01:16.393555,Dubai-07bc,12,18,Normal
2026-02-14 01:01:17.393555,Dubai-07bc,19,74,Normal
2026-02-14 01:01:18.393555,Dubai-07bc,-9,45,Normal
2026-02-14 01:01:19.393555,Dubai-07bc,25,31,Normal
2026-02-14 01:01:20.393555,Dubai-07bc,-21,95,Normal
2026-02-14 01:01:21.393555,Dubai-07bc,44,65,Normal
2026-02-14 01:01:22.393555,Dubai-07bc,-23,36,Normal
2026-02-14 01:01:23.393555,Dubai-07bc,0,51,Normal
2026-02-14 01:01:24.393555,Dubai-07bc,-7,99,Normal
2026-02-14 01:01:25.393555,Dubai-07bc,11,25,Normal
2026-02-14 01:01:26.393555,Dubai-07bc,27,43,Normal
2026-02-14 01:01:27.393555,Dubai-07bc,45,69,Normal
2026-02-14 01:01:28.393555,Dubai-07bc,-1,99,Normal
2026-02-14 01:01:29.393555,Dubai-07bc,-7,72,Normal
2026-02-14 01:01:30.393555,Dubai-07bc,-28,26,Normal
2026-02-14 01:01:31.393555,Dubai-07bc,-27,13,Normal
2026-02-14 01:01:32.393555,Dubai-07bc,8,46,Normal
2026-02-14 01:01:33.393555,Dubai-07bc,36,94,Normal
2026-02-14 01:01:34.393555,Dubai-07bc,46,44,Normal
2026-02-14 01:01:35.393555,Dubai-07bc,-26,57,Normal
2026-02-14 01:01:36.393555,Dubai-07bc,36,30,Normal
2026-02-14 01:01:37.393555,Dubai-07bc,0,34,Normal
2026-02-14 01:01:38.393555,Dubai-07bc,-2,96,Normal
2026-02-14 01:01:39.393555,Dubai-07bc,6,4,Normal
2026-02-14 01:01:40.393555,Dubai-07bc,35,7,Normal
2026-02-14 01:01:41.393555,Dubai-07bc,-10,6,Normal
2026-02-14 01:01:42.393555,Dubai-07bc,-11,65,Normal
2026-02-14 01:01:43.393555,Dubai-07bc,25,48,Normal
2026-02-14 01:01:44.393555,Dubai-07bc,10,60,Normal
2026-02-14 01:01:45.393555,Dubai-07bc,42,33,Normal
2026-02-14 01:01:46.393555,Dubai-07bc,-25,61,Normal
2026-02-14 01:01:47.393555,Dubai-07bc,-15,64,Normal
2026-02-14 01:01:48.393555,Dubai-07bc,-29,20,Normal
2026-02-14 01:01:49.393555,Dubai-07bc,-28,27,Normal
2026-02-14 01:01:50.393555,Dubai-07bc,13,89,Normal
2026-02-14 01:01:51.393555,Dubai-07bc,-11,75,Normal
2026-02-14 01:01:52.393555,Dubai-07bc,25,39,Normal
2026-02-14 01:01:53.393555,Dubai-07bc,49,66,Normal
2026-02-14 01:01:54.393555,Dubai-07bc,-17,53,Normal
2026-02-14 01:01:55.393555,Dubai-07bc,31,68,Normal
2026-02-14 01:01:56.393555,Dubai-07bc,-19,67,Normal
2026-02-14 01:01:57.393555,Dubai-07bc,41,75,Normal
2026-02-14 01:01:58.393555,Dubai-07bc,19,45,Normal
2026-02-14 01:01:59.393555,Dubai-07bc,42,80,Normal
2026-02-14 01:02:00.393555,Dubai-07bc,-15,33,Normal
2026-02-14 01:02:01.393555,Dubai-07bc,8,95,Normal
2026-02-14 01:02:02.393555,Dubai-07bc,-14,13,Normal
2026-02-14 01:02:03.393555,Dubai-07bc,-5,54,Normal
2026-02-14 01:02:04.393555,Dubai-07bc,39,86,Normal
2026-02-14 01:02:05.393555,Dubai-07bc,-18,34,Normal
2026-02-14 01:02:06.393555,Dubai-07bc,0,66,Normal
2026-02-14 01:02:07.393555,Dubai-07bc,-4,39,Normal
2026-02-14 01:02:08.393555,Dubai-07bc,-20,53,Normal
2026-02-14 01:02:09.393555,Dubai-07bc,-11,81,Normal
2026-02-14 01:02:10.393555,Dubai-07bc,-15,88,Normal
2026-02-14 01:02:11.393555,Dubai-07bc,27,83,Normal
2026-02-14 01:02:12.393555,Dubai-07bc,-29,25,Normal
2026-02-14 01:02:13.393555,Dubai-07bc,-28,85,Normal
2026-02-14 01:02:14.393555,Dubai-07bc,16,89,Normal
2026-02-14 01:02:15.393555,Dubai-07bc,-3,98,Normal
2026-02-14 01:02:16.393555,Dubai-07bc,4,79,Normal
2026-02-14 01:02:17.393555,Dubai-07bc,-25,4,Normal
2026-02-14 01:02:18.393555,Dubai-07bc,-29,20,Normal
2026-02-14 01:02:19.393555,Dubai-07bc,-28,13,Normal
2026-02-14 01:02:20.393555,Dubai-07bc,15,31,Normal
2026-02-14 01:02:21.393555,Dubai-07bc,0,42,Normal
2026-02-14 01:02:22.393555,Dubai-07bc,4,37,Normal
2026-02-14 01:02:23.393555,Dubai-07bc,-26,59,Normal
2026-02-14 01:02:24.393555,Dubai-07bc,-14,83,Normal
2026-02-14 01:02:25.393555,Dubai-07bc,1,62,Normal
2026-02-14 01:02:26.393555,Dubai-07bc,8,64,Normal
2026-02-14 01:02:27.393555,Dubai-07bc,-9,52,Normal
2026-02-14 01:02:28.393555,Dubai-07bc,0,51,Normal
2026-02-14 01:02:29.393555,Dubai-07bc,27,29,Normal
2026-02-14 01:02:30.393555,Dubai-07bc,-28,28,Normal
2026-02-14 01:02:31.393555,Dubai-07bc,43,69,Normal
2026-02-14 01:02:32.393555,Dubai-07bc,-13,54,Normal
2026-02-14 01:02:33.393555,Dubai-07bc,37,13,Normal
2026-02-14 01:02:34.393555,Dubai-07bc,47,19,Normal
2026-02-14 01:02:35.393555,Dubai-07bc,39,59,Normal
2026-02-14 01:02:36.393555,Dubai-07bc,-25,52,Normal
2026-02-14 01:02:37.393555,Dubai-07bc,50,71,Normal
2026-02-14 01:02:38.393555,Dubai-07bc,-21,46,Normal
2026-02-14 01:02:39.393555,Dubai-07bc,38,89,Normal
2026-02-14 01:02:40.393555,Dubai-07bc,35,31,Normal
2026-02-14 01:02:41.393555,Dubai-07bc,42,12,Normal
2026-02-14 01:02:42.393555,Dubai-07bc,48,19,Normal
2026-02-14 01:02:43.393555,Dubai-07bc,26,37,Normal
2026-02-14 01:02:44.393555,Dubai-07bc,13,68,Normal
2026-02-14 01:02:45.393555,Dubai-07bc,14,52,Normal
2026-02-14 01:02:46.393555,Dubai-07bc,-3,58,Normal
2026-02-14 01:02:47.393555,Dubai-07bc,34,50,Normal
2026-02-14 01:02:48.393555,Dubai-07bc,28,92,Normal
2026-02-14 01:02:49.393555,Dubai-07bc,39,89,Normal
2026-02-14 01:02:50.393555,Dubai-07bc,11,53,Normal
2026-02-14 01:02:51.393555,Dubai-07bc,-22,62,Normal
2026-02-14 01:02:52.393555,Dubai-07bc,19,72,Normal
2026-02-14 01:02:53.393555,Dubai-07bc,-26,23,Normal
2026-02-14 01:02:54.393555,Dubai-07bc,39,27,Normal
2026-02-14 01:02:55.393555,Dubai-07bc,23,13,Normal
2026-02-14 01:02:56.393555,Dubai-07bc,-21,71,Normal
2026-02-14 01:02:57.393555,Dubai-07bc,-24,43,Normal
2026-02-14 01:02:58.393555,Dubai-07bc,18,42,Normal
2026-02-14 01:02:59.393555,Dubai-07bc,2,81,Normal
2026-02-14 01:03:00.393555,Dubai-07bc,39,55,Normal
2026-02-14 01:03:01.393555,Dubai-07bc,8,24,Normal
2026-02-14 01:03:02.393555,Dubai-07bc,23,87,Normal
2026-02-14 01:03:03.393555,Dubai-07bc,13,12,Normal
2026-02-14 01:03:04.393555,Dubai-07bc,-13,37,Normal
2026-02-14 01:03:05.393555,Dubai-07bc,-7,44,Normal
2026-02-14 01:03:06.393555,Dubai-07bc,26,56,Normal
2026-02-14 01:03:07.393555,Dubai-07bc,1,58,Normal
2026-02-14 01:03:08.393555,Dubai-07bc,49,65,Normal
2026-02-14 01:03:09.393555,Dubai-07bc,15,38,Normal
2026-02-14 01:03:10.393555,Dubai-07bc,-29,42,Normal
2026-02-14 01:03:11.393555,Dubai-07bc,27,7,Normal
2026-02-14 01:03:12.393555,Dubai-07bc,-3,54,Normal
2026-02-14 01:03:13.393555,Dubai-07bc,10,67,Normal
2026-02-14 01:03:14.393555,Dubai-07bc,49,68,Normal
2026-02-14 01:03:15.393555,Dubai-07bc,-18,7,Normal
2026-02-14 01:03:16.393555,Dubai-07bc,31,75,Normal
2026-02-14 01:03:17.393555,Dubai-07bc,-16,47,Normal
2026-02-14 01:03:18.393555,Dubai-07bc,30,43,Normal
2026-02-14 01:03:19.393555,Dubai-07bc,8,50,Normal
2026-02-14 01:03:20.393555,Dubai-07bc,39,47,Normal
2026-02-14 01:03:21.393555,Dubai-07bc,47,57,Normal
2026-02-14 01:03:22.393555,Dubai-07bc,38,93,Normal
2026-02-14 01:03:23.393555,Dubai-07bc,-29,9,Normal
2026-02-14 01:03:24.393555,Dubai-07bc,25,48,Normal
2026-02-14 01:03:25.393555,Dubai-07bc,7,11,Normal
2026-02-14 01:03:26.393555,Dubai-07bc,-25,80,Normal
2026-02-14 01:03:27.393555,Dubai-07bc,16,54,Normal
2026-02-14 01:03:28.393555,Dubai-07bc,7,28,Normal
2026-02-14 01:03:29.393555,Dubai-07bc,-22,40,Normal
2026-02-14 01:03:30.393555,Dubai-07bc,-1,11,Normal
2026-02-14 01:03:31.393555,Dubai-07bc,28,89,Normal
2026-02-14 01:03:32.393555,Dubai-07bc,20,11,Normal
2026-02-14 01:03:33.393555,Dubai-07bc,32,76,Normal
2026-02-14 01:03:34.393555,Dubai-07bc,-3,90,Normal
2026-02-14 01:03:35.393555,Dubai-07bc,-18,89,Normal
2026-02-14 01:03:36.393555,Dubai-07bc,-8,72,Normal
2026-02-14 01:03:37.393555,Dubai-07bc,-24,39,Normal
2026-02-14 01:03:38.393555,Dubai-07bc,15,54,Normal
2026-02-14 01:03:39.393555,Dubai-07bc,-30,87,Normal
2026-02-14 01:03:40.393555,Dubai-07bc,49,94,Normal
2026-02-14 01:03:41.393555,Dubai-07bc,17,17,Normal
2026-02-14 01:03:42.393555,Dubai-07bc,11,71,Normal
2026-02-14 01:03:43.393555,Dubai-07bc,-22,80,Normal
2026-02-14 01:03:44.393555,Dubai-07bc,8,47,Normal
2026-02-14 01:03:45.393555,Dubai-07bc,-2,78,Normal
2026-02-14 01:03:46.393555,Dubai-07bc,18,57,Normal
2026-02-14 01:03:47.393555,Dubai-07bc,8,47,Normal
2026-02-14 01:03:48.393555,Dubai-07bc,30,81,Normal
2026-02-14 01:03:49.393555,Dubai-07bc,3,79,Normal
2026-02-14 01:03:50.393555,Dubai-07bc,48,73,Normal
2026-02-14 01:03:51.393555,Dubai-07bc,42,53,Normal
2026-02-14 01:03:52.393555,Dubai-07bc,-28,49,Normal
2026-02-14 01:03:53.393555,Dubai-07bc,-26,47,Normal
2026-02-14 01:03:54.393555,Dubai-07bc,28,52,Normal
2026-02-14 01:03:55.393555,Dubai-07bc,1,21,Normal
2026-02-14 01:03:56.393555,Dubai-07bc,-16,3,Normal
2026-02-14 01:03:57.393555,Dubai-07bc,-14,93,Normal
2026-02-14 01:03:58.393555,Dubai-07bc,-6,84,Normal
2026-02-14 01:03:59.393555,Dubai-07bc,35,57,Normal
2026-02-14 01:04:00.393555,Dubai-07bc,-14,0,Normal
2026-02-14 01:04:01.393555,Dubai-07bc,-3,93,Normal
2026-02-14 01:04:02.393555,Dubai-07bc,-25,61,Normal
2026-02-14 01:04:03.393555,Dubai-07bc,-11,86,Normal
2026-02-14 01:04:04.393555,Dubai-07bc,4,86,Normal
2026-02-14 01:04:05.393555,Dubai-07bc,-17,2,Normal
2026-02-14 01:04:06.393555,Dubai-07bc,13,6,Normal
2026-02-14 01:04:07.393555,Dubai-07bc,-18,78,Normal
2026-02-14 01:04:08.393555,Dubai-07bc,28,54,Normal
2026-02-14 01:04:09.393555,Dubai-07bc,-24,50,Normal
2026-02-14 01:04:10.393555,Dubai-07bc,27,27,Normal
2026-02-14 01:04:11.393555,Dubai-07bc,44,54,Normal
2026-02-14 01:04:12.393555,Dubai-07bc,28,49,Normal
2026-02-14 01:04:13.393555,Dubai-07bc,-16,2,Normal
2026-02-14 01:04:14.393555,Dubai-07bc,47,61,Normal
2026-02-14 01:04:15.393555,Dubai-07bc,30,1,Normal
2026-02-14 01:04:16.393555,Dubai-07bc,-9,42,Normal
2026-02-14 01:04:17.393555,Dubai-07bc,-21,18,Normal
2026-02-14 01:04:18.393555,Dubai-07bc,32,36,Normal
2026-02-14 01:04:19.393555,Dubai-07bc,4,64,Normal
2026-02-14 01:04:20.393555,Dubai-07bc,-6,64,Normal
2026-02-14 01:04:21.393555,Dubai-07bc,4,77,Normal
2026-02-14 01:04:22.393555,Dubai-07bc,-28,93,Normal
2026-02-14 01:04:23.393555,Dubai-07bc,14,36,Normal
2026-02-14 01:04:24.393555,Dubai-07bc,29,46,Normal
2026-02-14 01:04:25.393555,Dubai-07bc,47,69,Normal
2026-02-14 01:04:26.393555,Dubai-07bc,32,32,Normal
2026-02-14 01:04:27.393555,Dubai-07bc,49,6,Normal
2026-02-14 01:04:28.393555,Dubai-07bc,20,36,Normal
2026-02-14 01:04:29.393555,Dubai-07bc,3,22,Normal
2026-02-14 01:04:30.393555,Dubai-07bc,24,2,Normal
2026-02-14 01:04:31.393555,Dubai-07bc,-1,28,Normal
2026-02-14 01:04:32.393555,Dubai-07bc,15,99,Normal
2026-02-14 01:04:33.393555,Dubai-07bc,-20,45,Normal
2026-02-14 01:04:34.393555,Dubai-07bc,24,71,Normal
2026-02-14 01:04:35.393555,Dubai-07bc,-5,81,Normal
2026-02-14 01:04:36.393555,Dubai-07bc,-2,25,Normal
2026-02-14 01:04:37.393555,Dubai-07bc,40,2,Normal
2026-02-14 01:04:38.393555,Dubai-07bc,24,53,Normal
2026-02-14 01:04:39.393555,Dubai-07bc,30,33,Normal
2026-02-14 01:04:40.393555,Dubai-07bc,6,45,Normal
2026-02-14 01:04:41.393555,Dubai-07bc,4,66,Normal
2026-02-14 01:04:42.393555,Dubai-07bc,-13,74,Normal
2026-02-14 01:04:43.393555,Dubai-07bc,-1,35,Normal
2026-02-14 01:04:44.393555,Dubai-07bc,27,28,Normal
2026-02-14 01:04:45.393555,Dubai-07bc,-5,51,Normal
2026-02-14 01:04:46.393555,Dubai-07bc,-30,2,Normal
2026-02-14 01:04:47.393555,Dubai-07bc,26,30,Normal
2026-02-14 01:04:48.393555,Dubai-07bc,42,61,Normal
2026-02-14 01:04:49.393555,Dubai-07bc,-20,18,Normal
2026-02-14 01:04:50.393555,Dubai-07bc,50,21,Normal
2026-02-14 01:04:51.393555,Dubai-07bc,-28,78,Normal
2026-02-14 01:04:52.393555,Dubai-07bc,-4,61,Normal
2026-02-14 01:04:53.393555,Dubai-07bc,20,1,Normal
2026-02-14 01:04:54.393555,Dubai-07bc,32,78,Normal
2026-02-14 01:04:55.393555,Dubai-07bc,1,27,Normal
2026-02-14 01:04:56.393555,Dubai-07bc,31,95,Normal
2026-02-14 01:04:57.393555,Dubai-07bc,-8,5,Normal
2026-02-14 01:04:58.393555,Dubai-07bc,16,36,Normal
2026-02-14 01:04:59.393555,Dubai-07bc,35,62,Normal
2026-02-14 01:05:00.393555,Dubai-07bc,23,49,Normal
2026-02-14 01:05:01.393555,Dubai-07bc,-15,86,Normal
2026-02-14 01:05:02.393555,Dubai-07bc,40,75,Normal
2026-02-14 01:05:03.393555,Dubai-07bc,25,78,Normal
2026-02-14 01:05:04.393555,Dubai-07bc,19,66,Normal
2026-02-14 01:05:05.393555,Dubai-07bc,46,62,Normal
2026-02-14 01:05:06.393555,Dubai-07bc,39,81,Normal
2026-02-14 01:05:07.393555,Dubai-07bc,-11,53,Normal
2026-02-14 01:05:08.393555,Dubai-07bc,13,14,Normal
2026-02-14 01:05:09.393555,Dubai-07bc,22,76,Normal
2026-02-14 01:05:10.393555,Dubai-07bc,29,92,Normal
2026-02-14 01:05:11.393555,Dubai-07bc,49,87,Normal
2026-02-14 01:05:12.393555,Dubai-07bc,8,50,Normal
2026-02-14 01:05:13.393555,Dubai-07bc,-19,3,Normal
2026-02-14 01:05:14.393555,Dubai-07bc,-22,96,Normal
2026-02-14 01:05:15.393555,Dubai-07bc,-10,79,Normal
2026-02-14 01:05:16.393555,Dubai-07bc,-16,93,Normal
2026-02-14 01:05:17.393555,Dubai-07bc,-29,85,Normal
2026-02-14 01:05:18.393555,Dubai-07bc,11,0,Normal
2026-02-14 01:05:19.393555,Dubai-07bc,26,88,Normal
2026-02-14 01:05:20.393555,Dubai-07bc,48,84,Normal
2026-02-14 01:05:21.393555,Dubai-07bc,-29,4,Normal
2026-02-14 01:05:22.393555,Dubai-07bc,19,80,Normal
2026-02-14 01:05:23.393555,Dubai-07bc,-21,77,Normal
2026-02-14 01:05:24.393555,Dubai-07bc,28,53,Normal
2026-02-14 01:05:25.393555,Dubai-07bc,9,44,Normal
2026-02-14 01:05:26.393555,Dubai-07bc,37,35,Normal
2026-02-14 01:05:27.393555,Dubai-07bc,-20,55,Normal
2026-02-14 01:05:28.393555,Dubai-07bc,32,10,Normal
2026-02-14 01:05:29.393555,Dubai-07bc,21,70,Normal
2026-02-14 01:05:30.393555,Dubai-07bc,46,69,Normal
2026-02-14 01:05:31.393555,Dubai-07bc,31,56,Normal
2026-02-14 01:05:32.393555,Dubai-07bc,0,62,Normal
2026-02-14 01:05:33.393555,Dubai-07bc,4,45,Normal
2026-02-14 01:05:34.393555,Dubai-07bc,-6,10,Normal
2026-02-14 01:05:35.393555,Dubai-07bc,27,34,Normal
2026-02-14 01:05:36.393555,Dubai-07bc,-29,1,Normal
2026-02-14 01:05:37.393555,Dubai-07bc,0,83,Normal
2026-02-14 01:05:38.393555,Dubai-07bc,47,27,Normal
2026-02-14 01:05:39.393555,Dubai-07bc,2,14,Normal
2026-02-14 01:05:40.393555,Dubai-07bc,11,15,Normal
2026-02-14 01:05:41.393555,Dubai-07bc,-10,79,Normal
2026-02-14 01:05:42.393555,Dubai-07bc,4,48,Normal
2026-02-14 01:05:43.393555,Dubai-07bc,-28,20,Normal
2026-02-14 01:05:44.393555,Dubai-07bc,-9,89,Normal
2026-02-14 01:05:45.393555,Dubai-07bc,-6,13,Normal
2026-02-14 01:05:46.393555,Dubai-07bc,-22,56,Normal
2026-02-14 01:05:47.393555,Dubai-07bc,-4,0,Normal
2026-02-14 01:05:48.393555,Dubai-07bc,-20,71,Normal
2026-02-14 01:05:49.393555,Dubai-07bc,35,46,Normal
2026-02-14 01:05:50.393555,Dubai-07bc,12,57,Normal
2026-02-14 01:05:51.393555,Dubai-07bc,-28,87,Normal
2026-02-14 01:05:52.393555,Dubai-07bc,-27,34,Normal
2026-02-14 01:05:53.393555,Dubai-07bc,-9,40,Normal
2026-02-14 01:05:54.393555,Dubai-07bc,-10,19,Normal
2026-02-14 01:05:55.393555,Dubai-07bc,-6,82,Normal
2026-02-14 01:05:56.393555,Dubai-07bc,8,80,Normal
2026-02-14 01:05:57.393555,Dubai-07bc,-4,61,Normal
2026-02-14 01:05:58.393555,Dubai-07bc,23,58,Normal
2026-02-14 01:05:59.393555,Dubai-07bc,18,40,Normal
2026-02-14 01:06:00.393555,Dubai-07bc,7,93,Normal
2026-02-14 01:06:01.393555,Dubai-07bc,43,77,Normal
2026-02-14 01:06:02.393555,Dubai-07bc,-1,9,Normal
2026-02-14 01:06:03.393555,Dubai-07bc,26,36,Normal
2026-02-14 01:06:04.393555,Dubai-07bc,41,65,Normal
2026-02-14 01:06:05.393555,Dubai-07bc,38,13,Normal
2026-02-14 01:06:06.393555,Dubai-07bc,42,4,Normal
2026-02-14 01:06:07.393555,Dubai-07bc,10,57,Normal
2026-02-14 01:06:08.393555,Dubai-07bc,19,8,Normal
2026-02-14 01:06:09.393555,Dubai-07bc,-12,60,Normal
2026-02-14 01:06:10.393555,Dubai-07bc,-3,2,Normal
2026-02-14 01:06:11.393555,Dubai-07bc,-20,74,Normal
2026-02-14 01:06:12.393555,Dubai-07bc,-16,53,Normal
2026-02-14 01:06:13.393555,Dubai-07bc,50,40,Normal
2026-02-14 01:06:14.393555,Dubai-07bc,-15,13,Normal
2026-02-14 01:06:15.393555,Dubai-07bc,21,93,Normal
2026-02-14 01:06:16.393555,Dubai-07bc,23,46,Normal
2026-02-14 01:06:17.393555,Dubai-07bc,10,34,Normal
2026-02-14 01:06:18.393555,Dubai-07bc,-1,99,Normal
2026-02-14 01:06:19.393555,Dubai-07bc,43,73,Normal
2026-02-14 01:06:20.393555,Dubai-07bc,41,35,Normal
2026-02-14 01:06:21.393555,Dubai-07bc,-17,9,Normal
2026-02-14 01:06:22.393555,Dubai-07bc,7,24,Normal
2026-02-14 01:06:23.393555,Dubai-07bc,-15,9,Normal
2026-02-14 01:06:24.393555,Dubai-07bc,6,53,Normal
2026-02-14 01:06:25.393555,Dubai-07bc,-3,47,Normal
2026-02-14 01:06:26.393555,Dubai-07bc,22,23,Normal
2026-02-14 01:06:27.393555,Dubai-07bc,-15,54,Normal
2026-02-14 01:06:28.393555,Dubai-07bc,37,18,Normal
2026-02-14 01:06:29.393555,Dubai-07bc,25,79,Normal
2026-02-14 01:06:30.393555,Dubai-07bc,-19,85,Normal
2026-02-14 01:06:31.393555,Dubai-07bc,-7,23,Normal
2026-02-14 01:06:32.393555,Dubai-07bc,-12,52,Normal
2026-02-14 01:06:33.393555,Dubai-07bc,-15,84,Normal
2026-02-14 01:06:34.393555,Dubai-07bc,-21,21,Normal
2026-02-14 01:06:35.393555,Dubai-07bc,-14,16,Normal
2026-02-14 01:06:36.393555,Dubai-07bc,28,8,Normal
2026-02-14 01:06:37.393555,Dubai-07bc,37,72,Normal
2026-02-14 01:06:38.393555,Dubai-07bc,18,27,Normal
2026-02-14 01:06:39.393555,Dubai-07bc,44,1,Normal
2026-02-14 01:06:40.393555,Dubai-07bc,37,60,Normal
2026-02-14 01:06:41.393555,Dubai-07bc,29,40,Normal
2026-02-14 01:06:42.393555,Dubai-07bc,-22,46,Normal
2026-02-14 01:06:43.393555,Dubai-07bc,12,61,Normal
2026-02-14 01:06:44.393555,Dubai-07bc,42,13,Normal
2026-02-14 01:06:45.393555,Dubai-07bc,-4,69,Normal
2026-02-14 01:06:46.393555,Dubai-07bc,48,14,Normal
2026-02-14 01:06:47.393555,Dubai-07bc,17,60,Normal
2026-02-14 01:06:48.393555,Dubai-07bc,6,51,Normal
2026-02-14 01:06:49.393555,Dubai-07bc,25,25,Normal
2026-02-14 01:06:50.393555,Dubai-07bc,29,9,Normal
2026-02-14 01:06:51.393555,Dubai-07bc,-6,39,Normal
2026-02-14 01:06:52.393555,Dubai-07bc,38,41,Normal
2026-02-14 01:06:53.393555,Dubai-07bc,34,77,Normal
2026-02-14 01:06:54.393555,Dubai-07bc,-6,44,Normal
2026-02-14 01:06:55.393555,Dubai-07bc,-14,28,Normal
2026-02-14 01:06:56.393555,Dubai-07bc,7,35,Normal
2026-02-14 01:06:57.393555,Dubai-07bc,19,53,Normal
2026-02-14 01:06:58.393555,Dubai-07bc,-17,58,Normal
2026-02-14 01:06:59.393555,Dubai-07bc,47,74,Normal
2026-02-14 01:07:00.393555,Dubai-07bc,4,28,Normal
2026-02-14 01:07:01.393555,Dubai-07bc,36,87,Normal
2026-02-14 01:07:02.393555,Dubai-07bc,-8,86,Normal
2026-02-14 01:07:03.393555,Dubai-07bc,12,1,Normal
2026-02-14 01:07:04.393555,Dubai-07bc,-3,0,Normal
2026-02-14 01:07:05.393555,Dubai-07bc,-19,20,Normal
2026-02-14 01:07:06.393555,Dubai-07bc,8,93,Normal
2026-02-14 01:07:07.393555,Dubai-07bc,45,90,Normal
2026-02-14 01:07:08.393555,Dubai-07bc,-20,95,Normal
2026-02-14 01:07:09.393555,Dubai-07bc,-21,36,Normal
2026-02-14 01:07:10.393555,Dubai-07bc,23,97,Normal
2026-02-14 01:07:11.393555,Dubai-07bc,-14,69,Normal
2026-02-14 01:07:12.393555,Dubai-07bc,38,47,Normal
2026-02-14 01:07:13.393555,Dubai-07bc,26,35,Normal
2026-02-14 01:07:14.393555,Dubai-07bc,10,51,Normal
2026-02-14 01:07:15.393555,Dubai-07bc,39,41,Normal
2026-02-14 01:07:16.393555,Dubai-07bc,-17,17,Normal
2026-02-14 01:07:17.393555,Dubai-07bc,3,44,Normal
2026-02-14 01:07:18.393555,Dubai-07bc,33,25,Normal
2026-02-14 01:07:19.393555,Dubai-07bc,-5,87,Normal
2026-02-14 01:07:20.393555,Dubai-07bc,-2,72,Normal
2026-02-14 01:07:21.393555,Dubai-07bc,12,44,Normal
2026-02-14 01:07:22.393555,Dubai-07bc,-9,27,Normal
2026-02-14 01:07:23.393555,Dubai-07bc,-1,59,Normal
2026-02-14 01:07:24.393555,Dubai-07bc,31,76,Normal
2026-02-14 01:07:25.393555,Dubai-07bc,15,27,Normal
2026-02-14 01:07:26.393555,Dubai-07bc,18,100,Normal
2026-02-14 01:07:27.393555,Dubai-07bc,-1,9,Normal
2026-02-14 01:07:28.393555,Dubai-07bc,8,92,Normal
2026-02-14 01:07:29.393555,Dubai-07bc,-4,57,Normal
2026-02-14 01:07:30.393555,Dubai-07bc,13,74,Normal
2026-02-14 01:07:31.393555,Dubai-07bc,35,35,Normal
2026-02-14 01:07:32.393555,Dubai-07bc,-23,37,Normal
2026-02-14 01:07:33.393555,Dubai-07bc,-23,21,Normal
2026-02-14 01:07:34.393555,Dubai-07bc,19,61,Normal
2026-02-14 01:07:35.393555,Dubai-07bc,-26,97,Normal
2026-02-14 01:07:36.393555,Dubai-07bc,-26,10,Normal
2026-02-14 01:07:37.393555,Dubai-07bc,40,62,Normal
2026-02-14 01:07:38.393555,Dubai-07bc,25,11,Normal
2026-02-14 01:07:39.393555,Dubai-07bc,-23,38,Normal
2026-02-14 01:07:40.393555,Dubai-07bc,-15,43,Normal
2026-02-14 01:07:41.393555,Dubai-07bc,5,66,Normal
2026-02-14 01:07:42.393555,Dubai-07bc,17,93,Normal
2026-02-14 01:07:43.393555,Dubai-07bc,-15,77,Normal
2026-02-14 01:07:44.393555,Dubai-07bc,40,28,Normal
2026-02-14 01:07:45.393555,Dubai-07bc,34,41,Normal
2026-02-14 01:07:46.393555,Dubai-07bc,13,90,Normal
2026-02-14 01:07:47.393555,Dubai-07bc,-23,27,Normal
2026-02-14 01:07:48.393555,Dubai-07bc,24,49,Normal
2026-02-14 01:07:49.393555,Dubai-07bc,-13,5,Normal
2026-02-14 01:07:50.393555,Dubai-07bc,-7,2,Normal
2026-02-14 01:07:51.393555,Dubai-07bc,36,80,Normal
2026-02-14 01:07:52.393555,Dubai-07bc,-21,88,Normal
2026-02-14 01:07:53.393555,Dubai-07bc,3,69,Normal
2026-02-14 01:07:54.393555,Dubai-07bc,-4,72,Normal
2026-02-14 01:07:55.393555,Dubai-07bc,-6,100,Normal
2026-02-14 01:07:56.393555,Dubai-07bc,41,44,Normal
2026-02-14 01:07:57.393555,Dubai-07bc,-25,97,Normal
2026-02-14 01:07:58.393555,Dubai-07bc,48,69,Normal
2026-02-14 01:07:59.393555,Dubai-07bc,-13,66,Normal
2026-02-14 01:08:00.393555,Dubai-07bc,8,85,Normal
2026-02-14 01:08:01.393555,Dubai-07bc,-13,96,Normal
2026-02-14 01:08:02.393555,Dubai-07bc,39,83,Normal
2026-02-14 01:08:03.393555,Dubai-07bc,-2,68,Normal
2026-02-14 01:08:04.393555,Dubai-07bc,-7,80,Normal
2026-02-14 01:08:05.393555,Dubai-07bc,-23,35,Normal
2026-02-14 01:08:06.393555,Dubai-07bc,34,62,Normal
2026-02-14 01:08:07.393555,Dubai-07bc,-21,55,Normal
2026-02-14 01:08:08.393555,Dubai-07bc,6,32,Normal
2026-02-14 01:08:09.393555,Dubai-07bc,-24,9,Normal
2026-02-14 01:08:10.393555,Dubai-07bc,41,66,Normal
2026-02-14 01:08:11.393555,Dubai-07bc,-18,62,Normal
2026-02-14 01:08:12.393555,Dubai-07bc,50,10,Normal
2026-02-14 01:08:13.393555,Dubai-07bc,-27,99,Normal
2026-02-14 01:08:14.393555,Dubai-07bc,34,80,Normal
2026-02-14 01:08:15.393555,Dubai-07bc,-21,74,Normal
2026-02-14 01:08:16.393555,Dubai-07bc,29,32,Normal
2026-02-14 01:08:17.393555,Dubai-07bc,-21,38,Normal
2026-02-14 01:08:18.393555,Dubai-07bc,-27,50,Normal
2026-02-14 01:08:19.393555,Dubai-07bc,3,50,Normal
2026-02-14 01:08:20.393555,Dubai-07bc,34,92,Normal
2026-02-14 01:08:21.393555,Dubai-07bc,33,0,Normal
2026-02-14 01:08:22.393555,Dubai-07bc,-20,41,Normal
2026-02-14 01:08:23.393555,Dubai-07bc,1,70,Normal
2026-02-14 01:08:24.393555,Dubai-07bc,15,82,Normal
2026-02-14 01:08:25.393555,Dubai-07bc,20,47,Normal
2026-02-14 01:08:26.393555,Dubai-07bc,50,78,Normal
2026-02-14 01:08:27.393555,Dubai-07bc,-30,51,Normal
2026-02-14 01:08:28.393555,Dubai-07bc,-19,99,Normal
2026-02-14 01:08:29.393555,Dubai-07bc,5,81,Normal
2026-02-14 01:08:30.393555,Dubai-07bc,-13,15,Normal
2026-02-14 01:08:31.393555,Dubai-07bc,25,95,Normal
2026-02-14 01:08:32.393555,Dubai-07bc,21,7,Normal
2026-02-14 01:08:33.393555,Dubai-07bc,-19,64,Normal
2026-02-14 01:08:34.393555,Dubai-07bc,-8,53,Normal
2026-02-14 01:08:35.393555,Dubai-07bc,8,55,Normal
2026-02-14 01:08:36.393555,Dubai-07bc,-7,66,Normal
2026-02-14 01:08:37.393555,Dubai-07bc,-3,7,Normal
2026-02-14 01:08:38.393555,Dubai-07bc,41,23,Normal
2026-02-14 01:08:39.393555,Dubai-07bc,45,88,Normal
2026-02-14 01:08:40.393555,Dubai-07bc,-21,36,Normal
2026-02-14 01:08:41.393555,Dubai-07bc,9,17,Normal
2026-02-14 01:08:42.393555,Dubai-07bc,-6,72,Normal
2026-02-14 01:08:43.393555,Dubai-07bc,41,73,Normal
2026-02-14 01:08:44.393555,Dubai-07bc,26,30,Normal
2026-02-14 01:08:45.393555,Dubai-07bc,-4,80,Normal
2026-02-14 01:08:46.393555,Dubai-07bc,25,6,Normal
2026-02-14 01:08:47.393555,Dubai-07bc,-23,48,Normal
2026-02-14 01:08:48.393555,Dubai-07bc,-8,44,Normal
2026-02-14 01:08:49.393555,Dubai-07bc,14,97,Normal
2026-02-14 01:08:50.393555,Dubai-07bc,40,49,Normal
2026-02-14 01:08:51.393555,Dubai-07bc,6,64,Normal
2026-02-14 01:08:52.393555,Dubai-07bc,-5,5,Normal
2026-02-14 01:08:53.393555,Dubai-07bc,46,92,Normal
2026-02-14 01:08:54.393555,Dubai-07bc,-7,92,Normal
2026-02-14 01:08:55.393555,Dubai-07bc,25,92,Normal
2026-02-14 01:08:56.393555,Dubai-07bc,-2,4,Normal
2026-02-14 01:08:57.393555,Dubai-07bc,17,84,Normal
2026-02-14 01:08:58.393555,Dubai-07bc,27,100,Normal
2026-02-14 01:08:59.393555,Dubai-07bc,0,26,Normal
2026-02-14 01:09:00.393555,Dubai-07bc,-19,15,Normal
2026-02-14 01:09:01.393555,Dubai-07bc,24,48,Normal
2026-02-14 01:09:02.393555,Dubai-07bc,-23,77,Normal
2026-02-14 01:09:03.393555,Dubai-07bc,-18,92,Normal
2026-02-14 01:09:04.393555,Dubai-07bc,-4,89,Normal
2026-02-14 01:09:05.393555,Dubai-07bc,8,29,Normal
2026-02-14 01:09:06.393555,Dubai-07bc,-6,74,Normal
2026-02-14 01:09:07.393555,Dubai-07bc,48,23,Normal
2026-02-14 01:09:08.393555,Dubai-07bc,-26,92,Normal
2026-02-14 01:09:09.393555,Dubai-07bc,34,90,Normal
2026-02-14 01:09:10.393555,Dubai-07bc,-29,3,Normal
2026-02-14 01:09:11.393555,Dubai-07bc,42,55,Normal
2026-02-14 01:09:12.393555,Dubai-07bc,-9,23,Normal
2026-02-14 01:09:13.393555,Dubai-07bc,-7,40,Normal
2026-02-14 01:09:14.393555,Dubai-07bc,11,60,Normal
2026-02-14 01:09:15.393555,Dubai-07bc,1,55,Normal
2026-02-14 01:09:16.393555,Dubai-07bc,32,27,Normal
2026-02-14 01:09:17.393555,Dubai-07bc,3,91,Normal
2026-02-14 01:09:18.393555,Dubai-07bc,4,66,Normal
2026-02-14 01:09:19.393555,Dubai-07bc,30,93,Normal
2026-02-14 01:09:20.393555,Dubai-07bc,-25,85,Normal
2026-02-14 01:09:21.393555,Dubai-07bc,18,19,Normal
2026-02-14 01:09:22.393555,Dubai-07bc,18,70,Normal
2026-02-14 01:09:23.393555,Dubai-07bc,20,89,Normal
2026-02-14 01:09:24.393555,Dubai-07bc,-12,48,Normal
2026-02-14 01:09:25.393555,Dubai-07bc,35,51,Normal
2026-02-14 01:09:26.393555,Dubai-07bc,-29,29,Normal
2026-02-14 01:09:27.393555,Dubai-07bc,39,68,Normal
2026-02-14 01:09:28.393555,Dubai-07bc,-20,47,Normal
2026-02-14 01:09:29.393555,Dubai-07bc,33,8,Normal
2026-02-14 01:09:30.393555,Dubai-07bc,12,14,Normal
2026-02-14 01:09:31.393555,Dubai-07bc,16,14,Normal
2026-02-14 01:09:32.393555,Dubai-07bc,-3,4,Normal
2026-02-14 01:09:33.393555,Dubai-07bc,50,62,Normal
2026-02-14 01:09:34.393555,Dubai-07bc,13,19,Normal
2026-02-14 01:09:35.393555,Dubai-07bc,29,34,Normal
2026-02-14 01:09:36.393555,Dubai-07bc,-27,51,Normal
2026-02-14 01:09:37.393555,Dubai-07bc,26,80,Normal
2026-02-14 01:09:38.393555,Dubai-07bc,34,80,Normal
2026-02-14 01:09:39.393555,Dubai-07bc,-1,2,Normal
2026-02-14 01:09:40.393555,Dubai-07bc,5,46,Normal
2026-02-14 01:09:41.393555,Dubai-07bc,-2,7,Normal
2026-02-14 01:09:42.393555,Dubai-07bc,35,94,Normal
2026-02-14 01:09:43.393555,Dubai-07bc,15,71,Normal
2026-02-14 01:09:44.393555,Dubai-07bc,-27,93,Normal
2026-02-14 01:09:45.393555,Dubai-07bc,-20,54,Normal
2026-02-14 01:09:46.393555,Dubai-07bc,9,36,Normal
2026-02-14 01:09:47.393555,Dubai-07bc,1,56,Normal
2026-02-14 01:09:48.393555,Dubai-07bc,-4,4,Normal
2026-02-14 01:09:49.393555,Dubai-07bc,-9,81,Normal
2026-02-14 01:09:50.393555,Dubai-07bc,-19,93,Normal
2026-02-14 01:09:51.393555,Dubai-07bc,-6,80,Normal
2026-02-14 01:09:52.393555,Dubai-07bc,-26,18,Normal
2026-02-14 01:09:53.393555,Dubai-07bc,0,94,Normal
2026-02-14 01:09:54.393555,Dubai-07bc,-21,10,Normal
2026-02-14 01:09:55.393555,Dubai-07bc,30,24,Normal
2026-02-14 01:09:56.393555,Dubai-07bc,31,88,Normal
2026-02-14 01:09:57.393555,Dubai-07bc,-1,60,Normal
2026-02-14 01:09:58.393555,Dubai-07bc,41,23,Normal
2026-02-14 01:09:59.393555,Dubai-07bc,42,37,Normal
2026-02-14 01:10:00.393555,Dubai-07bc,-14,66,Normal
2026-02-14 01:10:01.393555,Dubai-07bc,13,62,Normal
2026-02-14 01:10:02.393555,Dubai-07bc,-16,20,Normal
2026-02-14 01:10:03.393555,Dubai-07bc,22,39,Normal
2026-02-14 01:10:04.393555,Dubai-07bc,-10,2,Normal
2026-02-14 01:10:05.393555,Dubai-07bc,-7,23,Normal
2026-02-14 01:10:06.393555,Dubai-07bc,-21,50,Normal
2026-02-14 01:10:07.393555,Dubai-07bc,11,41,Normal
2026-02-14 01:10:08.393555,Dubai-07bc,50,52,Normal
2026-02-14 01:10:09.393555,Dubai-07bc,-30,98,Normal
2026-02-14 01:10:10.393555,Dubai-07bc,-28,30,Normal
2026-02-14 01:10:11.393555,Dubai-07bc,23,76,Normal
2026-02-14 01:10:12.393555,Dubai-07bc,-14,60,Normal
2026-02-14 01:10:13.393555,Dubai-07bc,-2,25,Normal
2026-02-14 01:10:14.393555,Dubai-07bc,34,94,Normal
2026-02-14 01:10:15.393555,Dubai-07bc,-5,52,Normal
2026-02-14 01:10:16.393555,Dubai-07bc,50,80,Normal
2026-02-14 01:10:17.393555,Dubai-07bc,-14,22,Normal
2026-02-14 01:10:18.393555,Dubai-07bc,27,30,Normal
2026-02-14 01:10:19.393555,Dubai-07bc,1,12,Normal
2026-02-14 01:10:20.393555,Dubai-07bc,-9,9,Normal
2026-02-14 01:10:21.393555,Dubai-07bc,16,30,Normal
2026-02-14 01:10:22.393555,Dubai-07bc,-23,20,Normal
2026-02-14 01:10:23.393555,Dubai-07bc,41,47,Normal
2026-02-14 01:10:24.393555,Dubai-07bc,29,38,Normal
2026-02-14 01:10:25.393555,Dubai-07bc,-17,82,Normal
2026-02-14 01:10:26.393555,Dubai-07bc,6,54,Normal
2026-02-14 01:10:27.393555,Dubai-07bc,9,18,Normal
2026-02-14 01:10:28.393555,Dubai-07bc,15,30,Normal
2026-02-14 01:10:29.393555,Dubai-07bc,1,74,Normal
2026-02-14 01:10:30.393555,Dubai-07bc,40,98,Normal
2026-02-14 01:10:31.393555,Dubai-07bc,-22,63,Normal
2026-02-14 01:10:32.393555,Dubai-07bc,-24,72,Normal
2026-02-14 01:10:33.393555,Dubai-07bc,-6,21,Normal
2026-02-14 01:10:34.393555,Dubai-07bc,-10,66,Normal
2026-02-14 01:10:35.393555,Dubai-07bc,23,33,Normal
2026-02-14 01:10:36.393555,Dubai-07bc,33,48,Normal
2026-02-14 01:10:37.393555,Dubai-07bc,4,40,Normal
2026-02-14 01:10:38.393555,Dubai-07bc,11,73,Normal
2026-02-14 01:10:39.393555,Dubai-07bc,47,55,Normal
2026-02-14 01:10:40.393555,Dubai-07bc,4,6,Normal
2026-02-14 01:10:41.393555,Dubai-07bc,36,57,Normal
2026-02-14 01:10:42.393555,Dubai-07bc,37,8,Normal
2026-02-14 01:10:43.393555,Dubai-07bc,34,9,Normal
2026-02-14 01:10:44.393555,Dubai-07bc,-17,1,Normal
2026-02-14 01:10:45.393555,Dubai-07bc,-22,45,Normal
2026-02-14 01:10:46.393555,Dubai-07bc,32,23,Normal
2026-02-14 01:10:47.393555,Dubai-07bc,35,86,Normal
2026-02-14 01:10:48.393555,Dubai-07bc,1,22,Normal
2026-02-14 01:10:49.393555,Dubai-07bc,10,67,Normal
2026-02-14 01:10:50.393555,Dubai-07bc,18,35,Normal
2026-02-14 01:10:51.393555,Dubai-07bc,-21,26,Normal
2026-02-14 01:10:52.393555,Dubai-07bc,-7,66,Normal
2026-02-14 01:10:53.393555,Dubai-07bc,47,32,Normal
2026-02-14 01:10:54.393555,Dubai-07bc,9,5,Normal
2026-02-14 01:10:55.393555,Dubai-07bc,-27,64,Normal
2026-02-14 01:10:56.393555,Dubai-07bc,-18,3,Normal
2026-02-14 01:10:57.393555,Dubai-07bc,9,39,Normal
2026-02-14 01:10:58.393555,Dubai-07bc,7,19,Normal
2026-02-14 01:10:59.393555,Dubai-07bc,3,40,Normal
2026-02-14 01:11:00.393555,Dubai-07bc,-16,56,Normal
2026-02-14 01:11:01.393555,Dubai-07bc,-27,62,Normal
2026-02-14 01:11:02.393555,Dubai-07bc,42,71,Normal
2026-02-14 01:11:03.393555,Dubai-07bc,9,75,Normal
2026-02-14 01:11:04.393555,Dubai-07bc,-26,37,Normal
2026-02-14 01:11:05.393555,Dubai-07bc,31,61,Normal
2026-02-14 01:11:06.393555,Dubai-07bc,31,85,Normal
2026-02-14 01:11:07.393555,Dubai-07bc,35,52,Normal
2026-02-14 01:11:08.393555,Dubai-07bc,7,47,Normal
2026-02-14 01:11:09.393555,Dubai-07bc,-20,18,Normal
2026-02-14 01:11:10.393555,Dubai-07bc,34,52,Normal
2026-02-14 01:11:11.393555,Dubai-07bc,3,44,Normal
2026-02-14 01:11:12.393555,Dubai-07bc,46,65,Normal
2026-02-14 01:11:13.393555,Dubai-07bc,27,11,Normal
2026-02-14 01:11:14.393555,Dubai-07bc,16,96,Normal
2026-02-14 01:11:15.393555,Dubai-07bc,10,90,Normal
2026-02-14 01:11:16.393555,Dubai-07bc,7,56,Normal
2026-02-14 01:11:17.393555,Dubai-07bc,20,66,Normal
2026-02-14 01:11:18.393555,Dubai-07bc,31,55,Normal
2026-02-14 01:11:19.393555,Dubai-07bc,-25,53,Normal
2026-02-14 01:11:20.393555,Dubai-07bc,50,56,Normal
2026-02-14 01:11:21.393555,Dubai-07bc,38,27,Normal
2026-02-14 01:11:22.393555,Dubai-07bc,3,0,Normal
2026-02-14 01:11:23.393555,Dubai-07bc,12,87,Normal
2026-02-14 01:11:24.393555,Dubai-07bc,46,46,Normal
2026-02-14 01:11:25.393555,Dubai-07bc,36,43,Normal
2026-02-14 01:11:26.393555,Dubai-07bc,10,99,Normal
2026-02-14 01:11:27.393555,Dubai-07bc,-17,21,Normal
2026-02-14 01:11:28.393555,Dubai-07bc,-26,94,Normal
2026-02-14 01:11:29.393555,Dubai-07bc,-11,21,Normal
2026-02-14 01:11:30.393555,Dubai-07bc,-1,5,Normal
2026-02-14 01:11:31.393555,Dubai-07bc,-27,49,Normal
2026-02-14 01:11:32.393555,Dubai-07bc,31,54,Normal
2026-02-14 01:11:33.393555,Dubai-07bc,20,24,Normal
2026-02-14 01:11:34.393555,Dubai-07bc,50,14,Normal
2026-02-14 01:11:35.393555,Dubai-07bc,40,91,Normal
2026-02-14 01:11:36.393555,Dubai-07bc,-27,82,Normal
2026-02-14 01:11:37.393555,Dubai-07bc,-2,18,Normal
2026-02-14 01:11:38.393555,Dubai-07bc,4,16,Normal
2026-02-14 01:11:39.393555,Dubai-07bc,12,66,Normal
2026-02-14 01:11:40.393555,Dubai-07bc,27,51,Normal
2026-02-14 01:11:41.393555,Dubai-07bc,15,94,Normal
2026-02-14 01:11:42.393555,Dubai-07bc,26,62,Normal
2026-02-14 01:11:43.393555,Dubai-07bc,18,94,Normal
2026-02-14 01:11:44.393555,Dubai-07bc,-1,57,Normal
2026-02-14 01:11:45.393555,Dubai-07bc,-16,74,Normal
2026-02-14 01:11:46.393555,Dubai-07bc,34,14,Normal
2026-02-14 01:11:47.393555,Dubai-07bc,-18,88,Normal
2026-02-14 01:11:48.393555,Dubai-07bc,8,50,Normal
2026-02-14 01:11:49.393555,Dubai-07bc,50,60,Normal
2026-02-14 01:11:50.393555,Dubai-07bc,6,99,Normal
2026-02-14 01:11:51.393555,Dubai-07bc,5,23,Normal
2026-02-14 01:11:52.393555,Dubai-07bc,-20,42,Normal
2026-02-14 01:11:53.393555,Dubai-07bc,47,53,Normal
2026-02-14 01:11:54.393555,Dubai-07bc,16,88,Normal
2026-02-14 01:11:55.393555,Dubai-07bc,-29,96,Normal
2026-02-14 01:11:56.393555,Dubai-07bc,12,67,Normal
2026-02-14 01:11:57.393555,Dubai-07bc,50,62,Normal
2026-02-14 01:11:58.393555,Dubai-07bc,-22,54,Normal
2026-02-14 01:11:59.393555,Dubai-07bc,5,79,Normal
2026-02-14 01:12:00.393555,Dubai-07bc,15,69,Normal
2026-02-14 01:12:01.393555,Dubai-07bc,7,67,Normal
2026-02-14 01:12:02.393555,Dubai-07bc,-14,90,Normal
2026-02-14 01:12:03.393555,Dubai-07bc,20,85,Normal
2026-02-14 01:12:04.393555,Dubai-07bc,32,2,Normal
2026-02-14 01:12:05.393555,Dubai-07bc,44,23,Normal
2026-02-14 01:12:06.393555,Dubai-07bc,-14,6,Normal
2026-02-14 01:12:07.393555,Dubai-07bc,-15,74,Normal
2026-02-14 01:12:08.393555,Dubai-07bc,-28,64,Normal
2026-02-14 01:12:09.393555,Dubai-07bc,-27,51,Normal
2026-02-14 01:12:10.393555,Dubai-07bc,-24,76,Normal
2026-02-14 01:12:11.393555,Dubai-07bc,25,80,Normal
2026-02-14 01:12:12.393555,Dubai-07bc,16,27,Normal
2026-02-14 01:12:13.393555,Dubai-07bc,3,67,Normal
2026-02-14 01:12:14.393555,Dubai-07bc,-20,73,Normal
2026-02-14 01:12:15.393555,Dubai-07bc,-7,85,Normal
2026-02-14 01:12:16.393555,Dubai-07bc,15,97,Normal
2026-02-14 01:12:17.393555,Dubai-07bc,24,41,Normal
2026-02-14 01:12:18.393555,Dubai-07bc,19,41,Normal
2026-02-14 01:12:19.393555,Dubai-07bc,36,53,Normal
2026-02-14 01:12:20.393555,Dubai-07bc,-4,84,Normal
2026-02-14 01:12:21.393555,Dubai-07bc,-16,11,Normal
2026-02-14 01:12:22.393555,Dubai-07bc,42,65,Normal
2026-02-14 01:12:23.393555,Dubai-07bc,14,35,Normal
2026-02-14 01:12:24.393555,Dubai-07bc,-28,87,Normal
2026-02-14 01:12:25.393555,Dubai-07bc,-26,65,Normal
2026-02-14 01:12:26.393555,Dubai-07bc,46,23,Normal
2026-02-14 01:12:27.393555,Dubai-07bc,4,22,Normal
2026-02-14 01:12:28.393555,Dubai-07bc,4,20,Normal
2026-02-14 01:12:29.393555,Dubai-07bc,-19,34,Normal
2026-02-14 01:12:30.393555,Dubai-07bc,-9,17,Normal
2026-02-14 01:12:31.393555,Dubai-07bc,21,44,Normal
2026-02-14 01:12:32.393555,Dubai-07bc,43,56,Normal
2026-02-14 01:12:33.393555,Dubai-07bc,39,40,Normal
2026-02-14 01:12:34.393555,Dubai-07bc,47,18,Normal
2026-02-14 01:12:35.393555,Dubai-07bc,49,33,Normal
2026-02-14 01:12:36.393555,Dubai-07bc,20,76,Normal
2026-02-14 01:12:37.393555,Dubai-07bc,40,40,Normal
2026-02-14 01:12:38.393555,Dubai-07bc,38,60,Normal
2026-02-14 01:12:39.393555,Dubai-07bc,10,50,Normal
2026-02-14 01:12:40.393555,Dubai-07bc,-3,24,Normal
2026-02-14 01:12:41.393555,Dubai-07bc,0,26,Normal
2026-02-14 01:12:42.393555,Dubai-07bc,-8,85,Normal
2026-02-14 01:12:43.393555,Dubai-07bc,16,2,Normal
2026-02-14 01:12:44.393555,Dubai-07bc,32,49,Normal
2026-02-14 01:12:45.393555,Dubai-07bc,2,87,Normal
2026-02-14 01:12:46.393555,Dubai-07bc,19,62,Normal
2026-02-14 01:12:47.393555,Dubai-07bc,48,47,Normal
2026-02-14 01:12:48.393555,Dubai-07bc,9,65,Normal
2026-02-14 01:12:49.393555,Dubai-07bc,28,26,Normal
2026-02-14 01:12:50.393555,Dubai-07bc,43,47,Normal
2026-02-14 01:12:51.393555,Dubai-07bc,10,26,Normal
2026-02-14 01:12:52.393555,Dubai-07bc,27,8,Normal
2026-02-14 01:12:53.393555,Dubai-07bc,41,54,Normal
2026-02-14 01:12:54.393555,Dubai-07bc,15,57,Normal
2026-02-14 01:12:55.393555,Dubai-07bc,28,98,Normal
2026-02-14 01:12:56.393555,Dubai-07bc,0,41,Normal
2026-02-14 01:12:57.393555,Dubai-07bc,6,25,Normal
2026-02-14 01:12:58.393555,Dubai-07bc,-14,83,Normal
2026-02-14 01:12:59.393555,Dubai-07bc,29,48,Normal
2026-02-14 01:13:00.393555,Dubai-07bc,-13,89,Normal
2026-02-14 01:13:01.393555,Dubai-07bc,-17,12,Normal
2026-02-14 01:13:02.393555,Dubai-07bc,39,16,Normal
2026-02-14 01:13:03.393555,Dubai-07bc,21,33,Normal
2026-02-14 01:13:04.393555,Dubai-07bc,19,12,Normal
2026-02-14 01:13:05.393555,Dubai-07bc,9,66,Normal
2026-02-14 01:13:06.393555,Dubai-07bc,11,32,Normal
2026-02-14 01:13:07.393555,Dubai-07bc,-17,82,Normal
2026-02-14 01:13:08.393555,Dubai-07bc,-16,78,Normal
2026-02-14 01:13:09.393555,Dubai-07bc,32,38,Normal
2026-02-14 01:13:10.393555,Dubai-07bc,44,9,Normal
2026-02-14 01:13:11.393555,Dubai-07bc,-17,88,Normal
2026-02-14 01:13:12.393555,Dubai-07bc,35,34,Normal
2026-02-14 01:13:13.393555,Dubai-07bc,20,38,Normal
2026-02-14 01:13:14.393555,Dubai-07bc,9,8,Normal
2026-02-14 01:13:15.393555,Dubai-07bc,14,29,Normal
2026-02-14 01:13:16.393555,Dubai-07bc,21,70,Normal
2026-02-14 01:13:17.393555,Dubai-07bc,44,48,Normal
2026-02-14 01:13:18.393555,Dubai-07bc,25,15,Normal
2026-02-14 01:13:19.393555,Dubai-07bc,22,16,Normal
2026-02-14 01:13:20.393555,Dubai-07bc,29,6,Normal
2026-02-14 01:13:21.393555,Dubai-07bc,10,74,Normal
2026-02-14 01:13:22.393555,Dubai-07bc,-16,80,Normal
2026-02-14 01:13:23.393555,Dubai-07bc,37,47,Normal
2026-02-14 01:13:24.393555,Dubai-07bc,27,12,Normal
2026-02-14 01:13:25.393555,Dubai-07bc,-19,16,Normal
2026-02-14 01:13:26.393555,Dubai-07bc,3,62,Normal
2026-02-14 01:13:27.393555,Dubai-07bc,-10,73,Normal
2026-02-14 01:13:28.393555,Dubai-07bc,-11,52,Normal
2026-02-14 01:13:29.393555,Dubai-07bc,37,59,Normal
2026-02-14 01:13:30.393555,Dubai-07bc,-2,88,Normal
2026-02-14 01:13:31.393555,Dubai-07bc,-29,47,Normal
2026-02-14 01:13:32.393555,Dubai-07bc,10,100,Normal
2026-02-14 01:13:33.393555,Dubai-07bc,18,68,Normal
2026-02-14 01:13:34.393555,Dubai-07bc,-2,36,Normal
2026-02-14 01:13:35.393555,Dubai-07bc,25,34,Normal
2026-02-14 01:13:36.393555,Dubai-07bc,28,16,Normal
2026-02-14 01:13:37.393555,Dubai-07bc,-21,98,Normal
2026-02-14 01:13:38.393555,Dubai-07bc,18,67,Normal
2026-02-14 01:13:39.393555,Dubai-07bc,-28,89,Normal
2026-02-14 01:13:40.393555,Dubai-07bc,43,77,Normal
2026-02-14 01:13:41.393555,Dubai-07bc,1,75,Normal
2026-02-14 01:13:42.393555,Dubai-07bc,4,32,Normal
2026-02-14 01:13:43.393555,Dubai-07bc,-12,18,Normal
2026-02-14 01:13:44.393555,Dubai-07bc,18,16,Normal
2026-02-14 01:13:45.393555,Dubai-07bc,14,56,Normal
2026-02-14 01:13:46.393555,Dubai-07bc,18,57,Normal
2026-02-14 01:13:47.393555,Dubai-07bc,49,88,Normal
2026-02-14 01:13:48.393555,Dubai-07bc,-14,96,Normal
2026-02-14 01:13:49.393555,Dubai-07bc,-15,58,Normal
2026-02-14 01:13:50.393555,Dubai-07bc,3,66,Normal
2026-02-14 01:13:51.393555,Dubai-07bc,-13,97,Normal
2026-02-14 01:13:52.393555,Dubai-07bc,-9,24,Normal
2026-02-14 01:13:53.393555,Dubai-07bc,31,31,Normal
2026-02-14 01:13:54.393555,Dubai-07bc,-3,48,Normal
2026-02-14 01:13:55.393555,Dubai-07bc,-6,91,Normal
2026-02-14 01:13:56.393555,Dubai-07bc,34,35,Normal
2026-02-14 01:13:57.393555,Dubai-07bc,8,67,Normal
2026-02-14 01:13:58.393555,Dubai-07bc,-26,38,Normal
2026-02-14 01:13:59.393555,Dubai-07bc,36,99,Normal
2026-02-14 01:14:00.393555,Dubai-07bc,26,20,Normal
2026-02-14 01:14:01.393555,Dubai-07bc,-5,21,Normal
2026-02-14 01:14:02.393555,Dubai-07bc,24,43,Normal
2026-02-14 01:14:03.393555,Dubai-07bc,10,19,Normal
2026-02-14 01:14:04.393555,Dubai-07bc,16,36,Normal
2026-02-14 01:14:05.393555,Dubai-07bc,-1,20,Normal
2026-02-14 01:14:06.393555,Dubai-07bc,3,27,Normal
2026-02-14 01:14:07.393555,Dubai-07bc,10,43,Normal
2026-02-14 01:14:08.393555,Dubai-07bc,39,4,Normal
2026-02-14 01:14:09.393555,Dubai-07bc,38,76,Normal
2026-02-14 01:14:10.393555,Dubai-07bc,-5,17,Normal
2026-02-14 01:14:11.393555,Dubai-07bc,-5,98,Normal
2026-02-14 01:14:12.393555,Dubai-07bc,35,66,Normal
2026-02-14 01:14:13.393555,Dubai-07bc,31,90,Normal
2026-02-14 01:14:14.393555,Dubai-07bc,14,79,Normal
2026-02-14 01:14:15.393555,Dubai-07bc,-7,11,Normal
2026-02-14 01:14:16.393555,Dubai-07bc,-14,12,Normal
2026-02-14 01:14:17.393555,Dubai-07bc,-19,18,Normal
2026-02-14 01:14:18.393555,Dubai-07bc,-4,96,Normal
2026-02-14 01:14:19.393555,Dubai-07bc,-27,1,Normal
2026-02-14 01:14:20.393555,Dubai-07bc,28,38,Normal
2026-02-14 01:14:21.393555,Dubai-07bc,15,13,Normal
2026-02-14 01:14:22.393555,Dubai-07bc,40,45,Normal
2026-02-14 01:14:23.393555,Dubai-07bc,47,28,Normal
2026-02-14 01:14:24.393555,Dubai-07bc,7,90,Normal
2026-02-14 01:14:25.393555,Dubai-07bc,-9,68,Normal
2026-02-14 01:14:26.393555,Dubai-07bc,27,69,Normal
2026-02-14 01:14:27.393555,Dubai-07bc,22,44,Normal
2026-02-14 01:14:28.393555,Dubai-07bc,-28,78,Normal
2026-02-14 01:14:29.393555,Dubai-07bc,-9,84,Normal
2026-02-14 01:14:30.393555,Dubai-07bc,24,43,Normal
2026-02-14 01:14:31.393555,Dubai-07bc,-6,27,Normal
2026-02-14 01:14:32.393555,Dubai-07bc,6,9,Normal
2026-02-14 01:14:33.393555,Dubai-07bc,-27,53,Normal
2026-02-14 01:14:34.393555,Dubai-07bc,20,17,Normal
2026-02-14 01:14:35.393555,Dubai-07bc,36,60,Normal
2026-02-14 01:14:36.393555,Dubai-07bc,-18,90,Normal
2026-02-14 01:14:37.393555,Dubai-07bc,49,26,Normal
2026-02-14 01:14:38.393555,Dubai-07bc,50,97,Normal
2026-02-14 01:14:39.393555,Dubai-07bc,-4,91,Normal
2026-02-14 01:14:40.393555,Dubai-07bc,-13,50,Normal
2026-02-14 01:14:41.393555,Dubai-07bc,38,15,Normal
2026-02-14 01:14:42.393555,Dubai-07bc,49,72,Normal
2026-02-14 01:14:43.393555,Dubai-07bc,43,76,Normal
2026-02-14 01:14:44.393555,Dubai-07bc,-16,19,Normal
2026-02-14 01:14:45.393555,Dubai-07bc,36,14,Normal
2026-02-14 01:14:46.393555,Dubai-07bc,-25,46,Normal
2026-02-14 01:14:47.393555,Dubai-07bc,-11,55,Normal
2026-02-14 01:14:48.393555,Dubai-07bc,48,64,Normal
2026-02-14 01:14:49.393555,Dubai-07bc,-13,61,Normal
2026-02-14 01:14:50.393555,Dubai-07bc,-18,20,Normal
2026-02-14 01:14:51.393555,Dubai-07bc,9,28,Normal
2026-02-14 01:14:52.393555,Dubai-07bc,11,13,Normal
2026-02-14 01:14:53.393555,Dubai-07bc,-21,35,Normal
2026-02-14 01:14:54.393555,Dubai-07bc,49,59,Normal
2026-02-14 01:14:55.393555,Dubai-07bc,19,89,Normal
2026-02-14 01:14:56.393555,Dubai-07bc,49,38,Normal
2026-02-14 01:14:57.393555,Dubai-07bc,-18,83,Normal
2026-02-14 01:14:58.393555,Dubai-07bc,-7,77,Normal
2026-02-14 01:14:59.393555,Dubai-07bc,-12,72,Normal
2026-02-14 01:15:00.393555,Dubai-07bc,17,99,Normal
2026-02-14 01:15:01.393555,Dubai-07bc,36,84,Normal
2026-02-14 01:15:02.393555,Dubai-07bc,36,40,Normal
2026-02-14 01:15:03.393555,Dubai-07bc,-23,67,Normal
2026-02-14 01:15:04.393555,Dubai-07bc,0,23,Normal
2026-02-14 01:15:05.393555,Dubai-07bc,2,32,Normal
2026-02-14 01:15:06.393555,Dubai-07bc,-12,42,Normal
2026-02-14 01:15:07.393555,Dubai-07bc,-15,93,Normal
2026-02-14 01:15:08.393555,Dubai-07bc,-14,71,Normal
2026-02-14 01:15:09.393555,Dubai-07bc,19,27,Normal
2026-02-14 01:15:10.393555,Dubai-07bc,3,9,Normal
2026-02-14 01:15:11.393555,Dubai-07bc,-5,34,Normal
2026-02-14 01:15:12.393555,Dubai-07bc,33,56,Normal
2026-02-14 01:15:13.393555,Dubai-07bc,-12,16,Normal
2026-02-14 01:15:14.393555,Dubai-07bc,29,79,Normal
2026-02-14 01:15:15.393555,Dubai-07bc,-10,38,Normal
2026-02-14 01:15:16.393555,Dubai-07bc,39,84,Normal
2026-02-14 01:15:17.393555,Dubai-07bc,50,25,Normal
2026-02-14 01:15:18.393555,Dubai-07bc,-4,34,Normal
2026-02-14 01:15:19.393555,Dubai-07bc,36,72,Normal
2026-02-14 01:15:20.393555,Dubai-07bc,-20,28,Normal
2026-02-14 01:15:21.393555,Dubai-07bc,-21,53,Normal
2026-02-14 01:15:22.393555,Dubai-07bc,31,41,Normal
2026-02-14 01:15:23.393555,Dubai-07bc,35,49,Normal
2026-02-14 01:15:24.393555,Dubai-07bc,-3,71,Normal
2026-02-14 01:15:25.393555,Dubai-07bc,2,3,Normal
2026-02-14 01:15:26.393555,Dubai-07bc,35,14,Normal
2026-02-14 01:15:27.393555,Dubai-07bc,-24,22,Normal
2026-02-14 01:15:28.393555,Dubai-07bc,42,36,Normal
2026-02-14 01:15:29.393555,Dubai-07bc,-15,61,Normal
2026-02-14 01:15:30.393555,Dubai-07bc,4,12,Normal
2026-02-14 01:15:31.393555,Dubai-07bc,23,14,Normal
2026-02-14 01:15:32.393555,Dubai-07bc,27,83,Normal
2026-02-14 01:15:33.393555,Dubai-07bc,15,70,Normal
2026-02-14 01:15:34.393555,Dubai-07bc,29,71,Normal
2026-02-14 01:15:35.393555,Dubai-07bc,29,26,Normal
2026-02-14 01:15:36.393555,Dubai-07bc,-16,66,Normal
2026-02-14 01:15:37.393555,Dubai-07bc,-24,91,Normal
2026-02-14 01:15:38.393555,Dubai-07bc,30,84,Normal
2026-02-14 01:15:39.393555,Dubai-07bc,2,84,Normal
2026-02-14 01:15:40.393555,Dubai-07bc,45,85,Normal
2026-02-14 01:15:41.393555,Dubai-07bc,-26,60,Normal
2026-02-14 01:15:42.393555,Dubai-07bc,-28,24,Normal
2026-02-14 01:15:43.393555,Dubai-07bc,10,20,Normal
2026-02-14 01:15:44.393555,Dubai-07bc,12,12,Normal
2026-02-14 01:15:45.393555,Dubai-07bc,38,64,Normal
2026-02-14 01:15:46.393555,Dubai-07bc,9,19,Normal
2026-02-14 01:15:47.393555,Dubai-07bc,-3,1,Normal
2026-02-14 01:15:48.393555,Dubai-07bc,30,52,Normal
2026-02-14 01:15:49.393555,Dubai-07bc,46,1,Normal
2026-02-14 01:15:50.393555,Dubai-07bc,17,73,Normal
2026-02-14 01:15:51.393555,Dubai-07bc,37,66,Normal
2026-02-14 01:15:52.393555,Dubai-07bc,-27,44,Normal
2026-02-14 01:15:53.393555,Dubai-07bc,8,2,Normal
2026-02-14 01:15:54.393555,Dubai-07bc,1,36,Normal
2026-02-14 01:15:55.393555,Dubai-07bc,33,6,Normal
2026-02-14 01:15:56.393555,Dubai-07bc,-23,51,Normal
2026-02-14 01:15:57.393555,Dubai-07bc,-3,27,Normal
2026-02-14 01:15:58.393555,Dubai-07bc,9,45,Normal
2026-02-14 01:15:59.393555,Dubai-07bc,41,64,Normal
2026-02-14 01:16:00.393555,Dubai-07bc,7,38,Normal
2026-02-14 01:16:01.393555,Dubai-07bc,24,32,Normal
2026-02-14 01:16:02.393555,Dubai-07bc,-7,84,Normal
2026-02-14 01:16:03.393555,Dubai-07bc,9,100,Normal
2026-02-14 01:16:04.393555,Dubai-07bc,3,8,Normal
2026-02-14 01:16:05.393555,Dubai-07bc,-6,50,Normal
2026-02-14 01:16:06.393555,Dubai-07bc,-21,65,Normal
2026-02-14 01:16:07.393555,Dubai-07bc,43,26,Normal
2026-02-14 01:16:08.393555,Dubai-07bc,45,86,Normal
2026-02-14 01:16:09.393555,Dubai-07bc,-24,67,Normal
2026-02-14 01:16:10.393555,Dubai-07bc,48,3,Normal
2026-02-14 01:16:11.393555,Dubai-07bc,49,42,Normal
2026-02-14 01:16:12.393555,Dubai-07bc,-25,24,Normal
2026-02-14 01:16:13.393555,Dubai-07bc,-24,57,Normal
2026-02-14 01:16:14.393555,Dubai-07bc,37,25,Normal
2026-02-14 01:16:15.393555,Dubai-07bc,-6,19,Normal
2026-02-14 01:16:16.393555,Dubai-07bc,40,53,Normal
2026-02-14 01:16:17.393555,Dubai-07bc,-9,68,Normal
2026-02-14 01:16:18.393555,Dubai-07bc,50,53,Normal
2026-02-14 01:16:19.393555,Dubai-07bc,1,97,Normal
2026-02-14 01:16:20.393555,Dubai-07bc,-6,14,Normal
2026-02-14 01:16:21.393555,Dubai-07bc,-22,49,Normal
2026-02-14 01:16:22.393555,Dubai-07bc,-28,62,Normal
2026-02-14 01:16:23.393555,Dubai-07bc,14,18,Normal
2026-02-14 01:16:24.393555,Dubai-07bc,5,46,Normal
2026-02-14 01:16:25.393555,Dubai-07bc,-13,22,Normal
2026-02-14 01:16:26.393555,Dubai-07bc,50,65,Normal
2026-02-14 01:16:27.393555,Dubai-07bc,29,6,Normal
2026-02-14 01:16:28.393555,Dubai-07bc,46,80,Normal
2026-02-14 01:16:29.393555,Dubai-07bc,13,26,Normal
2026-02-14 01:16:30.393555,Dubai-07bc,-12,60,Normal
2026-02-14 01:16:31.393555,Dubai-07bc,-12,50,Normal
2026-02-14 01:16:32.393555,Dubai-07bc,-28,59,Normal
2026-02-14 01:16:33.393555,Dubai-07bc,3,59,Normal
2026-02-14 01:16:34.393555,Dubai-07bc,28,30,Normal
2026-02-14 01:16:35.393555,Dubai-07bc,14,5,Normal
2026-02-14 01:16:36.393555,Dubai-07bc,6,30,Normal
2026-02-14 01:16:37.393555,Dubai-07bc,36,1,Normal
2026-02-14 01:16:38.393555,Dubai-07bc,24,21,Normal
2026-02-14 01:16:39.393555,Dubai-07bc,-5,88,Normal
2026-02-14 01:16:40.393555,Dubai-07bc,17,4,Normal
2026-02-14 01:16:41.393555,Dubai-07bc,26,61,Normal
2026-02-14 01:16:42.393555,Dubai-07bc,24,74,Normal
2026-02-14 01:16:43.393555,Dubai-07bc,-14,6,Normal
2026-02-14 01:16:44.393555,Dubai-07bc,1,42,Normal
2026-02-14 01:16:45.393555,Dubai-07bc,10,9,Normal
2026-02-14 01:16:46.393555,Dubai-07bc,5,52,Normal
2026-02-14 01:16:47.393555,Dubai-07bc,26,60,Normal
2026-02-14 01:16:48.393555,Dubai-07bc,15,33,Normal
2026-02-14 01:16:49.393555,Dubai-07bc,-26,40,Normal
2026-02-14 01:16:50.393555,Dubai-07bc,-24,38,Normal
2026-02-14 01:16:51.393555,Dubai-07bc,47,87,Normal
2026-02-14 01:16:52.393555,Dubai-07bc,7,22,Normal
2026-02-14 01:16:53.393555,Dubai-07bc,-22,96,Normal
2026-02-14 01:16:54.393555,Dubai-07bc,-28,34,Normal
2026-02-14 01:16:55.393555,Dubai-07bc,25,100,Normal
2026-02-14 01:16:56.393555,Dubai-07bc,41,77,Normal
2026-02-14 01:16:57.393555,Dubai-07bc,-14,50,Normal
2026-02-14 01:16:58.393555,Dubai-07bc,-12,82,Normal
2026-02-14 01:16:59.393555,Dubai-07bc,35,75,Normal
2026-02-14 01:17:00.393555,Dubai-07bc,-26,66,Normal
2026-02-14 01:17:01.393555,Dubai-07bc,49,69,Normal
2026-02-14 01:17:02.393555,Dubai-07bc,-6,13,Normal
2026-02-14 01:17:03.393555,Dubai-07bc,42,90,Normal
2026-02-14 01:17:04.393555,Dubai-07bc,-19,52,Normal
2026-02-14 01:17:05.393555,Dubai-07bc,19,20,Normal
2026-02-14 01:17:06.393555,Dubai-07bc,-11,59,Normal
2026-02-14 01:17:07.393555,Dubai-07bc,-27,94,Normal
2026-02-14 01:17:08.393555,Dubai-07bc,4,4,Normal
2026-02-14 01:17:09.393555,Dubai-07bc,31,71,Normal
2026-02-14 01:17:10.393555,Dubai-07bc,-17,31,Normal
2026-02-14 01:17:11.393555,Dubai-07bc,6,99,Normal
2026-02-14 01:17:12.393555,Dubai-07bc,16,54,Normal
2026-02-14 01:17:13.393555,Dubai-07bc,-25,21,Normal
2026-02-14 01:17:14.393555,Dubai-07bc,45,69,Normal
2026-02-14 01:17:15.393555,Dubai-07bc,31,23,Normal
2026-02-14 01:17:16.393555,Dubai-07bc,-18,61,Normal
2026-02-14 01:17:17.393555,Dubai-07bc,32,4,Normal
2026-02-14 01:17:18.393555,Dubai-07bc,-10,25,Normal
2026-02-14 01:17:19.393555,Dubai-07bc,13,34,Normal
2026-02-14 01:17:20.393555,Dubai-07bc,-28,7,Normal
2026-02-14 01:17:21.393555,Dubai-07bc,17,37,Normal
2026-02-14 01:17:22.393555,Dubai-07bc,-29,31,Normal
2026-02-14 01:17:23.393555,Dubai-07bc,50,44,Normal
2026-02-14 01:17:24.393555,Dubai-07bc,24,32,Normal
2026-02-14 01:17:25.393555,Dubai-07bc,-1,90,Normal
2026-02-14 01:17:26.393555,Dubai-07bc,34,18,Normal
2026-02-14 01:17:27.393555,Dubai-07bc,47,99,Normal
2026-02-14 01:17:28.393555,Dubai-07bc,11,96,Normal
2026-02-14 01:17:29.393555,Dubai-07bc,-29,93,Normal
2026-02-14 01:17:30.393555,Dubai-07bc,17,34,Normal
2026-02-14 01:17:31.393555,Dubai-07bc,47,9,Normal
2026-02-14 01:17:32.393555,Dubai-07bc,-5,0,Normal
2026-02-14 01:17:33.393555,Dubai-07bc,14,68,Normal
2026-02-14 01:17:34.393555,Dubai-07bc,41,99,Normal
2026-02-14 01:17:35.393555,Dubai-07bc,-1,60,Normal
2026-02-14 01:17:36.393555,Dubai-07bc,-17,15,Normal
2026-02-14 01:17:37.393555,Dubai-07bc,-17,32,Normal
2026-02-14 01:17:38.393555,Dubai-07bc,31,90,Normal
2026-02-14 01:17:39.393555,Dubai-07bc,39,94,Normal
2026-02-14 01:17:40.393555,Dubai-07bc,5,98,Normal
2026-02-14 01:17:41.393555,Dubai-07bc,27,18,Normal
2026-02-14 01:17:42.393555,Dubai-07bc,4,19,Normal
2026-02-14 01:17:43.393555,Dubai-07bc,-24,50,Normal
2026-02-14 01:17:44.393555,Dubai-07bc,16,17,Normal
2026-02-14 01:17:45.393555,Dubai-07bc,-12,59,Normal
2026-02-14 01:17:46.393555,Dubai-07bc,10,8,Normal
2026-02-14 01:17:47.393555,Dubai-07bc,-11,83,Normal
2026-02-14 01:17:48.393555,Dubai-07bc,33,90,Normal
2026-02-14 01:17:49.393555,Dubai-07bc,36,54,Normal
2026-02-14 01:17:50.393555,Dubai-07bc,18,88,Normal
2026-02-14 01:17:51.393555,Dubai-07bc,17,13,Normal
2026-02-14 01:17:52.393555,Dubai-07bc,3,15,Normal
2026-02-14 01:17:53.393555,Dubai-07bc,8,97,Normal
2026-02-14 01:17:54.393555,Dubai-07bc,44,67,Normal
2026-02-14 01:17:55.393555,Dubai-07bc,11,32,Normal
2026-02-14 01:17:56.393555,Dubai-07bc,21,65,Normal
2026-02-14 01:17:57.393555,Dubai-07bc,18,42,Normal
2026-02-14 01:17:58.393555,Dubai-07bc,1,54,Normal
2026-02-14 01:17:59.393555,Dubai-07bc,-23,69,Normal
2026-02-14 01:18:00.393555,Dubai-07bc,-12,44,Normal
2026-02-14 01:18:01.393555,Dubai-07bc,-8,34,Normal
2026-02-14 01:18:02.393555,Dubai-07bc,-23,92,Normal
2026-02-14 01:18:03.393555,Dubai-07bc,18,84,Normal
2026-02-14 01:18:04.393555,Dubai-07bc,-20,90,Normal
2026-02-14 01:18:05.393555,Dubai-07bc,33,79,Normal
2026-02-14 01:18:06.393555,Dubai-07bc,19,29,Normal
2026-02-14 01:18:07.393555,Dubai-07bc,-1,74,Normal
2026-02-14 01:18:08.393555,Dubai-07bc,18,93,Normal
2026-02-14 01:18:09.393555,Dubai-07bc,-21,36,Normal
2026-02-14 01:18:10.393555,Dubai-07bc,16,93,Normal
2026-02-14 01:18:11.393555,Dubai-07bc,34,53,Normal
2026-02-14 01:18:12.393555,Dubai-07bc,-2,45,Normal
2026-02-14 01:18:13.393555,Dubai-07bc,-22,81,Normal
2026-02-14 01:18:14.393555,Dubai-07bc,10,29,Normal
2026-02-14 01:18:15.393555,Dubai-07bc,-14,46,Normal
2026-02-14 01:18:16.393555,Dubai-07bc,5,43,Normal
2026-02-14 01:18:17.393555,Dubai-07bc,6,13,Normal
2026-02-14 01:18:18.393555,Dubai-07bc,-17,2,Normal
2026-02-14 01:18:19.393555,Dubai-07bc,28,77,Normal
2026-02-14 01:18:20.393555,Dubai-07bc,-6,17,Normal
2026-02-14 01:18:21.393555,Dubai-07bc,49,76,Normal
2026-02-14 01:18:22.393555,Dubai-07bc,40,97,Normal
2026-02-14 01:18:23.393555,Dubai-07bc,40,78,Normal
2026-02-14 01:18:24.393555,Dubai-07bc,48,44,Normal
2026-02-14 01:18:25.393555,Dubai-07bc,-24,71,Normal
2026-02-14 01:18:26.393555,Dubai-07bc,-11,17,Normal
2026-02-14 01:18:27.393555,Dubai-07bc,-16,20,Normal
2026-02-14 01:18:28.393555,Dubai-07bc,-19,46,Normal
2026-02-14 01:18:29.393555,Dubai-07bc,-14,93,Normal
2026-02-14 01:18:30.393555,Dubai-07bc,46,100,Normal
2026-02-14 01:18:31.393555,Dubai-07bc,47,77,Normal
2026-02-14 01:18:32.393555,Dubai-07bc,5,32,Normal
2026-02-14 01:18:33.393555,Dubai-07bc,11,83,Normal
2026-02-14 01:18:34.393555,Dubai-07bc,7,79,Normal
2026-02-14 01:18:35.393555,Dubai-07bc,-4,80,Normal
2026-02-14 01:18:36.393555,Dubai-07bc,6,41,Normal
2026-02-14 01:18:37.393555,Dubai-07bc,36,49,Normal
2026-02-14 01:18:38.393555,Dubai-07bc,16,37,Normal
2026-02-14 01:18:39.393555,Dubai-07bc,50,46,Normal
2026-02-14 01:18:40.393555,Dubai-07bc,11,60,Normal
2026-02-14 01:18:41.393555,Dubai-07bc,-13,25,Normal
2026-02-14 01:18:42.393555,Dubai-07bc,-26,32,Normal
2026-02-14 01:18:43.393555,Dubai-07bc,43,74,Normal
2026-02-14 01:18:44.393555,Dubai-07bc,1,84,Normal
2026-02-14 01:18:45.393555,Dubai-07bc,-9,61,Normal
2026-02-14 01:18:46.393555,Dubai-07bc,-18,17,Normal
2026-02-14 01:18:47.393555,Dubai-07bc,-17,85,Normal
2026-02-14 01:18:48.393555,Dubai-07bc,-24,67,Normal
2026-02-14 01:18:49.393555,Dubai-07bc,-10,57,Normal
2026-02-14 01:18:50.393555,Dubai-07bc,-26,23,Normal
2026-02-14 01:18:51.393555,Dubai-07bc,50,4,Normal
2026-02-14 01:18:52.393555,Dubai-07bc,7,27,Normal
2026-02-14 01:18:53.393555,Dubai-07bc,6,39,Normal
2026-02-14 01:18:54.393555,Dubai-07bc,18,60,Normal
2026-02-14 01:18:55.393555,Dubai-07bc,-10,97,Normal
2026-02-14 01:18:56.393555,Dubai-07bc,29,57,Normal
2026-02-14 01:18:57.393555,Dubai-07bc,-26,54,Normal
2026-02-14 01:18:58.393555,Dubai-07bc,6,75,Normal
2026-02-14 01:18:59.393555,Dubai-07bc,0,24,Normal
2026-02-14 01:19:00.393555,Dubai-07bc,-16,36,Normal
2026-02-14 01:19:01.393555,Dubai-07bc,-24,98,Normal
2026-02-14 01:19:02.393555,Dubai-07bc,21,31,Normal
2026-02-14 01:19:03.393555,Dubai-07bc,41,5,Normal
2026-02-14 01:19:04.393555,Dubai-07bc,50,55,Normal
2026-02-14 01:19:05.393555,Dubai-07bc,9,17,Normal
2026-02-14 01:19:06.393555,Dubai-07bc,28,67,Normal
2026-02-14 01:19:07.393555,Dubai-07bc,29,35,Normal
2026-02-14 01:19:08.393555,Dubai-07bc,12,31,Normal
2026-02-14 01:19:09.393555,Dubai-07bc,-16,45,Normal
2026-02-14 01:19:10.393555,Dubai-07bc,42,45,Normal
2026-02-14 01:19:11.393555,Dubai-07bc,25,37,Normal
2026-02-14 01:19:12.393555,Dubai-07bc,-2,9,Normal
2026-02-14 01:19:13.393555,Dubai-07bc,48,31,Normal
2026-02-14 01:19:14.393555,Dubai-07bc,12,3,Normal
2026-02-14 01:19:15.393555,Dubai-07bc,49,51,Normal
2026-02-14 01:19:16.393555,Dubai-07bc,-16,35,Normal
2026-02-14 01:19:17.393555,Dubai-07bc,33,48,Normal
2026-02-14 01:19:18.393555,Dubai-07bc,-14,94,Normal
2026-02-14 01:19:19.393555,Dubai-07bc,-25,93,Normal
2026-02-14 01:19:20.393555,Dubai-07bc,24,77,Normal
2026-02-14 01:19:21.393555,Dubai-07bc,-1,82,Normal
2026-02-14 01:19:22.393555,Dubai-07bc,34,6,Normal
2026-02-14 01:19:23.393555,Dubai-07bc,-30,68,Normal
2026-02-14 01:19:24.393555,Dubai-07bc,18,76,Normal
2026-02-14 01:19:25.393555,Dubai-07bc,50,45,Normal
2026-02-14 01:19:26.393555,Dubai-07bc,-21,41,Normal
2026-02-14 01:19:27.393555,Dubai-07bc,-13,77,Normal
2026-02-14 01:19:28.393555,Dubai-07bc,44,88,Normal
2026-02-14 01:19:29.393555,Dubai-07bc,14,31,Normal
2026-02-14 01:19:30.393555,Dubai-07bc,-1,89,Normal
2026-02-14 01:19:31.393555,Dubai-07bc,15,74,Normal
2026-02-14 01:19:32.393555,Dubai-07bc,46,36,Normal
2026-02-14 01:19:33.393555,Dubai-07bc,-28,53,Normal
2026-02-14 01:19:34.393555,Dubai-07bc,40,36,Normal
2026-02-14 01:19:35.393555,Dubai-07bc,-4,85,Normal
2026-02-14 01:19:36.393555,Dubai-07bc,4,18,Normal
2026-02-14 01:19:37.393555,Dubai-07bc,17,31,Normal
2026-02-14 01:19:38.393555,Dubai-07bc,-14,39,Normal
2026-02-14 01:19:39.393555,Dubai-07bc,13,86,Normal
2026-02-14 01:19:40.393555,Dubai-07bc,41,79,Normal
2026-02-14 01:19:41.393555,Dubai-07bc,-7,35,Normal
2026-02-14 01:19:42.393555,Dubai-07bc,-25,41,Normal
2026-02-14 01:19:43.393555,Dubai-07bc,50,93,Normal
2026-02-14 01:19:44.393555,Dubai-07bc,40,6,Normal
2026-02-14 01:19:45.393555,Dubai-07bc,-11,51,Normal
2026-02-14 01:19:46.393555,Dubai-07bc,38,9,Normal
2026-02-14 01:19:47.393555,Dubai-07bc,14,6,Normal
2026-02-14 01:19:48.393555,Dubai-07bc,-24,55,Normal
2026-02-14 01:19:49.393555,Dubai-07bc,-18,34,Normal
2026-02-14 01:19:50.393555,Dubai-07bc,2,88,Normal
2026-02-14 01:19:51.393555,Dubai-07bc,6,20,Normal
2026-02-14 01:19:52.393555,Dubai-07bc,22,90,Normal
2026-02-14 01:19:53.393555,Dubai-07bc,-18,72,Normal
2026-02-14 01:19:54.393555,Dubai-07bc,17,31,Normal
2026-02-14 01:19:55.393555,Dubai-07bc,-17,38,Normal
2026-02-14 01:19:56.393555,Dubai-07bc,38,93,Normal
2026-02-14 01:19:57.393555,Dubai-07bc,44,97,Normal
2026-02-14 01:19:58.393555,Dubai-07bc,41,56,Normal
2026-02-14 01:19:59.393555,Dubai-07bc,-20,67,Normal
2026-02-14 01:20:00.393555,Dubai-07bc,-1,6,Normal
2026-02-14 01:20:01.393555,Dubai-07bc,30,8,Normal
2026-02-14 01:20:02.393555,Dubai-07bc,-6,32,Normal
2026-02-14 01:20:03.393555,Dubai-07bc,31,78,Normal
2026-02-14 01:20:04.393555,Dubai-07bc,45,30,Normal
2026-02-14 01:20:05.393555,Dubai-07bc,-8,2,Normal
2026-02-14 01:20:06.393555,Dubai-07bc,8,31,Normal
2026-02-14 01:20:07.393555,Dubai-07bc,4,58,Normal
2026-02-14 01:20:08.393555,Dubai-07bc,-10,38,Normal
2026-02-14 01:20:09.393555,Dubai-07bc,2,20,Normal
2026-02-14 01:20:10.393555,Dubai-07bc,36,29,Normal
2026-02-14 01:20:11.393555,Dubai-07bc,-13,56,Normal
2026-02-14 01:20:12.393555,Dubai-07bc,32,58,Normal
2026-02-14 01:20:13.393555,Dubai-07bc,44,14,Normal
2026-02-14 01:20:14.393555,Dubai-07bc,-24,63,Normal
2026-02-14 01:20:15.393555,Dubai-07bc,-3,6,Normal
2026-02-14 01:20:16.393555,Dubai-07bc,32,12,Normal
2026-02-14 01:20:17.393555,Dubai-07bc,33,39,Normal
2026-02-14 01:20:18.393555,Dubai-07bc,32,4,Normal
2026-02-14 01:20:19.393555,Dubai-07bc,-21,24,Normal
2026-02-14 01:20:20.393555,Dubai-07bc,46,83,Normal
2026-02-14 01:20:21.393555,Dubai-07bc,-29,15,Normal
2026-02-14 01:20:22.393555,Dubai-07bc,40,49,Normal
2026-02-14 01:20:23.393555,Dubai-07bc,-19,56,Normal
2026-02-14 01:20:24.393555,Dubai-07bc,37,40,Normal
2026-02-14 01:20:25.393555,Dubai-07bc,-27,74,Normal
2026-02-14 01:20:26.393555,Dubai-07bc,-19,41,Normal
2026-02-14 01:20:27.393555,Dubai-07bc,17,21,Normal
2026-02-14 01:20:28.393555,Dubai-07bc,-10,82,Normal
2026-02-14 01:20:29.393555,Dubai-07bc,43,98,Normal
2026-02-14 01:20:30.393555,Dubai-07bc,-16,46,Normal
2026-02-14 01:20:31.393555,Dubai-07bc,34,8,Normal
2026-02-14 01:20:32.393555,Dubai-07bc,16,22,Normal
2026-02-14 01:20:33.393555,Dubai-07bc,-13,47,Normal
2026-02-14 01:20:34.393555,Dubai-07bc,21,69,Normal
2026-02-14 01:20:35.393555,Dubai-07bc,22,23,Normal
2026-02-14 01:20:36.393555,Dubai-07bc,37,53,Normal
2026-02-14 01:20:37.393555,Dubai-07bc,-11,9,Normal
2026-02-14 01:20:38.393555,Dubai-07bc,29,40,Normal
2026-02-14 01:20:39.393555,Dubai-07bc,-23,92,Normal
2026-02-14 01:20:40.393555,Dubai-07bc,-9,65,Normal
2026-02-14 01:20:41.393555,Dubai-07bc,-3,31,Normal
2026-02-14 01:20:42.393555,Dubai-07bc,5,47,Normal
2026-02-14 01:20:43.393555,Dubai-07bc,45,90,Normal
2026-02-14 01:20:44.393555,Dubai-07bc,11,74,Normal
2026-02-14 01:20:45.393555,Dubai-07bc,-11,36,Normal
2026-02-14 01:20:46.393555,Dubai-07bc,-15,2,Normal
2026-02-14 01:20:47.393555,Dubai-07bc,13,22,Normal
2026-02-14 01:20:48.393555,Dubai-07bc,17,0,Normal
2026-02-14 01:20:49.393555,Dubai-07bc,40,27,Normal
2026-02-14 01:20:50.393555,Dubai-07bc,27,82,Normal
2026-02-14 01:20:51.393555,Dubai-07bc,34,100,Normal
2026-02-14 01:20:52.393555,Dubai-07bc,-9,57,Normal
2026-02-14 01:20:53.393555,Dubai-07bc,45,48,Normal
2026-02-14 01:20:54.393555,Dubai-07bc,-10,14,Normal
2026-02-14 01:20:55.393555,Dubai-07bc,-21,16,Normal
2026-02-14 01:20:56.393555,Dubai-07bc,-13,67,Normal
2026-02-14 01:20:57.393555,Dubai-07bc,5,22,Normal
2026-02-14 01:20:58.393555,Dubai-07bc,-30,12,Normal
2026-02-14 01:20:59.393555,Dubai-07bc,-17,79,Normal
2026-02-14 01:21:00.393555,Dubai-07bc,5,36,Normal
2026-02-14 01:21:01.393555,Dubai-07bc,-10,73,Normal
2026-02-14 01:21:02.393555,Dubai-07bc,-11,82,Normal
2026-02-14 01:21:03.393555,Dubai-07bc,20,21,Normal
2026-02-14 01:21:04.393555,Dubai-07bc,47,62,Normal
2026-02-14 01:21:05.393555,Dubai-07bc,-19,5,Normal
2026-02-14 01:21:06.393555,Dubai-07bc,16,29,Normal
2026-02-14 01:21:07.393555,Dubai-07bc,27,63,Normal
2026-02-14 01:21:08.393555,Dubai-07bc,-10,26,Normal
2026-02-14 01:21:09.393555,Dubai-07bc,-19,24,Normal
2026-02-14 01:21:10.393555,Dubai-07bc,-9,45,Normal
2026-02-14 01:21:11.393555,Dubai-07bc,50,69,Normal
2026-02-14 01:21:12.393555,Dubai-07bc,25,21,Normal
2026-02-14 01:21:13.393555,Dubai-07bc,3,20,Normal
2026-02-14 01:21:14.393555,Dubai-07bc,-18,71,Normal
2026-02-14 01:21:15.393555,Dubai-07bc,37,4,Normal
2026-02-14 01:21:16.393555,Dubai-07bc,33,23,Normal
2026-02-14 01:21:17.393555,Dubai-07bc,9,40,Normal
2026-02-14 01:21:18.393555,Dubai-07bc,39,84,Normal
2026-02-14 01:21:19.393555,Dubai-07bc,-21,67,Normal
2026-02-14 01:21:20.393555,Dubai-07bc,-10,54,Normal
2026-02-14 01:21:21.393555,Dubai-07bc,45,91,Normal
2026-02-14 01:21:22.393555,Dubai-07bc,0,5,Normal
2026-02-14 01:21:23.393555,Dubai-07bc,46,59,Normal
2026-02-14 01:21:24.393555,Dubai-07bc,26,100,Normal
2026-02-14 01:21:25.393555,Dubai-07bc,-25,32,Normal
2026-02-14 01:21:26.393555,Dubai-07bc,3,1,Normal
2026-02-14 01:21:27.393555,Dubai-07bc,21,53,Normal
2026-02-14 01:21:28.393555,Dubai-07bc,-26,30,Normal
2026-02-14 01:21:29.393555,Dubai-07bc,19,45,Normal
2026-02-14 01:21:30.393555,Dubai-07bc,46,4,Normal
2026-02-14 01:21:31.393555,Dubai-07bc,48,86,Normal
2026-02-14 01:21:32.393555,Dubai-07bc,-27,66,Normal
2026-02-14 01:21:33.393555,Dubai-07bc,-2,45,Normal
2026-02-14 01:21:34.393555,Dubai-07bc,-3,56,Normal
2026-02-14 01:21:35.393555,Dubai-07bc,14,86,Normal
2026-02-14 01:21:36.393555,Dubai-07bc,37,38,Normal
2026-02-14 01:21:37.393555,Dubai-07bc,-8,0,Normal
2026-02-14 01:21:38.393555,Dubai-07bc,42,4,Normal
2026-02-14 01:21:39.393555,Dubai-07bc,16,83,Normal
2026-02-14 01:21:40.393555,Dubai-07bc,35,59,Normal
2026-02-14 01:21:41.393555,Dubai-07bc,10,10,Normal
2026-02-14 01:21:42.393555,Dubai-07bc,50,87,Normal
2026-02-14 01:21:43.393555,Dubai-07bc,22,88,Normal
2026-02-14 01:21:44.393555,Dubai-07bc,2,86,Normal
2026-02-14 01:21:45.393555,Dubai-07bc,11,24,Normal
2026-02-14 01:21:46.393555,Dubai-07bc,26,74,Normal
2026-02-14 01:21:47.393555,Dubai-07bc,15,19,Normal
2026-02-14 01:21:48.393555,Dubai-07bc,35,35,Normal
2026-02-14 01:21:49.393555,Dubai-07bc,36,83,Normal
2026-02-14 01:21:50.393555,Dubai-07bc,9,22,Normal
2026-02-14 01:21:51.393555,Dubai-07bc,-18,1,Normal
2026-02-14 01:21:52.393555,Dubai-07bc,10,62,Normal
2026-02-14 01:21:53.393555,Dubai-07bc,6,4,Normal
2026-02-14 01:21:54.393555,Dubai-07bc,8,47,Normal
2026-02-14 01:21:55.393555,Dubai-07bc,12,40,Normal
2026-02-14 01:21:56.393555,Dubai-07bc,20,33,Normal
2026-02-14 01:21:57.393555,Dubai-07bc,3,51,Normal
2026-02-14 01:21:58.393555,Dubai-07bc,29,91,Normal
2026-02-14 01:21:59.393555,Dubai-07bc,-5,30,Normal
2026-02-14 01:22:00.393555,Dubai-07bc,16,4,Normal
2026-02-14 01:22:01.393555,Dubai-07bc,17,84,Normal
2026-02-14 01:22:02.393555,Dubai-07bc,-12,55,Normal
2026-02-14 01:22:03.393555,Dubai-07bc,-25,49,Normal
2026-02-14 01:22:04.393555,Dubai-07bc,37,71,Normal
2026-02-14 01:22:05.393555,Dubai-07bc,21,91,Normal
2026-02-14 01:22:06.393555,Dubai-07bc,23,88,Normal
2026-02-14 01:22:07.393555,Dubai-07bc,48,93,Normal
2026-02-14 01:22:08.393555,Dubai-07bc,8,67,Normal
2026-02-14 01:22:09.393555,Dubai-07bc,31,92,Normal
2026-02-14 01:22:10.393555,Dubai-07bc,-29,58,Normal
2026-02-14 01:22:11.393555,Dubai-07bc,-17,68,Normal
2026-02-14 01:22:12.393555,Dubai-07bc,47,25,Normal
2026-02-14 01:22:13.393555,Dubai-07bc,31,16,Normal
2026-02-14 01:22:14.393555,Dubai-07bc,50,38,Normal
2026-02-14 01:22:15.393555,Dubai-07bc,14,83,Normal
2026-02-14 01:22:16.393555,Dubai-07bc,-17,72,Normal
2026-02-14 01:22:17.393555,Dubai-07bc,-30,88,Normal
2026-02-14 01:22:18.393555,Dubai-07bc,-12,35,Normal
2026-02-14 01:22:19.393555,Dubai-07bc,-1,86,Normal
2026-02-14 01:22:20.393555,Dubai-07bc,42,6,Normal
2026-02-14 01:22:21.393555,Dubai-07bc,-9,50,Normal
2026-02-14 01:22:22.393555,Dubai-07bc,-22,93,Normal
2026-02-14 01:22:23.393555,Dubai-07bc,2,94,Normal
2026-02-14 01:22:24.393555,Dubai-07bc,12,87,Normal
2026-02-14 01:22:25.393555,Dubai-07bc,-6,56,Normal
2026-02-14 01:22:26.393555,Dubai-07bc,3,17,Normal
2026-02-14 01:22:27.393555,Dubai-07bc,-10,93,Normal
2026-02-14 01:22:28.393555,Dubai-07bc,20,73,Normal
2026-02-14 01:22:29.393555,Dubai-07bc,10,33,Normal
2026-02-14 01:22:30.393555,Dubai-07bc,47,71,Normal
2026-02-14 01:22:31.393555,Dubai-07bc,-25,100,Normal
2026-02-14 01:22:32.393555,Dubai-07bc,42,55,Normal
2026-02-14 01:22:33.393555,Dubai-07bc,-18,41,Normal
2026-02-14 01:22:34.393555,Dubai-07bc,9,6,Normal
2026-02-14 01:22:35.393555,Dubai-07bc,6,7,Normal
2026-02-14 01:22:36.393555,Dubai-07bc,-22,50,Normal
2026-02-14 01:22:37.393555,Dubai-07bc,-6,42,Normal
2026-02-14 01:22:38.393555,Dubai-07bc,-9,99,Normal
2026-02-14 01:22:39.393555,Dubai-07bc,-30,73,Normal
2026-02-14 01:22:40.393555,Dubai-07bc,46,2,Normal
2026-02-14 01:22:41.393555,Dubai-07bc,43,97,Normal
2026-02-14 01:22:42.393555,Dubai-07bc,12,98,Normal
2026-02-14 01:22:43.393555,Dubai-07bc,-6,99,Normal
2026-02-14 01:22:44.393555,Dubai-07bc,11,69,Normal
2026-02-14 01:22:45.393555,Dubai-07bc,-21,16,Normal
2026-02-14 01:22:46.393555,Dubai-07bc,26,29,Normal
2026-02-14 01:22:47.393555,Dubai-07bc,-17,91,Normal
2026-02-14 01:22:48.393555,Dubai-07bc,38,9,Normal
2026-02-14 01:22:49.393555,Dubai-07bc,-15,73,Normal
2026-02-14 01:22:50.393555,Dubai-07bc,-7,0,Normal
2026-02-14 01:22:51.393555,Dubai-07bc,-30,90,Normal
2026-02-14 01:22:52.393555,Dubai-07bc,26,35,Normal
2026-02-14 01:22:53.393555,Dubai-07bc,46,75,Normal
2026-02-14 01:22:54.393555,Dubai-07bc,48,24,Normal
2026-02-14 01:22:55.393555,Dubai-07bc,11,62,Normal
2026-02-14 01:22:56.393555,Dubai-07bc,49,92,Normal
2026-02-14 01:22:57.393555,Dubai-07bc,37,7,Normal
2026-02-14 01:22:58.393555,Dubai-07bc,21,18,Normal
2026-02-14 01:22:59.393555,Dubai-07bc,20,55,Normal
2026-02-14 01:23:00.393555,Dubai-07bc,-3,64,Normal
2026-02-14 01:23:01.393555,Dubai-07bc,-7,33,Normal
2026-02-14 01:23:02.393555,Dubai-07bc,20,46,Normal
2026-02-14 01:23:03.393555,Dubai-07bc,-27,2,Normal
2026-02-14 01:23:04.393555,Dubai-07bc,-15,52,Normal
2026-02-14 01:23:05.393555,Dubai-07bc,6,100,Normal
2026-02-14 01:23:06.393555,Dubai-07bc,-14,70,Normal
2026-02-14 01:23:07.393555,Dubai-07bc,21,1,Normal
2026-02-14 01:23:08.393555,Dubai-07bc,-6,33,Normal
2026-02-14 01:23:09.393555,Dubai-07bc,2,65,Normal
2026-02-14 01:23:10.393555,Dubai-07bc,38,22,Normal
2026-02-14 01:23:11.393555,Dubai-07bc,3,49,Normal
2026-02-14 01:23:12.393555,Dubai-07bc,5,66,Normal
2026-02-14 01:23:13.393555,Dubai-07bc,48,57,Normal
2026-02-14 01:23:14.393555,Dubai-07bc,-21,36,Normal
2026-02-14 01:23:15.393555,Dubai-07bc,44,28,Normal
2026-02-14 01:23:16.393555,Dubai-07bc,28,90,Normal
2026-02-14 01:23:17.393555,Dubai-07bc,18,33,Normal
2026-02-14 01:23:18.393555,Dubai-07bc,3,61,Normal
2026-02-14 01:23:19.393555,Dubai-07bc,-4,32,Normal
2026-02-14 01:23:20.393555,Dubai-07bc,-29,30,Normal
2026-02-14 01:23:21.393555,Dubai-07bc,-20,59,Normal
2026-02-14 01:23:22.393555,Dubai-07bc,-13,44,Normal
2026-02-14 01:23:23.393555,Dubai-07bc,49,72,Normal
2026-02-14 01:23:24.393555,Dubai-07bc,-5,19,Normal
2026-02-14 01:23:25.393555,Dubai-07bc,28,50,Normal
2026-02-14 01:23:26.393555,Dubai-07bc,-20,68,Normal
2026-02-14 01:23:27.393555,Dubai-07bc,5,8,Normal
2026-02-14 01:23:28.393555,Dubai-07bc,-5,19,Normal
2026-02-14 01:23:29.393555,Dubai-07bc,10,17,Normal
2026-02-14 01:23:30.393555,Dubai-07bc,22,88,Normal
2026-02-14 01:23:31.393555,Dubai-07bc,22,91,Normal
2026-02-14 01:23:32.393555,Dubai-07bc,-3,63,Normal
2026-02-14 01:23:33.393555,Dubai-07bc,-28,83,Normal
2026-02-14 01:23:34.393555,Dubai-07bc,23,17,Normal
2026-02-14 01:23:35.393555,Dubai-07bc,27,61,Normal
2026-02-14 01:23:36.393555,Dubai-07bc,21,93,Normal
2026-02-14 01:23:37.393555,Dubai-07bc,32,21,Normal
2026-02-14 01:23:38.393555,Dubai-07bc,3,25,Normal
2026-02-14 01:23:39.393555,Dubai-07bc,21,7,Normal
2026-02-14 01:23:40.393555,Dubai-07bc,45,63,Normal
2026-02-14 01:23:41.393555,Dubai-07bc,48,70,Normal
2026-02-14 01:23:42.393555,Dubai-07bc,-13,100,Normal
2026-02-14 01:23:43.393555,Dubai-07bc,30,73,Normal
2026-02-14 01:23:44.393555,Dubai-07bc,36,74,Normal
2026-02-14 01:23:45.393555,Dubai-07bc,36,82,Normal
2026-02-14 01:23:46.393555,Dubai-07bc,18,68,Normal
2026-02-14 01:23:47.393555,Dubai-07bc,47,57,Normal
2026-02-14 01:23:48.393555,Dubai-07bc,-22,66,Normal
2026-02-14 01:23:49.393555,Dubai-07bc,-9,99,Normal
2026-02-14 01:23:50.393555,Dubai-07bc,31,32,Normal
2026-02-14 01:23:51.393555,Dubai-07bc,40,53,Normal
2026-02-14 01:23:52.393555,Dubai-07bc,24,60,Normal
2026-02-14 01:23:53.393555,Dubai-07bc,38,75,Normal
2026-02-14 01:23:54.393555,Dubai-07bc,40,7,Normal
2026-02-14 01:23:55.393555,Dubai-07bc,-22,54,Normal
2026-02-14 01:23:56.393555,Dubai-07bc,-9,68,Normal
2026-02-14 01:23:57.393555,Dubai-07bc,5,52,Normal
2026-02-14 01:23:58.393555,Dubai-07bc,-19,2,Normal
2026-02-14 01:23:59.393555,Dubai-07bc,2,80,Normal
2026-02-14 01:24:00.393555,Dubai-07bc,-7,65,Normal
2026-02-14 01:24:01.393555,Dubai-07bc,10,13,Normal
2026-02-14 01:24:02.393555,Dubai-07bc,-15,90,Normal
2026-02-14 01:24:03.393555,Dubai-07bc,-17,51,Normal
2026-02-14 01:24:04.393555,Dubai-07bc,15,29,Normal
2026-02-14 01:24:05.393555,Dubai-07bc,-26,94,Normal
2026-02-14 01:24:06.393555,Dubai-07bc,21,90,Normal
2026-02-14 01:24:07.393555,Dubai-07bc,41,40,Normal
2026-02-14 01:24:08.393555,Dubai-07bc,12,28,Normal
2026-02-14 01:24:09.393555,Dubai-07bc,40,90,Normal
2026-02-14 01:24:10.393555,Dubai-07bc,19,42,Normal
2026-02-14 01:24:11.393555,Dubai-07bc,-22,17,Normal
2026-02-14 01:24:12.393555,Dubai-07bc,-14,13,Normal
2026-02-14 01:24:13.393555,Dubai-07bc,-26,82,Normal
2026-02-14 01:24:14.393555,Dubai-07bc,0,59,Normal
2026-02-14 01:24:15.393555,Dubai-07bc,5,29,Normal
2026-02-14 01:24:16.393555,Dubai-07bc,-9,34,Normal
2026-02-14 01:24:17.393555,Dubai-07bc,41,86,Normal
2026-02-14 01:24:18.393555,Dubai-07bc,45,81,Normal
2026-02-14 01:24:19.393555,Dubai-07bc,50,90,Normal
2026-02-14 01:24:20.393555,Dubai-07bc,23,36,Normal
2026-02-14 01:24:21.393555,Dubai-07bc,-4,98,Normal
2026-02-14 01:24:22.393555,Dubai-07bc,22,90,Normal
2026-02-14 01:24:23.393555,Dubai-07bc,-5,48,Normal
2026-02-14 01:24:24.393555,Dubai-07bc,-4,44,Normal
2026-02-14 01:24:25.393555,Dubai-07bc,5,53,Normal
2026-02-14 01:24:26.393555,Dubai-07bc,44,54,Normal
2026-02-14 01:24:27.393555,Dubai-07bc,49,72,Normal
2026-02-14 01:24:28.393555,Dubai-07bc,14,73,Normal
2026-02-14 01:24:29.393555,Dubai-07bc,43,59,Normal
2026-02-14 01:24:30.393555,Dubai-07bc,-25,25,Normal
2026-02-14 01:24:31.393555,Dubai-07bc,20,4,Normal
2026-02-14 01:24:32.393555,Dubai-07bc,5,45,Normal
2026-02-14 01:24:33.393555,Dubai-07bc,12,63,Normal
2026-02-14 01:24:34.393555,Dubai-07bc,20,5,Normal
2026-02-14 01:24:35.393555,Dubai-07bc,-14,93,Normal
2026-02-14 01:24:36.393555,Dubai-07bc,-18,81,Normal
2026-02-14 01:24:37.393555,Dubai-07bc,25,22,Normal
2026-02-14 01:24:38.393555,Dubai-07bc,-17,82,Normal
2026-02-14 01:24:39.393555,Dubai-07bc,1,56,Normal
2026-02-14 01:24:40.393555,Dubai-07bc,-26,61,Normal
2026-02-14 01:24:41.393555,Dubai-07bc,-25,92,Normal
2026-02-14 01:24:42.393555,Dubai-07bc,48,19,Normal
2026-02-14 01:24:43.393555,Dubai-07bc,3,96,Normal
2026-02-14 01:24:44.393555,Dubai-07bc,7,79,Normal
2026-02-14 01:24:45.393555,Dubai-07bc,49,39,Normal
2026-02-14 01:24:46.393555,Dubai-07bc,39,18,Normal
2026-02-14 01:24:47.393555,Dubai-07bc,-14,85,Normal
2026-02-14 01:24:48.393555,Dubai-07bc,43,100,Normal
2026-02-14 01:24:49.393555,Dubai-07bc,34,59,Normal
2026-02-14 01:24:50.393555,Dubai-07bc,45,66,Normal
2026-02-14 01:24:51.393555,Dubai-07bc,-15,47,Normal
2026-02-14 01:24:52.393555,Dubai-07bc,-3,27,Normal
2026-02-14 01:24:53.393555,Dubai-07bc,6,20,Normal
2026-02-14 01:24:54.393555,Dubai-07bc,28,90,Normal
2026-02-14 01:24:55.393555,Dubai-07bc,17,91,Normal
2026-02-14 01:24:56.393555,Dubai-07bc,31,10,Normal
2026-02-14 01:24:57.393555,Dubai-07bc,39,16,Normal
2026-02-14 01:24:58.393555,Dubai-07bc,31,13,Normal
2026-02-14 01:24:59.393555,Dubai-07bc,-20,69,Normal
2026-02-14 01:25:00.393555,Dubai-07bc,10,82,Normal
2026-02-14 01:25:01.393555,Dubai-07bc,-4,75,Normal
2026-02-14 01:25:02.393555,Dubai-07bc,-3,46,Normal
2026-02-14 01:25:03.393555,Dubai-07bc,17,63,Normal
2026-02-14 01:25:04.393555,Dubai-07bc,-18,5,Normal
2026-02-14 01:25:05.393555,Dubai-07bc,-30,13,Normal
2026-02-14 01:25:06.393555,Dubai-07bc,15,60,Normal
2026-02-14 01:25:07.393555,Dubai-07bc,19,23,Normal
2026-02-14 01:25:08.393555,Dubai-07bc,-19,55,Normal
2026-02-14 01:25:09.393555,Dubai-07bc,-15,44,Normal
2026-02-14 01:25:10.393555,Dubai-07bc,34,82,Normal
2026-02-14 01:25:11.393555,Dubai-07bc,47,48,Normal
2026-02-14 01:25:12.393555,Dubai-07bc,15,42,Normal
2026-02-14 01:25:13.393555,Dubai-07bc,38,28,Normal
2026-02-14 01:25:14.393555,Dubai-07bc,28,60,Normal
2026-02-14 01:25:15.393555,Dubai-07bc,20,13,Normal
2026-02-14 01:25:16.393555,Dubai-07bc,-29,88,Normal
2026-02-14 01:25:17.393555,Dubai-07bc,-21,76,Normal
2026-02-14 01:25:18.393555,Dubai-07bc,-7,37,Normal
2026-02-14 01:25:19.393555,Dubai-07bc,9,23,Normal
2026-02-14 01:25:20.393555,Dubai-07bc,-28,1,Normal
2026-02-14 01:25:21.393555,Dubai-07bc,11,33,Normal
2026-02-14 01:25:22.393555,Dubai-07bc,4,88,Normal
2026-02-14 01:25:23.393555,Dubai-07bc,2,87,Normal
2026-02-14 01:25:24.393555,Dubai-07bc,1,73,Normal
2026-02-14 01:25:25.393555,Dubai-07bc,4,18,Normal
2026-02-14 01:25:26.393555,Dubai-07bc,-7,40,Normal
2026-02-14 01:25:27.393555,Dubai-07bc,32,20,Normal
2026-02-14 01:25:28.393555,Dubai-07bc,33,95,Normal
2026-02-14 01:25:29.393555,Dubai-07bc,31,55,Normal
2026-02-14 01:25:30.393555,Dubai-07bc,31,92,Normal
2026-02-14 01:25:31.393555,Dubai-07bc,16,7,Normal
2026-02-14 01:25:32.393555,Dubai-07bc,8,34,Normal
2026-02-14 01:25:33.393555,Dubai-07bc,9,93,Normal
