timestamp,station_id,temp,humid,condition
2026-02-10 00:07:36.863409,Toronto-348d,34,99,Normal
2026-02-10 00:07:37.863409,Toronto-348d,19,99,Normal
2026-02-10 00:07:38.863409,Toronto-348d,10,48,Normal
2026-02-10 00:07:39.863409,Toronto-348d,-13,3,Normal
2026-02-10 00:07:40.863409,Toronto-348d,38,95,Normal
2026-02-10 00:07:41.863409,Toronto-348d,37,74,Normal
2026-02-10 00:07:42.863409,Toronto-348d,27,29,Normal
2026-02-10 00:07:43.863409,Toronto-348d,-21,19,Normal
2026-02-10 00:07:44.863409,Toronto-348d,30,97,Normal
2026-02-10 00:07:45.863409,Toronto-348d,-15,19,Normal
2026-02-10 00:07:46.863409,Toronto-348d,-25,52,Normal
2026-02-10 00:07:47.863409,Toronto-348d,19,25,Normal
2026-02-10 00:07:48.863409,Toronto-348d,30,64,Normal
2026-02-10 00:07:49.863409,Toronto-348d,4,81,Normal
2026-02-10 00:07:50.863409,Toronto-348d,-19,66,Normal
2026-02-10 00:07:51.863409,Toronto-348d,47,8,Normal
2026-02-10 00:07:52.863409,Toronto-348d,50,39,Normal
2026-02-10 00:07:53.863409,Toronto-348d,-18,73,Normal
2026-02-10 00:07:54.863409,Toronto-348d,49,13,Normal
2026-02-10 00:07:55.863409,Toronto-348d,1,29,Normal
2026-02-10 00:07:56.863409,Toronto-348d,26,87,Normal
2026-02-10 00:07:57.863409,Toronto-348d,48,90,Normal
2026-02-10 00:07:58.863409,Toronto-348d,12,96,Normal
2026-02-10 00:07:59.863409,Toronto-348d,46,23,Normal
2026-02-10 00:08:00.863409,Toronto-348d,-7,89,Normal
2026-02-10 00:08:01.863409,Toronto-348d,10,13,Normal
2026-02-10 00:08:02.863409,Toronto-348d,-19,90,Normal
2026-02-10 00:08:03.863409,Toronto-348d,22,36,Normal
2026-02-10 00:08:04.863409,Toronto-348d,47,5,Normal
2026-02-10 00:08:05.863409,Toronto-348d,-30,1,Normal
2026-02-10 00:08:06.863409,Toronto-348d,-21,82,Normal
2026-02-10 00:08:07.863409,Toronto-348d,41,94,Normal
2026-02-10 00:08:08.863409,Toronto-348d,26,42,Normal
2026-02-10 00:08:09.863409,Toronto-348d,14,76,Normal
2026-02-10 00:08:10.863409,Toronto-348d,38,64,Normal
2026-02-10 00:08:11.863409,Toronto-348d,30,59,Normal
2026-02-10 00:08:12.863409,Toronto-348d,-23,79,Normal
2026-02-10 00:08:13.863409,Toronto-348d,14,70,Normal
2026-02-10 00:08:14.863409,Toronto-348d,-4,74,Normal
2026-02-10 00:08:15.863409,Toronto-348d,-9,55,Normal
2026-02-10 00:08:16.863409,Toronto-348d,18,70,Normal
2026-02-10 00:08:17.863409,Toronto-348d,-15,15,Normal
2026-02-10 00:08:18.863409,Toronto-348d,2,72,Normal
2026-02-10 00:08:19.863409,Toronto-348d,18,63,Normal
2026-02-10 00:08:20.863409,Toronto-348d,6,89,Normal
2026-02-10 00:08:21.863409,Toronto-348d,-24,15,Normal
2026-02-10 00:08:22.863409,Toronto-348d,17,4,Normal
2026-02-10 00:08:23.863409,Toronto-348d,-30,90,Normal
2026-02-10 00:08:24.863409,Toronto-348d,28,85,Normal
2026-02-10 00:08:25.863409,Toronto-348d,-30,95,Normal
2026-02-10 00:08:26.863409,Toronto-348d,12,47,Normal
2026-02-10 00:08:27.863409,Toronto-348d,27,66,Normal
2026-02-10 00:08:28.863409,Toronto-348d,8,73,Normal
2026-02-10 00:08:29.863409,Toronto-348d,9,54,Normal
2026-02-10 00:08:30.863409,Toronto-348d,-13,12,Normal
2026-02-10 00:08:31.863409,Toronto-348d,5,13,Normal
2026-02-10 00:08:32.863409,Toronto-348d,32,94,Normal
2026-02-10 00:08:33.863409,Toronto-348d,25,95,Normal
2026-02-10 00:08:34.863409,Toronto-348d,-17,89,Normal
2026-02-10 00:08:35.863409,Toronto-348d,14,88,Normal
2026-02-10 00:08:36.863409,Toronto-348d,-23,22,Normal
2026-02-10 00:08:37.863409,Toronto-348d,18,5,Normal
2026-02-10 00:08:38.863409,Toronto-348d,19,33,Normal
2026-02-10 00:08:39.863409,Toronto-348d,-20,38,Normal
2026-02-10 00:08:40.863409,Toronto-348d,28,37,Normal
2026-02-10 00:08:41.863409,Toronto-348d,36,67,Normal
2026-02-10 00:08:42.863409,Toronto-348d,37,61,Normal
2026-02-10 00:08:43.863409,Toronto-348d,25,22,Normal
2026-02-10 00:08:44.863409,Toronto-348d,14,99,Normal
2026-02-10 00:08:45.863409,Toronto-348d,23,3,Normal
2026-02-10 00:08:46.863409,Toronto-348d,-8,79,Normal
2026-02-10 00:08:47.863409,Toronto-348d,18,88,Normal
2026-02-10 00:08:48.863409,Toronto-348d,43,11,Normal
2026-02-10 00:08:49.863409,Toronto-348d,31,27,Normal
2026-02-10 00:08:50.863409,Toronto-348d,38,82,Normal
2026-02-10 00:08:51.863409,Toronto-348d,23,56,Normal
2026-02-10 00:08:52.863409,Toronto-348d,45,30,Normal
2026-02-10 00:08:53.863409,Toronto-348d,42,78,Normal
2026-02-10 00:08:54.863409,Toronto-348d,-20,73,Normal
2026-02-10 00:08:55.863409,Toronto-348d,-23,74,Normal
2026-02-10 00:08:56.863409,Toronto-348d,44,0,Normal
2026-02-10 00:08:57.863409,Toronto-348d,19,58,Normal
2026-02-10 00:08:58.863409,Toronto-348d,3,31,Normal
2026-02-10 00:08:59.863409,Toronto-348d,21,75,Normal
2026-02-10 00:09:00.863409,Toronto-348d,13,48,Normal
2026-02-10 00:09:01.863409,Toronto-348d,35,87,Normal
2026-02-10 00:09:02.863409,Toronto-348d,32,36,Normal
2026-02-10 00:09:03.863409,Toronto-348d,20,53,Normal
2026-02-10 00:09:04.863409,Toronto-348d,-27,47,Normal
2026-02-10 00:09:05.863409,Toronto-348d,22,92,Normal
2026-02-10 00:09:06.863409,Toronto-348d,-6,14,Normal
2026-02-10 00:09:07.863409,Toronto-348d,-7,85,Normal
2026-02-10 00:09:08.863409,Toronto-348d,46,96,Normal
2026-02-10 00:09:09.863409,Toronto-348d,46,26,Normal
2026-02-10 00:09:10.863409,Toronto-348d,-28,1,Normal
2026-02-10 00:09:11.863409,Toronto-348d,-13,7,Normal
2026-02-10 00:09:12.863409,Toronto-348d,15,38,Normal
2026-02-10 00:09:13.863409,Toronto-348d,-6,13,Normal
2026-02-10 00:09:14.863409,Toronto-348d,23,87,Normal
2026-02-10 00:09:15.863409,Toronto-348d,29,92,Normal
2026-02-10 00:09:16.863409,Toronto-348d,20,23,Normal
2026-02-10 00:09:17.863409,Toronto-348d,50,10,Normal
2026-02-10 00:09:18.863409,Toronto-348d,22,74,Normal
2026-02-10 00:09:19.863409,Toronto-348d,-11,96,Normal
2026-02-10 00:09:20.863409,Toronto-348d,19,41,Normal
2026-02-10 00:09:21.863409,Toronto-348d,50,77,Normal
2026-02-10 00:09:22.863409,Toronto-348d,32,84,Normal
2026-02-10 00:09:23.863409,Toronto-348d,32,6,Normal
2026-02-10 00:09:24.863409,Toronto-348d,-27,58,Normal
2026-02-10 00:09:25.863409,Toronto-348d,43,36,Normal
2026-02-10 00:09:26.863409,Toronto-348d,-8,90,Normal
2026-02-10 00:09:27.863409,Toronto-348d,27,15,Normal
2026-02-10 00:09:28.863409,Toronto-348d,9,75,Normal
2026-02-10 00:09:29.863409,Toronto-348d,36,64,Normal
2026-02-10 00:09:30.863409,Toronto-348d,21,76,Normal
2026-02-10 00:09:31.863409,Toronto-348d,-29,53,Normal
2026-02-10 00:09:32.863409,Toronto-348d,-13,40,Normal
2026-02-10 00:09:33.863409,Toronto-348d,-3,71,Normal
2026-02-10 00:09:34.863409,Toronto-348d,-18,19,Normal
2026-02-10 00:09:35.863409,Toronto-348d,3,79,Normal
2026-02-10 00:09:36.863409,Toronto-348d,27,17,Normal
2026-02-10 00:09:37.863409,Toronto-348d,7,88,Normal
2026-02-10 00:09:38.863409,Toronto-348d,35,98,Normal
2026-02-10 00:09:39.863409,Toronto-348d,20,93,Normal
2026-02-10 00:09:40.863409,Toronto-348d,-7,48,Normal
2026-02-10 00:09:41.863409,Toronto-348d,0,62,Normal
2026-02-10 00:09:42.863409,Toronto-348d,-11,18,Normal
2026-02-10 00:09:43.863409,Toronto-348d,-10,18,Normal
2026-02-10 00:09:44.863409,Toronto-348d,-20,30,Normal
2026-02-10 00:09:45.863409,Toronto-348d,26,17,Normal
2026-02-10 00:09:46.863409,Toronto-348d,0,90,Normal
2026-02-10 00:09:47.863409,Toronto-348d,35,79,Normal
2026-02-10 00:09:48.863409,Toronto-348d,-23,22,Normal
2026-02-10 00:09:49.863409,Toronto-348d,14,38,Normal
2026-02-10 00:09:50.863409,Toronto-348d,9,31,Normal
2026-02-10 00:09:51.863409,Toronto-348d,-16,76,Normal
2026-02-10 00:09:52.863409,Toronto-348d,25,47,Normal
2026-02-10 00:09:53.863409,Toronto-348d,31,69,Normal
2026-02-10 00:09:54.863409,Toronto-348d,1,87,Normal
2026-02-10 00:09:55.863409,Toronto-348d,-26,88,Normal
2026-02-10 00:09:56.863409,Toronto-348d,47,54,Normal
2026-02-10 00:09:57.863409,Toronto-348d,-27,28,Normal
2026-02-10 00:09:58.863409,Toronto-348d,35,11,Normal
2026-02-10 00:09:59.863409,Toronto-348d,-22,96,Normal
2026-02-10 00:10:00.863409,Toronto-348d,2,16,Normal
2026-02-10 00:10:01.863409,Toronto-348d,-10,20,Normal
2026-02-10 00:10:02.863409,Toronto-348d,1,84,Normal
2026-02-10 00:10:03.863409,Toronto-348d,26,21,Normal
2026-02-10 00:10:04.863409,Toronto-348d,29,75,Normal
2026-02-10 00:10:05.863409,Toronto-348d,-15,70,Normal
2026-02-10 00:10:06.863409,Toronto-348d,-23,99,Normal
2026-02-10 00:10:07.863409,Toronto-348d,-26,29,Normal
2026-02-10 00:10:08.863409,Toronto-348d,23,95,Normal
2026-02-10 00:10:09.863409,Toronto-348d,35,14,Normal
2026-02-10 00:10:10.863409,Toronto-348d,-28,63,Normal
2026-02-10 00:10:11.863409,Toronto-348d,48,13,Normal
2026-02-10 00:10:12.863409,Toronto-348d,16,55,Normal
2026-02-10 00:10:13.863409,Toronto-348d,40,79,Normal
2026-02-10 00:10:14.863409,Toronto-348d,25,31,Normal
2026-02-10 00:10:15.863409,Toronto-348d,12,48,Normal
2026-02-10 00:10:16.863409,Toronto-348d,8,69,Normal
2026-02-10 00:10:17.863409,Toronto-348d,49,20,Normal
2026-02-10 00:10:18.863409,Toronto-348d,-29,94,Normal
2026-02-10 00:10:19.863409,Toronto-348d,-22,30,Normal
2026-02-10 00:10:20.863409,Toronto-348d,39,19,Normal
2026-02-10 00:10:21.863409,Toronto-348d,46,65,Normal
2026-02-10 00:10:22.863409,Toronto-348d,43,7,Normal
2026-02-10 00:10:23.863409,Toronto-348d,13,38,Normal
2026-02-10 00:10:24.863409,Toronto-348d,31,41,Normal
2026-02-10 00:10:25.863409,Toronto-348d,7,9,Normal
2026-02-10 00:10:26.863409,Toronto-348d,-9,35,Normal
2026-02-10 00:10:27.863409,Toronto-348d,-17,56,Normal
2026-02-10 00:10:28.863409,Toronto-348d,-27,84,Normal
2026-02-10 00:10:29.863409,Toronto-348d,-21,19,Normal
2026-02-10 00:10:30.863409,Toronto-348d,44,91,Normal
2026-02-10 00:10:31.863409,Toronto-348d,-10,65,Normal
2026-02-10 00:10:32.863409,Toronto-348d,11,40,Normal
2026-02-10 00:10:33.863409,Toronto-348d,48,4,Normal
2026-02-10 00:10:34.863409,Toronto-348d,8,49,Normal
2026-02-10 00:10:35.863409,Toronto-348d,-24,42,Normal
2026-02-10 00:10:36.863409,Toronto-348d,26,70,Normal
2026-02-10 00:10:37.863409,Toronto-348d,23,77,Normal
2026-02-10 00:10:38.863409,Toronto-348d,38,65,Normal
2026-02-10 00:10:39.863409,Toronto-348d,-14,12,Normal
2026-02-10 00:10:40.863409,Toronto-348d,20,52,Normal
2026-02-10 00:10:41.863409,Toronto-348d,9,42,Normal
2026-02-10 00:10:42.863409,Toronto-348d,-22,0,Normal
2026-02-10 00:10:43.863409,Toronto-348d,45,74,Normal
2026-02-10 00:10:44.863409,Toronto-348d,13,44,Normal
2026-02-10 00:10:45.863409,Toronto-348d,-5,93,Normal
2026-02-10 00:10:46.863409,Toronto-348d,-15,54,Normal
2026-02-10 00:10:47.863409,Toronto-348d,45,62,Normal
2026-02-10 00:10:48.863409,Toronto-348d,15,88,Normal
2026-02-10 00:10:49.863409,Toronto-348d,-8,11,Normal
2026-02-10 00:10:50.863409,Toronto-348d,13,62,Normal
2026-02-10 00:10:51.863409,Toronto-348d,14,54,Normal
2026-02-10 00:10:52.863409,Toronto-348d,37,57,Normal
2026-02-10 00:10:53.863409,Toronto-348d,3,74,Normal
2026-02-10 00:10:54.863409,Toronto-348d,-1,38,Normal
2026-02-10 00:10:55.863409,Toronto-348d,-7,23,Normal
2026-02-10 00:10:56.863409,Toronto-348d,-11,70,Normal
2026-02-10 00:10:57.863409,Toronto-348d,29,65,Normal
2026-02-10 00:10:58.863409,Toronto-348d,-2,4,Normal
2026-02-10 00:10:59.863409,Toronto-348d,45,56,Normal
2026-02-10 00:11:00.863409,Toronto-348d,33,74,Normal
2026-02-10 00:11:01.863409,Toronto-348d,50,23,Normal
2026-02-10 00:11:02.863409,Toronto-348d,-11,11,Normal
2026-02-10 00:11:03.863409,Toronto-348d,-16,82,Normal
2026-02-10 00:11:04.863409,Toronto-348d,42,12,Normal
2026-02-10 00:11:05.863409,Toronto-348d,10,94,Normal
2026-02-10 00:11:06.863409,Toronto-348d,-2,50,Normal
2026-02-10 00:11:07.863409,Toronto-348d,39,3,Normal
2026-02-10 00:11:08.863409,Toronto-348d,2,20,Normal
2026-02-10 00:11:09.863409,Toronto-348d,49,20,Normal
2026-02-10 00:11:10.863409,Toronto-348d,21,45,Normal
2026-02-10 00:11:11.863409,Toronto-348d,-17,8,Normal
2026-02-10 00:11:12.863409,Toronto-348d,0,92,Normal
2026-02-10 00:11:13.863409,Toronto-348d,-25,25,Normal
2026-02-10 00:11:14.863409,Toronto-348d,45,21,Normal
2026-02-10 00:11:15.863409,Toronto-348d,-11,68,Normal
2026-02-10 00:11:16.863409,Toronto-348d,10,60,Normal
2026-02-10 00:11:17.863409,Toronto-348d,27,83,Normal
2026-02-10 00:11:18.863409,Toronto-348d,32,58,Normal
2026-02-10 00:11:19.863409,Toronto-348d,45,30,Normal
2026-02-10 00:11:20.863409,Toronto-348d,-20,85,Normal
2026-02-10 00:11:21.863409,Toronto-348d,27,97,Normal
2026-02-10 00:11:22.863409,Toronto-348d,35,15,Normal
2026-02-10 00:11:23.863409,Toronto-348d,-13,52,Normal
2026-02-10 00:11:24.863409,Toronto-348d,-11,57,Normal
2026-02-10 00:11:25.863409,Toronto-348d,15,87,Normal
2026-02-10 00:11:26.863409,Toronto-348d,39,41,Normal
2026-02-10 00:11:27.863409,Toronto-348d,-29,70,Normal
2026-02-10 00:11:28.863409,Toronto-348d,-18,61,Normal
2026-02-10 00:11:29.863409,Toronto-348d,3,94,Normal
2026-02-10 00:11:30.863409,Toronto-348d,36,58,Normal
2026-02-10 00:11:31.863409,Toronto-348d,-16,61,Normal
2026-02-10 00:11:32.863409,Toronto-348d,-12,33,Normal
2026-02-10 00:11:33.863409,Toronto-348d,-21,46,Normal
2026-02-10 00:11:34.863409,Toronto-348d,44,43,Normal
2026-02-10 00:11:35.863409,Toronto-348d,-26,50,Normal
2026-02-10 00:11:36.863409,Toronto-348d,28,0,Normal
2026-02-10 00:11:37.863409,Toronto-348d,14,66,Normal
2026-02-10 00:11:38.863409,Toronto-348d,-13,95,Normal
2026-02-10 00:11:39.863409,Toronto-348d,-27,73,Normal
2026-02-10 00:11:40.863409,Toronto-348d,49,53,Normal
2026-02-10 00:11:41.863409,Toronto-348d,-30,15,Normal
2026-02-10 00:11:42.863409,Toronto-348d,-13,65,Normal
2026-02-10 00:11:43.863409,Toronto-348d,-26,56,Normal
2026-02-10 00:11:44.863409,Toronto-348d,-10,22,Normal
2026-02-10 00:11:45.863409,Toronto-348d,45,34,Normal
2026-02-10 00:11:46.863409,Toronto-348d,23,86,Normal
2026-02-10 00:11:47.863409,Toronto-348d,19,32,Normal
2026-02-10 00:11:48.863409,Toronto-348d,0,54,Normal
2026-02-10 00:11:49.863409,Toronto-348d,38,93,Normal
2026-02-10 00:11:50.863409,Toronto-348d,1,15,Normal
2026-02-10 00:11:51.863409,Toronto-348d,42,38,Normal
2026-02-10 00:11:52.863409,Toronto-348d,-12,33,Normal
2026-02-10 00:11:53.863409,Toronto-348d,1,41,Normal
2026-02-10 00:11:54.863409,Toronto-348d,-4,45,Normal
2026-02-10 00:11:55.863409,Toronto-348d,-28,62,Normal
2026-02-10 00:11:56.863409,Toronto-348d,-1,10,Normal
2026-02-10 00:11:57.863409,Toronto-348d,31,89,Normal
2026-02-10 00:11:58.863409,Toronto-348d,-16,5,Normal
2026-02-10 00:11:59.863409,Toronto-348d,-17,47,Normal
2026-02-10 00:12:00.863409,Toronto-348d,40,72,Normal
2026-02-10 00:12:01.863409,Toronto-348d,-29,70,Normal
2026-02-10 00:12:02.863409,Toronto-348d,9,82,Normal
2026-02-10 00:12:03.863409,Toronto-348d,42,81,Normal
2026-02-10 00:12:04.863409,Toronto-348d,3,7,Normal
2026-02-10 00:12:05.863409,Toronto-348d,32,83,Normal
2026-02-10 00:12:06.863409,Toronto-348d,50,90,Normal
2026-02-10 00:12:07.863409,Toronto-348d,15,5,Normal
2026-02-10 00:12:08.863409,Toronto-348d,17,55,Normal
2026-02-10 00:12:09.863409,Toronto-348d,25,5,Normal
2026-02-10 00:12:10.863409,Toronto-348d,6,67,Normal
2026-02-10 00:12:11.863409,Toronto-348d,33,75,Normal
2026-02-10 00:12:12.863409,Toronto-348d,47,94,Normal
2026-02-10 00:12:13.863409,Toronto-348d,26,60,Normal
2026-02-10 00:12:14.863409,Toronto-348d,4,22,Normal
2026-02-10 00:12:15.863409,Toronto-348d,11,61,Normal
2026-02-10 00:12:16.863409,Toronto-348d,46,9,Normal
2026-02-10 00:12:17.863409,Toronto-348d,30,59,Normal
2026-02-10 00:12:18.863409,Toronto-348d,22,37,Normal
2026-02-10 00:12:19.863409,Toronto-348d,-1,79,Normal
2026-02-10 00:12:20.863409,Toronto-348d,2,49,Normal
2026-02-10 00:12:21.863409,Toronto-348d,-18,2,Normal
2026-02-10 00:12:22.863409,Toronto-348d,-9,27,Normal
2026-02-10 00:12:23.863409,Toronto-348d,41,48,Normal
2026-02-10 00:12:24.863409,Toronto-348d,17,19,Normal
2026-02-10 00:12:25.863409,Toronto-348d,36,74,Normal
2026-02-10 00:12:26.863409,Toronto-348d,-15,62,Normal
2026-02-10 00:12:27.863409,Toronto-348d,1,28,Normal
2026-02-10 00:12:28.863409,Toronto-348d,-16,94,Normal
2026-02-10 00:12:29.863409,Toronto-348d,12,63,Normal
2026-02-10 00:12:30.863409,Toronto-348d,-6,62,Normal
2026-02-10 00:12:31.863409,Toronto-348d,37,52,Normal
2026-02-10 00:12:32.863409,Toronto-348d,37,78,Normal
2026-02-10 00:12:33.863409,Toronto-348d,-21,80,Normal
2026-02-10 00:12:34.863409,Toronto-348d,21,50,Normal
2026-02-10 00:12:35.863409,Toronto-348d,-22,9,Normal
2026-02-10 00:12:36.863409,Toronto-348d,-25,22,Normal
2026-02-10 00:12:37.863409,Toronto-348d,-30,68,Normal
2026-02-10 00:12:38.863409,Toronto-348d,5,91,Normal
2026-02-10 00:12:39.863409,Toronto-348d,25,67,Normal
2026-02-10 00:12:40.863409,Toronto-348d,20,44,Normal
2026-02-10 00:12:41.863409,Toronto-348d,-13,56,Normal
2026-02-10 00:12:42.863409,Toronto-348d,6,2,Normal
2026-02-10 00:12:43.863409,Toronto-348d,13,63,Normal
2026-02-10 00:12:44.863409,Toronto-348d,18,63,Normal
2026-02-10 00:12:45.863409,Toronto-348d,7,35,Normal
2026-02-10 00:12:46.863409,Toronto-348d,-27,62,Normal
2026-02-10 00:12:47.863409,Toronto-348d,-13,6,Normal
2026-02-10 00:12:48.863409,Toronto-348d,20,24,Normal
2026-02-10 00:12:49.863409,Toronto-348d,-1,86,Normal
2026-02-10 00:12:50.863409,Toronto-348d,13,57,Normal
2026-02-10 00:12:51.863409,Toronto-348d,2,24,Normal
2026-02-10 00:12:52.863409,Toronto-348d,-12,41,Normal
2026-02-10 00:12:53.863409,Toronto-348d,24,26,Normal
2026-02-10 00:12:54.863409,Toronto-348d,7,19,Normal
2026-02-10 00:12:55.863409,Toronto-348d,-13,29,Normal
2026-02-10 00:12:56.863409,Toronto-348d,4,60,Normal
2026-02-10 00:12:57.863409,Toronto-348d,-22,81,Normal
2026-02-10 00:12:58.863409,Toronto-348d,8,60,Normal
2026-02-10 00:12:59.863409,Toronto-348d,23,41,Normal
2026-02-10 00:13:00.863409,Toronto-348d,-29,42,Normal
2026-02-10 00:13:01.863409,Toronto-348d,-7,79,Normal
2026-02-10 00:13:02.863409,Toronto-348d,5,87,Normal
2026-02-10 00:13:03.863409,Toronto-348d,-10,36,Normal
2026-02-10 00:13:04.863409,Toronto-348d,4,33,Normal
2026-02-10 00:13:05.863409,Toronto-348d,-19,19,Normal
2026-02-10 00:13:06.863409,Toronto-348d,30,56,Normal
2026-02-10 00:13:07.863409,Toronto-348d,7,64,Normal
2026-02-10 00:13:08.863409,Toronto-348d,38,66,Normal
2026-02-10 00:13:09.863409,Toronto-348d,18,68,Normal
2026-02-10 00:13:10.863409,Toronto-348d,34,80,Normal
2026-02-10 00:13:11.863409,Toronto-348d,-27,21,Normal
2026-02-10 00:13:12.863409,Toronto-348d,7,15,Normal
2026-02-10 00:13:13.863409,Toronto-348d,-11,7,Normal
2026-02-10 00:13:14.863409,Toronto-348d,-19,73,Normal
2026-02-10 00:13:15.863409,Toronto-348d,-19,27,Normal
2026-02-10 00:13:16.863409,Toronto-348d,15,5,Normal
2026-02-10 00:13:17.863409,Toronto-348d,43,1,Normal
2026-02-10 00:13:18.863409,Toronto-348d,21,52,Normal
2026-02-10 00:13:19.863409,Toronto-348d,18,58,Normal
2026-02-10 00:13:20.863409,Toronto-348d,33,26,Normal
2026-02-10 00:13:21.863409,Toronto-348d,-28,74,Normal
2026-02-10 00:13:22.863409,Toronto-348d,43,56,Normal
2026-02-10 00:13:23.863409,Toronto-348d,-21,79,Normal
2026-02-10 00:13:24.863409,Toronto-348d,-8,11,Normal
2026-02-10 00:13:25.863409,Toronto-348d,-27,20,Normal
2026-02-10 00:13:26.863409,Toronto-348d,5,67,Normal
2026-02-10 00:13:27.863409,Toronto-348d,16,75,Normal
2026-02-10 00:13:28.863409,Toronto-348d,20,2,Normal
2026-02-10 00:13:29.863409,Toronto-348d,45,55,Normal
2026-02-10 00:13:30.863409,Toronto-348d,-16,97,Normal
2026-02-10 00:13:31.863409,Toronto-348d,-27,73,Normal
2026-02-10 00:13:32.863409,Toronto-348d,-25,89,Normal
2026-02-10 00:13:33.863409,Toronto-348d,-10,32,Normal
2026-02-10 00:13:34.863409,Toronto-348d,14,16,Normal
2026-02-10 00:13:35.863409,Toronto-348d,8,61,Normal
2026-02-10 00:13:36.863409,Toronto-348d,11,68,Normal
2026-02-10 00:13:37.863409,Toronto-348d,12,89,Normal
2026-02-10 00:13:38.863409,Toronto-348d,46,22,Normal
2026-02-10 00:13:39.863409,Toronto-348d,30,23,Normal
2026-02-10 00:13:40.863409,Toronto-348d,50,4,Normal
2026-02-10 00:13:41.863409,Toronto-348d,25,91,Normal
2026-02-10 00:13:42.863409,Toronto-348d,44,85,Normal
2026-02-10 00:13:43.863409,Toronto-348d,6,81,Normal
2026-02-10 00:13:44.863409,Toronto-348d,-16,58,Normal
2026-02-10 00:13:45.863409,Toronto-348d,25,74,Normal
2026-02-10 00:13:46.863409,Toronto-348d,-22,53,Normal
2026-02-10 00:13:47.863409,Toronto-348d,-13,54,Normal
2026-02-10 00:13:48.863409,Toronto-348d,36,31,Normal
2026-02-10 00:13:49.863409,Toronto-348d,17,90,Normal
2026-02-10 00:13:50.863409,Toronto-348d,39,39,Normal
2026-02-10 00:13:51.863409,Toronto-348d,-12,1,Normal
2026-02-10 00:13:52.863409,Toronto-348d,39,24,Normal
2026-02-10 00:13:53.863409,Toronto-348d,37,47,Normal
2026-02-10 00:13:54.863409,Toronto-348d,-15,96,Normal
2026-02-10 00:13:55.863409,Toronto-348d,37,6,Normal
2026-02-10 00:13:56.863409,Toronto-348d,17,40,Normal
2026-02-10 00:13:57.863409,Toronto-348d,23,69,Normal
2026-02-10 00:13:58.863409,Toronto-348d,5,7,Normal
2026-02-10 00:13:59.863409,Toronto-348d,50,49,Normal
2026-02-10 00:14:00.863409,Toronto-348d,44,93,Normal
2026-02-10 00:14:01.863409,Toronto-348d,5,37,Normal
2026-02-10 00:14:02.863409,Toronto-348d,40,77,Normal
2026-02-10 00:14:03.863409,Toronto-348d,24,14,Normal
2026-02-10 00:14:04.863409,Toronto-348d,18,77,Normal
2026-02-10 00:14:05.863409,Toronto-348d,6,87,Normal
2026-02-10 00:14:06.863409,Toronto-348d,17,95,Normal
2026-02-10 00:14:07.863409,Toronto-348d,16,21,Normal
2026-02-10 00:14:08.863409,Toronto-348d,1,32,Normal
2026-02-10 00:14:09.863409,Toronto-348d,8,47,Normal
2026-02-10 00:14:10.863409,Toronto-348d,4,21,Normal
2026-02-10 00:14:11.863409,Toronto-348d,36,86,Normal
2026-02-10 00:14:12.863409,Toronto-348d,19,82,Normal
2026-02-10 00:14:13.863409,Toronto-348d,2,95,Normal
2026-02-10 00:14:14.863409,Toronto-348d,-27,2,Normal
2026-02-10 00:14:15.863409,Toronto-348d,38,68,Normal
2026-02-10 00:14:16.863409,Toronto-348d,39,76,Normal
2026-02-10 00:14:17.863409,Toronto-348d,40,45,Normal
2026-02-10 00:14:18.863409,Toronto-348d,-29,3,Normal
2026-02-10 00:14:19.863409,Toronto-348d,-11,54,Normal
2026-02-10 00:14:20.863409,Toronto-348d,-23,71,Normal
2026-02-10 00:14:21.863409,Toronto-348d,-24,71,Normal
2026-02-10 00:14:22.863409,Toronto-348d,13,42,Normal
2026-02-10 00:14:23.863409,Toronto-348d,-25,91,Normal
2026-02-10 00:14:24.863409,Toronto-348d,34,100,Normal
2026-02-10 00:14:25.863409,Toronto-348d,-27,69,Normal
2026-02-10 00:14:26.863409,Toronto-348d,18,93,Normal
2026-02-10 00:14:27.863409,Toronto-348d,3,16,Normal
2026-02-10 00:14:28.863409,Toronto-348d,8,23,Normal
2026-02-10 00:14:29.863409,Toronto-348d,-12,89,Normal
2026-02-10 00:14:30.863409,Toronto-348d,-26,0,Normal
2026-02-10 00:14:31.863409,Toronto-348d,-27,73,Normal
2026-02-10 00:14:32.863409,Toronto-348d,-1,60,Normal
2026-02-10 00:14:33.863409,Toronto-348d,35,74,Normal
2026-02-10 00:14:34.863409,Toronto-348d,41,31,Normal
2026-02-10 00:14:35.863409,Toronto-348d,-10,52,Normal
2026-02-10 00:14:36.863409,Toronto-348d,14,17,Normal
2026-02-10 00:14:37.863409,Toronto-348d,13,94,Normal
2026-02-10 00:14:38.863409,Toronto-348d,35,89,Normal
2026-02-10 00:14:39.863409,Toronto-348d,-21,63,Normal
2026-02-10 00:14:40.863409,Toronto-348d,30,55,Normal
2026-02-10 00:14:41.863409,Toronto-348d,29,70,Normal
2026-02-10 00:14:42.863409,Toronto-348d,46,14,Normal
2026-02-10 00:14:43.863409,Toronto-348d,23,33,Normal
2026-02-10 00:14:44.863409,Toronto-348d,-29,17,Normal
2026-02-10 00:14:45.863409,Toronto-348d,41,91,Normal
2026-02-10 00:14:46.863409,Toronto-348d,36,48,Normal
2026-02-10 00:14:47.863409,Toronto-348d,-14,90,Normal
2026-02-10 00:14:48.863409,Toronto-348d,40,24,Normal
2026-02-10 00:14:49.863409,Toronto-348d,11,11,Normal
2026-02-10 00:14:50.863409,Toronto-348d,22,72,Normal
2026-02-10 00:14:51.863409,Toronto-348d,13,57,Normal
2026-02-10 00:14:52.863409,Toronto-348d,16,65,Normal
2026-02-10 00:14:53.863409,Toronto-348d,-8,64,Normal
2026-02-10 00:14:54.863409,Toronto-348d,37,7,Normal
2026-02-10 00:14:55.863409,Toronto-348d,-19,20,Normal
2026-02-10 00:14:56.863409,Toronto-348d,23,31,Normal
2026-02-10 00:14:57.863409,Toronto-348d,37,16,Normal
2026-02-10 00:14:58.863409,Toronto-348d,20,12,Normal
2026-02-10 00:14:59.863409,Toronto-348d,50,33,Normal
2026-02-10 00:15:00.863409,Toronto-348d,41,12,Normal
2026-02-10 00:15:01.863409,Toronto-348d,43,44,Normal
2026-02-10 00:15:02.863409,Toronto-348d,-19,62,Normal
2026-02-10 00:15:03.863409,Toronto-348d,3,73,Normal
2026-02-10 00:15:04.863409,Toronto-348d,-22,2,Normal
2026-02-10 00:15:05.863409,Toronto-348d,28,80,Normal
2026-02-10 00:15:06.863409,Toronto-348d,47,25,Normal
2026-02-10 00:15:07.863409,Toronto-348d,41,71,Normal
2026-02-10 00:15:08.863409,Toronto-348d,8,14,Normal
2026-02-10 00:15:09.863409,Toronto-348d,17,0,Normal
2026-02-10 00:15:10.863409,Toronto-348d,-9,66,Normal
2026-02-10 00:15:11.863409,Toronto-348d,20,24,Normal
2026-02-10 00:15:12.863409,Toronto-348d,-21,95,Normal
2026-02-10 00:15:13.863409,Toronto-348d,25,43,Normal
2026-02-10 00:15:14.863409,Toronto-348d,-17,12,Normal
2026-02-10 00:15:15.863409,Toronto-348d,32,7,Normal
2026-02-10 00:15:16.863409,Toronto-348d,30,58,Normal
2026-02-10 00:15:17.863409,Toronto-348d,34,10,Normal
2026-02-10 00:15:18.863409,Toronto-348d,-12,46,Normal
2026-02-10 00:15:19.863409,Toronto-348d,46,42,Normal
2026-02-10 00:15:20.863409,Toronto-348d,39,10,Normal
2026-02-10 00:15:21.863409,Toronto-348d,36,71,Normal
2026-02-10 00:15:22.863409,Toronto-348d,-2,77,Normal
2026-02-10 00:15:23.863409,Toronto-348d,44,30,Normal
2026-02-10 00:15:24.863409,Toronto-348d,26,20,Normal
2026-02-10 00:15:25.863409,Toronto-348d,-8,35,Normal
2026-02-10 00:15:26.863409,Toronto-348d,-9,57,Normal
2026-02-10 00:15:27.863409,Toronto-348d,18,20,Normal
2026-02-10 00:15:28.863409,Toronto-348d,-1,47,Normal
2026-02-10 00:15:29.863409,Toronto-348d,-23,62,Normal
2026-02-10 00:15:30.863409,Toronto-348d,-19,38,Normal
2026-02-10 00:15:31.863409,Toronto-348d,-14,75,Normal
2026-02-10 00:15:32.863409,Toronto-348d,6,18,Normal
2026-02-10 00:15:33.863409,Toronto-348d,6,6,Normal
2026-02-10 00:15:34.863409,Toronto-348d,27,86,Normal
2026-02-10 00:15:35.863409,Toronto-348d,0,45,Normal
2026-02-10 00:15:36.863409,Toronto-348d,46,72,Normal
2026-02-10 00:15:37.863409,Toronto-348d,8,57,Normal
2026-02-10 00:15:38.863409,Toronto-348d,-10,24,Normal
2026-02-10 00:15:39.863409,Toronto-348d,-11,61,Normal
2026-02-10 00:15:40.863409,Toronto-348d,37,37,Normal
2026-02-10 00:15:41.863409,Toronto-348d,-3,33,Normal
2026-02-10 00:15:42.863409,Toronto-348d,27,68,Normal
2026-02-10 00:15:43.863409,Toronto-348d,-2,91,Normal
2026-02-10 00:15:44.863409,Toronto-348d,36,37,Normal
2026-02-10 00:15:45.863409,Toronto-348d,36,38,Normal
2026-02-10 00:15:46.863409,Toronto-348d,31,4,Normal
2026-02-10 00:15:47.863409,Toronto-348d,11,20,Normal
2026-02-10 00:15:48.863409,Toronto-348d,33,35,Normal
2026-02-10 00:15:49.863409,Toronto-348d,31,92,Normal
2026-02-10 00:15:50.863409,Toronto-348d,15,81,Normal
2026-02-10 00:15:51.863409,Toronto-348d,48,22,Normal
2026-02-10 00:15:52.863409,Toronto-348d,-4,19,Normal
2026-02-10 00:15:53.863409,Toronto-348d,-7,40,Normal
2026-02-10 00:15:54.863409,Toronto-348d,28,75,Normal
2026-02-10 00:15:55.863409,Toronto-348d,42,89,Normal
2026-02-10 00:15:56.863409,Toronto-348d,33,25,Normal
2026-02-10 00:15:57.863409,Toronto-348d,17,88,Normal
2026-02-10 00:15:58.863409,Toronto-348d,23,28,Normal
2026-02-10 00:15:59.863409,Toronto-348d,39,15,Normal
2026-02-10 00:16:00.863409,Toronto-348d,45,67,Normal
2026-02-10 00:16:01.863409,Toronto-348d,-9,3,Normal
2026-02-10 00:16:02.863409,Toronto-348d,22,86,Normal
2026-02-10 00:16:03.863409,Toronto-348d,-22,24,Normal
2026-02-10 00:16:04.863409,Toronto-348d,-25,28,Normal
2026-02-10 00:16:05.863409,Toronto-348d,-18,52,Normal
2026-02-10 00:16:06.863409,Toronto-348d,-17,21,Normal
2026-02-10 00:16:07.863409,Toronto-348d,25,8,Normal
2026-02-10 00:16:08.863409,Toronto-348d,-22,12,Normal
2026-02-10 00:16:09.863409,Toronto-348d,38,90,Normal
2026-02-10 00:16:10.863409,Toronto-348d,26,98,Normal
2026-02-10 00:16:11.863409,Toronto-348d,2,6,Normal
2026-02-10 00:16:12.863409,Toronto-348d,38,60,Normal
2026-02-10 00:16:13.863409,Toronto-348d,-10,53,Normal
2026-02-10 00:16:14.863409,Toronto-348d,-3,89,Normal
2026-02-10 00:16:15.863409,Toronto-348d,45,58,Normal
2026-02-10 00:16:16.863409,Toronto-348d,-6,54,Normal
2026-02-10 00:16:17.863409,Toronto-348d,31,29,Normal
2026-02-10 00:16:18.863409,Toronto-348d,-23,0,Normal
2026-02-10 00:16:19.863409,Toronto-348d,22,8,Normal
2026-02-10 00:16:20.863409,Toronto-348d,10,0,Normal
2026-02-10 00:16:21.863409,Toronto-348d,42,65,Normal
2026-02-10 00:16:22.863409,Toronto-348d,16,36,Normal
2026-02-10 00:16:23.863409,Toronto-348d,42,39,Normal
2026-02-10 00:16:24.863409,Toronto-348d,41,12,Normal
2026-02-10 00:16:25.863409,Toronto-348d,24,51,Normal
2026-02-10 00:16:26.863409,Toronto-348d,28,2,Normal
2026-02-10 00:16:27.863409,Toronto-348d,-29,89,Normal
2026-02-10 00:16:28.863409,Toronto-348d,12,7,Normal
2026-02-10 00:16:29.863409,Toronto-348d,46,0,Normal
2026-02-10 00:16:30.863409,Toronto-348d,-27,35,Normal
2026-02-10 00:16:31.863409,Toronto-348d,36,6,Normal
2026-02-10 00:16:32.863409,Toronto-348d,27,34,Normal
2026-02-10 00:16:33.863409,Toronto-348d,-22,11,Normal
2026-02-10 00:16:34.863409,Toronto-348d,28,30,Normal
2026-02-10 00:16:35.863409,Toronto-348d,14,62,Normal
2026-02-10 00:16:36.863409,Toronto-348d,-17,91,Normal
2026-02-10 00:16:37.863409,Toronto-348d,5,67,Normal
2026-02-10 00:16:38.863409,Toronto-348d,-14,56,Normal
2026-02-10 00:16:39.863409,Toronto-348d,5,80,Normal
2026-02-10 00:16:40.863409,Toronto-348d,-25,35,Normal
2026-02-10 00:16:41.863409,Toronto-348d,-26,64,Normal
2026-02-10 00:16:42.863409,Toronto-348d,15,23,Normal
2026-02-10 00:16:43.863409,Toronto-348d,9,49,Normal
2026-02-10 00:16:44.863409,Toronto-348d,41,58,Normal
2026-02-10 00:16:45.863409,Toronto-348d,-16,58,Normal
2026-02-10 00:16:46.863409,Toronto-348d,8,84,Normal
2026-02-10 00:16:47.863409,Toronto-348d,0,26,Normal
2026-02-10 00:16:48.863409,Toronto-348d,-13,99,Normal
2026-02-10 00:16:49.863409,Toronto-348d,-29,87,Normal
2026-02-10 00:16:50.863409,Toronto-348d,-21,19,Normal
2026-02-10 00:16:51.863409,Toronto-348d,-9,28,Normal
2026-02-10 00:16:52.863409,Toronto-348d,41,25,Normal
2026-02-10 00:16:53.863409,Toronto-348d,26,65,Normal
2026-02-10 00:16:54.863409,Toronto-348d,11,14,Normal
2026-02-10 00:16:55.863409,Toronto-348d,21,97,Normal
2026-02-10 00:16:56.863409,Toronto-348d,46,57,Normal
2026-02-10 00:16:57.863409,Toronto-348d,-15,44,Normal
2026-02-10 00:16:58.863409,Toronto-348d,-17,73,Normal
2026-02-10 00:16:59.863409,Toronto-348d,28,83,Normal
2026-02-10 00:17:00.863409,Toronto-348d,1,64,Normal
2026-02-10 00:17:01.863409,Toronto-348d,25,45,Normal
2026-02-10 00:17:02.863409,Toronto-348d,28,100,Normal
2026-02-10 00:17:03.863409,Toronto-348d,-1,62,Normal
2026-02-10 00:17:04.863409,Toronto-348d,-19,86,Normal
2026-02-10 00:17:05.863409,Toronto-348d,-17,100,Normal
2026-02-10 00:17:06.863409,Toronto-348d,10,7,Normal
2026-02-10 00:17:07.863409,Toronto-348d,32,83,Normal
2026-02-10 00:17:08.863409,Toronto-348d,-18,33,Normal
2026-02-10 00:17:09.863409,Toronto-348d,-21,63,Normal
2026-02-10 00:17:10.863409,Toronto-348d,-27,58,Normal
2026-02-10 00:17:11.863409,Toronto-348d,-27,87,Normal
2026-02-10 00:17:12.863409,Toronto-348d,6,71,Normal
2026-02-10 00:17:13.863409,Toronto-348d,-11,28,Normal
2026-02-10 00:17:14.863409,Toronto-348d,6,56,Normal
2026-02-10 00:17:15.863409,Toronto-348d,-2,70,Normal
2026-02-10 00:17:16.863409,Toronto-348d,-29,82,Normal
2026-02-10 00:17:17.863409,Toronto-348d,-12,58,Normal
2026-02-10 00:17:18.863409,Toronto-348d,29,52,Normal
2026-02-10 00:17:19.863409,Toronto-348d,32,64,Normal
2026-02-10 00:17:20.863409,Toronto-348d,-1,62,Normal
2026-02-10 00:17:21.863409,Toronto-348d,46,66,Normal
2026-02-10 00:17:22.863409,Toronto-348d,8,3,Normal
2026-02-10 00:17:23.863409,Toronto-348d,4,4,Normal
2026-02-10 00:17:24.863409,Toronto-348d,40,60,Normal
2026-02-10 00:17:25.863409,Toronto-348d,-20,22,Normal
2026-02-10 00:17:26.863409,Toronto-348d,-19,13,Normal
2026-02-10 00:17:27.863409,Toronto-348d,-8,9,Normal
2026-02-10 00:17:28.863409,Toronto-348d,2,59,Normal
2026-02-10 00:17:29.863409,Toronto-348d,5,48,Normal
2026-02-10 00:17:30.863409,Toronto-348d,11,57,Normal
2026-02-10 00:17:31.863409,Toronto-348d,3,32,Normal
2026-02-10 00:17:32.863409,Toronto-348d,29,25,Normal
2026-02-10 00:17:33.863409,Toronto-348d,18,71,Normal
2026-02-10 00:17:34.863409,Toronto-348d,25,2,Normal
2026-02-10 00:17:35.863409,Toronto-348d,-8,66,Normal
2026-02-10 00:17:36.863409,Toronto-348d,12,51,Normal
2026-02-10 00:17:37.863409,Toronto-348d,43,23,Normal
2026-02-10 00:17:38.863409,Toronto-348d,13,14,Normal
2026-02-10 00:17:39.863409,Toronto-348d,11,78,Normal
2026-02-10 00:17:40.863409,Toronto-348d,-19,34,Normal
2026-02-10 00:17:41.863409,Toronto-348d,-18,24,Normal
2026-02-10 00:17:42.863409,Toronto-348d,24,46,Normal
2026-02-10 00:17:43.863409,Toronto-348d,24,94,Normal
2026-02-10 00:17:44.863409,Toronto-348d,21,62,Normal
2026-02-10 00:17:45.863409,Toronto-348d,23,88,Normal
2026-02-10 00:17:46.863409,Toronto-348d,-10,24,Normal
2026-02-10 00:17:47.863409,Toronto-348d,8,34,Normal
2026-02-10 00:17:48.863409,Toronto-348d,16,38,Normal
2026-02-10 00:17:49.863409,Toronto-348d,-28,59,Normal
2026-02-10 00:17:50.863409,Toronto-348d,43,79,Normal
2026-02-10 00:17:51.863409,Toronto-348d,7,11,Normal
2026-02-10 00:17:52.863409,Toronto-348d,13,4,Normal
2026-02-10 00:17:53.863409,Toronto-348d,12,82,Normal
2026-02-10 00:17:54.863409,Toronto-348d,36,17,Normal
2026-02-10 00:17:55.863409,Toronto-348d,-10,26,Normal
2026-02-10 00:17:56.863409,Toronto-348d,-6,28,Normal
2026-02-10 00:17:57.863409,Toronto-348d,-15,97,Normal
2026-02-10 00:17:58.863409,Toronto-348d,-8,11,Normal
2026-02-10 00:17:59.863409,Toronto-348d,41,62,Normal
2026-02-10 00:18:00.863409,Toronto-348d,10,7,Normal
2026-02-10 00:18:01.863409,Toronto-348d,-14,17,Normal
2026-02-10 00:18:02.863409,Toronto-348d,17,40,Normal
2026-02-10 00:18:03.863409,Toronto-348d,-5,83,Normal
2026-02-10 00:18:04.863409,Toronto-348d,13,40,Normal
2026-02-10 00:18:05.863409,Toronto-348d,-12,68,Normal
2026-02-10 00:18:06.863409,Toronto-348d,15,27,Normal
2026-02-10 00:18:07.863409,Toronto-348d,33,91,Normal
2026-02-10 00:18:08.863409,Toronto-348d,13,66,Normal
2026-02-10 00:18:09.863409,Toronto-348d,37,6,Normal
2026-02-10 00:18:10.863409,Toronto-348d,40,54,Normal
2026-02-10 00:18:11.863409,Toronto-348d,40,29,Normal
2026-02-10 00:18:12.863409,Toronto-348d,29,31,Normal
2026-02-10 00:18:13.863409,Toronto-348d,44,70,Normal
2026-02-10 00:18:14.863409,Toronto-348d,3,74,Normal
2026-02-10 00:18:15.863409,Toronto-348d,42,64,Normal
2026-02-10 00:18:16.863409,Toronto-348d,37,36,Normal
2026-02-10 00:18:17.863409,Toronto-348d,25,71,Normal
2026-02-10 00:18:18.863409,Toronto-348d,-26,88,Normal
2026-02-10 00:18:19.863409,Toronto-348d,31,42,Normal
2026-02-10 00:18:20.863409,Toronto-348d,9,93,Normal
2026-02-10 00:18:21.863409,Toronto-348d,-30,27,Normal
2026-02-10 00:18:22.863409,Toronto-348d,-13,64,Normal
2026-02-10 00:18:23.863409,Toronto-348d,19,81,Normal
2026-02-10 00:18:24.863409,Toronto-348d,0,82,Normal
2026-02-10 00:18:25.863409,Toronto-348d,3,75,Normal
2026-02-10 00:18:26.863409,Toronto-348d,30,85,Normal
2026-02-10 00:18:27.863409,Toronto-348d,-7,91,Normal
2026-02-10 00:18:28.863409,Toronto-348d,40,9,Normal
2026-02-10 00:18:29.863409,Toronto-348d,20,76,Normal
2026-02-10 00:18:30.863409,Toronto-348d,-1,20,Normal
2026-02-10 00:18:31.863409,Toronto-348d,23,70,Normal
2026-02-10 00:18:32.863409,Toronto-348d,7,49,Normal
2026-02-10 00:18:33.863409,Toronto-348d,-7,10,Normal
2026-02-10 00:18:34.863409,Toronto-348d,44,27,Normal
2026-02-10 00:18:35.863409,Toronto-348d,46,80,Normal
2026-02-10 00:18:36.863409,Toronto-348d,30,2,Normal
2026-02-10 00:18:37.863409,Toronto-348d,-19,13,Normal
2026-02-10 00:18:38.863409,Toronto-348d,29,27,Normal
2026-02-10 00:18:39.863409,Toronto-348d,17,59,Normal
2026-02-10 00:18:40.863409,Toronto-348d,-19,98,Normal
2026-02-10 00:18:41.863409,Toronto-348d,-10,87,Normal
2026-02-10 00:18:42.863409,Toronto-348d,-25,17,Normal
2026-02-10 00:18:43.863409,Toronto-348d,-14,50,Normal
2026-02-10 00:18:44.863409,Toronto-348d,-28,37,Normal
2026-02-10 00:18:45.863409,Toronto-348d,3,72,Normal
2026-02-10 00:18:46.863409,Toronto-348d,24,68,Normal
2026-02-10 00:18:47.863409,Toronto-348d,14,57,Normal
2026-02-10 00:18:48.863409,Toronto-348d,50,39,Normal
2026-02-10 00:18:49.863409,Toronto-348d,21,79,Normal
2026-02-10 00:18:50.863409,Toronto-348d,42,58,Normal
2026-02-10 00:18:51.863409,Toronto-348d,-7,37,Normal
2026-02-10 00:18:52.863409,Toronto-348d,50,35,Normal
2026-02-10 00:18:53.863409,Toronto-348d,1,18,Normal
2026-02-10 00:18:54.863409,Toronto-348d,3,53,Normal
2026-02-10 00:18:55.863409,Toronto-348d,41,92,Normal
2026-02-10 00:18:56.863409,Toronto-348d,-24,82,Normal
2026-02-10 00:18:57.863409,Toronto-348d,32,56,Normal
2026-02-10 00:18:58.863409,Toronto-348d,34,92,Normal
2026-02-10 00:18:59.863409,Toronto-348d,-14,36,Normal
2026-02-10 00:19:00.863409,Toronto-348d,-7,14,Normal
2026-02-10 00:19:01.863409,Toronto-348d,13,86,Normal
2026-02-10 00:19:02.863409,Toronto-348d,4,78,Normal
2026-02-10 00:19:03.863409,Toronto-348d,5,92,Normal
2026-02-10 00:19:04.863409,Toronto-348d,-8,86,Normal
2026-02-10 00:19:05.863409,Toronto-348d,5,21,Normal
2026-02-10 00:19:06.863409,Toronto-348d,40,41,Normal
2026-02-10 00:19:07.863409,Toronto-348d,-18,77,Normal
2026-02-10 00:19:08.863409,Toronto-348d,-30,70,Normal
2026-02-10 00:19:09.863409,Toronto-348d,-26,14,Normal
2026-02-10 00:19:10.863409,Toronto-348d,27,15,Normal
2026-02-10 00:19:11.863409,Toronto-348d,6,5,Normal
2026-02-10 00:19:12.863409,Toronto-348d,-2,64,Normal
2026-02-10 00:19:13.863409,Toronto-348d,34,76,Normal
2026-02-10 00:19:14.863409,Toronto-348d,-10,79,Normal
2026-02-10 00:19:15.863409,Toronto-348d,17,81,Normal
2026-02-10 00:19:16.863409,Toronto-348d,6,57,Normal
2026-02-10 00:19:17.863409,Toronto-348d,6,44,Normal
2026-02-10 00:19:18.863409,Toronto-348d,-9,58,Normal
2026-02-10 00:19:19.863409,Toronto-348d,18,21,Normal
2026-02-10 00:19:20.863409,Toronto-348d,-26,11,Normal
2026-02-10 00:19:21.863409,Toronto-348d,49,32,Normal
2026-02-10 00:19:22.863409,Toronto-348d,44,12,Normal
2026-02-10 00:19:23.863409,Toronto-348d,42,72,Normal
2026-02-10 00:19:24.863409,Toronto-348d,-1,70,Normal
2026-02-10 00:19:25.863409,Toronto-348d,-28,22,Normal
2026-02-10 00:19:26.863409,Toronto-348d,-18,35,Normal
2026-02-10 00:19:27.863409,Toronto-348d,-21,82,Normal
2026-02-10 00:19:28.863409,Toronto-348d,-15,70,Normal
2026-02-10 00:19:29.863409,Toronto-348d,-30,96,Normal
2026-02-10 00:19:30.863409,Toronto-348d,17,57,Normal
2026-02-10 00:19:31.863409,Toronto-348d,-11,48,Normal
2026-02-10 00:19:32.863409,Toronto-348d,24,15,Normal
2026-02-10 00:19:33.863409,Toronto-348d,-25,76,Normal
2026-02-10 00:19:34.863409,Toronto-348d,-2,31,Normal
2026-02-10 00:19:35.863409,Toronto-348d,33,59,Normal
2026-02-10 00:19:36.863409,Toronto-348d,30,39,Normal
2026-02-10 00:19:37.863409,Toronto-348d,5,73,Normal
2026-02-10 00:19:38.863409,Toronto-348d,12,62,Normal
2026-02-10 00:19:39.863409,Toronto-348d,-8,88,Normal
2026-02-10 00:19:40.863409,Toronto-348d,24,52,Normal
2026-02-10 00:19:41.863409,Toronto-348d,-28,46,Normal
2026-02-10 00:19:42.863409,Toronto-348d,19,97,Normal
2026-02-10 00:19:43.863409,Toronto-348d,8,46,Normal
2026-02-10 00:19:44.863409,Toronto-348d,22,82,Normal
2026-02-10 00:19:45.863409,Toronto-348d,4,98,Normal
2026-02-10 00:19:46.863409,Toronto-348d,-4,72,Normal
2026-02-10 00:19:47.863409,Toronto-348d,17,14,Normal
2026-02-10 00:19:48.863409,Toronto-348d,-5,0,Normal
2026-02-10 00:19:49.863409,Toronto-348d,-12,30,Normal
2026-02-10 00:19:50.863409,Toronto-348d,-4,84,Normal
2026-02-10 00:19:51.863409,Toronto-348d,-11,23,Normal
2026-02-10 00:19:52.863409,Toronto-348d,48,30,Normal
2026-02-10 00:19:53.863409,Toronto-348d,-7,29,Normal
2026-02-10 00:19:54.863409,Toronto-348d,49,34,Normal
2026-02-10 00:19:55.863409,Toronto-348d,-27,67,Normal
2026-02-10 00:19:56.863409,Toronto-348d,-17,19,Normal
2026-02-10 00:19:57.863409,Toronto-348d,31,12,Normal
2026-02-10 00:19:58.863409,Toronto-348d,19,49,Normal
2026-02-10 00:19:59.863409,Toronto-348d,30,42,Normal
2026-02-10 00:20:00.863409,Toronto-348d,-3,58,Normal
2026-02-10 00:20:01.863409,Toronto-348d,15,43,Normal
2026-02-10 00:20:02.863409,Toronto-348d,-10,87,Normal
2026-02-10 00:20:03.863409,Toronto-348d,13,11,Normal
2026-02-10 00:20:04.863409,Toronto-348d,-14,1,Normal
2026-02-10 00:20:05.863409,Toronto-348d,27,51,Normal
2026-02-10 00:20:06.863409,Toronto-348d,-1,1,Normal
2026-02-10 00:20:07.863409,Toronto-348d,27,43,Normal
2026-02-10 00:20:08.863409,Toronto-348d,12,97,Normal
2026-02-10 00:20:09.863409,Toronto-348d,35,90,Normal
2026-02-10 00:20:10.863409,Toronto-348d,15,6,Normal
2026-02-10 00:20:11.863409,Toronto-348d,26,3,Normal
2026-02-10 00:20:12.863409,Toronto-348d,27,75,Normal
2026-02-10 00:20:13.863409,Toronto-348d,23,34,Normal
2026-02-10 00:20:14.863409,Toronto-348d,21,44,Normal
2026-02-10 00:20:15.863409,Toronto-348d,-7,72,Normal
2026-02-10 00:20:16.863409,Toronto-348d,5,5,Normal
2026-02-10 00:20:17.863409,Toronto-348d,4,75,Normal
2026-02-10 00:20:18.863409,Toronto-348d,48,71,Normal
2026-02-10 00:20:19.863409,Toronto-348d,-10,42,Normal
2026-02-10 00:20:20.863409,Toronto-348d,-16,12,Normal
2026-02-10 00:20:21.863409,Toronto-348d,13,63,Normal
2026-02-10 00:20:22.863409,Toronto-348d,-2,35,Normal
2026-02-10 00:20:23.863409,Toronto-348d,20,96,Normal
2026-02-10 00:20:24.863409,Toronto-348d,13,43,Normal
2026-02-10 00:20:25.863409,Toronto-348d,16,42,Normal
2026-02-10 00:20:26.863409,Toronto-348d,40,13,Normal
2026-02-10 00:20:27.863409,Toronto-348d,-13,83,Normal
2026-02-10 00:20:28.863409,Toronto-348d,44,40,Normal
2026-02-10 00:20:29.863409,Toronto-348d,-3,71,Normal
2026-02-10 00:20:30.863409,Toronto-348d,11,37,Normal
2026-02-10 00:20:31.863409,Toronto-348d,-22,96,Normal
2026-02-10 00:20:32.863409,Toronto-348d,24,52,Normal
2026-02-10 00:20:33.863409,Toronto-348d,-6,98,Normal
2026-02-10 00:20:34.863409,Toronto-348d,36,75,Normal
2026-02-10 00:20:35.863409,Toronto-348d,14,90,Normal
2026-02-10 00:20:36.863409,Toronto-348d,45,19,Normal
2026-02-10 00:20:37.863409,Toronto-348d,-4,31,Normal
2026-02-10 00:20:38.863409,Toronto-348d,6,95,Normal
2026-02-10 00:20:39.863409,Toronto-348d,-24,83,Normal
2026-02-10 00:20:40.863409,Toronto-348d,3,77,Normal
2026-02-10 00:20:41.863409,Toronto-348d,28,76,Normal
2026-02-10 00:20:42.863409,Toronto-348d,15,50,Normal
2026-02-10 00:20:43.863409,Toronto-348d,-13,48,Normal
2026-02-10 00:20:44.863409,Toronto-348d,16,94,Normal
2026-02-10 00:20:45.863409,Toronto-348d,-18,84,Normal
2026-02-10 00:20:46.863409,Toronto-348d,-5,87,Normal
2026-02-10 00:20:47.863409,Toronto-348d,-20,19,Normal
2026-02-10 00:20:48.863409,Toronto-348d,29,54,Normal
2026-02-10 00:20:49.863409,Toronto-348d,-2,82,Normal
2026-02-10 00:20:50.863409,Toronto-348d,3,70,Normal
2026-02-10 00:20:51.863409,Toronto-348d,38,90,Normal
2026-02-10 00:20:52.863409,Toronto-348d,48,12,Normal
2026-02-10 00:20:53.863409,Toronto-348d,47,81,Normal
2026-02-10 00:20:54.863409,Toronto-348d,8,84,Normal
2026-02-10 00:20:55.863409,Toronto-348d,-22,21,Normal
2026-02-10 00:20:56.863409,Toronto-348d,9,75,Normal
2026-02-10 00:20:57.863409,Toronto-348d,17,75,Normal
2026-02-10 00:20:58.863409,Toronto-348d,-5,95,Normal
2026-02-10 00:20:59.863409,Toronto-348d,-27,76,Normal
2026-02-10 00:21:00.863409,Toronto-348d,27,14,Normal
2026-02-10 00:21:01.863409,Toronto-348d,-2,0,Normal
2026-02-10 00:21:02.863409,Toronto-348d,41,30,Normal
2026-02-10 00:21:03.863409,Toronto-348d,8,89,Normal
2026-02-10 00:21:04.863409,Toronto-348d,-7,61,Normal
2026-02-10 00:21:05.863409,Toronto-348d,9,94,Normal
2026-02-10 00:21:06.863409,Toronto-348d,37,57,Normal
2026-02-10 00:21:07.863409,Toronto-348d,43,0,Normal
2026-02-10 00:21:08.863409,Toronto-348d,-30,2,Normal
2026-02-10 00:21:09.863409,Toronto-348d,-19,45,Normal
2026-02-10 00:21:10.863409,Toronto-348d,-21,50,Normal
2026-02-10 00:21:11.863409,Toronto-348d,16,62,Normal
2026-02-10 00:21:12.863409,Toronto-348d,-10,28,Normal
2026-02-10 00:21:13.863409,Toronto-348d,-16,93,Normal
2026-02-10 00:21:14.863409,Toronto-348d,27,54,Normal
2026-02-10 00:21:15.863409,Toronto-348d,23,95,Normal
2026-02-10 00:21:16.863409,Toronto-348d,39,63,Normal
2026-02-10 00:21:17.863409,Toronto-348d,37,42,Normal
2026-02-10 00:21:18.863409,Toronto-348d,-14,44,Normal
2026-02-10 00:21:19.863409,Toronto-348d,29,53,Normal
2026-02-10 00:21:20.863409,Toronto-348d,31,44,Normal
2026-02-10 00:21:21.863409,Toronto-348d,-25,86,Normal
2026-02-10 00:21:22.863409,Toronto-348d,-11,87,Normal
2026-02-10 00:21:23.863409,Toronto-348d,0,35,Normal
2026-02-10 00:21:24.863409,Toronto-348d,3,86,Normal
2026-02-10 00:21:25.863409,Toronto-348d,32,73,Normal
2026-02-10 00:21:26.863409,Toronto-348d,26,85,Normal
2026-02-10 00:21:27.863409,Toronto-348d,9,75,Normal
2026-02-10 00:21:28.863409,Toronto-348d,-13,20,Normal
2026-02-10 00:21:29.863409,Toronto-348d,6,25,Normal
2026-02-10 00:21:30.863409,Toronto-348d,15,30,Normal
2026-02-10 00:21:31.863409,Toronto-348d,49,97,Normal
2026-02-10 00:21:32.863409,Toronto-348d,5,12,Normal
2026-02-10 00:21:33.863409,Toronto-348d,-12,93,Normal
2026-02-10 00:21:34.863409,Toronto-348d,34,40,Normal
2026-02-10 00:21:35.863409,Toronto-348d,24,42,Normal
2026-02-10 00:21:36.863409,Toronto-348d,4,1,Normal
2026-02-10 00:21:37.863409,Toronto-348d,37,93,Normal
2026-02-10 00:21:38.863409,Toronto-348d,-7,67,Normal
2026-02-10 00:21:39.863409,Toronto-348d,5,68,Normal
2026-02-10 00:21:40.863409,Toronto-348d,14,79,Normal
2026-02-10 00:21:41.863409,Toronto-348d,44,11,Normal
2026-02-10 00:21:42.863409,Toronto-348d,28,35,Normal
2026-02-10 00:21:43.863409,Toronto-348d,-14,50,Normal
2026-02-10 00:21:44.863409,Toronto-348d,27,70,Normal
2026-02-10 00:21:45.863409,Toronto-348d,47,29,Normal
2026-02-10 00:21:46.863409,Toronto-348d,19,77,Normal
2026-02-10 00:21:47.863409,Toronto-348d,20,78,Normal
2026-02-10 00:21:48.863409,Toronto-348d,19,87,Normal
2026-02-10 00:21:49.863409,Toronto-348d,40,95,Normal
2026-02-10 00:21:50.863409,Toronto-348d,46,79,Normal
2026-02-10 00:21:51.863409,Toronto-348d,-4,84,Normal
2026-02-10 00:21:52.863409,Toronto-348d,23,6,Normal
2026-02-10 00:21:53.863409,Toronto-348d,7,45,Normal
2026-02-10 00:21:54.863409,Toronto-348d,-26,34,Normal
2026-02-10 00:21:55.863409,Toronto-348d,-4,95,Normal
2026-02-10 00:21:56.863409,Toronto-348d,-25,3,Normal
2026-02-10 00:21:57.863409,Toronto-348d,14,2,Normal
2026-02-10 00:21:58.863409,Toronto-348d,12,76,Normal
2026-02-10 00:21:59.863409,Toronto-348d,-17,70,Normal
2026-02-10 00:22:00.863409,Toronto-348d,33,92,Normal
2026-02-10 00:22:01.863409,Toronto-348d,22,57,Normal
2026-02-10 00:22:02.863409,Toronto-348d,21,15,Normal
2026-02-10 00:22:03.863409,Toronto-348d,11,25,Normal
2026-02-10 00:22:04.863409,Toronto-348d,-7,75,Normal
2026-02-10 00:22:05.863409,Toronto-348d,-3,62,Normal
2026-02-10 00:22:06.863409,Toronto-348d,34,46,Normal
2026-02-10 00:22:07.863409,Toronto-348d,7,90,Normal
2026-02-10 00:22:08.863409,Toronto-348d,33,61,Normal
2026-02-10 00:22:09.863409,Toronto-348d,29,24,Normal
2026-02-10 00:22:10.863409,Toronto-348d,-13,35,Normal
2026-02-10 00:22:11.863409,Toronto-348d,2,72,Normal
2026-02-10 00:22:12.863409,Toronto-348d,35,72,Normal
2026-02-10 00:22:13.863409,Toronto-348d,12,82,Normal
2026-02-10 00:22:14.863409,Toronto-348d,21,21,Normal
2026-02-10 00:22:15.863409,Toronto-348d,0,37,Normal
2026-02-10 00:22:16.863409,Toronto-348d,38,41,Normal
2026-02-10 00:22:17.863409,Toronto-348d,20,30,Normal
2026-02-10 00:22:18.863409,Toronto-348d,34,49,Normal
2026-02-10 00:22:19.863409,Toronto-348d,23,49,Normal
2026-02-10 00:22:20.863409,Toronto-348d,8,95,Normal
2026-02-10 00:22:21.863409,Toronto-348d,7,25,Normal
2026-02-10 00:22:22.863409,Toronto-348d,-17,96,Normal
2026-02-10 00:22:23.863409,Toronto-348d,29,0,Normal
2026-02-10 00:22:24.863409,Toronto-348d,16,83,Normal
2026-02-10 00:22:25.863409,Toronto-348d,4,46,Normal
2026-02-10 00:22:26.863409,Toronto-348d,-19,22,Normal
2026-02-10 00:22:27.863409,Toronto-348d,4,56,Normal
2026-02-10 00:22:28.863409,Toronto-348d,-4,97,Normal
2026-02-10 00:22:29.863409,Toronto-348d,25,100,Normal
2026-02-10 00:22:30.863409,Toronto-348d,14,69,Normal
2026-02-10 00:22:31.863409,Toronto-348d,18,26,Normal
2026-02-10 00:22:32.863409,Toronto-348d,10,84,Normal
2026-02-10 00:22:33.863409,Toronto-348d,17,65,Normal
2026-02-10 00:22:34.863409,Toronto-348d,5,98,Normal
2026-02-10 00:22:35.863409,Toronto-348d,8,57,Normal
2026-02-10 00:22:36.863409,Toronto-348d,12,98,Normal
2026-02-10 00:22:37.863409,Toronto-348d,41,15,Normal
2026-02-10 00:22:38.863409,Toronto-348d,-30,22,Normal
2026-02-10 00:22:39.863409,Toronto-348d,7,84,Normal
2026-02-10 00:22:40.863409,Toronto-348d,-23,57,Normal
2026-02-10 00:22:41.863409,Toronto-348d,38,88,Normal
2026-02-10 00:22:42.863409,Toronto-348d,-2,91,Normal
2026-02-10 00:22:43.863409,Toronto-348d,42,55,Normal
2026-02-10 00:22:44.863409,Toronto-348d,-5,51,Normal
2026-02-10 00:22:45.863409,Toronto-348d,-27,45,Normal
2026-02-10 00:22:46.863409,Toronto-348d,-12,43,Normal
2026-02-10 00:22:47.863409,Toronto-348d,17,60,Normal
2026-02-10 00:22:48.863409,Toronto-348d,39,52,Normal
2026-02-10 00:22:49.863409,Toronto-348d,28,45,Normal
2026-02-10 00:22:50.863409,Toronto-348d,-27,47,Normal
2026-02-10 00:22:51.863409,Toronto-348d,-17,32,Normal
2026-02-10 00:22:52.863409,Toronto-348d,2,30,Normal
2026-02-10 00:22:53.863409,Toronto-348d,-20,68,Normal
2026-02-10 00:22:54.863409,Toronto-348d,-20,61,Normal
2026-02-10 00:22:55.863409,Toronto-348d,-20,68,Normal
2026-02-10 00:22:56.863409,Toronto-348d,8,64,Normal
2026-02-10 00:22:57.863409,Toronto-348d,-12,26,Normal
2026-02-10 00:22:58.863409,Toronto-348d,15,5,Normal
2026-02-10 00:22:59.863409,Toronto-348d,48,8,Normal
2026-02-10 00:23:00.863409,Toronto-348d,-6,62,Normal
2026-02-10 00:23:01.863409,Toronto-348d,9,92,Normal
2026-02-10 00:23:02.863409,Toronto-348d,6,61,Normal
2026-02-10 00:23:03.863409,Toronto-348d,34,97,Normal
2026-02-10 00:23:04.863409,Toronto-348d,21,30,Normal
2026-02-10 00:23:05.863409,Toronto-348d,16,21,Normal
2026-02-10 00:23:06.863409,Toronto-348d,43,85,Normal
2026-02-10 00:23:07.863409,Toronto-348d,30,76,Normal
2026-02-10 00:23:08.863409,Toronto-348d,-17,77,Normal
2026-02-10 00:23:09.863409,Toronto-348d,7,46,Normal
2026-02-10 00:23:10.863409,Toronto-348d,33,68,Normal
2026-02-10 00:23:11.863409,Toronto-348d,-2,64,Normal
2026-02-10 00:23:12.863409,Toronto-348d,39,74,Normal
2026-02-10 00:23:13.863409,Toronto-348d,41,25,Normal
2026-02-10 00:23:14.863409,Toronto-348d,7,31,Normal
2026-02-10 00:23:15.863409,Toronto-348d,10,91,Normal
2026-02-10 00:23:16.863409,Toronto-348d,-28,19,Normal
2026-02-10 00:23:17.863409,Toronto-348d,15,14,Normal
2026-02-10 00:23:18.863409,Toronto-348d,-4,74,Normal
2026-02-10 00:23:19.863409,Toronto-348d,1,75,Normal
2026-02-10 00:23:20.863409,Toronto-348d,-1,24,Normal
2026-02-10 00:23:21.863409,Toronto-348d,-17,2,Normal
2026-02-10 00:23:22.863409,Toronto-348d,30,14,Normal
2026-02-10 00:23:23.863409,Toronto-348d,5,72,Normal
2026-02-10 00:23:24.863409,Toronto-348d,12,5,Normal
2026-02-10 00:23:25.863409,Toronto-348d,27,91,Normal
2026-02-10 00:23:26.863409,Toronto-348d,16,0,Normal
2026-02-10 00:23:27.863409,Toronto-348d,36,28,Normal
2026-02-10 00:23:28.863409,Toronto-348d,49,69,Normal
2026-02-10 00:23:29.863409,Toronto-348d,-29,22,Normal
2026-02-10 00:23:30.863409,Toronto-348d,16,51,Normal
2026-02-10 00:23:31.863409,Toronto-348d,32,69,Normal
2026-02-10 00:23:32.863409,Toronto-348d,-17,75,Normal
2026-02-10 00:23:33.863409,Toronto-348d,40,99,Normal
2026-02-10 00:23:34.863409,Toronto-348d,9,57,Normal
2026-02-10 00:23:35.863409,Toronto-348d,16,77,Normal
2026-02-10 00:23:36.863409,Toronto-348d,-4,26,Normal
2026-02-10 00:23:37.863409,Toronto-348d,21,55,Normal
2026-02-10 00:23:38.863409,Toronto-348d,49,34,Normal
2026-02-10 00:23:39.863409,Toronto-348d,-7,97,Normal
2026-02-10 00:23:40.863409,Toronto-348d,20,66,Normal
2026-02-10 00:23:41.863409,Toronto-348d,-29,50,Normal
2026-02-10 00:23:42.863409,Toronto-348d,19,0,Normal
2026-02-10 00:23:43.863409,Toronto-348d,-11,10,Normal
2026-02-10 00:23:44.863409,Toronto-348d,-29,7,Normal
2026-02-10 00:23:45.863409,Toronto-348d,32,7,Normal
2026-02-10 00:23:46.863409,Toronto-348d,20,34,Normal
2026-02-10 00:23:47.863409,Toronto-348d,-24,15,Normal
2026-02-10 00:23:48.863409,Toronto-348d,18,3,Normal
2026-02-10 00:23:49.863409,Toronto-348d,-8,14,Normal
2026-02-10 00:23:50.863409,Toronto-348d,9,30,Normal
2026-02-10 00:23:51.863409,Toronto-348d,20,58,Normal
2026-02-10 00:23:52.863409,Toronto-348d,-26,20,Normal
2026-02-10 00:23:53.863409,Toronto-348d,-8,50,Normal
2026-02-10 00:23:54.863409,Toronto-348d,47,8,Normal
2026-02-10 00:23:55.863409,Toronto-348d,18,8,Normal
2026-02-10 00:23:56.863409,Toronto-348d,6,58,Normal
2026-02-10 00:23:57.863409,Toronto-348d,-3,31,Normal
2026-02-10 00:23:58.863409,Toronto-348d,40,58,Normal
2026-02-10 00:23:59.863409,Toronto-348d,32,76,Normal
2026-02-10 00:24:00.863409,Toronto-348d,-10,2,Normal
2026-02-10 00:24:01.863409,Toronto-348d,43,41,Normal
2026-02-10 00:24:02.863409,Toronto-348d,-19,52,Normal
2026-02-10 00:24:03.863409,Toronto-348d,8,77,Normal
2026-02-10 00:24:04.863409,Toronto-348d,1,58,Normal
2026-02-10 00:24:05.863409,Toronto-348d,-15,16,Normal
2026-02-10 00:24:06.863409,Toronto-348d,5,23,Normal
2026-02-10 00:24:07.863409,Toronto-348d,4,25,Normal
2026-02-10 00:24:08.863409,Toronto-348d,41,90,Normal
2026-02-10 00:24:09.863409,Toronto-348d,15,41,Normal
2026-02-10 00:24:10.863409,Toronto-348d,-25,79,Normal
2026-02-10 00:24:11.863409,Toronto-348d,3,56,Normal
2026-02-10 00:24:12.863409,Toronto-348d,8,1,Normal
2026-02-10 00:24:13.863409,Toronto-348d,-9,47,Normal
2026-02-10 00:24:14.863409,Toronto-348d,-16,69,Normal
2026-02-10 00:24:15.863409,Toronto-348d,-9,15,Normal
2026-02-10 00:24:16.863409,Toronto-348d,30,44,Normal
2026-02-10 00:24:17.863409,Toronto-348d,27,39,Normal
2026-02-10 00:24:18.863409,Toronto-348d,3,86,Normal
2026-02-10 00:24:19.863409,Toronto-348d,-10,8,Normal
2026-02-10 00:24:20.863409,Toronto-348d,31,48,Normal
2026-02-10 00:24:21.863409,Toronto-348d,-20,35,Normal
2026-02-10 00:24:22.863409,Toronto-348d,-30,65,Normal
2026-02-10 00:24:23.863409,Toronto-348d,-21,3,Normal
2026-02-10 00:24:24.863409,Toronto-348d,-19,64,Normal
2026-02-10 00:24:25.863409,Toronto-348d,-7,68,Normal
2026-02-10 00:24:26.863409,Toronto-348d,-8,8,Normal
2026-02-10 00:24:27.863409,Toronto-348d,0,21,Normal
2026-02-10 00:24:28.863409,Toronto-348d,47,70,Normal
2026-02-10 00:24:29.863409,Toronto-348d,-25,16,Normal
2026-02-10 00:24:30.863409,Toronto-348d,28,18,Normal
2026-02-10 00:24:31.863409,Toronto-348d,12,49,Normal
2026-02-10 00:24:32.863409,Toronto-348d,12,37,Normal
2026-02-10 00:24:33.863409,Toronto-348d,-23,75,Normal
2026-02-10 00:24:34.863409,Toronto-348d,24,79,Normal
2026-02-10 00:24:35.863409,Toronto-348d,46,90,Normal
2026-02-10 00:24:36.863409,Toronto-348d,-19,78,Normal
2026-02-10 00:24:37.863409,Toronto-348d,15,84,Normal
2026-02-10 00:24:38.863409,Toronto-348d,26,67,Normal
2026-02-10 00:24:39.863409,Toronto-348d,-13,61,Normal
2026-02-10 00:24:40.863409,Toronto-348d,-5,40,Normal
2026-02-10 00:24:41.863409,Toronto-348d,10,90,Normal
2026-02-10 00:24:42.863409,Toronto-348d,48,72,Normal
2026-02-10 00:24:43.863409,Toronto-348d,29,32,Normal
2026-02-10 00:24:44.863409,Toronto-348d,19,22,Normal
2026-02-10 00:24:45.863409,Toronto-348d,36,19,Normal
2026-02-10 00:24:46.863409,Toronto-348d,1,98,Normal
2026-02-10 00:24:47.863409,Toronto-348d,-3,34,Normal
2026-02-10 00:24:48.863409,Toronto-348d,20,30,Normal
2026-02-10 00:24:49.863409,Toronto-348d,35,3,Normal
2026-02-10 00:24:50.863409,Toronto-348d,19,23,Normal
2026-02-10 00:24:51.863409,Toronto-348d,35,71,Normal
2026-02-10 00:24:52.863409,Toronto-348d,16,83,Normal
2026-02-10 00:24:53.863409,Toronto-348d,16,96,Normal
2026-02-10 00:24:54.863409,Toronto-348d,-20,100,Normal
2026-02-10 00:24:55.863409,Toronto-348d,34,68,Normal
2026-02-10 00:24:56.863409,Toronto-348d,41,14,Normal
2026-02-10 00:24:57.863409,Toronto-348d,25,48,Normal
2026-02-10 00:24:58.863409,Toronto-348d,2,82,Normal
2026-02-10 00:24:59.863409,Toronto-348d,-5,43,Normal
2026-02-10 00:25:00.863409,Toronto-348d,24,5,Normal
2026-02-10 00:25:01.863409,Toronto-348d,-17,27,Normal
2026-02-10 00:25:02.863409,Toronto-348d,18,63,Normal
2026-02-10 00:25:03.863409,Toronto-348d,48,74,Normal
2026-02-10 00:25:04.863409,Toronto-348d,1,54,Normal
2026-02-10 00:25:05.863409,Toronto-348d,34,35,Normal
2026-02-10 00:25:06.863409,Toronto-348d,-14,85,Normal
2026-02-10 00:25:07.863409,Toronto-348d,-22,100,Normal
2026-02-10 00:25:08.863409,Toronto-348d,37,47,Normal
2026-02-10 00:25:09.863409,Toronto-348d,-26,7,Normal
2026-02-10 00:25:10.863409,Toronto-348d,-24,66,Normal
2026-02-10 00:25:11.863409,Toronto-348d,48,53,Normal
2026-02-10 00:25:12.863409,Toronto-348d,-10,52,Normal
2026-02-10 00:25:13.863409,Toronto-348d,-28,52,Normal
2026-02-10 00:25:14.863409,Toronto-348d,1,52,Normal
2026-02-10 00:25:15.863409,Toronto-348d,8,81,Normal
2026-02-10 00:25:16.863409,Toronto-348d,-26,91,Normal
2026-02-10 00:25:17.863409,Toronto-348d,24,39,Normal
2026-02-10 00:25:18.863409,Toronto-348d,-13,47,Normal
2026-02-10 00:25:19.863409,Toronto-348d,27,35,Normal
2026-02-10 00:25:20.863409,Toronto-348d,45,14,Normal
2026-02-10 00:25:21.863409,Toronto-348d,16,55,Normal
2026-02-10 00:25:22.863409,Toronto-348d,-14,74,Normal
2026-02-10 00:25:23.863409,Toronto-348d,11,68,Normal
2026-02-10 00:25:24.863409,Toronto-348d,-6,50,Normal
2026-02-10 00:25:25.863409,Toronto-348d,1,33,Normal
2026-02-10 00:25:26.863409,Toronto-348d,37,53,Normal
2026-02-10 00:25:27.863409,Toronto-348d,28,50,Normal
2026-02-10 00:25:28.863409,Toronto-348d,-7,12,Normal
2026-02-10 00:25:29.863409,Toronto-348d,1,46,Normal
2026-02-10 00:25:30.863409,Toronto-348d,-9,62,Normal
2026-02-10 00:25:31.863409,Toronto-348d,-10,96,Normal
2026-02-10 00:25:32.863409,Toronto-348d,-15,17,Normal
2026-02-10 00:25:33.863409,Toronto-348d,30,68,Normal
2026-02-10 00:25:34.863409,Toronto-348d,36,53,Normal
2026-02-10 00:25:35.863409,Toronto-348d,-20,86,Normal
2026-02-10 00:25:36.863409,Toronto-348d,44,44,Normal
2026-02-10 00:25:37.863409,Toronto-348d,38,65,Normal
2026-02-10 00:25:38.863409,Toronto-348d,14,68,Normal
2026-02-10 00:25:39.863409,Toronto-348d,-9,95,Normal
2026-02-10 00:25:40.863409,Toronto-348d,-24,70,Normal
2026-02-10 00:25:41.863409,Toronto-348d,29,24,Normal
2026-02-10 00:25:42.863409,Toronto-348d,11,3,Normal
2026-02-10 00:25:43.863409,Toronto-348d,41,78,Normal
2026-02-10 00:25:44.863409,Toronto-348d,-26,6,Normal
2026-02-10 00:25:45.863409,Toronto-348d,-5,0,Normal
2026-02-10 00:25:46.863409,Toronto-348d,44,41,Normal
2026-02-10 00:25:47.863409,Toronto-348d,23,9,Normal
2026-02-10 00:25:48.863409,Toronto-348d,-16,87,Normal
2026-02-10 00:25:49.863409,Toronto-348d,28,24,Normal
2026-02-10 00:25:50.863409,Toronto-348d,39,34,Normal
2026-02-10 00:25:51.863409,Toronto-348d,21,49,Normal
2026-02-10 00:25:52.863409,Toronto-348d,2,11,Normal
2026-02-10 00:25:53.863409,Toronto-348d,17,22,Normal
2026-02-10 00:25:54.863409,Toronto-348d,-24,100,Normal
2026-02-10 00:25:55.863409,Toronto-348d,34,62,Normal
2026-02-10 00:25:56.863409,Toronto-348d,5,74,Normal
2026-02-10 00:25:57.863409,Toronto-348d,24,57,Normal
2026-02-10 00:25:58.863409,Toronto-348d,-18,67,Normal
2026-02-10 00:25:59.863409,Toronto-348d,28,41,Normal
2026-02-10 00:26:00.863409,Toronto-348d,22,63,Normal
2026-02-10 00:26:01.863409,Toronto-348d,-28,2,Normal
2026-02-10 00:26:02.863409,Toronto-348d,6,8,Normal
2026-02-10 00:26:03.863409,Toronto-348d,-24,88,Normal
2026-02-10 00:26:04.863409,Toronto-348d,43,32,Normal
2026-02-10 00:26:05.863409,Toronto-348d,-5,15,Normal
2026-02-10 00:26:06.863409,Toronto-348d,-20,71,Normal
2026-02-10 00:26:07.863409,Toronto-348d,-7,94,Normal
2026-02-10 00:26:08.863409,Toronto-348d,-3,3,Normal
2026-02-10 00:26:09.863409,Toronto-348d,18,83,Normal
2026-02-10 00:26:10.863409,Toronto-348d,4,80,Normal
2026-02-10 00:26:11.863409,Toronto-348d,-8,26,Normal
2026-02-10 00:26:12.863409,Toronto-348d,13,14,Normal
2026-02-10 00:26:13.863409,Toronto-348d,16,41,Normal
2026-02-10 00:26:14.863409,Toronto-348d,-1,80,Normal
2026-02-10 00:26:15.863409,Toronto-348d,-1,40,Normal
2026-02-10 00:26:16.863409,Toronto-348d,-28,60,Normal
2026-02-10 00:26:17.863409,Toronto-348d,2,96,Normal
2026-02-10 00:26:18.863409,Toronto-348d,-26,59,Normal
2026-02-10 00:26:19.863409,Toronto-348d,-6,19,Normal
2026-02-10 00:26:20.863409,Toronto-348d,-2,31,Normal
2026-02-10 00:26:21.863409,Toronto-348d,16,58,Normal
2026-02-10 00:26:22.863409,Toronto-348d,23,90,Normal
2026-02-10 00:26:23.863409,Toronto-348d,-30,25,Normal
2026-02-10 00:26:24.863409,Toronto-348d,-15,6,Normal
2026-02-10 00:26:25.863409,Toronto-348d,-14,42,Normal
2026-02-10 00:26:26.863409,Toronto-348d,-10,19,Normal
2026-02-10 00:26:27.863409,Toronto-348d,-21,70,Normal
2026-02-10 00:26:28.863409,Toronto-348d,49,56,Normal
2026-02-10 00:26:29.863409,Toronto-348d,46,72,Normal
2026-02-10 00:26:30.863409,Toronto-348d,-27,76,Normal
2026-02-10 00:26:31.863409,Toronto-348d,25,9,Normal
2026-02-10 00:26:32.863409,Toronto-348d,-7,23,Normal
2026-02-10 00:26:33.863409,Toronto-348d,25,14,Normal
2026-02-10 00:26:34.863409,Toronto-348d,12,9,Normal
2026-02-10 00:26:35.863409,Toronto-348d,-3,44,Normal
2026-02-10 00:26:36.863409,Toronto-348d,13,30,Normal
2026-02-10 00:26:37.863409,Toronto-348d,49,23,Normal
2026-02-10 00:26:38.863409,Toronto-348d,-5,96,Normal
2026-02-10 00:26:39.863409,Toronto-348d,27,32,Normal
2026-02-10 00:26:40.863409,Toronto-348d,12,85,Normal
2026-02-10 00:26:41.863409,Toronto-348d,41,87,Normal
2026-02-10 00:26:42.863409,Toronto-348d,-29,47,Normal
2026-02-10 00:26:43.863409,Toronto-348d,-7,71,Normal
2026-02-10 00:26:44.863409,Toronto-348d,-12,15,Normal
2026-02-10 00:26:45.863409,Toronto-348d,-22,28,Normal
2026-02-10 00:26:46.863409,Toronto-348d,-15,95,Normal
2026-02-10 00:26:47.863409,Toronto-348d,35,63,Normal
2026-02-10 00:26:48.863409,Toronto-348d,37,69,Normal
2026-02-10 00:26:49.863409,Toronto-348d,38,63,Normal
2026-02-10 00:26:50.863409,Toronto-348d,-30,85,Normal
2026-02-10 00:26:51.863409,Toronto-348d,-16,81,Normal
2026-02-10 00:26:52.863409,Toronto-348d,-5,54,Normal
2026-02-10 00:26:53.863409,Toronto-348d,37,15,Normal
2026-02-10 00:26:54.863409,Toronto-348d,-12,14,Normal
2026-02-10 00:26:55.863409,Toronto-348d,18,5,Normal
2026-02-10 00:26:56.863409,Toronto-348d,28,44,Normal
2026-02-10 00:26:57.863409,Toronto-348d,-4,19,Normal
2026-02-10 00:26:58.863409,Toronto-348d,50,18,Normal
2026-02-10 00:26:59.863409,Toronto-348d,22,19,Normal
2026-02-10 00:27:00.863409,Toronto-348d,-13,60,Normal
2026-02-10 00:27:01.863409,Toronto-348d,-19,42,Normal
2026-02-10 00:27:02.863409,Toronto-348d,-19,35,Normal
2026-02-10 00:27:03.863409,Toronto-348d,38,51,Normal
2026-02-10 00:27:04.863409,Toronto-348d,22,46,Normal
2026-02-10 00:27:05.863409,Toronto-348d,33,82,Normal
2026-02-10 00:27:06.863409,Toronto-348d,21,0,Normal
2026-02-10 00:27:07.863409,Toronto-348d,42,94,Normal
2026-02-10 00:27:08.863409,Toronto-348d,-15,37,Normal
2026-02-10 00:27:09.863409,Toronto-348d,3,0,Normal
2026-02-10 00:27:10.863409,Toronto-348d,37,48,Normal
2026-02-10 00:27:11.863409,Toronto-348d,5,90,Normal
2026-02-10 00:27:12.863409,Toronto-348d,20,48,Normal
2026-02-10 00:27:13.863409,Toronto-348d,49,32,Normal
2026-02-10 00:27:14.863409,Toronto-348d,42,63,Normal
2026-02-10 00:27:15.863409,Toronto-348d,18,94,Normal
2026-02-10 00:27:16.863409,Toronto-348d,28,94,Normal
2026-02-10 00:27:17.863409,Toronto-348d,48,98,Normal
2026-02-10 00:27:18.863409,Toronto-348d,28,75,Normal
2026-02-10 00:27:19.863409,Toronto-348d,1,79,Normal
2026-02-10 00:27:20.863409,Toronto-348d,-8,11,Normal
2026-02-10 00:27:21.863409,Toronto-348d,5,4,Normal
2026-02-10 00:27:22.863409,Toronto-348d,45,32,Normal
2026-02-10 00:27:23.863409,Toronto-348d,34,12,Normal
2026-02-10 00:27:24.863409,Toronto-348d,43,52,Normal
2026-02-10 00:27:25.863409,Toronto-348d,-10,86,Normal
2026-02-10 00:27:26.863409,Toronto-348d,30,42,Normal
2026-02-10 00:27:27.863409,Toronto-348d,15,21,Normal
2026-02-10 00:27:28.863409,Toronto-348d,-12,33,Normal
2026-02-10 00:27:29.863409,Toronto-348d,16,0,Normal
2026-02-10 00:27:30.863409,Toronto-348d,46,72,Normal
2026-02-10 00:27:31.863409,Toronto-348d,9,98,Normal
2026-02-10 00:27:32.863409,Toronto-348d,-7,1,Normal
2026-02-10 00:27:33.863409,Toronto-348d,32,12,Normal
2026-02-10 00:27:34.863409,Toronto-348d,-5,73,Normal
2026-02-10 00:27:35.863409,Toronto-348d,30,18,Normal
2026-02-10 00:27:36.863409,Toronto-348d,12,56,Normal
2026-02-10 00:27:37.863409,Toronto-348d,44,86,Normal
2026-02-10 00:27:38.863409,Toronto-348d,38,0,Normal
2026-02-10 00:27:39.863409,Toronto-348d,16,20,Normal
2026-02-10 00:27:40.863409,Toronto-348d,21,79,Normal
2026-02-10 00:27:41.863409,Toronto-348d,23,40,Normal
2026-02-10 00:27:42.863409,Toronto-348d,-21,19,Normal
2026-02-10 00:27:43.863409,Toronto-348d,49,93,Normal
2026-02-10 00:27:44.863409,Toronto-348d,-3,14,Normal
2026-02-10 00:27:45.863409,Toronto-348d,22,20,Normal
2026-02-10 00:27:46.863409,Toronto-348d,-28,21,Normal
2026-02-10 00:27:47.863409,Toronto-348d,7,94,Normal
2026-02-10 00:27:48.863409,Toronto-348d,12,52,Normal
2026-02-10 00:27:49.863409,Toronto-348d,-10,30,Normal
2026-02-10 00:27:50.863409,Toronto-348d,30,8,Normal
2026-02-10 00:27:51.863409,Toronto-348d,-2,22,Normal
2026-02-10 00:27:52.863409,Toronto-348d,-13,66,Normal
2026-02-10 00:27:53.863409,Toronto-348d,12,33,Normal
2026-02-10 00:27:54.863409,Toronto-348d,6,95,Normal
2026-02-10 00:27:55.863409,Toronto-348d,-7,89,Normal
2026-02-10 00:27:56.863409,Toronto-348d,38,86,Normal
2026-02-10 00:27:57.863409,Toronto-348d,-13,82,Normal
2026-02-10 00:27:58.863409,Toronto-348d,-4,58,Normal
2026-02-10 00:27:59.863409,Toronto-348d,-2,27,Normal
2026-02-10 00:28:00.863409,Toronto-348d,14,34,Normal
2026-02-10 00:28:01.863409,Toronto-348d,36,56,Normal
2026-02-10 00:28:02.863409,Toronto-348d,-30,42,Normal
2026-02-10 00:28:03.863409,Toronto-348d,-16,49,Normal
2026-02-10 00:28:04.863409,Toronto-348d,11,65,Normal
2026-02-10 00:28:05.863409,Toronto-348d,-26,87,Normal
2026-02-10 00:28:06.863409,Toronto-348d,31,83,Normal
2026-02-10 00:28:07.863409,Toronto-348d,26,14,Normal
2026-02-10 00:28:08.863409,Toronto-348d,41,12,Normal
2026-02-10 00:28:09.863409,Toronto-348d,33,72,Normal
2026-02-10 00:28:10.863409,Toronto-348d,-13,70,Normal
2026-02-10 00:28:11.863409,Toronto-348d,12,33,Normal
2026-02-10 00:28:12.863409,Toronto-348d,-20,29,Normal
2026-02-10 00:28:13.863409,Toronto-348d,19,79,Normal
2026-02-10 00:28:14.863409,Toronto-348d,19,89,Normal
2026-02-10 00:28:15.863409,Toronto-348d,44,22,Normal
2026-02-10 00:28:16.863409,Toronto-348d,23,45,Normal
2026-02-10 00:28:17.863409,Toronto-348d,14,7,Normal
2026-02-10 00:28:18.863409,Toronto-348d,14,25,Normal
2026-02-10 00:28:19.863409,Toronto-348d,9,54,Normal
2026-02-10 00:28:20.863409,Toronto-348d,50,90,Normal
2026-02-10 00:28:21.863409,Toronto-348d,-10,16,Normal
2026-02-10 00:28:22.863409,Toronto-348d,22,27,Normal
2026-02-10 00:28:23.863409,Toronto-348d,-25,14,Normal
2026-02-10 00:28:24.863409,Toronto-348d,22,72,Normal
2026-02-10 00:28:25.863409,Toronto-348d,-3,94,Normal
2026-02-10 00:28:26.863409,Toronto-348d,-18,83,Normal
2026-02-10 00:28:27.863409,Toronto-348d,8,58,Normal
2026-02-10 00:28:28.863409,Toronto-348d,16,59,Normal
2026-02-10 00:28:29.863409,Toronto-348d,7,27,Normal
2026-02-10 00:28:30.863409,Toronto-348d,6,84,Normal
2026-02-10 00:28:31.863409,Toronto-348d,14,24,Normal
2026-02-10 00:28:32.863409,Toronto-348d,42,93,Normal
2026-02-10 00:28:33.863409,Toronto-348d,29,25,Normal
2026-02-10 00:28:34.863409,Toronto-348d,24,11,Normal
2026-02-10 00:28:35.863409,Toronto-348d,23,10,Normal
2026-02-10 00:28:36.863409,Toronto-348d,14,47,Normal
2026-02-10 00:28:37.863409,Toronto-348d,3,44,Normal
2026-02-10 00:28:38.863409,Toronto-348d,40,80,Normal
2026-02-10 00:28:39.863409,Toronto-348d,-15,79,Normal
2026-02-10 00:28:40.863409,Toronto-348d,0,77,Normal
2026-02-10 00:28:41.863409,Toronto-348d,45,47,Normal
2026-02-10 00:28:42.863409,Toronto-348d,-16,88,Normal
2026-02-10 00:28:43.863409,Toronto-348d,24,18,Normal
2026-02-10 00:28:44.863409,Toronto-348d,32,40,Normal
2026-02-10 00:28:45.863409,Toronto-348d,-3,75,Normal
2026-02-10 00:28:46.863409,Toronto-348d,15,26,Normal
2026-02-10 00:28:47.863409,Toronto-348d,38,8,Normal
2026-02-10 00:28:48.863409,Toronto-348d,-6,14,Normal
2026-02-10 00:28:49.863409,Toronto-348d,15,5,Normal
2026-02-10 00:28:50.863409,Toronto-348d,45,15,Normal
2026-02-10 00:28:51.863409,Toronto-348d,20,62,Normal
2026-02-10 00:28:52.863409,Toronto-348d,41,87,Normal
2026-02-10 00:28:53.863409,Toronto-348d,34,46,Normal
2026-02-10 00:28:54.863409,Toronto-348d,34,7,Normal
2026-02-10 00:28:55.863409,Toronto-348d,0,54,Normal
2026-02-10 00:28:56.863409,Toronto-348d,39,62,Normal
2026-02-10 00:28:57.863409,Toronto-348d,-9,52,Normal
2026-02-10 00:28:58.863409,Toronto-348d,-7,83,Normal
2026-02-10 00:28:59.863409,Toronto-348d,2,47,Normal
2026-02-10 00:29:00.863409,Toronto-348d,24,13,Normal
2026-02-10 00:29:01.863409,Toronto-348d,-5,90,Normal
2026-02-10 00:29:02.863409,Toronto-348d,35,32,Normal
2026-02-10 00:29:03.863409,Toronto-348d,-17,87,Normal
2026-02-10 00:29:04.863409,Toronto-348d,50,15,Normal
2026-02-10 00:29:05.863409,Toronto-348d,12,83,Normal
2026-02-10 00:29:06.863409,Toronto-348d,35,49,Normal
2026-02-10 00:29:07.863409,Toronto-348d,-6,54,Normal
2026-02-10 00:29:08.863409,Toronto-348d,41,73,Normal
2026-02-10 00:29:09.863409,Toronto-348d,1,10,Normal
2026-02-10 00:29:10.863409,Toronto-348d,-27,16,Normal
2026-02-10 00:29:11.863409,Toronto-348d,1,47,Normal
2026-02-10 00:29:12.863409,Toronto-348d,31,62,Normal
2026-02-10 00:29:13.863409,Toronto-348d,38,36,Normal
2026-02-10 00:29:14.863409,Toronto-348d,7,24,Normal
2026-02-10 00:29:15.863409,Toronto-348d,-23,13,Normal
2026-02-10 00:29:16.863409,Toronto-348d,45,95,Normal
2026-02-10 00:29:17.863409,Toronto-348d,-20,1,Normal
2026-02-10 00:29:18.863409,Toronto-348d,-5,66,Normal
2026-02-10 00:29:19.863409,Toronto-348d,-24,17,Normal
2026-02-10 00:29:20.863409,Toronto-348d,34,89,Normal
2026-02-10 00:29:21.863409,Toronto-348d,-27,13,Normal
2026-02-10 00:29:22.863409,Toronto-348d,15,13,Normal
2026-02-10 00:29:23.863409,Toronto-348d,-16,83,Normal
2026-02-10 00:29:24.863409,Toronto-348d,-14,26,Normal
2026-02-10 00:29:25.863409,Toronto-348d,33,80,Normal
2026-02-10 00:29:26.863409,Toronto-348d,15,51,Normal
2026-02-10 00:29:27.863409,Toronto-348d,-19,78,Normal
2026-02-10 00:29:28.863409,Toronto-348d,27,85,Normal
2026-02-10 00:29:29.863409,Toronto-348d,2,25,Normal
2026-02-10 00:29:30.863409,Toronto-348d,49,81,Normal
2026-02-10 00:29:31.863409,Toronto-348d,19,62,Normal
2026-02-10 00:29:32.863409,Toronto-348d,49,82,Normal
2026-02-10 00:29:33.863409,Toronto-348d,25,90,Normal
2026-02-10 00:29:34.863409,Toronto-348d,12,41,Normal
2026-02-10 00:29:35.863409,Toronto-348d,3,8,Normal
2026-02-10 00:29:36.863409,Toronto-348d,-8,80,Normal
2026-02-10 00:29:37.863409,Toronto-348d,-29,46,Normal
2026-02-10 00:29:38.863409,Toronto-348d,-7,42,Normal
2026-02-10 00:29:39.863409,Toronto-348d,5,42,Normal
2026-02-10 00:29:40.863409,Toronto-348d,38,59,Normal
2026-02-10 00:29:41.863409,Toronto-348d,21,60,Normal
2026-02-10 00:29:42.863409,Toronto-348d,17,23,Normal
2026-02-10 00:29:43.863409,Toronto-348d,-11,2,Normal
2026-02-10 00:29:44.863409,Toronto-348d,46,74,Normal
2026-02-10 00:29:45.863409,Toronto-348d,-22,51,Normal
2026-02-10 00:29:46.863409,Toronto-348d,48,71,Normal
2026-02-10 00:29:47.863409,Toronto-348d,-15,67,Normal
2026-02-10 00:29:48.863409,Toronto-348d,-19,33,Normal
2026-02-10 00:29:49.863409,Toronto-348d,20,10,Normal
2026-02-10 00:29:50.863409,Toronto-348d,4,100,Normal
2026-02-10 00:29:51.863409,Toronto-348d,20,44,Normal
2026-02-10 00:29:52.863409,Toronto-348d,-4,83,Normal
2026-02-10 00:29:53.863409,Toronto-348d,43,53,Normal
2026-02-10 00:29:54.863409,Toronto-348d,-30,91,Normal
2026-02-10 00:29:55.863409,Toronto-348d,4,16,Normal
2026-02-10 00:29:56.863409,Toronto-348d,-1,56,Normal
2026-02-10 00:29:57.863409,Toronto-348d,-13,33,Normal
2026-02-10 00:29:58.863409,Toronto-348d,-7,17,Normal
2026-02-10 00:29:59.863409,Toronto-348d,33,4,Normal
2026-02-10 00:30:00.863409,Toronto-348d,25,81,Normal
2026-02-10 00:30:01.863409,Toronto-348d,-20,2,Normal
2026-02-10 00:30:02.863409,Toronto-348d,-19,43,Normal
2026-02-10 00:30:03.863409,Toronto-348d,-8,85,Normal
2026-02-10 00:30:04.863409,Toronto-348d,4,87,Normal
2026-02-10 00:30:05.863409,Toronto-348d,-15,19,Normal
2026-02-10 00:30:06.863409,Toronto-348d,14,27,Normal
2026-02-10 00:30:07.863409,Toronto-348d,24,96,Normal
2026-02-10 00:30:08.863409,Toronto-348d,11,87,Normal
2026-02-10 00:30:09.863409,Toronto-348d,42,12,Normal
2026-02-10 00:30:10.863409,Toronto-348d,30,9,Normal
2026-02-10 00:30:11.863409,Toronto-348d,-5,44,Normal
2026-02-10 00:30:12.863409,Toronto-348d,38,31,Normal
2026-02-10 00:30:13.863409,Toronto-348d,-28,17,Normal
2026-02-10 00:30:14.863409,Toronto-348d,27,2,Normal
2026-02-10 00:30:15.863409,Toronto-348d,-23,86,Normal
2026-02-10 00:30:16.863409,Toronto-348d,19,71,Normal
2026-02-10 00:30:17.863409,Toronto-348d,-18,22,Normal
2026-02-10 00:30:18.863409,Toronto-348d,34,70,Normal
2026-02-10 00:30:19.863409,Toronto-348d,27,47,Normal
2026-02-10 00:30:20.863409,Toronto-348d,6,61,Normal
2026-02-10 00:30:21.863409,Toronto-348d,24,50,Normal
2026-02-10 00:30:22.863409,Toronto-348d,-1,47,Normal
2026-02-10 00:30:23.863409,Toronto-348d,15,49,Normal
2026-02-10 00:30:24.863409,Toronto-348d,21,56,Normal
2026-02-10 00:30:25.863409,Toronto-348d,27,2,Normal
2026-02-10 00:30:26.863409,Toronto-348d,7,47,Normal
2026-02-10 00:30:27.863409,Toronto-348d,14,55,Normal
2026-02-10 00:30:28.863409,Toronto-348d,-11,1,Normal
2026-02-10 00:30:29.863409,Toronto-348d,42,25,Normal
2026-02-10 00:30:30.863409,Toronto-348d,-8,70,Normal
2026-02-10 00:30:31.863409,Toronto-348d,43,36,Normal
2026-02-10 00:30:32.863409,Toronto-348d,41,71,Normal
2026-02-10 00:30:33.863409,Toronto-348d,46,91,Normal
2026-02-10 00:30:34.863409,Toronto-348d,-27,31,Normal
2026-02-10 00:30:35.863409,Toronto-348d,7,11,Normal
2026-02-10 00:30:36.863409,Toronto-348d,5,7,Normal
2026-02-10 00:30:37.863409,Toronto-348d,-14,12,Normal
2026-02-10 00:30:38.863409,Toronto-348d,3,9,Normal
2026-02-10 00:30:39.863409,Toronto-348d,-14,14,Normal
2026-02-10 00:30:40.863409,Toronto-348d,28,72,Normal
2026-02-10 00:30:41.863409,Toronto-348d,-8,32,Normal
2026-02-10 00:30:42.863409,Toronto-348d,18,22,Normal
2026-02-10 00:30:43.863409,Toronto-348d,0,65,Normal
2026-02-10 00:30:44.863409,Toronto-348d,-13,18,Normal
2026-02-10 00:30:45.863409,Toronto-348d,15,31,Normal
2026-02-10 00:30:46.863409,Toronto-348d,21,98,Normal
2026-02-10 00:30:47.863409,Toronto-348d,46,68,Normal
2026-02-10 00:30:48.863409,Toronto-348d,29,46,Normal
2026-02-10 00:30:49.863409,Toronto-348d,43,31,Normal
2026-02-10 00:30:50.863409,Toronto-348d,-23,30,Normal
2026-02-10 00:30:51.863409,Toronto-348d,30,42,Normal
2026-02-10 00:30:52.863409,Toronto-348d,31,27,Normal
2026-02-10 00:30:53.863409,Toronto-348d,37,2,Normal
2026-02-10 00:30:54.863409,Toronto-348d,-16,30,Normal
2026-02-10 00:30:55.863409,Toronto-348d,17,82,Normal
2026-02-10 00:30:56.863409,Toronto-348d,44,95,Normal
2026-02-10 00:30:57.863409,Toronto-348d,5,19,Normal
2026-02-10 00:30:58.863409,Toronto-348d,-14,35,Normal
2026-02-10 00:30:59.863409,Toronto-348d,1,8,Normal
2026-02-10 00:31:00.863409,Toronto-348d,2,74,Normal
2026-02-10 00:31:01.863409,Toronto-348d,10,19,Normal
2026-02-10 00:31:02.863409,Toronto-348d,-3,36,Normal
2026-02-10 00:31:03.863409,Toronto-348d,10,4,Normal
2026-02-10 00:31:04.863409,Toronto-348d,49,37,Normal
2026-02-10 00:31:05.863409,Toronto-348d,11,23,Normal
2026-02-10 00:31:06.863409,Toronto-348d,24,68,Normal
2026-02-10 00:31:07.863409,Toronto-348d,-11,84,Normal
2026-02-10 00:31:08.863409,Toronto-348d,-9,78,Normal
2026-02-10 00:31:09.863409,Toronto-348d,5,10,Normal
2026-02-10 00:31:10.863409,Toronto-348d,25,37,Normal
2026-02-10 00:31:11.863409,Toronto-348d,3,13,Normal
2026-02-10 00:31:12.863409,Toronto-348d,15,74,Normal
2026-02-10 00:31:13.863409,Toronto-348d,41,53,Normal
2026-02-10 00:31:14.863409,Toronto-348d,44,41,Normal
2026-02-10 00:31:15.863409,Toronto-348d,18,26,Normal
2026-02-10 00:31:16.863409,Toronto-348d,-28,25,Normal
2026-02-10 00:31:17.863409,Toronto-348d,-11,12,Normal
2026-02-10 00:31:18.863409,Toronto-348d,-18,66,Normal
2026-02-10 00:31:19.863409,Toronto-348d,7,24,Normal
2026-02-10 00:31:20.863409,Toronto-348d,-13,28,Normal
2026-02-10 00:31:21.863409,Toronto-348d,27,95,Normal
2026-02-10 00:31:22.863409,Toronto-348d,27,51,Normal
2026-02-10 00:31:23.863409,Toronto-348d,-11,2,Normal
2026-02-10 00:31:24.863409,Toronto-348d,41,66,Normal
2026-02-10 00:31:25.863409,Toronto-348d,44,48,Normal
2026-02-10 00:31:26.863409,Toronto-348d,25,15,Normal
2026-02-10 00:31:27.863409,Toronto-348d,-3,19,Normal
2026-02-10 00:31:28.863409,Toronto-348d,7,61,Normal
2026-02-10 00:31:29.863409,Toronto-348d,34,90,Normal
2026-02-10 00:31:30.863409,Toronto-348d,-11,7,Normal
2026-02-10 00:31:31.863409,Toronto-348d,31,29,Normal
2026-02-10 00:31:32.863409,Toronto-348d,-11,89,Normal
2026-02-10 00:31:33.863409,Toronto-348d,-10,51,Normal
2026-02-10 00:31:34.863409,Toronto-348d,33,7,Normal
2026-02-10 00:31:35.863409,Toronto-348d,42,46,Normal
2026-02-10 00:31:36.863409,Toronto-348d,44,15,Normal
2026-02-10 00:31:37.863409,Toronto-348d,38,7,Normal
2026-02-10 00:31:38.863409,Toronto-348d,13,86,Normal
2026-02-10 00:31:39.863409,Toronto-348d,39,13,Normal
2026-02-10 00:31:40.863409,Toronto-348d,-26,69,Normal
2026-02-10 00:31:41.863409,Toronto-348d,44,29,Normal
2026-02-10 00:31:42.863409,Toronto-348d,43,34,Normal
2026-02-10 00:31:43.863409,Toronto-348d,-3,19,Normal
2026-02-10 00:31:44.863409,Toronto-348d,-30,53,Normal
2026-02-10 00:31:45.863409,Toronto-348d,36,48,Normal
2026-02-10 00:31:46.863409,Toronto-348d,-20,76,Normal
2026-02-10 00:31:47.863409,Toronto-348d,37,43,Normal
2026-02-10 00:31:48.863409,Toronto-348d,-22,65,Normal
2026-02-10 00:31:49.863409,Toronto-348d,47,3,Normal
2026-02-10 00:31:50.863409,Toronto-348d,23,23,Normal
2026-02-10 00:31:51.863409,Toronto-348d,25,43,Normal
2026-02-10 00:31:52.863409,Toronto-348d,46,44,Normal
2026-02-10 00:31:53.863409,Toronto-348d,-29,48,Normal
2026-02-10 00:31:54.863409,Toronto-348d,6,44,Normal
2026-02-10 00:31:55.863409,Toronto-348d,-30,78,Normal
2026-02-10 00:31:56.863409,Toronto-348d,-9,33,Normal
2026-02-10 00:31:57.863409,Toronto-348d,19,61,Normal
2026-02-10 00:31:58.863409,Toronto-348d,12,54,Normal
2026-02-10 00:31:59.863409,Toronto-348d,-5,49,Normal
2026-02-10 00:32:00.863409,Toronto-348d,2,7,Normal
2026-02-10 00:32:01.863409,Toronto-348d,50,34,Normal
2026-02-10 00:32:02.863409,Toronto-348d,45,27,Normal
2026-02-10 00:32:03.863409,Toronto-348d,-4,79,Normal
2026-02-10 00:32:04.863409,Toronto-348d,15,16,Normal
2026-02-10 00:32:05.863409,Toronto-348d,-30,15,Normal
2026-02-10 00:32:06.863409,Toronto-348d,8,55,Normal
2026-02-10 00:32:07.863409,Toronto-348d,-16,17,Normal
2026-02-10 00:32:08.863409,Toronto-348d,6,3,Normal
2026-02-10 00:32:09.863409,Toronto-348d,-11,25,Normal
2026-02-10 00:32:10.863409,Toronto-348d,42,83,Normal
2026-02-10 00:32:11.863409,Toronto-348d,18,69,Normal
2026-02-10 00:32:12.863409,Toronto-348d,37,51,Normal
2026-02-10 00:32:13.863409,Toronto-348d,-17,38,Normal
2026-02-10 00:32:14.863409,Toronto-348d,-3,68,Normal
2026-02-10 00:32:15.863409,Toronto-348d,-8,43,Normal
2026-02-10 00:32:16.863409,Toronto-348d,48,85,Normal
2026-02-10 00:32:17.863409,Toronto-348d,-2,70,Normal
2026-02-10 00:32:18.863409,Toronto-348d,1,4,Normal
2026-02-10 00:32:19.863409,Toronto-348d,-2,88,Normal
2026-02-10 00:32:20.863409,Toronto-348d,38,41,Normal
2026-02-10 00:32:21.863409,Toronto-348d,-24,14,Normal
2026-02-10 00:32:22.863409,Toronto-348d,-21,19,Normal
2026-02-10 00:32:23.863409,Toronto-348d,38,25,Normal
2026-02-10 00:32:24.863409,Toronto-348d,21,50,Normal
2026-02-10 00:32:25.863409,Toronto-348d,45,69,Normal
2026-02-10 00:32:26.863409,Toronto-348d,20,42,Normal
2026-02-10 00:32:27.863409,Toronto-348d,-20,39,Normal
2026-02-10 00:32:28.863409,Toronto-348d,47,61,Normal
2026-02-10 00:32:29.863409,Toronto-348d,14,57,Normal
2026-02-10 00:32:30.863409,Toronto-348d,17,82,Normal
2026-02-10 00:32:31.863409,Toronto-348d,-29,85,Normal
2026-02-10 00:32:32.863409,Toronto-348d,-6,18,Normal
2026-02-10 00:32:33.863409,Toronto-348d,46,32,Normal
2026-02-10 00:32:34.863409,Toronto-348d,43,6,Normal
2026-02-10 00:32:35.863409,Toronto-348d,-22,14,Normal
2026-02-10 00:32:36.863409,Toronto-348d,-5,49,Normal
2026-02-10 00:32:37.863409,Toronto-348d,35,63,Normal
2026-02-10 00:32:38.863409,Toronto-348d,9,52,Normal
2026-02-10 00:32:39.863409,Toronto-348d,-4,83,Normal
2026-02-10 00:32:40.863409,Toronto-348d,-22,98,Normal
2026-02-10 00:32:41.863409,Toronto-348d,39,16,Normal
2026-02-10 00:32:42.863409,Toronto-348d,5,81,Normal
2026-02-10 00:32:43.863409,Toronto-348d,17,78,Normal
2026-02-10 00:32:44.863409,Toronto-348d,4,61,Normal
2026-02-10 00:32:45.863409,Toronto-348d,30,74,Normal
2026-02-10 00:32:46.863409,Toronto-348d,8,63,Normal
2026-02-10 00:32:47.863409,Toronto-348d,-17,1,Normal
2026-02-10 00:32:48.863409,Toronto-348d,-6,47,Normal
2026-02-10 00:32:49.863409,Toronto-348d,-3,59,Normal
2026-02-10 00:32:50.863409,Toronto-348d,40,18,Normal
2026-02-10 00:32:51.863409,Toronto-348d,-8,2,Normal
2026-02-10 00:32:52.863409,Toronto-348d,-15,82,Normal
2026-02-10 00:32:53.863409,Toronto-348d,5,98,Normal
2026-02-10 00:32:54.863409,Toronto-348d,-3,93,Normal
2026-02-10 00:32:55.863409,Toronto-348d,30,76,Normal
2026-02-10 00:32:56.863409,Toronto-348d,5,90,Normal
2026-02-10 00:32:57.863409,Toronto-348d,36,50,Normal
2026-02-10 00:32:58.863409,Toronto-348d,-7,73,Normal
2026-02-10 00:32:59.863409,Toronto-348d,12,28,Normal
2026-02-10 00:33:00.863409,Toronto-348d,-13,62,Normal
2026-02-10 00:33:01.863409,Toronto-348d,43,60,Normal
2026-02-10 00:33:02.863409,Toronto-348d,-5,0,Normal
2026-02-10 00:33:03.863409,Toronto-348d,28,86,Normal
2026-02-10 00:33:04.863409,Toronto-348d,-5,4,Normal
2026-02-10 00:33:05.863409,Toronto-348d,31,50,Normal
2026-02-10 00:33:06.863409,Toronto-348d,13,24,Normal
2026-02-10 00:33:07.863409,Toronto-348d,-15,27,Normal
2026-02-10 00:33:08.863409,Toronto-348d,8,88,Normal
2026-02-10 00:33:09.863409,Toronto-348d,5,59,Normal
2026-02-10 00:33:10.863409,Toronto-348d,-2,38,Normal
2026-02-10 00:33:11.863409,Toronto-348d,16,35,Normal
2026-02-10 00:33:12.863409,Toronto-348d,29,72,Normal
2026-02-10 00:33:13.863409,Toronto-348d,40,26,Normal
2026-02-10 00:33:14.863409,Toronto-348d,30,40,Normal
2026-02-10 00:33:15.863409,Toronto-348d,-22,100,Normal
2026-02-10 00:33:16.863409,Toronto-348d,-21,55,Normal
2026-02-10 00:33:17.863409,Toronto-348d,-8,18,Normal
2026-02-10 00:33:18.863409,Toronto-348d,-27,68,Normal
2026-02-10 00:33:19.863409,Toronto-348d,-14,85,Normal
2026-02-10 00:33:20.863409,Toronto-348d,18,14,Normal
2026-02-10 00:33:21.863409,Toronto-348d,38,68,Normal
2026-02-10 00:33:22.863409,Toronto-348d,47,77,Normal
2026-02-10 00:33:23.863409,Toronto-348d,32,62,Normal
2026-02-10 00:33:24.863409,Toronto-348d,50,76,Normal
2026-02-10 00:33:25.863409,Toronto-348d,44,5,Normal
2026-02-10 00:33:26.863409,Toronto-348d,46,7,Normal
2026-02-10 00:33:27.863409,Toronto-348d,30,11,Normal
2026-02-10 00:33:28.863409,Toronto-348d,-17,33,Normal
2026-02-10 00:33:29.863409,Toronto-348d,23,34,Normal
2026-02-10 00:33:30.863409,Toronto-348d,28,97,Normal
2026-02-10 00:33:31.863409,Toronto-348d,35,24,Normal
2026-02-10 00:33:32.863409,Toronto-348d,-24,22,Normal
2026-02-10 00:33:33.863409,Toronto-348d,-18,74,Normal
2026-02-10 00:33:34.863409,Toronto-348d,19,30,Normal
2026-02-10 00:33:35.863409,Toronto-348d,37,93,Normal
2026-02-10 00:33:36.863409,Toronto-348d,-10,23,Normal
2026-02-10 00:33:37.863409,Toronto-348d,30,56,Normal
2026-02-10 00:33:38.863409,Toronto-348d,41,31,Normal
2026-02-10 00:33:39.863409,Toronto-348d,29,92,Normal
2026-02-10 00:33:40.863409,Toronto-348d,16,47,Normal
2026-02-10 00:33:41.863409,Toronto-348d,18,50,Normal
2026-02-10 00:33:42.863409,Toronto-348d,6,93,Normal
2026-02-10 00:33:43.863409,Toronto-348d,3,63,Normal
2026-02-10 00:33:44.863409,Toronto-348d,-28,37,Normal
2026-02-10 00:33:45.863409,Toronto-348d,0,21,Normal
2026-02-10 00:33:46.863409,Toronto-348d,32,0,Normal
2026-02-10 00:33:47.863409,Toronto-348d,-13,26,Normal
2026-02-10 00:33:48.863409,Toronto-348d,13,36,Normal
2026-02-10 00:33:49.863409,Toronto-348d,-23,13,Normal
2026-02-10 00:33:50.863409,Toronto-348d,-13,26,Normal
2026-02-10 00:33:51.863409,Toronto-348d,6,78,Normal
2026-02-10 00:33:52.863409,Toronto-348d,16,43,Normal
2026-02-10 00:33:53.863409,Toronto-348d,37,64,Normal
2026-02-10 00:33:54.863409,Toronto-348d,45,11,Normal
2026-02-10 00:33:55.863409,Toronto-348d,-2,19,Normal
2026-02-10 00:33:56.863409,Toronto-348d,48,92,Normal
2026-02-10 00:33:57.863409,Toronto-348d,-24,24,Normal
2026-02-10 00:33:58.863409,Toronto-348d,-6,22,Normal
2026-02-10 00:33:59.863409,Toronto-348d,19,36,Normal
2026-02-10 00:34:00.863409,Toronto-348d,-22,76,Normal
2026-02-10 00:34:01.863409,Toronto-348d,-27,92,Normal
2026-02-10 00:34:02.863409,Toronto-348d,34,23,Normal
2026-02-10 00:34:03.863409,Toronto-348d,18,82,Normal
2026-02-10 00:34:04.863409,Toronto-348d,-25,17,Normal
2026-02-10 00:34:05.863409,Toronto-348d,24,44,Normal
2026-02-10 00:34:06.863409,Toronto-348d,17,32,Normal
2026-02-10 00:34:07.863409,Toronto-348d,30,11,Normal
2026-02-10 00:34:08.863409,Toronto-348d,48,56,Normal
2026-02-10 00:34:09.863409,Toronto-348d,34,81,Normal
2026-02-10 00:34:10.863409,Toronto-348d,48,48,Normal
2026-02-10 00:34:11.863409,Toronto-348d,11,30,Normal
2026-02-10 00:34:12.863409,Toronto-348d,6,17,Normal
2026-02-10 00:34:13.863409,Toronto-348d,41,11,Normal
2026-02-10 00:34:14.863409,Toronto-348d,41,76,Normal
2026-02-10 00:34:15.863409,Toronto-348d,-26,18,Normal
2026-02-10 00:34:16.863409,Toronto-348d,31,42,Normal
2026-02-10 00:34:17.863409,Toronto-348d,-22,20,Normal
2026-02-10 00:34:18.863409,Toronto-348d,-25,11,Normal
2026-02-10 00:34:19.863409,Toronto-348d,-18,64,Normal
2026-02-10 00:34:20.863409,Toronto-348d,-18,93,Normal
2026-02-10 00:34:21.863409,Toronto-348d,49,5,Normal
2026-02-10 00:34:22.863409,Toronto-348d,24,30,Normal
2026-02-10 00:34:23.863409,Toronto-348d,-15,21,Normal
2026-02-10 00:34:24.863409,Toronto-348d,-25,40,Normal
2026-02-10 00:34:25.863409,Toronto-348d,43,72,Normal
2026-02-10 00:34:26.863409,Toronto-348d,46,98,Normal
2026-02-10 00:34:27.863409,Toronto-348d,30,39,Normal
2026-02-10 00:34:28.863409,Toronto-348d,40,39,Normal
2026-02-10 00:34:29.863409,Toronto-348d,46,32,Normal
2026-02-10 00:34:30.863409,Toronto-348d,0,88,Normal
2026-02-10 00:34:31.863409,Toronto-348d,-22,60,Normal
2026-02-10 00:34:32.863409,Toronto-348d,44,16,Normal
2026-02-10 00:34:33.863409,Toronto-348d,33,81,Normal
2026-02-10 00:34:34.863409,Toronto-348d,-5,8,Normal
2026-02-10 00:34:35.863409,Toronto-348d,-27,25,Normal
2026-02-10 00:34:36.863409,Toronto-348d,-3,75,Normal
2026-02-10 00:34:37.863409,Toronto-348d,5,70,Normal
2026-02-10 00:34:38.863409,Toronto-348d,-25,80,Normal
2026-02-10 00:34:39.863409,Toronto-348d,-26,93,Normal
2026-02-10 00:34:40.863409,Toronto-348d,45,29,Normal
2026-02-10 00:34:41.863409,Toronto-348d,36,95,Normal
2026-02-10 00:34:42.863409,Toronto-348d,-16,70,Normal
2026-02-10 00:34:43.863409,Toronto-348d,46,61,Normal
2026-02-10 00:34:44.863409,Toronto-348d,-8,45,Normal
2026-02-10 00:34:45.863409,Toronto-348d,4,85,Normal
2026-02-10 00:34:46.863409,Toronto-348d,-23,4,Normal
2026-02-10 00:34:47.863409,Toronto-348d,18,64,Normal
2026-02-10 00:34:48.863409,Toronto-348d,-16,51,Normal
2026-02-10 00:34:49.863409,Toronto-348d,-14,13,Normal
2026-02-10 00:34:50.863409,Toronto-348d,29,99,Normal
2026-02-10 00:34:51.863409,Toronto-348d,15,51,Normal
2026-02-10 00:34:52.863409,Toronto-348d,16,57,Normal
2026-02-10 00:34:53.863409,Toronto-348d,35,4,Normal
2026-02-10 00:34:54.863409,Toronto-348d,28,95,Normal
2026-02-10 00:34:55.863409,Toronto-348d,-30,28,Normal
2026-02-10 00:34:56.863409,Toronto-348d,10,71,Normal
2026-02-10 00:34:57.863409,Toronto-348d,3,71,Normal
2026-02-10 00:34:58.863409,Toronto-348d,32,19,Normal
2026-02-10 00:34:59.863409,Toronto-348d,-24,24,Normal
2026-02-10 00:35:00.863409,Toronto-348d,23,49,Normal
2026-02-10 00:35:01.863409,Toronto-348d,-12,30,Normal
2026-02-10 00:35:02.863409,Toronto-348d,16,79,Normal
2026-02-10 00:35:03.863409,Toronto-348d,-6,13,Normal
2026-02-10 00:35:04.863409,Toronto-348d,-27,77,Normal
2026-02-10 00:35:05.863409,Toronto-348d,-8,18,Normal
2026-02-10 00:35:06.863409,Toronto-348d,-9,54,Normal
2026-02-10 00:35:07.863409,Toronto-348d,16,15,Normal
2026-02-10 00:35:08.863409,Toronto-348d,15,32,Normal
2026-02-10 00:35:09.863409,Toronto-348d,-13,27,Normal
2026-02-10 00:35:10.863409,Toronto-348d,19,41,Normal
2026-02-10 00:35:11.863409,Toronto-348d,-18,20,Normal
2026-02-10 00:35:12.863409,Toronto-348d,-12,94,Normal
2026-02-10 00:35:13.863409,Toronto-348d,-2,60,Normal
2026-02-10 00:35:14.863409,Toronto-348d,-22,95,Normal
2026-02-10 00:35:15.863409,Toronto-348d,-12,92,Normal
2026-02-10 00:35:16.863409,Toronto-348d,10,90,Normal
2026-02-10 00:35:17.863409,Toronto-348d,14,20,Normal
2026-02-10 00:35:18.863409,Toronto-348d,31,79,Normal
2026-02-10 00:35:19.863409,Toronto-348d,16,68,Normal
2026-02-10 00:35:20.863409,Toronto-348d,33,55,Normal
2026-02-10 00:35:21.863409,Toronto-348d,30,36,Normal
2026-02-10 00:35:22.863409,Toronto-348d,4,84,Normal
2026-02-10 00:35:23.863409,Toronto-348d,31,54,Normal
2026-02-10 00:35:24.863409,Toronto-348d,-15,19,Normal
2026-02-10 00:35:25.863409,Toronto-348d,37,86,Normal
2026-02-10 00:35:26.863409,Toronto-348d,-27,2,Normal
2026-02-10 00:35:27.863409,Toronto-348d,35,60,Normal
2026-02-10 00:35:28.863409,Toronto-348d,-5,86,Normal
2026-02-10 00:35:29.863409,Toronto-348d,21,9,Normal
2026-02-10 00:35:30.863409,Toronto-348d,35,35,Normal
2026-02-10 00:35:31.863409,Toronto-348d,49,93,Normal
2026-02-10 00:35:32.863409,Toronto-348d,6,70,Normal
2026-02-10 00:35:33.863409,Toronto-348d,1,18,Normal
2026-02-10 00:35:34.863409,Toronto-348d,-6,83,Normal
2026-02-10 00:35:35.863409,Toronto-348d,-22,87,Normal
2026-02-10 00:35:36.863409,Toronto-348d,-17,65,Normal
2026-02-10 00:35:37.863409,Toronto-348d,41,48,Normal
2026-02-10 00:35:38.863409,Toronto-348d,28,71,Normal
2026-02-10 00:35:39.863409,Toronto-348d,28,7,Normal
2026-02-10 00:35:40.863409,Toronto-348d,-19,82,Normal
2026-02-10 00:35:41.863409,Toronto-348d,-19,35,Normal
2026-02-10 00:35:42.863409,Toronto-348d,0,53,Normal
2026-02-10 00:35:43.863409,Toronto-348d,18,89,Normal
2026-02-10 00:35:44.863409,Toronto-348d,11,52,Normal
2026-02-10 00:35:45.863409,Toronto-348d,-17,93,Normal
2026-02-10 00:35:46.863409,Toronto-348d,47,37,Normal
2026-02-10 00:35:47.863409,Toronto-348d,-5,24,Normal
2026-02-10 00:35:48.863409,Toronto-348d,24,91,Normal
2026-02-10 00:35:49.863409,Toronto-348d,2,27,Normal
2026-02-10 00:35:50.863409,Toronto-348d,21,47,Normal
2026-02-10 00:35:51.863409,Toronto-348d,40,38,Normal
2026-02-10 00:35:52.863409,Toronto-348d,-7,7,Normal
2026-02-10 00:35:53.863409,Toronto-348d,-3,30,Normal
2026-02-10 00:35:54.863409,Toronto-348d,-13,6,Normal
2026-02-10 00:35:55.863409,Toronto-348d,35,9,Normal
2026-02-10 00:35:56.863409,Toronto-348d,-5,29,Normal
2026-02-10 00:35:57.863409,Toronto-348d,-10,89,Normal
2026-02-10 00:35:58.863409,Toronto-348d,34,98,Normal
2026-02-10 00:35:59.863409,Toronto-348d,37,38,Normal
2026-02-10 00:36:00.863409,Toronto-348d,15,31,Normal
2026-02-10 00:36:01.863409,Toronto-348d,-24,52,Normal
2026-02-10 00:36:02.863409,Toronto-348d,-16,25,Normal
2026-02-10 00:36:03.863409,Toronto-348d,46,98,Normal
2026-02-10 00:36:04.863409,Toronto-348d,28,85,Normal
2026-02-10 00:36:05.863409,Toronto-348d,-12,45,Normal
2026-02-10 00:36:06.863409,Toronto-348d,18,57,Normal
2026-02-10 00:36:07.863409,Toronto-348d,1,52,Normal
2026-02-10 00:36:08.863409,Toronto-348d,-4,76,Normal
2026-02-10 00:36:09.863409,Toronto-348d,40,82,Normal
2026-02-10 00:36:10.863409,Toronto-348d,4,31,Normal
2026-02-10 00:36:11.863409,Toronto-348d,10,72,Normal
2026-02-10 00:36:12.863409,Toronto-348d,-15,85,Normal
2026-02-10 00:36:13.863409,Toronto-348d,-24,85,Normal
2026-02-10 00:36:14.863409,Toronto-348d,28,97,Normal
2026-02-10 00:36:15.863409,Toronto-348d,-13,33,Normal
2026-02-10 00:36:16.863409,Toronto-348d,39,29,Normal
2026-02-10 00:36:17.863409,Toronto-348d,7,87,Normal
2026-02-10 00:36:18.863409,Toronto-348d,25,77,Normal
2026-02-10 00:36:19.863409,Toronto-348d,-26,5,Normal
2026-02-10 00:36:20.863409,Toronto-348d,-18,14,Normal
2026-02-10 00:36:21.863409,Toronto-348d,-23,0,Normal
2026-02-10 00:36:22.863409,Toronto-348d,35,74,Normal
2026-02-10 00:36:23.863409,Toronto-348d,38,0,Normal
2026-02-10 00:36:24.863409,Toronto-348d,45,21,Normal
2026-02-10 00:36:25.863409,Toronto-348d,-29,82,Normal
2026-02-10 00:36:26.863409,Toronto-348d,42,66,Normal
2026-02-10 00:36:27.863409,Toronto-348d,-11,35,Normal
2026-02-10 00:36:28.863409,Toronto-348d,33,98,Normal
2026-02-10 00:36:29.863409,Toronto-348d,22,76,Normal
2026-02-10 00:36:30.863409,Toronto-348d,18,10,Normal
2026-02-10 00:36:31.863409,Toronto-348d,45,50,Normal
2026-02-10 00:36:32.863409,Toronto-348d,-1,3,Normal
2026-02-10 00:36:33.863409,Toronto-348d,-28,24,Normal
2026-02-10 00:36:34.863409,Toronto-348d,-29,72,Normal
2026-02-10 00:36:35.863409,Toronto-348d,-7,47,Normal
2026-02-10 00:36:36.863409,Toronto-348d,-5,85,Normal
2026-02-10 00:36:37.863409,Toronto-348d,35,37,Normal
2026-02-10 00:36:38.863409,Toronto-348d,16,90,Normal
2026-02-10 00:36:39.863409,Toronto-348d,41,15,Normal
2026-02-10 00:36:40.863409,Toronto-348d,39,82,Normal
2026-02-10 00:36:41.863409,Toronto-348d,1,36,Normal
2026-02-10 00:36:42.863409,Toronto-348d,-8,81,Normal
2026-02-10 00:36:43.863409,Toronto-348d,-18,93,Normal
2026-02-10 00:36:44.863409,Toronto-348d,2,4,Normal
2026-02-10 00:36:45.863409,Toronto-348d,24,2,Normal
2026-02-10 00:36:46.863409,Toronto-348d,21,81,Normal
2026-02-10 00:36:47.863409,Toronto-348d,-9,76,Normal
2026-02-10 00:36:48.863409,Toronto-348d,-12,54,Normal
2026-02-10 00:36:49.863409,Toronto-348d,-26,2,Normal
2026-02-10 00:36:50.863409,Toronto-348d,44,53,Normal
2026-02-10 00:36:51.863409,Toronto-348d,-29,65,Normal
2026-02-10 00:36:52.863409,Toronto-348d,-21,21,Normal
2026-02-10 00:36:53.863409,Toronto-348d,19,80,Normal
2026-02-10 00:36:54.863409,Toronto-348d,11,37,Normal
2026-02-10 00:36:55.863409,Toronto-348d,21,79,Normal
2026-02-10 00:36:56.863409,Toronto-348d,-9,59,Normal
2026-02-10 00:36:57.863409,Toronto-348d,20,62,Normal
2026-02-10 00:36:58.863409,Toronto-348d,-6,92,Normal
2026-02-10 00:36:59.863409,Toronto-348d,4,53,Normal
2026-02-10 00:37:00.863409,Toronto-348d,-21,12,Normal
2026-02-10 00:37:01.863409,Toronto-348d,3,4,Normal
2026-02-10 00:37:02.863409,Toronto-348d,-14,40,Normal
2026-02-10 00:37:03.863409,Toronto-348d,20,67,Normal
2026-02-10 00:37:04.863409,Toronto-348d,46,68,Normal
2026-02-10 00:37:05.863409,Toronto-348d,-7,9,Normal
2026-02-10 00:37:06.863409,Toronto-348d,19,7,Normal
2026-02-10 00:37:07.863409,Toronto-348d,21,77,Normal
2026-02-10 00:37:08.863409,Toronto-348d,7,59,Normal
2026-02-10 00:37:09.863409,Toronto-348d,-14,37,Normal
2026-02-10 00:37:10.863409,Toronto-348d,26,17,Normal
2026-02-10 00:37:11.863409,Toronto-348d,-27,75,Normal
2026-02-10 00:37:12.863409,Toronto-348d,24,85,Normal
2026-02-10 00:37:13.863409,Toronto-348d,46,1,Normal
2026-02-10 00:37:14.863409,Toronto-348d,28,81,Normal
2026-02-10 00:37:15.863409,Toronto-348d,-6,12,Normal
2026-02-10 00:37:16.863409,Toronto-348d,18,57,Normal
2026-02-10 00:37:17.863409,Toronto-348d,-12,4,Normal
2026-02-10 00:37:18.863409,Toronto-348d,17,37,Normal
2026-02-10 00:37:19.863409,Toronto-348d,22,27,Normal
2026-02-10 00:37:20.863409,Toronto-348d,32,7,Normal
2026-02-10 00:37:21.863409,Toronto-348d,-3,14,Normal
2026-02-10 00:37:22.863409,Toronto-348d,29,83,Normal
2026-02-10 00:37:23.863409,Toronto-348d,26,75,Normal
2026-02-10 00:37:24.863409,Toronto-348d,39,96,Normal
2026-02-10 00:37:25.863409,Toronto-348d,22,74,Normal
2026-02-10 00:37:26.863409,Toronto-348d,-14,86,Normal
2026-02-10 00:37:27.863409,Toronto-348d,-15,33,Normal
2026-02-10 00:37:28.863409,Toronto-348d,7,31,Normal
2026-02-10 00:37:29.863409,Toronto-348d,3,66,Normal
2026-02-10 00:37:30.863409,Toronto-348d,28,5,Normal
2026-02-10 00:37:31.863409,Toronto-348d,-10,25,Normal
2026-02-10 00:37:32.863409,Toronto-348d,26,40,Normal
2026-02-10 00:37:33.863409,Toronto-348d,-22,95,Normal
2026-02-10 00:37:34.863409,Toronto-348d,31,61,Normal
2026-02-10 00:37:35.863409,Toronto-348d,-27,44,Normal
2026-02-10 00:37:36.863409,Toronto-348d,-27,92,Normal
2026-02-10 00:37:37.863409,Toronto-348d,42,28,Normal
2026-02-10 00:37:38.863409,Toronto-348d,38,75,Normal
2026-02-10 00:37:39.863409,Toronto-348d,-13,3,Normal
2026-02-10 00:37:40.863409,Toronto-348d,50,42,Normal
2026-02-10 00:37:41.863409,Toronto-348d,43,42,Normal
2026-02-10 00:37:42.863409,Toronto-348d,24,0,Normal
2026-02-10 00:37:43.863409,Toronto-348d,25,83,Normal
2026-02-10 00:37:44.863409,Toronto-348d,49,50,Normal
2026-02-10 00:37:45.863409,Toronto-348d,-7,6,Normal
2026-02-10 00:37:46.863409,Toronto-348d,9,21,Normal
2026-02-10 00:37:47.863409,Toronto-348d,41,35,Normal
2026-02-10 00:37:48.863409,Toronto-348d,22,81,Normal
2026-02-10 00:37:49.863409,Toronto-348d,28,13,Normal
2026-02-10 00:37:50.863409,Toronto-348d,11,52,Normal
2026-02-10 00:37:51.863409,Toronto-348d,-2,31,Normal
2026-02-10 00:37:52.863409,Toronto-348d,-10,74,Normal
2026-02-10 00:37:53.863409,Toronto-348d,50,61,Normal
2026-02-10 00:37:54.863409,Toronto-348d,44,3,Normal
2026-02-10 00:37:55.863409,Toronto-348d,-15,37,Normal
2026-02-10 00:37:56.863409,Toronto-348d,27,82,Normal
2026-02-10 00:37:57.863409,Toronto-348d,35,15,Normal
2026-02-10 00:37:58.863409,Toronto-348d,20,81,Normal
2026-02-10 00:37:59.863409,Toronto-348d,-21,48,Normal
2026-02-10 00:38:00.863409,Toronto-348d,-6,86,Normal
2026-02-10 00:38:01.863409,Toronto-348d,37,80,Normal
2026-02-10 00:38:02.863409,Toronto-348d,-25,29,Normal
2026-02-10 00:38:03.863409,Toronto-348d,-23,49,Normal
2026-02-10 00:38:04.863409,Toronto-348d,44,75,Normal
2026-02-10 00:38:05.863409,Toronto-348d,3,4,Normal
2026-02-10 00:38:06.863409,Toronto-348d,-10,34,Normal
2026-02-10 00:38:07.863409,Toronto-348d,36,62,Normal
2026-02-10 00:38:08.863409,Toronto-348d,42,84,Normal
2026-02-10 00:38:09.863409,Toronto-348d,21,35,Normal
2026-02-10 00:38:10.863409,Toronto-348d,19,13,Normal
2026-02-10 00:38:11.863409,Toronto-348d,24,100,Normal
2026-02-10 00:38:12.863409,Toronto-348d,47,68,Normal
2026-02-10 00:38:13.863409,Toronto-348d,-27,70,Normal
2026-02-10 00:38:14.863409,Toronto-348d,-29,47,Normal
2026-02-10 00:38:15.863409,Toronto-348d,-1,61,Normal
2026-02-10 00:38:16.863409,Toronto-348d,-29,11,Normal
2026-02-10 00:38:17.863409,Toronto-348d,-29,29,Normal
2026-02-10 00:38:18.863409,Toronto-348d,24,10,Normal
2026-02-10 00:38:19.863409,Toronto-348d,3,98,Normal
2026-02-10 00:38:20.863409,Toronto-348d,2,1,Normal
2026-02-10 00:38:21.863409,Toronto-348d,34,18,Normal
2026-02-10 00:38:22.863409,Toronto-348d,30,19,Normal
2026-02-10 00:38:23.863409,Toronto-348d,-28,66,Normal
2026-02-10 00:38:24.863409,Toronto-348d,-22,18,Normal
2026-02-10 00:38:25.863409,Toronto-348d,22,45,Normal
2026-02-10 00:38:26.863409,Toronto-348d,29,82,Normal
2026-02-10 00:38:27.863409,Toronto-348d,-24,100,Normal
2026-02-10 00:38:28.863409,Toronto-348d,19,53,Normal
2026-02-10 00:38:29.863409,Toronto-348d,28,92,Normal
2026-02-10 00:38:30.863409,Toronto-348d,5,94,Normal
2026-02-10 00:38:31.863409,Toronto-348d,-11,58,Normal
2026-02-10 00:38:32.863409,Toronto-348d,-4,89,Normal
2026-02-10 00:38:33.863409,Toronto-348d,-10,14,Normal
2026-02-10 00:38:34.863409,Toronto-348d,-2,50,Normal
2026-02-10 00:38:35.863409,Toronto-348d,31,74,Normal
2026-02-10 00:38:36.863409,Toronto-348d,-29,86,Normal
2026-02-10 00:38:37.863409,Toronto-348d,35,62,Normal
2026-02-10 00:38:38.863409,Toronto-348d,4,33,Normal
2026-02-10 00:38:39.863409,Toronto-348d,39,48,Normal
2026-02-10 00:38:40.863409,Toronto-348d,-25,97,Normal
2026-02-10 00:38:41.863409,Toronto-348d,-1,37,Normal
2026-02-10 00:38:42.863409,Toronto-348d,-3,10,Normal
2026-02-10 00:38:43.863409,Toronto-348d,-13,61,Normal
2026-02-10 00:38:44.863409,Toronto-348d,-20,100,Normal
2026-02-10 00:38:45.863409,Toronto-348d,44,95,Normal
2026-02-10 00:38:46.863409,Toronto-348d,40,54,Normal
2026-02-10 00:38:47.863409,Toronto-348d,3,43,Normal
2026-02-10 00:38:48.863409,Toronto-348d,50,22,Normal
2026-02-10 00:38:49.863409,Toronto-348d,-25,96,Normal
2026-02-10 00:38:50.863409,Toronto-348d,36,61,Normal
2026-02-10 00:38:51.863409,Toronto-348d,49,11,Normal
2026-02-10 00:38:52.863409,Toronto-348d,49,67,Normal
2026-02-10 00:38:53.863409,Toronto-348d,-12,49,Normal
2026-02-10 00:38:54.863409,Toronto-348d,-14,74,Normal
2026-02-10 00:38:55.863409,Toronto-348d,34,73,Normal
2026-02-10 00:38:56.863409,Toronto-348d,4,96,Normal
2026-02-10 00:38:57.863409,Toronto-348d,-23,50,Normal
2026-02-10 00:38:58.863409,Toronto-348d,37,42,Normal
2026-02-10 00:38:59.863409,Toronto-348d,44,48,Normal
2026-02-10 00:39:00.863409,Toronto-348d,26,77,Normal
2026-02-10 00:39:01.863409,Toronto-348d,-16,63,Normal
2026-02-10 00:39:02.863409,Toronto-348d,36,87,Normal
2026-02-10 00:39:03.863409,Toronto-348d,-24,59,Normal
2026-02-10 00:39:04.863409,Toronto-348d,9,74,Normal
2026-02-10 00:39:05.863409,Toronto-348d,11,95,Normal
2026-02-10 00:39:06.863409,Toronto-348d,-19,0,Normal
2026-02-10 00:39:07.863409,Toronto-348d,-7,33,Normal
2026-02-10 00:39:08.863409,Toronto-348d,10,100,Normal
2026-02-10 00:39:09.863409,Toronto-348d,-17,28,Normal
2026-02-10 00:39:10.863409,Toronto-348d,-4,40,Normal
2026-02-10 00:39:11.863409,Toronto-348d,5,52,Normal
2026-02-10 00:39:12.863409,Toronto-348d,-25,84,Normal
2026-02-10 00:39:13.863409,Toronto-348d,-16,35,Normal
2026-02-10 00:39:14.863409,Toronto-348d,1,55,Normal
2026-02-10 00:39:15.863409,Toronto-348d,33,100,Normal
2026-02-10 00:39:16.863409,Toronto-348d,40,59,Normal
2026-02-10 00:39:17.863409,Toronto-348d,-6,65,Normal
2026-02-10 00:39:18.863409,Toronto-348d,49,50,Normal
2026-02-10 00:39:19.863409,Toronto-348d,15,21,Normal
2026-02-10 00:39:20.863409,Toronto-348d,-25,19,Normal
2026-02-10 00:39:21.863409,Toronto-348d,14,33,Normal
2026-02-10 00:39:22.863409,Toronto-348d,50,83,Normal
2026-02-10 00:39:23.863409,Toronto-348d,-15,38,Normal
2026-02-10 00:39:24.863409,Toronto-348d,4,75,Normal
2026-02-10 00:39:25.863409,Toronto-348d,-8,45,Normal
2026-02-10 00:39:26.863409,Toronto-348d,-9,35,Normal
2026-02-10 00:39:27.863409,Toronto-348d,47,66,Normal
2026-02-10 00:39:28.863409,Toronto-348d,37,30,Normal
2026-02-10 00:39:29.863409,Toronto-348d,7,54,Normal
2026-02-10 00:39:30.863409,Toronto-348d,-10,99,Normal
2026-02-10 00:39:31.863409,Toronto-348d,7,95,Normal
2026-02-10 00:39:32.863409,Toronto-348d,1,33,Normal
2026-02-10 00:39:33.863409,Toronto-348d,26,61,Normal
2026-02-10 00:39:34.863409,Toronto-348d,4,28,Normal
2026-02-10 00:39:35.863409,Toronto-348d,39,24,Normal
2026-02-10 00:39:36.863409,Toronto-348d,18,47,Normal
2026-02-10 00:39:37.863409,Toronto-348d,18,68,Normal
2026-02-10 00:39:38.863409,Toronto-348d,3,10,Normal
2026-02-10 00:39:39.863409,Toronto-348d,47,99,Normal
2026-02-10 00:39:40.863409,Toronto-348d,7,62,Normal
2026-02-10 00:39:41.863409,Toronto-348d,-27,46,Normal
2026-02-10 00:39:42.863409,Toronto-348d,-10,93,Normal
2026-02-10 00:39:43.863409,Toronto-348d,-4,65,Normal
2026-02-10 00:39:44.863409,Toronto-348d,-10,82,Normal
2026-02-10 00:39:45.863409,Toronto-348d,21,99,Normal
2026-02-10 00:39:46.863409,Toronto-348d,-8,46,Normal
2026-02-10 00:39:47.863409,Toronto-348d,-29,4,Normal
2026-02-10 00:39:48.863409,Toronto-348d,2,0,Normal
2026-02-10 00:39:49.863409,Toronto-348d,45,84,Normal
2026-02-10 00:39:50.863409,Toronto-348d,34,67,Normal
2026-02-10 00:39:51.863409,Toronto-348d,40,71,Normal
2026-02-10 00:39:52.863409,Toronto-348d,-22,34,Normal
2026-02-10 00:39:53.863409,Toronto-348d,32,96,Normal
2026-02-10 00:39:54.863409,Toronto-348d,-15,28,Normal
2026-02-10 00:39:55.863409,Toronto-348d,9,8,Normal
2026-02-10 00:39:56.863409,Toronto-348d,49,24,Normal
2026-02-10 00:39:57.863409,Toronto-348d,-6,83,Normal
2026-02-10 00:39:58.863409,Toronto-348d,9,26,Normal
2026-02-10 00:39:59.863409,Toronto-348d,19,73,Normal
2026-02-10 00:40:00.863409,Toronto-348d,-13,67,Normal
2026-02-10 00:40:01.863409,Toronto-348d,26,16,Normal
2026-02-10 00:40:02.863409,Toronto-348d,11,9,Normal
2026-02-10 00:40:03.863409,Toronto-348d,13,57,Normal
2026-02-10 00:40:04.863409,Toronto-348d,4,19,Normal
2026-02-10 00:40:05.863409,Toronto-348d,47,60,Normal
2026-02-10 00:40:06.863409,Toronto-348d,38,72,Normal
2026-02-10 00:40:07.863409,Toronto-348d,-16,92,Normal
2026-02-10 00:40:08.863409,Toronto-348d,40,57,Normal
2026-02-10 00:40:09.863409,Toronto-348d,6,81,Normal
2026-02-10 00:40:10.863409,Toronto-348d,14,21,Normal
2026-02-10 00:40:11.863409,Toronto-348d,-8,65,Normal
2026-02-10 00:40:12.863409,Toronto-348d,38,28,Normal
2026-02-10 00:40:13.863409,Toronto-348d,23,58,Normal
2026-02-10 00:40:14.863409,Toronto-348d,16,49,Normal
2026-02-10 00:40:15.863409,Toronto-348d,8,21,Normal
2026-02-10 00:40:16.863409,Toronto-348d,15,62,Normal
2026-02-10 00:40:17.863409,Toronto-348d,-7,74,Normal
2026-02-10 00:40:18.863409,Toronto-348d,23,58,Normal
2026-02-10 00:40:19.863409,Toronto-348d,10,30,Normal
2026-02-10 00:40:20.863409,Toronto-348d,30,47,Normal
2026-02-10 00:40:21.863409,Toronto-348d,-21,80,Normal
2026-02-10 00:40:22.863409,Toronto-348d,-5,79,Normal
2026-02-10 00:40:23.863409,Toronto-348d,2,8,Normal
2026-02-10 00:40:24.863409,Toronto-348d,19,20,Normal
2026-02-10 00:40:25.863409,Toronto-348d,48,57,Normal
2026-02-10 00:40:26.863409,Toronto-348d,-22,51,Normal
2026-02-10 00:40:27.863409,Toronto-348d,46,36,Normal
2026-02-10 00:40:28.863409,Toronto-348d,34,44,Normal
2026-02-10 00:40:29.863409,Toronto-348d,48,85,Normal
2026-02-10 00:40:30.863409,Toronto-348d,-19,18,Normal
2026-02-10 00:40:31.863409,Toronto-348d,-4,97,Normal
2026-02-10 00:40:32.863409,Toronto-348d,14,13,Normal
2026-02-10 00:40:33.863409,Toronto-348d,-27,82,Normal
2026-02-10 00:40:34.863409,Toronto-348d,-6,52,Normal
2026-02-10 00:40:35.863409,Toronto-348d,35,73,Normal
2026-02-10 00:40:36.863409,Toronto-348d,22,14,Normal
2026-02-10 00:40:37.863409,Toronto-348d,8,20,Normal
2026-02-10 00:40:38.863409,Toronto-348d,-8,26,Normal
2026-02-10 00:40:39.863409,Toronto-348d,-11,10,Normal
2026-02-10 00:40:40.863409,Toronto-348d,-19,2,Normal
2026-02-10 00:40:41.863409,Toronto-348d,17,33,Normal
2026-02-10 00:40:42.863409,Toronto-348d,44,21,Normal
2026-02-10 00:40:43.863409,Toronto-348d,7,26,Normal
2026-02-10 00:40:44.863409,Toronto-348d,17,83,Normal
2026-02-10 00:40:45.863409,Toronto-348d,46,33,Normal
2026-02-10 00:40:46.863409,Toronto-348d,-26,59,Normal
2026-02-10 00:40:47.863409,Toronto-348d,36,1,Normal
2026-02-10 00:40:48.863409,Toronto-348d,-29,97,Normal
2026-02-10 00:40:49.863409,Toronto-348d,26,14,Normal
2026-02-10 00:40:50.863409,Toronto-348d,4,79,Normal
2026-02-10 00:40:51.863409,Toronto-348d,-7,63,Normal
2026-02-10 00:40:52.863409,Toronto-348d,29,40,Normal
2026-02-10 00:40:53.863409,Toronto-348d,43,11,Normal
2026-02-10 00:40:54.863409,Toronto-348d,5,5,Normal
2026-02-10 00:40:55.863409,Toronto-348d,9,59,Normal
