timestamp,station_id,temp,humid,condition
2026-04-29 12:21:09.920308,Paris-80cd,-23,63,Normal
2026-04-29 12:21:10.920308,Paris-80cd,47,44,Normal
2026-04-29 12:21:11.920308,Paris-80cd,-12,48,Normal
2026-04-29 12:21:12.920308,Paris-80cd,25,54,Normal
2026-04-29 12:21:13.920308,Paris-80cd,5,28,Normal
2026-04-29 12:21:14.920308,Paris-80cd,-24,64,Normal
2026-04-29 12:21:15.920308,Paris-80cd,20,6,Normal
2026-04-29 12:21:16.920308,Paris-80cd,-27,83,Normal
2026-04-29 12:21:17.920308,Paris-80cd,27,7,Normal
2026-04-29 12:21:18.920308,Paris-80cd,-16,68,Normal
2026-04-29 12:21:19.920308,Paris-80cd,-6,17,Normal
2026-04-29 12:21:20.920308,Paris-80cd,15,55,Normal
2026-04-29 12:21:21.920308,Paris-80cd,25,73,Normal
2026-04-29 12:21:22.920308,Paris-80cd,-19,61,Normal
2026-04-29 12:21:23.920308,Paris-80cd,-25,81,Normal
2026-04-29 12:21:24.920308,Paris-80cd,25,94,Normal
2026-04-29 12:21:25.920308,Paris-80cd,-13,84,Normal
2026-04-29 12:21:26.920308,Paris-80cd,-1,36,Normal
2026-04-29 12:21:27.920308,Paris-80cd,11,41,Normal
2026-04-29 12:21:28.920308,Paris-80cd,-3,86,Normal
2026-04-29 12:21:29.920308,Paris-80cd,25,84,Normal
2026-04-29 12:21:30.920308,Paris-80cd,-19,92,Normal
2026-04-29 12:21:31.920308,Paris-80cd,-4,21,Normal
2026-04-29 12:21:32.920308,Paris-80cd,9,77,Normal
2026-04-29 12:21:33.920308,Paris-80cd,8,68,Normal
2026-04-29 12:21:34.920308,Paris-80cd,41,32,Normal
2026-04-29 12:21:35.920308,Paris-80cd,15,4,Normal
2026-04-29 12:21:36.920308,Paris-80cd,-22,61,Normal
2026-04-29 12:21:37.920308,Paris-80cd,-25,37,Normal
2026-04-29 12:21:38.920308,Paris-80cd,20,53,Normal
2026-04-29 12:21:39.920308,Paris-80cd,13,17,Normal
2026-04-29 12:21:40.920308,Paris-80cd,-15,73,Normal
2026-04-29 12:21:41.920308,Paris-80cd,-13,12,Normal
2026-04-29 12:21:42.920308,Paris-80cd,31,96,Normal
2026-04-29 12:21:43.920308,Paris-80cd,49,34,Normal
2026-04-29 12:21:44.920308,Paris-80cd,-18,63,Normal
2026-04-29 12:21:45.920308,Paris-80cd,20,16,Normal
2026-04-29 12:21:46.920308,Paris-80cd,20,73,Normal
2026-04-29 12:21:47.920308,Paris-80cd,25,92,Normal
2026-04-29 12:21:48.920308,Paris-80cd,37,15,Normal
2026-04-29 12:21:49.920308,Paris-80cd,46,93,Normal
2026-04-29 12:21:50.920308,Paris-80cd,37,40,Normal
2026-04-29 12:21:51.920308,Paris-80cd,48,63,Normal
2026-04-29 12:21:52.920308,Paris-80cd,-15,67,Normal
2026-04-29 12:21:53.920308,Paris-80cd,41,72,Normal
2026-04-29 12:21:54.920308,Paris-80cd,-19,52,Normal
2026-04-29 12:21:55.920308,Paris-80cd,-28,46,Normal
2026-04-29 12:21:56.920308,Paris-80cd,46,1,Normal
2026-04-29 12:21:57.920308,Paris-80cd,41,97,Normal
2026-04-29 12:21:58.920308,Paris-80cd,36,78,Normal
2026-04-29 12:21:59.920308,Paris-80cd,31,72,Normal
2026-04-29 12:22:00.920308,Paris-80cd,44,43,Normal
2026-04-29 12:22:01.920308,Paris-80cd,4,48,Normal
2026-04-29 12:22:02.920308,Paris-80cd,19,3,Normal
2026-04-29 12:22:03.920308,Paris-80cd,36,18,Normal
2026-04-29 12:22:04.920308,Paris-80cd,-4,95,Normal
2026-04-29 12:22:05.920308,Paris-80cd,27,64,Normal
2026-04-29 12:22:06.920308,Paris-80cd,33,27,Normal
2026-04-29 12:22:07.920308,Paris-80cd,-8,53,Normal
2026-04-29 12:22:08.920308,Paris-80cd,41,42,Normal
2026-04-29 12:22:09.920308,Paris-80cd,-6,4,Normal
2026-04-29 12:22:10.920308,Paris-80cd,8,25,Normal
2026-04-29 12:22:11.920308,Paris-80cd,-4,38,Normal
2026-04-29 12:22:12.920308,Paris-80cd,-20,7,Normal
2026-04-29 12:22:13.920308,Paris-80cd,10,28,Normal
2026-04-29 12:22:14.920308,Paris-80cd,-3,70,Normal
2026-04-29 12:22:15.920308,Paris-80cd,-25,56,Normal
2026-04-29 12:22:16.920308,Paris-80cd,34,98,Normal
2026-04-29 12:22:17.920308,Paris-80cd,15,51,Normal
2026-04-29 12:22:18.920308,Paris-80cd,17,86,Normal
2026-04-29 12:22:19.920308,Paris-80cd,44,39,Normal
2026-04-29 12:22:20.920308,Paris-80cd,50,95,Normal
2026-04-29 12:22:21.920308,Paris-80cd,35,61,Normal
2026-04-29 12:22:22.920308,Paris-80cd,1,35,Normal
2026-04-29 12:22:23.920308,Paris-80cd,44,80,Normal
2026-04-29 12:22:24.920308,Paris-80cd,-25,55,Normal
2026-04-29 12:22:25.920308,Paris-80cd,0,34,Normal
2026-04-29 12:22:26.920308,Paris-80cd,9,69,Normal
2026-04-29 12:22:27.920308,Paris-80cd,-3,79,Normal
2026-04-29 12:22:28.920308,Paris-80cd,25,26,Normal
2026-04-29 12:22:29.920308,Paris-80cd,44,38,Normal
2026-04-29 12:22:30.920308,Paris-80cd,20,88,Normal
2026-04-29 12:22:31.920308,Paris-80cd,18,50,Normal
2026-04-29 12:22:32.920308,Paris-80cd,-30,44,Normal
2026-04-29 12:22:33.920308,Paris-80cd,20,68,Normal
2026-04-29 12:22:34.920308,Paris-80cd,-8,25,Normal
2026-04-29 12:22:35.920308,Paris-80cd,44,32,Normal
2026-04-29 12:22:36.920308,Paris-80cd,11,100,Normal
2026-04-29 12:22:37.920308,Paris-80cd,13,14,Normal
2026-04-29 12:22:38.920308,Paris-80cd,-9,30,Normal
2026-04-29 12:22:39.920308,Paris-80cd,4,94,Normal
2026-04-29 12:22:40.920308,Paris-80cd,12,39,Normal
2026-04-29 12:22:41.920308,Paris-80cd,27,41,Normal
2026-04-29 12:22:42.920308,Paris-80cd,-25,6,Normal
2026-04-29 12:22:43.920308,Paris-80cd,-4,0,Normal
2026-04-29 12:22:44.920308,Paris-80cd,-21,71,Normal
2026-04-29 12:22:45.920308,Paris-80cd,13,45,Normal
2026-04-29 12:22:46.920308,Paris-80cd,2,42,Normal
2026-04-29 12:22:47.920308,Paris-80cd,37,72,Normal
2026-04-29 12:22:48.920308,Paris-80cd,-8,26,Normal
2026-04-29 12:22:49.920308,Paris-80cd,33,9,Normal
2026-04-29 12:22:50.920308,Paris-80cd,26,23,Normal
2026-04-29 12:22:51.920308,Paris-80cd,-28,84,Normal
2026-04-29 12:22:52.920308,Paris-80cd,27,37,Normal
2026-04-29 12:22:53.920308,Paris-80cd,-22,71,Normal
2026-04-29 12:22:54.920308,Paris-80cd,49,56,Normal
2026-04-29 12:22:55.920308,Paris-80cd,2,95,Normal
2026-04-29 12:22:56.920308,Paris-80cd,-8,74,Normal
2026-04-29 12:22:57.920308,Paris-80cd,-10,39,Normal
2026-04-29 12:22:58.920308,Paris-80cd,48,93,Normal
2026-04-29 12:22:59.920308,Paris-80cd,-6,61,Normal
2026-04-29 12:23:00.920308,Paris-80cd,-1,53,Normal
2026-04-29 12:23:01.920308,Paris-80cd,35,89,Normal
2026-04-29 12:23:02.920308,Paris-80cd,-27,45,Normal
2026-04-29 12:23:03.920308,Paris-80cd,3,60,Normal
2026-04-29 12:23:04.920308,Paris-80cd,40,79,Normal
2026-04-29 12:23:05.920308,Paris-80cd,23,10,Normal
2026-04-29 12:23:06.920308,Paris-80cd,41,60,Normal
2026-04-29 12:23:07.920308,Paris-80cd,32,13,Normal
2026-04-29 12:23:08.920308,Paris-80cd,17,30,Normal
2026-04-29 12:23:09.920308,Paris-80cd,-27,82,Normal
2026-04-29 12:23:10.920308,Paris-80cd,-4,90,Normal
2026-04-29 12:23:11.920308,Paris-80cd,46,79,Normal
2026-04-29 12:23:12.920308,Paris-80cd,8,99,Normal
2026-04-29 12:23:13.920308,Paris-80cd,-7,0,Normal
2026-04-29 12:23:14.920308,Paris-80cd,-12,33,Normal
2026-04-29 12:23:15.920308,Paris-80cd,45,54,Normal
2026-04-29 12:23:16.920308,Paris-80cd,37,62,Normal
2026-04-29 12:23:17.920308,Paris-80cd,17,91,Normal
2026-04-29 12:23:18.920308,Paris-80cd,8,46,Normal
2026-04-29 12:23:19.920308,Paris-80cd,34,66,Normal
2026-04-29 12:23:20.920308,Paris-80cd,34,93,Normal
2026-04-29 12:23:21.920308,Paris-80cd,-12,68,Normal
2026-04-29 12:23:22.920308,Paris-80cd,5,81,Normal
2026-04-29 12:23:23.920308,Paris-80cd,31,94,Normal
2026-04-29 12:23:24.920308,Paris-80cd,-21,56,Normal
2026-04-29 12:23:25.920308,Paris-80cd,12,23,Normal
2026-04-29 12:23:26.920308,Paris-80cd,24,42,Normal
2026-04-29 12:23:27.920308,Paris-80cd,-15,20,Normal
2026-04-29 12:23:28.920308,Paris-80cd,44,65,Normal
2026-04-29 12:23:29.920308,Paris-80cd,24,73,Normal
2026-04-29 12:23:30.920308,Paris-80cd,48,26,Normal
2026-04-29 12:23:31.920308,Paris-80cd,47,43,Normal
2026-04-29 12:23:32.920308,Paris-80cd,-29,60,Normal
2026-04-29 12:23:33.920308,Paris-80cd,46,8,Normal
2026-04-29 12:23:34.920308,Paris-80cd,-11,86,Normal
2026-04-29 12:23:35.920308,Paris-80cd,6,59,Normal
2026-04-29 12:23:36.920308,Paris-80cd,36,21,Normal
2026-04-29 12:23:37.920308,Paris-80cd,-18,52,Normal
2026-04-29 12:23:38.920308,Paris-80cd,-20,40,Normal
2026-04-29 12:23:39.920308,Paris-80cd,30,62,Normal
2026-04-29 12:23:40.920308,Paris-80cd,-9,99,Normal
2026-04-29 12:23:41.920308,Paris-80cd,12,94,Normal
2026-04-29 12:23:42.920308,Paris-80cd,18,42,Normal
2026-04-29 12:23:43.920308,Paris-80cd,14,17,Normal
2026-04-29 12:23:44.920308,Paris-80cd,16,2,Normal
2026-04-29 12:23:45.920308,Paris-80cd,1,44,Normal
2026-04-29 12:23:46.920308,Paris-80cd,-11,16,Normal
2026-04-29 12:23:47.920308,Paris-80cd,17,54,Normal
2026-04-29 12:23:48.920308,Paris-80cd,1,2,Normal
2026-04-29 12:23:49.920308,Paris-80cd,11,18,Normal
2026-04-29 12:23:50.920308,Paris-80cd,46,82,Normal
2026-04-29 12:23:51.920308,Paris-80cd,1,19,Normal
2026-04-29 12:23:52.920308,Paris-80cd,29,80,Normal
2026-04-29 12:23:53.920308,Paris-80cd,-18,42,Normal
2026-04-29 12:23:54.920308,Paris-80cd,-25,27,Normal
2026-04-29 12:23:55.920308,Paris-80cd,-11,22,Normal
2026-04-29 12:23:56.920308,Paris-80cd,47,45,Normal
2026-04-29 12:23:57.920308,Paris-80cd,15,30,Normal
2026-04-29 12:23:58.920308,Paris-80cd,-29,79,Normal
2026-04-29 12:23:59.920308,Paris-80cd,-10,4,Normal
2026-04-29 12:24:00.920308,Paris-80cd,24,50,Normal
2026-04-29 12:24:01.920308,Paris-80cd,1,87,Normal
2026-04-29 12:24:02.920308,Paris-80cd,45,6,Normal
2026-04-29 12:24:03.920308,Paris-80cd,23,84,Normal
2026-04-29 12:24:04.920308,Paris-80cd,37,40,Normal
2026-04-29 12:24:05.920308,Paris-80cd,-1,16,Normal
2026-04-29 12:24:06.920308,Paris-80cd,11,21,Normal
2026-04-29 12:24:07.920308,Paris-80cd,-3,33,Normal
2026-04-29 12:24:08.920308,Paris-80cd,33,67,Normal
2026-04-29 12:24:09.920308,Paris-80cd,45,19,Normal
2026-04-29 12:24:10.920308,Paris-80cd,-25,8,Normal
2026-04-29 12:24:11.920308,Paris-80cd,-30,95,Normal
2026-04-29 12:24:12.920308,Paris-80cd,13,69,Normal
2026-04-29 12:24:13.920308,Paris-80cd,-2,86,Normal
2026-04-29 12:24:14.920308,Paris-80cd,-7,33,Normal
2026-04-29 12:24:15.920308,Paris-80cd,-19,33,Normal
2026-04-29 12:24:16.920308,Paris-80cd,13,85,Normal
2026-04-29 12:24:17.920308,Paris-80cd,-30,27,Normal
2026-04-29 12:24:18.920308,Paris-80cd,19,34,Normal
2026-04-29 12:24:19.920308,Paris-80cd,-30,45,Normal
2026-04-29 12:24:20.920308,Paris-80cd,-24,93,Normal
2026-04-29 12:24:21.920308,Paris-80cd,-23,4,Normal
2026-04-29 12:24:22.920308,Paris-80cd,11,75,Normal
2026-04-29 12:24:23.920308,Paris-80cd,-24,25,Normal
2026-04-29 12:24:24.920308,Paris-80cd,25,55,Normal
2026-04-29 12:24:25.920308,Paris-80cd,18,58,Normal
2026-04-29 12:24:26.920308,Paris-80cd,29,49,Normal
2026-04-29 12:24:27.920308,Paris-80cd,48,65,Normal
2026-04-29 12:24:28.920308,Paris-80cd,25,55,Normal
2026-04-29 12:24:29.920308,Paris-80cd,3,29,Normal
2026-04-29 12:24:30.920308,Paris-80cd,-3,8,Normal
2026-04-29 12:24:31.920308,Paris-80cd,49,57,Normal
2026-04-29 12:24:32.920308,Paris-80cd,-29,17,Normal
2026-04-29 12:24:33.920308,Paris-80cd,36,5,Normal
2026-04-29 12:24:34.920308,Paris-80cd,36,12,Normal
2026-04-29 12:24:35.920308,Paris-80cd,-1,15,Normal
2026-04-29 12:24:36.920308,Paris-80cd,37,39,Normal
2026-04-29 12:24:37.920308,Paris-80cd,-9,99,Normal
2026-04-29 12:24:38.920308,Paris-80cd,3,78,Normal
2026-04-29 12:24:39.920308,Paris-80cd,47,50,Normal
2026-04-29 12:24:40.920308,Paris-80cd,-15,65,Normal
2026-04-29 12:24:41.920308,Paris-80cd,40,60,Normal
2026-04-29 12:24:42.920308,Paris-80cd,-14,18,Normal
2026-04-29 12:24:43.920308,Paris-80cd,28,36,Normal
2026-04-29 12:24:44.920308,Paris-80cd,10,97,Normal
2026-04-29 12:24:45.920308,Paris-80cd,-17,96,Normal
2026-04-29 12:24:46.920308,Paris-80cd,7,96,Normal
2026-04-29 12:24:47.920308,Paris-80cd,26,21,Normal
2026-04-29 12:24:48.920308,Paris-80cd,-6,51,Normal
2026-04-29 12:24:49.920308,Paris-80cd,34,10,Normal
2026-04-29 12:24:50.920308,Paris-80cd,42,39,Normal
2026-04-29 12:24:51.920308,Paris-80cd,-22,75,Normal
2026-04-29 12:24:52.920308,Paris-80cd,5,80,Normal
2026-04-29 12:24:53.920308,Paris-80cd,1,84,Normal
2026-04-29 12:24:54.920308,Paris-80cd,2,87,Normal
2026-04-29 12:24:55.920308,Paris-80cd,-25,41,Normal
2026-04-29 12:24:56.920308,Paris-80cd,-12,31,Normal
2026-04-29 12:24:57.920308,Paris-80cd,-3,84,Normal
2026-04-29 12:24:58.920308,Paris-80cd,-17,38,Normal
2026-04-29 12:24:59.920308,Paris-80cd,9,48,Normal
2026-04-29 12:25:00.920308,Paris-80cd,28,79,Normal
2026-04-29 12:25:01.920308,Paris-80cd,14,87,Normal
2026-04-29 12:25:02.920308,Paris-80cd,49,51,Normal
2026-04-29 12:25:03.920308,Paris-80cd,6,39,Normal
2026-04-29 12:25:04.920308,Paris-80cd,17,83,Normal
2026-04-29 12:25:05.920308,Paris-80cd,24,56,Normal
2026-04-29 12:25:06.920308,Paris-80cd,18,35,Normal
2026-04-29 12:25:07.920308,Paris-80cd,-1,53,Normal
2026-04-29 12:25:08.920308,Paris-80cd,47,71,Normal
2026-04-29 12:25:09.920308,Paris-80cd,47,31,Normal
2026-04-29 12:25:10.920308,Paris-80cd,35,27,Normal
2026-04-29 12:25:11.920308,Paris-80cd,36,92,Normal
2026-04-29 12:25:12.920308,Paris-80cd,-28,97,Normal
2026-04-29 12:25:13.920308,Paris-80cd,43,59,Normal
2026-04-29 12:25:14.920308,Paris-80cd,19,68,Normal
2026-04-29 12:25:15.920308,Paris-80cd,-19,72,Normal
2026-04-29 12:25:16.920308,Paris-80cd,-29,82,Normal
2026-04-29 12:25:17.920308,Paris-80cd,-3,5,Normal
2026-04-29 12:25:18.920308,Paris-80cd,15,37,Normal
2026-04-29 12:25:19.920308,Paris-80cd,46,90,Normal
2026-04-29 12:25:20.920308,Paris-80cd,-11,68,Normal
2026-04-29 12:25:21.920308,Paris-80cd,-7,34,Normal
2026-04-29 12:25:22.920308,Paris-80cd,13,73,Normal
2026-04-29 12:25:23.920308,Paris-80cd,-25,62,Normal
2026-04-29 12:25:24.920308,Paris-80cd,31,82,Normal
2026-04-29 12:25:25.920308,Paris-80cd,22,99,Normal
2026-04-29 12:25:26.920308,Paris-80cd,37,49,Normal
2026-04-29 12:25:27.920308,Paris-80cd,-13,1,Normal
2026-04-29 12:25:28.920308,Paris-80cd,50,75,Normal
2026-04-29 12:25:29.920308,Paris-80cd,3,32,Normal
2026-04-29 12:25:30.920308,Paris-80cd,28,25,Normal
2026-04-29 12:25:31.920308,Paris-80cd,-4,76,Normal
2026-04-29 12:25:32.920308,Paris-80cd,25,78,Normal
2026-04-29 12:25:33.920308,Paris-80cd,37,17,Normal
2026-04-29 12:25:34.920308,Paris-80cd,4,82,Normal
2026-04-29 12:25:35.920308,Paris-80cd,-6,23,Normal
2026-04-29 12:25:36.920308,Paris-80cd,50,44,Normal
2026-04-29 12:25:37.920308,Paris-80cd,25,52,Normal
2026-04-29 12:25:38.920308,Paris-80cd,-19,84,Normal
2026-04-29 12:25:39.920308,Paris-80cd,2,76,Normal
2026-04-29 12:25:40.920308,Paris-80cd,42,45,Normal
2026-04-29 12:25:41.920308,Paris-80cd,-8,24,Normal
2026-04-29 12:25:42.920308,Paris-80cd,-4,78,Normal
2026-04-29 12:25:43.920308,Paris-80cd,-6,47,Normal
2026-04-29 12:25:44.920308,Paris-80cd,1,16,Normal
2026-04-29 12:25:45.920308,Paris-80cd,32,61,Normal
2026-04-29 12:25:46.920308,Paris-80cd,42,29,Normal
2026-04-29 12:25:47.920308,Paris-80cd,0,100,Normal
2026-04-29 12:25:48.920308,Paris-80cd,28,18,Normal
2026-04-29 12:25:49.920308,Paris-80cd,35,65,Normal
2026-04-29 12:25:50.920308,Paris-80cd,16,62,Normal
2026-04-29 12:25:51.920308,Paris-80cd,-30,27,Normal
2026-04-29 12:25:52.920308,Paris-80cd,47,19,Normal
2026-04-29 12:25:53.920308,Paris-80cd,48,94,Normal
2026-04-29 12:25:54.920308,Paris-80cd,36,8,Normal
2026-04-29 12:25:55.920308,Paris-80cd,4,98,Normal
2026-04-29 12:25:56.920308,Paris-80cd,41,29,Normal
2026-04-29 12:25:57.920308,Paris-80cd,48,25,Normal
2026-04-29 12:25:58.920308,Paris-80cd,11,40,Normal
2026-04-29 12:25:59.920308,Paris-80cd,33,64,Normal
2026-04-29 12:26:00.920308,Paris-80cd,-5,98,Normal
2026-04-29 12:26:01.920308,Paris-80cd,17,81,Normal
2026-04-29 12:26:02.920308,Paris-80cd,6,36,Normal
2026-04-29 12:26:03.920308,Paris-80cd,48,24,Normal
2026-04-29 12:26:04.920308,Paris-80cd,46,33,Normal
2026-04-29 12:26:05.920308,Paris-80cd,-17,74,Normal
2026-04-29 12:26:06.920308,Paris-80cd,20,56,Normal
2026-04-29 12:26:07.920308,Paris-80cd,-7,10,Normal
2026-04-29 12:26:08.920308,Paris-80cd,-22,71,Normal
2026-04-29 12:26:09.920308,Paris-80cd,34,94,Normal
2026-04-29 12:26:10.920308,Paris-80cd,32,18,Normal
2026-04-29 12:26:11.920308,Paris-80cd,-20,11,Normal
2026-04-29 12:26:12.920308,Paris-80cd,39,40,Normal
2026-04-29 12:26:13.920308,Paris-80cd,29,98,Normal
2026-04-29 12:26:14.920308,Paris-80cd,49,0,Normal
2026-04-29 12:26:15.920308,Paris-80cd,41,7,Normal
2026-04-29 12:26:16.920308,Paris-80cd,-26,82,Normal
2026-04-29 12:26:17.920308,Paris-80cd,3,99,Normal
2026-04-29 12:26:18.920308,Paris-80cd,-21,84,Normal
2026-04-29 12:26:19.920308,Paris-80cd,-9,63,Normal
2026-04-29 12:26:20.920308,Paris-80cd,46,36,Normal
2026-04-29 12:26:21.920308,Paris-80cd,13,92,Normal
2026-04-29 12:26:22.920308,Paris-80cd,24,10,Normal
2026-04-29 12:26:23.920308,Paris-80cd,-8,25,Normal
2026-04-29 12:26:24.920308,Paris-80cd,17,48,Normal
2026-04-29 12:26:25.920308,Paris-80cd,-2,15,Normal
2026-04-29 12:26:26.920308,Paris-80cd,48,72,Normal
2026-04-29 12:26:27.920308,Paris-80cd,1,50,Normal
2026-04-29 12:26:28.920308,Paris-80cd,14,43,Normal
2026-04-29 12:26:29.920308,Paris-80cd,9,25,Normal
2026-04-29 12:26:30.920308,Paris-80cd,-12,10,Normal
2026-04-29 12:26:31.920308,Paris-80cd,12,62,Normal
2026-04-29 12:26:32.920308,Paris-80cd,11,52,Normal
2026-04-29 12:26:33.920308,Paris-80cd,34,96,Normal
2026-04-29 12:26:34.920308,Paris-80cd,-6,77,Normal
2026-04-29 12:26:35.920308,Paris-80cd,24,47,Normal
2026-04-29 12:26:36.920308,Paris-80cd,43,46,Normal
2026-04-29 12:26:37.920308,Paris-80cd,50,28,Normal
2026-04-29 12:26:38.920308,Paris-80cd,6,4,Normal
2026-04-29 12:26:39.920308,Paris-80cd,37,20,Normal
2026-04-29 12:26:40.920308,Paris-80cd,-6,0,Normal
2026-04-29 12:26:41.920308,Paris-80cd,-23,0,Normal
2026-04-29 12:26:42.920308,Paris-80cd,-24,33,Normal
2026-04-29 12:26:43.920308,Paris-80cd,-6,61,Normal
2026-04-29 12:26:44.920308,Paris-80cd,48,31,Normal
2026-04-29 12:26:45.920308,Paris-80cd,-26,65,Normal
2026-04-29 12:26:46.920308,Paris-80cd,-10,81,Normal
2026-04-29 12:26:47.920308,Paris-80cd,26,100,Normal
2026-04-29 12:26:48.920308,Paris-80cd,29,79,Normal
2026-04-29 12:26:49.920308,Paris-80cd,9,100,Normal
2026-04-29 12:26:50.920308,Paris-80cd,-6,3,Normal
2026-04-29 12:26:51.920308,Paris-80cd,-11,47,Normal
2026-04-29 12:26:52.920308,Paris-80cd,-18,81,Normal
2026-04-29 12:26:53.920308,Paris-80cd,25,100,Normal
2026-04-29 12:26:54.920308,Paris-80cd,29,85,Normal
2026-04-29 12:26:55.920308,Paris-80cd,11,69,Normal
2026-04-29 12:26:56.920308,Paris-80cd,30,21,Normal
2026-04-29 12:26:57.920308,Paris-80cd,17,8,Normal
2026-04-29 12:26:58.920308,Paris-80cd,9,92,Normal
2026-04-29 12:26:59.920308,Paris-80cd,31,13,Normal
2026-04-29 12:27:00.920308,Paris-80cd,28,51,Normal
2026-04-29 12:27:01.920308,Paris-80cd,-17,64,Normal
2026-04-29 12:27:02.920308,Paris-80cd,33,42,Normal
2026-04-29 12:27:03.920308,Paris-80cd,8,46,Normal
2026-04-29 12:27:04.920308,Paris-80cd,-12,51,Normal
2026-04-29 12:27:05.920308,Paris-80cd,29,41,Normal
2026-04-29 12:27:06.920308,Paris-80cd,40,6,Normal
2026-04-29 12:27:07.920308,Paris-80cd,35,34,Normal
2026-04-29 12:27:08.920308,Paris-80cd,7,17,Normal
2026-04-29 12:27:09.920308,Paris-80cd,44,56,Normal
2026-04-29 12:27:10.920308,Paris-80cd,20,15,Normal
2026-04-29 12:27:11.920308,Paris-80cd,29,85,Normal
2026-04-29 12:27:12.920308,Paris-80cd,-26,33,Normal
2026-04-29 12:27:13.920308,Paris-80cd,27,92,Normal
2026-04-29 12:27:14.920308,Paris-80cd,31,14,Normal
2026-04-29 12:27:15.920308,Paris-80cd,32,86,Normal
2026-04-29 12:27:16.920308,Paris-80cd,34,96,Normal
2026-04-29 12:27:17.920308,Paris-80cd,-4,16,Normal
2026-04-29 12:27:18.920308,Paris-80cd,-22,98,Normal
2026-04-29 12:27:19.920308,Paris-80cd,-18,9,Normal
2026-04-29 12:27:20.920308,Paris-80cd,16,87,Normal
2026-04-29 12:27:21.920308,Paris-80cd,37,37,Normal
2026-04-29 12:27:22.920308,Paris-80cd,32,6,Normal
2026-04-29 12:27:23.920308,Paris-80cd,26,69,Normal
2026-04-29 12:27:24.920308,Paris-80cd,23,89,Normal
2026-04-29 12:27:25.920308,Paris-80cd,26,1,Normal
2026-04-29 12:27:26.920308,Paris-80cd,34,84,Normal
2026-04-29 12:27:27.920308,Paris-80cd,13,0,Normal
2026-04-29 12:27:28.920308,Paris-80cd,-1,44,Normal
2026-04-29 12:27:29.920308,Paris-80cd,35,90,Normal
2026-04-29 12:27:30.920308,Paris-80cd,4,92,Normal
2026-04-29 12:27:31.920308,Paris-80cd,3,67,Normal
2026-04-29 12:27:32.920308,Paris-80cd,15,81,Normal
2026-04-29 12:27:33.920308,Paris-80cd,23,87,Normal
2026-04-29 12:27:34.920308,Paris-80cd,45,79,Normal
2026-04-29 12:27:35.920308,Paris-80cd,17,62,Normal
2026-04-29 12:27:36.920308,Paris-80cd,-11,27,Normal
2026-04-29 12:27:37.920308,Paris-80cd,0,33,Normal
2026-04-29 12:27:38.920308,Paris-80cd,-6,75,Normal
2026-04-29 12:27:39.920308,Paris-80cd,-10,24,Normal
2026-04-29 12:27:40.920308,Paris-80cd,8,26,Normal
2026-04-29 12:27:41.920308,Paris-80cd,45,44,Normal
2026-04-29 12:27:42.920308,Paris-80cd,-27,27,Normal
2026-04-29 12:27:43.920308,Paris-80cd,40,41,Normal
2026-04-29 12:27:44.920308,Paris-80cd,3,8,Normal
2026-04-29 12:27:45.920308,Paris-80cd,-19,49,Normal
2026-04-29 12:27:46.920308,Paris-80cd,0,36,Normal
2026-04-29 12:27:47.920308,Paris-80cd,-26,2,Normal
2026-04-29 12:27:48.920308,Paris-80cd,9,14,Normal
2026-04-29 12:27:49.920308,Paris-80cd,33,61,Normal
2026-04-29 12:27:50.920308,Paris-80cd,-25,63,Normal
2026-04-29 12:27:51.920308,Paris-80cd,38,25,Normal
2026-04-29 12:27:52.920308,Paris-80cd,6,33,Normal
2026-04-29 12:27:53.920308,Paris-80cd,-29,58,Normal
2026-04-29 12:27:54.920308,Paris-80cd,27,57,Normal
2026-04-29 12:27:55.920308,Paris-80cd,27,59,Normal
2026-04-29 12:27:56.920308,Paris-80cd,13,96,Normal
2026-04-29 12:27:57.920308,Paris-80cd,7,48,Normal
2026-04-29 12:27:58.920308,Paris-80cd,8,46,Normal
2026-04-29 12:27:59.920308,Paris-80cd,48,23,Normal
2026-04-29 12:28:00.920308,Paris-80cd,0,38,Normal
2026-04-29 12:28:01.920308,Paris-80cd,9,8,Normal
2026-04-29 12:28:02.920308,Paris-80cd,15,97,Normal
2026-04-29 12:28:03.920308,Paris-80cd,-23,71,Normal
2026-04-29 12:28:04.920308,Paris-80cd,1,8,Normal
2026-04-29 12:28:05.920308,Paris-80cd,39,75,Normal
2026-04-29 12:28:06.920308,Paris-80cd,-20,86,Normal
2026-04-29 12:28:07.920308,Paris-80cd,0,20,Normal
2026-04-29 12:28:08.920308,Paris-80cd,-4,54,Normal
2026-04-29 12:28:09.920308,Paris-80cd,48,90,Normal
2026-04-29 12:28:10.920308,Paris-80cd,6,63,Normal
2026-04-29 12:28:11.920308,Paris-80cd,38,51,Normal
2026-04-29 12:28:12.920308,Paris-80cd,18,2,Normal
2026-04-29 12:28:13.920308,Paris-80cd,26,38,Normal
2026-04-29 12:28:14.920308,Paris-80cd,-5,70,Normal
2026-04-29 12:28:15.920308,Paris-80cd,-16,80,Normal
2026-04-29 12:28:16.920308,Paris-80cd,-29,13,Normal
2026-04-29 12:28:17.920308,Paris-80cd,44,69,Normal
2026-04-29 12:28:18.920308,Paris-80cd,-27,11,Normal
2026-04-29 12:28:19.920308,Paris-80cd,50,1,Normal
2026-04-29 12:28:20.920308,Paris-80cd,-20,15,Normal
2026-04-29 12:28:21.920308,Paris-80cd,43,47,Normal
2026-04-29 12:28:22.920308,Paris-80cd,42,90,Normal
2026-04-29 12:28:23.920308,Paris-80cd,-2,57,Normal
2026-04-29 12:28:24.920308,Paris-80cd,41,98,Normal
2026-04-29 12:28:25.920308,Paris-80cd,-14,75,Normal
2026-04-29 12:28:26.920308,Paris-80cd,9,68,Normal
2026-04-29 12:28:27.920308,Paris-80cd,21,85,Normal
2026-04-29 12:28:28.920308,Paris-80cd,18,93,Normal
2026-04-29 12:28:29.920308,Paris-80cd,19,26,Normal
2026-04-29 12:28:30.920308,Paris-80cd,50,63,Normal
2026-04-29 12:28:31.920308,Paris-80cd,43,71,Normal
2026-04-29 12:28:32.920308,Paris-80cd,48,22,Normal
2026-04-29 12:28:33.920308,Paris-80cd,29,9,Normal
2026-04-29 12:28:34.920308,Paris-80cd,18,67,Normal
2026-04-29 12:28:35.920308,Paris-80cd,42,54,Normal
2026-04-29 12:28:36.920308,Paris-80cd,-13,72,Normal
2026-04-29 12:28:37.920308,Paris-80cd,-2,3,Normal
2026-04-29 12:28:38.920308,Paris-80cd,15,55,Normal
2026-04-29 12:28:39.920308,Paris-80cd,35,1,Normal
2026-04-29 12:28:40.920308,Paris-80cd,49,9,Normal
2026-04-29 12:28:41.920308,Paris-80cd,17,25,Normal
2026-04-29 12:28:42.920308,Paris-80cd,16,17,Normal
2026-04-29 12:28:43.920308,Paris-80cd,-8,43,Normal
2026-04-29 12:28:44.920308,Paris-80cd,29,34,Normal
2026-04-29 12:28:45.920308,Paris-80cd,-22,95,Normal
2026-04-29 12:28:46.920308,Paris-80cd,9,59,Normal
2026-04-29 12:28:47.920308,Paris-80cd,26,63,Normal
2026-04-29 12:28:48.920308,Paris-80cd,8,99,Normal
2026-04-29 12:28:49.920308,Paris-80cd,-29,68,Normal
2026-04-29 12:28:50.920308,Paris-80cd,-1,24,Normal
2026-04-29 12:28:51.920308,Paris-80cd,33,100,Normal
2026-04-29 12:28:52.920308,Paris-80cd,15,25,Normal
2026-04-29 12:28:53.920308,Paris-80cd,-24,57,Normal
2026-04-29 12:28:54.920308,Paris-80cd,27,48,Normal
2026-04-29 12:28:55.920308,Paris-80cd,-23,50,Normal
2026-04-29 12:28:56.920308,Paris-80cd,-16,77,Normal
2026-04-29 12:28:57.920308,Paris-80cd,32,91,Normal
2026-04-29 12:28:58.920308,Paris-80cd,-15,24,Normal
2026-04-29 12:28:59.920308,Paris-80cd,50,58,Normal
2026-04-29 12:29:00.920308,Paris-80cd,4,61,Normal
2026-04-29 12:29:01.920308,Paris-80cd,5,14,Normal
2026-04-29 12:29:02.920308,Paris-80cd,-8,33,Normal
2026-04-29 12:29:03.920308,Paris-80cd,-24,77,Normal
2026-04-29 12:29:04.920308,Paris-80cd,-21,50,Normal
2026-04-29 12:29:05.920308,Paris-80cd,48,70,Normal
2026-04-29 12:29:06.920308,Paris-80cd,9,69,Normal
2026-04-29 12:29:07.920308,Paris-80cd,46,95,Normal
2026-04-29 12:29:08.920308,Paris-80cd,24,37,Normal
2026-04-29 12:29:09.920308,Paris-80cd,24,15,Normal
2026-04-29 12:29:10.920308,Paris-80cd,2,16,Normal
2026-04-29 12:29:11.920308,Paris-80cd,45,86,Normal
2026-04-29 12:29:12.920308,Paris-80cd,31,56,Normal
2026-04-29 12:29:13.920308,Paris-80cd,18,83,Normal
2026-04-29 12:29:14.920308,Paris-80cd,15,24,Normal
2026-04-29 12:29:15.920308,Paris-80cd,10,24,Normal
2026-04-29 12:29:16.920308,Paris-80cd,16,67,Normal
2026-04-29 12:29:17.920308,Paris-80cd,49,46,Normal
2026-04-29 12:29:18.920308,Paris-80cd,22,46,Normal
2026-04-29 12:29:19.920308,Paris-80cd,8,69,Normal
2026-04-29 12:29:20.920308,Paris-80cd,35,9,Normal
2026-04-29 12:29:21.920308,Paris-80cd,-11,37,Normal
2026-04-29 12:29:22.920308,Paris-80cd,47,59,Normal
2026-04-29 12:29:23.920308,Paris-80cd,-6,32,Normal
2026-04-29 12:29:24.920308,Paris-80cd,36,43,Normal
2026-04-29 12:29:25.920308,Paris-80cd,8,24,Normal
2026-04-29 12:29:26.920308,Paris-80cd,28,5,Normal
2026-04-29 12:29:27.920308,Paris-80cd,-1,51,Normal
2026-04-29 12:29:28.920308,Paris-80cd,31,38,Normal
2026-04-29 12:29:29.920308,Paris-80cd,-11,0,Normal
2026-04-29 12:29:30.920308,Paris-80cd,-20,81,Normal
2026-04-29 12:29:31.920308,Paris-80cd,-26,44,Normal
2026-04-29 12:29:32.920308,Paris-80cd,19,4,Normal
2026-04-29 12:29:33.920308,Paris-80cd,29,55,Normal
2026-04-29 12:29:34.920308,Paris-80cd,-26,6,Normal
2026-04-29 12:29:35.920308,Paris-80cd,-9,51,Normal
2026-04-29 12:29:36.920308,Paris-80cd,21,70,Normal
2026-04-29 12:29:37.920308,Paris-80cd,-26,84,Normal
2026-04-29 12:29:38.920308,Paris-80cd,34,3,Normal
2026-04-29 12:29:39.920308,Paris-80cd,-27,20,Normal
2026-04-29 12:29:40.920308,Paris-80cd,-17,98,Normal
2026-04-29 12:29:41.920308,Paris-80cd,-16,98,Normal
2026-04-29 12:29:42.920308,Paris-80cd,-7,39,Normal
2026-04-29 12:29:43.920308,Paris-80cd,33,53,Normal
2026-04-29 12:29:44.920308,Paris-80cd,-19,98,Normal
2026-04-29 12:29:45.920308,Paris-80cd,-1,86,Normal
2026-04-29 12:29:46.920308,Paris-80cd,42,42,Normal
2026-04-29 12:29:47.920308,Paris-80cd,-24,10,Normal
2026-04-29 12:29:48.920308,Paris-80cd,-29,51,Normal
2026-04-29 12:29:49.920308,Paris-80cd,34,88,Normal
2026-04-29 12:29:50.920308,Paris-80cd,13,5,Normal
2026-04-29 12:29:51.920308,Paris-80cd,41,67,Normal
2026-04-29 12:29:52.920308,Paris-80cd,31,8,Normal
2026-04-29 12:29:53.920308,Paris-80cd,42,50,Normal
2026-04-29 12:29:54.920308,Paris-80cd,0,73,Normal
2026-04-29 12:29:55.920308,Paris-80cd,14,66,Normal
2026-04-29 12:29:56.920308,Paris-80cd,30,73,Normal
2026-04-29 12:29:57.920308,Paris-80cd,40,22,Normal
2026-04-29 12:29:58.920308,Paris-80cd,-10,71,Normal
2026-04-29 12:29:59.920308,Paris-80cd,26,78,Normal
2026-04-29 12:30:00.920308,Paris-80cd,-7,42,Normal
2026-04-29 12:30:01.920308,Paris-80cd,17,84,Normal
2026-04-29 12:30:02.920308,Paris-80cd,-24,48,Normal
2026-04-29 12:30:03.920308,Paris-80cd,38,43,Normal
2026-04-29 12:30:04.920308,Paris-80cd,5,82,Normal
2026-04-29 12:30:05.920308,Paris-80cd,-14,5,Normal
2026-04-29 12:30:06.920308,Paris-80cd,-21,27,Normal
2026-04-29 12:30:07.920308,Paris-80cd,-20,26,Normal
2026-04-29 12:30:08.920308,Paris-80cd,1,37,Normal
2026-04-29 12:30:09.920308,Paris-80cd,-16,20,Normal
2026-04-29 12:30:10.920308,Paris-80cd,-11,83,Normal
2026-04-29 12:30:11.920308,Paris-80cd,42,59,Normal
2026-04-29 12:30:12.920308,Paris-80cd,3,91,Normal
2026-04-29 12:30:13.920308,Paris-80cd,27,38,Normal
2026-04-29 12:30:14.920308,Paris-80cd,9,35,Normal
2026-04-29 12:30:15.920308,Paris-80cd,-9,22,Normal
2026-04-29 12:30:16.920308,Paris-80cd,13,77,Normal
2026-04-29 12:30:17.920308,Paris-80cd,13,89,Normal
2026-04-29 12:30:18.920308,Paris-80cd,45,25,Normal
2026-04-29 12:30:19.920308,Paris-80cd,18,82,Normal
2026-04-29 12:30:20.920308,Paris-80cd,27,42,Normal
2026-04-29 12:30:21.920308,Paris-80cd,1,29,Normal
2026-04-29 12:30:22.920308,Paris-80cd,25,42,Normal
2026-04-29 12:30:23.920308,Paris-80cd,40,81,Normal
2026-04-29 12:30:24.920308,Paris-80cd,48,50,Normal
2026-04-29 12:30:25.920308,Paris-80cd,-8,62,Normal
2026-04-29 12:30:26.920308,Paris-80cd,9,4,Normal
2026-04-29 12:30:27.920308,Paris-80cd,19,87,Normal
2026-04-29 12:30:28.920308,Paris-80cd,0,33,Normal
2026-04-29 12:30:29.920308,Paris-80cd,16,94,Normal
2026-04-29 12:30:30.920308,Paris-80cd,21,73,Normal
2026-04-29 12:30:31.920308,Paris-80cd,5,18,Normal
2026-04-29 12:30:32.920308,Paris-80cd,17,32,Normal
2026-04-29 12:30:33.920308,Paris-80cd,2,84,Normal
2026-04-29 12:30:34.920308,Paris-80cd,3,81,Normal
2026-04-29 12:30:35.920308,Paris-80cd,-11,64,Normal
2026-04-29 12:30:36.920308,Paris-80cd,-29,36,Normal
2026-04-29 12:30:37.920308,Paris-80cd,43,55,Normal
2026-04-29 12:30:38.920308,Paris-80cd,10,46,Normal
2026-04-29 12:30:39.920308,Paris-80cd,-21,27,Normal
2026-04-29 12:30:40.920308,Paris-80cd,43,37,Normal
2026-04-29 12:30:41.920308,Paris-80cd,-17,38,Normal
2026-04-29 12:30:42.920308,Paris-80cd,-10,35,Normal
2026-04-29 12:30:43.920308,Paris-80cd,45,98,Normal
2026-04-29 12:30:44.920308,Paris-80cd,-10,8,Normal
2026-04-29 12:30:45.920308,Paris-80cd,39,79,Normal
2026-04-29 12:30:46.920308,Paris-80cd,35,68,Normal
2026-04-29 12:30:47.920308,Paris-80cd,30,54,Normal
2026-04-29 12:30:48.920308,Paris-80cd,5,11,Normal
2026-04-29 12:30:49.920308,Paris-80cd,41,19,Normal
2026-04-29 12:30:50.920308,Paris-80cd,12,8,Normal
2026-04-29 12:30:51.920308,Paris-80cd,-17,31,Normal
2026-04-29 12:30:52.920308,Paris-80cd,15,74,Normal
2026-04-29 12:30:53.920308,Paris-80cd,-20,45,Normal
2026-04-29 12:30:54.920308,Paris-80cd,20,17,Normal
2026-04-29 12:30:55.920308,Paris-80cd,-18,9,Normal
2026-04-29 12:30:56.920308,Paris-80cd,9,95,Normal
2026-04-29 12:30:57.920308,Paris-80cd,50,34,Normal
2026-04-29 12:30:58.920308,Paris-80cd,31,88,Normal
2026-04-29 12:30:59.920308,Paris-80cd,-3,73,Normal
2026-04-29 12:31:00.920308,Paris-80cd,37,46,Normal
2026-04-29 12:31:01.920308,Paris-80cd,22,4,Normal
2026-04-29 12:31:02.920308,Paris-80cd,17,27,Normal
2026-04-29 12:31:03.920308,Paris-80cd,-27,54,Normal
2026-04-29 12:31:04.920308,Paris-80cd,1,86,Normal
2026-04-29 12:31:05.920308,Paris-80cd,14,62,Normal
2026-04-29 12:31:06.920308,Paris-80cd,-30,44,Normal
2026-04-29 12:31:07.920308,Paris-80cd,40,20,Normal
2026-04-29 12:31:08.920308,Paris-80cd,-16,47,Normal
2026-04-29 12:31:09.920308,Paris-80cd,-9,64,Normal
2026-04-29 12:31:10.920308,Paris-80cd,29,56,Normal
2026-04-29 12:31:11.920308,Paris-80cd,37,33,Normal
2026-04-29 12:31:12.920308,Paris-80cd,10,50,Normal
2026-04-29 12:31:13.920308,Paris-80cd,29,65,Normal
2026-04-29 12:31:14.920308,Paris-80cd,50,77,Normal
2026-04-29 12:31:15.920308,Paris-80cd,-9,65,Normal
2026-04-29 12:31:16.920308,Paris-80cd,-7,77,Normal
2026-04-29 12:31:17.920308,Paris-80cd,12,61,Normal
2026-04-29 12:31:18.920308,Paris-80cd,-11,9,Normal
2026-04-29 12:31:19.920308,Paris-80cd,-11,30,Normal
2026-04-29 12:31:20.920308,Paris-80cd,-7,37,Normal
2026-04-29 12:31:21.920308,Paris-80cd,10,82,Normal
2026-04-29 12:31:22.920308,Paris-80cd,-7,50,Normal
2026-04-29 12:31:23.920308,Paris-80cd,20,50,Normal
2026-04-29 12:31:24.920308,Paris-80cd,49,89,Normal
2026-04-29 12:31:25.920308,Paris-80cd,13,77,Normal
2026-04-29 12:31:26.920308,Paris-80cd,23,92,Normal
2026-04-29 12:31:27.920308,Paris-80cd,17,10,Normal
2026-04-29 12:31:28.920308,Paris-80cd,40,72,Normal
2026-04-29 12:31:29.920308,Paris-80cd,31,88,Normal
2026-04-29 12:31:30.920308,Paris-80cd,31,31,Normal
2026-04-29 12:31:31.920308,Paris-80cd,49,6,Normal
2026-04-29 12:31:32.920308,Paris-80cd,37,68,Normal
2026-04-29 12:31:33.920308,Paris-80cd,12,5,Normal
2026-04-29 12:31:34.920308,Paris-80cd,22,53,Normal
2026-04-29 12:31:35.920308,Paris-80cd,34,42,Normal
2026-04-29 12:31:36.920308,Paris-80cd,18,34,Normal
2026-04-29 12:31:37.920308,Paris-80cd,30,48,Normal
2026-04-29 12:31:38.920308,Paris-80cd,-24,92,Normal
2026-04-29 12:31:39.920308,Paris-80cd,-18,77,Normal
2026-04-29 12:31:40.920308,Paris-80cd,-23,92,Normal
2026-04-29 12:31:41.920308,Paris-80cd,10,54,Normal
2026-04-29 12:31:42.920308,Paris-80cd,50,62,Normal
2026-04-29 12:31:43.920308,Paris-80cd,-13,20,Normal
2026-04-29 12:31:44.920308,Paris-80cd,36,17,Normal
2026-04-29 12:31:45.920308,Paris-80cd,-17,90,Normal
2026-04-29 12:31:46.920308,Paris-80cd,50,66,Normal
2026-04-29 12:31:47.920308,Paris-80cd,38,42,Normal
2026-04-29 12:31:48.920308,Paris-80cd,5,63,Normal
2026-04-29 12:31:49.920308,Paris-80cd,3,98,Normal
2026-04-29 12:31:50.920308,Paris-80cd,12,28,Normal
2026-04-29 12:31:51.920308,Paris-80cd,31,45,Normal
2026-04-29 12:31:52.920308,Paris-80cd,24,55,Normal
2026-04-29 12:31:53.920308,Paris-80cd,1,57,Normal
2026-04-29 12:31:54.920308,Paris-80cd,31,56,Normal
2026-04-29 12:31:55.920308,Paris-80cd,17,83,Normal
2026-04-29 12:31:56.920308,Paris-80cd,11,79,Normal
2026-04-29 12:31:57.920308,Paris-80cd,47,23,Normal
2026-04-29 12:31:58.920308,Paris-80cd,-16,8,Normal
2026-04-29 12:31:59.920308,Paris-80cd,16,35,Normal
2026-04-29 12:32:00.920308,Paris-80cd,45,35,Normal
2026-04-29 12:32:01.920308,Paris-80cd,-20,23,Normal
2026-04-29 12:32:02.920308,Paris-80cd,-15,3,Normal
2026-04-29 12:32:03.920308,Paris-80cd,39,43,Normal
2026-04-29 12:32:04.920308,Paris-80cd,29,1,Normal
2026-04-29 12:32:05.920308,Paris-80cd,-5,29,Normal
2026-04-29 12:32:06.920308,Paris-80cd,38,33,Normal
2026-04-29 12:32:07.920308,Paris-80cd,26,64,Normal
2026-04-29 12:32:08.920308,Paris-80cd,14,69,Normal
2026-04-29 12:32:09.920308,Paris-80cd,32,2,Normal
2026-04-29 12:32:10.920308,Paris-80cd,-27,82,Normal
2026-04-29 12:32:11.920308,Paris-80cd,50,73,Normal
2026-04-29 12:32:12.920308,Paris-80cd,-30,25,Normal
2026-04-29 12:32:13.920308,Paris-80cd,-5,56,Normal
2026-04-29 12:32:14.920308,Paris-80cd,38,95,Normal
2026-04-29 12:32:15.920308,Paris-80cd,-29,2,Normal
2026-04-29 12:32:16.920308,Paris-80cd,-11,29,Normal
2026-04-29 12:32:17.920308,Paris-80cd,16,78,Normal
2026-04-29 12:32:18.920308,Paris-80cd,-8,29,Normal
2026-04-29 12:32:19.920308,Paris-80cd,-23,28,Normal
2026-04-29 12:32:20.920308,Paris-80cd,46,14,Normal
2026-04-29 12:32:21.920308,Paris-80cd,-11,80,Normal
2026-04-29 12:32:22.920308,Paris-80cd,-3,84,Normal
2026-04-29 12:32:23.920308,Paris-80cd,-28,97,Normal
2026-04-29 12:32:24.920308,Paris-80cd,-14,83,Normal
2026-04-29 12:32:25.920308,Paris-80cd,37,98,Normal
2026-04-29 12:32:26.920308,Paris-80cd,7,98,Normal
2026-04-29 12:32:27.920308,Paris-80cd,6,44,Normal
2026-04-29 12:32:28.920308,Paris-80cd,46,91,Normal
2026-04-29 12:32:29.920308,Paris-80cd,49,25,Normal
2026-04-29 12:32:30.920308,Paris-80cd,2,14,Normal
2026-04-29 12:32:31.920308,Paris-80cd,39,26,Normal
2026-04-29 12:32:32.920308,Paris-80cd,34,100,Normal
2026-04-29 12:32:33.920308,Paris-80cd,36,73,Normal
2026-04-29 12:32:34.920308,Paris-80cd,-15,90,Normal
2026-04-29 12:32:35.920308,Paris-80cd,1,66,Normal
2026-04-29 12:32:36.920308,Paris-80cd,-3,78,Normal
2026-04-29 12:32:37.920308,Paris-80cd,35,91,Normal
2026-04-29 12:32:38.920308,Paris-80cd,11,69,Normal
2026-04-29 12:32:39.920308,Paris-80cd,-28,8,Normal
2026-04-29 12:32:40.920308,Paris-80cd,30,99,Normal
2026-04-29 12:32:41.920308,Paris-80cd,3,51,Normal
2026-04-29 12:32:42.920308,Paris-80cd,7,92,Normal
2026-04-29 12:32:43.920308,Paris-80cd,1,7,Normal
2026-04-29 12:32:44.920308,Paris-80cd,50,29,Normal
2026-04-29 12:32:45.920308,Paris-80cd,-25,68,Normal
2026-04-29 12:32:46.920308,Paris-80cd,26,56,Normal
2026-04-29 12:32:47.920308,Paris-80cd,9,63,Normal
2026-04-29 12:32:48.920308,Paris-80cd,-16,66,Normal
2026-04-29 12:32:49.920308,Paris-80cd,-9,57,Normal
2026-04-29 12:32:50.920308,Paris-80cd,-20,65,Normal
2026-04-29 12:32:51.920308,Paris-80cd,11,49,Normal
2026-04-29 12:32:52.920308,Paris-80cd,48,70,Normal
2026-04-29 12:32:53.920308,Paris-80cd,-16,22,Normal
2026-04-29 12:32:54.920308,Paris-80cd,42,18,Normal
2026-04-29 12:32:55.920308,Paris-80cd,12,46,Normal
2026-04-29 12:32:56.920308,Paris-80cd,24,74,Normal
2026-04-29 12:32:57.920308,Paris-80cd,35,74,Normal
2026-04-29 12:32:58.920308,Paris-80cd,-12,46,Normal
2026-04-29 12:32:59.920308,Paris-80cd,0,67,Normal
2026-04-29 12:33:00.920308,Paris-80cd,6,94,Normal
2026-04-29 12:33:01.920308,Paris-80cd,-27,3,Normal
2026-04-29 12:33:02.920308,Paris-80cd,-10,0,Normal
2026-04-29 12:33:03.920308,Paris-80cd,2,93,Normal
2026-04-29 12:33:04.920308,Paris-80cd,34,84,Normal
2026-04-29 12:33:05.920308,Paris-80cd,-2,75,Normal
2026-04-29 12:33:06.920308,Paris-80cd,29,67,Normal
2026-04-29 12:33:07.920308,Paris-80cd,48,5,Normal
2026-04-29 12:33:08.920308,Paris-80cd,-12,53,Normal
2026-04-29 12:33:09.920308,Paris-80cd,-14,52,Normal
2026-04-29 12:33:10.920308,Paris-80cd,-8,49,Normal
2026-04-29 12:33:11.920308,Paris-80cd,-3,28,Normal
2026-04-29 12:33:12.920308,Paris-80cd,1,65,Normal
2026-04-29 12:33:13.920308,Paris-80cd,21,49,Normal
2026-04-29 12:33:14.920308,Paris-80cd,11,72,Normal
2026-04-29 12:33:15.920308,Paris-80cd,34,98,Normal
2026-04-29 12:33:16.920308,Paris-80cd,-30,81,Normal
2026-04-29 12:33:17.920308,Paris-80cd,13,81,Normal
2026-04-29 12:33:18.920308,Paris-80cd,-13,65,Normal
2026-04-29 12:33:19.920308,Paris-80cd,34,47,Normal
2026-04-29 12:33:20.920308,Paris-80cd,49,22,Normal
2026-04-29 12:33:21.920308,Paris-80cd,29,49,Normal
2026-04-29 12:33:22.920308,Paris-80cd,-17,59,Normal
2026-04-29 12:33:23.920308,Paris-80cd,-28,49,Normal
2026-04-29 12:33:24.920308,Paris-80cd,0,66,Normal
2026-04-29 12:33:25.920308,Paris-80cd,-16,79,Normal
2026-04-29 12:33:26.920308,Paris-80cd,18,62,Normal
2026-04-29 12:33:27.920308,Paris-80cd,-5,80,Normal
2026-04-29 12:33:28.920308,Paris-80cd,-11,28,Normal
2026-04-29 12:33:29.920308,Paris-80cd,9,2,Normal
2026-04-29 12:33:30.920308,Paris-80cd,-18,61,Normal
2026-04-29 12:33:31.920308,Paris-80cd,31,58,Normal
2026-04-29 12:33:32.920308,Paris-80cd,7,67,Normal
2026-04-29 12:33:33.920308,Paris-80cd,40,82,Normal
2026-04-29 12:33:34.920308,Paris-80cd,13,67,Normal
2026-04-29 12:33:35.920308,Paris-80cd,21,97,Normal
2026-04-29 12:33:36.920308,Paris-80cd,17,65,Normal
2026-04-29 12:33:37.920308,Paris-80cd,30,39,Normal
2026-04-29 12:33:38.920308,Paris-80cd,-22,53,Normal
2026-04-29 12:33:39.920308,Paris-80cd,-10,28,Normal
2026-04-29 12:33:40.920308,Paris-80cd,23,87,Normal
2026-04-29 12:33:41.920308,Paris-80cd,-3,2,Normal
2026-04-29 12:33:42.920308,Paris-80cd,29,92,Normal
2026-04-29 12:33:43.920308,Paris-80cd,37,83,Normal
2026-04-29 12:33:44.920308,Paris-80cd,18,37,Normal
2026-04-29 12:33:45.920308,Paris-80cd,46,61,Normal
2026-04-29 12:33:46.920308,Paris-80cd,18,19,Normal
2026-04-29 12:33:47.920308,Paris-80cd,45,43,Normal
2026-04-29 12:33:48.920308,Paris-80cd,-27,15,Normal
2026-04-29 12:33:49.920308,Paris-80cd,-25,14,Normal
2026-04-29 12:33:50.920308,Paris-80cd,41,62,Normal
2026-04-29 12:33:51.920308,Paris-80cd,47,76,Normal
2026-04-29 12:33:52.920308,Paris-80cd,-30,1,Normal
2026-04-29 12:33:53.920308,Paris-80cd,23,2,Normal
2026-04-29 12:33:54.920308,Paris-80cd,14,83,Normal
2026-04-29 12:33:55.920308,Paris-80cd,49,3,Normal
2026-04-29 12:33:56.920308,Paris-80cd,14,75,Normal
2026-04-29 12:33:57.920308,Paris-80cd,14,4,Normal
2026-04-29 12:33:58.920308,Paris-80cd,-28,96,Normal
2026-04-29 12:33:59.920308,Paris-80cd,37,71,Normal
2026-04-29 12:34:00.920308,Paris-80cd,-19,100,Normal
2026-04-29 12:34:01.920308,Paris-80cd,49,88,Normal
2026-04-29 12:34:02.920308,Paris-80cd,25,60,Normal
2026-04-29 12:34:03.920308,Paris-80cd,-5,7,Normal
2026-04-29 12:34:04.920308,Paris-80cd,-26,84,Normal
2026-04-29 12:34:05.920308,Paris-80cd,-16,17,Normal
2026-04-29 12:34:06.920308,Paris-80cd,26,58,Normal
2026-04-29 12:34:07.920308,Paris-80cd,48,91,Normal
2026-04-29 12:34:08.920308,Paris-80cd,24,94,Normal
2026-04-29 12:34:09.920308,Paris-80cd,19,7,Normal
2026-04-29 12:34:10.920308,Paris-80cd,49,62,Normal
2026-04-29 12:34:11.920308,Paris-80cd,-4,79,Normal
2026-04-29 12:34:12.920308,Paris-80cd,-20,42,Normal
2026-04-29 12:34:13.920308,Paris-80cd,0,62,Normal
2026-04-29 12:34:14.920308,Paris-80cd,-3,19,Normal
2026-04-29 12:34:15.920308,Paris-80cd,-14,27,Normal
2026-04-29 12:34:16.920308,Paris-80cd,23,30,Normal
2026-04-29 12:34:17.920308,Paris-80cd,-8,53,Normal
2026-04-29 12:34:18.920308,Paris-80cd,41,1,Normal
2026-04-29 12:34:19.920308,Paris-80cd,27,4,Normal
2026-04-29 12:34:20.920308,Paris-80cd,26,16,Normal
2026-04-29 12:34:21.920308,Paris-80cd,-17,84,Normal
2026-04-29 12:34:22.920308,Paris-80cd,6,81,Normal
2026-04-29 12:34:23.920308,Paris-80cd,-5,91,Normal
2026-04-29 12:34:24.920308,Paris-80cd,29,92,Normal
2026-04-29 12:34:25.920308,Paris-80cd,-5,52,Normal
2026-04-29 12:34:26.920308,Paris-80cd,12,8,Normal
2026-04-29 12:34:27.920308,Paris-80cd,30,49,Normal
2026-04-29 12:34:28.920308,Paris-80cd,41,19,Normal
2026-04-29 12:34:29.920308,Paris-80cd,-25,27,Normal
2026-04-29 12:34:30.920308,Paris-80cd,1,48,Normal
2026-04-29 12:34:31.920308,Paris-80cd,-19,71,Normal
2026-04-29 12:34:32.920308,Paris-80cd,31,82,Normal
2026-04-29 12:34:33.920308,Paris-80cd,-22,28,Normal
2026-04-29 12:34:34.920308,Paris-80cd,-15,21,Normal
2026-04-29 12:34:35.920308,Paris-80cd,11,18,Normal
2026-04-29 12:34:36.920308,Paris-80cd,45,61,Normal
2026-04-29 12:34:37.920308,Paris-80cd,44,7,Normal
2026-04-29 12:34:38.920308,Paris-80cd,46,96,Normal
2026-04-29 12:34:39.920308,Paris-80cd,21,15,Normal
2026-04-29 12:34:40.920308,Paris-80cd,32,69,Normal
2026-04-29 12:34:41.920308,Paris-80cd,-30,78,Normal
2026-04-29 12:34:42.920308,Paris-80cd,37,67,Normal
2026-04-29 12:34:43.920308,Paris-80cd,40,63,Normal
2026-04-29 12:34:44.920308,Paris-80cd,-28,18,Normal
2026-04-29 12:34:45.920308,Paris-80cd,-26,88,Normal
2026-04-29 12:34:46.920308,Paris-80cd,41,9,Normal
2026-04-29 12:34:47.920308,Paris-80cd,-17,6,Normal
2026-04-29 12:34:48.920308,Paris-80cd,-2,54,Normal
2026-04-29 12:34:49.920308,Paris-80cd,33,44,Normal
2026-04-29 12:34:50.920308,Paris-80cd,11,68,Normal
2026-04-29 12:34:51.920308,Paris-80cd,43,20,Normal
2026-04-29 12:34:52.920308,Paris-80cd,-2,42,Normal
2026-04-29 12:34:53.920308,Paris-80cd,-13,93,Normal
2026-04-29 12:34:54.920308,Paris-80cd,-12,92,Normal
2026-04-29 12:34:55.920308,Paris-80cd,-11,35,Normal
2026-04-29 12:34:56.920308,Paris-80cd,-11,22,Normal
2026-04-29 12:34:57.920308,Paris-80cd,20,62,Normal
2026-04-29 12:34:58.920308,Paris-80cd,-1,87,Normal
2026-04-29 12:34:59.920308,Paris-80cd,11,31,Normal
2026-04-29 12:35:00.920308,Paris-80cd,-25,36,Normal
2026-04-29 12:35:01.920308,Paris-80cd,34,10,Normal
2026-04-29 12:35:02.920308,Paris-80cd,28,46,Normal
2026-04-29 12:35:03.920308,Paris-80cd,-18,66,Normal
2026-04-29 12:35:04.920308,Paris-80cd,23,15,Normal
2026-04-29 12:35:05.920308,Paris-80cd,27,8,Normal
2026-04-29 12:35:06.920308,Paris-80cd,-17,80,Normal
2026-04-29 12:35:07.920308,Paris-80cd,3,56,Normal
2026-04-29 12:35:08.920308,Paris-80cd,-4,70,Normal
2026-04-29 12:35:09.920308,Paris-80cd,2,38,Normal
2026-04-29 12:35:10.920308,Paris-80cd,11,12,Normal
2026-04-29 12:35:11.920308,Paris-80cd,-23,64,Normal
2026-04-29 12:35:12.920308,Paris-80cd,3,8,Normal
2026-04-29 12:35:13.920308,Paris-80cd,-8,78,Normal
2026-04-29 12:35:14.920308,Paris-80cd,-10,39,Normal
2026-04-29 12:35:15.920308,Paris-80cd,10,92,Normal
2026-04-29 12:35:16.920308,Paris-80cd,-23,12,Normal
2026-04-29 12:35:17.920308,Paris-80cd,31,87,Normal
2026-04-29 12:35:18.920308,Paris-80cd,36,31,Normal
2026-04-29 12:35:19.920308,Paris-80cd,-17,25,Normal
2026-04-29 12:35:20.920308,Paris-80cd,27,24,Normal
2026-04-29 12:35:21.920308,Paris-80cd,22,29,Normal
2026-04-29 12:35:22.920308,Paris-80cd,33,28,Normal
2026-04-29 12:35:23.920308,Paris-80cd,-10,38,Normal
2026-04-29 12:35:24.920308,Paris-80cd,4,90,Normal
2026-04-29 12:35:25.920308,Paris-80cd,-8,90,Normal
2026-04-29 12:35:26.920308,Paris-80cd,-20,57,Normal
2026-04-29 12:35:27.920308,Paris-80cd,-15,48,Normal
2026-04-29 12:35:28.920308,Paris-80cd,26,95,Normal
2026-04-29 12:35:29.920308,Paris-80cd,5,93,Normal
2026-04-29 12:35:30.920308,Paris-80cd,-24,3,Normal
2026-04-29 12:35:31.920308,Paris-80cd,-11,27,Normal
2026-04-29 12:35:32.920308,Paris-80cd,-11,84,Normal
2026-04-29 12:35:33.920308,Paris-80cd,-5,100,Normal
2026-04-29 12:35:34.920308,Paris-80cd,10,78,Normal
2026-04-29 12:35:35.920308,Paris-80cd,33,95,Normal
2026-04-29 12:35:36.920308,Paris-80cd,5,50,Normal
2026-04-29 12:35:37.920308,Paris-80cd,2,62,Normal
2026-04-29 12:35:38.920308,Paris-80cd,-7,16,Normal
2026-04-29 12:35:39.920308,Paris-80cd,-26,19,Normal
2026-04-29 12:35:40.920308,Paris-80cd,49,46,Normal
2026-04-29 12:35:41.920308,Paris-80cd,7,20,Normal
2026-04-29 12:35:42.920308,Paris-80cd,-27,34,Normal
2026-04-29 12:35:43.920308,Paris-80cd,32,51,Normal
2026-04-29 12:35:44.920308,Paris-80cd,31,2,Normal
2026-04-29 12:35:45.920308,Paris-80cd,12,70,Normal
2026-04-29 12:35:46.920308,Paris-80cd,20,15,Normal
2026-04-29 12:35:47.920308,Paris-80cd,-14,81,Normal
2026-04-29 12:35:48.920308,Paris-80cd,-16,23,Normal
2026-04-29 12:35:49.920308,Paris-80cd,46,28,Normal
2026-04-29 12:35:50.920308,Paris-80cd,-20,99,Normal
2026-04-29 12:35:51.920308,Paris-80cd,38,52,Normal
2026-04-29 12:35:52.920308,Paris-80cd,40,27,Normal
2026-04-29 12:35:53.920308,Paris-80cd,-8,11,Normal
2026-04-29 12:35:54.920308,Paris-80cd,49,37,Normal
2026-04-29 12:35:55.920308,Paris-80cd,-18,21,Normal
2026-04-29 12:35:56.920308,Paris-80cd,34,50,Normal
2026-04-29 12:35:57.920308,Paris-80cd,42,18,Normal
2026-04-29 12:35:58.920308,Paris-80cd,33,47,Normal
2026-04-29 12:35:59.920308,Paris-80cd,10,72,Normal
2026-04-29 12:36:00.920308,Paris-80cd,9,7,Normal
2026-04-29 12:36:01.920308,Paris-80cd,14,85,Normal
2026-04-29 12:36:02.920308,Paris-80cd,0,61,Normal
2026-04-29 12:36:03.920308,Paris-80cd,10,71,Normal
2026-04-29 12:36:04.920308,Paris-80cd,-20,16,Normal
2026-04-29 12:36:05.920308,Paris-80cd,4,15,Normal
2026-04-29 12:36:06.920308,Paris-80cd,36,4,Normal
2026-04-29 12:36:07.920308,Paris-80cd,-1,71,Normal
2026-04-29 12:36:08.920308,Paris-80cd,6,35,Normal
2026-04-29 12:36:09.920308,Paris-80cd,11,40,Normal
2026-04-29 12:36:10.920308,Paris-80cd,5,65,Normal
2026-04-29 12:36:11.920308,Paris-80cd,26,35,Normal
2026-04-29 12:36:12.920308,Paris-80cd,-14,81,Normal
2026-04-29 12:36:13.920308,Paris-80cd,-30,32,Normal
2026-04-29 12:36:14.920308,Paris-80cd,41,26,Normal
2026-04-29 12:36:15.920308,Paris-80cd,10,0,Normal
2026-04-29 12:36:16.920308,Paris-80cd,15,94,Normal
2026-04-29 12:36:17.920308,Paris-80cd,-23,16,Normal
2026-04-29 12:36:18.920308,Paris-80cd,29,95,Normal
2026-04-29 12:36:19.920308,Paris-80cd,20,70,Normal
2026-04-29 12:36:20.920308,Paris-80cd,-17,87,Normal
2026-04-29 12:36:21.920308,Paris-80cd,-3,83,Normal
2026-04-29 12:36:22.920308,Paris-80cd,-6,20,Normal
2026-04-29 12:36:23.920308,Paris-80cd,21,74,Normal
2026-04-29 12:36:24.920308,Paris-80cd,-26,42,Normal
2026-04-29 12:36:25.920308,Paris-80cd,-15,7,Normal
2026-04-29 12:36:26.920308,Paris-80cd,46,45,Normal
2026-04-29 12:36:27.920308,Paris-80cd,-8,5,Normal
2026-04-29 12:36:28.920308,Paris-80cd,-3,19,Normal
2026-04-29 12:36:29.920308,Paris-80cd,35,38,Normal
2026-04-29 12:36:30.920308,Paris-80cd,26,77,Normal
2026-04-29 12:36:31.920308,Paris-80cd,-16,100,Normal
2026-04-29 12:36:32.920308,Paris-80cd,29,33,Normal
2026-04-29 12:36:33.920308,Paris-80cd,0,88,Normal
2026-04-29 12:36:34.920308,Paris-80cd,11,37,Normal
2026-04-29 12:36:35.920308,Paris-80cd,3,42,Normal
2026-04-29 12:36:36.920308,Paris-80cd,-15,18,Normal
2026-04-29 12:36:37.920308,Paris-80cd,48,96,Normal
2026-04-29 12:36:38.920308,Paris-80cd,19,59,Normal
2026-04-29 12:36:39.920308,Paris-80cd,4,95,Normal
2026-04-29 12:36:40.920308,Paris-80cd,14,74,Normal
2026-04-29 12:36:41.920308,Paris-80cd,32,39,Normal
2026-04-29 12:36:42.920308,Paris-80cd,41,4,Normal
2026-04-29 12:36:43.920308,Paris-80cd,41,70,Normal
2026-04-29 12:36:44.920308,Paris-80cd,46,69,Normal
2026-04-29 12:36:45.920308,Paris-80cd,32,96,Normal
2026-04-29 12:36:46.920308,Paris-80cd,16,56,Normal
2026-04-29 12:36:47.920308,Paris-80cd,7,51,Normal
2026-04-29 12:36:48.920308,Paris-80cd,-10,94,Normal
2026-04-29 12:36:49.920308,Paris-80cd,-18,41,Normal
2026-04-29 12:36:50.920308,Paris-80cd,3,45,Normal
2026-04-29 12:36:51.920308,Paris-80cd,-17,15,Normal
2026-04-29 12:36:52.920308,Paris-80cd,-8,100,Normal
2026-04-29 12:36:53.920308,Paris-80cd,-11,35,Normal
2026-04-29 12:36:54.920308,Paris-80cd,50,27,Normal
2026-04-29 12:36:55.920308,Paris-80cd,39,41,Normal
2026-04-29 12:36:56.920308,Paris-80cd,34,99,Normal
2026-04-29 12:36:57.920308,Paris-80cd,-24,86,Normal
2026-04-29 12:36:58.920308,Paris-80cd,-2,2,Normal
2026-04-29 12:36:59.920308,Paris-80cd,38,2,Normal
2026-04-29 12:37:00.920308,Paris-80cd,49,9,Normal
2026-04-29 12:37:01.920308,Paris-80cd,-26,2,Normal
2026-04-29 12:37:02.920308,Paris-80cd,20,73,Normal
2026-04-29 12:37:03.920308,Paris-80cd,40,87,Normal
2026-04-29 12:37:04.920308,Paris-80cd,-4,43,Normal
2026-04-29 12:37:05.920308,Paris-80cd,23,24,Normal
2026-04-29 12:37:06.920308,Paris-80cd,31,7,Normal
2026-04-29 12:37:07.920308,Paris-80cd,50,23,Normal
2026-04-29 12:37:08.920308,Paris-80cd,-28,11,Normal
2026-04-29 12:37:09.920308,Paris-80cd,10,18,Normal
2026-04-29 12:37:10.920308,Paris-80cd,-20,60,Normal
2026-04-29 12:37:11.920308,Paris-80cd,46,56,Normal
2026-04-29 12:37:12.920308,Paris-80cd,-4,53,Normal
2026-04-29 12:37:13.920308,Paris-80cd,-19,42,Normal
2026-04-29 12:37:14.920308,Paris-80cd,28,13,Normal
2026-04-29 12:37:15.920308,Paris-80cd,-14,79,Normal
2026-04-29 12:37:16.920308,Paris-80cd,-10,56,Normal
2026-04-29 12:37:17.920308,Paris-80cd,-5,70,Normal
2026-04-29 12:37:18.920308,Paris-80cd,-23,7,Normal
2026-04-29 12:37:19.920308,Paris-80cd,-12,24,Normal
2026-04-29 12:37:20.920308,Paris-80cd,41,67,Normal
2026-04-29 12:37:21.920308,Paris-80cd,-11,66,Normal
2026-04-29 12:37:22.920308,Paris-80cd,31,81,Normal
2026-04-29 12:37:23.920308,Paris-80cd,21,82,Normal
2026-04-29 12:37:24.920308,Paris-80cd,23,80,Normal
2026-04-29 12:37:25.920308,Paris-80cd,32,39,Normal
2026-04-29 12:37:26.920308,Paris-80cd,17,3,Normal
2026-04-29 12:37:27.920308,Paris-80cd,48,60,Normal
2026-04-29 12:37:28.920308,Paris-80cd,38,74,Normal
2026-04-29 12:37:29.920308,Paris-80cd,19,88,Normal
2026-04-29 12:37:30.920308,Paris-80cd,31,79,Normal
2026-04-29 12:37:31.920308,Paris-80cd,-25,22,Normal
2026-04-29 12:37:32.920308,Paris-80cd,-16,11,Normal
2026-04-29 12:37:33.920308,Paris-80cd,26,53,Normal
2026-04-29 12:37:34.920308,Paris-80cd,9,32,Normal
2026-04-29 12:37:35.920308,Paris-80cd,-25,96,Normal
2026-04-29 12:37:36.920308,Paris-80cd,7,28,Normal
2026-04-29 12:37:37.920308,Paris-80cd,31,52,Normal
2026-04-29 12:37:38.920308,Paris-80cd,35,44,Normal
2026-04-29 12:37:39.920308,Paris-80cd,5,15,Normal
2026-04-29 12:37:40.920308,Paris-80cd,41,75,Normal
2026-04-29 12:37:41.920308,Paris-80cd,33,60,Normal
2026-04-29 12:37:42.920308,Paris-80cd,-10,20,Normal
2026-04-29 12:37:43.920308,Paris-80cd,-1,70,Normal
2026-04-29 12:37:44.920308,Paris-80cd,46,4,Normal
2026-04-29 12:37:45.920308,Paris-80cd,28,15,Normal
2026-04-29 12:37:46.920308,Paris-80cd,38,66,Normal
2026-04-29 12:37:47.920308,Paris-80cd,5,59,Normal
2026-04-29 12:37:48.920308,Paris-80cd,-3,72,Normal
2026-04-29 12:37:49.920308,Paris-80cd,-15,35,Normal
2026-04-29 12:37:50.920308,Paris-80cd,40,9,Normal
2026-04-29 12:37:51.920308,Paris-80cd,7,15,Normal
2026-04-29 12:37:52.920308,Paris-80cd,4,56,Normal
2026-04-29 12:37:53.920308,Paris-80cd,-28,4,Normal
2026-04-29 12:37:54.920308,Paris-80cd,-24,24,Normal
2026-04-29 12:37:55.920308,Paris-80cd,16,32,Normal
2026-04-29 12:37:56.920308,Paris-80cd,27,88,Normal
2026-04-29 12:37:57.920308,Paris-80cd,-20,20,Normal
2026-04-29 12:37:58.920308,Paris-80cd,49,40,Normal
2026-04-29 12:37:59.920308,Paris-80cd,-7,55,Normal
2026-04-29 12:38:00.920308,Paris-80cd,24,49,Normal
2026-04-29 12:38:01.920308,Paris-80cd,46,79,Normal
2026-04-29 12:38:02.920308,Paris-80cd,13,21,Normal
2026-04-29 12:38:03.920308,Paris-80cd,-2,79,Normal
2026-04-29 12:38:04.920308,Paris-80cd,35,25,Normal
2026-04-29 12:38:05.920308,Paris-80cd,5,31,Normal
2026-04-29 12:38:06.920308,Paris-80cd,-28,48,Normal
2026-04-29 12:38:07.920308,Paris-80cd,2,98,Normal
2026-04-29 12:38:08.920308,Paris-80cd,2,29,Normal
2026-04-29 12:38:09.920308,Paris-80cd,47,96,Normal
2026-04-29 12:38:10.920308,Paris-80cd,15,0,Normal
2026-04-29 12:38:11.920308,Paris-80cd,36,10,Normal
2026-04-29 12:38:12.920308,Paris-80cd,-21,84,Normal
2026-04-29 12:38:13.920308,Paris-80cd,20,69,Normal
2026-04-29 12:38:14.920308,Paris-80cd,40,31,Normal
2026-04-29 12:38:15.920308,Paris-80cd,8,4,Normal
2026-04-29 12:38:16.920308,Paris-80cd,35,33,Normal
2026-04-29 12:38:17.920308,Paris-80cd,27,95,Normal
2026-04-29 12:38:18.920308,Paris-80cd,-29,62,Normal
2026-04-29 12:38:19.920308,Paris-80cd,-21,40,Normal
2026-04-29 12:38:20.920308,Paris-80cd,26,63,Normal
2026-04-29 12:38:21.920308,Paris-80cd,37,83,Normal
2026-04-29 12:38:22.920308,Paris-80cd,22,53,Normal
2026-04-29 12:38:23.920308,Paris-80cd,-12,84,Normal
2026-04-29 12:38:24.920308,Paris-80cd,-25,18,Normal
2026-04-29 12:38:25.920308,Paris-80cd,-27,59,Normal
2026-04-29 12:38:26.920308,Paris-80cd,22,63,Normal
2026-04-29 12:38:27.920308,Paris-80cd,-21,21,Normal
2026-04-29 12:38:28.920308,Paris-80cd,41,61,Normal
2026-04-29 12:38:29.920308,Paris-80cd,9,9,Normal
2026-04-29 12:38:30.920308,Paris-80cd,-14,62,Normal
2026-04-29 12:38:31.920308,Paris-80cd,-11,85,Normal
2026-04-29 12:38:32.920308,Paris-80cd,50,15,Normal
2026-04-29 12:38:33.920308,Paris-80cd,-8,84,Normal
2026-04-29 12:38:34.920308,Paris-80cd,-23,58,Normal
2026-04-29 12:38:35.920308,Paris-80cd,29,42,Normal
2026-04-29 12:38:36.920308,Paris-80cd,27,51,Normal
2026-04-29 12:38:37.920308,Paris-80cd,30,50,Normal
2026-04-29 12:38:38.920308,Paris-80cd,-28,93,Normal
2026-04-29 12:38:39.920308,Paris-80cd,-29,45,Normal
2026-04-29 12:38:40.920308,Paris-80cd,1,36,Normal
2026-04-29 12:38:41.920308,Paris-80cd,-9,66,Normal
2026-04-29 12:38:42.920308,Paris-80cd,-26,32,Normal
2026-04-29 12:38:43.920308,Paris-80cd,45,83,Normal
2026-04-29 12:38:44.920308,Paris-80cd,-22,14,Normal
2026-04-29 12:38:45.920308,Paris-80cd,-2,27,Normal
2026-04-29 12:38:46.920308,Paris-80cd,44,77,Normal
2026-04-29 12:38:47.920308,Paris-80cd,-3,19,Normal
2026-04-29 12:38:48.920308,Paris-80cd,22,78,Normal
2026-04-29 12:38:49.920308,Paris-80cd,36,3,Normal
2026-04-29 12:38:50.920308,Paris-80cd,-18,90,Normal
2026-04-29 12:38:51.920308,Paris-80cd,-28,41,Normal
2026-04-29 12:38:52.920308,Paris-80cd,-27,0,Normal
2026-04-29 12:38:53.920308,Paris-80cd,-9,41,Normal
2026-04-29 12:38:54.920308,Paris-80cd,45,52,Normal
2026-04-29 12:38:55.920308,Paris-80cd,-15,23,Normal
2026-04-29 12:38:56.920308,Paris-80cd,28,35,Normal
2026-04-29 12:38:57.920308,Paris-80cd,-18,54,Normal
2026-04-29 12:38:58.920308,Paris-80cd,46,86,Normal
2026-04-29 12:38:59.920308,Paris-80cd,49,38,Normal
2026-04-29 12:39:00.920308,Paris-80cd,31,86,Normal
2026-04-29 12:39:01.920308,Paris-80cd,11,95,Normal
2026-04-29 12:39:02.920308,Paris-80cd,-12,80,Normal
2026-04-29 12:39:03.920308,Paris-80cd,16,43,Normal
2026-04-29 12:39:04.920308,Paris-80cd,28,10,Normal
2026-04-29 12:39:05.920308,Paris-80cd,45,63,Normal
2026-04-29 12:39:06.920308,Paris-80cd,2,32,Normal
2026-04-29 12:39:07.920308,Paris-80cd,36,68,Normal
2026-04-29 12:39:08.920308,Paris-80cd,24,57,Normal
2026-04-29 12:39:09.920308,Paris-80cd,-10,20,Normal
2026-04-29 12:39:10.920308,Paris-80cd,-14,17,Normal
2026-04-29 12:39:11.920308,Paris-80cd,-9,7,Normal
2026-04-29 12:39:12.920308,Paris-80cd,41,13,Normal
2026-04-29 12:39:13.920308,Paris-80cd,27,46,Normal
2026-04-29 12:39:14.920308,Paris-80cd,42,37,Normal
2026-04-29 12:39:15.920308,Paris-80cd,28,88,Normal
2026-04-29 12:39:16.920308,Paris-80cd,-18,74,Normal
2026-04-29 12:39:17.920308,Paris-80cd,-3,18,Normal
2026-04-29 12:39:18.920308,Paris-80cd,-20,99,Normal
2026-04-29 12:39:19.920308,Paris-80cd,9,87,Normal
2026-04-29 12:39:20.920308,Paris-80cd,-20,74,Normal
2026-04-29 12:39:21.920308,Paris-80cd,38,36,Normal
2026-04-29 12:39:22.920308,Paris-80cd,-9,12,Normal
2026-04-29 12:39:23.920308,Paris-80cd,-28,36,Normal
2026-04-29 12:39:24.920308,Paris-80cd,44,55,Normal
2026-04-29 12:39:25.920308,Paris-80cd,-22,0,Normal
2026-04-29 12:39:26.920308,Paris-80cd,45,76,Normal
2026-04-29 12:39:27.920308,Paris-80cd,5,95,Normal
2026-04-29 12:39:28.920308,Paris-80cd,-2,81,Normal
2026-04-29 12:39:29.920308,Paris-80cd,-6,16,Normal
2026-04-29 12:39:30.920308,Paris-80cd,-16,28,Normal
2026-04-29 12:39:31.920308,Paris-80cd,-18,55,Normal
2026-04-29 12:39:32.920308,Paris-80cd,35,37,Normal
2026-04-29 12:39:33.920308,Paris-80cd,13,85,Normal
2026-04-29 12:39:34.920308,Paris-80cd,4,32,Normal
2026-04-29 12:39:35.920308,Paris-80cd,-20,52,Normal
2026-04-29 12:39:36.920308,Paris-80cd,-7,37,Normal
2026-04-29 12:39:37.920308,Paris-80cd,-3,97,Normal
2026-04-29 12:39:38.920308,Paris-80cd,37,28,Normal
2026-04-29 12:39:39.920308,Paris-80cd,6,71,Normal
2026-04-29 12:39:40.920308,Paris-80cd,-7,28,Normal
2026-04-29 12:39:41.920308,Paris-80cd,33,33,Normal
2026-04-29 12:39:42.920308,Paris-80cd,26,37,Normal
2026-04-29 12:39:43.920308,Paris-80cd,33,97,Normal
2026-04-29 12:39:44.920308,Paris-80cd,41,32,Normal
2026-04-29 12:39:45.920308,Paris-80cd,47,43,Normal
2026-04-29 12:39:46.920308,Paris-80cd,-10,88,Normal
2026-04-29 12:39:47.920308,Paris-80cd,-12,19,Normal
2026-04-29 12:39:48.920308,Paris-80cd,-20,100,Normal
2026-04-29 12:39:49.920308,Paris-80cd,-30,50,Normal
2026-04-29 12:39:50.920308,Paris-80cd,29,43,Normal
2026-04-29 12:39:51.920308,Paris-80cd,-17,23,Normal
2026-04-29 12:39:52.920308,Paris-80cd,-4,71,Normal
2026-04-29 12:39:53.920308,Paris-80cd,1,42,Normal
2026-04-29 12:39:54.920308,Paris-80cd,22,9,Normal
2026-04-29 12:39:55.920308,Paris-80cd,-21,32,Normal
2026-04-29 12:39:56.920308,Paris-80cd,-7,75,Normal
2026-04-29 12:39:57.920308,Paris-80cd,3,77,Normal
2026-04-29 12:39:58.920308,Paris-80cd,46,17,Normal
2026-04-29 12:39:59.920308,Paris-80cd,42,78,Normal
2026-04-29 12:40:00.920308,Paris-80cd,10,10,Normal
2026-04-29 12:40:01.920308,Paris-80cd,-1,24,Normal
2026-04-29 12:40:02.920308,Paris-80cd,16,68,Normal
2026-04-29 12:40:03.920308,Paris-80cd,11,3,Normal
2026-04-29 12:40:04.920308,Paris-80cd,38,95,Normal
2026-04-29 12:40:05.920308,Paris-80cd,-27,23,Normal
2026-04-29 12:40:06.920308,Paris-80cd,10,29,Normal
2026-04-29 12:40:07.920308,Paris-80cd,42,26,Normal
2026-04-29 12:40:08.920308,Paris-80cd,38,11,Normal
2026-04-29 12:40:09.920308,Paris-80cd,-20,86,Normal
2026-04-29 12:40:10.920308,Paris-80cd,8,8,Normal
2026-04-29 12:40:11.920308,Paris-80cd,-1,48,Normal
2026-04-29 12:40:12.920308,Paris-80cd,17,98,Normal
2026-04-29 12:40:13.920308,Paris-80cd,32,15,Normal
2026-04-29 12:40:14.920308,Paris-80cd,29,80,Normal
2026-04-29 12:40:15.920308,Paris-80cd,-24,67,Normal
2026-04-29 12:40:16.920308,Paris-80cd,-30,67,Normal
2026-04-29 12:40:17.920308,Paris-80cd,39,42,Normal
2026-04-29 12:40:18.920308,Paris-80cd,-17,32,Normal
2026-04-29 12:40:19.920308,Paris-80cd,41,22,Normal
2026-04-29 12:40:20.920308,Paris-80cd,40,14,Normal
2026-04-29 12:40:21.920308,Paris-80cd,28,20,Normal
2026-04-29 12:40:22.920308,Paris-80cd,12,57,Normal
2026-04-29 12:40:23.920308,Paris-80cd,24,19,Normal
2026-04-29 12:40:24.920308,Paris-80cd,-13,38,Normal
2026-04-29 12:40:25.920308,Paris-80cd,-16,12,Normal
2026-04-29 12:40:26.920308,Paris-80cd,9,83,Normal
2026-04-29 12:40:27.920308,Paris-80cd,42,80,Normal
2026-04-29 12:40:28.920308,Paris-80cd,38,1,Normal
2026-04-29 12:40:29.920308,Paris-80cd,35,93,Normal
2026-04-29 12:40:30.920308,Paris-80cd,42,73,Normal
2026-04-29 12:40:31.920308,Paris-80cd,-14,7,Normal
2026-04-29 12:40:32.920308,Paris-80cd,27,81,Normal
2026-04-29 12:40:33.920308,Paris-80cd,27,76,Normal
2026-04-29 12:40:34.920308,Paris-80cd,45,40,Normal
2026-04-29 12:40:35.920308,Paris-80cd,23,83,Normal
2026-04-29 12:40:36.920308,Paris-80cd,-14,1,Normal
2026-04-29 12:40:37.920308,Paris-80cd,12,45,Normal
2026-04-29 12:40:38.920308,Paris-80cd,48,96,Normal
2026-04-29 12:40:39.920308,Paris-80cd,18,70,Normal
2026-04-29 12:40:40.920308,Paris-80cd,-22,99,Normal
2026-04-29 12:40:41.920308,Paris-80cd,-28,55,Normal
2026-04-29 12:40:42.920308,Paris-80cd,45,12,Normal
2026-04-29 12:40:43.920308,Paris-80cd,11,43,Normal
2026-04-29 12:40:44.920308,Paris-80cd,42,24,Normal
2026-04-29 12:40:45.920308,Paris-80cd,35,3,Normal
2026-04-29 12:40:46.920308,Paris-80cd,41,38,Normal
2026-04-29 12:40:47.920308,Paris-80cd,41,5,Normal
2026-04-29 12:40:48.920308,Paris-80cd,36,60,Normal
2026-04-29 12:40:49.920308,Paris-80cd,5,54,Normal
2026-04-29 12:40:50.920308,Paris-80cd,46,86,Normal
2026-04-29 12:40:51.920308,Paris-80cd,-13,38,Normal
2026-04-29 12:40:52.920308,Paris-80cd,26,5,Normal
2026-04-29 12:40:53.920308,Paris-80cd,4,100,Normal
2026-04-29 12:40:54.920308,Paris-80cd,33,61,Normal
2026-04-29 12:40:55.920308,Paris-80cd,41,39,Normal
2026-04-29 12:40:56.920308,Paris-80cd,40,78,Normal
2026-04-29 12:40:57.920308,Paris-80cd,13,20,Normal
2026-04-29 12:40:58.920308,Paris-80cd,28,11,Normal
2026-04-29 12:40:59.920308,Paris-80cd,-29,6,Normal
2026-04-29 12:41:00.920308,Paris-80cd,-11,58,Normal
2026-04-29 12:41:01.920308,Paris-80cd,22,30,Normal
2026-04-29 12:41:02.920308,Paris-80cd,18,33,Normal
2026-04-29 12:41:03.920308,Paris-80cd,17,62,Normal
2026-04-29 12:41:04.920308,Paris-80cd,-9,35,Normal
2026-04-29 12:41:05.920308,Paris-80cd,31,43,Normal
2026-04-29 12:41:06.920308,Paris-80cd,-1,99,Normal
2026-04-29 12:41:07.920308,Paris-80cd,-30,73,Normal
2026-04-29 12:41:08.920308,Paris-80cd,23,31,Normal
2026-04-29 12:41:09.920308,Paris-80cd,-19,75,Normal
2026-04-29 12:41:10.920308,Paris-80cd,21,26,Normal
2026-04-29 12:41:11.920308,Paris-80cd,12,10,Normal
2026-04-29 12:41:12.920308,Paris-80cd,6,98,Normal
2026-04-29 12:41:13.920308,Paris-80cd,41,100,Normal
2026-04-29 12:41:14.920308,Paris-80cd,8,29,Normal
2026-04-29 12:41:15.920308,Paris-80cd,-14,100,Normal
2026-04-29 12:41:16.920308,Paris-80cd,16,69,Normal
2026-04-29 12:41:17.920308,Paris-80cd,9,40,Normal
2026-04-29 12:41:18.920308,Paris-80cd,-4,23,Normal
2026-04-29 12:41:19.920308,Paris-80cd,8,22,Normal
2026-04-29 12:41:20.920308,Paris-80cd,-23,2,Normal
2026-04-29 12:41:21.920308,Paris-80cd,38,96,Normal
2026-04-29 12:41:22.920308,Paris-80cd,29,21,Normal
2026-04-29 12:41:23.920308,Paris-80cd,-4,97,Normal
2026-04-29 12:41:24.920308,Paris-80cd,1,54,Normal
2026-04-29 12:41:25.920308,Paris-80cd,30,0,Normal
2026-04-29 12:41:26.920308,Paris-80cd,-7,82,Normal
2026-04-29 12:41:27.920308,Paris-80cd,48,36,Normal
2026-04-29 12:41:28.920308,Paris-80cd,19,15,Normal
2026-04-29 12:41:29.920308,Paris-80cd,-26,33,Normal
2026-04-29 12:41:30.920308,Paris-80cd,9,98,Normal
2026-04-29 12:41:31.920308,Paris-80cd,-9,85,Normal
2026-04-29 12:41:32.920308,Paris-80cd,39,77,Normal
2026-04-29 12:41:33.920308,Paris-80cd,29,56,Normal
2026-04-29 12:41:34.920308,Paris-80cd,-1,8,Normal
2026-04-29 12:41:35.920308,Paris-80cd,-4,46,Normal
2026-04-29 12:41:36.920308,Paris-80cd,-8,71,Normal
2026-04-29 12:41:37.920308,Paris-80cd,-18,83,Normal
2026-04-29 12:41:38.920308,Paris-80cd,-13,57,Normal
2026-04-29 12:41:39.920308,Paris-80cd,32,16,Normal
2026-04-29 12:41:40.920308,Paris-80cd,-16,99,Normal
2026-04-29 12:41:41.920308,Paris-80cd,5,68,Normal
2026-04-29 12:41:42.920308,Paris-80cd,-6,83,Normal
2026-04-29 12:41:43.920308,Paris-80cd,-23,56,Normal
2026-04-29 12:41:44.920308,Paris-80cd,30,55,Normal
2026-04-29 12:41:45.920308,Paris-80cd,41,27,Normal
2026-04-29 12:41:46.920308,Paris-80cd,-5,20,Normal
2026-04-29 12:41:47.920308,Paris-80cd,-8,65,Normal
2026-04-29 12:41:48.920308,Paris-80cd,49,28,Normal
2026-04-29 12:41:49.920308,Paris-80cd,25,64,Normal
2026-04-29 12:41:50.920308,Paris-80cd,-22,77,Normal
2026-04-29 12:41:51.920308,Paris-80cd,37,8,Normal
2026-04-29 12:41:52.920308,Paris-80cd,41,23,Normal
2026-04-29 12:41:53.920308,Paris-80cd,37,48,Normal
2026-04-29 12:41:54.920308,Paris-80cd,7,61,Normal
2026-04-29 12:41:55.920308,Paris-80cd,15,70,Normal
2026-04-29 12:41:56.920308,Paris-80cd,35,67,Normal
2026-04-29 12:41:57.920308,Paris-80cd,-25,34,Normal
2026-04-29 12:41:58.920308,Paris-80cd,45,20,Normal
2026-04-29 12:41:59.920308,Paris-80cd,-15,36,Normal
2026-04-29 12:42:00.920308,Paris-80cd,50,71,Normal
2026-04-29 12:42:01.920308,Paris-80cd,14,62,Normal
2026-04-29 12:42:02.920308,Paris-80cd,49,2,Normal
2026-04-29 12:42:03.920308,Paris-80cd,1,88,Normal
2026-04-29 12:42:04.920308,Paris-80cd,27,7,Normal
2026-04-29 12:42:05.920308,Paris-80cd,25,31,Normal
2026-04-29 12:42:06.920308,Paris-80cd,21,13,Normal
2026-04-29 12:42:07.920308,Paris-80cd,30,35,Normal
2026-04-29 12:42:08.920308,Paris-80cd,25,36,Normal
2026-04-29 12:42:09.920308,Paris-80cd,18,61,Normal
2026-04-29 12:42:10.920308,Paris-80cd,-1,38,Normal
2026-04-29 12:42:11.920308,Paris-80cd,19,83,Normal
2026-04-29 12:42:12.920308,Paris-80cd,-4,58,Normal
2026-04-29 12:42:13.920308,Paris-80cd,-24,51,Normal
2026-04-29 12:42:14.920308,Paris-80cd,-10,96,Normal
2026-04-29 12:42:15.920308,Paris-80cd,-11,77,Normal
2026-04-29 12:42:16.920308,Paris-80cd,14,18,Normal
2026-04-29 12:42:17.920308,Paris-80cd,19,81,Normal
2026-04-29 12:42:18.920308,Paris-80cd,48,33,Normal
2026-04-29 12:42:19.920308,Paris-80cd,-13,86,Normal
2026-04-29 12:42:20.920308,Paris-80cd,20,10,Normal
2026-04-29 12:42:21.920308,Paris-80cd,11,40,Normal
2026-04-29 12:42:22.920308,Paris-80cd,46,80,Normal
2026-04-29 12:42:23.920308,Paris-80cd,-30,78,Normal
2026-04-29 12:42:24.920308,Paris-80cd,34,36,Normal
2026-04-29 12:42:25.920308,Paris-80cd,-25,88,Normal
2026-04-29 12:42:26.920308,Paris-80cd,-27,91,Normal
2026-04-29 12:42:27.920308,Paris-80cd,-15,32,Normal
2026-04-29 12:42:28.920308,Paris-80cd,-17,18,Normal
2026-04-29 12:42:29.920308,Paris-80cd,16,43,Normal
2026-04-29 12:42:30.920308,Paris-80cd,23,40,Normal
2026-04-29 12:42:31.920308,Paris-80cd,5,25,Normal
2026-04-29 12:42:32.920308,Paris-80cd,-27,53,Normal
2026-04-29 12:42:33.920308,Paris-80cd,42,6,Normal
2026-04-29 12:42:34.920308,Paris-80cd,44,44,Normal
2026-04-29 12:42:35.920308,Paris-80cd,17,29,Normal
2026-04-29 12:42:36.920308,Paris-80cd,-15,44,Normal
2026-04-29 12:42:37.920308,Paris-80cd,-7,73,Normal
2026-04-29 12:42:38.920308,Paris-80cd,11,26,Normal
2026-04-29 12:42:39.920308,Paris-80cd,37,0,Normal
2026-04-29 12:42:40.920308,Paris-80cd,5,72,Normal
2026-04-29 12:42:41.920308,Paris-80cd,27,30,Normal
2026-04-29 12:42:42.920308,Paris-80cd,-22,14,Normal
2026-04-29 12:42:43.920308,Paris-80cd,6,72,Normal
2026-04-29 12:42:44.920308,Paris-80cd,-21,66,Normal
2026-04-29 12:42:45.920308,Paris-80cd,32,37,Normal
2026-04-29 12:42:46.920308,Paris-80cd,19,56,Normal
2026-04-29 12:42:47.920308,Paris-80cd,-28,71,Normal
2026-04-29 12:42:48.920308,Paris-80cd,-27,45,Normal
2026-04-29 12:42:49.920308,Paris-80cd,21,56,Normal
2026-04-29 12:42:50.920308,Paris-80cd,44,97,Normal
2026-04-29 12:42:51.920308,Paris-80cd,14,39,Normal
2026-04-29 12:42:52.920308,Paris-80cd,26,94,Normal
2026-04-29 12:42:53.920308,Paris-80cd,27,76,Normal
2026-04-29 12:42:54.920308,Paris-80cd,-28,70,Normal
2026-04-29 12:42:55.920308,Paris-80cd,50,50,Normal
2026-04-29 12:42:56.920308,Paris-80cd,-10,91,Normal
2026-04-29 12:42:57.920308,Paris-80cd,12,97,Normal
2026-04-29 12:42:58.920308,Paris-80cd,-26,58,Normal
2026-04-29 12:42:59.920308,Paris-80cd,4,58,Normal
2026-04-29 12:43:00.920308,Paris-80cd,2,10,Normal
2026-04-29 12:43:01.920308,Paris-80cd,26,3,Normal
2026-04-29 12:43:02.920308,Paris-80cd,-5,47,Normal
2026-04-29 12:43:03.920308,Paris-80cd,21,39,Normal
2026-04-29 12:43:04.920308,Paris-80cd,-8,88,Normal
2026-04-29 12:43:05.920308,Paris-80cd,49,28,Normal
2026-04-29 12:43:06.920308,Paris-80cd,10,35,Normal
2026-04-29 12:43:07.920308,Paris-80cd,34,66,Normal
2026-04-29 12:43:08.920308,Paris-80cd,12,57,Normal
2026-04-29 12:43:09.920308,Paris-80cd,-18,90,Normal
2026-04-29 12:43:10.920308,Paris-80cd,45,71,Normal
2026-04-29 12:43:11.920308,Paris-80cd,-19,63,Normal
2026-04-29 12:43:12.920308,Paris-80cd,22,17,Normal
2026-04-29 12:43:13.920308,Paris-80cd,49,55,Normal
2026-04-29 12:43:14.920308,Paris-80cd,28,22,Normal
2026-04-29 12:43:15.920308,Paris-80cd,-15,68,Normal
2026-04-29 12:43:16.920308,Paris-80cd,3,69,Normal
2026-04-29 12:43:17.920308,Paris-80cd,15,29,Normal
2026-04-29 12:43:18.920308,Paris-80cd,20,61,Normal
2026-04-29 12:43:19.920308,Paris-80cd,48,88,Normal
2026-04-29 12:43:20.920308,Paris-80cd,-6,76,Normal
2026-04-29 12:43:21.920308,Paris-80cd,-16,98,Normal
2026-04-29 12:43:22.920308,Paris-80cd,27,83,Normal
2026-04-29 12:43:23.920308,Paris-80cd,13,99,Normal
2026-04-29 12:43:24.920308,Paris-80cd,35,61,Normal
2026-04-29 12:43:25.920308,Paris-80cd,-24,35,Normal
2026-04-29 12:43:26.920308,Paris-80cd,6,48,Normal
2026-04-29 12:43:27.920308,Paris-80cd,21,93,Normal
2026-04-29 12:43:28.920308,Paris-80cd,11,81,Normal
2026-04-29 12:43:29.920308,Paris-80cd,4,7,Normal
2026-04-29 12:43:30.920308,Paris-80cd,-10,58,Normal
2026-04-29 12:43:31.920308,Paris-80cd,47,36,Normal
2026-04-29 12:43:32.920308,Paris-80cd,-16,33,Normal
2026-04-29 12:43:33.920308,Paris-80cd,15,1,Normal
2026-04-29 12:43:34.920308,Paris-80cd,-12,45,Normal
2026-04-29 12:43:35.920308,Paris-80cd,13,51,Normal
2026-04-29 12:43:36.920308,Paris-80cd,7,1,Normal
2026-04-29 12:43:37.920308,Paris-80cd,-22,82,Normal
2026-04-29 12:43:38.920308,Paris-80cd,14,69,Normal
2026-04-29 12:43:39.920308,Paris-80cd,3,23,Normal
2026-04-29 12:43:40.920308,Paris-80cd,27,74,Normal
2026-04-29 12:43:41.920308,Paris-80cd,-20,8,Normal
2026-04-29 12:43:42.920308,Paris-80cd,16,36,Normal
2026-04-29 12:43:43.920308,Paris-80cd,9,5,Normal
2026-04-29 12:43:44.920308,Paris-80cd,1,81,Normal
2026-04-29 12:43:45.920308,Paris-80cd,3,43,Normal
2026-04-29 12:43:46.920308,Paris-80cd,22,40,Normal
2026-04-29 12:43:47.920308,Paris-80cd,35,29,Normal
2026-04-29 12:43:48.920308,Paris-80cd,39,24,Normal
2026-04-29 12:43:49.920308,Paris-80cd,10,44,Normal
2026-04-29 12:43:50.920308,Paris-80cd,-26,86,Normal
2026-04-29 12:43:51.920308,Paris-80cd,-30,17,Normal
2026-04-29 12:43:52.920308,Paris-80cd,16,5,Normal
2026-04-29 12:43:53.920308,Paris-80cd,-9,26,Normal
2026-04-29 12:43:54.920308,Paris-80cd,-27,82,Normal
2026-04-29 12:43:55.920308,Paris-80cd,-5,64,Normal
2026-04-29 12:43:56.920308,Paris-80cd,-8,54,Normal
2026-04-29 12:43:57.920308,Paris-80cd,28,81,Normal
2026-04-29 12:43:58.920308,Paris-80cd,-15,8,Normal
2026-04-29 12:43:59.920308,Paris-80cd,-28,67,Normal
2026-04-29 12:44:00.920308,Paris-80cd,50,49,Normal
2026-04-29 12:44:01.920308,Paris-80cd,14,13,Normal
2026-04-29 12:44:02.920308,Paris-80cd,45,54,Normal
2026-04-29 12:44:03.920308,Paris-80cd,-27,84,Normal
2026-04-29 12:44:04.920308,Paris-80cd,47,23,Normal
2026-04-29 12:44:05.920308,Paris-80cd,-18,56,Normal
2026-04-29 12:44:06.920308,Paris-80cd,32,85,Normal
2026-04-29 12:44:07.920308,Paris-80cd,6,78,Normal
2026-04-29 12:44:08.920308,Paris-80cd,28,74,Normal
2026-04-29 12:44:09.920308,Paris-80cd,-9,0,Normal
2026-04-29 12:44:10.920308,Paris-80cd,44,31,Normal
2026-04-29 12:44:11.920308,Paris-80cd,-10,6,Normal
2026-04-29 12:44:12.920308,Paris-80cd,-15,19,Normal
2026-04-29 12:44:13.920308,Paris-80cd,39,21,Normal
2026-04-29 12:44:14.920308,Paris-80cd,0,5,Normal
2026-04-29 12:44:15.920308,Paris-80cd,18,10,Normal
2026-04-29 12:44:16.920308,Paris-80cd,-29,14,Normal
2026-04-29 12:44:17.920308,Paris-80cd,-24,28,Normal
2026-04-29 12:44:18.920308,Paris-80cd,-20,60,Normal
2026-04-29 12:44:19.920308,Paris-80cd,36,63,Normal
2026-04-29 12:44:20.920308,Paris-80cd,49,28,Normal
2026-04-29 12:44:21.920308,Paris-80cd,-12,22,Normal
2026-04-29 12:44:22.920308,Paris-80cd,-17,25,Normal
2026-04-29 12:44:23.920308,Paris-80cd,33,61,Normal
2026-04-29 12:44:24.920308,Paris-80cd,-1,89,Normal
2026-04-29 12:44:25.920308,Paris-80cd,35,51,Normal
2026-04-29 12:44:26.920308,Paris-80cd,-29,44,Normal
2026-04-29 12:44:27.920308,Paris-80cd,-1,23,Normal
2026-04-29 12:44:28.920308,Paris-80cd,13,83,Normal
2026-04-29 12:44:29.920308,Paris-80cd,12,9,Normal
2026-04-29 12:44:30.920308,Paris-80cd,-14,81,Normal
2026-04-29 12:44:31.920308,Paris-80cd,23,73,Normal
2026-04-29 12:44:32.920308,Paris-80cd,-14,90,Normal
2026-04-29 12:44:33.920308,Paris-80cd,16,18,Normal
2026-04-29 12:44:34.920308,Paris-80cd,12,85,Normal
2026-04-29 12:44:35.920308,Paris-80cd,10,1,Normal
2026-04-29 12:44:36.920308,Paris-80cd,18,58,Normal
2026-04-29 12:44:37.920308,Paris-80cd,-27,27,Normal
2026-04-29 12:44:38.920308,Paris-80cd,39,66,Normal
2026-04-29 12:44:39.920308,Paris-80cd,-23,20,Normal
2026-04-29 12:44:40.920308,Paris-80cd,-23,72,Normal
2026-04-29 12:44:41.920308,Paris-80cd,-15,16,Normal
2026-04-29 12:44:42.920308,Paris-80cd,21,84,Normal
2026-04-29 12:44:43.920308,Paris-80cd,9,33,Normal
2026-04-29 12:44:44.920308,Paris-80cd,4,35,Normal
2026-04-29 12:44:45.920308,Paris-80cd,38,55,Normal
2026-04-29 12:44:46.920308,Paris-80cd,-24,31,Normal
2026-04-29 12:44:47.920308,Paris-80cd,13,79,Normal
2026-04-29 12:44:48.920308,Paris-80cd,6,7,Normal
2026-04-29 12:44:49.920308,Paris-80cd,-1,19,Normal
2026-04-29 12:44:50.920308,Paris-80cd,21,96,Normal
2026-04-29 12:44:51.920308,Paris-80cd,-20,7,Normal
2026-04-29 12:44:52.920308,Paris-80cd,33,7,Normal
2026-04-29 12:44:53.920308,Paris-80cd,41,97,Normal
2026-04-29 12:44:54.920308,Paris-80cd,-14,95,Normal
2026-04-29 12:44:55.920308,Paris-80cd,1,80,Normal
2026-04-29 12:44:56.920308,Paris-80cd,29,36,Normal
2026-04-29 12:44:57.920308,Paris-80cd,14,64,Normal
2026-04-29 12:44:58.920308,Paris-80cd,-20,7,Normal
2026-04-29 12:44:59.920308,Paris-80cd,-15,50,Normal
2026-04-29 12:45:00.920308,Paris-80cd,-10,4,Normal
2026-04-29 12:45:01.920308,Paris-80cd,23,76,Normal
2026-04-29 12:45:02.920308,Paris-80cd,-20,35,Normal
2026-04-29 12:45:03.920308,Paris-80cd,4,74,Normal
2026-04-29 12:45:04.920308,Paris-80cd,5,21,Normal
2026-04-29 12:45:05.920308,Paris-80cd,2,25,Normal
2026-04-29 12:45:06.920308,Paris-80cd,-16,5,Normal
2026-04-29 12:45:07.920308,Paris-80cd,-19,56,Normal
2026-04-29 12:45:08.920308,Paris-80cd,-9,1,Normal
2026-04-29 12:45:09.920308,Paris-80cd,45,44,Normal
2026-04-29 12:45:10.920308,Paris-80cd,13,61,Normal
2026-04-29 12:45:11.920308,Paris-80cd,48,48,Normal
2026-04-29 12:45:12.920308,Paris-80cd,42,23,Normal
2026-04-29 12:45:13.920308,Paris-80cd,33,78,Normal
2026-04-29 12:45:14.920308,Paris-80cd,18,15,Normal
2026-04-29 12:45:15.920308,Paris-80cd,-14,38,Normal
2026-04-29 12:45:16.920308,Paris-80cd,-27,38,Normal
2026-04-29 12:45:17.920308,Paris-80cd,9,3,Normal
2026-04-29 12:45:18.920308,Paris-80cd,40,33,Normal
2026-04-29 12:45:19.920308,Paris-80cd,50,22,Normal
2026-04-29 12:45:20.920308,Paris-80cd,48,93,Normal
2026-04-29 12:45:21.920308,Paris-80cd,49,53,Normal
2026-04-29 12:45:22.920308,Paris-80cd,-22,3,Normal
2026-04-29 12:45:23.920308,Paris-80cd,-30,48,Normal
2026-04-29 12:45:24.920308,Paris-80cd,34,16,Normal
2026-04-29 12:45:25.920308,Paris-80cd,8,51,Normal
2026-04-29 12:45:26.920308,Paris-80cd,43,87,Normal
2026-04-29 12:45:27.920308,Paris-80cd,44,46,Normal
2026-04-29 12:45:28.920308,Paris-80cd,13,81,Normal
2026-04-29 12:45:29.920308,Paris-80cd,35,15,Normal
2026-04-29 12:45:30.920308,Paris-80cd,50,3,Normal
2026-04-29 12:45:31.920308,Paris-80cd,-23,88,Normal
2026-04-29 12:45:32.920308,Paris-80cd,-2,50,Normal
2026-04-29 12:45:33.920308,Paris-80cd,-3,98,Normal
2026-04-29 12:45:34.920308,Paris-80cd,6,50,Normal
2026-04-29 12:45:35.920308,Paris-80cd,-27,13,Normal
2026-04-29 12:45:36.920308,Paris-80cd,31,10,Normal
2026-04-29 12:45:37.920308,Paris-80cd,32,17,Normal
2026-04-29 12:45:38.920308,Paris-80cd,30,82,Normal
2026-04-29 12:45:39.920308,Paris-80cd,47,26,Normal
2026-04-29 12:45:40.920308,Paris-80cd,12,92,Normal
2026-04-29 12:45:41.920308,Paris-80cd,39,2,Normal
2026-04-29 12:45:42.920308,Paris-80cd,30,10,Normal
2026-04-29 12:45:43.920308,Paris-80cd,37,21,Normal
2026-04-29 12:45:44.920308,Paris-80cd,-18,75,Normal
2026-04-29 12:45:45.920308,Paris-80cd,38,85,Normal
2026-04-29 12:45:46.920308,Paris-80cd,-26,41,Normal
2026-04-29 12:45:47.920308,Paris-80cd,42,36,Normal
2026-04-29 12:45:48.920308,Paris-80cd,21,74,Normal
2026-04-29 12:45:49.920308,Paris-80cd,29,24,Normal
2026-04-29 12:45:50.920308,Paris-80cd,-5,37,Normal
2026-04-29 12:45:51.920308,Paris-80cd,20,40,Normal
2026-04-29 12:45:52.920308,Paris-80cd,26,74,Normal
2026-04-29 12:45:53.920308,Paris-80cd,47,19,Normal
2026-04-29 12:45:54.920308,Paris-80cd,38,24,Normal
2026-04-29 12:45:55.920308,Paris-80cd,-27,46,Normal
2026-04-29 12:45:56.920308,Paris-80cd,4,6,Normal
2026-04-29 12:45:57.920308,Paris-80cd,5,94,Normal
2026-04-29 12:45:58.920308,Paris-80cd,22,92,Normal
2026-04-29 12:45:59.920308,Paris-80cd,11,74,Normal
2026-04-29 12:46:00.920308,Paris-80cd,42,57,Normal
2026-04-29 12:46:01.920308,Paris-80cd,40,81,Normal
2026-04-29 12:46:02.920308,Paris-80cd,18,47,Normal
2026-04-29 12:46:03.920308,Paris-80cd,40,87,Normal
2026-04-29 12:46:04.920308,Paris-80cd,45,16,Normal
2026-04-29 12:46:05.920308,Paris-80cd,-2,39,Normal
2026-04-29 12:46:06.920308,Paris-80cd,-13,88,Normal
2026-04-29 12:46:07.920308,Paris-80cd,-18,51,Normal
2026-04-29 12:46:08.920308,Paris-80cd,18,36,Normal
2026-04-29 12:46:09.920308,Paris-80cd,48,33,Normal
2026-04-29 12:46:10.920308,Paris-80cd,35,65,Normal
2026-04-29 12:46:11.920308,Paris-80cd,0,1,Normal
2026-04-29 12:46:12.920308,Paris-80cd,-10,14,Normal
2026-04-29 12:46:13.920308,Paris-80cd,-19,47,Normal
2026-04-29 12:46:14.920308,Paris-80cd,17,76,Normal
2026-04-29 12:46:15.920308,Paris-80cd,21,63,Normal
2026-04-29 12:46:16.920308,Paris-80cd,33,16,Normal
2026-04-29 12:46:17.920308,Paris-80cd,36,75,Normal
2026-04-29 12:46:18.920308,Paris-80cd,36,39,Normal
2026-04-29 12:46:19.920308,Paris-80cd,-17,80,Normal
2026-04-29 12:46:20.920308,Paris-80cd,37,39,Normal
2026-04-29 12:46:21.920308,Paris-80cd,11,6,Normal
2026-04-29 12:46:22.920308,Paris-80cd,31,47,Normal
2026-04-29 12:46:23.920308,Paris-80cd,44,32,Normal
2026-04-29 12:46:24.920308,Paris-80cd,7,79,Normal
2026-04-29 12:46:25.920308,Paris-80cd,-10,52,Normal
2026-04-29 12:46:26.920308,Paris-80cd,-26,59,Normal
2026-04-29 12:46:27.920308,Paris-80cd,36,22,Normal
2026-04-29 12:46:28.920308,Paris-80cd,11,61,Normal
2026-04-29 12:46:29.920308,Paris-80cd,50,80,Normal
2026-04-29 12:46:30.920308,Paris-80cd,-11,40,Normal
2026-04-29 12:46:31.920308,Paris-80cd,-27,43,Normal
2026-04-29 12:46:32.920308,Paris-80cd,-23,83,Normal
2026-04-29 12:46:33.920308,Paris-80cd,47,48,Normal
2026-04-29 12:46:34.920308,Paris-80cd,-15,43,Normal
2026-04-29 12:46:35.920308,Paris-80cd,-18,25,Normal
2026-04-29 12:46:36.920308,Paris-80cd,25,40,Normal
2026-04-29 12:46:37.920308,Paris-80cd,-17,67,Normal
2026-04-29 12:46:38.920308,Paris-80cd,39,63,Normal
2026-04-29 12:46:39.920308,Paris-80cd,32,58,Normal
2026-04-29 12:46:40.920308,Paris-80cd,-16,64,Normal
2026-04-29 12:46:41.920308,Paris-80cd,-18,97,Normal
2026-04-29 12:46:42.920308,Paris-80cd,30,46,Normal
2026-04-29 12:46:43.920308,Paris-80cd,-10,84,Normal
2026-04-29 12:46:44.920308,Paris-80cd,2,93,Normal
2026-04-29 12:46:45.920308,Paris-80cd,19,48,Normal
2026-04-29 12:46:46.920308,Paris-80cd,43,100,Normal
2026-04-29 12:46:47.920308,Paris-80cd,21,0,Normal
2026-04-29 12:46:48.920308,Paris-80cd,-8,89,Normal
2026-04-29 12:46:49.920308,Paris-80cd,-19,58,Normal
2026-04-29 12:46:50.920308,Paris-80cd,47,17,Normal
2026-04-29 12:46:51.920308,Paris-80cd,-1,97,Normal
2026-04-29 12:46:52.920308,Paris-80cd,43,8,Normal
2026-04-29 12:46:53.920308,Paris-80cd,-16,42,Normal
2026-04-29 12:46:54.920308,Paris-80cd,-20,29,Normal
2026-04-29 12:46:55.920308,Paris-80cd,32,66,Normal
2026-04-29 12:46:56.920308,Paris-80cd,-2,66,Normal
2026-04-29 12:46:57.920308,Paris-80cd,43,21,Normal
2026-04-29 12:46:58.920308,Paris-80cd,5,20,Normal
2026-04-29 12:46:59.920308,Paris-80cd,-16,48,Normal
2026-04-29 12:47:00.920308,Paris-80cd,40,33,Normal
2026-04-29 12:47:01.920308,Paris-80cd,-23,10,Normal
2026-04-29 12:47:02.920308,Paris-80cd,13,1,Normal
2026-04-29 12:47:03.920308,Paris-80cd,-6,21,Normal
2026-04-29 12:47:04.920308,Paris-80cd,14,21,Normal
2026-04-29 12:47:05.920308,Paris-80cd,29,34,Normal
2026-04-29 12:47:06.920308,Paris-80cd,0,98,Normal
2026-04-29 12:47:07.920308,Paris-80cd,47,37,Normal
2026-04-29 12:47:08.920308,Paris-80cd,-17,38,Normal
2026-04-29 12:47:09.920308,Paris-80cd,49,43,Normal
2026-04-29 12:47:10.920308,Paris-80cd,9,95,Normal
2026-04-29 12:47:11.920308,Paris-80cd,8,94,Normal
2026-04-29 12:47:12.920308,Paris-80cd,3,58,Normal
2026-04-29 12:47:13.920308,Paris-80cd,20,81,Normal
2026-04-29 12:47:14.920308,Paris-80cd,-14,24,Normal
2026-04-29 12:47:15.920308,Paris-80cd,0,43,Normal
2026-04-29 12:47:16.920308,Paris-80cd,-5,70,Normal
2026-04-29 12:47:17.920308,Paris-80cd,3,8,Normal
2026-04-29 12:47:18.920308,Paris-80cd,-10,84,Normal
2026-04-29 12:47:19.920308,Paris-80cd,50,52,Normal
2026-04-29 12:47:20.920308,Paris-80cd,3,7,Normal
2026-04-29 12:47:21.920308,Paris-80cd,-28,44,Normal
2026-04-29 12:47:22.920308,Paris-80cd,7,89,Normal
2026-04-29 12:47:23.920308,Paris-80cd,34,4,Normal
2026-04-29 12:47:24.920308,Paris-80cd,-24,2,Normal
2026-04-29 12:47:25.920308,Paris-80cd,18,76,Normal
2026-04-29 12:47:26.920308,Paris-80cd,47,29,Normal
2026-04-29 12:47:27.920308,Paris-80cd,-21,97,Normal
2026-04-29 12:47:28.920308,Paris-80cd,22,29,Normal
2026-04-29 12:47:29.920308,Paris-80cd,-4,43,Normal
2026-04-29 12:47:30.920308,Paris-80cd,14,90,Normal
2026-04-29 12:47:31.920308,Paris-80cd,-17,46,Normal
2026-04-29 12:47:32.920308,Paris-80cd,4,30,Normal
2026-04-29 12:47:33.920308,Paris-80cd,24,3,Normal
2026-04-29 12:47:34.920308,Paris-80cd,33,67,Normal
2026-04-29 12:47:35.920308,Paris-80cd,-8,21,Normal
2026-04-29 12:47:36.920308,Paris-80cd,-19,50,Normal
2026-04-29 12:47:37.920308,Paris-80cd,47,82,Normal
2026-04-29 12:47:38.920308,Paris-80cd,22,46,Normal
2026-04-29 12:47:39.920308,Paris-80cd,-10,20,Normal
2026-04-29 12:47:40.920308,Paris-80cd,1,10,Normal
2026-04-29 12:47:41.920308,Paris-80cd,39,50,Normal
2026-04-29 12:47:42.920308,Paris-80cd,-2,67,Normal
2026-04-29 12:47:43.920308,Paris-80cd,43,5,Normal
2026-04-29 12:47:44.920308,Paris-80cd,-17,44,Normal
2026-04-29 12:47:45.920308,Paris-80cd,41,3,Normal
2026-04-29 12:47:46.920308,Paris-80cd,17,57,Normal
2026-04-29 12:47:47.920308,Paris-80cd,40,76,Normal
2026-04-29 12:47:48.920308,Paris-80cd,-26,68,Normal
2026-04-29 12:47:49.920308,Paris-80cd,16,23,Normal
2026-04-29 12:47:50.920308,Paris-80cd,26,53,Normal
2026-04-29 12:47:51.920308,Paris-80cd,-9,7,Normal
2026-04-29 12:47:52.920308,Paris-80cd,1,34,Normal
2026-04-29 12:47:53.920308,Paris-80cd,4,79,Normal
2026-04-29 12:47:54.920308,Paris-80cd,40,29,Normal
2026-04-29 12:47:55.920308,Paris-80cd,-25,31,Normal
2026-04-29 12:47:56.920308,Paris-80cd,2,40,Normal
2026-04-29 12:47:57.920308,Paris-80cd,20,50,Normal
2026-04-29 12:47:58.920308,Paris-80cd,6,98,Normal
2026-04-29 12:47:59.920308,Paris-80cd,33,90,Normal
2026-04-29 12:48:00.920308,Paris-80cd,-9,5,Normal
2026-04-29 12:48:01.920308,Paris-80cd,25,10,Normal
2026-04-29 12:48:02.920308,Paris-80cd,23,1,Normal
2026-04-29 12:48:03.920308,Paris-80cd,38,43,Normal
2026-04-29 12:48:04.920308,Paris-80cd,8,86,Normal
2026-04-29 12:48:05.920308,Paris-80cd,-7,28,Normal
2026-04-29 12:48:06.920308,Paris-80cd,-14,55,Normal
2026-04-29 12:48:07.920308,Paris-80cd,-6,96,Normal
2026-04-29 12:48:08.920308,Paris-80cd,14,4,Normal
2026-04-29 12:48:09.920308,Paris-80cd,8,69,Normal
2026-04-29 12:48:10.920308,Paris-80cd,45,58,Normal
2026-04-29 12:48:11.920308,Paris-80cd,47,43,Normal
2026-04-29 12:48:12.920308,Paris-80cd,4,75,Normal
2026-04-29 12:48:13.920308,Paris-80cd,11,40,Normal
2026-04-29 12:48:14.920308,Paris-80cd,-21,70,Normal
2026-04-29 12:48:15.920308,Paris-80cd,10,9,Normal
2026-04-29 12:48:16.920308,Paris-80cd,20,44,Normal
2026-04-29 12:48:17.920308,Paris-80cd,-26,22,Normal
2026-04-29 12:48:18.920308,Paris-80cd,37,50,Normal
2026-04-29 12:48:19.920308,Paris-80cd,3,15,Normal
2026-04-29 12:48:20.920308,Paris-80cd,-20,36,Normal
2026-04-29 12:48:21.920308,Paris-80cd,-21,34,Normal
2026-04-29 12:48:22.920308,Paris-80cd,2,20,Normal
2026-04-29 12:48:23.920308,Paris-80cd,4,59,Normal
2026-04-29 12:48:24.920308,Paris-80cd,-26,57,Normal
2026-04-29 12:48:25.920308,Paris-80cd,48,72,Normal
2026-04-29 12:48:26.920308,Paris-80cd,28,47,Normal
2026-04-29 12:48:27.920308,Paris-80cd,-1,91,Normal
2026-04-29 12:48:28.920308,Paris-80cd,0,10,Normal
2026-04-29 12:48:29.920308,Paris-80cd,3,66,Normal
2026-04-29 12:48:30.920308,Paris-80cd,36,13,Normal
2026-04-29 12:48:31.920308,Paris-80cd,-8,1,Normal
2026-04-29 12:48:32.920308,Paris-80cd,5,2,Normal
2026-04-29 12:48:33.920308,Paris-80cd,-17,15,Normal
2026-04-29 12:48:34.920308,Paris-80cd,0,71,Normal
2026-04-29 12:48:35.920308,Paris-80cd,-28,81,Normal
2026-04-29 12:48:36.920308,Paris-80cd,31,16,Normal
2026-04-29 12:48:37.920308,Paris-80cd,19,50,Normal
2026-04-29 12:48:38.920308,Paris-80cd,28,23,Normal
2026-04-29 12:48:39.920308,Paris-80cd,45,30,Normal
2026-04-29 12:48:40.920308,Paris-80cd,4,20,Normal
2026-04-29 12:48:41.920308,Paris-80cd,27,62,Normal
2026-04-29 12:48:42.920308,Paris-80cd,40,79,Normal
2026-04-29 12:48:43.920308,Paris-80cd,26,49,Normal
2026-04-29 12:48:44.920308,Paris-80cd,15,39,Normal
2026-04-29 12:48:45.920308,Paris-80cd,-17,23,Normal
2026-04-29 12:48:46.920308,Paris-80cd,-10,79,Normal
2026-04-29 12:48:47.920308,Paris-80cd,-7,85,Normal
2026-04-29 12:48:48.920308,Paris-80cd,30,31,Normal
2026-04-29 12:48:49.920308,Paris-80cd,8,7,Normal
2026-04-29 12:48:50.920308,Paris-80cd,-10,29,Normal
2026-04-29 12:48:51.920308,Paris-80cd,16,41,Normal
2026-04-29 12:48:52.920308,Paris-80cd,8,83,Normal
2026-04-29 12:48:53.920308,Paris-80cd,14,92,Normal
2026-04-29 12:48:54.920308,Paris-80cd,49,82,Normal
2026-04-29 12:48:55.920308,Paris-80cd,32,52,Normal
2026-04-29 12:48:56.920308,Paris-80cd,49,6,Normal
2026-04-29 12:48:57.920308,Paris-80cd,-16,3,Normal
2026-04-29 12:48:58.920308,Paris-80cd,28,16,Normal
2026-04-29 12:48:59.920308,Paris-80cd,-16,92,Normal
2026-04-29 12:49:00.920308,Paris-80cd,46,81,Normal
2026-04-29 12:49:01.920308,Paris-80cd,-15,78,Normal
2026-04-29 12:49:02.920308,Paris-80cd,20,93,Normal
2026-04-29 12:49:03.920308,Paris-80cd,39,7,Normal
2026-04-29 12:49:04.920308,Paris-80cd,42,17,Normal
2026-04-29 12:49:05.920308,Paris-80cd,36,37,Normal
2026-04-29 12:49:06.920308,Paris-80cd,21,37,Normal
2026-04-29 12:49:07.920308,Paris-80cd,-7,36,Normal
2026-04-29 12:49:08.920308,Paris-80cd,35,39,Normal
2026-04-29 12:49:09.920308,Paris-80cd,45,77,Normal
2026-04-29 12:49:10.920308,Paris-80cd,42,65,Normal
2026-04-29 12:49:11.920308,Paris-80cd,24,69,Normal
2026-04-29 12:49:12.920308,Paris-80cd,-24,44,Normal
2026-04-29 12:49:13.920308,Paris-80cd,29,6,Normal
2026-04-29 12:49:14.920308,Paris-80cd,14,1,Normal
2026-04-29 12:49:15.920308,Paris-80cd,-13,40,Normal
2026-04-29 12:49:16.920308,Paris-80cd,1,48,Normal
2026-04-29 12:49:17.920308,Paris-80cd,42,20,Normal
2026-04-29 12:49:18.920308,Paris-80cd,-16,0,Normal
2026-04-29 12:49:19.920308,Paris-80cd,-14,89,Normal
2026-04-29 12:49:20.920308,Paris-80cd,2,51,Normal
2026-04-29 12:49:21.920308,Paris-80cd,-16,38,Normal
2026-04-29 12:49:22.920308,Paris-80cd,6,95,Normal
2026-04-29 12:49:23.920308,Paris-80cd,33,1,Normal
2026-04-29 12:49:24.920308,Paris-80cd,-11,5,Normal
2026-04-29 12:49:25.920308,Paris-80cd,-4,57,Normal
2026-04-29 12:49:26.920308,Paris-80cd,16,32,Normal
2026-04-29 12:49:27.920308,Paris-80cd,35,44,Normal
2026-04-29 12:49:28.920308,Paris-80cd,9,33,Normal
2026-04-29 12:49:29.920308,Paris-80cd,-5,37,Normal
2026-04-29 12:49:30.920308,Paris-80cd,-16,0,Normal
2026-04-29 12:49:31.920308,Paris-80cd,-20,27,Normal
2026-04-29 12:49:32.920308,Paris-80cd,2,85,Normal
2026-04-29 12:49:33.920308,Paris-80cd,-28,16,Normal
2026-04-29 12:49:34.920308,Paris-80cd,37,43,Normal
2026-04-29 12:49:35.920308,Paris-80cd,22,61,Normal
2026-04-29 12:49:36.920308,Paris-80cd,30,57,Normal
2026-04-29 12:49:37.920308,Paris-80cd,-25,19,Normal
2026-04-29 12:49:38.920308,Paris-80cd,39,74,Normal
2026-04-29 12:49:39.920308,Paris-80cd,-1,72,Normal
2026-04-29 12:49:40.920308,Paris-80cd,22,90,Normal
2026-04-29 12:49:41.920308,Paris-80cd,40,71,Normal
2026-04-29 12:49:42.920308,Paris-80cd,-5,61,Normal
2026-04-29 12:49:43.920308,Paris-80cd,-19,84,Normal
2026-04-29 12:49:44.920308,Paris-80cd,-9,38,Normal
2026-04-29 12:49:45.920308,Paris-80cd,1,67,Normal
2026-04-29 12:49:46.920308,Paris-80cd,11,99,Normal
2026-04-29 12:49:47.920308,Paris-80cd,46,26,Normal
2026-04-29 12:49:48.920308,Paris-80cd,-21,54,Normal
2026-04-29 12:49:49.920308,Paris-80cd,31,3,Normal
2026-04-29 12:49:50.920308,Paris-80cd,-27,46,Normal
2026-04-29 12:49:51.920308,Paris-80cd,21,71,Normal
2026-04-29 12:49:52.920308,Paris-80cd,22,78,Normal
2026-04-29 12:49:53.920308,Paris-80cd,15,26,Normal
2026-04-29 12:49:54.920308,Paris-80cd,16,36,Normal
2026-04-29 12:49:55.920308,Paris-80cd,-5,65,Normal
2026-04-29 12:49:56.920308,Paris-80cd,34,2,Normal
2026-04-29 12:49:57.920308,Paris-80cd,-4,51,Normal
2026-04-29 12:49:58.920308,Paris-80cd,-19,51,Normal
2026-04-29 12:49:59.920308,Paris-80cd,-21,77,Normal
2026-04-29 12:50:00.920308,Paris-80cd,-16,26,Normal
2026-04-29 12:50:01.920308,Paris-80cd,-5,16,Normal
2026-04-29 12:50:02.920308,Paris-80cd,-19,11,Normal
2026-04-29 12:50:03.920308,Paris-80cd,10,9,Normal
2026-04-29 12:50:04.920308,Paris-80cd,13,97,Normal
2026-04-29 12:50:05.920308,Paris-80cd,-20,71,Normal
2026-04-29 12:50:06.920308,Paris-80cd,1,4,Normal
2026-04-29 12:50:07.920308,Paris-80cd,-10,28,Normal
2026-04-29 12:50:08.920308,Paris-80cd,-16,61,Normal
2026-04-29 12:50:09.920308,Paris-80cd,-4,10,Normal
2026-04-29 12:50:10.920308,Paris-80cd,34,44,Normal
2026-04-29 12:50:11.920308,Paris-80cd,40,3,Normal
2026-04-29 12:50:12.920308,Paris-80cd,-18,30,Normal
2026-04-29 12:50:13.920308,Paris-80cd,12,75,Normal
2026-04-29 12:50:14.920308,Paris-80cd,4,27,Normal
2026-04-29 12:50:15.920308,Paris-80cd,-30,68,Normal
2026-04-29 12:50:16.920308,Paris-80cd,-27,74,Normal
2026-04-29 12:50:17.920308,Paris-80cd,38,5,Normal
2026-04-29 12:50:18.920308,Paris-80cd,-17,26,Normal
2026-04-29 12:50:19.920308,Paris-80cd,22,77,Normal
2026-04-29 12:50:20.920308,Paris-80cd,23,93,Normal
2026-04-29 12:50:21.920308,Paris-80cd,4,61,Normal
2026-04-29 12:50:22.920308,Paris-80cd,-29,70,Normal
2026-04-29 12:50:23.920308,Paris-80cd,-25,0,Normal
2026-04-29 12:50:24.920308,Paris-80cd,46,57,Normal
2026-04-29 12:50:25.920308,Paris-80cd,6,99,Normal
2026-04-29 12:50:26.920308,Paris-80cd,35,42,Normal
2026-04-29 12:50:27.920308,Paris-80cd,-14,90,Normal
2026-04-29 12:50:28.920308,Paris-80cd,16,60,Normal
2026-04-29 12:50:29.920308,Paris-80cd,23,12,Normal
2026-04-29 12:50:30.920308,Paris-80cd,-11,89,Normal
2026-04-29 12:50:31.920308,Paris-80cd,3,86,Normal
2026-04-29 12:50:32.920308,Paris-80cd,-24,83,Normal
2026-04-29 12:50:33.920308,Paris-80cd,-6,7,Normal
2026-04-29 12:50:34.920308,Paris-80cd,12,20,Normal
2026-04-29 12:50:35.920308,Paris-80cd,40,19,Normal
2026-04-29 12:50:36.920308,Paris-80cd,11,5,Normal
2026-04-29 12:50:37.920308,Paris-80cd,33,73,Normal
2026-04-29 12:50:38.920308,Paris-80cd,-10,51,Normal
2026-04-29 12:50:39.920308,Paris-80cd,50,75,Normal
2026-04-29 12:50:40.920308,Paris-80cd,-3,41,Normal
2026-04-29 12:50:41.920308,Paris-80cd,-26,6,Normal
2026-04-29 12:50:42.920308,Paris-80cd,38,49,Normal
2026-04-29 12:50:43.920308,Paris-80cd,34,49,Normal
2026-04-29 12:50:44.920308,Paris-80cd,46,37,Normal
2026-04-29 12:50:45.920308,Paris-80cd,19,46,Normal
2026-04-29 12:50:46.920308,Paris-80cd,20,38,Normal
2026-04-29 12:50:47.920308,Paris-80cd,-3,70,Normal
2026-04-29 12:50:48.920308,Paris-80cd,-15,74,Normal
2026-04-29 12:50:49.920308,Paris-80cd,-18,36,Normal
2026-04-29 12:50:50.920308,Paris-80cd,42,83,Normal
2026-04-29 12:50:51.920308,Paris-80cd,46,76,Normal
2026-04-29 12:50:52.920308,Paris-80cd,4,94,Normal
2026-04-29 12:50:53.920308,Paris-80cd,-3,52,Normal
2026-04-29 12:50:54.920308,Paris-80cd,18,17,Normal
2026-04-29 12:50:55.920308,Paris-80cd,26,37,Normal
2026-04-29 12:50:56.920308,Paris-80cd,10,47,Normal
2026-04-29 12:50:57.920308,Paris-80cd,-3,88,Normal
2026-04-29 12:50:58.920308,Paris-80cd,45,82,Normal
2026-04-29 12:50:59.920308,Paris-80cd,-14,65,Normal
2026-04-29 12:51:00.920308,Paris-80cd,-29,45,Normal
2026-04-29 12:51:01.920308,Paris-80cd,-29,82,Normal
2026-04-29 12:51:02.920308,Paris-80cd,39,27,Normal
2026-04-29 12:51:03.920308,Paris-80cd,12,28,Normal
2026-04-29 12:51:04.920308,Paris-80cd,34,56,Normal
2026-04-29 12:51:05.920308,Paris-80cd,-12,93,Normal
2026-04-29 12:51:06.920308,Paris-80cd,38,64,Normal
2026-04-29 12:51:07.920308,Paris-80cd,-27,3,Normal
2026-04-29 12:51:08.920308,Paris-80cd,-15,61,Normal
2026-04-29 12:51:09.920308,Paris-80cd,18,36,Normal
2026-04-29 12:51:10.920308,Paris-80cd,4,31,Normal
2026-04-29 12:51:11.920308,Paris-80cd,49,76,Normal
2026-04-29 12:51:12.920308,Paris-80cd,24,35,Normal
2026-04-29 12:51:13.920308,Paris-80cd,49,85,Normal
2026-04-29 12:51:14.920308,Paris-80cd,25,9,Normal
2026-04-29 12:51:15.920308,Paris-80cd,41,38,Normal
2026-04-29 12:51:16.920308,Paris-80cd,12,50,Normal
2026-04-29 12:51:17.920308,Paris-80cd,2,15,Normal
2026-04-29 12:51:18.920308,Paris-80cd,-7,63,Normal
2026-04-29 12:51:19.920308,Paris-80cd,40,1,Normal
2026-04-29 12:51:20.920308,Paris-80cd,-7,38,Normal
2026-04-29 12:51:21.920308,Paris-80cd,-13,68,Normal
2026-04-29 12:51:22.920308,Paris-80cd,16,2,Normal
2026-04-29 12:51:23.920308,Paris-80cd,28,19,Normal
2026-04-29 12:51:24.920308,Paris-80cd,30,18,Normal
2026-04-29 12:51:25.920308,Paris-80cd,32,97,Normal
2026-04-29 12:51:26.920308,Paris-80cd,22,79,Normal
2026-04-29 12:51:27.920308,Paris-80cd,3,62,Normal
2026-04-29 12:51:28.920308,Paris-80cd,42,100,Normal
2026-04-29 12:51:29.920308,Paris-80cd,27,45,Normal
2026-04-29 12:51:30.920308,Paris-80cd,-23,22,Normal
2026-04-29 12:51:31.920308,Paris-80cd,-9,25,Normal
2026-04-29 12:51:32.920308,Paris-80cd,46,7,Normal
2026-04-29 12:51:33.920308,Paris-80cd,50,65,Normal
2026-04-29 12:51:34.920308,Paris-80cd,31,50,Normal
2026-04-29 12:51:35.920308,Paris-80cd,30,100,Normal
2026-04-29 12:51:36.920308,Paris-80cd,13,78,Normal
2026-04-29 12:51:37.920308,Paris-80cd,43,76,Normal
2026-04-29 12:51:38.920308,Paris-80cd,45,48,Normal
2026-04-29 12:51:39.920308,Paris-80cd,50,74,Normal
2026-04-29 12:51:40.920308,Paris-80cd,40,15,Normal
2026-04-29 12:51:41.920308,Paris-80cd,19,18,Normal
2026-04-29 12:51:42.920308,Paris-80cd,49,85,Normal
2026-04-29 12:51:43.920308,Paris-80cd,46,16,Normal
2026-04-29 12:51:44.920308,Paris-80cd,47,42,Normal
2026-04-29 12:51:45.920308,Paris-80cd,-17,96,Normal
2026-04-29 12:51:46.920308,Paris-80cd,0,38,Normal
2026-04-29 12:51:47.920308,Paris-80cd,44,22,Normal
2026-04-29 12:51:48.920308,Paris-80cd,45,10,Normal
2026-04-29 12:51:49.920308,Paris-80cd,7,63,Normal
2026-04-29 12:51:50.920308,Paris-80cd,37,35,Normal
2026-04-29 12:51:51.920308,Paris-80cd,8,18,Normal
2026-04-29 12:51:52.920308,Paris-80cd,46,72,Normal
2026-04-29 12:51:53.920308,Paris-80cd,18,24,Normal
2026-04-29 12:51:54.920308,Paris-80cd,12,8,Normal
2026-04-29 12:51:55.920308,Paris-80cd,-14,54,Normal
2026-04-29 12:51:56.920308,Paris-80cd,43,58,Normal
2026-04-29 12:51:57.920308,Paris-80cd,36,72,Normal
2026-04-29 12:51:58.920308,Paris-80cd,-5,9,Normal
2026-04-29 12:51:59.920308,Paris-80cd,33,73,Normal
2026-04-29 12:52:00.920308,Paris-80cd,7,45,Normal
2026-04-29 12:52:01.920308,Paris-80cd,19,3,Normal
2026-04-29 12:52:02.920308,Paris-80cd,32,79,Normal
2026-04-29 12:52:03.920308,Paris-80cd,-12,88,Normal
2026-04-29 12:52:04.920308,Paris-80cd,37,83,Normal
2026-04-29 12:52:05.920308,Paris-80cd,-29,28,Normal
2026-04-29 12:52:06.920308,Paris-80cd,12,90,Normal
2026-04-29 12:52:07.920308,Paris-80cd,17,2,Normal
2026-04-29 12:52:08.920308,Paris-80cd,49,79,Normal
2026-04-29 12:52:09.920308,Paris-80cd,-16,7,Normal
2026-04-29 12:52:10.920308,Paris-80cd,18,21,Normal
2026-04-29 12:52:11.920308,Paris-80cd,-13,62,Normal
2026-04-29 12:52:12.920308,Paris-80cd,17,32,Normal
2026-04-29 12:52:13.920308,Paris-80cd,-7,86,Normal
2026-04-29 12:52:14.920308,Paris-80cd,37,2,Normal
2026-04-29 12:52:15.920308,Paris-80cd,22,13,Normal
2026-04-29 12:52:16.920308,Paris-80cd,29,68,Normal
2026-04-29 12:52:17.920308,Paris-80cd,-22,60,Normal
2026-04-29 12:52:18.920308,Paris-80cd,36,45,Normal
2026-04-29 12:52:19.920308,Paris-80cd,-18,17,Normal
2026-04-29 12:52:20.920308,Paris-80cd,-17,89,Normal
2026-04-29 12:52:21.920308,Paris-80cd,11,62,Normal
2026-04-29 12:52:22.920308,Paris-80cd,-18,79,Normal
2026-04-29 12:52:23.920308,Paris-80cd,42,59,Normal
2026-04-29 12:52:24.920308,Paris-80cd,20,96,Normal
2026-04-29 12:52:25.920308,Paris-80cd,-5,11,Normal
2026-04-29 12:52:26.920308,Paris-80cd,49,25,Normal
2026-04-29 12:52:27.920308,Paris-80cd,10,0,Normal
2026-04-29 12:52:28.920308,Paris-80cd,28,4,Normal
2026-04-29 12:52:29.920308,Paris-80cd,19,56,Normal
2026-04-29 12:52:30.920308,Paris-80cd,44,9,Normal
2026-04-29 12:52:31.920308,Paris-80cd,-26,6,Normal
2026-04-29 12:52:32.920308,Paris-80cd,-13,92,Normal
2026-04-29 12:52:33.920308,Paris-80cd,45,100,Normal
2026-04-29 12:52:34.920308,Paris-80cd,-20,48,Normal
2026-04-29 12:52:35.920308,Paris-80cd,1,71,Normal
2026-04-29 12:52:36.920308,Paris-80cd,24,73,Normal
2026-04-29 12:52:37.920308,Paris-80cd,-14,2,Normal
2026-04-29 12:52:38.920308,Paris-80cd,-9,40,Normal
2026-04-29 12:52:39.920308,Paris-80cd,27,27,Normal
2026-04-29 12:52:40.920308,Paris-80cd,-20,35,Normal
2026-04-29 12:52:41.920308,Paris-80cd,13,87,Normal
2026-04-29 12:52:42.920308,Paris-80cd,14,87,Normal
2026-04-29 12:52:43.920308,Paris-80cd,11,84,Normal
2026-04-29 12:52:44.920308,Paris-80cd,25,93,Normal
2026-04-29 12:52:45.920308,Paris-80cd,-15,21,Normal
2026-04-29 12:52:46.920308,Paris-80cd,19,81,Normal
2026-04-29 12:52:47.920308,Paris-80cd,45,0,Normal
2026-04-29 12:52:48.920308,Paris-80cd,49,58,Normal
2026-04-29 12:52:49.920308,Paris-80cd,46,63,Normal
2026-04-29 12:52:50.920308,Paris-80cd,-18,5,Normal
2026-04-29 12:52:51.920308,Paris-80cd,32,49,Normal
2026-04-29 12:52:52.920308,Paris-80cd,16,23,Normal
2026-04-29 12:52:53.920308,Paris-80cd,-1,51,Normal
2026-04-29 12:52:54.920308,Paris-80cd,41,8,Normal
2026-04-29 12:52:55.920308,Paris-80cd,-14,19,Normal
2026-04-29 12:52:56.920308,Paris-80cd,6,17,Normal
2026-04-29 12:52:57.920308,Paris-80cd,27,15,Normal
2026-04-29 12:52:58.920308,Paris-80cd,48,14,Normal
2026-04-29 12:52:59.920308,Paris-80cd,13,65,Normal
2026-04-29 12:53:00.920308,Paris-80cd,16,71,Normal
2026-04-29 12:53:01.920308,Paris-80cd,16,82,Normal
2026-04-29 12:53:02.920308,Paris-80cd,10,67,Normal
2026-04-29 12:53:03.920308,Paris-80cd,-29,81,Normal
2026-04-29 12:53:04.920308,Paris-80cd,27,9,Normal
2026-04-29 12:53:05.920308,Paris-80cd,-4,77,Normal
2026-04-29 12:53:06.920308,Paris-80cd,-22,75,Normal
2026-04-29 12:53:07.920308,Paris-80cd,-28,7,Normal
2026-04-29 12:53:08.920308,Paris-80cd,29,94,Normal
2026-04-29 12:53:09.920308,Paris-80cd,23,84,Normal
2026-04-29 12:53:10.920308,Paris-80cd,-5,55,Normal
2026-04-29 12:53:11.920308,Paris-80cd,12,75,Normal
2026-04-29 12:53:12.920308,Paris-80cd,11,90,Normal
2026-04-29 12:53:13.920308,Paris-80cd,33,40,Normal
2026-04-29 12:53:14.920308,Paris-80cd,38,36,Normal
2026-04-29 12:53:15.920308,Paris-80cd,34,74,Normal
2026-04-29 12:53:16.920308,Paris-80cd,-14,53,Normal
2026-04-29 12:53:17.920308,Paris-80cd,-17,6,Normal
2026-04-29 12:53:18.920308,Paris-80cd,-6,99,Normal
2026-04-29 12:53:19.920308,Paris-80cd,12,85,Normal
2026-04-29 12:53:20.920308,Paris-80cd,-24,37,Normal
2026-04-29 12:53:21.920308,Paris-80cd,30,32,Normal
2026-04-29 12:53:22.920308,Paris-80cd,23,71,Normal
2026-04-29 12:53:23.920308,Paris-80cd,-28,21,Normal
2026-04-29 12:53:24.920308,Paris-80cd,49,23,Normal
2026-04-29 12:53:25.920308,Paris-80cd,28,66,Normal
2026-04-29 12:53:26.920308,Paris-80cd,49,42,Normal
2026-04-29 12:53:27.920308,Paris-80cd,18,82,Normal
2026-04-29 12:53:28.920308,Paris-80cd,32,98,Normal
2026-04-29 12:53:29.920308,Paris-80cd,21,47,Normal
2026-04-29 12:53:30.920308,Paris-80cd,-13,83,Normal
2026-04-29 12:53:31.920308,Paris-80cd,-24,48,Normal
2026-04-29 12:53:32.920308,Paris-80cd,42,41,Normal
2026-04-29 12:53:33.920308,Paris-80cd,10,82,Normal
2026-04-29 12:53:34.920308,Paris-80cd,43,11,Normal
2026-04-29 12:53:35.920308,Paris-80cd,1,75,Normal
2026-04-29 12:53:36.920308,Paris-80cd,-27,68,Normal
2026-04-29 12:53:37.920308,Paris-80cd,49,83,Normal
2026-04-29 12:53:38.920308,Paris-80cd,-22,54,Normal
2026-04-29 12:53:39.920308,Paris-80cd,-5,97,Normal
2026-04-29 12:53:40.920308,Paris-80cd,47,1,Normal
2026-04-29 12:53:41.920308,Paris-80cd,-20,42,Normal
2026-04-29 12:53:42.920308,Paris-80cd,-19,78,Normal
2026-04-29 12:53:43.920308,Paris-80cd,-2,2,Normal
2026-04-29 12:53:44.920308,Paris-80cd,10,12,Normal
2026-04-29 12:53:45.920308,Paris-80cd,-19,53,Normal
2026-04-29 12:53:46.920308,Paris-80cd,40,68,Normal
2026-04-29 12:53:47.920308,Paris-80cd,16,19,Normal
2026-04-29 12:53:48.920308,Paris-80cd,-21,29,Normal
2026-04-29 12:53:49.920308,Paris-80cd,16,38,Normal
2026-04-29 12:53:50.920308,Paris-80cd,-10,19,Normal
2026-04-29 12:53:51.920308,Paris-80cd,-24,54,Normal
2026-04-29 12:53:52.920308,Paris-80cd,-17,32,Normal
2026-04-29 12:53:53.920308,Paris-80cd,27,30,Normal
2026-04-29 12:53:54.920308,Paris-80cd,12,40,Normal
2026-04-29 12:53:55.920308,Paris-80cd,33,75,Normal
2026-04-29 12:53:56.920308,Paris-80cd,26,92,Normal
2026-04-29 12:53:57.920308,Paris-80cd,25,22,Normal
2026-04-29 12:53:58.920308,Paris-80cd,-8,80,Normal
2026-04-29 12:53:59.920308,Paris-80cd,8,91,Normal
2026-04-29 12:54:00.920308,Paris-80cd,-13,3,Normal
2026-04-29 12:54:01.920308,Paris-80cd,-4,81,Normal
2026-04-29 12:54:02.920308,Paris-80cd,40,37,Normal
2026-04-29 12:54:03.920308,Paris-80cd,24,44,Normal
2026-04-29 12:54:04.920308,Paris-80cd,46,25,Normal
2026-04-29 12:54:05.920308,Paris-80cd,-24,61,Normal
2026-04-29 12:54:06.920308,Paris-80cd,49,46,Normal
2026-04-29 12:54:07.920308,Paris-80cd,-8,64,Normal
2026-04-29 12:54:08.920308,Paris-80cd,-20,29,Normal
2026-04-29 12:54:09.920308,Paris-80cd,-19,96,Normal
2026-04-29 12:54:10.920308,Paris-80cd,49,75,Normal
2026-04-29 12:54:11.920308,Paris-80cd,27,83,Normal
2026-04-29 12:54:12.920308,Paris-80cd,49,12,Normal
2026-04-29 12:54:13.920308,Paris-80cd,-13,10,Normal
2026-04-29 12:54:14.920308,Paris-80cd,-25,83,Normal
2026-04-29 12:54:15.920308,Paris-80cd,6,75,Normal
2026-04-29 12:54:16.920308,Paris-80cd,2,35,Normal
2026-04-29 12:54:17.920308,Paris-80cd,40,13,Normal
2026-04-29 12:54:18.920308,Paris-80cd,-6,2,Normal
2026-04-29 12:54:19.920308,Paris-80cd,4,15,Normal
2026-04-29 12:54:20.920308,Paris-80cd,-23,56,Normal
2026-04-29 12:54:21.920308,Paris-80cd,-10,47,Normal
2026-04-29 12:54:22.920308,Paris-80cd,-18,46,Normal
2026-04-29 12:54:23.920308,Paris-80cd,47,45,Normal
2026-04-29 12:54:24.920308,Paris-80cd,43,28,Normal
2026-04-29 12:54:25.920308,Paris-80cd,0,93,Normal
2026-04-29 12:54:26.920308,Paris-80cd,43,80,Normal
2026-04-29 12:54:27.920308,Paris-80cd,-15,96,Normal
2026-04-29 12:54:28.920308,Paris-80cd,12,48,Normal
