timestamp,station_id,temp,humid,condition
2026-02-16 16:04:32.227371,Berlin-a323,-11,77,Normal
2026-02-16 16:04:33.227371,Berlin-a323,6,68,Normal
2026-02-16 16:04:34.227371,Berlin-a323,-17,90,Normal
2026-02-16 16:04:35.227371,Berlin-a323,29,67,Normal
2026-02-16 16:04:36.227371,Berlin-a323,31,58,Normal
2026-02-16 16:04:37.227371,Berlin-a323,12,63,Normal
2026-02-16 16:04:38.227371,Berlin-a323,-27,28,Normal
2026-02-16 16:04:39.227371,Berlin-a323,-13,70,Normal
2026-02-16 16:04:40.227371,Berlin-a323,15,85,Normal
2026-02-16 16:04:41.227371,Berlin-a323,-23,28,Normal
2026-02-16 16:04:42.227371,Berlin-a323,46,63,Normal
2026-02-16 16:04:43.227371,Berlin-a323,27,93,Normal
2026-02-16 16:04:44.227371,Berlin-a323,39,69,Normal
2026-02-16 16:04:45.227371,Berlin-a323,20,30,Normal
2026-02-16 16:04:46.227371,Berlin-a323,-10,37,Normal
2026-02-16 16:04:47.227371,Berlin-a323,29,49,Normal
2026-02-16 16:04:48.227371,Berlin-a323,-6,37,Normal
2026-02-16 16:04:49.227371,Berlin-a323,25,93,Normal
2026-02-16 16:04:50.227371,Berlin-a323,-8,16,Normal
2026-02-16 16:04:51.227371,Berlin-a323,-2,5,Normal
2026-02-16 16:04:52.227371,Berlin-a323,43,88,Normal
2026-02-16 16:04:53.227371,Berlin-a323,45,11,Normal
2026-02-16 16:04:54.227371,Berlin-a323,11,4,Normal
2026-02-16 16:04:55.227371,Berlin-a323,39,75,Normal
2026-02-16 16:04:56.227371,Berlin-a323,-15,12,Normal
2026-02-16 16:04:57.227371,Berlin-a323,13,79,Normal
2026-02-16 16:04:58.227371,Berlin-a323,-20,70,Normal
2026-02-16 16:04:59.227371,Berlin-a323,-25,53,Normal
2026-02-16 16:05:00.227371,Berlin-a323,-21,76,Normal
2026-02-16 16:05:01.227371,Berlin-a323,-10,89,Normal
2026-02-16 16:05:02.227371,Berlin-a323,-23,59,Normal
2026-02-16 16:05:03.227371,Berlin-a323,10,93,Normal
2026-02-16 16:05:04.227371,Berlin-a323,-7,67,Normal
2026-02-16 16:05:05.227371,Berlin-a323,48,84,Normal
2026-02-16 16:05:06.227371,Berlin-a323,31,97,Normal
2026-02-16 16:05:07.227371,Berlin-a323,7,98,Normal
2026-02-16 16:05:08.227371,Berlin-a323,5,46,Normal
2026-02-16 16:05:09.227371,Berlin-a323,-3,19,Normal
2026-02-16 16:05:10.227371,Berlin-a323,0,48,Normal
2026-02-16 16:05:11.227371,Berlin-a323,15,48,Normal
2026-02-16 16:05:12.227371,Berlin-a323,8,27,Normal
2026-02-16 16:05:13.227371,Berlin-a323,-18,62,Normal
2026-02-16 16:05:14.227371,Berlin-a323,9,8,Normal
2026-02-16 16:05:15.227371,Berlin-a323,-2,65,Normal
2026-02-16 16:05:16.227371,Berlin-a323,32,76,Normal
2026-02-16 16:05:17.227371,Berlin-a323,50,42,Normal
2026-02-16 16:05:18.227371,Berlin-a323,-9,51,Normal
2026-02-16 16:05:19.227371,Berlin-a323,37,37,Normal
2026-02-16 16:05:20.227371,Berlin-a323,16,60,Normal
2026-02-16 16:05:21.227371,Berlin-a323,21,33,Normal
2026-02-16 16:05:22.227371,Berlin-a323,11,71,Normal
2026-02-16 16:05:23.227371,Berlin-a323,-29,14,Normal
2026-02-16 16:05:24.227371,Berlin-a323,-3,4,Normal
2026-02-16 16:05:25.227371,Berlin-a323,-25,37,Normal
2026-02-16 16:05:26.227371,Berlin-a323,32,18,Normal
2026-02-16 16:05:27.227371,Berlin-a323,28,11,Normal
2026-02-16 16:05:28.227371,Berlin-a323,16,42,Normal
2026-02-16 16:05:29.227371,Berlin-a323,38,82,Normal
2026-02-16 16:05:30.227371,Berlin-a323,38,45,Normal
2026-02-16 16:05:31.227371,Berlin-a323,42,15,Normal
2026-02-16 16:05:32.227371,Berlin-a323,-28,81,Normal
2026-02-16 16:05:33.227371,Berlin-a323,-4,95,Normal
2026-02-16 16:05:34.227371,Berlin-a323,-16,4,Normal
2026-02-16 16:05:35.227371,Berlin-a323,23,84,Normal
2026-02-16 16:05:36.227371,Berlin-a323,-11,29,Normal
2026-02-16 16:05:37.227371,Berlin-a323,18,88,Normal
2026-02-16 16:05:38.227371,Berlin-a323,24,25,Normal
2026-02-16 16:05:39.227371,Berlin-a323,46,3,Normal
2026-02-16 16:05:40.227371,Berlin-a323,9,49,Normal
2026-02-16 16:05:41.227371,Berlin-a323,30,6,Normal
2026-02-16 16:05:42.227371,Berlin-a323,37,83,Normal
2026-02-16 16:05:43.227371,Berlin-a323,21,56,Normal
2026-02-16 16:05:44.227371,Berlin-a323,12,99,Normal
2026-02-16 16:05:45.227371,Berlin-a323,2,71,Normal
2026-02-16 16:05:46.227371,Berlin-a323,-30,45,Normal
2026-02-16 16:05:47.227371,Berlin-a323,33,2,Normal
2026-02-16 16:05:48.227371,Berlin-a323,40,86,Normal
2026-02-16 16:05:49.227371,Berlin-a323,23,82,Normal
2026-02-16 16:05:50.227371,Berlin-a323,37,61,Normal
2026-02-16 16:05:51.227371,Berlin-a323,-17,76,Normal
2026-02-16 16:05:52.227371,Berlin-a323,49,54,Normal
2026-02-16 16:05:53.227371,Berlin-a323,10,23,Normal
2026-02-16 16:05:54.227371,Berlin-a323,-12,51,Normal
2026-02-16 16:05:55.227371,Berlin-a323,22,48,Normal
2026-02-16 16:05:56.227371,Berlin-a323,7,73,Normal
2026-02-16 16:05:57.227371,Berlin-a323,13,67,Normal
2026-02-16 16:05:58.227371,Berlin-a323,36,45,Normal
2026-02-16 16:05:59.227371,Berlin-a323,7,99,Normal
2026-02-16 16:06:00.227371,Berlin-a323,18,45,Normal
2026-02-16 16:06:01.227371,Berlin-a323,-3,7,Normal
2026-02-16 16:06:02.227371,Berlin-a323,-22,73,Normal
2026-02-16 16:06:03.227371,Berlin-a323,-11,24,Normal
2026-02-16 16:06:04.227371,Berlin-a323,-27,34,Normal
2026-02-16 16:06:05.227371,Berlin-a323,-26,79,Normal
2026-02-16 16:06:06.227371,Berlin-a323,-6,23,Normal
2026-02-16 16:06:07.227371,Berlin-a323,4,12,Normal
2026-02-16 16:06:08.227371,Berlin-a323,6,68,Normal
2026-02-16 16:06:09.227371,Berlin-a323,28,21,Normal
2026-02-16 16:06:10.227371,Berlin-a323,2,95,Normal
2026-02-16 16:06:11.227371,Berlin-a323,-4,44,Normal
2026-02-16 16:06:12.227371,Berlin-a323,27,63,Normal
2026-02-16 16:06:13.227371,Berlin-a323,-23,9,Normal
2026-02-16 16:06:14.227371,Berlin-a323,-20,29,Normal
2026-02-16 16:06:15.227371,Berlin-a323,31,24,Normal
2026-02-16 16:06:16.227371,Berlin-a323,40,8,Normal
2026-02-16 16:06:17.227371,Berlin-a323,-20,62,Normal
2026-02-16 16:06:18.227371,Berlin-a323,-19,95,Normal
2026-02-16 16:06:19.227371,Berlin-a323,-1,77,Normal
2026-02-16 16:06:20.227371,Berlin-a323,-12,61,Normal
2026-02-16 16:06:21.227371,Berlin-a323,1,57,Normal
2026-02-16 16:06:22.227371,Berlin-a323,22,43,Normal
2026-02-16 16:06:23.227371,Berlin-a323,-3,53,Normal
2026-02-16 16:06:24.227371,Berlin-a323,-2,58,Normal
2026-02-16 16:06:25.227371,Berlin-a323,35,46,Normal
2026-02-16 16:06:26.227371,Berlin-a323,-6,18,Normal
2026-02-16 16:06:27.227371,Berlin-a323,31,30,Normal
2026-02-16 16:06:28.227371,Berlin-a323,0,24,Normal
2026-02-16 16:06:29.227371,Berlin-a323,-3,68,Normal
2026-02-16 16:06:30.227371,Berlin-a323,6,78,Normal
2026-02-16 16:06:31.227371,Berlin-a323,43,86,Normal
2026-02-16 16:06:32.227371,Berlin-a323,-15,78,Normal
2026-02-16 16:06:33.227371,Berlin-a323,-27,79,Normal
2026-02-16 16:06:34.227371,Berlin-a323,6,8,Normal
2026-02-16 16:06:35.227371,Berlin-a323,24,7,Normal
2026-02-16 16:06:36.227371,Berlin-a323,34,72,Normal
2026-02-16 16:06:37.227371,Berlin-a323,47,74,Normal
2026-02-16 16:06:38.227371,Berlin-a323,42,84,Normal
2026-02-16 16:06:39.227371,Berlin-a323,23,47,Normal
2026-02-16 16:06:40.227371,Berlin-a323,43,6,Normal
2026-02-16 16:06:41.227371,Berlin-a323,-10,99,Normal
2026-02-16 16:06:42.227371,Berlin-a323,-16,37,Normal
2026-02-16 16:06:43.227371,Berlin-a323,-12,100,Normal
2026-02-16 16:06:44.227371,Berlin-a323,36,72,Normal
2026-02-16 16:06:45.227371,Berlin-a323,29,18,Normal
2026-02-16 16:06:46.227371,Berlin-a323,45,10,Normal
2026-02-16 16:06:47.227371,Berlin-a323,48,28,Normal
2026-02-16 16:06:48.227371,Berlin-a323,32,92,Normal
2026-02-16 16:06:49.227371,Berlin-a323,25,26,Normal
2026-02-16 16:06:50.227371,Berlin-a323,-10,47,Normal
2026-02-16 16:06:51.227371,Berlin-a323,-12,3,Normal
2026-02-16 16:06:52.227371,Berlin-a323,8,62,Normal
2026-02-16 16:06:53.227371,Berlin-a323,-17,21,Normal
2026-02-16 16:06:54.227371,Berlin-a323,-6,6,Normal
2026-02-16 16:06:55.227371,Berlin-a323,-16,45,Normal
2026-02-16 16:06:56.227371,Berlin-a323,13,87,Normal
2026-02-16 16:06:57.227371,Berlin-a323,-28,27,Normal
2026-02-16 16:06:58.227371,Berlin-a323,38,84,Normal
2026-02-16 16:06:59.227371,Berlin-a323,-18,95,Normal
2026-02-16 16:07:00.227371,Berlin-a323,-24,80,Normal
2026-02-16 16:07:01.227371,Berlin-a323,-24,10,Normal
2026-02-16 16:07:02.227371,Berlin-a323,46,59,Normal
2026-02-16 16:07:03.227371,Berlin-a323,-13,31,Normal
2026-02-16 16:07:04.227371,Berlin-a323,47,14,Normal
2026-02-16 16:07:05.227371,Berlin-a323,3,84,Normal
2026-02-16 16:07:06.227371,Berlin-a323,45,37,Normal
2026-02-16 16:07:07.227371,Berlin-a323,1,33,Normal
2026-02-16 16:07:08.227371,Berlin-a323,48,5,Normal
2026-02-16 16:07:09.227371,Berlin-a323,33,56,Normal
2026-02-16 16:07:10.227371,Berlin-a323,-10,82,Normal
2026-02-16 16:07:11.227371,Berlin-a323,-9,6,Normal
2026-02-16 16:07:12.227371,Berlin-a323,12,42,Normal
2026-02-16 16:07:13.227371,Berlin-a323,7,92,Normal
2026-02-16 16:07:14.227371,Berlin-a323,-20,40,Normal
2026-02-16 16:07:15.227371,Berlin-a323,-7,76,Normal
2026-02-16 16:07:16.227371,Berlin-a323,-19,79,Normal
2026-02-16 16:07:17.227371,Berlin-a323,45,54,Normal
2026-02-16 16:07:18.227371,Berlin-a323,-20,55,Normal
2026-02-16 16:07:19.227371,Berlin-a323,-17,84,Normal
2026-02-16 16:07:20.227371,Berlin-a323,26,92,Normal
2026-02-16 16:07:21.227371,Berlin-a323,33,89,Normal
2026-02-16 16:07:22.227371,Berlin-a323,-21,81,Normal
2026-02-16 16:07:23.227371,Berlin-a323,14,23,Normal
2026-02-16 16:07:24.227371,Berlin-a323,-25,71,Normal
2026-02-16 16:07:25.227371,Berlin-a323,27,74,Normal
2026-02-16 16:07:26.227371,Berlin-a323,2,53,Normal
2026-02-16 16:07:27.227371,Berlin-a323,-13,42,Normal
2026-02-16 16:07:28.227371,Berlin-a323,-8,37,Normal
2026-02-16 16:07:29.227371,Berlin-a323,-24,38,Normal
2026-02-16 16:07:30.227371,Berlin-a323,22,87,Normal
2026-02-16 16:07:31.227371,Berlin-a323,28,20,Normal
2026-02-16 16:07:32.227371,Berlin-a323,31,12,Normal
2026-02-16 16:07:33.227371,Berlin-a323,14,88,Normal
2026-02-16 16:07:34.227371,Berlin-a323,24,4,Normal
2026-02-16 16:07:35.227371,Berlin-a323,27,65,Normal
2026-02-16 16:07:36.227371,Berlin-a323,-16,93,Normal
2026-02-16 16:07:37.227371,Berlin-a323,5,53,Normal
2026-02-16 16:07:38.227371,Berlin-a323,-8,6,Normal
2026-02-16 16:07:39.227371,Berlin-a323,10,74,Normal
2026-02-16 16:07:40.227371,Berlin-a323,-24,97,Normal
2026-02-16 16:07:41.227371,Berlin-a323,32,31,Normal
2026-02-16 16:07:42.227371,Berlin-a323,13,66,Normal
2026-02-16 16:07:43.227371,Berlin-a323,18,84,Normal
2026-02-16 16:07:44.227371,Berlin-a323,-1,20,Normal
2026-02-16 16:07:45.227371,Berlin-a323,-29,29,Normal
2026-02-16 16:07:46.227371,Berlin-a323,15,1,Normal
2026-02-16 16:07:47.227371,Berlin-a323,-1,23,Normal
2026-02-16 16:07:48.227371,Berlin-a323,-2,38,Normal
2026-02-16 16:07:49.227371,Berlin-a323,31,15,Normal
2026-02-16 16:07:50.227371,Berlin-a323,21,65,Normal
2026-02-16 16:07:51.227371,Berlin-a323,39,63,Normal
2026-02-16 16:07:52.227371,Berlin-a323,19,10,Normal
2026-02-16 16:07:53.227371,Berlin-a323,-15,49,Normal
2026-02-16 16:07:54.227371,Berlin-a323,42,36,Normal
2026-02-16 16:07:55.227371,Berlin-a323,4,25,Normal
2026-02-16 16:07:56.227371,Berlin-a323,28,6,Normal
2026-02-16 16:07:57.227371,Berlin-a323,19,65,Normal
2026-02-16 16:07:58.227371,Berlin-a323,8,69,Normal
2026-02-16 16:07:59.227371,Berlin-a323,42,7,Normal
2026-02-16 16:08:00.227371,Berlin-a323,-6,52,Normal
2026-02-16 16:08:01.227371,Berlin-a323,45,33,Normal
2026-02-16 16:08:02.227371,Berlin-a323,29,64,Normal
2026-02-16 16:08:03.227371,Berlin-a323,33,79,Normal
2026-02-16 16:08:04.227371,Berlin-a323,-24,11,Normal
2026-02-16 16:08:05.227371,Berlin-a323,31,61,Normal
2026-02-16 16:08:06.227371,Berlin-a323,11,55,Normal
2026-02-16 16:08:07.227371,Berlin-a323,43,67,Normal
2026-02-16 16:08:08.227371,Berlin-a323,-7,70,Normal
2026-02-16 16:08:09.227371,Berlin-a323,45,58,Normal
2026-02-16 16:08:10.227371,Berlin-a323,-5,20,Normal
2026-02-16 16:08:11.227371,Berlin-a323,10,9,Normal
2026-02-16 16:08:12.227371,Berlin-a323,18,24,Normal
2026-02-16 16:08:13.227371,Berlin-a323,-3,48,Normal
2026-02-16 16:08:14.227371,Berlin-a323,35,59,Normal
2026-02-16 16:08:15.227371,Berlin-a323,-4,96,Normal
2026-02-16 16:08:16.227371,Berlin-a323,45,28,Normal
2026-02-16 16:08:17.227371,Berlin-a323,-5,8,Normal
2026-02-16 16:08:18.227371,Berlin-a323,-16,92,Normal
2026-02-16 16:08:19.227371,Berlin-a323,-29,84,Normal
2026-02-16 16:08:20.227371,Berlin-a323,23,71,Normal
2026-02-16 16:08:21.227371,Berlin-a323,-7,44,Normal
2026-02-16 16:08:22.227371,Berlin-a323,8,10,Normal
2026-02-16 16:08:23.227371,Berlin-a323,14,90,Normal
2026-02-16 16:08:24.227371,Berlin-a323,49,64,Normal
2026-02-16 16:08:25.227371,Berlin-a323,-4,45,Normal
2026-02-16 16:08:26.227371,Berlin-a323,42,24,Normal
2026-02-16 16:08:27.227371,Berlin-a323,17,3,Normal
2026-02-16 16:08:28.227371,Berlin-a323,35,96,Normal
2026-02-16 16:08:29.227371,Berlin-a323,-5,29,Normal
2026-02-16 16:08:30.227371,Berlin-a323,40,89,Normal
2026-02-16 16:08:31.227371,Berlin-a323,0,88,Normal
2026-02-16 16:08:32.227371,Berlin-a323,-28,64,Normal
2026-02-16 16:08:33.227371,Berlin-a323,-12,57,Normal
2026-02-16 16:08:34.227371,Berlin-a323,48,1,Normal
2026-02-16 16:08:35.227371,Berlin-a323,21,28,Normal
2026-02-16 16:08:36.227371,Berlin-a323,43,15,Normal
2026-02-16 16:08:37.227371,Berlin-a323,14,69,Normal
2026-02-16 16:08:38.227371,Berlin-a323,28,55,Normal
2026-02-16 16:08:39.227371,Berlin-a323,-17,44,Normal
2026-02-16 16:08:40.227371,Berlin-a323,16,81,Normal
2026-02-16 16:08:41.227371,Berlin-a323,-10,25,Normal
2026-02-16 16:08:42.227371,Berlin-a323,32,41,Normal
2026-02-16 16:08:43.227371,Berlin-a323,9,40,Normal
2026-02-16 16:08:44.227371,Berlin-a323,45,37,Normal
2026-02-16 16:08:45.227371,Berlin-a323,-9,25,Normal
2026-02-16 16:08:46.227371,Berlin-a323,-4,94,Normal
2026-02-16 16:08:47.227371,Berlin-a323,-20,70,Normal
2026-02-16 16:08:48.227371,Berlin-a323,-12,54,Normal
2026-02-16 16:08:49.227371,Berlin-a323,-12,10,Normal
2026-02-16 16:08:50.227371,Berlin-a323,-7,69,Normal
2026-02-16 16:08:51.227371,Berlin-a323,34,20,Normal
2026-02-16 16:08:52.227371,Berlin-a323,-9,70,Normal
2026-02-16 16:08:53.227371,Berlin-a323,6,36,Normal
2026-02-16 16:08:54.227371,Berlin-a323,27,6,Normal
2026-02-16 16:08:55.227371,Berlin-a323,-12,85,Normal
2026-02-16 16:08:56.227371,Berlin-a323,45,20,Normal
2026-02-16 16:08:57.227371,Berlin-a323,19,44,Normal
2026-02-16 16:08:58.227371,Berlin-a323,-9,93,Normal
2026-02-16 16:08:59.227371,Berlin-a323,42,42,Normal
2026-02-16 16:09:00.227371,Berlin-a323,15,1,Normal
2026-02-16 16:09:01.227371,Berlin-a323,30,100,Normal
2026-02-16 16:09:02.227371,Berlin-a323,33,54,Normal
2026-02-16 16:09:03.227371,Berlin-a323,-17,72,Normal
2026-02-16 16:09:04.227371,Berlin-a323,-17,13,Normal
2026-02-16 16:09:05.227371,Berlin-a323,45,75,Normal
2026-02-16 16:09:06.227371,Berlin-a323,32,78,Normal
2026-02-16 16:09:07.227371,Berlin-a323,-14,19,Normal
2026-02-16 16:09:08.227371,Berlin-a323,41,88,Normal
2026-02-16 16:09:09.227371,Berlin-a323,-3,59,Normal
2026-02-16 16:09:10.227371,Berlin-a323,49,34,Normal
2026-02-16 16:09:11.227371,Berlin-a323,17,93,Normal
2026-02-16 16:09:12.227371,Berlin-a323,48,11,Normal
2026-02-16 16:09:13.227371,Berlin-a323,27,11,Normal
2026-02-16 16:09:14.227371,Berlin-a323,40,0,Normal
2026-02-16 16:09:15.227371,Berlin-a323,28,50,Normal
2026-02-16 16:09:16.227371,Berlin-a323,-20,0,Normal
2026-02-16 16:09:17.227371,Berlin-a323,35,42,Normal
2026-02-16 16:09:18.227371,Berlin-a323,-24,70,Normal
2026-02-16 16:09:19.227371,Berlin-a323,41,8,Normal
2026-02-16 16:09:20.227371,Berlin-a323,-14,24,Normal
2026-02-16 16:09:21.227371,Berlin-a323,43,13,Normal
2026-02-16 16:09:22.227371,Berlin-a323,-17,89,Normal
2026-02-16 16:09:23.227371,Berlin-a323,-18,38,Normal
2026-02-16 16:09:24.227371,Berlin-a323,-6,35,Normal
2026-02-16 16:09:25.227371,Berlin-a323,-7,39,Normal
2026-02-16 16:09:26.227371,Berlin-a323,40,69,Normal
2026-02-16 16:09:27.227371,Berlin-a323,-5,75,Normal
2026-02-16 16:09:28.227371,Berlin-a323,12,49,Normal
2026-02-16 16:09:29.227371,Berlin-a323,11,43,Normal
2026-02-16 16:09:30.227371,Berlin-a323,7,66,Normal
2026-02-16 16:09:31.227371,Berlin-a323,-10,32,Normal
2026-02-16 16:09:32.227371,Berlin-a323,10,45,Normal
2026-02-16 16:09:33.227371,Berlin-a323,12,61,Normal
2026-02-16 16:09:34.227371,Berlin-a323,6,25,Normal
2026-02-16 16:09:35.227371,Berlin-a323,30,6,Normal
2026-02-16 16:09:36.227371,Berlin-a323,40,85,Normal
2026-02-16 16:09:37.227371,Berlin-a323,-26,7,Normal
2026-02-16 16:09:38.227371,Berlin-a323,38,35,Normal
2026-02-16 16:09:39.227371,Berlin-a323,37,21,Normal
2026-02-16 16:09:40.227371,Berlin-a323,-23,85,Normal
2026-02-16 16:09:41.227371,Berlin-a323,4,10,Normal
2026-02-16 16:09:42.227371,Berlin-a323,34,13,Normal
2026-02-16 16:09:43.227371,Berlin-a323,-11,5,Normal
2026-02-16 16:09:44.227371,Berlin-a323,7,43,Normal
2026-02-16 16:09:45.227371,Berlin-a323,-24,63,Normal
2026-02-16 16:09:46.227371,Berlin-a323,45,40,Normal
2026-02-16 16:09:47.227371,Berlin-a323,14,89,Normal
2026-02-16 16:09:48.227371,Berlin-a323,4,91,Normal
2026-02-16 16:09:49.227371,Berlin-a323,19,2,Normal
2026-02-16 16:09:50.227371,Berlin-a323,-2,99,Normal
2026-02-16 16:09:51.227371,Berlin-a323,18,100,Normal
2026-02-16 16:09:52.227371,Berlin-a323,8,39,Normal
2026-02-16 16:09:53.227371,Berlin-a323,-15,58,Normal
2026-02-16 16:09:54.227371,Berlin-a323,32,7,Normal
2026-02-16 16:09:55.227371,Berlin-a323,26,53,Normal
2026-02-16 16:09:56.227371,Berlin-a323,37,48,Normal
2026-02-16 16:09:57.227371,Berlin-a323,-2,79,Normal
2026-02-16 16:09:58.227371,Berlin-a323,-2,47,Normal
2026-02-16 16:09:59.227371,Berlin-a323,3,54,Normal
2026-02-16 16:10:00.227371,Berlin-a323,-5,78,Normal
2026-02-16 16:10:01.227371,Berlin-a323,-19,9,Normal
2026-02-16 16:10:02.227371,Berlin-a323,-4,66,Normal
2026-02-16 16:10:03.227371,Berlin-a323,40,99,Normal
2026-02-16 16:10:04.227371,Berlin-a323,6,81,Normal
2026-02-16 16:10:05.227371,Berlin-a323,29,56,Normal
2026-02-16 16:10:06.227371,Berlin-a323,41,17,Normal
2026-02-16 16:10:07.227371,Berlin-a323,-26,21,Normal
2026-02-16 16:10:08.227371,Berlin-a323,-9,65,Normal
2026-02-16 16:10:09.227371,Berlin-a323,5,73,Normal
2026-02-16 16:10:10.227371,Berlin-a323,46,85,Normal
2026-02-16 16:10:11.227371,Berlin-a323,-16,59,Normal
2026-02-16 16:10:12.227371,Berlin-a323,-14,42,Normal
2026-02-16 16:10:13.227371,Berlin-a323,-18,0,Normal
2026-02-16 16:10:14.227371,Berlin-a323,8,3,Normal
2026-02-16 16:10:15.227371,Berlin-a323,-22,28,Normal
2026-02-16 16:10:16.227371,Berlin-a323,12,48,Normal
2026-02-16 16:10:17.227371,Berlin-a323,35,34,Normal
2026-02-16 16:10:18.227371,Berlin-a323,-26,3,Normal
2026-02-16 16:10:19.227371,Berlin-a323,-12,24,Normal
2026-02-16 16:10:20.227371,Berlin-a323,-10,52,Normal
2026-02-16 16:10:21.227371,Berlin-a323,25,3,Normal
2026-02-16 16:10:22.227371,Berlin-a323,-29,16,Normal
2026-02-16 16:10:23.227371,Berlin-a323,18,7,Normal
2026-02-16 16:10:24.227371,Berlin-a323,-28,48,Normal
2026-02-16 16:10:25.227371,Berlin-a323,29,95,Normal
2026-02-16 16:10:26.227371,Berlin-a323,10,71,Normal
2026-02-16 16:10:27.227371,Berlin-a323,7,64,Normal
2026-02-16 16:10:28.227371,Berlin-a323,38,70,Normal
2026-02-16 16:10:29.227371,Berlin-a323,-24,87,Normal
2026-02-16 16:10:30.227371,Berlin-a323,-18,6,Normal
2026-02-16 16:10:31.227371,Berlin-a323,-8,38,Normal
2026-02-16 16:10:32.227371,Berlin-a323,50,39,Normal
2026-02-16 16:10:33.227371,Berlin-a323,14,75,Normal
2026-02-16 16:10:34.227371,Berlin-a323,25,71,Normal
2026-02-16 16:10:35.227371,Berlin-a323,9,95,Normal
2026-02-16 16:10:36.227371,Berlin-a323,21,0,Normal
2026-02-16 16:10:37.227371,Berlin-a323,27,73,Normal
2026-02-16 16:10:38.227371,Berlin-a323,14,76,Normal
2026-02-16 16:10:39.227371,Berlin-a323,27,25,Normal
2026-02-16 16:10:40.227371,Berlin-a323,-1,37,Normal
2026-02-16 16:10:41.227371,Berlin-a323,16,50,Normal
2026-02-16 16:10:42.227371,Berlin-a323,20,55,Normal
2026-02-16 16:10:43.227371,Berlin-a323,38,67,Normal
2026-02-16 16:10:44.227371,Berlin-a323,49,68,Normal
2026-02-16 16:10:45.227371,Berlin-a323,-4,23,Normal
2026-02-16 16:10:46.227371,Berlin-a323,-5,20,Normal
2026-02-16 16:10:47.227371,Berlin-a323,14,61,Normal
2026-02-16 16:10:48.227371,Berlin-a323,43,53,Normal
2026-02-16 16:10:49.227371,Berlin-a323,26,33,Normal
2026-02-16 16:10:50.227371,Berlin-a323,27,22,Normal
2026-02-16 16:10:51.227371,Berlin-a323,37,72,Normal
2026-02-16 16:10:52.227371,Berlin-a323,12,76,Normal
2026-02-16 16:10:53.227371,Berlin-a323,32,77,Normal
2026-02-16 16:10:54.227371,Berlin-a323,26,25,Normal
2026-02-16 16:10:55.227371,Berlin-a323,35,100,Normal
2026-02-16 16:10:56.227371,Berlin-a323,-27,49,Normal
2026-02-16 16:10:57.227371,Berlin-a323,-20,40,Normal
2026-02-16 16:10:58.227371,Berlin-a323,42,4,Normal
2026-02-16 16:10:59.227371,Berlin-a323,9,80,Normal
2026-02-16 16:11:00.227371,Berlin-a323,-15,69,Normal
2026-02-16 16:11:01.227371,Berlin-a323,-18,27,Normal
2026-02-16 16:11:02.227371,Berlin-a323,2,14,Normal
2026-02-16 16:11:03.227371,Berlin-a323,-6,27,Normal
2026-02-16 16:11:04.227371,Berlin-a323,25,100,Normal
2026-02-16 16:11:05.227371,Berlin-a323,38,53,Normal
2026-02-16 16:11:06.227371,Berlin-a323,-11,28,Normal
2026-02-16 16:11:07.227371,Berlin-a323,-15,97,Normal
2026-02-16 16:11:08.227371,Berlin-a323,9,97,Normal
2026-02-16 16:11:09.227371,Berlin-a323,17,29,Normal
2026-02-16 16:11:10.227371,Berlin-a323,-27,39,Normal
2026-02-16 16:11:11.227371,Berlin-a323,31,40,Normal
2026-02-16 16:11:12.227371,Berlin-a323,-20,48,Normal
2026-02-16 16:11:13.227371,Berlin-a323,49,61,Normal
2026-02-16 16:11:14.227371,Berlin-a323,35,44,Normal
2026-02-16 16:11:15.227371,Berlin-a323,-4,52,Normal
2026-02-16 16:11:16.227371,Berlin-a323,-14,14,Normal
2026-02-16 16:11:17.227371,Berlin-a323,-1,3,Normal
2026-02-16 16:11:18.227371,Berlin-a323,-3,17,Normal
2026-02-16 16:11:19.227371,Berlin-a323,30,70,Normal
2026-02-16 16:11:20.227371,Berlin-a323,40,4,Normal
2026-02-16 16:11:21.227371,Berlin-a323,19,86,Normal
2026-02-16 16:11:22.227371,Berlin-a323,-29,42,Normal
2026-02-16 16:11:23.227371,Berlin-a323,-25,19,Normal
2026-02-16 16:11:24.227371,Berlin-a323,50,55,Normal
2026-02-16 16:11:25.227371,Berlin-a323,-29,73,Normal
2026-02-16 16:11:26.227371,Berlin-a323,16,24,Normal
2026-02-16 16:11:27.227371,Berlin-a323,46,58,Normal
2026-02-16 16:11:28.227371,Berlin-a323,17,90,Normal
2026-02-16 16:11:29.227371,Berlin-a323,-10,59,Normal
2026-02-16 16:11:30.227371,Berlin-a323,-24,66,Normal
2026-02-16 16:11:31.227371,Berlin-a323,21,17,Normal
2026-02-16 16:11:32.227371,Berlin-a323,17,69,Normal
2026-02-16 16:11:33.227371,Berlin-a323,50,16,Normal
2026-02-16 16:11:34.227371,Berlin-a323,-27,28,Normal
2026-02-16 16:11:35.227371,Berlin-a323,-14,49,Normal
2026-02-16 16:11:36.227371,Berlin-a323,-1,27,Normal
2026-02-16 16:11:37.227371,Berlin-a323,-10,59,Normal
2026-02-16 16:11:38.227371,Berlin-a323,41,28,Normal
2026-02-16 16:11:39.227371,Berlin-a323,-28,52,Normal
2026-02-16 16:11:40.227371,Berlin-a323,6,75,Normal
2026-02-16 16:11:41.227371,Berlin-a323,-2,64,Normal
2026-02-16 16:11:42.227371,Berlin-a323,34,74,Normal
2026-02-16 16:11:43.227371,Berlin-a323,-30,70,Normal
2026-02-16 16:11:44.227371,Berlin-a323,27,93,Normal
2026-02-16 16:11:45.227371,Berlin-a323,16,5,Normal
2026-02-16 16:11:46.227371,Berlin-a323,-5,92,Normal
2026-02-16 16:11:47.227371,Berlin-a323,42,65,Normal
2026-02-16 16:11:48.227371,Berlin-a323,46,77,Normal
2026-02-16 16:11:49.227371,Berlin-a323,36,16,Normal
2026-02-16 16:11:50.227371,Berlin-a323,42,71,Normal
2026-02-16 16:11:51.227371,Berlin-a323,47,57,Normal
2026-02-16 16:11:52.227371,Berlin-a323,31,99,Normal
2026-02-16 16:11:53.227371,Berlin-a323,32,24,Normal
2026-02-16 16:11:54.227371,Berlin-a323,-9,61,Normal
2026-02-16 16:11:55.227371,Berlin-a323,40,67,Normal
2026-02-16 16:11:56.227371,Berlin-a323,-22,19,Normal
2026-02-16 16:11:57.227371,Berlin-a323,3,53,Normal
2026-02-16 16:11:58.227371,Berlin-a323,13,26,Normal
2026-02-16 16:11:59.227371,Berlin-a323,43,16,Normal
2026-02-16 16:12:00.227371,Berlin-a323,0,79,Normal
2026-02-16 16:12:01.227371,Berlin-a323,46,6,Normal
2026-02-16 16:12:02.227371,Berlin-a323,26,79,Normal
2026-02-16 16:12:03.227371,Berlin-a323,25,22,Normal
2026-02-16 16:12:04.227371,Berlin-a323,20,84,Normal
2026-02-16 16:12:05.227371,Berlin-a323,19,87,Normal
2026-02-16 16:12:06.227371,Berlin-a323,36,88,Normal
2026-02-16 16:12:07.227371,Berlin-a323,-3,39,Normal
2026-02-16 16:12:08.227371,Berlin-a323,0,77,Normal
2026-02-16 16:12:09.227371,Berlin-a323,10,34,Normal
2026-02-16 16:12:10.227371,Berlin-a323,25,45,Normal
2026-02-16 16:12:11.227371,Berlin-a323,-15,17,Normal
2026-02-16 16:12:12.227371,Berlin-a323,15,61,Normal
2026-02-16 16:12:13.227371,Berlin-a323,17,74,Normal
2026-02-16 16:12:14.227371,Berlin-a323,-2,28,Normal
2026-02-16 16:12:15.227371,Berlin-a323,-9,19,Normal
2026-02-16 16:12:16.227371,Berlin-a323,-10,14,Normal
2026-02-16 16:12:17.227371,Berlin-a323,0,97,Normal
2026-02-16 16:12:18.227371,Berlin-a323,-1,62,Normal
2026-02-16 16:12:19.227371,Berlin-a323,2,36,Normal
2026-02-16 16:12:20.227371,Berlin-a323,22,67,Normal
2026-02-16 16:12:21.227371,Berlin-a323,-27,85,Normal
2026-02-16 16:12:22.227371,Berlin-a323,18,87,Normal
2026-02-16 16:12:23.227371,Berlin-a323,12,82,Normal
2026-02-16 16:12:24.227371,Berlin-a323,-22,80,Normal
2026-02-16 16:12:25.227371,Berlin-a323,32,47,Normal
2026-02-16 16:12:26.227371,Berlin-a323,-2,22,Normal
2026-02-16 16:12:27.227371,Berlin-a323,33,49,Normal
2026-02-16 16:12:28.227371,Berlin-a323,12,51,Normal
2026-02-16 16:12:29.227371,Berlin-a323,2,4,Normal
2026-02-16 16:12:30.227371,Berlin-a323,-22,30,Normal
2026-02-16 16:12:31.227371,Berlin-a323,-10,72,Normal
2026-02-16 16:12:32.227371,Berlin-a323,1,32,Normal
2026-02-16 16:12:33.227371,Berlin-a323,37,20,Normal
2026-02-16 16:12:34.227371,Berlin-a323,-12,88,Normal
2026-02-16 16:12:35.227371,Berlin-a323,5,7,Normal
2026-02-16 16:12:36.227371,Berlin-a323,18,13,Normal
2026-02-16 16:12:37.227371,Berlin-a323,-1,98,Normal
2026-02-16 16:12:38.227371,Berlin-a323,-24,19,Normal
2026-02-16 16:12:39.227371,Berlin-a323,2,56,Normal
2026-02-16 16:12:40.227371,Berlin-a323,-7,38,Normal
2026-02-16 16:12:41.227371,Berlin-a323,9,56,Normal
2026-02-16 16:12:42.227371,Berlin-a323,-12,23,Normal
2026-02-16 16:12:43.227371,Berlin-a323,-7,41,Normal
2026-02-16 16:12:44.227371,Berlin-a323,42,94,Normal
2026-02-16 16:12:45.227371,Berlin-a323,24,58,Normal
2026-02-16 16:12:46.227371,Berlin-a323,36,22,Normal
2026-02-16 16:12:47.227371,Berlin-a323,-30,56,Normal
2026-02-16 16:12:48.227371,Berlin-a323,-27,14,Normal
2026-02-16 16:12:49.227371,Berlin-a323,34,50,Normal
2026-02-16 16:12:50.227371,Berlin-a323,39,54,Normal
2026-02-16 16:12:51.227371,Berlin-a323,9,70,Normal
2026-02-16 16:12:52.227371,Berlin-a323,-15,95,Normal
2026-02-16 16:12:53.227371,Berlin-a323,38,44,Normal
2026-02-16 16:12:54.227371,Berlin-a323,46,13,Normal
2026-02-16 16:12:55.227371,Berlin-a323,44,5,Normal
2026-02-16 16:12:56.227371,Berlin-a323,-2,60,Normal
2026-02-16 16:12:57.227371,Berlin-a323,29,5,Normal
2026-02-16 16:12:58.227371,Berlin-a323,-3,88,Normal
2026-02-16 16:12:59.227371,Berlin-a323,14,44,Normal
2026-02-16 16:13:00.227371,Berlin-a323,48,88,Normal
2026-02-16 16:13:01.227371,Berlin-a323,46,55,Normal
2026-02-16 16:13:02.227371,Berlin-a323,50,90,Normal
2026-02-16 16:13:03.227371,Berlin-a323,-30,18,Normal
2026-02-16 16:13:04.227371,Berlin-a323,20,71,Normal
2026-02-16 16:13:05.227371,Berlin-a323,17,96,Normal
2026-02-16 16:13:06.227371,Berlin-a323,-21,91,Normal
2026-02-16 16:13:07.227371,Berlin-a323,10,6,Normal
2026-02-16 16:13:08.227371,Berlin-a323,-10,36,Normal
2026-02-16 16:13:09.227371,Berlin-a323,-1,14,Normal
2026-02-16 16:13:10.227371,Berlin-a323,-23,3,Normal
2026-02-16 16:13:11.227371,Berlin-a323,23,82,Normal
2026-02-16 16:13:12.227371,Berlin-a323,-27,58,Normal
2026-02-16 16:13:13.227371,Berlin-a323,22,42,Normal
2026-02-16 16:13:14.227371,Berlin-a323,39,23,Normal
2026-02-16 16:13:15.227371,Berlin-a323,29,89,Normal
2026-02-16 16:13:16.227371,Berlin-a323,22,72,Normal
2026-02-16 16:13:17.227371,Berlin-a323,46,84,Normal
2026-02-16 16:13:18.227371,Berlin-a323,-17,7,Normal
2026-02-16 16:13:19.227371,Berlin-a323,-4,11,Normal
2026-02-16 16:13:20.227371,Berlin-a323,-5,62,Normal
2026-02-16 16:13:21.227371,Berlin-a323,26,31,Normal
2026-02-16 16:13:22.227371,Berlin-a323,45,88,Normal
2026-02-16 16:13:23.227371,Berlin-a323,-28,55,Normal
2026-02-16 16:13:24.227371,Berlin-a323,12,52,Normal
2026-02-16 16:13:25.227371,Berlin-a323,-27,38,Normal
2026-02-16 16:13:26.227371,Berlin-a323,-20,41,Normal
2026-02-16 16:13:27.227371,Berlin-a323,-23,92,Normal
2026-02-16 16:13:28.227371,Berlin-a323,-27,92,Normal
2026-02-16 16:13:29.227371,Berlin-a323,-2,51,Normal
2026-02-16 16:13:30.227371,Berlin-a323,14,30,Normal
2026-02-16 16:13:31.227371,Berlin-a323,11,66,Normal
2026-02-16 16:13:32.227371,Berlin-a323,34,14,Normal
2026-02-16 16:13:33.227371,Berlin-a323,-11,17,Normal
2026-02-16 16:13:34.227371,Berlin-a323,-20,28,Normal
2026-02-16 16:13:35.227371,Berlin-a323,20,35,Normal
2026-02-16 16:13:36.227371,Berlin-a323,35,16,Normal
2026-02-16 16:13:37.227371,Berlin-a323,2,4,Normal
2026-02-16 16:13:38.227371,Berlin-a323,-22,29,Normal
2026-02-16 16:13:39.227371,Berlin-a323,20,83,Normal
2026-02-16 16:13:40.227371,Berlin-a323,-19,95,Normal
2026-02-16 16:13:41.227371,Berlin-a323,41,84,Normal
2026-02-16 16:13:42.227371,Berlin-a323,-1,55,Normal
2026-02-16 16:13:43.227371,Berlin-a323,37,14,Normal
2026-02-16 16:13:44.227371,Berlin-a323,37,14,Normal
2026-02-16 16:13:45.227371,Berlin-a323,0,24,Normal
2026-02-16 16:13:46.227371,Berlin-a323,-16,53,Normal
2026-02-16 16:13:47.227371,Berlin-a323,3,82,Normal
2026-02-16 16:13:48.227371,Berlin-a323,-11,67,Normal
2026-02-16 16:13:49.227371,Berlin-a323,-9,76,Normal
2026-02-16 16:13:50.227371,Berlin-a323,-14,86,Normal
2026-02-16 16:13:51.227371,Berlin-a323,31,97,Normal
2026-02-16 16:13:52.227371,Berlin-a323,-18,64,Normal
2026-02-16 16:13:53.227371,Berlin-a323,17,63,Normal
2026-02-16 16:13:54.227371,Berlin-a323,28,67,Normal
2026-02-16 16:13:55.227371,Berlin-a323,43,63,Normal
2026-02-16 16:13:56.227371,Berlin-a323,35,14,Normal
2026-02-16 16:13:57.227371,Berlin-a323,5,75,Normal
2026-02-16 16:13:58.227371,Berlin-a323,20,18,Normal
2026-02-16 16:13:59.227371,Berlin-a323,28,0,Normal
2026-02-16 16:14:00.227371,Berlin-a323,-7,41,Normal
2026-02-16 16:14:01.227371,Berlin-a323,28,42,Normal
2026-02-16 16:14:02.227371,Berlin-a323,0,74,Normal
2026-02-16 16:14:03.227371,Berlin-a323,-21,5,Normal
2026-02-16 16:14:04.227371,Berlin-a323,28,71,Normal
2026-02-16 16:14:05.227371,Berlin-a323,-8,99,Normal
2026-02-16 16:14:06.227371,Berlin-a323,-7,40,Normal
2026-02-16 16:14:07.227371,Berlin-a323,38,36,Normal
2026-02-16 16:14:08.227371,Berlin-a323,28,46,Normal
2026-02-16 16:14:09.227371,Berlin-a323,27,65,Normal
2026-02-16 16:14:10.227371,Berlin-a323,26,56,Normal
2026-02-16 16:14:11.227371,Berlin-a323,-23,71,Normal
2026-02-16 16:14:12.227371,Berlin-a323,-30,79,Normal
2026-02-16 16:14:13.227371,Berlin-a323,-27,17,Normal
2026-02-16 16:14:14.227371,Berlin-a323,35,33,Normal
2026-02-16 16:14:15.227371,Berlin-a323,22,71,Normal
2026-02-16 16:14:16.227371,Berlin-a323,34,73,Normal
2026-02-16 16:14:17.227371,Berlin-a323,36,83,Normal
2026-02-16 16:14:18.227371,Berlin-a323,-8,32,Normal
2026-02-16 16:14:19.227371,Berlin-a323,-6,34,Normal
2026-02-16 16:14:20.227371,Berlin-a323,24,24,Normal
2026-02-16 16:14:21.227371,Berlin-a323,5,65,Normal
2026-02-16 16:14:22.227371,Berlin-a323,11,10,Normal
2026-02-16 16:14:23.227371,Berlin-a323,-3,40,Normal
2026-02-16 16:14:24.227371,Berlin-a323,-12,49,Normal
2026-02-16 16:14:25.227371,Berlin-a323,-30,3,Normal
2026-02-16 16:14:26.227371,Berlin-a323,-12,24,Normal
2026-02-16 16:14:27.227371,Berlin-a323,-11,77,Normal
2026-02-16 16:14:28.227371,Berlin-a323,13,81,Normal
2026-02-16 16:14:29.227371,Berlin-a323,-17,96,Normal
2026-02-16 16:14:30.227371,Berlin-a323,38,19,Normal
2026-02-16 16:14:31.227371,Berlin-a323,32,69,Normal
2026-02-16 16:14:32.227371,Berlin-a323,-29,64,Normal
2026-02-16 16:14:33.227371,Berlin-a323,17,17,Normal
2026-02-16 16:14:34.227371,Berlin-a323,9,60,Normal
2026-02-16 16:14:35.227371,Berlin-a323,14,3,Normal
2026-02-16 16:14:36.227371,Berlin-a323,48,81,Normal
2026-02-16 16:14:37.227371,Berlin-a323,15,29,Normal
2026-02-16 16:14:38.227371,Berlin-a323,33,90,Normal
2026-02-16 16:14:39.227371,Berlin-a323,0,37,Normal
2026-02-16 16:14:40.227371,Berlin-a323,31,13,Normal
2026-02-16 16:14:41.227371,Berlin-a323,3,55,Normal
2026-02-16 16:14:42.227371,Berlin-a323,-6,3,Normal
2026-02-16 16:14:43.227371,Berlin-a323,-2,63,Normal
2026-02-16 16:14:44.227371,Berlin-a323,29,32,Normal
2026-02-16 16:14:45.227371,Berlin-a323,-30,78,Normal
2026-02-16 16:14:46.227371,Berlin-a323,30,8,Normal
2026-02-16 16:14:47.227371,Berlin-a323,26,5,Normal
2026-02-16 16:14:48.227371,Berlin-a323,15,79,Normal
2026-02-16 16:14:49.227371,Berlin-a323,46,21,Normal
2026-02-16 16:14:50.227371,Berlin-a323,-5,61,Normal
2026-02-16 16:14:51.227371,Berlin-a323,18,53,Normal
2026-02-16 16:14:52.227371,Berlin-a323,-14,25,Normal
2026-02-16 16:14:53.227371,Berlin-a323,26,13,Normal
2026-02-16 16:14:54.227371,Berlin-a323,32,77,Normal
2026-02-16 16:14:55.227371,Berlin-a323,18,10,Normal
2026-02-16 16:14:56.227371,Berlin-a323,22,40,Normal
2026-02-16 16:14:57.227371,Berlin-a323,-26,97,Normal
2026-02-16 16:14:58.227371,Berlin-a323,-11,19,Normal
2026-02-16 16:14:59.227371,Berlin-a323,13,31,Normal
2026-02-16 16:15:00.227371,Berlin-a323,47,51,Normal
2026-02-16 16:15:01.227371,Berlin-a323,25,86,Normal
2026-02-16 16:15:02.227371,Berlin-a323,46,94,Normal
2026-02-16 16:15:03.227371,Berlin-a323,-23,77,Normal
2026-02-16 16:15:04.227371,Berlin-a323,30,70,Normal
2026-02-16 16:15:05.227371,Berlin-a323,50,40,Normal
2026-02-16 16:15:06.227371,Berlin-a323,-3,15,Normal
2026-02-16 16:15:07.227371,Berlin-a323,14,4,Normal
2026-02-16 16:15:08.227371,Berlin-a323,-9,68,Normal
2026-02-16 16:15:09.227371,Berlin-a323,26,16,Normal
2026-02-16 16:15:10.227371,Berlin-a323,-17,32,Normal
2026-02-16 16:15:11.227371,Berlin-a323,-18,27,Normal
2026-02-16 16:15:12.227371,Berlin-a323,43,58,Normal
2026-02-16 16:15:13.227371,Berlin-a323,-1,2,Normal
2026-02-16 16:15:14.227371,Berlin-a323,35,86,Normal
2026-02-16 16:15:15.227371,Berlin-a323,22,18,Normal
2026-02-16 16:15:16.227371,Berlin-a323,19,29,Normal
2026-02-16 16:15:17.227371,Berlin-a323,-3,81,Normal
2026-02-16 16:15:18.227371,Berlin-a323,47,30,Normal
2026-02-16 16:15:19.227371,Berlin-a323,42,44,Normal
2026-02-16 16:15:20.227371,Berlin-a323,-4,21,Normal
2026-02-16 16:15:21.227371,Berlin-a323,-18,58,Normal
2026-02-16 16:15:22.227371,Berlin-a323,11,38,Normal
2026-02-16 16:15:23.227371,Berlin-a323,24,98,Normal
2026-02-16 16:15:24.227371,Berlin-a323,13,42,Normal
2026-02-16 16:15:25.227371,Berlin-a323,5,87,Normal
2026-02-16 16:15:26.227371,Berlin-a323,44,32,Normal
2026-02-16 16:15:27.227371,Berlin-a323,-2,67,Normal
2026-02-16 16:15:28.227371,Berlin-a323,-3,62,Normal
2026-02-16 16:15:29.227371,Berlin-a323,13,90,Normal
2026-02-16 16:15:30.227371,Berlin-a323,-4,17,Normal
2026-02-16 16:15:31.227371,Berlin-a323,32,14,Normal
2026-02-16 16:15:32.227371,Berlin-a323,22,30,Normal
2026-02-16 16:15:33.227371,Berlin-a323,23,44,Normal
2026-02-16 16:15:34.227371,Berlin-a323,-20,3,Normal
2026-02-16 16:15:35.227371,Berlin-a323,11,84,Normal
2026-02-16 16:15:36.227371,Berlin-a323,35,15,Normal
2026-02-16 16:15:37.227371,Berlin-a323,2,52,Normal
2026-02-16 16:15:38.227371,Berlin-a323,-26,72,Normal
2026-02-16 16:15:39.227371,Berlin-a323,-20,89,Normal
2026-02-16 16:15:40.227371,Berlin-a323,19,14,Normal
2026-02-16 16:15:41.227371,Berlin-a323,48,67,Normal
2026-02-16 16:15:42.227371,Berlin-a323,-12,32,Normal
2026-02-16 16:15:43.227371,Berlin-a323,35,7,Normal
2026-02-16 16:15:44.227371,Berlin-a323,6,32,Normal
2026-02-16 16:15:45.227371,Berlin-a323,-13,44,Normal
2026-02-16 16:15:46.227371,Berlin-a323,-25,65,Normal
2026-02-16 16:15:47.227371,Berlin-a323,-26,36,Normal
2026-02-16 16:15:48.227371,Berlin-a323,17,20,Normal
2026-02-16 16:15:49.227371,Berlin-a323,-11,38,Normal
2026-02-16 16:15:50.227371,Berlin-a323,34,41,Normal
2026-02-16 16:15:51.227371,Berlin-a323,45,23,Normal
2026-02-16 16:15:52.227371,Berlin-a323,16,18,Normal
2026-02-16 16:15:53.227371,Berlin-a323,50,68,Normal
2026-02-16 16:15:54.227371,Berlin-a323,39,88,Normal
2026-02-16 16:15:55.227371,Berlin-a323,-10,87,Normal
2026-02-16 16:15:56.227371,Berlin-a323,-30,62,Normal
2026-02-16 16:15:57.227371,Berlin-a323,7,57,Normal
2026-02-16 16:15:58.227371,Berlin-a323,48,56,Normal
2026-02-16 16:15:59.227371,Berlin-a323,-14,99,Normal
2026-02-16 16:16:00.227371,Berlin-a323,-1,33,Normal
2026-02-16 16:16:01.227371,Berlin-a323,12,62,Normal
2026-02-16 16:16:02.227371,Berlin-a323,17,89,Normal
2026-02-16 16:16:03.227371,Berlin-a323,45,40,Normal
2026-02-16 16:16:04.227371,Berlin-a323,-4,15,Normal
2026-02-16 16:16:05.227371,Berlin-a323,42,44,Normal
2026-02-16 16:16:06.227371,Berlin-a323,44,37,Normal
2026-02-16 16:16:07.227371,Berlin-a323,26,7,Normal
2026-02-16 16:16:08.227371,Berlin-a323,-20,94,Normal
2026-02-16 16:16:09.227371,Berlin-a323,26,84,Normal
2026-02-16 16:16:10.227371,Berlin-a323,23,57,Normal
2026-02-16 16:16:11.227371,Berlin-a323,-9,29,Normal
2026-02-16 16:16:12.227371,Berlin-a323,-7,39,Normal
2026-02-16 16:16:13.227371,Berlin-a323,-28,75,Normal
2026-02-16 16:16:14.227371,Berlin-a323,43,33,Normal
2026-02-16 16:16:15.227371,Berlin-a323,-30,90,Normal
2026-02-16 16:16:16.227371,Berlin-a323,21,85,Normal
2026-02-16 16:16:17.227371,Berlin-a323,0,100,Normal
2026-02-16 16:16:18.227371,Berlin-a323,18,94,Normal
2026-02-16 16:16:19.227371,Berlin-a323,32,79,Normal
2026-02-16 16:16:20.227371,Berlin-a323,-18,52,Normal
2026-02-16 16:16:21.227371,Berlin-a323,42,30,Normal
2026-02-16 16:16:22.227371,Berlin-a323,37,89,Normal
2026-02-16 16:16:23.227371,Berlin-a323,11,76,Normal
2026-02-16 16:16:24.227371,Berlin-a323,13,58,Normal
2026-02-16 16:16:25.227371,Berlin-a323,29,99,Normal
2026-02-16 16:16:26.227371,Berlin-a323,-28,58,Normal
2026-02-16 16:16:27.227371,Berlin-a323,3,68,Normal
2026-02-16 16:16:28.227371,Berlin-a323,-18,74,Normal
2026-02-16 16:16:29.227371,Berlin-a323,-19,6,Normal
2026-02-16 16:16:30.227371,Berlin-a323,-27,54,Normal
2026-02-16 16:16:31.227371,Berlin-a323,39,20,Normal
2026-02-16 16:16:32.227371,Berlin-a323,43,21,Normal
2026-02-16 16:16:33.227371,Berlin-a323,35,3,Normal
2026-02-16 16:16:34.227371,Berlin-a323,34,18,Normal
2026-02-16 16:16:35.227371,Berlin-a323,20,91,Normal
2026-02-16 16:16:36.227371,Berlin-a323,23,85,Normal
2026-02-16 16:16:37.227371,Berlin-a323,43,95,Normal
2026-02-16 16:16:38.227371,Berlin-a323,41,93,Normal
2026-02-16 16:16:39.227371,Berlin-a323,40,21,Normal
2026-02-16 16:16:40.227371,Berlin-a323,12,24,Normal
2026-02-16 16:16:41.227371,Berlin-a323,-22,82,Normal
2026-02-16 16:16:42.227371,Berlin-a323,-21,24,Normal
2026-02-16 16:16:43.227371,Berlin-a323,18,78,Normal
2026-02-16 16:16:44.227371,Berlin-a323,-26,6,Normal
2026-02-16 16:16:45.227371,Berlin-a323,6,82,Normal
2026-02-16 16:16:46.227371,Berlin-a323,16,67,Normal
2026-02-16 16:16:47.227371,Berlin-a323,-1,2,Normal
2026-02-16 16:16:48.227371,Berlin-a323,44,89,Normal
2026-02-16 16:16:49.227371,Berlin-a323,-20,4,Normal
2026-02-16 16:16:50.227371,Berlin-a323,42,61,Normal
2026-02-16 16:16:51.227371,Berlin-a323,45,26,Normal
2026-02-16 16:16:52.227371,Berlin-a323,-28,87,Normal
2026-02-16 16:16:53.227371,Berlin-a323,45,84,Normal
2026-02-16 16:16:54.227371,Berlin-a323,33,66,Normal
2026-02-16 16:16:55.227371,Berlin-a323,-16,79,Normal
2026-02-16 16:16:56.227371,Berlin-a323,-16,64,Normal
2026-02-16 16:16:57.227371,Berlin-a323,27,1,Normal
2026-02-16 16:16:58.227371,Berlin-a323,50,85,Normal
2026-02-16 16:16:59.227371,Berlin-a323,22,76,Normal
2026-02-16 16:17:00.227371,Berlin-a323,-11,40,Normal
2026-02-16 16:17:01.227371,Berlin-a323,40,82,Normal
2026-02-16 16:17:02.227371,Berlin-a323,25,54,Normal
2026-02-16 16:17:03.227371,Berlin-a323,0,69,Normal
2026-02-16 16:17:04.227371,Berlin-a323,-6,61,Normal
2026-02-16 16:17:05.227371,Berlin-a323,-21,1,Normal
2026-02-16 16:17:06.227371,Berlin-a323,49,62,Normal
2026-02-16 16:17:07.227371,Berlin-a323,30,20,Normal
2026-02-16 16:17:08.227371,Berlin-a323,-8,85,Normal
2026-02-16 16:17:09.227371,Berlin-a323,43,61,Normal
2026-02-16 16:17:10.227371,Berlin-a323,18,4,Normal
2026-02-16 16:17:11.227371,Berlin-a323,15,83,Normal
2026-02-16 16:17:12.227371,Berlin-a323,30,21,Normal
2026-02-16 16:17:13.227371,Berlin-a323,20,37,Normal
2026-02-16 16:17:14.227371,Berlin-a323,15,45,Normal
2026-02-16 16:17:15.227371,Berlin-a323,31,5,Normal
2026-02-16 16:17:16.227371,Berlin-a323,9,50,Normal
2026-02-16 16:17:17.227371,Berlin-a323,-28,40,Normal
2026-02-16 16:17:18.227371,Berlin-a323,34,90,Normal
2026-02-16 16:17:19.227371,Berlin-a323,9,4,Normal
2026-02-16 16:17:20.227371,Berlin-a323,-21,86,Normal
2026-02-16 16:17:21.227371,Berlin-a323,47,87,Normal
2026-02-16 16:17:22.227371,Berlin-a323,35,78,Normal
2026-02-16 16:17:23.227371,Berlin-a323,43,53,Normal
2026-02-16 16:17:24.227371,Berlin-a323,-30,72,Normal
2026-02-16 16:17:25.227371,Berlin-a323,-18,50,Normal
2026-02-16 16:17:26.227371,Berlin-a323,-21,70,Normal
2026-02-16 16:17:27.227371,Berlin-a323,27,26,Normal
2026-02-16 16:17:28.227371,Berlin-a323,10,72,Normal
2026-02-16 16:17:29.227371,Berlin-a323,-28,11,Normal
2026-02-16 16:17:30.227371,Berlin-a323,6,12,Normal
2026-02-16 16:17:31.227371,Berlin-a323,-13,27,Normal
2026-02-16 16:17:32.227371,Berlin-a323,11,47,Normal
2026-02-16 16:17:33.227371,Berlin-a323,28,60,Normal
2026-02-16 16:17:34.227371,Berlin-a323,13,51,Normal
2026-02-16 16:17:35.227371,Berlin-a323,49,33,Normal
2026-02-16 16:17:36.227371,Berlin-a323,4,80,Normal
2026-02-16 16:17:37.227371,Berlin-a323,-5,70,Normal
2026-02-16 16:17:38.227371,Berlin-a323,15,8,Normal
2026-02-16 16:17:39.227371,Berlin-a323,-2,93,Normal
2026-02-16 16:17:40.227371,Berlin-a323,33,38,Normal
2026-02-16 16:17:41.227371,Berlin-a323,-29,28,Normal
2026-02-16 16:17:42.227371,Berlin-a323,18,78,Normal
2026-02-16 16:17:43.227371,Berlin-a323,45,6,Normal
2026-02-16 16:17:44.227371,Berlin-a323,18,12,Normal
2026-02-16 16:17:45.227371,Berlin-a323,18,40,Normal
2026-02-16 16:17:46.227371,Berlin-a323,-26,83,Normal
2026-02-16 16:17:47.227371,Berlin-a323,0,35,Normal
2026-02-16 16:17:48.227371,Berlin-a323,-15,76,Normal
2026-02-16 16:17:49.227371,Berlin-a323,39,53,Normal
2026-02-16 16:17:50.227371,Berlin-a323,-22,29,Normal
2026-02-16 16:17:51.227371,Berlin-a323,-16,16,Normal
2026-02-16 16:17:52.227371,Berlin-a323,30,15,Normal
2026-02-16 16:17:53.227371,Berlin-a323,-21,56,Normal
2026-02-16 16:17:54.227371,Berlin-a323,-28,78,Normal
2026-02-16 16:17:55.227371,Berlin-a323,1,72,Normal
2026-02-16 16:17:56.227371,Berlin-a323,1,55,Normal
2026-02-16 16:17:57.227371,Berlin-a323,33,43,Normal
2026-02-16 16:17:58.227371,Berlin-a323,37,24,Normal
2026-02-16 16:17:59.227371,Berlin-a323,11,21,Normal
2026-02-16 16:18:00.227371,Berlin-a323,29,74,Normal
2026-02-16 16:18:01.227371,Berlin-a323,12,94,Normal
2026-02-16 16:18:02.227371,Berlin-a323,49,94,Normal
2026-02-16 16:18:03.227371,Berlin-a323,41,95,Normal
2026-02-16 16:18:04.227371,Berlin-a323,-25,34,Normal
2026-02-16 16:18:05.227371,Berlin-a323,-24,58,Normal
2026-02-16 16:18:06.227371,Berlin-a323,-4,31,Normal
2026-02-16 16:18:07.227371,Berlin-a323,47,16,Normal
2026-02-16 16:18:08.227371,Berlin-a323,-19,12,Normal
2026-02-16 16:18:09.227371,Berlin-a323,41,56,Normal
2026-02-16 16:18:10.227371,Berlin-a323,14,29,Normal
2026-02-16 16:18:11.227371,Berlin-a323,-12,80,Normal
2026-02-16 16:18:12.227371,Berlin-a323,2,90,Normal
2026-02-16 16:18:13.227371,Berlin-a323,30,33,Normal
2026-02-16 16:18:14.227371,Berlin-a323,-17,84,Normal
2026-02-16 16:18:15.227371,Berlin-a323,50,90,Normal
2026-02-16 16:18:16.227371,Berlin-a323,13,65,Normal
2026-02-16 16:18:17.227371,Berlin-a323,45,5,Normal
2026-02-16 16:18:18.227371,Berlin-a323,-24,21,Normal
2026-02-16 16:18:19.227371,Berlin-a323,28,81,Normal
2026-02-16 16:18:20.227371,Berlin-a323,28,32,Normal
2026-02-16 16:18:21.227371,Berlin-a323,-21,86,Normal
2026-02-16 16:18:22.227371,Berlin-a323,22,53,Normal
2026-02-16 16:18:23.227371,Berlin-a323,-8,86,Normal
2026-02-16 16:18:24.227371,Berlin-a323,11,49,Normal
2026-02-16 16:18:25.227371,Berlin-a323,-11,55,Normal
2026-02-16 16:18:26.227371,Berlin-a323,45,52,Normal
2026-02-16 16:18:27.227371,Berlin-a323,41,21,Normal
2026-02-16 16:18:28.227371,Berlin-a323,31,52,Normal
2026-02-16 16:18:29.227371,Berlin-a323,12,83,Normal
2026-02-16 16:18:30.227371,Berlin-a323,17,93,Normal
2026-02-16 16:18:31.227371,Berlin-a323,16,67,Normal
2026-02-16 16:18:32.227371,Berlin-a323,38,87,Normal
2026-02-16 16:18:33.227371,Berlin-a323,29,47,Normal
2026-02-16 16:18:34.227371,Berlin-a323,38,20,Normal
2026-02-16 16:18:35.227371,Berlin-a323,29,28,Normal
2026-02-16 16:18:36.227371,Berlin-a323,41,11,Normal
2026-02-16 16:18:37.227371,Berlin-a323,30,86,Normal
2026-02-16 16:18:38.227371,Berlin-a323,-10,33,Normal
2026-02-16 16:18:39.227371,Berlin-a323,-12,53,Normal
2026-02-16 16:18:40.227371,Berlin-a323,-6,27,Normal
2026-02-16 16:18:41.227371,Berlin-a323,40,78,Normal
2026-02-16 16:18:42.227371,Berlin-a323,-22,3,Normal
2026-02-16 16:18:43.227371,Berlin-a323,-21,33,Normal
2026-02-16 16:18:44.227371,Berlin-a323,-4,9,Normal
2026-02-16 16:18:45.227371,Berlin-a323,29,45,Normal
2026-02-16 16:18:46.227371,Berlin-a323,-13,48,Normal
2026-02-16 16:18:47.227371,Berlin-a323,12,56,Normal
2026-02-16 16:18:48.227371,Berlin-a323,-12,4,Normal
2026-02-16 16:18:49.227371,Berlin-a323,10,21,Normal
2026-02-16 16:18:50.227371,Berlin-a323,35,93,Normal
2026-02-16 16:18:51.227371,Berlin-a323,-14,70,Normal
2026-02-16 16:18:52.227371,Berlin-a323,-25,44,Normal
2026-02-16 16:18:53.227371,Berlin-a323,42,10,Normal
2026-02-16 16:18:54.227371,Berlin-a323,8,70,Normal
2026-02-16 16:18:55.227371,Berlin-a323,-25,39,Normal
2026-02-16 16:18:56.227371,Berlin-a323,29,94,Normal
2026-02-16 16:18:57.227371,Berlin-a323,-18,90,Normal
2026-02-16 16:18:58.227371,Berlin-a323,-7,70,Normal
2026-02-16 16:18:59.227371,Berlin-a323,48,7,Normal
2026-02-16 16:19:00.227371,Berlin-a323,20,91,Normal
2026-02-16 16:19:01.227371,Berlin-a323,-6,55,Normal
2026-02-16 16:19:02.227371,Berlin-a323,37,52,Normal
2026-02-16 16:19:03.227371,Berlin-a323,50,15,Normal
2026-02-16 16:19:04.227371,Berlin-a323,34,69,Normal
2026-02-16 16:19:05.227371,Berlin-a323,-7,45,Normal
2026-02-16 16:19:06.227371,Berlin-a323,20,61,Normal
2026-02-16 16:19:07.227371,Berlin-a323,48,89,Normal
2026-02-16 16:19:08.227371,Berlin-a323,29,46,Normal
2026-02-16 16:19:09.227371,Berlin-a323,38,94,Normal
2026-02-16 16:19:10.227371,Berlin-a323,38,48,Normal
2026-02-16 16:19:11.227371,Berlin-a323,14,37,Normal
2026-02-16 16:19:12.227371,Berlin-a323,-10,28,Normal
2026-02-16 16:19:13.227371,Berlin-a323,8,25,Normal
2026-02-16 16:19:14.227371,Berlin-a323,5,81,Normal
2026-02-16 16:19:15.227371,Berlin-a323,-15,32,Normal
2026-02-16 16:19:16.227371,Berlin-a323,-19,25,Normal
2026-02-16 16:19:17.227371,Berlin-a323,-24,99,Normal
2026-02-16 16:19:18.227371,Berlin-a323,35,43,Normal
2026-02-16 16:19:19.227371,Berlin-a323,-5,92,Normal
2026-02-16 16:19:20.227371,Berlin-a323,27,44,Normal
2026-02-16 16:19:21.227371,Berlin-a323,7,69,Normal
2026-02-16 16:19:22.227371,Berlin-a323,-22,74,Normal
2026-02-16 16:19:23.227371,Berlin-a323,1,7,Normal
2026-02-16 16:19:24.227371,Berlin-a323,19,60,Normal
2026-02-16 16:19:25.227371,Berlin-a323,-13,60,Normal
2026-02-16 16:19:26.227371,Berlin-a323,17,61,Normal
2026-02-16 16:19:27.227371,Berlin-a323,17,61,Normal
2026-02-16 16:19:28.227371,Berlin-a323,-12,58,Normal
2026-02-16 16:19:29.227371,Berlin-a323,1,91,Normal
2026-02-16 16:19:30.227371,Berlin-a323,23,36,Normal
2026-02-16 16:19:31.227371,Berlin-a323,2,86,Normal
2026-02-16 16:19:32.227371,Berlin-a323,19,10,Normal
2026-02-16 16:19:33.227371,Berlin-a323,-29,32,Normal
2026-02-16 16:19:34.227371,Berlin-a323,-11,98,Normal
2026-02-16 16:19:35.227371,Berlin-a323,-28,53,Normal
2026-02-16 16:19:36.227371,Berlin-a323,15,84,Normal
2026-02-16 16:19:37.227371,Berlin-a323,48,73,Normal
2026-02-16 16:19:38.227371,Berlin-a323,11,48,Normal
2026-02-16 16:19:39.227371,Berlin-a323,40,83,Normal
2026-02-16 16:19:40.227371,Berlin-a323,34,42,Normal
2026-02-16 16:19:41.227371,Berlin-a323,27,24,Normal
2026-02-16 16:19:42.227371,Berlin-a323,-10,87,Normal
2026-02-16 16:19:43.227371,Berlin-a323,30,64,Normal
2026-02-16 16:19:44.227371,Berlin-a323,16,16,Normal
2026-02-16 16:19:45.227371,Berlin-a323,-8,74,Normal
2026-02-16 16:19:46.227371,Berlin-a323,21,46,Normal
2026-02-16 16:19:47.227371,Berlin-a323,-19,30,Normal
2026-02-16 16:19:48.227371,Berlin-a323,26,55,Normal
2026-02-16 16:19:49.227371,Berlin-a323,-2,49,Normal
2026-02-16 16:19:50.227371,Berlin-a323,19,77,Normal
2026-02-16 16:19:51.227371,Berlin-a323,26,75,Normal
2026-02-16 16:19:52.227371,Berlin-a323,37,100,Normal
2026-02-16 16:19:53.227371,Berlin-a323,-5,87,Normal
2026-02-16 16:19:54.227371,Berlin-a323,-3,40,Normal
2026-02-16 16:19:55.227371,Berlin-a323,27,84,Normal
2026-02-16 16:19:56.227371,Berlin-a323,43,35,Normal
2026-02-16 16:19:57.227371,Berlin-a323,-14,65,Normal
2026-02-16 16:19:58.227371,Berlin-a323,12,39,Normal
2026-02-16 16:19:59.227371,Berlin-a323,36,62,Normal
2026-02-16 16:20:00.227371,Berlin-a323,29,67,Normal
2026-02-16 16:20:01.227371,Berlin-a323,15,91,Normal
2026-02-16 16:20:02.227371,Berlin-a323,38,89,Normal
2026-02-16 16:20:03.227371,Berlin-a323,-14,59,Normal
2026-02-16 16:20:04.227371,Berlin-a323,42,1,Normal
2026-02-16 16:20:05.227371,Berlin-a323,22,49,Normal
2026-02-16 16:20:06.227371,Berlin-a323,-20,36,Normal
2026-02-16 16:20:07.227371,Berlin-a323,16,11,Normal
2026-02-16 16:20:08.227371,Berlin-a323,28,21,Normal
2026-02-16 16:20:09.227371,Berlin-a323,0,58,Normal
2026-02-16 16:20:10.227371,Berlin-a323,10,80,Normal
2026-02-16 16:20:11.227371,Berlin-a323,-7,31,Normal
2026-02-16 16:20:12.227371,Berlin-a323,-9,43,Normal
2026-02-16 16:20:13.227371,Berlin-a323,-17,82,Normal
2026-02-16 16:20:14.227371,Berlin-a323,38,29,Normal
2026-02-16 16:20:15.227371,Berlin-a323,7,73,Normal
2026-02-16 16:20:16.227371,Berlin-a323,19,52,Normal
2026-02-16 16:20:17.227371,Berlin-a323,10,5,Normal
2026-02-16 16:20:18.227371,Berlin-a323,29,35,Normal
2026-02-16 16:20:19.227371,Berlin-a323,-25,35,Normal
2026-02-16 16:20:20.227371,Berlin-a323,-21,94,Normal
2026-02-16 16:20:21.227371,Berlin-a323,-28,91,Normal
2026-02-16 16:20:22.227371,Berlin-a323,-13,82,Normal
2026-02-16 16:20:23.227371,Berlin-a323,30,72,Normal
2026-02-16 16:20:24.227371,Berlin-a323,-4,24,Normal
2026-02-16 16:20:25.227371,Berlin-a323,14,17,Normal
2026-02-16 16:20:26.227371,Berlin-a323,-23,37,Normal
2026-02-16 16:20:27.227371,Berlin-a323,7,52,Normal
2026-02-16 16:20:28.227371,Berlin-a323,8,37,Normal
2026-02-16 16:20:29.227371,Berlin-a323,-20,91,Normal
2026-02-16 16:20:30.227371,Berlin-a323,47,43,Normal
2026-02-16 16:20:31.227371,Berlin-a323,-19,17,Normal
2026-02-16 16:20:32.227371,Berlin-a323,34,43,Normal
2026-02-16 16:20:33.227371,Berlin-a323,6,9,Normal
2026-02-16 16:20:34.227371,Berlin-a323,40,23,Normal
2026-02-16 16:20:35.227371,Berlin-a323,17,38,Normal
2026-02-16 16:20:36.227371,Berlin-a323,49,14,Normal
2026-02-16 16:20:37.227371,Berlin-a323,-19,93,Normal
2026-02-16 16:20:38.227371,Berlin-a323,-11,78,Normal
2026-02-16 16:20:39.227371,Berlin-a323,24,98,Normal
2026-02-16 16:20:40.227371,Berlin-a323,4,50,Normal
2026-02-16 16:20:41.227371,Berlin-a323,-1,96,Normal
2026-02-16 16:20:42.227371,Berlin-a323,6,10,Normal
2026-02-16 16:20:43.227371,Berlin-a323,-4,11,Normal
2026-02-16 16:20:44.227371,Berlin-a323,-7,76,Normal
2026-02-16 16:20:45.227371,Berlin-a323,34,90,Normal
2026-02-16 16:20:46.227371,Berlin-a323,21,14,Normal
2026-02-16 16:20:47.227371,Berlin-a323,48,28,Normal
2026-02-16 16:20:48.227371,Berlin-a323,33,99,Normal
2026-02-16 16:20:49.227371,Berlin-a323,6,6,Normal
2026-02-16 16:20:50.227371,Berlin-a323,16,45,Normal
2026-02-16 16:20:51.227371,Berlin-a323,8,64,Normal
2026-02-16 16:20:52.227371,Berlin-a323,-11,82,Normal
2026-02-16 16:20:53.227371,Berlin-a323,35,13,Normal
2026-02-16 16:20:54.227371,Berlin-a323,19,43,Normal
2026-02-16 16:20:55.227371,Berlin-a323,-8,76,Normal
2026-02-16 16:20:56.227371,Berlin-a323,3,87,Normal
2026-02-16 16:20:57.227371,Berlin-a323,39,16,Normal
2026-02-16 16:20:58.227371,Berlin-a323,28,76,Normal
2026-02-16 16:20:59.227371,Berlin-a323,38,91,Normal
2026-02-16 16:21:00.227371,Berlin-a323,47,69,Normal
2026-02-16 16:21:01.227371,Berlin-a323,0,12,Normal
2026-02-16 16:21:02.227371,Berlin-a323,17,86,Normal
2026-02-16 16:21:03.227371,Berlin-a323,28,91,Normal
2026-02-16 16:21:04.227371,Berlin-a323,5,95,Normal
2026-02-16 16:21:05.227371,Berlin-a323,12,54,Normal
2026-02-16 16:21:06.227371,Berlin-a323,8,38,Normal
2026-02-16 16:21:07.227371,Berlin-a323,30,61,Normal
2026-02-16 16:21:08.227371,Berlin-a323,22,84,Normal
2026-02-16 16:21:09.227371,Berlin-a323,47,90,Normal
2026-02-16 16:21:10.227371,Berlin-a323,-27,3,Normal
2026-02-16 16:21:11.227371,Berlin-a323,-27,75,Normal
2026-02-16 16:21:12.227371,Berlin-a323,-2,85,Normal
2026-02-16 16:21:13.227371,Berlin-a323,27,24,Normal
2026-02-16 16:21:14.227371,Berlin-a323,-15,2,Normal
2026-02-16 16:21:15.227371,Berlin-a323,-23,54,Normal
2026-02-16 16:21:16.227371,Berlin-a323,10,89,Normal
2026-02-16 16:21:17.227371,Berlin-a323,-13,26,Normal
2026-02-16 16:21:18.227371,Berlin-a323,33,6,Normal
2026-02-16 16:21:19.227371,Berlin-a323,27,50,Normal
2026-02-16 16:21:20.227371,Berlin-a323,21,49,Normal
2026-02-16 16:21:21.227371,Berlin-a323,-13,27,Normal
2026-02-16 16:21:22.227371,Berlin-a323,-7,88,Normal
2026-02-16 16:21:23.227371,Berlin-a323,30,96,Normal
2026-02-16 16:21:24.227371,Berlin-a323,-1,75,Normal
2026-02-16 16:21:25.227371,Berlin-a323,27,43,Normal
2026-02-16 16:21:26.227371,Berlin-a323,10,81,Normal
2026-02-16 16:21:27.227371,Berlin-a323,-2,23,Normal
2026-02-16 16:21:28.227371,Berlin-a323,42,58,Normal
2026-02-16 16:21:29.227371,Berlin-a323,19,22,Normal
2026-02-16 16:21:30.227371,Berlin-a323,-12,30,Normal
2026-02-16 16:21:31.227371,Berlin-a323,26,28,Normal
2026-02-16 16:21:32.227371,Berlin-a323,-6,36,Normal
2026-02-16 16:21:33.227371,Berlin-a323,30,46,Normal
2026-02-16 16:21:34.227371,Berlin-a323,13,96,Normal
2026-02-16 16:21:35.227371,Berlin-a323,-11,44,Normal
2026-02-16 16:21:36.227371,Berlin-a323,15,53,Normal
2026-02-16 16:21:37.227371,Berlin-a323,49,71,Normal
2026-02-16 16:21:38.227371,Berlin-a323,-3,72,Normal
2026-02-16 16:21:39.227371,Berlin-a323,49,87,Normal
2026-02-16 16:21:40.227371,Berlin-a323,36,92,Normal
2026-02-16 16:21:41.227371,Berlin-a323,10,17,Normal
2026-02-16 16:21:42.227371,Berlin-a323,25,42,Normal
2026-02-16 16:21:43.227371,Berlin-a323,1,19,Normal
2026-02-16 16:21:44.227371,Berlin-a323,20,83,Normal
2026-02-16 16:21:45.227371,Berlin-a323,-21,79,Normal
2026-02-16 16:21:46.227371,Berlin-a323,3,27,Normal
2026-02-16 16:21:47.227371,Berlin-a323,-16,16,Normal
2026-02-16 16:21:48.227371,Berlin-a323,40,59,Normal
2026-02-16 16:21:49.227371,Berlin-a323,-28,43,Normal
2026-02-16 16:21:50.227371,Berlin-a323,3,92,Normal
2026-02-16 16:21:51.227371,Berlin-a323,-18,88,Normal
2026-02-16 16:21:52.227371,Berlin-a323,-29,47,Normal
2026-02-16 16:21:53.227371,Berlin-a323,45,49,Normal
2026-02-16 16:21:54.227371,Berlin-a323,40,84,Normal
2026-02-16 16:21:55.227371,Berlin-a323,-6,12,Normal
2026-02-16 16:21:56.227371,Berlin-a323,1,42,Normal
2026-02-16 16:21:57.227371,Berlin-a323,42,16,Normal
2026-02-16 16:21:58.227371,Berlin-a323,33,75,Normal
2026-02-16 16:21:59.227371,Berlin-a323,-3,31,Normal
2026-02-16 16:22:00.227371,Berlin-a323,-14,21,Normal
2026-02-16 16:22:01.227371,Berlin-a323,-26,77,Normal
2026-02-16 16:22:02.227371,Berlin-a323,9,79,Normal
2026-02-16 16:22:03.227371,Berlin-a323,41,61,Normal
2026-02-16 16:22:04.227371,Berlin-a323,13,57,Normal
2026-02-16 16:22:05.227371,Berlin-a323,14,67,Normal
2026-02-16 16:22:06.227371,Berlin-a323,-11,76,Normal
2026-02-16 16:22:07.227371,Berlin-a323,3,27,Normal
2026-02-16 16:22:08.227371,Berlin-a323,30,16,Normal
2026-02-16 16:22:09.227371,Berlin-a323,16,98,Normal
2026-02-16 16:22:10.227371,Berlin-a323,17,58,Normal
2026-02-16 16:22:11.227371,Berlin-a323,-13,15,Normal
2026-02-16 16:22:12.227371,Berlin-a323,-21,44,Normal
2026-02-16 16:22:13.227371,Berlin-a323,26,83,Normal
2026-02-16 16:22:14.227371,Berlin-a323,29,49,Normal
2026-02-16 16:22:15.227371,Berlin-a323,-12,96,Normal
2026-02-16 16:22:16.227371,Berlin-a323,-22,75,Normal
2026-02-16 16:22:17.227371,Berlin-a323,-11,11,Normal
2026-02-16 16:22:18.227371,Berlin-a323,-20,64,Normal
2026-02-16 16:22:19.227371,Berlin-a323,-13,76,Normal
2026-02-16 16:22:20.227371,Berlin-a323,20,33,Normal
2026-02-16 16:22:21.227371,Berlin-a323,6,52,Normal
2026-02-16 16:22:22.227371,Berlin-a323,31,64,Normal
2026-02-16 16:22:23.227371,Berlin-a323,27,52,Normal
2026-02-16 16:22:24.227371,Berlin-a323,-20,66,Normal
2026-02-16 16:22:25.227371,Berlin-a323,16,72,Normal
2026-02-16 16:22:26.227371,Berlin-a323,-4,48,Normal
2026-02-16 16:22:27.227371,Berlin-a323,-24,0,Normal
2026-02-16 16:22:28.227371,Berlin-a323,16,96,Normal
2026-02-16 16:22:29.227371,Berlin-a323,-19,77,Normal
2026-02-16 16:22:30.227371,Berlin-a323,1,21,Normal
2026-02-16 16:22:31.227371,Berlin-a323,18,79,Normal
2026-02-16 16:22:32.227371,Berlin-a323,46,40,Normal
2026-02-16 16:22:33.227371,Berlin-a323,49,80,Normal
2026-02-16 16:22:34.227371,Berlin-a323,13,6,Normal
2026-02-16 16:22:35.227371,Berlin-a323,50,79,Normal
2026-02-16 16:22:36.227371,Berlin-a323,20,10,Normal
2026-02-16 16:22:37.227371,Berlin-a323,22,75,Normal
2026-02-16 16:22:38.227371,Berlin-a323,-30,26,Normal
2026-02-16 16:22:39.227371,Berlin-a323,23,65,Normal
2026-02-16 16:22:40.227371,Berlin-a323,23,44,Normal
2026-02-16 16:22:41.227371,Berlin-a323,45,85,Normal
2026-02-16 16:22:42.227371,Berlin-a323,-22,14,Normal
2026-02-16 16:22:43.227371,Berlin-a323,27,13,Normal
2026-02-16 16:22:44.227371,Berlin-a323,-17,35,Normal
2026-02-16 16:22:45.227371,Berlin-a323,14,77,Normal
2026-02-16 16:22:46.227371,Berlin-a323,50,72,Normal
2026-02-16 16:22:47.227371,Berlin-a323,44,51,Normal
2026-02-16 16:22:48.227371,Berlin-a323,32,49,Normal
2026-02-16 16:22:49.227371,Berlin-a323,7,80,Normal
2026-02-16 16:22:50.227371,Berlin-a323,38,72,Normal
2026-02-16 16:22:51.227371,Berlin-a323,-5,70,Normal
2026-02-16 16:22:52.227371,Berlin-a323,-5,94,Normal
2026-02-16 16:22:53.227371,Berlin-a323,49,93,Normal
2026-02-16 16:22:54.227371,Berlin-a323,-16,35,Normal
2026-02-16 16:22:55.227371,Berlin-a323,39,85,Normal
2026-02-16 16:22:56.227371,Berlin-a323,31,17,Normal
2026-02-16 16:22:57.227371,Berlin-a323,0,99,Normal
2026-02-16 16:22:58.227371,Berlin-a323,-19,2,Normal
2026-02-16 16:22:59.227371,Berlin-a323,-28,68,Normal
2026-02-16 16:23:00.227371,Berlin-a323,-17,66,Normal
2026-02-16 16:23:01.227371,Berlin-a323,19,3,Normal
2026-02-16 16:23:02.227371,Berlin-a323,9,9,Normal
2026-02-16 16:23:03.227371,Berlin-a323,24,10,Normal
2026-02-16 16:23:04.227371,Berlin-a323,22,18,Normal
2026-02-16 16:23:05.227371,Berlin-a323,34,21,Normal
2026-02-16 16:23:06.227371,Berlin-a323,-8,43,Normal
2026-02-16 16:23:07.227371,Berlin-a323,-1,75,Normal
2026-02-16 16:23:08.227371,Berlin-a323,33,45,Normal
2026-02-16 16:23:09.227371,Berlin-a323,37,86,Normal
2026-02-16 16:23:10.227371,Berlin-a323,13,86,Normal
2026-02-16 16:23:11.227371,Berlin-a323,43,74,Normal
2026-02-16 16:23:12.227371,Berlin-a323,46,50,Normal
2026-02-16 16:23:13.227371,Berlin-a323,0,8,Normal
2026-02-16 16:23:14.227371,Berlin-a323,6,4,Normal
2026-02-16 16:23:15.227371,Berlin-a323,-1,53,Normal
2026-02-16 16:23:16.227371,Berlin-a323,-6,33,Normal
2026-02-16 16:23:17.227371,Berlin-a323,21,88,Normal
2026-02-16 16:23:18.227371,Berlin-a323,31,49,Normal
2026-02-16 16:23:19.227371,Berlin-a323,-19,76,Normal
2026-02-16 16:23:20.227371,Berlin-a323,33,47,Normal
2026-02-16 16:23:21.227371,Berlin-a323,-1,32,Normal
2026-02-16 16:23:22.227371,Berlin-a323,-6,95,Normal
2026-02-16 16:23:23.227371,Berlin-a323,-9,61,Normal
2026-02-16 16:23:24.227371,Berlin-a323,5,15,Normal
2026-02-16 16:23:25.227371,Berlin-a323,47,14,Normal
2026-02-16 16:23:26.227371,Berlin-a323,1,37,Normal
2026-02-16 16:23:27.227371,Berlin-a323,10,14,Normal
2026-02-16 16:23:28.227371,Berlin-a323,-7,65,Normal
2026-02-16 16:23:29.227371,Berlin-a323,47,28,Normal
2026-02-16 16:23:30.227371,Berlin-a323,-20,64,Normal
2026-02-16 16:23:31.227371,Berlin-a323,39,85,Normal
2026-02-16 16:23:32.227371,Berlin-a323,2,46,Normal
2026-02-16 16:23:33.227371,Berlin-a323,28,78,Normal
2026-02-16 16:23:34.227371,Berlin-a323,-21,56,Normal
2026-02-16 16:23:35.227371,Berlin-a323,22,36,Normal
2026-02-16 16:23:36.227371,Berlin-a323,-29,42,Normal
2026-02-16 16:23:37.227371,Berlin-a323,-19,3,Normal
2026-02-16 16:23:38.227371,Berlin-a323,-2,49,Normal
2026-02-16 16:23:39.227371,Berlin-a323,-10,64,Normal
2026-02-16 16:23:40.227371,Berlin-a323,-21,97,Normal
2026-02-16 16:23:41.227371,Berlin-a323,15,25,Normal
2026-02-16 16:23:42.227371,Berlin-a323,37,92,Normal
2026-02-16 16:23:43.227371,Berlin-a323,4,65,Normal
2026-02-16 16:23:44.227371,Berlin-a323,38,22,Normal
2026-02-16 16:23:45.227371,Berlin-a323,-14,66,Normal
2026-02-16 16:23:46.227371,Berlin-a323,-28,18,Normal
2026-02-16 16:23:47.227371,Berlin-a323,21,98,Normal
2026-02-16 16:23:48.227371,Berlin-a323,29,95,Normal
2026-02-16 16:23:49.227371,Berlin-a323,50,91,Normal
2026-02-16 16:23:50.227371,Berlin-a323,50,57,Normal
2026-02-16 16:23:51.227371,Berlin-a323,24,16,Normal
2026-02-16 16:23:52.227371,Berlin-a323,-11,91,Normal
2026-02-16 16:23:53.227371,Berlin-a323,-12,95,Normal
2026-02-16 16:23:54.227371,Berlin-a323,39,91,Normal
2026-02-16 16:23:55.227371,Berlin-a323,27,54,Normal
2026-02-16 16:23:56.227371,Berlin-a323,15,52,Normal
2026-02-16 16:23:57.227371,Berlin-a323,34,48,Normal
2026-02-16 16:23:58.227371,Berlin-a323,-28,61,Normal
2026-02-16 16:23:59.227371,Berlin-a323,21,5,Normal
2026-02-16 16:24:00.227371,Berlin-a323,-29,53,Normal
2026-02-16 16:24:01.227371,Berlin-a323,-18,32,Normal
2026-02-16 16:24:02.227371,Berlin-a323,38,52,Normal
2026-02-16 16:24:03.227371,Berlin-a323,7,87,Normal
2026-02-16 16:24:04.227371,Berlin-a323,-15,0,Normal
2026-02-16 16:24:05.227371,Berlin-a323,9,54,Normal
2026-02-16 16:24:06.227371,Berlin-a323,-4,1,Normal
2026-02-16 16:24:07.227371,Berlin-a323,26,8,Normal
2026-02-16 16:24:08.227371,Berlin-a323,-2,69,Normal
2026-02-16 16:24:09.227371,Berlin-a323,20,47,Normal
2026-02-16 16:24:10.227371,Berlin-a323,45,82,Normal
2026-02-16 16:24:11.227371,Berlin-a323,-20,38,Normal
2026-02-16 16:24:12.227371,Berlin-a323,35,79,Normal
2026-02-16 16:24:13.227371,Berlin-a323,-4,69,Normal
2026-02-16 16:24:14.227371,Berlin-a323,-18,90,Normal
2026-02-16 16:24:15.227371,Berlin-a323,25,45,Normal
2026-02-16 16:24:16.227371,Berlin-a323,-23,36,Normal
2026-02-16 16:24:17.227371,Berlin-a323,45,50,Normal
2026-02-16 16:24:18.227371,Berlin-a323,-21,61,Normal
2026-02-16 16:24:19.227371,Berlin-a323,27,18,Normal
2026-02-16 16:24:20.227371,Berlin-a323,-4,100,Normal
2026-02-16 16:24:21.227371,Berlin-a323,41,69,Normal
2026-02-16 16:24:22.227371,Berlin-a323,-27,7,Normal
2026-02-16 16:24:23.227371,Berlin-a323,42,15,Normal
2026-02-16 16:24:24.227371,Berlin-a323,-6,56,Normal
2026-02-16 16:24:25.227371,Berlin-a323,27,5,Normal
2026-02-16 16:24:26.227371,Berlin-a323,21,87,Normal
2026-02-16 16:24:27.227371,Berlin-a323,-13,21,Normal
2026-02-16 16:24:28.227371,Berlin-a323,-9,97,Normal
2026-02-16 16:24:29.227371,Berlin-a323,-7,12,Normal
2026-02-16 16:24:30.227371,Berlin-a323,-18,93,Normal
2026-02-16 16:24:31.227371,Berlin-a323,-1,90,Normal
2026-02-16 16:24:32.227371,Berlin-a323,7,44,Normal
2026-02-16 16:24:33.227371,Berlin-a323,26,47,Normal
2026-02-16 16:24:34.227371,Berlin-a323,-12,94,Normal
2026-02-16 16:24:35.227371,Berlin-a323,-9,51,Normal
2026-02-16 16:24:36.227371,Berlin-a323,13,45,Normal
2026-02-16 16:24:37.227371,Berlin-a323,-4,52,Normal
2026-02-16 16:24:38.227371,Berlin-a323,20,15,Normal
2026-02-16 16:24:39.227371,Berlin-a323,41,5,Normal
2026-02-16 16:24:40.227371,Berlin-a323,-28,0,Normal
2026-02-16 16:24:41.227371,Berlin-a323,33,28,Normal
2026-02-16 16:24:42.227371,Berlin-a323,-15,98,Normal
2026-02-16 16:24:43.227371,Berlin-a323,-11,0,Normal
2026-02-16 16:24:44.227371,Berlin-a323,32,95,Normal
2026-02-16 16:24:45.227371,Berlin-a323,-13,65,Normal
2026-02-16 16:24:46.227371,Berlin-a323,19,92,Normal
2026-02-16 16:24:47.227371,Berlin-a323,6,30,Normal
2026-02-16 16:24:48.227371,Berlin-a323,21,3,Normal
2026-02-16 16:24:49.227371,Berlin-a323,13,74,Normal
2026-02-16 16:24:50.227371,Berlin-a323,27,76,Normal
2026-02-16 16:24:51.227371,Berlin-a323,-4,92,Normal
2026-02-16 16:24:52.227371,Berlin-a323,18,76,Normal
2026-02-16 16:24:53.227371,Berlin-a323,42,54,Normal
2026-02-16 16:24:54.227371,Berlin-a323,14,7,Normal
2026-02-16 16:24:55.227371,Berlin-a323,11,4,Normal
2026-02-16 16:24:56.227371,Berlin-a323,-26,49,Normal
2026-02-16 16:24:57.227371,Berlin-a323,32,28,Normal
2026-02-16 16:24:58.227371,Berlin-a323,30,74,Normal
2026-02-16 16:24:59.227371,Berlin-a323,37,27,Normal
2026-02-16 16:25:00.227371,Berlin-a323,-21,63,Normal
2026-02-16 16:25:01.227371,Berlin-a323,-6,60,Normal
2026-02-16 16:25:02.227371,Berlin-a323,7,59,Normal
2026-02-16 16:25:03.227371,Berlin-a323,17,91,Normal
2026-02-16 16:25:04.227371,Berlin-a323,36,55,Normal
2026-02-16 16:25:05.227371,Berlin-a323,23,49,Normal
2026-02-16 16:25:06.227371,Berlin-a323,45,38,Normal
2026-02-16 16:25:07.227371,Berlin-a323,-11,25,Normal
2026-02-16 16:25:08.227371,Berlin-a323,41,18,Normal
2026-02-16 16:25:09.227371,Berlin-a323,-4,77,Normal
2026-02-16 16:25:10.227371,Berlin-a323,40,91,Normal
2026-02-16 16:25:11.227371,Berlin-a323,34,67,Normal
2026-02-16 16:25:12.227371,Berlin-a323,19,59,Normal
2026-02-16 16:25:13.227371,Berlin-a323,41,62,Normal
2026-02-16 16:25:14.227371,Berlin-a323,46,65,Normal
2026-02-16 16:25:15.227371,Berlin-a323,-22,84,Normal
2026-02-16 16:25:16.227371,Berlin-a323,-8,51,Normal
2026-02-16 16:25:17.227371,Berlin-a323,16,57,Normal
2026-02-16 16:25:18.227371,Berlin-a323,35,73,Normal
2026-02-16 16:25:19.227371,Berlin-a323,36,9,Normal
2026-02-16 16:25:20.227371,Berlin-a323,4,78,Normal
2026-02-16 16:25:21.227371,Berlin-a323,18,52,Normal
2026-02-16 16:25:22.227371,Berlin-a323,3,75,Normal
2026-02-16 16:25:23.227371,Berlin-a323,13,15,Normal
2026-02-16 16:25:24.227371,Berlin-a323,17,59,Normal
2026-02-16 16:25:25.227371,Berlin-a323,47,91,Normal
2026-02-16 16:25:26.227371,Berlin-a323,10,32,Normal
2026-02-16 16:25:27.227371,Berlin-a323,16,100,Normal
2026-02-16 16:25:28.227371,Berlin-a323,-25,63,Normal
2026-02-16 16:25:29.227371,Berlin-a323,47,57,Normal
2026-02-16 16:25:30.227371,Berlin-a323,34,14,Normal
2026-02-16 16:25:31.227371,Berlin-a323,42,67,Normal
2026-02-16 16:25:32.227371,Berlin-a323,44,81,Normal
2026-02-16 16:25:33.227371,Berlin-a323,1,7,Normal
2026-02-16 16:25:34.227371,Berlin-a323,16,71,Normal
2026-02-16 16:25:35.227371,Berlin-a323,-19,97,Normal
2026-02-16 16:25:36.227371,Berlin-a323,24,64,Normal
2026-02-16 16:25:37.227371,Berlin-a323,37,65,Normal
2026-02-16 16:25:38.227371,Berlin-a323,10,0,Normal
2026-02-16 16:25:39.227371,Berlin-a323,2,11,Normal
2026-02-16 16:25:40.227371,Berlin-a323,28,70,Normal
2026-02-16 16:25:41.227371,Berlin-a323,43,1,Normal
2026-02-16 16:25:42.227371,Berlin-a323,47,22,Normal
2026-02-16 16:25:43.227371,Berlin-a323,-1,96,Normal
2026-02-16 16:25:44.227371,Berlin-a323,20,21,Normal
2026-02-16 16:25:45.227371,Berlin-a323,49,38,Normal
2026-02-16 16:25:46.227371,Berlin-a323,45,82,Normal
2026-02-16 16:25:47.227371,Berlin-a323,24,30,Normal
2026-02-16 16:25:48.227371,Berlin-a323,-19,45,Normal
2026-02-16 16:25:49.227371,Berlin-a323,-4,80,Normal
2026-02-16 16:25:50.227371,Berlin-a323,-17,21,Normal
2026-02-16 16:25:51.227371,Berlin-a323,17,96,Normal
2026-02-16 16:25:52.227371,Berlin-a323,-17,60,Normal
2026-02-16 16:25:53.227371,Berlin-a323,49,87,Normal
2026-02-16 16:25:54.227371,Berlin-a323,24,98,Normal
2026-02-16 16:25:55.227371,Berlin-a323,15,62,Normal
2026-02-16 16:25:56.227371,Berlin-a323,11,27,Normal
2026-02-16 16:25:57.227371,Berlin-a323,8,6,Normal
2026-02-16 16:25:58.227371,Berlin-a323,-12,67,Normal
2026-02-16 16:25:59.227371,Berlin-a323,18,58,Normal
2026-02-16 16:26:00.227371,Berlin-a323,-29,51,Normal
2026-02-16 16:26:01.227371,Berlin-a323,-26,77,Normal
2026-02-16 16:26:02.227371,Berlin-a323,39,31,Normal
2026-02-16 16:26:03.227371,Berlin-a323,-18,80,Normal
2026-02-16 16:26:04.227371,Berlin-a323,-23,73,Normal
2026-02-16 16:26:05.227371,Berlin-a323,23,33,Normal
2026-02-16 16:26:06.227371,Berlin-a323,27,21,Normal
2026-02-16 16:26:07.227371,Berlin-a323,26,48,Normal
2026-02-16 16:26:08.227371,Berlin-a323,0,8,Normal
2026-02-16 16:26:09.227371,Berlin-a323,21,18,Normal
2026-02-16 16:26:10.227371,Berlin-a323,38,94,Normal
2026-02-16 16:26:11.227371,Berlin-a323,3,57,Normal
2026-02-16 16:26:12.227371,Berlin-a323,-13,41,Normal
2026-02-16 16:26:13.227371,Berlin-a323,32,69,Normal
2026-02-16 16:26:14.227371,Berlin-a323,39,49,Normal
2026-02-16 16:26:15.227371,Berlin-a323,-1,36,Normal
2026-02-16 16:26:16.227371,Berlin-a323,0,57,Normal
2026-02-16 16:26:17.227371,Berlin-a323,4,23,Normal
2026-02-16 16:26:18.227371,Berlin-a323,14,31,Normal
2026-02-16 16:26:19.227371,Berlin-a323,22,34,Normal
2026-02-16 16:26:20.227371,Berlin-a323,47,59,Normal
2026-02-16 16:26:21.227371,Berlin-a323,50,56,Normal
2026-02-16 16:26:22.227371,Berlin-a323,-17,97,Normal
2026-02-16 16:26:23.227371,Berlin-a323,5,78,Normal
2026-02-16 16:26:24.227371,Berlin-a323,23,59,Normal
2026-02-16 16:26:25.227371,Berlin-a323,30,83,Normal
2026-02-16 16:26:26.227371,Berlin-a323,-11,3,Normal
2026-02-16 16:26:27.227371,Berlin-a323,8,47,Normal
2026-02-16 16:26:28.227371,Berlin-a323,-11,24,Normal
2026-02-16 16:26:29.227371,Berlin-a323,2,40,Normal
2026-02-16 16:26:30.227371,Berlin-a323,25,17,Normal
2026-02-16 16:26:31.227371,Berlin-a323,-13,77,Normal
2026-02-16 16:26:32.227371,Berlin-a323,-19,2,Normal
2026-02-16 16:26:33.227371,Berlin-a323,-10,8,Normal
2026-02-16 16:26:34.227371,Berlin-a323,11,15,Normal
2026-02-16 16:26:35.227371,Berlin-a323,9,96,Normal
2026-02-16 16:26:36.227371,Berlin-a323,32,66,Normal
2026-02-16 16:26:37.227371,Berlin-a323,46,89,Normal
2026-02-16 16:26:38.227371,Berlin-a323,45,23,Normal
2026-02-16 16:26:39.227371,Berlin-a323,35,40,Normal
2026-02-16 16:26:40.227371,Berlin-a323,50,13,Normal
2026-02-16 16:26:41.227371,Berlin-a323,-11,35,Normal
2026-02-16 16:26:42.227371,Berlin-a323,8,11,Normal
2026-02-16 16:26:43.227371,Berlin-a323,42,34,Normal
2026-02-16 16:26:44.227371,Berlin-a323,40,87,Normal
2026-02-16 16:26:45.227371,Berlin-a323,44,20,Normal
2026-02-16 16:26:46.227371,Berlin-a323,45,67,Normal
2026-02-16 16:26:47.227371,Berlin-a323,-25,84,Normal
2026-02-16 16:26:48.227371,Berlin-a323,8,44,Normal
2026-02-16 16:26:49.227371,Berlin-a323,-18,48,Normal
2026-02-16 16:26:50.227371,Berlin-a323,-23,65,Normal
2026-02-16 16:26:51.227371,Berlin-a323,17,66,Normal
2026-02-16 16:26:52.227371,Berlin-a323,38,11,Normal
2026-02-16 16:26:53.227371,Berlin-a323,5,83,Normal
2026-02-16 16:26:54.227371,Berlin-a323,16,46,Normal
2026-02-16 16:26:55.227371,Berlin-a323,-23,16,Normal
2026-02-16 16:26:56.227371,Berlin-a323,-13,91,Normal
2026-02-16 16:26:57.227371,Berlin-a323,9,93,Normal
2026-02-16 16:26:58.227371,Berlin-a323,-8,98,Normal
2026-02-16 16:26:59.227371,Berlin-a323,11,83,Normal
2026-02-16 16:27:00.227371,Berlin-a323,8,50,Normal
2026-02-16 16:27:01.227371,Berlin-a323,-10,73,Normal
2026-02-16 16:27:02.227371,Berlin-a323,-18,46,Normal
2026-02-16 16:27:03.227371,Berlin-a323,19,95,Normal
2026-02-16 16:27:04.227371,Berlin-a323,12,86,Normal
2026-02-16 16:27:05.227371,Berlin-a323,-9,34,Normal
2026-02-16 16:27:06.227371,Berlin-a323,-27,58,Normal
2026-02-16 16:27:07.227371,Berlin-a323,-20,2,Normal
2026-02-16 16:27:08.227371,Berlin-a323,21,69,Normal
2026-02-16 16:27:09.227371,Berlin-a323,2,25,Normal
2026-02-16 16:27:10.227371,Berlin-a323,-25,32,Normal
2026-02-16 16:27:11.227371,Berlin-a323,-8,100,Normal
2026-02-16 16:27:12.227371,Berlin-a323,8,9,Normal
2026-02-16 16:27:13.227371,Berlin-a323,24,76,Normal
2026-02-16 16:27:14.227371,Berlin-a323,27,12,Normal
2026-02-16 16:27:15.227371,Berlin-a323,-5,9,Normal
2026-02-16 16:27:16.227371,Berlin-a323,26,46,Normal
2026-02-16 16:27:17.227371,Berlin-a323,18,72,Normal
2026-02-16 16:27:18.227371,Berlin-a323,13,53,Normal
2026-02-16 16:27:19.227371,Berlin-a323,44,84,Normal
2026-02-16 16:27:20.227371,Berlin-a323,-25,1,Normal
2026-02-16 16:27:21.227371,Berlin-a323,33,12,Normal
2026-02-16 16:27:22.227371,Berlin-a323,21,9,Normal
2026-02-16 16:27:23.227371,Berlin-a323,11,3,Normal
2026-02-16 16:27:24.227371,Berlin-a323,49,100,Normal
2026-02-16 16:27:25.227371,Berlin-a323,-26,85,Normal
2026-02-16 16:27:26.227371,Berlin-a323,2,78,Normal
2026-02-16 16:27:27.227371,Berlin-a323,7,76,Normal
2026-02-16 16:27:28.227371,Berlin-a323,15,80,Normal
2026-02-16 16:27:29.227371,Berlin-a323,34,21,Normal
2026-02-16 16:27:30.227371,Berlin-a323,43,40,Normal
2026-02-16 16:27:31.227371,Berlin-a323,-8,35,Normal
2026-02-16 16:27:32.227371,Berlin-a323,-7,75,Normal
2026-02-16 16:27:33.227371,Berlin-a323,-20,42,Normal
2026-02-16 16:27:34.227371,Berlin-a323,-25,16,Normal
2026-02-16 16:27:35.227371,Berlin-a323,7,9,Normal
2026-02-16 16:27:36.227371,Berlin-a323,2,39,Normal
2026-02-16 16:27:37.227371,Berlin-a323,5,88,Normal
2026-02-16 16:27:38.227371,Berlin-a323,17,37,Normal
2026-02-16 16:27:39.227371,Berlin-a323,46,29,Normal
2026-02-16 16:27:40.227371,Berlin-a323,-6,69,Normal
2026-02-16 16:27:41.227371,Berlin-a323,15,77,Normal
2026-02-16 16:27:42.227371,Berlin-a323,13,9,Normal
2026-02-16 16:27:43.227371,Berlin-a323,25,31,Normal
2026-02-16 16:27:44.227371,Berlin-a323,29,77,Normal
2026-02-16 16:27:45.227371,Berlin-a323,-23,65,Normal
2026-02-16 16:27:46.227371,Berlin-a323,50,6,Normal
2026-02-16 16:27:47.227371,Berlin-a323,11,4,Normal
2026-02-16 16:27:48.227371,Berlin-a323,-19,74,Normal
2026-02-16 16:27:49.227371,Berlin-a323,-24,44,Normal
2026-02-16 16:27:50.227371,Berlin-a323,32,23,Normal
2026-02-16 16:27:51.227371,Berlin-a323,13,95,Normal
2026-02-16 16:27:52.227371,Berlin-a323,16,26,Normal
2026-02-16 16:27:53.227371,Berlin-a323,22,11,Normal
2026-02-16 16:27:54.227371,Berlin-a323,24,42,Normal
2026-02-16 16:27:55.227371,Berlin-a323,19,62,Normal
2026-02-16 16:27:56.227371,Berlin-a323,29,53,Normal
2026-02-16 16:27:57.227371,Berlin-a323,32,10,Normal
2026-02-16 16:27:58.227371,Berlin-a323,6,49,Normal
2026-02-16 16:27:59.227371,Berlin-a323,5,69,Normal
2026-02-16 16:28:00.227371,Berlin-a323,-12,18,Normal
2026-02-16 16:28:01.227371,Berlin-a323,29,65,Normal
2026-02-16 16:28:02.227371,Berlin-a323,46,27,Normal
2026-02-16 16:28:03.227371,Berlin-a323,-9,87,Normal
2026-02-16 16:28:04.227371,Berlin-a323,24,57,Normal
2026-02-16 16:28:05.227371,Berlin-a323,42,29,Normal
2026-02-16 16:28:06.227371,Berlin-a323,-2,71,Normal
2026-02-16 16:28:07.227371,Berlin-a323,-21,44,Normal
2026-02-16 16:28:08.227371,Berlin-a323,10,23,Normal
2026-02-16 16:28:09.227371,Berlin-a323,9,64,Normal
2026-02-16 16:28:10.227371,Berlin-a323,-6,25,Normal
2026-02-16 16:28:11.227371,Berlin-a323,37,86,Normal
2026-02-16 16:28:12.227371,Berlin-a323,26,82,Normal
2026-02-16 16:28:13.227371,Berlin-a323,-26,93,Normal
2026-02-16 16:28:14.227371,Berlin-a323,40,59,Normal
2026-02-16 16:28:15.227371,Berlin-a323,8,31,Normal
2026-02-16 16:28:16.227371,Berlin-a323,33,89,Normal
2026-02-16 16:28:17.227371,Berlin-a323,40,5,Normal
2026-02-16 16:28:18.227371,Berlin-a323,-27,80,Normal
2026-02-16 16:28:19.227371,Berlin-a323,23,46,Normal
2026-02-16 16:28:20.227371,Berlin-a323,43,10,Normal
2026-02-16 16:28:21.227371,Berlin-a323,22,17,Normal
2026-02-16 16:28:22.227371,Berlin-a323,6,31,Normal
2026-02-16 16:28:23.227371,Berlin-a323,-21,33,Normal
2026-02-16 16:28:24.227371,Berlin-a323,-9,63,Normal
2026-02-16 16:28:25.227371,Berlin-a323,49,19,Normal
2026-02-16 16:28:26.227371,Berlin-a323,-19,24,Normal
2026-02-16 16:28:27.227371,Berlin-a323,-8,70,Normal
2026-02-16 16:28:28.227371,Berlin-a323,-21,59,Normal
2026-02-16 16:28:29.227371,Berlin-a323,21,3,Normal
2026-02-16 16:28:30.227371,Berlin-a323,0,85,Normal
2026-02-16 16:28:31.227371,Berlin-a323,-9,77,Normal
2026-02-16 16:28:32.227371,Berlin-a323,-13,53,Normal
2026-02-16 16:28:33.227371,Berlin-a323,17,46,Normal
2026-02-16 16:28:34.227371,Berlin-a323,13,67,Normal
2026-02-16 16:28:35.227371,Berlin-a323,-14,87,Normal
2026-02-16 16:28:36.227371,Berlin-a323,35,12,Normal
2026-02-16 16:28:37.227371,Berlin-a323,-14,94,Normal
2026-02-16 16:28:38.227371,Berlin-a323,-11,4,Normal
2026-02-16 16:28:39.227371,Berlin-a323,9,2,Normal
2026-02-16 16:28:40.227371,Berlin-a323,-14,64,Normal
2026-02-16 16:28:41.227371,Berlin-a323,-9,72,Normal
2026-02-16 16:28:42.227371,Berlin-a323,-12,27,Normal
2026-02-16 16:28:43.227371,Berlin-a323,11,13,Normal
2026-02-16 16:28:44.227371,Berlin-a323,47,57,Normal
2026-02-16 16:28:45.227371,Berlin-a323,3,25,Normal
2026-02-16 16:28:46.227371,Berlin-a323,35,38,Normal
2026-02-16 16:28:47.227371,Berlin-a323,-1,50,Normal
2026-02-16 16:28:48.227371,Berlin-a323,-7,0,Normal
2026-02-16 16:28:49.227371,Berlin-a323,-7,50,Normal
2026-02-16 16:28:50.227371,Berlin-a323,36,66,Normal
2026-02-16 16:28:51.227371,Berlin-a323,31,55,Normal
2026-02-16 16:28:52.227371,Berlin-a323,25,69,Normal
2026-02-16 16:28:53.227371,Berlin-a323,-17,86,Normal
2026-02-16 16:28:54.227371,Berlin-a323,-16,71,Normal
2026-02-16 16:28:55.227371,Berlin-a323,27,78,Normal
2026-02-16 16:28:56.227371,Berlin-a323,20,73,Normal
2026-02-16 16:28:57.227371,Berlin-a323,42,11,Normal
2026-02-16 16:28:58.227371,Berlin-a323,11,93,Normal
2026-02-16 16:28:59.227371,Berlin-a323,-17,64,Normal
2026-02-16 16:29:00.227371,Berlin-a323,5,94,Normal
2026-02-16 16:29:01.227371,Berlin-a323,18,0,Normal
2026-02-16 16:29:02.227371,Berlin-a323,20,85,Normal
2026-02-16 16:29:03.227371,Berlin-a323,29,67,Normal
2026-02-16 16:29:04.227371,Berlin-a323,7,15,Normal
2026-02-16 16:29:05.227371,Berlin-a323,-14,77,Normal
2026-02-16 16:29:06.227371,Berlin-a323,48,26,Normal
2026-02-16 16:29:07.227371,Berlin-a323,-18,20,Normal
2026-02-16 16:29:08.227371,Berlin-a323,-1,37,Normal
2026-02-16 16:29:09.227371,Berlin-a323,-10,96,Normal
2026-02-16 16:29:10.227371,Berlin-a323,-15,73,Normal
2026-02-16 16:29:11.227371,Berlin-a323,-20,60,Normal
2026-02-16 16:29:12.227371,Berlin-a323,23,89,Normal
2026-02-16 16:29:13.227371,Berlin-a323,-15,10,Normal
2026-02-16 16:29:14.227371,Berlin-a323,-16,57,Normal
2026-02-16 16:29:15.227371,Berlin-a323,-3,78,Normal
2026-02-16 16:29:16.227371,Berlin-a323,-28,59,Normal
2026-02-16 16:29:17.227371,Berlin-a323,34,59,Normal
2026-02-16 16:29:18.227371,Berlin-a323,42,30,Normal
2026-02-16 16:29:19.227371,Berlin-a323,4,28,Normal
2026-02-16 16:29:20.227371,Berlin-a323,13,65,Normal
2026-02-16 16:29:21.227371,Berlin-a323,-12,57,Normal
2026-02-16 16:29:22.227371,Berlin-a323,-29,96,Normal
2026-02-16 16:29:23.227371,Berlin-a323,-24,90,Normal
2026-02-16 16:29:24.227371,Berlin-a323,21,20,Normal
2026-02-16 16:29:25.227371,Berlin-a323,47,6,Normal
2026-02-16 16:29:26.227371,Berlin-a323,-20,5,Normal
2026-02-16 16:29:27.227371,Berlin-a323,-16,95,Normal
2026-02-16 16:29:28.227371,Berlin-a323,35,31,Normal
2026-02-16 16:29:29.227371,Berlin-a323,48,49,Normal
2026-02-16 16:29:30.227371,Berlin-a323,16,97,Normal
2026-02-16 16:29:31.227371,Berlin-a323,-22,16,Normal
2026-02-16 16:29:32.227371,Berlin-a323,-11,24,Normal
2026-02-16 16:29:33.227371,Berlin-a323,24,16,Normal
2026-02-16 16:29:34.227371,Berlin-a323,-20,28,Normal
2026-02-16 16:29:35.227371,Berlin-a323,4,95,Normal
2026-02-16 16:29:36.227371,Berlin-a323,-21,63,Normal
2026-02-16 16:29:37.227371,Berlin-a323,-20,90,Normal
2026-02-16 16:29:38.227371,Berlin-a323,-28,78,Normal
2026-02-16 16:29:39.227371,Berlin-a323,38,6,Normal
2026-02-16 16:29:40.227371,Berlin-a323,-20,99,Normal
2026-02-16 16:29:41.227371,Berlin-a323,17,90,Normal
2026-02-16 16:29:42.227371,Berlin-a323,31,97,Normal
2026-02-16 16:29:43.227371,Berlin-a323,17,20,Normal
2026-02-16 16:29:44.227371,Berlin-a323,-6,58,Normal
2026-02-16 16:29:45.227371,Berlin-a323,40,24,Normal
2026-02-16 16:29:46.227371,Berlin-a323,-12,23,Normal
2026-02-16 16:29:47.227371,Berlin-a323,27,91,Normal
2026-02-16 16:29:48.227371,Berlin-a323,-18,11,Normal
2026-02-16 16:29:49.227371,Berlin-a323,-22,75,Normal
2026-02-16 16:29:50.227371,Berlin-a323,11,54,Normal
2026-02-16 16:29:51.227371,Berlin-a323,44,12,Normal
2026-02-16 16:29:52.227371,Berlin-a323,40,13,Normal
2026-02-16 16:29:53.227371,Berlin-a323,25,28,Normal
2026-02-16 16:29:54.227371,Berlin-a323,10,90,Normal
2026-02-16 16:29:55.227371,Berlin-a323,-19,73,Normal
2026-02-16 16:29:56.227371,Berlin-a323,-7,54,Normal
2026-02-16 16:29:57.227371,Berlin-a323,37,43,Normal
2026-02-16 16:29:58.227371,Berlin-a323,-21,82,Normal
2026-02-16 16:29:59.227371,Berlin-a323,12,100,Normal
2026-02-16 16:30:00.227371,Berlin-a323,34,49,Normal
2026-02-16 16:30:01.227371,Berlin-a323,-11,71,Normal
2026-02-16 16:30:02.227371,Berlin-a323,-9,7,Normal
2026-02-16 16:30:03.227371,Berlin-a323,34,18,Normal
2026-02-16 16:30:04.227371,Berlin-a323,0,73,Normal
2026-02-16 16:30:05.227371,Berlin-a323,31,94,Normal
2026-02-16 16:30:06.227371,Berlin-a323,16,97,Normal
2026-02-16 16:30:07.227371,Berlin-a323,-14,11,Normal
2026-02-16 16:30:08.227371,Berlin-a323,-13,82,Normal
2026-02-16 16:30:09.227371,Berlin-a323,-14,86,Normal
2026-02-16 16:30:10.227371,Berlin-a323,24,32,Normal
2026-02-16 16:30:11.227371,Berlin-a323,-12,47,Normal
2026-02-16 16:30:12.227371,Berlin-a323,7,6,Normal
2026-02-16 16:30:13.227371,Berlin-a323,-16,32,Normal
2026-02-16 16:30:14.227371,Berlin-a323,37,72,Normal
2026-02-16 16:30:15.227371,Berlin-a323,33,98,Normal
2026-02-16 16:30:16.227371,Berlin-a323,-11,79,Normal
2026-02-16 16:30:17.227371,Berlin-a323,-7,74,Normal
2026-02-16 16:30:18.227371,Berlin-a323,16,23,Normal
2026-02-16 16:30:19.227371,Berlin-a323,-2,16,Normal
2026-02-16 16:30:20.227371,Berlin-a323,-12,5,Normal
2026-02-16 16:30:21.227371,Berlin-a323,36,96,Normal
2026-02-16 16:30:22.227371,Berlin-a323,43,85,Normal
2026-02-16 16:30:23.227371,Berlin-a323,8,21,Normal
2026-02-16 16:30:24.227371,Berlin-a323,10,95,Normal
2026-02-16 16:30:25.227371,Berlin-a323,-5,58,Normal
2026-02-16 16:30:26.227371,Berlin-a323,48,51,Normal
2026-02-16 16:30:27.227371,Berlin-a323,45,55,Normal
2026-02-16 16:30:28.227371,Berlin-a323,21,22,Normal
2026-02-16 16:30:29.227371,Berlin-a323,-13,1,Normal
2026-02-16 16:30:30.227371,Berlin-a323,-25,6,Normal
2026-02-16 16:30:31.227371,Berlin-a323,3,85,Normal
2026-02-16 16:30:32.227371,Berlin-a323,16,50,Normal
2026-02-16 16:30:33.227371,Berlin-a323,-21,75,Normal
2026-02-16 16:30:34.227371,Berlin-a323,12,81,Normal
2026-02-16 16:30:35.227371,Berlin-a323,28,80,Normal
2026-02-16 16:30:36.227371,Berlin-a323,44,17,Normal
2026-02-16 16:30:37.227371,Berlin-a323,-21,38,Normal
2026-02-16 16:30:38.227371,Berlin-a323,-25,97,Normal
2026-02-16 16:30:39.227371,Berlin-a323,19,44,Normal
2026-02-16 16:30:40.227371,Berlin-a323,20,91,Normal
2026-02-16 16:30:41.227371,Berlin-a323,35,6,Normal
2026-02-16 16:30:42.227371,Berlin-a323,11,96,Normal
2026-02-16 16:30:43.227371,Berlin-a323,50,61,Normal
2026-02-16 16:30:44.227371,Berlin-a323,-15,35,Normal
2026-02-16 16:30:45.227371,Berlin-a323,-15,25,Normal
2026-02-16 16:30:46.227371,Berlin-a323,48,69,Normal
2026-02-16 16:30:47.227371,Berlin-a323,-26,76,Normal
2026-02-16 16:30:48.227371,Berlin-a323,-18,13,Normal
2026-02-16 16:30:49.227371,Berlin-a323,15,3,Normal
2026-02-16 16:30:50.227371,Berlin-a323,-20,54,Normal
2026-02-16 16:30:51.227371,Berlin-a323,-28,40,Normal
2026-02-16 16:30:52.227371,Berlin-a323,47,69,Normal
2026-02-16 16:30:53.227371,Berlin-a323,-7,91,Normal
2026-02-16 16:30:54.227371,Berlin-a323,-26,34,Normal
2026-02-16 16:30:55.227371,Berlin-a323,-16,18,Normal
2026-02-16 16:30:56.227371,Berlin-a323,47,34,Normal
2026-02-16 16:30:57.227371,Berlin-a323,50,73,Normal
2026-02-16 16:30:58.227371,Berlin-a323,39,64,Normal
2026-02-16 16:30:59.227371,Berlin-a323,21,5,Normal
2026-02-16 16:31:00.227371,Berlin-a323,42,72,Normal
2026-02-16 16:31:01.227371,Berlin-a323,20,79,Normal
2026-02-16 16:31:02.227371,Berlin-a323,31,54,Normal
2026-02-16 16:31:03.227371,Berlin-a323,11,26,Normal
2026-02-16 16:31:04.227371,Berlin-a323,-7,37,Normal
2026-02-16 16:31:05.227371,Berlin-a323,19,9,Normal
2026-02-16 16:31:06.227371,Berlin-a323,34,73,Normal
2026-02-16 16:31:07.227371,Berlin-a323,-7,10,Normal
2026-02-16 16:31:08.227371,Berlin-a323,3,36,Normal
2026-02-16 16:31:09.227371,Berlin-a323,-28,40,Normal
2026-02-16 16:31:10.227371,Berlin-a323,-15,3,Normal
2026-02-16 16:31:11.227371,Berlin-a323,-21,41,Normal
2026-02-16 16:31:12.227371,Berlin-a323,45,8,Normal
2026-02-16 16:31:13.227371,Berlin-a323,44,93,Normal
2026-02-16 16:31:14.227371,Berlin-a323,33,45,Normal
2026-02-16 16:31:15.227371,Berlin-a323,7,81,Normal
2026-02-16 16:31:16.227371,Berlin-a323,45,55,Normal
2026-02-16 16:31:17.227371,Berlin-a323,45,59,Normal
2026-02-16 16:31:18.227371,Berlin-a323,9,65,Normal
2026-02-16 16:31:19.227371,Berlin-a323,41,56,Normal
2026-02-16 16:31:20.227371,Berlin-a323,-16,49,Normal
2026-02-16 16:31:21.227371,Berlin-a323,-30,28,Normal
2026-02-16 16:31:22.227371,Berlin-a323,-4,48,Normal
2026-02-16 16:31:23.227371,Berlin-a323,43,2,Normal
2026-02-16 16:31:24.227371,Berlin-a323,-19,83,Normal
2026-02-16 16:31:25.227371,Berlin-a323,3,77,Normal
2026-02-16 16:31:26.227371,Berlin-a323,0,10,Normal
2026-02-16 16:31:27.227371,Berlin-a323,-4,34,Normal
2026-02-16 16:31:28.227371,Berlin-a323,13,59,Normal
2026-02-16 16:31:29.227371,Berlin-a323,-8,39,Normal
2026-02-16 16:31:30.227371,Berlin-a323,-6,33,Normal
2026-02-16 16:31:31.227371,Berlin-a323,27,56,Normal
2026-02-16 16:31:32.227371,Berlin-a323,-19,46,Normal
2026-02-16 16:31:33.227371,Berlin-a323,-6,61,Normal
2026-02-16 16:31:34.227371,Berlin-a323,27,78,Normal
2026-02-16 16:31:35.227371,Berlin-a323,-6,57,Normal
2026-02-16 16:31:36.227371,Berlin-a323,34,87,Normal
2026-02-16 16:31:37.227371,Berlin-a323,29,5,Normal
2026-02-16 16:31:38.227371,Berlin-a323,-2,36,Normal
2026-02-16 16:31:39.227371,Berlin-a323,9,69,Normal
2026-02-16 16:31:40.227371,Berlin-a323,50,87,Normal
2026-02-16 16:31:41.227371,Berlin-a323,-23,20,Normal
2026-02-16 16:31:42.227371,Berlin-a323,42,33,Normal
2026-02-16 16:31:43.227371,Berlin-a323,15,33,Normal
2026-02-16 16:31:44.227371,Berlin-a323,-18,28,Normal
2026-02-16 16:31:45.227371,Berlin-a323,13,10,Normal
2026-02-16 16:31:46.227371,Berlin-a323,30,57,Normal
2026-02-16 16:31:47.227371,Berlin-a323,2,64,Normal
2026-02-16 16:31:48.227371,Berlin-a323,15,85,Normal
2026-02-16 16:31:49.227371,Berlin-a323,-26,27,Normal
2026-02-16 16:31:50.227371,Berlin-a323,-10,50,Normal
2026-02-16 16:31:51.227371,Berlin-a323,40,3,Normal
2026-02-16 16:31:52.227371,Berlin-a323,5,7,Normal
2026-02-16 16:31:53.227371,Berlin-a323,8,21,Normal
2026-02-16 16:31:54.227371,Berlin-a323,16,93,Normal
2026-02-16 16:31:55.227371,Berlin-a323,-18,17,Normal
2026-02-16 16:31:56.227371,Berlin-a323,48,21,Normal
2026-02-16 16:31:57.227371,Berlin-a323,-3,11,Normal
2026-02-16 16:31:58.227371,Berlin-a323,1,9,Normal
2026-02-16 16:31:59.227371,Berlin-a323,41,62,Normal
2026-02-16 16:32:00.227371,Berlin-a323,-14,44,Normal
2026-02-16 16:32:01.227371,Berlin-a323,-8,12,Normal
2026-02-16 16:32:02.227371,Berlin-a323,26,40,Normal
2026-02-16 16:32:03.227371,Berlin-a323,45,13,Normal
2026-02-16 16:32:04.227371,Berlin-a323,-30,82,Normal
2026-02-16 16:32:05.227371,Berlin-a323,-18,64,Normal
2026-02-16 16:32:06.227371,Berlin-a323,35,12,Normal
2026-02-16 16:32:07.227371,Berlin-a323,34,51,Normal
2026-02-16 16:32:08.227371,Berlin-a323,49,71,Normal
2026-02-16 16:32:09.227371,Berlin-a323,11,60,Normal
2026-02-16 16:32:10.227371,Berlin-a323,11,99,Normal
2026-02-16 16:32:11.227371,Berlin-a323,47,29,Normal
2026-02-16 16:32:12.227371,Berlin-a323,44,54,Normal
2026-02-16 16:32:13.227371,Berlin-a323,-27,34,Normal
2026-02-16 16:32:14.227371,Berlin-a323,11,7,Normal
2026-02-16 16:32:15.227371,Berlin-a323,17,48,Normal
2026-02-16 16:32:16.227371,Berlin-a323,-15,43,Normal
2026-02-16 16:32:17.227371,Berlin-a323,21,66,Normal
2026-02-16 16:32:18.227371,Berlin-a323,49,12,Normal
2026-02-16 16:32:19.227371,Berlin-a323,-13,15,Normal
2026-02-16 16:32:20.227371,Berlin-a323,-23,98,Normal
2026-02-16 16:32:21.227371,Berlin-a323,-2,84,Normal
2026-02-16 16:32:22.227371,Berlin-a323,26,63,Normal
2026-02-16 16:32:23.227371,Berlin-a323,42,87,Normal
2026-02-16 16:32:24.227371,Berlin-a323,25,65,Normal
2026-02-16 16:32:25.227371,Berlin-a323,-5,70,Normal
2026-02-16 16:32:26.227371,Berlin-a323,30,54,Normal
2026-02-16 16:32:27.227371,Berlin-a323,-23,99,Normal
2026-02-16 16:32:28.227371,Berlin-a323,-5,8,Normal
2026-02-16 16:32:29.227371,Berlin-a323,36,86,Normal
2026-02-16 16:32:30.227371,Berlin-a323,43,0,Normal
2026-02-16 16:32:31.227371,Berlin-a323,33,77,Normal
2026-02-16 16:32:32.227371,Berlin-a323,-9,51,Normal
2026-02-16 16:32:33.227371,Berlin-a323,34,23,Normal
2026-02-16 16:32:34.227371,Berlin-a323,48,85,Normal
2026-02-16 16:32:35.227371,Berlin-a323,-10,28,Normal
2026-02-16 16:32:36.227371,Berlin-a323,-6,10,Normal
2026-02-16 16:32:37.227371,Berlin-a323,-1,86,Normal
2026-02-16 16:32:38.227371,Berlin-a323,46,70,Normal
2026-02-16 16:32:39.227371,Berlin-a323,-10,17,Normal
2026-02-16 16:32:40.227371,Berlin-a323,26,47,Normal
2026-02-16 16:32:41.227371,Berlin-a323,31,83,Normal
2026-02-16 16:32:42.227371,Berlin-a323,48,25,Normal
2026-02-16 16:32:43.227371,Berlin-a323,9,63,Normal
2026-02-16 16:32:44.227371,Berlin-a323,20,68,Normal
2026-02-16 16:32:45.227371,Berlin-a323,11,27,Normal
2026-02-16 16:32:46.227371,Berlin-a323,8,26,Normal
2026-02-16 16:32:47.227371,Berlin-a323,16,31,Normal
2026-02-16 16:32:48.227371,Berlin-a323,50,11,Normal
2026-02-16 16:32:49.227371,Berlin-a323,22,42,Normal
2026-02-16 16:32:50.227371,Berlin-a323,-29,44,Normal
2026-02-16 16:32:51.227371,Berlin-a323,21,9,Normal
2026-02-16 16:32:52.227371,Berlin-a323,-27,44,Normal
2026-02-16 16:32:53.227371,Berlin-a323,-6,29,Normal
2026-02-16 16:32:54.227371,Berlin-a323,21,49,Normal
2026-02-16 16:32:55.227371,Berlin-a323,-19,32,Normal
2026-02-16 16:32:56.227371,Berlin-a323,21,78,Normal
2026-02-16 16:32:57.227371,Berlin-a323,-16,46,Normal
2026-02-16 16:32:58.227371,Berlin-a323,-7,48,Normal
2026-02-16 16:32:59.227371,Berlin-a323,38,11,Normal
2026-02-16 16:33:00.227371,Berlin-a323,2,52,Normal
2026-02-16 16:33:01.227371,Berlin-a323,28,54,Normal
2026-02-16 16:33:02.227371,Berlin-a323,22,13,Normal
2026-02-16 16:33:03.227371,Berlin-a323,45,77,Normal
2026-02-16 16:33:04.227371,Berlin-a323,17,79,Normal
2026-02-16 16:33:05.227371,Berlin-a323,24,51,Normal
2026-02-16 16:33:06.227371,Berlin-a323,48,14,Normal
2026-02-16 16:33:07.227371,Berlin-a323,10,16,Normal
2026-02-16 16:33:08.227371,Berlin-a323,25,96,Normal
2026-02-16 16:33:09.227371,Berlin-a323,-1,17,Normal
2026-02-16 16:33:10.227371,Berlin-a323,-21,24,Normal
2026-02-16 16:33:11.227371,Berlin-a323,-15,88,Normal
2026-02-16 16:33:12.227371,Berlin-a323,-13,28,Normal
2026-02-16 16:33:13.227371,Berlin-a323,-6,20,Normal
2026-02-16 16:33:14.227371,Berlin-a323,8,76,Normal
2026-02-16 16:33:15.227371,Berlin-a323,23,70,Normal
2026-02-16 16:33:16.227371,Berlin-a323,41,82,Normal
2026-02-16 16:33:17.227371,Berlin-a323,44,79,Normal
2026-02-16 16:33:18.227371,Berlin-a323,-8,40,Normal
2026-02-16 16:33:19.227371,Berlin-a323,46,13,Normal
2026-02-16 16:33:20.227371,Berlin-a323,-28,62,Normal
2026-02-16 16:33:21.227371,Berlin-a323,-1,8,Normal
2026-02-16 16:33:22.227371,Berlin-a323,-6,0,Normal
2026-02-16 16:33:23.227371,Berlin-a323,33,21,Normal
2026-02-16 16:33:24.227371,Berlin-a323,-6,77,Normal
2026-02-16 16:33:25.227371,Berlin-a323,39,47,Normal
2026-02-16 16:33:26.227371,Berlin-a323,41,52,Normal
2026-02-16 16:33:27.227371,Berlin-a323,-22,57,Normal
2026-02-16 16:33:28.227371,Berlin-a323,-25,48,Normal
2026-02-16 16:33:29.227371,Berlin-a323,24,65,Normal
2026-02-16 16:33:30.227371,Berlin-a323,37,92,Normal
2026-02-16 16:33:31.227371,Berlin-a323,46,50,Normal
2026-02-16 16:33:32.227371,Berlin-a323,1,4,Normal
2026-02-16 16:33:33.227371,Berlin-a323,-13,3,Normal
2026-02-16 16:33:34.227371,Berlin-a323,-24,37,Normal
2026-02-16 16:33:35.227371,Berlin-a323,34,35,Normal
2026-02-16 16:33:36.227371,Berlin-a323,45,31,Normal
2026-02-16 16:33:37.227371,Berlin-a323,-8,38,Normal
2026-02-16 16:33:38.227371,Berlin-a323,-6,99,Normal
2026-02-16 16:33:39.227371,Berlin-a323,17,41,Normal
2026-02-16 16:33:40.227371,Berlin-a323,35,80,Normal
2026-02-16 16:33:41.227371,Berlin-a323,-7,20,Normal
2026-02-16 16:33:42.227371,Berlin-a323,-22,72,Normal
2026-02-16 16:33:43.227371,Berlin-a323,-29,17,Normal
2026-02-16 16:33:44.227371,Berlin-a323,-18,59,Normal
2026-02-16 16:33:45.227371,Berlin-a323,31,11,Normal
2026-02-16 16:33:46.227371,Berlin-a323,-6,50,Normal
2026-02-16 16:33:47.227371,Berlin-a323,44,85,Normal
2026-02-16 16:33:48.227371,Berlin-a323,-16,26,Normal
2026-02-16 16:33:49.227371,Berlin-a323,16,56,Normal
2026-02-16 16:33:50.227371,Berlin-a323,44,21,Normal
2026-02-16 16:33:51.227371,Berlin-a323,13,10,Normal
2026-02-16 16:33:52.227371,Berlin-a323,17,64,Normal
2026-02-16 16:33:53.227371,Berlin-a323,25,15,Normal
2026-02-16 16:33:54.227371,Berlin-a323,-2,98,Normal
2026-02-16 16:33:55.227371,Berlin-a323,29,91,Normal
2026-02-16 16:33:56.227371,Berlin-a323,-1,98,Normal
2026-02-16 16:33:57.227371,Berlin-a323,24,5,Normal
2026-02-16 16:33:58.227371,Berlin-a323,23,81,Normal
2026-02-16 16:33:59.227371,Berlin-a323,22,90,Normal
2026-02-16 16:34:00.227371,Berlin-a323,-26,41,Normal
2026-02-16 16:34:01.227371,Berlin-a323,-26,64,Normal
2026-02-16 16:34:02.227371,Berlin-a323,28,63,Normal
2026-02-16 16:34:03.227371,Berlin-a323,29,40,Normal
2026-02-16 16:34:04.227371,Berlin-a323,43,1,Normal
2026-02-16 16:34:05.227371,Berlin-a323,-12,16,Normal
2026-02-16 16:34:06.227371,Berlin-a323,-18,48,Normal
2026-02-16 16:34:07.227371,Berlin-a323,-8,80,Normal
2026-02-16 16:34:08.227371,Berlin-a323,16,4,Normal
2026-02-16 16:34:09.227371,Berlin-a323,-2,11,Normal
2026-02-16 16:34:10.227371,Berlin-a323,-10,36,Normal
2026-02-16 16:34:11.227371,Berlin-a323,-14,97,Normal
2026-02-16 16:34:12.227371,Berlin-a323,43,6,Normal
2026-02-16 16:34:13.227371,Berlin-a323,49,56,Normal
2026-02-16 16:34:14.227371,Berlin-a323,-5,21,Normal
2026-02-16 16:34:15.227371,Berlin-a323,21,30,Normal
2026-02-16 16:34:16.227371,Berlin-a323,41,89,Normal
2026-02-16 16:34:17.227371,Berlin-a323,23,26,Normal
2026-02-16 16:34:18.227371,Berlin-a323,29,72,Normal
2026-02-16 16:34:19.227371,Berlin-a323,-15,46,Normal
2026-02-16 16:34:20.227371,Berlin-a323,45,69,Normal
2026-02-16 16:34:21.227371,Berlin-a323,-30,84,Normal
2026-02-16 16:34:22.227371,Berlin-a323,45,54,Normal
2026-02-16 16:34:23.227371,Berlin-a323,-13,60,Normal
2026-02-16 16:34:24.227371,Berlin-a323,-28,97,Normal
2026-02-16 16:34:25.227371,Berlin-a323,19,12,Normal
2026-02-16 16:34:26.227371,Berlin-a323,5,54,Normal
2026-02-16 16:34:27.227371,Berlin-a323,1,27,Normal
2026-02-16 16:34:28.227371,Berlin-a323,-29,14,Normal
2026-02-16 16:34:29.227371,Berlin-a323,49,7,Normal
2026-02-16 16:34:30.227371,Berlin-a323,9,31,Normal
2026-02-16 16:34:31.227371,Berlin-a323,0,85,Normal
2026-02-16 16:34:32.227371,Berlin-a323,23,100,Normal
2026-02-16 16:34:33.227371,Berlin-a323,3,67,Normal
2026-02-16 16:34:34.227371,Berlin-a323,-17,1,Normal
2026-02-16 16:34:35.227371,Berlin-a323,-20,44,Normal
2026-02-16 16:34:36.227371,Berlin-a323,-14,3,Normal
2026-02-16 16:34:37.227371,Berlin-a323,-12,97,Normal
2026-02-16 16:34:38.227371,Berlin-a323,15,35,Normal
2026-02-16 16:34:39.227371,Berlin-a323,48,74,Normal
2026-02-16 16:34:40.227371,Berlin-a323,33,36,Normal
2026-02-16 16:34:41.227371,Berlin-a323,8,91,Normal
2026-02-16 16:34:42.227371,Berlin-a323,21,2,Normal
2026-02-16 16:34:43.227371,Berlin-a323,6,87,Normal
2026-02-16 16:34:44.227371,Berlin-a323,49,78,Normal
2026-02-16 16:34:45.227371,Berlin-a323,-28,59,Normal
2026-02-16 16:34:46.227371,Berlin-a323,-10,83,Normal
2026-02-16 16:34:47.227371,Berlin-a323,45,9,Normal
2026-02-16 16:34:48.227371,Berlin-a323,-25,98,Normal
2026-02-16 16:34:49.227371,Berlin-a323,30,46,Normal
2026-02-16 16:34:50.227371,Berlin-a323,43,33,Normal
2026-02-16 16:34:51.227371,Berlin-a323,24,95,Normal
2026-02-16 16:34:52.227371,Berlin-a323,17,18,Normal
2026-02-16 16:34:53.227371,Berlin-a323,26,87,Normal
2026-02-16 16:34:54.227371,Berlin-a323,37,0,Normal
2026-02-16 16:34:55.227371,Berlin-a323,11,27,Normal
2026-02-16 16:34:56.227371,Berlin-a323,-15,9,Normal
2026-02-16 16:34:57.227371,Berlin-a323,3,65,Normal
2026-02-16 16:34:58.227371,Berlin-a323,43,31,Normal
2026-02-16 16:34:59.227371,Berlin-a323,11,20,Normal
2026-02-16 16:35:00.227371,Berlin-a323,39,91,Normal
2026-02-16 16:35:01.227371,Berlin-a323,-25,73,Normal
2026-02-16 16:35:02.227371,Berlin-a323,30,53,Normal
2026-02-16 16:35:03.227371,Berlin-a323,-24,45,Normal
2026-02-16 16:35:04.227371,Berlin-a323,-4,74,Normal
2026-02-16 16:35:05.227371,Berlin-a323,27,51,Normal
2026-02-16 16:35:06.227371,Berlin-a323,-11,88,Normal
2026-02-16 16:35:07.227371,Berlin-a323,38,5,Normal
2026-02-16 16:35:08.227371,Berlin-a323,-11,67,Normal
2026-02-16 16:35:09.227371,Berlin-a323,-18,1,Normal
2026-02-16 16:35:10.227371,Berlin-a323,42,37,Normal
2026-02-16 16:35:11.227371,Berlin-a323,-4,10,Normal
2026-02-16 16:35:12.227371,Berlin-a323,24,41,Normal
2026-02-16 16:35:13.227371,Berlin-a323,24,60,Normal
2026-02-16 16:35:14.227371,Berlin-a323,28,20,Normal
2026-02-16 16:35:15.227371,Berlin-a323,22,20,Normal
2026-02-16 16:35:16.227371,Berlin-a323,-16,30,Normal
2026-02-16 16:35:17.227371,Berlin-a323,-21,44,Normal
2026-02-16 16:35:18.227371,Berlin-a323,-7,19,Normal
2026-02-16 16:35:19.227371,Berlin-a323,46,3,Normal
2026-02-16 16:35:20.227371,Berlin-a323,26,60,Normal
2026-02-16 16:35:21.227371,Berlin-a323,16,52,Normal
2026-02-16 16:35:22.227371,Berlin-a323,14,1,Normal
2026-02-16 16:35:23.227371,Berlin-a323,26,38,Normal
2026-02-16 16:35:24.227371,Berlin-a323,46,37,Normal
2026-02-16 16:35:25.227371,Berlin-a323,7,70,Normal
2026-02-16 16:35:26.227371,Berlin-a323,26,83,Normal
2026-02-16 16:35:27.227371,Berlin-a323,-30,6,Normal
2026-02-16 16:35:28.227371,Berlin-a323,40,60,Normal
2026-02-16 16:35:29.227371,Berlin-a323,34,92,Normal
2026-02-16 16:35:30.227371,Berlin-a323,-6,35,Normal
2026-02-16 16:35:31.227371,Berlin-a323,-6,22,Normal
2026-02-16 16:35:32.227371,Berlin-a323,30,66,Normal
2026-02-16 16:35:33.227371,Berlin-a323,-16,97,Normal
2026-02-16 16:35:34.227371,Berlin-a323,-25,53,Normal
2026-02-16 16:35:35.227371,Berlin-a323,-24,74,Normal
2026-02-16 16:35:36.227371,Berlin-a323,38,33,Normal
2026-02-16 16:35:37.227371,Berlin-a323,18,62,Normal
2026-02-16 16:35:38.227371,Berlin-a323,22,10,Normal
2026-02-16 16:35:39.227371,Berlin-a323,-21,39,Normal
2026-02-16 16:35:40.227371,Berlin-a323,38,84,Normal
2026-02-16 16:35:41.227371,Berlin-a323,34,2,Normal
2026-02-16 16:35:42.227371,Berlin-a323,7,83,Normal
2026-02-16 16:35:43.227371,Berlin-a323,-19,31,Normal
2026-02-16 16:35:44.227371,Berlin-a323,25,74,Normal
2026-02-16 16:35:45.227371,Berlin-a323,-6,54,Normal
2026-02-16 16:35:46.227371,Berlin-a323,22,6,Normal
2026-02-16 16:35:47.227371,Berlin-a323,-13,14,Normal
2026-02-16 16:35:48.227371,Berlin-a323,-15,95,Normal
2026-02-16 16:35:49.227371,Berlin-a323,47,45,Normal
2026-02-16 16:35:50.227371,Berlin-a323,-25,17,Normal
2026-02-16 16:35:51.227371,Berlin-a323,8,53,Normal
2026-02-16 16:35:52.227371,Berlin-a323,-14,74,Normal
2026-02-16 16:35:53.227371,Berlin-a323,0,28,Normal
2026-02-16 16:35:54.227371,Berlin-a323,11,84,Normal
2026-02-16 16:35:55.227371,Berlin-a323,14,100,Normal
2026-02-16 16:35:56.227371,Berlin-a323,28,24,Normal
2026-02-16 16:35:57.227371,Berlin-a323,-6,96,Normal
2026-02-16 16:35:58.227371,Berlin-a323,-29,94,Normal
2026-02-16 16:35:59.227371,Berlin-a323,22,28,Normal
2026-02-16 16:36:00.227371,Berlin-a323,9,71,Normal
2026-02-16 16:36:01.227371,Berlin-a323,42,44,Normal
2026-02-16 16:36:02.227371,Berlin-a323,-10,5,Normal
2026-02-16 16:36:03.227371,Berlin-a323,-18,61,Normal
2026-02-16 16:36:04.227371,Berlin-a323,19,84,Normal
2026-02-16 16:36:05.227371,Berlin-a323,13,85,Normal
2026-02-16 16:36:06.227371,Berlin-a323,22,9,Normal
2026-02-16 16:36:07.227371,Berlin-a323,30,9,Normal
2026-02-16 16:36:08.227371,Berlin-a323,47,9,Normal
2026-02-16 16:36:09.227371,Berlin-a323,40,94,Normal
2026-02-16 16:36:10.227371,Berlin-a323,21,99,Normal
2026-02-16 16:36:11.227371,Berlin-a323,-13,18,Normal
2026-02-16 16:36:12.227371,Berlin-a323,49,40,Normal
2026-02-16 16:36:13.227371,Berlin-a323,11,62,Normal
2026-02-16 16:36:14.227371,Berlin-a323,-19,81,Normal
2026-02-16 16:36:15.227371,Berlin-a323,20,15,Normal
2026-02-16 16:36:16.227371,Berlin-a323,35,13,Normal
2026-02-16 16:36:17.227371,Berlin-a323,4,80,Normal
2026-02-16 16:36:18.227371,Berlin-a323,6,78,Normal
2026-02-16 16:36:19.227371,Berlin-a323,45,51,Normal
2026-02-16 16:36:20.227371,Berlin-a323,-30,96,Normal
2026-02-16 16:36:21.227371,Berlin-a323,8,15,Normal
2026-02-16 16:36:22.227371,Berlin-a323,33,100,Normal
2026-02-16 16:36:23.227371,Berlin-a323,41,29,Normal
2026-02-16 16:36:24.227371,Berlin-a323,25,11,Normal
2026-02-16 16:36:25.227371,Berlin-a323,-19,85,Normal
2026-02-16 16:36:26.227371,Berlin-a323,-13,25,Normal
2026-02-16 16:36:27.227371,Berlin-a323,6,98,Normal
2026-02-16 16:36:28.227371,Berlin-a323,6,19,Normal
2026-02-16 16:36:29.227371,Berlin-a323,-10,12,Normal
2026-02-16 16:36:30.227371,Berlin-a323,41,64,Normal
2026-02-16 16:36:31.227371,Berlin-a323,8,77,Normal
2026-02-16 16:36:32.227371,Berlin-a323,36,38,Normal
2026-02-16 16:36:33.227371,Berlin-a323,-28,12,Normal
2026-02-16 16:36:34.227371,Berlin-a323,-5,44,Normal
2026-02-16 16:36:35.227371,Berlin-a323,5,30,Normal
2026-02-16 16:36:36.227371,Berlin-a323,23,70,Normal
2026-02-16 16:36:37.227371,Berlin-a323,38,64,Normal
2026-02-16 16:36:38.227371,Berlin-a323,48,2,Normal
2026-02-16 16:36:39.227371,Berlin-a323,-3,87,Normal
2026-02-16 16:36:40.227371,Berlin-a323,39,86,Normal
2026-02-16 16:36:41.227371,Berlin-a323,36,14,Normal
2026-02-16 16:36:42.227371,Berlin-a323,18,61,Normal
2026-02-16 16:36:43.227371,Berlin-a323,-14,18,Normal
2026-02-16 16:36:44.227371,Berlin-a323,-9,57,Normal
2026-02-16 16:36:45.227371,Berlin-a323,12,49,Normal
2026-02-16 16:36:46.227371,Berlin-a323,-30,16,Normal
2026-02-16 16:36:47.227371,Berlin-a323,-21,12,Normal
2026-02-16 16:36:48.227371,Berlin-a323,-4,57,Normal
2026-02-16 16:36:49.227371,Berlin-a323,-28,43,Normal
2026-02-16 16:36:50.227371,Berlin-a323,16,99,Normal
2026-02-16 16:36:51.227371,Berlin-a323,23,69,Normal
2026-02-16 16:36:52.227371,Berlin-a323,-14,65,Normal
2026-02-16 16:36:53.227371,Berlin-a323,38,15,Normal
2026-02-16 16:36:54.227371,Berlin-a323,31,79,Normal
2026-02-16 16:36:55.227371,Berlin-a323,41,76,Normal
2026-02-16 16:36:56.227371,Berlin-a323,24,68,Normal
2026-02-16 16:36:57.227371,Berlin-a323,-20,80,Normal
2026-02-16 16:36:58.227371,Berlin-a323,21,84,Normal
2026-02-16 16:36:59.227371,Berlin-a323,32,91,Normal
2026-02-16 16:37:00.227371,Berlin-a323,21,73,Normal
2026-02-16 16:37:01.227371,Berlin-a323,-27,10,Normal
2026-02-16 16:37:02.227371,Berlin-a323,24,47,Normal
2026-02-16 16:37:03.227371,Berlin-a323,40,61,Normal
2026-02-16 16:37:04.227371,Berlin-a323,44,41,Normal
2026-02-16 16:37:05.227371,Berlin-a323,46,20,Normal
2026-02-16 16:37:06.227371,Berlin-a323,31,6,Normal
2026-02-16 16:37:07.227371,Berlin-a323,50,76,Normal
2026-02-16 16:37:08.227371,Berlin-a323,50,0,Normal
2026-02-16 16:37:09.227371,Berlin-a323,31,27,Normal
2026-02-16 16:37:10.227371,Berlin-a323,-21,23,Normal
2026-02-16 16:37:11.227371,Berlin-a323,4,78,Normal
2026-02-16 16:37:12.227371,Berlin-a323,30,91,Normal
2026-02-16 16:37:13.227371,Berlin-a323,26,47,Normal
2026-02-16 16:37:14.227371,Berlin-a323,35,1,Normal
2026-02-16 16:37:15.227371,Berlin-a323,34,0,Normal
2026-02-16 16:37:16.227371,Berlin-a323,-1,56,Normal
2026-02-16 16:37:17.227371,Berlin-a323,-13,86,Normal
2026-02-16 16:37:18.227371,Berlin-a323,-6,56,Normal
2026-02-16 16:37:19.227371,Berlin-a323,36,96,Normal
2026-02-16 16:37:20.227371,Berlin-a323,-3,66,Normal
2026-02-16 16:37:21.227371,Berlin-a323,43,9,Normal
2026-02-16 16:37:22.227371,Berlin-a323,38,87,Normal
2026-02-16 16:37:23.227371,Berlin-a323,42,88,Normal
2026-02-16 16:37:24.227371,Berlin-a323,-30,77,Normal
2026-02-16 16:37:25.227371,Berlin-a323,-27,20,Normal
2026-02-16 16:37:26.227371,Berlin-a323,-17,16,Normal
2026-02-16 16:37:27.227371,Berlin-a323,8,16,Normal
2026-02-16 16:37:28.227371,Berlin-a323,40,86,Normal
2026-02-16 16:37:29.227371,Berlin-a323,27,73,Normal
2026-02-16 16:37:30.227371,Berlin-a323,13,36,Normal
2026-02-16 16:37:31.227371,Berlin-a323,32,96,Normal
2026-02-16 16:37:32.227371,Berlin-a323,20,26,Normal
2026-02-16 16:37:33.227371,Berlin-a323,-17,80,Normal
2026-02-16 16:37:34.227371,Berlin-a323,39,71,Normal
2026-02-16 16:37:35.227371,Berlin-a323,-6,82,Normal
2026-02-16 16:37:36.227371,Berlin-a323,-19,64,Normal
2026-02-16 16:37:37.227371,Berlin-a323,35,66,Normal
2026-02-16 16:37:38.227371,Berlin-a323,-29,100,Normal
2026-02-16 16:37:39.227371,Berlin-a323,1,0,Normal
2026-02-16 16:37:40.227371,Berlin-a323,35,39,Normal
2026-02-16 16:37:41.227371,Berlin-a323,-6,69,Normal
2026-02-16 16:37:42.227371,Berlin-a323,17,77,Normal
2026-02-16 16:37:43.227371,Berlin-a323,-24,14,Normal
2026-02-16 16:37:44.227371,Berlin-a323,-7,45,Normal
2026-02-16 16:37:45.227371,Berlin-a323,4,50,Normal
2026-02-16 16:37:46.227371,Berlin-a323,18,24,Normal
2026-02-16 16:37:47.227371,Berlin-a323,47,57,Normal
2026-02-16 16:37:48.227371,Berlin-a323,43,31,Normal
2026-02-16 16:37:49.227371,Berlin-a323,17,16,Normal
2026-02-16 16:37:50.227371,Berlin-a323,12,70,Normal
2026-02-16 16:37:51.227371,Berlin-a323,0,71,Normal
