timestamp,station_id,temp,humid,condition
2026-02-08 06:51:24.825440,London-54fc,-29,69,Normal
2026-02-08 06:51:25.825440,London-54fc,13,27,Normal
2026-02-08 06:51:26.825440,London-54fc,13,24,Normal
2026-02-08 06:51:27.825440,London-54fc,-2,16,Normal
2026-02-08 06:51:28.825440,London-54fc,30,46,Normal
2026-02-08 06:51:29.825440,London-54fc,41,70,Normal
2026-02-08 06:51:30.825440,London-54fc,21,84,Normal
2026-02-08 06:51:31.825440,London-54fc,42,83,Normal
2026-02-08 06:51:32.825440,London-54fc,-6,86,Normal
2026-02-08 06:51:33.825440,London-54fc,-15,74,Normal
2026-02-08 06:51:34.825440,London-54fc,44,44,Normal
2026-02-08 06:51:35.825440,London-54fc,-17,45,Normal
2026-02-08 06:51:36.825440,London-54fc,-18,18,Normal
2026-02-08 06:51:37.825440,London-54fc,-4,76,Normal
2026-02-08 06:51:38.825440,London-54fc,34,25,Normal
2026-02-08 06:51:39.825440,London-54fc,50,85,Normal
2026-02-08 06:51:40.825440,London-54fc,-16,96,Normal
2026-02-08 06:51:41.825440,London-54fc,18,38,Normal
2026-02-08 06:51:42.825440,London-54fc,-15,90,Normal
2026-02-08 06:51:43.825440,London-54fc,-26,67,Normal
2026-02-08 06:51:44.825440,London-54fc,23,0,Normal
2026-02-08 06:51:45.825440,London-54fc,-20,57,Normal
2026-02-08 06:51:46.825440,London-54fc,8,92,Normal
2026-02-08 06:51:47.825440,London-54fc,0,7,Normal
2026-02-08 06:51:48.825440,London-54fc,14,54,Normal
2026-02-08 06:51:49.825440,London-54fc,6,75,Normal
2026-02-08 06:51:50.825440,London-54fc,42,0,Normal
2026-02-08 06:51:51.825440,London-54fc,-3,46,Normal
2026-02-08 06:51:52.825440,London-54fc,6,46,Normal
2026-02-08 06:51:53.825440,London-54fc,-14,60,Normal
2026-02-08 06:51:54.825440,London-54fc,46,43,Normal
2026-02-08 06:51:55.825440,London-54fc,50,57,Normal
2026-02-08 06:51:56.825440,London-54fc,5,8,Normal
2026-02-08 06:51:57.825440,London-54fc,35,48,Normal
2026-02-08 06:51:58.825440,London-54fc,14,32,Normal
2026-02-08 06:51:59.825440,London-54fc,15,87,Normal
2026-02-08 06:52:00.825440,London-54fc,24,88,Normal
2026-02-08 06:52:01.825440,London-54fc,-3,1,Normal
2026-02-08 06:52:02.825440,London-54fc,42,3,Normal
2026-02-08 06:52:03.825440,London-54fc,44,87,Normal
2026-02-08 06:52:04.825440,London-54fc,0,54,Normal
2026-02-08 06:52:05.825440,London-54fc,49,74,Normal
2026-02-08 06:52:06.825440,London-54fc,-27,65,Normal
2026-02-08 06:52:07.825440,London-54fc,6,97,Normal
2026-02-08 06:52:08.825440,London-54fc,-30,69,Normal
2026-02-08 06:52:09.825440,London-54fc,7,81,Normal
2026-02-08 06:52:10.825440,London-54fc,34,18,Normal
2026-02-08 06:52:11.825440,London-54fc,37,72,Normal
2026-02-08 06:52:12.825440,London-54fc,46,31,Normal
2026-02-08 06:52:13.825440,London-54fc,35,0,Normal
2026-02-08 06:52:14.825440,London-54fc,-28,87,Normal
2026-02-08 06:52:15.825440,London-54fc,-23,41,Normal
2026-02-08 06:52:16.825440,London-54fc,-29,76,Normal
2026-02-08 06:52:17.825440,London-54fc,14,42,Normal
2026-02-08 06:52:18.825440,London-54fc,26,87,Normal
2026-02-08 06:52:19.825440,London-54fc,11,21,Normal
2026-02-08 06:52:20.825440,London-54fc,36,64,Normal
2026-02-08 06:52:21.825440,London-54fc,-10,26,Normal
2026-02-08 06:52:22.825440,London-54fc,22,11,Normal
2026-02-08 06:52:23.825440,London-54fc,48,96,Normal
2026-02-08 06:52:24.825440,London-54fc,44,74,Normal
2026-02-08 06:52:25.825440,London-54fc,-21,8,Normal
2026-02-08 06:52:26.825440,London-54fc,19,40,Normal
2026-02-08 06:52:27.825440,London-54fc,16,55,Normal
2026-02-08 06:52:28.825440,London-54fc,18,32,Normal
2026-02-08 06:52:29.825440,London-54fc,2,93,Normal
2026-02-08 06:52:30.825440,London-54fc,32,25,Normal
2026-02-08 06:52:31.825440,London-54fc,46,95,Normal
2026-02-08 06:52:32.825440,London-54fc,-10,49,Normal
2026-02-08 06:52:33.825440,London-54fc,49,70,Normal
2026-02-08 06:52:34.825440,London-54fc,35,53,Normal
2026-02-08 06:52:35.825440,London-54fc,-21,88,Normal
2026-02-08 06:52:36.825440,London-54fc,27,94,Normal
2026-02-08 06:52:37.825440,London-54fc,11,42,Normal
2026-02-08 06:52:38.825440,London-54fc,-13,39,Normal
2026-02-08 06:52:39.825440,London-54fc,17,29,Normal
2026-02-08 06:52:40.825440,London-54fc,41,17,Normal
2026-02-08 06:52:41.825440,London-54fc,10,30,Normal
2026-02-08 06:52:42.825440,London-54fc,46,67,Normal
2026-02-08 06:52:43.825440,London-54fc,25,25,Normal
2026-02-08 06:52:44.825440,London-54fc,28,17,Normal
2026-02-08 06:52:45.825440,London-54fc,32,50,Normal
2026-02-08 06:52:46.825440,London-54fc,-6,81,Normal
2026-02-08 06:52:47.825440,London-54fc,27,52,Normal
2026-02-08 06:52:48.825440,London-54fc,-2,97,Normal
2026-02-08 06:52:49.825440,London-54fc,28,47,Normal
2026-02-08 06:52:50.825440,London-54fc,22,5,Normal
2026-02-08 06:52:51.825440,London-54fc,22,19,Normal
2026-02-08 06:52:52.825440,London-54fc,-12,11,Normal
2026-02-08 06:52:53.825440,London-54fc,26,21,Normal
2026-02-08 06:52:54.825440,London-54fc,50,40,Normal
2026-02-08 06:52:55.825440,London-54fc,15,1,Normal
2026-02-08 06:52:56.825440,London-54fc,40,44,Normal
2026-02-08 06:52:57.825440,London-54fc,-6,24,Normal
2026-02-08 06:52:58.825440,London-54fc,27,98,Normal
2026-02-08 06:52:59.825440,London-54fc,9,94,Normal
2026-02-08 06:53:00.825440,London-54fc,24,3,Normal
2026-02-08 06:53:01.825440,London-54fc,29,69,Normal
2026-02-08 06:53:02.825440,London-54fc,50,15,Normal
2026-02-08 06:53:03.825440,London-54fc,17,85,Normal
2026-02-08 06:53:04.825440,London-54fc,38,78,Normal
2026-02-08 06:53:05.825440,London-54fc,43,98,Normal
2026-02-08 06:53:06.825440,London-54fc,12,93,Normal
2026-02-08 06:53:07.825440,London-54fc,-8,22,Normal
2026-02-08 06:53:08.825440,London-54fc,-12,85,Normal
2026-02-08 06:53:09.825440,London-54fc,7,29,Normal
2026-02-08 06:53:10.825440,London-54fc,12,38,Normal
2026-02-08 06:53:11.825440,London-54fc,28,65,Normal
2026-02-08 06:53:12.825440,London-54fc,45,35,Normal
2026-02-08 06:53:13.825440,London-54fc,-22,11,Normal
2026-02-08 06:53:14.825440,London-54fc,28,87,Normal
2026-02-08 06:53:15.825440,London-54fc,6,71,Normal
2026-02-08 06:53:16.825440,London-54fc,19,60,Normal
2026-02-08 06:53:17.825440,London-54fc,11,91,Normal
2026-02-08 06:53:18.825440,London-54fc,-11,57,Normal
2026-02-08 06:53:19.825440,London-54fc,-30,30,Normal
2026-02-08 06:53:20.825440,London-54fc,12,69,Normal
2026-02-08 06:53:21.825440,London-54fc,17,5,Normal
2026-02-08 06:53:22.825440,London-54fc,33,22,Normal
2026-02-08 06:53:23.825440,London-54fc,23,65,Normal
2026-02-08 06:53:24.825440,London-54fc,40,49,Normal
2026-02-08 06:53:25.825440,London-54fc,-2,33,Normal
2026-02-08 06:53:26.825440,London-54fc,12,40,Normal
2026-02-08 06:53:27.825440,London-54fc,2,54,Normal
2026-02-08 06:53:28.825440,London-54fc,5,16,Normal
2026-02-08 06:53:29.825440,London-54fc,10,92,Normal
2026-02-08 06:53:30.825440,London-54fc,-11,20,Normal
2026-02-08 06:53:31.825440,London-54fc,-16,8,Normal
2026-02-08 06:53:32.825440,London-54fc,3,16,Normal
2026-02-08 06:53:33.825440,London-54fc,-5,87,Normal
2026-02-08 06:53:34.825440,London-54fc,-18,37,Normal
2026-02-08 06:53:35.825440,London-54fc,-15,99,Normal
2026-02-08 06:53:36.825440,London-54fc,7,61,Normal
2026-02-08 06:53:37.825440,London-54fc,-24,46,Normal
2026-02-08 06:53:38.825440,London-54fc,-11,86,Normal
2026-02-08 06:53:39.825440,London-54fc,26,54,Normal
2026-02-08 06:53:40.825440,London-54fc,34,86,Normal
2026-02-08 06:53:41.825440,London-54fc,11,86,Normal
2026-02-08 06:53:42.825440,London-54fc,30,11,Normal
2026-02-08 06:53:43.825440,London-54fc,36,25,Normal
2026-02-08 06:53:44.825440,London-54fc,32,55,Normal
2026-02-08 06:53:45.825440,London-54fc,-5,83,Normal
2026-02-08 06:53:46.825440,London-54fc,4,82,Normal
2026-02-08 06:53:47.825440,London-54fc,-16,9,Normal
2026-02-08 06:53:48.825440,London-54fc,-16,34,Normal
2026-02-08 06:53:49.825440,London-54fc,4,31,Normal
2026-02-08 06:53:50.825440,London-54fc,-12,15,Normal
2026-02-08 06:53:51.825440,London-54fc,23,60,Normal
2026-02-08 06:53:52.825440,London-54fc,43,37,Normal
2026-02-08 06:53:53.825440,London-54fc,43,11,Normal
2026-02-08 06:53:54.825440,London-54fc,35,71,Normal
2026-02-08 06:53:55.825440,London-54fc,-7,6,Normal
2026-02-08 06:53:56.825440,London-54fc,11,49,Normal
2026-02-08 06:53:57.825440,London-54fc,-14,73,Normal
2026-02-08 06:53:58.825440,London-54fc,27,29,Normal
2026-02-08 06:53:59.825440,London-54fc,9,77,Normal
2026-02-08 06:54:00.825440,London-54fc,-10,89,Normal
2026-02-08 06:54:01.825440,London-54fc,40,14,Normal
2026-02-08 06:54:02.825440,London-54fc,-18,78,Normal
2026-02-08 06:54:03.825440,London-54fc,41,66,Normal
2026-02-08 06:54:04.825440,London-54fc,18,50,Normal
2026-02-08 06:54:05.825440,London-54fc,-19,18,Normal
2026-02-08 06:54:06.825440,London-54fc,43,61,Normal
2026-02-08 06:54:07.825440,London-54fc,-6,18,Normal
2026-02-08 06:54:08.825440,London-54fc,28,66,Normal
2026-02-08 06:54:09.825440,London-54fc,-3,0,Normal
2026-02-08 06:54:10.825440,London-54fc,3,84,Normal
2026-02-08 06:54:11.825440,London-54fc,-12,18,Normal
2026-02-08 06:54:12.825440,London-54fc,4,23,Normal
2026-02-08 06:54:13.825440,London-54fc,32,39,Normal
2026-02-08 06:54:14.825440,London-54fc,40,75,Normal
2026-02-08 06:54:15.825440,London-54fc,-5,30,Normal
2026-02-08 06:54:16.825440,London-54fc,50,99,Normal
2026-02-08 06:54:17.825440,London-54fc,-11,91,Normal
2026-02-08 06:54:18.825440,London-54fc,1,98,Normal
2026-02-08 06:54:19.825440,London-54fc,-13,76,Normal
2026-02-08 06:54:20.825440,London-54fc,50,32,Normal
2026-02-08 06:54:21.825440,London-54fc,46,38,Normal
2026-02-08 06:54:22.825440,London-54fc,25,67,Normal
2026-02-08 06:54:23.825440,London-54fc,-30,26,Normal
2026-02-08 06:54:24.825440,London-54fc,41,22,Normal
2026-02-08 06:54:25.825440,London-54fc,-8,76,Normal
2026-02-08 06:54:26.825440,London-54fc,21,5,Normal
2026-02-08 06:54:27.825440,London-54fc,46,80,Normal
2026-02-08 06:54:28.825440,London-54fc,23,58,Normal
2026-02-08 06:54:29.825440,London-54fc,44,36,Normal
2026-02-08 06:54:30.825440,London-54fc,26,84,Normal
2026-02-08 06:54:31.825440,London-54fc,6,18,Normal
2026-02-08 06:54:32.825440,London-54fc,-25,10,Normal
2026-02-08 06:54:33.825440,London-54fc,15,94,Normal
2026-02-08 06:54:34.825440,London-54fc,25,83,Normal
2026-02-08 06:54:35.825440,London-54fc,10,92,Normal
2026-02-08 06:54:36.825440,London-54fc,-12,50,Normal
2026-02-08 06:54:37.825440,London-54fc,-17,62,Normal
2026-02-08 06:54:38.825440,London-54fc,49,17,Normal
2026-02-08 06:54:39.825440,London-54fc,32,72,Normal
2026-02-08 06:54:40.825440,London-54fc,22,39,Normal
2026-02-08 06:54:41.825440,London-54fc,21,24,Normal
2026-02-08 06:54:42.825440,London-54fc,-30,82,Normal
2026-02-08 06:54:43.825440,London-54fc,8,45,Normal
2026-02-08 06:54:44.825440,London-54fc,29,13,Normal
2026-02-08 06:54:45.825440,London-54fc,36,35,Normal
2026-02-08 06:54:46.825440,London-54fc,-18,26,Normal
2026-02-08 06:54:47.825440,London-54fc,38,35,Normal
2026-02-08 06:54:48.825440,London-54fc,-15,88,Normal
2026-02-08 06:54:49.825440,London-54fc,30,17,Normal
2026-02-08 06:54:50.825440,London-54fc,25,22,Normal
2026-02-08 06:54:51.825440,London-54fc,-16,38,Normal
2026-02-08 06:54:52.825440,London-54fc,49,36,Normal
2026-02-08 06:54:53.825440,London-54fc,7,47,Normal
2026-02-08 06:54:54.825440,London-54fc,1,35,Normal
2026-02-08 06:54:55.825440,London-54fc,17,98,Normal
2026-02-08 06:54:56.825440,London-54fc,12,10,Normal
2026-02-08 06:54:57.825440,London-54fc,39,62,Normal
2026-02-08 06:54:58.825440,London-54fc,13,88,Normal
2026-02-08 06:54:59.825440,London-54fc,-12,28,Normal
2026-02-08 06:55:00.825440,London-54fc,-5,34,Normal
2026-02-08 06:55:01.825440,London-54fc,49,8,Normal
2026-02-08 06:55:02.825440,London-54fc,5,22,Normal
2026-02-08 06:55:03.825440,London-54fc,-11,1,Normal
2026-02-08 06:55:04.825440,London-54fc,0,51,Normal
2026-02-08 06:55:05.825440,London-54fc,-11,53,Normal
2026-02-08 06:55:06.825440,London-54fc,-9,12,Normal
2026-02-08 06:55:07.825440,London-54fc,37,100,Normal
2026-02-08 06:55:08.825440,London-54fc,-12,86,Normal
2026-02-08 06:55:09.825440,London-54fc,19,34,Normal
2026-02-08 06:55:10.825440,London-54fc,24,25,Normal
2026-02-08 06:55:11.825440,London-54fc,5,61,Normal
2026-02-08 06:55:12.825440,London-54fc,-18,23,Normal
2026-02-08 06:55:13.825440,London-54fc,-7,51,Normal
2026-02-08 06:55:14.825440,London-54fc,-1,91,Normal
2026-02-08 06:55:15.825440,London-54fc,15,96,Normal
2026-02-08 06:55:16.825440,London-54fc,-18,15,Normal
2026-02-08 06:55:17.825440,London-54fc,-10,11,Normal
2026-02-08 06:55:18.825440,London-54fc,-18,37,Normal
2026-02-08 06:55:19.825440,London-54fc,-24,63,Normal
2026-02-08 06:55:20.825440,London-54fc,2,53,Normal
2026-02-08 06:55:21.825440,London-54fc,48,83,Normal
2026-02-08 06:55:22.825440,London-54fc,-8,35,Normal
2026-02-08 06:55:23.825440,London-54fc,-11,45,Normal
2026-02-08 06:55:24.825440,London-54fc,-9,42,Normal
2026-02-08 06:55:25.825440,London-54fc,17,29,Normal
2026-02-08 06:55:26.825440,London-54fc,31,100,Normal
2026-02-08 06:55:27.825440,London-54fc,9,79,Normal
2026-02-08 06:55:28.825440,London-54fc,44,26,Normal
2026-02-08 06:55:29.825440,London-54fc,-6,48,Normal
2026-02-08 06:55:30.825440,London-54fc,-12,11,Normal
2026-02-08 06:55:31.825440,London-54fc,-12,35,Normal
2026-02-08 06:55:32.825440,London-54fc,27,25,Normal
2026-02-08 06:55:33.825440,London-54fc,35,51,Normal
2026-02-08 06:55:34.825440,London-54fc,-29,37,Normal
2026-02-08 06:55:35.825440,London-54fc,-8,25,Normal
2026-02-08 06:55:36.825440,London-54fc,9,93,Normal
2026-02-08 06:55:37.825440,London-54fc,-28,89,Normal
2026-02-08 06:55:38.825440,London-54fc,-5,44,Normal
2026-02-08 06:55:39.825440,London-54fc,1,38,Normal
2026-02-08 06:55:40.825440,London-54fc,50,39,Normal
2026-02-08 06:55:41.825440,London-54fc,40,93,Normal
2026-02-08 06:55:42.825440,London-54fc,-24,9,Normal
2026-02-08 06:55:43.825440,London-54fc,9,98,Normal
2026-02-08 06:55:44.825440,London-54fc,36,65,Normal
2026-02-08 06:55:45.825440,London-54fc,-20,3,Normal
2026-02-08 06:55:46.825440,London-54fc,3,75,Normal
2026-02-08 06:55:47.825440,London-54fc,44,91,Normal
2026-02-08 06:55:48.825440,London-54fc,-18,78,Normal
2026-02-08 06:55:49.825440,London-54fc,36,90,Normal
2026-02-08 06:55:50.825440,London-54fc,31,90,Normal
2026-02-08 06:55:51.825440,London-54fc,3,72,Normal
2026-02-08 06:55:52.825440,London-54fc,9,57,Normal
2026-02-08 06:55:53.825440,London-54fc,34,83,Normal
2026-02-08 06:55:54.825440,London-54fc,-21,1,Normal
2026-02-08 06:55:55.825440,London-54fc,-6,14,Normal
2026-02-08 06:55:56.825440,London-54fc,-3,40,Normal
2026-02-08 06:55:57.825440,London-54fc,33,91,Normal
2026-02-08 06:55:58.825440,London-54fc,39,54,Normal
2026-02-08 06:55:59.825440,London-54fc,-30,54,Normal
2026-02-08 06:56:00.825440,London-54fc,-15,94,Normal
2026-02-08 06:56:01.825440,London-54fc,48,75,Normal
2026-02-08 06:56:02.825440,London-54fc,5,65,Normal
2026-02-08 06:56:03.825440,London-54fc,24,83,Normal
2026-02-08 06:56:04.825440,London-54fc,-10,100,Normal
2026-02-08 06:56:05.825440,London-54fc,-23,54,Normal
2026-02-08 06:56:06.825440,London-54fc,-12,45,Normal
2026-02-08 06:56:07.825440,London-54fc,-22,95,Normal
2026-02-08 06:56:08.825440,London-54fc,24,67,Normal
2026-02-08 06:56:09.825440,London-54fc,-15,86,Normal
2026-02-08 06:56:10.825440,London-54fc,-26,82,Normal
2026-02-08 06:56:11.825440,London-54fc,22,12,Normal
2026-02-08 06:56:12.825440,London-54fc,10,86,Normal
2026-02-08 06:56:13.825440,London-54fc,-11,85,Normal
2026-02-08 06:56:14.825440,London-54fc,16,8,Normal
2026-02-08 06:56:15.825440,London-54fc,0,45,Normal
2026-02-08 06:56:16.825440,London-54fc,43,99,Normal
2026-02-08 06:56:17.825440,London-54fc,16,54,Normal
2026-02-08 06:56:18.825440,London-54fc,43,60,Normal
2026-02-08 06:56:19.825440,London-54fc,6,76,Normal
2026-02-08 06:56:20.825440,London-54fc,45,7,Normal
2026-02-08 06:56:21.825440,London-54fc,-14,79,Normal
2026-02-08 06:56:22.825440,London-54fc,-7,51,Normal
2026-02-08 06:56:23.825440,London-54fc,21,82,Normal
2026-02-08 06:56:24.825440,London-54fc,34,28,Normal
2026-02-08 06:56:25.825440,London-54fc,-11,23,Normal
2026-02-08 06:56:26.825440,London-54fc,4,67,Normal
2026-02-08 06:56:27.825440,London-54fc,16,14,Normal
2026-02-08 06:56:28.825440,London-54fc,13,31,Normal
2026-02-08 06:56:29.825440,London-54fc,-4,37,Normal
2026-02-08 06:56:30.825440,London-54fc,-27,37,Normal
2026-02-08 06:56:31.825440,London-54fc,16,8,Normal
2026-02-08 06:56:32.825440,London-54fc,0,7,Normal
2026-02-08 06:56:33.825440,London-54fc,9,2,Normal
2026-02-08 06:56:34.825440,London-54fc,37,55,Normal
2026-02-08 06:56:35.825440,London-54fc,-25,39,Normal
2026-02-08 06:56:36.825440,London-54fc,40,24,Normal
2026-02-08 06:56:37.825440,London-54fc,-22,90,Normal
2026-02-08 06:56:38.825440,London-54fc,19,28,Normal
2026-02-08 06:56:39.825440,London-54fc,12,77,Normal
2026-02-08 06:56:40.825440,London-54fc,-16,80,Normal
2026-02-08 06:56:41.825440,London-54fc,4,75,Normal
2026-02-08 06:56:42.825440,London-54fc,35,7,Normal
2026-02-08 06:56:43.825440,London-54fc,28,2,Normal
2026-02-08 06:56:44.825440,London-54fc,-29,18,Normal
2026-02-08 06:56:45.825440,London-54fc,3,71,Normal
2026-02-08 06:56:46.825440,London-54fc,6,8,Normal
2026-02-08 06:56:47.825440,London-54fc,48,42,Normal
2026-02-08 06:56:48.825440,London-54fc,26,49,Normal
2026-02-08 06:56:49.825440,London-54fc,11,10,Normal
2026-02-08 06:56:50.825440,London-54fc,7,34,Normal
2026-02-08 06:56:51.825440,London-54fc,-4,75,Normal
2026-02-08 06:56:52.825440,London-54fc,43,72,Normal
2026-02-08 06:56:53.825440,London-54fc,-1,93,Normal
2026-02-08 06:56:54.825440,London-54fc,41,11,Normal
2026-02-08 06:56:55.825440,London-54fc,8,26,Normal
2026-02-08 06:56:56.825440,London-54fc,0,14,Normal
2026-02-08 06:56:57.825440,London-54fc,-20,97,Normal
2026-02-08 06:56:58.825440,London-54fc,-26,7,Normal
2026-02-08 06:56:59.825440,London-54fc,-16,14,Normal
2026-02-08 06:57:00.825440,London-54fc,-6,65,Normal
2026-02-08 06:57:01.825440,London-54fc,49,91,Normal
2026-02-08 06:57:02.825440,London-54fc,48,52,Normal
2026-02-08 06:57:03.825440,London-54fc,-23,27,Normal
2026-02-08 06:57:04.825440,London-54fc,12,18,Normal
2026-02-08 06:57:05.825440,London-54fc,27,40,Normal
2026-02-08 06:57:06.825440,London-54fc,15,77,Normal
2026-02-08 06:57:07.825440,London-54fc,10,51,Normal
2026-02-08 06:57:08.825440,London-54fc,-6,70,Normal
2026-02-08 06:57:09.825440,London-54fc,25,84,Normal
2026-02-08 06:57:10.825440,London-54fc,-23,0,Normal
2026-02-08 06:57:11.825440,London-54fc,39,91,Normal
2026-02-08 06:57:12.825440,London-54fc,-10,50,Normal
2026-02-08 06:57:13.825440,London-54fc,21,87,Normal
2026-02-08 06:57:14.825440,London-54fc,25,33,Normal
2026-02-08 06:57:15.825440,London-54fc,9,13,Normal
2026-02-08 06:57:16.825440,London-54fc,-18,81,Normal
2026-02-08 06:57:17.825440,London-54fc,-18,4,Normal
2026-02-08 06:57:18.825440,London-54fc,28,94,Normal
2026-02-08 06:57:19.825440,London-54fc,-26,73,Normal
2026-02-08 06:57:20.825440,London-54fc,44,86,Normal
2026-02-08 06:57:21.825440,London-54fc,-13,99,Normal
2026-02-08 06:57:22.825440,London-54fc,-9,76,Normal
2026-02-08 06:57:23.825440,London-54fc,30,60,Normal
2026-02-08 06:57:24.825440,London-54fc,33,59,Normal
2026-02-08 06:57:25.825440,London-54fc,-7,78,Normal
2026-02-08 06:57:26.825440,London-54fc,35,87,Normal
2026-02-08 06:57:27.825440,London-54fc,-12,75,Normal
2026-02-08 06:57:28.825440,London-54fc,26,71,Normal
2026-02-08 06:57:29.825440,London-54fc,-3,81,Normal
2026-02-08 06:57:30.825440,London-54fc,40,3,Normal
2026-02-08 06:57:31.825440,London-54fc,-1,39,Normal
2026-02-08 06:57:32.825440,London-54fc,-23,57,Normal
2026-02-08 06:57:33.825440,London-54fc,33,77,Normal
2026-02-08 06:57:34.825440,London-54fc,42,30,Normal
2026-02-08 06:57:35.825440,London-54fc,31,74,Normal
2026-02-08 06:57:36.825440,London-54fc,-11,7,Normal
2026-02-08 06:57:37.825440,London-54fc,-8,31,Normal
2026-02-08 06:57:38.825440,London-54fc,36,63,Normal
2026-02-08 06:57:39.825440,London-54fc,34,3,Normal
2026-02-08 06:57:40.825440,London-54fc,44,84,Normal
2026-02-08 06:57:41.825440,London-54fc,32,73,Normal
2026-02-08 06:57:42.825440,London-54fc,22,59,Normal
2026-02-08 06:57:43.825440,London-54fc,18,90,Normal
2026-02-08 06:57:44.825440,London-54fc,9,9,Normal
2026-02-08 06:57:45.825440,London-54fc,-23,28,Normal
2026-02-08 06:57:46.825440,London-54fc,15,82,Normal
2026-02-08 06:57:47.825440,London-54fc,26,83,Normal
2026-02-08 06:57:48.825440,London-54fc,31,21,Normal
2026-02-08 06:57:49.825440,London-54fc,-5,70,Normal
2026-02-08 06:57:50.825440,London-54fc,-16,35,Normal
2026-02-08 06:57:51.825440,London-54fc,18,53,Normal
2026-02-08 06:57:52.825440,London-54fc,16,48,Normal
2026-02-08 06:57:53.825440,London-54fc,44,90,Normal
2026-02-08 06:57:54.825440,London-54fc,2,53,Normal
2026-02-08 06:57:55.825440,London-54fc,27,96,Normal
2026-02-08 06:57:56.825440,London-54fc,-26,79,Normal
2026-02-08 06:57:57.825440,London-54fc,-27,12,Normal
2026-02-08 06:57:58.825440,London-54fc,0,14,Normal
2026-02-08 06:57:59.825440,London-54fc,1,61,Normal
2026-02-08 06:58:00.825440,London-54fc,1,67,Normal
2026-02-08 06:58:01.825440,London-54fc,29,61,Normal
2026-02-08 06:58:02.825440,London-54fc,-7,12,Normal
2026-02-08 06:58:03.825440,London-54fc,12,60,Normal
2026-02-08 06:58:04.825440,London-54fc,14,55,Normal
2026-02-08 06:58:05.825440,London-54fc,-1,20,Normal
2026-02-08 06:58:06.825440,London-54fc,-21,61,Normal
2026-02-08 06:58:07.825440,London-54fc,50,56,Normal
2026-02-08 06:58:08.825440,London-54fc,15,11,Normal
2026-02-08 06:58:09.825440,London-54fc,19,39,Normal
2026-02-08 06:58:10.825440,London-54fc,40,89,Normal
2026-02-08 06:58:11.825440,London-54fc,9,79,Normal
2026-02-08 06:58:12.825440,London-54fc,10,83,Normal
2026-02-08 06:58:13.825440,London-54fc,29,21,Normal
2026-02-08 06:58:14.825440,London-54fc,0,12,Normal
2026-02-08 06:58:15.825440,London-54fc,3,6,Normal
2026-02-08 06:58:16.825440,London-54fc,-10,20,Normal
2026-02-08 06:58:17.825440,London-54fc,30,65,Normal
2026-02-08 06:58:18.825440,London-54fc,21,54,Normal
2026-02-08 06:58:19.825440,London-54fc,-25,21,Normal
2026-02-08 06:58:20.825440,London-54fc,49,24,Normal
2026-02-08 06:58:21.825440,London-54fc,29,32,Normal
2026-02-08 06:58:22.825440,London-54fc,42,21,Normal
2026-02-08 06:58:23.825440,London-54fc,-25,51,Normal
2026-02-08 06:58:24.825440,London-54fc,-19,6,Normal
2026-02-08 06:58:25.825440,London-54fc,18,75,Normal
2026-02-08 06:58:26.825440,London-54fc,40,28,Normal
2026-02-08 06:58:27.825440,London-54fc,20,87,Normal
2026-02-08 06:58:28.825440,London-54fc,8,46,Normal
2026-02-08 06:58:29.825440,London-54fc,-27,97,Normal
2026-02-08 06:58:30.825440,London-54fc,1,29,Normal
2026-02-08 06:58:31.825440,London-54fc,38,94,Normal
2026-02-08 06:58:32.825440,London-54fc,-7,82,Normal
2026-02-08 06:58:33.825440,London-54fc,42,41,Normal
2026-02-08 06:58:34.825440,London-54fc,-18,87,Normal
2026-02-08 06:58:35.825440,London-54fc,36,0,Normal
2026-02-08 06:58:36.825440,London-54fc,-15,33,Normal
2026-02-08 06:58:37.825440,London-54fc,19,76,Normal
2026-02-08 06:58:38.825440,London-54fc,17,11,Normal
2026-02-08 06:58:39.825440,London-54fc,13,71,Normal
2026-02-08 06:58:40.825440,London-54fc,36,87,Normal
2026-02-08 06:58:41.825440,London-54fc,-28,30,Normal
2026-02-08 06:58:42.825440,London-54fc,10,95,Normal
2026-02-08 06:58:43.825440,London-54fc,32,83,Normal
2026-02-08 06:58:44.825440,London-54fc,21,71,Normal
2026-02-08 06:58:45.825440,London-54fc,20,95,Normal
2026-02-08 06:58:46.825440,London-54fc,-19,56,Normal
2026-02-08 06:58:47.825440,London-54fc,50,96,Normal
2026-02-08 06:58:48.825440,London-54fc,17,76,Normal
2026-02-08 06:58:49.825440,London-54fc,-29,35,Normal
2026-02-08 06:58:50.825440,London-54fc,-3,70,Normal
2026-02-08 06:58:51.825440,London-54fc,-23,56,Normal
2026-02-08 06:58:52.825440,London-54fc,40,42,Normal
2026-02-08 06:58:53.825440,London-54fc,13,74,Normal
2026-02-08 06:58:54.825440,London-54fc,3,93,Normal
2026-02-08 06:58:55.825440,London-54fc,13,2,Normal
2026-02-08 06:58:56.825440,London-54fc,-19,92,Normal
2026-02-08 06:58:57.825440,London-54fc,33,36,Normal
2026-02-08 06:58:58.825440,London-54fc,10,12,Normal
2026-02-08 06:58:59.825440,London-54fc,15,19,Normal
2026-02-08 06:59:00.825440,London-54fc,20,14,Normal
2026-02-08 06:59:01.825440,London-54fc,-21,1,Normal
2026-02-08 06:59:02.825440,London-54fc,40,7,Normal
2026-02-08 06:59:03.825440,London-54fc,23,64,Normal
2026-02-08 06:59:04.825440,London-54fc,47,28,Normal
2026-02-08 06:59:05.825440,London-54fc,35,49,Normal
2026-02-08 06:59:06.825440,London-54fc,9,49,Normal
2026-02-08 06:59:07.825440,London-54fc,12,84,Normal
2026-02-08 06:59:08.825440,London-54fc,47,73,Normal
2026-02-08 06:59:09.825440,London-54fc,8,61,Normal
2026-02-08 06:59:10.825440,London-54fc,10,62,Normal
2026-02-08 06:59:11.825440,London-54fc,-5,43,Normal
2026-02-08 06:59:12.825440,London-54fc,42,0,Normal
2026-02-08 06:59:13.825440,London-54fc,13,3,Normal
2026-02-08 06:59:14.825440,London-54fc,42,24,Normal
2026-02-08 06:59:15.825440,London-54fc,-17,62,Normal
2026-02-08 06:59:16.825440,London-54fc,14,12,Normal
2026-02-08 06:59:17.825440,London-54fc,-14,31,Normal
2026-02-08 06:59:18.825440,London-54fc,39,75,Normal
2026-02-08 06:59:19.825440,London-54fc,19,20,Normal
2026-02-08 06:59:20.825440,London-54fc,-6,70,Normal
2026-02-08 06:59:21.825440,London-54fc,24,82,Normal
2026-02-08 06:59:22.825440,London-54fc,-3,29,Normal
2026-02-08 06:59:23.825440,London-54fc,-17,48,Normal
2026-02-08 06:59:24.825440,London-54fc,29,49,Normal
2026-02-08 06:59:25.825440,London-54fc,23,84,Normal
2026-02-08 06:59:26.825440,London-54fc,-15,39,Normal
2026-02-08 06:59:27.825440,London-54fc,4,51,Normal
2026-02-08 06:59:28.825440,London-54fc,-4,86,Normal
2026-02-08 06:59:29.825440,London-54fc,-27,49,Normal
2026-02-08 06:59:30.825440,London-54fc,-16,21,Normal
2026-02-08 06:59:31.825440,London-54fc,-22,25,Normal
2026-02-08 06:59:32.825440,London-54fc,26,96,Normal
2026-02-08 06:59:33.825440,London-54fc,12,98,Normal
2026-02-08 06:59:34.825440,London-54fc,35,29,Normal
2026-02-08 06:59:35.825440,London-54fc,-26,94,Normal
2026-02-08 06:59:36.825440,London-54fc,50,8,Normal
2026-02-08 06:59:37.825440,London-54fc,-16,49,Normal
2026-02-08 06:59:38.825440,London-54fc,-1,96,Normal
2026-02-08 06:59:39.825440,London-54fc,6,63,Normal
2026-02-08 06:59:40.825440,London-54fc,-3,32,Normal
2026-02-08 06:59:41.825440,London-54fc,15,8,Normal
2026-02-08 06:59:42.825440,London-54fc,-23,2,Normal
2026-02-08 06:59:43.825440,London-54fc,19,23,Normal
2026-02-08 06:59:44.825440,London-54fc,12,68,Normal
2026-02-08 06:59:45.825440,London-54fc,38,27,Normal
2026-02-08 06:59:46.825440,London-54fc,24,74,Normal
2026-02-08 06:59:47.825440,London-54fc,1,100,Normal
2026-02-08 06:59:48.825440,London-54fc,-13,97,Normal
2026-02-08 06:59:49.825440,London-54fc,-5,57,Normal
2026-02-08 06:59:50.825440,London-54fc,28,55,Normal
2026-02-08 06:59:51.825440,London-54fc,-19,18,Normal
2026-02-08 06:59:52.825440,London-54fc,-24,26,Normal
2026-02-08 06:59:53.825440,London-54fc,-7,11,Normal
2026-02-08 06:59:54.825440,London-54fc,5,44,Normal
2026-02-08 06:59:55.825440,London-54fc,27,8,Normal
2026-02-08 06:59:56.825440,London-54fc,46,35,Normal
2026-02-08 06:59:57.825440,London-54fc,-4,19,Normal
2026-02-08 06:59:58.825440,London-54fc,37,55,Normal
2026-02-08 06:59:59.825440,London-54fc,-1,68,Normal
2026-02-08 07:00:00.825440,London-54fc,-5,84,Normal
2026-02-08 07:00:01.825440,London-54fc,17,59,Normal
2026-02-08 07:00:02.825440,London-54fc,28,79,Normal
2026-02-08 07:00:03.825440,London-54fc,-18,77,Normal
2026-02-08 07:00:04.825440,London-54fc,24,77,Normal
2026-02-08 07:00:05.825440,London-54fc,34,13,Normal
2026-02-08 07:00:06.825440,London-54fc,14,9,Normal
2026-02-08 07:00:07.825440,London-54fc,-2,60,Normal
2026-02-08 07:00:08.825440,London-54fc,-9,24,Normal
2026-02-08 07:00:09.825440,London-54fc,14,27,Normal
2026-02-08 07:00:10.825440,London-54fc,38,39,Normal
2026-02-08 07:00:11.825440,London-54fc,5,77,Normal
2026-02-08 07:00:12.825440,London-54fc,-26,83,Normal
2026-02-08 07:00:13.825440,London-54fc,-4,0,Normal
2026-02-08 07:00:14.825440,London-54fc,-8,94,Normal
2026-02-08 07:00:15.825440,London-54fc,2,39,Normal
2026-02-08 07:00:16.825440,London-54fc,-11,45,Normal
2026-02-08 07:00:17.825440,London-54fc,-15,26,Normal
2026-02-08 07:00:18.825440,London-54fc,46,16,Normal
2026-02-08 07:00:19.825440,London-54fc,20,0,Normal
2026-02-08 07:00:20.825440,London-54fc,50,10,Normal
2026-02-08 07:00:21.825440,London-54fc,-16,84,Normal
2026-02-08 07:00:22.825440,London-54fc,34,11,Normal
2026-02-08 07:00:23.825440,London-54fc,-3,6,Normal
2026-02-08 07:00:24.825440,London-54fc,49,47,Normal
2026-02-08 07:00:25.825440,London-54fc,4,69,Normal
2026-02-08 07:00:26.825440,London-54fc,50,11,Normal
2026-02-08 07:00:27.825440,London-54fc,-4,41,Normal
2026-02-08 07:00:28.825440,London-54fc,22,59,Normal
2026-02-08 07:00:29.825440,London-54fc,-5,29,Normal
2026-02-08 07:00:30.825440,London-54fc,-4,83,Normal
2026-02-08 07:00:31.825440,London-54fc,32,42,Normal
2026-02-08 07:00:32.825440,London-54fc,4,17,Normal
2026-02-08 07:00:33.825440,London-54fc,35,45,Normal
2026-02-08 07:00:34.825440,London-54fc,16,27,Normal
2026-02-08 07:00:35.825440,London-54fc,27,28,Normal
2026-02-08 07:00:36.825440,London-54fc,39,67,Normal
2026-02-08 07:00:37.825440,London-54fc,11,11,Normal
2026-02-08 07:00:38.825440,London-54fc,13,64,Normal
2026-02-08 07:00:39.825440,London-54fc,12,26,Normal
2026-02-08 07:00:40.825440,London-54fc,-27,64,Normal
2026-02-08 07:00:41.825440,London-54fc,48,18,Normal
2026-02-08 07:00:42.825440,London-54fc,-17,14,Normal
2026-02-08 07:00:43.825440,London-54fc,12,24,Normal
2026-02-08 07:00:44.825440,London-54fc,50,26,Normal
2026-02-08 07:00:45.825440,London-54fc,17,63,Normal
2026-02-08 07:00:46.825440,London-54fc,1,15,Normal
2026-02-08 07:00:47.825440,London-54fc,-1,42,Normal
2026-02-08 07:00:48.825440,London-54fc,1,88,Normal
2026-02-08 07:00:49.825440,London-54fc,-18,47,Normal
2026-02-08 07:00:50.825440,London-54fc,-16,72,Normal
2026-02-08 07:00:51.825440,London-54fc,1,40,Normal
2026-02-08 07:00:52.825440,London-54fc,47,57,Normal
2026-02-08 07:00:53.825440,London-54fc,31,95,Normal
2026-02-08 07:00:54.825440,London-54fc,47,100,Normal
2026-02-08 07:00:55.825440,London-54fc,3,55,Normal
2026-02-08 07:00:56.825440,London-54fc,-1,83,Normal
2026-02-08 07:00:57.825440,London-54fc,26,94,Normal
2026-02-08 07:00:58.825440,London-54fc,14,94,Normal
2026-02-08 07:00:59.825440,London-54fc,-20,84,Normal
2026-02-08 07:01:00.825440,London-54fc,3,75,Normal
2026-02-08 07:01:01.825440,London-54fc,-9,61,Normal
2026-02-08 07:01:02.825440,London-54fc,-2,36,Normal
2026-02-08 07:01:03.825440,London-54fc,48,87,Normal
2026-02-08 07:01:04.825440,London-54fc,10,80,Normal
2026-02-08 07:01:05.825440,London-54fc,-6,91,Normal
2026-02-08 07:01:06.825440,London-54fc,49,96,Normal
2026-02-08 07:01:07.825440,London-54fc,0,51,Normal
2026-02-08 07:01:08.825440,London-54fc,-15,62,Normal
2026-02-08 07:01:09.825440,London-54fc,13,23,Normal
2026-02-08 07:01:10.825440,London-54fc,38,83,Normal
2026-02-08 07:01:11.825440,London-54fc,-8,92,Normal
2026-02-08 07:01:12.825440,London-54fc,6,65,Normal
2026-02-08 07:01:13.825440,London-54fc,24,64,Normal
2026-02-08 07:01:14.825440,London-54fc,47,12,Normal
2026-02-08 07:01:15.825440,London-54fc,29,26,Normal
2026-02-08 07:01:16.825440,London-54fc,30,67,Normal
2026-02-08 07:01:17.825440,London-54fc,-18,11,Normal
2026-02-08 07:01:18.825440,London-54fc,3,1,Normal
2026-02-08 07:01:19.825440,London-54fc,1,70,Normal
2026-02-08 07:01:20.825440,London-54fc,35,79,Normal
2026-02-08 07:01:21.825440,London-54fc,41,31,Normal
2026-02-08 07:01:22.825440,London-54fc,2,45,Normal
2026-02-08 07:01:23.825440,London-54fc,-16,13,Normal
2026-02-08 07:01:24.825440,London-54fc,43,99,Normal
2026-02-08 07:01:25.825440,London-54fc,11,77,Normal
2026-02-08 07:01:26.825440,London-54fc,-17,67,Normal
2026-02-08 07:01:27.825440,London-54fc,17,85,Normal
2026-02-08 07:01:28.825440,London-54fc,0,9,Normal
2026-02-08 07:01:29.825440,London-54fc,0,28,Normal
2026-02-08 07:01:30.825440,London-54fc,-6,37,Normal
2026-02-08 07:01:31.825440,London-54fc,-16,14,Normal
2026-02-08 07:01:32.825440,London-54fc,18,14,Normal
2026-02-08 07:01:33.825440,London-54fc,47,34,Normal
2026-02-08 07:01:34.825440,London-54fc,-21,88,Normal
2026-02-08 07:01:35.825440,London-54fc,10,72,Normal
2026-02-08 07:01:36.825440,London-54fc,49,31,Normal
2026-02-08 07:01:37.825440,London-54fc,48,41,Normal
2026-02-08 07:01:38.825440,London-54fc,-16,23,Normal
2026-02-08 07:01:39.825440,London-54fc,37,16,Normal
2026-02-08 07:01:40.825440,London-54fc,-8,76,Normal
2026-02-08 07:01:41.825440,London-54fc,-4,50,Normal
2026-02-08 07:01:42.825440,London-54fc,25,41,Normal
2026-02-08 07:01:43.825440,London-54fc,0,79,Normal
2026-02-08 07:01:44.825440,London-54fc,-4,17,Normal
2026-02-08 07:01:45.825440,London-54fc,35,27,Normal
2026-02-08 07:01:46.825440,London-54fc,38,23,Normal
2026-02-08 07:01:47.825440,London-54fc,17,9,Normal
2026-02-08 07:01:48.825440,London-54fc,12,16,Normal
2026-02-08 07:01:49.825440,London-54fc,20,100,Normal
2026-02-08 07:01:50.825440,London-54fc,49,51,Normal
2026-02-08 07:01:51.825440,London-54fc,43,76,Normal
2026-02-08 07:01:52.825440,London-54fc,-12,51,Normal
2026-02-08 07:01:53.825440,London-54fc,26,81,Normal
2026-02-08 07:01:54.825440,London-54fc,19,18,Normal
2026-02-08 07:01:55.825440,London-54fc,41,43,Normal
2026-02-08 07:01:56.825440,London-54fc,47,44,Normal
2026-02-08 07:01:57.825440,London-54fc,-2,78,Normal
2026-02-08 07:01:58.825440,London-54fc,11,52,Normal
2026-02-08 07:01:59.825440,London-54fc,-6,21,Normal
2026-02-08 07:02:00.825440,London-54fc,24,14,Normal
2026-02-08 07:02:01.825440,London-54fc,18,82,Normal
2026-02-08 07:02:02.825440,London-54fc,-7,88,Normal
2026-02-08 07:02:03.825440,London-54fc,-6,79,Normal
2026-02-08 07:02:04.825440,London-54fc,-21,85,Normal
2026-02-08 07:02:05.825440,London-54fc,36,14,Normal
2026-02-08 07:02:06.825440,London-54fc,30,40,Normal
2026-02-08 07:02:07.825440,London-54fc,-26,43,Normal
2026-02-08 07:02:08.825440,London-54fc,-3,19,Normal
2026-02-08 07:02:09.825440,London-54fc,29,20,Normal
2026-02-08 07:02:10.825440,London-54fc,-12,28,Normal
2026-02-08 07:02:11.825440,London-54fc,-26,68,Normal
2026-02-08 07:02:12.825440,London-54fc,-25,78,Normal
2026-02-08 07:02:13.825440,London-54fc,-7,11,Normal
2026-02-08 07:02:14.825440,London-54fc,-25,3,Normal
2026-02-08 07:02:15.825440,London-54fc,12,71,Normal
2026-02-08 07:02:16.825440,London-54fc,-26,28,Normal
2026-02-08 07:02:17.825440,London-54fc,-22,87,Normal
2026-02-08 07:02:18.825440,London-54fc,34,18,Normal
2026-02-08 07:02:19.825440,London-54fc,9,15,Normal
2026-02-08 07:02:20.825440,London-54fc,45,81,Normal
2026-02-08 07:02:21.825440,London-54fc,41,39,Normal
2026-02-08 07:02:22.825440,London-54fc,-9,55,Normal
2026-02-08 07:02:23.825440,London-54fc,-11,83,Normal
2026-02-08 07:02:24.825440,London-54fc,48,82,Normal
2026-02-08 07:02:25.825440,London-54fc,-8,76,Normal
2026-02-08 07:02:26.825440,London-54fc,10,7,Normal
2026-02-08 07:02:27.825440,London-54fc,40,33,Normal
2026-02-08 07:02:28.825440,London-54fc,-14,27,Normal
2026-02-08 07:02:29.825440,London-54fc,-3,84,Normal
2026-02-08 07:02:30.825440,London-54fc,-6,41,Normal
2026-02-08 07:02:31.825440,London-54fc,0,3,Normal
2026-02-08 07:02:32.825440,London-54fc,7,76,Normal
2026-02-08 07:02:33.825440,London-54fc,-16,87,Normal
2026-02-08 07:02:34.825440,London-54fc,44,78,Normal
2026-02-08 07:02:35.825440,London-54fc,32,29,Normal
2026-02-08 07:02:36.825440,London-54fc,12,7,Normal
2026-02-08 07:02:37.825440,London-54fc,27,7,Normal
2026-02-08 07:02:38.825440,London-54fc,27,47,Normal
2026-02-08 07:02:39.825440,London-54fc,21,85,Normal
2026-02-08 07:02:40.825440,London-54fc,7,62,Normal
2026-02-08 07:02:41.825440,London-54fc,23,48,Normal
2026-02-08 07:02:42.825440,London-54fc,-18,17,Normal
2026-02-08 07:02:43.825440,London-54fc,32,20,Normal
2026-02-08 07:02:44.825440,London-54fc,-13,57,Normal
2026-02-08 07:02:45.825440,London-54fc,22,16,Normal
2026-02-08 07:02:46.825440,London-54fc,16,61,Normal
2026-02-08 07:02:47.825440,London-54fc,19,65,Normal
2026-02-08 07:02:48.825440,London-54fc,14,14,Normal
2026-02-08 07:02:49.825440,London-54fc,38,12,Normal
2026-02-08 07:02:50.825440,London-54fc,13,79,Normal
2026-02-08 07:02:51.825440,London-54fc,-29,70,Normal
2026-02-08 07:02:52.825440,London-54fc,8,16,Normal
2026-02-08 07:02:53.825440,London-54fc,-7,33,Normal
2026-02-08 07:02:54.825440,London-54fc,16,72,Normal
2026-02-08 07:02:55.825440,London-54fc,14,24,Normal
2026-02-08 07:02:56.825440,London-54fc,10,72,Normal
2026-02-08 07:02:57.825440,London-54fc,40,62,Normal
2026-02-08 07:02:58.825440,London-54fc,42,66,Normal
2026-02-08 07:02:59.825440,London-54fc,-13,55,Normal
2026-02-08 07:03:00.825440,London-54fc,38,24,Normal
2026-02-08 07:03:01.825440,London-54fc,9,73,Normal
2026-02-08 07:03:02.825440,London-54fc,40,66,Normal
2026-02-08 07:03:03.825440,London-54fc,30,59,Normal
2026-02-08 07:03:04.825440,London-54fc,9,89,Normal
2026-02-08 07:03:05.825440,London-54fc,-9,34,Normal
2026-02-08 07:03:06.825440,London-54fc,-19,91,Normal
2026-02-08 07:03:07.825440,London-54fc,0,61,Normal
2026-02-08 07:03:08.825440,London-54fc,42,5,Normal
2026-02-08 07:03:09.825440,London-54fc,-4,54,Normal
2026-02-08 07:03:10.825440,London-54fc,15,13,Normal
2026-02-08 07:03:11.825440,London-54fc,1,87,Normal
2026-02-08 07:03:12.825440,London-54fc,-28,87,Normal
2026-02-08 07:03:13.825440,London-54fc,-5,57,Normal
2026-02-08 07:03:14.825440,London-54fc,19,91,Normal
2026-02-08 07:03:15.825440,London-54fc,-2,82,Normal
2026-02-08 07:03:16.825440,London-54fc,-10,45,Normal
2026-02-08 07:03:17.825440,London-54fc,17,97,Normal
2026-02-08 07:03:18.825440,London-54fc,23,32,Normal
2026-02-08 07:03:19.825440,London-54fc,15,22,Normal
2026-02-08 07:03:20.825440,London-54fc,20,20,Normal
2026-02-08 07:03:21.825440,London-54fc,-1,22,Normal
2026-02-08 07:03:22.825440,London-54fc,-6,25,Normal
2026-02-08 07:03:23.825440,London-54fc,43,48,Normal
2026-02-08 07:03:24.825440,London-54fc,-5,0,Normal
2026-02-08 07:03:25.825440,London-54fc,-18,34,Normal
2026-02-08 07:03:26.825440,London-54fc,1,68,Normal
2026-02-08 07:03:27.825440,London-54fc,29,72,Normal
2026-02-08 07:03:28.825440,London-54fc,9,47,Normal
2026-02-08 07:03:29.825440,London-54fc,13,91,Normal
2026-02-08 07:03:30.825440,London-54fc,14,97,Normal
2026-02-08 07:03:31.825440,London-54fc,6,73,Normal
2026-02-08 07:03:32.825440,London-54fc,47,11,Normal
2026-02-08 07:03:33.825440,London-54fc,48,96,Normal
2026-02-08 07:03:34.825440,London-54fc,32,96,Normal
2026-02-08 07:03:35.825440,London-54fc,4,7,Normal
2026-02-08 07:03:36.825440,London-54fc,49,48,Normal
2026-02-08 07:03:37.825440,London-54fc,-29,97,Normal
2026-02-08 07:03:38.825440,London-54fc,2,32,Normal
2026-02-08 07:03:39.825440,London-54fc,22,80,Normal
2026-02-08 07:03:40.825440,London-54fc,-14,89,Normal
2026-02-08 07:03:41.825440,London-54fc,49,23,Normal
2026-02-08 07:03:42.825440,London-54fc,9,3,Normal
2026-02-08 07:03:43.825440,London-54fc,9,93,Normal
2026-02-08 07:03:44.825440,London-54fc,-9,1,Normal
2026-02-08 07:03:45.825440,London-54fc,50,88,Normal
2026-02-08 07:03:46.825440,London-54fc,45,55,Normal
2026-02-08 07:03:47.825440,London-54fc,6,48,Normal
2026-02-08 07:03:48.825440,London-54fc,-2,94,Normal
2026-02-08 07:03:49.825440,London-54fc,-4,8,Normal
2026-02-08 07:03:50.825440,London-54fc,0,25,Normal
2026-02-08 07:03:51.825440,London-54fc,17,63,Normal
2026-02-08 07:03:52.825440,London-54fc,-10,27,Normal
2026-02-08 07:03:53.825440,London-54fc,36,37,Normal
2026-02-08 07:03:54.825440,London-54fc,-14,7,Normal
2026-02-08 07:03:55.825440,London-54fc,-14,54,Normal
2026-02-08 07:03:56.825440,London-54fc,22,94,Normal
2026-02-08 07:03:57.825440,London-54fc,-17,62,Normal
2026-02-08 07:03:58.825440,London-54fc,-15,20,Normal
2026-02-08 07:03:59.825440,London-54fc,49,34,Normal
2026-02-08 07:04:00.825440,London-54fc,1,37,Normal
2026-02-08 07:04:01.825440,London-54fc,35,69,Normal
2026-02-08 07:04:02.825440,London-54fc,-12,90,Normal
2026-02-08 07:04:03.825440,London-54fc,-30,37,Normal
2026-02-08 07:04:04.825440,London-54fc,-23,29,Normal
2026-02-08 07:04:05.825440,London-54fc,45,10,Normal
2026-02-08 07:04:06.825440,London-54fc,-11,81,Normal
2026-02-08 07:04:07.825440,London-54fc,28,81,Normal
2026-02-08 07:04:08.825440,London-54fc,41,51,Normal
2026-02-08 07:04:09.825440,London-54fc,20,72,Normal
2026-02-08 07:04:10.825440,London-54fc,19,83,Normal
2026-02-08 07:04:11.825440,London-54fc,41,28,Normal
2026-02-08 07:04:12.825440,London-54fc,25,60,Normal
2026-02-08 07:04:13.825440,London-54fc,50,0,Normal
2026-02-08 07:04:14.825440,London-54fc,28,51,Normal
2026-02-08 07:04:15.825440,London-54fc,29,22,Normal
2026-02-08 07:04:16.825440,London-54fc,-17,74,Normal
2026-02-08 07:04:17.825440,London-54fc,2,73,Normal
2026-02-08 07:04:18.825440,London-54fc,-27,90,Normal
2026-02-08 07:04:19.825440,London-54fc,46,10,Normal
2026-02-08 07:04:20.825440,London-54fc,13,18,Normal
2026-02-08 07:04:21.825440,London-54fc,10,48,Normal
2026-02-08 07:04:22.825440,London-54fc,46,94,Normal
2026-02-08 07:04:23.825440,London-54fc,35,71,Normal
2026-02-08 07:04:24.825440,London-54fc,12,70,Normal
2026-02-08 07:04:25.825440,London-54fc,-7,100,Normal
2026-02-08 07:04:26.825440,London-54fc,25,94,Normal
2026-02-08 07:04:27.825440,London-54fc,29,47,Normal
2026-02-08 07:04:28.825440,London-54fc,8,53,Normal
2026-02-08 07:04:29.825440,London-54fc,37,62,Normal
2026-02-08 07:04:30.825440,London-54fc,-8,88,Normal
2026-02-08 07:04:31.825440,London-54fc,28,32,Normal
2026-02-08 07:04:32.825440,London-54fc,-20,8,Normal
2026-02-08 07:04:33.825440,London-54fc,47,70,Normal
2026-02-08 07:04:34.825440,London-54fc,-24,13,Normal
2026-02-08 07:04:35.825440,London-54fc,-14,96,Normal
2026-02-08 07:04:36.825440,London-54fc,-26,52,Normal
2026-02-08 07:04:37.825440,London-54fc,32,71,Normal
2026-02-08 07:04:38.825440,London-54fc,29,42,Normal
2026-02-08 07:04:39.825440,London-54fc,6,52,Normal
2026-02-08 07:04:40.825440,London-54fc,9,3,Normal
2026-02-08 07:04:41.825440,London-54fc,-23,98,Normal
2026-02-08 07:04:42.825440,London-54fc,7,82,Normal
2026-02-08 07:04:43.825440,London-54fc,-18,40,Normal
2026-02-08 07:04:44.825440,London-54fc,32,75,Normal
2026-02-08 07:04:45.825440,London-54fc,15,48,Normal
2026-02-08 07:04:46.825440,London-54fc,-2,71,Normal
2026-02-08 07:04:47.825440,London-54fc,-28,65,Normal
2026-02-08 07:04:48.825440,London-54fc,35,63,Normal
2026-02-08 07:04:49.825440,London-54fc,16,77,Normal
2026-02-08 07:04:50.825440,London-54fc,17,60,Normal
2026-02-08 07:04:51.825440,London-54fc,-15,18,Normal
2026-02-08 07:04:52.825440,London-54fc,0,30,Normal
2026-02-08 07:04:53.825440,London-54fc,28,80,Normal
2026-02-08 07:04:54.825440,London-54fc,32,57,Normal
2026-02-08 07:04:55.825440,London-54fc,-6,74,Normal
2026-02-08 07:04:56.825440,London-54fc,-20,3,Normal
2026-02-08 07:04:57.825440,London-54fc,13,38,Normal
2026-02-08 07:04:58.825440,London-54fc,-19,86,Normal
2026-02-08 07:04:59.825440,London-54fc,-10,94,Normal
2026-02-08 07:05:00.825440,London-54fc,-2,7,Normal
2026-02-08 07:05:01.825440,London-54fc,29,96,Normal
2026-02-08 07:05:02.825440,London-54fc,11,41,Normal
2026-02-08 07:05:03.825440,London-54fc,28,29,Normal
2026-02-08 07:05:04.825440,London-54fc,-17,45,Normal
2026-02-08 07:05:05.825440,London-54fc,20,57,Normal
2026-02-08 07:05:06.825440,London-54fc,-21,61,Normal
2026-02-08 07:05:07.825440,London-54fc,-28,54,Normal
2026-02-08 07:05:08.825440,London-54fc,33,15,Normal
2026-02-08 07:05:09.825440,London-54fc,24,10,Normal
2026-02-08 07:05:10.825440,London-54fc,-30,8,Normal
2026-02-08 07:05:11.825440,London-54fc,37,33,Normal
2026-02-08 07:05:12.825440,London-54fc,33,29,Normal
2026-02-08 07:05:13.825440,London-54fc,32,68,Normal
2026-02-08 07:05:14.825440,London-54fc,-19,64,Normal
2026-02-08 07:05:15.825440,London-54fc,45,94,Normal
2026-02-08 07:05:16.825440,London-54fc,-23,54,Normal
2026-02-08 07:05:17.825440,London-54fc,-12,19,Normal
2026-02-08 07:05:18.825440,London-54fc,-16,38,Normal
2026-02-08 07:05:19.825440,London-54fc,1,32,Normal
2026-02-08 07:05:20.825440,London-54fc,-18,92,Normal
2026-02-08 07:05:21.825440,London-54fc,25,66,Normal
2026-02-08 07:05:22.825440,London-54fc,2,28,Normal
2026-02-08 07:05:23.825440,London-54fc,1,71,Normal
2026-02-08 07:05:24.825440,London-54fc,-18,23,Normal
2026-02-08 07:05:25.825440,London-54fc,50,25,Normal
2026-02-08 07:05:26.825440,London-54fc,14,85,Normal
2026-02-08 07:05:27.825440,London-54fc,9,81,Normal
2026-02-08 07:05:28.825440,London-54fc,25,22,Normal
2026-02-08 07:05:29.825440,London-54fc,17,3,Normal
2026-02-08 07:05:30.825440,London-54fc,43,21,Normal
2026-02-08 07:05:31.825440,London-54fc,30,84,Normal
2026-02-08 07:05:32.825440,London-54fc,13,31,Normal
2026-02-08 07:05:33.825440,London-54fc,21,12,Normal
2026-02-08 07:05:34.825440,London-54fc,2,22,Normal
2026-02-08 07:05:35.825440,London-54fc,20,94,Normal
2026-02-08 07:05:36.825440,London-54fc,9,11,Normal
2026-02-08 07:05:37.825440,London-54fc,8,35,Normal
2026-02-08 07:05:38.825440,London-54fc,-24,79,Normal
2026-02-08 07:05:39.825440,London-54fc,46,72,Normal
2026-02-08 07:05:40.825440,London-54fc,1,64,Normal
2026-02-08 07:05:41.825440,London-54fc,-29,100,Normal
2026-02-08 07:05:42.825440,London-54fc,13,21,Normal
2026-02-08 07:05:43.825440,London-54fc,35,96,Normal
2026-02-08 07:05:44.825440,London-54fc,-30,35,Normal
2026-02-08 07:05:45.825440,London-54fc,31,29,Normal
2026-02-08 07:05:46.825440,London-54fc,-8,66,Normal
2026-02-08 07:05:47.825440,London-54fc,6,35,Normal
2026-02-08 07:05:48.825440,London-54fc,12,9,Normal
2026-02-08 07:05:49.825440,London-54fc,-28,69,Normal
2026-02-08 07:05:50.825440,London-54fc,-7,60,Normal
2026-02-08 07:05:51.825440,London-54fc,32,38,Normal
2026-02-08 07:05:52.825440,London-54fc,26,81,Normal
2026-02-08 07:05:53.825440,London-54fc,32,3,Normal
2026-02-08 07:05:54.825440,London-54fc,42,23,Normal
2026-02-08 07:05:55.825440,London-54fc,-17,30,Normal
2026-02-08 07:05:56.825440,London-54fc,29,15,Normal
2026-02-08 07:05:57.825440,London-54fc,-24,73,Normal
2026-02-08 07:05:58.825440,London-54fc,1,15,Normal
2026-02-08 07:05:59.825440,London-54fc,19,11,Normal
2026-02-08 07:06:00.825440,London-54fc,-6,41,Normal
2026-02-08 07:06:01.825440,London-54fc,40,61,Normal
2026-02-08 07:06:02.825440,London-54fc,49,94,Normal
2026-02-08 07:06:03.825440,London-54fc,29,13,Normal
2026-02-08 07:06:04.825440,London-54fc,12,95,Normal
2026-02-08 07:06:05.825440,London-54fc,-2,41,Normal
2026-02-08 07:06:06.825440,London-54fc,-26,58,Normal
2026-02-08 07:06:07.825440,London-54fc,22,54,Normal
2026-02-08 07:06:08.825440,London-54fc,4,13,Normal
2026-02-08 07:06:09.825440,London-54fc,-12,70,Normal
2026-02-08 07:06:10.825440,London-54fc,-29,60,Normal
2026-02-08 07:06:11.825440,London-54fc,40,82,Normal
2026-02-08 07:06:12.825440,London-54fc,10,54,Normal
2026-02-08 07:06:13.825440,London-54fc,33,76,Normal
2026-02-08 07:06:14.825440,London-54fc,-17,90,Normal
2026-02-08 07:06:15.825440,London-54fc,9,11,Normal
2026-02-08 07:06:16.825440,London-54fc,1,84,Normal
2026-02-08 07:06:17.825440,London-54fc,-28,93,Normal
2026-02-08 07:06:18.825440,London-54fc,8,53,Normal
2026-02-08 07:06:19.825440,London-54fc,38,6,Normal
2026-02-08 07:06:20.825440,London-54fc,29,96,Normal
2026-02-08 07:06:21.825440,London-54fc,-16,31,Normal
2026-02-08 07:06:22.825440,London-54fc,28,39,Normal
2026-02-08 07:06:23.825440,London-54fc,50,35,Normal
2026-02-08 07:06:24.825440,London-54fc,37,21,Normal
2026-02-08 07:06:25.825440,London-54fc,23,59,Normal
2026-02-08 07:06:26.825440,London-54fc,-30,56,Normal
2026-02-08 07:06:27.825440,London-54fc,-10,70,Normal
2026-02-08 07:06:28.825440,London-54fc,-18,77,Normal
2026-02-08 07:06:29.825440,London-54fc,34,98,Normal
2026-02-08 07:06:30.825440,London-54fc,8,25,Normal
2026-02-08 07:06:31.825440,London-54fc,19,29,Normal
2026-02-08 07:06:32.825440,London-54fc,3,71,Normal
2026-02-08 07:06:33.825440,London-54fc,-26,41,Normal
2026-02-08 07:06:34.825440,London-54fc,-14,48,Normal
2026-02-08 07:06:35.825440,London-54fc,19,55,Normal
2026-02-08 07:06:36.825440,London-54fc,49,100,Normal
2026-02-08 07:06:37.825440,London-54fc,-26,51,Normal
2026-02-08 07:06:38.825440,London-54fc,48,31,Normal
2026-02-08 07:06:39.825440,London-54fc,44,3,Normal
2026-02-08 07:06:40.825440,London-54fc,-1,19,Normal
2026-02-08 07:06:41.825440,London-54fc,50,35,Normal
2026-02-08 07:06:42.825440,London-54fc,-22,76,Normal
2026-02-08 07:06:43.825440,London-54fc,18,42,Normal
2026-02-08 07:06:44.825440,London-54fc,48,34,Normal
2026-02-08 07:06:45.825440,London-54fc,47,23,Normal
2026-02-08 07:06:46.825440,London-54fc,26,44,Normal
2026-02-08 07:06:47.825440,London-54fc,17,1,Normal
2026-02-08 07:06:48.825440,London-54fc,-11,94,Normal
2026-02-08 07:06:49.825440,London-54fc,-17,55,Normal
2026-02-08 07:06:50.825440,London-54fc,-22,66,Normal
2026-02-08 07:06:51.825440,London-54fc,43,13,Normal
2026-02-08 07:06:52.825440,London-54fc,9,23,Normal
2026-02-08 07:06:53.825440,London-54fc,-13,79,Normal
2026-02-08 07:06:54.825440,London-54fc,-23,52,Normal
2026-02-08 07:06:55.825440,London-54fc,21,44,Normal
2026-02-08 07:06:56.825440,London-54fc,28,11,Normal
2026-02-08 07:06:57.825440,London-54fc,5,6,Normal
2026-02-08 07:06:58.825440,London-54fc,26,62,Normal
2026-02-08 07:06:59.825440,London-54fc,43,66,Normal
2026-02-08 07:07:00.825440,London-54fc,-8,94,Normal
2026-02-08 07:07:01.825440,London-54fc,-22,55,Normal
2026-02-08 07:07:02.825440,London-54fc,21,36,Normal
2026-02-08 07:07:03.825440,London-54fc,49,5,Normal
2026-02-08 07:07:04.825440,London-54fc,10,28,Normal
2026-02-08 07:07:05.825440,London-54fc,5,41,Normal
2026-02-08 07:07:06.825440,London-54fc,-17,9,Normal
2026-02-08 07:07:07.825440,London-54fc,10,67,Normal
2026-02-08 07:07:08.825440,London-54fc,47,65,Normal
2026-02-08 07:07:09.825440,London-54fc,8,21,Normal
2026-02-08 07:07:10.825440,London-54fc,20,83,Normal
2026-02-08 07:07:11.825440,London-54fc,-14,49,Normal
2026-02-08 07:07:12.825440,London-54fc,42,72,Normal
2026-02-08 07:07:13.825440,London-54fc,49,4,Normal
2026-02-08 07:07:14.825440,London-54fc,4,72,Normal
2026-02-08 07:07:15.825440,London-54fc,34,3,Normal
2026-02-08 07:07:16.825440,London-54fc,-29,82,Normal
2026-02-08 07:07:17.825440,London-54fc,32,18,Normal
2026-02-08 07:07:18.825440,London-54fc,24,76,Normal
2026-02-08 07:07:19.825440,London-54fc,-2,74,Normal
2026-02-08 07:07:20.825440,London-54fc,40,15,Normal
2026-02-08 07:07:21.825440,London-54fc,-23,67,Normal
2026-02-08 07:07:22.825440,London-54fc,15,3,Normal
2026-02-08 07:07:23.825440,London-54fc,-27,96,Normal
2026-02-08 07:07:24.825440,London-54fc,47,13,Normal
2026-02-08 07:07:25.825440,London-54fc,7,14,Normal
2026-02-08 07:07:26.825440,London-54fc,23,77,Normal
2026-02-08 07:07:27.825440,London-54fc,-8,69,Normal
2026-02-08 07:07:28.825440,London-54fc,8,30,Normal
2026-02-08 07:07:29.825440,London-54fc,26,16,Normal
2026-02-08 07:07:30.825440,London-54fc,22,61,Normal
2026-02-08 07:07:31.825440,London-54fc,-20,69,Normal
2026-02-08 07:07:32.825440,London-54fc,19,86,Normal
2026-02-08 07:07:33.825440,London-54fc,2,72,Normal
2026-02-08 07:07:34.825440,London-54fc,31,70,Normal
2026-02-08 07:07:35.825440,London-54fc,33,88,Normal
2026-02-08 07:07:36.825440,London-54fc,-20,79,Normal
2026-02-08 07:07:37.825440,London-54fc,-7,0,Normal
2026-02-08 07:07:38.825440,London-54fc,37,39,Normal
2026-02-08 07:07:39.825440,London-54fc,20,31,Normal
2026-02-08 07:07:40.825440,London-54fc,25,65,Normal
2026-02-08 07:07:41.825440,London-54fc,26,70,Normal
2026-02-08 07:07:42.825440,London-54fc,18,90,Normal
2026-02-08 07:07:43.825440,London-54fc,-13,11,Normal
2026-02-08 07:07:44.825440,London-54fc,-13,45,Normal
2026-02-08 07:07:45.825440,London-54fc,49,40,Normal
2026-02-08 07:07:46.825440,London-54fc,45,0,Normal
2026-02-08 07:07:47.825440,London-54fc,41,57,Normal
2026-02-08 07:07:48.825440,London-54fc,31,9,Normal
2026-02-08 07:07:49.825440,London-54fc,-4,85,Normal
2026-02-08 07:07:50.825440,London-54fc,33,72,Normal
2026-02-08 07:07:51.825440,London-54fc,-13,63,Normal
2026-02-08 07:07:52.825440,London-54fc,45,92,Normal
2026-02-08 07:07:53.825440,London-54fc,-12,57,Normal
2026-02-08 07:07:54.825440,London-54fc,41,26,Normal
2026-02-08 07:07:55.825440,London-54fc,50,82,Normal
2026-02-08 07:07:56.825440,London-54fc,-29,21,Normal
2026-02-08 07:07:57.825440,London-54fc,2,72,Normal
2026-02-08 07:07:58.825440,London-54fc,10,31,Normal
2026-02-08 07:07:59.825440,London-54fc,-24,56,Normal
2026-02-08 07:08:00.825440,London-54fc,-15,20,Normal
2026-02-08 07:08:01.825440,London-54fc,-8,19,Normal
2026-02-08 07:08:02.825440,London-54fc,24,23,Normal
2026-02-08 07:08:03.825440,London-54fc,-11,78,Normal
2026-02-08 07:08:04.825440,London-54fc,50,75,Normal
2026-02-08 07:08:05.825440,London-54fc,-18,55,Normal
2026-02-08 07:08:06.825440,London-54fc,4,36,Normal
2026-02-08 07:08:07.825440,London-54fc,-5,20,Normal
2026-02-08 07:08:08.825440,London-54fc,28,89,Normal
2026-02-08 07:08:09.825440,London-54fc,-1,62,Normal
2026-02-08 07:08:10.825440,London-54fc,5,88,Normal
2026-02-08 07:08:11.825440,London-54fc,30,15,Normal
2026-02-08 07:08:12.825440,London-54fc,41,1,Normal
2026-02-08 07:08:13.825440,London-54fc,-7,79,Normal
2026-02-08 07:08:14.825440,London-54fc,35,92,Normal
2026-02-08 07:08:15.825440,London-54fc,-6,46,Normal
2026-02-08 07:08:16.825440,London-54fc,-1,37,Normal
2026-02-08 07:08:17.825440,London-54fc,40,22,Normal
2026-02-08 07:08:18.825440,London-54fc,14,19,Normal
2026-02-08 07:08:19.825440,London-54fc,36,67,Normal
2026-02-08 07:08:20.825440,London-54fc,-13,71,Normal
2026-02-08 07:08:21.825440,London-54fc,9,39,Normal
2026-02-08 07:08:22.825440,London-54fc,-13,42,Normal
2026-02-08 07:08:23.825440,London-54fc,-5,72,Normal
2026-02-08 07:08:24.825440,London-54fc,29,19,Normal
2026-02-08 07:08:25.825440,London-54fc,-3,62,Normal
2026-02-08 07:08:26.825440,London-54fc,-2,0,Normal
2026-02-08 07:08:27.825440,London-54fc,46,94,Normal
2026-02-08 07:08:28.825440,London-54fc,-3,41,Normal
2026-02-08 07:08:29.825440,London-54fc,27,42,Normal
2026-02-08 07:08:30.825440,London-54fc,14,1,Normal
2026-02-08 07:08:31.825440,London-54fc,48,64,Normal
2026-02-08 07:08:32.825440,London-54fc,-9,57,Normal
2026-02-08 07:08:33.825440,London-54fc,44,83,Normal
2026-02-08 07:08:34.825440,London-54fc,35,28,Normal
2026-02-08 07:08:35.825440,London-54fc,0,70,Normal
2026-02-08 07:08:36.825440,London-54fc,3,31,Normal
2026-02-08 07:08:37.825440,London-54fc,-23,45,Normal
2026-02-08 07:08:38.825440,London-54fc,5,76,Normal
2026-02-08 07:08:39.825440,London-54fc,50,8,Normal
2026-02-08 07:08:40.825440,London-54fc,5,56,Normal
2026-02-08 07:08:41.825440,London-54fc,22,68,Normal
2026-02-08 07:08:42.825440,London-54fc,6,88,Normal
2026-02-08 07:08:43.825440,London-54fc,28,32,Normal
2026-02-08 07:08:44.825440,London-54fc,50,62,Normal
2026-02-08 07:08:45.825440,London-54fc,-24,92,Normal
2026-02-08 07:08:46.825440,London-54fc,16,94,Normal
2026-02-08 07:08:47.825440,London-54fc,-27,21,Normal
2026-02-08 07:08:48.825440,London-54fc,5,65,Normal
2026-02-08 07:08:49.825440,London-54fc,46,7,Normal
2026-02-08 07:08:50.825440,London-54fc,-3,69,Normal
2026-02-08 07:08:51.825440,London-54fc,-19,44,Normal
2026-02-08 07:08:52.825440,London-54fc,45,81,Normal
2026-02-08 07:08:53.825440,London-54fc,13,52,Normal
2026-02-08 07:08:54.825440,London-54fc,-6,36,Normal
2026-02-08 07:08:55.825440,London-54fc,7,58,Normal
2026-02-08 07:08:56.825440,London-54fc,-29,12,Normal
2026-02-08 07:08:57.825440,London-54fc,28,19,Normal
2026-02-08 07:08:58.825440,London-54fc,35,4,Normal
2026-02-08 07:08:59.825440,London-54fc,15,53,Normal
2026-02-08 07:09:00.825440,London-54fc,-18,27,Normal
2026-02-08 07:09:01.825440,London-54fc,-10,20,Normal
2026-02-08 07:09:02.825440,London-54fc,14,44,Normal
2026-02-08 07:09:03.825440,London-54fc,-17,83,Normal
2026-02-08 07:09:04.825440,London-54fc,22,94,Normal
2026-02-08 07:09:05.825440,London-54fc,40,22,Normal
2026-02-08 07:09:06.825440,London-54fc,11,92,Normal
2026-02-08 07:09:07.825440,London-54fc,0,77,Normal
2026-02-08 07:09:08.825440,London-54fc,-26,20,Normal
2026-02-08 07:09:09.825440,London-54fc,43,30,Normal
2026-02-08 07:09:10.825440,London-54fc,-6,73,Normal
2026-02-08 07:09:11.825440,London-54fc,11,96,Normal
2026-02-08 07:09:12.825440,London-54fc,45,100,Normal
2026-02-08 07:09:13.825440,London-54fc,24,41,Normal
2026-02-08 07:09:14.825440,London-54fc,-17,37,Normal
2026-02-08 07:09:15.825440,London-54fc,0,92,Normal
2026-02-08 07:09:16.825440,London-54fc,21,71,Normal
2026-02-08 07:09:17.825440,London-54fc,4,53,Normal
2026-02-08 07:09:18.825440,London-54fc,33,96,Normal
2026-02-08 07:09:19.825440,London-54fc,4,48,Normal
2026-02-08 07:09:20.825440,London-54fc,-26,95,Normal
2026-02-08 07:09:21.825440,London-54fc,34,66,Normal
2026-02-08 07:09:22.825440,London-54fc,-19,59,Normal
2026-02-08 07:09:23.825440,London-54fc,18,48,Normal
2026-02-08 07:09:24.825440,London-54fc,27,82,Normal
2026-02-08 07:09:25.825440,London-54fc,-7,3,Normal
2026-02-08 07:09:26.825440,London-54fc,48,30,Normal
2026-02-08 07:09:27.825440,London-54fc,12,30,Normal
2026-02-08 07:09:28.825440,London-54fc,38,47,Normal
2026-02-08 07:09:29.825440,London-54fc,18,59,Normal
2026-02-08 07:09:30.825440,London-54fc,9,81,Normal
2026-02-08 07:09:31.825440,London-54fc,24,94,Normal
2026-02-08 07:09:32.825440,London-54fc,15,33,Normal
2026-02-08 07:09:33.825440,London-54fc,32,95,Normal
2026-02-08 07:09:34.825440,London-54fc,-7,3,Normal
2026-02-08 07:09:35.825440,London-54fc,26,35,Normal
2026-02-08 07:09:36.825440,London-54fc,27,47,Normal
2026-02-08 07:09:37.825440,London-54fc,36,53,Normal
2026-02-08 07:09:38.825440,London-54fc,7,37,Normal
2026-02-08 07:09:39.825440,London-54fc,48,28,Normal
2026-02-08 07:09:40.825440,London-54fc,-11,45,Normal
2026-02-08 07:09:41.825440,London-54fc,16,65,Normal
2026-02-08 07:09:42.825440,London-54fc,-30,99,Normal
2026-02-08 07:09:43.825440,London-54fc,-21,58,Normal
2026-02-08 07:09:44.825440,London-54fc,20,71,Normal
2026-02-08 07:09:45.825440,London-54fc,7,17,Normal
2026-02-08 07:09:46.825440,London-54fc,-6,84,Normal
2026-02-08 07:09:47.825440,London-54fc,-25,10,Normal
2026-02-08 07:09:48.825440,London-54fc,3,73,Normal
2026-02-08 07:09:49.825440,London-54fc,-24,8,Normal
2026-02-08 07:09:50.825440,London-54fc,20,1,Normal
2026-02-08 07:09:51.825440,London-54fc,40,25,Normal
2026-02-08 07:09:52.825440,London-54fc,-5,67,Normal
2026-02-08 07:09:53.825440,London-54fc,18,19,Normal
2026-02-08 07:09:54.825440,London-54fc,35,45,Normal
2026-02-08 07:09:55.825440,London-54fc,35,40,Normal
2026-02-08 07:09:56.825440,London-54fc,-18,90,Normal
2026-02-08 07:09:57.825440,London-54fc,-13,57,Normal
2026-02-08 07:09:58.825440,London-54fc,35,34,Normal
2026-02-08 07:09:59.825440,London-54fc,40,100,Normal
2026-02-08 07:10:00.825440,London-54fc,38,6,Normal
2026-02-08 07:10:01.825440,London-54fc,19,97,Normal
2026-02-08 07:10:02.825440,London-54fc,-5,7,Normal
2026-02-08 07:10:03.825440,London-54fc,22,47,Normal
2026-02-08 07:10:04.825440,London-54fc,15,36,Normal
2026-02-08 07:10:05.825440,London-54fc,-15,65,Normal
2026-02-08 07:10:06.825440,London-54fc,-10,66,Normal
2026-02-08 07:10:07.825440,London-54fc,-1,40,Normal
2026-02-08 07:10:08.825440,London-54fc,29,57,Normal
2026-02-08 07:10:09.825440,London-54fc,-7,61,Normal
2026-02-08 07:10:10.825440,London-54fc,-18,98,Normal
2026-02-08 07:10:11.825440,London-54fc,48,26,Normal
2026-02-08 07:10:12.825440,London-54fc,24,17,Normal
2026-02-08 07:10:13.825440,London-54fc,40,87,Normal
2026-02-08 07:10:14.825440,London-54fc,-17,35,Normal
2026-02-08 07:10:15.825440,London-54fc,13,54,Normal
2026-02-08 07:10:16.825440,London-54fc,31,81,Normal
2026-02-08 07:10:17.825440,London-54fc,6,36,Normal
2026-02-08 07:10:18.825440,London-54fc,34,47,Normal
2026-02-08 07:10:19.825440,London-54fc,8,36,Normal
2026-02-08 07:10:20.825440,London-54fc,-22,99,Normal
2026-02-08 07:10:21.825440,London-54fc,19,70,Normal
2026-02-08 07:10:22.825440,London-54fc,13,33,Normal
2026-02-08 07:10:23.825440,London-54fc,17,61,Normal
2026-02-08 07:10:24.825440,London-54fc,-13,83,Normal
2026-02-08 07:10:25.825440,London-54fc,38,13,Normal
2026-02-08 07:10:26.825440,London-54fc,-1,35,Normal
2026-02-08 07:10:27.825440,London-54fc,-9,87,Normal
2026-02-08 07:10:28.825440,London-54fc,30,90,Normal
2026-02-08 07:10:29.825440,London-54fc,-22,39,Normal
2026-02-08 07:10:30.825440,London-54fc,6,69,Normal
2026-02-08 07:10:31.825440,London-54fc,20,87,Normal
2026-02-08 07:10:32.825440,London-54fc,29,50,Normal
2026-02-08 07:10:33.825440,London-54fc,40,42,Normal
2026-02-08 07:10:34.825440,London-54fc,23,5,Normal
2026-02-08 07:10:35.825440,London-54fc,34,65,Normal
2026-02-08 07:10:36.825440,London-54fc,38,59,Normal
2026-02-08 07:10:37.825440,London-54fc,-5,34,Normal
2026-02-08 07:10:38.825440,London-54fc,47,60,Normal
2026-02-08 07:10:39.825440,London-54fc,-2,11,Normal
2026-02-08 07:10:40.825440,London-54fc,15,92,Normal
2026-02-08 07:10:41.825440,London-54fc,24,33,Normal
2026-02-08 07:10:42.825440,London-54fc,38,85,Normal
2026-02-08 07:10:43.825440,London-54fc,-26,74,Normal
2026-02-08 07:10:44.825440,London-54fc,11,25,Normal
2026-02-08 07:10:45.825440,London-54fc,-2,29,Normal
2026-02-08 07:10:46.825440,London-54fc,35,100,Normal
2026-02-08 07:10:47.825440,London-54fc,3,71,Normal
2026-02-08 07:10:48.825440,London-54fc,-18,56,Normal
2026-02-08 07:10:49.825440,London-54fc,14,29,Normal
2026-02-08 07:10:50.825440,London-54fc,-25,28,Normal
2026-02-08 07:10:51.825440,London-54fc,-6,67,Normal
2026-02-08 07:10:52.825440,London-54fc,42,50,Normal
2026-02-08 07:10:53.825440,London-54fc,31,83,Normal
2026-02-08 07:10:54.825440,London-54fc,30,45,Normal
2026-02-08 07:10:55.825440,London-54fc,-19,40,Normal
2026-02-08 07:10:56.825440,London-54fc,-10,52,Normal
2026-02-08 07:10:57.825440,London-54fc,-10,17,Normal
2026-02-08 07:10:58.825440,London-54fc,2,97,Normal
2026-02-08 07:10:59.825440,London-54fc,-1,26,Normal
2026-02-08 07:11:00.825440,London-54fc,-27,52,Normal
2026-02-08 07:11:01.825440,London-54fc,-14,61,Normal
2026-02-08 07:11:02.825440,London-54fc,32,30,Normal
2026-02-08 07:11:03.825440,London-54fc,-21,30,Normal
2026-02-08 07:11:04.825440,London-54fc,13,19,Normal
2026-02-08 07:11:05.825440,London-54fc,47,19,Normal
2026-02-08 07:11:06.825440,London-54fc,-21,52,Normal
2026-02-08 07:11:07.825440,London-54fc,-17,39,Normal
2026-02-08 07:11:08.825440,London-54fc,0,8,Normal
2026-02-08 07:11:09.825440,London-54fc,-12,52,Normal
2026-02-08 07:11:10.825440,London-54fc,-23,33,Normal
2026-02-08 07:11:11.825440,London-54fc,16,73,Normal
2026-02-08 07:11:12.825440,London-54fc,14,3,Normal
2026-02-08 07:11:13.825440,London-54fc,-21,47,Normal
2026-02-08 07:11:14.825440,London-54fc,-10,26,Normal
2026-02-08 07:11:15.825440,London-54fc,-24,69,Normal
2026-02-08 07:11:16.825440,London-54fc,18,1,Normal
2026-02-08 07:11:17.825440,London-54fc,13,5,Normal
2026-02-08 07:11:18.825440,London-54fc,48,25,Normal
2026-02-08 07:11:19.825440,London-54fc,12,81,Normal
2026-02-08 07:11:20.825440,London-54fc,22,1,Normal
2026-02-08 07:11:21.825440,London-54fc,-21,11,Normal
2026-02-08 07:11:22.825440,London-54fc,8,24,Normal
2026-02-08 07:11:23.825440,London-54fc,2,40,Normal
2026-02-08 07:11:24.825440,London-54fc,41,45,Normal
2026-02-08 07:11:25.825440,London-54fc,25,57,Normal
2026-02-08 07:11:26.825440,London-54fc,34,62,Normal
2026-02-08 07:11:27.825440,London-54fc,-6,18,Normal
2026-02-08 07:11:28.825440,London-54fc,25,73,Normal
2026-02-08 07:11:29.825440,London-54fc,-9,85,Normal
2026-02-08 07:11:30.825440,London-54fc,-20,79,Normal
2026-02-08 07:11:31.825440,London-54fc,49,49,Normal
2026-02-08 07:11:32.825440,London-54fc,-28,26,Normal
2026-02-08 07:11:33.825440,London-54fc,37,16,Normal
2026-02-08 07:11:34.825440,London-54fc,44,83,Normal
2026-02-08 07:11:35.825440,London-54fc,20,12,Normal
2026-02-08 07:11:36.825440,London-54fc,28,21,Normal
2026-02-08 07:11:37.825440,London-54fc,5,0,Normal
2026-02-08 07:11:38.825440,London-54fc,4,73,Normal
2026-02-08 07:11:39.825440,London-54fc,-3,34,Normal
2026-02-08 07:11:40.825440,London-54fc,42,15,Normal
2026-02-08 07:11:41.825440,London-54fc,50,20,Normal
2026-02-08 07:11:42.825440,London-54fc,34,54,Normal
2026-02-08 07:11:43.825440,London-54fc,36,69,Normal
2026-02-08 07:11:44.825440,London-54fc,38,89,Normal
2026-02-08 07:11:45.825440,London-54fc,-9,93,Normal
2026-02-08 07:11:46.825440,London-54fc,-7,77,Normal
2026-02-08 07:11:47.825440,London-54fc,44,69,Normal
2026-02-08 07:11:48.825440,London-54fc,25,21,Normal
2026-02-08 07:11:49.825440,London-54fc,34,89,Normal
2026-02-08 07:11:50.825440,London-54fc,-11,21,Normal
2026-02-08 07:11:51.825440,London-54fc,-11,53,Normal
2026-02-08 07:11:52.825440,London-54fc,29,82,Normal
2026-02-08 07:11:53.825440,London-54fc,48,71,Normal
2026-02-08 07:11:54.825440,London-54fc,33,80,Normal
2026-02-08 07:11:55.825440,London-54fc,37,50,Normal
2026-02-08 07:11:56.825440,London-54fc,2,90,Normal
2026-02-08 07:11:57.825440,London-54fc,4,61,Normal
2026-02-08 07:11:58.825440,London-54fc,1,29,Normal
2026-02-08 07:11:59.825440,London-54fc,10,41,Normal
2026-02-08 07:12:00.825440,London-54fc,40,67,Normal
2026-02-08 07:12:01.825440,London-54fc,13,92,Normal
2026-02-08 07:12:02.825440,London-54fc,50,15,Normal
2026-02-08 07:12:03.825440,London-54fc,47,43,Normal
2026-02-08 07:12:04.825440,London-54fc,31,20,Normal
2026-02-08 07:12:05.825440,London-54fc,45,51,Normal
2026-02-08 07:12:06.825440,London-54fc,-24,13,Normal
2026-02-08 07:12:07.825440,London-54fc,-3,23,Normal
2026-02-08 07:12:08.825440,London-54fc,28,92,Normal
2026-02-08 07:12:09.825440,London-54fc,31,81,Normal
2026-02-08 07:12:10.825440,London-54fc,-27,79,Normal
2026-02-08 07:12:11.825440,London-54fc,6,14,Normal
2026-02-08 07:12:12.825440,London-54fc,23,75,Normal
2026-02-08 07:12:13.825440,London-54fc,-20,15,Normal
2026-02-08 07:12:14.825440,London-54fc,29,79,Normal
2026-02-08 07:12:15.825440,London-54fc,30,56,Normal
2026-02-08 07:12:16.825440,London-54fc,22,27,Normal
2026-02-08 07:12:17.825440,London-54fc,-22,4,Normal
2026-02-08 07:12:18.825440,London-54fc,-21,50,Normal
2026-02-08 07:12:19.825440,London-54fc,45,72,Normal
2026-02-08 07:12:20.825440,London-54fc,-25,29,Normal
2026-02-08 07:12:21.825440,London-54fc,29,72,Normal
2026-02-08 07:12:22.825440,London-54fc,24,11,Normal
2026-02-08 07:12:23.825440,London-54fc,12,75,Normal
2026-02-08 07:12:24.825440,London-54fc,6,93,Normal
2026-02-08 07:12:25.825440,London-54fc,-21,93,Normal
2026-02-08 07:12:26.825440,London-54fc,33,70,Normal
2026-02-08 07:12:27.825440,London-54fc,12,32,Normal
2026-02-08 07:12:28.825440,London-54fc,-16,99,Normal
2026-02-08 07:12:29.825440,London-54fc,45,69,Normal
2026-02-08 07:12:30.825440,London-54fc,26,12,Normal
2026-02-08 07:12:31.825440,London-54fc,-29,12,Normal
2026-02-08 07:12:32.825440,London-54fc,14,72,Normal
2026-02-08 07:12:33.825440,London-54fc,34,22,Normal
2026-02-08 07:12:34.825440,London-54fc,-4,14,Normal
2026-02-08 07:12:35.825440,London-54fc,2,30,Normal
2026-02-08 07:12:36.825440,London-54fc,5,22,Normal
2026-02-08 07:12:37.825440,London-54fc,36,57,Normal
2026-02-08 07:12:38.825440,London-54fc,-3,71,Normal
2026-02-08 07:12:39.825440,London-54fc,-20,44,Normal
2026-02-08 07:12:40.825440,London-54fc,-7,35,Normal
2026-02-08 07:12:41.825440,London-54fc,-4,88,Normal
2026-02-08 07:12:42.825440,London-54fc,18,50,Normal
2026-02-08 07:12:43.825440,London-54fc,3,45,Normal
2026-02-08 07:12:44.825440,London-54fc,34,46,Normal
2026-02-08 07:12:45.825440,London-54fc,32,63,Normal
2026-02-08 07:12:46.825440,London-54fc,9,6,Normal
2026-02-08 07:12:47.825440,London-54fc,32,71,Normal
2026-02-08 07:12:48.825440,London-54fc,0,83,Normal
2026-02-08 07:12:49.825440,London-54fc,49,51,Normal
2026-02-08 07:12:50.825440,London-54fc,50,87,Normal
2026-02-08 07:12:51.825440,London-54fc,26,92,Normal
2026-02-08 07:12:52.825440,London-54fc,5,1,Normal
2026-02-08 07:12:53.825440,London-54fc,11,54,Normal
2026-02-08 07:12:54.825440,London-54fc,21,89,Normal
2026-02-08 07:12:55.825440,London-54fc,33,76,Normal
2026-02-08 07:12:56.825440,London-54fc,44,19,Normal
2026-02-08 07:12:57.825440,London-54fc,21,65,Normal
2026-02-08 07:12:58.825440,London-54fc,-3,83,Normal
2026-02-08 07:12:59.825440,London-54fc,-23,31,Normal
2026-02-08 07:13:00.825440,London-54fc,5,85,Normal
2026-02-08 07:13:01.825440,London-54fc,9,10,Normal
2026-02-08 07:13:02.825440,London-54fc,33,46,Normal
2026-02-08 07:13:03.825440,London-54fc,5,30,Normal
2026-02-08 07:13:04.825440,London-54fc,18,49,Normal
2026-02-08 07:13:05.825440,London-54fc,44,18,Normal
2026-02-08 07:13:06.825440,London-54fc,19,24,Normal
2026-02-08 07:13:07.825440,London-54fc,21,91,Normal
2026-02-08 07:13:08.825440,London-54fc,9,45,Normal
2026-02-08 07:13:09.825440,London-54fc,-4,42,Normal
2026-02-08 07:13:10.825440,London-54fc,-30,38,Normal
2026-02-08 07:13:11.825440,London-54fc,48,18,Normal
2026-02-08 07:13:12.825440,London-54fc,8,35,Normal
2026-02-08 07:13:13.825440,London-54fc,-24,38,Normal
2026-02-08 07:13:14.825440,London-54fc,-30,43,Normal
2026-02-08 07:13:15.825440,London-54fc,-29,55,Normal
2026-02-08 07:13:16.825440,London-54fc,11,30,Normal
2026-02-08 07:13:17.825440,London-54fc,50,53,Normal
2026-02-08 07:13:18.825440,London-54fc,-20,35,Normal
2026-02-08 07:13:19.825440,London-54fc,10,71,Normal
2026-02-08 07:13:20.825440,London-54fc,16,56,Normal
2026-02-08 07:13:21.825440,London-54fc,19,43,Normal
2026-02-08 07:13:22.825440,London-54fc,-22,12,Normal
2026-02-08 07:13:23.825440,London-54fc,-13,41,Normal
2026-02-08 07:13:24.825440,London-54fc,11,29,Normal
2026-02-08 07:13:25.825440,London-54fc,-15,18,Normal
2026-02-08 07:13:26.825440,London-54fc,29,83,Normal
2026-02-08 07:13:27.825440,London-54fc,10,41,Normal
2026-02-08 07:13:28.825440,London-54fc,20,44,Normal
2026-02-08 07:13:29.825440,London-54fc,20,78,Normal
2026-02-08 07:13:30.825440,London-54fc,12,7,Normal
2026-02-08 07:13:31.825440,London-54fc,-26,57,Normal
2026-02-08 07:13:32.825440,London-54fc,-7,77,Normal
2026-02-08 07:13:33.825440,London-54fc,9,76,Normal
2026-02-08 07:13:34.825440,London-54fc,-21,90,Normal
2026-02-08 07:13:35.825440,London-54fc,-10,48,Normal
2026-02-08 07:13:36.825440,London-54fc,18,19,Normal
2026-02-08 07:13:37.825440,London-54fc,35,24,Normal
2026-02-08 07:13:38.825440,London-54fc,42,97,Normal
2026-02-08 07:13:39.825440,London-54fc,11,83,Normal
2026-02-08 07:13:40.825440,London-54fc,34,6,Normal
2026-02-08 07:13:41.825440,London-54fc,46,93,Normal
2026-02-08 07:13:42.825440,London-54fc,15,88,Normal
2026-02-08 07:13:43.825440,London-54fc,35,24,Normal
2026-02-08 07:13:44.825440,London-54fc,1,45,Normal
2026-02-08 07:13:45.825440,London-54fc,5,8,Normal
2026-02-08 07:13:46.825440,London-54fc,39,6,Normal
2026-02-08 07:13:47.825440,London-54fc,-16,69,Normal
2026-02-08 07:13:48.825440,London-54fc,-6,36,Normal
2026-02-08 07:13:49.825440,London-54fc,-5,82,Normal
2026-02-08 07:13:50.825440,London-54fc,41,14,Normal
2026-02-08 07:13:51.825440,London-54fc,-23,58,Normal
2026-02-08 07:13:52.825440,London-54fc,-7,92,Normal
2026-02-08 07:13:53.825440,London-54fc,-17,4,Normal
2026-02-08 07:13:54.825440,London-54fc,37,71,Normal
2026-02-08 07:13:55.825440,London-54fc,50,39,Normal
2026-02-08 07:13:56.825440,London-54fc,28,12,Normal
2026-02-08 07:13:57.825440,London-54fc,21,52,Normal
2026-02-08 07:13:58.825440,London-54fc,-12,37,Normal
2026-02-08 07:13:59.825440,London-54fc,2,99,Normal
2026-02-08 07:14:00.825440,London-54fc,-4,30,Normal
2026-02-08 07:14:01.825440,London-54fc,30,20,Normal
2026-02-08 07:14:02.825440,London-54fc,-23,98,Normal
2026-02-08 07:14:03.825440,London-54fc,-1,58,Normal
2026-02-08 07:14:04.825440,London-54fc,26,90,Normal
2026-02-08 07:14:05.825440,London-54fc,23,63,Normal
2026-02-08 07:14:06.825440,London-54fc,43,38,Normal
2026-02-08 07:14:07.825440,London-54fc,-10,28,Normal
2026-02-08 07:14:08.825440,London-54fc,2,35,Normal
2026-02-08 07:14:09.825440,London-54fc,-26,20,Normal
2026-02-08 07:14:10.825440,London-54fc,31,82,Normal
2026-02-08 07:14:11.825440,London-54fc,43,47,Normal
2026-02-08 07:14:12.825440,London-54fc,-20,54,Normal
2026-02-08 07:14:13.825440,London-54fc,46,47,Normal
2026-02-08 07:14:14.825440,London-54fc,-2,89,Normal
2026-02-08 07:14:15.825440,London-54fc,35,49,Normal
2026-02-08 07:14:16.825440,London-54fc,-6,56,Normal
2026-02-08 07:14:17.825440,London-54fc,22,23,Normal
2026-02-08 07:14:18.825440,London-54fc,-18,75,Normal
2026-02-08 07:14:19.825440,London-54fc,-8,100,Normal
2026-02-08 07:14:20.825440,London-54fc,-10,51,Normal
2026-02-08 07:14:21.825440,London-54fc,-24,24,Normal
2026-02-08 07:14:22.825440,London-54fc,0,4,Normal
2026-02-08 07:14:23.825440,London-54fc,49,90,Normal
2026-02-08 07:14:24.825440,London-54fc,-7,12,Normal
2026-02-08 07:14:25.825440,London-54fc,-5,43,Normal
2026-02-08 07:14:26.825440,London-54fc,25,79,Normal
2026-02-08 07:14:27.825440,London-54fc,14,76,Normal
2026-02-08 07:14:28.825440,London-54fc,-27,74,Normal
2026-02-08 07:14:29.825440,London-54fc,49,62,Normal
2026-02-08 07:14:30.825440,London-54fc,48,79,Normal
2026-02-08 07:14:31.825440,London-54fc,36,71,Normal
2026-02-08 07:14:32.825440,London-54fc,-29,47,Normal
2026-02-08 07:14:33.825440,London-54fc,8,51,Normal
2026-02-08 07:14:34.825440,London-54fc,27,66,Normal
2026-02-08 07:14:35.825440,London-54fc,14,77,Normal
2026-02-08 07:14:36.825440,London-54fc,29,25,Normal
2026-02-08 07:14:37.825440,London-54fc,-27,49,Normal
2026-02-08 07:14:38.825440,London-54fc,8,33,Normal
2026-02-08 07:14:39.825440,London-54fc,27,51,Normal
2026-02-08 07:14:40.825440,London-54fc,-9,4,Normal
2026-02-08 07:14:41.825440,London-54fc,21,70,Normal
2026-02-08 07:14:42.825440,London-54fc,38,15,Normal
2026-02-08 07:14:43.825440,London-54fc,41,84,Normal
2026-02-08 07:14:44.825440,London-54fc,-1,98,Normal
2026-02-08 07:14:45.825440,London-54fc,41,7,Normal
2026-02-08 07:14:46.825440,London-54fc,27,86,Normal
2026-02-08 07:14:47.825440,London-54fc,10,54,Normal
2026-02-08 07:14:48.825440,London-54fc,-21,11,Normal
2026-02-08 07:14:49.825440,London-54fc,-11,91,Normal
2026-02-08 07:14:50.825440,London-54fc,-13,72,Normal
2026-02-08 07:14:51.825440,London-54fc,23,47,Normal
2026-02-08 07:14:52.825440,London-54fc,-16,81,Normal
2026-02-08 07:14:53.825440,London-54fc,47,26,Normal
2026-02-08 07:14:54.825440,London-54fc,-27,23,Normal
2026-02-08 07:14:55.825440,London-54fc,-4,53,Normal
2026-02-08 07:14:56.825440,London-54fc,8,29,Normal
2026-02-08 07:14:57.825440,London-54fc,16,12,Normal
2026-02-08 07:14:58.825440,London-54fc,-20,5,Normal
2026-02-08 07:14:59.825440,London-54fc,34,69,Normal
2026-02-08 07:15:00.825440,London-54fc,47,29,Normal
2026-02-08 07:15:01.825440,London-54fc,-17,14,Normal
2026-02-08 07:15:02.825440,London-54fc,-5,29,Normal
2026-02-08 07:15:03.825440,London-54fc,50,21,Normal
2026-02-08 07:15:04.825440,London-54fc,26,20,Normal
2026-02-08 07:15:05.825440,London-54fc,18,23,Normal
2026-02-08 07:15:06.825440,London-54fc,31,50,Normal
2026-02-08 07:15:07.825440,London-54fc,23,30,Normal
2026-02-08 07:15:08.825440,London-54fc,3,3,Normal
2026-02-08 07:15:09.825440,London-54fc,39,15,Normal
2026-02-08 07:15:10.825440,London-54fc,12,63,Normal
2026-02-08 07:15:11.825440,London-54fc,23,98,Normal
2026-02-08 07:15:12.825440,London-54fc,-2,12,Normal
2026-02-08 07:15:13.825440,London-54fc,18,28,Normal
2026-02-08 07:15:14.825440,London-54fc,17,98,Normal
2026-02-08 07:15:15.825440,London-54fc,6,47,Normal
2026-02-08 07:15:16.825440,London-54fc,43,70,Normal
2026-02-08 07:15:17.825440,London-54fc,18,42,Normal
2026-02-08 07:15:18.825440,London-54fc,17,91,Normal
2026-02-08 07:15:19.825440,London-54fc,-22,79,Normal
2026-02-08 07:15:20.825440,London-54fc,46,38,Normal
2026-02-08 07:15:21.825440,London-54fc,21,69,Normal
2026-02-08 07:15:22.825440,London-54fc,-28,13,Normal
2026-02-08 07:15:23.825440,London-54fc,21,74,Normal
2026-02-08 07:15:24.825440,London-54fc,-8,22,Normal
2026-02-08 07:15:25.825440,London-54fc,-23,83,Normal
2026-02-08 07:15:26.825440,London-54fc,2,85,Normal
2026-02-08 07:15:27.825440,London-54fc,-20,35,Normal
2026-02-08 07:15:28.825440,London-54fc,6,27,Normal
2026-02-08 07:15:29.825440,London-54fc,45,37,Normal
2026-02-08 07:15:30.825440,London-54fc,10,4,Normal
2026-02-08 07:15:31.825440,London-54fc,-25,39,Normal
2026-02-08 07:15:32.825440,London-54fc,0,61,Normal
2026-02-08 07:15:33.825440,London-54fc,-6,28,Normal
2026-02-08 07:15:34.825440,London-54fc,-11,34,Normal
2026-02-08 07:15:35.825440,London-54fc,18,47,Normal
2026-02-08 07:15:36.825440,London-54fc,-22,51,Normal
2026-02-08 07:15:37.825440,London-54fc,39,45,Normal
2026-02-08 07:15:38.825440,London-54fc,-13,98,Normal
2026-02-08 07:15:39.825440,London-54fc,-8,3,Normal
2026-02-08 07:15:40.825440,London-54fc,38,66,Normal
2026-02-08 07:15:41.825440,London-54fc,10,37,Normal
2026-02-08 07:15:42.825440,London-54fc,25,42,Normal
2026-02-08 07:15:43.825440,London-54fc,10,19,Normal
2026-02-08 07:15:44.825440,London-54fc,-10,25,Normal
2026-02-08 07:15:45.825440,London-54fc,24,74,Normal
2026-02-08 07:15:46.825440,London-54fc,-2,64,Normal
2026-02-08 07:15:47.825440,London-54fc,23,39,Normal
2026-02-08 07:15:48.825440,London-54fc,-23,82,Normal
2026-02-08 07:15:49.825440,London-54fc,-24,72,Normal
2026-02-08 07:15:50.825440,London-54fc,27,21,Normal
2026-02-08 07:15:51.825440,London-54fc,37,49,Normal
2026-02-08 07:15:52.825440,London-54fc,-16,80,Normal
2026-02-08 07:15:53.825440,London-54fc,32,92,Normal
2026-02-08 07:15:54.825440,London-54fc,44,26,Normal
2026-02-08 07:15:55.825440,London-54fc,8,62,Normal
2026-02-08 07:15:56.825440,London-54fc,2,67,Normal
2026-02-08 07:15:57.825440,London-54fc,46,22,Normal
2026-02-08 07:15:58.825440,London-54fc,-1,49,Normal
2026-02-08 07:15:59.825440,London-54fc,39,59,Normal
2026-02-08 07:16:00.825440,London-54fc,-27,58,Normal
2026-02-08 07:16:01.825440,London-54fc,-28,50,Normal
2026-02-08 07:16:02.825440,London-54fc,-9,40,Normal
2026-02-08 07:16:03.825440,London-54fc,7,4,Normal
2026-02-08 07:16:04.825440,London-54fc,-30,71,Normal
2026-02-08 07:16:05.825440,London-54fc,-24,71,Normal
2026-02-08 07:16:06.825440,London-54fc,-20,52,Normal
2026-02-08 07:16:07.825440,London-54fc,3,28,Normal
2026-02-08 07:16:08.825440,London-54fc,38,49,Normal
2026-02-08 07:16:09.825440,London-54fc,34,81,Normal
2026-02-08 07:16:10.825440,London-54fc,48,4,Normal
2026-02-08 07:16:11.825440,London-54fc,20,72,Normal
2026-02-08 07:16:12.825440,London-54fc,27,22,Normal
2026-02-08 07:16:13.825440,London-54fc,14,13,Normal
2026-02-08 07:16:14.825440,London-54fc,-17,92,Normal
2026-02-08 07:16:15.825440,London-54fc,-8,50,Normal
2026-02-08 07:16:16.825440,London-54fc,-17,31,Normal
2026-02-08 07:16:17.825440,London-54fc,8,37,Normal
2026-02-08 07:16:18.825440,London-54fc,-14,77,Normal
2026-02-08 07:16:19.825440,London-54fc,37,87,Normal
2026-02-08 07:16:20.825440,London-54fc,2,13,Normal
2026-02-08 07:16:21.825440,London-54fc,-28,77,Normal
2026-02-08 07:16:22.825440,London-54fc,-17,37,Normal
2026-02-08 07:16:23.825440,London-54fc,-16,23,Normal
2026-02-08 07:16:24.825440,London-54fc,-21,60,Normal
2026-02-08 07:16:25.825440,London-54fc,40,36,Normal
2026-02-08 07:16:26.825440,London-54fc,-2,31,Normal
2026-02-08 07:16:27.825440,London-54fc,-23,18,Normal
2026-02-08 07:16:28.825440,London-54fc,0,37,Normal
2026-02-08 07:16:29.825440,London-54fc,-27,33,Normal
2026-02-08 07:16:30.825440,London-54fc,-26,60,Normal
2026-02-08 07:16:31.825440,London-54fc,42,45,Normal
2026-02-08 07:16:32.825440,London-54fc,-22,28,Normal
2026-02-08 07:16:33.825440,London-54fc,45,70,Normal
2026-02-08 07:16:34.825440,London-54fc,-9,32,Normal
2026-02-08 07:16:35.825440,London-54fc,26,74,Normal
2026-02-08 07:16:36.825440,London-54fc,42,76,Normal
2026-02-08 07:16:37.825440,London-54fc,-2,16,Normal
2026-02-08 07:16:38.825440,London-54fc,-16,78,Normal
2026-02-08 07:16:39.825440,London-54fc,46,11,Normal
2026-02-08 07:16:40.825440,London-54fc,21,35,Normal
2026-02-08 07:16:41.825440,London-54fc,32,90,Normal
2026-02-08 07:16:42.825440,London-54fc,28,3,Normal
2026-02-08 07:16:43.825440,London-54fc,29,46,Normal
2026-02-08 07:16:44.825440,London-54fc,30,54,Normal
2026-02-08 07:16:45.825440,London-54fc,38,70,Normal
2026-02-08 07:16:46.825440,London-54fc,29,59,Normal
2026-02-08 07:16:47.825440,London-54fc,-21,44,Normal
2026-02-08 07:16:48.825440,London-54fc,13,71,Normal
2026-02-08 07:16:49.825440,London-54fc,16,80,Normal
2026-02-08 07:16:50.825440,London-54fc,25,95,Normal
2026-02-08 07:16:51.825440,London-54fc,50,33,Normal
2026-02-08 07:16:52.825440,London-54fc,-3,3,Normal
2026-02-08 07:16:53.825440,London-54fc,15,65,Normal
2026-02-08 07:16:54.825440,London-54fc,-9,71,Normal
2026-02-08 07:16:55.825440,London-54fc,24,88,Normal
2026-02-08 07:16:56.825440,London-54fc,25,3,Normal
2026-02-08 07:16:57.825440,London-54fc,19,90,Normal
2026-02-08 07:16:58.825440,London-54fc,-2,67,Normal
2026-02-08 07:16:59.825440,London-54fc,21,33,Normal
2026-02-08 07:17:00.825440,London-54fc,24,77,Normal
2026-02-08 07:17:01.825440,London-54fc,39,53,Normal
2026-02-08 07:17:02.825440,London-54fc,13,13,Normal
2026-02-08 07:17:03.825440,London-54fc,4,45,Normal
2026-02-08 07:17:04.825440,London-54fc,29,81,Normal
2026-02-08 07:17:05.825440,London-54fc,35,33,Normal
2026-02-08 07:17:06.825440,London-54fc,-15,82,Normal
2026-02-08 07:17:07.825440,London-54fc,3,23,Normal
2026-02-08 07:17:08.825440,London-54fc,44,58,Normal
2026-02-08 07:17:09.825440,London-54fc,40,43,Normal
2026-02-08 07:17:10.825440,London-54fc,9,1,Normal
2026-02-08 07:17:11.825440,London-54fc,-9,71,Normal
2026-02-08 07:17:12.825440,London-54fc,-29,60,Normal
2026-02-08 07:17:13.825440,London-54fc,21,82,Normal
2026-02-08 07:17:14.825440,London-54fc,37,17,Normal
2026-02-08 07:17:15.825440,London-54fc,-5,80,Normal
2026-02-08 07:17:16.825440,London-54fc,-11,4,Normal
2026-02-08 07:17:17.825440,London-54fc,7,65,Normal
2026-02-08 07:17:18.825440,London-54fc,32,47,Normal
2026-02-08 07:17:19.825440,London-54fc,34,60,Normal
2026-02-08 07:17:20.825440,London-54fc,30,21,Normal
2026-02-08 07:17:21.825440,London-54fc,10,34,Normal
2026-02-08 07:17:22.825440,London-54fc,-1,59,Normal
2026-02-08 07:17:23.825440,London-54fc,29,97,Normal
2026-02-08 07:17:24.825440,London-54fc,-18,96,Normal
2026-02-08 07:17:25.825440,London-54fc,-20,47,Normal
2026-02-08 07:17:26.825440,London-54fc,44,59,Normal
2026-02-08 07:17:27.825440,London-54fc,10,60,Normal
2026-02-08 07:17:28.825440,London-54fc,18,86,Normal
2026-02-08 07:17:29.825440,London-54fc,16,53,Normal
2026-02-08 07:17:30.825440,London-54fc,14,63,Normal
2026-02-08 07:17:31.825440,London-54fc,8,84,Normal
2026-02-08 07:17:32.825440,London-54fc,12,25,Normal
2026-02-08 07:17:33.825440,London-54fc,44,77,Normal
2026-02-08 07:17:34.825440,London-54fc,45,31,Normal
2026-02-08 07:17:35.825440,London-54fc,-17,66,Normal
2026-02-08 07:17:36.825440,London-54fc,-28,81,Normal
2026-02-08 07:17:37.825440,London-54fc,7,77,Normal
2026-02-08 07:17:38.825440,London-54fc,9,24,Normal
2026-02-08 07:17:39.825440,London-54fc,16,80,Normal
2026-02-08 07:17:40.825440,London-54fc,22,30,Normal
2026-02-08 07:17:41.825440,London-54fc,30,30,Normal
2026-02-08 07:17:42.825440,London-54fc,-27,84,Normal
2026-02-08 07:17:43.825440,London-54fc,21,20,Normal
2026-02-08 07:17:44.825440,London-54fc,21,16,Normal
2026-02-08 07:17:45.825440,London-54fc,37,50,Normal
2026-02-08 07:17:46.825440,London-54fc,28,26,Normal
2026-02-08 07:17:47.825440,London-54fc,-26,3,Normal
2026-02-08 07:17:48.825440,London-54fc,27,56,Normal
2026-02-08 07:17:49.825440,London-54fc,-16,3,Normal
2026-02-08 07:17:50.825440,London-54fc,-27,48,Normal
2026-02-08 07:17:51.825440,London-54fc,-18,4,Normal
2026-02-08 07:17:52.825440,London-54fc,49,44,Normal
2026-02-08 07:17:53.825440,London-54fc,-22,83,Normal
2026-02-08 07:17:54.825440,London-54fc,38,0,Normal
2026-02-08 07:17:55.825440,London-54fc,26,47,Normal
2026-02-08 07:17:56.825440,London-54fc,-7,59,Normal
2026-02-08 07:17:57.825440,London-54fc,-13,30,Normal
2026-02-08 07:17:58.825440,London-54fc,-15,94,Normal
2026-02-08 07:17:59.825440,London-54fc,0,56,Normal
2026-02-08 07:18:00.825440,London-54fc,-1,3,Normal
2026-02-08 07:18:01.825440,London-54fc,39,13,Normal
2026-02-08 07:18:02.825440,London-54fc,-1,45,Normal
2026-02-08 07:18:03.825440,London-54fc,-3,37,Normal
2026-02-08 07:18:04.825440,London-54fc,-26,58,Normal
2026-02-08 07:18:05.825440,London-54fc,29,53,Normal
2026-02-08 07:18:06.825440,London-54fc,-25,65,Normal
2026-02-08 07:18:07.825440,London-54fc,-27,71,Normal
2026-02-08 07:18:08.825440,London-54fc,25,100,Normal
2026-02-08 07:18:09.825440,London-54fc,-9,100,Normal
2026-02-08 07:18:10.825440,London-54fc,19,16,Normal
2026-02-08 07:18:11.825440,London-54fc,-2,62,Normal
2026-02-08 07:18:12.825440,London-54fc,1,65,Normal
2026-02-08 07:18:13.825440,London-54fc,44,56,Normal
2026-02-08 07:18:14.825440,London-54fc,-4,37,Normal
2026-02-08 07:18:15.825440,London-54fc,20,54,Normal
2026-02-08 07:18:16.825440,London-54fc,7,82,Normal
2026-02-08 07:18:17.825440,London-54fc,23,35,Normal
2026-02-08 07:18:18.825440,London-54fc,3,39,Normal
2026-02-08 07:18:19.825440,London-54fc,-17,83,Normal
2026-02-08 07:18:20.825440,London-54fc,50,51,Normal
2026-02-08 07:18:21.825440,London-54fc,14,88,Normal
2026-02-08 07:18:22.825440,London-54fc,2,93,Normal
2026-02-08 07:18:23.825440,London-54fc,-5,100,Normal
2026-02-08 07:18:24.825440,London-54fc,46,19,Normal
2026-02-08 07:18:25.825440,London-54fc,1,58,Normal
2026-02-08 07:18:26.825440,London-54fc,23,32,Normal
2026-02-08 07:18:27.825440,London-54fc,-3,35,Normal
2026-02-08 07:18:28.825440,London-54fc,-28,52,Normal
2026-02-08 07:18:29.825440,London-54fc,17,0,Normal
2026-02-08 07:18:30.825440,London-54fc,17,34,Normal
2026-02-08 07:18:31.825440,London-54fc,8,58,Normal
2026-02-08 07:18:32.825440,London-54fc,-10,99,Normal
2026-02-08 07:18:33.825440,London-54fc,-12,76,Normal
2026-02-08 07:18:34.825440,London-54fc,50,14,Normal
2026-02-08 07:18:35.825440,London-54fc,15,21,Normal
2026-02-08 07:18:36.825440,London-54fc,43,86,Normal
2026-02-08 07:18:37.825440,London-54fc,9,60,Normal
2026-02-08 07:18:38.825440,London-54fc,42,54,Normal
2026-02-08 07:18:39.825440,London-54fc,38,13,Normal
2026-02-08 07:18:40.825440,London-54fc,9,26,Normal
2026-02-08 07:18:41.825440,London-54fc,33,92,Normal
2026-02-08 07:18:42.825440,London-54fc,-13,9,Normal
2026-02-08 07:18:43.825440,London-54fc,-23,4,Normal
2026-02-08 07:18:44.825440,London-54fc,3,41,Normal
2026-02-08 07:18:45.825440,London-54fc,-14,12,Normal
2026-02-08 07:18:46.825440,London-54fc,-10,56,Normal
2026-02-08 07:18:47.825440,London-54fc,37,81,Normal
2026-02-08 07:18:48.825440,London-54fc,42,98,Normal
2026-02-08 07:18:49.825440,London-54fc,35,14,Normal
2026-02-08 07:18:50.825440,London-54fc,15,20,Normal
2026-02-08 07:18:51.825440,London-54fc,-6,41,Normal
2026-02-08 07:18:52.825440,London-54fc,-23,74,Normal
2026-02-08 07:18:53.825440,London-54fc,-30,60,Normal
2026-02-08 07:18:54.825440,London-54fc,28,71,Normal
2026-02-08 07:18:55.825440,London-54fc,48,85,Normal
2026-02-08 07:18:56.825440,London-54fc,-16,59,Normal
2026-02-08 07:18:57.825440,London-54fc,30,67,Normal
2026-02-08 07:18:58.825440,London-54fc,29,39,Normal
2026-02-08 07:18:59.825440,London-54fc,13,77,Normal
2026-02-08 07:19:00.825440,London-54fc,45,0,Normal
2026-02-08 07:19:01.825440,London-54fc,31,24,Normal
2026-02-08 07:19:02.825440,London-54fc,13,64,Normal
2026-02-08 07:19:03.825440,London-54fc,-26,88,Normal
2026-02-08 07:19:04.825440,London-54fc,41,4,Normal
2026-02-08 07:19:05.825440,London-54fc,4,18,Normal
2026-02-08 07:19:06.825440,London-54fc,-5,68,Normal
2026-02-08 07:19:07.825440,London-54fc,37,54,Normal
2026-02-08 07:19:08.825440,London-54fc,39,86,Normal
2026-02-08 07:19:09.825440,London-54fc,-28,98,Normal
2026-02-08 07:19:10.825440,London-54fc,-8,28,Normal
2026-02-08 07:19:11.825440,London-54fc,-28,59,Normal
2026-02-08 07:19:12.825440,London-54fc,13,8,Normal
2026-02-08 07:19:13.825440,London-54fc,33,35,Normal
2026-02-08 07:19:14.825440,London-54fc,41,83,Normal
2026-02-08 07:19:15.825440,London-54fc,14,5,Normal
2026-02-08 07:19:16.825440,London-54fc,31,41,Normal
2026-02-08 07:19:17.825440,London-54fc,48,73,Normal
2026-02-08 07:19:18.825440,London-54fc,-12,57,Normal
2026-02-08 07:19:19.825440,London-54fc,23,42,Normal
2026-02-08 07:19:20.825440,London-54fc,-5,6,Normal
2026-02-08 07:19:21.825440,London-54fc,41,13,Normal
2026-02-08 07:19:22.825440,London-54fc,0,34,Normal
2026-02-08 07:19:23.825440,London-54fc,-7,18,Normal
2026-02-08 07:19:24.825440,London-54fc,-9,32,Normal
2026-02-08 07:19:25.825440,London-54fc,6,23,Normal
2026-02-08 07:19:26.825440,London-54fc,25,71,Normal
2026-02-08 07:19:27.825440,London-54fc,35,55,Normal
2026-02-08 07:19:28.825440,London-54fc,14,5,Normal
2026-02-08 07:19:29.825440,London-54fc,8,86,Normal
2026-02-08 07:19:30.825440,London-54fc,11,3,Normal
2026-02-08 07:19:31.825440,London-54fc,12,83,Normal
2026-02-08 07:19:32.825440,London-54fc,16,43,Normal
2026-02-08 07:19:33.825440,London-54fc,28,46,Normal
2026-02-08 07:19:34.825440,London-54fc,4,47,Normal
2026-02-08 07:19:35.825440,London-54fc,28,68,Normal
2026-02-08 07:19:36.825440,London-54fc,5,67,Normal
2026-02-08 07:19:37.825440,London-54fc,1,7,Normal
2026-02-08 07:19:38.825440,London-54fc,5,10,Normal
2026-02-08 07:19:39.825440,London-54fc,17,21,Normal
2026-02-08 07:19:40.825440,London-54fc,9,5,Normal
2026-02-08 07:19:41.825440,London-54fc,10,4,Normal
2026-02-08 07:19:42.825440,London-54fc,29,58,Normal
2026-02-08 07:19:43.825440,London-54fc,5,6,Normal
2026-02-08 07:19:44.825440,London-54fc,27,62,Normal
2026-02-08 07:19:45.825440,London-54fc,31,28,Normal
2026-02-08 07:19:46.825440,London-54fc,30,27,Normal
2026-02-08 07:19:47.825440,London-54fc,46,94,Normal
2026-02-08 07:19:48.825440,London-54fc,2,96,Normal
2026-02-08 07:19:49.825440,London-54fc,35,20,Normal
2026-02-08 07:19:50.825440,London-54fc,-17,34,Normal
2026-02-08 07:19:51.825440,London-54fc,23,40,Normal
2026-02-08 07:19:52.825440,London-54fc,46,4,Normal
2026-02-08 07:19:53.825440,London-54fc,20,29,Normal
2026-02-08 07:19:54.825440,London-54fc,20,18,Normal
2026-02-08 07:19:55.825440,London-54fc,49,12,Normal
2026-02-08 07:19:56.825440,London-54fc,-21,67,Normal
2026-02-08 07:19:57.825440,London-54fc,-24,59,Normal
2026-02-08 07:19:58.825440,London-54fc,46,37,Normal
2026-02-08 07:19:59.825440,London-54fc,33,94,Normal
2026-02-08 07:20:00.825440,London-54fc,41,18,Normal
2026-02-08 07:20:01.825440,London-54fc,22,40,Normal
2026-02-08 07:20:02.825440,London-54fc,12,39,Normal
2026-02-08 07:20:03.825440,London-54fc,24,90,Normal
2026-02-08 07:20:04.825440,London-54fc,21,33,Normal
2026-02-08 07:20:05.825440,London-54fc,-27,18,Normal
2026-02-08 07:20:06.825440,London-54fc,4,30,Normal
2026-02-08 07:20:07.825440,London-54fc,6,35,Normal
2026-02-08 07:20:08.825440,London-54fc,46,1,Normal
2026-02-08 07:20:09.825440,London-54fc,15,61,Normal
2026-02-08 07:20:10.825440,London-54fc,27,23,Normal
2026-02-08 07:20:11.825440,London-54fc,-11,35,Normal
2026-02-08 07:20:12.825440,London-54fc,25,71,Normal
2026-02-08 07:20:13.825440,London-54fc,12,47,Normal
2026-02-08 07:20:14.825440,London-54fc,0,59,Normal
2026-02-08 07:20:15.825440,London-54fc,-19,35,Normal
2026-02-08 07:20:16.825440,London-54fc,-3,58,Normal
2026-02-08 07:20:17.825440,London-54fc,-5,36,Normal
2026-02-08 07:20:18.825440,London-54fc,-30,56,Normal
2026-02-08 07:20:19.825440,London-54fc,46,9,Normal
2026-02-08 07:20:20.825440,London-54fc,49,34,Normal
2026-02-08 07:20:21.825440,London-54fc,26,62,Normal
2026-02-08 07:20:22.825440,London-54fc,-25,7,Normal
2026-02-08 07:20:23.825440,London-54fc,9,70,Normal
2026-02-08 07:20:24.825440,London-54fc,23,8,Normal
2026-02-08 07:20:25.825440,London-54fc,2,76,Normal
2026-02-08 07:20:26.825440,London-54fc,7,70,Normal
2026-02-08 07:20:27.825440,London-54fc,18,71,Normal
2026-02-08 07:20:28.825440,London-54fc,-5,51,Normal
2026-02-08 07:20:29.825440,London-54fc,8,20,Normal
2026-02-08 07:20:30.825440,London-54fc,38,13,Normal
2026-02-08 07:20:31.825440,London-54fc,9,34,Normal
2026-02-08 07:20:32.825440,London-54fc,36,46,Normal
2026-02-08 07:20:33.825440,London-54fc,-24,40,Normal
2026-02-08 07:20:34.825440,London-54fc,-6,58,Normal
2026-02-08 07:20:35.825440,London-54fc,29,80,Normal
2026-02-08 07:20:36.825440,London-54fc,35,72,Normal
2026-02-08 07:20:37.825440,London-54fc,-5,21,Normal
2026-02-08 07:20:38.825440,London-54fc,-21,37,Normal
2026-02-08 07:20:39.825440,London-54fc,2,2,Normal
2026-02-08 07:20:40.825440,London-54fc,-20,2,Normal
2026-02-08 07:20:41.825440,London-54fc,10,87,Normal
2026-02-08 07:20:42.825440,London-54fc,-29,12,Normal
2026-02-08 07:20:43.825440,London-54fc,45,62,Normal
2026-02-08 07:20:44.825440,London-54fc,-26,84,Normal
2026-02-08 07:20:45.825440,London-54fc,38,69,Normal
2026-02-08 07:20:46.825440,London-54fc,-24,90,Normal
2026-02-08 07:20:47.825440,London-54fc,-22,75,Normal
2026-02-08 07:20:48.825440,London-54fc,19,84,Normal
2026-02-08 07:20:49.825440,London-54fc,30,11,Normal
2026-02-08 07:20:50.825440,London-54fc,0,70,Normal
2026-02-08 07:20:51.825440,London-54fc,-14,22,Normal
2026-02-08 07:20:52.825440,London-54fc,-15,51,Normal
2026-02-08 07:20:53.825440,London-54fc,-16,59,Normal
2026-02-08 07:20:54.825440,London-54fc,-23,98,Normal
2026-02-08 07:20:55.825440,London-54fc,39,50,Normal
2026-02-08 07:20:56.825440,London-54fc,12,80,Normal
2026-02-08 07:20:57.825440,London-54fc,41,80,Normal
2026-02-08 07:20:58.825440,London-54fc,26,2,Normal
2026-02-08 07:20:59.825440,London-54fc,-13,4,Normal
2026-02-08 07:21:00.825440,London-54fc,4,41,Normal
2026-02-08 07:21:01.825440,London-54fc,18,54,Normal
2026-02-08 07:21:02.825440,London-54fc,10,50,Normal
2026-02-08 07:21:03.825440,London-54fc,1,38,Normal
2026-02-08 07:21:04.825440,London-54fc,17,15,Normal
2026-02-08 07:21:05.825440,London-54fc,7,47,Normal
2026-02-08 07:21:06.825440,London-54fc,-6,16,Normal
2026-02-08 07:21:07.825440,London-54fc,31,73,Normal
2026-02-08 07:21:08.825440,London-54fc,-28,44,Normal
2026-02-08 07:21:09.825440,London-54fc,22,31,Normal
2026-02-08 07:21:10.825440,London-54fc,18,23,Normal
2026-02-08 07:21:11.825440,London-54fc,24,32,Normal
2026-02-08 07:21:12.825440,London-54fc,-6,32,Normal
2026-02-08 07:21:13.825440,London-54fc,22,9,Normal
2026-02-08 07:21:14.825440,London-54fc,-25,3,Normal
2026-02-08 07:21:15.825440,London-54fc,-27,70,Normal
2026-02-08 07:21:16.825440,London-54fc,-5,23,Normal
2026-02-08 07:21:17.825440,London-54fc,47,67,Normal
2026-02-08 07:21:18.825440,London-54fc,-24,40,Normal
2026-02-08 07:21:19.825440,London-54fc,17,16,Normal
2026-02-08 07:21:20.825440,London-54fc,-29,63,Normal
2026-02-08 07:21:21.825440,London-54fc,31,11,Normal
2026-02-08 07:21:22.825440,London-54fc,-3,76,Normal
2026-02-08 07:21:23.825440,London-54fc,-17,70,Normal
2026-02-08 07:21:24.825440,London-54fc,-29,90,Normal
2026-02-08 07:21:25.825440,London-54fc,-15,74,Normal
2026-02-08 07:21:26.825440,London-54fc,36,64,Normal
2026-02-08 07:21:27.825440,London-54fc,-24,75,Normal
2026-02-08 07:21:28.825440,London-54fc,-11,6,Normal
2026-02-08 07:21:29.825440,London-54fc,-11,99,Normal
2026-02-08 07:21:30.825440,London-54fc,26,18,Normal
2026-02-08 07:21:31.825440,London-54fc,29,66,Normal
2026-02-08 07:21:32.825440,London-54fc,49,74,Normal
2026-02-08 07:21:33.825440,London-54fc,18,30,Normal
2026-02-08 07:21:34.825440,London-54fc,27,91,Normal
2026-02-08 07:21:35.825440,London-54fc,9,29,Normal
2026-02-08 07:21:36.825440,London-54fc,2,38,Normal
2026-02-08 07:21:37.825440,London-54fc,-28,96,Normal
2026-02-08 07:21:38.825440,London-54fc,47,31,Normal
2026-02-08 07:21:39.825440,London-54fc,34,21,Normal
2026-02-08 07:21:40.825440,London-54fc,34,57,Normal
2026-02-08 07:21:41.825440,London-54fc,39,17,Normal
2026-02-08 07:21:42.825440,London-54fc,16,34,Normal
2026-02-08 07:21:43.825440,London-54fc,-21,8,Normal
2026-02-08 07:21:44.825440,London-54fc,42,3,Normal
2026-02-08 07:21:45.825440,London-54fc,9,32,Normal
2026-02-08 07:21:46.825440,London-54fc,13,19,Normal
2026-02-08 07:21:47.825440,London-54fc,-15,21,Normal
2026-02-08 07:21:48.825440,London-54fc,41,25,Normal
2026-02-08 07:21:49.825440,London-54fc,12,52,Normal
2026-02-08 07:21:50.825440,London-54fc,41,77,Normal
2026-02-08 07:21:51.825440,London-54fc,36,80,Normal
2026-02-08 07:21:52.825440,London-54fc,41,9,Normal
2026-02-08 07:21:53.825440,London-54fc,0,23,Normal
2026-02-08 07:21:54.825440,London-54fc,-30,9,Normal
2026-02-08 07:21:55.825440,London-54fc,37,68,Normal
2026-02-08 07:21:56.825440,London-54fc,-24,79,Normal
2026-02-08 07:21:57.825440,London-54fc,38,43,Normal
2026-02-08 07:21:58.825440,London-54fc,40,91,Normal
2026-02-08 07:21:59.825440,London-54fc,-13,59,Normal
2026-02-08 07:22:00.825440,London-54fc,30,98,Normal
2026-02-08 07:22:01.825440,London-54fc,20,54,Normal
2026-02-08 07:22:02.825440,London-54fc,21,66,Normal
2026-02-08 07:22:03.825440,London-54fc,-16,33,Normal
2026-02-08 07:22:04.825440,London-54fc,28,39,Normal
2026-02-08 07:22:05.825440,London-54fc,9,25,Normal
2026-02-08 07:22:06.825440,London-54fc,13,6,Normal
2026-02-08 07:22:07.825440,London-54fc,47,44,Normal
2026-02-08 07:22:08.825440,London-54fc,27,56,Normal
2026-02-08 07:22:09.825440,London-54fc,-16,30,Normal
2026-02-08 07:22:10.825440,London-54fc,11,82,Normal
2026-02-08 07:22:11.825440,London-54fc,41,43,Normal
2026-02-08 07:22:12.825440,London-54fc,7,78,Normal
2026-02-08 07:22:13.825440,London-54fc,-2,81,Normal
2026-02-08 07:22:14.825440,London-54fc,11,4,Normal
2026-02-08 07:22:15.825440,London-54fc,17,31,Normal
2026-02-08 07:22:16.825440,London-54fc,8,83,Normal
2026-02-08 07:22:17.825440,London-54fc,45,17,Normal
2026-02-08 07:22:18.825440,London-54fc,-29,41,Normal
2026-02-08 07:22:19.825440,London-54fc,38,59,Normal
2026-02-08 07:22:20.825440,London-54fc,-19,81,Normal
2026-02-08 07:22:21.825440,London-54fc,36,23,Normal
2026-02-08 07:22:22.825440,London-54fc,30,13,Normal
2026-02-08 07:22:23.825440,London-54fc,45,41,Normal
2026-02-08 07:22:24.825440,London-54fc,5,90,Normal
2026-02-08 07:22:25.825440,London-54fc,3,8,Normal
2026-02-08 07:22:26.825440,London-54fc,11,34,Normal
2026-02-08 07:22:27.825440,London-54fc,6,96,Normal
2026-02-08 07:22:28.825440,London-54fc,28,47,Normal
2026-02-08 07:22:29.825440,London-54fc,22,80,Normal
2026-02-08 07:22:30.825440,London-54fc,-30,42,Normal
2026-02-08 07:22:31.825440,London-54fc,17,100,Normal
2026-02-08 07:22:32.825440,London-54fc,35,42,Normal
2026-02-08 07:22:33.825440,London-54fc,2,85,Normal
2026-02-08 07:22:34.825440,London-54fc,-24,52,Normal
2026-02-08 07:22:35.825440,London-54fc,16,82,Normal
2026-02-08 07:22:36.825440,London-54fc,-8,79,Normal
2026-02-08 07:22:37.825440,London-54fc,46,75,Normal
2026-02-08 07:22:38.825440,London-54fc,2,54,Normal
2026-02-08 07:22:39.825440,London-54fc,42,88,Normal
2026-02-08 07:22:40.825440,London-54fc,10,19,Normal
2026-02-08 07:22:41.825440,London-54fc,4,78,Normal
2026-02-08 07:22:42.825440,London-54fc,40,23,Normal
2026-02-08 07:22:43.825440,London-54fc,-11,6,Normal
2026-02-08 07:22:44.825440,London-54fc,-13,72,Normal
2026-02-08 07:22:45.825440,London-54fc,-13,33,Normal
2026-02-08 07:22:46.825440,London-54fc,20,10,Normal
2026-02-08 07:22:47.825440,London-54fc,27,15,Normal
2026-02-08 07:22:48.825440,London-54fc,-18,89,Normal
2026-02-08 07:22:49.825440,London-54fc,5,79,Normal
2026-02-08 07:22:50.825440,London-54fc,42,59,Normal
2026-02-08 07:22:51.825440,London-54fc,22,15,Normal
2026-02-08 07:22:52.825440,London-54fc,-26,93,Normal
2026-02-08 07:22:53.825440,London-54fc,-17,57,Normal
2026-02-08 07:22:54.825440,London-54fc,34,68,Normal
2026-02-08 07:22:55.825440,London-54fc,-25,41,Normal
2026-02-08 07:22:56.825440,London-54fc,-29,44,Normal
2026-02-08 07:22:57.825440,London-54fc,-20,64,Normal
2026-02-08 07:22:58.825440,London-54fc,16,46,Normal
2026-02-08 07:22:59.825440,London-54fc,33,80,Normal
2026-02-08 07:23:00.825440,London-54fc,33,62,Normal
2026-02-08 07:23:01.825440,London-54fc,-4,37,Normal
2026-02-08 07:23:02.825440,London-54fc,43,53,Normal
2026-02-08 07:23:03.825440,London-54fc,27,81,Normal
2026-02-08 07:23:04.825440,London-54fc,17,53,Normal
2026-02-08 07:23:05.825440,London-54fc,34,6,Normal
2026-02-08 07:23:06.825440,London-54fc,39,55,Normal
2026-02-08 07:23:07.825440,London-54fc,-10,5,Normal
2026-02-08 07:23:08.825440,London-54fc,11,42,Normal
2026-02-08 07:23:09.825440,London-54fc,-5,19,Normal
2026-02-08 07:23:10.825440,London-54fc,24,8,Normal
2026-02-08 07:23:11.825440,London-54fc,40,67,Normal
2026-02-08 07:23:12.825440,London-54fc,35,35,Normal
2026-02-08 07:23:13.825440,London-54fc,38,50,Normal
2026-02-08 07:23:14.825440,London-54fc,23,5,Normal
2026-02-08 07:23:15.825440,London-54fc,48,47,Normal
2026-02-08 07:23:16.825440,London-54fc,33,71,Normal
2026-02-08 07:23:17.825440,London-54fc,46,86,Normal
2026-02-08 07:23:18.825440,London-54fc,-10,45,Normal
2026-02-08 07:23:19.825440,London-54fc,7,33,Normal
2026-02-08 07:23:20.825440,London-54fc,15,54,Normal
2026-02-08 07:23:21.825440,London-54fc,10,72,Normal
2026-02-08 07:23:22.825440,London-54fc,-30,50,Normal
2026-02-08 07:23:23.825440,London-54fc,39,3,Normal
2026-02-08 07:23:24.825440,London-54fc,20,48,Normal
2026-02-08 07:23:25.825440,London-54fc,-5,60,Normal
2026-02-08 07:23:26.825440,London-54fc,10,47,Normal
2026-02-08 07:23:27.825440,London-54fc,48,45,Normal
2026-02-08 07:23:28.825440,London-54fc,37,4,Normal
2026-02-08 07:23:29.825440,London-54fc,50,66,Normal
2026-02-08 07:23:30.825440,London-54fc,5,39,Normal
2026-02-08 07:23:31.825440,London-54fc,42,14,Normal
2026-02-08 07:23:32.825440,London-54fc,22,45,Normal
2026-02-08 07:23:33.825440,London-54fc,35,88,Normal
2026-02-08 07:23:34.825440,London-54fc,43,93,Normal
2026-02-08 07:23:35.825440,London-54fc,-29,84,Normal
2026-02-08 07:23:36.825440,London-54fc,50,33,Normal
2026-02-08 07:23:37.825440,London-54fc,-1,34,Normal
2026-02-08 07:23:38.825440,London-54fc,-6,7,Normal
2026-02-08 07:23:39.825440,London-54fc,-2,10,Normal
2026-02-08 07:23:40.825440,London-54fc,20,63,Normal
2026-02-08 07:23:41.825440,London-54fc,-13,9,Normal
2026-02-08 07:23:42.825440,London-54fc,5,95,Normal
2026-02-08 07:23:43.825440,London-54fc,36,8,Normal
2026-02-08 07:23:44.825440,London-54fc,-6,89,Normal
2026-02-08 07:23:45.825440,London-54fc,-16,14,Normal
2026-02-08 07:23:46.825440,London-54fc,-19,13,Normal
2026-02-08 07:23:47.825440,London-54fc,48,86,Normal
2026-02-08 07:23:48.825440,London-54fc,-12,52,Normal
2026-02-08 07:23:49.825440,London-54fc,23,2,Normal
2026-02-08 07:23:50.825440,London-54fc,18,98,Normal
2026-02-08 07:23:51.825440,London-54fc,-30,65,Normal
2026-02-08 07:23:52.825440,London-54fc,-19,79,Normal
2026-02-08 07:23:53.825440,London-54fc,31,98,Normal
2026-02-08 07:23:54.825440,London-54fc,-22,82,Normal
2026-02-08 07:23:55.825440,London-54fc,-11,16,Normal
2026-02-08 07:23:56.825440,London-54fc,-5,4,Normal
2026-02-08 07:23:57.825440,London-54fc,33,11,Normal
2026-02-08 07:23:58.825440,London-54fc,-17,57,Normal
2026-02-08 07:23:59.825440,London-54fc,-13,37,Normal
2026-02-08 07:24:00.825440,London-54fc,41,10,Normal
2026-02-08 07:24:01.825440,London-54fc,30,52,Normal
2026-02-08 07:24:02.825440,London-54fc,-4,31,Normal
2026-02-08 07:24:03.825440,London-54fc,-12,85,Normal
2026-02-08 07:24:04.825440,London-54fc,38,2,Normal
2026-02-08 07:24:05.825440,London-54fc,15,80,Normal
2026-02-08 07:24:06.825440,London-54fc,15,55,Normal
2026-02-08 07:24:07.825440,London-54fc,-25,77,Normal
2026-02-08 07:24:08.825440,London-54fc,9,31,Normal
2026-02-08 07:24:09.825440,London-54fc,-24,80,Normal
2026-02-08 07:24:10.825440,London-54fc,-12,77,Normal
2026-02-08 07:24:11.825440,London-54fc,34,58,Normal
2026-02-08 07:24:12.825440,London-54fc,-8,37,Normal
2026-02-08 07:24:13.825440,London-54fc,-6,48,Normal
2026-02-08 07:24:14.825440,London-54fc,43,39,Normal
2026-02-08 07:24:15.825440,London-54fc,41,79,Normal
2026-02-08 07:24:16.825440,London-54fc,-20,13,Normal
2026-02-08 07:24:17.825440,London-54fc,5,48,Normal
2026-02-08 07:24:18.825440,London-54fc,-9,50,Normal
2026-02-08 07:24:19.825440,London-54fc,13,21,Normal
2026-02-08 07:24:20.825440,London-54fc,30,50,Normal
2026-02-08 07:24:21.825440,London-54fc,-28,60,Normal
2026-02-08 07:24:22.825440,London-54fc,7,39,Normal
2026-02-08 07:24:23.825440,London-54fc,13,17,Normal
2026-02-08 07:24:24.825440,London-54fc,-9,100,Normal
2026-02-08 07:24:25.825440,London-54fc,33,2,Normal
2026-02-08 07:24:26.825440,London-54fc,35,99,Normal
2026-02-08 07:24:27.825440,London-54fc,35,81,Normal
2026-02-08 07:24:28.825440,London-54fc,5,22,Normal
2026-02-08 07:24:29.825440,London-54fc,-9,14,Normal
2026-02-08 07:24:30.825440,London-54fc,46,93,Normal
2026-02-08 07:24:31.825440,London-54fc,-19,96,Normal
2026-02-08 07:24:32.825440,London-54fc,-27,10,Normal
2026-02-08 07:24:33.825440,London-54fc,21,65,Normal
2026-02-08 07:24:34.825440,London-54fc,-22,32,Normal
2026-02-08 07:24:35.825440,London-54fc,17,50,Normal
2026-02-08 07:24:36.825440,London-54fc,23,63,Normal
2026-02-08 07:24:37.825440,London-54fc,38,75,Normal
2026-02-08 07:24:38.825440,London-54fc,-28,32,Normal
2026-02-08 07:24:39.825440,London-54fc,12,14,Normal
2026-02-08 07:24:40.825440,London-54fc,42,43,Normal
2026-02-08 07:24:41.825440,London-54fc,-7,39,Normal
2026-02-08 07:24:42.825440,London-54fc,-24,80,Normal
2026-02-08 07:24:43.825440,London-54fc,30,6,Normal
