timestamp,station_id,temp,humid,condition
2026-02-08 02:49:20.614884,Berlin-a16c,-4,7,Normal
2026-02-08 02:49:21.614884,Berlin-a16c,-1,94,Normal
2026-02-08 02:49:22.614884,Berlin-a16c,7,61,Normal
2026-02-08 02:49:23.614884,Berlin-a16c,-20,24,Normal
2026-02-08 02:49:24.614884,Berlin-a16c,-4,89,Normal
2026-02-08 02:49:25.614884,Berlin-a16c,44,72,Normal
2026-02-08 02:49:26.614884,Berlin-a16c,-19,6,Normal
2026-02-08 02:49:27.614884,Berlin-a16c,27,6,Normal
2026-02-08 02:49:28.614884,Berlin-a16c,5,63,Normal
2026-02-08 02:49:29.614884,Berlin-a16c,23,78,Normal
2026-02-08 02:49:30.614884,Berlin-a16c,44,40,Normal
2026-02-08 02:49:31.614884,Berlin-a16c,25,20,Normal
2026-02-08 02:49:32.614884,Berlin-a16c,14,70,Normal
2026-02-08 02:49:33.614884,Berlin-a16c,12,66,Normal
2026-02-08 02:49:34.614884,Berlin-a16c,17,1,Normal
2026-02-08 02:49:35.614884,Berlin-a16c,-3,3,Normal
2026-02-08 02:49:36.614884,Berlin-a16c,-21,40,Normal
2026-02-08 02:49:37.614884,Berlin-a16c,30,1,Normal
2026-02-08 02:49:38.614884,Berlin-a16c,11,22,Normal
2026-02-08 02:49:39.614884,Berlin-a16c,30,83,Normal
2026-02-08 02:49:40.614884,Berlin-a16c,-18,51,Normal
2026-02-08 02:49:41.614884,Berlin-a16c,23,82,Normal
2026-02-08 02:49:42.614884,Berlin-a16c,39,69,Normal
2026-02-08 02:49:43.614884,Berlin-a16c,38,84,Normal
2026-02-08 02:49:44.614884,Berlin-a16c,18,5,Normal
2026-02-08 02:49:45.614884,Berlin-a16c,2,75,Normal
2026-02-08 02:49:46.614884,Berlin-a16c,-22,92,Normal
2026-02-08 02:49:47.614884,Berlin-a16c,48,56,Normal
2026-02-08 02:49:48.614884,Berlin-a16c,1,15,Normal
2026-02-08 02:49:49.614884,Berlin-a16c,6,60,Normal
2026-02-08 02:49:50.614884,Berlin-a16c,-29,21,Normal
2026-02-08 02:49:51.614884,Berlin-a16c,-22,12,Normal
2026-02-08 02:49:52.614884,Berlin-a16c,9,89,Normal
2026-02-08 02:49:53.614884,Berlin-a16c,4,100,Normal
2026-02-08 02:49:54.614884,Berlin-a16c,41,43,Normal
2026-02-08 02:49:55.614884,Berlin-a16c,45,88,Normal
2026-02-08 02:49:56.614884,Berlin-a16c,50,29,Normal
2026-02-08 02:49:57.614884,Berlin-a16c,40,8,Normal
2026-02-08 02:49:58.614884,Berlin-a16c,-25,83,Normal
2026-02-08 02:49:59.614884,Berlin-a16c,-24,43,Normal
2026-02-08 02:50:00.614884,Berlin-a16c,-20,27,Normal
2026-02-08 02:50:01.614884,Berlin-a16c,-9,14,Normal
2026-02-08 02:50:02.614884,Berlin-a16c,45,15,Normal
2026-02-08 02:50:03.614884,Berlin-a16c,-3,52,Normal
2026-02-08 02:50:04.614884,Berlin-a16c,-22,76,Normal
2026-02-08 02:50:05.614884,Berlin-a16c,-19,28,Normal
2026-02-08 02:50:06.614884,Berlin-a16c,-26,64,Normal
2026-02-08 02:50:07.614884,Berlin-a16c,-4,28,Normal
2026-02-08 02:50:08.614884,Berlin-a16c,37,83,Normal
2026-02-08 02:50:09.614884,Berlin-a16c,32,6,Normal
2026-02-08 02:50:10.614884,Berlin-a16c,24,57,Normal
2026-02-08 02:50:11.614884,Berlin-a16c,4,42,Normal
2026-02-08 02:50:12.614884,Berlin-a16c,10,2,Normal
2026-02-08 02:50:13.614884,Berlin-a16c,-23,22,Normal
2026-02-08 02:50:14.614884,Berlin-a16c,26,87,Normal
2026-02-08 02:50:15.614884,Berlin-a16c,33,62,Normal
2026-02-08 02:50:16.614884,Berlin-a16c,47,86,Normal
2026-02-08 02:50:17.614884,Berlin-a16c,-20,58,Normal
2026-02-08 02:50:18.614884,Berlin-a16c,-1,33,Normal
2026-02-08 02:50:19.614884,Berlin-a16c,-30,22,Normal
2026-02-08 02:50:20.614884,Berlin-a16c,49,97,Normal
2026-02-08 02:50:21.614884,Berlin-a16c,29,84,Normal
2026-02-08 02:50:22.614884,Berlin-a16c,-24,14,Normal
2026-02-08 02:50:23.614884,Berlin-a16c,32,83,Normal
2026-02-08 02:50:24.614884,Berlin-a16c,46,14,Normal
2026-02-08 02:50:25.614884,Berlin-a16c,30,5,Normal
2026-02-08 02:50:26.614884,Berlin-a16c,49,84,Normal
2026-02-08 02:50:27.614884,Berlin-a16c,-18,36,Normal
2026-02-08 02:50:28.614884,Berlin-a16c,-27,85,Normal
2026-02-08 02:50:29.614884,Berlin-a16c,30,15,Normal
2026-02-08 02:50:30.614884,Berlin-a16c,3,96,Normal
2026-02-08 02:50:31.614884,Berlin-a16c,32,88,Normal
2026-02-08 02:50:32.614884,Berlin-a16c,3,33,Normal
2026-02-08 02:50:33.614884,Berlin-a16c,-30,33,Normal
2026-02-08 02:50:34.614884,Berlin-a16c,14,45,Normal
2026-02-08 02:50:35.614884,Berlin-a16c,28,27,Normal
2026-02-08 02:50:36.614884,Berlin-a16c,20,33,Normal
2026-02-08 02:50:37.614884,Berlin-a16c,48,63,Normal
2026-02-08 02:50:38.614884,Berlin-a16c,-3,74,Normal
2026-02-08 02:50:39.614884,Berlin-a16c,-10,87,Normal
2026-02-08 02:50:40.614884,Berlin-a16c,23,2,Normal
2026-02-08 02:50:41.614884,Berlin-a16c,45,51,Normal
2026-02-08 02:50:42.614884,Berlin-a16c,16,47,Normal
2026-02-08 02:50:43.614884,Berlin-a16c,40,43,Normal
2026-02-08 02:50:44.614884,Berlin-a16c,30,82,Normal
2026-02-08 02:50:45.614884,Berlin-a16c,30,66,Normal
2026-02-08 02:50:46.614884,Berlin-a16c,15,97,Normal
2026-02-08 02:50:47.614884,Berlin-a16c,-1,33,Normal
2026-02-08 02:50:48.614884,Berlin-a16c,8,84,Normal
2026-02-08 02:50:49.614884,Berlin-a16c,48,22,Normal
2026-02-08 02:50:50.614884,Berlin-a16c,18,83,Normal
2026-02-08 02:50:51.614884,Berlin-a16c,-10,10,Normal
2026-02-08 02:50:52.614884,Berlin-a16c,16,83,Normal
2026-02-08 02:50:53.614884,Berlin-a16c,-7,73,Normal
2026-02-08 02:50:54.614884,Berlin-a16c,18,48,Normal
2026-02-08 02:50:55.614884,Berlin-a16c,-15,96,Normal
2026-02-08 02:50:56.614884,Berlin-a16c,31,82,Normal
2026-02-08 02:50:57.614884,Berlin-a16c,19,39,Normal
2026-02-08 02:50:58.614884,Berlin-a16c,25,89,Normal
2026-02-08 02:50:59.614884,Berlin-a16c,16,95,Normal
2026-02-08 02:51:00.614884,Berlin-a16c,27,7,Normal
2026-02-08 02:51:01.614884,Berlin-a16c,22,54,Normal
2026-02-08 02:51:02.614884,Berlin-a16c,49,4,Normal
2026-02-08 02:51:03.614884,Berlin-a16c,-17,22,Normal
2026-02-08 02:51:04.614884,Berlin-a16c,-6,78,Normal
2026-02-08 02:51:05.614884,Berlin-a16c,27,98,Normal
2026-02-08 02:51:06.614884,Berlin-a16c,11,17,Normal
2026-02-08 02:51:07.614884,Berlin-a16c,-1,18,Normal
2026-02-08 02:51:08.614884,Berlin-a16c,3,17,Normal
2026-02-08 02:51:09.614884,Berlin-a16c,-7,38,Normal
2026-02-08 02:51:10.614884,Berlin-a16c,20,31,Normal
2026-02-08 02:51:11.614884,Berlin-a16c,13,91,Normal
2026-02-08 02:51:12.614884,Berlin-a16c,-30,39,Normal
2026-02-08 02:51:13.614884,Berlin-a16c,-6,74,Normal
2026-02-08 02:51:14.614884,Berlin-a16c,-28,20,Normal
2026-02-08 02:51:15.614884,Berlin-a16c,20,6,Normal
2026-02-08 02:51:16.614884,Berlin-a16c,41,68,Normal
2026-02-08 02:51:17.614884,Berlin-a16c,-27,93,Normal
2026-02-08 02:51:18.614884,Berlin-a16c,27,67,Normal
2026-02-08 02:51:19.614884,Berlin-a16c,43,76,Normal
2026-02-08 02:51:20.614884,Berlin-a16c,-11,67,Normal
2026-02-08 02:51:21.614884,Berlin-a16c,-19,73,Normal
2026-02-08 02:51:22.614884,Berlin-a16c,8,26,Normal
2026-02-08 02:51:23.614884,Berlin-a16c,-6,75,Normal
2026-02-08 02:51:24.614884,Berlin-a16c,-27,60,Normal
2026-02-08 02:51:25.614884,Berlin-a16c,-12,65,Normal
2026-02-08 02:51:26.614884,Berlin-a16c,0,2,Normal
2026-02-08 02:51:27.614884,Berlin-a16c,11,37,Normal
2026-02-08 02:51:28.614884,Berlin-a16c,29,12,Normal
2026-02-08 02:51:29.614884,Berlin-a16c,-16,73,Normal
2026-02-08 02:51:30.614884,Berlin-a16c,9,80,Normal
2026-02-08 02:51:31.614884,Berlin-a16c,33,39,Normal
2026-02-08 02:51:32.614884,Berlin-a16c,-19,5,Normal
2026-02-08 02:51:33.614884,Berlin-a16c,6,41,Normal
2026-02-08 02:51:34.614884,Berlin-a16c,-18,28,Normal
2026-02-08 02:51:35.614884,Berlin-a16c,-5,86,Normal
2026-02-08 02:51:36.614884,Berlin-a16c,38,3,Normal
2026-02-08 02:51:37.614884,Berlin-a16c,9,85,Normal
2026-02-08 02:51:38.614884,Berlin-a16c,28,90,Normal
2026-02-08 02:51:39.614884,Berlin-a16c,43,19,Normal
2026-02-08 02:51:40.614884,Berlin-a16c,-8,82,Normal
2026-02-08 02:51:41.614884,Berlin-a16c,-19,50,Normal
2026-02-08 02:51:42.614884,Berlin-a16c,12,30,Normal
2026-02-08 02:51:43.614884,Berlin-a16c,-20,20,Normal
2026-02-08 02:51:44.614884,Berlin-a16c,4,57,Normal
2026-02-08 02:51:45.614884,Berlin-a16c,24,27,Normal
2026-02-08 02:51:46.614884,Berlin-a16c,25,48,Normal
2026-02-08 02:51:47.614884,Berlin-a16c,13,42,Normal
2026-02-08 02:51:48.614884,Berlin-a16c,45,9,Normal
2026-02-08 02:51:49.614884,Berlin-a16c,32,64,Normal
2026-02-08 02:51:50.614884,Berlin-a16c,32,9,Normal
2026-02-08 02:51:51.614884,Berlin-a16c,40,29,Normal
2026-02-08 02:51:52.614884,Berlin-a16c,28,40,Normal
2026-02-08 02:51:53.614884,Berlin-a16c,24,91,Normal
2026-02-08 02:51:54.614884,Berlin-a16c,31,80,Normal
2026-02-08 02:51:55.614884,Berlin-a16c,48,94,Normal
2026-02-08 02:51:56.614884,Berlin-a16c,-15,39,Normal
2026-02-08 02:51:57.614884,Berlin-a16c,3,82,Normal
2026-02-08 02:51:58.614884,Berlin-a16c,24,94,Normal
2026-02-08 02:51:59.614884,Berlin-a16c,-9,73,Normal
2026-02-08 02:52:00.614884,Berlin-a16c,-26,82,Normal
2026-02-08 02:52:01.614884,Berlin-a16c,22,12,Normal
2026-02-08 02:52:02.614884,Berlin-a16c,35,70,Normal
2026-02-08 02:52:03.614884,Berlin-a16c,26,79,Normal
2026-02-08 02:52:04.614884,Berlin-a16c,5,56,Normal
2026-02-08 02:52:05.614884,Berlin-a16c,-11,45,Normal
2026-02-08 02:52:06.614884,Berlin-a16c,33,7,Normal
2026-02-08 02:52:07.614884,Berlin-a16c,18,5,Normal
2026-02-08 02:52:08.614884,Berlin-a16c,-4,30,Normal
2026-02-08 02:52:09.614884,Berlin-a16c,-16,34,Normal
2026-02-08 02:52:10.614884,Berlin-a16c,34,49,Normal
2026-02-08 02:52:11.614884,Berlin-a16c,-4,65,Normal
2026-02-08 02:52:12.614884,Berlin-a16c,-18,97,Normal
2026-02-08 02:52:13.614884,Berlin-a16c,20,12,Normal
2026-02-08 02:52:14.614884,Berlin-a16c,29,90,Normal
2026-02-08 02:52:15.614884,Berlin-a16c,47,23,Normal
2026-02-08 02:52:16.614884,Berlin-a16c,20,68,Normal
2026-02-08 02:52:17.614884,Berlin-a16c,-4,31,Normal
2026-02-08 02:52:18.614884,Berlin-a16c,41,5,Normal
2026-02-08 02:52:19.614884,Berlin-a16c,3,95,Normal
2026-02-08 02:52:20.614884,Berlin-a16c,2,12,Normal
2026-02-08 02:52:21.614884,Berlin-a16c,32,2,Normal
2026-02-08 02:52:22.614884,Berlin-a16c,20,31,Normal
2026-02-08 02:52:23.614884,Berlin-a16c,22,24,Normal
2026-02-08 02:52:24.614884,Berlin-a16c,46,95,Normal
2026-02-08 02:52:25.614884,Berlin-a16c,16,12,Normal
2026-02-08 02:52:26.614884,Berlin-a16c,33,3,Normal
2026-02-08 02:52:27.614884,Berlin-a16c,-19,13,Normal
2026-02-08 02:52:28.614884,Berlin-a16c,30,80,Normal
2026-02-08 02:52:29.614884,Berlin-a16c,-22,22,Normal
2026-02-08 02:52:30.614884,Berlin-a16c,28,86,Normal
2026-02-08 02:52:31.614884,Berlin-a16c,48,57,Normal
2026-02-08 02:52:32.614884,Berlin-a16c,50,41,Normal
2026-02-08 02:52:33.614884,Berlin-a16c,-26,67,Normal
2026-02-08 02:52:34.614884,Berlin-a16c,27,77,Normal
2026-02-08 02:52:35.614884,Berlin-a16c,-4,17,Normal
2026-02-08 02:52:36.614884,Berlin-a16c,21,22,Normal
2026-02-08 02:52:37.614884,Berlin-a16c,-3,46,Normal
2026-02-08 02:52:38.614884,Berlin-a16c,47,73,Normal
2026-02-08 02:52:39.614884,Berlin-a16c,-8,53,Normal
2026-02-08 02:52:40.614884,Berlin-a16c,10,39,Normal
2026-02-08 02:52:41.614884,Berlin-a16c,11,70,Normal
2026-02-08 02:52:42.614884,Berlin-a16c,-1,38,Normal
2026-02-08 02:52:43.614884,Berlin-a16c,9,63,Normal
2026-02-08 02:52:44.614884,Berlin-a16c,11,40,Normal
2026-02-08 02:52:45.614884,Berlin-a16c,-2,25,Normal
2026-02-08 02:52:46.614884,Berlin-a16c,45,65,Normal
2026-02-08 02:52:47.614884,Berlin-a16c,-5,69,Normal
2026-02-08 02:52:48.614884,Berlin-a16c,-5,94,Normal
2026-02-08 02:52:49.614884,Berlin-a16c,-14,69,Normal
2026-02-08 02:52:50.614884,Berlin-a16c,20,4,Normal
2026-02-08 02:52:51.614884,Berlin-a16c,45,32,Normal
2026-02-08 02:52:52.614884,Berlin-a16c,15,8,Normal
2026-02-08 02:52:53.614884,Berlin-a16c,-14,48,Normal
2026-02-08 02:52:54.614884,Berlin-a16c,-10,88,Normal
2026-02-08 02:52:55.614884,Berlin-a16c,20,20,Normal
2026-02-08 02:52:56.614884,Berlin-a16c,8,84,Normal
2026-02-08 02:52:57.614884,Berlin-a16c,43,25,Normal
2026-02-08 02:52:58.614884,Berlin-a16c,7,48,Normal
2026-02-08 02:52:59.614884,Berlin-a16c,-10,56,Normal
2026-02-08 02:53:00.614884,Berlin-a16c,33,74,Normal
2026-02-08 02:53:01.614884,Berlin-a16c,-27,21,Normal
2026-02-08 02:53:02.614884,Berlin-a16c,12,50,Normal
2026-02-08 02:53:03.614884,Berlin-a16c,-9,8,Normal
2026-02-08 02:53:04.614884,Berlin-a16c,2,65,Normal
2026-02-08 02:53:05.614884,Berlin-a16c,-11,57,Normal
2026-02-08 02:53:06.614884,Berlin-a16c,-1,40,Normal
2026-02-08 02:53:07.614884,Berlin-a16c,21,96,Normal
2026-02-08 02:53:08.614884,Berlin-a16c,26,56,Normal
2026-02-08 02:53:09.614884,Berlin-a16c,-12,72,Normal
2026-02-08 02:53:10.614884,Berlin-a16c,2,86,Normal
2026-02-08 02:53:11.614884,Berlin-a16c,-18,58,Normal
2026-02-08 02:53:12.614884,Berlin-a16c,22,10,Normal
2026-02-08 02:53:13.614884,Berlin-a16c,37,80,Normal
2026-02-08 02:53:14.614884,Berlin-a16c,40,43,Normal
2026-02-08 02:53:15.614884,Berlin-a16c,-30,16,Normal
2026-02-08 02:53:16.614884,Berlin-a16c,-25,20,Normal
2026-02-08 02:53:17.614884,Berlin-a16c,41,24,Normal
2026-02-08 02:53:18.614884,Berlin-a16c,35,9,Normal
2026-02-08 02:53:19.614884,Berlin-a16c,15,39,Normal
2026-02-08 02:53:20.614884,Berlin-a16c,-2,78,Normal
2026-02-08 02:53:21.614884,Berlin-a16c,20,53,Normal
2026-02-08 02:53:22.614884,Berlin-a16c,48,14,Normal
2026-02-08 02:53:23.614884,Berlin-a16c,28,50,Normal
2026-02-08 02:53:24.614884,Berlin-a16c,12,72,Normal
2026-02-08 02:53:25.614884,Berlin-a16c,-30,63,Normal
2026-02-08 02:53:26.614884,Berlin-a16c,42,10,Normal
2026-02-08 02:53:27.614884,Berlin-a16c,-29,49,Normal
2026-02-08 02:53:28.614884,Berlin-a16c,14,0,Normal
2026-02-08 02:53:29.614884,Berlin-a16c,-24,44,Normal
2026-02-08 02:53:30.614884,Berlin-a16c,37,57,Normal
2026-02-08 02:53:31.614884,Berlin-a16c,34,87,Normal
2026-02-08 02:53:32.614884,Berlin-a16c,35,56,Normal
2026-02-08 02:53:33.614884,Berlin-a16c,-30,39,Normal
2026-02-08 02:53:34.614884,Berlin-a16c,37,57,Normal
2026-02-08 02:53:35.614884,Berlin-a16c,10,11,Normal
2026-02-08 02:53:36.614884,Berlin-a16c,18,77,Normal
2026-02-08 02:53:37.614884,Berlin-a16c,-2,72,Normal
2026-02-08 02:53:38.614884,Berlin-a16c,-21,99,Normal
2026-02-08 02:53:39.614884,Berlin-a16c,9,52,Normal
2026-02-08 02:53:40.614884,Berlin-a16c,6,13,Normal
2026-02-08 02:53:41.614884,Berlin-a16c,-4,83,Normal
2026-02-08 02:53:42.614884,Berlin-a16c,38,58,Normal
2026-02-08 02:53:43.614884,Berlin-a16c,41,51,Normal
2026-02-08 02:53:44.614884,Berlin-a16c,7,71,Normal
2026-02-08 02:53:45.614884,Berlin-a16c,6,49,Normal
2026-02-08 02:53:46.614884,Berlin-a16c,28,51,Normal
2026-02-08 02:53:47.614884,Berlin-a16c,6,83,Normal
2026-02-08 02:53:48.614884,Berlin-a16c,-27,22,Normal
2026-02-08 02:53:49.614884,Berlin-a16c,35,6,Normal
2026-02-08 02:53:50.614884,Berlin-a16c,44,97,Normal
2026-02-08 02:53:51.614884,Berlin-a16c,11,77,Normal
2026-02-08 02:53:52.614884,Berlin-a16c,-9,57,Normal
2026-02-08 02:53:53.614884,Berlin-a16c,14,80,Normal
2026-02-08 02:53:54.614884,Berlin-a16c,48,7,Normal
2026-02-08 02:53:55.614884,Berlin-a16c,-27,39,Normal
2026-02-08 02:53:56.614884,Berlin-a16c,-23,63,Normal
2026-02-08 02:53:57.614884,Berlin-a16c,-8,63,Normal
2026-02-08 02:53:58.614884,Berlin-a16c,-13,61,Normal
2026-02-08 02:53:59.614884,Berlin-a16c,26,35,Normal
2026-02-08 02:54:00.614884,Berlin-a16c,-12,3,Normal
2026-02-08 02:54:01.614884,Berlin-a16c,9,8,Normal
2026-02-08 02:54:02.614884,Berlin-a16c,-24,53,Normal
2026-02-08 02:54:03.614884,Berlin-a16c,39,8,Normal
2026-02-08 02:54:04.614884,Berlin-a16c,17,45,Normal
2026-02-08 02:54:05.614884,Berlin-a16c,5,90,Normal
2026-02-08 02:54:06.614884,Berlin-a16c,43,57,Normal
2026-02-08 02:54:07.614884,Berlin-a16c,13,51,Normal
2026-02-08 02:54:08.614884,Berlin-a16c,48,46,Normal
2026-02-08 02:54:09.614884,Berlin-a16c,41,69,Normal
2026-02-08 02:54:10.614884,Berlin-a16c,48,12,Normal
2026-02-08 02:54:11.614884,Berlin-a16c,-15,22,Normal
2026-02-08 02:54:12.614884,Berlin-a16c,42,11,Normal
2026-02-08 02:54:13.614884,Berlin-a16c,-16,19,Normal
2026-02-08 02:54:14.614884,Berlin-a16c,43,92,Normal
2026-02-08 02:54:15.614884,Berlin-a16c,23,94,Normal
2026-02-08 02:54:16.614884,Berlin-a16c,42,64,Normal
2026-02-08 02:54:17.614884,Berlin-a16c,50,45,Normal
2026-02-08 02:54:18.614884,Berlin-a16c,-11,69,Normal
2026-02-08 02:54:19.614884,Berlin-a16c,-4,51,Normal
2026-02-08 02:54:20.614884,Berlin-a16c,49,76,Normal
2026-02-08 02:54:21.614884,Berlin-a16c,30,98,Normal
2026-02-08 02:54:22.614884,Berlin-a16c,30,49,Normal
2026-02-08 02:54:23.614884,Berlin-a16c,38,36,Normal
2026-02-08 02:54:24.614884,Berlin-a16c,30,85,Normal
2026-02-08 02:54:25.614884,Berlin-a16c,14,40,Normal
2026-02-08 02:54:26.614884,Berlin-a16c,8,51,Normal
2026-02-08 02:54:27.614884,Berlin-a16c,25,76,Normal
2026-02-08 02:54:28.614884,Berlin-a16c,37,68,Normal
2026-02-08 02:54:29.614884,Berlin-a16c,11,1,Normal
2026-02-08 02:54:30.614884,Berlin-a16c,9,35,Normal
2026-02-08 02:54:31.614884,Berlin-a16c,-8,83,Normal
2026-02-08 02:54:32.614884,Berlin-a16c,-25,22,Normal
2026-02-08 02:54:33.614884,Berlin-a16c,2,7,Normal
2026-02-08 02:54:34.614884,Berlin-a16c,-1,99,Normal
2026-02-08 02:54:35.614884,Berlin-a16c,19,74,Normal
2026-02-08 02:54:36.614884,Berlin-a16c,-18,67,Normal
2026-02-08 02:54:37.614884,Berlin-a16c,0,25,Normal
2026-02-08 02:54:38.614884,Berlin-a16c,-18,61,Normal
2026-02-08 02:54:39.614884,Berlin-a16c,6,78,Normal
2026-02-08 02:54:40.614884,Berlin-a16c,-3,9,Normal
2026-02-08 02:54:41.614884,Berlin-a16c,3,26,Normal
2026-02-08 02:54:42.614884,Berlin-a16c,30,1,Normal
2026-02-08 02:54:43.614884,Berlin-a16c,37,35,Normal
2026-02-08 02:54:44.614884,Berlin-a16c,3,89,Normal
2026-02-08 02:54:45.614884,Berlin-a16c,-25,47,Normal
2026-02-08 02:54:46.614884,Berlin-a16c,3,66,Normal
2026-02-08 02:54:47.614884,Berlin-a16c,-11,72,Normal
2026-02-08 02:54:48.614884,Berlin-a16c,29,22,Normal
2026-02-08 02:54:49.614884,Berlin-a16c,-3,74,Normal
2026-02-08 02:54:50.614884,Berlin-a16c,-25,100,Normal
2026-02-08 02:54:51.614884,Berlin-a16c,-22,97,Normal
2026-02-08 02:54:52.614884,Berlin-a16c,-19,30,Normal
2026-02-08 02:54:53.614884,Berlin-a16c,41,77,Normal
2026-02-08 02:54:54.614884,Berlin-a16c,33,10,Normal
2026-02-08 02:54:55.614884,Berlin-a16c,-30,89,Normal
2026-02-08 02:54:56.614884,Berlin-a16c,-3,60,Normal
2026-02-08 02:54:57.614884,Berlin-a16c,44,9,Normal
2026-02-08 02:54:58.614884,Berlin-a16c,9,93,Normal
2026-02-08 02:54:59.614884,Berlin-a16c,-4,27,Normal
2026-02-08 02:55:00.614884,Berlin-a16c,-5,73,Normal
2026-02-08 02:55:01.614884,Berlin-a16c,28,60,Normal
2026-02-08 02:55:02.614884,Berlin-a16c,1,15,Normal
2026-02-08 02:55:03.614884,Berlin-a16c,4,17,Normal
2026-02-08 02:55:04.614884,Berlin-a16c,46,90,Normal
2026-02-08 02:55:05.614884,Berlin-a16c,8,52,Normal
2026-02-08 02:55:06.614884,Berlin-a16c,-11,64,Normal
2026-02-08 02:55:07.614884,Berlin-a16c,49,71,Normal
2026-02-08 02:55:08.614884,Berlin-a16c,-7,15,Normal
2026-02-08 02:55:09.614884,Berlin-a16c,44,9,Normal
2026-02-08 02:55:10.614884,Berlin-a16c,-1,17,Normal
2026-02-08 02:55:11.614884,Berlin-a16c,15,81,Normal
2026-02-08 02:55:12.614884,Berlin-a16c,-26,57,Normal
2026-02-08 02:55:13.614884,Berlin-a16c,-18,47,Normal
2026-02-08 02:55:14.614884,Berlin-a16c,19,35,Normal
2026-02-08 02:55:15.614884,Berlin-a16c,-19,39,Normal
2026-02-08 02:55:16.614884,Berlin-a16c,26,32,Normal
2026-02-08 02:55:17.614884,Berlin-a16c,37,100,Normal
2026-02-08 02:55:18.614884,Berlin-a16c,21,68,Normal
2026-02-08 02:55:19.614884,Berlin-a16c,-14,14,Normal
2026-02-08 02:55:20.614884,Berlin-a16c,26,63,Normal
2026-02-08 02:55:21.614884,Berlin-a16c,3,27,Normal
2026-02-08 02:55:22.614884,Berlin-a16c,-23,89,Normal
2026-02-08 02:55:23.614884,Berlin-a16c,45,35,Normal
2026-02-08 02:55:24.614884,Berlin-a16c,1,55,Normal
2026-02-08 02:55:25.614884,Berlin-a16c,-21,51,Normal
2026-02-08 02:55:26.614884,Berlin-a16c,45,19,Normal
2026-02-08 02:55:27.614884,Berlin-a16c,22,20,Normal
2026-02-08 02:55:28.614884,Berlin-a16c,-17,31,Normal
2026-02-08 02:55:29.614884,Berlin-a16c,32,92,Normal
2026-02-08 02:55:30.614884,Berlin-a16c,11,97,Normal
2026-02-08 02:55:31.614884,Berlin-a16c,39,6,Normal
2026-02-08 02:55:32.614884,Berlin-a16c,23,67,Normal
2026-02-08 02:55:33.614884,Berlin-a16c,3,36,Normal
2026-02-08 02:55:34.614884,Berlin-a16c,-28,53,Normal
2026-02-08 02:55:35.614884,Berlin-a16c,-23,5,Normal
2026-02-08 02:55:36.614884,Berlin-a16c,34,64,Normal
2026-02-08 02:55:37.614884,Berlin-a16c,-12,71,Normal
2026-02-08 02:55:38.614884,Berlin-a16c,31,69,Normal
2026-02-08 02:55:39.614884,Berlin-a16c,25,70,Normal
2026-02-08 02:55:40.614884,Berlin-a16c,36,63,Normal
2026-02-08 02:55:41.614884,Berlin-a16c,11,76,Normal
2026-02-08 02:55:42.614884,Berlin-a16c,2,53,Normal
2026-02-08 02:55:43.614884,Berlin-a16c,30,14,Normal
2026-02-08 02:55:44.614884,Berlin-a16c,-22,88,Normal
2026-02-08 02:55:45.614884,Berlin-a16c,39,8,Normal
2026-02-08 02:55:46.614884,Berlin-a16c,-26,42,Normal
2026-02-08 02:55:47.614884,Berlin-a16c,9,91,Normal
2026-02-08 02:55:48.614884,Berlin-a16c,-14,32,Normal
2026-02-08 02:55:49.614884,Berlin-a16c,41,64,Normal
2026-02-08 02:55:50.614884,Berlin-a16c,-18,84,Normal
2026-02-08 02:55:51.614884,Berlin-a16c,31,78,Normal
2026-02-08 02:55:52.614884,Berlin-a16c,1,37,Normal
2026-02-08 02:55:53.614884,Berlin-a16c,12,25,Normal
2026-02-08 02:55:54.614884,Berlin-a16c,6,5,Normal
2026-02-08 02:55:55.614884,Berlin-a16c,34,22,Normal
2026-02-08 02:55:56.614884,Berlin-a16c,-7,88,Normal
2026-02-08 02:55:57.614884,Berlin-a16c,17,69,Normal
2026-02-08 02:55:58.614884,Berlin-a16c,30,73,Normal
2026-02-08 02:55:59.614884,Berlin-a16c,-5,60,Normal
2026-02-08 02:56:00.614884,Berlin-a16c,31,29,Normal
2026-02-08 02:56:01.614884,Berlin-a16c,40,33,Normal
2026-02-08 02:56:02.614884,Berlin-a16c,41,75,Normal
2026-02-08 02:56:03.614884,Berlin-a16c,-21,29,Normal
2026-02-08 02:56:04.614884,Berlin-a16c,49,71,Normal
2026-02-08 02:56:05.614884,Berlin-a16c,-19,28,Normal
2026-02-08 02:56:06.614884,Berlin-a16c,43,87,Normal
2026-02-08 02:56:07.614884,Berlin-a16c,-19,30,Normal
2026-02-08 02:56:08.614884,Berlin-a16c,-27,39,Normal
2026-02-08 02:56:09.614884,Berlin-a16c,-10,89,Normal
2026-02-08 02:56:10.614884,Berlin-a16c,-3,43,Normal
2026-02-08 02:56:11.614884,Berlin-a16c,28,44,Normal
2026-02-08 02:56:12.614884,Berlin-a16c,-20,0,Normal
2026-02-08 02:56:13.614884,Berlin-a16c,-16,94,Normal
2026-02-08 02:56:14.614884,Berlin-a16c,35,26,Normal
2026-02-08 02:56:15.614884,Berlin-a16c,0,46,Normal
2026-02-08 02:56:16.614884,Berlin-a16c,31,47,Normal
2026-02-08 02:56:17.614884,Berlin-a16c,-4,88,Normal
2026-02-08 02:56:18.614884,Berlin-a16c,-18,81,Normal
2026-02-08 02:56:19.614884,Berlin-a16c,37,61,Normal
2026-02-08 02:56:20.614884,Berlin-a16c,38,21,Normal
2026-02-08 02:56:21.614884,Berlin-a16c,7,57,Normal
2026-02-08 02:56:22.614884,Berlin-a16c,-6,98,Normal
2026-02-08 02:56:23.614884,Berlin-a16c,46,90,Normal
2026-02-08 02:56:24.614884,Berlin-a16c,-17,55,Normal
2026-02-08 02:56:25.614884,Berlin-a16c,42,25,Normal
2026-02-08 02:56:26.614884,Berlin-a16c,21,46,Normal
2026-02-08 02:56:27.614884,Berlin-a16c,23,70,Normal
2026-02-08 02:56:28.614884,Berlin-a16c,46,17,Normal
2026-02-08 02:56:29.614884,Berlin-a16c,49,82,Normal
2026-02-08 02:56:30.614884,Berlin-a16c,-1,7,Normal
2026-02-08 02:56:31.614884,Berlin-a16c,-14,49,Normal
2026-02-08 02:56:32.614884,Berlin-a16c,2,39,Normal
2026-02-08 02:56:33.614884,Berlin-a16c,32,64,Normal
2026-02-08 02:56:34.614884,Berlin-a16c,-10,59,Normal
2026-02-08 02:56:35.614884,Berlin-a16c,-12,59,Normal
2026-02-08 02:56:36.614884,Berlin-a16c,-28,38,Normal
2026-02-08 02:56:37.614884,Berlin-a16c,12,15,Normal
2026-02-08 02:56:38.614884,Berlin-a16c,-29,84,Normal
2026-02-08 02:56:39.614884,Berlin-a16c,29,17,Normal
2026-02-08 02:56:40.614884,Berlin-a16c,15,38,Normal
2026-02-08 02:56:41.614884,Berlin-a16c,-29,58,Normal
2026-02-08 02:56:42.614884,Berlin-a16c,-2,78,Normal
2026-02-08 02:56:43.614884,Berlin-a16c,19,46,Normal
2026-02-08 02:56:44.614884,Berlin-a16c,32,65,Normal
2026-02-08 02:56:45.614884,Berlin-a16c,46,76,Normal
2026-02-08 02:56:46.614884,Berlin-a16c,-16,65,Normal
2026-02-08 02:56:47.614884,Berlin-a16c,10,52,Normal
2026-02-08 02:56:48.614884,Berlin-a16c,4,49,Normal
2026-02-08 02:56:49.614884,Berlin-a16c,44,49,Normal
2026-02-08 02:56:50.614884,Berlin-a16c,43,52,Normal
2026-02-08 02:56:51.614884,Berlin-a16c,-23,27,Normal
2026-02-08 02:56:52.614884,Berlin-a16c,-15,65,Normal
2026-02-08 02:56:53.614884,Berlin-a16c,-9,13,Normal
2026-02-08 02:56:54.614884,Berlin-a16c,8,23,Normal
2026-02-08 02:56:55.614884,Berlin-a16c,-22,31,Normal
2026-02-08 02:56:56.614884,Berlin-a16c,-5,37,Normal
2026-02-08 02:56:57.614884,Berlin-a16c,41,76,Normal
2026-02-08 02:56:58.614884,Berlin-a16c,-6,89,Normal
2026-02-08 02:56:59.614884,Berlin-a16c,-26,70,Normal
2026-02-08 02:57:00.614884,Berlin-a16c,-24,8,Normal
2026-02-08 02:57:01.614884,Berlin-a16c,23,64,Normal
2026-02-08 02:57:02.614884,Berlin-a16c,24,70,Normal
2026-02-08 02:57:03.614884,Berlin-a16c,14,94,Normal
2026-02-08 02:57:04.614884,Berlin-a16c,12,79,Normal
2026-02-08 02:57:05.614884,Berlin-a16c,-14,24,Normal
2026-02-08 02:57:06.614884,Berlin-a16c,5,56,Normal
2026-02-08 02:57:07.614884,Berlin-a16c,43,68,Normal
2026-02-08 02:57:08.614884,Berlin-a16c,37,15,Normal
2026-02-08 02:57:09.614884,Berlin-a16c,39,85,Normal
2026-02-08 02:57:10.614884,Berlin-a16c,24,82,Normal
2026-02-08 02:57:11.614884,Berlin-a16c,37,57,Normal
2026-02-08 02:57:12.614884,Berlin-a16c,-14,99,Normal
2026-02-08 02:57:13.614884,Berlin-a16c,47,83,Normal
2026-02-08 02:57:14.614884,Berlin-a16c,-15,82,Normal
2026-02-08 02:57:15.614884,Berlin-a16c,27,80,Normal
2026-02-08 02:57:16.614884,Berlin-a16c,40,6,Normal
2026-02-08 02:57:17.614884,Berlin-a16c,22,87,Normal
2026-02-08 02:57:18.614884,Berlin-a16c,35,22,Normal
2026-02-08 02:57:19.614884,Berlin-a16c,22,34,Normal
2026-02-08 02:57:20.614884,Berlin-a16c,21,99,Normal
2026-02-08 02:57:21.614884,Berlin-a16c,23,70,Normal
2026-02-08 02:57:22.614884,Berlin-a16c,49,60,Normal
2026-02-08 02:57:23.614884,Berlin-a16c,-21,40,Normal
2026-02-08 02:57:24.614884,Berlin-a16c,44,19,Normal
2026-02-08 02:57:25.614884,Berlin-a16c,-17,37,Normal
2026-02-08 02:57:26.614884,Berlin-a16c,-4,77,Normal
2026-02-08 02:57:27.614884,Berlin-a16c,38,12,Normal
2026-02-08 02:57:28.614884,Berlin-a16c,-2,97,Normal
2026-02-08 02:57:29.614884,Berlin-a16c,35,12,Normal
2026-02-08 02:57:30.614884,Berlin-a16c,-13,78,Normal
2026-02-08 02:57:31.614884,Berlin-a16c,13,60,Normal
2026-02-08 02:57:32.614884,Berlin-a16c,50,11,Normal
2026-02-08 02:57:33.614884,Berlin-a16c,19,70,Normal
2026-02-08 02:57:34.614884,Berlin-a16c,-20,15,Normal
2026-02-08 02:57:35.614884,Berlin-a16c,43,58,Normal
2026-02-08 02:57:36.614884,Berlin-a16c,46,24,Normal
2026-02-08 02:57:37.614884,Berlin-a16c,-5,19,Normal
2026-02-08 02:57:38.614884,Berlin-a16c,15,29,Normal
2026-02-08 02:57:39.614884,Berlin-a16c,-29,40,Normal
2026-02-08 02:57:40.614884,Berlin-a16c,8,22,Normal
2026-02-08 02:57:41.614884,Berlin-a16c,-27,25,Normal
2026-02-08 02:57:42.614884,Berlin-a16c,21,90,Normal
2026-02-08 02:57:43.614884,Berlin-a16c,29,80,Normal
2026-02-08 02:57:44.614884,Berlin-a16c,36,6,Normal
2026-02-08 02:57:45.614884,Berlin-a16c,44,59,Normal
2026-02-08 02:57:46.614884,Berlin-a16c,33,28,Normal
2026-02-08 02:57:47.614884,Berlin-a16c,-11,63,Normal
2026-02-08 02:57:48.614884,Berlin-a16c,-21,18,Normal
2026-02-08 02:57:49.614884,Berlin-a16c,-2,72,Normal
2026-02-08 02:57:50.614884,Berlin-a16c,-11,86,Normal
2026-02-08 02:57:51.614884,Berlin-a16c,45,38,Normal
2026-02-08 02:57:52.614884,Berlin-a16c,1,47,Normal
2026-02-08 02:57:53.614884,Berlin-a16c,-24,42,Normal
2026-02-08 02:57:54.614884,Berlin-a16c,-2,8,Normal
2026-02-08 02:57:55.614884,Berlin-a16c,49,7,Normal
2026-02-08 02:57:56.614884,Berlin-a16c,2,79,Normal
2026-02-08 02:57:57.614884,Berlin-a16c,26,85,Normal
2026-02-08 02:57:58.614884,Berlin-a16c,-5,15,Normal
2026-02-08 02:57:59.614884,Berlin-a16c,-13,39,Normal
2026-02-08 02:58:00.614884,Berlin-a16c,40,43,Normal
2026-02-08 02:58:01.614884,Berlin-a16c,34,10,Normal
2026-02-08 02:58:02.614884,Berlin-a16c,-24,92,Normal
2026-02-08 02:58:03.614884,Berlin-a16c,18,36,Normal
2026-02-08 02:58:04.614884,Berlin-a16c,-27,59,Normal
2026-02-08 02:58:05.614884,Berlin-a16c,-26,56,Normal
2026-02-08 02:58:06.614884,Berlin-a16c,11,98,Normal
2026-02-08 02:58:07.614884,Berlin-a16c,29,62,Normal
2026-02-08 02:58:08.614884,Berlin-a16c,-13,14,Normal
2026-02-08 02:58:09.614884,Berlin-a16c,50,5,Normal
2026-02-08 02:58:10.614884,Berlin-a16c,47,84,Normal
2026-02-08 02:58:11.614884,Berlin-a16c,36,23,Normal
2026-02-08 02:58:12.614884,Berlin-a16c,-22,1,Normal
2026-02-08 02:58:13.614884,Berlin-a16c,28,52,Normal
2026-02-08 02:58:14.614884,Berlin-a16c,6,11,Normal
2026-02-08 02:58:15.614884,Berlin-a16c,-12,37,Normal
2026-02-08 02:58:16.614884,Berlin-a16c,38,23,Normal
2026-02-08 02:58:17.614884,Berlin-a16c,17,29,Normal
2026-02-08 02:58:18.614884,Berlin-a16c,-25,16,Normal
2026-02-08 02:58:19.614884,Berlin-a16c,32,1,Normal
2026-02-08 02:58:20.614884,Berlin-a16c,44,67,Normal
2026-02-08 02:58:21.614884,Berlin-a16c,-2,3,Normal
2026-02-08 02:58:22.614884,Berlin-a16c,19,49,Normal
2026-02-08 02:58:23.614884,Berlin-a16c,24,3,Normal
2026-02-08 02:58:24.614884,Berlin-a16c,-18,60,Normal
2026-02-08 02:58:25.614884,Berlin-a16c,-27,71,Normal
2026-02-08 02:58:26.614884,Berlin-a16c,-8,55,Normal
2026-02-08 02:58:27.614884,Berlin-a16c,-29,44,Normal
2026-02-08 02:58:28.614884,Berlin-a16c,42,85,Normal
2026-02-08 02:58:29.614884,Berlin-a16c,4,27,Normal
2026-02-08 02:58:30.614884,Berlin-a16c,11,86,Normal
2026-02-08 02:58:31.614884,Berlin-a16c,47,67,Normal
2026-02-08 02:58:32.614884,Berlin-a16c,20,66,Normal
2026-02-08 02:58:33.614884,Berlin-a16c,30,40,Normal
2026-02-08 02:58:34.614884,Berlin-a16c,-8,36,Normal
2026-02-08 02:58:35.614884,Berlin-a16c,48,3,Normal
2026-02-08 02:58:36.614884,Berlin-a16c,-24,39,Normal
2026-02-08 02:58:37.614884,Berlin-a16c,16,18,Normal
2026-02-08 02:58:38.614884,Berlin-a16c,11,12,Normal
2026-02-08 02:58:39.614884,Berlin-a16c,-13,49,Normal
2026-02-08 02:58:40.614884,Berlin-a16c,-14,17,Normal
2026-02-08 02:58:41.614884,Berlin-a16c,-29,94,Normal
2026-02-08 02:58:42.614884,Berlin-a16c,34,30,Normal
2026-02-08 02:58:43.614884,Berlin-a16c,-17,97,Normal
2026-02-08 02:58:44.614884,Berlin-a16c,28,1,Normal
2026-02-08 02:58:45.614884,Berlin-a16c,47,13,Normal
2026-02-08 02:58:46.614884,Berlin-a16c,-18,84,Normal
2026-02-08 02:58:47.614884,Berlin-a16c,16,87,Normal
2026-02-08 02:58:48.614884,Berlin-a16c,1,48,Normal
2026-02-08 02:58:49.614884,Berlin-a16c,33,58,Normal
2026-02-08 02:58:50.614884,Berlin-a16c,27,55,Normal
2026-02-08 02:58:51.614884,Berlin-a16c,-4,68,Normal
2026-02-08 02:58:52.614884,Berlin-a16c,13,35,Normal
2026-02-08 02:58:53.614884,Berlin-a16c,27,15,Normal
2026-02-08 02:58:54.614884,Berlin-a16c,29,3,Normal
2026-02-08 02:58:55.614884,Berlin-a16c,19,14,Normal
2026-02-08 02:58:56.614884,Berlin-a16c,29,60,Normal
2026-02-08 02:58:57.614884,Berlin-a16c,28,51,Normal
2026-02-08 02:58:58.614884,Berlin-a16c,23,100,Normal
2026-02-08 02:58:59.614884,Berlin-a16c,36,85,Normal
2026-02-08 02:59:00.614884,Berlin-a16c,-20,65,Normal
2026-02-08 02:59:01.614884,Berlin-a16c,14,61,Normal
2026-02-08 02:59:02.614884,Berlin-a16c,-19,25,Normal
2026-02-08 02:59:03.614884,Berlin-a16c,37,41,Normal
2026-02-08 02:59:04.614884,Berlin-a16c,-25,1,Normal
2026-02-08 02:59:05.614884,Berlin-a16c,4,85,Normal
2026-02-08 02:59:06.614884,Berlin-a16c,21,62,Normal
2026-02-08 02:59:07.614884,Berlin-a16c,-14,41,Normal
2026-02-08 02:59:08.614884,Berlin-a16c,10,77,Normal
2026-02-08 02:59:09.614884,Berlin-a16c,-13,55,Normal
2026-02-08 02:59:10.614884,Berlin-a16c,46,54,Normal
2026-02-08 02:59:11.614884,Berlin-a16c,31,7,Normal
2026-02-08 02:59:12.614884,Berlin-a16c,29,73,Normal
2026-02-08 02:59:13.614884,Berlin-a16c,-19,78,Normal
2026-02-08 02:59:14.614884,Berlin-a16c,4,80,Normal
2026-02-08 02:59:15.614884,Berlin-a16c,42,44,Normal
2026-02-08 02:59:16.614884,Berlin-a16c,3,69,Normal
2026-02-08 02:59:17.614884,Berlin-a16c,43,31,Normal
2026-02-08 02:59:18.614884,Berlin-a16c,-21,18,Normal
2026-02-08 02:59:19.614884,Berlin-a16c,30,0,Normal
2026-02-08 02:59:20.614884,Berlin-a16c,-24,56,Normal
2026-02-08 02:59:21.614884,Berlin-a16c,-12,76,Normal
2026-02-08 02:59:22.614884,Berlin-a16c,5,76,Normal
2026-02-08 02:59:23.614884,Berlin-a16c,32,51,Normal
2026-02-08 02:59:24.614884,Berlin-a16c,-15,38,Normal
2026-02-08 02:59:25.614884,Berlin-a16c,40,65,Normal
2026-02-08 02:59:26.614884,Berlin-a16c,-21,68,Normal
2026-02-08 02:59:27.614884,Berlin-a16c,3,5,Normal
2026-02-08 02:59:28.614884,Berlin-a16c,16,28,Normal
2026-02-08 02:59:29.614884,Berlin-a16c,-3,29,Normal
2026-02-08 02:59:30.614884,Berlin-a16c,2,87,Normal
2026-02-08 02:59:31.614884,Berlin-a16c,-9,87,Normal
2026-02-08 02:59:32.614884,Berlin-a16c,27,48,Normal
2026-02-08 02:59:33.614884,Berlin-a16c,-15,9,Normal
2026-02-08 02:59:34.614884,Berlin-a16c,5,99,Normal
2026-02-08 02:59:35.614884,Berlin-a16c,-21,30,Normal
2026-02-08 02:59:36.614884,Berlin-a16c,-18,73,Normal
2026-02-08 02:59:37.614884,Berlin-a16c,46,14,Normal
2026-02-08 02:59:38.614884,Berlin-a16c,10,7,Normal
2026-02-08 02:59:39.614884,Berlin-a16c,-12,57,Normal
2026-02-08 02:59:40.614884,Berlin-a16c,25,30,Normal
2026-02-08 02:59:41.614884,Berlin-a16c,-25,48,Normal
2026-02-08 02:59:42.614884,Berlin-a16c,-19,47,Normal
2026-02-08 02:59:43.614884,Berlin-a16c,-1,77,Normal
2026-02-08 02:59:44.614884,Berlin-a16c,-21,77,Normal
2026-02-08 02:59:45.614884,Berlin-a16c,43,95,Normal
2026-02-08 02:59:46.614884,Berlin-a16c,29,34,Normal
2026-02-08 02:59:47.614884,Berlin-a16c,41,82,Normal
2026-02-08 02:59:48.614884,Berlin-a16c,-17,40,Normal
2026-02-08 02:59:49.614884,Berlin-a16c,27,56,Normal
2026-02-08 02:59:50.614884,Berlin-a16c,32,85,Normal
2026-02-08 02:59:51.614884,Berlin-a16c,-8,76,Normal
2026-02-08 02:59:52.614884,Berlin-a16c,13,46,Normal
2026-02-08 02:59:53.614884,Berlin-a16c,-2,83,Normal
2026-02-08 02:59:54.614884,Berlin-a16c,-13,31,Normal
2026-02-08 02:59:55.614884,Berlin-a16c,-4,57,Normal
2026-02-08 02:59:56.614884,Berlin-a16c,-22,69,Normal
2026-02-08 02:59:57.614884,Berlin-a16c,0,84,Normal
2026-02-08 02:59:58.614884,Berlin-a16c,-29,90,Normal
2026-02-08 02:59:59.614884,Berlin-a16c,-24,88,Normal
2026-02-08 03:00:00.614884,Berlin-a16c,-1,80,Normal
2026-02-08 03:00:01.614884,Berlin-a16c,19,29,Normal
2026-02-08 03:00:02.614884,Berlin-a16c,29,32,Normal
2026-02-08 03:00:03.614884,Berlin-a16c,47,74,Normal
2026-02-08 03:00:04.614884,Berlin-a16c,35,45,Normal
2026-02-08 03:00:05.614884,Berlin-a16c,37,83,Normal
2026-02-08 03:00:06.614884,Berlin-a16c,-6,4,Normal
2026-02-08 03:00:07.614884,Berlin-a16c,26,85,Normal
2026-02-08 03:00:08.614884,Berlin-a16c,-11,54,Normal
2026-02-08 03:00:09.614884,Berlin-a16c,-9,27,Normal
2026-02-08 03:00:10.614884,Berlin-a16c,39,85,Normal
2026-02-08 03:00:11.614884,Berlin-a16c,-9,75,Normal
2026-02-08 03:00:12.614884,Berlin-a16c,13,18,Normal
2026-02-08 03:00:13.614884,Berlin-a16c,40,58,Normal
2026-02-08 03:00:14.614884,Berlin-a16c,-22,54,Normal
2026-02-08 03:00:15.614884,Berlin-a16c,34,19,Normal
2026-02-08 03:00:16.614884,Berlin-a16c,37,61,Normal
2026-02-08 03:00:17.614884,Berlin-a16c,-12,57,Normal
2026-02-08 03:00:18.614884,Berlin-a16c,-9,63,Normal
2026-02-08 03:00:19.614884,Berlin-a16c,33,11,Normal
2026-02-08 03:00:20.614884,Berlin-a16c,-11,44,Normal
2026-02-08 03:00:21.614884,Berlin-a16c,36,77,Normal
2026-02-08 03:00:22.614884,Berlin-a16c,5,38,Normal
2026-02-08 03:00:23.614884,Berlin-a16c,6,36,Normal
2026-02-08 03:00:24.614884,Berlin-a16c,-3,91,Normal
2026-02-08 03:00:25.614884,Berlin-a16c,24,16,Normal
2026-02-08 03:00:26.614884,Berlin-a16c,22,78,Normal
2026-02-08 03:00:27.614884,Berlin-a16c,41,60,Normal
2026-02-08 03:00:28.614884,Berlin-a16c,28,60,Normal
2026-02-08 03:00:29.614884,Berlin-a16c,26,91,Normal
2026-02-08 03:00:30.614884,Berlin-a16c,30,57,Normal
2026-02-08 03:00:31.614884,Berlin-a16c,30,52,Normal
2026-02-08 03:00:32.614884,Berlin-a16c,15,86,Normal
2026-02-08 03:00:33.614884,Berlin-a16c,-25,66,Normal
2026-02-08 03:00:34.614884,Berlin-a16c,-21,36,Normal
2026-02-08 03:00:35.614884,Berlin-a16c,35,93,Normal
2026-02-08 03:00:36.614884,Berlin-a16c,43,33,Normal
2026-02-08 03:00:37.614884,Berlin-a16c,21,61,Normal
2026-02-08 03:00:38.614884,Berlin-a16c,-19,90,Normal
2026-02-08 03:00:39.614884,Berlin-a16c,41,29,Normal
2026-02-08 03:00:40.614884,Berlin-a16c,-2,100,Normal
2026-02-08 03:00:41.614884,Berlin-a16c,13,1,Normal
2026-02-08 03:00:42.614884,Berlin-a16c,32,20,Normal
2026-02-08 03:00:43.614884,Berlin-a16c,47,11,Normal
2026-02-08 03:00:44.614884,Berlin-a16c,7,3,Normal
2026-02-08 03:00:45.614884,Berlin-a16c,-3,0,Normal
2026-02-08 03:00:46.614884,Berlin-a16c,37,80,Normal
2026-02-08 03:00:47.614884,Berlin-a16c,13,74,Normal
2026-02-08 03:00:48.614884,Berlin-a16c,32,14,Normal
2026-02-08 03:00:49.614884,Berlin-a16c,42,74,Normal
2026-02-08 03:00:50.614884,Berlin-a16c,37,91,Normal
2026-02-08 03:00:51.614884,Berlin-a16c,46,35,Normal
2026-02-08 03:00:52.614884,Berlin-a16c,-22,36,Normal
2026-02-08 03:00:53.614884,Berlin-a16c,-16,48,Normal
2026-02-08 03:00:54.614884,Berlin-a16c,2,14,Normal
2026-02-08 03:00:55.614884,Berlin-a16c,-23,58,Normal
2026-02-08 03:00:56.614884,Berlin-a16c,25,10,Normal
2026-02-08 03:00:57.614884,Berlin-a16c,-7,74,Normal
2026-02-08 03:00:58.614884,Berlin-a16c,38,35,Normal
2026-02-08 03:00:59.614884,Berlin-a16c,25,19,Normal
2026-02-08 03:01:00.614884,Berlin-a16c,50,50,Normal
2026-02-08 03:01:01.614884,Berlin-a16c,10,5,Normal
2026-02-08 03:01:02.614884,Berlin-a16c,45,19,Normal
2026-02-08 03:01:03.614884,Berlin-a16c,-2,23,Normal
2026-02-08 03:01:04.614884,Berlin-a16c,14,95,Normal
2026-02-08 03:01:05.614884,Berlin-a16c,-18,15,Normal
2026-02-08 03:01:06.614884,Berlin-a16c,-3,88,Normal
2026-02-08 03:01:07.614884,Berlin-a16c,20,100,Normal
2026-02-08 03:01:08.614884,Berlin-a16c,24,85,Normal
2026-02-08 03:01:09.614884,Berlin-a16c,-29,50,Normal
2026-02-08 03:01:10.614884,Berlin-a16c,5,30,Normal
2026-02-08 03:01:11.614884,Berlin-a16c,38,57,Normal
2026-02-08 03:01:12.614884,Berlin-a16c,-24,80,Normal
2026-02-08 03:01:13.614884,Berlin-a16c,44,23,Normal
2026-02-08 03:01:14.614884,Berlin-a16c,9,71,Normal
2026-02-08 03:01:15.614884,Berlin-a16c,-1,48,Normal
2026-02-08 03:01:16.614884,Berlin-a16c,21,22,Normal
2026-02-08 03:01:17.614884,Berlin-a16c,16,69,Normal
2026-02-08 03:01:18.614884,Berlin-a16c,15,7,Normal
2026-02-08 03:01:19.614884,Berlin-a16c,-3,55,Normal
2026-02-08 03:01:20.614884,Berlin-a16c,-10,8,Normal
2026-02-08 03:01:21.614884,Berlin-a16c,17,26,Normal
2026-02-08 03:01:22.614884,Berlin-a16c,8,23,Normal
2026-02-08 03:01:23.614884,Berlin-a16c,13,51,Normal
2026-02-08 03:01:24.614884,Berlin-a16c,-6,0,Normal
2026-02-08 03:01:25.614884,Berlin-a16c,9,39,Normal
2026-02-08 03:01:26.614884,Berlin-a16c,-7,56,Normal
2026-02-08 03:01:27.614884,Berlin-a16c,6,30,Normal
2026-02-08 03:01:28.614884,Berlin-a16c,20,14,Normal
2026-02-08 03:01:29.614884,Berlin-a16c,45,12,Normal
2026-02-08 03:01:30.614884,Berlin-a16c,4,68,Normal
2026-02-08 03:01:31.614884,Berlin-a16c,45,93,Normal
2026-02-08 03:01:32.614884,Berlin-a16c,26,91,Normal
2026-02-08 03:01:33.614884,Berlin-a16c,10,68,Normal
2026-02-08 03:01:34.614884,Berlin-a16c,25,48,Normal
2026-02-08 03:01:35.614884,Berlin-a16c,24,90,Normal
2026-02-08 03:01:36.614884,Berlin-a16c,-22,2,Normal
2026-02-08 03:01:37.614884,Berlin-a16c,23,54,Normal
2026-02-08 03:01:38.614884,Berlin-a16c,-26,26,Normal
2026-02-08 03:01:39.614884,Berlin-a16c,8,20,Normal
2026-02-08 03:01:40.614884,Berlin-a16c,37,62,Normal
2026-02-08 03:01:41.614884,Berlin-a16c,-28,48,Normal
2026-02-08 03:01:42.614884,Berlin-a16c,-28,77,Normal
2026-02-08 03:01:43.614884,Berlin-a16c,-27,9,Normal
2026-02-08 03:01:44.614884,Berlin-a16c,9,80,Normal
2026-02-08 03:01:45.614884,Berlin-a16c,17,21,Normal
2026-02-08 03:01:46.614884,Berlin-a16c,-17,46,Normal
2026-02-08 03:01:47.614884,Berlin-a16c,50,46,Normal
2026-02-08 03:01:48.614884,Berlin-a16c,-13,19,Normal
2026-02-08 03:01:49.614884,Berlin-a16c,-11,75,Normal
2026-02-08 03:01:50.614884,Berlin-a16c,9,16,Normal
2026-02-08 03:01:51.614884,Berlin-a16c,4,49,Normal
2026-02-08 03:01:52.614884,Berlin-a16c,-15,97,Normal
2026-02-08 03:01:53.614884,Berlin-a16c,30,18,Normal
2026-02-08 03:01:54.614884,Berlin-a16c,21,58,Normal
2026-02-08 03:01:55.614884,Berlin-a16c,29,31,Normal
2026-02-08 03:01:56.614884,Berlin-a16c,15,12,Normal
2026-02-08 03:01:57.614884,Berlin-a16c,-18,89,Normal
2026-02-08 03:01:58.614884,Berlin-a16c,11,1,Normal
2026-02-08 03:01:59.614884,Berlin-a16c,20,73,Normal
2026-02-08 03:02:00.614884,Berlin-a16c,42,34,Normal
2026-02-08 03:02:01.614884,Berlin-a16c,43,7,Normal
2026-02-08 03:02:02.614884,Berlin-a16c,-26,93,Normal
2026-02-08 03:02:03.614884,Berlin-a16c,25,94,Normal
2026-02-08 03:02:04.614884,Berlin-a16c,0,57,Normal
2026-02-08 03:02:05.614884,Berlin-a16c,-19,51,Normal
2026-02-08 03:02:06.614884,Berlin-a16c,-21,60,Normal
2026-02-08 03:02:07.614884,Berlin-a16c,32,36,Normal
2026-02-08 03:02:08.614884,Berlin-a16c,-13,93,Normal
2026-02-08 03:02:09.614884,Berlin-a16c,47,43,Normal
2026-02-08 03:02:10.614884,Berlin-a16c,29,51,Normal
2026-02-08 03:02:11.614884,Berlin-a16c,43,28,Normal
2026-02-08 03:02:12.614884,Berlin-a16c,6,38,Normal
2026-02-08 03:02:13.614884,Berlin-a16c,-3,49,Normal
2026-02-08 03:02:14.614884,Berlin-a16c,13,13,Normal
2026-02-08 03:02:15.614884,Berlin-a16c,24,48,Normal
2026-02-08 03:02:16.614884,Berlin-a16c,2,0,Normal
2026-02-08 03:02:17.614884,Berlin-a16c,19,26,Normal
2026-02-08 03:02:18.614884,Berlin-a16c,44,55,Normal
2026-02-08 03:02:19.614884,Berlin-a16c,48,61,Normal
2026-02-08 03:02:20.614884,Berlin-a16c,-16,19,Normal
2026-02-08 03:02:21.614884,Berlin-a16c,20,31,Normal
2026-02-08 03:02:22.614884,Berlin-a16c,11,49,Normal
2026-02-08 03:02:23.614884,Berlin-a16c,-15,27,Normal
2026-02-08 03:02:24.614884,Berlin-a16c,-15,61,Normal
2026-02-08 03:02:25.614884,Berlin-a16c,-16,40,Normal
2026-02-08 03:02:26.614884,Berlin-a16c,-17,44,Normal
2026-02-08 03:02:27.614884,Berlin-a16c,24,44,Normal
2026-02-08 03:02:28.614884,Berlin-a16c,-16,23,Normal
2026-02-08 03:02:29.614884,Berlin-a16c,6,67,Normal
2026-02-08 03:02:30.614884,Berlin-a16c,-2,42,Normal
2026-02-08 03:02:31.614884,Berlin-a16c,-27,64,Normal
2026-02-08 03:02:32.614884,Berlin-a16c,48,60,Normal
2026-02-08 03:02:33.614884,Berlin-a16c,-18,44,Normal
2026-02-08 03:02:34.614884,Berlin-a16c,20,82,Normal
2026-02-08 03:02:35.614884,Berlin-a16c,1,78,Normal
2026-02-08 03:02:36.614884,Berlin-a16c,25,62,Normal
2026-02-08 03:02:37.614884,Berlin-a16c,-17,43,Normal
2026-02-08 03:02:38.614884,Berlin-a16c,32,56,Normal
2026-02-08 03:02:39.614884,Berlin-a16c,27,75,Normal
2026-02-08 03:02:40.614884,Berlin-a16c,16,88,Normal
2026-02-08 03:02:41.614884,Berlin-a16c,-24,11,Normal
2026-02-08 03:02:42.614884,Berlin-a16c,36,91,Normal
2026-02-08 03:02:43.614884,Berlin-a16c,-25,81,Normal
2026-02-08 03:02:44.614884,Berlin-a16c,-12,33,Normal
2026-02-08 03:02:45.614884,Berlin-a16c,-28,32,Normal
2026-02-08 03:02:46.614884,Berlin-a16c,35,93,Normal
2026-02-08 03:02:47.614884,Berlin-a16c,-5,52,Normal
2026-02-08 03:02:48.614884,Berlin-a16c,-15,11,Normal
2026-02-08 03:02:49.614884,Berlin-a16c,12,86,Normal
2026-02-08 03:02:50.614884,Berlin-a16c,-30,97,Normal
2026-02-08 03:02:51.614884,Berlin-a16c,18,46,Normal
2026-02-08 03:02:52.614884,Berlin-a16c,8,27,Normal
2026-02-08 03:02:53.614884,Berlin-a16c,5,25,Normal
2026-02-08 03:02:54.614884,Berlin-a16c,44,49,Normal
2026-02-08 03:02:55.614884,Berlin-a16c,11,41,Normal
2026-02-08 03:02:56.614884,Berlin-a16c,-11,50,Normal
2026-02-08 03:02:57.614884,Berlin-a16c,28,20,Normal
2026-02-08 03:02:58.614884,Berlin-a16c,-15,12,Normal
2026-02-08 03:02:59.614884,Berlin-a16c,50,14,Normal
2026-02-08 03:03:00.614884,Berlin-a16c,-9,52,Normal
2026-02-08 03:03:01.614884,Berlin-a16c,-19,45,Normal
2026-02-08 03:03:02.614884,Berlin-a16c,8,48,Normal
2026-02-08 03:03:03.614884,Berlin-a16c,-25,59,Normal
2026-02-08 03:03:04.614884,Berlin-a16c,17,50,Normal
2026-02-08 03:03:05.614884,Berlin-a16c,-17,32,Normal
2026-02-08 03:03:06.614884,Berlin-a16c,47,94,Normal
2026-02-08 03:03:07.614884,Berlin-a16c,18,84,Normal
2026-02-08 03:03:08.614884,Berlin-a16c,26,41,Normal
2026-02-08 03:03:09.614884,Berlin-a16c,-10,82,Normal
2026-02-08 03:03:10.614884,Berlin-a16c,-19,72,Normal
2026-02-08 03:03:11.614884,Berlin-a16c,37,43,Normal
2026-02-08 03:03:12.614884,Berlin-a16c,-8,70,Normal
2026-02-08 03:03:13.614884,Berlin-a16c,-28,50,Normal
2026-02-08 03:03:14.614884,Berlin-a16c,10,32,Normal
2026-02-08 03:03:15.614884,Berlin-a16c,46,76,Normal
2026-02-08 03:03:16.614884,Berlin-a16c,3,72,Normal
2026-02-08 03:03:17.614884,Berlin-a16c,41,35,Normal
2026-02-08 03:03:18.614884,Berlin-a16c,40,62,Normal
2026-02-08 03:03:19.614884,Berlin-a16c,40,93,Normal
2026-02-08 03:03:20.614884,Berlin-a16c,49,24,Normal
2026-02-08 03:03:21.614884,Berlin-a16c,31,71,Normal
2026-02-08 03:03:22.614884,Berlin-a16c,26,54,Normal
2026-02-08 03:03:23.614884,Berlin-a16c,10,4,Normal
2026-02-08 03:03:24.614884,Berlin-a16c,40,69,Normal
2026-02-08 03:03:25.614884,Berlin-a16c,-13,63,Normal
2026-02-08 03:03:26.614884,Berlin-a16c,-30,56,Normal
2026-02-08 03:03:27.614884,Berlin-a16c,9,9,Normal
2026-02-08 03:03:28.614884,Berlin-a16c,-27,43,Normal
2026-02-08 03:03:29.614884,Berlin-a16c,3,15,Normal
2026-02-08 03:03:30.614884,Berlin-a16c,-7,57,Normal
2026-02-08 03:03:31.614884,Berlin-a16c,15,35,Normal
2026-02-08 03:03:32.614884,Berlin-a16c,9,25,Normal
2026-02-08 03:03:33.614884,Berlin-a16c,-15,92,Normal
2026-02-08 03:03:34.614884,Berlin-a16c,-30,74,Normal
2026-02-08 03:03:35.614884,Berlin-a16c,5,46,Normal
2026-02-08 03:03:36.614884,Berlin-a16c,14,48,Normal
2026-02-08 03:03:37.614884,Berlin-a16c,20,7,Normal
2026-02-08 03:03:38.614884,Berlin-a16c,27,73,Normal
2026-02-08 03:03:39.614884,Berlin-a16c,27,26,Normal
2026-02-08 03:03:40.614884,Berlin-a16c,-3,77,Normal
2026-02-08 03:03:41.614884,Berlin-a16c,-29,90,Normal
2026-02-08 03:03:42.614884,Berlin-a16c,46,55,Normal
2026-02-08 03:03:43.614884,Berlin-a16c,7,98,Normal
2026-02-08 03:03:44.614884,Berlin-a16c,-10,75,Normal
2026-02-08 03:03:45.614884,Berlin-a16c,37,6,Normal
2026-02-08 03:03:46.614884,Berlin-a16c,47,39,Normal
2026-02-08 03:03:47.614884,Berlin-a16c,41,10,Normal
2026-02-08 03:03:48.614884,Berlin-a16c,15,60,Normal
2026-02-08 03:03:49.614884,Berlin-a16c,-6,0,Normal
2026-02-08 03:03:50.614884,Berlin-a16c,39,23,Normal
2026-02-08 03:03:51.614884,Berlin-a16c,-5,86,Normal
2026-02-08 03:03:52.614884,Berlin-a16c,26,14,Normal
2026-02-08 03:03:53.614884,Berlin-a16c,36,7,Normal
2026-02-08 03:03:54.614884,Berlin-a16c,-20,9,Normal
2026-02-08 03:03:55.614884,Berlin-a16c,39,26,Normal
2026-02-08 03:03:56.614884,Berlin-a16c,-27,51,Normal
2026-02-08 03:03:57.614884,Berlin-a16c,46,29,Normal
2026-02-08 03:03:58.614884,Berlin-a16c,-1,40,Normal
2026-02-08 03:03:59.614884,Berlin-a16c,-17,13,Normal
2026-02-08 03:04:00.614884,Berlin-a16c,-24,67,Normal
2026-02-08 03:04:01.614884,Berlin-a16c,6,38,Normal
2026-02-08 03:04:02.614884,Berlin-a16c,9,51,Normal
2026-02-08 03:04:03.614884,Berlin-a16c,-21,72,Normal
2026-02-08 03:04:04.614884,Berlin-a16c,43,58,Normal
2026-02-08 03:04:05.614884,Berlin-a16c,-10,98,Normal
2026-02-08 03:04:06.614884,Berlin-a16c,8,17,Normal
2026-02-08 03:04:07.614884,Berlin-a16c,24,38,Normal
2026-02-08 03:04:08.614884,Berlin-a16c,32,97,Normal
2026-02-08 03:04:09.614884,Berlin-a16c,13,93,Normal
2026-02-08 03:04:10.614884,Berlin-a16c,28,20,Normal
2026-02-08 03:04:11.614884,Berlin-a16c,22,7,Normal
2026-02-08 03:04:12.614884,Berlin-a16c,48,24,Normal
2026-02-08 03:04:13.614884,Berlin-a16c,47,84,Normal
2026-02-08 03:04:14.614884,Berlin-a16c,2,95,Normal
2026-02-08 03:04:15.614884,Berlin-a16c,48,1,Normal
2026-02-08 03:04:16.614884,Berlin-a16c,-29,52,Normal
2026-02-08 03:04:17.614884,Berlin-a16c,16,48,Normal
2026-02-08 03:04:18.614884,Berlin-a16c,28,45,Normal
2026-02-08 03:04:19.614884,Berlin-a16c,32,38,Normal
2026-02-08 03:04:20.614884,Berlin-a16c,9,80,Normal
2026-02-08 03:04:21.614884,Berlin-a16c,-4,43,Normal
2026-02-08 03:04:22.614884,Berlin-a16c,3,9,Normal
2026-02-08 03:04:23.614884,Berlin-a16c,-14,77,Normal
2026-02-08 03:04:24.614884,Berlin-a16c,35,20,Normal
2026-02-08 03:04:25.614884,Berlin-a16c,35,21,Normal
2026-02-08 03:04:26.614884,Berlin-a16c,-21,38,Normal
2026-02-08 03:04:27.614884,Berlin-a16c,16,55,Normal
2026-02-08 03:04:28.614884,Berlin-a16c,47,57,Normal
2026-02-08 03:04:29.614884,Berlin-a16c,2,46,Normal
2026-02-08 03:04:30.614884,Berlin-a16c,2,73,Normal
2026-02-08 03:04:31.614884,Berlin-a16c,-10,71,Normal
2026-02-08 03:04:32.614884,Berlin-a16c,14,91,Normal
2026-02-08 03:04:33.614884,Berlin-a16c,49,16,Normal
2026-02-08 03:04:34.614884,Berlin-a16c,-16,95,Normal
2026-02-08 03:04:35.614884,Berlin-a16c,25,9,Normal
2026-02-08 03:04:36.614884,Berlin-a16c,-22,39,Normal
2026-02-08 03:04:37.614884,Berlin-a16c,-17,21,Normal
2026-02-08 03:04:38.614884,Berlin-a16c,47,2,Normal
2026-02-08 03:04:39.614884,Berlin-a16c,-22,83,Normal
2026-02-08 03:04:40.614884,Berlin-a16c,-30,44,Normal
2026-02-08 03:04:41.614884,Berlin-a16c,32,66,Normal
2026-02-08 03:04:42.614884,Berlin-a16c,41,16,Normal
2026-02-08 03:04:43.614884,Berlin-a16c,-21,83,Normal
2026-02-08 03:04:44.614884,Berlin-a16c,-13,21,Normal
2026-02-08 03:04:45.614884,Berlin-a16c,17,65,Normal
2026-02-08 03:04:46.614884,Berlin-a16c,-18,68,Normal
2026-02-08 03:04:47.614884,Berlin-a16c,29,100,Normal
2026-02-08 03:04:48.614884,Berlin-a16c,10,77,Normal
2026-02-08 03:04:49.614884,Berlin-a16c,20,73,Normal
2026-02-08 03:04:50.614884,Berlin-a16c,-11,84,Normal
2026-02-08 03:04:51.614884,Berlin-a16c,22,82,Normal
2026-02-08 03:04:52.614884,Berlin-a16c,40,82,Normal
2026-02-08 03:04:53.614884,Berlin-a16c,20,33,Normal
2026-02-08 03:04:54.614884,Berlin-a16c,-25,48,Normal
2026-02-08 03:04:55.614884,Berlin-a16c,48,17,Normal
2026-02-08 03:04:56.614884,Berlin-a16c,-2,66,Normal
2026-02-08 03:04:57.614884,Berlin-a16c,-12,24,Normal
2026-02-08 03:04:58.614884,Berlin-a16c,15,85,Normal
2026-02-08 03:04:59.614884,Berlin-a16c,-14,49,Normal
2026-02-08 03:05:00.614884,Berlin-a16c,18,18,Normal
2026-02-08 03:05:01.614884,Berlin-a16c,12,63,Normal
2026-02-08 03:05:02.614884,Berlin-a16c,44,22,Normal
2026-02-08 03:05:03.614884,Berlin-a16c,14,65,Normal
2026-02-08 03:05:04.614884,Berlin-a16c,-4,70,Normal
2026-02-08 03:05:05.614884,Berlin-a16c,11,48,Normal
2026-02-08 03:05:06.614884,Berlin-a16c,17,92,Normal
2026-02-08 03:05:07.614884,Berlin-a16c,43,33,Normal
2026-02-08 03:05:08.614884,Berlin-a16c,28,40,Normal
2026-02-08 03:05:09.614884,Berlin-a16c,42,46,Normal
2026-02-08 03:05:10.614884,Berlin-a16c,37,88,Normal
2026-02-08 03:05:11.614884,Berlin-a16c,19,51,Normal
2026-02-08 03:05:12.614884,Berlin-a16c,40,91,Normal
2026-02-08 03:05:13.614884,Berlin-a16c,31,23,Normal
2026-02-08 03:05:14.614884,Berlin-a16c,7,24,Normal
2026-02-08 03:05:15.614884,Berlin-a16c,27,63,Normal
2026-02-08 03:05:16.614884,Berlin-a16c,38,30,Normal
2026-02-08 03:05:17.614884,Berlin-a16c,47,83,Normal
2026-02-08 03:05:18.614884,Berlin-a16c,21,91,Normal
2026-02-08 03:05:19.614884,Berlin-a16c,2,39,Normal
2026-02-08 03:05:20.614884,Berlin-a16c,33,64,Normal
2026-02-08 03:05:21.614884,Berlin-a16c,-13,44,Normal
2026-02-08 03:05:22.614884,Berlin-a16c,-3,40,Normal
2026-02-08 03:05:23.614884,Berlin-a16c,23,34,Normal
2026-02-08 03:05:24.614884,Berlin-a16c,38,9,Normal
2026-02-08 03:05:25.614884,Berlin-a16c,20,55,Normal
2026-02-08 03:05:26.614884,Berlin-a16c,27,85,Normal
2026-02-08 03:05:27.614884,Berlin-a16c,16,36,Normal
2026-02-08 03:05:28.614884,Berlin-a16c,-7,71,Normal
2026-02-08 03:05:29.614884,Berlin-a16c,44,55,Normal
2026-02-08 03:05:30.614884,Berlin-a16c,23,87,Normal
2026-02-08 03:05:31.614884,Berlin-a16c,-28,89,Normal
2026-02-08 03:05:32.614884,Berlin-a16c,49,87,Normal
2026-02-08 03:05:33.614884,Berlin-a16c,6,71,Normal
2026-02-08 03:05:34.614884,Berlin-a16c,42,73,Normal
2026-02-08 03:05:35.614884,Berlin-a16c,16,62,Normal
2026-02-08 03:05:36.614884,Berlin-a16c,-20,3,Normal
2026-02-08 03:05:37.614884,Berlin-a16c,34,86,Normal
2026-02-08 03:05:38.614884,Berlin-a16c,-5,36,Normal
2026-02-08 03:05:39.614884,Berlin-a16c,-12,45,Normal
2026-02-08 03:05:40.614884,Berlin-a16c,-27,54,Normal
2026-02-08 03:05:41.614884,Berlin-a16c,17,51,Normal
2026-02-08 03:05:42.614884,Berlin-a16c,38,31,Normal
2026-02-08 03:05:43.614884,Berlin-a16c,23,38,Normal
2026-02-08 03:05:44.614884,Berlin-a16c,37,4,Normal
2026-02-08 03:05:45.614884,Berlin-a16c,15,85,Normal
2026-02-08 03:05:46.614884,Berlin-a16c,30,96,Normal
2026-02-08 03:05:47.614884,Berlin-a16c,43,19,Normal
2026-02-08 03:05:48.614884,Berlin-a16c,26,62,Normal
2026-02-08 03:05:49.614884,Berlin-a16c,-9,14,Normal
2026-02-08 03:05:50.614884,Berlin-a16c,10,69,Normal
2026-02-08 03:05:51.614884,Berlin-a16c,6,64,Normal
2026-02-08 03:05:52.614884,Berlin-a16c,-27,27,Normal
2026-02-08 03:05:53.614884,Berlin-a16c,8,30,Normal
2026-02-08 03:05:54.614884,Berlin-a16c,-25,86,Normal
2026-02-08 03:05:55.614884,Berlin-a16c,-1,68,Normal
2026-02-08 03:05:56.614884,Berlin-a16c,49,30,Normal
2026-02-08 03:05:57.614884,Berlin-a16c,-1,45,Normal
2026-02-08 03:05:58.614884,Berlin-a16c,-9,37,Normal
2026-02-08 03:05:59.614884,Berlin-a16c,-16,23,Normal
2026-02-08 03:06:00.614884,Berlin-a16c,21,3,Normal
2026-02-08 03:06:01.614884,Berlin-a16c,29,95,Normal
2026-02-08 03:06:02.614884,Berlin-a16c,-15,94,Normal
2026-02-08 03:06:03.614884,Berlin-a16c,-18,33,Normal
2026-02-08 03:06:04.614884,Berlin-a16c,-18,28,Normal
2026-02-08 03:06:05.614884,Berlin-a16c,25,59,Normal
2026-02-08 03:06:06.614884,Berlin-a16c,17,19,Normal
2026-02-08 03:06:07.614884,Berlin-a16c,-4,21,Normal
2026-02-08 03:06:08.614884,Berlin-a16c,28,24,Normal
2026-02-08 03:06:09.614884,Berlin-a16c,-13,48,Normal
2026-02-08 03:06:10.614884,Berlin-a16c,-29,33,Normal
2026-02-08 03:06:11.614884,Berlin-a16c,38,77,Normal
2026-02-08 03:06:12.614884,Berlin-a16c,-30,3,Normal
2026-02-08 03:06:13.614884,Berlin-a16c,40,89,Normal
2026-02-08 03:06:14.614884,Berlin-a16c,34,43,Normal
2026-02-08 03:06:15.614884,Berlin-a16c,-13,39,Normal
2026-02-08 03:06:16.614884,Berlin-a16c,-11,79,Normal
2026-02-08 03:06:17.614884,Berlin-a16c,2,76,Normal
2026-02-08 03:06:18.614884,Berlin-a16c,-14,82,Normal
2026-02-08 03:06:19.614884,Berlin-a16c,-1,1,Normal
2026-02-08 03:06:20.614884,Berlin-a16c,37,19,Normal
2026-02-08 03:06:21.614884,Berlin-a16c,43,64,Normal
2026-02-08 03:06:22.614884,Berlin-a16c,-8,72,Normal
2026-02-08 03:06:23.614884,Berlin-a16c,37,91,Normal
2026-02-08 03:06:24.614884,Berlin-a16c,-26,16,Normal
2026-02-08 03:06:25.614884,Berlin-a16c,21,43,Normal
2026-02-08 03:06:26.614884,Berlin-a16c,41,79,Normal
2026-02-08 03:06:27.614884,Berlin-a16c,-8,95,Normal
2026-02-08 03:06:28.614884,Berlin-a16c,33,52,Normal
2026-02-08 03:06:29.614884,Berlin-a16c,47,33,Normal
2026-02-08 03:06:30.614884,Berlin-a16c,-25,76,Normal
2026-02-08 03:06:31.614884,Berlin-a16c,49,29,Normal
2026-02-08 03:06:32.614884,Berlin-a16c,24,9,Normal
2026-02-08 03:06:33.614884,Berlin-a16c,-8,84,Normal
2026-02-08 03:06:34.614884,Berlin-a16c,-15,15,Normal
2026-02-08 03:06:35.614884,Berlin-a16c,-10,67,Normal
2026-02-08 03:06:36.614884,Berlin-a16c,11,87,Normal
2026-02-08 03:06:37.614884,Berlin-a16c,-4,78,Normal
2026-02-08 03:06:38.614884,Berlin-a16c,-2,44,Normal
2026-02-08 03:06:39.614884,Berlin-a16c,10,22,Normal
2026-02-08 03:06:40.614884,Berlin-a16c,48,88,Normal
2026-02-08 03:06:41.614884,Berlin-a16c,1,3,Normal
2026-02-08 03:06:42.614884,Berlin-a16c,-4,3,Normal
2026-02-08 03:06:43.614884,Berlin-a16c,4,12,Normal
2026-02-08 03:06:44.614884,Berlin-a16c,33,96,Normal
2026-02-08 03:06:45.614884,Berlin-a16c,13,37,Normal
2026-02-08 03:06:46.614884,Berlin-a16c,35,10,Normal
2026-02-08 03:06:47.614884,Berlin-a16c,-2,22,Normal
2026-02-08 03:06:48.614884,Berlin-a16c,-29,76,Normal
2026-02-08 03:06:49.614884,Berlin-a16c,-15,33,Normal
2026-02-08 03:06:50.614884,Berlin-a16c,50,39,Normal
2026-02-08 03:06:51.614884,Berlin-a16c,-18,53,Normal
2026-02-08 03:06:52.614884,Berlin-a16c,42,20,Normal
2026-02-08 03:06:53.614884,Berlin-a16c,-12,11,Normal
2026-02-08 03:06:54.614884,Berlin-a16c,40,22,Normal
2026-02-08 03:06:55.614884,Berlin-a16c,15,94,Normal
2026-02-08 03:06:56.614884,Berlin-a16c,34,100,Normal
2026-02-08 03:06:57.614884,Berlin-a16c,44,8,Normal
2026-02-08 03:06:58.614884,Berlin-a16c,9,86,Normal
2026-02-08 03:06:59.614884,Berlin-a16c,-23,1,Normal
2026-02-08 03:07:00.614884,Berlin-a16c,41,87,Normal
2026-02-08 03:07:01.614884,Berlin-a16c,-8,49,Normal
2026-02-08 03:07:02.614884,Berlin-a16c,20,64,Normal
2026-02-08 03:07:03.614884,Berlin-a16c,2,66,Normal
2026-02-08 03:07:04.614884,Berlin-a16c,-8,7,Normal
2026-02-08 03:07:05.614884,Berlin-a16c,-23,50,Normal
2026-02-08 03:07:06.614884,Berlin-a16c,-19,6,Normal
2026-02-08 03:07:07.614884,Berlin-a16c,-12,17,Normal
2026-02-08 03:07:08.614884,Berlin-a16c,34,8,Normal
2026-02-08 03:07:09.614884,Berlin-a16c,-17,53,Normal
2026-02-08 03:07:10.614884,Berlin-a16c,28,38,Normal
2026-02-08 03:07:11.614884,Berlin-a16c,34,52,Normal
2026-02-08 03:07:12.614884,Berlin-a16c,16,23,Normal
2026-02-08 03:07:13.614884,Berlin-a16c,10,63,Normal
2026-02-08 03:07:14.614884,Berlin-a16c,-6,9,Normal
2026-02-08 03:07:15.614884,Berlin-a16c,34,98,Normal
2026-02-08 03:07:16.614884,Berlin-a16c,29,91,Normal
2026-02-08 03:07:17.614884,Berlin-a16c,15,39,Normal
2026-02-08 03:07:18.614884,Berlin-a16c,-7,50,Normal
2026-02-08 03:07:19.614884,Berlin-a16c,-30,67,Normal
2026-02-08 03:07:20.614884,Berlin-a16c,-5,18,Normal
2026-02-08 03:07:21.614884,Berlin-a16c,15,94,Normal
2026-02-08 03:07:22.614884,Berlin-a16c,7,99,Normal
2026-02-08 03:07:23.614884,Berlin-a16c,34,65,Normal
2026-02-08 03:07:24.614884,Berlin-a16c,-1,72,Normal
2026-02-08 03:07:25.614884,Berlin-a16c,24,54,Normal
2026-02-08 03:07:26.614884,Berlin-a16c,23,4,Normal
2026-02-08 03:07:27.614884,Berlin-a16c,46,93,Normal
2026-02-08 03:07:28.614884,Berlin-a16c,10,90,Normal
2026-02-08 03:07:29.614884,Berlin-a16c,2,77,Normal
2026-02-08 03:07:30.614884,Berlin-a16c,24,93,Normal
2026-02-08 03:07:31.614884,Berlin-a16c,-9,8,Normal
2026-02-08 03:07:32.614884,Berlin-a16c,-21,10,Normal
2026-02-08 03:07:33.614884,Berlin-a16c,44,83,Normal
2026-02-08 03:07:34.614884,Berlin-a16c,48,32,Normal
2026-02-08 03:07:35.614884,Berlin-a16c,-25,19,Normal
2026-02-08 03:07:36.614884,Berlin-a16c,49,29,Normal
2026-02-08 03:07:37.614884,Berlin-a16c,-25,79,Normal
2026-02-08 03:07:38.614884,Berlin-a16c,47,40,Normal
2026-02-08 03:07:39.614884,Berlin-a16c,14,88,Normal
2026-02-08 03:07:40.614884,Berlin-a16c,9,7,Normal
2026-02-08 03:07:41.614884,Berlin-a16c,16,42,Normal
2026-02-08 03:07:42.614884,Berlin-a16c,21,18,Normal
2026-02-08 03:07:43.614884,Berlin-a16c,40,38,Normal
2026-02-08 03:07:44.614884,Berlin-a16c,47,11,Normal
2026-02-08 03:07:45.614884,Berlin-a16c,38,57,Normal
2026-02-08 03:07:46.614884,Berlin-a16c,31,92,Normal
2026-02-08 03:07:47.614884,Berlin-a16c,22,18,Normal
2026-02-08 03:07:48.614884,Berlin-a16c,-1,96,Normal
2026-02-08 03:07:49.614884,Berlin-a16c,37,23,Normal
2026-02-08 03:07:50.614884,Berlin-a16c,48,35,Normal
2026-02-08 03:07:51.614884,Berlin-a16c,24,66,Normal
2026-02-08 03:07:52.614884,Berlin-a16c,-12,54,Normal
2026-02-08 03:07:53.614884,Berlin-a16c,-10,100,Normal
2026-02-08 03:07:54.614884,Berlin-a16c,-2,40,Normal
2026-02-08 03:07:55.614884,Berlin-a16c,28,80,Normal
2026-02-08 03:07:56.614884,Berlin-a16c,17,42,Normal
2026-02-08 03:07:57.614884,Berlin-a16c,33,9,Normal
2026-02-08 03:07:58.614884,Berlin-a16c,-4,45,Normal
2026-02-08 03:07:59.614884,Berlin-a16c,-28,70,Normal
2026-02-08 03:08:00.614884,Berlin-a16c,-16,76,Normal
2026-02-08 03:08:01.614884,Berlin-a16c,42,79,Normal
2026-02-08 03:08:02.614884,Berlin-a16c,0,8,Normal
2026-02-08 03:08:03.614884,Berlin-a16c,-25,7,Normal
2026-02-08 03:08:04.614884,Berlin-a16c,26,55,Normal
2026-02-08 03:08:05.614884,Berlin-a16c,-5,49,Normal
2026-02-08 03:08:06.614884,Berlin-a16c,29,1,Normal
2026-02-08 03:08:07.614884,Berlin-a16c,29,83,Normal
2026-02-08 03:08:08.614884,Berlin-a16c,46,8,Normal
2026-02-08 03:08:09.614884,Berlin-a16c,6,52,Normal
2026-02-08 03:08:10.614884,Berlin-a16c,-9,37,Normal
2026-02-08 03:08:11.614884,Berlin-a16c,2,56,Normal
2026-02-08 03:08:12.614884,Berlin-a16c,9,62,Normal
2026-02-08 03:08:13.614884,Berlin-a16c,32,75,Normal
2026-02-08 03:08:14.614884,Berlin-a16c,44,21,Normal
2026-02-08 03:08:15.614884,Berlin-a16c,11,26,Normal
2026-02-08 03:08:16.614884,Berlin-a16c,49,36,Normal
2026-02-08 03:08:17.614884,Berlin-a16c,2,87,Normal
2026-02-08 03:08:18.614884,Berlin-a16c,24,69,Normal
2026-02-08 03:08:19.614884,Berlin-a16c,17,38,Normal
2026-02-08 03:08:20.614884,Berlin-a16c,-30,63,Normal
2026-02-08 03:08:21.614884,Berlin-a16c,-17,71,Normal
2026-02-08 03:08:22.614884,Berlin-a16c,20,49,Normal
2026-02-08 03:08:23.614884,Berlin-a16c,-2,52,Normal
2026-02-08 03:08:24.614884,Berlin-a16c,2,39,Normal
2026-02-08 03:08:25.614884,Berlin-a16c,18,77,Normal
2026-02-08 03:08:26.614884,Berlin-a16c,49,18,Normal
2026-02-08 03:08:27.614884,Berlin-a16c,38,6,Normal
2026-02-08 03:08:28.614884,Berlin-a16c,-2,66,Normal
2026-02-08 03:08:29.614884,Berlin-a16c,37,87,Normal
2026-02-08 03:08:30.614884,Berlin-a16c,36,89,Normal
2026-02-08 03:08:31.614884,Berlin-a16c,4,62,Normal
2026-02-08 03:08:32.614884,Berlin-a16c,-18,5,Normal
2026-02-08 03:08:33.614884,Berlin-a16c,-24,96,Normal
2026-02-08 03:08:34.614884,Berlin-a16c,-14,73,Normal
2026-02-08 03:08:35.614884,Berlin-a16c,45,87,Normal
2026-02-08 03:08:36.614884,Berlin-a16c,10,21,Normal
2026-02-08 03:08:37.614884,Berlin-a16c,-28,19,Normal
2026-02-08 03:08:38.614884,Berlin-a16c,30,100,Normal
2026-02-08 03:08:39.614884,Berlin-a16c,13,45,Normal
2026-02-08 03:08:40.614884,Berlin-a16c,-9,65,Normal
2026-02-08 03:08:41.614884,Berlin-a16c,36,16,Normal
2026-02-08 03:08:42.614884,Berlin-a16c,28,62,Normal
2026-02-08 03:08:43.614884,Berlin-a16c,28,4,Normal
2026-02-08 03:08:44.614884,Berlin-a16c,-16,47,Normal
2026-02-08 03:08:45.614884,Berlin-a16c,48,88,Normal
2026-02-08 03:08:46.614884,Berlin-a16c,23,76,Normal
2026-02-08 03:08:47.614884,Berlin-a16c,46,43,Normal
2026-02-08 03:08:48.614884,Berlin-a16c,32,5,Normal
2026-02-08 03:08:49.614884,Berlin-a16c,41,84,Normal
2026-02-08 03:08:50.614884,Berlin-a16c,-14,27,Normal
2026-02-08 03:08:51.614884,Berlin-a16c,-3,27,Normal
2026-02-08 03:08:52.614884,Berlin-a16c,14,21,Normal
2026-02-08 03:08:53.614884,Berlin-a16c,-13,17,Normal
2026-02-08 03:08:54.614884,Berlin-a16c,18,46,Normal
2026-02-08 03:08:55.614884,Berlin-a16c,-2,16,Normal
2026-02-08 03:08:56.614884,Berlin-a16c,13,24,Normal
2026-02-08 03:08:57.614884,Berlin-a16c,33,79,Normal
2026-02-08 03:08:58.614884,Berlin-a16c,28,7,Normal
2026-02-08 03:08:59.614884,Berlin-a16c,44,41,Normal
2026-02-08 03:09:00.614884,Berlin-a16c,-30,17,Normal
2026-02-08 03:09:01.614884,Berlin-a16c,47,67,Normal
2026-02-08 03:09:02.614884,Berlin-a16c,-25,44,Normal
2026-02-08 03:09:03.614884,Berlin-a16c,34,5,Normal
2026-02-08 03:09:04.614884,Berlin-a16c,-18,42,Normal
2026-02-08 03:09:05.614884,Berlin-a16c,1,27,Normal
2026-02-08 03:09:06.614884,Berlin-a16c,-6,23,Normal
2026-02-08 03:09:07.614884,Berlin-a16c,15,84,Normal
2026-02-08 03:09:08.614884,Berlin-a16c,4,58,Normal
2026-02-08 03:09:09.614884,Berlin-a16c,40,96,Normal
2026-02-08 03:09:10.614884,Berlin-a16c,25,27,Normal
2026-02-08 03:09:11.614884,Berlin-a16c,29,6,Normal
2026-02-08 03:09:12.614884,Berlin-a16c,9,43,Normal
2026-02-08 03:09:13.614884,Berlin-a16c,22,71,Normal
2026-02-08 03:09:14.614884,Berlin-a16c,33,82,Normal
2026-02-08 03:09:15.614884,Berlin-a16c,15,67,Normal
2026-02-08 03:09:16.614884,Berlin-a16c,26,12,Normal
2026-02-08 03:09:17.614884,Berlin-a16c,38,63,Normal
2026-02-08 03:09:18.614884,Berlin-a16c,-24,29,Normal
2026-02-08 03:09:19.614884,Berlin-a16c,48,22,Normal
2026-02-08 03:09:20.614884,Berlin-a16c,-25,64,Normal
2026-02-08 03:09:21.614884,Berlin-a16c,45,14,Normal
2026-02-08 03:09:22.614884,Berlin-a16c,50,3,Normal
2026-02-08 03:09:23.614884,Berlin-a16c,-22,55,Normal
2026-02-08 03:09:24.614884,Berlin-a16c,-22,52,Normal
2026-02-08 03:09:25.614884,Berlin-a16c,-29,40,Normal
2026-02-08 03:09:26.614884,Berlin-a16c,38,42,Normal
2026-02-08 03:09:27.614884,Berlin-a16c,-12,52,Normal
2026-02-08 03:09:28.614884,Berlin-a16c,25,3,Normal
2026-02-08 03:09:29.614884,Berlin-a16c,-20,49,Normal
2026-02-08 03:09:30.614884,Berlin-a16c,19,22,Normal
2026-02-08 03:09:31.614884,Berlin-a16c,4,36,Normal
2026-02-08 03:09:32.614884,Berlin-a16c,24,34,Normal
2026-02-08 03:09:33.614884,Berlin-a16c,50,9,Normal
2026-02-08 03:09:34.614884,Berlin-a16c,-20,45,Normal
2026-02-08 03:09:35.614884,Berlin-a16c,46,73,Normal
2026-02-08 03:09:36.614884,Berlin-a16c,-30,92,Normal
2026-02-08 03:09:37.614884,Berlin-a16c,44,6,Normal
2026-02-08 03:09:38.614884,Berlin-a16c,17,61,Normal
2026-02-08 03:09:39.614884,Berlin-a16c,-1,47,Normal
2026-02-08 03:09:40.614884,Berlin-a16c,44,24,Normal
2026-02-08 03:09:41.614884,Berlin-a16c,33,32,Normal
2026-02-08 03:09:42.614884,Berlin-a16c,2,10,Normal
2026-02-08 03:09:43.614884,Berlin-a16c,9,25,Normal
2026-02-08 03:09:44.614884,Berlin-a16c,-8,10,Normal
2026-02-08 03:09:45.614884,Berlin-a16c,-25,9,Normal
2026-02-08 03:09:46.614884,Berlin-a16c,-16,83,Normal
2026-02-08 03:09:47.614884,Berlin-a16c,-28,76,Normal
2026-02-08 03:09:48.614884,Berlin-a16c,4,67,Normal
2026-02-08 03:09:49.614884,Berlin-a16c,-24,8,Normal
2026-02-08 03:09:50.614884,Berlin-a16c,12,50,Normal
2026-02-08 03:09:51.614884,Berlin-a16c,35,66,Normal
2026-02-08 03:09:52.614884,Berlin-a16c,47,63,Normal
2026-02-08 03:09:53.614884,Berlin-a16c,6,42,Normal
2026-02-08 03:09:54.614884,Berlin-a16c,-10,45,Normal
2026-02-08 03:09:55.614884,Berlin-a16c,2,75,Normal
2026-02-08 03:09:56.614884,Berlin-a16c,45,34,Normal
2026-02-08 03:09:57.614884,Berlin-a16c,41,30,Normal
2026-02-08 03:09:58.614884,Berlin-a16c,42,100,Normal
2026-02-08 03:09:59.614884,Berlin-a16c,-8,84,Normal
2026-02-08 03:10:00.614884,Berlin-a16c,46,74,Normal
2026-02-08 03:10:01.614884,Berlin-a16c,-7,97,Normal
2026-02-08 03:10:02.614884,Berlin-a16c,-13,52,Normal
2026-02-08 03:10:03.614884,Berlin-a16c,47,64,Normal
2026-02-08 03:10:04.614884,Berlin-a16c,6,35,Normal
2026-02-08 03:10:05.614884,Berlin-a16c,49,6,Normal
2026-02-08 03:10:06.614884,Berlin-a16c,-13,85,Normal
2026-02-08 03:10:07.614884,Berlin-a16c,-14,20,Normal
2026-02-08 03:10:08.614884,Berlin-a16c,17,59,Normal
2026-02-08 03:10:09.614884,Berlin-a16c,25,19,Normal
2026-02-08 03:10:10.614884,Berlin-a16c,39,11,Normal
2026-02-08 03:10:11.614884,Berlin-a16c,20,85,Normal
2026-02-08 03:10:12.614884,Berlin-a16c,-5,69,Normal
2026-02-08 03:10:13.614884,Berlin-a16c,-22,55,Normal
2026-02-08 03:10:14.614884,Berlin-a16c,-18,89,Normal
2026-02-08 03:10:15.614884,Berlin-a16c,0,24,Normal
2026-02-08 03:10:16.614884,Berlin-a16c,7,89,Normal
2026-02-08 03:10:17.614884,Berlin-a16c,-25,11,Normal
2026-02-08 03:10:18.614884,Berlin-a16c,-8,10,Normal
2026-02-08 03:10:19.614884,Berlin-a16c,33,61,Normal
2026-02-08 03:10:20.614884,Berlin-a16c,34,13,Normal
2026-02-08 03:10:21.614884,Berlin-a16c,-7,35,Normal
2026-02-08 03:10:22.614884,Berlin-a16c,31,77,Normal
2026-02-08 03:10:23.614884,Berlin-a16c,24,91,Normal
2026-02-08 03:10:24.614884,Berlin-a16c,-8,95,Normal
2026-02-08 03:10:25.614884,Berlin-a16c,49,95,Normal
2026-02-08 03:10:26.614884,Berlin-a16c,36,60,Normal
2026-02-08 03:10:27.614884,Berlin-a16c,26,18,Normal
2026-02-08 03:10:28.614884,Berlin-a16c,-20,94,Normal
2026-02-08 03:10:29.614884,Berlin-a16c,3,96,Normal
2026-02-08 03:10:30.614884,Berlin-a16c,-17,98,Normal
2026-02-08 03:10:31.614884,Berlin-a16c,43,18,Normal
2026-02-08 03:10:32.614884,Berlin-a16c,49,49,Normal
2026-02-08 03:10:33.614884,Berlin-a16c,6,29,Normal
2026-02-08 03:10:34.614884,Berlin-a16c,8,6,Normal
2026-02-08 03:10:35.614884,Berlin-a16c,-3,27,Normal
2026-02-08 03:10:36.614884,Berlin-a16c,48,18,Normal
2026-02-08 03:10:37.614884,Berlin-a16c,47,0,Normal
2026-02-08 03:10:38.614884,Berlin-a16c,11,50,Normal
2026-02-08 03:10:39.614884,Berlin-a16c,17,94,Normal
2026-02-08 03:10:40.614884,Berlin-a16c,16,35,Normal
2026-02-08 03:10:41.614884,Berlin-a16c,5,25,Normal
2026-02-08 03:10:42.614884,Berlin-a16c,17,36,Normal
2026-02-08 03:10:43.614884,Berlin-a16c,29,96,Normal
2026-02-08 03:10:44.614884,Berlin-a16c,22,0,Normal
2026-02-08 03:10:45.614884,Berlin-a16c,-9,26,Normal
2026-02-08 03:10:46.614884,Berlin-a16c,-11,15,Normal
2026-02-08 03:10:47.614884,Berlin-a16c,-19,97,Normal
2026-02-08 03:10:48.614884,Berlin-a16c,-26,88,Normal
2026-02-08 03:10:49.614884,Berlin-a16c,0,44,Normal
2026-02-08 03:10:50.614884,Berlin-a16c,22,4,Normal
2026-02-08 03:10:51.614884,Berlin-a16c,42,96,Normal
2026-02-08 03:10:52.614884,Berlin-a16c,-9,40,Normal
2026-02-08 03:10:53.614884,Berlin-a16c,-3,64,Normal
2026-02-08 03:10:54.614884,Berlin-a16c,-12,37,Normal
2026-02-08 03:10:55.614884,Berlin-a16c,-21,93,Normal
2026-02-08 03:10:56.614884,Berlin-a16c,-3,37,Normal
2026-02-08 03:10:57.614884,Berlin-a16c,-27,52,Normal
2026-02-08 03:10:58.614884,Berlin-a16c,33,89,Normal
2026-02-08 03:10:59.614884,Berlin-a16c,45,91,Normal
2026-02-08 03:11:00.614884,Berlin-a16c,44,20,Normal
2026-02-08 03:11:01.614884,Berlin-a16c,-25,31,Normal
2026-02-08 03:11:02.614884,Berlin-a16c,21,42,Normal
2026-02-08 03:11:03.614884,Berlin-a16c,-28,9,Normal
2026-02-08 03:11:04.614884,Berlin-a16c,-1,43,Normal
2026-02-08 03:11:05.614884,Berlin-a16c,4,74,Normal
2026-02-08 03:11:06.614884,Berlin-a16c,28,50,Normal
2026-02-08 03:11:07.614884,Berlin-a16c,6,7,Normal
2026-02-08 03:11:08.614884,Berlin-a16c,-12,22,Normal
2026-02-08 03:11:09.614884,Berlin-a16c,-28,73,Normal
2026-02-08 03:11:10.614884,Berlin-a16c,16,8,Normal
2026-02-08 03:11:11.614884,Berlin-a16c,10,51,Normal
2026-02-08 03:11:12.614884,Berlin-a16c,5,83,Normal
2026-02-08 03:11:13.614884,Berlin-a16c,0,49,Normal
2026-02-08 03:11:14.614884,Berlin-a16c,-25,81,Normal
2026-02-08 03:11:15.614884,Berlin-a16c,14,2,Normal
2026-02-08 03:11:16.614884,Berlin-a16c,0,28,Normal
2026-02-08 03:11:17.614884,Berlin-a16c,-13,8,Normal
2026-02-08 03:11:18.614884,Berlin-a16c,34,81,Normal
2026-02-08 03:11:19.614884,Berlin-a16c,-9,96,Normal
2026-02-08 03:11:20.614884,Berlin-a16c,50,29,Normal
2026-02-08 03:11:21.614884,Berlin-a16c,36,49,Normal
2026-02-08 03:11:22.614884,Berlin-a16c,47,44,Normal
2026-02-08 03:11:23.614884,Berlin-a16c,31,84,Normal
2026-02-08 03:11:24.614884,Berlin-a16c,42,70,Normal
2026-02-08 03:11:25.614884,Berlin-a16c,-27,93,Normal
2026-02-08 03:11:26.614884,Berlin-a16c,47,31,Normal
2026-02-08 03:11:27.614884,Berlin-a16c,27,95,Normal
2026-02-08 03:11:28.614884,Berlin-a16c,47,1,Normal
2026-02-08 03:11:29.614884,Berlin-a16c,-17,68,Normal
2026-02-08 03:11:30.614884,Berlin-a16c,-15,91,Normal
2026-02-08 03:11:31.614884,Berlin-a16c,-19,35,Normal
2026-02-08 03:11:32.614884,Berlin-a16c,12,2,Normal
2026-02-08 03:11:33.614884,Berlin-a16c,32,40,Normal
2026-02-08 03:11:34.614884,Berlin-a16c,14,42,Normal
2026-02-08 03:11:35.614884,Berlin-a16c,3,100,Normal
2026-02-08 03:11:36.614884,Berlin-a16c,-20,46,Normal
2026-02-08 03:11:37.614884,Berlin-a16c,-14,56,Normal
2026-02-08 03:11:38.614884,Berlin-a16c,3,52,Normal
2026-02-08 03:11:39.614884,Berlin-a16c,14,23,Normal
2026-02-08 03:11:40.614884,Berlin-a16c,-29,53,Normal
2026-02-08 03:11:41.614884,Berlin-a16c,12,17,Normal
2026-02-08 03:11:42.614884,Berlin-a16c,20,96,Normal
2026-02-08 03:11:43.614884,Berlin-a16c,0,58,Normal
2026-02-08 03:11:44.614884,Berlin-a16c,21,39,Normal
2026-02-08 03:11:45.614884,Berlin-a16c,5,77,Normal
2026-02-08 03:11:46.614884,Berlin-a16c,22,38,Normal
2026-02-08 03:11:47.614884,Berlin-a16c,-4,99,Normal
2026-02-08 03:11:48.614884,Berlin-a16c,45,68,Normal
2026-02-08 03:11:49.614884,Berlin-a16c,16,84,Normal
2026-02-08 03:11:50.614884,Berlin-a16c,-12,43,Normal
2026-02-08 03:11:51.614884,Berlin-a16c,-3,34,Normal
2026-02-08 03:11:52.614884,Berlin-a16c,-14,18,Normal
2026-02-08 03:11:53.614884,Berlin-a16c,13,19,Normal
2026-02-08 03:11:54.614884,Berlin-a16c,-23,8,Normal
2026-02-08 03:11:55.614884,Berlin-a16c,16,0,Normal
2026-02-08 03:11:56.614884,Berlin-a16c,16,92,Normal
2026-02-08 03:11:57.614884,Berlin-a16c,-7,52,Normal
2026-02-08 03:11:58.614884,Berlin-a16c,10,5,Normal
2026-02-08 03:11:59.614884,Berlin-a16c,11,31,Normal
2026-02-08 03:12:00.614884,Berlin-a16c,21,76,Normal
2026-02-08 03:12:01.614884,Berlin-a16c,6,79,Normal
2026-02-08 03:12:02.614884,Berlin-a16c,-21,93,Normal
2026-02-08 03:12:03.614884,Berlin-a16c,2,10,Normal
2026-02-08 03:12:04.614884,Berlin-a16c,27,79,Normal
2026-02-08 03:12:05.614884,Berlin-a16c,5,23,Normal
2026-02-08 03:12:06.614884,Berlin-a16c,-7,97,Normal
2026-02-08 03:12:07.614884,Berlin-a16c,-16,73,Normal
2026-02-08 03:12:08.614884,Berlin-a16c,19,73,Normal
2026-02-08 03:12:09.614884,Berlin-a16c,27,45,Normal
2026-02-08 03:12:10.614884,Berlin-a16c,42,39,Normal
2026-02-08 03:12:11.614884,Berlin-a16c,31,15,Normal
2026-02-08 03:12:12.614884,Berlin-a16c,22,62,Normal
2026-02-08 03:12:13.614884,Berlin-a16c,24,57,Normal
2026-02-08 03:12:14.614884,Berlin-a16c,10,65,Normal
2026-02-08 03:12:15.614884,Berlin-a16c,13,8,Normal
2026-02-08 03:12:16.614884,Berlin-a16c,49,37,Normal
2026-02-08 03:12:17.614884,Berlin-a16c,-3,50,Normal
2026-02-08 03:12:18.614884,Berlin-a16c,43,48,Normal
2026-02-08 03:12:19.614884,Berlin-a16c,17,30,Normal
2026-02-08 03:12:20.614884,Berlin-a16c,40,71,Normal
2026-02-08 03:12:21.614884,Berlin-a16c,-11,32,Normal
2026-02-08 03:12:22.614884,Berlin-a16c,28,85,Normal
2026-02-08 03:12:23.614884,Berlin-a16c,-3,27,Normal
2026-02-08 03:12:24.614884,Berlin-a16c,-22,20,Normal
2026-02-08 03:12:25.614884,Berlin-a16c,1,67,Normal
2026-02-08 03:12:26.614884,Berlin-a16c,-6,57,Normal
2026-02-08 03:12:27.614884,Berlin-a16c,-4,56,Normal
2026-02-08 03:12:28.614884,Berlin-a16c,34,8,Normal
2026-02-08 03:12:29.614884,Berlin-a16c,-16,58,Normal
2026-02-08 03:12:30.614884,Berlin-a16c,36,91,Normal
2026-02-08 03:12:31.614884,Berlin-a16c,39,80,Normal
2026-02-08 03:12:32.614884,Berlin-a16c,34,45,Normal
2026-02-08 03:12:33.614884,Berlin-a16c,6,18,Normal
2026-02-08 03:12:34.614884,Berlin-a16c,38,25,Normal
2026-02-08 03:12:35.614884,Berlin-a16c,41,66,Normal
2026-02-08 03:12:36.614884,Berlin-a16c,2,56,Normal
2026-02-08 03:12:37.614884,Berlin-a16c,35,55,Normal
2026-02-08 03:12:38.614884,Berlin-a16c,30,39,Normal
2026-02-08 03:12:39.614884,Berlin-a16c,-16,96,Normal
2026-02-08 03:12:40.614884,Berlin-a16c,16,59,Normal
2026-02-08 03:12:41.614884,Berlin-a16c,5,99,Normal
2026-02-08 03:12:42.614884,Berlin-a16c,20,29,Normal
2026-02-08 03:12:43.614884,Berlin-a16c,42,80,Normal
2026-02-08 03:12:44.614884,Berlin-a16c,-10,56,Normal
2026-02-08 03:12:45.614884,Berlin-a16c,-10,13,Normal
2026-02-08 03:12:46.614884,Berlin-a16c,-10,33,Normal
2026-02-08 03:12:47.614884,Berlin-a16c,30,15,Normal
2026-02-08 03:12:48.614884,Berlin-a16c,-14,26,Normal
2026-02-08 03:12:49.614884,Berlin-a16c,-27,74,Normal
2026-02-08 03:12:50.614884,Berlin-a16c,42,16,Normal
2026-02-08 03:12:51.614884,Berlin-a16c,13,63,Normal
2026-02-08 03:12:52.614884,Berlin-a16c,5,11,Normal
2026-02-08 03:12:53.614884,Berlin-a16c,-17,13,Normal
2026-02-08 03:12:54.614884,Berlin-a16c,39,66,Normal
2026-02-08 03:12:55.614884,Berlin-a16c,36,43,Normal
2026-02-08 03:12:56.614884,Berlin-a16c,-16,4,Normal
2026-02-08 03:12:57.614884,Berlin-a16c,21,99,Normal
2026-02-08 03:12:58.614884,Berlin-a16c,10,80,Normal
2026-02-08 03:12:59.614884,Berlin-a16c,33,84,Normal
2026-02-08 03:13:00.614884,Berlin-a16c,35,67,Normal
2026-02-08 03:13:01.614884,Berlin-a16c,-14,61,Normal
2026-02-08 03:13:02.614884,Berlin-a16c,18,37,Normal
2026-02-08 03:13:03.614884,Berlin-a16c,19,73,Normal
2026-02-08 03:13:04.614884,Berlin-a16c,6,85,Normal
2026-02-08 03:13:05.614884,Berlin-a16c,-5,14,Normal
2026-02-08 03:13:06.614884,Berlin-a16c,6,41,Normal
2026-02-08 03:13:07.614884,Berlin-a16c,44,53,Normal
2026-02-08 03:13:08.614884,Berlin-a16c,-15,23,Normal
2026-02-08 03:13:09.614884,Berlin-a16c,-15,54,Normal
2026-02-08 03:13:10.614884,Berlin-a16c,31,4,Normal
2026-02-08 03:13:11.614884,Berlin-a16c,0,53,Normal
2026-02-08 03:13:12.614884,Berlin-a16c,41,86,Normal
2026-02-08 03:13:13.614884,Berlin-a16c,-3,14,Normal
2026-02-08 03:13:14.614884,Berlin-a16c,-6,72,Normal
2026-02-08 03:13:15.614884,Berlin-a16c,23,97,Normal
2026-02-08 03:13:16.614884,Berlin-a16c,-28,14,Normal
2026-02-08 03:13:17.614884,Berlin-a16c,9,3,Normal
2026-02-08 03:13:18.614884,Berlin-a16c,25,27,Normal
2026-02-08 03:13:19.614884,Berlin-a16c,-9,60,Normal
2026-02-08 03:13:20.614884,Berlin-a16c,-9,15,Normal
2026-02-08 03:13:21.614884,Berlin-a16c,12,61,Normal
2026-02-08 03:13:22.614884,Berlin-a16c,42,24,Normal
2026-02-08 03:13:23.614884,Berlin-a16c,-23,90,Normal
2026-02-08 03:13:24.614884,Berlin-a16c,32,96,Normal
2026-02-08 03:13:25.614884,Berlin-a16c,34,43,Normal
2026-02-08 03:13:26.614884,Berlin-a16c,-16,74,Normal
2026-02-08 03:13:27.614884,Berlin-a16c,-20,4,Normal
2026-02-08 03:13:28.614884,Berlin-a16c,46,58,Normal
2026-02-08 03:13:29.614884,Berlin-a16c,-9,11,Normal
2026-02-08 03:13:30.614884,Berlin-a16c,-13,45,Normal
2026-02-08 03:13:31.614884,Berlin-a16c,34,33,Normal
2026-02-08 03:13:32.614884,Berlin-a16c,48,61,Normal
2026-02-08 03:13:33.614884,Berlin-a16c,47,23,Normal
2026-02-08 03:13:34.614884,Berlin-a16c,47,61,Normal
2026-02-08 03:13:35.614884,Berlin-a16c,8,7,Normal
2026-02-08 03:13:36.614884,Berlin-a16c,36,45,Normal
2026-02-08 03:13:37.614884,Berlin-a16c,-20,56,Normal
2026-02-08 03:13:38.614884,Berlin-a16c,37,1,Normal
2026-02-08 03:13:39.614884,Berlin-a16c,-5,45,Normal
2026-02-08 03:13:40.614884,Berlin-a16c,17,66,Normal
2026-02-08 03:13:41.614884,Berlin-a16c,3,22,Normal
2026-02-08 03:13:42.614884,Berlin-a16c,8,15,Normal
2026-02-08 03:13:43.614884,Berlin-a16c,50,27,Normal
2026-02-08 03:13:44.614884,Berlin-a16c,22,52,Normal
2026-02-08 03:13:45.614884,Berlin-a16c,6,37,Normal
2026-02-08 03:13:46.614884,Berlin-a16c,-25,15,Normal
2026-02-08 03:13:47.614884,Berlin-a16c,-25,39,Normal
2026-02-08 03:13:48.614884,Berlin-a16c,5,86,Normal
2026-02-08 03:13:49.614884,Berlin-a16c,37,42,Normal
2026-02-08 03:13:50.614884,Berlin-a16c,24,52,Normal
2026-02-08 03:13:51.614884,Berlin-a16c,-20,45,Normal
2026-02-08 03:13:52.614884,Berlin-a16c,-22,90,Normal
2026-02-08 03:13:53.614884,Berlin-a16c,40,67,Normal
2026-02-08 03:13:54.614884,Berlin-a16c,29,18,Normal
2026-02-08 03:13:55.614884,Berlin-a16c,22,67,Normal
2026-02-08 03:13:56.614884,Berlin-a16c,7,68,Normal
2026-02-08 03:13:57.614884,Berlin-a16c,14,75,Normal
2026-02-08 03:13:58.614884,Berlin-a16c,7,55,Normal
2026-02-08 03:13:59.614884,Berlin-a16c,38,79,Normal
2026-02-08 03:14:00.614884,Berlin-a16c,-20,54,Normal
2026-02-08 03:14:01.614884,Berlin-a16c,1,7,Normal
2026-02-08 03:14:02.614884,Berlin-a16c,49,74,Normal
2026-02-08 03:14:03.614884,Berlin-a16c,41,54,Normal
2026-02-08 03:14:04.614884,Berlin-a16c,41,97,Normal
2026-02-08 03:14:05.614884,Berlin-a16c,8,60,Normal
2026-02-08 03:14:06.614884,Berlin-a16c,-3,68,Normal
2026-02-08 03:14:07.614884,Berlin-a16c,39,45,Normal
2026-02-08 03:14:08.614884,Berlin-a16c,7,41,Normal
2026-02-08 03:14:09.614884,Berlin-a16c,19,83,Normal
2026-02-08 03:14:10.614884,Berlin-a16c,46,9,Normal
2026-02-08 03:14:11.614884,Berlin-a16c,-20,56,Normal
2026-02-08 03:14:12.614884,Berlin-a16c,30,47,Normal
2026-02-08 03:14:13.614884,Berlin-a16c,-9,68,Normal
2026-02-08 03:14:14.614884,Berlin-a16c,-8,4,Normal
2026-02-08 03:14:15.614884,Berlin-a16c,-22,25,Normal
2026-02-08 03:14:16.614884,Berlin-a16c,38,53,Normal
2026-02-08 03:14:17.614884,Berlin-a16c,36,22,Normal
2026-02-08 03:14:18.614884,Berlin-a16c,27,17,Normal
2026-02-08 03:14:19.614884,Berlin-a16c,45,18,Normal
2026-02-08 03:14:20.614884,Berlin-a16c,39,41,Normal
2026-02-08 03:14:21.614884,Berlin-a16c,3,48,Normal
2026-02-08 03:14:22.614884,Berlin-a16c,-22,71,Normal
2026-02-08 03:14:23.614884,Berlin-a16c,8,76,Normal
2026-02-08 03:14:24.614884,Berlin-a16c,50,55,Normal
2026-02-08 03:14:25.614884,Berlin-a16c,41,8,Normal
2026-02-08 03:14:26.614884,Berlin-a16c,-19,62,Normal
2026-02-08 03:14:27.614884,Berlin-a16c,25,4,Normal
2026-02-08 03:14:28.614884,Berlin-a16c,-14,89,Normal
2026-02-08 03:14:29.614884,Berlin-a16c,32,20,Normal
2026-02-08 03:14:30.614884,Berlin-a16c,7,46,Normal
2026-02-08 03:14:31.614884,Berlin-a16c,-29,89,Normal
2026-02-08 03:14:32.614884,Berlin-a16c,39,81,Normal
2026-02-08 03:14:33.614884,Berlin-a16c,38,84,Normal
2026-02-08 03:14:34.614884,Berlin-a16c,24,60,Normal
2026-02-08 03:14:35.614884,Berlin-a16c,41,60,Normal
2026-02-08 03:14:36.614884,Berlin-a16c,30,77,Normal
2026-02-08 03:14:37.614884,Berlin-a16c,-12,86,Normal
2026-02-08 03:14:38.614884,Berlin-a16c,-21,42,Normal
2026-02-08 03:14:39.614884,Berlin-a16c,50,31,Normal
2026-02-08 03:14:40.614884,Berlin-a16c,-18,88,Normal
2026-02-08 03:14:41.614884,Berlin-a16c,14,92,Normal
2026-02-08 03:14:42.614884,Berlin-a16c,-5,69,Normal
2026-02-08 03:14:43.614884,Berlin-a16c,0,7,Normal
2026-02-08 03:14:44.614884,Berlin-a16c,11,32,Normal
2026-02-08 03:14:45.614884,Berlin-a16c,0,98,Normal
2026-02-08 03:14:46.614884,Berlin-a16c,19,93,Normal
2026-02-08 03:14:47.614884,Berlin-a16c,12,23,Normal
2026-02-08 03:14:48.614884,Berlin-a16c,37,62,Normal
2026-02-08 03:14:49.614884,Berlin-a16c,-6,55,Normal
2026-02-08 03:14:50.614884,Berlin-a16c,-18,78,Normal
2026-02-08 03:14:51.614884,Berlin-a16c,7,15,Normal
2026-02-08 03:14:52.614884,Berlin-a16c,-24,78,Normal
2026-02-08 03:14:53.614884,Berlin-a16c,-20,30,Normal
2026-02-08 03:14:54.614884,Berlin-a16c,-25,39,Normal
2026-02-08 03:14:55.614884,Berlin-a16c,20,76,Normal
2026-02-08 03:14:56.614884,Berlin-a16c,-1,25,Normal
2026-02-08 03:14:57.614884,Berlin-a16c,28,69,Normal
2026-02-08 03:14:58.614884,Berlin-a16c,1,62,Normal
2026-02-08 03:14:59.614884,Berlin-a16c,27,1,Normal
2026-02-08 03:15:00.614884,Berlin-a16c,-3,99,Normal
2026-02-08 03:15:01.614884,Berlin-a16c,49,28,Normal
2026-02-08 03:15:02.614884,Berlin-a16c,1,76,Normal
2026-02-08 03:15:03.614884,Berlin-a16c,29,66,Normal
2026-02-08 03:15:04.614884,Berlin-a16c,-14,8,Normal
2026-02-08 03:15:05.614884,Berlin-a16c,-10,78,Normal
2026-02-08 03:15:06.614884,Berlin-a16c,12,54,Normal
2026-02-08 03:15:07.614884,Berlin-a16c,3,61,Normal
2026-02-08 03:15:08.614884,Berlin-a16c,-27,0,Normal
2026-02-08 03:15:09.614884,Berlin-a16c,-20,20,Normal
2026-02-08 03:15:10.614884,Berlin-a16c,8,92,Normal
2026-02-08 03:15:11.614884,Berlin-a16c,-25,71,Normal
2026-02-08 03:15:12.614884,Berlin-a16c,-4,68,Normal
2026-02-08 03:15:13.614884,Berlin-a16c,29,76,Normal
2026-02-08 03:15:14.614884,Berlin-a16c,28,98,Normal
2026-02-08 03:15:15.614884,Berlin-a16c,12,79,Normal
2026-02-08 03:15:16.614884,Berlin-a16c,-19,19,Normal
2026-02-08 03:15:17.614884,Berlin-a16c,-13,69,Normal
2026-02-08 03:15:18.614884,Berlin-a16c,25,38,Normal
2026-02-08 03:15:19.614884,Berlin-a16c,47,90,Normal
2026-02-08 03:15:20.614884,Berlin-a16c,4,84,Normal
2026-02-08 03:15:21.614884,Berlin-a16c,-20,75,Normal
2026-02-08 03:15:22.614884,Berlin-a16c,-17,89,Normal
2026-02-08 03:15:23.614884,Berlin-a16c,15,79,Normal
2026-02-08 03:15:24.614884,Berlin-a16c,-2,3,Normal
2026-02-08 03:15:25.614884,Berlin-a16c,29,100,Normal
2026-02-08 03:15:26.614884,Berlin-a16c,-15,77,Normal
2026-02-08 03:15:27.614884,Berlin-a16c,39,24,Normal
2026-02-08 03:15:28.614884,Berlin-a16c,-19,96,Normal
2026-02-08 03:15:29.614884,Berlin-a16c,36,34,Normal
2026-02-08 03:15:30.614884,Berlin-a16c,18,23,Normal
2026-02-08 03:15:31.614884,Berlin-a16c,20,31,Normal
2026-02-08 03:15:32.614884,Berlin-a16c,20,25,Normal
2026-02-08 03:15:33.614884,Berlin-a16c,40,59,Normal
2026-02-08 03:15:34.614884,Berlin-a16c,8,68,Normal
2026-02-08 03:15:35.614884,Berlin-a16c,16,15,Normal
2026-02-08 03:15:36.614884,Berlin-a16c,23,21,Normal
2026-02-08 03:15:37.614884,Berlin-a16c,33,62,Normal
2026-02-08 03:15:38.614884,Berlin-a16c,2,38,Normal
2026-02-08 03:15:39.614884,Berlin-a16c,38,22,Normal
2026-02-08 03:15:40.614884,Berlin-a16c,-25,40,Normal
2026-02-08 03:15:41.614884,Berlin-a16c,21,30,Normal
2026-02-08 03:15:42.614884,Berlin-a16c,1,13,Normal
2026-02-08 03:15:43.614884,Berlin-a16c,-25,8,Normal
2026-02-08 03:15:44.614884,Berlin-a16c,-19,87,Normal
2026-02-08 03:15:45.614884,Berlin-a16c,29,11,Normal
2026-02-08 03:15:46.614884,Berlin-a16c,-21,96,Normal
2026-02-08 03:15:47.614884,Berlin-a16c,38,23,Normal
2026-02-08 03:15:48.614884,Berlin-a16c,-19,88,Normal
2026-02-08 03:15:49.614884,Berlin-a16c,31,95,Normal
2026-02-08 03:15:50.614884,Berlin-a16c,45,9,Normal
2026-02-08 03:15:51.614884,Berlin-a16c,1,62,Normal
2026-02-08 03:15:52.614884,Berlin-a16c,-1,69,Normal
2026-02-08 03:15:53.614884,Berlin-a16c,-2,35,Normal
2026-02-08 03:15:54.614884,Berlin-a16c,37,33,Normal
2026-02-08 03:15:55.614884,Berlin-a16c,1,1,Normal
2026-02-08 03:15:56.614884,Berlin-a16c,-12,27,Normal
2026-02-08 03:15:57.614884,Berlin-a16c,-19,94,Normal
2026-02-08 03:15:58.614884,Berlin-a16c,49,65,Normal
2026-02-08 03:15:59.614884,Berlin-a16c,-2,27,Normal
2026-02-08 03:16:00.614884,Berlin-a16c,37,76,Normal
2026-02-08 03:16:01.614884,Berlin-a16c,16,12,Normal
2026-02-08 03:16:02.614884,Berlin-a16c,-23,79,Normal
2026-02-08 03:16:03.614884,Berlin-a16c,37,88,Normal
2026-02-08 03:16:04.614884,Berlin-a16c,-12,33,Normal
2026-02-08 03:16:05.614884,Berlin-a16c,-15,80,Normal
2026-02-08 03:16:06.614884,Berlin-a16c,4,39,Normal
2026-02-08 03:16:07.614884,Berlin-a16c,44,82,Normal
2026-02-08 03:16:08.614884,Berlin-a16c,22,61,Normal
2026-02-08 03:16:09.614884,Berlin-a16c,-11,81,Normal
2026-02-08 03:16:10.614884,Berlin-a16c,9,73,Normal
2026-02-08 03:16:11.614884,Berlin-a16c,-5,64,Normal
2026-02-08 03:16:12.614884,Berlin-a16c,-5,22,Normal
2026-02-08 03:16:13.614884,Berlin-a16c,-11,17,Normal
2026-02-08 03:16:14.614884,Berlin-a16c,-9,43,Normal
2026-02-08 03:16:15.614884,Berlin-a16c,14,89,Normal
2026-02-08 03:16:16.614884,Berlin-a16c,-17,77,Normal
2026-02-08 03:16:17.614884,Berlin-a16c,-27,49,Normal
2026-02-08 03:16:18.614884,Berlin-a16c,13,37,Normal
2026-02-08 03:16:19.614884,Berlin-a16c,3,74,Normal
2026-02-08 03:16:20.614884,Berlin-a16c,-14,26,Normal
2026-02-08 03:16:21.614884,Berlin-a16c,-10,27,Normal
2026-02-08 03:16:22.614884,Berlin-a16c,28,26,Normal
2026-02-08 03:16:23.614884,Berlin-a16c,45,21,Normal
2026-02-08 03:16:24.614884,Berlin-a16c,8,27,Normal
2026-02-08 03:16:25.614884,Berlin-a16c,-2,0,Normal
2026-02-08 03:16:26.614884,Berlin-a16c,-13,29,Normal
2026-02-08 03:16:27.614884,Berlin-a16c,-24,86,Normal
2026-02-08 03:16:28.614884,Berlin-a16c,27,90,Normal
2026-02-08 03:16:29.614884,Berlin-a16c,-24,53,Normal
2026-02-08 03:16:30.614884,Berlin-a16c,-11,97,Normal
2026-02-08 03:16:31.614884,Berlin-a16c,-15,30,Normal
2026-02-08 03:16:32.614884,Berlin-a16c,-15,46,Normal
2026-02-08 03:16:33.614884,Berlin-a16c,-27,97,Normal
2026-02-08 03:16:34.614884,Berlin-a16c,-10,65,Normal
2026-02-08 03:16:35.614884,Berlin-a16c,-15,44,Normal
2026-02-08 03:16:36.614884,Berlin-a16c,31,51,Normal
2026-02-08 03:16:37.614884,Berlin-a16c,45,12,Normal
2026-02-08 03:16:38.614884,Berlin-a16c,2,62,Normal
2026-02-08 03:16:39.614884,Berlin-a16c,-25,3,Normal
2026-02-08 03:16:40.614884,Berlin-a16c,-25,22,Normal
2026-02-08 03:16:41.614884,Berlin-a16c,46,40,Normal
2026-02-08 03:16:42.614884,Berlin-a16c,6,12,Normal
2026-02-08 03:16:43.614884,Berlin-a16c,-20,81,Normal
2026-02-08 03:16:44.614884,Berlin-a16c,9,35,Normal
2026-02-08 03:16:45.614884,Berlin-a16c,-13,9,Normal
2026-02-08 03:16:46.614884,Berlin-a16c,-11,51,Normal
2026-02-08 03:16:47.614884,Berlin-a16c,-4,56,Normal
2026-02-08 03:16:48.614884,Berlin-a16c,-17,43,Normal
2026-02-08 03:16:49.614884,Berlin-a16c,39,28,Normal
2026-02-08 03:16:50.614884,Berlin-a16c,43,82,Normal
2026-02-08 03:16:51.614884,Berlin-a16c,8,2,Normal
2026-02-08 03:16:52.614884,Berlin-a16c,-4,85,Normal
2026-02-08 03:16:53.614884,Berlin-a16c,11,41,Normal
2026-02-08 03:16:54.614884,Berlin-a16c,49,26,Normal
2026-02-08 03:16:55.614884,Berlin-a16c,17,2,Normal
2026-02-08 03:16:56.614884,Berlin-a16c,9,88,Normal
2026-02-08 03:16:57.614884,Berlin-a16c,29,87,Normal
2026-02-08 03:16:58.614884,Berlin-a16c,31,79,Normal
2026-02-08 03:16:59.614884,Berlin-a16c,33,78,Normal
2026-02-08 03:17:00.614884,Berlin-a16c,8,85,Normal
2026-02-08 03:17:01.614884,Berlin-a16c,-16,38,Normal
2026-02-08 03:17:02.614884,Berlin-a16c,16,68,Normal
2026-02-08 03:17:03.614884,Berlin-a16c,13,28,Normal
2026-02-08 03:17:04.614884,Berlin-a16c,34,66,Normal
2026-02-08 03:17:05.614884,Berlin-a16c,22,85,Normal
2026-02-08 03:17:06.614884,Berlin-a16c,6,100,Normal
2026-02-08 03:17:07.614884,Berlin-a16c,-3,20,Normal
2026-02-08 03:17:08.614884,Berlin-a16c,25,29,Normal
2026-02-08 03:17:09.614884,Berlin-a16c,44,64,Normal
2026-02-08 03:17:10.614884,Berlin-a16c,-11,59,Normal
2026-02-08 03:17:11.614884,Berlin-a16c,30,59,Normal
2026-02-08 03:17:12.614884,Berlin-a16c,38,25,Normal
2026-02-08 03:17:13.614884,Berlin-a16c,30,94,Normal
2026-02-08 03:17:14.614884,Berlin-a16c,11,91,Normal
2026-02-08 03:17:15.614884,Berlin-a16c,24,39,Normal
2026-02-08 03:17:16.614884,Berlin-a16c,24,47,Normal
2026-02-08 03:17:17.614884,Berlin-a16c,-2,42,Normal
2026-02-08 03:17:18.614884,Berlin-a16c,-5,76,Normal
2026-02-08 03:17:19.614884,Berlin-a16c,6,35,Normal
2026-02-08 03:17:20.614884,Berlin-a16c,-7,2,Normal
2026-02-08 03:17:21.614884,Berlin-a16c,-11,81,Normal
2026-02-08 03:17:22.614884,Berlin-a16c,15,67,Normal
2026-02-08 03:17:23.614884,Berlin-a16c,9,75,Normal
2026-02-08 03:17:24.614884,Berlin-a16c,-18,47,Normal
2026-02-08 03:17:25.614884,Berlin-a16c,-10,16,Normal
2026-02-08 03:17:26.614884,Berlin-a16c,45,85,Normal
2026-02-08 03:17:27.614884,Berlin-a16c,19,63,Normal
2026-02-08 03:17:28.614884,Berlin-a16c,45,1,Normal
2026-02-08 03:17:29.614884,Berlin-a16c,13,60,Normal
2026-02-08 03:17:30.614884,Berlin-a16c,-15,87,Normal
2026-02-08 03:17:31.614884,Berlin-a16c,-25,33,Normal
2026-02-08 03:17:32.614884,Berlin-a16c,48,62,Normal
2026-02-08 03:17:33.614884,Berlin-a16c,15,28,Normal
2026-02-08 03:17:34.614884,Berlin-a16c,2,54,Normal
2026-02-08 03:17:35.614884,Berlin-a16c,14,38,Normal
2026-02-08 03:17:36.614884,Berlin-a16c,-9,3,Normal
2026-02-08 03:17:37.614884,Berlin-a16c,-6,93,Normal
2026-02-08 03:17:38.614884,Berlin-a16c,15,64,Normal
2026-02-08 03:17:39.614884,Berlin-a16c,46,9,Normal
2026-02-08 03:17:40.614884,Berlin-a16c,28,25,Normal
2026-02-08 03:17:41.614884,Berlin-a16c,15,35,Normal
2026-02-08 03:17:42.614884,Berlin-a16c,-20,92,Normal
2026-02-08 03:17:43.614884,Berlin-a16c,28,11,Normal
2026-02-08 03:17:44.614884,Berlin-a16c,45,67,Normal
2026-02-08 03:17:45.614884,Berlin-a16c,-21,20,Normal
2026-02-08 03:17:46.614884,Berlin-a16c,-25,68,Normal
2026-02-08 03:17:47.614884,Berlin-a16c,8,69,Normal
2026-02-08 03:17:48.614884,Berlin-a16c,18,95,Normal
2026-02-08 03:17:49.614884,Berlin-a16c,6,5,Normal
2026-02-08 03:17:50.614884,Berlin-a16c,0,31,Normal
2026-02-08 03:17:51.614884,Berlin-a16c,0,44,Normal
2026-02-08 03:17:52.614884,Berlin-a16c,15,74,Normal
2026-02-08 03:17:53.614884,Berlin-a16c,-26,32,Normal
2026-02-08 03:17:54.614884,Berlin-a16c,10,28,Normal
2026-02-08 03:17:55.614884,Berlin-a16c,18,68,Normal
2026-02-08 03:17:56.614884,Berlin-a16c,11,22,Normal
2026-02-08 03:17:57.614884,Berlin-a16c,33,95,Normal
2026-02-08 03:17:58.614884,Berlin-a16c,8,77,Normal
2026-02-08 03:17:59.614884,Berlin-a16c,32,28,Normal
2026-02-08 03:18:00.614884,Berlin-a16c,-10,89,Normal
2026-02-08 03:18:01.614884,Berlin-a16c,2,26,Normal
2026-02-08 03:18:02.614884,Berlin-a16c,17,18,Normal
2026-02-08 03:18:03.614884,Berlin-a16c,11,69,Normal
2026-02-08 03:18:04.614884,Berlin-a16c,25,51,Normal
2026-02-08 03:18:05.614884,Berlin-a16c,-12,20,Normal
2026-02-08 03:18:06.614884,Berlin-a16c,12,56,Normal
2026-02-08 03:18:07.614884,Berlin-a16c,22,68,Normal
2026-02-08 03:18:08.614884,Berlin-a16c,-15,77,Normal
2026-02-08 03:18:09.614884,Berlin-a16c,-28,3,Normal
2026-02-08 03:18:10.614884,Berlin-a16c,-23,59,Normal
2026-02-08 03:18:11.614884,Berlin-a16c,-19,18,Normal
2026-02-08 03:18:12.614884,Berlin-a16c,46,15,Normal
2026-02-08 03:18:13.614884,Berlin-a16c,-15,37,Normal
2026-02-08 03:18:14.614884,Berlin-a16c,29,92,Normal
2026-02-08 03:18:15.614884,Berlin-a16c,-29,34,Normal
2026-02-08 03:18:16.614884,Berlin-a16c,7,60,Normal
2026-02-08 03:18:17.614884,Berlin-a16c,11,34,Normal
2026-02-08 03:18:18.614884,Berlin-a16c,45,3,Normal
2026-02-08 03:18:19.614884,Berlin-a16c,-24,22,Normal
2026-02-08 03:18:20.614884,Berlin-a16c,32,32,Normal
2026-02-08 03:18:21.614884,Berlin-a16c,-7,39,Normal
2026-02-08 03:18:22.614884,Berlin-a16c,24,25,Normal
2026-02-08 03:18:23.614884,Berlin-a16c,17,50,Normal
2026-02-08 03:18:24.614884,Berlin-a16c,9,21,Normal
2026-02-08 03:18:25.614884,Berlin-a16c,50,73,Normal
2026-02-08 03:18:26.614884,Berlin-a16c,35,26,Normal
2026-02-08 03:18:27.614884,Berlin-a16c,-16,7,Normal
2026-02-08 03:18:28.614884,Berlin-a16c,23,91,Normal
2026-02-08 03:18:29.614884,Berlin-a16c,38,75,Normal
2026-02-08 03:18:30.614884,Berlin-a16c,20,94,Normal
2026-02-08 03:18:31.614884,Berlin-a16c,-10,13,Normal
2026-02-08 03:18:32.614884,Berlin-a16c,48,85,Normal
2026-02-08 03:18:33.614884,Berlin-a16c,20,22,Normal
2026-02-08 03:18:34.614884,Berlin-a16c,27,46,Normal
2026-02-08 03:18:35.614884,Berlin-a16c,0,10,Normal
2026-02-08 03:18:36.614884,Berlin-a16c,39,83,Normal
2026-02-08 03:18:37.614884,Berlin-a16c,-2,22,Normal
2026-02-08 03:18:38.614884,Berlin-a16c,-30,97,Normal
2026-02-08 03:18:39.614884,Berlin-a16c,14,11,Normal
2026-02-08 03:18:40.614884,Berlin-a16c,-5,68,Normal
2026-02-08 03:18:41.614884,Berlin-a16c,-11,84,Normal
2026-02-08 03:18:42.614884,Berlin-a16c,36,54,Normal
2026-02-08 03:18:43.614884,Berlin-a16c,47,22,Normal
2026-02-08 03:18:44.614884,Berlin-a16c,17,22,Normal
2026-02-08 03:18:45.614884,Berlin-a16c,-7,79,Normal
2026-02-08 03:18:46.614884,Berlin-a16c,-1,57,Normal
2026-02-08 03:18:47.614884,Berlin-a16c,-9,50,Normal
2026-02-08 03:18:48.614884,Berlin-a16c,9,36,Normal
2026-02-08 03:18:49.614884,Berlin-a16c,-27,98,Normal
2026-02-08 03:18:50.614884,Berlin-a16c,41,24,Normal
2026-02-08 03:18:51.614884,Berlin-a16c,36,20,Normal
2026-02-08 03:18:52.614884,Berlin-a16c,-4,57,Normal
2026-02-08 03:18:53.614884,Berlin-a16c,3,42,Normal
2026-02-08 03:18:54.614884,Berlin-a16c,40,84,Normal
2026-02-08 03:18:55.614884,Berlin-a16c,21,82,Normal
2026-02-08 03:18:56.614884,Berlin-a16c,34,43,Normal
2026-02-08 03:18:57.614884,Berlin-a16c,15,13,Normal
2026-02-08 03:18:58.614884,Berlin-a16c,41,73,Normal
2026-02-08 03:18:59.614884,Berlin-a16c,-11,79,Normal
2026-02-08 03:19:00.614884,Berlin-a16c,-7,64,Normal
2026-02-08 03:19:01.614884,Berlin-a16c,17,70,Normal
2026-02-08 03:19:02.614884,Berlin-a16c,38,30,Normal
2026-02-08 03:19:03.614884,Berlin-a16c,15,54,Normal
2026-02-08 03:19:04.614884,Berlin-a16c,6,57,Normal
2026-02-08 03:19:05.614884,Berlin-a16c,32,49,Normal
2026-02-08 03:19:06.614884,Berlin-a16c,31,82,Normal
2026-02-08 03:19:07.614884,Berlin-a16c,8,90,Normal
2026-02-08 03:19:08.614884,Berlin-a16c,8,24,Normal
2026-02-08 03:19:09.614884,Berlin-a16c,11,0,Normal
2026-02-08 03:19:10.614884,Berlin-a16c,15,17,Normal
2026-02-08 03:19:11.614884,Berlin-a16c,23,96,Normal
2026-02-08 03:19:12.614884,Berlin-a16c,20,16,Normal
2026-02-08 03:19:13.614884,Berlin-a16c,28,83,Normal
2026-02-08 03:19:14.614884,Berlin-a16c,-28,32,Normal
2026-02-08 03:19:15.614884,Berlin-a16c,16,74,Normal
2026-02-08 03:19:16.614884,Berlin-a16c,38,44,Normal
2026-02-08 03:19:17.614884,Berlin-a16c,-13,19,Normal
2026-02-08 03:19:18.614884,Berlin-a16c,-10,81,Normal
2026-02-08 03:19:19.614884,Berlin-a16c,19,28,Normal
2026-02-08 03:19:20.614884,Berlin-a16c,34,35,Normal
2026-02-08 03:19:21.614884,Berlin-a16c,-1,6,Normal
2026-02-08 03:19:22.614884,Berlin-a16c,-19,71,Normal
2026-02-08 03:19:23.614884,Berlin-a16c,-16,4,Normal
2026-02-08 03:19:24.614884,Berlin-a16c,-15,80,Normal
2026-02-08 03:19:25.614884,Berlin-a16c,-18,92,Normal
2026-02-08 03:19:26.614884,Berlin-a16c,-9,48,Normal
2026-02-08 03:19:27.614884,Berlin-a16c,49,83,Normal
2026-02-08 03:19:28.614884,Berlin-a16c,-19,88,Normal
2026-02-08 03:19:29.614884,Berlin-a16c,12,86,Normal
2026-02-08 03:19:30.614884,Berlin-a16c,42,71,Normal
2026-02-08 03:19:31.614884,Berlin-a16c,30,27,Normal
2026-02-08 03:19:32.614884,Berlin-a16c,33,85,Normal
2026-02-08 03:19:33.614884,Berlin-a16c,-9,96,Normal
2026-02-08 03:19:34.614884,Berlin-a16c,0,64,Normal
2026-02-08 03:19:35.614884,Berlin-a16c,24,24,Normal
2026-02-08 03:19:36.614884,Berlin-a16c,-1,49,Normal
2026-02-08 03:19:37.614884,Berlin-a16c,-14,90,Normal
2026-02-08 03:19:38.614884,Berlin-a16c,-9,32,Normal
2026-02-08 03:19:39.614884,Berlin-a16c,12,51,Normal
2026-02-08 03:19:40.614884,Berlin-a16c,-5,31,Normal
2026-02-08 03:19:41.614884,Berlin-a16c,25,8,Normal
2026-02-08 03:19:42.614884,Berlin-a16c,41,82,Normal
2026-02-08 03:19:43.614884,Berlin-a16c,-16,74,Normal
2026-02-08 03:19:44.614884,Berlin-a16c,26,4,Normal
2026-02-08 03:19:45.614884,Berlin-a16c,8,5,Normal
2026-02-08 03:19:46.614884,Berlin-a16c,34,70,Normal
2026-02-08 03:19:47.614884,Berlin-a16c,-20,38,Normal
2026-02-08 03:19:48.614884,Berlin-a16c,25,38,Normal
2026-02-08 03:19:49.614884,Berlin-a16c,-24,97,Normal
2026-02-08 03:19:50.614884,Berlin-a16c,30,64,Normal
2026-02-08 03:19:51.614884,Berlin-a16c,18,58,Normal
2026-02-08 03:19:52.614884,Berlin-a16c,37,25,Normal
2026-02-08 03:19:53.614884,Berlin-a16c,48,5,Normal
2026-02-08 03:19:54.614884,Berlin-a16c,-10,64,Normal
2026-02-08 03:19:55.614884,Berlin-a16c,0,59,Normal
2026-02-08 03:19:56.614884,Berlin-a16c,-2,98,Normal
2026-02-08 03:19:57.614884,Berlin-a16c,2,80,Normal
2026-02-08 03:19:58.614884,Berlin-a16c,48,91,Normal
2026-02-08 03:19:59.614884,Berlin-a16c,-12,42,Normal
2026-02-08 03:20:00.614884,Berlin-a16c,48,55,Normal
2026-02-08 03:20:01.614884,Berlin-a16c,-8,73,Normal
2026-02-08 03:20:02.614884,Berlin-a16c,50,52,Normal
2026-02-08 03:20:03.614884,Berlin-a16c,-19,46,Normal
2026-02-08 03:20:04.614884,Berlin-a16c,-27,79,Normal
2026-02-08 03:20:05.614884,Berlin-a16c,5,4,Normal
2026-02-08 03:20:06.614884,Berlin-a16c,-8,76,Normal
2026-02-08 03:20:07.614884,Berlin-a16c,-29,0,Normal
2026-02-08 03:20:08.614884,Berlin-a16c,-2,90,Normal
2026-02-08 03:20:09.614884,Berlin-a16c,-24,45,Normal
2026-02-08 03:20:10.614884,Berlin-a16c,6,81,Normal
2026-02-08 03:20:11.614884,Berlin-a16c,46,27,Normal
2026-02-08 03:20:12.614884,Berlin-a16c,43,74,Normal
2026-02-08 03:20:13.614884,Berlin-a16c,-10,53,Normal
2026-02-08 03:20:14.614884,Berlin-a16c,40,38,Normal
2026-02-08 03:20:15.614884,Berlin-a16c,32,85,Normal
2026-02-08 03:20:16.614884,Berlin-a16c,-1,60,Normal
2026-02-08 03:20:17.614884,Berlin-a16c,-20,70,Normal
2026-02-08 03:20:18.614884,Berlin-a16c,-1,31,Normal
2026-02-08 03:20:19.614884,Berlin-a16c,-6,2,Normal
2026-02-08 03:20:20.614884,Berlin-a16c,4,3,Normal
2026-02-08 03:20:21.614884,Berlin-a16c,-29,3,Normal
2026-02-08 03:20:22.614884,Berlin-a16c,10,41,Normal
2026-02-08 03:20:23.614884,Berlin-a16c,-3,36,Normal
2026-02-08 03:20:24.614884,Berlin-a16c,31,83,Normal
2026-02-08 03:20:25.614884,Berlin-a16c,-23,25,Normal
2026-02-08 03:20:26.614884,Berlin-a16c,4,48,Normal
2026-02-08 03:20:27.614884,Berlin-a16c,5,96,Normal
2026-02-08 03:20:28.614884,Berlin-a16c,12,63,Normal
2026-02-08 03:20:29.614884,Berlin-a16c,21,44,Normal
2026-02-08 03:20:30.614884,Berlin-a16c,-7,75,Normal
2026-02-08 03:20:31.614884,Berlin-a16c,-1,53,Normal
2026-02-08 03:20:32.614884,Berlin-a16c,17,18,Normal
2026-02-08 03:20:33.614884,Berlin-a16c,-1,76,Normal
2026-02-08 03:20:34.614884,Berlin-a16c,13,79,Normal
2026-02-08 03:20:35.614884,Berlin-a16c,16,30,Normal
2026-02-08 03:20:36.614884,Berlin-a16c,21,90,Normal
2026-02-08 03:20:37.614884,Berlin-a16c,-13,14,Normal
2026-02-08 03:20:38.614884,Berlin-a16c,5,66,Normal
2026-02-08 03:20:39.614884,Berlin-a16c,-16,8,Normal
2026-02-08 03:20:40.614884,Berlin-a16c,-27,91,Normal
2026-02-08 03:20:41.614884,Berlin-a16c,-30,72,Normal
2026-02-08 03:20:42.614884,Berlin-a16c,-14,54,Normal
2026-02-08 03:20:43.614884,Berlin-a16c,-28,84,Normal
2026-02-08 03:20:44.614884,Berlin-a16c,-27,72,Normal
2026-02-08 03:20:45.614884,Berlin-a16c,-29,92,Normal
2026-02-08 03:20:46.614884,Berlin-a16c,48,60,Normal
2026-02-08 03:20:47.614884,Berlin-a16c,-23,89,Normal
2026-02-08 03:20:48.614884,Berlin-a16c,7,8,Normal
2026-02-08 03:20:49.614884,Berlin-a16c,-23,28,Normal
2026-02-08 03:20:50.614884,Berlin-a16c,6,59,Normal
2026-02-08 03:20:51.614884,Berlin-a16c,-14,78,Normal
2026-02-08 03:20:52.614884,Berlin-a16c,-18,23,Normal
2026-02-08 03:20:53.614884,Berlin-a16c,-12,5,Normal
2026-02-08 03:20:54.614884,Berlin-a16c,44,68,Normal
2026-02-08 03:20:55.614884,Berlin-a16c,-25,11,Normal
2026-02-08 03:20:56.614884,Berlin-a16c,29,88,Normal
2026-02-08 03:20:57.614884,Berlin-a16c,16,90,Normal
2026-02-08 03:20:58.614884,Berlin-a16c,-1,5,Normal
2026-02-08 03:20:59.614884,Berlin-a16c,10,73,Normal
2026-02-08 03:21:00.614884,Berlin-a16c,-9,21,Normal
2026-02-08 03:21:01.614884,Berlin-a16c,-12,9,Normal
2026-02-08 03:21:02.614884,Berlin-a16c,27,76,Normal
2026-02-08 03:21:03.614884,Berlin-a16c,7,43,Normal
2026-02-08 03:21:04.614884,Berlin-a16c,45,26,Normal
2026-02-08 03:21:05.614884,Berlin-a16c,-5,92,Normal
2026-02-08 03:21:06.614884,Berlin-a16c,49,65,Normal
2026-02-08 03:21:07.614884,Berlin-a16c,2,66,Normal
2026-02-08 03:21:08.614884,Berlin-a16c,-15,82,Normal
2026-02-08 03:21:09.614884,Berlin-a16c,44,16,Normal
2026-02-08 03:21:10.614884,Berlin-a16c,-29,89,Normal
2026-02-08 03:21:11.614884,Berlin-a16c,23,45,Normal
2026-02-08 03:21:12.614884,Berlin-a16c,11,31,Normal
2026-02-08 03:21:13.614884,Berlin-a16c,-17,84,Normal
2026-02-08 03:21:14.614884,Berlin-a16c,50,90,Normal
2026-02-08 03:21:15.614884,Berlin-a16c,49,38,Normal
2026-02-08 03:21:16.614884,Berlin-a16c,21,85,Normal
2026-02-08 03:21:17.614884,Berlin-a16c,-21,14,Normal
2026-02-08 03:21:18.614884,Berlin-a16c,-24,35,Normal
2026-02-08 03:21:19.614884,Berlin-a16c,-26,5,Normal
2026-02-08 03:21:20.614884,Berlin-a16c,25,23,Normal
2026-02-08 03:21:21.614884,Berlin-a16c,16,54,Normal
2026-02-08 03:21:22.614884,Berlin-a16c,49,1,Normal
2026-02-08 03:21:23.614884,Berlin-a16c,-4,43,Normal
2026-02-08 03:21:24.614884,Berlin-a16c,-23,84,Normal
2026-02-08 03:21:25.614884,Berlin-a16c,5,2,Normal
2026-02-08 03:21:26.614884,Berlin-a16c,5,61,Normal
2026-02-08 03:21:27.614884,Berlin-a16c,12,81,Normal
2026-02-08 03:21:28.614884,Berlin-a16c,31,30,Normal
2026-02-08 03:21:29.614884,Berlin-a16c,45,69,Normal
2026-02-08 03:21:30.614884,Berlin-a16c,25,52,Normal
2026-02-08 03:21:31.614884,Berlin-a16c,-27,39,Normal
2026-02-08 03:21:32.614884,Berlin-a16c,25,99,Normal
2026-02-08 03:21:33.614884,Berlin-a16c,-13,48,Normal
2026-02-08 03:21:34.614884,Berlin-a16c,28,35,Normal
2026-02-08 03:21:35.614884,Berlin-a16c,-10,35,Normal
2026-02-08 03:21:36.614884,Berlin-a16c,-7,40,Normal
2026-02-08 03:21:37.614884,Berlin-a16c,20,0,Normal
2026-02-08 03:21:38.614884,Berlin-a16c,-24,95,Normal
2026-02-08 03:21:39.614884,Berlin-a16c,43,38,Normal
2026-02-08 03:21:40.614884,Berlin-a16c,-28,98,Normal
2026-02-08 03:21:41.614884,Berlin-a16c,3,8,Normal
2026-02-08 03:21:42.614884,Berlin-a16c,19,53,Normal
2026-02-08 03:21:43.614884,Berlin-a16c,18,81,Normal
2026-02-08 03:21:44.614884,Berlin-a16c,4,100,Normal
2026-02-08 03:21:45.614884,Berlin-a16c,36,59,Normal
2026-02-08 03:21:46.614884,Berlin-a16c,23,20,Normal
2026-02-08 03:21:47.614884,Berlin-a16c,38,94,Normal
2026-02-08 03:21:48.614884,Berlin-a16c,-28,35,Normal
2026-02-08 03:21:49.614884,Berlin-a16c,-3,5,Normal
2026-02-08 03:21:50.614884,Berlin-a16c,-10,87,Normal
2026-02-08 03:21:51.614884,Berlin-a16c,30,3,Normal
2026-02-08 03:21:52.614884,Berlin-a16c,-4,66,Normal
2026-02-08 03:21:53.614884,Berlin-a16c,41,37,Normal
2026-02-08 03:21:54.614884,Berlin-a16c,26,66,Normal
2026-02-08 03:21:55.614884,Berlin-a16c,39,17,Normal
2026-02-08 03:21:56.614884,Berlin-a16c,44,91,Normal
2026-02-08 03:21:57.614884,Berlin-a16c,48,75,Normal
2026-02-08 03:21:58.614884,Berlin-a16c,-5,72,Normal
2026-02-08 03:21:59.614884,Berlin-a16c,43,96,Normal
2026-02-08 03:22:00.614884,Berlin-a16c,27,21,Normal
2026-02-08 03:22:01.614884,Berlin-a16c,23,2,Normal
2026-02-08 03:22:02.614884,Berlin-a16c,-18,90,Normal
2026-02-08 03:22:03.614884,Berlin-a16c,16,80,Normal
2026-02-08 03:22:04.614884,Berlin-a16c,44,43,Normal
2026-02-08 03:22:05.614884,Berlin-a16c,36,30,Normal
2026-02-08 03:22:06.614884,Berlin-a16c,27,63,Normal
2026-02-08 03:22:07.614884,Berlin-a16c,31,72,Normal
2026-02-08 03:22:08.614884,Berlin-a16c,13,19,Normal
2026-02-08 03:22:09.614884,Berlin-a16c,24,4,Normal
2026-02-08 03:22:10.614884,Berlin-a16c,46,98,Normal
2026-02-08 03:22:11.614884,Berlin-a16c,1,91,Normal
2026-02-08 03:22:12.614884,Berlin-a16c,44,13,Normal
2026-02-08 03:22:13.614884,Berlin-a16c,-30,25,Normal
2026-02-08 03:22:14.614884,Berlin-a16c,12,55,Normal
2026-02-08 03:22:15.614884,Berlin-a16c,10,90,Normal
2026-02-08 03:22:16.614884,Berlin-a16c,-1,59,Normal
2026-02-08 03:22:17.614884,Berlin-a16c,25,41,Normal
2026-02-08 03:22:18.614884,Berlin-a16c,-1,7,Normal
2026-02-08 03:22:19.614884,Berlin-a16c,7,93,Normal
2026-02-08 03:22:20.614884,Berlin-a16c,-9,21,Normal
2026-02-08 03:22:21.614884,Berlin-a16c,42,78,Normal
2026-02-08 03:22:22.614884,Berlin-a16c,-30,90,Normal
2026-02-08 03:22:23.614884,Berlin-a16c,15,85,Normal
2026-02-08 03:22:24.614884,Berlin-a16c,43,73,Normal
2026-02-08 03:22:25.614884,Berlin-a16c,22,26,Normal
2026-02-08 03:22:26.614884,Berlin-a16c,40,23,Normal
2026-02-08 03:22:27.614884,Berlin-a16c,41,94,Normal
2026-02-08 03:22:28.614884,Berlin-a16c,47,23,Normal
2026-02-08 03:22:29.614884,Berlin-a16c,38,11,Normal
2026-02-08 03:22:30.614884,Berlin-a16c,35,89,Normal
2026-02-08 03:22:31.614884,Berlin-a16c,-22,53,Normal
2026-02-08 03:22:32.614884,Berlin-a16c,35,87,Normal
2026-02-08 03:22:33.614884,Berlin-a16c,39,36,Normal
2026-02-08 03:22:34.614884,Berlin-a16c,34,85,Normal
2026-02-08 03:22:35.614884,Berlin-a16c,30,69,Normal
2026-02-08 03:22:36.614884,Berlin-a16c,30,71,Normal
2026-02-08 03:22:37.614884,Berlin-a16c,-13,46,Normal
2026-02-08 03:22:38.614884,Berlin-a16c,13,10,Normal
2026-02-08 03:22:39.614884,Berlin-a16c,-8,73,Normal
